2026/07/21 10:07:09 - mmengine - INFO - 
------------------------------------------------------------
System environment:
    sys.platform: linux
    Python: 3.8.10 (default, Jun  4 2021, 15:09:15) [GCC 7.5.0]
    CUDA available: True
    MUSA available: False
    numpy_random_seed: 2009193622
    GPU 0: NVIDIA GeForce RTX 3090
    CUDA_HOME: /usr/local/cuda
    NVCC: Cuda compilation tools, release 11.8, V11.8.89
    GCC: gcc (Ubuntu 9.4.0-1ubuntu1~20.04.1) 9.4.0
    PyTorch: 2.0.0+cu118
    PyTorch compiling details: PyTorch built with:
  - GCC 9.3
  - C++ Version: 201703
  - Intel(R) oneAPI Math Kernel Library Version 2022.2-Product Build 20220804 for Intel(R) 64 architecture applications
  - Intel(R) MKL-DNN v2.7.3 (Git Hash 6dbeffbae1f23cbbeae17adb7b5b13f1f37c080e)
  - OpenMP 201511 (a.k.a. OpenMP 4.5)
  - LAPACK is enabled (usually provided by MKL)
  - NNPACK is enabled
  - CPU capability usage: AVX2
  - CUDA Runtime 11.8
  - NVCC architecture flags: -gencode;arch=compute_37,code=sm_37;-gencode;arch=compute_50,code=sm_50;-gencode;arch=compute_60,code=sm_60;-gencode;arch=compute_70,code=sm_70;-gencode;arch=compute_75,code=sm_75;-gencode;arch=compute_80,code=sm_80;-gencode;arch=compute_86,code=sm_86;-gencode;arch=compute_90,code=sm_90
  - CuDNN 8.7
  - Magma 2.6.1
  - Build settings: BLAS_INFO=mkl, BUILD_TYPE=Release, CUDA_VERSION=11.8, CUDNN_VERSION=8.7.0, CXX_COMPILER=/opt/rh/devtoolset-9/root/usr/bin/c++, CXX_FLAGS= -D_GLIBCXX_USE_CXX11_ABI=0 -fabi-version=11 -Wno-deprecated -fvisibility-inlines-hidden -DUSE_PTHREADPOOL -DNDEBUG -DUSE_KINETO -DLIBKINETO_NOROCTRACER -DUSE_FBGEMM -DUSE_QNNPACK -DUSE_PYTORCH_QNNPACK -DUSE_XNNPACK -DSYMBOLICATE_MOBILE_DEBUG_HANDLE -O2 -fPIC -Wall -Wextra -Werror=return-type -Werror=non-virtual-dtor -Werror=bool-operation -Wnarrowing -Wno-missing-field-initializers -Wno-type-limits -Wno-array-bounds -Wno-unknown-pragmas -Wunused-local-typedefs -Wno-unused-parameter -Wno-unused-function -Wno-unused-result -Wno-strict-overflow -Wno-strict-aliasing -Wno-error=deprecated-declarations -Wno-stringop-overflow -Wno-psabi -Wno-error=pedantic -Wno-error=redundant-decls -Wno-error=old-style-cast -fdiagnostics-color=always -faligned-new -Wno-unused-but-set-variable -Wno-maybe-uninitialized -fno-math-errno -fno-trapping-math -Werror=format -Werror=cast-function-type -Wno-stringop-overflow, LAPACK_INFO=mkl, PERF_WITH_AVX=1, PERF_WITH_AVX2=1, PERF_WITH_AVX512=1, TORCH_DISABLE_GPU_ASSERTS=ON, TORCH_VERSION=2.0.0, USE_CUDA=ON, USE_CUDNN=ON, USE_EXCEPTION_PTR=1, USE_GFLAGS=OFF, USE_GLOG=OFF, USE_MKL=ON, USE_MKLDNN=ON, USE_MPI=OFF, USE_NCCL=1, USE_NNPACK=ON, USE_OPENMP=ON, USE_ROCM=OFF, 

    TorchVision: 0.15.1+cu118
    OpenCV: 4.13.0
    MMEngine: 0.10.7

Runtime environment:
    cudnn_benchmark: True
    mp_cfg: {'mp_start_method': 'fork', 'opencv_num_threads': 0}
    dist_cfg: {'backend': 'nccl'}
    seed: 2009193622
    Distributed launcher: none
    Distributed training: False
    GPU number: 1
------------------------------------------------------------

2026/07/21 10:07:09 - mmengine - INFO - Config:
act_cfg = dict(type='GELU')
class_weight = [
    0.8373,
    0.918,
    0.866,
    1.0345,
    1.0166,
    0.9969,
    0.9754,
    1.0489,
    0.8786,
    1.0023,
    0.9539,
    0.9843,
    1.1116,
    0.9037,
    1.0865,
    1.0955,
    1.0865,
    1.1529,
    1.0507,
]
crop_size = (
    512,
    1024,
)
data_preprocessor = dict(
    bgr_to_rgb=True,
    mean=[
        123.675,
        116.28,
        103.53,
    ],
    pad_val=0,
    seg_pad_val=255,
    size=(
        512,
        1024,
    ),
    std=[
        58.395,
        57.12,
        57.375,
    ],
    type='SegDataPreProcessor')
data_root = '/root/autodl-tmp/cityscapes'
dataset_type = 'CityscapesDataset'
default_hooks = dict(
    checkpoint=dict(
        by_epoch=False,
        file_client_args=None,
        interval=5000,
        max_keep_ckpts=1,
        save_best='mIoU',
        save_optimizer=False,
        type='CheckpointHook'),
    logger=dict(interval=100, log_metric_by_epoch=False, type='LoggerHook'),
    param_scheduler=dict(type='ParamSchedulerHook'),
    sampler_seed=dict(type='DistSamplerSeedHook'),
    timer=dict(type='IterTimerHook'),
    visualization=dict(type='SegVisualizationHook'))
default_scope = 'mmseg'
env_cfg = dict(
    cudnn_benchmark=True,
    dist_cfg=dict(backend='nccl'),
    mp_cfg=dict(mp_start_method='fork', opencv_num_threads=0))
img_ratios = [
    0.5,
    0.75,
    1.0,
    1.25,
    1.5,
    1.75,
]
iters = 160000
launcher = 'none'
load_from = None
log_level = 'INFO'
log_processor = dict(by_epoch=False)
model = dict(
    auxiliary_head=[
        dict(
            align_corners=False,
            channels=32,
            concat_input=False,
            in_channels=64,
            in_index=0,
            loss_decode=dict(
                loss_weight=1.0, type='CrossEntropyLoss', use_sigmoid=False),
            norm_cfg=dict(requires_grad=True, type='BN'),
            num_classes=19,
            num_convs=1,
            sampler=dict(min_kept=10000, thresh=0.7, type='OHEMPixelSampler'),
            type='FCNHead'),
    ],
    backbone=dict(
        act_cfg=dict(type='GELU'),
        channels=(
            16,
            32,
            64,
            128,
        ),
        in_channels=3,
        init_cfg=None,
        norm_cfg=dict(requires_grad=True, type='BN'),
        type='DSANet'),
    data_preprocessor=dict(
        bgr_to_rgb=True,
        mean=[
            123.675,
            116.28,
            103.53,
        ],
        pad_val=0,
        seg_pad_val=255,
        size=(
            512,
            1024,
        ),
        std=[
            58.395,
            57.12,
            57.375,
        ],
        type='SegDataPreProcessor'),
    decode_head=dict(
        act_cfg=dict(type='GELU'),
        channels=32,
        in_channels=32,
        in_index=1,
        init_cfg=None,
        loss_decode=[
            dict(
                class_weight=[
                    0.8373,
                    0.918,
                    0.866,
                    1.0345,
                    1.0166,
                    0.9969,
                    0.9754,
                    1.0489,
                    0.8786,
                    1.0023,
                    0.9539,
                    0.9843,
                    1.1116,
                    0.9037,
                    1.0865,
                    1.0955,
                    1.0865,
                    1.1529,
                    1.0507,
                ],
                loss_weight=1.0,
                min_kept=131072,
                thres=0.9,
                type='OhemCrossEntropy'),
        ],
        loss_detail_weight=1.0,
        norm_cfg=dict(requires_grad=True, type='BN'),
        num_classes=19,
        type='OHEM_HEAD'),
    pretrained=None,
    test_cfg=dict(mode='whole'),
    train_cfg=dict(),
    type='EncoderDecoder')
norm_cfg = dict(requires_grad=True, type='BN')
num_classes = 19
optim_wrapper = dict(
    clip_grad=None,
    optimizer=dict(lr=0.01, momentum=0.9, type='SGD', weight_decay=0.0005),
    type='OptimWrapper')
optimizer = dict(lr=0.01, momentum=0.9, type='SGD', weight_decay=0.0005)
param_scheduler = [
    dict(
        begin=0,
        by_epoch=False,
        end=2000,
        end_factor=1.0,
        start_factor=0.0001,
        type='LinearLR'),
    dict(
        begin=2000,
        by_epoch=False,
        end=160000,
        eta_min=1e-05,
        power=0.9,
        type='PolyLR'),
]
resume = False
test_cfg = dict(type='TestLoop')
test_dataloader = dict(
    batch_size=1,
    dataset=dict(
        data_prefix=dict(
            img_path='leftImg8bit/val', seg_map_path='gtFine/val'),
        data_root='/root/autodl-tmp/cityscapes',
        pipeline=[
            dict(type='LoadImageFromFile'),
            dict(keep_ratio=True, scale=(
                2048,
                1024,
            ), type='Resize'),
            dict(reduce_zero_label=False, type='LoadAnnotations'),
            dict(type='PackSegInputs'),
        ],
        type='CityscapesDataset'),
    num_workers=4,
    persistent_workers=True,
    sampler=dict(shuffle=False, type='DefaultSampler'))
test_evaluator = dict(
    iou_metrics=[
        'mIoU',
    ], type='IoUMetric')
test_pipeline = [
    dict(type='LoadImageFromFile'),
    dict(keep_ratio=True, scale=(
        2048,
        1024,
    ), type='Resize'),
    dict(reduce_zero_label=False, type='LoadAnnotations'),
    dict(type='PackSegInputs'),
]
train_cfg = dict(
    max_iters=160000, type='IterBasedTrainLoop', val_interval=5000)
train_dataloader = dict(
    batch_size=16,
    dataset=dict(
        data_prefix=dict(
            img_path='leftImg8bit/train', seg_map_path='gtFine/train'),
        data_root='/root/autodl-tmp/cityscapes',
        pipeline=[
            dict(type='LoadImageFromFile'),
            dict(reduce_zero_label=False, type='LoadAnnotations'),
            dict(
                keep_ratio=True,
                ratio_range=(
                    0.5,
                    2.0,
                ),
                scale=(
                    2048,
                    1024,
                ),
                type='RandomResize'),
            dict(
                cat_max_ratio=0.75, crop_size=(
                    512,
                    1024,
                ), type='RandomCrop'),
            dict(prob=0.5, type='RandomFlip'),
            dict(type='PhotoMetricDistortion'),
            dict(type='PackSegInputs'),
        ],
        type='CityscapesDataset'),
    num_workers=8,
    persistent_workers=True,
    sampler=dict(shuffle=True, type='InfiniteSampler'))
train_pipeline = [
    dict(type='LoadImageFromFile'),
    dict(reduce_zero_label=False, type='LoadAnnotations'),
    dict(
        keep_ratio=True,
        ratio_range=(
            0.5,
            2.0,
        ),
        scale=(
            2048,
            1024,
        ),
        type='RandomResize'),
    dict(cat_max_ratio=0.75, crop_size=(
        512,
        1024,
    ), type='RandomCrop'),
    dict(prob=0.5, type='RandomFlip'),
    dict(type='PhotoMetricDistortion'),
    dict(type='PackSegInputs'),
]
tta_model = dict(type='SegTTAModel')
tta_pipeline = [
    dict(backend_args=None, type='LoadImageFromFile'),
    dict(
        transforms=[
            [
                dict(keep_ratio=True, scale_factor=0.5, type='Resize'),
                dict(keep_ratio=True, scale_factor=0.75, type='Resize'),
                dict(keep_ratio=True, scale_factor=1.0, type='Resize'),
                dict(keep_ratio=True, scale_factor=1.25, type='Resize'),
                dict(keep_ratio=True, scale_factor=1.5, type='Resize'),
                dict(keep_ratio=True, scale_factor=1.75, type='Resize'),
            ],
            [
                dict(direction='horizontal', prob=0.0, type='RandomFlip'),
                dict(direction='horizontal', prob=1.0, type='RandomFlip'),
            ],
            [
                dict(type='LoadAnnotations'),
            ],
            [
                dict(type='PackSegInputs'),
            ],
        ],
        type='TestTimeAug'),
]
val_cfg = dict(type='ValLoop')
val_dataloader = dict(
    batch_size=2,
    dataset=dict(
        data_prefix=dict(
            img_path='leftImg8bit/val', seg_map_path='gtFine/val'),
        data_root='/root/autodl-tmp/cityscapes',
        pipeline=[
            dict(type='LoadImageFromFile'),
            dict(keep_ratio=True, scale=(
                2048,
                1024,
            ), type='Resize'),
            dict(reduce_zero_label=False, type='LoadAnnotations'),
            dict(type='PackSegInputs'),
        ],
        type='CityscapesDataset'),
    num_workers=4,
    persistent_workers=True,
    sampler=dict(shuffle=False, type='DefaultSampler'))
val_evaluator = dict(
    iou_metrics=[
        'mIoU',
    ], type='IoUMetric')
val_iters = 5000
val_pipeline = [
    dict(type='LoadImageFromFile'),
    dict(keep_ratio=True, scale=(
        2048,
        1024,
    ), type='Resize'),
    dict(reduce_zero_label=False, type='LoadAnnotations'),
    dict(type='PackSegInputs'),
]
vis_backends = [
    dict(type='LocalVisBackend'),
]
visualizer = dict(
    name='visualizer',
    type='SegLocalVisualizer',
    vis_backends=[
        dict(type='LocalVisBackend'),
    ])
warmup_iters = 2000
work_dir = './work_dirs/dsanet_cityscapes_512x1024'

2026/07/21 10:07:11 - mmengine - INFO - Distributed training is not used, all SyncBatchNorm (SyncBN) layers in the model will be automatically reverted to BatchNormXd layers if they are used.
2026/07/21 10:07:11 - mmengine - INFO - Hooks will be executed in the following order:
before_run:
(VERY_HIGH   ) RuntimeInfoHook                    
(BELOW_NORMAL) LoggerHook                         
 -------------------- 
before_train:
(VERY_HIGH   ) RuntimeInfoHook                    
(NORMAL      ) IterTimerHook                      
(VERY_LOW    ) CheckpointHook                     
 -------------------- 
before_train_epoch:
(VERY_HIGH   ) RuntimeInfoHook                    
(NORMAL      ) IterTimerHook                      
(NORMAL      ) DistSamplerSeedHook                
 -------------------- 
before_train_iter:
(VERY_HIGH   ) RuntimeInfoHook                    
(NORMAL      ) IterTimerHook                      
 -------------------- 
after_train_iter:
(VERY_HIGH   ) RuntimeInfoHook                    
(NORMAL      ) IterTimerHook                      
(BELOW_NORMAL) LoggerHook                         
(LOW         ) ParamSchedulerHook                 
(VERY_LOW    ) CheckpointHook                     
 -------------------- 
after_train_epoch:
(NORMAL      ) IterTimerHook                      
(LOW         ) ParamSchedulerHook                 
(VERY_LOW    ) CheckpointHook                     
 -------------------- 
before_val:
(VERY_HIGH   ) RuntimeInfoHook                    
 -------------------- 
before_val_epoch:
(NORMAL      ) IterTimerHook                      
 -------------------- 
before_val_iter:
(NORMAL      ) IterTimerHook                      
 -------------------- 
after_val_iter:
(NORMAL      ) IterTimerHook                      
(NORMAL      ) SegVisualizationHook               
(BELOW_NORMAL) LoggerHook                         
 -------------------- 
after_val_epoch:
(VERY_HIGH   ) RuntimeInfoHook                    
(NORMAL      ) IterTimerHook                      
(BELOW_NORMAL) LoggerHook                         
(LOW         ) ParamSchedulerHook                 
(VERY_LOW    ) CheckpointHook                     
 -------------------- 
after_val:
(VERY_HIGH   ) RuntimeInfoHook                    
 -------------------- 
after_train:
(VERY_HIGH   ) RuntimeInfoHook                    
(VERY_LOW    ) CheckpointHook                     
 -------------------- 
before_test:
(VERY_HIGH   ) RuntimeInfoHook                    
 -------------------- 
before_test_epoch:
(NORMAL      ) IterTimerHook                      
 -------------------- 
before_test_iter:
(NORMAL      ) IterTimerHook                      
 -------------------- 
after_test_iter:
(NORMAL      ) IterTimerHook                      
(NORMAL      ) SegVisualizationHook               
(BELOW_NORMAL) LoggerHook                         
 -------------------- 
after_test_epoch:
(VERY_HIGH   ) RuntimeInfoHook                    
(NORMAL      ) IterTimerHook                      
(BELOW_NORMAL) LoggerHook                         
 -------------------- 
after_test:
(VERY_HIGH   ) RuntimeInfoHook                    
 -------------------- 
after_run:
(BELOW_NORMAL) LoggerHook                         
 -------------------- 
2026/07/21 10:07:11 - mmengine - WARNING - The prefix is not set in metric class IoUMetric.
Name of parameter - Initialization information

backbone.cnn_stem.0.conv.weight - torch.Size([16, 3, 3, 3]): 
Initialized by user-defined `init_weights` in DSANet  

backbone.cnn_stem.0.bn.weight - torch.Size([16]): 
The value is the same before and after calling `init_weights` of EncoderDecoder  

backbone.cnn_stem.0.bn.bias - torch.Size([16]): 
The value is the same before and after calling `init_weights` of EncoderDecoder  

backbone.cnn_stem.1.conv.weight - torch.Size([16, 16, 1, 1]): 
Initialized by user-defined `init_weights` in DSANet  

backbone.cnn_stem.1.bn.weight - torch.Size([16]): 
The value is the same before and after calling `init_weights` of EncoderDecoder  

backbone.cnn_stem.1.bn.bias - torch.Size([16]): 
The value is the same before and after calling `init_weights` of EncoderDecoder  

backbone.cnn_stem.2.conv.weight - torch.Size([16, 16, 1, 1]): 
Initialized by user-defined `init_weights` in DSANet  

backbone.cnn_stem.2.bn.weight - torch.Size([16]): 
The value is the same before and after calling `init_weights` of EncoderDecoder  

backbone.cnn_stem.2.bn.bias - torch.Size([16]): 
The value is the same before and after calling `init_weights` of EncoderDecoder  

backbone.downsample_layer.0.conv3x3.conv.weight - torch.Size([16, 16, 3, 3]): 
Initialized by user-defined `init_weights` in DSANet  

backbone.downsample_layer.0.conv3x3out.conv.weight - torch.Size([32, 32, 3, 3]): 
Initialized by user-defined `init_weights` in DSANet  

backbone.downsample_layer.0.conv3x3out.bn.weight - torch.Size([32]): 
The value is the same before and after calling `init_weights` of EncoderDecoder  

backbone.downsample_layer.0.conv3x3out.bn.bias - torch.Size([32]): 
The value is the same before and after calling `init_weights` of EncoderDecoder  

backbone.downsample_layer.1.conv3x3.conv.weight - torch.Size([32, 32, 3, 3]): 
Initialized by user-defined `init_weights` in DSANet  

backbone.downsample_layer.1.conv3x3out.conv.weight - torch.Size([64, 64, 3, 3]): 
Initialized by user-defined `init_weights` in DSANet  

backbone.downsample_layer.1.conv3x3out.bn.weight - torch.Size([64]): 
The value is the same before and after calling `init_weights` of EncoderDecoder  

backbone.downsample_layer.1.conv3x3out.bn.bias - torch.Size([64]): 
The value is the same before and after calling `init_weights` of EncoderDecoder  

backbone.downsample_layer.2.conv3x3.conv.weight - torch.Size([64, 64, 3, 3]): 
Initialized by user-defined `init_weights` in DSANet  

backbone.downsample_layer.2.conv3x3out.conv.weight - torch.Size([128, 128, 3, 3]): 
Initialized by user-defined `init_weights` in DSANet  

backbone.downsample_layer.2.conv3x3out.bn.weight - torch.Size([128]): 
The value is the same before and after calling `init_weights` of EncoderDecoder  

backbone.downsample_layer.2.conv3x3out.bn.bias - torch.Size([128]): 
The value is the same before and after calling `init_weights` of EncoderDecoder  

backbone.LACB_layers1.0.aggregate_conv.conv.weight - torch.Size([32, 1, 3, 3]): 
Initialized by user-defined `init_weights` in DSANet  

backbone.LACB_layers1.0.aggregate_conv.bn.weight - torch.Size([32]): 
The value is the same before and after calling `init_weights` of EncoderDecoder  

backbone.LACB_layers1.0.aggregate_conv.bn.bias - torch.Size([32]): 
The value is the same before and after calling `init_weights` of EncoderDecoder  

backbone.LACB_layers1.0.conv3x3.conv.weight - torch.Size([32, 32, 3, 3]): 
Initialized by user-defined `init_weights` in DSANet  

backbone.LACB_layers1.0.conv3x3.bn.weight - torch.Size([32]): 
The value is the same before and after calling `init_weights` of EncoderDecoder  

backbone.LACB_layers1.0.conv3x3.bn.bias - torch.Size([32]): 
The value is the same before and after calling `init_weights` of EncoderDecoder  

backbone.LACB_layers1.0.pwconv.conv.weight - torch.Size([32, 32, 1, 1]): 
Initialized by user-defined `init_weights` in DSANet  

backbone.LACB_layers1.0.pwconv.bn.weight - torch.Size([32]): 
The value is the same before and after calling `init_weights` of EncoderDecoder  

backbone.LACB_layers1.0.pwconv.bn.bias - torch.Size([32]): 
The value is the same before and after calling `init_weights` of EncoderDecoder  

backbone.LACB_layers1.1.aggregate_conv.conv.weight - torch.Size([32, 1, 9, 9]): 
Initialized by user-defined `init_weights` in DSANet  

backbone.LACB_layers1.1.aggregate_conv.bn.weight - torch.Size([32]): 
The value is the same before and after calling `init_weights` of EncoderDecoder  

backbone.LACB_layers1.1.aggregate_conv.bn.bias - torch.Size([32]): 
The value is the same before and after calling `init_weights` of EncoderDecoder  

backbone.LACB_layers1.1.conv3x3.conv.weight - torch.Size([32, 32, 3, 3]): 
Initialized by user-defined `init_weights` in DSANet  

backbone.LACB_layers1.1.conv3x3.bn.weight - torch.Size([32]): 
The value is the same before and after calling `init_weights` of EncoderDecoder  

backbone.LACB_layers1.1.conv3x3.bn.bias - torch.Size([32]): 
The value is the same before and after calling `init_weights` of EncoderDecoder  

backbone.LACB_layers1.1.pwconv.conv.weight - torch.Size([32, 32, 1, 1]): 
Initialized by user-defined `init_weights` in DSANet  

backbone.LACB_layers1.1.pwconv.bn.weight - torch.Size([32]): 
The value is the same before and after calling `init_weights` of EncoderDecoder  

backbone.LACB_layers1.1.pwconv.bn.bias - torch.Size([32]): 
The value is the same before and after calling `init_weights` of EncoderDecoder  

backbone.LACB_layers1.2.aggregate_conv.conv.weight - torch.Size([32, 1, 15, 15]): 
Initialized by user-defined `init_weights` in DSANet  

backbone.LACB_layers1.2.aggregate_conv.bn.weight - torch.Size([32]): 
The value is the same before and after calling `init_weights` of EncoderDecoder  

backbone.LACB_layers1.2.aggregate_conv.bn.bias - torch.Size([32]): 
The value is the same before and after calling `init_weights` of EncoderDecoder  

backbone.LACB_layers1.2.conv3x3.conv.weight - torch.Size([32, 32, 3, 3]): 
Initialized by user-defined `init_weights` in DSANet  

backbone.LACB_layers1.2.conv3x3.bn.weight - torch.Size([32]): 
The value is the same before and after calling `init_weights` of EncoderDecoder  

backbone.LACB_layers1.2.conv3x3.bn.bias - torch.Size([32]): 
The value is the same before and after calling `init_weights` of EncoderDecoder  

backbone.LACB_layers1.2.pwconv.conv.weight - torch.Size([32, 32, 1, 1]): 
Initialized by user-defined `init_weights` in DSANet  

backbone.LACB_layers1.2.pwconv.bn.weight - torch.Size([32]): 
The value is the same before and after calling `init_weights` of EncoderDecoder  

backbone.LACB_layers1.2.pwconv.bn.bias - torch.Size([32]): 
The value is the same before and after calling `init_weights` of EncoderDecoder  

backbone.LACB_layers2.0.aggregate_conv.conv.weight - torch.Size([64, 1, 3, 3]): 
Initialized by user-defined `init_weights` in DSANet  

backbone.LACB_layers2.0.aggregate_conv.bn.weight - torch.Size([64]): 
The value is the same before and after calling `init_weights` of EncoderDecoder  

backbone.LACB_layers2.0.aggregate_conv.bn.bias - torch.Size([64]): 
The value is the same before and after calling `init_weights` of EncoderDecoder  

backbone.LACB_layers2.0.conv3x3.conv.weight - torch.Size([64, 64, 3, 3]): 
Initialized by user-defined `init_weights` in DSANet  

backbone.LACB_layers2.0.conv3x3.bn.weight - torch.Size([64]): 
The value is the same before and after calling `init_weights` of EncoderDecoder  

backbone.LACB_layers2.0.conv3x3.bn.bias - torch.Size([64]): 
The value is the same before and after calling `init_weights` of EncoderDecoder  

backbone.LACB_layers2.0.pwconv.conv.weight - torch.Size([64, 64, 1, 1]): 
Initialized by user-defined `init_weights` in DSANet  

backbone.LACB_layers2.0.pwconv.bn.weight - torch.Size([64]): 
The value is the same before and after calling `init_weights` of EncoderDecoder  

backbone.LACB_layers2.0.pwconv.bn.bias - torch.Size([64]): 
The value is the same before and after calling `init_weights` of EncoderDecoder  

backbone.LACB_layers2.1.aggregate_conv.conv.weight - torch.Size([64, 1, 9, 9]): 
Initialized by user-defined `init_weights` in DSANet  

backbone.LACB_layers2.1.aggregate_conv.bn.weight - torch.Size([64]): 
The value is the same before and after calling `init_weights` of EncoderDecoder  

backbone.LACB_layers2.1.aggregate_conv.bn.bias - torch.Size([64]): 
The value is the same before and after calling `init_weights` of EncoderDecoder  

backbone.LACB_layers2.1.conv3x3.conv.weight - torch.Size([64, 64, 3, 3]): 
Initialized by user-defined `init_weights` in DSANet  

backbone.LACB_layers2.1.conv3x3.bn.weight - torch.Size([64]): 
The value is the same before and after calling `init_weights` of EncoderDecoder  

backbone.LACB_layers2.1.conv3x3.bn.bias - torch.Size([64]): 
The value is the same before and after calling `init_weights` of EncoderDecoder  

backbone.LACB_layers2.1.pwconv.conv.weight - torch.Size([64, 64, 1, 1]): 
Initialized by user-defined `init_weights` in DSANet  

backbone.LACB_layers2.1.pwconv.bn.weight - torch.Size([64]): 
The value is the same before and after calling `init_weights` of EncoderDecoder  

backbone.LACB_layers2.1.pwconv.bn.bias - torch.Size([64]): 
The value is the same before and after calling `init_weights` of EncoderDecoder  

backbone.LACB_layers2.2.aggregate_conv.conv.weight - torch.Size([64, 1, 15, 15]): 
Initialized by user-defined `init_weights` in DSANet  

backbone.LACB_layers2.2.aggregate_conv.bn.weight - torch.Size([64]): 
The value is the same before and after calling `init_weights` of EncoderDecoder  

backbone.LACB_layers2.2.aggregate_conv.bn.bias - torch.Size([64]): 
The value is the same before and after calling `init_weights` of EncoderDecoder  

backbone.LACB_layers2.2.conv3x3.conv.weight - torch.Size([64, 64, 3, 3]): 
Initialized by user-defined `init_weights` in DSANet  

backbone.LACB_layers2.2.conv3x3.bn.weight - torch.Size([64]): 
The value is the same before and after calling `init_weights` of EncoderDecoder  

backbone.LACB_layers2.2.conv3x3.bn.bias - torch.Size([64]): 
The value is the same before and after calling `init_weights` of EncoderDecoder  

backbone.LACB_layers2.2.pwconv.conv.weight - torch.Size([64, 64, 1, 1]): 
Initialized by user-defined `init_weights` in DSANet  

backbone.LACB_layers2.2.pwconv.bn.weight - torch.Size([64]): 
The value is the same before and after calling `init_weights` of EncoderDecoder  

backbone.LACB_layers2.2.pwconv.bn.bias - torch.Size([64]): 
The value is the same before and after calling `init_weights` of EncoderDecoder  

backbone.LACB_layers2.3.aggregate_conv.conv.weight - torch.Size([64, 1, 21, 21]): 
Initialized by user-defined `init_weights` in DSANet  

backbone.LACB_layers2.3.aggregate_conv.bn.weight - torch.Size([64]): 
The value is the same before and after calling `init_weights` of EncoderDecoder  

backbone.LACB_layers2.3.aggregate_conv.bn.bias - torch.Size([64]): 
The value is the same before and after calling `init_weights` of EncoderDecoder  

backbone.LACB_layers2.3.conv3x3.conv.weight - torch.Size([64, 64, 3, 3]): 
Initialized by user-defined `init_weights` in DSANet  

backbone.LACB_layers2.3.conv3x3.bn.weight - torch.Size([64]): 
The value is the same before and after calling `init_weights` of EncoderDecoder  

backbone.LACB_layers2.3.conv3x3.bn.bias - torch.Size([64]): 
The value is the same before and after calling `init_weights` of EncoderDecoder  

backbone.LACB_layers2.3.pwconv.conv.weight - torch.Size([64, 64, 1, 1]): 
Initialized by user-defined `init_weights` in DSANet  

backbone.LACB_layers2.3.pwconv.bn.weight - torch.Size([64]): 
The value is the same before and after calling `init_weights` of EncoderDecoder  

backbone.LACB_layers2.3.pwconv.bn.bias - torch.Size([64]): 
The value is the same before and after calling `init_weights` of EncoderDecoder  

backbone.LACB_layers2.4.aggregate_conv.conv.weight - torch.Size([64, 1, 27, 27]): 
Initialized by user-defined `init_weights` in DSANet  

backbone.LACB_layers2.4.aggregate_conv.bn.weight - torch.Size([64]): 
The value is the same before and after calling `init_weights` of EncoderDecoder  

backbone.LACB_layers2.4.aggregate_conv.bn.bias - torch.Size([64]): 
The value is the same before and after calling `init_weights` of EncoderDecoder  

backbone.LACB_layers2.4.conv3x3.conv.weight - torch.Size([64, 64, 3, 3]): 
Initialized by user-defined `init_weights` in DSANet  

backbone.LACB_layers2.4.conv3x3.bn.weight - torch.Size([64]): 
The value is the same before and after calling `init_weights` of EncoderDecoder  

backbone.LACB_layers2.4.conv3x3.bn.bias - torch.Size([64]): 
The value is the same before and after calling `init_weights` of EncoderDecoder  

backbone.LACB_layers2.4.pwconv.conv.weight - torch.Size([64, 64, 1, 1]): 
Initialized by user-defined `init_weights` in DSANet  

backbone.LACB_layers2.4.pwconv.bn.weight - torch.Size([64]): 
The value is the same before and after calling `init_weights` of EncoderDecoder  

backbone.LACB_layers2.4.pwconv.bn.bias - torch.Size([64]): 
The value is the same before and after calling `init_weights` of EncoderDecoder  

backbone.LACB_layers3.0.aggregate_conv.conv.weight - torch.Size([128, 1, 3, 3]): 
Initialized by user-defined `init_weights` in DSANet  

backbone.LACB_layers3.0.aggregate_conv.bn.weight - torch.Size([128]): 
The value is the same before and after calling `init_weights` of EncoderDecoder  

backbone.LACB_layers3.0.aggregate_conv.bn.bias - torch.Size([128]): 
The value is the same before and after calling `init_weights` of EncoderDecoder  

backbone.LACB_layers3.0.conv3x3.conv.weight - torch.Size([128, 128, 3, 3]): 
Initialized by user-defined `init_weights` in DSANet  

backbone.LACB_layers3.0.conv3x3.bn.weight - torch.Size([128]): 
The value is the same before and after calling `init_weights` of EncoderDecoder  

backbone.LACB_layers3.0.conv3x3.bn.bias - torch.Size([128]): 
The value is the same before and after calling `init_weights` of EncoderDecoder  

backbone.LACB_layers3.0.pwconv.conv.weight - torch.Size([128, 128, 1, 1]): 
Initialized by user-defined `init_weights` in DSANet  

backbone.LACB_layers3.0.pwconv.bn.weight - torch.Size([128]): 
The value is the same before and after calling `init_weights` of EncoderDecoder  

backbone.LACB_layers3.0.pwconv.bn.bias - torch.Size([128]): 
The value is the same before and after calling `init_weights` of EncoderDecoder  

backbone.LACB_layers3.1.aggregate_conv.conv.weight - torch.Size([128, 1, 9, 9]): 
Initialized by user-defined `init_weights` in DSANet  

backbone.LACB_layers3.1.aggregate_conv.bn.weight - torch.Size([128]): 
The value is the same before and after calling `init_weights` of EncoderDecoder  

backbone.LACB_layers3.1.aggregate_conv.bn.bias - torch.Size([128]): 
The value is the same before and after calling `init_weights` of EncoderDecoder  

backbone.LACB_layers3.1.conv3x3.conv.weight - torch.Size([128, 128, 3, 3]): 
Initialized by user-defined `init_weights` in DSANet  

backbone.LACB_layers3.1.conv3x3.bn.weight - torch.Size([128]): 
The value is the same before and after calling `init_weights` of EncoderDecoder  

backbone.LACB_layers3.1.conv3x3.bn.bias - torch.Size([128]): 
The value is the same before and after calling `init_weights` of EncoderDecoder  

backbone.LACB_layers3.1.pwconv.conv.weight - torch.Size([128, 128, 1, 1]): 
Initialized by user-defined `init_weights` in DSANet  

backbone.LACB_layers3.1.pwconv.bn.weight - torch.Size([128]): 
The value is the same before and after calling `init_weights` of EncoderDecoder  

backbone.LACB_layers3.1.pwconv.bn.bias - torch.Size([128]): 
The value is the same before and after calling `init_weights` of EncoderDecoder  

backbone.LACB_layers3.2.aggregate_conv.conv.weight - torch.Size([128, 1, 15, 15]): 
Initialized by user-defined `init_weights` in DSANet  

backbone.LACB_layers3.2.aggregate_conv.bn.weight - torch.Size([128]): 
The value is the same before and after calling `init_weights` of EncoderDecoder  

backbone.LACB_layers3.2.aggregate_conv.bn.bias - torch.Size([128]): 
The value is the same before and after calling `init_weights` of EncoderDecoder  

backbone.LACB_layers3.2.conv3x3.conv.weight - torch.Size([128, 128, 3, 3]): 
Initialized by user-defined `init_weights` in DSANet  

backbone.LACB_layers3.2.conv3x3.bn.weight - torch.Size([128]): 
The value is the same before and after calling `init_weights` of EncoderDecoder  

backbone.LACB_layers3.2.conv3x3.bn.bias - torch.Size([128]): 
The value is the same before and after calling `init_weights` of EncoderDecoder  

backbone.LACB_layers3.2.pwconv.conv.weight - torch.Size([128, 128, 1, 1]): 
Initialized by user-defined `init_weights` in DSANet  

backbone.LACB_layers3.2.pwconv.bn.weight - torch.Size([128]): 
The value is the same before and after calling `init_weights` of EncoderDecoder  

backbone.LACB_layers3.2.pwconv.bn.bias - torch.Size([128]): 
The value is the same before and after calling `init_weights` of EncoderDecoder  

backbone.LACB_layers3.3.aggregate_conv.conv.weight - torch.Size([128, 1, 21, 21]): 
Initialized by user-defined `init_weights` in DSANet  

backbone.LACB_layers3.3.aggregate_conv.bn.weight - torch.Size([128]): 
The value is the same before and after calling `init_weights` of EncoderDecoder  

backbone.LACB_layers3.3.aggregate_conv.bn.bias - torch.Size([128]): 
The value is the same before and after calling `init_weights` of EncoderDecoder  

backbone.LACB_layers3.3.conv3x3.conv.weight - torch.Size([128, 128, 3, 3]): 
Initialized by user-defined `init_weights` in DSANet  

backbone.LACB_layers3.3.conv3x3.bn.weight - torch.Size([128]): 
The value is the same before and after calling `init_weights` of EncoderDecoder  

backbone.LACB_layers3.3.conv3x3.bn.bias - torch.Size([128]): 
The value is the same before and after calling `init_weights` of EncoderDecoder  

backbone.LACB_layers3.3.pwconv.conv.weight - torch.Size([128, 128, 1, 1]): 
Initialized by user-defined `init_weights` in DSANet  

backbone.LACB_layers3.3.pwconv.bn.weight - torch.Size([128]): 
The value is the same before and after calling `init_weights` of EncoderDecoder  

backbone.LACB_layers3.3.pwconv.bn.bias - torch.Size([128]): 
The value is the same before and after calling `init_weights` of EncoderDecoder  

backbone.LACB_layers3.4.aggregate_conv.conv.weight - torch.Size([128, 1, 27, 27]): 
Initialized by user-defined `init_weights` in DSANet  

backbone.LACB_layers3.4.aggregate_conv.bn.weight - torch.Size([128]): 
The value is the same before and after calling `init_weights` of EncoderDecoder  

backbone.LACB_layers3.4.aggregate_conv.bn.bias - torch.Size([128]): 
The value is the same before and after calling `init_weights` of EncoderDecoder  

backbone.LACB_layers3.4.conv3x3.conv.weight - torch.Size([128, 128, 3, 3]): 
Initialized by user-defined `init_weights` in DSANet  

backbone.LACB_layers3.4.conv3x3.bn.weight - torch.Size([128]): 
The value is the same before and after calling `init_weights` of EncoderDecoder  

backbone.LACB_layers3.4.conv3x3.bn.bias - torch.Size([128]): 
The value is the same before and after calling `init_weights` of EncoderDecoder  

backbone.LACB_layers3.4.pwconv.conv.weight - torch.Size([128, 128, 1, 1]): 
Initialized by user-defined `init_weights` in DSANet  

backbone.LACB_layers3.4.pwconv.bn.weight - torch.Size([128]): 
The value is the same before and after calling `init_weights` of EncoderDecoder  

backbone.LACB_layers3.4.pwconv.bn.bias - torch.Size([128]): 
The value is the same before and after calling `init_weights` of EncoderDecoder  

backbone.LACB_layers3.5.aggregate_conv.conv.weight - torch.Size([128, 1, 33, 33]): 
Initialized by user-defined `init_weights` in DSANet  

backbone.LACB_layers3.5.aggregate_conv.bn.weight - torch.Size([128]): 
The value is the same before and after calling `init_weights` of EncoderDecoder  

backbone.LACB_layers3.5.aggregate_conv.bn.bias - torch.Size([128]): 
The value is the same before and after calling `init_weights` of EncoderDecoder  

backbone.LACB_layers3.5.conv3x3.conv.weight - torch.Size([128, 128, 3, 3]): 
Initialized by user-defined `init_weights` in DSANet  

backbone.LACB_layers3.5.conv3x3.bn.weight - torch.Size([128]): 
The value is the same before and after calling `init_weights` of EncoderDecoder  

backbone.LACB_layers3.5.conv3x3.bn.bias - torch.Size([128]): 
The value is the same before and after calling `init_weights` of EncoderDecoder  

backbone.LACB_layers3.5.pwconv.conv.weight - torch.Size([128, 128, 1, 1]): 
Initialized by user-defined `init_weights` in DSANet  

backbone.LACB_layers3.5.pwconv.bn.weight - torch.Size([128]): 
The value is the same before and after calling `init_weights` of EncoderDecoder  

backbone.LACB_layers3.5.pwconv.bn.bias - torch.Size([128]): 
The value is the same before and after calling `init_weights` of EncoderDecoder  

backbone.LACB_layers3.6.aggregate_conv.conv.weight - torch.Size([128, 1, 39, 39]): 
Initialized by user-defined `init_weights` in DSANet  

backbone.LACB_layers3.6.aggregate_conv.bn.weight - torch.Size([128]): 
The value is the same before and after calling `init_weights` of EncoderDecoder  

backbone.LACB_layers3.6.aggregate_conv.bn.bias - torch.Size([128]): 
The value is the same before and after calling `init_weights` of EncoderDecoder  

backbone.LACB_layers3.6.conv3x3.conv.weight - torch.Size([128, 128, 3, 3]): 
Initialized by user-defined `init_weights` in DSANet  

backbone.LACB_layers3.6.conv3x3.bn.weight - torch.Size([128]): 
The value is the same before and after calling `init_weights` of EncoderDecoder  

backbone.LACB_layers3.6.conv3x3.bn.bias - torch.Size([128]): 
The value is the same before and after calling `init_weights` of EncoderDecoder  

backbone.LACB_layers3.6.pwconv.conv.weight - torch.Size([128, 128, 1, 1]): 
Initialized by user-defined `init_weights` in DSANet  

backbone.LACB_layers3.6.pwconv.bn.weight - torch.Size([128]): 
The value is the same before and after calling `init_weights` of EncoderDecoder  

backbone.LACB_layers3.6.pwconv.bn.bias - torch.Size([128]): 
The value is the same before and after calling `init_weights` of EncoderDecoder  

backbone.scd.outconv.conv.weight - torch.Size([32, 224, 1, 1]): 
Initialized by user-defined `init_weights` in DSANet  

backbone.scd.outconv.bn.weight - torch.Size([32]): 
The value is the same before and after calling `init_weights` of EncoderDecoder  

backbone.scd.outconv.bn.bias - torch.Size([32]): 
The value is the same before and after calling `init_weights` of EncoderDecoder  

decode_head.conv_seg.weight - torch.Size([19, 32, 1, 1]): 
Initialized by user-defined `init_weights` in OHEM_HEAD  

decode_head.conv_seg.bias - torch.Size([19]): 
The value is the same before and after calling `init_weights` of EncoderDecoder  

decode_head.ohemhead.conv.conv.weight - torch.Size([32, 32, 3, 3]): 
Initialized by user-defined `init_weights` in OHEM_HEAD  

decode_head.ohemhead.conv.bn.weight - torch.Size([32]): 
The value is the same before and after calling `init_weights` of EncoderDecoder  

decode_head.ohemhead.conv.bn.bias - torch.Size([32]): 
The value is the same before and after calling `init_weights` of EncoderDecoder  

decode_head.ohemhead.norm.weight - torch.Size([32]): 
The value is the same before and after calling `init_weights` of EncoderDecoder  

decode_head.ohemhead.norm.bias - torch.Size([32]): 
The value is the same before and after calling `init_weights` of EncoderDecoder  

auxiliary_head.0.conv_seg.weight - torch.Size([19, 32, 1, 1]): 
The value is the same before and after calling `init_weights` of EncoderDecoder  

auxiliary_head.0.conv_seg.bias - torch.Size([19]): 
The value is the same before and after calling `init_weights` of EncoderDecoder  

auxiliary_head.0.convs.0.conv.weight - torch.Size([32, 64, 3, 3]): 
The value is the same before and after calling `init_weights` of EncoderDecoder  

auxiliary_head.0.convs.0.bn.weight - torch.Size([32]): 
The value is the same before and after calling `init_weights` of EncoderDecoder  

auxiliary_head.0.convs.0.bn.bias - torch.Size([32]): 
The value is the same before and after calling `init_weights` of EncoderDecoder  
2026/07/21 10:07:11 - mmengine - WARNING - "FileClient" will be deprecated in future. Please use io functions in https://mmengine.readthedocs.io/en/latest/api/fileio.html#file-io
2026/07/21 10:07:11 - mmengine - WARNING - "HardDiskBackend" is the alias of "LocalBackend" and the former will be deprecated in future.
2026/07/21 10:07:11 - mmengine - INFO - Checkpoints will be saved to /root/autodl-tmp/DSANet-main/tools/work_dirs/dsanet_cityscapes_512x1024.
2026/07/21 10:08:02 - mmengine - INFO - Iter(train) [   100/160000]  lr: 4.9620e-04  eta: 22:24:08  time: 0.4781  data_time: 0.0251  memory: 10327  loss: 4.8243  decode.loss_ohem: 2.1849  decode.acc_seg: 25.8600  aux_0.loss_ce: 2.6394  aux_0.acc_seg: 17.9532
2026/07/21 10:08:43 - mmengine - INFO - Exp name: dsanet_cityscapes_512x1024_20260721_100709
2026/07/21 10:08:50 - mmengine - INFO - Iter(train) [   200/160000]  lr: 9.9640e-04  eta: 21:45:28  time: 0.4737  data_time: 0.0255  memory: 9088  loss: 3.6937  decode.loss_ohem: 1.7029  decode.acc_seg: 53.0667  aux_0.loss_ce: 1.9908  aux_0.acc_seg: 48.2891
2026/07/21 10:09:37 - mmengine - INFO - Iter(train) [   300/160000]  lr: 1.4966e-03  eta: 21:30:03  time: 0.4729  data_time: 0.0245  memory: 9087  loss: 2.9080  decode.loss_ohem: 1.4242  decode.acc_seg: 58.7340  aux_0.loss_ce: 1.4838  aux_0.acc_seg: 58.2916
2026/07/21 10:10:24 - mmengine - INFO - Iter(train) [   400/160000]  lr: 1.9968e-03  eta: 21:22:37  time: 0.4774  data_time: 0.0243  memory: 9086  loss: 2.8371  decode.loss_ohem: 1.4720  decode.acc_seg: 56.9315  aux_0.loss_ce: 1.3651  aux_0.acc_seg: 53.7661
2026/07/21 10:11:12 - mmengine - INFO - Iter(train) [   500/160000]  lr: 2.4970e-03  eta: 21:19:51  time: 0.4802  data_time: 0.0259  memory: 9085  loss: 2.3765  decode.loss_ohem: 1.2794  decode.acc_seg: 64.9932  aux_0.loss_ce: 1.0971  aux_0.acc_seg: 63.4710
2026/07/21 10:12:00 - mmengine - INFO - Iter(train) [   600/160000]  lr: 2.9972e-03  eta: 21:17:57  time: 0.4793  data_time: 0.0249  memory: 9084  loss: 2.6216  decode.loss_ohem: 1.4434  decode.acc_seg: 65.1326  aux_0.loss_ce: 1.1782  aux_0.acc_seg: 62.6444
2026/07/21 10:12:48 - mmengine - INFO - Iter(train) [   700/160000]  lr: 3.4974e-03  eta: 21:16:59  time: 0.4798  data_time: 0.0250  memory: 9083  loss: 2.1614  decode.loss_ohem: 1.2003  decode.acc_seg: 74.2444  aux_0.loss_ce: 0.9611  aux_0.acc_seg: 73.9243
2026/07/21 10:13:36 - mmengine - INFO - Iter(train) [   800/160000]  lr: 3.9976e-03  eta: 21:16:08  time: 0.4809  data_time: 0.0252  memory: 9081  loss: 2.1502  decode.loss_ohem: 1.2021  decode.acc_seg: 70.9024  aux_0.loss_ce: 0.9481  aux_0.acc_seg: 70.7363
2026/07/21 10:14:24 - mmengine - INFO - Iter(train) [   900/160000]  lr: 4.4978e-03  eta: 21:15:25  time: 0.4822  data_time: 0.0257  memory: 9081  loss: 2.3366  decode.loss_ohem: 1.3026  decode.acc_seg: 69.9485  aux_0.loss_ce: 1.0340  aux_0.acc_seg: 67.4357
2026/07/21 10:15:13 - mmengine - INFO - Exp name: dsanet_cityscapes_512x1024_20260721_100709
2026/07/21 10:15:13 - mmengine - INFO - Iter(train) [  1000/160000]  lr: 4.9980e-03  eta: 21:14:52  time: 0.4806  data_time: 0.0260  memory: 9082  loss: 2.2255  decode.loss_ohem: 1.2816  decode.acc_seg: 74.6366  aux_0.loss_ce: 0.9439  aux_0.acc_seg: 72.6587
2026/07/21 10:16:01 - mmengine - INFO - Iter(train) [  1100/160000]  lr: 5.4982e-03  eta: 21:14:05  time: 0.4792  data_time: 0.0249  memory: 9079  loss: 1.9996  decode.loss_ohem: 1.1342  decode.acc_seg: 71.9967  aux_0.loss_ce: 0.8654  aux_0.acc_seg: 71.9893
2026/07/21 10:16:49 - mmengine - INFO - Iter(train) [  1200/160000]  lr: 5.9984e-03  eta: 21:13:35  time: 0.4849  data_time: 0.0263  memory: 9081  loss: 1.9226  decode.loss_ohem: 1.0988  decode.acc_seg: 76.5340  aux_0.loss_ce: 0.8237  aux_0.acc_seg: 76.7388
2026/07/21 10:17:37 - mmengine - INFO - Iter(train) [  1300/160000]  lr: 6.4986e-03  eta: 21:13:03  time: 0.4817  data_time: 0.0255  memory: 9081  loss: 1.9235  decode.loss_ohem: 1.1253  decode.acc_seg: 71.9263  aux_0.loss_ce: 0.7982  aux_0.acc_seg: 70.3648
2026/07/21 10:18:25 - mmengine - INFO - Iter(train) [  1400/160000]  lr: 6.9988e-03  eta: 21:12:34  time: 0.4814  data_time: 0.0254  memory: 9080  loss: 2.1762  decode.loss_ohem: 1.2754  decode.acc_seg: 75.3550  aux_0.loss_ce: 0.9009  aux_0.acc_seg: 71.2445
2026/07/21 10:19:14 - mmengine - INFO - Iter(train) [  1500/160000]  lr: 7.4990e-03  eta: 21:12:08  time: 0.4834  data_time: 0.0265  memory: 9080  loss: 1.8061  decode.loss_ohem: 1.0413  decode.acc_seg: 71.9860  aux_0.loss_ce: 0.7647  aux_0.acc_seg: 70.3751
2026/07/21 10:20:02 - mmengine - INFO - Iter(train) [  1600/160000]  lr: 7.9992e-03  eta: 21:11:48  time: 0.4857  data_time: 0.0268  memory: 9080  loss: 1.9835  decode.loss_ohem: 1.1375  decode.acc_seg: 72.0309  aux_0.loss_ce: 0.8460  aux_0.acc_seg: 69.2869
2026/07/21 10:20:51 - mmengine - INFO - Iter(train) [  1700/160000]  lr: 8.4994e-03  eta: 21:11:32  time: 0.4845  data_time: 0.0268  memory: 9079  loss: 1.9074  decode.loss_ohem: 1.1326  decode.acc_seg: 82.5968  aux_0.loss_ce: 0.7748  aux_0.acc_seg: 79.6582
2026/07/21 10:21:39 - mmengine - INFO - Iter(train) [  1800/160000]  lr: 8.9996e-03  eta: 21:11:01  time: 0.4849  data_time: 0.0265  memory: 9079  loss: 1.7515  decode.loss_ohem: 1.0457  decode.acc_seg: 77.3426  aux_0.loss_ce: 0.7058  aux_0.acc_seg: 75.6473
2026/07/21 10:22:28 - mmengine - INFO - Iter(train) [  1900/160000]  lr: 9.4998e-03  eta: 21:10:31  time: 0.4824  data_time: 0.0256  memory: 9080  loss: 1.6289  decode.loss_ohem: 0.9813  decode.acc_seg: 81.3179  aux_0.loss_ce: 0.6476  aux_0.acc_seg: 78.5881
2026/07/21 10:23:16 - mmengine - INFO - Exp name: dsanet_cityscapes_512x1024_20260721_100709
2026/07/21 10:23:16 - mmengine - INFO - Iter(train) [  2000/160000]  lr: 1.0000e-02  eta: 21:09:50  time: 0.4822  data_time: 0.0253  memory: 9079  loss: 1.7200  decode.loss_ohem: 1.0310  decode.acc_seg: 84.8447  aux_0.loss_ce: 0.6890  aux_0.acc_seg: 83.2155
2026/07/21 10:24:04 - mmengine - INFO - Iter(train) [  2100/160000]  lr: 9.9944e-03  eta: 21:09:09  time: 0.4812  data_time: 0.0244  memory: 9078  loss: 1.5163  decode.loss_ohem: 0.9312  decode.acc_seg: 79.9747  aux_0.loss_ce: 0.5852  aux_0.acc_seg: 78.2250
2026/07/21 10:24:53 - mmengine - INFO - Iter(train) [  2200/160000]  lr: 9.9887e-03  eta: 21:08:31  time: 0.4837  data_time: 0.0256  memory: 9079  loss: 1.4916  decode.loss_ohem: 0.8750  decode.acc_seg: 83.0012  aux_0.loss_ce: 0.6167  aux_0.acc_seg: 81.7840
2026/07/21 10:25:41 - mmengine - INFO - Iter(train) [  2300/160000]  lr: 9.9830e-03  eta: 21:07:43  time: 0.4809  data_time: 0.0242  memory: 9077  loss: 1.6608  decode.loss_ohem: 1.0200  decode.acc_seg: 83.4737  aux_0.loss_ce: 0.6408  aux_0.acc_seg: 79.8382
2026/07/21 10:26:29 - mmengine - INFO - Iter(train) [  2400/160000]  lr: 9.9773e-03  eta: 21:07:09  time: 0.4847  data_time: 0.0259  memory: 9078  loss: 1.6015  decode.loss_ohem: 0.9766  decode.acc_seg: 81.9913  aux_0.loss_ce: 0.6250  aux_0.acc_seg: 79.9244
2026/07/21 10:27:18 - mmengine - INFO - Iter(train) [  2500/160000]  lr: 9.9716e-03  eta: 21:06:34  time: 0.4838  data_time: 0.0256  memory: 9076  loss: 1.6738  decode.loss_ohem: 1.0126  decode.acc_seg: 75.2928  aux_0.loss_ce: 0.6611  aux_0.acc_seg: 74.5127
2026/07/21 10:28:06 - mmengine - INFO - Iter(train) [  2600/160000]  lr: 9.9659e-03  eta: 21:05:57  time: 0.4879  data_time: 0.0283  memory: 9077  loss: 1.6669  decode.loss_ohem: 0.9967  decode.acc_seg: 73.9878  aux_0.loss_ce: 0.6702  aux_0.acc_seg: 70.8994
2026/07/21 10:28:55 - mmengine - INFO - Iter(train) [  2700/160000]  lr: 9.9602e-03  eta: 21:05:19  time: 0.4840  data_time: 0.0256  memory: 9077  loss: 1.6471  decode.loss_ohem: 1.0504  decode.acc_seg: 81.7429  aux_0.loss_ce: 0.5967  aux_0.acc_seg: 79.2451
2026/07/21 10:29:43 - mmengine - INFO - Iter(train) [  2800/160000]  lr: 9.9545e-03  eta: 21:04:42  time: 0.4841  data_time: 0.0262  memory: 9079  loss: 1.5841  decode.loss_ohem: 0.9700  decode.acc_seg: 72.5077  aux_0.loss_ce: 0.6141  aux_0.acc_seg: 69.7604
2026/07/21 10:30:32 - mmengine - INFO - Iter(train) [  2900/160000]  lr: 9.9488e-03  eta: 21:04:00  time: 0.4847  data_time: 0.0262  memory: 9078  loss: 1.6974  decode.loss_ohem: 1.0747  decode.acc_seg: 81.3230  aux_0.loss_ce: 0.6227  aux_0.acc_seg: 81.0112
2026/07/21 10:31:20 - mmengine - INFO - Exp name: dsanet_cityscapes_512x1024_20260721_100709
2026/07/21 10:31:20 - mmengine - INFO - Iter(train) [  3000/160000]  lr: 9.9431e-03  eta: 21:03:23  time: 0.4860  data_time: 0.0267  memory: 9078  loss: 1.4197  decode.loss_ohem: 0.8760  decode.acc_seg: 81.1572  aux_0.loss_ce: 0.5437  aux_0.acc_seg: 79.8502
2026/07/21 10:32:08 - mmengine - INFO - Iter(train) [  3100/160000]  lr: 9.9374e-03  eta: 21:02:44  time: 0.4850  data_time: 0.0258  memory: 9076  loss: 1.4759  decode.loss_ohem: 0.9131  decode.acc_seg: 86.3529  aux_0.loss_ce: 0.5628  aux_0.acc_seg: 84.4273
2026/07/21 10:32:57 - mmengine - INFO - Iter(train) [  3200/160000]  lr: 9.9317e-03  eta: 21:02:06  time: 0.4845  data_time: 0.0268  memory: 9077  loss: 1.5332  decode.loss_ohem: 0.9589  decode.acc_seg: 77.5223  aux_0.loss_ce: 0.5743  aux_0.acc_seg: 73.3374
2026/07/21 10:33:45 - mmengine - INFO - Iter(train) [  3300/160000]  lr: 9.9260e-03  eta: 21:01:23  time: 0.4835  data_time: 0.0257  memory: 9076  loss: 1.4226  decode.loss_ohem: 0.8931  decode.acc_seg: 78.3909  aux_0.loss_ce: 0.5295  aux_0.acc_seg: 76.6182
2026/07/21 10:34:34 - mmengine - INFO - Iter(train) [  3400/160000]  lr: 9.9204e-03  eta: 21:00:40  time: 0.4847  data_time: 0.0262  memory: 9077  loss: 1.5294  decode.loss_ohem: 0.9922  decode.acc_seg: 84.2476  aux_0.loss_ce: 0.5371  aux_0.acc_seg: 81.9766
2026/07/21 10:35:22 - mmengine - INFO - Iter(train) [  3500/160000]  lr: 9.9147e-03  eta: 20:59:57  time: 0.4835  data_time: 0.0255  memory: 9076  loss: 1.5429  decode.loss_ohem: 0.9635  decode.acc_seg: 81.8394  aux_0.loss_ce: 0.5794  aux_0.acc_seg: 80.4030
2026/07/21 10:36:11 - mmengine - INFO - Iter(train) [  3600/160000]  lr: 9.9090e-03  eta: 20:59:10  time: 0.4833  data_time: 0.0254  memory: 9076  loss: 1.4396  decode.loss_ohem: 0.8836  decode.acc_seg: 86.9349  aux_0.loss_ce: 0.5560  aux_0.acc_seg: 85.3611
2026/07/21 10:36:59 - mmengine - INFO - Iter(train) [  3700/160000]  lr: 9.9033e-03  eta: 20:58:27  time: 0.4834  data_time: 0.0256  memory: 9077  loss: 1.4855  decode.loss_ohem: 0.9122  decode.acc_seg: 82.4956  aux_0.loss_ce: 0.5733  aux_0.acc_seg: 81.2143
2026/07/21 10:37:47 - mmengine - INFO - Iter(train) [  3800/160000]  lr: 9.8976e-03  eta: 20:57:47  time: 0.4859  data_time: 0.0268  memory: 9076  loss: 1.5175  decode.loss_ohem: 0.9564  decode.acc_seg: 84.1003  aux_0.loss_ce: 0.5611  aux_0.acc_seg: 81.7696
2026/07/21 10:38:36 - mmengine - INFO - Iter(train) [  3900/160000]  lr: 9.8919e-03  eta: 20:57:09  time: 0.4837  data_time: 0.0259  memory: 9074  loss: 1.3846  decode.loss_ohem: 0.8701  decode.acc_seg: 87.3026  aux_0.loss_ce: 0.5145  aux_0.acc_seg: 85.2643
2026/07/21 10:39:25 - mmengine - INFO - Exp name: dsanet_cityscapes_512x1024_20260721_100709
2026/07/21 10:39:25 - mmengine - INFO - Iter(train) [  4000/160000]  lr: 9.8862e-03  eta: 20:56:28  time: 0.4847  data_time: 0.0261  memory: 9075  loss: 1.4817  decode.loss_ohem: 0.9286  decode.acc_seg: 89.7136  aux_0.loss_ce: 0.5531  aux_0.acc_seg: 86.9273
2026/07/21 10:40:13 - mmengine - INFO - Iter(train) [  4100/160000]  lr: 9.8805e-03  eta: 20:55:47  time: 0.4863  data_time: 0.0263  memory: 9076  loss: 1.5106  decode.loss_ohem: 0.9394  decode.acc_seg: 81.1970  aux_0.loss_ce: 0.5712  aux_0.acc_seg: 75.5827
2026/07/21 10:41:02 - mmengine - INFO - Iter(train) [  4200/160000]  lr: 9.8748e-03  eta: 20:55:05  time: 0.4864  data_time: 0.0269  memory: 9075  loss: 1.5313  decode.loss_ohem: 0.9866  decode.acc_seg: 80.7302  aux_0.loss_ce: 0.5447  aux_0.acc_seg: 77.9060
2026/07/21 10:41:50 - mmengine - INFO - Iter(train) [  4300/160000]  lr: 9.8691e-03  eta: 20:54:25  time: 0.4862  data_time: 0.0269  memory: 9076  loss: 1.5475  decode.loss_ohem: 0.9965  decode.acc_seg: 80.8094  aux_0.loss_ce: 0.5510  aux_0.acc_seg: 79.8971
2026/07/21 10:42:39 - mmengine - INFO - Iter(train) [  4400/160000]  lr: 9.8634e-03  eta: 20:53:44  time: 0.4848  data_time: 0.0259  memory: 9075  loss: 1.6400  decode.loss_ohem: 1.0364  decode.acc_seg: 80.6634  aux_0.loss_ce: 0.6037  aux_0.acc_seg: 76.6701
2026/07/21 10:43:27 - mmengine - INFO - Iter(train) [  4500/160000]  lr: 9.8577e-03  eta: 20:52:58  time: 0.4844  data_time: 0.0259  memory: 9077  loss: 1.4595  decode.loss_ohem: 0.9418  decode.acc_seg: 86.0432  aux_0.loss_ce: 0.5177  aux_0.acc_seg: 84.4505
2026/07/21 10:44:16 - mmengine - INFO - Iter(train) [  4600/160000]  lr: 9.8520e-03  eta: 20:52:12  time: 0.4821  data_time: 0.0248  memory: 9075  loss: 1.3009  decode.loss_ohem: 0.8098  decode.acc_seg: 89.6981  aux_0.loss_ce: 0.4911  aux_0.acc_seg: 85.9381
2026/07/21 10:45:04 - mmengine - INFO - Iter(train) [  4700/160000]  lr: 9.8463e-03  eta: 20:51:24  time: 0.4823  data_time: 0.0248  memory: 9076  loss: 1.4767  decode.loss_ohem: 0.9592  decode.acc_seg: 84.7819  aux_0.loss_ce: 0.5174  aux_0.acc_seg: 82.9196
2026/07/21 10:45:52 - mmengine - INFO - Iter(train) [  4800/160000]  lr: 9.8406e-03  eta: 20:50:35  time: 0.4847  data_time: 0.0254  memory: 9076  loss: 1.4608  decode.loss_ohem: 0.9442  decode.acc_seg: 82.8707  aux_0.loss_ce: 0.5166  aux_0.acc_seg: 81.4550
2026/07/21 10:46:41 - mmengine - INFO - Iter(train) [  4900/160000]  lr: 9.8349e-03  eta: 20:49:50  time: 0.4854  data_time: 0.0263  memory: 9077  loss: 1.3226  decode.loss_ohem: 0.8495  decode.acc_seg: 84.3663  aux_0.loss_ce: 0.4730  aux_0.acc_seg: 83.5402
2026/07/21 10:47:29 - mmengine - INFO - Exp name: dsanet_cityscapes_512x1024_20260721_100709
2026/07/21 10:47:29 - mmengine - INFO - Iter(train) [  5000/160000]  lr: 9.8292e-03  eta: 20:49:06  time: 0.4818  data_time: 0.0252  memory: 9074  loss: 1.3869  decode.loss_ohem: 0.9001  decode.acc_seg: 87.4499  aux_0.loss_ce: 0.4868  aux_0.acc_seg: 85.0480
2026/07/21 10:47:29 - mmengine - INFO - Saving checkpoint at 5000 iterations
2026/07/21 10:47:35 - mmengine - INFO - Iter(val) [100/250]    eta: 0:00:09  time: 0.0545  data_time: 0.0086  memory: 961  
2026/07/21 10:47:41 - mmengine - INFO - Iter(val) [200/250]    eta: 0:00:02  time: 0.0558  data_time: 0.0090  memory: 801  
2026/07/21 10:47:44 - mmengine - INFO - per class results:
2026/07/21 10:47:44 - mmengine - INFO - 
+---------------+-------+-------+
|     Class     |  IoU  |  Acc  |
+---------------+-------+-------+
|      road     | 92.71 | 95.45 |
|    sidewalk   | 58.86 | 79.72 |
|    building   | 76.37 | 82.27 |
|      wall     | 11.23 | 12.72 |
|     fence     | 16.99 | 20.31 |
|      pole     | 29.53 | 38.23 |
| traffic light |  0.65 |  0.65 |
|  traffic sign | 14.65 | 16.52 |
|   vegetation  | 80.94 | 93.65 |
|    terrain    | 41.45 | 66.76 |
|      sky      | 83.46 | 97.36 |
|     person    | 39.96 | 73.98 |
|     rider     |  0.05 |  0.05 |
|      car      | 71.46 | 96.65 |
|     truck     |  2.55 |  2.85 |
|      bus      |  0.98 |  1.0  |
|     train     |  6.21 |  6.57 |
|   motorcycle  |  0.01 |  0.01 |
|    bicycle    | 41.38 |  59.3 |
+---------------+-------+-------+
2026/07/21 10:47:44 - mmengine - INFO - Iter(val) [250/250]    aAcc: 86.9600  mIoU: 35.2300  mAcc: 44.4200  data_time: 0.0096  time: 0.0572
2026/07/21 10:47:44 - mmengine - INFO - The best checkpoint with 35.2300 mIoU at 5000 iter is saved to best_mIoU_iter_5000.pth.
2026/07/21 10:48:33 - mmengine - INFO - Iter(train) [  5100/160000]  lr: 9.8235e-03  eta: 20:48:51  time: 0.4861  data_time: 0.0266  memory: 9073  loss: 1.4091  decode.loss_ohem: 0.9161  decode.acc_seg: 81.0185  aux_0.loss_ce: 0.4930  aux_0.acc_seg: 77.4926
2026/07/21 10:49:21 - mmengine - INFO - Iter(train) [  5200/160000]  lr: 9.8178e-03  eta: 20:47:52  time: 0.4803  data_time: 0.0237  memory: 9074  loss: 1.4750  decode.loss_ohem: 0.9347  decode.acc_seg: 82.0094  aux_0.loss_ce: 0.5402  aux_0.acc_seg: 77.5297
2026/07/21 10:50:09 - mmengine - INFO - Iter(train) [  5300/160000]  lr: 9.8121e-03  eta: 20:46:54  time: 0.4814  data_time: 0.0241  memory: 9074  loss: 1.3429  decode.loss_ohem: 0.8698  decode.acc_seg: 85.5521  aux_0.loss_ce: 0.4731  aux_0.acc_seg: 80.8499
2026/07/21 10:50:57 - mmengine - INFO - Iter(train) [  5400/160000]  lr: 9.8064e-03  eta: 20:46:00  time: 0.4818  data_time: 0.0244  memory: 9073  loss: 1.4081  decode.loss_ohem: 0.9044  decode.acc_seg: 83.7159  aux_0.loss_ce: 0.5037  aux_0.acc_seg: 82.8283
2026/07/21 10:51:46 - mmengine - INFO - Iter(train) [  5500/160000]  lr: 9.8007e-03  eta: 20:45:14  time: 0.4848  data_time: 0.0257  memory: 9074  loss: 1.4199  decode.loss_ohem: 0.9315  decode.acc_seg: 87.8471  aux_0.loss_ce: 0.4883  aux_0.acc_seg: 85.1959
2026/07/21 10:52:34 - mmengine - INFO - Iter(train) [  5600/160000]  lr: 9.7950e-03  eta: 20:44:23  time: 0.4832  data_time: 0.0247  memory: 9073  loss: 1.3199  decode.loss_ohem: 0.8452  decode.acc_seg: 86.6277  aux_0.loss_ce: 0.4747  aux_0.acc_seg: 85.0040
2026/07/21 10:53:22 - mmengine - INFO - Iter(train) [  5700/160000]  lr: 9.7893e-03  eta: 20:43:33  time: 0.4845  data_time: 0.0257  memory: 9072  loss: 1.3143  decode.loss_ohem: 0.8504  decode.acc_seg: 85.5114  aux_0.loss_ce: 0.4639  aux_0.acc_seg: 84.9488
2026/07/21 10:54:11 - mmengine - INFO - Iter(train) [  5800/160000]  lr: 9.7836e-03  eta: 20:42:42  time: 0.4831  data_time: 0.0256  memory: 9074  loss: 1.5133  decode.loss_ohem: 0.9722  decode.acc_seg: 86.4614  aux_0.loss_ce: 0.5411  aux_0.acc_seg: 83.2477
2026/07/21 10:54:59 - mmengine - INFO - Iter(train) [  5900/160000]  lr: 9.7778e-03  eta: 20:42:01  time: 0.4870  data_time: 0.0271  memory: 9074  loss: 1.3594  decode.loss_ohem: 0.8648  decode.acc_seg: 87.1218  aux_0.loss_ce: 0.4946  aux_0.acc_seg: 83.9819
2026/07/21 10:55:48 - mmengine - INFO - Exp name: dsanet_cityscapes_512x1024_20260721_100709
2026/07/21 10:55:48 - mmengine - INFO - Iter(train) [  6000/160000]  lr: 9.7721e-03  eta: 20:41:21  time: 0.4853  data_time: 0.0264  memory: 9073  loss: 1.4627  decode.loss_ohem: 0.9510  decode.acc_seg: 86.6470  aux_0.loss_ce: 0.5117  aux_0.acc_seg: 85.3154
2026/07/21 10:56:37 - mmengine - INFO - Iter(train) [  6100/160000]  lr: 9.7664e-03  eta: 20:40:40  time: 0.4847  data_time: 0.0266  memory: 9074  loss: 1.3447  decode.loss_ohem: 0.8849  decode.acc_seg: 87.7006  aux_0.loss_ce: 0.4598  aux_0.acc_seg: 85.6587
2026/07/21 10:57:25 - mmengine - INFO - Iter(train) [  6200/160000]  lr: 9.7607e-03  eta: 20:39:57  time: 0.4852  data_time: 0.0261  memory: 9072  loss: 1.2803  decode.loss_ohem: 0.8168  decode.acc_seg: 89.1137  aux_0.loss_ce: 0.4635  aux_0.acc_seg: 87.6228
2026/07/21 10:58:14 - mmengine - INFO - Iter(train) [  6300/160000]  lr: 9.7550e-03  eta: 20:39:14  time: 0.4871  data_time: 0.0265  memory: 9073  loss: 1.2360  decode.loss_ohem: 0.8144  decode.acc_seg: 85.4113  aux_0.loss_ce: 0.4216  aux_0.acc_seg: 83.0731
2026/07/21 10:59:03 - mmengine - INFO - Iter(train) [  6400/160000]  lr: 9.7493e-03  eta: 20:38:34  time: 0.4880  data_time: 0.0269  memory: 9073  loss: 1.4126  decode.loss_ohem: 0.9285  decode.acc_seg: 82.2210  aux_0.loss_ce: 0.4841  aux_0.acc_seg: 78.1544
2026/07/21 10:59:51 - mmengine - INFO - Iter(train) [  6500/160000]  lr: 9.7436e-03  eta: 20:37:55  time: 0.4895  data_time: 0.0274  memory: 9072  loss: 1.2698  decode.loss_ohem: 0.8291  decode.acc_seg: 86.9899  aux_0.loss_ce: 0.4406  aux_0.acc_seg: 84.9856
2026/07/21 11:00:40 - mmengine - INFO - Iter(train) [  6600/160000]  lr: 9.7379e-03  eta: 20:37:13  time: 0.4865  data_time: 0.0264  memory: 9072  loss: 1.2778  decode.loss_ohem: 0.8309  decode.acc_seg: 90.4755  aux_0.loss_ce: 0.4469  aux_0.acc_seg: 87.0439
2026/07/21 11:01:29 - mmengine - INFO - Iter(train) [  6700/160000]  lr: 9.7322e-03  eta: 20:36:32  time: 0.4874  data_time: 0.0270  memory: 9074  loss: 1.4834  decode.loss_ohem: 0.9599  decode.acc_seg: 79.8793  aux_0.loss_ce: 0.5235  aux_0.acc_seg: 75.1834
2026/07/21 11:02:18 - mmengine - INFO - Iter(train) [  6800/160000]  lr: 9.7265e-03  eta: 20:35:56  time: 0.4839  data_time: 0.0262  memory: 9072  loss: 1.4122  decode.loss_ohem: 0.9292  decode.acc_seg: 89.7316  aux_0.loss_ce: 0.4830  aux_0.acc_seg: 87.1284
2026/07/21 11:03:06 - mmengine - INFO - Iter(train) [  6900/160000]  lr: 9.7208e-03  eta: 20:35:16  time: 0.4867  data_time: 0.0262  memory: 9075  loss: 1.3744  decode.loss_ohem: 0.8975  decode.acc_seg: 85.1002  aux_0.loss_ce: 0.4769  aux_0.acc_seg: 81.9500
2026/07/21 11:03:55 - mmengine - INFO - Exp name: dsanet_cityscapes_512x1024_20260721_100709
2026/07/21 11:03:55 - mmengine - INFO - Iter(train) [  7000/160000]  lr: 9.7151e-03  eta: 20:34:36  time: 0.4809  data_time: 0.0267  memory: 9073  loss: 1.4489  decode.loss_ohem: 0.9368  decode.acc_seg: 88.4496  aux_0.loss_ce: 0.5121  aux_0.acc_seg: 86.6364
2026/07/21 11:04:44 - mmengine - INFO - Iter(train) [  7100/160000]  lr: 9.7094e-03  eta: 20:33:55  time: 0.4874  data_time: 0.0269  memory: 9073  loss: 1.3362  decode.loss_ohem: 0.8791  decode.acc_seg: 86.5362  aux_0.loss_ce: 0.4572  aux_0.acc_seg: 83.4330
2026/07/21 11:05:33 - mmengine - INFO - Iter(train) [  7200/160000]  lr: 9.7037e-03  eta: 20:33:19  time: 0.4942  data_time: 0.0275  memory: 9072  loss: 1.3613  decode.loss_ohem: 0.8884  decode.acc_seg: 89.3533  aux_0.loss_ce: 0.4728  aux_0.acc_seg: 86.9941
2026/07/21 11:06:22 - mmengine - INFO - Iter(train) [  7300/160000]  lr: 9.6979e-03  eta: 20:32:40  time: 0.4884  data_time: 0.0276  memory: 9073  loss: 1.3319  decode.loss_ohem: 0.8827  decode.acc_seg: 91.2720  aux_0.loss_ce: 0.4492  aux_0.acc_seg: 89.0527
2026/07/21 11:07:11 - mmengine - INFO - Iter(train) [  7400/160000]  lr: 9.6922e-03  eta: 20:31:57  time: 0.4846  data_time: 0.0277  memory: 9072  loss: 1.4651  decode.loss_ohem: 0.9589  decode.acc_seg: 83.7654  aux_0.loss_ce: 0.5062  aux_0.acc_seg: 79.7407
2026/07/21 11:07:59 - mmengine - INFO - Iter(train) [  7500/160000]  lr: 9.6865e-03  eta: 20:31:13  time: 0.4879  data_time: 0.0273  memory: 9072  loss: 1.2605  decode.loss_ohem: 0.8110  decode.acc_seg: 91.1354  aux_0.loss_ce: 0.4494  aux_0.acc_seg: 88.5132
2026/07/21 11:08:48 - mmengine - INFO - Iter(train) [  7600/160000]  lr: 9.6808e-03  eta: 20:30:35  time: 0.4886  data_time: 0.0274  memory: 9072  loss: 1.2194  decode.loss_ohem: 0.7975  decode.acc_seg: 85.9052  aux_0.loss_ce: 0.4219  aux_0.acc_seg: 86.9909
2026/07/21 11:09:37 - mmengine - INFO - Iter(train) [  7700/160000]  lr: 9.6751e-03  eta: 20:29:53  time: 0.4876  data_time: 0.0274  memory: 9073  loss: 1.3513  decode.loss_ohem: 0.8858  decode.acc_seg: 85.0243  aux_0.loss_ce: 0.4655  aux_0.acc_seg: 80.7094
2026/07/21 11:10:26 - mmengine - INFO - Iter(train) [  7800/160000]  lr: 9.6694e-03  eta: 20:29:09  time: 0.4858  data_time: 0.0270  memory: 9073  loss: 1.2881  decode.loss_ohem: 0.8686  decode.acc_seg: 86.7775  aux_0.loss_ce: 0.4196  aux_0.acc_seg: 86.0728
2026/07/21 11:11:15 - mmengine - INFO - Iter(train) [  7900/160000]  lr: 9.6637e-03  eta: 20:28:30  time: 0.4877  data_time: 0.0270  memory: 9071  loss: 1.3645  decode.loss_ohem: 0.8974  decode.acc_seg: 87.1253  aux_0.loss_ce: 0.4671  aux_0.acc_seg: 84.7126
2026/07/21 11:12:03 - mmengine - INFO - Exp name: dsanet_cityscapes_512x1024_20260721_100709
2026/07/21 11:12:03 - mmengine - INFO - Iter(train) [  8000/160000]  lr: 9.6580e-03  eta: 20:27:42  time: 0.4731  data_time: 0.0256  memory: 9074  loss: 1.3737  decode.loss_ohem: 0.8838  decode.acc_seg: 89.2964  aux_0.loss_ce: 0.4899  aux_0.acc_seg: 87.0992
2026/07/21 11:12:52 - mmengine - INFO - Iter(train) [  8100/160000]  lr: 9.6523e-03  eta: 20:26:55  time: 0.4869  data_time: 0.0269  memory: 9072  loss: 1.2930  decode.loss_ohem: 0.8337  decode.acc_seg: 88.2766  aux_0.loss_ce: 0.4592  aux_0.acc_seg: 85.4836
2026/07/21 11:13:40 - mmengine - INFO - Iter(train) [  8200/160000]  lr: 9.6465e-03  eta: 20:26:12  time: 0.4817  data_time: 0.0266  memory: 9072  loss: 1.2951  decode.loss_ohem: 0.8780  decode.acc_seg: 88.9343  aux_0.loss_ce: 0.4171  aux_0.acc_seg: 87.6334
2026/07/21 11:14:29 - mmengine - INFO - Iter(train) [  8300/160000]  lr: 9.6408e-03  eta: 20:25:30  time: 0.4893  data_time: 0.0278  memory: 9071  loss: 1.2575  decode.loss_ohem: 0.8413  decode.acc_seg: 84.9354  aux_0.loss_ce: 0.4162  aux_0.acc_seg: 81.3005
2026/07/21 11:15:18 - mmengine - INFO - Iter(train) [  8400/160000]  lr: 9.6351e-03  eta: 20:24:48  time: 0.4885  data_time: 0.0272  memory: 9072  loss: 1.3998  decode.loss_ohem: 0.9351  decode.acc_seg: 83.3424  aux_0.loss_ce: 0.4647  aux_0.acc_seg: 79.9713
2026/07/21 11:16:07 - mmengine - INFO - Iter(train) [  8500/160000]  lr: 9.6294e-03  eta: 20:24:06  time: 0.4895  data_time: 0.0275  memory: 9071  loss: 1.2186  decode.loss_ohem: 0.7984  decode.acc_seg: 88.2797  aux_0.loss_ce: 0.4202  aux_0.acc_seg: 85.3369
2026/07/21 11:16:56 - mmengine - INFO - Iter(train) [  8600/160000]  lr: 9.6237e-03  eta: 20:23:22  time: 0.4845  data_time: 0.0276  memory: 9072  loss: 1.2316  decode.loss_ohem: 0.8361  decode.acc_seg: 85.7978  aux_0.loss_ce: 0.3955  aux_0.acc_seg: 82.8742
2026/07/21 11:17:44 - mmengine - INFO - Iter(train) [  8700/160000]  lr: 9.6180e-03  eta: 20:22:37  time: 0.4871  data_time: 0.0271  memory: 9071  loss: 1.2943  decode.loss_ohem: 0.8467  decode.acc_seg: 87.8673  aux_0.loss_ce: 0.4476  aux_0.acc_seg: 85.1395
2026/07/21 11:18:33 - mmengine - INFO - Iter(train) [  8800/160000]  lr: 9.6123e-03  eta: 20:21:52  time: 0.4869  data_time: 0.0272  memory: 9073  loss: 1.2882  decode.loss_ohem: 0.8306  decode.acc_seg: 85.3188  aux_0.loss_ce: 0.4576  aux_0.acc_seg: 84.9961
2026/07/21 11:19:22 - mmengine - INFO - Iter(train) [  8900/160000]  lr: 9.6065e-03  eta: 20:21:07  time: 0.4863  data_time: 0.0268  memory: 9072  loss: 1.3388  decode.loss_ohem: 0.8932  decode.acc_seg: 85.9686  aux_0.loss_ce: 0.4455  aux_0.acc_seg: 84.1765
2026/07/21 11:20:10 - mmengine - INFO - Exp name: dsanet_cityscapes_512x1024_20260721_100709
2026/07/21 11:20:10 - mmengine - INFO - Iter(train) [  9000/160000]  lr: 9.6008e-03  eta: 20:20:22  time: 0.4885  data_time: 0.0288  memory: 9073  loss: 1.1958  decode.loss_ohem: 0.8032  decode.acc_seg: 85.2192  aux_0.loss_ce: 0.3926  aux_0.acc_seg: 83.4952
2026/07/21 11:20:59 - mmengine - INFO - Iter(train) [  9100/160000]  lr: 9.5951e-03  eta: 20:19:36  time: 0.4868  data_time: 0.0269  memory: 9070  loss: 1.3096  decode.loss_ohem: 0.8785  decode.acc_seg: 85.6293  aux_0.loss_ce: 0.4311  aux_0.acc_seg: 83.2298
2026/07/21 11:21:48 - mmengine - INFO - Iter(train) [  9200/160000]  lr: 9.5894e-03  eta: 20:18:52  time: 0.4863  data_time: 0.0270  memory: 9072  loss: 1.3139  decode.loss_ohem: 0.8843  decode.acc_seg: 89.6903  aux_0.loss_ce: 0.4296  aux_0.acc_seg: 87.1318
2026/07/21 11:22:37 - mmengine - INFO - Iter(train) [  9300/160000]  lr: 9.5837e-03  eta: 20:18:07  time: 0.4871  data_time: 0.0273  memory: 9071  loss: 1.4285  decode.loss_ohem: 0.9300  decode.acc_seg: 80.3940  aux_0.loss_ce: 0.4985  aux_0.acc_seg: 75.4669
2026/07/21 11:23:25 - mmengine - INFO - Iter(train) [  9400/160000]  lr: 9.5780e-03  eta: 20:17:24  time: 0.4902  data_time: 0.0285  memory: 9072  loss: 1.3745  decode.loss_ohem: 0.9015  decode.acc_seg: 89.0115  aux_0.loss_ce: 0.4729  aux_0.acc_seg: 86.9661
2026/07/21 11:24:14 - mmengine - INFO - Iter(train) [  9500/160000]  lr: 9.5722e-03  eta: 20:16:38  time: 0.4852  data_time: 0.0259  memory: 9071  loss: 1.2967  decode.loss_ohem: 0.8706  decode.acc_seg: 84.8221  aux_0.loss_ce: 0.4261  aux_0.acc_seg: 83.4295
2026/07/21 11:25:03 - mmengine - INFO - Iter(train) [  9600/160000]  lr: 9.5665e-03  eta: 20:15:55  time: 0.4901  data_time: 0.0276  memory: 9072  loss: 1.3289  decode.loss_ohem: 0.8855  decode.acc_seg: 86.3336  aux_0.loss_ce: 0.4434  aux_0.acc_seg: 85.1180
2026/07/21 11:25:52 - mmengine - INFO - Iter(train) [  9700/160000]  lr: 9.5608e-03  eta: 20:15:13  time: 0.4879  data_time: 0.0276  memory: 9072  loss: 1.3126  decode.loss_ohem: 0.8903  decode.acc_seg: 89.8507  aux_0.loss_ce: 0.4222  aux_0.acc_seg: 87.6824
2026/07/21 11:26:41 - mmengine - INFO - Iter(train) [  9800/160000]  lr: 9.5551e-03  eta: 20:14:29  time: 0.4887  data_time: 0.0278  memory: 9072  loss: 1.2119  decode.loss_ohem: 0.7955  decode.acc_seg: 87.1018  aux_0.loss_ce: 0.4165  aux_0.acc_seg: 84.2260
2026/07/21 11:27:30 - mmengine - INFO - Iter(train) [  9900/160000]  lr: 9.5494e-03  eta: 20:13:45  time: 0.4892  data_time: 0.0276  memory: 9073  loss: 1.3033  decode.loss_ohem: 0.8727  decode.acc_seg: 87.9457  aux_0.loss_ce: 0.4306  aux_0.acc_seg: 82.7315
2026/07/21 11:28:18 - mmengine - INFO - Exp name: dsanet_cityscapes_512x1024_20260721_100709
2026/07/21 11:28:18 - mmengine - INFO - Iter(train) [ 10000/160000]  lr: 9.5436e-03  eta: 20:13:00  time: 0.4879  data_time: 0.0271  memory: 9072  loss: 1.3223  decode.loss_ohem: 0.8920  decode.acc_seg: 86.4884  aux_0.loss_ce: 0.4303  aux_0.acc_seg: 83.4597
2026/07/21 11:28:18 - mmengine - INFO - Saving checkpoint at 10000 iterations
2026/07/21 11:28:25 - mmengine - INFO - Iter(val) [100/250]    eta: 0:00:08  time: 0.0568  data_time: 0.0100  memory: 801  
2026/07/21 11:28:30 - mmengine - INFO - Iter(val) [200/250]    eta: 0:00:02  time: 0.0568  data_time: 0.0098  memory: 801  
2026/07/21 11:28:33 - mmengine - INFO - per class results:
2026/07/21 11:28:33 - mmengine - INFO - 
+---------------+-------+-------+
|     Class     |  IoU  |  Acc  |
+---------------+-------+-------+
|      road     | 93.11 | 94.84 |
|    sidewalk   |  64.4 | 80.42 |
|    building   |  79.8 | 87.54 |
|      wall     | 18.78 | 21.95 |
|     fence     | 31.66 | 41.61 |
|      pole     | 38.73 | 50.66 |
| traffic light |  0.86 |  0.87 |
|  traffic sign | 35.44 | 42.01 |
|   vegetation  | 84.67 | 93.73 |
|    terrain    | 38.57 | 68.35 |
|      sky      | 88.15 | 95.74 |
|     person    | 50.31 | 75.98 |
|     rider     |  8.46 |  9.01 |
|      car      | 78.91 | 93.13 |
|     truck     | 18.93 | 23.57 |
|      bus      | 35.04 | 56.93 |
|     train     |  4.48 | 45.78 |
|   motorcycle  |  0.34 |  0.35 |
|    bicycle    | 53.35 |  67.4 |
+---------------+-------+-------+
2026/07/21 11:28:33 - mmengine - INFO - Iter(val) [250/250]    aAcc: 88.6900  mIoU: 43.3700  mAcc: 55.2600  data_time: 0.0110  time: 0.0578
2026/07/21 11:28:33 - mmengine - INFO - The previous best checkpoint /root/autodl-tmp/DSANet-main/tools/work_dirs/dsanet_cityscapes_512x1024/best_mIoU_iter_5000.pth is removed
2026/07/21 11:28:33 - mmengine - INFO - The best checkpoint with 43.3700 mIoU at 10000 iter is saved to best_mIoU_iter_10000.pth.
2026/07/21 11:29:22 - mmengine - INFO - Iter(train) [ 10100/160000]  lr: 9.5379e-03  eta: 20:12:23  time: 0.4856  data_time: 0.0268  memory: 9074  loss: 1.1454  decode.loss_ohem: 0.7680  decode.acc_seg: 90.0467  aux_0.loss_ce: 0.3774  aux_0.acc_seg: 86.6860
2026/07/21 11:30:11 - mmengine - INFO - Iter(train) [ 10200/160000]  lr: 9.5322e-03  eta: 20:11:37  time: 0.4862  data_time: 0.0267  memory: 9071  loss: 1.2816  decode.loss_ohem: 0.8660  decode.acc_seg: 82.6213  aux_0.loss_ce: 0.4156  aux_0.acc_seg: 79.9898
2026/07/21 11:31:00 - mmengine - INFO - Iter(train) [ 10300/160000]  lr: 9.5265e-03  eta: 20:10:51  time: 0.4873  data_time: 0.0267  memory: 9073  loss: 1.3034  decode.loss_ohem: 0.8753  decode.acc_seg: 88.8873  aux_0.loss_ce: 0.4282  aux_0.acc_seg: 85.7983
2026/07/21 11:31:48 - mmengine - INFO - Iter(train) [ 10400/160000]  lr: 9.5208e-03  eta: 20:10:05  time: 0.4877  data_time: 0.0273  memory: 9071  loss: 1.3137  decode.loss_ohem: 0.8795  decode.acc_seg: 88.1620  aux_0.loss_ce: 0.4342  aux_0.acc_seg: 84.6650
2026/07/21 11:32:37 - mmengine - INFO - Iter(train) [ 10500/160000]  lr: 9.5150e-03  eta: 20:09:20  time: 0.4876  data_time: 0.0272  memory: 9071  loss: 1.2788  decode.loss_ohem: 0.8738  decode.acc_seg: 85.2749  aux_0.loss_ce: 0.4051  aux_0.acc_seg: 83.3565
2026/07/21 11:33:26 - mmengine - INFO - Iter(train) [ 10600/160000]  lr: 9.5093e-03  eta: 20:08:35  time: 0.4885  data_time: 0.0278  memory: 9072  loss: 1.2556  decode.loss_ohem: 0.8590  decode.acc_seg: 87.1803  aux_0.loss_ce: 0.3966  aux_0.acc_seg: 84.9897
2026/07/21 11:34:15 - mmengine - INFO - Iter(train) [ 10700/160000]  lr: 9.5036e-03  eta: 20:07:50  time: 0.4881  data_time: 0.0272  memory: 9072  loss: 1.2618  decode.loss_ohem: 0.8726  decode.acc_seg: 90.3739  aux_0.loss_ce: 0.3891  aux_0.acc_seg: 88.3924
2026/07/21 11:35:04 - mmengine - INFO - Iter(train) [ 10800/160000]  lr: 9.4979e-03  eta: 20:07:05  time: 0.4888  data_time: 0.0278  memory: 9072  loss: 1.1975  decode.loss_ohem: 0.7916  decode.acc_seg: 88.5687  aux_0.loss_ce: 0.4059  aux_0.acc_seg: 86.7182
2026/07/21 11:35:52 - mmengine - INFO - Iter(train) [ 10900/160000]  lr: 9.4921e-03  eta: 20:06:20  time: 0.4871  data_time: 0.0275  memory: 9071  loss: 1.3164  decode.loss_ohem: 0.8873  decode.acc_seg: 88.0520  aux_0.loss_ce: 0.4291  aux_0.acc_seg: 85.1658
2026/07/21 11:36:41 - mmengine - INFO - Exp name: dsanet_cityscapes_512x1024_20260721_100709
2026/07/21 11:36:41 - mmengine - INFO - Iter(train) [ 11000/160000]  lr: 9.4864e-03  eta: 20:05:34  time: 0.4881  data_time: 0.0273  memory: 9072  loss: 1.2779  decode.loss_ohem: 0.8530  decode.acc_seg: 86.8823  aux_0.loss_ce: 0.4249  aux_0.acc_seg: 82.7520
2026/07/21 11:37:30 - mmengine - INFO - Iter(train) [ 11100/160000]  lr: 9.4807e-03  eta: 20:04:48  time: 0.4876  data_time: 0.0273  memory: 9072  loss: 1.1998  decode.loss_ohem: 0.7983  decode.acc_seg: 90.4042  aux_0.loss_ce: 0.4015  aux_0.acc_seg: 88.6087
2026/07/21 11:38:19 - mmengine - INFO - Iter(train) [ 11200/160000]  lr: 9.4750e-03  eta: 20:04:02  time: 0.4874  data_time: 0.0274  memory: 9070  loss: 1.2309  decode.loss_ohem: 0.8237  decode.acc_seg: 84.8466  aux_0.loss_ce: 0.4072  aux_0.acc_seg: 82.0848
2026/07/21 11:39:07 - mmengine - INFO - Iter(train) [ 11300/160000]  lr: 9.4692e-03  eta: 20:03:17  time: 0.4882  data_time: 0.0283  memory: 9071  loss: 1.2542  decode.loss_ohem: 0.8245  decode.acc_seg: 85.7068  aux_0.loss_ce: 0.4296  aux_0.acc_seg: 84.5909
2026/07/21 11:39:56 - mmengine - INFO - Iter(train) [ 11400/160000]  lr: 9.4635e-03  eta: 20:02:31  time: 0.4878  data_time: 0.0273  memory: 9071  loss: 1.2444  decode.loss_ohem: 0.8355  decode.acc_seg: 88.5933  aux_0.loss_ce: 0.4089  aux_0.acc_seg: 86.6864
2026/07/21 11:40:45 - mmengine - INFO - Iter(train) [ 11500/160000]  lr: 9.4578e-03  eta: 20:01:45  time: 0.4873  data_time: 0.0275  memory: 9071  loss: 1.2537  decode.loss_ohem: 0.8564  decode.acc_seg: 81.0206  aux_0.loss_ce: 0.3973  aux_0.acc_seg: 78.9209
2026/07/21 11:41:34 - mmengine - INFO - Iter(train) [ 11600/160000]  lr: 9.4521e-03  eta: 20:01:00  time: 0.4892  data_time: 0.0271  memory: 9072  loss: 1.3179  decode.loss_ohem: 0.8830  decode.acc_seg: 89.2249  aux_0.loss_ce: 0.4349  aux_0.acc_seg: 86.8837
2026/07/21 11:42:22 - mmengine - INFO - Iter(train) [ 11700/160000]  lr: 9.4463e-03  eta: 20:00:13  time: 0.4882  data_time: 0.0272  memory: 9072  loss: 1.3183  decode.loss_ohem: 0.8741  decode.acc_seg: 86.9552  aux_0.loss_ce: 0.4441  aux_0.acc_seg: 82.3297
2026/07/21 11:43:11 - mmengine - INFO - Iter(train) [ 11800/160000]  lr: 9.4406e-03  eta: 19:59:27  time: 0.4881  data_time: 0.0276  memory: 9071  loss: 1.1941  decode.loss_ohem: 0.8016  decode.acc_seg: 86.7602  aux_0.loss_ce: 0.3925  aux_0.acc_seg: 84.1058
2026/07/21 11:44:00 - mmengine - INFO - Iter(train) [ 11900/160000]  lr: 9.4349e-03  eta: 19:58:43  time: 0.4884  data_time: 0.0274  memory: 9072  loss: 1.2230  decode.loss_ohem: 0.8508  decode.acc_seg: 87.6918  aux_0.loss_ce: 0.3722  aux_0.acc_seg: 83.6665
2026/07/21 11:44:49 - mmengine - INFO - Exp name: dsanet_cityscapes_512x1024_20260721_100709
2026/07/21 11:44:49 - mmengine - INFO - Iter(train) [ 12000/160000]  lr: 9.4292e-03  eta: 19:57:57  time: 0.4877  data_time: 0.0275  memory: 9072  loss: 1.2672  decode.loss_ohem: 0.8557  decode.acc_seg: 86.7513  aux_0.loss_ce: 0.4115  aux_0.acc_seg: 83.8469
2026/07/21 11:45:38 - mmengine - INFO - Iter(train) [ 12100/160000]  lr: 9.4234e-03  eta: 19:57:11  time: 0.4868  data_time: 0.0267  memory: 9071  loss: 1.2204  decode.loss_ohem: 0.8266  decode.acc_seg: 90.7417  aux_0.loss_ce: 0.3938  aux_0.acc_seg: 88.8420
2026/07/21 11:46:27 - mmengine - INFO - Iter(train) [ 12200/160000]  lr: 9.4177e-03  eta: 19:56:25  time: 0.4881  data_time: 0.0273  memory: 9071  loss: 1.2747  decode.loss_ohem: 0.8651  decode.acc_seg: 88.5612  aux_0.loss_ce: 0.4096  aux_0.acc_seg: 87.1698
2026/07/21 11:47:15 - mmengine - INFO - Iter(train) [ 12300/160000]  lr: 9.4120e-03  eta: 19:55:39  time: 0.4885  data_time: 0.0274  memory: 9070  loss: 1.3536  decode.loss_ohem: 0.8954  decode.acc_seg: 89.0656  aux_0.loss_ce: 0.4582  aux_0.acc_seg: 86.9663
2026/07/21 11:48:04 - mmengine - INFO - Iter(train) [ 12400/160000]  lr: 9.4062e-03  eta: 19:54:54  time: 0.4869  data_time: 0.0267  memory: 9070  loss: 1.2258  decode.loss_ohem: 0.8107  decode.acc_seg: 87.8849  aux_0.loss_ce: 0.4151  aux_0.acc_seg: 84.5466
2026/07/21 11:48:53 - mmengine - INFO - Iter(train) [ 12500/160000]  lr: 9.4005e-03  eta: 19:54:08  time: 0.4887  data_time: 0.0273  memory: 9072  loss: 1.1925  decode.loss_ohem: 0.8083  decode.acc_seg: 84.2598  aux_0.loss_ce: 0.3842  aux_0.acc_seg: 82.1466
2026/07/21 11:49:42 - mmengine - INFO - Iter(train) [ 12600/160000]  lr: 9.3948e-03  eta: 19:53:21  time: 0.4851  data_time: 0.0259  memory: 9071  loss: 1.2489  decode.loss_ohem: 0.8386  decode.acc_seg: 85.8496  aux_0.loss_ce: 0.4103  aux_0.acc_seg: 84.0998
2026/07/21 11:50:31 - mmengine - INFO - Iter(train) [ 12700/160000]  lr: 9.3891e-03  eta: 19:52:36  time: 0.4892  data_time: 0.0284  memory: 9071  loss: 1.2385  decode.loss_ohem: 0.8302  decode.acc_seg: 88.1655  aux_0.loss_ce: 0.4083  aux_0.acc_seg: 84.5873
2026/07/21 11:51:19 - mmengine - INFO - Iter(train) [ 12800/160000]  lr: 9.3833e-03  eta: 19:51:49  time: 0.4859  data_time: 0.0260  memory: 9071  loss: 1.2133  decode.loss_ohem: 0.8173  decode.acc_seg: 87.9057  aux_0.loss_ce: 0.3960  aux_0.acc_seg: 85.4246
2026/07/21 11:52:08 - mmengine - INFO - Iter(train) [ 12900/160000]  lr: 9.3776e-03  eta: 19:51:01  time: 0.4879  data_time: 0.0270  memory: 9072  loss: 1.2243  decode.loss_ohem: 0.8286  decode.acc_seg: 87.6469  aux_0.loss_ce: 0.3956  aux_0.acc_seg: 86.1097
2026/07/21 11:52:57 - mmengine - INFO - Exp name: dsanet_cityscapes_512x1024_20260721_100709
2026/07/21 11:52:57 - mmengine - INFO - Iter(train) [ 13000/160000]  lr: 9.3719e-03  eta: 19:50:14  time: 0.4865  data_time: 0.0264  memory: 9072  loss: 1.1689  decode.loss_ohem: 0.7753  decode.acc_seg: 89.4922  aux_0.loss_ce: 0.3935  aux_0.acc_seg: 87.9698
2026/07/21 11:53:45 - mmengine - INFO - Iter(train) [ 13100/160000]  lr: 9.3661e-03  eta: 19:49:26  time: 0.4860  data_time: 0.0268  memory: 9070  loss: 1.2500  decode.loss_ohem: 0.8613  decode.acc_seg: 89.2779  aux_0.loss_ce: 0.3887  aux_0.acc_seg: 84.5045
2026/07/21 11:54:34 - mmengine - INFO - Iter(train) [ 13200/160000]  lr: 9.3604e-03  eta: 19:48:39  time: 0.4872  data_time: 0.0271  memory: 9070  loss: 1.2398  decode.loss_ohem: 0.8519  decode.acc_seg: 88.9444  aux_0.loss_ce: 0.3879  aux_0.acc_seg: 86.5875
2026/07/21 11:55:23 - mmengine - INFO - Iter(train) [ 13300/160000]  lr: 9.3547e-03  eta: 19:47:52  time: 0.4885  data_time: 0.0276  memory: 9071  loss: 1.3781  decode.loss_ohem: 0.9520  decode.acc_seg: 83.7943  aux_0.loss_ce: 0.4261  aux_0.acc_seg: 80.3173
2026/07/21 11:56:12 - mmengine - INFO - Iter(train) [ 13400/160000]  lr: 9.3489e-03  eta: 19:47:06  time: 0.4881  data_time: 0.0278  memory: 9072  loss: 1.2302  decode.loss_ohem: 0.8407  decode.acc_seg: 87.4313  aux_0.loss_ce: 0.3895  aux_0.acc_seg: 84.9331
2026/07/21 11:57:00 - mmengine - INFO - Iter(train) [ 13500/160000]  lr: 9.3432e-03  eta: 19:46:19  time: 0.4855  data_time: 0.0267  memory: 9070  loss: 1.1412  decode.loss_ohem: 0.7923  decode.acc_seg: 86.0055  aux_0.loss_ce: 0.3489  aux_0.acc_seg: 85.2453
2026/07/21 11:57:49 - mmengine - INFO - Iter(train) [ 13600/160000]  lr: 9.3375e-03  eta: 19:45:33  time: 0.4882  data_time: 0.0275  memory: 9070  loss: 1.1430  decode.loss_ohem: 0.7827  decode.acc_seg: 91.7037  aux_0.loss_ce: 0.3603  aux_0.acc_seg: 89.2841
2026/07/21 11:58:38 - mmengine - INFO - Iter(train) [ 13700/160000]  lr: 9.3317e-03  eta: 19:44:47  time: 0.4874  data_time: 0.0265  memory: 9071  loss: 1.1787  decode.loss_ohem: 0.7978  decode.acc_seg: 85.1435  aux_0.loss_ce: 0.3809  aux_0.acc_seg: 85.5752
2026/07/21 11:59:27 - mmengine - INFO - Iter(train) [ 13800/160000]  lr: 9.3260e-03  eta: 19:44:01  time: 0.4885  data_time: 0.0272  memory: 9072  loss: 1.2820  decode.loss_ohem: 0.8650  decode.acc_seg: 84.5264  aux_0.loss_ce: 0.4170  aux_0.acc_seg: 85.8690
2026/07/21 12:00:16 - mmengine - INFO - Iter(train) [ 13900/160000]  lr: 9.3203e-03  eta: 19:43:14  time: 0.4879  data_time: 0.0276  memory: 9072  loss: 1.2186  decode.loss_ohem: 0.8221  decode.acc_seg: 86.8897  aux_0.loss_ce: 0.3965  aux_0.acc_seg: 84.0463
2026/07/21 12:01:04 - mmengine - INFO - Exp name: dsanet_cityscapes_512x1024_20260721_100709
2026/07/21 12:01:04 - mmengine - INFO - Iter(train) [ 14000/160000]  lr: 9.3145e-03  eta: 19:42:28  time: 0.4879  data_time: 0.0273  memory: 9071  loss: 1.2334  decode.loss_ohem: 0.8474  decode.acc_seg: 91.8563  aux_0.loss_ce: 0.3860  aux_0.acc_seg: 90.4371
2026/07/21 12:01:53 - mmengine - INFO - Iter(train) [ 14100/160000]  lr: 9.3088e-03  eta: 19:41:41  time: 0.4868  data_time: 0.0276  memory: 9071  loss: 1.1907  decode.loss_ohem: 0.8200  decode.acc_seg: 89.6117  aux_0.loss_ce: 0.3706  aux_0.acc_seg: 86.9778
2026/07/21 12:02:42 - mmengine - INFO - Iter(train) [ 14200/160000]  lr: 9.3031e-03  eta: 19:40:55  time: 0.4877  data_time: 0.0276  memory: 9070  loss: 1.2097  decode.loss_ohem: 0.8002  decode.acc_seg: 88.0614  aux_0.loss_ce: 0.4095  aux_0.acc_seg: 82.3810
2026/07/21 12:03:31 - mmengine - INFO - Iter(train) [ 14300/160000]  lr: 9.2973e-03  eta: 19:40:07  time: 0.4871  data_time: 0.0276  memory: 9073  loss: 1.2122  decode.loss_ohem: 0.8206  decode.acc_seg: 89.6510  aux_0.loss_ce: 0.3916  aux_0.acc_seg: 86.6592
2026/07/21 12:04:19 - mmengine - INFO - Iter(train) [ 14400/160000]  lr: 9.2916e-03  eta: 19:39:20  time: 0.4879  data_time: 0.0274  memory: 9070  loss: 1.2280  decode.loss_ohem: 0.8339  decode.acc_seg: 88.0993  aux_0.loss_ce: 0.3942  aux_0.acc_seg: 83.6105
2026/07/21 12:05:08 - mmengine - INFO - Iter(train) [ 14500/160000]  lr: 9.2858e-03  eta: 19:38:33  time: 0.4882  data_time: 0.0272  memory: 9072  loss: 1.1624  decode.loss_ohem: 0.7989  decode.acc_seg: 90.3720  aux_0.loss_ce: 0.3635  aux_0.acc_seg: 88.5054
2026/07/21 12:05:57 - mmengine - INFO - Iter(train) [ 14600/160000]  lr: 9.2801e-03  eta: 19:37:46  time: 0.4870  data_time: 0.0273  memory: 9069  loss: 1.1628  decode.loss_ohem: 0.8027  decode.acc_seg: 88.5090  aux_0.loss_ce: 0.3601  aux_0.acc_seg: 85.0892
2026/07/21 12:06:46 - mmengine - INFO - Iter(train) [ 14700/160000]  lr: 9.2744e-03  eta: 19:36:58  time: 0.4869  data_time: 0.0273  memory: 9070  loss: 1.2661  decode.loss_ohem: 0.8901  decode.acc_seg: 91.2092  aux_0.loss_ce: 0.3760  aux_0.acc_seg: 88.1914
2026/07/21 12:07:34 - mmengine - INFO - Iter(train) [ 14800/160000]  lr: 9.2686e-03  eta: 19:36:11  time: 0.4892  data_time: 0.0290  memory: 9070  loss: 1.1910  decode.loss_ohem: 0.8213  decode.acc_seg: 93.1969  aux_0.loss_ce: 0.3697  aux_0.acc_seg: 91.0540
2026/07/21 12:08:23 - mmengine - INFO - Iter(train) [ 14900/160000]  lr: 9.2629e-03  eta: 19:35:24  time: 0.4862  data_time: 0.0263  memory: 9071  loss: 1.1793  decode.loss_ohem: 0.7854  decode.acc_seg: 90.9360  aux_0.loss_ce: 0.3939  aux_0.acc_seg: 90.2284
2026/07/21 12:09:12 - mmengine - INFO - Exp name: dsanet_cityscapes_512x1024_20260721_100709
2026/07/21 12:09:12 - mmengine - INFO - Iter(train) [ 15000/160000]  lr: 9.2571e-03  eta: 19:34:36  time: 0.4875  data_time: 0.0269  memory: 9070  loss: 1.2067  decode.loss_ohem: 0.8270  decode.acc_seg: 91.0308  aux_0.loss_ce: 0.3797  aux_0.acc_seg: 86.6019
2026/07/21 12:09:12 - mmengine - INFO - Saving checkpoint at 15000 iterations
2026/07/21 12:09:18 - mmengine - INFO - Iter(val) [100/250]    eta: 0:00:08  time: 0.0562  data_time: 0.0100  memory: 801  
2026/07/21 12:09:24 - mmengine - INFO - Iter(val) [200/250]    eta: 0:00:02  time: 0.0562  data_time: 0.0098  memory: 801  
2026/07/21 12:09:26 - mmengine - INFO - per class results:
2026/07/21 12:09:26 - mmengine - INFO - 
+---------------+-------+-------+
|     Class     |  IoU  |  Acc  |
+---------------+-------+-------+
|      road     | 96.16 | 97.99 |
|    sidewalk   | 71.94 | 86.81 |
|    building   | 85.95 | 94.51 |
|      wall     | 28.17 |  31.4 |
|     fence     | 37.47 |  49.5 |
|      pole     | 43.38 | 50.17 |
| traffic light | 17.61 | 19.08 |
|  traffic sign | 48.39 | 58.08 |
|   vegetation  | 88.22 | 94.29 |
|    terrain    | 47.15 | 56.57 |
|      sky      | 89.45 | 94.77 |
|     person    | 61.78 | 77.83 |
|     rider     | 36.39 |  54.1 |
|      car      | 87.63 | 95.42 |
|     truck     | 21.46 |  23.8 |
|      bus      | 46.87 | 66.65 |
|     train     |  6.42 |  7.42 |
|   motorcycle  |  6.91 |  7.19 |
|    bicycle    |  59.4 | 73.26 |
+---------------+-------+-------+
2026/07/21 12:09:26 - mmengine - INFO - Iter(val) [250/250]    aAcc: 92.2900  mIoU: 51.6200  mAcc: 59.9400  data_time: 0.0108  time: 0.0572
2026/07/21 12:09:26 - mmengine - INFO - The previous best checkpoint /root/autodl-tmp/DSANet-main/tools/work_dirs/dsanet_cityscapes_512x1024/best_mIoU_iter_10000.pth is removed
2026/07/21 12:09:27 - mmengine - INFO - The best checkpoint with 51.6200 mIoU at 15000 iter is saved to best_mIoU_iter_15000.pth.
2026/07/21 12:10:16 - mmengine - INFO - Iter(train) [ 15100/160000]  lr: 9.2514e-03  eta: 19:33:53  time: 0.4855  data_time: 0.0274  memory: 9072  loss: 1.2649  decode.loss_ohem: 0.8815  decode.acc_seg: 79.3427  aux_0.loss_ce: 0.3835  aux_0.acc_seg: 76.0692
2026/07/21 12:11:04 - mmengine - INFO - Iter(train) [ 15200/160000]  lr: 9.2457e-03  eta: 19:33:06  time: 0.4876  data_time: 0.0275  memory: 9071  loss: 1.2028  decode.loss_ohem: 0.8239  decode.acc_seg: 88.5380  aux_0.loss_ce: 0.3788  aux_0.acc_seg: 85.7745
2026/07/21 12:11:53 - mmengine - INFO - Iter(train) [ 15300/160000]  lr: 9.2399e-03  eta: 19:32:19  time: 0.4871  data_time: 0.0272  memory: 9069  loss: 1.1522  decode.loss_ohem: 0.7804  decode.acc_seg: 90.4368  aux_0.loss_ce: 0.3718  aux_0.acc_seg: 85.4139
2026/07/21 12:12:42 - mmengine - INFO - Iter(train) [ 15400/160000]  lr: 9.2342e-03  eta: 19:31:31  time: 0.4858  data_time: 0.0264  memory: 9071  loss: 1.2276  decode.loss_ohem: 0.8285  decode.acc_seg: 88.1388  aux_0.loss_ce: 0.3991  aux_0.acc_seg: 85.7353
2026/07/21 12:13:31 - mmengine - INFO - Iter(train) [ 15500/160000]  lr: 9.2284e-03  eta: 19:30:42  time: 0.4863  data_time: 0.0264  memory: 9071  loss: 1.2903  decode.loss_ohem: 0.8871  decode.acc_seg: 88.8419  aux_0.loss_ce: 0.4032  aux_0.acc_seg: 86.4693
2026/07/21 12:14:19 - mmengine - INFO - Iter(train) [ 15600/160000]  lr: 9.2227e-03  eta: 19:29:54  time: 0.4872  data_time: 0.0268  memory: 9070  loss: 1.2711  decode.loss_ohem: 0.8602  decode.acc_seg: 89.5690  aux_0.loss_ce: 0.4109  aux_0.acc_seg: 87.0013
2026/07/21 12:15:08 - mmengine - INFO - Iter(train) [ 15700/160000]  lr: 9.2170e-03  eta: 19:29:08  time: 0.4876  data_time: 0.0280  memory: 9070  loss: 1.2772  decode.loss_ohem: 0.8978  decode.acc_seg: 89.4004  aux_0.loss_ce: 0.3795  aux_0.acc_seg: 88.6161
2026/07/21 12:15:57 - mmengine - INFO - Iter(train) [ 15800/160000]  lr: 9.2112e-03  eta: 19:28:19  time: 0.4854  data_time: 0.0265  memory: 9070  loss: 1.1213  decode.loss_ohem: 0.7758  decode.acc_seg: 91.8672  aux_0.loss_ce: 0.3455  aux_0.acc_seg: 90.2374
2026/07/21 12:16:45 - mmengine - INFO - Iter(train) [ 15900/160000]  lr: 9.2055e-03  eta: 19:27:31  time: 0.4865  data_time: 0.0269  memory: 9069  loss: 1.2464  decode.loss_ohem: 0.8536  decode.acc_seg: 87.9990  aux_0.loss_ce: 0.3928  aux_0.acc_seg: 86.3285
2026/07/21 12:17:34 - mmengine - INFO - Exp name: dsanet_cityscapes_512x1024_20260721_100709
2026/07/21 12:17:34 - mmengine - INFO - Iter(train) [ 16000/160000]  lr: 9.1997e-03  eta: 19:26:43  time: 0.4879  data_time: 0.0270  memory: 9071  loss: 1.1956  decode.loss_ohem: 0.8096  decode.acc_seg: 89.9207  aux_0.loss_ce: 0.3860  aux_0.acc_seg: 85.5816
2026/07/21 12:18:23 - mmengine - INFO - Iter(train) [ 16100/160000]  lr: 9.1940e-03  eta: 19:25:55  time: 0.4861  data_time: 0.0262  memory: 9072  loss: 1.1573  decode.loss_ohem: 0.7995  decode.acc_seg: 89.1276  aux_0.loss_ce: 0.3578  aux_0.acc_seg: 85.6374
2026/07/21 12:19:11 - mmengine - INFO - Iter(train) [ 16200/160000]  lr: 9.1882e-03  eta: 19:25:08  time: 0.4870  data_time: 0.0257  memory: 9070  loss: 1.1862  decode.loss_ohem: 0.8211  decode.acc_seg: 88.1200  aux_0.loss_ce: 0.3651  aux_0.acc_seg: 87.1396
2026/07/21 12:20:00 - mmengine - INFO - Iter(train) [ 16300/160000]  lr: 9.1825e-03  eta: 19:24:21  time: 0.4857  data_time: 0.0266  memory: 9073  loss: 1.2213  decode.loss_ohem: 0.8465  decode.acc_seg: 91.1169  aux_0.loss_ce: 0.3748  aux_0.acc_seg: 87.8721
2026/07/21 12:20:49 - mmengine - INFO - Iter(train) [ 16400/160000]  lr: 9.1768e-03  eta: 19:23:34  time: 0.4871  data_time: 0.0261  memory: 9073  loss: 1.1200  decode.loss_ohem: 0.7632  decode.acc_seg: 90.6498  aux_0.loss_ce: 0.3568  aux_0.acc_seg: 87.6050
2026/07/21 12:21:38 - mmengine - INFO - Iter(train) [ 16500/160000]  lr: 9.1710e-03  eta: 19:22:48  time: 0.4890  data_time: 0.0276  memory: 9072  loss: 1.2538  decode.loss_ohem: 0.8629  decode.acc_seg: 86.0671  aux_0.loss_ce: 0.3910  aux_0.acc_seg: 82.4305
2026/07/21 12:22:27 - mmengine - INFO - Iter(train) [ 16600/160000]  lr: 9.1653e-03  eta: 19:22:01  time: 0.4879  data_time: 0.0275  memory: 9070  loss: 1.2452  decode.loss_ohem: 0.8371  decode.acc_seg: 86.9436  aux_0.loss_ce: 0.4080  aux_0.acc_seg: 82.7792
2026/07/21 12:23:16 - mmengine - INFO - Iter(train) [ 16700/160000]  lr: 9.1595e-03  eta: 19:21:14  time: 0.4871  data_time: 0.0275  memory: 9072  loss: 1.1159  decode.loss_ohem: 0.7949  decode.acc_seg: 86.9524  aux_0.loss_ce: 0.3210  aux_0.acc_seg: 86.1792
2026/07/21 12:24:04 - mmengine - INFO - Iter(train) [ 16800/160000]  lr: 9.1538e-03  eta: 19:20:27  time: 0.4888  data_time: 0.0277  memory: 9069  loss: 1.2196  decode.loss_ohem: 0.8586  decode.acc_seg: 84.3262  aux_0.loss_ce: 0.3610  aux_0.acc_seg: 83.4330
2026/07/21 12:24:53 - mmengine - INFO - Iter(train) [ 16900/160000]  lr: 9.1480e-03  eta: 19:19:40  time: 0.4882  data_time: 0.0275  memory: 9071  loss: 1.2818  decode.loss_ohem: 0.8910  decode.acc_seg: 86.5178  aux_0.loss_ce: 0.3908  aux_0.acc_seg: 82.4116
2026/07/21 12:25:42 - mmengine - INFO - Exp name: dsanet_cityscapes_512x1024_20260721_100709
2026/07/21 12:25:42 - mmengine - INFO - Iter(train) [ 17000/160000]  lr: 9.1423e-03  eta: 19:18:53  time: 0.4862  data_time: 0.0262  memory: 9071  loss: 1.2325  decode.loss_ohem: 0.8331  decode.acc_seg: 90.5025  aux_0.loss_ce: 0.3994  aux_0.acc_seg: 87.7080
2026/07/21 12:26:31 - mmengine - INFO - Iter(train) [ 17100/160000]  lr: 9.1365e-03  eta: 19:18:05  time: 0.4888  data_time: 0.0275  memory: 9071  loss: 1.0969  decode.loss_ohem: 0.7533  decode.acc_seg: 90.6327  aux_0.loss_ce: 0.3436  aux_0.acc_seg: 86.5727
2026/07/21 12:27:20 - mmengine - INFO - Iter(train) [ 17200/160000]  lr: 9.1308e-03  eta: 19:17:18  time: 0.4886  data_time: 0.0276  memory: 9070  loss: 1.2854  decode.loss_ohem: 0.8852  decode.acc_seg: 89.4754  aux_0.loss_ce: 0.4002  aux_0.acc_seg: 87.0411
2026/07/21 12:28:08 - mmengine - INFO - Iter(train) [ 17300/160000]  lr: 9.1250e-03  eta: 19:16:29  time: 0.4842  data_time: 0.0261  memory: 9070  loss: 1.2056  decode.loss_ohem: 0.8464  decode.acc_seg: 87.7539  aux_0.loss_ce: 0.3592  aux_0.acc_seg: 84.7838
2026/07/21 12:28:57 - mmengine - INFO - Iter(train) [ 17400/160000]  lr: 9.1193e-03  eta: 19:15:39  time: 0.4853  data_time: 0.0265  memory: 9070  loss: 1.1077  decode.loss_ohem: 0.7723  decode.acc_seg: 88.9388  aux_0.loss_ce: 0.3355  aux_0.acc_seg: 87.0569
2026/07/21 12:29:45 - mmengine - INFO - Iter(train) [ 17500/160000]  lr: 9.1135e-03  eta: 19:14:46  time: 0.4863  data_time: 0.0269  memory: 9070  loss: 1.1492  decode.loss_ohem: 0.8098  decode.acc_seg: 89.7572  aux_0.loss_ce: 0.3394  aux_0.acc_seg: 87.1254
2026/07/21 12:30:33 - mmengine - INFO - Iter(train) [ 17600/160000]  lr: 9.1078e-03  eta: 19:13:57  time: 0.4863  data_time: 0.0266  memory: 9071  loss: 1.1447  decode.loss_ohem: 0.7599  decode.acc_seg: 89.0939  aux_0.loss_ce: 0.3848  aux_0.acc_seg: 88.7275
2026/07/21 12:31:22 - mmengine - INFO - Iter(train) [ 17700/160000]  lr: 9.1020e-03  eta: 19:13:10  time: 0.4905  data_time: 0.0267  memory: 9070  loss: 1.1131  decode.loss_ohem: 0.7770  decode.acc_seg: 87.9770  aux_0.loss_ce: 0.3360  aux_0.acc_seg: 85.8092
2026/07/21 12:32:11 - mmengine - INFO - Iter(train) [ 17800/160000]  lr: 9.0963e-03  eta: 19:12:20  time: 0.4860  data_time: 0.0266  memory: 9070  loss: 1.1609  decode.loss_ohem: 0.7799  decode.acc_seg: 89.8192  aux_0.loss_ce: 0.3810  aux_0.acc_seg: 88.8522
2026/07/21 12:32:59 - mmengine - INFO - Iter(train) [ 17900/160000]  lr: 9.0905e-03  eta: 19:11:31  time: 0.4851  data_time: 0.0266  memory: 9070  loss: 1.1575  decode.loss_ohem: 0.8114  decode.acc_seg: 89.7600  aux_0.loss_ce: 0.3460  aux_0.acc_seg: 88.0604
2026/07/21 12:33:48 - mmengine - INFO - Exp name: dsanet_cityscapes_512x1024_20260721_100709
2026/07/21 12:33:48 - mmengine - INFO - Iter(train) [ 18000/160000]  lr: 9.0848e-03  eta: 19:10:42  time: 0.4865  data_time: 0.0272  memory: 9071  loss: 1.1617  decode.loss_ohem: 0.7918  decode.acc_seg: 90.0208  aux_0.loss_ce: 0.3699  aux_0.acc_seg: 87.2122
2026/07/21 12:34:36 - mmengine - INFO - Iter(train) [ 18100/160000]  lr: 9.0790e-03  eta: 19:09:52  time: 0.4835  data_time: 0.0256  memory: 9071  loss: 1.0838  decode.loss_ohem: 0.7542  decode.acc_seg: 89.8792  aux_0.loss_ce: 0.3296  aux_0.acc_seg: 87.8172
2026/07/21 12:35:25 - mmengine - INFO - Iter(train) [ 18200/160000]  lr: 9.0733e-03  eta: 19:09:03  time: 0.4866  data_time: 0.0262  memory: 9069  loss: 1.1403  decode.loss_ohem: 0.7796  decode.acc_seg: 91.5593  aux_0.loss_ce: 0.3607  aux_0.acc_seg: 88.0592
2026/07/21 12:36:13 - mmengine - INFO - Iter(train) [ 18300/160000]  lr: 9.0675e-03  eta: 19:08:15  time: 0.4870  data_time: 0.0269  memory: 9069  loss: 1.2541  decode.loss_ohem: 0.8684  decode.acc_seg: 91.3662  aux_0.loss_ce: 0.3856  aux_0.acc_seg: 88.5295
2026/07/21 12:37:02 - mmengine - INFO - Iter(train) [ 18400/160000]  lr: 9.0618e-03  eta: 19:07:26  time: 0.4846  data_time: 0.0260  memory: 9071  loss: 1.0643  decode.loss_ohem: 0.7440  decode.acc_seg: 91.6061  aux_0.loss_ce: 0.3203  aux_0.acc_seg: 89.8690
2026/07/21 12:37:51 - mmengine - INFO - Iter(train) [ 18500/160000]  lr: 9.0560e-03  eta: 19:06:37  time: 0.4870  data_time: 0.0268  memory: 9069  loss: 1.1675  decode.loss_ohem: 0.7849  decode.acc_seg: 91.0660  aux_0.loss_ce: 0.3826  aux_0.acc_seg: 87.9404
2026/07/21 12:38:39 - mmengine - INFO - Iter(train) [ 18600/160000]  lr: 9.0503e-03  eta: 19:05:48  time: 0.4861  data_time: 0.0265  memory: 9069  loss: 1.2345  decode.loss_ohem: 0.8467  decode.acc_seg: 84.7279  aux_0.loss_ce: 0.3878  aux_0.acc_seg: 82.5982
2026/07/21 12:39:28 - mmengine - INFO - Iter(train) [ 18700/160000]  lr: 9.0445e-03  eta: 19:04:58  time: 0.4857  data_time: 0.0266  memory: 9069  loss: 1.1828  decode.loss_ohem: 0.8154  decode.acc_seg: 89.9073  aux_0.loss_ce: 0.3674  aux_0.acc_seg: 86.8957
2026/07/21 12:40:16 - mmengine - INFO - Iter(train) [ 18800/160000]  lr: 9.0388e-03  eta: 19:04:09  time: 0.4852  data_time: 0.0268  memory: 9070  loss: 1.1221  decode.loss_ohem: 0.7524  decode.acc_seg: 91.6597  aux_0.loss_ce: 0.3697  aux_0.acc_seg: 89.5724
2026/07/21 12:41:05 - mmengine - INFO - Iter(train) [ 18900/160000]  lr: 9.0330e-03  eta: 19:03:20  time: 0.4866  data_time: 0.0268  memory: 9071  loss: 1.2188  decode.loss_ohem: 0.8310  decode.acc_seg: 90.8939  aux_0.loss_ce: 0.3878  aux_0.acc_seg: 88.6413
2026/07/21 12:41:53 - mmengine - INFO - Exp name: dsanet_cityscapes_512x1024_20260721_100709
2026/07/21 12:41:53 - mmengine - INFO - Iter(train) [ 19000/160000]  lr: 9.0272e-03  eta: 19:02:31  time: 0.4849  data_time: 0.0260  memory: 9069  loss: 1.2487  decode.loss_ohem: 0.8429  decode.acc_seg: 87.4155  aux_0.loss_ce: 0.4058  aux_0.acc_seg: 85.0934
2026/07/21 12:42:42 - mmengine - INFO - Iter(train) [ 19100/160000]  lr: 9.0215e-03  eta: 19:01:42  time: 0.4853  data_time: 0.0272  memory: 9071  loss: 1.1570  decode.loss_ohem: 0.7986  decode.acc_seg: 87.2685  aux_0.loss_ce: 0.3583  aux_0.acc_seg: 83.9320
2026/07/21 12:43:31 - mmengine - INFO - Iter(train) [ 19200/160000]  lr: 9.0157e-03  eta: 19:00:53  time: 0.4849  data_time: 0.0265  memory: 9070  loss: 1.1711  decode.loss_ohem: 0.8058  decode.acc_seg: 88.1918  aux_0.loss_ce: 0.3653  aux_0.acc_seg: 86.7382
2026/07/21 12:44:19 - mmengine - INFO - Iter(train) [ 19300/160000]  lr: 9.0100e-03  eta: 19:00:04  time: 0.4868  data_time: 0.0274  memory: 9069  loss: 1.1796  decode.loss_ohem: 0.8150  decode.acc_seg: 89.1980  aux_0.loss_ce: 0.3646  aux_0.acc_seg: 87.2833
2026/07/21 12:45:08 - mmengine - INFO - Iter(train) [ 19400/160000]  lr: 9.0042e-03  eta: 18:59:16  time: 0.4833  data_time: 0.0252  memory: 9069  loss: 1.1718  decode.loss_ohem: 0.8196  decode.acc_seg: 90.6165  aux_0.loss_ce: 0.3522  aux_0.acc_seg: 86.2567
2026/07/21 12:45:56 - mmengine - INFO - Iter(train) [ 19500/160000]  lr: 8.9985e-03  eta: 18:58:27  time: 0.4856  data_time: 0.0268  memory: 9069  loss: 1.1826  decode.loss_ohem: 0.8120  decode.acc_seg: 88.2136  aux_0.loss_ce: 0.3705  aux_0.acc_seg: 84.0715
2026/07/21 12:46:45 - mmengine - INFO - Iter(train) [ 19600/160000]  lr: 8.9927e-03  eta: 18:57:39  time: 0.4889  data_time: 0.0288  memory: 9069  loss: 1.2901  decode.loss_ohem: 0.9014  decode.acc_seg: 86.9627  aux_0.loss_ce: 0.3887  aux_0.acc_seg: 84.4691
2026/07/21 12:47:34 - mmengine - INFO - Iter(train) [ 19700/160000]  lr: 8.9869e-03  eta: 18:56:50  time: 0.4863  data_time: 0.0268  memory: 9070  loss: 1.1219  decode.loss_ohem: 0.7854  decode.acc_seg: 91.5784  aux_0.loss_ce: 0.3365  aux_0.acc_seg: 89.7496
2026/07/21 12:48:22 - mmengine - INFO - Iter(train) [ 19800/160000]  lr: 8.9812e-03  eta: 18:56:02  time: 0.4849  data_time: 0.0263  memory: 9069  loss: 1.1917  decode.loss_ohem: 0.8201  decode.acc_seg: 91.0554  aux_0.loss_ce: 0.3716  aux_0.acc_seg: 89.0737
2026/07/21 12:49:11 - mmengine - INFO - Iter(train) [ 19900/160000]  lr: 8.9754e-03  eta: 18:55:13  time: 0.4858  data_time: 0.0266  memory: 9069  loss: 1.1489  decode.loss_ohem: 0.8000  decode.acc_seg: 91.5862  aux_0.loss_ce: 0.3489  aux_0.acc_seg: 88.3980
2026/07/21 12:50:00 - mmengine - INFO - Exp name: dsanet_cityscapes_512x1024_20260721_100709
2026/07/21 12:50:00 - mmengine - INFO - Iter(train) [ 20000/160000]  lr: 8.9697e-03  eta: 18:54:24  time: 0.4863  data_time: 0.0271  memory: 9069  loss: 1.0835  decode.loss_ohem: 0.7800  decode.acc_seg: 90.7006  aux_0.loss_ce: 0.3035  aux_0.acc_seg: 89.6154
2026/07/21 12:50:00 - mmengine - INFO - Saving checkpoint at 20000 iterations
2026/07/21 12:50:06 - mmengine - INFO - Iter(val) [100/250]    eta: 0:00:08  time: 0.0559  data_time: 0.0098  memory: 801  
2026/07/21 12:50:11 - mmengine - INFO - Iter(val) [200/250]    eta: 0:00:02  time: 0.0554  data_time: 0.0094  memory: 801  
2026/07/21 12:50:14 - mmengine - INFO - per class results:
2026/07/21 12:50:14 - mmengine - INFO - 
+---------------+-------+-------+
|     Class     |  IoU  |  Acc  |
+---------------+-------+-------+
|      road     | 96.14 | 97.81 |
|    sidewalk   |  74.0 | 86.86 |
|    building   | 86.54 | 93.54 |
|      wall     | 20.72 | 22.27 |
|     fence     |  41.0 | 60.61 |
|      pole     | 44.66 | 54.65 |
| traffic light | 24.12 | 27.05 |
|  traffic sign | 48.47 | 53.07 |
|   vegetation  | 87.67 | 95.33 |
|    terrain    | 49.39 | 59.19 |
|      sky      | 90.44 | 96.58 |
|     person    |  63.4 | 82.36 |
|     rider     | 33.62 | 40.12 |
|      car      | 87.16 | 95.55 |
|     truck     | 35.41 | 38.83 |
|      bus      | 41.95 | 47.28 |
|     train     | 35.96 | 54.74 |
|   motorcycle  |  7.86 |  8.14 |
|    bicycle    | 61.41 | 79.75 |
+---------------+-------+-------+
2026/07/21 12:50:14 - mmengine - INFO - Iter(val) [250/250]    aAcc: 92.4600  mIoU: 54.2100  mAcc: 62.8300  data_time: 0.0107  time: 0.0568
2026/07/21 12:50:14 - mmengine - INFO - The previous best checkpoint /root/autodl-tmp/DSANet-main/tools/work_dirs/dsanet_cityscapes_512x1024/best_mIoU_iter_15000.pth is removed
2026/07/21 12:50:14 - mmengine - INFO - The best checkpoint with 54.2100 mIoU at 20000 iter is saved to best_mIoU_iter_20000.pth.
2026/07/21 12:51:03 - mmengine - INFO - Iter(train) [ 20100/160000]  lr: 8.9639e-03  eta: 18:53:39  time: 0.4851  data_time: 0.0264  memory: 9070  loss: 1.1892  decode.loss_ohem: 0.8050  decode.acc_seg: 89.8688  aux_0.loss_ce: 0.3842  aux_0.acc_seg: 87.6528
2026/07/21 12:51:52 - mmengine - INFO - Iter(train) [ 20200/160000]  lr: 8.9581e-03  eta: 18:52:50  time: 0.4865  data_time: 0.0270  memory: 9069  loss: 1.1075  decode.loss_ohem: 0.7883  decode.acc_seg: 91.2619  aux_0.loss_ce: 0.3192  aux_0.acc_seg: 89.6516
2026/07/21 12:52:41 - mmengine - INFO - Iter(train) [ 20300/160000]  lr: 8.9524e-03  eta: 18:52:02  time: 0.4858  data_time: 0.0267  memory: 9068  loss: 1.1537  decode.loss_ohem: 0.7784  decode.acc_seg: 89.9156  aux_0.loss_ce: 0.3753  aux_0.acc_seg: 85.9344
2026/07/21 12:53:29 - mmengine - INFO - Iter(train) [ 20400/160000]  lr: 8.9466e-03  eta: 18:51:13  time: 0.4874  data_time: 0.0275  memory: 9069  loss: 1.1376  decode.loss_ohem: 0.7873  decode.acc_seg: 89.4554  aux_0.loss_ce: 0.3503  aux_0.acc_seg: 88.4586
2026/07/21 12:54:18 - mmengine - INFO - Iter(train) [ 20500/160000]  lr: 8.9409e-03  eta: 18:50:24  time: 0.4856  data_time: 0.0273  memory: 9070  loss: 1.2310  decode.loss_ohem: 0.8384  decode.acc_seg: 88.7835  aux_0.loss_ce: 0.3926  aux_0.acc_seg: 86.0027
2026/07/21 12:55:06 - mmengine - INFO - Iter(train) [ 20600/160000]  lr: 8.9351e-03  eta: 18:49:36  time: 0.4865  data_time: 0.0268  memory: 9071  loss: 1.0880  decode.loss_ohem: 0.7627  decode.acc_seg: 89.4745  aux_0.loss_ce: 0.3253  aux_0.acc_seg: 85.3975
2026/07/21 12:55:55 - mmengine - INFO - Iter(train) [ 20700/160000]  lr: 8.9293e-03  eta: 18:48:46  time: 0.4862  data_time: 0.0264  memory: 9069  loss: 1.1641  decode.loss_ohem: 0.8156  decode.acc_seg: 91.3560  aux_0.loss_ce: 0.3484  aux_0.acc_seg: 88.7771
2026/07/21 12:56:43 - mmengine - INFO - Iter(train) [ 20800/160000]  lr: 8.9236e-03  eta: 18:47:57  time: 0.4860  data_time: 0.0270  memory: 9069  loss: 1.0975  decode.loss_ohem: 0.7496  decode.acc_seg: 91.7051  aux_0.loss_ce: 0.3479  aux_0.acc_seg: 87.6772
2026/07/21 12:57:32 - mmengine - INFO - Iter(train) [ 20900/160000]  lr: 8.9178e-03  eta: 18:47:09  time: 0.4868  data_time: 0.0273  memory: 9070  loss: 1.2741  decode.loss_ohem: 0.8813  decode.acc_seg: 87.8973  aux_0.loss_ce: 0.3929  aux_0.acc_seg: 86.6922
2026/07/21 12:58:21 - mmengine - INFO - Exp name: dsanet_cityscapes_512x1024_20260721_100709
2026/07/21 12:58:21 - mmengine - INFO - Iter(train) [ 21000/160000]  lr: 8.9120e-03  eta: 18:46:21  time: 0.4877  data_time: 0.0274  memory: 9069  loss: 1.2577  decode.loss_ohem: 0.8835  decode.acc_seg: 88.4387  aux_0.loss_ce: 0.3743  aux_0.acc_seg: 86.6483
2026/07/21 12:59:09 - mmengine - INFO - Iter(train) [ 21100/160000]  lr: 8.9063e-03  eta: 18:45:32  time: 0.4875  data_time: 0.0271  memory: 9070  loss: 1.1788  decode.loss_ohem: 0.8231  decode.acc_seg: 89.0344  aux_0.loss_ce: 0.3556  aux_0.acc_seg: 86.1808
2026/07/21 12:59:58 - mmengine - INFO - Iter(train) [ 21200/160000]  lr: 8.9005e-03  eta: 18:44:44  time: 0.4872  data_time: 0.0273  memory: 9070  loss: 1.1545  decode.loss_ohem: 0.8003  decode.acc_seg: 93.1584  aux_0.loss_ce: 0.3542  aux_0.acc_seg: 91.8208
2026/07/21 13:00:47 - mmengine - INFO - Iter(train) [ 21300/160000]  lr: 8.8948e-03  eta: 18:43:56  time: 0.4868  data_time: 0.0273  memory: 9069  loss: 1.2132  decode.loss_ohem: 0.8320  decode.acc_seg: 89.7305  aux_0.loss_ce: 0.3812  aux_0.acc_seg: 86.1098
2026/07/21 13:01:35 - mmengine - INFO - Iter(train) [ 21400/160000]  lr: 8.8890e-03  eta: 18:43:07  time: 0.4870  data_time: 0.0271  memory: 9069  loss: 1.1637  decode.loss_ohem: 0.8052  decode.acc_seg: 89.3224  aux_0.loss_ce: 0.3585  aux_0.acc_seg: 87.7750
2026/07/21 13:02:24 - mmengine - INFO - Iter(train) [ 21500/160000]  lr: 8.8832e-03  eta: 18:42:19  time: 0.4878  data_time: 0.0268  memory: 9070  loss: 1.1950  decode.loss_ohem: 0.8416  decode.acc_seg: 84.5515  aux_0.loss_ce: 0.3535  aux_0.acc_seg: 82.0791
2026/07/21 13:03:13 - mmengine - INFO - Iter(train) [ 21600/160000]  lr: 8.8775e-03  eta: 18:41:30  time: 0.4875  data_time: 0.0274  memory: 9070  loss: 1.1362  decode.loss_ohem: 0.7753  decode.acc_seg: 91.5808  aux_0.loss_ce: 0.3609  aux_0.acc_seg: 89.3885
2026/07/21 13:04:01 - mmengine - INFO - Iter(train) [ 21700/160000]  lr: 8.8717e-03  eta: 18:40:42  time: 0.4877  data_time: 0.0272  memory: 9070  loss: 1.2635  decode.loss_ohem: 0.8857  decode.acc_seg: 90.9103  aux_0.loss_ce: 0.3779  aux_0.acc_seg: 87.5685
2026/07/21 13:04:50 - mmengine - INFO - Iter(train) [ 21800/160000]  lr: 8.8659e-03  eta: 18:39:54  time: 0.4860  data_time: 0.0269  memory: 9070  loss: 1.1870  decode.loss_ohem: 0.8324  decode.acc_seg: 91.8732  aux_0.loss_ce: 0.3546  aux_0.acc_seg: 90.0837
2026/07/21 13:05:39 - mmengine - INFO - Iter(train) [ 21900/160000]  lr: 8.8602e-03  eta: 18:39:05  time: 0.4866  data_time: 0.0272  memory: 9070  loss: 1.1591  decode.loss_ohem: 0.8364  decode.acc_seg: 87.5470  aux_0.loss_ce: 0.3227  aux_0.acc_seg: 86.7541
2026/07/21 13:06:27 - mmengine - INFO - Exp name: dsanet_cityscapes_512x1024_20260721_100709
2026/07/21 13:06:27 - mmengine - INFO - Iter(train) [ 22000/160000]  lr: 8.8544e-03  eta: 18:38:16  time: 0.4884  data_time: 0.0281  memory: 9070  loss: 1.1282  decode.loss_ohem: 0.7908  decode.acc_seg: 86.2119  aux_0.loss_ce: 0.3374  aux_0.acc_seg: 83.6235
2026/07/21 13:07:16 - mmengine - INFO - Iter(train) [ 22100/160000]  lr: 8.8486e-03  eta: 18:37:27  time: 0.4858  data_time: 0.0267  memory: 9069  loss: 1.1434  decode.loss_ohem: 0.8015  decode.acc_seg: 87.3065  aux_0.loss_ce: 0.3420  aux_0.acc_seg: 86.1816
2026/07/21 13:08:04 - mmengine - INFO - Iter(train) [ 22200/160000]  lr: 8.8429e-03  eta: 18:36:38  time: 0.4850  data_time: 0.0267  memory: 9070  loss: 1.0662  decode.loss_ohem: 0.7660  decode.acc_seg: 91.0188  aux_0.loss_ce: 0.3002  aux_0.acc_seg: 88.7805
2026/07/21 13:08:53 - mmengine - INFO - Iter(train) [ 22300/160000]  lr: 8.8371e-03  eta: 18:35:50  time: 0.4863  data_time: 0.0276  memory: 9070  loss: 1.1753  decode.loss_ohem: 0.8269  decode.acc_seg: 91.0733  aux_0.loss_ce: 0.3485  aux_0.acc_seg: 89.8456
2026/07/21 13:09:42 - mmengine - INFO - Iter(train) [ 22400/160000]  lr: 8.8313e-03  eta: 18:35:01  time: 0.4844  data_time: 0.0263  memory: 9070  loss: 1.2077  decode.loss_ohem: 0.8437  decode.acc_seg: 89.5906  aux_0.loss_ce: 0.3640  aux_0.acc_seg: 87.3434
2026/07/21 13:10:30 - mmengine - INFO - Iter(train) [ 22500/160000]  lr: 8.8255e-03  eta: 18:34:12  time: 0.4866  data_time: 0.0272  memory: 9070  loss: 1.1498  decode.loss_ohem: 0.7993  decode.acc_seg: 90.5765  aux_0.loss_ce: 0.3504  aux_0.acc_seg: 87.0523
2026/07/21 13:11:19 - mmengine - INFO - Iter(train) [ 22600/160000]  lr: 8.8198e-03  eta: 18:33:24  time: 0.4879  data_time: 0.0273  memory: 9070  loss: 1.1536  decode.loss_ohem: 0.7911  decode.acc_seg: 89.7188  aux_0.loss_ce: 0.3625  aux_0.acc_seg: 87.2100
2026/07/21 13:12:08 - mmengine - INFO - Iter(train) [ 22700/160000]  lr: 8.8140e-03  eta: 18:32:35  time: 0.4861  data_time: 0.0269  memory: 9071  loss: 1.1066  decode.loss_ohem: 0.7637  decode.acc_seg: 91.1048  aux_0.loss_ce: 0.3429  aux_0.acc_seg: 88.0246
2026/07/21 13:12:56 - mmengine - INFO - Iter(train) [ 22800/160000]  lr: 8.8082e-03  eta: 18:31:46  time: 0.4853  data_time: 0.0268  memory: 9070  loss: 1.2445  decode.loss_ohem: 0.8466  decode.acc_seg: 89.9565  aux_0.loss_ce: 0.3978  aux_0.acc_seg: 88.3879
2026/07/21 13:13:45 - mmengine - INFO - Iter(train) [ 22900/160000]  lr: 8.8025e-03  eta: 18:30:58  time: 0.4867  data_time: 0.0270  memory: 9069  loss: 1.0755  decode.loss_ohem: 0.7403  decode.acc_seg: 92.6570  aux_0.loss_ce: 0.3352  aux_0.acc_seg: 89.5416
2026/07/21 13:14:33 - mmengine - INFO - Exp name: dsanet_cityscapes_512x1024_20260721_100709
2026/07/21 13:14:33 - mmengine - INFO - Iter(train) [ 23000/160000]  lr: 8.7967e-03  eta: 18:30:09  time: 0.4856  data_time: 0.0264  memory: 9070  loss: 1.0800  decode.loss_ohem: 0.7430  decode.acc_seg: 92.1788  aux_0.loss_ce: 0.3370  aux_0.acc_seg: 87.6339
2026/07/21 13:15:22 - mmengine - INFO - Iter(train) [ 23100/160000]  lr: 8.7909e-03  eta: 18:29:20  time: 0.4870  data_time: 0.0274  memory: 9070  loss: 1.1650  decode.loss_ohem: 0.8221  decode.acc_seg: 85.8714  aux_0.loss_ce: 0.3430  aux_0.acc_seg: 84.0213
2026/07/21 13:16:11 - mmengine - INFO - Iter(train) [ 23200/160000]  lr: 8.7851e-03  eta: 18:28:32  time: 0.4857  data_time: 0.0266  memory: 9071  loss: 1.1419  decode.loss_ohem: 0.7953  decode.acc_seg: 90.6589  aux_0.loss_ce: 0.3466  aux_0.acc_seg: 87.8462
2026/07/21 13:16:59 - mmengine - INFO - Iter(train) [ 23300/160000]  lr: 8.7794e-03  eta: 18:27:43  time: 0.4850  data_time: 0.0264  memory: 9070  loss: 1.2382  decode.loss_ohem: 0.8373  decode.acc_seg: 93.3613  aux_0.loss_ce: 0.4009  aux_0.acc_seg: 92.2015
2026/07/21 13:17:48 - mmengine - INFO - Iter(train) [ 23400/160000]  lr: 8.7736e-03  eta: 18:26:54  time: 0.4867  data_time: 0.0270  memory: 9069  loss: 1.1913  decode.loss_ohem: 0.8313  decode.acc_seg: 91.7845  aux_0.loss_ce: 0.3600  aux_0.acc_seg: 88.6211
2026/07/21 13:18:36 - mmengine - INFO - Iter(train) [ 23500/160000]  lr: 8.7678e-03  eta: 18:26:05  time: 0.4857  data_time: 0.0267  memory: 9070  loss: 1.1501  decode.loss_ohem: 0.7927  decode.acc_seg: 90.0830  aux_0.loss_ce: 0.3575  aux_0.acc_seg: 83.3914
2026/07/21 13:19:25 - mmengine - INFO - Iter(train) [ 23600/160000]  lr: 8.7620e-03  eta: 18:25:16  time: 0.4848  data_time: 0.0260  memory: 9068  loss: 1.0686  decode.loss_ohem: 0.7549  decode.acc_seg: 90.7692  aux_0.loss_ce: 0.3137  aux_0.acc_seg: 89.8047
2026/07/21 13:20:13 - mmengine - INFO - Iter(train) [ 23700/160000]  lr: 8.7563e-03  eta: 18:24:27  time: 0.4877  data_time: 0.0272  memory: 9072  loss: 1.1038  decode.loss_ohem: 0.7613  decode.acc_seg: 93.1529  aux_0.loss_ce: 0.3425  aux_0.acc_seg: 89.0526
2026/07/21 13:21:02 - mmengine - INFO - Iter(train) [ 23800/160000]  lr: 8.7505e-03  eta: 18:23:38  time: 0.4863  data_time: 0.0268  memory: 9071  loss: 1.0994  decode.loss_ohem: 0.7384  decode.acc_seg: 88.8383  aux_0.loss_ce: 0.3610  aux_0.acc_seg: 87.7144
2026/07/21 13:21:51 - mmengine - INFO - Iter(train) [ 23900/160000]  lr: 8.7447e-03  eta: 18:22:50  time: 0.4870  data_time: 0.0277  memory: 9069  loss: 1.0638  decode.loss_ohem: 0.7408  decode.acc_seg: 93.8692  aux_0.loss_ce: 0.3230  aux_0.acc_seg: 92.7021
2026/07/21 13:22:39 - mmengine - INFO - Exp name: dsanet_cityscapes_512x1024_20260721_100709
2026/07/21 13:22:39 - mmengine - INFO - Iter(train) [ 24000/160000]  lr: 8.7389e-03  eta: 18:22:01  time: 0.4858  data_time: 0.0264  memory: 9069  loss: 1.1526  decode.loss_ohem: 0.8101  decode.acc_seg: 92.4301  aux_0.loss_ce: 0.3426  aux_0.acc_seg: 89.5803
2026/07/21 13:23:28 - mmengine - INFO - Iter(train) [ 24100/160000]  lr: 8.7332e-03  eta: 18:21:12  time: 0.4849  data_time: 0.0264  memory: 9070  loss: 1.1365  decode.loss_ohem: 0.7917  decode.acc_seg: 90.5667  aux_0.loss_ce: 0.3448  aux_0.acc_seg: 87.9611
2026/07/21 13:24:16 - mmengine - INFO - Iter(train) [ 24200/160000]  lr: 8.7274e-03  eta: 18:20:23  time: 0.4865  data_time: 0.0271  memory: 9069  loss: 1.1274  decode.loss_ohem: 0.7759  decode.acc_seg: 89.7216  aux_0.loss_ce: 0.3515  aux_0.acc_seg: 88.4741
2026/07/21 13:25:05 - mmengine - INFO - Iter(train) [ 24300/160000]  lr: 8.7216e-03  eta: 18:19:35  time: 0.4859  data_time: 0.0267  memory: 9071  loss: 1.1854  decode.loss_ohem: 0.8225  decode.acc_seg: 90.7777  aux_0.loss_ce: 0.3629  aux_0.acc_seg: 88.4826
2026/07/21 13:25:54 - mmengine - INFO - Iter(train) [ 24400/160000]  lr: 8.7158e-03  eta: 18:18:46  time: 0.4871  data_time: 0.0270  memory: 9070  loss: 1.1160  decode.loss_ohem: 0.7693  decode.acc_seg: 86.1328  aux_0.loss_ce: 0.3467  aux_0.acc_seg: 83.5792
2026/07/21 13:26:42 - mmengine - INFO - Iter(train) [ 24500/160000]  lr: 8.7101e-03  eta: 18:17:58  time: 0.4879  data_time: 0.0271  memory: 9070  loss: 1.1722  decode.loss_ohem: 0.7925  decode.acc_seg: 92.5375  aux_0.loss_ce: 0.3797  aux_0.acc_seg: 90.3088
2026/07/21 13:27:31 - mmengine - INFO - Iter(train) [ 24600/160000]  lr: 8.7043e-03  eta: 18:17:09  time: 0.4868  data_time: 0.0270  memory: 9069  loss: 1.0933  decode.loss_ohem: 0.7583  decode.acc_seg: 92.6601  aux_0.loss_ce: 0.3350  aux_0.acc_seg: 90.3229
2026/07/21 13:28:20 - mmengine - INFO - Iter(train) [ 24700/160000]  lr: 8.6985e-03  eta: 18:16:21  time: 0.4881  data_time: 0.0271  memory: 9071  loss: 1.1739  decode.loss_ohem: 0.8271  decode.acc_seg: 87.5406  aux_0.loss_ce: 0.3467  aux_0.acc_seg: 86.6647
2026/07/21 13:29:08 - mmengine - INFO - Iter(train) [ 24800/160000]  lr: 8.6927e-03  eta: 18:15:33  time: 0.4869  data_time: 0.0267  memory: 9071  loss: 1.1004  decode.loss_ohem: 0.7685  decode.acc_seg: 91.5414  aux_0.loss_ce: 0.3319  aux_0.acc_seg: 89.3248
2026/07/21 13:29:57 - mmengine - INFO - Iter(train) [ 24900/160000]  lr: 8.6869e-03  eta: 18:14:45  time: 0.4863  data_time: 0.0266  memory: 9070  loss: 1.0909  decode.loss_ohem: 0.7624  decode.acc_seg: 89.6920  aux_0.loss_ce: 0.3285  aux_0.acc_seg: 85.7718
2026/07/21 13:30:46 - mmengine - INFO - Exp name: dsanet_cityscapes_512x1024_20260721_100709
2026/07/21 13:30:46 - mmengine - INFO - Iter(train) [ 25000/160000]  lr: 8.6812e-03  eta: 18:13:56  time: 0.4854  data_time: 0.0265  memory: 9069  loss: 1.0352  decode.loss_ohem: 0.7308  decode.acc_seg: 92.4010  aux_0.loss_ce: 0.3044  aux_0.acc_seg: 91.1976
2026/07/21 13:30:46 - mmengine - INFO - Saving checkpoint at 25000 iterations
2026/07/21 13:30:52 - mmengine - INFO - Iter(val) [100/250]    eta: 0:00:08  time: 0.0549  data_time: 0.0091  memory: 801  
2026/07/21 13:30:57 - mmengine - INFO - Iter(val) [200/250]    eta: 0:00:02  time: 0.0550  data_time: 0.0090  memory: 801  
2026/07/21 13:31:00 - mmengine - INFO - per class results:
2026/07/21 13:31:00 - mmengine - INFO - 
+---------------+-------+-------+
|     Class     |  IoU  |  Acc  |
+---------------+-------+-------+
|      road     | 95.03 | 98.91 |
|    sidewalk   | 63.63 | 68.55 |
|    building   | 84.91 | 96.26 |
|      wall     | 31.64 | 36.24 |
|     fence     | 30.78 | 34.29 |
|      pole     | 43.71 | 50.57 |
| traffic light |  27.2 | 30.01 |
|  traffic sign | 52.25 | 57.52 |
|   vegetation  | 87.34 | 91.63 |
|    terrain    | 51.01 |  68.5 |
|      sky      | 89.87 | 93.51 |
|     person    | 66.92 |  84.3 |
|     rider     | 42.27 | 60.09 |
|      car      | 88.72 | 94.51 |
|     truck     |  42.2 |  56.6 |
|      bus      | 53.79 |  79.2 |
|     train     | 19.46 | 35.96 |
|   motorcycle  | 20.57 | 23.02 |
|    bicycle    | 62.26 | 81.64 |
+---------------+-------+-------+
2026/07/21 13:31:00 - mmengine - INFO - Iter(val) [250/250]    aAcc: 91.8600  mIoU: 55.4500  mAcc: 65.3300  data_time: 0.0104  time: 0.0562
2026/07/21 13:31:00 - mmengine - INFO - The previous best checkpoint /root/autodl-tmp/DSANet-main/tools/work_dirs/dsanet_cityscapes_512x1024/best_mIoU_iter_20000.pth is removed
2026/07/21 13:31:01 - mmengine - INFO - The best checkpoint with 55.4500 mIoU at 25000 iter is saved to best_mIoU_iter_25000.pth.
2026/07/21 13:31:49 - mmengine - INFO - Iter(train) [ 25100/160000]  lr: 8.6754e-03  eta: 18:13:11  time: 0.4848  data_time: 0.0275  memory: 9070  loss: 1.0288  decode.loss_ohem: 0.7184  decode.acc_seg: 92.4853  aux_0.loss_ce: 0.3104  aux_0.acc_seg: 91.0624
2026/07/21 13:32:38 - mmengine - INFO - Iter(train) [ 25200/160000]  lr: 8.6696e-03  eta: 18:12:22  time: 0.4851  data_time: 0.0271  memory: 9069  loss: 1.1360  decode.loss_ohem: 0.7907  decode.acc_seg: 85.8586  aux_0.loss_ce: 0.3452  aux_0.acc_seg: 83.3612
2026/07/21 13:33:26 - mmengine - INFO - Iter(train) [ 25300/160000]  lr: 8.6638e-03  eta: 18:11:33  time: 0.4858  data_time: 0.0271  memory: 9069  loss: 1.2669  decode.loss_ohem: 0.8693  decode.acc_seg: 90.7023  aux_0.loss_ce: 0.3977  aux_0.acc_seg: 86.9812
2026/07/21 13:34:15 - mmengine - INFO - Iter(train) [ 25400/160000]  lr: 8.6580e-03  eta: 18:10:43  time: 0.4846  data_time: 0.0272  memory: 9070  loss: 1.1960  decode.loss_ohem: 0.8485  decode.acc_seg: 92.6507  aux_0.loss_ce: 0.3476  aux_0.acc_seg: 89.2127
2026/07/21 13:35:04 - mmengine - INFO - Iter(train) [ 25500/160000]  lr: 8.6522e-03  eta: 18:09:54  time: 0.4862  data_time: 0.0275  memory: 9069  loss: 1.1462  decode.loss_ohem: 0.7771  decode.acc_seg: 91.7602  aux_0.loss_ce: 0.3690  aux_0.acc_seg: 89.8748
2026/07/21 13:35:52 - mmengine - INFO - Iter(train) [ 25600/160000]  lr: 8.6465e-03  eta: 18:09:05  time: 0.4838  data_time: 0.0271  memory: 9069  loss: 1.1225  decode.loss_ohem: 0.7894  decode.acc_seg: 91.8652  aux_0.loss_ce: 0.3331  aux_0.acc_seg: 90.5642
2026/07/21 13:36:40 - mmengine - INFO - Iter(train) [ 25700/160000]  lr: 8.6407e-03  eta: 18:08:16  time: 0.4842  data_time: 0.0265  memory: 9070  loss: 1.0459  decode.loss_ohem: 0.7284  decode.acc_seg: 93.1861  aux_0.loss_ce: 0.3174  aux_0.acc_seg: 90.2909
2026/07/21 13:37:29 - mmengine - INFO - Iter(train) [ 25800/160000]  lr: 8.6349e-03  eta: 18:07:27  time: 0.4842  data_time: 0.0263  memory: 9070  loss: 1.0947  decode.loss_ohem: 0.7756  decode.acc_seg: 88.1052  aux_0.loss_ce: 0.3190  aux_0.acc_seg: 85.6085
2026/07/21 13:38:18 - mmengine - INFO - Iter(train) [ 25900/160000]  lr: 8.6291e-03  eta: 18:06:38  time: 0.4854  data_time: 0.0270  memory: 9069  loss: 1.1828  decode.loss_ohem: 0.8365  decode.acc_seg: 86.1850  aux_0.loss_ce: 0.3463  aux_0.acc_seg: 81.4918
2026/07/21 13:39:06 - mmengine - INFO - Exp name: dsanet_cityscapes_512x1024_20260721_100709
2026/07/21 13:39:06 - mmengine - INFO - Iter(train) [ 26000/160000]  lr: 8.6233e-03  eta: 18:05:50  time: 0.4861  data_time: 0.0273  memory: 9070  loss: 1.1378  decode.loss_ohem: 0.8116  decode.acc_seg: 92.7960  aux_0.loss_ce: 0.3261  aux_0.acc_seg: 90.9725
2026/07/21 13:39:55 - mmengine - INFO - Iter(train) [ 26100/160000]  lr: 8.6175e-03  eta: 18:05:01  time: 0.4859  data_time: 0.0267  memory: 9070  loss: 1.1923  decode.loss_ohem: 0.8249  decode.acc_seg: 91.6938  aux_0.loss_ce: 0.3674  aux_0.acc_seg: 88.1292
2026/07/21 13:40:44 - mmengine - INFO - Iter(train) [ 26200/160000]  lr: 8.6118e-03  eta: 18:04:12  time: 0.4863  data_time: 0.0271  memory: 9070  loss: 1.0563  decode.loss_ohem: 0.7456  decode.acc_seg: 90.9587  aux_0.loss_ce: 0.3107  aux_0.acc_seg: 88.7723
2026/07/21 13:41:32 - mmengine - INFO - Iter(train) [ 26300/160000]  lr: 8.6060e-03  eta: 18:03:23  time: 0.4852  data_time: 0.0268  memory: 9071  loss: 1.1938  decode.loss_ohem: 0.8153  decode.acc_seg: 87.9907  aux_0.loss_ce: 0.3785  aux_0.acc_seg: 82.4351
2026/07/21 13:42:21 - mmengine - INFO - Iter(train) [ 26400/160000]  lr: 8.6002e-03  eta: 18:02:34  time: 0.4866  data_time: 0.0268  memory: 9069  loss: 1.1438  decode.loss_ohem: 0.8077  decode.acc_seg: 89.3239  aux_0.loss_ce: 0.3361  aux_0.acc_seg: 86.5803
2026/07/21 13:43:09 - mmengine - INFO - Iter(train) [ 26500/160000]  lr: 8.5944e-03  eta: 18:01:45  time: 0.4850  data_time: 0.0260  memory: 9070  loss: 1.1558  decode.loss_ohem: 0.7942  decode.acc_seg: 89.9756  aux_0.loss_ce: 0.3617  aux_0.acc_seg: 86.3113
2026/07/21 13:43:58 - mmengine - INFO - Iter(train) [ 26600/160000]  lr: 8.5886e-03  eta: 18:00:57  time: 0.4861  data_time: 0.0271  memory: 9069  loss: 1.0916  decode.loss_ohem: 0.7715  decode.acc_seg: 90.5751  aux_0.loss_ce: 0.3201  aux_0.acc_seg: 87.7362
2026/07/21 13:44:46 - mmengine - INFO - Iter(train) [ 26700/160000]  lr: 8.5828e-03  eta: 18:00:08  time: 0.4861  data_time: 0.0263  memory: 9070  loss: 1.1888  decode.loss_ohem: 0.8341  decode.acc_seg: 86.3818  aux_0.loss_ce: 0.3547  aux_0.acc_seg: 85.1108
2026/07/21 13:45:35 - mmengine - INFO - Iter(train) [ 26800/160000]  lr: 8.5770e-03  eta: 17:59:19  time: 0.4849  data_time: 0.0265  memory: 9070  loss: 1.1542  decode.loss_ohem: 0.8158  decode.acc_seg: 91.3349  aux_0.loss_ce: 0.3384  aux_0.acc_seg: 90.4085
2026/07/21 13:46:24 - mmengine - INFO - Iter(train) [ 26900/160000]  lr: 8.5712e-03  eta: 17:58:31  time: 0.4857  data_time: 0.0264  memory: 9069  loss: 1.1191  decode.loss_ohem: 0.7817  decode.acc_seg: 92.1970  aux_0.loss_ce: 0.3373  aux_0.acc_seg: 87.7476
2026/07/21 13:47:12 - mmengine - INFO - Exp name: dsanet_cityscapes_512x1024_20260721_100709
2026/07/21 13:47:12 - mmengine - INFO - Iter(train) [ 27000/160000]  lr: 8.5655e-03  eta: 17:57:43  time: 0.4874  data_time: 0.0271  memory: 9071  loss: 1.1695  decode.loss_ohem: 0.8043  decode.acc_seg: 85.4852  aux_0.loss_ce: 0.3652  aux_0.acc_seg: 81.7803
2026/07/21 13:48:01 - mmengine - INFO - Iter(train) [ 27100/160000]  lr: 8.5597e-03  eta: 17:56:54  time: 0.4893  data_time: 0.0276  memory: 9070  loss: 1.1819  decode.loss_ohem: 0.8037  decode.acc_seg: 89.7730  aux_0.loss_ce: 0.3781  aux_0.acc_seg: 84.9710
2026/07/21 13:48:50 - mmengine - INFO - Iter(train) [ 27200/160000]  lr: 8.5539e-03  eta: 17:56:06  time: 0.4857  data_time: 0.0264  memory: 9069  loss: 1.1222  decode.loss_ohem: 0.7926  decode.acc_seg: 89.9208  aux_0.loss_ce: 0.3296  aux_0.acc_seg: 87.6441
2026/07/21 13:49:38 - mmengine - INFO - Iter(train) [ 27300/160000]  lr: 8.5481e-03  eta: 17:55:17  time: 0.4856  data_time: 0.0268  memory: 9069  loss: 1.1497  decode.loss_ohem: 0.8087  decode.acc_seg: 85.8995  aux_0.loss_ce: 0.3410  aux_0.acc_seg: 83.7905
2026/07/21 13:50:27 - mmengine - INFO - Iter(train) [ 27400/160000]  lr: 8.5423e-03  eta: 17:54:28  time: 0.4874  data_time: 0.0272  memory: 9070  loss: 1.1676  decode.loss_ohem: 0.8255  decode.acc_seg: 89.1515  aux_0.loss_ce: 0.3421  aux_0.acc_seg: 86.3300
2026/07/21 13:51:16 - mmengine - INFO - Iter(train) [ 27500/160000]  lr: 8.5365e-03  eta: 17:53:40  time: 0.4858  data_time: 0.0262  memory: 9070  loss: 1.1035  decode.loss_ohem: 0.7720  decode.acc_seg: 91.6830  aux_0.loss_ce: 0.3315  aux_0.acc_seg: 88.0728
2026/07/21 13:52:04 - mmengine - INFO - Iter(train) [ 27600/160000]  lr: 8.5307e-03  eta: 17:52:51  time: 0.4864  data_time: 0.0264  memory: 9069  loss: 1.1173  decode.loss_ohem: 0.7782  decode.acc_seg: 90.6616  aux_0.loss_ce: 0.3390  aux_0.acc_seg: 88.1202
2026/07/21 13:52:53 - mmengine - INFO - Iter(train) [ 27700/160000]  lr: 8.5249e-03  eta: 17:52:03  time: 0.4865  data_time: 0.0268  memory: 9069  loss: 1.1033  decode.loss_ohem: 0.7717  decode.acc_seg: 91.9060  aux_0.loss_ce: 0.3315  aux_0.acc_seg: 87.8269
2026/07/21 13:53:41 - mmengine - INFO - Iter(train) [ 27800/160000]  lr: 8.5191e-03  eta: 17:51:14  time: 0.4845  data_time: 0.0253  memory: 9067  loss: 1.1710  decode.loss_ohem: 0.8261  decode.acc_seg: 92.8161  aux_0.loss_ce: 0.3448  aux_0.acc_seg: 91.0759
2026/07/21 13:54:30 - mmengine - INFO - Iter(train) [ 27900/160000]  lr: 8.5133e-03  eta: 17:50:25  time: 0.4863  data_time: 0.0267  memory: 9068  loss: 1.1037  decode.loss_ohem: 0.7692  decode.acc_seg: 91.6559  aux_0.loss_ce: 0.3344  aux_0.acc_seg: 87.2619
2026/07/21 13:55:19 - mmengine - INFO - Exp name: dsanet_cityscapes_512x1024_20260721_100709
2026/07/21 13:55:19 - mmengine - INFO - Iter(train) [ 28000/160000]  lr: 8.5075e-03  eta: 17:49:37  time: 0.4869  data_time: 0.0268  memory: 9069  loss: 1.0417  decode.loss_ohem: 0.7243  decode.acc_seg: 94.2191  aux_0.loss_ce: 0.3174  aux_0.acc_seg: 93.5069
2026/07/21 13:56:07 - mmengine - INFO - Iter(train) [ 28100/160000]  lr: 8.5017e-03  eta: 17:48:48  time: 0.4881  data_time: 0.0270  memory: 9069  loss: 1.1392  decode.loss_ohem: 0.7922  decode.acc_seg: 90.9984  aux_0.loss_ce: 0.3470  aux_0.acc_seg: 87.9263
2026/07/21 13:56:56 - mmengine - INFO - Iter(train) [ 28200/160000]  lr: 8.4959e-03  eta: 17:48:00  time: 0.4865  data_time: 0.0274  memory: 9069  loss: 1.0987  decode.loss_ohem: 0.7745  decode.acc_seg: 91.3337  aux_0.loss_ce: 0.3243  aux_0.acc_seg: 89.4854
2026/07/21 13:57:45 - mmengine - INFO - Iter(train) [ 28300/160000]  lr: 8.4902e-03  eta: 17:47:11  time: 0.4856  data_time: 0.0262  memory: 9069  loss: 1.1267  decode.loss_ohem: 0.7879  decode.acc_seg: 87.1096  aux_0.loss_ce: 0.3388  aux_0.acc_seg: 85.5448
2026/07/21 13:58:33 - mmengine - INFO - Iter(train) [ 28400/160000]  lr: 8.4844e-03  eta: 17:46:22  time: 0.4870  data_time: 0.0269  memory: 9069  loss: 1.1628  decode.loss_ohem: 0.7971  decode.acc_seg: 90.7057  aux_0.loss_ce: 0.3658  aux_0.acc_seg: 87.2541
2026/07/21 13:59:22 - mmengine - INFO - Iter(train) [ 28500/160000]  lr: 8.4786e-03  eta: 17:45:34  time: 0.4870  data_time: 0.0270  memory: 9068  loss: 1.1075  decode.loss_ohem: 0.7936  decode.acc_seg: 90.0542  aux_0.loss_ce: 0.3139  aux_0.acc_seg: 87.4013
2026/07/21 14:00:10 - mmengine - INFO - Iter(train) [ 28600/160000]  lr: 8.4728e-03  eta: 17:44:45  time: 0.4861  data_time: 0.0267  memory: 9068  loss: 1.1094  decode.loss_ohem: 0.7660  decode.acc_seg: 92.4449  aux_0.loss_ce: 0.3434  aux_0.acc_seg: 87.4284
2026/07/21 14:00:59 - mmengine - INFO - Iter(train) [ 28700/160000]  lr: 8.4670e-03  eta: 17:43:57  time: 0.4879  data_time: 0.0277  memory: 9069  loss: 1.1650  decode.loss_ohem: 0.8286  decode.acc_seg: 90.9327  aux_0.loss_ce: 0.3365  aux_0.acc_seg: 89.7129
2026/07/21 14:01:48 - mmengine - INFO - Iter(train) [ 28800/160000]  lr: 8.4612e-03  eta: 17:43:09  time: 0.4890  data_time: 0.0283  memory: 9069  loss: 1.1503  decode.loss_ohem: 0.8072  decode.acc_seg: 91.7811  aux_0.loss_ce: 0.3431  aux_0.acc_seg: 88.6109
2026/07/21 14:02:37 - mmengine - INFO - Iter(train) [ 28900/160000]  lr: 8.4554e-03  eta: 17:42:20  time: 0.4866  data_time: 0.0272  memory: 9069  loss: 1.1001  decode.loss_ohem: 0.7643  decode.acc_seg: 89.7108  aux_0.loss_ce: 0.3359  aux_0.acc_seg: 85.5036
2026/07/21 14:03:25 - mmengine - INFO - Exp name: dsanet_cityscapes_512x1024_20260721_100709
2026/07/21 14:03:25 - mmengine - INFO - Iter(train) [ 29000/160000]  lr: 8.4496e-03  eta: 17:41:32  time: 0.4866  data_time: 0.0269  memory: 9068  loss: 1.1225  decode.loss_ohem: 0.7927  decode.acc_seg: 87.9615  aux_0.loss_ce: 0.3298  aux_0.acc_seg: 87.4446
2026/07/21 14:04:14 - mmengine - INFO - Iter(train) [ 29100/160000]  lr: 8.4438e-03  eta: 17:40:43  time: 0.4858  data_time: 0.0265  memory: 9069  loss: 1.1466  decode.loss_ohem: 0.8006  decode.acc_seg: 91.8661  aux_0.loss_ce: 0.3460  aux_0.acc_seg: 90.3820
2026/07/21 14:05:03 - mmengine - INFO - Iter(train) [ 29200/160000]  lr: 8.4380e-03  eta: 17:39:55  time: 0.4859  data_time: 0.0261  memory: 9070  loss: 1.0994  decode.loss_ohem: 0.7710  decode.acc_seg: 87.5749  aux_0.loss_ce: 0.3284  aux_0.acc_seg: 84.2208
2026/07/21 14:05:52 - mmengine - INFO - Iter(train) [ 29300/160000]  lr: 8.4322e-03  eta: 17:39:08  time: 0.4901  data_time: 0.0272  memory: 9068  loss: 1.1507  decode.loss_ohem: 0.8038  decode.acc_seg: 89.9780  aux_0.loss_ce: 0.3468  aux_0.acc_seg: 86.4321
2026/07/21 14:06:40 - mmengine - INFO - Iter(train) [ 29400/160000]  lr: 8.4264e-03  eta: 17:38:20  time: 0.4875  data_time: 0.0266  memory: 9071  loss: 1.1782  decode.loss_ohem: 0.8165  decode.acc_seg: 86.8521  aux_0.loss_ce: 0.3617  aux_0.acc_seg: 84.2005
2026/07/21 14:07:29 - mmengine - INFO - Iter(train) [ 29500/160000]  lr: 8.4206e-03  eta: 17:37:32  time: 0.4874  data_time: 0.0270  memory: 9070  loss: 1.1387  decode.loss_ohem: 0.8034  decode.acc_seg: 88.2373  aux_0.loss_ce: 0.3353  aux_0.acc_seg: 87.7722
2026/07/21 14:08:18 - mmengine - INFO - Iter(train) [ 29600/160000]  lr: 8.4148e-03  eta: 17:36:42  time: 0.4873  data_time: 0.0264  memory: 9068  loss: 1.1688  decode.loss_ohem: 0.8223  decode.acc_seg: 90.9263  aux_0.loss_ce: 0.3465  aux_0.acc_seg: 88.7690
2026/07/21 14:09:06 - mmengine - INFO - Iter(train) [ 29700/160000]  lr: 8.4090e-03  eta: 17:35:54  time: 0.4858  data_time: 0.0268  memory: 9068  loss: 1.0720  decode.loss_ohem: 0.7808  decode.acc_seg: 92.0842  aux_0.loss_ce: 0.2912  aux_0.acc_seg: 90.5388
2026/07/21 14:09:55 - mmengine - INFO - Iter(train) [ 29800/160000]  lr: 8.4032e-03  eta: 17:35:05  time: 0.4782  data_time: 0.0250  memory: 9068  loss: 1.1108  decode.loss_ohem: 0.7727  decode.acc_seg: 88.1422  aux_0.loss_ce: 0.3381  aux_0.acc_seg: 86.1901
2026/07/21 14:10:43 - mmengine - INFO - Iter(train) [ 29900/160000]  lr: 8.3974e-03  eta: 17:34:16  time: 0.4862  data_time: 0.0262  memory: 9068  loss: 0.9970  decode.loss_ohem: 0.7060  decode.acc_seg: 92.7119  aux_0.loss_ce: 0.2911  aux_0.acc_seg: 88.7036
2026/07/21 14:11:32 - mmengine - INFO - Exp name: dsanet_cityscapes_512x1024_20260721_100709
2026/07/21 14:11:32 - mmengine - INFO - Iter(train) [ 30000/160000]  lr: 8.3916e-03  eta: 17:33:27  time: 0.4894  data_time: 0.0290  memory: 9070  loss: 1.1186  decode.loss_ohem: 0.7859  decode.acc_seg: 92.1451  aux_0.loss_ce: 0.3327  aux_0.acc_seg: 89.3828
2026/07/21 14:11:32 - mmengine - INFO - Saving checkpoint at 30000 iterations
2026/07/21 14:11:38 - mmengine - INFO - Iter(val) [100/250]    eta: 0:00:08  time: 0.0556  data_time: 0.0094  memory: 801  
2026/07/21 14:11:43 - mmengine - INFO - Iter(val) [200/250]    eta: 0:00:02  time: 0.0580  data_time: 0.0109  memory: 801  
2026/07/21 14:11:46 - mmengine - INFO - per class results:
2026/07/21 14:11:46 - mmengine - INFO - 
+---------------+-------+-------+
|     Class     |  IoU  |  Acc  |
+---------------+-------+-------+
|      road     | 96.46 |  97.7 |
|    sidewalk   | 75.83 | 88.57 |
|    building   | 86.19 | 95.34 |
|      wall     | 38.53 | 45.49 |
|     fence     | 31.72 | 36.64 |
|      pole     | 45.58 | 52.15 |
| traffic light | 30.62 | 32.68 |
|  traffic sign | 55.26 | 60.09 |
|   vegetation  | 89.33 | 94.57 |
|    terrain    | 52.45 | 69.05 |
|      sky      | 90.97 | 96.73 |
|     person    | 65.64 | 82.28 |
|     rider     |  37.3 | 45.44 |
|      car      | 88.61 |  92.7 |
|     truck     | 23.55 | 38.46 |
|      bus      |  40.3 | 62.86 |
|     train     | 26.26 | 85.22 |
|   motorcycle  | 12.81 | 12.92 |
|    bicycle    | 62.96 | 76.32 |
+---------------+-------+-------+
2026/07/21 14:11:46 - mmengine - INFO - Iter(val) [250/250]    aAcc: 92.7600  mIoU: 55.2800  mAcc: 66.5900  data_time: 0.0104  time: 0.0565
2026/07/21 14:12:35 - mmengine - INFO - Iter(train) [ 30100/160000]  lr: 8.3858e-03  eta: 17:32:40  time: 0.4882  data_time: 0.0279  memory: 9070  loss: 1.1514  decode.loss_ohem: 0.8086  decode.acc_seg: 91.9977  aux_0.loss_ce: 0.3428  aux_0.acc_seg: 89.4824
2026/07/21 14:13:24 - mmengine - INFO - Iter(train) [ 30200/160000]  lr: 8.3800e-03  eta: 17:31:52  time: 0.4911  data_time: 0.0267  memory: 9069  loss: 1.1426  decode.loss_ohem: 0.7891  decode.acc_seg: 86.8828  aux_0.loss_ce: 0.3535  aux_0.acc_seg: 82.1183
2026/07/21 14:14:13 - mmengine - INFO - Iter(train) [ 30300/160000]  lr: 8.3742e-03  eta: 17:31:05  time: 0.4884  data_time: 0.0276  memory: 9069  loss: 1.0736  decode.loss_ohem: 0.7363  decode.acc_seg: 93.5891  aux_0.loss_ce: 0.3373  aux_0.acc_seg: 90.6491
2026/07/21 14:15:01 - mmengine - INFO - Iter(train) [ 30400/160000]  lr: 8.3684e-03  eta: 17:30:15  time: 0.4812  data_time: 0.0266  memory: 9069  loss: 1.0026  decode.loss_ohem: 0.6976  decode.acc_seg: 92.8830  aux_0.loss_ce: 0.3050  aux_0.acc_seg: 91.0272
2026/07/21 14:15:50 - mmengine - INFO - Iter(train) [ 30500/160000]  lr: 8.3626e-03  eta: 17:29:27  time: 0.4854  data_time: 0.0263  memory: 9070  loss: 1.1173  decode.loss_ohem: 0.7804  decode.acc_seg: 89.6680  aux_0.loss_ce: 0.3369  aux_0.acc_seg: 86.9107
2026/07/21 14:16:39 - mmengine - INFO - Iter(train) [ 30600/160000]  lr: 8.3568e-03  eta: 17:28:39  time: 0.4880  data_time: 0.0273  memory: 9068  loss: 1.1848  decode.loss_ohem: 0.8203  decode.acc_seg: 90.8706  aux_0.loss_ce: 0.3645  aux_0.acc_seg: 86.9867
2026/07/21 14:17:27 - mmengine - INFO - Iter(train) [ 30700/160000]  lr: 8.3509e-03  eta: 17:27:49  time: 0.4860  data_time: 0.0270  memory: 9070  loss: 1.1422  decode.loss_ohem: 0.8092  decode.acc_seg: 89.3759  aux_0.loss_ce: 0.3330  aux_0.acc_seg: 87.7924
2026/07/21 14:18:16 - mmengine - INFO - Iter(train) [ 30800/160000]  lr: 8.3451e-03  eta: 17:27:01  time: 0.4828  data_time: 0.0269  memory: 9068  loss: 1.1372  decode.loss_ohem: 0.8199  decode.acc_seg: 89.2099  aux_0.loss_ce: 0.3173  aux_0.acc_seg: 88.0555
2026/07/21 14:19:05 - mmengine - INFO - Iter(train) [ 30900/160000]  lr: 8.3393e-03  eta: 17:26:13  time: 0.4859  data_time: 0.0260  memory: 9068  loss: 1.2739  decode.loss_ohem: 0.8925  decode.acc_seg: 87.2980  aux_0.loss_ce: 0.3815  aux_0.acc_seg: 81.8330
2026/07/21 14:19:54 - mmengine - INFO - Exp name: dsanet_cityscapes_512x1024_20260721_100709
2026/07/21 14:19:54 - mmengine - INFO - Iter(train) [ 31000/160000]  lr: 8.3335e-03  eta: 17:25:25  time: 0.4903  data_time: 0.0277  memory: 9069  loss: 1.2465  decode.loss_ohem: 0.8716  decode.acc_seg: 89.4845  aux_0.loss_ce: 0.3750  aux_0.acc_seg: 87.1034
2026/07/21 14:20:42 - mmengine - INFO - Iter(train) [ 31100/160000]  lr: 8.3277e-03  eta: 17:24:36  time: 0.4847  data_time: 0.0256  memory: 9069  loss: 1.0225  decode.loss_ohem: 0.7117  decode.acc_seg: 89.7460  aux_0.loss_ce: 0.3107  aux_0.acc_seg: 86.7156
2026/07/21 14:21:31 - mmengine - INFO - Iter(train) [ 31200/160000]  lr: 8.3219e-03  eta: 17:23:47  time: 0.4860  data_time: 0.0265  memory: 9070  loss: 1.1492  decode.loss_ohem: 0.7695  decode.acc_seg: 90.4588  aux_0.loss_ce: 0.3797  aux_0.acc_seg: 88.5083
2026/07/21 14:22:19 - mmengine - INFO - Iter(train) [ 31300/160000]  lr: 8.3161e-03  eta: 17:22:58  time: 0.4854  data_time: 0.0267  memory: 9069  loss: 1.0590  decode.loss_ohem: 0.7547  decode.acc_seg: 90.7154  aux_0.loss_ce: 0.3043  aux_0.acc_seg: 88.2714
2026/07/21 14:23:08 - mmengine - INFO - Iter(train) [ 31400/160000]  lr: 8.3103e-03  eta: 17:22:09  time: 0.4878  data_time: 0.0267  memory: 9068  loss: 1.1129  decode.loss_ohem: 0.7595  decode.acc_seg: 89.3187  aux_0.loss_ce: 0.3534  aux_0.acc_seg: 86.2943
2026/07/21 14:23:56 - mmengine - INFO - Iter(train) [ 31500/160000]  lr: 8.3045e-03  eta: 17:21:20  time: 0.4849  data_time: 0.0255  memory: 9068  loss: 1.0396  decode.loss_ohem: 0.7284  decode.acc_seg: 93.7898  aux_0.loss_ce: 0.3112  aux_0.acc_seg: 90.6075
2026/07/21 14:24:45 - mmengine - INFO - Iter(train) [ 31600/160000]  lr: 8.2987e-03  eta: 17:20:31  time: 0.4851  data_time: 0.0252  memory: 9068  loss: 1.1136  decode.loss_ohem: 0.7670  decode.acc_seg: 91.4333  aux_0.loss_ce: 0.3466  aux_0.acc_seg: 87.8641
2026/07/21 14:25:33 - mmengine - INFO - Iter(train) [ 31700/160000]  lr: 8.2929e-03  eta: 17:19:42  time: 0.4854  data_time: 0.0251  memory: 9068  loss: 1.1137  decode.loss_ohem: 0.7857  decode.acc_seg: 91.5529  aux_0.loss_ce: 0.3280  aux_0.acc_seg: 88.0234
2026/07/21 14:26:22 - mmengine - INFO - Iter(train) [ 31800/160000]  lr: 8.2871e-03  eta: 17:18:54  time: 0.4912  data_time: 0.0260  memory: 9068  loss: 1.1078  decode.loss_ohem: 0.7903  decode.acc_seg: 92.3871  aux_0.loss_ce: 0.3175  aux_0.acc_seg: 91.2380
2026/07/21 14:27:11 - mmengine - INFO - Iter(train) [ 31900/160000]  lr: 8.2812e-03  eta: 17:18:05  time: 0.4855  data_time: 0.0262  memory: 9068  loss: 1.0856  decode.loss_ohem: 0.7615  decode.acc_seg: 91.1505  aux_0.loss_ce: 0.3241  aux_0.acc_seg: 89.2540
2026/07/21 14:27:59 - mmengine - INFO - Exp name: dsanet_cityscapes_512x1024_20260721_100709
2026/07/21 14:27:59 - mmengine - INFO - Iter(train) [ 32000/160000]  lr: 8.2754e-03  eta: 17:17:16  time: 0.4857  data_time: 0.0265  memory: 9069  loss: 1.1944  decode.loss_ohem: 0.8618  decode.acc_seg: 90.7105  aux_0.loss_ce: 0.3326  aux_0.acc_seg: 86.6993
2026/07/21 14:28:48 - mmengine - INFO - Iter(train) [ 32100/160000]  lr: 8.2696e-03  eta: 17:16:28  time: 0.4855  data_time: 0.0258  memory: 9070  loss: 1.1574  decode.loss_ohem: 0.8170  decode.acc_seg: 91.6257  aux_0.loss_ce: 0.3405  aux_0.acc_seg: 88.8814
2026/07/21 14:29:36 - mmengine - INFO - Iter(train) [ 32200/160000]  lr: 8.2638e-03  eta: 17:15:39  time: 0.4847  data_time: 0.0265  memory: 9070  loss: 1.1139  decode.loss_ohem: 0.8025  decode.acc_seg: 89.8923  aux_0.loss_ce: 0.3114  aux_0.acc_seg: 88.4837
2026/07/21 14:30:25 - mmengine - INFO - Iter(train) [ 32300/160000]  lr: 8.2580e-03  eta: 17:14:50  time: 0.4867  data_time: 0.0266  memory: 9070  loss: 1.0705  decode.loss_ohem: 0.7362  decode.acc_seg: 89.4447  aux_0.loss_ce: 0.3343  aux_0.acc_seg: 85.8763
2026/07/21 14:31:14 - mmengine - INFO - Iter(train) [ 32400/160000]  lr: 8.2522e-03  eta: 17:14:01  time: 0.4852  data_time: 0.0254  memory: 9069  loss: 1.1559  decode.loss_ohem: 0.8284  decode.acc_seg: 92.2382  aux_0.loss_ce: 0.3275  aux_0.acc_seg: 87.2181
2026/07/21 14:32:02 - mmengine - INFO - Iter(train) [ 32500/160000]  lr: 8.2464e-03  eta: 17:13:12  time: 0.4867  data_time: 0.0261  memory: 9068  loss: 1.0304  decode.loss_ohem: 0.7166  decode.acc_seg: 91.7857  aux_0.loss_ce: 0.3138  aux_0.acc_seg: 89.2522
2026/07/21 14:32:50 - mmengine - INFO - Iter(train) [ 32600/160000]  lr: 8.2406e-03  eta: 17:12:22  time: 0.4840  data_time: 0.0254  memory: 9070  loss: 1.2265  decode.loss_ohem: 0.8900  decode.acc_seg: 91.4601  aux_0.loss_ce: 0.3365  aux_0.acc_seg: 89.1048
2026/07/21 14:33:39 - mmengine - INFO - Iter(train) [ 32700/160000]  lr: 8.2347e-03  eta: 17:11:33  time: 0.4883  data_time: 0.0279  memory: 9068  loss: 1.1590  decode.loss_ohem: 0.7978  decode.acc_seg: 89.2326  aux_0.loss_ce: 0.3612  aux_0.acc_seg: 86.7938
2026/07/21 14:34:27 - mmengine - INFO - Iter(train) [ 32800/160000]  lr: 8.2289e-03  eta: 17:10:44  time: 0.4869  data_time: 0.0273  memory: 9068  loss: 1.1138  decode.loss_ohem: 0.7697  decode.acc_seg: 91.7291  aux_0.loss_ce: 0.3441  aux_0.acc_seg: 90.8204
2026/07/21 14:35:16 - mmengine - INFO - Iter(train) [ 32900/160000]  lr: 8.2231e-03  eta: 17:09:55  time: 0.4827  data_time: 0.0246  memory: 9070  loss: 1.1196  decode.loss_ohem: 0.8010  decode.acc_seg: 92.4936  aux_0.loss_ce: 0.3186  aux_0.acc_seg: 90.4961
2026/07/21 14:36:04 - mmengine - INFO - Exp name: dsanet_cityscapes_512x1024_20260721_100709
2026/07/21 14:36:04 - mmengine - INFO - Iter(train) [ 33000/160000]  lr: 8.2173e-03  eta: 17:09:05  time: 0.4833  data_time: 0.0251  memory: 9068  loss: 1.1709  decode.loss_ohem: 0.8351  decode.acc_seg: 88.4855  aux_0.loss_ce: 0.3357  aux_0.acc_seg: 82.3529
2026/07/21 14:36:53 - mmengine - INFO - Iter(train) [ 33100/160000]  lr: 8.2115e-03  eta: 17:08:15  time: 0.4834  data_time: 0.0253  memory: 9069  loss: 1.0532  decode.loss_ohem: 0.7339  decode.acc_seg: 91.0722  aux_0.loss_ce: 0.3193  aux_0.acc_seg: 89.4075
2026/07/21 14:37:41 - mmengine - INFO - Iter(train) [ 33200/160000]  lr: 8.2057e-03  eta: 17:07:26  time: 0.4821  data_time: 0.0250  memory: 9069  loss: 1.0074  decode.loss_ohem: 0.7022  decode.acc_seg: 92.9099  aux_0.loss_ce: 0.3052  aux_0.acc_seg: 89.6776
2026/07/21 14:38:29 - mmengine - INFO - Iter(train) [ 33300/160000]  lr: 8.1998e-03  eta: 17:06:36  time: 0.4816  data_time: 0.0246  memory: 9070  loss: 1.0773  decode.loss_ohem: 0.7569  decode.acc_seg: 89.0600  aux_0.loss_ce: 0.3203  aux_0.acc_seg: 86.0585
2026/07/21 14:39:18 - mmengine - INFO - Iter(train) [ 33400/160000]  lr: 8.1940e-03  eta: 17:05:47  time: 0.4856  data_time: 0.0275  memory: 9068  loss: 1.0509  decode.loss_ohem: 0.7275  decode.acc_seg: 92.2723  aux_0.loss_ce: 0.3234  aux_0.acc_seg: 89.7232
2026/07/21 14:40:07 - mmengine - INFO - Iter(train) [ 33500/160000]  lr: 8.1882e-03  eta: 17:04:59  time: 0.4858  data_time: 0.0265  memory: 9070  loss: 1.0948  decode.loss_ohem: 0.7574  decode.acc_seg: 90.8250  aux_0.loss_ce: 0.3374  aux_0.acc_seg: 88.4195
2026/07/21 14:40:55 - mmengine - INFO - Iter(train) [ 33600/160000]  lr: 8.1824e-03  eta: 17:04:11  time: 0.4873  data_time: 0.0271  memory: 9070  loss: 1.0771  decode.loss_ohem: 0.7547  decode.acc_seg: 92.4785  aux_0.loss_ce: 0.3224  aux_0.acc_seg: 88.6751
2026/07/21 14:41:44 - mmengine - INFO - Iter(train) [ 33700/160000]  lr: 8.1766e-03  eta: 17:03:22  time: 0.4874  data_time: 0.0268  memory: 9069  loss: 1.1089  decode.loss_ohem: 0.7589  decode.acc_seg: 90.2909  aux_0.loss_ce: 0.3500  aux_0.acc_seg: 87.7711
2026/07/21 14:42:33 - mmengine - INFO - Iter(train) [ 33800/160000]  lr: 8.1707e-03  eta: 17:02:34  time: 0.4947  data_time: 0.0283  memory: 9070  loss: 1.0595  decode.loss_ohem: 0.7576  decode.acc_seg: 92.7243  aux_0.loss_ce: 0.3019  aux_0.acc_seg: 90.4437
2026/07/21 14:43:21 - mmengine - INFO - Iter(train) [ 33900/160000]  lr: 8.1649e-03  eta: 17:01:45  time: 0.4874  data_time: 0.0278  memory: 9069  loss: 1.0393  decode.loss_ohem: 0.7568  decode.acc_seg: 92.2918  aux_0.loss_ce: 0.2826  aux_0.acc_seg: 91.0059
2026/07/21 14:44:10 - mmengine - INFO - Exp name: dsanet_cityscapes_512x1024_20260721_100709
2026/07/21 14:44:10 - mmengine - INFO - Iter(train) [ 34000/160000]  lr: 8.1591e-03  eta: 17:00:57  time: 0.4879  data_time: 0.0275  memory: 9070  loss: 1.1032  decode.loss_ohem: 0.8034  decode.acc_seg: 88.3187  aux_0.loss_ce: 0.2998  aux_0.acc_seg: 86.0617
2026/07/21 14:44:58 - mmengine - INFO - Iter(train) [ 34100/160000]  lr: 8.1533e-03  eta: 17:00:08  time: 0.4815  data_time: 0.0245  memory: 9068  loss: 1.0641  decode.loss_ohem: 0.7721  decode.acc_seg: 92.8884  aux_0.loss_ce: 0.2920  aux_0.acc_seg: 90.1996
2026/07/21 14:45:47 - mmengine - INFO - Iter(train) [ 34200/160000]  lr: 8.1475e-03  eta: 16:59:18  time: 0.4821  data_time: 0.0249  memory: 9068  loss: 1.0178  decode.loss_ohem: 0.7242  decode.acc_seg: 92.9655  aux_0.loss_ce: 0.2936  aux_0.acc_seg: 90.8437
2026/07/21 14:46:35 - mmengine - INFO - Iter(train) [ 34300/160000]  lr: 8.1416e-03  eta: 16:58:29  time: 0.4837  data_time: 0.0251  memory: 9069  loss: 1.0933  decode.loss_ohem: 0.7946  decode.acc_seg: 93.7163  aux_0.loss_ce: 0.2987  aux_0.acc_seg: 91.8170
2026/07/21 14:47:24 - mmengine - INFO - Iter(train) [ 34400/160000]  lr: 8.1358e-03  eta: 16:57:40  time: 0.4861  data_time: 0.0279  memory: 9068  loss: 1.1445  decode.loss_ohem: 0.8248  decode.acc_seg: 88.2342  aux_0.loss_ce: 0.3197  aux_0.acc_seg: 86.9401
2026/07/21 14:48:12 - mmengine - INFO - Iter(train) [ 34500/160000]  lr: 8.1300e-03  eta: 16:56:51  time: 0.4854  data_time: 0.0263  memory: 9068  loss: 1.1183  decode.loss_ohem: 0.7931  decode.acc_seg: 89.8483  aux_0.loss_ce: 0.3252  aux_0.acc_seg: 86.7066
2026/07/21 14:49:01 - mmengine - INFO - Iter(train) [ 34600/160000]  lr: 8.1242e-03  eta: 16:56:02  time: 0.4847  data_time: 0.0262  memory: 9069  loss: 1.0780  decode.loss_ohem: 0.7752  decode.acc_seg: 91.0341  aux_0.loss_ce: 0.3029  aux_0.acc_seg: 88.4908
2026/07/21 14:49:49 - mmengine - INFO - Iter(train) [ 34700/160000]  lr: 8.1184e-03  eta: 16:55:13  time: 0.4861  data_time: 0.0265  memory: 9069  loss: 1.1768  decode.loss_ohem: 0.8235  decode.acc_seg: 90.0160  aux_0.loss_ce: 0.3533  aux_0.acc_seg: 88.3476
2026/07/21 14:50:38 - mmengine - INFO - Iter(train) [ 34800/160000]  lr: 8.1125e-03  eta: 16:54:24  time: 0.4913  data_time: 0.0271  memory: 9071  loss: 1.1167  decode.loss_ohem: 0.7866  decode.acc_seg: 86.2413  aux_0.loss_ce: 0.3301  aux_0.acc_seg: 84.4060
2026/07/21 14:51:26 - mmengine - INFO - Iter(train) [ 34900/160000]  lr: 8.1067e-03  eta: 16:53:35  time: 0.4856  data_time: 0.0269  memory: 9069  loss: 1.0720  decode.loss_ohem: 0.7473  decode.acc_seg: 91.2727  aux_0.loss_ce: 0.3248  aux_0.acc_seg: 89.2662
2026/07/21 14:52:15 - mmengine - INFO - Exp name: dsanet_cityscapes_512x1024_20260721_100709
2026/07/21 14:52:15 - mmengine - INFO - Iter(train) [ 35000/160000]  lr: 8.1009e-03  eta: 16:52:46  time: 0.4903  data_time: 0.0275  memory: 9069  loss: 1.1087  decode.loss_ohem: 0.7854  decode.acc_seg: 86.7045  aux_0.loss_ce: 0.3233  aux_0.acc_seg: 82.4680
2026/07/21 14:52:15 - mmengine - INFO - Saving checkpoint at 35000 iterations
2026/07/21 14:52:21 - mmengine - INFO - Iter(val) [100/250]    eta: 0:00:08  time: 0.0553  data_time: 0.0095  memory: 801  
2026/07/21 14:52:27 - mmengine - INFO - Iter(val) [200/250]    eta: 0:00:02  time: 0.0560  data_time: 0.0097  memory: 801  
2026/07/21 14:52:30 - mmengine - INFO - per class results:
2026/07/21 14:52:30 - mmengine - INFO - 
+---------------+-------+-------+
|     Class     |  IoU  |  Acc  |
+---------------+-------+-------+
|      road     | 96.58 | 98.84 |
|    sidewalk   |  75.3 | 82.85 |
|    building   | 87.53 | 93.74 |
|      wall     | 39.36 | 43.95 |
|     fence     | 46.49 | 55.63 |
|      pole     | 51.37 | 61.04 |
| traffic light | 42.33 | 52.28 |
|  traffic sign | 58.84 | 71.58 |
|   vegetation  | 89.33 | 95.29 |
|    terrain    | 54.44 | 69.13 |
|      sky      | 90.86 | 96.48 |
|     person    | 69.25 | 86.92 |
|     rider     | 41.35 |  48.8 |
|      car      | 87.49 | 96.53 |
|     truck     | 39.79 | 54.25 |
|      bus      | 55.52 | 65.48 |
|     train     | 17.25 | 18.01 |
|   motorcycle  |  17.7 | 18.13 |
|    bicycle    | 65.67 | 78.24 |
+---------------+-------+-------+
2026/07/21 14:52:30 - mmengine - INFO - Iter(val) [250/250]    aAcc: 93.3500  mIoU: 59.2900  mAcc: 67.7500  data_time: 0.0108  time: 0.0572
2026/07/21 14:52:30 - mmengine - INFO - The previous best checkpoint /root/autodl-tmp/DSANet-main/tools/work_dirs/dsanet_cityscapes_512x1024/best_mIoU_iter_25000.pth is removed
2026/07/21 14:52:30 - mmengine - INFO - The best checkpoint with 59.2900 mIoU at 35000 iter is saved to best_mIoU_iter_35000.pth.
2026/07/21 14:53:19 - mmengine - INFO - Iter(train) [ 35100/160000]  lr: 8.0951e-03  eta: 16:52:00  time: 0.4830  data_time: 0.0260  memory: 9067  loss: 1.0482  decode.loss_ohem: 0.7420  decode.acc_seg: 91.2891  aux_0.loss_ce: 0.3061  aux_0.acc_seg: 89.7310
2026/07/21 14:54:07 - mmengine - INFO - Iter(train) [ 35200/160000]  lr: 8.0892e-03  eta: 16:51:11  time: 0.4860  data_time: 0.0267  memory: 9067  loss: 1.1565  decode.loss_ohem: 0.8175  decode.acc_seg: 90.7301  aux_0.loss_ce: 0.3389  aux_0.acc_seg: 88.1332
2026/07/21 14:54:56 - mmengine - INFO - Iter(train) [ 35300/160000]  lr: 8.0834e-03  eta: 16:50:22  time: 0.4866  data_time: 0.0270  memory: 9069  loss: 1.0512  decode.loss_ohem: 0.7555  decode.acc_seg: 91.3908  aux_0.loss_ce: 0.2958  aux_0.acc_seg: 88.6207
2026/07/21 14:55:45 - mmengine - INFO - Iter(train) [ 35400/160000]  lr: 8.0776e-03  eta: 16:49:34  time: 0.4867  data_time: 0.0268  memory: 9071  loss: 1.2063  decode.loss_ohem: 0.8503  decode.acc_seg: 87.4256  aux_0.loss_ce: 0.3559  aux_0.acc_seg: 83.9608
2026/07/21 14:56:33 - mmengine - INFO - Iter(train) [ 35500/160000]  lr: 8.0717e-03  eta: 16:48:46  time: 0.4876  data_time: 0.0291  memory: 9070  loss: 1.0429  decode.loss_ohem: 0.7428  decode.acc_seg: 90.2885  aux_0.loss_ce: 0.3001  aux_0.acc_seg: 88.2384
2026/07/21 14:57:22 - mmengine - INFO - Iter(train) [ 35600/160000]  lr: 8.0659e-03  eta: 16:47:58  time: 0.4886  data_time: 0.0279  memory: 9069  loss: 1.1866  decode.loss_ohem: 0.8432  decode.acc_seg: 90.1452  aux_0.loss_ce: 0.3434  aux_0.acc_seg: 87.7217
2026/07/21 14:58:11 - mmengine - INFO - Iter(train) [ 35700/160000]  lr: 8.0601e-03  eta: 16:47:10  time: 0.4888  data_time: 0.0277  memory: 9070  loss: 1.1370  decode.loss_ohem: 0.8025  decode.acc_seg: 88.4738  aux_0.loss_ce: 0.3344  aux_0.acc_seg: 83.7419
2026/07/21 14:59:00 - mmengine - INFO - Iter(train) [ 35800/160000]  lr: 8.0543e-03  eta: 16:46:22  time: 0.4857  data_time: 0.0263  memory: 9069  loss: 1.1148  decode.loss_ohem: 0.8037  decode.acc_seg: 90.6608  aux_0.loss_ce: 0.3111  aux_0.acc_seg: 85.8511
2026/07/21 14:59:48 - mmengine - INFO - Iter(train) [ 35900/160000]  lr: 8.0484e-03  eta: 16:45:33  time: 0.4812  data_time: 0.0265  memory: 9069  loss: 1.0978  decode.loss_ohem: 0.7698  decode.acc_seg: 88.2212  aux_0.loss_ce: 0.3279  aux_0.acc_seg: 87.0840
2026/07/21 15:00:37 - mmengine - INFO - Exp name: dsanet_cityscapes_512x1024_20260721_100709
2026/07/21 15:00:37 - mmengine - INFO - Iter(train) [ 36000/160000]  lr: 8.0426e-03  eta: 16:44:44  time: 0.4874  data_time: 0.0266  memory: 9069  loss: 1.1011  decode.loss_ohem: 0.7848  decode.acc_seg: 87.9820  aux_0.loss_ce: 0.3164  aux_0.acc_seg: 84.7200
2026/07/21 15:01:26 - mmengine - INFO - Iter(train) [ 36100/160000]  lr: 8.0368e-03  eta: 16:43:56  time: 0.4796  data_time: 0.0266  memory: 9069  loss: 1.0334  decode.loss_ohem: 0.7326  decode.acc_seg: 91.5210  aux_0.loss_ce: 0.3008  aux_0.acc_seg: 89.2871
2026/07/21 15:02:14 - mmengine - INFO - Iter(train) [ 36200/160000]  lr: 8.0309e-03  eta: 16:43:07  time: 0.4871  data_time: 0.0272  memory: 9069  loss: 1.1294  decode.loss_ohem: 0.8089  decode.acc_seg: 91.2886  aux_0.loss_ce: 0.3205  aux_0.acc_seg: 88.3490
2026/07/21 15:03:03 - mmengine - INFO - Iter(train) [ 36300/160000]  lr: 8.0251e-03  eta: 16:42:19  time: 0.4852  data_time: 0.0265  memory: 9070  loss: 1.1281  decode.loss_ohem: 0.7754  decode.acc_seg: 88.7674  aux_0.loss_ce: 0.3527  aux_0.acc_seg: 85.4844
2026/07/21 15:03:52 - mmengine - INFO - Iter(train) [ 36400/160000]  lr: 8.0193e-03  eta: 16:41:30  time: 0.4876  data_time: 0.0272  memory: 9068  loss: 1.0218  decode.loss_ohem: 0.7019  decode.acc_seg: 90.1979  aux_0.loss_ce: 0.3199  aux_0.acc_seg: 87.4092
2026/07/21 15:04:40 - mmengine - INFO - Iter(train) [ 36500/160000]  lr: 8.0134e-03  eta: 16:40:41  time: 0.4898  data_time: 0.0267  memory: 9070  loss: 1.1887  decode.loss_ohem: 0.8096  decode.acc_seg: 91.2287  aux_0.loss_ce: 0.3791  aux_0.acc_seg: 88.5819
2026/07/21 15:05:29 - mmengine - INFO - Iter(train) [ 36600/160000]  lr: 8.0076e-03  eta: 16:39:53  time: 0.4870  data_time: 0.0270  memory: 9067  loss: 1.1173  decode.loss_ohem: 0.8046  decode.acc_seg: 88.0029  aux_0.loss_ce: 0.3127  aux_0.acc_seg: 84.5493
2026/07/21 15:06:17 - mmengine - INFO - Iter(train) [ 36700/160000]  lr: 8.0018e-03  eta: 16:39:03  time: 0.4844  data_time: 0.0270  memory: 9070  loss: 1.0578  decode.loss_ohem: 0.7328  decode.acc_seg: 89.4340  aux_0.loss_ce: 0.3250  aux_0.acc_seg: 88.6310
2026/07/21 15:07:06 - mmengine - INFO - Iter(train) [ 36800/160000]  lr: 7.9959e-03  eta: 16:38:14  time: 0.4852  data_time: 0.0267  memory: 9069  loss: 1.0454  decode.loss_ohem: 0.7421  decode.acc_seg: 93.2521  aux_0.loss_ce: 0.3033  aux_0.acc_seg: 90.4070
2026/07/21 15:07:54 - mmengine - INFO - Iter(train) [ 36900/160000]  lr: 7.9901e-03  eta: 16:37:26  time: 0.4763  data_time: 0.0262  memory: 9068  loss: 1.1507  decode.loss_ohem: 0.8027  decode.acc_seg: 89.7506  aux_0.loss_ce: 0.3481  aux_0.acc_seg: 87.9288
2026/07/21 15:08:43 - mmengine - INFO - Exp name: dsanet_cityscapes_512x1024_20260721_100709
2026/07/21 15:08:43 - mmengine - INFO - Iter(train) [ 37000/160000]  lr: 7.9843e-03  eta: 16:36:36  time: 0.4851  data_time: 0.0264  memory: 9068  loss: 1.1507  decode.loss_ohem: 0.8203  decode.acc_seg: 92.7586  aux_0.loss_ce: 0.3303  aux_0.acc_seg: 91.3865
2026/07/21 15:09:31 - mmengine - INFO - Iter(train) [ 37100/160000]  lr: 7.9784e-03  eta: 16:35:47  time: 0.4849  data_time: 0.0260  memory: 9069  loss: 1.0862  decode.loss_ohem: 0.7545  decode.acc_seg: 87.5279  aux_0.loss_ce: 0.3317  aux_0.acc_seg: 85.5342
2026/07/21 15:10:20 - mmengine - INFO - Iter(train) [ 37200/160000]  lr: 7.9726e-03  eta: 16:34:58  time: 0.4859  data_time: 0.0264  memory: 9068  loss: 1.0879  decode.loss_ohem: 0.7649  decode.acc_seg: 89.6469  aux_0.loss_ce: 0.3230  aux_0.acc_seg: 87.4256
2026/07/21 15:11:08 - mmengine - INFO - Iter(train) [ 37300/160000]  lr: 7.9668e-03  eta: 16:34:09  time: 0.4864  data_time: 0.0274  memory: 9069  loss: 1.0882  decode.loss_ohem: 0.7575  decode.acc_seg: 90.9505  aux_0.loss_ce: 0.3307  aux_0.acc_seg: 86.8943
2026/07/21 15:11:57 - mmengine - INFO - Iter(train) [ 37400/160000]  lr: 7.9609e-03  eta: 16:33:20  time: 0.4868  data_time: 0.0275  memory: 9070  loss: 1.1076  decode.loss_ohem: 0.8030  decode.acc_seg: 92.4387  aux_0.loss_ce: 0.3046  aux_0.acc_seg: 90.6950
2026/07/21 15:12:45 - mmengine - INFO - Iter(train) [ 37500/160000]  lr: 7.9551e-03  eta: 16:32:32  time: 0.4859  data_time: 0.0267  memory: 9069  loss: 1.0618  decode.loss_ohem: 0.7503  decode.acc_seg: 93.1221  aux_0.loss_ce: 0.3115  aux_0.acc_seg: 91.3035
2026/07/21 15:13:34 - mmengine - INFO - Iter(train) [ 37600/160000]  lr: 7.9493e-03  eta: 16:31:43  time: 0.4841  data_time: 0.0258  memory: 9068  loss: 1.1932  decode.loss_ohem: 0.8403  decode.acc_seg: 91.7681  aux_0.loss_ce: 0.3529  aux_0.acc_seg: 87.7060
2026/07/21 15:14:22 - mmengine - INFO - Iter(train) [ 37700/160000]  lr: 7.9434e-03  eta: 16:30:54  time: 0.4852  data_time: 0.0267  memory: 9067  loss: 1.1562  decode.loss_ohem: 0.8101  decode.acc_seg: 90.7693  aux_0.loss_ce: 0.3461  aux_0.acc_seg: 87.7981
2026/07/21 15:15:11 - mmengine - INFO - Iter(train) [ 37800/160000]  lr: 7.9376e-03  eta: 16:30:05  time: 0.4867  data_time: 0.0269  memory: 9069  loss: 1.1141  decode.loss_ohem: 0.7857  decode.acc_seg: 90.7891  aux_0.loss_ce: 0.3284  aux_0.acc_seg: 88.6221
2026/07/21 15:15:59 - mmengine - INFO - Iter(train) [ 37900/160000]  lr: 7.9317e-03  eta: 16:29:16  time: 0.4855  data_time: 0.0262  memory: 9068  loss: 1.0751  decode.loss_ohem: 0.7749  decode.acc_seg: 92.6709  aux_0.loss_ce: 0.3002  aux_0.acc_seg: 89.6772
2026/07/21 15:16:48 - mmengine - INFO - Exp name: dsanet_cityscapes_512x1024_20260721_100709
2026/07/21 15:16:48 - mmengine - INFO - Iter(train) [ 38000/160000]  lr: 7.9259e-03  eta: 16:28:28  time: 0.4878  data_time: 0.0273  memory: 9068  loss: 1.0477  decode.loss_ohem: 0.7475  decode.acc_seg: 91.4026  aux_0.loss_ce: 0.3002  aux_0.acc_seg: 88.4882
2026/07/21 15:17:37 - mmengine - INFO - Iter(train) [ 38100/160000]  lr: 7.9201e-03  eta: 16:27:39  time: 0.4855  data_time: 0.0266  memory: 9068  loss: 1.0497  decode.loss_ohem: 0.7479  decode.acc_seg: 93.3166  aux_0.loss_ce: 0.3018  aux_0.acc_seg: 91.4031
2026/07/21 15:18:26 - mmengine - INFO - Iter(train) [ 38200/160000]  lr: 7.9142e-03  eta: 16:26:51  time: 0.4876  data_time: 0.0269  memory: 9069  loss: 1.1604  decode.loss_ohem: 0.8188  decode.acc_seg: 91.3434  aux_0.loss_ce: 0.3416  aux_0.acc_seg: 89.1351
2026/07/21 15:19:14 - mmengine - INFO - Iter(train) [ 38300/160000]  lr: 7.9084e-03  eta: 16:26:03  time: 0.4891  data_time: 0.0281  memory: 9068  loss: 1.1327  decode.loss_ohem: 0.7871  decode.acc_seg: 89.5299  aux_0.loss_ce: 0.3456  aux_0.acc_seg: 87.1832
2026/07/21 15:20:03 - mmengine - INFO - Iter(train) [ 38400/160000]  lr: 7.9025e-03  eta: 16:25:14  time: 0.4876  data_time: 0.0274  memory: 9070  loss: 1.0848  decode.loss_ohem: 0.7691  decode.acc_seg: 92.4395  aux_0.loss_ce: 0.3157  aux_0.acc_seg: 90.0487
2026/07/21 15:20:51 - mmengine - INFO - Iter(train) [ 38500/160000]  lr: 7.8967e-03  eta: 16:24:25  time: 0.4852  data_time: 0.0270  memory: 9069  loss: 1.1679  decode.loss_ohem: 0.8152  decode.acc_seg: 87.7265  aux_0.loss_ce: 0.3527  aux_0.acc_seg: 84.5314
2026/07/21 15:21:40 - mmengine - INFO - Iter(train) [ 38600/160000]  lr: 7.8909e-03  eta: 16:23:37  time: 0.4909  data_time: 0.0304  memory: 9070  loss: 1.0859  decode.loss_ohem: 0.7636  decode.acc_seg: 91.2042  aux_0.loss_ce: 0.3223  aux_0.acc_seg: 87.6511
2026/07/21 15:22:29 - mmengine - INFO - Iter(train) [ 38700/160000]  lr: 7.8850e-03  eta: 16:22:49  time: 0.4853  data_time: 0.0272  memory: 9070  loss: 1.1073  decode.loss_ohem: 0.7671  decode.acc_seg: 88.4367  aux_0.loss_ce: 0.3402  aux_0.acc_seg: 83.0063
2026/07/21 15:23:18 - mmengine - INFO - Iter(train) [ 38800/160000]  lr: 7.8792e-03  eta: 16:22:00  time: 0.4854  data_time: 0.0266  memory: 9068  loss: 1.1740  decode.loss_ohem: 0.8015  decode.acc_seg: 92.5464  aux_0.loss_ce: 0.3725  aux_0.acc_seg: 90.7122
2026/07/21 15:24:06 - mmengine - INFO - Iter(train) [ 38900/160000]  lr: 7.8733e-03  eta: 16:21:12  time: 0.4859  data_time: 0.0278  memory: 9068  loss: 1.1279  decode.loss_ohem: 0.8159  decode.acc_seg: 90.9983  aux_0.loss_ce: 0.3120  aux_0.acc_seg: 87.7379
2026/07/21 15:24:55 - mmengine - INFO - Exp name: dsanet_cityscapes_512x1024_20260721_100709
2026/07/21 15:24:55 - mmengine - INFO - Iter(train) [ 39000/160000]  lr: 7.8675e-03  eta: 16:20:24  time: 0.4867  data_time: 0.0275  memory: 9068  loss: 1.0665  decode.loss_ohem: 0.7644  decode.acc_seg: 90.6992  aux_0.loss_ce: 0.3020  aux_0.acc_seg: 87.3567
2026/07/21 15:25:44 - mmengine - INFO - Iter(train) [ 39100/160000]  lr: 7.8616e-03  eta: 16:19:35  time: 0.4849  data_time: 0.0266  memory: 9069  loss: 1.0561  decode.loss_ohem: 0.7551  decode.acc_seg: 89.4603  aux_0.loss_ce: 0.3010  aux_0.acc_seg: 87.7163
2026/07/21 15:26:32 - mmengine - INFO - Iter(train) [ 39200/160000]  lr: 7.8558e-03  eta: 16:18:47  time: 0.4874  data_time: 0.0272  memory: 9069  loss: 1.1319  decode.loss_ohem: 0.8076  decode.acc_seg: 92.6678  aux_0.loss_ce: 0.3243  aux_0.acc_seg: 90.4473
2026/07/21 15:27:21 - mmengine - INFO - Iter(train) [ 39300/160000]  lr: 7.8499e-03  eta: 16:17:58  time: 0.4854  data_time: 0.0268  memory: 9069  loss: 1.1127  decode.loss_ohem: 0.7645  decode.acc_seg: 84.5856  aux_0.loss_ce: 0.3482  aux_0.acc_seg: 85.1504
2026/07/21 15:28:09 - mmengine - INFO - Iter(train) [ 39400/160000]  lr: 7.8441e-03  eta: 16:17:09  time: 0.4879  data_time: 0.0277  memory: 9069  loss: 1.0324  decode.loss_ohem: 0.7373  decode.acc_seg: 91.5117  aux_0.loss_ce: 0.2950  aux_0.acc_seg: 89.5719
2026/07/21 15:28:58 - mmengine - INFO - Iter(train) [ 39500/160000]  lr: 7.8383e-03  eta: 16:16:21  time: 0.4891  data_time: 0.0272  memory: 9067  loss: 1.1021  decode.loss_ohem: 0.7903  decode.acc_seg: 91.6179  aux_0.loss_ce: 0.3118  aux_0.acc_seg: 89.7431
2026/07/21 15:29:47 - mmengine - INFO - Iter(train) [ 39600/160000]  lr: 7.8324e-03  eta: 16:15:33  time: 0.4879  data_time: 0.0279  memory: 9069  loss: 1.2781  decode.loss_ohem: 0.9220  decode.acc_seg: 92.0636  aux_0.loss_ce: 0.3561  aux_0.acc_seg: 90.0689
2026/07/21 15:30:36 - mmengine - INFO - Iter(train) [ 39700/160000]  lr: 7.8266e-03  eta: 16:14:45  time: 0.4888  data_time: 0.0275  memory: 9069  loss: 1.2088  decode.loss_ohem: 0.8307  decode.acc_seg: 91.1014  aux_0.loss_ce: 0.3781  aux_0.acc_seg: 89.0251
2026/07/21 15:31:25 - mmengine - INFO - Iter(train) [ 39800/160000]  lr: 7.8207e-03  eta: 16:13:56  time: 0.4861  data_time: 0.0269  memory: 9069  loss: 1.0645  decode.loss_ohem: 0.7785  decode.acc_seg: 91.5083  aux_0.loss_ce: 0.2860  aux_0.acc_seg: 89.6714
2026/07/21 15:32:13 - mmengine - INFO - Iter(train) [ 39900/160000]  lr: 7.8149e-03  eta: 16:13:08  time: 0.4878  data_time: 0.0281  memory: 9070  loss: 1.1883  decode.loss_ohem: 0.8250  decode.acc_seg: 90.3924  aux_0.loss_ce: 0.3633  aux_0.acc_seg: 88.4663
2026/07/21 15:33:02 - mmengine - INFO - Exp name: dsanet_cityscapes_512x1024_20260721_100709
2026/07/21 15:33:02 - mmengine - INFO - Iter(train) [ 40000/160000]  lr: 7.8090e-03  eta: 16:12:20  time: 0.4852  data_time: 0.0269  memory: 9068  loss: 1.1174  decode.loss_ohem: 0.7994  decode.acc_seg: 92.3563  aux_0.loss_ce: 0.3180  aux_0.acc_seg: 89.8164
2026/07/21 15:33:02 - mmengine - INFO - Saving checkpoint at 40000 iterations
2026/07/21 15:33:08 - mmengine - INFO - Iter(val) [100/250]    eta: 0:00:08  time: 0.0554  data_time: 0.0095  memory: 801  
2026/07/21 15:33:14 - mmengine - INFO - Iter(val) [200/250]    eta: 0:00:02  time: 0.0560  data_time: 0.0099  memory: 801  
2026/07/21 15:33:17 - mmengine - INFO - per class results:
2026/07/21 15:33:17 - mmengine - INFO - 
+---------------+-------+-------+
|     Class     |  IoU  |  Acc  |
+---------------+-------+-------+
|      road     | 95.45 | 97.14 |
|    sidewalk   | 75.01 | 86.56 |
|    building   | 86.23 | 95.28 |
|      wall     | 33.18 | 36.67 |
|     fence     | 45.28 | 53.44 |
|      pole     | 51.45 | 61.61 |
| traffic light | 33.04 | 35.62 |
|  traffic sign | 62.01 | 75.33 |
|   vegetation  | 88.44 | 93.74 |
|    terrain    | 52.71 |  67.1 |
|      sky      | 91.54 |  95.6 |
|     person    | 68.28 | 87.29 |
|     rider     | 48.05 | 66.95 |
|      car      | 89.99 |  94.0 |
|     truck     | 39.63 | 71.86 |
|      bus      | 47.83 |  61.0 |
|     train     | 33.97 | 41.11 |
|   motorcycle  | 36.41 | 44.75 |
|    bicycle    | 65.18 | 79.21 |
+---------------+-------+-------+
2026/07/21 15:33:17 - mmengine - INFO - Iter(val) [250/250]    aAcc: 92.8300  mIoU: 60.1900  mAcc: 70.7500  data_time: 0.0107  time: 0.0566
2026/07/21 15:33:17 - mmengine - INFO - The previous best checkpoint /root/autodl-tmp/DSANet-main/tools/work_dirs/dsanet_cityscapes_512x1024/best_mIoU_iter_35000.pth is removed
2026/07/21 15:33:17 - mmengine - INFO - The best checkpoint with 60.1900 mIoU at 40000 iter is saved to best_mIoU_iter_40000.pth.
2026/07/21 15:34:06 - mmengine - INFO - Iter(train) [ 40100/160000]  lr: 7.8032e-03  eta: 16:11:33  time: 0.4863  data_time: 0.0275  memory: 9068  loss: 1.2738  decode.loss_ohem: 0.8924  decode.acc_seg: 90.1473  aux_0.loss_ce: 0.3814  aux_0.acc_seg: 88.5506
2026/07/21 15:34:55 - mmengine - INFO - Iter(train) [ 40200/160000]  lr: 7.7973e-03  eta: 16:10:45  time: 0.4864  data_time: 0.0272  memory: 9068  loss: 1.2061  decode.loss_ohem: 0.8534  decode.acc_seg: 90.4898  aux_0.loss_ce: 0.3528  aux_0.acc_seg: 88.2768
2026/07/21 15:35:43 - mmengine - INFO - Iter(train) [ 40300/160000]  lr: 7.7915e-03  eta: 16:09:56  time: 0.4805  data_time: 0.0267  memory: 9070  loss: 1.0899  decode.loss_ohem: 0.7741  decode.acc_seg: 93.0319  aux_0.loss_ce: 0.3158  aux_0.acc_seg: 91.2638
2026/07/21 15:36:32 - mmengine - INFO - Iter(train) [ 40400/160000]  lr: 7.7856e-03  eta: 16:09:07  time: 0.4880  data_time: 0.0287  memory: 9067  loss: 1.0252  decode.loss_ohem: 0.7270  decode.acc_seg: 89.4550  aux_0.loss_ce: 0.2982  aux_0.acc_seg: 86.8735
2026/07/21 15:37:20 - mmengine - INFO - Iter(train) [ 40500/160000]  lr: 7.7798e-03  eta: 16:08:18  time: 0.4843  data_time: 0.0261  memory: 9069  loss: 1.0540  decode.loss_ohem: 0.7666  decode.acc_seg: 91.0043  aux_0.loss_ce: 0.2874  aux_0.acc_seg: 88.0480
2026/07/21 15:38:09 - mmengine - INFO - Iter(train) [ 40600/160000]  lr: 7.7739e-03  eta: 16:07:29  time: 0.4840  data_time: 0.0243  memory: 9069  loss: 1.0840  decode.loss_ohem: 0.7622  decode.acc_seg: 89.6846  aux_0.loss_ce: 0.3219  aux_0.acc_seg: 87.9174
2026/07/21 15:38:57 - mmengine - INFO - Iter(train) [ 40700/160000]  lr: 7.7681e-03  eta: 16:06:40  time: 0.4840  data_time: 0.0256  memory: 9067  loss: 1.0858  decode.loss_ohem: 0.7551  decode.acc_seg: 91.8351  aux_0.loss_ce: 0.3307  aux_0.acc_seg: 89.4611
2026/07/21 15:39:46 - mmengine - INFO - Iter(train) [ 40800/160000]  lr: 7.7622e-03  eta: 16:05:52  time: 0.4868  data_time: 0.0269  memory: 9069  loss: 1.0902  decode.loss_ohem: 0.7630  decode.acc_seg: 91.3135  aux_0.loss_ce: 0.3272  aux_0.acc_seg: 88.1454
2026/07/21 15:40:34 - mmengine - INFO - Iter(train) [ 40900/160000]  lr: 7.7564e-03  eta: 16:05:03  time: 0.4855  data_time: 0.0264  memory: 9070  loss: 1.1423  decode.loss_ohem: 0.8222  decode.acc_seg: 89.6032  aux_0.loss_ce: 0.3201  aux_0.acc_seg: 87.4831
2026/07/21 15:41:23 - mmengine - INFO - Exp name: dsanet_cityscapes_512x1024_20260721_100709
2026/07/21 15:41:23 - mmengine - INFO - Iter(train) [ 41000/160000]  lr: 7.7505e-03  eta: 16:04:15  time: 0.4851  data_time: 0.0262  memory: 9068  loss: 1.0521  decode.loss_ohem: 0.7428  decode.acc_seg: 91.3801  aux_0.loss_ce: 0.3093  aux_0.acc_seg: 89.1040
2026/07/21 15:42:12 - mmengine - INFO - Iter(train) [ 41100/160000]  lr: 7.7446e-03  eta: 16:03:26  time: 0.4858  data_time: 0.0268  memory: 9069  loss: 1.0794  decode.loss_ohem: 0.7600  decode.acc_seg: 92.2358  aux_0.loss_ce: 0.3194  aux_0.acc_seg: 89.4270
2026/07/21 15:43:00 - mmengine - INFO - Iter(train) [ 41200/160000]  lr: 7.7388e-03  eta: 16:02:37  time: 0.4880  data_time: 0.0270  memory: 9068  loss: 1.0700  decode.loss_ohem: 0.7480  decode.acc_seg: 91.2671  aux_0.loss_ce: 0.3220  aux_0.acc_seg: 88.7628
2026/07/21 15:43:49 - mmengine - INFO - Iter(train) [ 41300/160000]  lr: 7.7329e-03  eta: 16:01:49  time: 0.4862  data_time: 0.0279  memory: 9066  loss: 1.0703  decode.loss_ohem: 0.7776  decode.acc_seg: 86.8392  aux_0.loss_ce: 0.2927  aux_0.acc_seg: 83.7905
2026/07/21 15:44:38 - mmengine - INFO - Iter(train) [ 41400/160000]  lr: 7.7271e-03  eta: 16:01:00  time: 0.4867  data_time: 0.0266  memory: 9067  loss: 1.0259  decode.loss_ohem: 0.7363  decode.acc_seg: 91.4694  aux_0.loss_ce: 0.2897  aux_0.acc_seg: 88.3719
2026/07/21 15:45:26 - mmengine - INFO - Iter(train) [ 41500/160000]  lr: 7.7212e-03  eta: 16:00:12  time: 0.4851  data_time: 0.0273  memory: 9068  loss: 0.9907  decode.loss_ohem: 0.6930  decode.acc_seg: 94.3916  aux_0.loss_ce: 0.2978  aux_0.acc_seg: 91.4499
2026/07/21 15:46:15 - mmengine - INFO - Iter(train) [ 41600/160000]  lr: 7.7154e-03  eta: 15:59:23  time: 0.4886  data_time: 0.0278  memory: 9069  loss: 1.0610  decode.loss_ohem: 0.7399  decode.acc_seg: 93.4749  aux_0.loss_ce: 0.3211  aux_0.acc_seg: 91.2662
2026/07/21 15:47:03 - mmengine - INFO - Iter(train) [ 41700/160000]  lr: 7.7095e-03  eta: 15:58:34  time: 0.4847  data_time: 0.0265  memory: 9069  loss: 1.0770  decode.loss_ohem: 0.7825  decode.acc_seg: 90.4230  aux_0.loss_ce: 0.2945  aux_0.acc_seg: 87.5442
2026/07/21 15:47:52 - mmengine - INFO - Iter(train) [ 41800/160000]  lr: 7.7036e-03  eta: 15:57:46  time: 0.4889  data_time: 0.0264  memory: 9069  loss: 1.0511  decode.loss_ohem: 0.7487  decode.acc_seg: 91.9134  aux_0.loss_ce: 0.3023  aux_0.acc_seg: 90.0277
2026/07/21 15:48:41 - mmengine - INFO - Iter(train) [ 41900/160000]  lr: 7.6978e-03  eta: 15:56:59  time: 0.4860  data_time: 0.0275  memory: 9067  loss: 1.0748  decode.loss_ohem: 0.7790  decode.acc_seg: 91.0054  aux_0.loss_ce: 0.2958  aux_0.acc_seg: 87.9989
2026/07/21 15:49:30 - mmengine - INFO - Exp name: dsanet_cityscapes_512x1024_20260721_100709
2026/07/21 15:49:30 - mmengine - INFO - Iter(train) [ 42000/160000]  lr: 7.6919e-03  eta: 15:56:10  time: 0.4871  data_time: 0.0276  memory: 9068  loss: 1.1028  decode.loss_ohem: 0.7760  decode.acc_seg: 91.1605  aux_0.loss_ce: 0.3268  aux_0.acc_seg: 88.5676
2026/07/21 15:50:19 - mmengine - INFO - Iter(train) [ 42100/160000]  lr: 7.6861e-03  eta: 15:55:21  time: 0.4864  data_time: 0.0274  memory: 9068  loss: 1.0964  decode.loss_ohem: 0.7804  decode.acc_seg: 94.1572  aux_0.loss_ce: 0.3160  aux_0.acc_seg: 91.9298
2026/07/21 15:51:07 - mmengine - INFO - Iter(train) [ 42200/160000]  lr: 7.6802e-03  eta: 15:54:33  time: 0.4889  data_time: 0.0269  memory: 9069  loss: 1.0316  decode.loss_ohem: 0.7155  decode.acc_seg: 89.0538  aux_0.loss_ce: 0.3162  aux_0.acc_seg: 83.6471
2026/07/21 15:51:56 - mmengine - INFO - Iter(train) [ 42300/160000]  lr: 7.6744e-03  eta: 15:53:45  time: 0.4849  data_time: 0.0271  memory: 9070  loss: 1.1299  decode.loss_ohem: 0.8079  decode.acc_seg: 90.9831  aux_0.loss_ce: 0.3221  aux_0.acc_seg: 90.1523
2026/07/21 15:52:45 - mmengine - INFO - Iter(train) [ 42400/160000]  lr: 7.6685e-03  eta: 15:52:57  time: 0.4882  data_time: 0.0270  memory: 9068  loss: 1.0315  decode.loss_ohem: 0.7396  decode.acc_seg: 92.7219  aux_0.loss_ce: 0.2919  aux_0.acc_seg: 90.5520
2026/07/21 15:53:34 - mmengine - INFO - Iter(train) [ 42500/160000]  lr: 7.6626e-03  eta: 15:52:08  time: 0.4871  data_time: 0.0271  memory: 9068  loss: 1.0763  decode.loss_ohem: 0.7519  decode.acc_seg: 90.5780  aux_0.loss_ce: 0.3244  aux_0.acc_seg: 89.0324
2026/07/21 15:54:22 - mmengine - INFO - Iter(train) [ 42600/160000]  lr: 7.6568e-03  eta: 15:51:20  time: 0.4877  data_time: 0.0270  memory: 9069  loss: 1.1727  decode.loss_ohem: 0.8340  decode.acc_seg: 91.9291  aux_0.loss_ce: 0.3387  aux_0.acc_seg: 89.2429
2026/07/21 15:55:11 - mmengine - INFO - Iter(train) [ 42700/160000]  lr: 7.6509e-03  eta: 15:50:32  time: 0.4884  data_time: 0.0283  memory: 9070  loss: 1.1256  decode.loss_ohem: 0.7732  decode.acc_seg: 90.5937  aux_0.loss_ce: 0.3525  aux_0.acc_seg: 87.3714
2026/07/21 15:56:00 - mmengine - INFO - Iter(train) [ 42800/160000]  lr: 7.6450e-03  eta: 15:49:43  time: 0.4878  data_time: 0.0270  memory: 9067  loss: 1.0769  decode.loss_ohem: 0.7706  decode.acc_seg: 92.6742  aux_0.loss_ce: 0.3063  aux_0.acc_seg: 88.9787
2026/07/21 15:56:48 - mmengine - INFO - Iter(train) [ 42900/160000]  lr: 7.6392e-03  eta: 15:48:54  time: 0.4862  data_time: 0.0272  memory: 9067  loss: 1.0619  decode.loss_ohem: 0.7692  decode.acc_seg: 92.8203  aux_0.loss_ce: 0.2927  aux_0.acc_seg: 89.7726
2026/07/21 15:57:37 - mmengine - INFO - Exp name: dsanet_cityscapes_512x1024_20260721_100709
2026/07/21 15:57:37 - mmengine - INFO - Iter(train) [ 43000/160000]  lr: 7.6333e-03  eta: 15:48:06  time: 0.4874  data_time: 0.0274  memory: 9070  loss: 1.0971  decode.loss_ohem: 0.7795  decode.acc_seg: 90.8738  aux_0.loss_ce: 0.3175  aux_0.acc_seg: 88.9055
2026/07/21 15:58:26 - mmengine - INFO - Iter(train) [ 43100/160000]  lr: 7.6275e-03  eta: 15:47:18  time: 0.4874  data_time: 0.0272  memory: 9068  loss: 1.1362  decode.loss_ohem: 0.7797  decode.acc_seg: 93.5708  aux_0.loss_ce: 0.3565  aux_0.acc_seg: 92.0439
2026/07/21 15:59:14 - mmengine - INFO - Iter(train) [ 43200/160000]  lr: 7.6216e-03  eta: 15:46:29  time: 0.4862  data_time: 0.0276  memory: 9068  loss: 1.0567  decode.loss_ohem: 0.7501  decode.acc_seg: 91.3860  aux_0.loss_ce: 0.3066  aux_0.acc_seg: 87.7022
2026/07/21 16:00:03 - mmengine - INFO - Iter(train) [ 43300/160000]  lr: 7.6157e-03  eta: 15:45:41  time: 0.4852  data_time: 0.0269  memory: 9069  loss: 1.1257  decode.loss_ohem: 0.8132  decode.acc_seg: 91.0018  aux_0.loss_ce: 0.3125  aux_0.acc_seg: 89.4617
2026/07/21 16:00:52 - mmengine - INFO - Iter(train) [ 43400/160000]  lr: 7.6099e-03  eta: 15:44:53  time: 0.4857  data_time: 0.0263  memory: 9067  loss: 1.1272  decode.loss_ohem: 0.8021  decode.acc_seg: 91.3183  aux_0.loss_ce: 0.3252  aux_0.acc_seg: 90.1179
2026/07/21 16:01:41 - mmengine - INFO - Iter(train) [ 43500/160000]  lr: 7.6040e-03  eta: 15:44:05  time: 0.4859  data_time: 0.0274  memory: 9071  loss: 1.0922  decode.loss_ohem: 0.7966  decode.acc_seg: 91.3787  aux_0.loss_ce: 0.2956  aux_0.acc_seg: 88.0243
2026/07/21 16:02:29 - mmengine - INFO - Iter(train) [ 43600/160000]  lr: 7.5981e-03  eta: 15:43:16  time: 0.4876  data_time: 0.0273  memory: 9069  loss: 1.0798  decode.loss_ohem: 0.7691  decode.acc_seg: 90.8661  aux_0.loss_ce: 0.3108  aux_0.acc_seg: 88.4893
2026/07/21 16:03:18 - mmengine - INFO - Iter(train) [ 43700/160000]  lr: 7.5923e-03  eta: 15:42:28  time: 0.4874  data_time: 0.0278  memory: 9068  loss: 1.1235  decode.loss_ohem: 0.8080  decode.acc_seg: 92.1652  aux_0.loss_ce: 0.3155  aux_0.acc_seg: 90.4925
2026/07/21 16:04:07 - mmengine - INFO - Iter(train) [ 43800/160000]  lr: 7.5864e-03  eta: 15:41:40  time: 0.4881  data_time: 0.0279  memory: 9068  loss: 1.0913  decode.loss_ohem: 0.7858  decode.acc_seg: 88.8187  aux_0.loss_ce: 0.3056  aux_0.acc_seg: 87.3093
2026/07/21 16:04:56 - mmengine - INFO - Iter(train) [ 43900/160000]  lr: 7.5805e-03  eta: 15:40:52  time: 0.4870  data_time: 0.0282  memory: 9071  loss: 1.0683  decode.loss_ohem: 0.7304  decode.acc_seg: 91.2303  aux_0.loss_ce: 0.3380  aux_0.acc_seg: 86.8322
2026/07/21 16:05:44 - mmengine - INFO - Exp name: dsanet_cityscapes_512x1024_20260721_100709
2026/07/21 16:05:44 - mmengine - INFO - Iter(train) [ 44000/160000]  lr: 7.5746e-03  eta: 15:40:03  time: 0.4872  data_time: 0.0271  memory: 9068  loss: 1.0619  decode.loss_ohem: 0.7570  decode.acc_seg: 91.5803  aux_0.loss_ce: 0.3049  aux_0.acc_seg: 88.1219
2026/07/21 16:06:33 - mmengine - INFO - Iter(train) [ 44100/160000]  lr: 7.5688e-03  eta: 15:39:14  time: 0.4886  data_time: 0.0272  memory: 9068  loss: 1.1843  decode.loss_ohem: 0.8353  decode.acc_seg: 88.7876  aux_0.loss_ce: 0.3490  aux_0.acc_seg: 86.5387
2026/07/21 16:07:22 - mmengine - INFO - Iter(train) [ 44200/160000]  lr: 7.5629e-03  eta: 15:38:26  time: 0.4847  data_time: 0.0268  memory: 9069  loss: 1.0479  decode.loss_ohem: 0.7239  decode.acc_seg: 92.2534  aux_0.loss_ce: 0.3240  aux_0.acc_seg: 89.9717
2026/07/21 16:08:11 - mmengine - INFO - Iter(train) [ 44300/160000]  lr: 7.5570e-03  eta: 15:37:38  time: 0.4874  data_time: 0.0273  memory: 9068  loss: 1.1419  decode.loss_ohem: 0.8222  decode.acc_seg: 91.8029  aux_0.loss_ce: 0.3196  aux_0.acc_seg: 88.1483
2026/07/21 16:08:59 - mmengine - INFO - Iter(train) [ 44400/160000]  lr: 7.5512e-03  eta: 15:36:49  time: 0.4841  data_time: 0.0266  memory: 9070  loss: 1.0373  decode.loss_ohem: 0.7356  decode.acc_seg: 93.0968  aux_0.loss_ce: 0.3017  aux_0.acc_seg: 88.5367
2026/07/21 16:09:48 - mmengine - INFO - Iter(train) [ 44500/160000]  lr: 7.5453e-03  eta: 15:36:00  time: 0.4850  data_time: 0.0269  memory: 9069  loss: 1.0679  decode.loss_ohem: 0.7671  decode.acc_seg: 90.6786  aux_0.loss_ce: 0.3009  aux_0.acc_seg: 87.9208
2026/07/21 16:10:36 - mmengine - INFO - Iter(train) [ 44600/160000]  lr: 7.5394e-03  eta: 15:35:12  time: 0.4847  data_time: 0.0273  memory: 9067  loss: 1.1700  decode.loss_ohem: 0.8250  decode.acc_seg: 89.7834  aux_0.loss_ce: 0.3450  aux_0.acc_seg: 87.4009
2026/07/21 16:11:25 - mmengine - INFO - Iter(train) [ 44700/160000]  lr: 7.5336e-03  eta: 15:34:23  time: 0.4885  data_time: 0.0278  memory: 9069  loss: 1.0427  decode.loss_ohem: 0.7164  decode.acc_seg: 89.8768  aux_0.loss_ce: 0.3263  aux_0.acc_seg: 88.4484
2026/07/21 16:12:14 - mmengine - INFO - Iter(train) [ 44800/160000]  lr: 7.5277e-03  eta: 15:33:34  time: 0.4859  data_time: 0.0283  memory: 9070  loss: 1.0673  decode.loss_ohem: 0.7688  decode.acc_seg: 90.9457  aux_0.loss_ce: 0.2985  aux_0.acc_seg: 88.3072
2026/07/21 16:13:02 - mmengine - INFO - Iter(train) [ 44900/160000]  lr: 7.5218e-03  eta: 15:32:45  time: 0.4847  data_time: 0.0268  memory: 9068  loss: 1.0631  decode.loss_ohem: 0.7566  decode.acc_seg: 90.1238  aux_0.loss_ce: 0.3065  aux_0.acc_seg: 87.7096
2026/07/21 16:13:51 - mmengine - INFO - Exp name: dsanet_cityscapes_512x1024_20260721_100709
2026/07/21 16:13:51 - mmengine - INFO - Iter(train) [ 45000/160000]  lr: 7.5159e-03  eta: 15:31:57  time: 0.4873  data_time: 0.0272  memory: 9067  loss: 1.0443  decode.loss_ohem: 0.7145  decode.acc_seg: 89.8335  aux_0.loss_ce: 0.3298  aux_0.acc_seg: 86.5356
2026/07/21 16:13:51 - mmengine - INFO - Saving checkpoint at 45000 iterations
2026/07/21 16:13:57 - mmengine - INFO - Iter(val) [100/250]    eta: 0:00:08  time: 0.0542  data_time: 0.0090  memory: 801  
2026/07/21 16:14:02 - mmengine - INFO - Iter(val) [200/250]    eta: 0:00:02  time: 0.0552  data_time: 0.0094  memory: 801  
2026/07/21 16:14:05 - mmengine - INFO - per class results:
2026/07/21 16:14:05 - mmengine - INFO - 
+---------------+-------+-------+
|     Class     |  IoU  |  Acc  |
+---------------+-------+-------+
|      road     | 96.57 | 97.55 |
|    sidewalk   | 74.04 | 91.18 |
|    building   | 87.99 | 94.57 |
|      wall     | 40.67 |  44.5 |
|     fence     |  44.7 | 52.47 |
|      pole     | 51.28 | 60.16 |
| traffic light | 46.19 | 60.23 |
|  traffic sign | 64.34 | 75.89 |
|   vegetation  |  89.4 | 94.76 |
|    terrain    | 52.09 |  67.9 |
|      sky      | 91.28 | 94.29 |
|     person    | 70.46 | 84.13 |
|     rider     | 48.85 | 65.43 |
|      car      | 90.84 | 96.17 |
|     truck     | 36.85 | 58.05 |
|      bus      | 53.46 | 77.29 |
|     train     | 24.01 | 39.28 |
|   motorcycle  | 31.35 | 32.59 |
|    bicycle    | 65.06 | 78.78 |
+---------------+-------+-------+
2026/07/21 16:14:05 - mmengine - INFO - Iter(val) [250/250]    aAcc: 93.4000  mIoU: 61.0200  mAcc: 71.8500  data_time: 0.0100  time: 0.0554
2026/07/21 16:14:05 - mmengine - INFO - The previous best checkpoint /root/autodl-tmp/DSANet-main/tools/work_dirs/dsanet_cityscapes_512x1024/best_mIoU_iter_40000.pth is removed
2026/07/21 16:14:05 - mmengine - INFO - The best checkpoint with 61.0200 mIoU at 45000 iter is saved to best_mIoU_iter_45000.pth.
2026/07/21 16:14:54 - mmengine - INFO - Iter(train) [ 45100/160000]  lr: 7.5101e-03  eta: 15:31:10  time: 0.4849  data_time: 0.0268  memory: 9068  loss: 0.9932  decode.loss_ohem: 0.7189  decode.acc_seg: 93.5376  aux_0.loss_ce: 0.2743  aux_0.acc_seg: 89.9947
2026/07/21 16:15:43 - mmengine - INFO - Iter(train) [ 45200/160000]  lr: 7.5042e-03  eta: 15:30:21  time: 0.4884  data_time: 0.0278  memory: 9067  loss: 1.0298  decode.loss_ohem: 0.7551  decode.acc_seg: 93.1939  aux_0.loss_ce: 0.2747  aux_0.acc_seg: 92.1448
2026/07/21 16:16:32 - mmengine - INFO - Iter(train) [ 45300/160000]  lr: 7.4983e-03  eta: 15:29:33  time: 0.4848  data_time: 0.0275  memory: 9067  loss: 1.0578  decode.loss_ohem: 0.7340  decode.acc_seg: 89.3620  aux_0.loss_ce: 0.3238  aux_0.acc_seg: 87.0675
2026/07/21 16:17:20 - mmengine - INFO - Iter(train) [ 45400/160000]  lr: 7.4924e-03  eta: 15:28:44  time: 0.4869  data_time: 0.0275  memory: 9068  loss: 1.0736  decode.loss_ohem: 0.7668  decode.acc_seg: 89.3726  aux_0.loss_ce: 0.3068  aux_0.acc_seg: 87.1107
2026/07/21 16:18:09 - mmengine - INFO - Iter(train) [ 45500/160000]  lr: 7.4866e-03  eta: 15:27:57  time: 0.4882  data_time: 0.0275  memory: 9070  loss: 1.0615  decode.loss_ohem: 0.7528  decode.acc_seg: 92.2612  aux_0.loss_ce: 0.3088  aux_0.acc_seg: 87.3379
2026/07/21 16:18:58 - mmengine - INFO - Iter(train) [ 45600/160000]  lr: 7.4807e-03  eta: 15:27:07  time: 0.4850  data_time: 0.0270  memory: 9068  loss: 1.0391  decode.loss_ohem: 0.7305  decode.acc_seg: 92.7193  aux_0.loss_ce: 0.3086  aux_0.acc_seg: 84.5193
2026/07/21 16:19:46 - mmengine - INFO - Iter(train) [ 45700/160000]  lr: 7.4748e-03  eta: 15:26:18  time: 0.4862  data_time: 0.0268  memory: 9068  loss: 1.0439  decode.loss_ohem: 0.7465  decode.acc_seg: 91.9196  aux_0.loss_ce: 0.2974  aux_0.acc_seg: 89.7539
2026/07/21 16:20:35 - mmengine - INFO - Iter(train) [ 45800/160000]  lr: 7.4689e-03  eta: 15:25:30  time: 0.4867  data_time: 0.0268  memory: 9067  loss: 1.0902  decode.loss_ohem: 0.7782  decode.acc_seg: 90.6443  aux_0.loss_ce: 0.3120  aux_0.acc_seg: 89.2407
2026/07/21 16:21:24 - mmengine - INFO - Iter(train) [ 45900/160000]  lr: 7.4630e-03  eta: 15:24:42  time: 0.4845  data_time: 0.0276  memory: 9068  loss: 1.0014  decode.loss_ohem: 0.7181  decode.acc_seg: 91.9052  aux_0.loss_ce: 0.2833  aux_0.acc_seg: 89.1369
2026/07/21 16:22:12 - mmengine - INFO - Exp name: dsanet_cityscapes_512x1024_20260721_100709
2026/07/21 16:22:12 - mmengine - INFO - Iter(train) [ 46000/160000]  lr: 7.4572e-03  eta: 15:23:53  time: 0.4870  data_time: 0.0275  memory: 9067  loss: 1.1152  decode.loss_ohem: 0.7822  decode.acc_seg: 91.5165  aux_0.loss_ce: 0.3331  aux_0.acc_seg: 89.3172
2026/07/21 16:23:01 - mmengine - INFO - Iter(train) [ 46100/160000]  lr: 7.4513e-03  eta: 15:23:05  time: 0.4889  data_time: 0.0293  memory: 9067  loss: 1.2017  decode.loss_ohem: 0.8397  decode.acc_seg: 92.2912  aux_0.loss_ce: 0.3620  aux_0.acc_seg: 88.2378
2026/07/21 16:23:50 - mmengine - INFO - Iter(train) [ 46200/160000]  lr: 7.4454e-03  eta: 15:22:16  time: 0.4860  data_time: 0.0271  memory: 9068  loss: 1.0892  decode.loss_ohem: 0.7858  decode.acc_seg: 89.5155  aux_0.loss_ce: 0.3034  aux_0.acc_seg: 87.3613
2026/07/21 16:24:38 - mmengine - INFO - Iter(train) [ 46300/160000]  lr: 7.4395e-03  eta: 15:21:27  time: 0.4873  data_time: 0.0285  memory: 9069  loss: 0.9996  decode.loss_ohem: 0.7188  decode.acc_seg: 93.0250  aux_0.loss_ce: 0.2809  aux_0.acc_seg: 91.0542
2026/07/21 16:25:27 - mmengine - INFO - Iter(train) [ 46400/160000]  lr: 7.4336e-03  eta: 15:20:39  time: 0.4870  data_time: 0.0271  memory: 9068  loss: 1.1020  decode.loss_ohem: 0.7706  decode.acc_seg: 92.9841  aux_0.loss_ce: 0.3314  aux_0.acc_seg: 88.1133
2026/07/21 16:26:16 - mmengine - INFO - Iter(train) [ 46500/160000]  lr: 7.4278e-03  eta: 15:19:50  time: 0.4859  data_time: 0.0268  memory: 9069  loss: 1.1806  decode.loss_ohem: 0.8509  decode.acc_seg: 92.0638  aux_0.loss_ce: 0.3297  aux_0.acc_seg: 90.1979
2026/07/21 16:27:04 - mmengine - INFO - Iter(train) [ 46600/160000]  lr: 7.4219e-03  eta: 15:19:01  time: 0.4867  data_time: 0.0270  memory: 9067  loss: 1.1745  decode.loss_ohem: 0.8420  decode.acc_seg: 91.4766  aux_0.loss_ce: 0.3325  aux_0.acc_seg: 90.1085
2026/07/21 16:27:53 - mmengine - INFO - Iter(train) [ 46700/160000]  lr: 7.4160e-03  eta: 15:18:13  time: 0.4876  data_time: 0.0279  memory: 9070  loss: 1.0475  decode.loss_ohem: 0.7419  decode.acc_seg: 91.8016  aux_0.loss_ce: 0.3057  aux_0.acc_seg: 89.5186
2026/07/21 16:28:42 - mmengine - INFO - Iter(train) [ 46800/160000]  lr: 7.4101e-03  eta: 15:17:25  time: 0.4900  data_time: 0.0289  memory: 9069  loss: 1.0366  decode.loss_ohem: 0.7374  decode.acc_seg: 92.0945  aux_0.loss_ce: 0.2992  aux_0.acc_seg: 89.3846
2026/07/21 16:29:30 - mmengine - INFO - Iter(train) [ 46900/160000]  lr: 7.4042e-03  eta: 15:16:36  time: 0.4837  data_time: 0.0262  memory: 9068  loss: 1.1333  decode.loss_ohem: 0.8239  decode.acc_seg: 89.8372  aux_0.loss_ce: 0.3093  aux_0.acc_seg: 88.4659
2026/07/21 16:30:19 - mmengine - INFO - Exp name: dsanet_cityscapes_512x1024_20260721_100709
2026/07/21 16:30:19 - mmengine - INFO - Iter(train) [ 47000/160000]  lr: 7.3983e-03  eta: 15:15:47  time: 0.4873  data_time: 0.0278  memory: 9069  loss: 1.0664  decode.loss_ohem: 0.7527  decode.acc_seg: 90.2897  aux_0.loss_ce: 0.3137  aux_0.acc_seg: 86.2166
2026/07/21 16:31:08 - mmengine - INFO - Iter(train) [ 47100/160000]  lr: 7.3925e-03  eta: 15:14:59  time: 0.4843  data_time: 0.0267  memory: 9069  loss: 1.0796  decode.loss_ohem: 0.7711  decode.acc_seg: 93.0855  aux_0.loss_ce: 0.3084  aux_0.acc_seg: 88.5213
2026/07/21 16:31:56 - mmengine - INFO - Iter(train) [ 47200/160000]  lr: 7.3866e-03  eta: 15:14:10  time: 0.4856  data_time: 0.0257  memory: 9067  loss: 1.1142  decode.loss_ohem: 0.8047  decode.acc_seg: 91.4662  aux_0.loss_ce: 0.3095  aux_0.acc_seg: 89.1776
2026/07/21 16:32:45 - mmengine - INFO - Iter(train) [ 47300/160000]  lr: 7.3807e-03  eta: 15:13:21  time: 0.4834  data_time: 0.0267  memory: 9068  loss: 0.9601  decode.loss_ohem: 0.6739  decode.acc_seg: 91.5766  aux_0.loss_ce: 0.2862  aux_0.acc_seg: 88.2035
2026/07/21 16:33:33 - mmengine - INFO - Iter(train) [ 47400/160000]  lr: 7.3748e-03  eta: 15:12:32  time: 0.4864  data_time: 0.0271  memory: 9067  loss: 1.0458  decode.loss_ohem: 0.7339  decode.acc_seg: 92.0366  aux_0.loss_ce: 0.3120  aux_0.acc_seg: 89.0258
2026/07/21 16:34:22 - mmengine - INFO - Iter(train) [ 47500/160000]  lr: 7.3689e-03  eta: 15:11:43  time: 0.4879  data_time: 0.0279  memory: 9067  loss: 1.0316  decode.loss_ohem: 0.7405  decode.acc_seg: 91.0692  aux_0.loss_ce: 0.2910  aux_0.acc_seg: 90.7305
2026/07/21 16:35:10 - mmengine - INFO - Iter(train) [ 47600/160000]  lr: 7.3630e-03  eta: 15:10:55  time: 0.4871  data_time: 0.0273  memory: 9069  loss: 1.0502  decode.loss_ohem: 0.7654  decode.acc_seg: 91.9670  aux_0.loss_ce: 0.2848  aux_0.acc_seg: 89.1555
2026/07/21 16:35:59 - mmengine - INFO - Iter(train) [ 47700/160000]  lr: 7.3571e-03  eta: 15:10:06  time: 0.4874  data_time: 0.0280  memory: 9067  loss: 1.0985  decode.loss_ohem: 0.7773  decode.acc_seg: 87.9443  aux_0.loss_ce: 0.3212  aux_0.acc_seg: 85.1046
2026/07/21 16:36:48 - mmengine - INFO - Iter(train) [ 47800/160000]  lr: 7.3513e-03  eta: 15:09:17  time: 0.4781  data_time: 0.0262  memory: 9069  loss: 1.0281  decode.loss_ohem: 0.7399  decode.acc_seg: 91.9589  aux_0.loss_ce: 0.2882  aux_0.acc_seg: 89.4601
2026/07/21 16:37:36 - mmengine - INFO - Iter(train) [ 47900/160000]  lr: 7.3454e-03  eta: 15:08:28  time: 0.4878  data_time: 0.0273  memory: 9068  loss: 1.0180  decode.loss_ohem: 0.7176  decode.acc_seg: 90.3312  aux_0.loss_ce: 0.3005  aux_0.acc_seg: 88.0863
2026/07/21 16:38:25 - mmengine - INFO - Exp name: dsanet_cityscapes_512x1024_20260721_100709
2026/07/21 16:38:25 - mmengine - INFO - Iter(train) [ 48000/160000]  lr: 7.3395e-03  eta: 15:07:40  time: 0.4863  data_time: 0.0268  memory: 9068  loss: 0.9503  decode.loss_ohem: 0.6755  decode.acc_seg: 93.7306  aux_0.loss_ce: 0.2748  aux_0.acc_seg: 92.3234
2026/07/21 16:39:13 - mmengine - INFO - Iter(train) [ 48100/160000]  lr: 7.3336e-03  eta: 15:06:51  time: 0.4851  data_time: 0.0271  memory: 9067  loss: 1.0777  decode.loss_ohem: 0.7657  decode.acc_seg: 92.8928  aux_0.loss_ce: 0.3120  aux_0.acc_seg: 90.0383
2026/07/21 16:40:02 - mmengine - INFO - Iter(train) [ 48200/160000]  lr: 7.3277e-03  eta: 15:06:02  time: 0.4863  data_time: 0.0272  memory: 9068  loss: 1.0023  decode.loss_ohem: 0.6950  decode.acc_seg: 91.2471  aux_0.loss_ce: 0.3073  aux_0.acc_seg: 87.5623
2026/07/21 16:40:50 - mmengine - INFO - Iter(train) [ 48300/160000]  lr: 7.3218e-03  eta: 15:05:13  time: 0.4872  data_time: 0.0274  memory: 9068  loss: 1.0568  decode.loss_ohem: 0.7396  decode.acc_seg: 92.7831  aux_0.loss_ce: 0.3171  aux_0.acc_seg: 90.1479
2026/07/21 16:41:39 - mmengine - INFO - Iter(train) [ 48400/160000]  lr: 7.3159e-03  eta: 15:04:25  time: 0.4876  data_time: 0.0279  memory: 9068  loss: 1.0168  decode.loss_ohem: 0.7288  decode.acc_seg: 91.4979  aux_0.loss_ce: 0.2880  aux_0.acc_seg: 89.5902
2026/07/21 16:42:28 - mmengine - INFO - Iter(train) [ 48500/160000]  lr: 7.3100e-03  eta: 15:03:37  time: 0.4889  data_time: 0.0270  memory: 9069  loss: 1.0947  decode.loss_ohem: 0.7698  decode.acc_seg: 90.3008  aux_0.loss_ce: 0.3250  aux_0.acc_seg: 88.4468
2026/07/21 16:43:16 - mmengine - INFO - Iter(train) [ 48600/160000]  lr: 7.3041e-03  eta: 15:02:48  time: 0.4871  data_time: 0.0263  memory: 9069  loss: 1.0955  decode.loss_ohem: 0.7880  decode.acc_seg: 92.1844  aux_0.loss_ce: 0.3075  aux_0.acc_seg: 89.8962
2026/07/21 16:44:05 - mmengine - INFO - Iter(train) [ 48700/160000]  lr: 7.2982e-03  eta: 15:01:59  time: 0.4873  data_time: 0.0275  memory: 9068  loss: 1.0723  decode.loss_ohem: 0.7515  decode.acc_seg: 92.3311  aux_0.loss_ce: 0.3208  aux_0.acc_seg: 90.1340
2026/07/21 16:44:54 - mmengine - INFO - Iter(train) [ 48800/160000]  lr: 7.2923e-03  eta: 15:01:11  time: 0.4856  data_time: 0.0267  memory: 9069  loss: 1.0618  decode.loss_ohem: 0.7684  decode.acc_seg: 91.5727  aux_0.loss_ce: 0.2935  aux_0.acc_seg: 90.3445
2026/07/21 16:45:43 - mmengine - INFO - Iter(train) [ 48900/160000]  lr: 7.2864e-03  eta: 15:00:23  time: 0.4868  data_time: 0.0258  memory: 9066  loss: 1.1050  decode.loss_ohem: 0.7580  decode.acc_seg: 90.4877  aux_0.loss_ce: 0.3470  aux_0.acc_seg: 87.0190
2026/07/21 16:46:31 - mmengine - INFO - Exp name: dsanet_cityscapes_512x1024_20260721_100709
2026/07/21 16:46:31 - mmengine - INFO - Iter(train) [ 49000/160000]  lr: 7.2805e-03  eta: 14:59:34  time: 0.4892  data_time: 0.0279  memory: 9067  loss: 1.0611  decode.loss_ohem: 0.7576  decode.acc_seg: 91.7389  aux_0.loss_ce: 0.3034  aux_0.acc_seg: 88.1771
2026/07/21 16:47:20 - mmengine - INFO - Iter(train) [ 49100/160000]  lr: 7.2747e-03  eta: 14:58:45  time: 0.4867  data_time: 0.0274  memory: 9069  loss: 1.0338  decode.loss_ohem: 0.7138  decode.acc_seg: 92.2867  aux_0.loss_ce: 0.3200  aux_0.acc_seg: 86.8476
2026/07/21 16:48:08 - mmengine - INFO - Iter(train) [ 49200/160000]  lr: 7.2688e-03  eta: 14:57:56  time: 0.4884  data_time: 0.0286  memory: 9066  loss: 1.2205  decode.loss_ohem: 0.8800  decode.acc_seg: 88.5045  aux_0.loss_ce: 0.3406  aux_0.acc_seg: 86.0244
2026/07/21 16:48:57 - mmengine - INFO - Iter(train) [ 49300/160000]  lr: 7.2629e-03  eta: 14:57:08  time: 0.4864  data_time: 0.0274  memory: 9070  loss: 1.0026  decode.loss_ohem: 0.7067  decode.acc_seg: 90.5794  aux_0.loss_ce: 0.2960  aux_0.acc_seg: 86.3065
2026/07/21 16:49:46 - mmengine - INFO - Iter(train) [ 49400/160000]  lr: 7.2570e-03  eta: 14:56:19  time: 0.4869  data_time: 0.0275  memory: 9069  loss: 1.0748  decode.loss_ohem: 0.7858  decode.acc_seg: 91.6219  aux_0.loss_ce: 0.2891  aux_0.acc_seg: 88.6533
2026/07/21 16:50:35 - mmengine - INFO - Iter(train) [ 49500/160000]  lr: 7.2511e-03  eta: 14:55:31  time: 0.4872  data_time: 0.0276  memory: 9067  loss: 1.0086  decode.loss_ohem: 0.7272  decode.acc_seg: 91.8399  aux_0.loss_ce: 0.2814  aux_0.acc_seg: 90.2002
2026/07/21 16:51:23 - mmengine - INFO - Iter(train) [ 49600/160000]  lr: 7.2452e-03  eta: 14:54:42  time: 0.4835  data_time: 0.0269  memory: 9068  loss: 0.9867  decode.loss_ohem: 0.7098  decode.acc_seg: 91.2908  aux_0.loss_ce: 0.2769  aux_0.acc_seg: 88.0186
2026/07/21 16:52:12 - mmengine - INFO - Iter(train) [ 49700/160000]  lr: 7.2393e-03  eta: 14:53:54  time: 0.4887  data_time: 0.0292  memory: 9067  loss: 1.0416  decode.loss_ohem: 0.7130  decode.acc_seg: 92.2796  aux_0.loss_ce: 0.3286  aux_0.acc_seg: 88.9515
2026/07/21 16:53:00 - mmengine - INFO - Iter(train) [ 49800/160000]  lr: 7.2334e-03  eta: 14:53:05  time: 0.4862  data_time: 0.0281  memory: 9067  loss: 1.0398  decode.loss_ohem: 0.7471  decode.acc_seg: 90.8940  aux_0.loss_ce: 0.2927  aux_0.acc_seg: 89.0953
2026/07/21 16:53:49 - mmengine - INFO - Iter(train) [ 49900/160000]  lr: 7.2275e-03  eta: 14:52:17  time: 0.4880  data_time: 0.0277  memory: 9068  loss: 1.0179  decode.loss_ohem: 0.7434  decode.acc_seg: 92.3348  aux_0.loss_ce: 0.2745  aux_0.acc_seg: 90.9416
2026/07/21 16:54:38 - mmengine - INFO - Exp name: dsanet_cityscapes_512x1024_20260721_100709
2026/07/21 16:54:38 - mmengine - INFO - Iter(train) [ 50000/160000]  lr: 7.2216e-03  eta: 14:51:28  time: 0.4875  data_time: 0.0276  memory: 9069  loss: 1.1722  decode.loss_ohem: 0.7968  decode.acc_seg: 90.8013  aux_0.loss_ce: 0.3754  aux_0.acc_seg: 85.4877
2026/07/21 16:54:38 - mmengine - INFO - Saving checkpoint at 50000 iterations
2026/07/21 16:54:44 - mmengine - INFO - Iter(val) [100/250]    eta: 0:00:08  time: 0.0534  data_time: 0.0084  memory: 801  
2026/07/21 16:54:49 - mmengine - INFO - Iter(val) [200/250]    eta: 0:00:02  time: 0.0538  data_time: 0.0085  memory: 801  
2026/07/21 16:54:52 - mmengine - INFO - per class results:
2026/07/21 16:54:52 - mmengine - INFO - 
+---------------+-------+-------+
|     Class     |  IoU  |  Acc  |
+---------------+-------+-------+
|      road     | 96.73 | 97.84 |
|    sidewalk   | 77.47 | 90.51 |
|    building   | 87.73 |  95.5 |
|      wall     | 35.81 | 39.25 |
|     fence     | 48.42 | 60.07 |
|      pole     | 51.21 | 64.38 |
| traffic light | 40.02 | 45.96 |
|  traffic sign | 62.69 | 77.68 |
|   vegetation  | 88.93 | 93.82 |
|    terrain    | 54.62 | 69.69 |
|      sky      | 91.44 | 97.02 |
|     person    | 69.44 | 80.21 |
|     rider     | 47.89 | 57.84 |
|      car      | 89.28 | 92.86 |
|     truck     |  35.7 | 58.22 |
|      bus      | 51.64 | 76.87 |
|     train     |  2.73 |  2.75 |
|   motorcycle  | 36.81 | 46.47 |
|    bicycle    | 65.67 | 82.54 |
+---------------+-------+-------+
2026/07/21 16:54:52 - mmengine - INFO - Iter(val) [250/250]    aAcc: 93.4100  mIoU: 59.7000  mAcc: 69.9700  data_time: 0.0099  time: 0.0552
2026/07/21 16:55:41 - mmengine - INFO - Iter(train) [ 50100/160000]  lr: 7.2157e-03  eta: 14:50:40  time: 0.4865  data_time: 0.0271  memory: 9068  loss: 1.0359  decode.loss_ohem: 0.7364  decode.acc_seg: 91.9976  aux_0.loss_ce: 0.2995  aux_0.acc_seg: 90.0200
2026/07/21 16:56:29 - mmengine - INFO - Iter(train) [ 50200/160000]  lr: 7.2098e-03  eta: 14:49:51  time: 0.4859  data_time: 0.0269  memory: 9068  loss: 1.0782  decode.loss_ohem: 0.7698  decode.acc_seg: 88.6828  aux_0.loss_ce: 0.3084  aux_0.acc_seg: 86.5295
2026/07/21 16:57:18 - mmengine - INFO - Iter(train) [ 50300/160000]  lr: 7.2039e-03  eta: 14:49:02  time: 0.4836  data_time: 0.0262  memory: 9069  loss: 1.1303  decode.loss_ohem: 0.8090  decode.acc_seg: 87.9999  aux_0.loss_ce: 0.3213  aux_0.acc_seg: 85.3892
2026/07/21 16:58:06 - mmengine - INFO - Iter(train) [ 50400/160000]  lr: 7.1980e-03  eta: 14:48:13  time: 0.4858  data_time: 0.0271  memory: 9067  loss: 1.0482  decode.loss_ohem: 0.7210  decode.acc_seg: 88.1662  aux_0.loss_ce: 0.3273  aux_0.acc_seg: 82.3222
2026/07/21 16:58:55 - mmengine - INFO - Iter(train) [ 50500/160000]  lr: 7.1921e-03  eta: 14:47:24  time: 0.4842  data_time: 0.0272  memory: 9067  loss: 1.0748  decode.loss_ohem: 0.7763  decode.acc_seg: 92.2796  aux_0.loss_ce: 0.2985  aux_0.acc_seg: 91.6947
2026/07/21 16:59:44 - mmengine - INFO - Iter(train) [ 50600/160000]  lr: 7.1862e-03  eta: 14:46:36  time: 0.4859  data_time: 0.0273  memory: 9068  loss: 1.0482  decode.loss_ohem: 0.7639  decode.acc_seg: 92.6443  aux_0.loss_ce: 0.2843  aux_0.acc_seg: 90.6965
2026/07/21 17:00:32 - mmengine - INFO - Iter(train) [ 50700/160000]  lr: 7.1803e-03  eta: 14:45:47  time: 0.4877  data_time: 0.0276  memory: 9068  loss: 1.0444  decode.loss_ohem: 0.7370  decode.acc_seg: 93.2935  aux_0.loss_ce: 0.3074  aux_0.acc_seg: 91.6146
2026/07/21 17:01:21 - mmengine - INFO - Iter(train) [ 50800/160000]  lr: 7.1744e-03  eta: 14:44:59  time: 0.4865  data_time: 0.0277  memory: 9069  loss: 1.0242  decode.loss_ohem: 0.7223  decode.acc_seg: 94.0041  aux_0.loss_ce: 0.3019  aux_0.acc_seg: 92.6268
2026/07/21 17:02:10 - mmengine - INFO - Iter(train) [ 50900/160000]  lr: 7.1684e-03  eta: 14:44:10  time: 0.4868  data_time: 0.0275  memory: 9071  loss: 1.0604  decode.loss_ohem: 0.7553  decode.acc_seg: 90.2797  aux_0.loss_ce: 0.3052  aux_0.acc_seg: 85.6906
2026/07/21 17:02:58 - mmengine - INFO - Exp name: dsanet_cityscapes_512x1024_20260721_100709
2026/07/21 17:02:58 - mmengine - INFO - Iter(train) [ 51000/160000]  lr: 7.1625e-03  eta: 14:43:21  time: 0.4856  data_time: 0.0273  memory: 9069  loss: 1.0597  decode.loss_ohem: 0.7648  decode.acc_seg: 91.8795  aux_0.loss_ce: 0.2949  aux_0.acc_seg: 89.7968
2026/07/21 17:03:47 - mmengine - INFO - Iter(train) [ 51100/160000]  lr: 7.1566e-03  eta: 14:42:33  time: 0.4872  data_time: 0.0280  memory: 9068  loss: 1.0729  decode.loss_ohem: 0.7535  decode.acc_seg: 88.0568  aux_0.loss_ce: 0.3194  aux_0.acc_seg: 86.2538
2026/07/21 17:04:36 - mmengine - INFO - Iter(train) [ 51200/160000]  lr: 7.1507e-03  eta: 14:41:44  time: 0.4861  data_time: 0.0270  memory: 9067  loss: 1.0974  decode.loss_ohem: 0.7695  decode.acc_seg: 93.5041  aux_0.loss_ce: 0.3279  aux_0.acc_seg: 91.3954
2026/07/21 17:05:24 - mmengine - INFO - Iter(train) [ 51300/160000]  lr: 7.1448e-03  eta: 14:40:56  time: 0.4875  data_time: 0.0283  memory: 9067  loss: 1.0990  decode.loss_ohem: 0.7825  decode.acc_seg: 91.2498  aux_0.loss_ce: 0.3165  aux_0.acc_seg: 89.8096
2026/07/21 17:06:13 - mmengine - INFO - Iter(train) [ 51400/160000]  lr: 7.1389e-03  eta: 14:40:07  time: 0.4825  data_time: 0.0261  memory: 9068  loss: 1.0833  decode.loss_ohem: 0.7737  decode.acc_seg: 91.7712  aux_0.loss_ce: 0.3097  aux_0.acc_seg: 89.3496
2026/07/21 17:07:01 - mmengine - INFO - Iter(train) [ 51500/160000]  lr: 7.1330e-03  eta: 14:39:18  time: 0.4840  data_time: 0.0266  memory: 9069  loss: 1.1229  decode.loss_ohem: 0.7784  decode.acc_seg: 89.4405  aux_0.loss_ce: 0.3445  aux_0.acc_seg: 85.4345
2026/07/21 17:07:50 - mmengine - INFO - Iter(train) [ 51600/160000]  lr: 7.1271e-03  eta: 14:38:29  time: 0.4839  data_time: 0.0269  memory: 9068  loss: 1.0547  decode.loss_ohem: 0.7583  decode.acc_seg: 91.8418  aux_0.loss_ce: 0.2964  aux_0.acc_seg: 88.9394
2026/07/21 17:08:38 - mmengine - INFO - Iter(train) [ 51700/160000]  lr: 7.1212e-03  eta: 14:37:40  time: 0.4828  data_time: 0.0266  memory: 9068  loss: 1.0803  decode.loss_ohem: 0.7754  decode.acc_seg: 92.3336  aux_0.loss_ce: 0.3050  aux_0.acc_seg: 90.5852
2026/07/21 17:09:26 - mmengine - INFO - Iter(train) [ 51800/160000]  lr: 7.1153e-03  eta: 14:36:50  time: 0.4829  data_time: 0.0269  memory: 9070  loss: 1.1614  decode.loss_ohem: 0.8059  decode.acc_seg: 90.5770  aux_0.loss_ce: 0.3555  aux_0.acc_seg: 88.2739
2026/07/21 17:10:15 - mmengine - INFO - Iter(train) [ 51900/160000]  lr: 7.1094e-03  eta: 14:36:01  time: 0.4812  data_time: 0.0254  memory: 9067  loss: 1.0412  decode.loss_ohem: 0.7594  decode.acc_seg: 92.2526  aux_0.loss_ce: 0.2818  aux_0.acc_seg: 90.6470
2026/07/21 17:11:03 - mmengine - INFO - Exp name: dsanet_cityscapes_512x1024_20260721_100709
2026/07/21 17:11:03 - mmengine - INFO - Iter(train) [ 52000/160000]  lr: 7.1035e-03  eta: 14:35:11  time: 0.4818  data_time: 0.0267  memory: 9067  loss: 1.0746  decode.loss_ohem: 0.7704  decode.acc_seg: 92.6866  aux_0.loss_ce: 0.3042  aux_0.acc_seg: 88.3228
2026/07/21 17:11:51 - mmengine - INFO - Iter(train) [ 52100/160000]  lr: 7.0975e-03  eta: 14:34:22  time: 0.4827  data_time: 0.0268  memory: 9067  loss: 1.1100  decode.loss_ohem: 0.7846  decode.acc_seg: 93.1726  aux_0.loss_ce: 0.3253  aux_0.acc_seg: 90.1195
2026/07/21 17:12:39 - mmengine - INFO - Iter(train) [ 52200/160000]  lr: 7.0916e-03  eta: 14:33:32  time: 0.4826  data_time: 0.0261  memory: 9068  loss: 1.0821  decode.loss_ohem: 0.7655  decode.acc_seg: 91.1935  aux_0.loss_ce: 0.3166  aux_0.acc_seg: 88.9680
2026/07/21 17:13:28 - mmengine - INFO - Iter(train) [ 52300/160000]  lr: 7.0857e-03  eta: 14:32:43  time: 0.4832  data_time: 0.0270  memory: 9066  loss: 1.0756  decode.loss_ohem: 0.7760  decode.acc_seg: 92.6613  aux_0.loss_ce: 0.2996  aux_0.acc_seg: 91.0174
2026/07/21 17:14:16 - mmengine - INFO - Iter(train) [ 52400/160000]  lr: 7.0798e-03  eta: 14:31:54  time: 0.4850  data_time: 0.0273  memory: 9067  loss: 1.0867  decode.loss_ohem: 0.7634  decode.acc_seg: 92.4926  aux_0.loss_ce: 0.3232  aux_0.acc_seg: 89.3524
2026/07/21 17:15:04 - mmengine - INFO - Iter(train) [ 52500/160000]  lr: 7.0739e-03  eta: 14:31:05  time: 0.4845  data_time: 0.0268  memory: 9067  loss: 1.0712  decode.loss_ohem: 0.7493  decode.acc_seg: 90.8462  aux_0.loss_ce: 0.3219  aux_0.acc_seg: 90.3152
2026/07/21 17:15:53 - mmengine - INFO - Iter(train) [ 52600/160000]  lr: 7.0680e-03  eta: 14:30:16  time: 0.4852  data_time: 0.0274  memory: 9069  loss: 1.0130  decode.loss_ohem: 0.7217  decode.acc_seg: 92.3642  aux_0.loss_ce: 0.2913  aux_0.acc_seg: 90.2846
2026/07/21 17:16:41 - mmengine - INFO - Iter(train) [ 52700/160000]  lr: 7.0621e-03  eta: 14:29:27  time: 0.4846  data_time: 0.0275  memory: 9067  loss: 1.0535  decode.loss_ohem: 0.7671  decode.acc_seg: 91.2183  aux_0.loss_ce: 0.2864  aux_0.acc_seg: 86.7134
2026/07/21 17:17:30 - mmengine - INFO - Iter(train) [ 52800/160000]  lr: 7.0562e-03  eta: 14:28:38  time: 0.4844  data_time: 0.0272  memory: 9070  loss: 1.1222  decode.loss_ohem: 0.8038  decode.acc_seg: 91.0336  aux_0.loss_ce: 0.3184  aux_0.acc_seg: 87.6821
2026/07/21 17:18:18 - mmengine - INFO - Iter(train) [ 52900/160000]  lr: 7.0502e-03  eta: 14:27:49  time: 0.4834  data_time: 0.0273  memory: 9069  loss: 1.0474  decode.loss_ohem: 0.7593  decode.acc_seg: 90.5727  aux_0.loss_ce: 0.2880  aux_0.acc_seg: 88.9467
2026/07/21 17:19:06 - mmengine - INFO - Exp name: dsanet_cityscapes_512x1024_20260721_100709
2026/07/21 17:19:06 - mmengine - INFO - Iter(train) [ 53000/160000]  lr: 7.0443e-03  eta: 14:27:00  time: 0.4829  data_time: 0.0269  memory: 9068  loss: 0.9429  decode.loss_ohem: 0.6636  decode.acc_seg: 94.6962  aux_0.loss_ce: 0.2793  aux_0.acc_seg: 91.7318
2026/07/21 17:19:55 - mmengine - INFO - Iter(train) [ 53100/160000]  lr: 7.0384e-03  eta: 14:26:11  time: 0.4830  data_time: 0.0274  memory: 9067  loss: 1.0819  decode.loss_ohem: 0.7763  decode.acc_seg: 88.8680  aux_0.loss_ce: 0.3056  aux_0.acc_seg: 86.5321
2026/07/21 17:20:43 - mmengine - INFO - Iter(train) [ 53200/160000]  lr: 7.0325e-03  eta: 14:25:22  time: 0.4840  data_time: 0.0275  memory: 9067  loss: 1.0322  decode.loss_ohem: 0.7365  decode.acc_seg: 90.5545  aux_0.loss_ce: 0.2957  aux_0.acc_seg: 89.1536
2026/07/21 17:21:32 - mmengine - INFO - Iter(train) [ 53300/160000]  lr: 7.0266e-03  eta: 14:24:33  time: 0.4849  data_time: 0.0279  memory: 9068  loss: 1.0497  decode.loss_ohem: 0.7473  decode.acc_seg: 88.1849  aux_0.loss_ce: 0.3024  aux_0.acc_seg: 84.2993
2026/07/21 17:22:20 - mmengine - INFO - Iter(train) [ 53400/160000]  lr: 7.0206e-03  eta: 14:23:44  time: 0.4845  data_time: 0.0278  memory: 9068  loss: 0.9621  decode.loss_ohem: 0.6750  decode.acc_seg: 93.4953  aux_0.loss_ce: 0.2871  aux_0.acc_seg: 92.2168
2026/07/21 17:23:09 - mmengine - INFO - Iter(train) [ 53500/160000]  lr: 7.0147e-03  eta: 14:22:55  time: 0.4835  data_time: 0.0273  memory: 9067  loss: 1.1271  decode.loss_ohem: 0.8193  decode.acc_seg: 92.5351  aux_0.loss_ce: 0.3078  aux_0.acc_seg: 90.0055
2026/07/21 17:23:57 - mmengine - INFO - Iter(train) [ 53600/160000]  lr: 7.0088e-03  eta: 14:22:06  time: 0.4830  data_time: 0.0271  memory: 9070  loss: 1.1056  decode.loss_ohem: 0.7980  decode.acc_seg: 91.5267  aux_0.loss_ce: 0.3076  aux_0.acc_seg: 89.1566
2026/07/21 17:24:45 - mmengine - INFO - Iter(train) [ 53700/160000]  lr: 7.0029e-03  eta: 14:21:16  time: 0.4828  data_time: 0.0269  memory: 9067  loss: 1.1150  decode.loss_ohem: 0.7802  decode.acc_seg: 91.0266  aux_0.loss_ce: 0.3348  aux_0.acc_seg: 87.6184
2026/07/21 17:25:34 - mmengine - INFO - Iter(train) [ 53800/160000]  lr: 6.9970e-03  eta: 14:20:27  time: 0.4828  data_time: 0.0272  memory: 9069  loss: 1.1558  decode.loss_ohem: 0.8135  decode.acc_seg: 91.1493  aux_0.loss_ce: 0.3423  aux_0.acc_seg: 86.1746
2026/07/21 17:26:22 - mmengine - INFO - Iter(train) [ 53900/160000]  lr: 6.9910e-03  eta: 14:19:38  time: 0.4825  data_time: 0.0268  memory: 9069  loss: 1.0605  decode.loss_ohem: 0.7480  decode.acc_seg: 92.7803  aux_0.loss_ce: 0.3125  aux_0.acc_seg: 88.5469
2026/07/21 17:27:10 - mmengine - INFO - Exp name: dsanet_cityscapes_512x1024_20260721_100709
2026/07/21 17:27:10 - mmengine - INFO - Iter(train) [ 54000/160000]  lr: 6.9851e-03  eta: 14:18:48  time: 0.4810  data_time: 0.0266  memory: 9068  loss: 1.0343  decode.loss_ohem: 0.7399  decode.acc_seg: 92.0367  aux_0.loss_ce: 0.2944  aux_0.acc_seg: 88.0621
2026/07/21 17:27:58 - mmengine - INFO - Iter(train) [ 54100/160000]  lr: 6.9792e-03  eta: 14:17:59  time: 0.4824  data_time: 0.0270  memory: 9068  loss: 0.9533  decode.loss_ohem: 0.6863  decode.acc_seg: 93.0752  aux_0.loss_ce: 0.2670  aux_0.acc_seg: 92.1410
2026/07/21 17:28:46 - mmengine - INFO - Iter(train) [ 54200/160000]  lr: 6.9733e-03  eta: 14:17:10  time: 0.4808  data_time: 0.0267  memory: 9069  loss: 1.0326  decode.loss_ohem: 0.7321  decode.acc_seg: 91.0169  aux_0.loss_ce: 0.3005  aux_0.acc_seg: 87.6480
2026/07/21 17:29:35 - mmengine - INFO - Iter(train) [ 54300/160000]  lr: 6.9674e-03  eta: 14:16:20  time: 0.4825  data_time: 0.0272  memory: 9070  loss: 1.0544  decode.loss_ohem: 0.7361  decode.acc_seg: 92.5438  aux_0.loss_ce: 0.3183  aux_0.acc_seg: 90.9633
2026/07/21 17:30:23 - mmengine - INFO - Iter(train) [ 54400/160000]  lr: 6.9614e-03  eta: 14:15:31  time: 0.4823  data_time: 0.0274  memory: 9069  loss: 1.0272  decode.loss_ohem: 0.7446  decode.acc_seg: 91.3425  aux_0.loss_ce: 0.2826  aux_0.acc_seg: 86.3439
2026/07/21 17:31:11 - mmengine - INFO - Iter(train) [ 54500/160000]  lr: 6.9555e-03  eta: 14:14:42  time: 0.4823  data_time: 0.0272  memory: 9068  loss: 1.0064  decode.loss_ohem: 0.7225  decode.acc_seg: 91.9415  aux_0.loss_ce: 0.2840  aux_0.acc_seg: 90.0719
2026/07/21 17:31:59 - mmengine - INFO - Iter(train) [ 54600/160000]  lr: 6.9496e-03  eta: 14:13:52  time: 0.4826  data_time: 0.0275  memory: 9070  loss: 0.9991  decode.loss_ohem: 0.7274  decode.acc_seg: 90.5921  aux_0.loss_ce: 0.2717  aux_0.acc_seg: 85.9961
2026/07/21 17:32:48 - mmengine - INFO - Iter(train) [ 54700/160000]  lr: 6.9437e-03  eta: 14:13:03  time: 0.4832  data_time: 0.0276  memory: 9067  loss: 1.1020  decode.loss_ohem: 0.7806  decode.acc_seg: 90.7954  aux_0.loss_ce: 0.3214  aux_0.acc_seg: 87.3281
2026/07/21 17:33:36 - mmengine - INFO - Iter(train) [ 54800/160000]  lr: 6.9377e-03  eta: 14:12:14  time: 0.4833  data_time: 0.0271  memory: 9070  loss: 0.9839  decode.loss_ohem: 0.7075  decode.acc_seg: 89.5766  aux_0.loss_ce: 0.2764  aux_0.acc_seg: 86.7364
2026/07/21 17:34:24 - mmengine - INFO - Iter(train) [ 54900/160000]  lr: 6.9318e-03  eta: 14:11:24  time: 0.4836  data_time: 0.0277  memory: 9067  loss: 1.0991  decode.loss_ohem: 0.7773  decode.acc_seg: 93.8443  aux_0.loss_ce: 0.3218  aux_0.acc_seg: 90.0835
2026/07/21 17:35:13 - mmengine - INFO - Exp name: dsanet_cityscapes_512x1024_20260721_100709
2026/07/21 17:35:13 - mmengine - INFO - Iter(train) [ 55000/160000]  lr: 6.9259e-03  eta: 14:10:35  time: 0.4824  data_time: 0.0273  memory: 9068  loss: 1.0514  decode.loss_ohem: 0.7555  decode.acc_seg: 92.6611  aux_0.loss_ce: 0.2960  aux_0.acc_seg: 88.8707
2026/07/21 17:35:13 - mmengine - INFO - Saving checkpoint at 55000 iterations
2026/07/21 17:35:19 - mmengine - INFO - Iter(val) [100/250]    eta: 0:00:08  time: 0.0539  data_time: 0.0090  memory: 801  
2026/07/21 17:35:24 - mmengine - INFO - Iter(val) [200/250]    eta: 0:00:02  time: 0.0540  data_time: 0.0089  memory: 801  
2026/07/21 17:35:27 - mmengine - INFO - per class results:
2026/07/21 17:35:27 - mmengine - INFO - 
+---------------+-------+-------+
|     Class     |  IoU  |  Acc  |
+---------------+-------+-------+
|      road     | 96.19 | 97.38 |
|    sidewalk   | 71.25 | 87.11 |
|    building   |  87.1 |  94.2 |
|      wall     |  39.5 |  49.9 |
|     fence     | 39.83 | 64.78 |
|      pole     | 49.99 | 64.57 |
| traffic light | 42.91 | 49.65 |
|  traffic sign | 63.29 | 70.45 |
|   vegetation  | 87.37 | 92.31 |
|    terrain    | 46.03 |  58.4 |
|      sky      | 91.83 | 96.71 |
|     person    | 69.19 | 86.29 |
|     rider     | 43.11 | 52.57 |
|      car      | 86.75 | 91.53 |
|     truck     | 39.75 | 67.03 |
|      bus      | 44.84 | 74.78 |
|     train     | 35.35 |  45.8 |
|   motorcycle  | 22.23 | 24.34 |
|    bicycle    | 64.51 | 81.44 |
+---------------+-------+-------+
2026/07/21 17:35:27 - mmengine - INFO - Iter(val) [250/250]    aAcc: 92.5000  mIoU: 59.0000  mAcc: 71.0100  data_time: 0.0101  time: 0.0551
2026/07/21 17:36:15 - mmengine - INFO - Iter(train) [ 55100/160000]  lr: 6.9199e-03  eta: 14:09:46  time: 0.4826  data_time: 0.0271  memory: 9069  loss: 0.9954  decode.loss_ohem: 0.7085  decode.acc_seg: 88.6779  aux_0.loss_ce: 0.2869  aux_0.acc_seg: 87.2103
2026/07/21 17:37:03 - mmengine - INFO - Iter(train) [ 55200/160000]  lr: 6.9140e-03  eta: 14:08:57  time: 0.4837  data_time: 0.0272  memory: 9068  loss: 1.0303  decode.loss_ohem: 0.7187  decode.acc_seg: 89.3865  aux_0.loss_ce: 0.3116  aux_0.acc_seg: 87.8867
2026/07/21 17:37:52 - mmengine - INFO - Iter(train) [ 55300/160000]  lr: 6.9081e-03  eta: 14:08:08  time: 0.4822  data_time: 0.0268  memory: 9069  loss: 1.0728  decode.loss_ohem: 0.7755  decode.acc_seg: 92.3259  aux_0.loss_ce: 0.2973  aux_0.acc_seg: 90.1699
2026/07/21 17:38:40 - mmengine - INFO - Iter(train) [ 55400/160000]  lr: 6.9022e-03  eta: 14:07:18  time: 0.4837  data_time: 0.0272  memory: 9067  loss: 0.9986  decode.loss_ohem: 0.6799  decode.acc_seg: 92.4281  aux_0.loss_ce: 0.3187  aux_0.acc_seg: 86.8787
2026/07/21 17:39:28 - mmengine - INFO - Iter(train) [ 55500/160000]  lr: 6.8962e-03  eta: 14:06:29  time: 0.4806  data_time: 0.0259  memory: 9068  loss: 1.0069  decode.loss_ohem: 0.7297  decode.acc_seg: 92.1839  aux_0.loss_ce: 0.2772  aux_0.acc_seg: 90.4925
2026/07/21 17:40:16 - mmengine - INFO - Iter(train) [ 55600/160000]  lr: 6.8903e-03  eta: 14:05:40  time: 0.4828  data_time: 0.0272  memory: 9067  loss: 1.0242  decode.loss_ohem: 0.7277  decode.acc_seg: 90.9578  aux_0.loss_ce: 0.2965  aux_0.acc_seg: 88.0149
2026/07/21 17:41:05 - mmengine - INFO - Iter(train) [ 55700/160000]  lr: 6.8844e-03  eta: 14:04:50  time: 0.4820  data_time: 0.0265  memory: 9067  loss: 1.1315  decode.loss_ohem: 0.8339  decode.acc_seg: 90.4940  aux_0.loss_ce: 0.2976  aux_0.acc_seg: 88.2617
2026/07/21 17:41:53 - mmengine - INFO - Iter(train) [ 55800/160000]  lr: 6.8784e-03  eta: 14:04:01  time: 0.4826  data_time: 0.0269  memory: 9067  loss: 1.0051  decode.loss_ohem: 0.7287  decode.acc_seg: 92.9780  aux_0.loss_ce: 0.2764  aux_0.acc_seg: 91.3199
2026/07/21 17:42:41 - mmengine - INFO - Iter(train) [ 55900/160000]  lr: 6.8725e-03  eta: 14:03:12  time: 0.4835  data_time: 0.0270  memory: 9069  loss: 1.0824  decode.loss_ohem: 0.7624  decode.acc_seg: 91.1869  aux_0.loss_ce: 0.3200  aux_0.acc_seg: 86.8946
2026/07/21 17:43:30 - mmengine - INFO - Exp name: dsanet_cityscapes_512x1024_20260721_100709
2026/07/21 17:43:30 - mmengine - INFO - Iter(train) [ 56000/160000]  lr: 6.8666e-03  eta: 14:02:23  time: 0.4838  data_time: 0.0275  memory: 9068  loss: 1.1350  decode.loss_ohem: 0.8353  decode.acc_seg: 89.7829  aux_0.loss_ce: 0.2997  aux_0.acc_seg: 87.3086
2026/07/21 17:44:18 - mmengine - INFO - Iter(train) [ 56100/160000]  lr: 6.8606e-03  eta: 14:01:34  time: 0.4833  data_time: 0.0271  memory: 9067  loss: 1.0358  decode.loss_ohem: 0.7485  decode.acc_seg: 92.8384  aux_0.loss_ce: 0.2872  aux_0.acc_seg: 90.3507
2026/07/21 17:45:06 - mmengine - INFO - Iter(train) [ 56200/160000]  lr: 6.8547e-03  eta: 14:00:44  time: 0.4822  data_time: 0.0261  memory: 9069  loss: 0.9357  decode.loss_ohem: 0.6607  decode.acc_seg: 91.6791  aux_0.loss_ce: 0.2750  aux_0.acc_seg: 86.7465
2026/07/21 17:45:54 - mmengine - INFO - Iter(train) [ 56300/160000]  lr: 6.8488e-03  eta: 13:59:55  time: 0.4825  data_time: 0.0273  memory: 9068  loss: 0.9925  decode.loss_ohem: 0.7190  decode.acc_seg: 91.3408  aux_0.loss_ce: 0.2735  aux_0.acc_seg: 87.2235
2026/07/21 17:46:43 - mmengine - INFO - Iter(train) [ 56400/160000]  lr: 6.8428e-03  eta: 13:59:06  time: 0.4824  data_time: 0.0271  memory: 9069  loss: 1.0313  decode.loss_ohem: 0.7214  decode.acc_seg: 88.8691  aux_0.loss_ce: 0.3099  aux_0.acc_seg: 86.6340
2026/07/21 17:47:31 - mmengine - INFO - Iter(train) [ 56500/160000]  lr: 6.8369e-03  eta: 13:58:17  time: 0.4817  data_time: 0.0271  memory: 9068  loss: 1.0869  decode.loss_ohem: 0.7864  decode.acc_seg: 92.0664  aux_0.loss_ce: 0.3005  aux_0.acc_seg: 89.1552
2026/07/21 17:48:19 - mmengine - INFO - Iter(train) [ 56600/160000]  lr: 6.8310e-03  eta: 13:57:28  time: 0.4828  data_time: 0.0273  memory: 9068  loss: 1.0464  decode.loss_ohem: 0.7399  decode.acc_seg: 90.8650  aux_0.loss_ce: 0.3065  aux_0.acc_seg: 88.3102
2026/07/21 17:49:08 - mmengine - INFO - Iter(train) [ 56700/160000]  lr: 6.8250e-03  eta: 13:56:39  time: 0.4839  data_time: 0.0276  memory: 9069  loss: 1.1279  decode.loss_ohem: 0.8281  decode.acc_seg: 87.9595  aux_0.loss_ce: 0.2998  aux_0.acc_seg: 84.1563
2026/07/21 17:49:56 - mmengine - INFO - Iter(train) [ 56800/160000]  lr: 6.8191e-03  eta: 13:55:49  time: 0.4826  data_time: 0.0273  memory: 9069  loss: 1.0740  decode.loss_ohem: 0.7580  decode.acc_seg: 92.3006  aux_0.loss_ce: 0.3160  aux_0.acc_seg: 90.4003
2026/07/21 17:50:44 - mmengine - INFO - Iter(train) [ 56900/160000]  lr: 6.8131e-03  eta: 13:55:00  time: 0.4826  data_time: 0.0274  memory: 9067  loss: 1.0514  decode.loss_ohem: 0.7628  decode.acc_seg: 92.0536  aux_0.loss_ce: 0.2886  aux_0.acc_seg: 88.8126
2026/07/21 17:51:32 - mmengine - INFO - Exp name: dsanet_cityscapes_512x1024_20260721_100709
2026/07/21 17:51:32 - mmengine - INFO - Iter(train) [ 57000/160000]  lr: 6.8072e-03  eta: 13:54:11  time: 0.4831  data_time: 0.0274  memory: 9068  loss: 0.9917  decode.loss_ohem: 0.6892  decode.acc_seg: 91.1819  aux_0.loss_ce: 0.3024  aux_0.acc_seg: 86.6548
2026/07/21 17:52:21 - mmengine - INFO - Iter(train) [ 57100/160000]  lr: 6.8013e-03  eta: 13:53:22  time: 0.4840  data_time: 0.0273  memory: 9068  loss: 1.0704  decode.loss_ohem: 0.7674  decode.acc_seg: 90.1220  aux_0.loss_ce: 0.3031  aux_0.acc_seg: 88.4777
2026/07/21 17:53:09 - mmengine - INFO - Iter(train) [ 57200/160000]  lr: 6.7953e-03  eta: 13:52:32  time: 0.4803  data_time: 0.0264  memory: 9069  loss: 1.0324  decode.loss_ohem: 0.7399  decode.acc_seg: 91.9515  aux_0.loss_ce: 0.2925  aux_0.acc_seg: 90.0499
2026/07/21 17:53:57 - mmengine - INFO - Iter(train) [ 57300/160000]  lr: 6.7894e-03  eta: 13:51:43  time: 0.4809  data_time: 0.0265  memory: 9067  loss: 0.9493  decode.loss_ohem: 0.6663  decode.acc_seg: 92.5591  aux_0.loss_ce: 0.2831  aux_0.acc_seg: 89.9517
2026/07/21 17:54:45 - mmengine - INFO - Iter(train) [ 57400/160000]  lr: 6.7834e-03  eta: 13:50:53  time: 0.4824  data_time: 0.0268  memory: 9068  loss: 1.1612  decode.loss_ohem: 0.8116  decode.acc_seg: 91.1970  aux_0.loss_ce: 0.3496  aux_0.acc_seg: 87.1847
2026/07/21 17:55:33 - mmengine - INFO - Iter(train) [ 57500/160000]  lr: 6.7775e-03  eta: 13:50:04  time: 0.4804  data_time: 0.0261  memory: 9066  loss: 1.0156  decode.loss_ohem: 0.7393  decode.acc_seg: 91.8299  aux_0.loss_ce: 0.2762  aux_0.acc_seg: 89.7556
2026/07/21 17:56:21 - mmengine - INFO - Iter(train) [ 57600/160000]  lr: 6.7716e-03  eta: 13:49:14  time: 0.4806  data_time: 0.0261  memory: 9066  loss: 1.0545  decode.loss_ohem: 0.7693  decode.acc_seg: 92.0007  aux_0.loss_ce: 0.2852  aux_0.acc_seg: 88.6162
2026/07/21 17:57:10 - mmengine - INFO - Iter(train) [ 57700/160000]  lr: 6.7656e-03  eta: 13:48:25  time: 0.4831  data_time: 0.0265  memory: 9068  loss: 1.0892  decode.loss_ohem: 0.7607  decode.acc_seg: 92.7150  aux_0.loss_ce: 0.3286  aux_0.acc_seg: 90.8908
2026/07/21 17:57:58 - mmengine - INFO - Iter(train) [ 57800/160000]  lr: 6.7597e-03  eta: 13:47:36  time: 0.4825  data_time: 0.0263  memory: 9069  loss: 0.9840  decode.loss_ohem: 0.6812  decode.acc_seg: 92.9024  aux_0.loss_ce: 0.3029  aux_0.acc_seg: 88.9775
2026/07/21 17:58:46 - mmengine - INFO - Iter(train) [ 57900/160000]  lr: 6.7537e-03  eta: 13:46:47  time: 0.4822  data_time: 0.0269  memory: 9067  loss: 1.0501  decode.loss_ohem: 0.7724  decode.acc_seg: 94.2105  aux_0.loss_ce: 0.2778  aux_0.acc_seg: 91.7655
2026/07/21 17:59:34 - mmengine - INFO - Exp name: dsanet_cityscapes_512x1024_20260721_100709
2026/07/21 17:59:34 - mmengine - INFO - Iter(train) [ 58000/160000]  lr: 6.7478e-03  eta: 13:45:58  time: 0.4821  data_time: 0.0266  memory: 9067  loss: 1.0111  decode.loss_ohem: 0.7237  decode.acc_seg: 89.4825  aux_0.loss_ce: 0.2875  aux_0.acc_seg: 86.5039
2026/07/21 18:00:22 - mmengine - INFO - Iter(train) [ 58100/160000]  lr: 6.7418e-03  eta: 13:45:08  time: 0.4817  data_time: 0.0264  memory: 9069  loss: 1.0978  decode.loss_ohem: 0.7932  decode.acc_seg: 90.1091  aux_0.loss_ce: 0.3046  aux_0.acc_seg: 87.4840
2026/07/21 18:01:11 - mmengine - INFO - Iter(train) [ 58200/160000]  lr: 6.7359e-03  eta: 13:44:19  time: 0.4811  data_time: 0.0270  memory: 9067  loss: 1.0181  decode.loss_ohem: 0.7374  decode.acc_seg: 91.0819  aux_0.loss_ce: 0.2806  aux_0.acc_seg: 88.1140
2026/07/21 18:01:59 - mmengine - INFO - Iter(train) [ 58300/160000]  lr: 6.7299e-03  eta: 13:43:30  time: 0.4809  data_time: 0.0260  memory: 9067  loss: 1.1678  decode.loss_ohem: 0.8383  decode.acc_seg: 92.8245  aux_0.loss_ce: 0.3296  aux_0.acc_seg: 90.9764
2026/07/21 18:02:47 - mmengine - INFO - Iter(train) [ 58400/160000]  lr: 6.7240e-03  eta: 13:42:40  time: 0.4837  data_time: 0.0274  memory: 9067  loss: 1.0351  decode.loss_ohem: 0.7295  decode.acc_seg: 91.4741  aux_0.loss_ce: 0.3056  aux_0.acc_seg: 87.8429
2026/07/21 18:03:35 - mmengine - INFO - Iter(train) [ 58500/160000]  lr: 6.7180e-03  eta: 13:41:51  time: 0.4815  data_time: 0.0263  memory: 9069  loss: 1.0262  decode.loss_ohem: 0.7334  decode.acc_seg: 91.4124  aux_0.loss_ce: 0.2928  aux_0.acc_seg: 88.1025
2026/07/21 18:04:23 - mmengine - INFO - Iter(train) [ 58600/160000]  lr: 6.7121e-03  eta: 13:41:02  time: 0.4829  data_time: 0.0270  memory: 9068  loss: 1.0506  decode.loss_ohem: 0.7477  decode.acc_seg: 92.7319  aux_0.loss_ce: 0.3030  aux_0.acc_seg: 91.5987
2026/07/21 18:05:12 - mmengine - INFO - Iter(train) [ 58700/160000]  lr: 6.7061e-03  eta: 13:40:13  time: 0.4819  data_time: 0.0261  memory: 9068  loss: 1.0328  decode.loss_ohem: 0.7371  decode.acc_seg: 91.6258  aux_0.loss_ce: 0.2957  aux_0.acc_seg: 87.7605
2026/07/21 18:06:00 - mmengine - INFO - Iter(train) [ 58800/160000]  lr: 6.7002e-03  eta: 13:39:24  time: 0.4832  data_time: 0.0267  memory: 9068  loss: 1.0069  decode.loss_ohem: 0.6999  decode.acc_seg: 87.4220  aux_0.loss_ce: 0.3070  aux_0.acc_seg: 82.2271
2026/07/21 18:06:48 - mmengine - INFO - Iter(train) [ 58900/160000]  lr: 6.6942e-03  eta: 13:38:34  time: 0.4811  data_time: 0.0260  memory: 9070  loss: 1.0749  decode.loss_ohem: 0.7774  decode.acc_seg: 92.4444  aux_0.loss_ce: 0.2975  aux_0.acc_seg: 90.4374
2026/07/21 18:07:36 - mmengine - INFO - Exp name: dsanet_cityscapes_512x1024_20260721_100709
2026/07/21 18:07:36 - mmengine - INFO - Iter(train) [ 59000/160000]  lr: 6.6883e-03  eta: 13:37:45  time: 0.4826  data_time: 0.0265  memory: 9067  loss: 1.1444  decode.loss_ohem: 0.8075  decode.acc_seg: 93.1235  aux_0.loss_ce: 0.3370  aux_0.acc_seg: 89.3482
2026/07/21 18:08:25 - mmengine - INFO - Iter(train) [ 59100/160000]  lr: 6.6823e-03  eta: 13:36:56  time: 0.4827  data_time: 0.0264  memory: 9069  loss: 1.0427  decode.loss_ohem: 0.7565  decode.acc_seg: 92.1376  aux_0.loss_ce: 0.2862  aux_0.acc_seg: 89.8030
2026/07/21 18:09:13 - mmengine - INFO - Iter(train) [ 59200/160000]  lr: 6.6764e-03  eta: 13:36:07  time: 0.4818  data_time: 0.0263  memory: 9066  loss: 1.0718  decode.loss_ohem: 0.7629  decode.acc_seg: 91.8647  aux_0.loss_ce: 0.3089  aux_0.acc_seg: 90.1937
2026/07/21 18:10:01 - mmengine - INFO - Iter(train) [ 59300/160000]  lr: 6.6704e-03  eta: 13:35:18  time: 0.4820  data_time: 0.0265  memory: 9067  loss: 1.0687  decode.loss_ohem: 0.7691  decode.acc_seg: 89.1890  aux_0.loss_ce: 0.2996  aux_0.acc_seg: 87.2420
2026/07/21 18:10:49 - mmengine - INFO - Iter(train) [ 59400/160000]  lr: 6.6645e-03  eta: 13:34:29  time: 0.4836  data_time: 0.0269  memory: 9068  loss: 1.0586  decode.loss_ohem: 0.7580  decode.acc_seg: 92.0415  aux_0.loss_ce: 0.3006  aux_0.acc_seg: 90.4000
2026/07/21 18:11:38 - mmengine - INFO - Iter(train) [ 59500/160000]  lr: 6.6585e-03  eta: 13:33:39  time: 0.4809  data_time: 0.0263  memory: 9067  loss: 1.0186  decode.loss_ohem: 0.7408  decode.acc_seg: 91.3418  aux_0.loss_ce: 0.2778  aux_0.acc_seg: 90.1311
2026/07/21 18:12:26 - mmengine - INFO - Iter(train) [ 59600/160000]  lr: 6.6526e-03  eta: 13:32:50  time: 0.4837  data_time: 0.0260  memory: 9067  loss: 1.0902  decode.loss_ohem: 0.7826  decode.acc_seg: 92.1052  aux_0.loss_ce: 0.3076  aux_0.acc_seg: 90.7289
2026/07/21 18:13:14 - mmengine - INFO - Iter(train) [ 59700/160000]  lr: 6.6466e-03  eta: 13:32:01  time: 0.4824  data_time: 0.0268  memory: 9069  loss: 1.0831  decode.loss_ohem: 0.7639  decode.acc_seg: 89.4083  aux_0.loss_ce: 0.3192  aux_0.acc_seg: 86.1645
2026/07/21 18:14:02 - mmengine - INFO - Iter(train) [ 59800/160000]  lr: 6.6407e-03  eta: 13:31:12  time: 0.4829  data_time: 0.0269  memory: 9069  loss: 1.0668  decode.loss_ohem: 0.7705  decode.acc_seg: 92.9776  aux_0.loss_ce: 0.2963  aux_0.acc_seg: 91.0673
2026/07/21 18:14:51 - mmengine - INFO - Iter(train) [ 59900/160000]  lr: 6.6347e-03  eta: 13:30:23  time: 0.4805  data_time: 0.0251  memory: 9067  loss: 1.0007  decode.loss_ohem: 0.7125  decode.acc_seg: 89.6469  aux_0.loss_ce: 0.2882  aux_0.acc_seg: 85.5681
2026/07/21 18:15:39 - mmengine - INFO - Exp name: dsanet_cityscapes_512x1024_20260721_100709
2026/07/21 18:15:39 - mmengine - INFO - Iter(train) [ 60000/160000]  lr: 6.6288e-03  eta: 13:29:33  time: 0.4821  data_time: 0.0264  memory: 9067  loss: 0.9560  decode.loss_ohem: 0.6832  decode.acc_seg: 90.7217  aux_0.loss_ce: 0.2728  aux_0.acc_seg: 89.5810
2026/07/21 18:15:39 - mmengine - INFO - Saving checkpoint at 60000 iterations
2026/07/21 18:15:45 - mmengine - INFO - Iter(val) [100/250]    eta: 0:00:08  time: 0.0529  data_time: 0.0084  memory: 801  
2026/07/21 18:15:50 - mmengine - INFO - Iter(val) [200/250]    eta: 0:00:02  time: 0.0539  data_time: 0.0088  memory: 801  
2026/07/21 18:15:53 - mmengine - INFO - per class results:
2026/07/21 18:15:53 - mmengine - INFO - 
+---------------+-------+-------+
|     Class     |  IoU  |  Acc  |
+---------------+-------+-------+
|      road     | 96.73 | 97.64 |
|    sidewalk   | 76.28 | 90.25 |
|    building   | 87.55 | 91.78 |
|      wall     |  29.7 | 33.88 |
|     fence     | 49.06 |  64.4 |
|      pole     | 52.89 | 68.93 |
| traffic light | 43.98 | 50.75 |
|  traffic sign | 63.54 |  69.2 |
|   vegetation  | 89.06 | 96.54 |
|    terrain    | 55.41 | 67.06 |
|      sky      | 90.26 | 98.13 |
|     person    | 70.13 | 88.38 |
|     rider     | 47.33 | 64.45 |
|      car      |  90.3 | 96.23 |
|     truck     | 43.52 | 51.52 |
|      bus      | 59.35 | 82.11 |
|     train     | 28.84 | 57.14 |
|   motorcycle  | 35.39 | 47.45 |
|    bicycle    | 64.94 | 81.96 |
+---------------+-------+-------+
2026/07/21 18:15:53 - mmengine - INFO - Iter(val) [250/250]    aAcc: 93.4000  mIoU: 61.8000  mAcc: 73.5700  data_time: 0.0098  time: 0.0546
2026/07/21 18:15:53 - mmengine - INFO - The previous best checkpoint /root/autodl-tmp/DSANet-main/tools/work_dirs/dsanet_cityscapes_512x1024/best_mIoU_iter_45000.pth is removed
2026/07/21 18:15:53 - mmengine - INFO - The best checkpoint with 61.8000 mIoU at 60000 iter is saved to best_mIoU_iter_60000.pth.
2026/07/21 18:16:42 - mmengine - INFO - Iter(train) [ 60100/160000]  lr: 6.6228e-03  eta: 13:28:45  time: 0.4814  data_time: 0.0268  memory: 9069  loss: 1.0112  decode.loss_ohem: 0.7420  decode.acc_seg: 91.3503  aux_0.loss_ce: 0.2692  aux_0.acc_seg: 85.9378
2026/07/21 18:17:30 - mmengine - INFO - Iter(train) [ 60200/160000]  lr: 6.6168e-03  eta: 13:27:56  time: 0.4820  data_time: 0.0266  memory: 9069  loss: 1.0319  decode.loss_ohem: 0.7452  decode.acc_seg: 93.1005  aux_0.loss_ce: 0.2867  aux_0.acc_seg: 90.8633
2026/07/21 18:18:18 - mmengine - INFO - Iter(train) [ 60300/160000]  lr: 6.6109e-03  eta: 13:27:07  time: 0.4824  data_time: 0.0268  memory: 9067  loss: 1.0541  decode.loss_ohem: 0.7519  decode.acc_seg: 91.4715  aux_0.loss_ce: 0.3022  aux_0.acc_seg: 88.2117
2026/07/21 18:19:06 - mmengine - INFO - Iter(train) [ 60400/160000]  lr: 6.6049e-03  eta: 13:26:18  time: 0.4837  data_time: 0.0274  memory: 9069  loss: 1.0324  decode.loss_ohem: 0.7113  decode.acc_seg: 91.7256  aux_0.loss_ce: 0.3211  aux_0.acc_seg: 88.4449
2026/07/21 18:19:55 - mmengine - INFO - Iter(train) [ 60500/160000]  lr: 6.5990e-03  eta: 13:25:29  time: 0.4825  data_time: 0.0264  memory: 9069  loss: 1.0842  decode.loss_ohem: 0.7756  decode.acc_seg: 91.5697  aux_0.loss_ce: 0.3086  aux_0.acc_seg: 84.9820
2026/07/21 18:20:43 - mmengine - INFO - Iter(train) [ 60600/160000]  lr: 6.5930e-03  eta: 13:24:40  time: 0.4830  data_time: 0.0271  memory: 9068  loss: 1.0545  decode.loss_ohem: 0.7473  decode.acc_seg: 87.6553  aux_0.loss_ce: 0.3072  aux_0.acc_seg: 85.4999
2026/07/21 18:21:31 - mmengine - INFO - Iter(train) [ 60700/160000]  lr: 6.5870e-03  eta: 13:23:51  time: 0.4846  data_time: 0.0274  memory: 9070  loss: 1.1114  decode.loss_ohem: 0.7883  decode.acc_seg: 90.8645  aux_0.loss_ce: 0.3231  aux_0.acc_seg: 85.4226
2026/07/21 18:22:20 - mmengine - INFO - Iter(train) [ 60800/160000]  lr: 6.5811e-03  eta: 13:23:02  time: 0.4814  data_time: 0.0266  memory: 9067  loss: 0.9918  decode.loss_ohem: 0.7258  decode.acc_seg: 93.7569  aux_0.loss_ce: 0.2660  aux_0.acc_seg: 92.6204
2026/07/21 18:23:08 - mmengine - INFO - Iter(train) [ 60900/160000]  lr: 6.5751e-03  eta: 13:22:13  time: 0.4786  data_time: 0.0272  memory: 9069  loss: 1.1105  decode.loss_ohem: 0.7785  decode.acc_seg: 88.6385  aux_0.loss_ce: 0.3320  aux_0.acc_seg: 82.4101
2026/07/21 18:23:56 - mmengine - INFO - Exp name: dsanet_cityscapes_512x1024_20260721_100709
2026/07/21 18:23:56 - mmengine - INFO - Iter(train) [ 61000/160000]  lr: 6.5692e-03  eta: 13:21:24  time: 0.4837  data_time: 0.0266  memory: 9068  loss: 1.0931  decode.loss_ohem: 0.7768  decode.acc_seg: 90.0926  aux_0.loss_ce: 0.3163  aux_0.acc_seg: 85.2121
2026/07/21 18:24:45 - mmengine - INFO - Iter(train) [ 61100/160000]  lr: 6.5632e-03  eta: 13:20:35  time: 0.4898  data_time: 0.0273  memory: 9067  loss: 1.0898  decode.loss_ohem: 0.7887  decode.acc_seg: 91.0926  aux_0.loss_ce: 0.3011  aux_0.acc_seg: 89.3929
2026/07/21 18:25:33 - mmengine - INFO - Iter(train) [ 61200/160000]  lr: 6.5572e-03  eta: 13:19:46  time: 0.4853  data_time: 0.0275  memory: 9067  loss: 1.0256  decode.loss_ohem: 0.7182  decode.acc_seg: 89.0657  aux_0.loss_ce: 0.3074  aux_0.acc_seg: 86.7227
2026/07/21 18:26:21 - mmengine - INFO - Iter(train) [ 61300/160000]  lr: 6.5513e-03  eta: 13:18:57  time: 0.4884  data_time: 0.0279  memory: 9067  loss: 1.0086  decode.loss_ohem: 0.7345  decode.acc_seg: 92.0733  aux_0.loss_ce: 0.2741  aux_0.acc_seg: 90.0573
2026/07/21 18:27:10 - mmengine - INFO - Iter(train) [ 61400/160000]  lr: 6.5453e-03  eta: 13:18:08  time: 0.4859  data_time: 0.0274  memory: 9067  loss: 1.0297  decode.loss_ohem: 0.7294  decode.acc_seg: 92.1104  aux_0.loss_ce: 0.3003  aux_0.acc_seg: 89.2683
2026/07/21 18:27:58 - mmengine - INFO - Iter(train) [ 61500/160000]  lr: 6.5393e-03  eta: 13:17:19  time: 0.4833  data_time: 0.0277  memory: 9068  loss: 1.0643  decode.loss_ohem: 0.7803  decode.acc_seg: 92.3762  aux_0.loss_ce: 0.2840  aux_0.acc_seg: 89.9571
2026/07/21 18:28:46 - mmengine - INFO - Iter(train) [ 61600/160000]  lr: 6.5334e-03  eta: 13:16:30  time: 0.4823  data_time: 0.0266  memory: 9068  loss: 1.0398  decode.loss_ohem: 0.7544  decode.acc_seg: 93.7817  aux_0.loss_ce: 0.2854  aux_0.acc_seg: 91.4771
2026/07/21 18:29:35 - mmengine - INFO - Iter(train) [ 61700/160000]  lr: 6.5274e-03  eta: 13:15:41  time: 0.4830  data_time: 0.0274  memory: 9066  loss: 1.0159  decode.loss_ohem: 0.7272  decode.acc_seg: 93.9251  aux_0.loss_ce: 0.2887  aux_0.acc_seg: 92.2194
2026/07/21 18:30:23 - mmengine - INFO - Iter(train) [ 61800/160000]  lr: 6.5214e-03  eta: 13:14:52  time: 0.4816  data_time: 0.0263  memory: 9066  loss: 1.0554  decode.loss_ohem: 0.7788  decode.acc_seg: 92.0124  aux_0.loss_ce: 0.2767  aux_0.acc_seg: 89.9869
2026/07/21 18:31:11 - mmengine - INFO - Iter(train) [ 61900/160000]  lr: 6.5155e-03  eta: 13:14:03  time: 0.4818  data_time: 0.0267  memory: 9068  loss: 1.0195  decode.loss_ohem: 0.7318  decode.acc_seg: 91.6050  aux_0.loss_ce: 0.2876  aux_0.acc_seg: 88.4179
2026/07/21 18:31:59 - mmengine - INFO - Exp name: dsanet_cityscapes_512x1024_20260721_100709
2026/07/21 18:31:59 - mmengine - INFO - Iter(train) [ 62000/160000]  lr: 6.5095e-03  eta: 13:13:14  time: 0.4829  data_time: 0.0265  memory: 9068  loss: 1.0358  decode.loss_ohem: 0.7317  decode.acc_seg: 90.1952  aux_0.loss_ce: 0.3041  aux_0.acc_seg: 88.5270
2026/07/21 18:32:48 - mmengine - INFO - Iter(train) [ 62100/160000]  lr: 6.5035e-03  eta: 13:12:25  time: 0.4821  data_time: 0.0269  memory: 9067  loss: 1.0437  decode.loss_ohem: 0.7474  decode.acc_seg: 92.9823  aux_0.loss_ce: 0.2962  aux_0.acc_seg: 90.2482
2026/07/21 18:33:36 - mmengine - INFO - Iter(train) [ 62200/160000]  lr: 6.4976e-03  eta: 13:11:36  time: 0.4827  data_time: 0.0272  memory: 9068  loss: 1.0567  decode.loss_ohem: 0.7452  decode.acc_seg: 91.1923  aux_0.loss_ce: 0.3115  aux_0.acc_seg: 90.1645
2026/07/21 18:34:24 - mmengine - INFO - Iter(train) [ 62300/160000]  lr: 6.4916e-03  eta: 13:10:47  time: 0.4864  data_time: 0.0298  memory: 9067  loss: 1.0299  decode.loss_ohem: 0.7614  decode.acc_seg: 92.3746  aux_0.loss_ce: 0.2685  aux_0.acc_seg: 91.7012
2026/07/21 18:35:13 - mmengine - INFO - Iter(train) [ 62400/160000]  lr: 6.4856e-03  eta: 13:09:58  time: 0.4870  data_time: 0.0288  memory: 9067  loss: 1.1831  decode.loss_ohem: 0.8619  decode.acc_seg: 92.5665  aux_0.loss_ce: 0.3212  aux_0.acc_seg: 91.8027
2026/07/21 18:36:01 - mmengine - INFO - Iter(train) [ 62500/160000]  lr: 6.4796e-03  eta: 13:09:09  time: 0.4847  data_time: 0.0285  memory: 9068  loss: 1.0545  decode.loss_ohem: 0.7535  decode.acc_seg: 89.5321  aux_0.loss_ce: 0.3010  aux_0.acc_seg: 87.0737
2026/07/21 18:36:49 - mmengine - INFO - Iter(train) [ 62600/160000]  lr: 6.4737e-03  eta: 13:08:20  time: 0.4807  data_time: 0.0244  memory: 9067  loss: 1.0969  decode.loss_ohem: 0.7836  decode.acc_seg: 92.0639  aux_0.loss_ce: 0.3133  aux_0.acc_seg: 88.6430
2026/07/21 18:37:38 - mmengine - INFO - Iter(train) [ 62700/160000]  lr: 6.4677e-03  eta: 13:07:31  time: 0.4825  data_time: 0.0273  memory: 9070  loss: 1.0564  decode.loss_ohem: 0.7604  decode.acc_seg: 93.4103  aux_0.loss_ce: 0.2960  aux_0.acc_seg: 90.5260
2026/07/21 18:38:26 - mmengine - INFO - Iter(train) [ 62800/160000]  lr: 6.4617e-03  eta: 13:06:42  time: 0.4836  data_time: 0.0279  memory: 9068  loss: 0.9917  decode.loss_ohem: 0.7074  decode.acc_seg: 92.9109  aux_0.loss_ce: 0.2843  aux_0.acc_seg: 88.9272
2026/07/21 18:39:14 - mmengine - INFO - Iter(train) [ 62900/160000]  lr: 6.4558e-03  eta: 13:05:53  time: 0.4810  data_time: 0.0248  memory: 9068  loss: 1.1812  decode.loss_ohem: 0.8304  decode.acc_seg: 89.7159  aux_0.loss_ce: 0.3508  aux_0.acc_seg: 86.1366
2026/07/21 18:40:03 - mmengine - INFO - Exp name: dsanet_cityscapes_512x1024_20260721_100709
2026/07/21 18:40:03 - mmengine - INFO - Iter(train) [ 63000/160000]  lr: 6.4498e-03  eta: 13:05:04  time: 0.4825  data_time: 0.0261  memory: 9067  loss: 1.0245  decode.loss_ohem: 0.7235  decode.acc_seg: 89.3522  aux_0.loss_ce: 0.3010  aux_0.acc_seg: 87.7495
2026/07/21 18:40:51 - mmengine - INFO - Iter(train) [ 63100/160000]  lr: 6.4438e-03  eta: 13:04:15  time: 0.4806  data_time: 0.0249  memory: 9067  loss: 1.0636  decode.loss_ohem: 0.7475  decode.acc_seg: 91.4349  aux_0.loss_ce: 0.3162  aux_0.acc_seg: 88.3956
2026/07/21 18:41:39 - mmengine - INFO - Iter(train) [ 63200/160000]  lr: 6.4378e-03  eta: 13:03:26  time: 0.4837  data_time: 0.0264  memory: 9068  loss: 1.1163  decode.loss_ohem: 0.8069  decode.acc_seg: 90.2241  aux_0.loss_ce: 0.3094  aux_0.acc_seg: 84.8853
2026/07/21 18:42:27 - mmengine - INFO - Iter(train) [ 63300/160000]  lr: 6.4319e-03  eta: 13:02:37  time: 0.4845  data_time: 0.0274  memory: 9066  loss: 1.0084  decode.loss_ohem: 0.7418  decode.acc_seg: 93.9586  aux_0.loss_ce: 0.2666  aux_0.acc_seg: 92.6022
2026/07/21 18:43:16 - mmengine - INFO - Iter(train) [ 63400/160000]  lr: 6.4259e-03  eta: 13:01:48  time: 0.4814  data_time: 0.0271  memory: 9067  loss: 1.0520  decode.loss_ohem: 0.7647  decode.acc_seg: 89.4898  aux_0.loss_ce: 0.2874  aux_0.acc_seg: 86.1307
2026/07/21 18:44:04 - mmengine - INFO - Iter(train) [ 63500/160000]  lr: 6.4199e-03  eta: 13:00:59  time: 0.4815  data_time: 0.0253  memory: 9070  loss: 1.1490  decode.loss_ohem: 0.8220  decode.acc_seg: 92.6753  aux_0.loss_ce: 0.3269  aux_0.acc_seg: 89.2157
2026/07/21 18:44:52 - mmengine - INFO - Iter(train) [ 63600/160000]  lr: 6.4139e-03  eta: 13:00:10  time: 0.4827  data_time: 0.0271  memory: 9067  loss: 0.9834  decode.loss_ohem: 0.6921  decode.acc_seg: 91.8806  aux_0.loss_ce: 0.2914  aux_0.acc_seg: 88.7188
2026/07/21 18:45:40 - mmengine - INFO - Iter(train) [ 63700/160000]  lr: 6.4079e-03  eta: 12:59:21  time: 0.4835  data_time: 0.0270  memory: 9070  loss: 0.9865  decode.loss_ohem: 0.7086  decode.acc_seg: 92.3204  aux_0.loss_ce: 0.2779  aux_0.acc_seg: 88.5612
2026/07/21 18:46:29 - mmengine - INFO - Iter(train) [ 63800/160000]  lr: 6.4020e-03  eta: 12:58:32  time: 0.4821  data_time: 0.0261  memory: 9067  loss: 1.0254  decode.loss_ohem: 0.7298  decode.acc_seg: 93.2962  aux_0.loss_ce: 0.2955  aux_0.acc_seg: 90.9252
2026/07/21 18:47:17 - mmengine - INFO - Iter(train) [ 63900/160000]  lr: 6.3960e-03  eta: 12:57:43  time: 0.4798  data_time: 0.0258  memory: 9068  loss: 1.1505  decode.loss_ohem: 0.8001  decode.acc_seg: 86.7418  aux_0.loss_ce: 0.3503  aux_0.acc_seg: 82.6851
2026/07/21 18:48:05 - mmengine - INFO - Exp name: dsanet_cityscapes_512x1024_20260721_100709
2026/07/21 18:48:05 - mmengine - INFO - Iter(train) [ 64000/160000]  lr: 6.3900e-03  eta: 12:56:54  time: 0.4818  data_time: 0.0246  memory: 9067  loss: 1.0488  decode.loss_ohem: 0.7342  decode.acc_seg: 91.7203  aux_0.loss_ce: 0.3146  aux_0.acc_seg: 86.4715
2026/07/21 18:48:53 - mmengine - INFO - Iter(train) [ 64100/160000]  lr: 6.3840e-03  eta: 12:56:05  time: 0.4832  data_time: 0.0273  memory: 9069  loss: 1.0681  decode.loss_ohem: 0.7604  decode.acc_seg: 91.2790  aux_0.loss_ce: 0.3076  aux_0.acc_seg: 88.9850
2026/07/21 18:49:42 - mmengine - INFO - Iter(train) [ 64200/160000]  lr: 6.3780e-03  eta: 12:55:16  time: 0.4803  data_time: 0.0244  memory: 9067  loss: 1.0055  decode.loss_ohem: 0.7111  decode.acc_seg: 92.7386  aux_0.loss_ce: 0.2945  aux_0.acc_seg: 90.4038
2026/07/21 18:50:30 - mmengine - INFO - Iter(train) [ 64300/160000]  lr: 6.3721e-03  eta: 12:54:27  time: 0.4841  data_time: 0.0278  memory: 9068  loss: 1.1456  decode.loss_ohem: 0.8252  decode.acc_seg: 93.1630  aux_0.loss_ce: 0.3204  aux_0.acc_seg: 90.6551
2026/07/21 18:51:18 - mmengine - INFO - Iter(train) [ 64400/160000]  lr: 6.3661e-03  eta: 12:53:37  time: 0.4808  data_time: 0.0263  memory: 9067  loss: 1.0638  decode.loss_ohem: 0.7718  decode.acc_seg: 90.6561  aux_0.loss_ce: 0.2920  aux_0.acc_seg: 87.0612
2026/07/21 18:52:06 - mmengine - INFO - Iter(train) [ 64500/160000]  lr: 6.3601e-03  eta: 12:52:48  time: 0.4809  data_time: 0.0254  memory: 9067  loss: 1.0206  decode.loss_ohem: 0.7419  decode.acc_seg: 92.9121  aux_0.loss_ce: 0.2787  aux_0.acc_seg: 88.7946
2026/07/21 18:52:55 - mmengine - INFO - Iter(train) [ 64600/160000]  lr: 6.3541e-03  eta: 12:51:59  time: 0.4823  data_time: 0.0261  memory: 9067  loss: 1.0644  decode.loss_ohem: 0.7426  decode.acc_seg: 90.9059  aux_0.loss_ce: 0.3218  aux_0.acc_seg: 87.1706
2026/07/21 18:53:43 - mmengine - INFO - Iter(train) [ 64700/160000]  lr: 6.3481e-03  eta: 12:51:10  time: 0.4800  data_time: 0.0241  memory: 9068  loss: 1.0358  decode.loss_ohem: 0.7378  decode.acc_seg: 91.5524  aux_0.loss_ce: 0.2980  aux_0.acc_seg: 90.0085
2026/07/21 18:54:31 - mmengine - INFO - Iter(train) [ 64800/160000]  lr: 6.3421e-03  eta: 12:50:22  time: 0.4831  data_time: 0.0269  memory: 9067  loss: 1.0711  decode.loss_ohem: 0.7666  decode.acc_seg: 88.9903  aux_0.loss_ce: 0.3046  aux_0.acc_seg: 86.0432
2026/07/21 18:55:19 - mmengine - INFO - Iter(train) [ 64900/160000]  lr: 6.3361e-03  eta: 12:49:33  time: 0.4803  data_time: 0.0249  memory: 9069  loss: 1.0570  decode.loss_ohem: 0.7588  decode.acc_seg: 87.4787  aux_0.loss_ce: 0.2982  aux_0.acc_seg: 84.8714
2026/07/21 18:56:08 - mmengine - INFO - Exp name: dsanet_cityscapes_512x1024_20260721_100709
2026/07/21 18:56:08 - mmengine - INFO - Iter(train) [ 65000/160000]  lr: 6.3302e-03  eta: 12:48:44  time: 0.4839  data_time: 0.0275  memory: 9068  loss: 0.9965  decode.loss_ohem: 0.7214  decode.acc_seg: 93.8775  aux_0.loss_ce: 0.2751  aux_0.acc_seg: 92.1600
2026/07/21 18:56:08 - mmengine - INFO - Saving checkpoint at 65000 iterations
2026/07/21 18:56:14 - mmengine - INFO - Iter(val) [100/250]    eta: 0:00:08  time: 0.0537  data_time: 0.0089  memory: 801  
2026/07/21 18:56:19 - mmengine - INFO - Iter(val) [200/250]    eta: 0:00:02  time: 0.0550  data_time: 0.0094  memory: 801  
2026/07/21 18:56:22 - mmengine - INFO - per class results:
2026/07/21 18:56:22 - mmengine - INFO - 
+---------------+-------+-------+
|     Class     |  IoU  |  Acc  |
+---------------+-------+-------+
|      road     | 97.33 | 98.64 |
|    sidewalk   |  79.2 | 88.94 |
|    building   | 88.22 | 93.84 |
|      wall     | 46.13 | 53.55 |
|     fence     | 46.65 | 51.29 |
|      pole     | 55.61 | 68.83 |
| traffic light |  52.2 | 65.83 |
|  traffic sign | 66.55 | 74.65 |
|   vegetation  | 90.09 | 95.59 |
|    terrain    | 56.76 |  66.0 |
|      sky      | 91.79 | 97.23 |
|     person    | 72.74 | 83.78 |
|     rider     | 51.25 | 66.88 |
|      car      |  92.0 | 96.37 |
|     truck     |  52.7 |  62.9 |
|      bus      | 57.64 | 65.84 |
|     train     | 19.48 | 87.49 |
|   motorcycle  | 42.32 |  51.4 |
|    bicycle    |  66.9 | 86.56 |
+---------------+-------+-------+
2026/07/21 18:56:22 - mmengine - INFO - Iter(val) [250/250]    aAcc: 94.0500  mIoU: 64.5000  mAcc: 76.6100  data_time: 0.0098  time: 0.0549
2026/07/21 18:56:22 - mmengine - INFO - The previous best checkpoint /root/autodl-tmp/DSANet-main/tools/work_dirs/dsanet_cityscapes_512x1024/best_mIoU_iter_60000.pth is removed
2026/07/21 18:56:22 - mmengine - INFO - The best checkpoint with 64.5000 mIoU at 65000 iter is saved to best_mIoU_iter_65000.pth.
2026/07/21 18:57:11 - mmengine - INFO - Iter(train) [ 65100/160000]  lr: 6.3242e-03  eta: 12:47:56  time: 0.4817  data_time: 0.0251  memory: 9069  loss: 0.9755  decode.loss_ohem: 0.6822  decode.acc_seg: 92.4130  aux_0.loss_ce: 0.2933  aux_0.acc_seg: 91.2230
2026/07/21 18:57:59 - mmengine - INFO - Iter(train) [ 65200/160000]  lr: 6.3182e-03  eta: 12:47:07  time: 0.4842  data_time: 0.0279  memory: 9067  loss: 1.0452  decode.loss_ohem: 0.7380  decode.acc_seg: 90.2715  aux_0.loss_ce: 0.3072  aux_0.acc_seg: 89.7878
2026/07/21 18:58:47 - mmengine - INFO - Iter(train) [ 65300/160000]  lr: 6.3122e-03  eta: 12:46:18  time: 0.4828  data_time: 0.0260  memory: 9066  loss: 1.0086  decode.loss_ohem: 0.7340  decode.acc_seg: 92.8423  aux_0.loss_ce: 0.2746  aux_0.acc_seg: 89.1067
2026/07/21 18:59:36 - mmengine - INFO - Iter(train) [ 65400/160000]  lr: 6.3062e-03  eta: 12:45:29  time: 0.4836  data_time: 0.0262  memory: 9068  loss: 1.0510  decode.loss_ohem: 0.7467  decode.acc_seg: 92.6284  aux_0.loss_ce: 0.3042  aux_0.acc_seg: 91.3669
2026/07/21 19:00:24 - mmengine - INFO - Iter(train) [ 65500/160000]  lr: 6.3002e-03  eta: 12:44:40  time: 0.4831  data_time: 0.0264  memory: 9067  loss: 1.0601  decode.loss_ohem: 0.7759  decode.acc_seg: 92.3585  aux_0.loss_ce: 0.2842  aux_0.acc_seg: 89.2189
2026/07/21 19:01:12 - mmengine - INFO - Iter(train) [ 65600/160000]  lr: 6.2942e-03  eta: 12:43:51  time: 0.4805  data_time: 0.0243  memory: 9068  loss: 1.1170  decode.loss_ohem: 0.7929  decode.acc_seg: 91.0070  aux_0.loss_ce: 0.3241  aux_0.acc_seg: 90.0465
2026/07/21 19:02:00 - mmengine - INFO - Iter(train) [ 65700/160000]  lr: 6.2882e-03  eta: 12:43:01  time: 0.4837  data_time: 0.0270  memory: 9068  loss: 1.0453  decode.loss_ohem: 0.7466  decode.acc_seg: 86.4216  aux_0.loss_ce: 0.2987  aux_0.acc_seg: 83.9212
2026/07/21 19:02:49 - mmengine - INFO - Iter(train) [ 65800/160000]  lr: 6.2822e-03  eta: 12:42:13  time: 0.4919  data_time: 0.0270  memory: 9067  loss: 0.9800  decode.loss_ohem: 0.7011  decode.acc_seg: 92.1858  aux_0.loss_ce: 0.2790  aux_0.acc_seg: 90.6034
2026/07/21 19:03:37 - mmengine - INFO - Iter(train) [ 65900/160000]  lr: 6.2762e-03  eta: 12:41:24  time: 0.4815  data_time: 0.0257  memory: 9067  loss: 0.9584  decode.loss_ohem: 0.6845  decode.acc_seg: 93.3435  aux_0.loss_ce: 0.2739  aux_0.acc_seg: 91.5080
2026/07/21 19:04:25 - mmengine - INFO - Exp name: dsanet_cityscapes_512x1024_20260721_100709
2026/07/21 19:04:25 - mmengine - INFO - Iter(train) [ 66000/160000]  lr: 6.2702e-03  eta: 12:40:35  time: 0.4825  data_time: 0.0259  memory: 9068  loss: 0.9959  decode.loss_ohem: 0.7021  decode.acc_seg: 91.3543  aux_0.loss_ce: 0.2939  aux_0.acc_seg: 89.4021
2026/07/21 19:05:13 - mmengine - INFO - Iter(train) [ 66100/160000]  lr: 6.2643e-03  eta: 12:39:46  time: 0.4818  data_time: 0.0247  memory: 9068  loss: 1.0758  decode.loss_ohem: 0.7508  decode.acc_seg: 89.5548  aux_0.loss_ce: 0.3250  aux_0.acc_seg: 86.1075
2026/07/21 19:06:02 - mmengine - INFO - Iter(train) [ 66200/160000]  lr: 6.2583e-03  eta: 12:38:57  time: 0.4798  data_time: 0.0266  memory: 9069  loss: 1.0504  decode.loss_ohem: 0.7523  decode.acc_seg: 91.3406  aux_0.loss_ce: 0.2981  aux_0.acc_seg: 87.8957
2026/07/21 19:06:50 - mmengine - INFO - Iter(train) [ 66300/160000]  lr: 6.2523e-03  eta: 12:38:08  time: 0.4811  data_time: 0.0255  memory: 9067  loss: 1.0412  decode.loss_ohem: 0.7517  decode.acc_seg: 93.1963  aux_0.loss_ce: 0.2894  aux_0.acc_seg: 91.3494
2026/07/21 19:07:38 - mmengine - INFO - Iter(train) [ 66400/160000]  lr: 6.2463e-03  eta: 12:37:19  time: 0.4783  data_time: 0.0262  memory: 9070  loss: 1.0005  decode.loss_ohem: 0.7231  decode.acc_seg: 92.9962  aux_0.loss_ce: 0.2774  aux_0.acc_seg: 90.3778
2026/07/21 19:08:26 - mmengine - INFO - Iter(train) [ 66500/160000]  lr: 6.2403e-03  eta: 12:36:30  time: 0.4815  data_time: 0.0253  memory: 9070  loss: 1.1153  decode.loss_ohem: 0.7987  decode.acc_seg: 91.2992  aux_0.loss_ce: 0.3166  aux_0.acc_seg: 88.2343
2026/07/21 19:09:15 - mmengine - INFO - Iter(train) [ 66600/160000]  lr: 6.2343e-03  eta: 12:35:41  time: 0.4820  data_time: 0.0253  memory: 9068  loss: 1.1020  decode.loss_ohem: 0.7808  decode.acc_seg: 89.3094  aux_0.loss_ce: 0.3212  aux_0.acc_seg: 86.9648
2026/07/21 19:10:03 - mmengine - INFO - Iter(train) [ 66700/160000]  lr: 6.2283e-03  eta: 12:34:52  time: 0.4857  data_time: 0.0272  memory: 9066  loss: 0.9998  decode.loss_ohem: 0.7066  decode.acc_seg: 92.2429  aux_0.loss_ce: 0.2932  aux_0.acc_seg: 90.9656
2026/07/21 19:10:51 - mmengine - INFO - Iter(train) [ 66800/160000]  lr: 6.2223e-03  eta: 12:34:03  time: 0.4844  data_time: 0.0263  memory: 9067  loss: 1.0447  decode.loss_ohem: 0.7543  decode.acc_seg: 90.4506  aux_0.loss_ce: 0.2904  aux_0.acc_seg: 88.0992
2026/07/21 19:11:40 - mmengine - INFO - Iter(train) [ 66900/160000]  lr: 6.2163e-03  eta: 12:33:14  time: 0.4832  data_time: 0.0270  memory: 9067  loss: 1.0352  decode.loss_ohem: 0.7318  decode.acc_seg: 90.5272  aux_0.loss_ce: 0.3034  aux_0.acc_seg: 86.5253
2026/07/21 19:12:28 - mmengine - INFO - Exp name: dsanet_cityscapes_512x1024_20260721_100709
2026/07/21 19:12:28 - mmengine - INFO - Iter(train) [ 67000/160000]  lr: 6.2103e-03  eta: 12:32:26  time: 0.4827  data_time: 0.0266  memory: 9067  loss: 1.0425  decode.loss_ohem: 0.7543  decode.acc_seg: 94.2793  aux_0.loss_ce: 0.2882  aux_0.acc_seg: 91.8136
2026/07/21 19:13:16 - mmengine - INFO - Iter(train) [ 67100/160000]  lr: 6.2043e-03  eta: 12:31:37  time: 0.4827  data_time: 0.0274  memory: 9067  loss: 1.0709  decode.loss_ohem: 0.7989  decode.acc_seg: 87.4012  aux_0.loss_ce: 0.2721  aux_0.acc_seg: 86.1899
2026/07/21 19:14:05 - mmengine - INFO - Iter(train) [ 67200/160000]  lr: 6.1983e-03  eta: 12:30:48  time: 0.4821  data_time: 0.0257  memory: 9068  loss: 1.0403  decode.loss_ohem: 0.7307  decode.acc_seg: 91.0324  aux_0.loss_ce: 0.3095  aux_0.acc_seg: 90.0337
2026/07/21 19:14:53 - mmengine - INFO - Iter(train) [ 67300/160000]  lr: 6.1923e-03  eta: 12:29:59  time: 0.4849  data_time: 0.0271  memory: 9068  loss: 0.9771  decode.loss_ohem: 0.7152  decode.acc_seg: 92.5742  aux_0.loss_ce: 0.2619  aux_0.acc_seg: 89.0635
2026/07/21 19:15:42 - mmengine - INFO - Iter(train) [ 67400/160000]  lr: 6.1863e-03  eta: 12:29:11  time: 0.4829  data_time: 0.0264  memory: 9067  loss: 0.9950  decode.loss_ohem: 0.7179  decode.acc_seg: 92.9694  aux_0.loss_ce: 0.2771  aux_0.acc_seg: 89.3784
2026/07/21 19:16:30 - mmengine - INFO - Iter(train) [ 67500/160000]  lr: 6.1803e-03  eta: 12:28:22  time: 0.4859  data_time: 0.0271  memory: 9069  loss: 1.0397  decode.loss_ohem: 0.7574  decode.acc_seg: 91.7215  aux_0.loss_ce: 0.2823  aux_0.acc_seg: 90.3540
2026/07/21 19:17:19 - mmengine - INFO - Iter(train) [ 67600/160000]  lr: 6.1743e-03  eta: 12:27:33  time: 0.4856  data_time: 0.0274  memory: 9068  loss: 0.9644  decode.loss_ohem: 0.6934  decode.acc_seg: 91.9000  aux_0.loss_ce: 0.2709  aux_0.acc_seg: 88.9689
2026/07/21 19:18:07 - mmengine - INFO - Iter(train) [ 67700/160000]  lr: 6.1683e-03  eta: 12:26:44  time: 0.4833  data_time: 0.0259  memory: 9067  loss: 0.9606  decode.loss_ohem: 0.6904  decode.acc_seg: 92.2577  aux_0.loss_ce: 0.2702  aux_0.acc_seg: 89.2250
2026/07/21 19:18:56 - mmengine - INFO - Iter(train) [ 67800/160000]  lr: 6.1623e-03  eta: 12:25:56  time: 0.4843  data_time: 0.0265  memory: 9067  loss: 1.0133  decode.loss_ohem: 0.7221  decode.acc_seg: 89.7481  aux_0.loss_ce: 0.2912  aux_0.acc_seg: 86.1231
2026/07/21 19:19:44 - mmengine - INFO - Iter(train) [ 67900/160000]  lr: 6.1563e-03  eta: 12:25:07  time: 0.4832  data_time: 0.0263  memory: 9067  loss: 0.9514  decode.loss_ohem: 0.7024  decode.acc_seg: 90.0810  aux_0.loss_ce: 0.2490  aux_0.acc_seg: 87.9430
2026/07/21 19:20:33 - mmengine - INFO - Exp name: dsanet_cityscapes_512x1024_20260721_100709
2026/07/21 19:20:33 - mmengine - INFO - Iter(train) [ 68000/160000]  lr: 6.1502e-03  eta: 12:24:19  time: 0.4862  data_time: 0.0271  memory: 9067  loss: 1.0400  decode.loss_ohem: 0.7512  decode.acc_seg: 94.0725  aux_0.loss_ce: 0.2888  aux_0.acc_seg: 92.2828
2026/07/21 19:21:21 - mmengine - INFO - Iter(train) [ 68100/160000]  lr: 6.1442e-03  eta: 12:23:30  time: 0.4837  data_time: 0.0257  memory: 9067  loss: 1.0222  decode.loss_ohem: 0.7299  decode.acc_seg: 93.4320  aux_0.loss_ce: 0.2923  aux_0.acc_seg: 92.0565
2026/07/21 19:22:10 - mmengine - INFO - Iter(train) [ 68200/160000]  lr: 6.1382e-03  eta: 12:22:41  time: 0.4862  data_time: 0.0258  memory: 9067  loss: 1.0272  decode.loss_ohem: 0.7435  decode.acc_seg: 89.0644  aux_0.loss_ce: 0.2837  aux_0.acc_seg: 87.9328
2026/07/21 19:22:58 - mmengine - INFO - Iter(train) [ 68300/160000]  lr: 6.1322e-03  eta: 12:21:53  time: 0.4846  data_time: 0.0265  memory: 9067  loss: 1.0060  decode.loss_ohem: 0.7235  decode.acc_seg: 94.5595  aux_0.loss_ce: 0.2825  aux_0.acc_seg: 91.9946
2026/07/21 19:23:47 - mmengine - INFO - Iter(train) [ 68400/160000]  lr: 6.1262e-03  eta: 12:21:04  time: 0.4855  data_time: 0.0275  memory: 9067  loss: 1.0459  decode.loss_ohem: 0.7757  decode.acc_seg: 91.6758  aux_0.loss_ce: 0.2702  aux_0.acc_seg: 89.3815
2026/07/21 19:24:35 - mmengine - INFO - Iter(train) [ 68500/160000]  lr: 6.1202e-03  eta: 12:20:16  time: 0.4844  data_time: 0.0265  memory: 9067  loss: 1.0626  decode.loss_ohem: 0.7570  decode.acc_seg: 94.2255  aux_0.loss_ce: 0.3057  aux_0.acc_seg: 91.4583
2026/07/21 19:25:24 - mmengine - INFO - Iter(train) [ 68600/160000]  lr: 6.1142e-03  eta: 12:19:27  time: 0.4844  data_time: 0.0269  memory: 9067  loss: 1.0172  decode.loss_ohem: 0.7350  decode.acc_seg: 91.7333  aux_0.loss_ce: 0.2822  aux_0.acc_seg: 89.5300
2026/07/21 19:26:12 - mmengine - INFO - Iter(train) [ 68700/160000]  lr: 6.1082e-03  eta: 12:18:39  time: 0.4838  data_time: 0.0258  memory: 9068  loss: 1.1652  decode.loss_ohem: 0.8176  decode.acc_seg: 90.7229  aux_0.loss_ce: 0.3477  aux_0.acc_seg: 86.9193
2026/07/21 19:27:01 - mmengine - INFO - Iter(train) [ 68800/160000]  lr: 6.1022e-03  eta: 12:17:50  time: 0.4846  data_time: 0.0269  memory: 9067  loss: 0.9915  decode.loss_ohem: 0.7235  decode.acc_seg: 93.4405  aux_0.loss_ce: 0.2680  aux_0.acc_seg: 90.3733
2026/07/21 19:27:49 - mmengine - INFO - Iter(train) [ 68900/160000]  lr: 6.0962e-03  eta: 12:17:01  time: 0.4825  data_time: 0.0251  memory: 9068  loss: 0.9898  decode.loss_ohem: 0.7191  decode.acc_seg: 92.6581  aux_0.loss_ce: 0.2707  aux_0.acc_seg: 92.5970
2026/07/21 19:28:37 - mmengine - INFO - Exp name: dsanet_cityscapes_512x1024_20260721_100709
2026/07/21 19:28:37 - mmengine - INFO - Iter(train) [ 69000/160000]  lr: 6.0901e-03  eta: 12:16:12  time: 0.4850  data_time: 0.0274  memory: 9068  loss: 1.0304  decode.loss_ohem: 0.7445  decode.acc_seg: 92.2238  aux_0.loss_ce: 0.2859  aux_0.acc_seg: 88.4203
2026/07/21 19:29:26 - mmengine - INFO - Iter(train) [ 69100/160000]  lr: 6.0841e-03  eta: 12:15:24  time: 0.4843  data_time: 0.0267  memory: 9067  loss: 1.0399  decode.loss_ohem: 0.7661  decode.acc_seg: 91.6894  aux_0.loss_ce: 0.2739  aux_0.acc_seg: 89.0334
2026/07/21 19:30:14 - mmengine - INFO - Iter(train) [ 69200/160000]  lr: 6.0781e-03  eta: 12:14:35  time: 0.4843  data_time: 0.0266  memory: 9066  loss: 1.0476  decode.loss_ohem: 0.7758  decode.acc_seg: 90.9392  aux_0.loss_ce: 0.2718  aux_0.acc_seg: 89.5214
2026/07/21 19:31:03 - mmengine - INFO - Iter(train) [ 69300/160000]  lr: 6.0721e-03  eta: 12:13:46  time: 0.4849  data_time: 0.0270  memory: 9068  loss: 0.9535  decode.loss_ohem: 0.6874  decode.acc_seg: 92.3858  aux_0.loss_ce: 0.2661  aux_0.acc_seg: 89.4497
2026/07/21 19:31:52 - mmengine - INFO - Iter(train) [ 69400/160000]  lr: 6.0661e-03  eta: 12:12:58  time: 0.4982  data_time: 0.0277  memory: 9067  loss: 0.9776  decode.loss_ohem: 0.7029  decode.acc_seg: 92.5634  aux_0.loss_ce: 0.2748  aux_0.acc_seg: 90.7812
2026/07/21 19:32:40 - mmengine - INFO - Iter(train) [ 69500/160000]  lr: 6.0601e-03  eta: 12:12:10  time: 0.4864  data_time: 0.0271  memory: 9068  loss: 1.1112  decode.loss_ohem: 0.7884  decode.acc_seg: 90.2700  aux_0.loss_ce: 0.3228  aux_0.acc_seg: 83.3175
2026/07/21 19:33:29 - mmengine - INFO - Iter(train) [ 69600/160000]  lr: 6.0541e-03  eta: 12:11:21  time: 0.4780  data_time: 0.0264  memory: 9068  loss: 0.9703  decode.loss_ohem: 0.7022  decode.acc_seg: 90.1391  aux_0.loss_ce: 0.2681  aux_0.acc_seg: 87.3081
2026/07/21 19:34:17 - mmengine - INFO - Iter(train) [ 69700/160000]  lr: 6.0480e-03  eta: 12:10:32  time: 0.4847  data_time: 0.0262  memory: 9068  loss: 1.0171  decode.loss_ohem: 0.7431  decode.acc_seg: 89.9791  aux_0.loss_ce: 0.2740  aux_0.acc_seg: 87.7161
2026/07/21 19:35:06 - mmengine - INFO - Iter(train) [ 69800/160000]  lr: 6.0420e-03  eta: 12:09:44  time: 0.4849  data_time: 0.0260  memory: 9069  loss: 1.0908  decode.loss_ohem: 0.7950  decode.acc_seg: 90.7321  aux_0.loss_ce: 0.2958  aux_0.acc_seg: 89.8147
2026/07/21 19:35:54 - mmengine - INFO - Iter(train) [ 69900/160000]  lr: 6.0360e-03  eta: 12:08:55  time: 0.4858  data_time: 0.0265  memory: 9068  loss: 0.9720  decode.loss_ohem: 0.6756  decode.acc_seg: 90.1382  aux_0.loss_ce: 0.2964  aux_0.acc_seg: 87.3155
2026/07/21 19:36:43 - mmengine - INFO - Exp name: dsanet_cityscapes_512x1024_20260721_100709
2026/07/21 19:36:43 - mmengine - INFO - Iter(train) [ 70000/160000]  lr: 6.0300e-03  eta: 12:08:06  time: 0.4828  data_time: 0.0252  memory: 9067  loss: 1.0785  decode.loss_ohem: 0.7856  decode.acc_seg: 90.7215  aux_0.loss_ce: 0.2929  aux_0.acc_seg: 87.4464
2026/07/21 19:36:43 - mmengine - INFO - Saving checkpoint at 70000 iterations
2026/07/21 19:36:49 - mmengine - INFO - Iter(val) [100/250]    eta: 0:00:08  time: 0.0533  data_time: 0.0085  memory: 801  
2026/07/21 19:36:54 - mmengine - INFO - Iter(val) [200/250]    eta: 0:00:02  time: 0.0580  data_time: 0.0110  memory: 801  
2026/07/21 19:36:57 - mmengine - INFO - per class results:
2026/07/21 19:36:57 - mmengine - INFO - 
+---------------+-------+-------+
|     Class     |  IoU  |  Acc  |
+---------------+-------+-------+
|      road     | 96.55 | 97.25 |
|    sidewalk   | 76.11 | 92.99 |
|    building   | 89.21 | 95.19 |
|      wall     | 51.27 | 68.27 |
|     fence     |  51.1 | 60.91 |
|      pole     | 54.87 | 65.73 |
| traffic light | 51.26 | 62.46 |
|  traffic sign | 63.19 | 68.15 |
|   vegetation  | 89.95 | 94.82 |
|    terrain    | 53.05 | 63.83 |
|      sky      | 92.42 |  96.6 |
|     person    | 71.21 | 89.56 |
|     rider     |  49.4 | 68.32 |
|      car      | 91.33 | 95.25 |
|     truck     | 47.74 | 63.06 |
|      bus      | 51.81 | 72.94 |
|     train     | 37.31 | 44.76 |
|   motorcycle  | 42.17 | 46.36 |
|    bicycle    | 68.16 | 80.77 |
+---------------+-------+-------+
2026/07/21 19:36:57 - mmengine - INFO - Iter(val) [250/250]    aAcc: 93.9000  mIoU: 64.6400  mAcc: 75.1200  data_time: 0.0098  time: 0.0550
2026/07/21 19:36:57 - mmengine - INFO - The previous best checkpoint /root/autodl-tmp/DSANet-main/tools/work_dirs/dsanet_cityscapes_512x1024/best_mIoU_iter_65000.pth is removed
2026/07/21 19:36:57 - mmengine - INFO - The best checkpoint with 64.6400 mIoU at 70000 iter is saved to best_mIoU_iter_70000.pth.
2026/07/21 19:37:46 - mmengine - INFO - Iter(train) [ 70100/160000]  lr: 6.0240e-03  eta: 12:07:18  time: 0.4802  data_time: 0.0265  memory: 9066  loss: 1.0503  decode.loss_ohem: 0.7355  decode.acc_seg: 93.3408  aux_0.loss_ce: 0.3148  aux_0.acc_seg: 89.0970
2026/07/21 19:38:34 - mmengine - INFO - Iter(train) [ 70200/160000]  lr: 6.0179e-03  eta: 12:06:29  time: 0.4850  data_time: 0.0268  memory: 9068  loss: 1.0618  decode.loss_ohem: 0.7629  decode.acc_seg: 91.1147  aux_0.loss_ce: 0.2988  aux_0.acc_seg: 88.9839
2026/07/21 19:39:23 - mmengine - INFO - Iter(train) [ 70300/160000]  lr: 6.0119e-03  eta: 12:05:41  time: 0.4871  data_time: 0.0271  memory: 9066  loss: 1.0024  decode.loss_ohem: 0.7590  decode.acc_seg: 94.1429  aux_0.loss_ce: 0.2434  aux_0.acc_seg: 91.5439
2026/07/21 19:40:11 - mmengine - INFO - Iter(train) [ 70400/160000]  lr: 6.0059e-03  eta: 12:04:53  time: 0.4841  data_time: 0.0261  memory: 9067  loss: 1.0437  decode.loss_ohem: 0.7644  decode.acc_seg: 91.5760  aux_0.loss_ce: 0.2793  aux_0.acc_seg: 87.5896
2026/07/21 19:41:00 - mmengine - INFO - Iter(train) [ 70500/160000]  lr: 5.9999e-03  eta: 12:04:04  time: 0.4810  data_time: 0.0261  memory: 9068  loss: 0.9974  decode.loss_ohem: 0.7293  decode.acc_seg: 92.3500  aux_0.loss_ce: 0.2681  aux_0.acc_seg: 91.1033
2026/07/21 19:41:48 - mmengine - INFO - Iter(train) [ 70600/160000]  lr: 5.9938e-03  eta: 12:03:15  time: 0.4892  data_time: 0.0282  memory: 9068  loss: 0.9776  decode.loss_ohem: 0.7109  decode.acc_seg: 92.9595  aux_0.loss_ce: 0.2668  aux_0.acc_seg: 88.3356
2026/07/21 19:42:37 - mmengine - INFO - Iter(train) [ 70700/160000]  lr: 5.9878e-03  eta: 12:02:26  time: 0.4824  data_time: 0.0257  memory: 9067  loss: 1.0444  decode.loss_ohem: 0.7635  decode.acc_seg: 92.6132  aux_0.loss_ce: 0.2808  aux_0.acc_seg: 89.8883
2026/07/21 19:43:25 - mmengine - INFO - Iter(train) [ 70800/160000]  lr: 5.9818e-03  eta: 12:01:38  time: 0.4847  data_time: 0.0264  memory: 9066  loss: 1.1407  decode.loss_ohem: 0.8184  decode.acc_seg: 83.7130  aux_0.loss_ce: 0.3223  aux_0.acc_seg: 81.4772
2026/07/21 19:44:14 - mmengine - INFO - Iter(train) [ 70900/160000]  lr: 5.9758e-03  eta: 12:00:49  time: 0.4835  data_time: 0.0259  memory: 9069  loss: 1.0657  decode.loss_ohem: 0.7690  decode.acc_seg: 92.2251  aux_0.loss_ce: 0.2967  aux_0.acc_seg: 88.3380
2026/07/21 19:45:02 - mmengine - INFO - Exp name: dsanet_cityscapes_512x1024_20260721_100709
2026/07/21 19:45:02 - mmengine - INFO - Iter(train) [ 71000/160000]  lr: 5.9697e-03  eta: 12:00:01  time: 0.4868  data_time: 0.0280  memory: 9067  loss: 1.0014  decode.loss_ohem: 0.7248  decode.acc_seg: 93.0870  aux_0.loss_ce: 0.2766  aux_0.acc_seg: 91.6916
2026/07/21 19:45:51 - mmengine - INFO - Iter(train) [ 71100/160000]  lr: 5.9637e-03  eta: 11:59:12  time: 0.4843  data_time: 0.0268  memory: 9068  loss: 1.0216  decode.loss_ohem: 0.7268  decode.acc_seg: 93.0301  aux_0.loss_ce: 0.2948  aux_0.acc_seg: 91.1848
2026/07/21 19:46:39 - mmengine - INFO - Iter(train) [ 71200/160000]  lr: 5.9577e-03  eta: 11:58:23  time: 0.4830  data_time: 0.0282  memory: 9066  loss: 1.0005  decode.loss_ohem: 0.7225  decode.acc_seg: 92.5876  aux_0.loss_ce: 0.2780  aux_0.acc_seg: 91.3230
2026/07/21 19:47:27 - mmengine - INFO - Iter(train) [ 71300/160000]  lr: 5.9517e-03  eta: 11:57:35  time: 0.4841  data_time: 0.0266  memory: 9069  loss: 1.0944  decode.loss_ohem: 0.7889  decode.acc_seg: 91.9639  aux_0.loss_ce: 0.3055  aux_0.acc_seg: 89.5773
2026/07/21 19:48:16 - mmengine - INFO - Iter(train) [ 71400/160000]  lr: 5.9456e-03  eta: 11:56:46  time: 0.4831  data_time: 0.0265  memory: 9067  loss: 1.0974  decode.loss_ohem: 0.7988  decode.acc_seg: 91.6180  aux_0.loss_ce: 0.2986  aux_0.acc_seg: 89.6147
2026/07/21 19:49:04 - mmengine - INFO - Iter(train) [ 71500/160000]  lr: 5.9396e-03  eta: 11:55:57  time: 0.4850  data_time: 0.0265  memory: 9069  loss: 1.0968  decode.loss_ohem: 0.7826  decode.acc_seg: 91.5989  aux_0.loss_ce: 0.3142  aux_0.acc_seg: 89.0725
2026/07/21 19:49:53 - mmengine - INFO - Iter(train) [ 71600/160000]  lr: 5.9336e-03  eta: 11:55:08  time: 0.4850  data_time: 0.0270  memory: 9069  loss: 0.9699  decode.loss_ohem: 0.7074  decode.acc_seg: 92.6596  aux_0.loss_ce: 0.2625  aux_0.acc_seg: 89.2433
2026/07/21 19:50:41 - mmengine - INFO - Iter(train) [ 71700/160000]  lr: 5.9275e-03  eta: 11:54:20  time: 0.4846  data_time: 0.0265  memory: 9068  loss: 0.9523  decode.loss_ohem: 0.6744  decode.acc_seg: 93.7308  aux_0.loss_ce: 0.2779  aux_0.acc_seg: 90.7420
2026/07/21 19:51:30 - mmengine - INFO - Iter(train) [ 71800/160000]  lr: 5.9215e-03  eta: 11:53:32  time: 0.4920  data_time: 0.0271  memory: 9068  loss: 1.0379  decode.loss_ohem: 0.7507  decode.acc_seg: 92.6496  aux_0.loss_ce: 0.2873  aux_0.acc_seg: 91.2954
2026/07/21 19:52:18 - mmengine - INFO - Iter(train) [ 71900/160000]  lr: 5.9155e-03  eta: 11:52:43  time: 0.4848  data_time: 0.0277  memory: 9067  loss: 0.9955  decode.loss_ohem: 0.7191  decode.acc_seg: 93.5329  aux_0.loss_ce: 0.2764  aux_0.acc_seg: 91.4841
2026/07/21 19:53:07 - mmengine - INFO - Exp name: dsanet_cityscapes_512x1024_20260721_100709
2026/07/21 19:53:07 - mmengine - INFO - Iter(train) [ 72000/160000]  lr: 5.9094e-03  eta: 11:51:54  time: 0.4847  data_time: 0.0266  memory: 9067  loss: 1.0220  decode.loss_ohem: 0.7251  decode.acc_seg: 89.9851  aux_0.loss_ce: 0.2969  aux_0.acc_seg: 87.4222
2026/07/21 19:53:55 - mmengine - INFO - Iter(train) [ 72100/160000]  lr: 5.9034e-03  eta: 11:51:06  time: 0.4854  data_time: 0.0269  memory: 9067  loss: 1.0559  decode.loss_ohem: 0.7623  decode.acc_seg: 93.2334  aux_0.loss_ce: 0.2937  aux_0.acc_seg: 90.4469
2026/07/21 19:54:44 - mmengine - INFO - Iter(train) [ 72200/160000]  lr: 5.8974e-03  eta: 11:50:17  time: 0.4841  data_time: 0.0265  memory: 9067  loss: 0.9965  decode.loss_ohem: 0.7231  decode.acc_seg: 93.4756  aux_0.loss_ce: 0.2734  aux_0.acc_seg: 91.0858
2026/07/21 19:55:32 - mmengine - INFO - Iter(train) [ 72300/160000]  lr: 5.8913e-03  eta: 11:49:28  time: 0.4863  data_time: 0.0273  memory: 9066  loss: 0.9551  decode.loss_ohem: 0.6898  decode.acc_seg: 90.7524  aux_0.loss_ce: 0.2653  aux_0.acc_seg: 88.3472
2026/07/21 19:56:21 - mmengine - INFO - Iter(train) [ 72400/160000]  lr: 5.8853e-03  eta: 11:48:40  time: 0.4848  data_time: 0.0268  memory: 9067  loss: 0.9859  decode.loss_ohem: 0.7254  decode.acc_seg: 94.6114  aux_0.loss_ce: 0.2604  aux_0.acc_seg: 92.6947
2026/07/21 19:57:09 - mmengine - INFO - Iter(train) [ 72500/160000]  lr: 5.8793e-03  eta: 11:47:51  time: 0.4787  data_time: 0.0262  memory: 9068  loss: 1.0542  decode.loss_ohem: 0.7575  decode.acc_seg: 93.3535  aux_0.loss_ce: 0.2966  aux_0.acc_seg: 88.3329
2026/07/21 19:57:57 - mmengine - INFO - Iter(train) [ 72600/160000]  lr: 5.8732e-03  eta: 11:47:02  time: 0.4847  data_time: 0.0277  memory: 9067  loss: 0.9673  decode.loss_ohem: 0.7000  decode.acc_seg: 92.6563  aux_0.loss_ce: 0.2672  aux_0.acc_seg: 90.2190
2026/07/21 19:58:46 - mmengine - INFO - Iter(train) [ 72700/160000]  lr: 5.8672e-03  eta: 11:46:13  time: 0.4836  data_time: 0.0261  memory: 9067  loss: 1.0016  decode.loss_ohem: 0.7343  decode.acc_seg: 88.8304  aux_0.loss_ce: 0.2674  aux_0.acc_seg: 87.1101
2026/07/21 19:59:34 - mmengine - INFO - Iter(train) [ 72800/160000]  lr: 5.8612e-03  eta: 11:45:25  time: 0.4849  data_time: 0.0263  memory: 9067  loss: 0.9950  decode.loss_ohem: 0.7121  decode.acc_seg: 91.3346  aux_0.loss_ce: 0.2829  aux_0.acc_seg: 87.6694
2026/07/21 20:00:23 - mmengine - INFO - Iter(train) [ 72900/160000]  lr: 5.8551e-03  eta: 11:44:36  time: 0.4801  data_time: 0.0257  memory: 9067  loss: 1.0245  decode.loss_ohem: 0.7542  decode.acc_seg: 91.6557  aux_0.loss_ce: 0.2704  aux_0.acc_seg: 90.2769
2026/07/21 20:01:11 - mmengine - INFO - Exp name: dsanet_cityscapes_512x1024_20260721_100709
2026/07/21 20:01:11 - mmengine - INFO - Iter(train) [ 73000/160000]  lr: 5.8491e-03  eta: 11:43:47  time: 0.4875  data_time: 0.0283  memory: 9070  loss: 1.0535  decode.loss_ohem: 0.7278  decode.acc_seg: 88.4495  aux_0.loss_ce: 0.3257  aux_0.acc_seg: 87.8988
2026/07/21 20:01:59 - mmengine - INFO - Iter(train) [ 73100/160000]  lr: 5.8430e-03  eta: 11:42:58  time: 0.4782  data_time: 0.0247  memory: 9067  loss: 1.0933  decode.loss_ohem: 0.7842  decode.acc_seg: 93.2546  aux_0.loss_ce: 0.3091  aux_0.acc_seg: 91.1218
2026/07/21 20:02:48 - mmengine - INFO - Iter(train) [ 73200/160000]  lr: 5.8370e-03  eta: 11:42:10  time: 0.4846  data_time: 0.0268  memory: 9067  loss: 1.0746  decode.loss_ohem: 0.7585  decode.acc_seg: 91.3689  aux_0.loss_ce: 0.3161  aux_0.acc_seg: 88.7742
2026/07/21 20:03:36 - mmengine - INFO - Iter(train) [ 73300/160000]  lr: 5.8309e-03  eta: 11:41:21  time: 0.4839  data_time: 0.0269  memory: 9067  loss: 1.0310  decode.loss_ohem: 0.7742  decode.acc_seg: 94.3044  aux_0.loss_ce: 0.2568  aux_0.acc_seg: 93.0182
2026/07/21 20:04:25 - mmengine - INFO - Iter(train) [ 73400/160000]  lr: 5.8249e-03  eta: 11:40:33  time: 0.4880  data_time: 0.0287  memory: 9069  loss: 0.9677  decode.loss_ohem: 0.6856  decode.acc_seg: 91.0505  aux_0.loss_ce: 0.2821  aux_0.acc_seg: 89.5829
2026/07/21 20:05:14 - mmengine - INFO - Iter(train) [ 73500/160000]  lr: 5.8189e-03  eta: 11:39:44  time: 0.4851  data_time: 0.0265  memory: 9068  loss: 1.0318  decode.loss_ohem: 0.7396  decode.acc_seg: 89.7830  aux_0.loss_ce: 0.2922  aux_0.acc_seg: 88.8220
2026/07/21 20:06:03 - mmengine - INFO - Iter(train) [ 73600/160000]  lr: 5.8128e-03  eta: 11:38:56  time: 0.4873  data_time: 0.0273  memory: 9067  loss: 1.0177  decode.loss_ohem: 0.7346  decode.acc_seg: 92.3917  aux_0.loss_ce: 0.2831  aux_0.acc_seg: 87.2713
2026/07/21 20:06:51 - mmengine - INFO - Iter(train) [ 73700/160000]  lr: 5.8068e-03  eta: 11:38:07  time: 0.4804  data_time: 0.0267  memory: 9066  loss: 0.9752  decode.loss_ohem: 0.7064  decode.acc_seg: 93.7530  aux_0.loss_ce: 0.2688  aux_0.acc_seg: 92.4956
2026/07/21 20:07:39 - mmengine - INFO - Iter(train) [ 73800/160000]  lr: 5.8007e-03  eta: 11:37:19  time: 0.4850  data_time: 0.0266  memory: 9067  loss: 1.0030  decode.loss_ohem: 0.7145  decode.acc_seg: 94.0978  aux_0.loss_ce: 0.2885  aux_0.acc_seg: 91.2764
2026/07/21 20:08:28 - mmengine - INFO - Iter(train) [ 73900/160000]  lr: 5.7947e-03  eta: 11:36:30  time: 0.4859  data_time: 0.0280  memory: 9067  loss: 1.0860  decode.loss_ohem: 0.7822  decode.acc_seg: 93.4444  aux_0.loss_ce: 0.3037  aux_0.acc_seg: 90.6697
2026/07/21 20:09:17 - mmengine - INFO - Exp name: dsanet_cityscapes_512x1024_20260721_100709
2026/07/21 20:09:17 - mmengine - INFO - Iter(train) [ 74000/160000]  lr: 5.7886e-03  eta: 11:35:42  time: 0.4850  data_time: 0.0272  memory: 9066  loss: 1.0586  decode.loss_ohem: 0.7596  decode.acc_seg: 90.8586  aux_0.loss_ce: 0.2989  aux_0.acc_seg: 88.4978
2026/07/21 20:10:05 - mmengine - INFO - Iter(train) [ 74100/160000]  lr: 5.7826e-03  eta: 11:34:54  time: 0.4862  data_time: 0.0272  memory: 9067  loss: 1.1381  decode.loss_ohem: 0.8319  decode.acc_seg: 88.1080  aux_0.loss_ce: 0.3063  aux_0.acc_seg: 84.4642
2026/07/21 20:10:54 - mmengine - INFO - Iter(train) [ 74200/160000]  lr: 5.7765e-03  eta: 11:34:05  time: 0.4855  data_time: 0.0267  memory: 9067  loss: 0.9617  decode.loss_ohem: 0.6855  decode.acc_seg: 89.8908  aux_0.loss_ce: 0.2762  aux_0.acc_seg: 89.3227
2026/07/21 20:11:43 - mmengine - INFO - Iter(train) [ 74300/160000]  lr: 5.7705e-03  eta: 11:33:17  time: 0.4852  data_time: 0.0269  memory: 9066  loss: 0.9719  decode.loss_ohem: 0.7002  decode.acc_seg: 93.1089  aux_0.loss_ce: 0.2716  aux_0.acc_seg: 88.3572
2026/07/21 20:12:31 - mmengine - INFO - Iter(train) [ 74400/160000]  lr: 5.7644e-03  eta: 11:32:28  time: 0.4875  data_time: 0.0282  memory: 9068  loss: 1.0488  decode.loss_ohem: 0.7406  decode.acc_seg: 92.2774  aux_0.loss_ce: 0.3082  aux_0.acc_seg: 90.3590
2026/07/21 20:13:20 - mmengine - INFO - Iter(train) [ 74500/160000]  lr: 5.7584e-03  eta: 11:31:40  time: 0.4877  data_time: 0.0290  memory: 9067  loss: 1.0232  decode.loss_ohem: 0.7124  decode.acc_seg: 92.3201  aux_0.loss_ce: 0.3108  aux_0.acc_seg: 88.8569
2026/07/21 20:14:08 - mmengine - INFO - Iter(train) [ 74600/160000]  lr: 5.7523e-03  eta: 11:30:51  time: 0.4859  data_time: 0.0269  memory: 9067  loss: 0.9450  decode.loss_ohem: 0.6771  decode.acc_seg: 94.2822  aux_0.loss_ce: 0.2679  aux_0.acc_seg: 91.6289
2026/07/21 20:14:57 - mmengine - INFO - Iter(train) [ 74700/160000]  lr: 5.7463e-03  eta: 11:30:03  time: 0.4871  data_time: 0.0277  memory: 9068  loss: 1.0401  decode.loss_ohem: 0.7504  decode.acc_seg: 93.8609  aux_0.loss_ce: 0.2898  aux_0.acc_seg: 91.0729
2026/07/21 20:15:46 - mmengine - INFO - Iter(train) [ 74800/160000]  lr: 5.7402e-03  eta: 11:29:15  time: 0.4878  data_time: 0.0286  memory: 9068  loss: 0.9685  decode.loss_ohem: 0.7014  decode.acc_seg: 91.4128  aux_0.loss_ce: 0.2670  aux_0.acc_seg: 90.1433
2026/07/21 20:16:35 - mmengine - INFO - Iter(train) [ 74900/160000]  lr: 5.7342e-03  eta: 11:28:26  time: 0.4859  data_time: 0.0268  memory: 9067  loss: 1.0245  decode.loss_ohem: 0.7430  decode.acc_seg: 92.6142  aux_0.loss_ce: 0.2815  aux_0.acc_seg: 91.2120
2026/07/21 20:17:23 - mmengine - INFO - Exp name: dsanet_cityscapes_512x1024_20260721_100709
2026/07/21 20:17:23 - mmengine - INFO - Iter(train) [ 75000/160000]  lr: 5.7281e-03  eta: 11:27:38  time: 0.4866  data_time: 0.0281  memory: 9067  loss: 1.0960  decode.loss_ohem: 0.7750  decode.acc_seg: 89.9330  aux_0.loss_ce: 0.3210  aux_0.acc_seg: 88.7868
2026/07/21 20:17:23 - mmengine - INFO - Saving checkpoint at 75000 iterations
2026/07/21 20:17:29 - mmengine - INFO - Iter(val) [100/250]    eta: 0:00:08  time: 0.0551  data_time: 0.0095  memory: 801  
2026/07/21 20:17:35 - mmengine - INFO - Iter(val) [200/250]    eta: 0:00:02  time: 0.0559  data_time: 0.0093  memory: 801  
2026/07/21 20:17:38 - mmengine - INFO - per class results:
2026/07/21 20:17:38 - mmengine - INFO - 
+---------------+-------+-------+
|     Class     |  IoU  |  Acc  |
+---------------+-------+-------+
|      road     | 96.34 | 97.04 |
|    sidewalk   | 75.49 | 91.04 |
|    building   | 83.32 | 88.42 |
|      wall     | 38.38 | 45.53 |
|     fence     | 25.38 | 76.77 |
|      pole     | 52.49 | 63.49 |
| traffic light | 45.66 | 53.93 |
|  traffic sign | 64.01 | 75.72 |
|   vegetation  | 89.91 | 95.77 |
|    terrain    | 54.21 | 61.84 |
|      sky      | 92.17 | 96.32 |
|     person    | 72.63 | 85.83 |
|     rider     | 49.45 | 62.45 |
|      car      | 91.62 | 96.73 |
|     truck     | 45.88 | 56.42 |
|      bus      | 61.86 | 73.57 |
|     train     | 27.81 |  75.7 |
|   motorcycle  | 41.39 | 50.83 |
|    bicycle    | 66.27 | 83.46 |
+---------------+-------+-------+
2026/07/21 20:17:38 - mmengine - INFO - Iter(val) [250/250]    aAcc: 92.4100  mIoU: 61.8000  mAcc: 75.3100  data_time: 0.0106  time: 0.0565
2026/07/21 20:18:26 - mmengine - INFO - Iter(train) [ 75100/160000]  lr: 5.7221e-03  eta: 11:26:49  time: 0.4856  data_time: 0.0273  memory: 9067  loss: 1.1010  decode.loss_ohem: 0.7929  decode.acc_seg: 93.6175  aux_0.loss_ce: 0.3081  aux_0.acc_seg: 91.6182
2026/07/21 20:19:15 - mmengine - INFO - Iter(train) [ 75200/160000]  lr: 5.7160e-03  eta: 11:26:01  time: 0.4822  data_time: 0.0279  memory: 9067  loss: 0.9624  decode.loss_ohem: 0.7066  decode.acc_seg: 94.6904  aux_0.loss_ce: 0.2558  aux_0.acc_seg: 93.1145
2026/07/21 20:20:03 - mmengine - INFO - Iter(train) [ 75300/160000]  lr: 5.7100e-03  eta: 11:25:12  time: 0.4864  data_time: 0.0272  memory: 9067  loss: 1.0090  decode.loss_ohem: 0.7141  decode.acc_seg: 92.0580  aux_0.loss_ce: 0.2949  aux_0.acc_seg: 89.5090
2026/07/21 20:20:52 - mmengine - INFO - Iter(train) [ 75400/160000]  lr: 5.7039e-03  eta: 11:24:24  time: 0.4868  data_time: 0.0271  memory: 9066  loss: 1.0573  decode.loss_ohem: 0.7763  decode.acc_seg: 90.2930  aux_0.loss_ce: 0.2810  aux_0.acc_seg: 86.2770
2026/07/21 20:21:41 - mmengine - INFO - Iter(train) [ 75500/160000]  lr: 5.6978e-03  eta: 11:23:35  time: 0.4858  data_time: 0.0274  memory: 9067  loss: 1.0433  decode.loss_ohem: 0.7352  decode.acc_seg: 91.7608  aux_0.loss_ce: 0.3081  aux_0.acc_seg: 86.8078
2026/07/21 20:22:29 - mmengine - INFO - Iter(train) [ 75600/160000]  lr: 5.6918e-03  eta: 11:22:47  time: 0.4847  data_time: 0.0267  memory: 9069  loss: 1.0343  decode.loss_ohem: 0.7237  decode.acc_seg: 88.9827  aux_0.loss_ce: 0.3107  aux_0.acc_seg: 87.4235
2026/07/21 20:23:18 - mmengine - INFO - Iter(train) [ 75700/160000]  lr: 5.6857e-03  eta: 11:21:58  time: 0.4855  data_time: 0.0279  memory: 9066  loss: 0.9891  decode.loss_ohem: 0.7282  decode.acc_seg: 89.9842  aux_0.loss_ce: 0.2609  aux_0.acc_seg: 88.0399
2026/07/21 20:24:06 - mmengine - INFO - Iter(train) [ 75800/160000]  lr: 5.6797e-03  eta: 11:21:10  time: 0.4932  data_time: 0.0283  memory: 9066  loss: 1.0436  decode.loss_ohem: 0.7521  decode.acc_seg: 92.7198  aux_0.loss_ce: 0.2915  aux_0.acc_seg: 91.0947
2026/07/21 20:24:55 - mmengine - INFO - Iter(train) [ 75900/160000]  lr: 5.6736e-03  eta: 11:20:21  time: 0.4838  data_time: 0.0263  memory: 9066  loss: 0.9745  decode.loss_ohem: 0.7021  decode.acc_seg: 92.7591  aux_0.loss_ce: 0.2724  aux_0.acc_seg: 90.1545
2026/07/21 20:25:44 - mmengine - INFO - Exp name: dsanet_cityscapes_512x1024_20260721_100709
2026/07/21 20:25:44 - mmengine - INFO - Iter(train) [ 76000/160000]  lr: 5.6675e-03  eta: 11:19:33  time: 0.4893  data_time: 0.0274  memory: 9069  loss: 1.0260  decode.loss_ohem: 0.7299  decode.acc_seg: 89.6028  aux_0.loss_ce: 0.2961  aux_0.acc_seg: 86.6731
2026/07/21 20:26:33 - mmengine - INFO - Iter(train) [ 76100/160000]  lr: 5.6615e-03  eta: 11:18:45  time: 0.4884  data_time: 0.0291  memory: 9067  loss: 1.0863  decode.loss_ohem: 0.7825  decode.acc_seg: 92.3159  aux_0.loss_ce: 0.3038  aux_0.acc_seg: 88.3928
2026/07/21 20:27:21 - mmengine - INFO - Iter(train) [ 76200/160000]  lr: 5.6554e-03  eta: 11:17:56  time: 0.4812  data_time: 0.0266  memory: 9068  loss: 0.9583  decode.loss_ohem: 0.6872  decode.acc_seg: 91.4302  aux_0.loss_ce: 0.2711  aux_0.acc_seg: 90.5547
2026/07/21 20:28:09 - mmengine - INFO - Iter(train) [ 76300/160000]  lr: 5.6494e-03  eta: 11:17:07  time: 0.4852  data_time: 0.0272  memory: 9067  loss: 1.0442  decode.loss_ohem: 0.7602  decode.acc_seg: 88.5198  aux_0.loss_ce: 0.2840  aux_0.acc_seg: 85.3902
2026/07/21 20:28:58 - mmengine - INFO - Iter(train) [ 76400/160000]  lr: 5.6433e-03  eta: 11:16:19  time: 0.4939  data_time: 0.0275  memory: 9067  loss: 1.0405  decode.loss_ohem: 0.7351  decode.acc_seg: 91.6084  aux_0.loss_ce: 0.3054  aux_0.acc_seg: 87.0797
2026/07/21 20:29:46 - mmengine - INFO - Iter(train) [ 76500/160000]  lr: 5.6372e-03  eta: 11:15:30  time: 0.4827  data_time: 0.0263  memory: 9068  loss: 1.0501  decode.loss_ohem: 0.7548  decode.acc_seg: 92.6291  aux_0.loss_ce: 0.2953  aux_0.acc_seg: 91.0970
2026/07/21 20:30:35 - mmengine - INFO - Iter(train) [ 76600/160000]  lr: 5.6312e-03  eta: 11:14:42  time: 0.4966  data_time: 0.0274  memory: 9069  loss: 1.0821  decode.loss_ohem: 0.7766  decode.acc_seg: 91.7004  aux_0.loss_ce: 0.3056  aux_0.acc_seg: 90.0037
2026/07/21 20:31:24 - mmengine - INFO - Iter(train) [ 76700/160000]  lr: 5.6251e-03  eta: 11:13:53  time: 0.4848  data_time: 0.0269  memory: 9068  loss: 1.0657  decode.loss_ohem: 0.7659  decode.acc_seg: 93.6041  aux_0.loss_ce: 0.2998  aux_0.acc_seg: 90.4777
2026/07/21 20:32:12 - mmengine - INFO - Iter(train) [ 76800/160000]  lr: 5.6190e-03  eta: 11:13:05  time: 0.4748  data_time: 0.0274  memory: 9067  loss: 0.9545  decode.loss_ohem: 0.6919  decode.acc_seg: 93.9657  aux_0.loss_ce: 0.2626  aux_0.acc_seg: 91.6438
2026/07/21 20:33:01 - mmengine - INFO - Iter(train) [ 76900/160000]  lr: 5.6130e-03  eta: 11:12:17  time: 0.4876  data_time: 0.0273  memory: 9068  loss: 0.9855  decode.loss_ohem: 0.7049  decode.acc_seg: 91.4807  aux_0.loss_ce: 0.2806  aux_0.acc_seg: 89.7215
2026/07/21 20:33:50 - mmengine - INFO - Exp name: dsanet_cityscapes_512x1024_20260721_100709
2026/07/21 20:33:50 - mmengine - INFO - Iter(train) [ 77000/160000]  lr: 5.6069e-03  eta: 11:11:28  time: 0.4724  data_time: 0.0261  memory: 9067  loss: 1.0249  decode.loss_ohem: 0.7356  decode.acc_seg: 91.9023  aux_0.loss_ce: 0.2893  aux_0.acc_seg: 89.0302
2026/07/21 20:34:38 - mmengine - INFO - Iter(train) [ 77100/160000]  lr: 5.6008e-03  eta: 11:10:39  time: 0.4836  data_time: 0.0259  memory: 9067  loss: 0.9429  decode.loss_ohem: 0.6761  decode.acc_seg: 92.8060  aux_0.loss_ce: 0.2668  aux_0.acc_seg: 91.3061
2026/07/21 20:35:27 - mmengine - INFO - Iter(train) [ 77200/160000]  lr: 5.5948e-03  eta: 11:09:51  time: 0.4800  data_time: 0.0274  memory: 9066  loss: 1.0006  decode.loss_ohem: 0.7049  decode.acc_seg: 92.6729  aux_0.loss_ce: 0.2957  aux_0.acc_seg: 88.0065
2026/07/21 20:36:15 - mmengine - INFO - Iter(train) [ 77300/160000]  lr: 5.5887e-03  eta: 11:09:02  time: 0.4887  data_time: 0.0288  memory: 9068  loss: 0.9711  decode.loss_ohem: 0.6921  decode.acc_seg: 91.0990  aux_0.loss_ce: 0.2790  aux_0.acc_seg: 88.7905
2026/07/21 20:37:04 - mmengine - INFO - Iter(train) [ 77400/160000]  lr: 5.5826e-03  eta: 11:08:14  time: 0.4778  data_time: 0.0262  memory: 9068  loss: 0.9868  decode.loss_ohem: 0.7035  decode.acc_seg: 93.8200  aux_0.loss_ce: 0.2832  aux_0.acc_seg: 90.8495
2026/07/21 20:37:53 - mmengine - INFO - Iter(train) [ 77500/160000]  lr: 5.5765e-03  eta: 11:07:25  time: 0.4874  data_time: 0.0272  memory: 9067  loss: 0.9826  decode.loss_ohem: 0.7043  decode.acc_seg: 90.6436  aux_0.loss_ce: 0.2783  aux_0.acc_seg: 86.8689
2026/07/21 20:38:41 - mmengine - INFO - Iter(train) [ 77600/160000]  lr: 5.5705e-03  eta: 11:06:37  time: 0.4859  data_time: 0.0271  memory: 9066  loss: 1.0053  decode.loss_ohem: 0.7352  decode.acc_seg: 94.3775  aux_0.loss_ce: 0.2701  aux_0.acc_seg: 91.6341
2026/07/21 20:39:30 - mmengine - INFO - Iter(train) [ 77700/160000]  lr: 5.5644e-03  eta: 11:05:48  time: 0.4857  data_time: 0.0266  memory: 9066  loss: 0.9916  decode.loss_ohem: 0.7200  decode.acc_seg: 90.3787  aux_0.loss_ce: 0.2715  aux_0.acc_seg: 88.3894
2026/07/21 20:40:18 - mmengine - INFO - Iter(train) [ 77800/160000]  lr: 5.5583e-03  eta: 11:05:00  time: 0.4856  data_time: 0.0276  memory: 9066  loss: 1.0493  decode.loss_ohem: 0.7402  decode.acc_seg: 94.9299  aux_0.loss_ce: 0.3091  aux_0.acc_seg: 91.2665
2026/07/21 20:41:07 - mmengine - INFO - Iter(train) [ 77900/160000]  lr: 5.5522e-03  eta: 11:04:11  time: 0.4879  data_time: 0.0283  memory: 9067  loss: 0.9942  decode.loss_ohem: 0.7148  decode.acc_seg: 92.0995  aux_0.loss_ce: 0.2794  aux_0.acc_seg: 90.8743
2026/07/21 20:41:55 - mmengine - INFO - Exp name: dsanet_cityscapes_512x1024_20260721_100709
2026/07/21 20:41:55 - mmengine - INFO - Iter(train) [ 78000/160000]  lr: 5.5462e-03  eta: 11:03:23  time: 0.4850  data_time: 0.0266  memory: 9065  loss: 1.0020  decode.loss_ohem: 0.7169  decode.acc_seg: 91.2254  aux_0.loss_ce: 0.2851  aux_0.acc_seg: 87.5695
2026/07/21 20:42:44 - mmengine - INFO - Iter(train) [ 78100/160000]  lr: 5.5401e-03  eta: 11:02:34  time: 0.4878  data_time: 0.0278  memory: 9066  loss: 1.0283  decode.loss_ohem: 0.7608  decode.acc_seg: 92.5260  aux_0.loss_ce: 0.2675  aux_0.acc_seg: 90.2795
2026/07/21 20:43:33 - mmengine - INFO - Iter(train) [ 78200/160000]  lr: 5.5340e-03  eta: 11:01:46  time: 0.4887  data_time: 0.0273  memory: 9068  loss: 1.0914  decode.loss_ohem: 0.7742  decode.acc_seg: 89.4420  aux_0.loss_ce: 0.3172  aux_0.acc_seg: 87.7219
2026/07/21 20:44:21 - mmengine - INFO - Iter(train) [ 78300/160000]  lr: 5.5279e-03  eta: 11:00:57  time: 0.4837  data_time: 0.0257  memory: 9070  loss: 0.9387  decode.loss_ohem: 0.6577  decode.acc_seg: 93.4172  aux_0.loss_ce: 0.2810  aux_0.acc_seg: 90.7031
2026/07/21 20:45:10 - mmengine - INFO - Iter(train) [ 78400/160000]  lr: 5.5219e-03  eta: 11:00:09  time: 0.4818  data_time: 0.0261  memory: 9067  loss: 1.0972  decode.loss_ohem: 0.7936  decode.acc_seg: 87.4735  aux_0.loss_ce: 0.3036  aux_0.acc_seg: 85.2874
2026/07/21 20:45:58 - mmengine - INFO - Iter(train) [ 78500/160000]  lr: 5.5158e-03  eta: 10:59:20  time: 0.4877  data_time: 0.0278  memory: 9067  loss: 0.9575  decode.loss_ohem: 0.6915  decode.acc_seg: 93.6745  aux_0.loss_ce: 0.2661  aux_0.acc_seg: 91.4696
2026/07/21 20:46:47 - mmengine - INFO - Iter(train) [ 78600/160000]  lr: 5.5097e-03  eta: 10:58:32  time: 0.4862  data_time: 0.0272  memory: 9067  loss: 1.0391  decode.loss_ohem: 0.7547  decode.acc_seg: 89.1497  aux_0.loss_ce: 0.2844  aux_0.acc_seg: 86.8112
2026/07/21 20:47:35 - mmengine - INFO - Iter(train) [ 78700/160000]  lr: 5.5036e-03  eta: 10:57:43  time: 0.4801  data_time: 0.0255  memory: 9066  loss: 1.0610  decode.loss_ohem: 0.7725  decode.acc_seg: 92.7610  aux_0.loss_ce: 0.2885  aux_0.acc_seg: 85.6134
2026/07/21 20:48:24 - mmengine - INFO - Iter(train) [ 78800/160000]  lr: 5.4975e-03  eta: 10:56:55  time: 0.4857  data_time: 0.0276  memory: 9068  loss: 0.9318  decode.loss_ohem: 0.6714  decode.acc_seg: 93.3027  aux_0.loss_ce: 0.2604  aux_0.acc_seg: 91.6136
2026/07/21 20:49:13 - mmengine - INFO - Iter(train) [ 78900/160000]  lr: 5.4914e-03  eta: 10:56:06  time: 0.4872  data_time: 0.0269  memory: 9066  loss: 1.0996  decode.loss_ohem: 0.7795  decode.acc_seg: 92.1977  aux_0.loss_ce: 0.3201  aux_0.acc_seg: 90.4035
2026/07/21 20:50:01 - mmengine - INFO - Exp name: dsanet_cityscapes_512x1024_20260721_100709
2026/07/21 20:50:01 - mmengine - INFO - Iter(train) [ 79000/160000]  lr: 5.4854e-03  eta: 10:55:18  time: 0.4856  data_time: 0.0267  memory: 9067  loss: 0.9892  decode.loss_ohem: 0.7124  decode.acc_seg: 91.8676  aux_0.loss_ce: 0.2768  aux_0.acc_seg: 90.5531
2026/07/21 20:50:50 - mmengine - INFO - Iter(train) [ 79100/160000]  lr: 5.4793e-03  eta: 10:54:30  time: 0.4875  data_time: 0.0273  memory: 9068  loss: 1.0498  decode.loss_ohem: 0.7592  decode.acc_seg: 88.2616  aux_0.loss_ce: 0.2906  aux_0.acc_seg: 86.3633
2026/07/21 20:51:39 - mmengine - INFO - Iter(train) [ 79200/160000]  lr: 5.4732e-03  eta: 10:53:41  time: 0.4866  data_time: 0.0274  memory: 9068  loss: 1.0172  decode.loss_ohem: 0.7221  decode.acc_seg: 92.4006  aux_0.loss_ce: 0.2950  aux_0.acc_seg: 90.5212
2026/07/21 20:52:28 - mmengine - INFO - Iter(train) [ 79300/160000]  lr: 5.4671e-03  eta: 10:52:53  time: 0.4909  data_time: 0.0284  memory: 9066  loss: 0.9849  decode.loss_ohem: 0.7082  decode.acc_seg: 93.1816  aux_0.loss_ce: 0.2767  aux_0.acc_seg: 91.1451
2026/07/21 20:53:16 - mmengine - INFO - Iter(train) [ 79400/160000]  lr: 5.4610e-03  eta: 10:52:04  time: 0.4842  data_time: 0.0269  memory: 9067  loss: 1.0228  decode.loss_ohem: 0.7597  decode.acc_seg: 93.1448  aux_0.loss_ce: 0.2631  aux_0.acc_seg: 92.2739
2026/07/21 20:54:04 - mmengine - INFO - Iter(train) [ 79500/160000]  lr: 5.4549e-03  eta: 10:51:15  time: 0.4860  data_time: 0.0275  memory: 9067  loss: 0.9624  decode.loss_ohem: 0.7044  decode.acc_seg: 93.4941  aux_0.loss_ce: 0.2580  aux_0.acc_seg: 91.4697
2026/07/21 20:54:53 - mmengine - INFO - Iter(train) [ 79600/160000]  lr: 5.4488e-03  eta: 10:50:27  time: 0.4875  data_time: 0.0271  memory: 9067  loss: 0.9728  decode.loss_ohem: 0.6973  decode.acc_seg: 93.2309  aux_0.loss_ce: 0.2755  aux_0.acc_seg: 90.4121
2026/07/21 20:55:42 - mmengine - INFO - Iter(train) [ 79700/160000]  lr: 5.4428e-03  eta: 10:49:38  time: 0.4859  data_time: 0.0273  memory: 9067  loss: 1.0449  decode.loss_ohem: 0.7790  decode.acc_seg: 90.7777  aux_0.loss_ce: 0.2658  aux_0.acc_seg: 89.5353
2026/07/21 20:56:30 - mmengine - INFO - Iter(train) [ 79800/160000]  lr: 5.4367e-03  eta: 10:48:50  time: 0.4856  data_time: 0.0274  memory: 9068  loss: 0.9497  decode.loss_ohem: 0.6720  decode.acc_seg: 91.6351  aux_0.loss_ce: 0.2777  aux_0.acc_seg: 89.1190
2026/07/21 20:57:19 - mmengine - INFO - Iter(train) [ 79900/160000]  lr: 5.4306e-03  eta: 10:48:01  time: 0.4841  data_time: 0.0273  memory: 9067  loss: 1.0206  decode.loss_ohem: 0.7463  decode.acc_seg: 92.0982  aux_0.loss_ce: 0.2743  aux_0.acc_seg: 91.2979
2026/07/21 20:58:07 - mmengine - INFO - Exp name: dsanet_cityscapes_512x1024_20260721_100709
2026/07/21 20:58:07 - mmengine - INFO - Iter(train) [ 80000/160000]  lr: 5.4245e-03  eta: 10:47:13  time: 0.4846  data_time: 0.0267  memory: 9068  loss: 1.0051  decode.loss_ohem: 0.7197  decode.acc_seg: 93.2544  aux_0.loss_ce: 0.2854  aux_0.acc_seg: 89.1135
2026/07/21 20:58:07 - mmengine - INFO - Saving checkpoint at 80000 iterations
2026/07/21 20:58:14 - mmengine - INFO - Iter(val) [100/250]    eta: 0:00:08  time: 0.0547  data_time: 0.0094  memory: 801  
2026/07/21 20:58:19 - mmengine - INFO - Iter(val) [200/250]    eta: 0:00:02  time: 0.0581  data_time: 0.0105  memory: 801  
2026/07/21 20:58:22 - mmengine - INFO - per class results:
2026/07/21 20:58:22 - mmengine - INFO - 
+---------------+-------+-------+
|     Class     |  IoU  |  Acc  |
+---------------+-------+-------+
|      road     |  97.4 | 98.72 |
|    sidewalk   | 80.56 | 87.08 |
|    building   | 89.13 | 95.03 |
|      wall     | 43.93 | 48.21 |
|     fence     | 49.43 | 62.95 |
|      pole     | 56.03 | 68.35 |
| traffic light | 47.44 | 52.82 |
|  traffic sign | 61.72 |  82.6 |
|   vegetation  | 90.03 | 95.97 |
|    terrain    | 56.82 | 71.73 |
|      sky      | 91.09 | 92.91 |
|     person    | 73.43 | 88.01 |
|     rider     | 47.37 | 57.09 |
|      car      | 91.59 | 96.29 |
|     truck     | 50.24 |  65.0 |
|      bus      | 58.74 | 74.41 |
|     train     |  39.4 | 72.02 |
|   motorcycle  | 32.27 | 35.37 |
|    bicycle    | 67.91 | 78.02 |
+---------------+-------+-------+
2026/07/21 20:58:22 - mmengine - INFO - Iter(val) [250/250]    aAcc: 94.2700  mIoU: 64.4500  mAcc: 74.8700  data_time: 0.0107  time: 0.0563
2026/07/21 20:59:11 - mmengine - INFO - Iter(train) [ 80100/160000]  lr: 5.4184e-03  eta: 10:46:24  time: 0.4884  data_time: 0.0290  memory: 9066  loss: 1.0333  decode.loss_ohem: 0.7360  decode.acc_seg: 93.3328  aux_0.loss_ce: 0.2973  aux_0.acc_seg: 91.0869
2026/07/21 20:59:59 - mmengine - INFO - Iter(train) [ 80200/160000]  lr: 5.4123e-03  eta: 10:45:36  time: 0.4829  data_time: 0.0263  memory: 9067  loss: 1.0679  decode.loss_ohem: 0.7648  decode.acc_seg: 89.8192  aux_0.loss_ce: 0.3031  aux_0.acc_seg: 85.6778
2026/07/21 21:00:48 - mmengine - INFO - Iter(train) [ 80300/160000]  lr: 5.4062e-03  eta: 10:44:47  time: 0.4853  data_time: 0.0273  memory: 9067  loss: 0.9735  decode.loss_ohem: 0.7144  decode.acc_seg: 93.5692  aux_0.loss_ce: 0.2591  aux_0.acc_seg: 90.8343
2026/07/21 21:01:36 - mmengine - INFO - Iter(train) [ 80400/160000]  lr: 5.4001e-03  eta: 10:43:58  time: 0.4862  data_time: 0.0274  memory: 9067  loss: 0.9286  decode.loss_ohem: 0.6467  decode.acc_seg: 90.3267  aux_0.loss_ce: 0.2819  aux_0.acc_seg: 85.5805
2026/07/21 21:02:25 - mmengine - INFO - Iter(train) [ 80500/160000]  lr: 5.3940e-03  eta: 10:43:10  time: 0.4880  data_time: 0.0282  memory: 9067  loss: 0.9863  decode.loss_ohem: 0.7003  decode.acc_seg: 92.4987  aux_0.loss_ce: 0.2860  aux_0.acc_seg: 90.8170
2026/07/21 21:03:13 - mmengine - INFO - Iter(train) [ 80600/160000]  lr: 5.3879e-03  eta: 10:42:22  time: 0.4858  data_time: 0.0272  memory: 9066  loss: 0.9552  decode.loss_ohem: 0.6945  decode.acc_seg: 90.3217  aux_0.loss_ce: 0.2607  aux_0.acc_seg: 88.8057
2026/07/21 21:04:02 - mmengine - INFO - Iter(train) [ 80700/160000]  lr: 5.3818e-03  eta: 10:41:33  time: 0.4854  data_time: 0.0274  memory: 9067  loss: 1.0426  decode.loss_ohem: 0.7690  decode.acc_seg: 89.4852  aux_0.loss_ce: 0.2736  aux_0.acc_seg: 88.6471
2026/07/21 21:04:51 - mmengine - INFO - Iter(train) [ 80800/160000]  lr: 5.3757e-03  eta: 10:40:45  time: 0.4868  data_time: 0.0286  memory: 9066  loss: 0.9685  decode.loss_ohem: 0.7059  decode.acc_seg: 94.2861  aux_0.loss_ce: 0.2627  aux_0.acc_seg: 90.8997
2026/07/21 21:05:39 - mmengine - INFO - Iter(train) [ 80900/160000]  lr: 5.3696e-03  eta: 10:39:56  time: 0.4857  data_time: 0.0268  memory: 9066  loss: 1.0348  decode.loss_ohem: 0.7350  decode.acc_seg: 89.8989  aux_0.loss_ce: 0.2998  aux_0.acc_seg: 86.9398
2026/07/21 21:06:28 - mmengine - INFO - Exp name: dsanet_cityscapes_512x1024_20260721_100709
2026/07/21 21:06:28 - mmengine - INFO - Iter(train) [ 81000/160000]  lr: 5.3635e-03  eta: 10:39:07  time: 0.4856  data_time: 0.0267  memory: 9067  loss: 1.0125  decode.loss_ohem: 0.7082  decode.acc_seg: 92.7023  aux_0.loss_ce: 0.3043  aux_0.acc_seg: 89.3312
2026/07/21 21:07:16 - mmengine - INFO - Iter(train) [ 81100/160000]  lr: 5.3574e-03  eta: 10:38:19  time: 0.4866  data_time: 0.0272  memory: 9067  loss: 0.9100  decode.loss_ohem: 0.6542  decode.acc_seg: 91.8751  aux_0.loss_ce: 0.2558  aux_0.acc_seg: 89.6235
2026/07/21 21:08:05 - mmengine - INFO - Iter(train) [ 81200/160000]  lr: 5.3513e-03  eta: 10:37:30  time: 0.4879  data_time: 0.0290  memory: 9066  loss: 1.0708  decode.loss_ohem: 0.7702  decode.acc_seg: 91.8741  aux_0.loss_ce: 0.3007  aux_0.acc_seg: 88.8277
2026/07/21 21:08:54 - mmengine - INFO - Iter(train) [ 81300/160000]  lr: 5.3452e-03  eta: 10:36:42  time: 0.4856  data_time: 0.0269  memory: 9068  loss: 1.0201  decode.loss_ohem: 0.7371  decode.acc_seg: 93.8988  aux_0.loss_ce: 0.2830  aux_0.acc_seg: 92.4680
2026/07/21 21:09:42 - mmengine - INFO - Iter(train) [ 81400/160000]  lr: 5.3391e-03  eta: 10:35:53  time: 0.4851  data_time: 0.0264  memory: 9066  loss: 1.0209  decode.loss_ohem: 0.7360  decode.acc_seg: 93.6259  aux_0.loss_ce: 0.2849  aux_0.acc_seg: 91.5874
2026/07/21 21:10:31 - mmengine - INFO - Iter(train) [ 81500/160000]  lr: 5.3330e-03  eta: 10:35:05  time: 0.4858  data_time: 0.0266  memory: 9069  loss: 1.0327  decode.loss_ohem: 0.7391  decode.acc_seg: 92.4004  aux_0.loss_ce: 0.2936  aux_0.acc_seg: 89.7604
2026/07/21 21:11:19 - mmengine - INFO - Iter(train) [ 81600/160000]  lr: 5.3269e-03  eta: 10:34:16  time: 0.4838  data_time: 0.0254  memory: 9068  loss: 1.0199  decode.loss_ohem: 0.7268  decode.acc_seg: 90.8160  aux_0.loss_ce: 0.2931  aux_0.acc_seg: 89.0356
2026/07/21 21:12:08 - mmengine - INFO - Iter(train) [ 81700/160000]  lr: 5.3208e-03  eta: 10:33:28  time: 0.4848  data_time: 0.0267  memory: 9069  loss: 1.0738  decode.loss_ohem: 0.7802  decode.acc_seg: 86.9353  aux_0.loss_ce: 0.2937  aux_0.acc_seg: 82.6189
2026/07/21 21:12:56 - mmengine - INFO - Iter(train) [ 81800/160000]  lr: 5.3147e-03  eta: 10:32:39  time: 0.4869  data_time: 0.0278  memory: 9068  loss: 1.0128  decode.loss_ohem: 0.7432  decode.acc_seg: 92.1772  aux_0.loss_ce: 0.2696  aux_0.acc_seg: 88.2606
2026/07/21 21:13:45 - mmengine - INFO - Iter(train) [ 81900/160000]  lr: 5.3086e-03  eta: 10:31:51  time: 0.4842  data_time: 0.0264  memory: 9067  loss: 1.0919  decode.loss_ohem: 0.8018  decode.acc_seg: 92.1077  aux_0.loss_ce: 0.2901  aux_0.acc_seg: 89.1138
2026/07/21 21:14:34 - mmengine - INFO - Exp name: dsanet_cityscapes_512x1024_20260721_100709
2026/07/21 21:14:34 - mmengine - INFO - Iter(train) [ 82000/160000]  lr: 5.3025e-03  eta: 10:31:02  time: 0.4865  data_time: 0.0267  memory: 9067  loss: 1.1001  decode.loss_ohem: 0.7820  decode.acc_seg: 89.6015  aux_0.loss_ce: 0.3181  aux_0.acc_seg: 86.2714
2026/07/21 21:15:22 - mmengine - INFO - Iter(train) [ 82100/160000]  lr: 5.2964e-03  eta: 10:30:14  time: 0.4849  data_time: 0.0261  memory: 9066  loss: 1.0219  decode.loss_ohem: 0.7398  decode.acc_seg: 92.5888  aux_0.loss_ce: 0.2821  aux_0.acc_seg: 90.7734
2026/07/21 21:16:11 - mmengine - INFO - Iter(train) [ 82200/160000]  lr: 5.2903e-03  eta: 10:29:25  time: 0.4848  data_time: 0.0260  memory: 9067  loss: 0.9849  decode.loss_ohem: 0.7098  decode.acc_seg: 92.7226  aux_0.loss_ce: 0.2751  aux_0.acc_seg: 91.0387
2026/07/21 21:16:59 - mmengine - INFO - Iter(train) [ 82300/160000]  lr: 5.2842e-03  eta: 10:28:37  time: 0.4849  data_time: 0.0263  memory: 9066  loss: 1.0233  decode.loss_ohem: 0.7305  decode.acc_seg: 92.7589  aux_0.loss_ce: 0.2928  aux_0.acc_seg: 89.9087
2026/07/21 21:17:48 - mmengine - INFO - Iter(train) [ 82400/160000]  lr: 5.2781e-03  eta: 10:27:48  time: 0.4852  data_time: 0.0263  memory: 9068  loss: 1.0652  decode.loss_ohem: 0.7479  decode.acc_seg: 91.2071  aux_0.loss_ce: 0.3173  aux_0.acc_seg: 89.4522
2026/07/21 21:18:36 - mmengine - INFO - Iter(train) [ 82500/160000]  lr: 5.2720e-03  eta: 10:27:00  time: 0.4850  data_time: 0.0267  memory: 9066  loss: 0.9941  decode.loss_ohem: 0.7252  decode.acc_seg: 93.6894  aux_0.loss_ce: 0.2689  aux_0.acc_seg: 91.9884
2026/07/21 21:19:25 - mmengine - INFO - Iter(train) [ 82600/160000]  lr: 5.2659e-03  eta: 10:26:11  time: 0.4842  data_time: 0.0263  memory: 9066  loss: 0.9592  decode.loss_ohem: 0.6924  decode.acc_seg: 90.7050  aux_0.loss_ce: 0.2668  aux_0.acc_seg: 88.5914
2026/07/21 21:20:14 - mmengine - INFO - Iter(train) [ 82700/160000]  lr: 5.2597e-03  eta: 10:25:23  time: 0.4862  data_time: 0.0272  memory: 9066  loss: 1.0380  decode.loss_ohem: 0.7472  decode.acc_seg: 90.5425  aux_0.loss_ce: 0.2908  aux_0.acc_seg: 85.3728
2026/07/21 21:21:02 - mmengine - INFO - Iter(train) [ 82800/160000]  lr: 5.2536e-03  eta: 10:24:34  time: 0.4863  data_time: 0.0272  memory: 9066  loss: 1.0238  decode.loss_ohem: 0.7259  decode.acc_seg: 88.6234  aux_0.loss_ce: 0.2978  aux_0.acc_seg: 86.0027
2026/07/21 21:21:50 - mmengine - INFO - Iter(train) [ 82900/160000]  lr: 5.2475e-03  eta: 10:23:45  time: 0.4843  data_time: 0.0260  memory: 9067  loss: 1.1010  decode.loss_ohem: 0.7928  decode.acc_seg: 92.2463  aux_0.loss_ce: 0.3082  aux_0.acc_seg: 89.5441
2026/07/21 21:22:39 - mmengine - INFO - Exp name: dsanet_cityscapes_512x1024_20260721_100709
2026/07/21 21:22:39 - mmengine - INFO - Iter(train) [ 83000/160000]  lr: 5.2414e-03  eta: 10:22:57  time: 0.4844  data_time: 0.0265  memory: 9067  loss: 0.9609  decode.loss_ohem: 0.6822  decode.acc_seg: 92.3193  aux_0.loss_ce: 0.2787  aux_0.acc_seg: 87.6988
2026/07/21 21:23:27 - mmengine - INFO - Iter(train) [ 83100/160000]  lr: 5.2353e-03  eta: 10:22:08  time: 0.4848  data_time: 0.0260  memory: 9067  loss: 0.9233  decode.loss_ohem: 0.6833  decode.acc_seg: 92.1784  aux_0.loss_ce: 0.2400  aux_0.acc_seg: 89.8112
2026/07/21 21:24:16 - mmengine - INFO - Iter(train) [ 83200/160000]  lr: 5.2292e-03  eta: 10:21:19  time: 0.4859  data_time: 0.0270  memory: 9067  loss: 1.0269  decode.loss_ohem: 0.7410  decode.acc_seg: 91.5090  aux_0.loss_ce: 0.2859  aux_0.acc_seg: 88.7329
2026/07/21 21:25:04 - mmengine - INFO - Iter(train) [ 83300/160000]  lr: 5.2231e-03  eta: 10:20:31  time: 0.4839  data_time: 0.0260  memory: 9069  loss: 1.0443  decode.loss_ohem: 0.7559  decode.acc_seg: 92.8939  aux_0.loss_ce: 0.2885  aux_0.acc_seg: 91.0952
2026/07/21 21:25:53 - mmengine - INFO - Iter(train) [ 83400/160000]  lr: 5.2169e-03  eta: 10:19:42  time: 0.4874  data_time: 0.0274  memory: 9066  loss: 0.9930  decode.loss_ohem: 0.7502  decode.acc_seg: 93.4706  aux_0.loss_ce: 0.2428  aux_0.acc_seg: 91.7781
2026/07/21 21:26:42 - mmengine - INFO - Iter(train) [ 83500/160000]  lr: 5.2108e-03  eta: 10:18:54  time: 0.4860  data_time: 0.0276  memory: 9067  loss: 1.0687  decode.loss_ohem: 0.7815  decode.acc_seg: 94.7308  aux_0.loss_ce: 0.2872  aux_0.acc_seg: 92.8677
2026/07/21 21:27:30 - mmengine - INFO - Iter(train) [ 83600/160000]  lr: 5.2047e-03  eta: 10:18:05  time: 0.4852  data_time: 0.0271  memory: 9066  loss: 0.9893  decode.loss_ohem: 0.7225  decode.acc_seg: 94.4726  aux_0.loss_ce: 0.2668  aux_0.acc_seg: 93.4006
2026/07/21 21:28:19 - mmengine - INFO - Iter(train) [ 83700/160000]  lr: 5.1986e-03  eta: 10:17:17  time: 0.4854  data_time: 0.0272  memory: 9066  loss: 1.0358  decode.loss_ohem: 0.7491  decode.acc_seg: 90.4661  aux_0.loss_ce: 0.2867  aux_0.acc_seg: 86.0772
2026/07/21 21:29:07 - mmengine - INFO - Iter(train) [ 83800/160000]  lr: 5.1925e-03  eta: 10:16:28  time: 0.4860  data_time: 0.0272  memory: 9069  loss: 1.0058  decode.loss_ohem: 0.7178  decode.acc_seg: 92.1895  aux_0.loss_ce: 0.2880  aux_0.acc_seg: 89.6454
2026/07/21 21:29:56 - mmengine - INFO - Iter(train) [ 83900/160000]  lr: 5.1863e-03  eta: 10:15:40  time: 0.4846  data_time: 0.0262  memory: 9067  loss: 0.9903  decode.loss_ohem: 0.7068  decode.acc_seg: 93.8293  aux_0.loss_ce: 0.2834  aux_0.acc_seg: 87.9157
2026/07/21 21:30:44 - mmengine - INFO - Exp name: dsanet_cityscapes_512x1024_20260721_100709
2026/07/21 21:30:44 - mmengine - INFO - Iter(train) [ 84000/160000]  lr: 5.1802e-03  eta: 10:14:51  time: 0.4876  data_time: 0.0281  memory: 9066  loss: 1.0675  decode.loss_ohem: 0.7700  decode.acc_seg: 92.4385  aux_0.loss_ce: 0.2975  aux_0.acc_seg: 87.9536
2026/07/21 21:31:33 - mmengine - INFO - Iter(train) [ 84100/160000]  lr: 5.1741e-03  eta: 10:14:03  time: 0.4864  data_time: 0.0269  memory: 9067  loss: 1.0207  decode.loss_ohem: 0.7247  decode.acc_seg: 91.4389  aux_0.loss_ce: 0.2960  aux_0.acc_seg: 90.0245
2026/07/21 21:32:22 - mmengine - INFO - Iter(train) [ 84200/160000]  lr: 5.1680e-03  eta: 10:13:14  time: 0.4865  data_time: 0.0263  memory: 9067  loss: 1.0501  decode.loss_ohem: 0.7577  decode.acc_seg: 92.6018  aux_0.loss_ce: 0.2924  aux_0.acc_seg: 89.3609
2026/07/21 21:33:10 - mmengine - INFO - Iter(train) [ 84300/160000]  lr: 5.1618e-03  eta: 10:12:26  time: 0.4858  data_time: 0.0275  memory: 9068  loss: 0.9922  decode.loss_ohem: 0.7223  decode.acc_seg: 93.0562  aux_0.loss_ce: 0.2699  aux_0.acc_seg: 91.1035
2026/07/21 21:33:59 - mmengine - INFO - Iter(train) [ 84400/160000]  lr: 5.1557e-03  eta: 10:11:37  time: 0.4846  data_time: 0.0266  memory: 9068  loss: 0.9557  decode.loss_ohem: 0.6886  decode.acc_seg: 92.8987  aux_0.loss_ce: 0.2672  aux_0.acc_seg: 88.7047
2026/07/21 21:34:48 - mmengine - INFO - Iter(train) [ 84500/160000]  lr: 5.1496e-03  eta: 10:10:49  time: 0.4855  data_time: 0.0271  memory: 9066  loss: 1.0120  decode.loss_ohem: 0.7367  decode.acc_seg: 92.6361  aux_0.loss_ce: 0.2752  aux_0.acc_seg: 88.5034
2026/07/21 21:35:36 - mmengine - INFO - Iter(train) [ 84600/160000]  lr: 5.1435e-03  eta: 10:10:00  time: 0.4851  data_time: 0.0262  memory: 9068  loss: 1.0031  decode.loss_ohem: 0.7252  decode.acc_seg: 89.1785  aux_0.loss_ce: 0.2779  aux_0.acc_seg: 88.6739
2026/07/21 21:36:25 - mmengine - INFO - Iter(train) [ 84700/160000]  lr: 5.1373e-03  eta: 10:09:12  time: 0.4848  data_time: 0.0267  memory: 9068  loss: 1.0254  decode.loss_ohem: 0.7480  decode.acc_seg: 92.1636  aux_0.loss_ce: 0.2774  aux_0.acc_seg: 90.3676
2026/07/21 21:37:13 - mmengine - INFO - Iter(train) [ 84800/160000]  lr: 5.1312e-03  eta: 10:08:23  time: 0.4852  data_time: 0.0272  memory: 9069  loss: 0.9247  decode.loss_ohem: 0.6668  decode.acc_seg: 93.4807  aux_0.loss_ce: 0.2579  aux_0.acc_seg: 90.2867
2026/07/21 21:38:02 - mmengine - INFO - Iter(train) [ 84900/160000]  lr: 5.1251e-03  eta: 10:07:35  time: 0.4883  data_time: 0.0263  memory: 9066  loss: 0.9620  decode.loss_ohem: 0.6956  decode.acc_seg: 90.3257  aux_0.loss_ce: 0.2664  aux_0.acc_seg: 87.8759
2026/07/21 21:38:50 - mmengine - INFO - Exp name: dsanet_cityscapes_512x1024_20260721_100709
2026/07/21 21:38:50 - mmengine - INFO - Iter(train) [ 85000/160000]  lr: 5.1190e-03  eta: 10:06:46  time: 0.4830  data_time: 0.0250  memory: 9066  loss: 1.0142  decode.loss_ohem: 0.7373  decode.acc_seg: 89.3399  aux_0.loss_ce: 0.2769  aux_0.acc_seg: 88.2106
2026/07/21 21:38:50 - mmengine - INFO - Saving checkpoint at 85000 iterations
2026/07/21 21:38:57 - mmengine - INFO - Iter(val) [100/250]    eta: 0:00:08  time: 0.0545  data_time: 0.0096  memory: 801  
2026/07/21 21:39:02 - mmengine - INFO - Iter(val) [200/250]    eta: 0:00:02  time: 0.0550  data_time: 0.0095  memory: 801  
2026/07/21 21:39:05 - mmengine - INFO - per class results:
2026/07/21 21:39:05 - mmengine - INFO - 
+---------------+-------+-------+
|     Class     |  IoU  |  Acc  |
+---------------+-------+-------+
|      road     | 97.23 | 98.57 |
|    sidewalk   | 79.06 | 89.76 |
|    building   | 89.33 | 94.54 |
|      wall     | 35.49 | 38.58 |
|     fence     | 47.92 | 54.44 |
|      pole     | 56.29 | 70.25 |
| traffic light | 53.31 | 73.56 |
|  traffic sign | 67.23 | 81.04 |
|   vegetation  | 90.34 | 95.58 |
|    terrain    | 54.97 | 61.06 |
|      sky      | 91.43 | 98.37 |
|     person    | 72.13 | 88.24 |
|     rider     | 52.72 | 67.49 |
|      car      | 92.65 | 96.45 |
|     truck     | 52.39 | 68.19 |
|      bus      | 61.08 | 80.78 |
|     train     | 49.59 | 63.71 |
|   motorcycle  | 41.88 | 47.67 |
|    bicycle    | 69.07 | 85.67 |
+---------------+-------+-------+
2026/07/21 21:39:05 - mmengine - INFO - Iter(val) [250/250]    aAcc: 94.3200  mIoU: 66.0000  mAcc: 76.5200  data_time: 0.0107  time: 0.0562
2026/07/21 21:39:05 - mmengine - INFO - The previous best checkpoint /root/autodl-tmp/DSANet-main/tools/work_dirs/dsanet_cityscapes_512x1024/best_mIoU_iter_70000.pth is removed
2026/07/21 21:39:05 - mmengine - INFO - The best checkpoint with 66.0000 mIoU at 85000 iter is saved to best_mIoU_iter_85000.pth.
2026/07/21 21:39:54 - mmengine - INFO - Iter(train) [ 85100/160000]  lr: 5.1128e-03  eta: 10:05:58  time: 0.4850  data_time: 0.0270  memory: 9066  loss: 1.0688  decode.loss_ohem: 0.7763  decode.acc_seg: 87.9152  aux_0.loss_ce: 0.2925  aux_0.acc_seg: 86.8844
2026/07/21 21:40:43 - mmengine - INFO - Iter(train) [ 85200/160000]  lr: 5.1067e-03  eta: 10:05:09  time: 0.4879  data_time: 0.0297  memory: 9067  loss: 1.2254  decode.loss_ohem: 0.8792  decode.acc_seg: 89.6612  aux_0.loss_ce: 0.3462  aux_0.acc_seg: 83.3087
2026/07/21 21:41:31 - mmengine - INFO - Iter(train) [ 85300/160000]  lr: 5.1006e-03  eta: 10:04:21  time: 0.4852  data_time: 0.0271  memory: 9067  loss: 0.9839  decode.loss_ohem: 0.7022  decode.acc_seg: 93.7405  aux_0.loss_ce: 0.2816  aux_0.acc_seg: 92.0685
2026/07/21 21:42:20 - mmengine - INFO - Iter(train) [ 85400/160000]  lr: 5.0944e-03  eta: 10:03:32  time: 0.4877  data_time: 0.0280  memory: 9067  loss: 1.0076  decode.loss_ohem: 0.7122  decode.acc_seg: 93.0944  aux_0.loss_ce: 0.2955  aux_0.acc_seg: 88.0024
2026/07/21 21:43:08 - mmengine - INFO - Iter(train) [ 85500/160000]  lr: 5.0883e-03  eta: 10:02:44  time: 0.4861  data_time: 0.0271  memory: 9067  loss: 1.0198  decode.loss_ohem: 0.7472  decode.acc_seg: 90.8417  aux_0.loss_ce: 0.2726  aux_0.acc_seg: 88.5046
2026/07/21 21:43:57 - mmengine - INFO - Iter(train) [ 85600/160000]  lr: 5.0822e-03  eta: 10:01:55  time: 0.4853  data_time: 0.0264  memory: 9068  loss: 0.9631  decode.loss_ohem: 0.7152  decode.acc_seg: 93.1699  aux_0.loss_ce: 0.2479  aux_0.acc_seg: 90.4131
2026/07/21 21:44:45 - mmengine - INFO - Iter(train) [ 85700/160000]  lr: 5.0760e-03  eta: 10:01:07  time: 0.4845  data_time: 0.0267  memory: 9066  loss: 1.0135  decode.loss_ohem: 0.7455  decode.acc_seg: 93.4592  aux_0.loss_ce: 0.2680  aux_0.acc_seg: 91.2233
2026/07/21 21:45:34 - mmengine - INFO - Iter(train) [ 85800/160000]  lr: 5.0699e-03  eta: 10:00:18  time: 0.4840  data_time: 0.0258  memory: 9068  loss: 0.9663  decode.loss_ohem: 0.6919  decode.acc_seg: 92.9848  aux_0.loss_ce: 0.2744  aux_0.acc_seg: 90.6068
2026/07/21 21:46:22 - mmengine - INFO - Iter(train) [ 85900/160000]  lr: 5.0637e-03  eta: 9:59:29  time: 0.4855  data_time: 0.0266  memory: 9067  loss: 0.9751  decode.loss_ohem: 0.7155  decode.acc_seg: 94.0886  aux_0.loss_ce: 0.2597  aux_0.acc_seg: 92.7339
2026/07/21 21:47:11 - mmengine - INFO - Exp name: dsanet_cityscapes_512x1024_20260721_100709
2026/07/21 21:47:11 - mmengine - INFO - Iter(train) [ 86000/160000]  lr: 5.0576e-03  eta: 9:58:41  time: 0.4844  data_time: 0.0264  memory: 9066  loss: 1.0657  decode.loss_ohem: 0.7725  decode.acc_seg: 89.3858  aux_0.loss_ce: 0.2933  aux_0.acc_seg: 89.1867
2026/07/21 21:47:59 - mmengine - INFO - Iter(train) [ 86100/160000]  lr: 5.0515e-03  eta: 9:57:52  time: 0.4859  data_time: 0.0276  memory: 9067  loss: 0.9998  decode.loss_ohem: 0.7263  decode.acc_seg: 92.2868  aux_0.loss_ce: 0.2736  aux_0.acc_seg: 89.8703
2026/07/21 21:48:48 - mmengine - INFO - Iter(train) [ 86200/160000]  lr: 5.0453e-03  eta: 9:57:04  time: 0.4848  data_time: 0.0263  memory: 9067  loss: 1.0465  decode.loss_ohem: 0.7599  decode.acc_seg: 89.0612  aux_0.loss_ce: 0.2866  aux_0.acc_seg: 85.2391
2026/07/21 21:49:37 - mmengine - INFO - Iter(train) [ 86300/160000]  lr: 5.0392e-03  eta: 9:56:15  time: 0.4879  data_time: 0.0280  memory: 9066  loss: 0.9917  decode.loss_ohem: 0.6888  decode.acc_seg: 91.9749  aux_0.loss_ce: 0.3029  aux_0.acc_seg: 87.6440
2026/07/21 21:50:25 - mmengine - INFO - Iter(train) [ 86400/160000]  lr: 5.0330e-03  eta: 9:55:27  time: 0.4886  data_time: 0.0270  memory: 9066  loss: 0.9689  decode.loss_ohem: 0.7151  decode.acc_seg: 93.0979  aux_0.loss_ce: 0.2539  aux_0.acc_seg: 89.0231
2026/07/21 21:51:14 - mmengine - INFO - Iter(train) [ 86500/160000]  lr: 5.0269e-03  eta: 9:54:38  time: 0.4848  data_time: 0.0259  memory: 9066  loss: 1.0128  decode.loss_ohem: 0.7602  decode.acc_seg: 91.4418  aux_0.loss_ce: 0.2527  aux_0.acc_seg: 91.7765
2026/07/21 21:52:02 - mmengine - INFO - Iter(train) [ 86600/160000]  lr: 5.0208e-03  eta: 9:53:50  time: 0.4829  data_time: 0.0249  memory: 9066  loss: 0.9918  decode.loss_ohem: 0.7127  decode.acc_seg: 90.1596  aux_0.loss_ce: 0.2791  aux_0.acc_seg: 88.5368
2026/07/21 21:52:50 - mmengine - INFO - Iter(train) [ 86700/160000]  lr: 5.0146e-03  eta: 9:53:01  time: 0.4848  data_time: 0.0276  memory: 9067  loss: 0.9488  decode.loss_ohem: 0.7089  decode.acc_seg: 91.9540  aux_0.loss_ce: 0.2399  aux_0.acc_seg: 90.5445
2026/07/21 21:53:39 - mmengine - INFO - Iter(train) [ 86800/160000]  lr: 5.0085e-03  eta: 9:52:12  time: 0.4848  data_time: 0.0266  memory: 9066  loss: 0.9539  decode.loss_ohem: 0.6895  decode.acc_seg: 90.7561  aux_0.loss_ce: 0.2645  aux_0.acc_seg: 87.1527
2026/07/21 21:54:28 - mmengine - INFO - Iter(train) [ 86900/160000]  lr: 5.0023e-03  eta: 9:51:24  time: 0.4875  data_time: 0.0280  memory: 9067  loss: 1.0821  decode.loss_ohem: 0.7716  decode.acc_seg: 89.6975  aux_0.loss_ce: 0.3105  aux_0.acc_seg: 88.1362
2026/07/21 21:55:16 - mmengine - INFO - Exp name: dsanet_cityscapes_512x1024_20260721_100709
2026/07/21 21:55:16 - mmengine - INFO - Iter(train) [ 87000/160000]  lr: 4.9962e-03  eta: 9:50:35  time: 0.4878  data_time: 0.0280  memory: 9067  loss: 0.9893  decode.loss_ohem: 0.7297  decode.acc_seg: 93.6008  aux_0.loss_ce: 0.2596  aux_0.acc_seg: 91.7029
2026/07/21 21:56:05 - mmengine - INFO - Iter(train) [ 87100/160000]  lr: 4.9900e-03  eta: 9:49:47  time: 0.4857  data_time: 0.0273  memory: 9067  loss: 1.0351  decode.loss_ohem: 0.7752  decode.acc_seg: 92.7688  aux_0.loss_ce: 0.2598  aux_0.acc_seg: 90.2366
2026/07/21 21:56:54 - mmengine - INFO - Iter(train) [ 87200/160000]  lr: 4.9839e-03  eta: 9:48:58  time: 0.4856  data_time: 0.0271  memory: 9067  loss: 1.0027  decode.loss_ohem: 0.7453  decode.acc_seg: 89.9857  aux_0.loss_ce: 0.2575  aux_0.acc_seg: 88.2238
2026/07/21 21:57:42 - mmengine - INFO - Iter(train) [ 87300/160000]  lr: 4.9777e-03  eta: 9:48:10  time: 0.4860  data_time: 0.0273  memory: 9066  loss: 1.0060  decode.loss_ohem: 0.7418  decode.acc_seg: 91.4611  aux_0.loss_ce: 0.2642  aux_0.acc_seg: 90.0863
2026/07/21 21:58:31 - mmengine - INFO - Iter(train) [ 87400/160000]  lr: 4.9716e-03  eta: 9:47:21  time: 0.4866  data_time: 0.0269  memory: 9066  loss: 1.0036  decode.loss_ohem: 0.7231  decode.acc_seg: 92.5578  aux_0.loss_ce: 0.2805  aux_0.acc_seg: 89.8082
2026/07/21 21:59:20 - mmengine - INFO - Iter(train) [ 87500/160000]  lr: 4.9654e-03  eta: 9:46:33  time: 0.4898  data_time: 0.0291  memory: 9067  loss: 0.9825  decode.loss_ohem: 0.7196  decode.acc_seg: 93.5602  aux_0.loss_ce: 0.2629  aux_0.acc_seg: 92.1061
2026/07/21 22:00:08 - mmengine - INFO - Iter(train) [ 87600/160000]  lr: 4.9593e-03  eta: 9:45:44  time: 0.4843  data_time: 0.0256  memory: 9067  loss: 0.9861  decode.loss_ohem: 0.7179  decode.acc_seg: 92.2105  aux_0.loss_ce: 0.2682  aux_0.acc_seg: 88.6616
2026/07/21 22:00:57 - mmengine - INFO - Iter(train) [ 87700/160000]  lr: 4.9531e-03  eta: 9:44:56  time: 0.4877  data_time: 0.0286  memory: 9067  loss: 1.0315  decode.loss_ohem: 0.7628  decode.acc_seg: 93.6828  aux_0.loss_ce: 0.2687  aux_0.acc_seg: 91.3825
2026/07/21 22:01:45 - mmengine - INFO - Iter(train) [ 87800/160000]  lr: 4.9470e-03  eta: 9:44:07  time: 0.4861  data_time: 0.0270  memory: 9067  loss: 1.0086  decode.loss_ohem: 0.7340  decode.acc_seg: 91.5356  aux_0.loss_ce: 0.2746  aux_0.acc_seg: 89.9711
2026/07/21 22:02:34 - mmengine - INFO - Iter(train) [ 87900/160000]  lr: 4.9408e-03  eta: 9:43:19  time: 0.4872  data_time: 0.0277  memory: 9065  loss: 1.0053  decode.loss_ohem: 0.7210  decode.acc_seg: 91.6430  aux_0.loss_ce: 0.2843  aux_0.acc_seg: 88.8290
2026/07/21 22:03:23 - mmengine - INFO - Exp name: dsanet_cityscapes_512x1024_20260721_100709
2026/07/21 22:03:23 - mmengine - INFO - Iter(train) [ 88000/160000]  lr: 4.9347e-03  eta: 9:42:30  time: 0.4886  data_time: 0.0274  memory: 9066  loss: 1.1074  decode.loss_ohem: 0.8288  decode.acc_seg: 94.1348  aux_0.loss_ce: 0.2786  aux_0.acc_seg: 92.1387
2026/07/21 22:04:11 - mmengine - INFO - Iter(train) [ 88100/160000]  lr: 4.9285e-03  eta: 9:41:42  time: 0.4861  data_time: 0.0277  memory: 9067  loss: 1.0084  decode.loss_ohem: 0.7570  decode.acc_seg: 94.2633  aux_0.loss_ce: 0.2514  aux_0.acc_seg: 91.7906
2026/07/21 22:05:00 - mmengine - INFO - Iter(train) [ 88200/160000]  lr: 4.9223e-03  eta: 9:40:54  time: 0.4878  data_time: 0.0277  memory: 9068  loss: 1.0484  decode.loss_ohem: 0.7634  decode.acc_seg: 91.9433  aux_0.loss_ce: 0.2850  aux_0.acc_seg: 90.4033
2026/07/21 22:05:49 - mmengine - INFO - Iter(train) [ 88300/160000]  lr: 4.9162e-03  eta: 9:40:05  time: 0.4892  data_time: 0.0290  memory: 9067  loss: 0.9718  decode.loss_ohem: 0.7166  decode.acc_seg: 94.2852  aux_0.loss_ce: 0.2552  aux_0.acc_seg: 91.0596
2026/07/21 22:06:37 - mmengine - INFO - Iter(train) [ 88400/160000]  lr: 4.9100e-03  eta: 9:39:17  time: 0.4894  data_time: 0.0287  memory: 9067  loss: 0.9282  decode.loss_ohem: 0.6733  decode.acc_seg: 93.3820  aux_0.loss_ce: 0.2549  aux_0.acc_seg: 92.4372
2026/07/21 22:07:26 - mmengine - INFO - Iter(train) [ 88500/160000]  lr: 4.9039e-03  eta: 9:38:28  time: 0.4857  data_time: 0.0270  memory: 9067  loss: 1.0084  decode.loss_ohem: 0.7466  decode.acc_seg: 93.2822  aux_0.loss_ce: 0.2617  aux_0.acc_seg: 90.5168
2026/07/21 22:08:15 - mmengine - INFO - Iter(train) [ 88600/160000]  lr: 4.8977e-03  eta: 9:37:40  time: 0.4859  data_time: 0.0268  memory: 9067  loss: 1.0934  decode.loss_ohem: 0.7894  decode.acc_seg: 86.7795  aux_0.loss_ce: 0.3040  aux_0.acc_seg: 85.0917
2026/07/21 22:09:04 - mmengine - INFO - Iter(train) [ 88700/160000]  lr: 4.8915e-03  eta: 9:36:52  time: 0.4885  data_time: 0.0283  memory: 9067  loss: 1.0054  decode.loss_ohem: 0.7297  decode.acc_seg: 94.0527  aux_0.loss_ce: 0.2757  aux_0.acc_seg: 92.1390
2026/07/21 22:09:52 - mmengine - INFO - Iter(train) [ 88800/160000]  lr: 4.8854e-03  eta: 9:36:03  time: 0.4858  data_time: 0.0277  memory: 9067  loss: 0.9695  decode.loss_ohem: 0.6877  decode.acc_seg: 91.8227  aux_0.loss_ce: 0.2818  aux_0.acc_seg: 91.7170
2026/07/21 22:10:41 - mmengine - INFO - Iter(train) [ 88900/160000]  lr: 4.8792e-03  eta: 9:35:14  time: 0.4845  data_time: 0.0261  memory: 9068  loss: 0.9342  decode.loss_ohem: 0.6850  decode.acc_seg: 93.9107  aux_0.loss_ce: 0.2492  aux_0.acc_seg: 92.5208
2026/07/21 22:11:30 - mmengine - INFO - Exp name: dsanet_cityscapes_512x1024_20260721_100709
2026/07/21 22:11:30 - mmengine - INFO - Iter(train) [ 89000/160000]  lr: 4.8731e-03  eta: 9:34:26  time: 0.4877  data_time: 0.0283  memory: 9068  loss: 1.0235  decode.loss_ohem: 0.7512  decode.acc_seg: 91.3206  aux_0.loss_ce: 0.2723  aux_0.acc_seg: 89.0084
2026/07/21 22:12:18 - mmengine - INFO - Iter(train) [ 89100/160000]  lr: 4.8669e-03  eta: 9:33:38  time: 0.4852  data_time: 0.0267  memory: 9067  loss: 0.9960  decode.loss_ohem: 0.7227  decode.acc_seg: 92.5446  aux_0.loss_ce: 0.2733  aux_0.acc_seg: 89.7073
2026/07/21 22:13:07 - mmengine - INFO - Iter(train) [ 89200/160000]  lr: 4.8607e-03  eta: 9:32:49  time: 0.4852  data_time: 0.0267  memory: 9067  loss: 1.0338  decode.loss_ohem: 0.7668  decode.acc_seg: 90.5481  aux_0.loss_ce: 0.2669  aux_0.acc_seg: 87.8151
2026/07/21 22:13:56 - mmengine - INFO - Iter(train) [ 89300/160000]  lr: 4.8546e-03  eta: 9:32:01  time: 0.4850  data_time: 0.0268  memory: 9068  loss: 0.9960  decode.loss_ohem: 0.7372  decode.acc_seg: 89.5865  aux_0.loss_ce: 0.2589  aux_0.acc_seg: 87.8632
2026/07/21 22:14:44 - mmengine - INFO - Iter(train) [ 89400/160000]  lr: 4.8484e-03  eta: 9:31:12  time: 0.4852  data_time: 0.0275  memory: 9069  loss: 0.9395  decode.loss_ohem: 0.6772  decode.acc_seg: 95.6325  aux_0.loss_ce: 0.2624  aux_0.acc_seg: 94.6704
2026/07/21 22:15:33 - mmengine - INFO - Iter(train) [ 89500/160000]  lr: 4.8422e-03  eta: 9:30:24  time: 0.4856  data_time: 0.0273  memory: 9066  loss: 1.0759  decode.loss_ohem: 0.7749  decode.acc_seg: 92.6166  aux_0.loss_ce: 0.3010  aux_0.acc_seg: 88.0418
2026/07/21 22:16:21 - mmengine - INFO - Iter(train) [ 89600/160000]  lr: 4.8361e-03  eta: 9:29:35  time: 0.4854  data_time: 0.0277  memory: 9066  loss: 0.9502  decode.loss_ohem: 0.6917  decode.acc_seg: 91.2523  aux_0.loss_ce: 0.2585  aux_0.acc_seg: 89.9897
2026/07/21 22:17:10 - mmengine - INFO - Iter(train) [ 89700/160000]  lr: 4.8299e-03  eta: 9:28:46  time: 0.4847  data_time: 0.0270  memory: 9067  loss: 0.9747  decode.loss_ohem: 0.7152  decode.acc_seg: 93.1846  aux_0.loss_ce: 0.2595  aux_0.acc_seg: 89.9530
2026/07/21 22:17:59 - mmengine - INFO - Iter(train) [ 89800/160000]  lr: 4.8237e-03  eta: 9:27:58  time: 0.4856  data_time: 0.0274  memory: 9067  loss: 0.9837  decode.loss_ohem: 0.7150  decode.acc_seg: 93.9171  aux_0.loss_ce: 0.2687  aux_0.acc_seg: 91.2456
2026/07/21 22:18:47 - mmengine - INFO - Iter(train) [ 89900/160000]  lr: 4.8175e-03  eta: 9:27:09  time: 0.4833  data_time: 0.0270  memory: 9066  loss: 0.9918  decode.loss_ohem: 0.7267  decode.acc_seg: 92.1531  aux_0.loss_ce: 0.2651  aux_0.acc_seg: 90.5232
2026/07/21 22:19:36 - mmengine - INFO - Exp name: dsanet_cityscapes_512x1024_20260721_100709
2026/07/21 22:19:36 - mmengine - INFO - Iter(train) [ 90000/160000]  lr: 4.8114e-03  eta: 9:26:21  time: 0.4851  data_time: 0.0268  memory: 9068  loss: 1.0556  decode.loss_ohem: 0.7861  decode.acc_seg: 91.6000  aux_0.loss_ce: 0.2695  aux_0.acc_seg: 87.9632
2026/07/21 22:19:36 - mmengine - INFO - Saving checkpoint at 90000 iterations
2026/07/21 22:19:42 - mmengine - INFO - Iter(val) [100/250]    eta: 0:00:08  time: 0.0541  data_time: 0.0089  memory: 801  
2026/07/21 22:19:47 - mmengine - INFO - Iter(val) [200/250]    eta: 0:00:02  time: 0.0563  data_time: 0.0102  memory: 801  
2026/07/21 22:19:50 - mmengine - INFO - per class results:
2026/07/21 22:19:50 - mmengine - INFO - 
+---------------+-------+-------+
|     Class     |  IoU  |  Acc  |
+---------------+-------+-------+
|      road     | 97.06 | 97.92 |
|    sidewalk   | 79.96 |  90.6 |
|    building   | 89.18 | 94.35 |
|      wall     | 48.09 | 61.77 |
|     fence     | 52.11 | 65.06 |
|      pole     | 53.65 | 63.39 |
| traffic light | 51.88 | 64.34 |
|  traffic sign | 67.76 |  80.7 |
|   vegetation  | 90.02 | 95.57 |
|    terrain    | 58.92 |  71.1 |
|      sky      | 90.59 | 98.09 |
|     person    | 73.16 | 87.37 |
|     rider     | 50.48 | 63.59 |
|      car      | 91.05 | 97.07 |
|     truck     |  51.4 | 66.17 |
|      bus      | 67.73 | 77.59 |
|     train     |  44.8 | 54.72 |
|   motorcycle  | 44.81 |  56.2 |
|    bicycle    | 68.99 | 81.35 |
+---------------+-------+-------+
2026/07/21 22:19:50 - mmengine - INFO - Iter(val) [250/250]    aAcc: 94.2500  mIoU: 66.9300  mAcc: 77.2100  data_time: 0.0106  time: 0.0567
2026/07/21 22:19:50 - mmengine - INFO - The previous best checkpoint /root/autodl-tmp/DSANet-main/tools/work_dirs/dsanet_cityscapes_512x1024/best_mIoU_iter_85000.pth is removed
2026/07/21 22:19:51 - mmengine - INFO - The best checkpoint with 66.9300 mIoU at 90000 iter is saved to best_mIoU_iter_90000.pth.
2026/07/21 22:20:40 - mmengine - INFO - Iter(train) [ 90100/160000]  lr: 4.8052e-03  eta: 9:25:33  time: 0.4869  data_time: 0.0282  memory: 9068  loss: 1.0800  decode.loss_ohem: 0.7812  decode.acc_seg: 91.3796  aux_0.loss_ce: 0.2988  aux_0.acc_seg: 89.0509
2026/07/21 22:21:29 - mmengine - INFO - Iter(train) [ 90200/160000]  lr: 4.7990e-03  eta: 9:24:45  time: 0.4897  data_time: 0.0276  memory: 9067  loss: 0.9587  decode.loss_ohem: 0.6847  decode.acc_seg: 92.9912  aux_0.loss_ce: 0.2740  aux_0.acc_seg: 90.3002
2026/07/21 22:22:17 - mmengine - INFO - Iter(train) [ 90300/160000]  lr: 4.7928e-03  eta: 9:23:56  time: 0.4857  data_time: 0.0277  memory: 9068  loss: 1.0252  decode.loss_ohem: 0.7480  decode.acc_seg: 92.0858  aux_0.loss_ce: 0.2772  aux_0.acc_seg: 89.9515
2026/07/21 22:23:06 - mmengine - INFO - Iter(train) [ 90400/160000]  lr: 4.7867e-03  eta: 9:23:08  time: 0.4921  data_time: 0.0289  memory: 9068  loss: 0.9402  decode.loss_ohem: 0.6648  decode.acc_seg: 94.1813  aux_0.loss_ce: 0.2755  aux_0.acc_seg: 92.8383
2026/07/21 22:23:56 - mmengine - INFO - Iter(train) [ 90500/160000]  lr: 4.7805e-03  eta: 9:22:20  time: 0.4895  data_time: 0.0291  memory: 9068  loss: 1.0513  decode.loss_ohem: 0.7539  decode.acc_seg: 94.3676  aux_0.loss_ce: 0.2975  aux_0.acc_seg: 92.0363
2026/07/21 22:24:45 - mmengine - INFO - Iter(train) [ 90600/160000]  lr: 4.7743e-03  eta: 9:21:32  time: 0.4888  data_time: 0.0282  memory: 9068  loss: 1.0287  decode.loss_ohem: 0.7566  decode.acc_seg: 93.7942  aux_0.loss_ce: 0.2721  aux_0.acc_seg: 91.4662
2026/07/21 22:25:33 - mmengine - INFO - Iter(train) [ 90700/160000]  lr: 4.7681e-03  eta: 9:20:43  time: 0.4845  data_time: 0.0241  memory: 9066  loss: 1.0219  decode.loss_ohem: 0.7583  decode.acc_seg: 92.7859  aux_0.loss_ce: 0.2636  aux_0.acc_seg: 89.3966
2026/07/21 22:26:22 - mmengine - INFO - Iter(train) [ 90800/160000]  lr: 4.7620e-03  eta: 9:19:55  time: 0.4867  data_time: 0.0270  memory: 9068  loss: 1.0334  decode.loss_ohem: 0.7487  decode.acc_seg: 91.9521  aux_0.loss_ce: 0.2847  aux_0.acc_seg: 89.1314
2026/07/21 22:27:11 - mmengine - INFO - Iter(train) [ 90900/160000]  lr: 4.7558e-03  eta: 9:19:07  time: 0.4880  data_time: 0.0291  memory: 9066  loss: 1.0407  decode.loss_ohem: 0.7738  decode.acc_seg: 95.1985  aux_0.loss_ce: 0.2669  aux_0.acc_seg: 92.4745
2026/07/21 22:27:59 - mmengine - INFO - Exp name: dsanet_cityscapes_512x1024_20260721_100709
2026/07/21 22:27:59 - mmengine - INFO - Iter(train) [ 91000/160000]  lr: 4.7496e-03  eta: 9:18:18  time: 0.4836  data_time: 0.0265  memory: 9067  loss: 1.0152  decode.loss_ohem: 0.7177  decode.acc_seg: 89.5518  aux_0.loss_ce: 0.2975  aux_0.acc_seg: 84.4573
2026/07/21 22:28:48 - mmengine - INFO - Iter(train) [ 91100/160000]  lr: 4.7434e-03  eta: 9:17:29  time: 0.4859  data_time: 0.0269  memory: 9066  loss: 1.0624  decode.loss_ohem: 0.7637  decode.acc_seg: 92.1808  aux_0.loss_ce: 0.2987  aux_0.acc_seg: 87.5077
2026/07/21 22:29:37 - mmengine - INFO - Iter(train) [ 91200/160000]  lr: 4.7372e-03  eta: 9:16:41  time: 0.4852  data_time: 0.0263  memory: 9067  loss: 1.0241  decode.loss_ohem: 0.7547  decode.acc_seg: 94.2280  aux_0.loss_ce: 0.2694  aux_0.acc_seg: 92.1033
2026/07/21 22:30:25 - mmengine - INFO - Iter(train) [ 91300/160000]  lr: 4.7310e-03  eta: 9:15:52  time: 0.4835  data_time: 0.0259  memory: 9068  loss: 1.0024  decode.loss_ohem: 0.7510  decode.acc_seg: 93.7900  aux_0.loss_ce: 0.2514  aux_0.acc_seg: 92.5020
2026/07/21 22:31:14 - mmengine - INFO - Iter(train) [ 91400/160000]  lr: 4.7249e-03  eta: 9:15:04  time: 0.4830  data_time: 0.0254  memory: 9066  loss: 0.9729  decode.loss_ohem: 0.7093  decode.acc_seg: 94.6582  aux_0.loss_ce: 0.2636  aux_0.acc_seg: 90.8684
2026/07/21 22:32:03 - mmengine - INFO - Iter(train) [ 91500/160000]  lr: 4.7187e-03  eta: 9:14:15  time: 0.4864  data_time: 0.0273  memory: 9066  loss: 0.9465  decode.loss_ohem: 0.6687  decode.acc_seg: 93.4286  aux_0.loss_ce: 0.2777  aux_0.acc_seg: 90.6826
2026/07/21 22:32:51 - mmengine - INFO - Iter(train) [ 91600/160000]  lr: 4.7125e-03  eta: 9:13:27  time: 0.4863  data_time: 0.0269  memory: 9066  loss: 1.0432  decode.loss_ohem: 0.7456  decode.acc_seg: 93.9172  aux_0.loss_ce: 0.2976  aux_0.acc_seg: 90.9643
2026/07/21 22:33:40 - mmengine - INFO - Iter(train) [ 91700/160000]  lr: 4.7063e-03  eta: 9:12:38  time: 0.4869  data_time: 0.0277  memory: 9069  loss: 0.9912  decode.loss_ohem: 0.7051  decode.acc_seg: 86.1385  aux_0.loss_ce: 0.2861  aux_0.acc_seg: 83.7398
2026/07/21 22:34:28 - mmengine - INFO - Iter(train) [ 91800/160000]  lr: 4.7001e-03  eta: 9:11:50  time: 0.4895  data_time: 0.0296  memory: 9066  loss: 0.9850  decode.loss_ohem: 0.7024  decode.acc_seg: 93.9597  aux_0.loss_ce: 0.2827  aux_0.acc_seg: 90.8402
2026/07/21 22:35:17 - mmengine - INFO - Iter(train) [ 91900/160000]  lr: 4.6939e-03  eta: 9:11:01  time: 0.4852  data_time: 0.0253  memory: 9066  loss: 1.0296  decode.loss_ohem: 0.7430  decode.acc_seg: 90.2081  aux_0.loss_ce: 0.2866  aux_0.acc_seg: 86.5758
2026/07/21 22:36:06 - mmengine - INFO - Exp name: dsanet_cityscapes_512x1024_20260721_100709
2026/07/21 22:36:06 - mmengine - INFO - Iter(train) [ 92000/160000]  lr: 4.6877e-03  eta: 9:10:13  time: 0.4850  data_time: 0.0273  memory: 9066  loss: 0.9757  decode.loss_ohem: 0.7159  decode.acc_seg: 93.9117  aux_0.loss_ce: 0.2598  aux_0.acc_seg: 92.1986
2026/07/21 22:36:54 - mmengine - INFO - Iter(train) [ 92100/160000]  lr: 4.6815e-03  eta: 9:09:25  time: 0.4872  data_time: 0.0277  memory: 9066  loss: 1.0114  decode.loss_ohem: 0.7399  decode.acc_seg: 94.7160  aux_0.loss_ce: 0.2715  aux_0.acc_seg: 92.5952
2026/07/21 22:37:43 - mmengine - INFO - Iter(train) [ 92200/160000]  lr: 4.6753e-03  eta: 9:08:36  time: 0.4853  data_time: 0.0262  memory: 9066  loss: 0.9459  decode.loss_ohem: 0.6821  decode.acc_seg: 91.8747  aux_0.loss_ce: 0.2638  aux_0.acc_seg: 90.0024
2026/07/21 22:38:32 - mmengine - INFO - Iter(train) [ 92300/160000]  lr: 4.6691e-03  eta: 9:07:48  time: 0.4787  data_time: 0.0272  memory: 9067  loss: 0.9835  decode.loss_ohem: 0.7240  decode.acc_seg: 92.9917  aux_0.loss_ce: 0.2595  aux_0.acc_seg: 88.6966
2026/07/21 22:39:20 - mmengine - INFO - Iter(train) [ 92400/160000]  lr: 4.6630e-03  eta: 9:06:59  time: 0.4882  data_time: 0.0280  memory: 9066  loss: 0.9912  decode.loss_ohem: 0.7269  decode.acc_seg: 93.8410  aux_0.loss_ce: 0.2643  aux_0.acc_seg: 90.4744
2026/07/21 22:40:09 - mmengine - INFO - Iter(train) [ 92500/160000]  lr: 4.6568e-03  eta: 9:06:11  time: 0.4871  data_time: 0.0275  memory: 9066  loss: 0.9384  decode.loss_ohem: 0.6817  decode.acc_seg: 92.7609  aux_0.loss_ce: 0.2567  aux_0.acc_seg: 90.6920
2026/07/21 22:40:58 - mmengine - INFO - Iter(train) [ 92600/160000]  lr: 4.6506e-03  eta: 9:05:22  time: 0.4866  data_time: 0.0268  memory: 9070  loss: 1.0099  decode.loss_ohem: 0.7264  decode.acc_seg: 93.1953  aux_0.loss_ce: 0.2834  aux_0.acc_seg: 91.3785
2026/07/21 22:41:47 - mmengine - INFO - Iter(train) [ 92700/160000]  lr: 4.6444e-03  eta: 9:04:34  time: 0.4836  data_time: 0.0285  memory: 9067  loss: 1.0014  decode.loss_ohem: 0.7249  decode.acc_seg: 92.8682  aux_0.loss_ce: 0.2765  aux_0.acc_seg: 90.5891
2026/07/21 22:42:35 - mmengine - INFO - Iter(train) [ 92800/160000]  lr: 4.6382e-03  eta: 9:03:45  time: 0.4857  data_time: 0.0266  memory: 9067  loss: 1.0129  decode.loss_ohem: 0.7260  decode.acc_seg: 92.3109  aux_0.loss_ce: 0.2869  aux_0.acc_seg: 89.3827
2026/07/21 22:43:24 - mmengine - INFO - Iter(train) [ 92900/160000]  lr: 4.6320e-03  eta: 9:02:57  time: 0.4850  data_time: 0.0266  memory: 9066  loss: 0.9929  decode.loss_ohem: 0.7006  decode.acc_seg: 93.7271  aux_0.loss_ce: 0.2923  aux_0.acc_seg: 92.0656
2026/07/21 22:44:13 - mmengine - INFO - Exp name: dsanet_cityscapes_512x1024_20260721_100709
2026/07/21 22:44:13 - mmengine - INFO - Iter(train) [ 93000/160000]  lr: 4.6258e-03  eta: 9:02:08  time: 0.4860  data_time: 0.0272  memory: 9067  loss: 1.0236  decode.loss_ohem: 0.7400  decode.acc_seg: 92.1367  aux_0.loss_ce: 0.2836  aux_0.acc_seg: 87.5007
2026/07/21 22:45:01 - mmengine - INFO - Iter(train) [ 93100/160000]  lr: 4.6196e-03  eta: 9:01:20  time: 0.4867  data_time: 0.0272  memory: 9068  loss: 1.0676  decode.loss_ohem: 0.7747  decode.acc_seg: 89.1890  aux_0.loss_ce: 0.2930  aux_0.acc_seg: 86.0043
2026/07/21 22:45:50 - mmengine - INFO - Iter(train) [ 93200/160000]  lr: 4.6134e-03  eta: 9:00:31  time: 0.4866  data_time: 0.0270  memory: 9067  loss: 0.9395  decode.loss_ohem: 0.6873  decode.acc_seg: 92.8453  aux_0.loss_ce: 0.2522  aux_0.acc_seg: 89.4992
2026/07/21 22:46:39 - mmengine - INFO - Iter(train) [ 93300/160000]  lr: 4.6072e-03  eta: 8:59:43  time: 0.4846  data_time: 0.0272  memory: 9069  loss: 0.9968  decode.loss_ohem: 0.7272  decode.acc_seg: 93.8058  aux_0.loss_ce: 0.2696  aux_0.acc_seg: 91.6774
2026/07/21 22:47:27 - mmengine - INFO - Iter(train) [ 93400/160000]  lr: 4.6010e-03  eta: 8:58:54  time: 0.4847  data_time: 0.0260  memory: 9066  loss: 0.9687  decode.loss_ohem: 0.7065  decode.acc_seg: 92.4865  aux_0.loss_ce: 0.2622  aux_0.acc_seg: 89.4782
2026/07/21 22:48:16 - mmengine - INFO - Iter(train) [ 93500/160000]  lr: 4.5948e-03  eta: 8:58:06  time: 0.4895  data_time: 0.0297  memory: 9068  loss: 0.9737  decode.loss_ohem: 0.7104  decode.acc_seg: 92.8188  aux_0.loss_ce: 0.2633  aux_0.acc_seg: 90.8421
2026/07/21 22:49:04 - mmengine - INFO - Iter(train) [ 93600/160000]  lr: 4.5885e-03  eta: 8:57:17  time: 0.4942  data_time: 0.0321  memory: 9066  loss: 0.9813  decode.loss_ohem: 0.7293  decode.acc_seg: 93.2025  aux_0.loss_ce: 0.2520  aux_0.acc_seg: 89.7827
2026/07/21 22:49:53 - mmengine - INFO - Iter(train) [ 93700/160000]  lr: 4.5823e-03  eta: 8:56:29  time: 0.4896  data_time: 0.0287  memory: 9066  loss: 0.9931  decode.loss_ohem: 0.7283  decode.acc_seg: 94.3527  aux_0.loss_ce: 0.2648  aux_0.acc_seg: 93.0192
2026/07/21 22:50:42 - mmengine - INFO - Iter(train) [ 93800/160000]  lr: 4.5761e-03  eta: 8:55:40  time: 0.4847  data_time: 0.0267  memory: 9066  loss: 1.0412  decode.loss_ohem: 0.7551  decode.acc_seg: 92.6099  aux_0.loss_ce: 0.2861  aux_0.acc_seg: 90.9332
2026/07/21 22:51:30 - mmengine - INFO - Iter(train) [ 93900/160000]  lr: 4.5699e-03  eta: 8:54:52  time: 0.4851  data_time: 0.0266  memory: 9066  loss: 1.0870  decode.loss_ohem: 0.7746  decode.acc_seg: 91.2082  aux_0.loss_ce: 0.3123  aux_0.acc_seg: 89.1396
2026/07/21 22:52:19 - mmengine - INFO - Exp name: dsanet_cityscapes_512x1024_20260721_100709
2026/07/21 22:52:19 - mmengine - INFO - Iter(train) [ 94000/160000]  lr: 4.5637e-03  eta: 8:54:03  time: 0.4833  data_time: 0.0262  memory: 9067  loss: 0.9762  decode.loss_ohem: 0.7171  decode.acc_seg: 93.6046  aux_0.loss_ce: 0.2590  aux_0.acc_seg: 91.2093
2026/07/21 22:53:07 - mmengine - INFO - Iter(train) [ 94100/160000]  lr: 4.5575e-03  eta: 8:53:14  time: 0.4850  data_time: 0.0268  memory: 9068  loss: 1.0074  decode.loss_ohem: 0.7459  decode.acc_seg: 93.2549  aux_0.loss_ce: 0.2615  aux_0.acc_seg: 91.7351
2026/07/21 22:53:56 - mmengine - INFO - Iter(train) [ 94200/160000]  lr: 4.5513e-03  eta: 8:52:26  time: 0.4831  data_time: 0.0257  memory: 9065  loss: 0.9565  decode.loss_ohem: 0.7077  decode.acc_seg: 92.9461  aux_0.loss_ce: 0.2488  aux_0.acc_seg: 90.3782
2026/07/21 22:54:44 - mmengine - INFO - Iter(train) [ 94300/160000]  lr: 4.5451e-03  eta: 8:51:37  time: 0.4840  data_time: 0.0254  memory: 9068  loss: 1.0269  decode.loss_ohem: 0.7512  decode.acc_seg: 89.7423  aux_0.loss_ce: 0.2757  aux_0.acc_seg: 89.2782
2026/07/21 22:55:33 - mmengine - INFO - Iter(train) [ 94400/160000]  lr: 4.5389e-03  eta: 8:50:49  time: 0.4845  data_time: 0.0265  memory: 9066  loss: 1.0341  decode.loss_ohem: 0.7514  decode.acc_seg: 91.3056  aux_0.loss_ce: 0.2827  aux_0.acc_seg: 87.8271
2026/07/21 22:56:21 - mmengine - INFO - Iter(train) [ 94500/160000]  lr: 4.5327e-03  eta: 8:50:00  time: 0.4865  data_time: 0.0278  memory: 9066  loss: 0.9740  decode.loss_ohem: 0.7035  decode.acc_seg: 92.2383  aux_0.loss_ce: 0.2705  aux_0.acc_seg: 88.8209
2026/07/21 22:57:10 - mmengine - INFO - Iter(train) [ 94600/160000]  lr: 4.5264e-03  eta: 8:49:12  time: 0.4846  data_time: 0.0272  memory: 9069  loss: 0.9252  decode.loss_ohem: 0.6609  decode.acc_seg: 93.2608  aux_0.loss_ce: 0.2643  aux_0.acc_seg: 87.1666
2026/07/21 22:57:59 - mmengine - INFO - Iter(train) [ 94700/160000]  lr: 4.5202e-03  eta: 8:48:23  time: 0.4850  data_time: 0.0271  memory: 9067  loss: 0.9545  decode.loss_ohem: 0.6966  decode.acc_seg: 90.1226  aux_0.loss_ce: 0.2579  aux_0.acc_seg: 87.1797
2026/07/21 22:58:47 - mmengine - INFO - Iter(train) [ 94800/160000]  lr: 4.5140e-03  eta: 8:47:35  time: 0.4847  data_time: 0.0272  memory: 9067  loss: 0.9784  decode.loss_ohem: 0.7096  decode.acc_seg: 92.2842  aux_0.loss_ce: 0.2688  aux_0.acc_seg: 90.1824
2026/07/21 22:59:36 - mmengine - INFO - Iter(train) [ 94900/160000]  lr: 4.5078e-03  eta: 8:46:46  time: 0.4831  data_time: 0.0262  memory: 9066  loss: 0.9401  decode.loss_ohem: 0.7032  decode.acc_seg: 91.6130  aux_0.loss_ce: 0.2369  aux_0.acc_seg: 89.6396
2026/07/21 23:00:24 - mmengine - INFO - Exp name: dsanet_cityscapes_512x1024_20260721_100709
2026/07/21 23:00:24 - mmengine - INFO - Iter(train) [ 95000/160000]  lr: 4.5016e-03  eta: 8:45:57  time: 0.4855  data_time: 0.0278  memory: 9066  loss: 0.9339  decode.loss_ohem: 0.6951  decode.acc_seg: 92.8727  aux_0.loss_ce: 0.2389  aux_0.acc_seg: 90.1989
2026/07/21 23:00:24 - mmengine - INFO - Saving checkpoint at 95000 iterations
2026/07/21 23:00:30 - mmengine - INFO - Iter(val) [100/250]    eta: 0:00:08  time: 0.0553  data_time: 0.0094  memory: 801  
2026/07/21 23:00:35 - mmengine - INFO - Iter(val) [200/250]    eta: 0:00:02  time: 0.0552  data_time: 0.0096  memory: 801  
2026/07/21 23:00:38 - mmengine - INFO - per class results:
2026/07/21 23:00:38 - mmengine - INFO - 
+---------------+-------+-------+
|     Class     |  IoU  |  Acc  |
+---------------+-------+-------+
|      road     | 97.14 | 98.43 |
|    sidewalk   | 79.19 | 87.82 |
|    building   | 89.67 | 94.82 |
|      wall     |  53.0 | 67.22 |
|     fence     | 51.24 |  60.9 |
|      pole     | 56.79 | 68.62 |
| traffic light | 54.27 | 65.56 |
|  traffic sign |  68.4 | 78.46 |
|   vegetation  | 90.65 | 95.66 |
|    terrain    | 60.37 | 71.95 |
|      sky      | 91.71 | 97.02 |
|     person    | 74.55 | 88.29 |
|     rider     | 55.83 |  71.5 |
|      car      |  92.5 | 97.04 |
|     truck     | 50.52 | 65.83 |
|      bus      | 67.78 | 79.37 |
|     train     | 55.16 | 86.49 |
|   motorcycle  | 51.24 | 61.63 |
|    bicycle    | 70.08 | 84.25 |
+---------------+-------+-------+
2026/07/21 23:00:38 - mmengine - INFO - Iter(val) [250/250]    aAcc: 94.5400  mIoU: 68.9500  mAcc: 80.0400  data_time: 0.0102  time: 0.0554
2026/07/21 23:00:38 - mmengine - INFO - The previous best checkpoint /root/autodl-tmp/DSANet-main/tools/work_dirs/dsanet_cityscapes_512x1024/best_mIoU_iter_90000.pth is removed
2026/07/21 23:00:39 - mmengine - INFO - The best checkpoint with 68.9500 mIoU at 95000 iter is saved to best_mIoU_iter_95000.pth.
2026/07/21 23:01:28 - mmengine - INFO - Iter(train) [ 95100/160000]  lr: 4.4954e-03  eta: 8:45:09  time: 0.4829  data_time: 0.0265  memory: 9067  loss: 1.0035  decode.loss_ohem: 0.7417  decode.acc_seg: 91.3120  aux_0.loss_ce: 0.2618  aux_0.acc_seg: 86.3226
2026/07/21 23:02:16 - mmengine - INFO - Iter(train) [ 95200/160000]  lr: 4.4891e-03  eta: 8:44:21  time: 0.4842  data_time: 0.0265  memory: 9067  loss: 0.9336  decode.loss_ohem: 0.6612  decode.acc_seg: 92.8688  aux_0.loss_ce: 0.2724  aux_0.acc_seg: 89.9423
2026/07/21 23:03:05 - mmengine - INFO - Iter(train) [ 95300/160000]  lr: 4.4829e-03  eta: 8:43:32  time: 0.4827  data_time: 0.0261  memory: 9067  loss: 0.9989  decode.loss_ohem: 0.7188  decode.acc_seg: 90.8689  aux_0.loss_ce: 0.2801  aux_0.acc_seg: 88.3928
2026/07/21 23:03:53 - mmengine - INFO - Iter(train) [ 95400/160000]  lr: 4.4767e-03  eta: 8:42:43  time: 0.4847  data_time: 0.0271  memory: 9066  loss: 1.0073  decode.loss_ohem: 0.7334  decode.acc_seg: 93.3860  aux_0.loss_ce: 0.2739  aux_0.acc_seg: 91.5583
2026/07/21 23:04:42 - mmengine - INFO - Iter(train) [ 95500/160000]  lr: 4.4705e-03  eta: 8:41:55  time: 0.4856  data_time: 0.0271  memory: 9065  loss: 1.0978  decode.loss_ohem: 0.7825  decode.acc_seg: 91.5536  aux_0.loss_ce: 0.3154  aux_0.acc_seg: 89.7532
2026/07/21 23:05:30 - mmengine - INFO - Iter(train) [ 95600/160000]  lr: 4.4642e-03  eta: 8:41:06  time: 0.4865  data_time: 0.0275  memory: 9067  loss: 0.9965  decode.loss_ohem: 0.7304  decode.acc_seg: 94.1139  aux_0.loss_ce: 0.2661  aux_0.acc_seg: 91.2953
2026/07/21 23:06:19 - mmengine - INFO - Iter(train) [ 95700/160000]  lr: 4.4580e-03  eta: 8:40:18  time: 0.4843  data_time: 0.0269  memory: 9067  loss: 1.0088  decode.loss_ohem: 0.7573  decode.acc_seg: 91.7979  aux_0.loss_ce: 0.2515  aux_0.acc_seg: 89.7365
2026/07/21 23:07:07 - mmengine - INFO - Iter(train) [ 95800/160000]  lr: 4.4518e-03  eta: 8:39:29  time: 0.4864  data_time: 0.0273  memory: 9068  loss: 1.1102  decode.loss_ohem: 0.8066  decode.acc_seg: 89.9794  aux_0.loss_ce: 0.3036  aux_0.acc_seg: 85.8930
2026/07/21 23:07:56 - mmengine - INFO - Iter(train) [ 95900/160000]  lr: 4.4456e-03  eta: 8:38:41  time: 0.4857  data_time: 0.0275  memory: 9066  loss: 0.9624  decode.loss_ohem: 0.6953  decode.acc_seg: 93.6935  aux_0.loss_ce: 0.2671  aux_0.acc_seg: 90.2027
2026/07/21 23:08:44 - mmengine - INFO - Exp name: dsanet_cityscapes_512x1024_20260721_100709
2026/07/21 23:08:44 - mmengine - INFO - Iter(train) [ 96000/160000]  lr: 4.4393e-03  eta: 8:37:52  time: 0.4851  data_time: 0.0262  memory: 9067  loss: 0.9616  decode.loss_ohem: 0.6977  decode.acc_seg: 91.3469  aux_0.loss_ce: 0.2639  aux_0.acc_seg: 88.2951
2026/07/21 23:09:33 - mmengine - INFO - Iter(train) [ 96100/160000]  lr: 4.4331e-03  eta: 8:37:04  time: 0.4837  data_time: 0.0260  memory: 9066  loss: 1.0166  decode.loss_ohem: 0.7559  decode.acc_seg: 93.2102  aux_0.loss_ce: 0.2608  aux_0.acc_seg: 91.5619
2026/07/21 23:10:21 - mmengine - INFO - Iter(train) [ 96200/160000]  lr: 4.4269e-03  eta: 8:36:15  time: 0.4878  data_time: 0.0297  memory: 9071  loss: 1.0998  decode.loss_ohem: 0.8111  decode.acc_seg: 92.5807  aux_0.loss_ce: 0.2886  aux_0.acc_seg: 90.6763
2026/07/21 23:11:10 - mmengine - INFO - Iter(train) [ 96300/160000]  lr: 4.4206e-03  eta: 8:35:26  time: 0.4831  data_time: 0.0256  memory: 9065  loss: 1.1209  decode.loss_ohem: 0.8166  decode.acc_seg: 91.8737  aux_0.loss_ce: 0.3043  aux_0.acc_seg: 90.1574
2026/07/21 23:11:58 - mmengine - INFO - Iter(train) [ 96400/160000]  lr: 4.4144e-03  eta: 8:34:38  time: 0.4851  data_time: 0.0271  memory: 9068  loss: 0.9339  decode.loss_ohem: 0.6771  decode.acc_seg: 90.4185  aux_0.loss_ce: 0.2567  aux_0.acc_seg: 88.2717
2026/07/21 23:12:47 - mmengine - INFO - Iter(train) [ 96500/160000]  lr: 4.4082e-03  eta: 8:33:49  time: 0.4855  data_time: 0.0270  memory: 9065  loss: 0.9966  decode.loss_ohem: 0.7434  decode.acc_seg: 94.0183  aux_0.loss_ce: 0.2532  aux_0.acc_seg: 92.2477
2026/07/21 23:13:36 - mmengine - INFO - Iter(train) [ 96600/160000]  lr: 4.4019e-03  eta: 8:33:01  time: 0.4833  data_time: 0.0256  memory: 9067  loss: 0.9744  decode.loss_ohem: 0.7078  decode.acc_seg: 92.0933  aux_0.loss_ce: 0.2666  aux_0.acc_seg: 89.5557
2026/07/21 23:14:24 - mmengine - INFO - Iter(train) [ 96700/160000]  lr: 4.3957e-03  eta: 8:32:12  time: 0.4849  data_time: 0.0268  memory: 9068  loss: 0.9988  decode.loss_ohem: 0.7355  decode.acc_seg: 93.1352  aux_0.loss_ce: 0.2633  aux_0.acc_seg: 91.0496
2026/07/21 23:15:12 - mmengine - INFO - Iter(train) [ 96800/160000]  lr: 4.3895e-03  eta: 8:31:23  time: 0.4853  data_time: 0.0270  memory: 9067  loss: 0.9511  decode.loss_ohem: 0.6949  decode.acc_seg: 93.6151  aux_0.loss_ce: 0.2562  aux_0.acc_seg: 92.1584
2026/07/21 23:16:01 - mmengine - INFO - Iter(train) [ 96900/160000]  lr: 4.3832e-03  eta: 8:30:35  time: 0.4836  data_time: 0.0257  memory: 9066  loss: 1.0744  decode.loss_ohem: 0.7964  decode.acc_seg: 93.6592  aux_0.loss_ce: 0.2780  aux_0.acc_seg: 92.2286
2026/07/21 23:16:49 - mmengine - INFO - Exp name: dsanet_cityscapes_512x1024_20260721_100709
2026/07/21 23:16:49 - mmengine - INFO - Iter(train) [ 97000/160000]  lr: 4.3770e-03  eta: 8:29:46  time: 0.4802  data_time: 0.0245  memory: 9067  loss: 1.0068  decode.loss_ohem: 0.7286  decode.acc_seg: 93.5967  aux_0.loss_ce: 0.2782  aux_0.acc_seg: 91.5435
2026/07/21 23:17:38 - mmengine - INFO - Iter(train) [ 97100/160000]  lr: 4.3708e-03  eta: 8:28:57  time: 0.4820  data_time: 0.0262  memory: 9066  loss: 0.9506  decode.loss_ohem: 0.7261  decode.acc_seg: 93.1214  aux_0.loss_ce: 0.2244  aux_0.acc_seg: 90.3616
2026/07/21 23:18:26 - mmengine - INFO - Iter(train) [ 97200/160000]  lr: 4.3645e-03  eta: 8:28:08  time: 0.4811  data_time: 0.0246  memory: 9067  loss: 1.0151  decode.loss_ohem: 0.7490  decode.acc_seg: 93.4486  aux_0.loss_ce: 0.2662  aux_0.acc_seg: 91.4612
2026/07/21 23:19:14 - mmengine - INFO - Iter(train) [ 97300/160000]  lr: 4.3583e-03  eta: 8:27:20  time: 0.4777  data_time: 0.0229  memory: 9067  loss: 1.0005  decode.loss_ohem: 0.7282  decode.acc_seg: 91.1148  aux_0.loss_ce: 0.2723  aux_0.acc_seg: 89.6768
2026/07/21 23:20:02 - mmengine - INFO - Iter(train) [ 97400/160000]  lr: 4.3520e-03  eta: 8:26:31  time: 0.4804  data_time: 0.0249  memory: 9067  loss: 0.9415  decode.loss_ohem: 0.6799  decode.acc_seg: 94.2391  aux_0.loss_ce: 0.2616  aux_0.acc_seg: 92.6771
2026/07/21 23:20:50 - mmengine - INFO - Iter(train) [ 97500/160000]  lr: 4.3458e-03  eta: 8:25:42  time: 0.4822  data_time: 0.0260  memory: 9066  loss: 0.9272  decode.loss_ohem: 0.6899  decode.acc_seg: 94.0885  aux_0.loss_ce: 0.2374  aux_0.acc_seg: 92.8315
2026/07/21 23:21:38 - mmengine - INFO - Iter(train) [ 97600/160000]  lr: 4.3395e-03  eta: 8:24:53  time: 0.4802  data_time: 0.0244  memory: 9067  loss: 1.0379  decode.loss_ohem: 0.7527  decode.acc_seg: 89.7008  aux_0.loss_ce: 0.2852  aux_0.acc_seg: 85.2943
2026/07/21 23:22:26 - mmengine - INFO - Iter(train) [ 97700/160000]  lr: 4.3333e-03  eta: 8:24:04  time: 0.4833  data_time: 0.0264  memory: 9067  loss: 1.0778  decode.loss_ohem: 0.7981  decode.acc_seg: 92.2479  aux_0.loss_ce: 0.2797  aux_0.acc_seg: 90.3167
2026/07/21 23:23:14 - mmengine - INFO - Iter(train) [ 97800/160000]  lr: 4.3271e-03  eta: 8:23:15  time: 0.4814  data_time: 0.0248  memory: 9066  loss: 0.9930  decode.loss_ohem: 0.7005  decode.acc_seg: 94.5192  aux_0.loss_ce: 0.2925  aux_0.acc_seg: 90.9540
2026/07/21 23:24:03 - mmengine - INFO - Iter(train) [ 97900/160000]  lr: 4.3208e-03  eta: 8:22:27  time: 0.4815  data_time: 0.0252  memory: 9067  loss: 1.0946  decode.loss_ohem: 0.7808  decode.acc_seg: 90.9083  aux_0.loss_ce: 0.3138  aux_0.acc_seg: 87.0111
2026/07/21 23:24:51 - mmengine - INFO - Exp name: dsanet_cityscapes_512x1024_20260721_100709
2026/07/21 23:24:51 - mmengine - INFO - Iter(train) [ 98000/160000]  lr: 4.3146e-03  eta: 8:21:38  time: 0.4812  data_time: 0.0253  memory: 9067  loss: 0.9244  decode.loss_ohem: 0.6640  decode.acc_seg: 92.4963  aux_0.loss_ce: 0.2604  aux_0.acc_seg: 89.1088
2026/07/21 23:25:39 - mmengine - INFO - Iter(train) [ 98100/160000]  lr: 4.3083e-03  eta: 8:20:49  time: 0.4812  data_time: 0.0250  memory: 9066  loss: 0.9896  decode.loss_ohem: 0.7448  decode.acc_seg: 92.0665  aux_0.loss_ce: 0.2448  aux_0.acc_seg: 87.8859
2026/07/21 23:26:27 - mmengine - INFO - Iter(train) [ 98200/160000]  lr: 4.3021e-03  eta: 8:20:00  time: 0.4815  data_time: 0.0254  memory: 9066  loss: 0.9347  decode.loss_ohem: 0.6883  decode.acc_seg: 93.6407  aux_0.loss_ce: 0.2464  aux_0.acc_seg: 89.9318
2026/07/21 23:27:15 - mmengine - INFO - Iter(train) [ 98300/160000]  lr: 4.2958e-03  eta: 8:19:11  time: 0.4807  data_time: 0.0249  memory: 9068  loss: 1.0104  decode.loss_ohem: 0.7234  decode.acc_seg: 92.2200  aux_0.loss_ce: 0.2870  aux_0.acc_seg: 90.3504
2026/07/21 23:28:04 - mmengine - INFO - Iter(train) [ 98400/160000]  lr: 4.2896e-03  eta: 8:18:23  time: 0.4799  data_time: 0.0246  memory: 9066  loss: 0.9186  decode.loss_ohem: 0.6701  decode.acc_seg: 92.7892  aux_0.loss_ce: 0.2485  aux_0.acc_seg: 90.5961
2026/07/21 23:28:52 - mmengine - INFO - Iter(train) [ 98500/160000]  lr: 4.2833e-03  eta: 8:17:34  time: 0.4827  data_time: 0.0255  memory: 9067  loss: 1.0275  decode.loss_ohem: 0.7346  decode.acc_seg: 92.8536  aux_0.loss_ce: 0.2929  aux_0.acc_seg: 89.2939
2026/07/21 23:29:40 - mmengine - INFO - Iter(train) [ 98600/160000]  lr: 4.2771e-03  eta: 8:16:45  time: 0.4835  data_time: 0.0269  memory: 9067  loss: 0.9908  decode.loss_ohem: 0.7181  decode.acc_seg: 90.8996  aux_0.loss_ce: 0.2728  aux_0.acc_seg: 88.2765
2026/07/21 23:30:28 - mmengine - INFO - Iter(train) [ 98700/160000]  lr: 4.2708e-03  eta: 8:15:56  time: 0.4811  data_time: 0.0254  memory: 9066  loss: 0.9456  decode.loss_ohem: 0.6693  decode.acc_seg: 90.7897  aux_0.loss_ce: 0.2763  aux_0.acc_seg: 87.1305
2026/07/21 23:31:16 - mmengine - INFO - Iter(train) [ 98800/160000]  lr: 4.2645e-03  eta: 8:15:08  time: 0.4811  data_time: 0.0253  memory: 9067  loss: 0.8954  decode.loss_ohem: 0.6627  decode.acc_seg: 94.5313  aux_0.loss_ce: 0.2327  aux_0.acc_seg: 92.5830
2026/07/21 23:32:05 - mmengine - INFO - Iter(train) [ 98900/160000]  lr: 4.2583e-03  eta: 8:14:19  time: 0.4828  data_time: 0.0265  memory: 9066  loss: 0.9472  decode.loss_ohem: 0.7088  decode.acc_seg: 94.0071  aux_0.loss_ce: 0.2384  aux_0.acc_seg: 90.2608
2026/07/21 23:32:53 - mmengine - INFO - Exp name: dsanet_cityscapes_512x1024_20260721_100709
2026/07/21 23:32:53 - mmengine - INFO - Iter(train) [ 99000/160000]  lr: 4.2520e-03  eta: 8:13:30  time: 0.4817  data_time: 0.0258  memory: 9067  loss: 0.9489  decode.loss_ohem: 0.7015  decode.acc_seg: 91.6675  aux_0.loss_ce: 0.2474  aux_0.acc_seg: 90.3484
2026/07/21 23:33:41 - mmengine - INFO - Iter(train) [ 99100/160000]  lr: 4.2458e-03  eta: 8:12:41  time: 0.4814  data_time: 0.0255  memory: 9066  loss: 0.9236  decode.loss_ohem: 0.6707  decode.acc_seg: 93.9058  aux_0.loss_ce: 0.2529  aux_0.acc_seg: 90.4167
2026/07/21 23:34:30 - mmengine - INFO - Iter(train) [ 99200/160000]  lr: 4.2395e-03  eta: 8:11:53  time: 0.4814  data_time: 0.0252  memory: 9065  loss: 0.9506  decode.loss_ohem: 0.7099  decode.acc_seg: 92.8448  aux_0.loss_ce: 0.2407  aux_0.acc_seg: 90.5754
2026/07/21 23:35:18 - mmengine - INFO - Iter(train) [ 99300/160000]  lr: 4.2332e-03  eta: 8:11:04  time: 0.4810  data_time: 0.0249  memory: 9067  loss: 0.9586  decode.loss_ohem: 0.6964  decode.acc_seg: 93.2634  aux_0.loss_ce: 0.2623  aux_0.acc_seg: 87.9199
2026/07/21 23:36:06 - mmengine - INFO - Iter(train) [ 99400/160000]  lr: 4.2270e-03  eta: 8:10:15  time: 0.4803  data_time: 0.0243  memory: 9068  loss: 1.0483  decode.loss_ohem: 0.7712  decode.acc_seg: 92.5050  aux_0.loss_ce: 0.2772  aux_0.acc_seg: 90.9522
2026/07/21 23:36:54 - mmengine - INFO - Iter(train) [ 99500/160000]  lr: 4.2207e-03  eta: 8:09:27  time: 0.4830  data_time: 0.0260  memory: 9065  loss: 1.0382  decode.loss_ohem: 0.7683  decode.acc_seg: 91.6429  aux_0.loss_ce: 0.2699  aux_0.acc_seg: 89.3617
2026/07/21 23:37:42 - mmengine - INFO - Iter(train) [ 99600/160000]  lr: 4.2145e-03  eta: 8:08:38  time: 0.4837  data_time: 0.0267  memory: 9066  loss: 0.9921  decode.loss_ohem: 0.7191  decode.acc_seg: 91.2122  aux_0.loss_ce: 0.2730  aux_0.acc_seg: 90.3276
2026/07/21 23:38:31 - mmengine - INFO - Iter(train) [ 99700/160000]  lr: 4.2082e-03  eta: 8:07:49  time: 0.4861  data_time: 0.0285  memory: 9068  loss: 0.9673  decode.loss_ohem: 0.7032  decode.acc_seg: 92.7103  aux_0.loss_ce: 0.2641  aux_0.acc_seg: 88.4695
2026/07/21 23:39:19 - mmengine - INFO - Iter(train) [ 99800/160000]  lr: 4.2019e-03  eta: 8:07:00  time: 0.4819  data_time: 0.0256  memory: 9068  loss: 0.9218  decode.loss_ohem: 0.6628  decode.acc_seg: 94.7505  aux_0.loss_ce: 0.2589  aux_0.acc_seg: 92.4612
2026/07/21 23:40:07 - mmengine - INFO - Iter(train) [ 99900/160000]  lr: 4.1957e-03  eta: 8:06:12  time: 0.4826  data_time: 0.0253  memory: 9066  loss: 1.0356  decode.loss_ohem: 0.7604  decode.acc_seg: 92.7653  aux_0.loss_ce: 0.2751  aux_0.acc_seg: 87.6706
2026/07/21 23:40:56 - mmengine - INFO - Exp name: dsanet_cityscapes_512x1024_20260721_100709
2026/07/21 23:40:56 - mmengine - INFO - Iter(train) [100000/160000]  lr: 4.1894e-03  eta: 8:05:23  time: 0.4807  data_time: 0.0247  memory: 9067  loss: 1.0323  decode.loss_ohem: 0.7615  decode.acc_seg: 91.2094  aux_0.loss_ce: 0.2708  aux_0.acc_seg: 88.1162
2026/07/21 23:40:56 - mmengine - INFO - Saving checkpoint at 100000 iterations
2026/07/21 23:41:02 - mmengine - INFO - Iter(val) [100/250]    eta: 0:00:08  time: 0.0537  data_time: 0.0088  memory: 801  
2026/07/21 23:41:07 - mmengine - INFO - Iter(val) [200/250]    eta: 0:00:02  time: 0.0532  data_time: 0.0084  memory: 801  
2026/07/21 23:41:10 - mmengine - INFO - per class results:
2026/07/21 23:41:10 - mmengine - INFO - 
+---------------+-------+-------+
|     Class     |  IoU  |  Acc  |
+---------------+-------+-------+
|      road     | 96.79 | 98.23 |
|    sidewalk   | 77.43 | 86.53 |
|    building   | 89.25 | 94.66 |
|      wall     |  36.6 | 41.61 |
|     fence     | 46.39 | 53.23 |
|      pole     | 54.63 | 63.38 |
| traffic light | 51.43 | 61.61 |
|  traffic sign | 66.46 | 78.28 |
|   vegetation  | 89.33 | 96.26 |
|    terrain    | 53.48 | 65.43 |
|      sky      | 92.48 | 96.89 |
|     person    | 71.94 | 90.05 |
|     rider     | 49.06 | 60.73 |
|      car      |  91.2 | 95.52 |
|     truck     | 49.66 | 75.39 |
|      bus      | 64.72 | 82.85 |
|     train     | 25.83 | 30.45 |
|   motorcycle  | 50.55 | 63.45 |
|    bicycle    | 67.65 | 87.04 |
+---------------+-------+-------+
2026/07/21 23:41:10 - mmengine - INFO - Iter(val) [250/250]    aAcc: 93.9800  mIoU: 64.4700  mAcc: 74.8200  data_time: 0.0097  time: 0.0545
2026/07/21 23:41:58 - mmengine - INFO - Iter(train) [100100/160000]  lr: 4.1831e-03  eta: 8:04:34  time: 0.4814  data_time: 0.0259  memory: 9068  loss: 1.0246  decode.loss_ohem: 0.7288  decode.acc_seg: 91.6311  aux_0.loss_ce: 0.2958  aux_0.acc_seg: 87.2729
2026/07/21 23:42:46 - mmengine - INFO - Iter(train) [100200/160000]  lr: 4.1768e-03  eta: 8:03:46  time: 0.4810  data_time: 0.0253  memory: 9066  loss: 1.0272  decode.loss_ohem: 0.7318  decode.acc_seg: 89.7275  aux_0.loss_ce: 0.2954  aux_0.acc_seg: 86.4109
2026/07/21 23:43:34 - mmengine - INFO - Iter(train) [100300/160000]  lr: 4.1706e-03  eta: 8:02:57  time: 0.4807  data_time: 0.0260  memory: 9066  loss: 0.9271  decode.loss_ohem: 0.6908  decode.acc_seg: 93.7868  aux_0.loss_ce: 0.2363  aux_0.acc_seg: 91.8627
2026/07/21 23:44:23 - mmengine - INFO - Iter(train) [100400/160000]  lr: 4.1643e-03  eta: 8:02:08  time: 0.4838  data_time: 0.0270  memory: 9066  loss: 1.0540  decode.loss_ohem: 0.7543  decode.acc_seg: 93.1510  aux_0.loss_ce: 0.2998  aux_0.acc_seg: 91.2961
2026/07/21 23:45:11 - mmengine - INFO - Iter(train) [100500/160000]  lr: 4.1580e-03  eta: 8:01:20  time: 0.4832  data_time: 0.0257  memory: 9068  loss: 1.0268  decode.loss_ohem: 0.7430  decode.acc_seg: 93.3423  aux_0.loss_ce: 0.2838  aux_0.acc_seg: 90.5288
2026/07/21 23:45:59 - mmengine - INFO - Iter(train) [100600/160000]  lr: 4.1518e-03  eta: 8:00:31  time: 0.4838  data_time: 0.0264  memory: 9066  loss: 0.9431  decode.loss_ohem: 0.6937  decode.acc_seg: 90.8625  aux_0.loss_ce: 0.2494  aux_0.acc_seg: 87.5129
2026/07/21 23:46:48 - mmengine - INFO - Iter(train) [100700/160000]  lr: 4.1455e-03  eta: 7:59:42  time: 0.4845  data_time: 0.0269  memory: 9066  loss: 1.0495  decode.loss_ohem: 0.7711  decode.acc_seg: 91.5127  aux_0.loss_ce: 0.2784  aux_0.acc_seg: 88.3904
2026/07/21 23:47:36 - mmengine - INFO - Iter(train) [100800/160000]  lr: 4.1392e-03  eta: 7:58:54  time: 0.4831  data_time: 0.0262  memory: 9065  loss: 0.9295  decode.loss_ohem: 0.6686  decode.acc_seg: 92.8924  aux_0.loss_ce: 0.2610  aux_0.acc_seg: 91.2515
2026/07/21 23:48:24 - mmengine - INFO - Iter(train) [100900/160000]  lr: 4.1329e-03  eta: 7:58:05  time: 0.4857  data_time: 0.0285  memory: 9066  loss: 1.0788  decode.loss_ohem: 0.8018  decode.acc_seg: 91.6184  aux_0.loss_ce: 0.2770  aux_0.acc_seg: 87.6916
2026/07/21 23:49:13 - mmengine - INFO - Exp name: dsanet_cityscapes_512x1024_20260721_100709
2026/07/21 23:49:13 - mmengine - INFO - Iter(train) [101000/160000]  lr: 4.1266e-03  eta: 7:57:16  time: 0.4857  data_time: 0.0280  memory: 9065  loss: 0.9378  decode.loss_ohem: 0.6944  decode.acc_seg: 94.0625  aux_0.loss_ce: 0.2434  aux_0.acc_seg: 92.1034
2026/07/21 23:50:01 - mmengine - INFO - Iter(train) [101100/160000]  lr: 4.1204e-03  eta: 7:56:28  time: 0.4826  data_time: 0.0252  memory: 9066  loss: 0.9670  decode.loss_ohem: 0.7115  decode.acc_seg: 92.1159  aux_0.loss_ce: 0.2554  aux_0.acc_seg: 90.7234
2026/07/21 23:50:50 - mmengine - INFO - Iter(train) [101200/160000]  lr: 4.1141e-03  eta: 7:55:39  time: 0.4836  data_time: 0.0258  memory: 9066  loss: 0.9705  decode.loss_ohem: 0.6811  decode.acc_seg: 93.5583  aux_0.loss_ce: 0.2894  aux_0.acc_seg: 91.6767
2026/07/21 23:51:38 - mmengine - INFO - Iter(train) [101300/160000]  lr: 4.1078e-03  eta: 7:54:50  time: 0.4826  data_time: 0.0258  memory: 9066  loss: 1.0843  decode.loss_ohem: 0.7898  decode.acc_seg: 92.4417  aux_0.loss_ce: 0.2945  aux_0.acc_seg: 89.7108
2026/07/21 23:52:26 - mmengine - INFO - Iter(train) [101400/160000]  lr: 4.1015e-03  eta: 7:54:02  time: 0.4845  data_time: 0.0263  memory: 9067  loss: 1.0037  decode.loss_ohem: 0.7259  decode.acc_seg: 92.9765  aux_0.loss_ce: 0.2778  aux_0.acc_seg: 91.3801
2026/07/21 23:53:14 - mmengine - INFO - Iter(train) [101500/160000]  lr: 4.0952e-03  eta: 7:53:13  time: 0.4829  data_time: 0.0265  memory: 9067  loss: 1.0407  decode.loss_ohem: 0.7687  decode.acc_seg: 93.5957  aux_0.loss_ce: 0.2720  aux_0.acc_seg: 91.5235
2026/07/21 23:54:03 - mmengine - INFO - Iter(train) [101600/160000]  lr: 4.0889e-03  eta: 7:52:24  time: 0.4867  data_time: 0.0271  memory: 9066  loss: 1.0079  decode.loss_ohem: 0.7428  decode.acc_seg: 90.3428  aux_0.loss_ce: 0.2650  aux_0.acc_seg: 90.5872
2026/07/21 23:54:51 - mmengine - INFO - Iter(train) [101700/160000]  lr: 4.0827e-03  eta: 7:51:36  time: 0.4822  data_time: 0.0260  memory: 9067  loss: 0.9646  decode.loss_ohem: 0.7134  decode.acc_seg: 93.7137  aux_0.loss_ce: 0.2511  aux_0.acc_seg: 92.2799
2026/07/21 23:55:40 - mmengine - INFO - Iter(train) [101800/160000]  lr: 4.0764e-03  eta: 7:50:47  time: 0.4849  data_time: 0.0254  memory: 9066  loss: 0.9899  decode.loss_ohem: 0.7270  decode.acc_seg: 91.7697  aux_0.loss_ce: 0.2629  aux_0.acc_seg: 87.3257
2026/07/21 23:56:28 - mmengine - INFO - Iter(train) [101900/160000]  lr: 4.0701e-03  eta: 7:49:58  time: 0.4835  data_time: 0.0261  memory: 9066  loss: 0.9679  decode.loss_ohem: 0.6815  decode.acc_seg: 93.8956  aux_0.loss_ce: 0.2864  aux_0.acc_seg: 91.8779
2026/07/21 23:57:16 - mmengine - INFO - Exp name: dsanet_cityscapes_512x1024_20260721_100709
2026/07/21 23:57:16 - mmengine - INFO - Iter(train) [102000/160000]  lr: 4.0638e-03  eta: 7:49:10  time: 0.4774  data_time: 0.0255  memory: 9067  loss: 1.0106  decode.loss_ohem: 0.7564  decode.acc_seg: 92.8765  aux_0.loss_ce: 0.2542  aux_0.acc_seg: 91.0025
2026/07/21 23:58:05 - mmengine - INFO - Iter(train) [102100/160000]  lr: 4.0575e-03  eta: 7:48:21  time: 0.4856  data_time: 0.0270  memory: 9068  loss: 0.9905  decode.loss_ohem: 0.7202  decode.acc_seg: 93.6607  aux_0.loss_ce: 0.2704  aux_0.acc_seg: 91.1229
2026/07/21 23:58:53 - mmengine - INFO - Iter(train) [102200/160000]  lr: 4.0512e-03  eta: 7:47:33  time: 0.4877  data_time: 0.0262  memory: 9066  loss: 0.9851  decode.loss_ohem: 0.7159  decode.acc_seg: 94.5121  aux_0.loss_ce: 0.2691  aux_0.acc_seg: 92.4526
2026/07/21 23:59:42 - mmengine - INFO - Iter(train) [102300/160000]  lr: 4.0449e-03  eta: 7:46:44  time: 0.4839  data_time: 0.0266  memory: 9065  loss: 0.9738  decode.loss_ohem: 0.6887  decode.acc_seg: 94.0495  aux_0.loss_ce: 0.2851  aux_0.acc_seg: 90.9586
2026/07/22 00:00:30 - mmengine - INFO - Iter(train) [102400/160000]  lr: 4.0386e-03  eta: 7:45:55  time: 0.4751  data_time: 0.0267  memory: 9066  loss: 1.0140  decode.loss_ohem: 0.7609  decode.acc_seg: 92.5014  aux_0.loss_ce: 0.2531  aux_0.acc_seg: 90.8432
2026/07/22 00:01:18 - mmengine - INFO - Iter(train) [102500/160000]  lr: 4.0323e-03  eta: 7:45:07  time: 0.4821  data_time: 0.0251  memory: 9069  loss: 0.9772  decode.loss_ohem: 0.7185  decode.acc_seg: 90.7511  aux_0.loss_ce: 0.2587  aux_0.acc_seg: 88.0124
2026/07/22 00:02:07 - mmengine - INFO - Iter(train) [102600/160000]  lr: 4.0260e-03  eta: 7:44:18  time: 0.4947  data_time: 0.0295  memory: 9067  loss: 1.0292  decode.loss_ohem: 0.7622  decode.acc_seg: 92.1458  aux_0.loss_ce: 0.2670  aux_0.acc_seg: 89.8559
2026/07/22 00:02:55 - mmengine - INFO - Iter(train) [102700/160000]  lr: 4.0197e-03  eta: 7:43:29  time: 0.4853  data_time: 0.0276  memory: 9065  loss: 0.9576  decode.loss_ohem: 0.7110  decode.acc_seg: 92.2825  aux_0.loss_ce: 0.2466  aux_0.acc_seg: 88.1918
2026/07/22 00:03:43 - mmengine - INFO - Iter(train) [102800/160000]  lr: 4.0134e-03  eta: 7:42:41  time: 0.4826  data_time: 0.0265  memory: 9065  loss: 0.8987  decode.loss_ohem: 0.6547  decode.acc_seg: 93.6490  aux_0.loss_ce: 0.2440  aux_0.acc_seg: 90.0125
2026/07/22 00:04:32 - mmengine - INFO - Iter(train) [102900/160000]  lr: 4.0071e-03  eta: 7:41:52  time: 0.4842  data_time: 0.0274  memory: 9065  loss: 0.9605  decode.loss_ohem: 0.6983  decode.acc_seg: 90.9030  aux_0.loss_ce: 0.2623  aux_0.acc_seg: 89.8588
2026/07/22 00:05:20 - mmengine - INFO - Exp name: dsanet_cityscapes_512x1024_20260721_100709
2026/07/22 00:05:20 - mmengine - INFO - Iter(train) [103000/160000]  lr: 4.0008e-03  eta: 7:41:03  time: 0.4776  data_time: 0.0261  memory: 9067  loss: 0.9518  decode.loss_ohem: 0.6804  decode.acc_seg: 93.4683  aux_0.loss_ce: 0.2714  aux_0.acc_seg: 91.1158
2026/07/22 00:06:09 - mmengine - INFO - Iter(train) [103100/160000]  lr: 3.9945e-03  eta: 7:40:15  time: 0.4844  data_time: 0.0265  memory: 9066  loss: 1.0123  decode.loss_ohem: 0.7515  decode.acc_seg: 91.4707  aux_0.loss_ce: 0.2608  aux_0.acc_seg: 89.8474
2026/07/22 00:06:57 - mmengine - INFO - Iter(train) [103200/160000]  lr: 3.9882e-03  eta: 7:39:26  time: 0.4781  data_time: 0.0270  memory: 9066  loss: 0.9856  decode.loss_ohem: 0.7304  decode.acc_seg: 91.3295  aux_0.loss_ce: 0.2551  aux_0.acc_seg: 88.8626
2026/07/22 00:07:45 - mmengine - INFO - Iter(train) [103300/160000]  lr: 3.9819e-03  eta: 7:38:37  time: 0.4816  data_time: 0.0262  memory: 9066  loss: 0.9626  decode.loss_ohem: 0.7018  decode.acc_seg: 92.8358  aux_0.loss_ce: 0.2608  aux_0.acc_seg: 88.6781
2026/07/22 00:08:33 - mmengine - INFO - Iter(train) [103400/160000]  lr: 3.9756e-03  eta: 7:37:49  time: 0.4860  data_time: 0.0282  memory: 9067  loss: 1.0231  decode.loss_ohem: 0.7446  decode.acc_seg: 93.1976  aux_0.loss_ce: 0.2784  aux_0.acc_seg: 91.1808
2026/07/22 00:09:22 - mmengine - INFO - Iter(train) [103500/160000]  lr: 3.9693e-03  eta: 7:37:00  time: 0.4831  data_time: 0.0263  memory: 9065  loss: 0.9757  decode.loss_ohem: 0.7170  decode.acc_seg: 93.3492  aux_0.loss_ce: 0.2586  aux_0.acc_seg: 88.5000
2026/07/22 00:10:10 - mmengine - INFO - Iter(train) [103600/160000]  lr: 3.9630e-03  eta: 7:36:11  time: 0.4870  data_time: 0.0290  memory: 9066  loss: 0.9559  decode.loss_ohem: 0.7067  decode.acc_seg: 92.2691  aux_0.loss_ce: 0.2492  aux_0.acc_seg: 89.5018
2026/07/22 00:10:58 - mmengine - INFO - Iter(train) [103700/160000]  lr: 3.9567e-03  eta: 7:35:23  time: 0.4829  data_time: 0.0265  memory: 9066  loss: 0.9917  decode.loss_ohem: 0.7215  decode.acc_seg: 93.4053  aux_0.loss_ce: 0.2702  aux_0.acc_seg: 91.1269
2026/07/22 00:11:47 - mmengine - INFO - Iter(train) [103800/160000]  lr: 3.9504e-03  eta: 7:34:34  time: 0.4814  data_time: 0.0261  memory: 9066  loss: 0.9386  decode.loss_ohem: 0.7074  decode.acc_seg: 91.3801  aux_0.loss_ce: 0.2313  aux_0.acc_seg: 87.4461
2026/07/22 00:12:35 - mmengine - INFO - Iter(train) [103900/160000]  lr: 3.9441e-03  eta: 7:33:45  time: 0.4833  data_time: 0.0261  memory: 9069  loss: 0.9902  decode.loss_ohem: 0.7156  decode.acc_seg: 90.7319  aux_0.loss_ce: 0.2746  aux_0.acc_seg: 87.2668
2026/07/22 00:13:24 - mmengine - INFO - Exp name: dsanet_cityscapes_512x1024_20260721_100709
2026/07/22 00:13:24 - mmengine - INFO - Iter(train) [104000/160000]  lr: 3.9378e-03  eta: 7:32:57  time: 0.4848  data_time: 0.0259  memory: 9066  loss: 0.9470  decode.loss_ohem: 0.6778  decode.acc_seg: 92.9666  aux_0.loss_ce: 0.2692  aux_0.acc_seg: 91.8295
2026/07/22 00:14:12 - mmengine - INFO - Iter(train) [104100/160000]  lr: 3.9315e-03  eta: 7:32:08  time: 0.4809  data_time: 0.0260  memory: 9068  loss: 1.0396  decode.loss_ohem: 0.7684  decode.acc_seg: 93.6753  aux_0.loss_ce: 0.2711  aux_0.acc_seg: 92.3254
2026/07/22 00:15:00 - mmengine - INFO - Iter(train) [104200/160000]  lr: 3.9251e-03  eta: 7:31:20  time: 0.4846  data_time: 0.0266  memory: 9067  loss: 0.9462  decode.loss_ohem: 0.6831  decode.acc_seg: 94.5067  aux_0.loss_ce: 0.2631  aux_0.acc_seg: 93.0768
2026/07/22 00:15:49 - mmengine - INFO - Iter(train) [104300/160000]  lr: 3.9188e-03  eta: 7:30:31  time: 0.4865  data_time: 0.0277  memory: 9065  loss: 1.0135  decode.loss_ohem: 0.7422  decode.acc_seg: 91.9064  aux_0.loss_ce: 0.2713  aux_0.acc_seg: 89.1390
2026/07/22 00:16:37 - mmengine - INFO - Iter(train) [104400/160000]  lr: 3.9125e-03  eta: 7:29:42  time: 0.4863  data_time: 0.0285  memory: 9066  loss: 1.0076  decode.loss_ohem: 0.7351  decode.acc_seg: 93.2393  aux_0.loss_ce: 0.2726  aux_0.acc_seg: 90.0770
2026/07/22 00:17:26 - mmengine - INFO - Iter(train) [104500/160000]  lr: 3.9062e-03  eta: 7:28:54  time: 0.4862  data_time: 0.0282  memory: 9067  loss: 0.9047  decode.loss_ohem: 0.6634  decode.acc_seg: 93.8692  aux_0.loss_ce: 0.2414  aux_0.acc_seg: 91.1758
2026/07/22 00:18:14 - mmengine - INFO - Iter(train) [104600/160000]  lr: 3.8999e-03  eta: 7:28:05  time: 0.4844  data_time: 0.0267  memory: 9066  loss: 1.0370  decode.loss_ohem: 0.7633  decode.acc_seg: 89.7349  aux_0.loss_ce: 0.2737  aux_0.acc_seg: 87.3149
2026/07/22 00:19:03 - mmengine - INFO - Iter(train) [104700/160000]  lr: 3.8936e-03  eta: 7:27:17  time: 0.4860  data_time: 0.0269  memory: 9067  loss: 1.0559  decode.loss_ohem: 0.7642  decode.acc_seg: 91.7721  aux_0.loss_ce: 0.2916  aux_0.acc_seg: 89.0816
2026/07/22 00:19:51 - mmengine - INFO - Iter(train) [104800/160000]  lr: 3.8872e-03  eta: 7:26:28  time: 0.4860  data_time: 0.0272  memory: 9067  loss: 0.9987  decode.loss_ohem: 0.7362  decode.acc_seg: 90.1605  aux_0.loss_ce: 0.2625  aux_0.acc_seg: 88.1619
2026/07/22 00:20:40 - mmengine - INFO - Iter(train) [104900/160000]  lr: 3.8809e-03  eta: 7:25:40  time: 0.4870  data_time: 0.0272  memory: 9069  loss: 1.0201  decode.loss_ohem: 0.7489  decode.acc_seg: 94.2596  aux_0.loss_ce: 0.2711  aux_0.acc_seg: 93.3401
2026/07/22 00:21:29 - mmengine - INFO - Exp name: dsanet_cityscapes_512x1024_20260721_100709
2026/07/22 00:21:29 - mmengine - INFO - Iter(train) [105000/160000]  lr: 3.8746e-03  eta: 7:24:51  time: 0.4851  data_time: 0.0266  memory: 9067  loss: 1.1136  decode.loss_ohem: 0.7971  decode.acc_seg: 90.2333  aux_0.loss_ce: 0.3166  aux_0.acc_seg: 86.5420
2026/07/22 00:21:29 - mmengine - INFO - Saving checkpoint at 105000 iterations
2026/07/22 00:21:35 - mmengine - INFO - Iter(val) [100/250]    eta: 0:00:08  time: 0.0523  data_time: 0.0085  memory: 801  
2026/07/22 00:21:40 - mmengine - INFO - Iter(val) [200/250]    eta: 0:00:02  time: 0.0538  data_time: 0.0090  memory: 801  
2026/07/22 00:21:43 - mmengine - INFO - per class results:
2026/07/22 00:21:43 - mmengine - INFO - 
+---------------+-------+-------+
|     Class     |  IoU  |  Acc  |
+---------------+-------+-------+
|      road     | 96.92 | 97.72 |
|    sidewalk   | 77.28 | 92.33 |
|    building   | 89.09 |  93.9 |
|      wall     | 42.61 | 48.48 |
|     fence     | 45.95 | 67.07 |
|      pole     | 57.08 | 70.86 |
| traffic light | 50.83 | 59.98 |
|  traffic sign | 67.97 | 78.63 |
|   vegetation  | 90.09 | 95.83 |
|    terrain    | 55.38 | 65.11 |
|      sky      | 92.87 | 95.91 |
|     person    | 70.62 | 87.88 |
|     rider     | 50.76 | 64.28 |
|      car      |  89.5 | 93.43 |
|     truck     | 43.91 | 78.23 |
|      bus      | 62.63 | 66.51 |
|     train     | 45.84 | 88.91 |
|   motorcycle  | 32.34 |  39.1 |
|    bicycle    | 68.01 | 84.35 |
+---------------+-------+-------+
2026/07/22 00:21:43 - mmengine - INFO - Iter(val) [250/250]    aAcc: 93.9100  mIoU: 64.7200  mAcc: 77.2900  data_time: 0.0098  time: 0.0542
2026/07/22 00:22:31 - mmengine - INFO - Iter(train) [105100/160000]  lr: 3.8683e-03  eta: 7:24:03  time: 0.4828  data_time: 0.0258  memory: 9066  loss: 0.9403  decode.loss_ohem: 0.6695  decode.acc_seg: 92.9940  aux_0.loss_ce: 0.2708  aux_0.acc_seg: 90.2726
2026/07/22 00:23:19 - mmengine - INFO - Iter(train) [105200/160000]  lr: 3.8619e-03  eta: 7:23:14  time: 0.4806  data_time: 0.0260  memory: 9067  loss: 0.9043  decode.loss_ohem: 0.6756  decode.acc_seg: 92.9055  aux_0.loss_ce: 0.2286  aux_0.acc_seg: 90.4637
2026/07/22 00:24:07 - mmengine - INFO - Iter(train) [105300/160000]  lr: 3.8556e-03  eta: 7:22:25  time: 0.4830  data_time: 0.0268  memory: 9068  loss: 0.9496  decode.loss_ohem: 0.6837  decode.acc_seg: 93.2259  aux_0.loss_ce: 0.2660  aux_0.acc_seg: 91.2476
2026/07/22 00:24:56 - mmengine - INFO - Iter(train) [105400/160000]  lr: 3.8493e-03  eta: 7:21:37  time: 0.4823  data_time: 0.0263  memory: 9066  loss: 0.9363  decode.loss_ohem: 0.6787  decode.acc_seg: 92.7904  aux_0.loss_ce: 0.2576  aux_0.acc_seg: 88.6616
2026/07/22 00:25:44 - mmengine - INFO - Iter(train) [105500/160000]  lr: 3.8430e-03  eta: 7:20:48  time: 0.4831  data_time: 0.0270  memory: 9066  loss: 1.0253  decode.loss_ohem: 0.7512  decode.acc_seg: 91.8309  aux_0.loss_ce: 0.2741  aux_0.acc_seg: 89.7297
2026/07/22 00:26:32 - mmengine - INFO - Iter(train) [105600/160000]  lr: 3.8366e-03  eta: 7:19:59  time: 0.4826  data_time: 0.0269  memory: 9065  loss: 0.9663  decode.loss_ohem: 0.7134  decode.acc_seg: 94.0744  aux_0.loss_ce: 0.2529  aux_0.acc_seg: 91.1414
2026/07/22 00:27:21 - mmengine - INFO - Iter(train) [105700/160000]  lr: 3.8303e-03  eta: 7:19:11  time: 0.4831  data_time: 0.0263  memory: 9068  loss: 0.9734  decode.loss_ohem: 0.7047  decode.acc_seg: 93.2111  aux_0.loss_ce: 0.2687  aux_0.acc_seg: 91.2451
2026/07/22 00:28:09 - mmengine - INFO - Iter(train) [105800/160000]  lr: 3.8240e-03  eta: 7:18:22  time: 0.4832  data_time: 0.0265  memory: 9066  loss: 1.1080  decode.loss_ohem: 0.8186  decode.acc_seg: 95.5763  aux_0.loss_ce: 0.2894  aux_0.acc_seg: 94.0867
2026/07/22 00:28:57 - mmengine - INFO - Iter(train) [105900/160000]  lr: 3.8176e-03  eta: 7:17:33  time: 0.4831  data_time: 0.0266  memory: 9066  loss: 1.0040  decode.loss_ohem: 0.7337  decode.acc_seg: 94.3412  aux_0.loss_ce: 0.2703  aux_0.acc_seg: 91.8318
2026/07/22 00:29:46 - mmengine - INFO - Exp name: dsanet_cityscapes_512x1024_20260721_100709
2026/07/22 00:29:46 - mmengine - INFO - Iter(train) [106000/160000]  lr: 3.8113e-03  eta: 7:16:45  time: 0.4842  data_time: 0.0272  memory: 9066  loss: 0.9865  decode.loss_ohem: 0.7064  decode.acc_seg: 93.0175  aux_0.loss_ce: 0.2802  aux_0.acc_seg: 90.6058
2026/07/22 00:30:34 - mmengine - INFO - Iter(train) [106100/160000]  lr: 3.8050e-03  eta: 7:15:56  time: 0.4833  data_time: 0.0272  memory: 9067  loss: 0.9128  decode.loss_ohem: 0.6558  decode.acc_seg: 94.3883  aux_0.loss_ce: 0.2570  aux_0.acc_seg: 92.4943
2026/07/22 00:31:22 - mmengine - INFO - Iter(train) [106200/160000]  lr: 3.7986e-03  eta: 7:15:07  time: 0.4860  data_time: 0.0288  memory: 9067  loss: 0.9448  decode.loss_ohem: 0.6810  decode.acc_seg: 94.4041  aux_0.loss_ce: 0.2638  aux_0.acc_seg: 92.3192
2026/07/22 00:32:11 - mmengine - INFO - Iter(train) [106300/160000]  lr: 3.7923e-03  eta: 7:14:19  time: 0.4850  data_time: 0.0277  memory: 9067  loss: 1.0019  decode.loss_ohem: 0.7071  decode.acc_seg: 92.1050  aux_0.loss_ce: 0.2948  aux_0.acc_seg: 87.9773
2026/07/22 00:32:59 - mmengine - INFO - Iter(train) [106400/160000]  lr: 3.7859e-03  eta: 7:13:30  time: 0.4841  data_time: 0.0275  memory: 9067  loss: 1.0066  decode.loss_ohem: 0.7362  decode.acc_seg: 93.3889  aux_0.loss_ce: 0.2704  aux_0.acc_seg: 91.1582
2026/07/22 00:33:48 - mmengine - INFO - Iter(train) [106500/160000]  lr: 3.7796e-03  eta: 7:12:42  time: 0.4837  data_time: 0.0273  memory: 9066  loss: 0.9510  decode.loss_ohem: 0.6930  decode.acc_seg: 90.8501  aux_0.loss_ce: 0.2579  aux_0.acc_seg: 89.3562
2026/07/22 00:34:36 - mmengine - INFO - Iter(train) [106600/160000]  lr: 3.7733e-03  eta: 7:11:53  time: 0.4834  data_time: 0.0271  memory: 9065  loss: 0.9863  decode.loss_ohem: 0.7327  decode.acc_seg: 92.5720  aux_0.loss_ce: 0.2535  aux_0.acc_seg: 89.0485
2026/07/22 00:35:24 - mmengine - INFO - Iter(train) [106700/160000]  lr: 3.7669e-03  eta: 7:11:04  time: 0.4832  data_time: 0.0268  memory: 9066  loss: 0.9711  decode.loss_ohem: 0.7040  decode.acc_seg: 92.7367  aux_0.loss_ce: 0.2671  aux_0.acc_seg: 90.3114
2026/07/22 00:36:13 - mmengine - INFO - Iter(train) [106800/160000]  lr: 3.7606e-03  eta: 7:10:16  time: 0.4824  data_time: 0.0265  memory: 9065  loss: 1.0209  decode.loss_ohem: 0.7489  decode.acc_seg: 91.3570  aux_0.loss_ce: 0.2719  aux_0.acc_seg: 91.4358
2026/07/22 00:37:01 - mmengine - INFO - Iter(train) [106900/160000]  lr: 3.7542e-03  eta: 7:09:27  time: 0.4839  data_time: 0.0274  memory: 9067  loss: 0.9317  decode.loss_ohem: 0.6880  decode.acc_seg: 94.4054  aux_0.loss_ce: 0.2437  aux_0.acc_seg: 88.6443
2026/07/22 00:37:49 - mmengine - INFO - Exp name: dsanet_cityscapes_512x1024_20260721_100709
2026/07/22 00:37:49 - mmengine - INFO - Iter(train) [107000/160000]  lr: 3.7479e-03  eta: 7:08:39  time: 0.4845  data_time: 0.0271  memory: 9067  loss: 1.0073  decode.loss_ohem: 0.7366  decode.acc_seg: 95.2273  aux_0.loss_ce: 0.2707  aux_0.acc_seg: 94.0258
2026/07/22 00:38:38 - mmengine - INFO - Iter(train) [107100/160000]  lr: 3.7415e-03  eta: 7:07:50  time: 0.4822  data_time: 0.0262  memory: 9065  loss: 0.9555  decode.loss_ohem: 0.7012  decode.acc_seg: 94.7833  aux_0.loss_ce: 0.2543  aux_0.acc_seg: 92.4117
2026/07/22 00:39:26 - mmengine - INFO - Iter(train) [107200/160000]  lr: 3.7352e-03  eta: 7:07:01  time: 0.4820  data_time: 0.0260  memory: 9066  loss: 0.9916  decode.loss_ohem: 0.7145  decode.acc_seg: 93.2778  aux_0.loss_ce: 0.2771  aux_0.acc_seg: 91.3719
2026/07/22 00:40:15 - mmengine - INFO - Iter(train) [107300/160000]  lr: 3.7288e-03  eta: 7:06:13  time: 0.4845  data_time: 0.0273  memory: 9068  loss: 0.9736  decode.loss_ohem: 0.7045  decode.acc_seg: 94.7056  aux_0.loss_ce: 0.2690  aux_0.acc_seg: 92.7318
2026/07/22 00:41:03 - mmengine - INFO - Iter(train) [107400/160000]  lr: 3.7225e-03  eta: 7:05:24  time: 0.4828  data_time: 0.0272  memory: 9065  loss: 1.0255  decode.loss_ohem: 0.7425  decode.acc_seg: 94.3933  aux_0.loss_ce: 0.2830  aux_0.acc_seg: 91.2143
2026/07/22 00:41:51 - mmengine - INFO - Iter(train) [107500/160000]  lr: 3.7161e-03  eta: 7:04:35  time: 0.4829  data_time: 0.0268  memory: 9066  loss: 0.9653  decode.loss_ohem: 0.6907  decode.acc_seg: 94.2280  aux_0.loss_ce: 0.2747  aux_0.acc_seg: 89.6434
2026/07/22 00:42:40 - mmengine - INFO - Iter(train) [107600/160000]  lr: 3.7098e-03  eta: 7:03:47  time: 0.4859  data_time: 0.0290  memory: 9066  loss: 0.9373  decode.loss_ohem: 0.7050  decode.acc_seg: 90.0433  aux_0.loss_ce: 0.2323  aux_0.acc_seg: 89.6696
2026/07/22 00:43:28 - mmengine - INFO - Iter(train) [107700/160000]  lr: 3.7034e-03  eta: 7:02:58  time: 0.4850  data_time: 0.0270  memory: 9067  loss: 1.0390  decode.loss_ohem: 0.7615  decode.acc_seg: 93.8708  aux_0.loss_ce: 0.2775  aux_0.acc_seg: 92.4420
2026/07/22 00:44:16 - mmengine - INFO - Iter(train) [107800/160000]  lr: 3.6971e-03  eta: 7:02:10  time: 0.4838  data_time: 0.0270  memory: 9067  loss: 1.0360  decode.loss_ohem: 0.7511  decode.acc_seg: 93.9031  aux_0.loss_ce: 0.2849  aux_0.acc_seg: 91.1162
2026/07/22 00:45:05 - mmengine - INFO - Iter(train) [107900/160000]  lr: 3.6907e-03  eta: 7:01:21  time: 0.4837  data_time: 0.0275  memory: 9066  loss: 1.0147  decode.loss_ohem: 0.7397  decode.acc_seg: 88.1155  aux_0.loss_ce: 0.2750  aux_0.acc_seg: 86.4804
2026/07/22 00:45:53 - mmengine - INFO - Exp name: dsanet_cityscapes_512x1024_20260721_100709
2026/07/22 00:45:53 - mmengine - INFO - Iter(train) [108000/160000]  lr: 3.6843e-03  eta: 7:00:33  time: 0.4830  data_time: 0.0267  memory: 9067  loss: 0.9593  decode.loss_ohem: 0.6983  decode.acc_seg: 92.1064  aux_0.loss_ce: 0.2610  aux_0.acc_seg: 90.3111
2026/07/22 00:46:42 - mmengine - INFO - Iter(train) [108100/160000]  lr: 3.6780e-03  eta: 6:59:44  time: 0.4840  data_time: 0.0274  memory: 9068  loss: 0.9536  decode.loss_ohem: 0.7012  decode.acc_seg: 91.7782  aux_0.loss_ce: 0.2524  aux_0.acc_seg: 91.1719
2026/07/22 00:47:30 - mmengine - INFO - Iter(train) [108200/160000]  lr: 3.6716e-03  eta: 6:58:55  time: 0.4833  data_time: 0.0275  memory: 9066  loss: 0.9989  decode.loss_ohem: 0.7561  decode.acc_seg: 92.7975  aux_0.loss_ce: 0.2428  aux_0.acc_seg: 91.0150
2026/07/22 00:48:18 - mmengine - INFO - Iter(train) [108300/160000]  lr: 3.6653e-03  eta: 6:58:07  time: 0.4827  data_time: 0.0269  memory: 9066  loss: 1.0003  decode.loss_ohem: 0.7267  decode.acc_seg: 93.7669  aux_0.loss_ce: 0.2736  aux_0.acc_seg: 89.8540
2026/07/22 00:49:07 - mmengine - INFO - Iter(train) [108400/160000]  lr: 3.6589e-03  eta: 6:57:18  time: 0.4824  data_time: 0.0267  memory: 9067  loss: 0.9650  decode.loss_ohem: 0.6995  decode.acc_seg: 94.7470  aux_0.loss_ce: 0.2655  aux_0.acc_seg: 92.0848
2026/07/22 00:49:55 - mmengine - INFO - Iter(train) [108500/160000]  lr: 3.6525e-03  eta: 6:56:29  time: 0.4829  data_time: 0.0273  memory: 9066  loss: 0.9833  decode.loss_ohem: 0.7300  decode.acc_seg: 91.8966  aux_0.loss_ce: 0.2533  aux_0.acc_seg: 90.3491
2026/07/22 00:50:43 - mmengine - INFO - Iter(train) [108600/160000]  lr: 3.6462e-03  eta: 6:55:41  time: 0.4828  data_time: 0.0277  memory: 9068  loss: 0.9734  decode.loss_ohem: 0.7114  decode.acc_seg: 90.9429  aux_0.loss_ce: 0.2621  aux_0.acc_seg: 89.1153
2026/07/22 00:51:31 - mmengine - INFO - Iter(train) [108700/160000]  lr: 3.6398e-03  eta: 6:54:52  time: 0.4828  data_time: 0.0275  memory: 9066  loss: 0.9502  decode.loss_ohem: 0.6883  decode.acc_seg: 92.2371  aux_0.loss_ce: 0.2619  aux_0.acc_seg: 89.5759
2026/07/22 00:52:20 - mmengine - INFO - Iter(train) [108800/160000]  lr: 3.6334e-03  eta: 6:54:03  time: 0.4826  data_time: 0.0274  memory: 9066  loss: 0.9816  decode.loss_ohem: 0.7167  decode.acc_seg: 91.5628  aux_0.loss_ce: 0.2648  aux_0.acc_seg: 88.3641
2026/07/22 00:53:08 - mmengine - INFO - Iter(train) [108900/160000]  lr: 3.6271e-03  eta: 6:53:15  time: 0.4835  data_time: 0.0277  memory: 9067  loss: 0.9460  decode.loss_ohem: 0.6896  decode.acc_seg: 93.7327  aux_0.loss_ce: 0.2564  aux_0.acc_seg: 91.3587
2026/07/22 00:53:56 - mmengine - INFO - Exp name: dsanet_cityscapes_512x1024_20260721_100709
2026/07/22 00:53:56 - mmengine - INFO - Iter(train) [109000/160000]  lr: 3.6207e-03  eta: 6:52:26  time: 0.4833  data_time: 0.0277  memory: 9066  loss: 0.9116  decode.loss_ohem: 0.6577  decode.acc_seg: 92.0036  aux_0.loss_ce: 0.2538  aux_0.acc_seg: 89.8473
2026/07/22 00:54:45 - mmengine - INFO - Iter(train) [109100/160000]  lr: 3.6143e-03  eta: 6:51:38  time: 0.4822  data_time: 0.0274  memory: 9067  loss: 0.9749  decode.loss_ohem: 0.7061  decode.acc_seg: 92.3849  aux_0.loss_ce: 0.2687  aux_0.acc_seg: 89.3386
2026/07/22 00:55:33 - mmengine - INFO - Iter(train) [109200/160000]  lr: 3.6079e-03  eta: 6:50:49  time: 0.4831  data_time: 0.0276  memory: 9065  loss: 0.9728  decode.loss_ohem: 0.6841  decode.acc_seg: 92.0794  aux_0.loss_ce: 0.2887  aux_0.acc_seg: 89.1324
2026/07/22 00:56:21 - mmengine - INFO - Iter(train) [109300/160000]  lr: 3.6016e-03  eta: 6:50:00  time: 0.4823  data_time: 0.0268  memory: 9066  loss: 0.9602  decode.loss_ohem: 0.7016  decode.acc_seg: 91.5361  aux_0.loss_ce: 0.2587  aux_0.acc_seg: 87.7606
2026/07/22 00:57:09 - mmengine - INFO - Iter(train) [109400/160000]  lr: 3.5952e-03  eta: 6:49:12  time: 0.4819  data_time: 0.0271  memory: 9066  loss: 0.9353  decode.loss_ohem: 0.6959  decode.acc_seg: 94.2961  aux_0.loss_ce: 0.2394  aux_0.acc_seg: 92.3247
2026/07/22 00:57:58 - mmengine - INFO - Iter(train) [109500/160000]  lr: 3.5888e-03  eta: 6:48:23  time: 0.4830  data_time: 0.0276  memory: 9065  loss: 1.0328  decode.loss_ohem: 0.7410  decode.acc_seg: 92.4881  aux_0.loss_ce: 0.2918  aux_0.acc_seg: 87.4609
2026/07/22 00:58:46 - mmengine - INFO - Iter(train) [109600/160000]  lr: 3.5824e-03  eta: 6:47:34  time: 0.4821  data_time: 0.0270  memory: 9066  loss: 0.9706  decode.loss_ohem: 0.7127  decode.acc_seg: 93.8356  aux_0.loss_ce: 0.2579  aux_0.acc_seg: 91.0604
2026/07/22 00:59:34 - mmengine - INFO - Iter(train) [109700/160000]  lr: 3.5761e-03  eta: 6:46:46  time: 0.4817  data_time: 0.0266  memory: 9066  loss: 0.9986  decode.loss_ohem: 0.7367  decode.acc_seg: 92.8339  aux_0.loss_ce: 0.2618  aux_0.acc_seg: 91.4237
2026/07/22 01:00:22 - mmengine - INFO - Iter(train) [109800/160000]  lr: 3.5697e-03  eta: 6:45:57  time: 0.4830  data_time: 0.0270  memory: 9065  loss: 0.9480  decode.loss_ohem: 0.6826  decode.acc_seg: 93.2433  aux_0.loss_ce: 0.2654  aux_0.acc_seg: 89.4826
2026/07/22 01:01:11 - mmengine - INFO - Iter(train) [109900/160000]  lr: 3.5633e-03  eta: 6:45:08  time: 0.4833  data_time: 0.0273  memory: 9068  loss: 1.0089  decode.loss_ohem: 0.7266  decode.acc_seg: 91.8834  aux_0.loss_ce: 0.2823  aux_0.acc_seg: 87.6097
2026/07/22 01:01:59 - mmengine - INFO - Exp name: dsanet_cityscapes_512x1024_20260721_100709
2026/07/22 01:01:59 - mmengine - INFO - Iter(train) [110000/160000]  lr: 3.5569e-03  eta: 6:44:20  time: 0.4830  data_time: 0.0272  memory: 9066  loss: 0.9545  decode.loss_ohem: 0.6983  decode.acc_seg: 95.0979  aux_0.loss_ce: 0.2562  aux_0.acc_seg: 93.9160
2026/07/22 01:01:59 - mmengine - INFO - Saving checkpoint at 110000 iterations
2026/07/22 01:02:05 - mmengine - INFO - Iter(val) [100/250]    eta: 0:00:08  time: 0.0540  data_time: 0.0090  memory: 801  
2026/07/22 01:02:11 - mmengine - INFO - Iter(val) [200/250]    eta: 0:00:02  time: 0.0544  data_time: 0.0091  memory: 801  
2026/07/22 01:02:13 - mmengine - INFO - per class results:
2026/07/22 01:02:13 - mmengine - INFO - 
+---------------+-------+-------+
|     Class     |  IoU  |  Acc  |
+---------------+-------+-------+
|      road     | 97.58 | 98.82 |
|    sidewalk   |  81.1 | 88.58 |
|    building   | 89.66 | 95.29 |
|      wall     | 45.39 | 52.99 |
|     fence     | 53.27 | 66.37 |
|      pole     | 56.25 | 66.89 |
| traffic light | 53.91 | 63.68 |
|  traffic sign | 65.72 | 70.17 |
|   vegetation  | 90.45 | 95.49 |
|    terrain    | 58.05 | 70.11 |
|      sky      | 91.38 | 96.64 |
|     person    | 72.93 | 90.49 |
|     rider     | 47.32 | 54.28 |
|      car      | 91.87 | 95.92 |
|     truck     | 45.52 | 56.21 |
|      bus      | 59.15 | 90.73 |
|     train     | 50.67 | 54.89 |
|   motorcycle  | 50.98 | 62.26 |
|    bicycle    | 69.77 |  85.1 |
+---------------+-------+-------+
2026/07/22 01:02:13 - mmengine - INFO - Iter(val) [250/250]    aAcc: 94.5400  mIoU: 66.8900  mAcc: 76.5700  data_time: 0.0101  time: 0.0552
2026/07/22 01:03:02 - mmengine - INFO - Iter(train) [110100/160000]  lr: 3.5505e-03  eta: 6:43:31  time: 0.4825  data_time: 0.0270  memory: 9066  loss: 0.9953  decode.loss_ohem: 0.7278  decode.acc_seg: 92.5762  aux_0.loss_ce: 0.2675  aux_0.acc_seg: 90.2679
2026/07/22 01:03:50 - mmengine - INFO - Iter(train) [110200/160000]  lr: 3.5441e-03  eta: 6:42:43  time: 0.4963  data_time: 0.0271  memory: 9068  loss: 0.9108  decode.loss_ohem: 0.6663  decode.acc_seg: 95.0397  aux_0.loss_ce: 0.2446  aux_0.acc_seg: 93.7993
2026/07/22 01:04:38 - mmengine - INFO - Iter(train) [110300/160000]  lr: 3.5377e-03  eta: 6:41:54  time: 0.4826  data_time: 0.0273  memory: 9066  loss: 0.9906  decode.loss_ohem: 0.7109  decode.acc_seg: 93.6828  aux_0.loss_ce: 0.2797  aux_0.acc_seg: 90.7937
2026/07/22 01:05:27 - mmengine - INFO - Iter(train) [110400/160000]  lr: 3.5314e-03  eta: 6:41:05  time: 0.4830  data_time: 0.0269  memory: 9065  loss: 0.9887  decode.loss_ohem: 0.7332  decode.acc_seg: 93.2998  aux_0.loss_ce: 0.2555  aux_0.acc_seg: 90.3494
2026/07/22 01:06:15 - mmengine - INFO - Iter(train) [110500/160000]  lr: 3.5250e-03  eta: 6:40:17  time: 0.4865  data_time: 0.0277  memory: 9066  loss: 0.9779  decode.loss_ohem: 0.7046  decode.acc_seg: 94.4333  aux_0.loss_ce: 0.2733  aux_0.acc_seg: 92.9718
2026/07/22 01:07:04 - mmengine - INFO - Iter(train) [110600/160000]  lr: 3.5186e-03  eta: 6:39:28  time: 0.4805  data_time: 0.0272  memory: 9066  loss: 1.0663  decode.loss_ohem: 0.7887  decode.acc_seg: 93.6551  aux_0.loss_ce: 0.2776  aux_0.acc_seg: 90.2557
2026/07/22 01:07:52 - mmengine - INFO - Iter(train) [110700/160000]  lr: 3.5122e-03  eta: 6:38:39  time: 0.4813  data_time: 0.0271  memory: 9066  loss: 1.0130  decode.loss_ohem: 0.7408  decode.acc_seg: 93.6499  aux_0.loss_ce: 0.2722  aux_0.acc_seg: 88.9195
2026/07/22 01:08:40 - mmengine - INFO - Iter(train) [110800/160000]  lr: 3.5058e-03  eta: 6:37:51  time: 0.4832  data_time: 0.0284  memory: 9067  loss: 1.0296  decode.loss_ohem: 0.7416  decode.acc_seg: 93.1216  aux_0.loss_ce: 0.2879  aux_0.acc_seg: 90.4008
2026/07/22 01:09:29 - mmengine - INFO - Iter(train) [110900/160000]  lr: 3.4994e-03  eta: 6:37:02  time: 0.4846  data_time: 0.0270  memory: 9066  loss: 1.0924  decode.loss_ohem: 0.7853  decode.acc_seg: 92.9764  aux_0.loss_ce: 0.3071  aux_0.acc_seg: 90.1191
2026/07/22 01:10:17 - mmengine - INFO - Exp name: dsanet_cityscapes_512x1024_20260721_100709
2026/07/22 01:10:17 - mmengine - INFO - Iter(train) [111000/160000]  lr: 3.4930e-03  eta: 6:36:14  time: 0.4817  data_time: 0.0270  memory: 9067  loss: 0.9978  decode.loss_ohem: 0.7375  decode.acc_seg: 94.5044  aux_0.loss_ce: 0.2602  aux_0.acc_seg: 92.6382
2026/07/22 01:11:05 - mmengine - INFO - Iter(train) [111100/160000]  lr: 3.4866e-03  eta: 6:35:25  time: 0.4835  data_time: 0.0270  memory: 9066  loss: 0.9442  decode.loss_ohem: 0.6977  decode.acc_seg: 92.7294  aux_0.loss_ce: 0.2465  aux_0.acc_seg: 86.5846
2026/07/22 01:11:53 - mmengine - INFO - Iter(train) [111200/160000]  lr: 3.4802e-03  eta: 6:34:36  time: 0.4818  data_time: 0.0265  memory: 9065  loss: 0.9486  decode.loss_ohem: 0.6827  decode.acc_seg: 90.4416  aux_0.loss_ce: 0.2659  aux_0.acc_seg: 88.7093
2026/07/22 01:12:41 - mmengine - INFO - Iter(train) [111300/160000]  lr: 3.4738e-03  eta: 6:33:48  time: 0.4811  data_time: 0.0269  memory: 9066  loss: 0.9390  decode.loss_ohem: 0.6819  decode.acc_seg: 93.8246  aux_0.loss_ce: 0.2571  aux_0.acc_seg: 93.0387
2026/07/22 01:13:30 - mmengine - INFO - Iter(train) [111400/160000]  lr: 3.4674e-03  eta: 6:32:59  time: 0.4817  data_time: 0.0269  memory: 9067  loss: 1.0491  decode.loss_ohem: 0.7695  decode.acc_seg: 92.4904  aux_0.loss_ce: 0.2796  aux_0.acc_seg: 89.8949
2026/07/22 01:14:18 - mmengine - INFO - Iter(train) [111500/160000]  lr: 3.4610e-03  eta: 6:32:10  time: 0.4817  data_time: 0.0267  memory: 9066  loss: 1.0145  decode.loss_ohem: 0.7550  decode.acc_seg: 94.6112  aux_0.loss_ce: 0.2595  aux_0.acc_seg: 93.4980
2026/07/22 01:15:06 - mmengine - INFO - Iter(train) [111600/160000]  lr: 3.4546e-03  eta: 6:31:22  time: 0.4818  data_time: 0.0268  memory: 9066  loss: 1.0679  decode.loss_ohem: 0.7816  decode.acc_seg: 90.6478  aux_0.loss_ce: 0.2863  aux_0.acc_seg: 88.5980
2026/07/22 01:15:55 - mmengine - INFO - Iter(train) [111700/160000]  lr: 3.4482e-03  eta: 6:30:33  time: 0.4865  data_time: 0.0277  memory: 9067  loss: 0.9729  decode.loss_ohem: 0.7177  decode.acc_seg: 93.7043  aux_0.loss_ce: 0.2553  aux_0.acc_seg: 91.3593
2026/07/22 01:16:43 - mmengine - INFO - Iter(train) [111800/160000]  lr: 3.4418e-03  eta: 6:29:44  time: 0.4814  data_time: 0.0266  memory: 9066  loss: 1.0070  decode.loss_ohem: 0.7403  decode.acc_seg: 92.2872  aux_0.loss_ce: 0.2667  aux_0.acc_seg: 88.6061
2026/07/22 01:17:31 - mmengine - INFO - Iter(train) [111900/160000]  lr: 3.4354e-03  eta: 6:28:56  time: 0.4866  data_time: 0.0273  memory: 9067  loss: 0.9851  decode.loss_ohem: 0.7003  decode.acc_seg: 89.9081  aux_0.loss_ce: 0.2848  aux_0.acc_seg: 87.8736
2026/07/22 01:18:19 - mmengine - INFO - Exp name: dsanet_cityscapes_512x1024_20260721_100709
2026/07/22 01:18:19 - mmengine - INFO - Iter(train) [112000/160000]  lr: 3.4290e-03  eta: 6:28:07  time: 0.4817  data_time: 0.0265  memory: 9068  loss: 0.9859  decode.loss_ohem: 0.7093  decode.acc_seg: 92.0418  aux_0.loss_ce: 0.2766  aux_0.acc_seg: 90.8711
2026/07/22 01:19:07 - mmengine - INFO - Iter(train) [112100/160000]  lr: 3.4225e-03  eta: 6:27:18  time: 0.4838  data_time: 0.0269  memory: 9067  loss: 0.9470  decode.loss_ohem: 0.6954  decode.acc_seg: 93.2306  aux_0.loss_ce: 0.2516  aux_0.acc_seg: 90.0045
2026/07/22 01:19:55 - mmengine - INFO - Iter(train) [112200/160000]  lr: 3.4161e-03  eta: 6:26:30  time: 0.4812  data_time: 0.0267  memory: 9066  loss: 0.9890  decode.loss_ohem: 0.7137  decode.acc_seg: 93.7079  aux_0.loss_ce: 0.2753  aux_0.acc_seg: 90.8894
2026/07/22 01:20:44 - mmengine - INFO - Iter(train) [112300/160000]  lr: 3.4097e-03  eta: 6:25:41  time: 0.4833  data_time: 0.0267  memory: 9066  loss: 1.1193  decode.loss_ohem: 0.8212  decode.acc_seg: 93.3260  aux_0.loss_ce: 0.2980  aux_0.acc_seg: 88.1545
2026/07/22 01:21:32 - mmengine - INFO - Iter(train) [112400/160000]  lr: 3.4033e-03  eta: 6:24:52  time: 0.4819  data_time: 0.0273  memory: 9066  loss: 0.9978  decode.loss_ohem: 0.7286  decode.acc_seg: 94.5981  aux_0.loss_ce: 0.2692  aux_0.acc_seg: 91.9705
2026/07/22 01:22:20 - mmengine - INFO - Iter(train) [112500/160000]  lr: 3.3969e-03  eta: 6:24:04  time: 0.4831  data_time: 0.0278  memory: 9066  loss: 0.9388  decode.loss_ohem: 0.7010  decode.acc_seg: 93.2694  aux_0.loss_ce: 0.2378  aux_0.acc_seg: 89.8515
2026/07/22 01:23:08 - mmengine - INFO - Iter(train) [112600/160000]  lr: 3.3905e-03  eta: 6:23:15  time: 0.4809  data_time: 0.0260  memory: 9067  loss: 1.0776  decode.loss_ohem: 0.7964  decode.acc_seg: 89.7268  aux_0.loss_ce: 0.2812  aux_0.acc_seg: 85.6492
2026/07/22 01:23:56 - mmengine - INFO - Iter(train) [112700/160000]  lr: 3.3841e-03  eta: 6:22:26  time: 0.4818  data_time: 0.0268  memory: 9067  loss: 1.0230  decode.loss_ohem: 0.7460  decode.acc_seg: 89.3447  aux_0.loss_ce: 0.2770  aux_0.acc_seg: 85.6344
2026/07/22 01:24:45 - mmengine - INFO - Iter(train) [112800/160000]  lr: 3.3776e-03  eta: 6:21:38  time: 0.4827  data_time: 0.0269  memory: 9066  loss: 1.0437  decode.loss_ohem: 0.7723  decode.acc_seg: 94.3199  aux_0.loss_ce: 0.2714  aux_0.acc_seg: 91.6431
2026/07/22 01:25:33 - mmengine - INFO - Iter(train) [112900/160000]  lr: 3.3712e-03  eta: 6:20:49  time: 0.4827  data_time: 0.0267  memory: 9066  loss: 1.0679  decode.loss_ohem: 0.7852  decode.acc_seg: 90.9717  aux_0.loss_ce: 0.2827  aux_0.acc_seg: 88.9152
2026/07/22 01:26:21 - mmengine - INFO - Exp name: dsanet_cityscapes_512x1024_20260721_100709
2026/07/22 01:26:21 - mmengine - INFO - Iter(train) [113000/160000]  lr: 3.3648e-03  eta: 6:20:01  time: 0.4822  data_time: 0.0269  memory: 9066  loss: 0.9591  decode.loss_ohem: 0.7166  decode.acc_seg: 92.0050  aux_0.loss_ce: 0.2425  aux_0.acc_seg: 89.5782
2026/07/22 01:27:10 - mmengine - INFO - Iter(train) [113100/160000]  lr: 3.3584e-03  eta: 6:19:12  time: 0.4833  data_time: 0.0269  memory: 9066  loss: 1.0610  decode.loss_ohem: 0.7841  decode.acc_seg: 90.6113  aux_0.loss_ce: 0.2770  aux_0.acc_seg: 90.5432
2026/07/22 01:27:58 - mmengine - INFO - Iter(train) [113200/160000]  lr: 3.3519e-03  eta: 6:18:23  time: 0.4821  data_time: 0.0268  memory: 9066  loss: 1.0288  decode.loss_ohem: 0.7543  decode.acc_seg: 90.8998  aux_0.loss_ce: 0.2745  aux_0.acc_seg: 88.9379
2026/07/22 01:28:46 - mmengine - INFO - Iter(train) [113300/160000]  lr: 3.3455e-03  eta: 6:17:35  time: 0.4824  data_time: 0.0273  memory: 9065  loss: 0.8627  decode.loss_ohem: 0.6148  decode.acc_seg: 94.5189  aux_0.loss_ce: 0.2479  aux_0.acc_seg: 91.2231
2026/07/22 01:29:34 - mmengine - INFO - Iter(train) [113400/160000]  lr: 3.3391e-03  eta: 6:16:46  time: 0.4802  data_time: 0.0271  memory: 9067  loss: 1.0174  decode.loss_ohem: 0.7394  decode.acc_seg: 92.9746  aux_0.loss_ce: 0.2781  aux_0.acc_seg: 90.8450
2026/07/22 01:30:22 - mmengine - INFO - Iter(train) [113500/160000]  lr: 3.3326e-03  eta: 6:15:57  time: 0.4805  data_time: 0.0265  memory: 9067  loss: 0.9857  decode.loss_ohem: 0.7348  decode.acc_seg: 93.3082  aux_0.loss_ce: 0.2509  aux_0.acc_seg: 89.7291
2026/07/22 01:31:11 - mmengine - INFO - Iter(train) [113600/160000]  lr: 3.3262e-03  eta: 6:15:09  time: 0.4833  data_time: 0.0270  memory: 9068  loss: 0.9696  decode.loss_ohem: 0.6947  decode.acc_seg: 93.7607  aux_0.loss_ce: 0.2749  aux_0.acc_seg: 91.5659
2026/07/22 01:31:59 - mmengine - INFO - Iter(train) [113700/160000]  lr: 3.3198e-03  eta: 6:14:20  time: 0.4851  data_time: 0.0270  memory: 9065  loss: 0.9683  decode.loss_ohem: 0.7044  decode.acc_seg: 92.4628  aux_0.loss_ce: 0.2639  aux_0.acc_seg: 89.5603
2026/07/22 01:32:47 - mmengine - INFO - Iter(train) [113800/160000]  lr: 3.3133e-03  eta: 6:13:31  time: 0.4821  data_time: 0.0271  memory: 9066  loss: 0.9816  decode.loss_ohem: 0.7168  decode.acc_seg: 91.3557  aux_0.loss_ce: 0.2648  aux_0.acc_seg: 86.1672
2026/07/22 01:33:35 - mmengine - INFO - Iter(train) [113900/160000]  lr: 3.3069e-03  eta: 6:12:43  time: 0.4809  data_time: 0.0266  memory: 9065  loss: 0.9575  decode.loss_ohem: 0.7054  decode.acc_seg: 93.5252  aux_0.loss_ce: 0.2521  aux_0.acc_seg: 92.8017
2026/07/22 01:34:23 - mmengine - INFO - Exp name: dsanet_cityscapes_512x1024_20260721_100709
2026/07/22 01:34:23 - mmengine - INFO - Iter(train) [114000/160000]  lr: 3.3005e-03  eta: 6:11:54  time: 0.4808  data_time: 0.0270  memory: 9065  loss: 1.0291  decode.loss_ohem: 0.7645  decode.acc_seg: 91.0346  aux_0.loss_ce: 0.2646  aux_0.acc_seg: 88.2088
2026/07/22 01:35:11 - mmengine - INFO - Iter(train) [114100/160000]  lr: 3.2940e-03  eta: 6:11:05  time: 0.4833  data_time: 0.0280  memory: 9067  loss: 0.9642  decode.loss_ohem: 0.6896  decode.acc_seg: 89.7792  aux_0.loss_ce: 0.2746  aux_0.acc_seg: 87.7765
2026/07/22 01:35:59 - mmengine - INFO - Iter(train) [114200/160000]  lr: 3.2876e-03  eta: 6:10:17  time: 0.4808  data_time: 0.0268  memory: 9067  loss: 0.9538  decode.loss_ohem: 0.6970  decode.acc_seg: 92.0201  aux_0.loss_ce: 0.2568  aux_0.acc_seg: 87.7724
2026/07/22 01:36:47 - mmengine - INFO - Iter(train) [114300/160000]  lr: 3.2812e-03  eta: 6:09:28  time: 0.4821  data_time: 0.0270  memory: 9067  loss: 0.9729  decode.loss_ohem: 0.7067  decode.acc_seg: 93.7107  aux_0.loss_ce: 0.2662  aux_0.acc_seg: 87.8947
2026/07/22 01:37:36 - mmengine - INFO - Iter(train) [114400/160000]  lr: 3.2747e-03  eta: 6:08:39  time: 0.4824  data_time: 0.0267  memory: 9068  loss: 0.9368  decode.loss_ohem: 0.6823  decode.acc_seg: 92.1896  aux_0.loss_ce: 0.2545  aux_0.acc_seg: 89.7457
2026/07/22 01:38:24 - mmengine - INFO - Iter(train) [114500/160000]  lr: 3.2683e-03  eta: 6:07:51  time: 0.4808  data_time: 0.0265  memory: 9066  loss: 0.9806  decode.loss_ohem: 0.7006  decode.acc_seg: 92.8938  aux_0.loss_ce: 0.2800  aux_0.acc_seg: 90.5183
2026/07/22 01:39:12 - mmengine - INFO - Iter(train) [114600/160000]  lr: 3.2618e-03  eta: 6:07:02  time: 0.4818  data_time: 0.0266  memory: 9066  loss: 0.9336  decode.loss_ohem: 0.6888  decode.acc_seg: 95.0233  aux_0.loss_ce: 0.2448  aux_0.acc_seg: 91.2002
2026/07/22 01:40:00 - mmengine - INFO - Iter(train) [114700/160000]  lr: 3.2554e-03  eta: 6:06:13  time: 0.4815  data_time: 0.0266  memory: 9065  loss: 1.0206  decode.loss_ohem: 0.7507  decode.acc_seg: 94.6294  aux_0.loss_ce: 0.2700  aux_0.acc_seg: 92.0438
2026/07/22 01:40:48 - mmengine - INFO - Iter(train) [114800/160000]  lr: 3.2489e-03  eta: 6:05:25  time: 0.4808  data_time: 0.0263  memory: 9067  loss: 0.9834  decode.loss_ohem: 0.7242  decode.acc_seg: 92.0647  aux_0.loss_ce: 0.2592  aux_0.acc_seg: 88.6613
2026/07/22 01:41:36 - mmengine - INFO - Iter(train) [114900/160000]  lr: 3.2425e-03  eta: 6:04:36  time: 0.4809  data_time: 0.0271  memory: 9065  loss: 0.9287  decode.loss_ohem: 0.6962  decode.acc_seg: 94.1730  aux_0.loss_ce: 0.2326  aux_0.acc_seg: 91.6398
2026/07/22 01:42:25 - mmengine - INFO - Exp name: dsanet_cityscapes_512x1024_20260721_100709
2026/07/22 01:42:25 - mmengine - INFO - Iter(train) [115000/160000]  lr: 3.2360e-03  eta: 6:03:47  time: 0.4817  data_time: 0.0268  memory: 9067  loss: 0.9715  decode.loss_ohem: 0.7146  decode.acc_seg: 92.8691  aux_0.loss_ce: 0.2569  aux_0.acc_seg: 89.4437
2026/07/22 01:42:25 - mmengine - INFO - Saving checkpoint at 115000 iterations
2026/07/22 01:42:31 - mmengine - INFO - Iter(val) [100/250]    eta: 0:00:08  time: 0.0535  data_time: 0.0087  memory: 801  
2026/07/22 01:42:36 - mmengine - INFO - Iter(val) [200/250]    eta: 0:00:02  time: 0.0538  data_time: 0.0088  memory: 801  
2026/07/22 01:42:39 - mmengine - INFO - per class results:
2026/07/22 01:42:39 - mmengine - INFO - 
+---------------+-------+-------+
|     Class     |  IoU  |  Acc  |
+---------------+-------+-------+
|      road     | 97.59 | 98.64 |
|    sidewalk   | 81.11 | 90.52 |
|    building   | 90.28 | 94.99 |
|      wall     | 50.97 | 59.56 |
|     fence     | 49.49 | 66.09 |
|      pole     | 58.19 | 69.46 |
| traffic light | 54.23 | 62.97 |
|  traffic sign |  69.1 | 80.61 |
|   vegetation  | 90.63 | 95.43 |
|    terrain    |  60.8 | 73.71 |
|      sky      | 93.42 | 97.19 |
|     person    | 74.89 | 89.58 |
|     rider     | 55.44 | 71.79 |
|      car      | 92.62 | 96.05 |
|     truck     | 59.73 | 84.11 |
|      bus      | 77.98 | 86.65 |
|     train     | 60.52 | 84.22 |
|   motorcycle  | 40.09 | 44.02 |
|    bicycle    | 69.78 | 85.79 |
+---------------+-------+-------+
2026/07/22 01:42:39 - mmengine - INFO - Iter(val) [250/250]    aAcc: 94.8300  mIoU: 69.8300  mAcc: 80.6000  data_time: 0.0098  time: 0.0546
2026/07/22 01:42:39 - mmengine - INFO - The previous best checkpoint /root/autodl-tmp/DSANet-main/tools/work_dirs/dsanet_cityscapes_512x1024/best_mIoU_iter_95000.pth is removed
2026/07/22 01:42:39 - mmengine - INFO - The best checkpoint with 69.8300 mIoU at 115000 iter is saved to best_mIoU_iter_115000.pth.
2026/07/22 01:43:28 - mmengine - INFO - Iter(train) [115100/160000]  lr: 3.2296e-03  eta: 6:02:59  time: 0.4816  data_time: 0.0268  memory: 9066  loss: 0.9931  decode.loss_ohem: 0.7402  decode.acc_seg: 91.4662  aux_0.loss_ce: 0.2528  aux_0.acc_seg: 87.6015
2026/07/22 01:44:16 - mmengine - INFO - Iter(train) [115200/160000]  lr: 3.2231e-03  eta: 6:02:10  time: 0.4821  data_time: 0.0266  memory: 9065  loss: 0.9738  decode.loss_ohem: 0.7155  decode.acc_seg: 92.2317  aux_0.loss_ce: 0.2583  aux_0.acc_seg: 89.8028
2026/07/22 01:45:04 - mmengine - INFO - Iter(train) [115300/160000]  lr: 3.2167e-03  eta: 6:01:22  time: 0.4797  data_time: 0.0264  memory: 9066  loss: 0.9111  decode.loss_ohem: 0.6800  decode.acc_seg: 94.4812  aux_0.loss_ce: 0.2311  aux_0.acc_seg: 92.1197
2026/07/22 01:45:52 - mmengine - INFO - Iter(train) [115400/160000]  lr: 3.2102e-03  eta: 6:00:33  time: 0.4802  data_time: 0.0267  memory: 9065  loss: 1.0041  decode.loss_ohem: 0.7661  decode.acc_seg: 94.7412  aux_0.loss_ce: 0.2380  aux_0.acc_seg: 92.5199
2026/07/22 01:46:40 - mmengine - INFO - Iter(train) [115500/160000]  lr: 3.2037e-03  eta: 5:59:44  time: 0.4810  data_time: 0.0265  memory: 9066  loss: 0.9889  decode.loss_ohem: 0.7338  decode.acc_seg: 92.6291  aux_0.loss_ce: 0.2551  aux_0.acc_seg: 86.8934
2026/07/22 01:47:28 - mmengine - INFO - Iter(train) [115600/160000]  lr: 3.1973e-03  eta: 5:58:56  time: 0.4814  data_time: 0.0266  memory: 9065  loss: 1.0212  decode.loss_ohem: 0.7333  decode.acc_seg: 91.6070  aux_0.loss_ce: 0.2878  aux_0.acc_seg: 88.8391
2026/07/22 01:48:17 - mmengine - INFO - Iter(train) [115700/160000]  lr: 3.1908e-03  eta: 5:58:07  time: 0.4799  data_time: 0.0257  memory: 9066  loss: 1.0540  decode.loss_ohem: 0.7892  decode.acc_seg: 93.4649  aux_0.loss_ce: 0.2648  aux_0.acc_seg: 92.1917
2026/07/22 01:49:05 - mmengine - INFO - Iter(train) [115800/160000]  lr: 3.1844e-03  eta: 5:57:18  time: 0.4802  data_time: 0.0262  memory: 9066  loss: 0.9242  decode.loss_ohem: 0.6916  decode.acc_seg: 91.9083  aux_0.loss_ce: 0.2325  aux_0.acc_seg: 89.6507
2026/07/22 01:49:53 - mmengine - INFO - Iter(train) [115900/160000]  lr: 3.1779e-03  eta: 5:56:30  time: 0.4810  data_time: 0.0265  memory: 9067  loss: 0.9783  decode.loss_ohem: 0.7199  decode.acc_seg: 90.9066  aux_0.loss_ce: 0.2585  aux_0.acc_seg: 88.3961
2026/07/22 01:50:41 - mmengine - INFO - Exp name: dsanet_cityscapes_512x1024_20260721_100709
2026/07/22 01:50:41 - mmengine - INFO - Iter(train) [116000/160000]  lr: 3.1714e-03  eta: 5:55:41  time: 0.4813  data_time: 0.0262  memory: 9069  loss: 0.9861  decode.loss_ohem: 0.6883  decode.acc_seg: 90.9990  aux_0.loss_ce: 0.2977  aux_0.acc_seg: 85.7678
2026/07/22 01:51:29 - mmengine - INFO - Iter(train) [116100/160000]  lr: 3.1650e-03  eta: 5:54:53  time: 0.4862  data_time: 0.0265  memory: 9067  loss: 1.0083  decode.loss_ohem: 0.7347  decode.acc_seg: 93.4437  aux_0.loss_ce: 0.2736  aux_0.acc_seg: 90.8439
2026/07/22 01:52:18 - mmengine - INFO - Iter(train) [116200/160000]  lr: 3.1585e-03  eta: 5:54:04  time: 0.4835  data_time: 0.0271  memory: 9067  loss: 1.0253  decode.loss_ohem: 0.7336  decode.acc_seg: 90.7772  aux_0.loss_ce: 0.2918  aux_0.acc_seg: 86.1236
2026/07/22 01:53:06 - mmengine - INFO - Iter(train) [116300/160000]  lr: 3.1520e-03  eta: 5:53:15  time: 0.4790  data_time: 0.0264  memory: 9067  loss: 0.9351  decode.loss_ohem: 0.6977  decode.acc_seg: 94.1039  aux_0.loss_ce: 0.2373  aux_0.acc_seg: 92.4326
2026/07/22 01:53:54 - mmengine - INFO - Iter(train) [116400/160000]  lr: 3.1456e-03  eta: 5:52:27  time: 0.4806  data_time: 0.0264  memory: 9066  loss: 0.9826  decode.loss_ohem: 0.7074  decode.acc_seg: 90.9871  aux_0.loss_ce: 0.2753  aux_0.acc_seg: 89.1942
2026/07/22 01:54:42 - mmengine - INFO - Iter(train) [116500/160000]  lr: 3.1391e-03  eta: 5:51:38  time: 0.4805  data_time: 0.0261  memory: 9066  loss: 0.9383  decode.loss_ohem: 0.6858  decode.acc_seg: 93.5005  aux_0.loss_ce: 0.2525  aux_0.acc_seg: 91.5718
2026/07/22 01:55:30 - mmengine - INFO - Iter(train) [116600/160000]  lr: 3.1326e-03  eta: 5:50:49  time: 0.4792  data_time: 0.0258  memory: 9067  loss: 0.9421  decode.loss_ohem: 0.6747  decode.acc_seg: 93.7800  aux_0.loss_ce: 0.2674  aux_0.acc_seg: 89.6227
2026/07/22 01:56:18 - mmengine - INFO - Iter(train) [116700/160000]  lr: 3.1261e-03  eta: 5:50:01  time: 0.4817  data_time: 0.0264  memory: 9066  loss: 0.9329  decode.loss_ohem: 0.7042  decode.acc_seg: 93.5357  aux_0.loss_ce: 0.2286  aux_0.acc_seg: 90.9717
2026/07/22 01:57:06 - mmengine - INFO - Iter(train) [116800/160000]  lr: 3.1197e-03  eta: 5:49:12  time: 0.4798  data_time: 0.0261  memory: 9066  loss: 1.0072  decode.loss_ohem: 0.7445  decode.acc_seg: 89.8051  aux_0.loss_ce: 0.2627  aux_0.acc_seg: 89.4729
2026/07/22 01:57:54 - mmengine - INFO - Iter(train) [116900/160000]  lr: 3.1132e-03  eta: 5:48:23  time: 0.4814  data_time: 0.0263  memory: 9067  loss: 0.9849  decode.loss_ohem: 0.7328  decode.acc_seg: 92.9406  aux_0.loss_ce: 0.2522  aux_0.acc_seg: 89.7874
2026/07/22 01:58:43 - mmengine - INFO - Exp name: dsanet_cityscapes_512x1024_20260721_100709
2026/07/22 01:58:43 - mmengine - INFO - Iter(train) [117000/160000]  lr: 3.1067e-03  eta: 5:47:35  time: 0.4810  data_time: 0.0266  memory: 9066  loss: 0.9772  decode.loss_ohem: 0.7145  decode.acc_seg: 94.2455  aux_0.loss_ce: 0.2627  aux_0.acc_seg: 92.5963
2026/07/22 01:59:31 - mmengine - INFO - Iter(train) [117100/160000]  lr: 3.1002e-03  eta: 5:46:46  time: 0.4807  data_time: 0.0263  memory: 9067  loss: 1.0372  decode.loss_ohem: 0.7628  decode.acc_seg: 89.5851  aux_0.loss_ce: 0.2744  aux_0.acc_seg: 87.6597
2026/07/22 02:00:19 - mmengine - INFO - Iter(train) [117200/160000]  lr: 3.0937e-03  eta: 5:45:57  time: 0.4819  data_time: 0.0266  memory: 9065  loss: 0.9836  decode.loss_ohem: 0.7289  decode.acc_seg: 92.7640  aux_0.loss_ce: 0.2547  aux_0.acc_seg: 90.5655
2026/07/22 02:01:07 - mmengine - INFO - Iter(train) [117300/160000]  lr: 3.0872e-03  eta: 5:45:09  time: 0.4810  data_time: 0.0267  memory: 9066  loss: 0.9793  decode.loss_ohem: 0.7127  decode.acc_seg: 94.0195  aux_0.loss_ce: 0.2666  aux_0.acc_seg: 91.3508
2026/07/22 02:01:55 - mmengine - INFO - Iter(train) [117400/160000]  lr: 3.0808e-03  eta: 5:44:20  time: 0.4812  data_time: 0.0264  memory: 9065  loss: 0.9785  decode.loss_ohem: 0.7288  decode.acc_seg: 93.9357  aux_0.loss_ce: 0.2497  aux_0.acc_seg: 92.5092
2026/07/22 02:02:43 - mmengine - INFO - Iter(train) [117500/160000]  lr: 3.0743e-03  eta: 5:43:32  time: 0.4800  data_time: 0.0263  memory: 9066  loss: 0.9699  decode.loss_ohem: 0.7345  decode.acc_seg: 92.7017  aux_0.loss_ce: 0.2354  aux_0.acc_seg: 88.6655
2026/07/22 02:03:31 - mmengine - INFO - Iter(train) [117600/160000]  lr: 3.0678e-03  eta: 5:42:43  time: 0.4811  data_time: 0.0265  memory: 9065  loss: 0.9388  decode.loss_ohem: 0.6904  decode.acc_seg: 92.3748  aux_0.loss_ce: 0.2484  aux_0.acc_seg: 90.0825
2026/07/22 02:04:20 - mmengine - INFO - Iter(train) [117700/160000]  lr: 3.0613e-03  eta: 5:41:54  time: 0.4826  data_time: 0.0266  memory: 9066  loss: 1.0113  decode.loss_ohem: 0.7443  decode.acc_seg: 92.6005  aux_0.loss_ce: 0.2670  aux_0.acc_seg: 89.8996
2026/07/22 02:05:08 - mmengine - INFO - Iter(train) [117800/160000]  lr: 3.0548e-03  eta: 5:41:06  time: 0.4818  data_time: 0.0268  memory: 9065  loss: 0.8842  decode.loss_ohem: 0.6331  decode.acc_seg: 93.6623  aux_0.loss_ce: 0.2511  aux_0.acc_seg: 91.9425
2026/07/22 02:05:56 - mmengine - INFO - Iter(train) [117900/160000]  lr: 3.0483e-03  eta: 5:40:17  time: 0.4779  data_time: 0.0261  memory: 9067  loss: 0.9877  decode.loss_ohem: 0.7272  decode.acc_seg: 89.3026  aux_0.loss_ce: 0.2605  aux_0.acc_seg: 86.1672
2026/07/22 02:06:44 - mmengine - INFO - Exp name: dsanet_cityscapes_512x1024_20260721_100709
2026/07/22 02:06:44 - mmengine - INFO - Iter(train) [118000/160000]  lr: 3.0418e-03  eta: 5:39:28  time: 0.4806  data_time: 0.0267  memory: 9066  loss: 0.9437  decode.loss_ohem: 0.7084  decode.acc_seg: 92.9700  aux_0.loss_ce: 0.2352  aux_0.acc_seg: 90.2800
2026/07/22 02:07:32 - mmengine - INFO - Iter(train) [118100/160000]  lr: 3.0353e-03  eta: 5:38:40  time: 0.4799  data_time: 0.0262  memory: 9067  loss: 0.9341  decode.loss_ohem: 0.6966  decode.acc_seg: 93.5414  aux_0.loss_ce: 0.2375  aux_0.acc_seg: 90.7701
2026/07/22 02:08:20 - mmengine - INFO - Iter(train) [118200/160000]  lr: 3.0288e-03  eta: 5:37:51  time: 0.4809  data_time: 0.0262  memory: 9065  loss: 0.9505  decode.loss_ohem: 0.6847  decode.acc_seg: 92.9712  aux_0.loss_ce: 0.2658  aux_0.acc_seg: 90.7915
2026/07/22 02:09:08 - mmengine - INFO - Iter(train) [118300/160000]  lr: 3.0223e-03  eta: 5:37:02  time: 0.4807  data_time: 0.0264  memory: 9066  loss: 1.0052  decode.loss_ohem: 0.7389  decode.acc_seg: 91.8146  aux_0.loss_ce: 0.2664  aux_0.acc_seg: 89.3952
2026/07/22 02:09:56 - mmengine - INFO - Iter(train) [118400/160000]  lr: 3.0158e-03  eta: 5:36:14  time: 0.4802  data_time: 0.0266  memory: 9065  loss: 0.9489  decode.loss_ohem: 0.6922  decode.acc_seg: 94.1655  aux_0.loss_ce: 0.2568  aux_0.acc_seg: 93.2882
2026/07/22 02:10:44 - mmengine - INFO - Iter(train) [118500/160000]  lr: 3.0093e-03  eta: 5:35:25  time: 0.4800  data_time: 0.0263  memory: 9066  loss: 0.9491  decode.loss_ohem: 0.7075  decode.acc_seg: 93.8292  aux_0.loss_ce: 0.2416  aux_0.acc_seg: 90.5275
2026/07/22 02:11:32 - mmengine - INFO - Iter(train) [118600/160000]  lr: 3.0028e-03  eta: 5:34:36  time: 0.4800  data_time: 0.0263  memory: 9066  loss: 0.9488  decode.loss_ohem: 0.7042  decode.acc_seg: 91.0247  aux_0.loss_ce: 0.2446  aux_0.acc_seg: 87.2101
2026/07/22 02:12:20 - mmengine - INFO - Iter(train) [118700/160000]  lr: 2.9963e-03  eta: 5:33:48  time: 0.4814  data_time: 0.0261  memory: 9067  loss: 1.0018  decode.loss_ohem: 0.7290  decode.acc_seg: 94.0881  aux_0.loss_ce: 0.2728  aux_0.acc_seg: 91.0187
2026/07/22 02:13:08 - mmengine - INFO - Iter(train) [118800/160000]  lr: 2.9898e-03  eta: 5:32:59  time: 0.4810  data_time: 0.0260  memory: 9066  loss: 1.0367  decode.loss_ohem: 0.7639  decode.acc_seg: 92.6340  aux_0.loss_ce: 0.2728  aux_0.acc_seg: 91.2136
2026/07/22 02:13:57 - mmengine - INFO - Iter(train) [118900/160000]  lr: 2.9833e-03  eta: 5:32:11  time: 0.4804  data_time: 0.0262  memory: 9069  loss: 0.9403  decode.loss_ohem: 0.6847  decode.acc_seg: 93.3463  aux_0.loss_ce: 0.2555  aux_0.acc_seg: 90.6375
2026/07/22 02:14:45 - mmengine - INFO - Exp name: dsanet_cityscapes_512x1024_20260721_100709
2026/07/22 02:14:45 - mmengine - INFO - Iter(train) [119000/160000]  lr: 2.9768e-03  eta: 5:31:22  time: 0.4796  data_time: 0.0261  memory: 9066  loss: 0.9227  decode.loss_ohem: 0.6879  decode.acc_seg: 91.3680  aux_0.loss_ce: 0.2348  aux_0.acc_seg: 89.2304
2026/07/22 02:15:33 - mmengine - INFO - Iter(train) [119100/160000]  lr: 2.9702e-03  eta: 5:30:33  time: 0.4801  data_time: 0.0263  memory: 9067  loss: 1.0268  decode.loss_ohem: 0.7547  decode.acc_seg: 91.8697  aux_0.loss_ce: 0.2721  aux_0.acc_seg: 89.6278
2026/07/22 02:16:21 - mmengine - INFO - Iter(train) [119200/160000]  lr: 2.9637e-03  eta: 5:29:45  time: 0.4796  data_time: 0.0261  memory: 9067  loss: 1.0390  decode.loss_ohem: 0.7674  decode.acc_seg: 92.8724  aux_0.loss_ce: 0.2716  aux_0.acc_seg: 89.3653
2026/07/22 02:17:09 - mmengine - INFO - Iter(train) [119300/160000]  lr: 2.9572e-03  eta: 5:28:56  time: 0.4805  data_time: 0.0261  memory: 9064  loss: 0.9438  decode.loss_ohem: 0.6945  decode.acc_seg: 94.0781  aux_0.loss_ce: 0.2493  aux_0.acc_seg: 91.4784
2026/07/22 02:17:57 - mmengine - INFO - Iter(train) [119400/160000]  lr: 2.9507e-03  eta: 5:28:07  time: 0.4806  data_time: 0.0263  memory: 9066  loss: 0.9488  decode.loss_ohem: 0.7053  decode.acc_seg: 92.6710  aux_0.loss_ce: 0.2435  aux_0.acc_seg: 90.5416
2026/07/22 02:18:45 - mmengine - INFO - Iter(train) [119500/160000]  lr: 2.9442e-03  eta: 5:27:19  time: 0.4805  data_time: 0.0266  memory: 9066  loss: 1.0193  decode.loss_ohem: 0.7590  decode.acc_seg: 90.8460  aux_0.loss_ce: 0.2603  aux_0.acc_seg: 89.3555
2026/07/22 02:19:33 - mmengine - INFO - Iter(train) [119600/160000]  lr: 2.9377e-03  eta: 5:26:30  time: 0.4806  data_time: 0.0267  memory: 9065  loss: 0.9907  decode.loss_ohem: 0.7251  decode.acc_seg: 93.4156  aux_0.loss_ce: 0.2656  aux_0.acc_seg: 90.7678
2026/07/22 02:20:21 - mmengine - INFO - Iter(train) [119700/160000]  lr: 2.9311e-03  eta: 5:25:41  time: 0.4804  data_time: 0.0263  memory: 9066  loss: 0.9343  decode.loss_ohem: 0.6712  decode.acc_seg: 94.3628  aux_0.loss_ce: 0.2631  aux_0.acc_seg: 92.4976
2026/07/22 02:21:09 - mmengine - INFO - Iter(train) [119800/160000]  lr: 2.9246e-03  eta: 5:24:53  time: 0.4807  data_time: 0.0261  memory: 9067  loss: 0.9725  decode.loss_ohem: 0.7161  decode.acc_seg: 94.2334  aux_0.loss_ce: 0.2564  aux_0.acc_seg: 93.2509
2026/07/22 02:21:57 - mmengine - INFO - Iter(train) [119900/160000]  lr: 2.9181e-03  eta: 5:24:04  time: 0.4797  data_time: 0.0258  memory: 9065  loss: 1.0072  decode.loss_ohem: 0.7297  decode.acc_seg: 93.0273  aux_0.loss_ce: 0.2775  aux_0.acc_seg: 91.0426
2026/07/22 02:22:45 - mmengine - INFO - Exp name: dsanet_cityscapes_512x1024_20260721_100709
2026/07/22 02:22:45 - mmengine - INFO - Iter(train) [120000/160000]  lr: 2.9116e-03  eta: 5:23:15  time: 0.4800  data_time: 0.0259  memory: 9066  loss: 0.8624  decode.loss_ohem: 0.6234  decode.acc_seg: 91.5839  aux_0.loss_ce: 0.2390  aux_0.acc_seg: 90.5307
2026/07/22 02:22:45 - mmengine - INFO - Saving checkpoint at 120000 iterations
2026/07/22 02:22:51 - mmengine - INFO - Iter(val) [100/250]    eta: 0:00:08  time: 0.0533  data_time: 0.0087  memory: 801  
2026/07/22 02:22:57 - mmengine - INFO - Iter(val) [200/250]    eta: 0:00:02  time: 0.0536  data_time: 0.0087  memory: 801  
2026/07/22 02:22:59 - mmengine - INFO - per class results:
2026/07/22 02:22:59 - mmengine - INFO - 
+---------------+-------+-------+
|     Class     |  IoU  |  Acc  |
+---------------+-------+-------+
|      road     | 97.46 | 98.57 |
|    sidewalk   | 80.65 | 89.34 |
|    building   | 89.86 | 95.89 |
|      wall     | 42.62 | 49.07 |
|     fence     | 53.46 | 64.02 |
|      pole     | 56.14 | 65.79 |
| traffic light | 55.09 | 65.19 |
|  traffic sign | 69.98 | 79.42 |
|   vegetation  | 90.82 | 95.63 |
|    terrain    | 58.39 | 66.38 |
|      sky      |  93.4 | 96.96 |
|     person    | 74.36 | 89.73 |
|     rider     | 52.04 | 63.76 |
|      car      | 93.15 | 96.45 |
|     truck     | 58.57 | 83.87 |
|      bus      | 69.47 | 85.82 |
|     train     |  27.2 | 35.65 |
|   motorcycle  | 48.19 | 54.28 |
|    bicycle    | 69.73 | 86.75 |
+---------------+-------+-------+
2026/07/22 02:22:59 - mmengine - INFO - Iter(val) [250/250]    aAcc: 94.7200  mIoU: 67.4000  mAcc: 76.9800  data_time: 0.0098  time: 0.0545
2026/07/22 02:23:47 - mmengine - INFO - Iter(train) [120100/160000]  lr: 2.9050e-03  eta: 5:22:27  time: 0.4807  data_time: 0.0264  memory: 9065  loss: 0.9578  decode.loss_ohem: 0.7023  decode.acc_seg: 93.1900  aux_0.loss_ce: 0.2555  aux_0.acc_seg: 89.3760
2026/07/22 02:24:35 - mmengine - INFO - Iter(train) [120200/160000]  lr: 2.8985e-03  eta: 5:21:38  time: 0.4810  data_time: 0.0265  memory: 9067  loss: 1.0087  decode.loss_ohem: 0.7373  decode.acc_seg: 92.7271  aux_0.loss_ce: 0.2714  aux_0.acc_seg: 90.9835
2026/07/22 02:25:24 - mmengine - INFO - Iter(train) [120300/160000]  lr: 2.8920e-03  eta: 5:20:49  time: 0.4801  data_time: 0.0263  memory: 9066  loss: 1.0261  decode.loss_ohem: 0.7509  decode.acc_seg: 93.1644  aux_0.loss_ce: 0.2753  aux_0.acc_seg: 89.5782
2026/07/22 02:26:12 - mmengine - INFO - Iter(train) [120400/160000]  lr: 2.8854e-03  eta: 5:20:01  time: 0.4808  data_time: 0.0265  memory: 9065  loss: 0.9686  decode.loss_ohem: 0.7141  decode.acc_seg: 93.4012  aux_0.loss_ce: 0.2544  aux_0.acc_seg: 90.3909
2026/07/22 02:27:00 - mmengine - INFO - Iter(train) [120500/160000]  lr: 2.8789e-03  eta: 5:19:12  time: 0.4810  data_time: 0.0263  memory: 9065  loss: 0.9030  decode.loss_ohem: 0.6707  decode.acc_seg: 94.1648  aux_0.loss_ce: 0.2323  aux_0.acc_seg: 91.2945
2026/07/22 02:27:48 - mmengine - INFO - Iter(train) [120600/160000]  lr: 2.8724e-03  eta: 5:18:24  time: 0.4809  data_time: 0.0263  memory: 9065  loss: 0.9218  decode.loss_ohem: 0.6618  decode.acc_seg: 91.2865  aux_0.loss_ce: 0.2600  aux_0.acc_seg: 87.7499
2026/07/22 02:28:36 - mmengine - INFO - Iter(train) [120700/160000]  lr: 2.8658e-03  eta: 5:17:35  time: 0.4821  data_time: 0.0266  memory: 9067  loss: 0.9937  decode.loss_ohem: 0.7183  decode.acc_seg: 95.2671  aux_0.loss_ce: 0.2755  aux_0.acc_seg: 93.2493
2026/07/22 02:29:24 - mmengine - INFO - Iter(train) [120800/160000]  lr: 2.8593e-03  eta: 5:16:46  time: 0.4804  data_time: 0.0263  memory: 9066  loss: 0.9472  decode.loss_ohem: 0.7018  decode.acc_seg: 94.3013  aux_0.loss_ce: 0.2454  aux_0.acc_seg: 91.9466
2026/07/22 02:30:12 - mmengine - INFO - Iter(train) [120900/160000]  lr: 2.8527e-03  eta: 5:15:58  time: 0.4811  data_time: 0.0264  memory: 9067  loss: 1.0293  decode.loss_ohem: 0.7545  decode.acc_seg: 88.2513  aux_0.loss_ce: 0.2748  aux_0.acc_seg: 86.5331
2026/07/22 02:31:01 - mmengine - INFO - Exp name: dsanet_cityscapes_512x1024_20260721_100709
2026/07/22 02:31:01 - mmengine - INFO - Iter(train) [121000/160000]  lr: 2.8462e-03  eta: 5:15:09  time: 0.4809  data_time: 0.0261  memory: 9066  loss: 0.9934  decode.loss_ohem: 0.7247  decode.acc_seg: 93.0584  aux_0.loss_ce: 0.2686  aux_0.acc_seg: 91.7232
2026/07/22 02:31:49 - mmengine - INFO - Iter(train) [121100/160000]  lr: 2.8396e-03  eta: 5:14:21  time: 0.4812  data_time: 0.0264  memory: 9066  loss: 0.8648  decode.loss_ohem: 0.6471  decode.acc_seg: 96.0030  aux_0.loss_ce: 0.2177  aux_0.acc_seg: 94.5957
2026/07/22 02:32:37 - mmengine - INFO - Iter(train) [121200/160000]  lr: 2.8331e-03  eta: 5:13:32  time: 0.4813  data_time: 0.0265  memory: 9066  loss: 0.9606  decode.loss_ohem: 0.7141  decode.acc_seg: 91.7807  aux_0.loss_ce: 0.2465  aux_0.acc_seg: 89.2274
2026/07/22 02:33:25 - mmengine - INFO - Iter(train) [121300/160000]  lr: 2.8265e-03  eta: 5:12:43  time: 0.4808  data_time: 0.0264  memory: 9065  loss: 0.9496  decode.loss_ohem: 0.7024  decode.acc_seg: 92.6325  aux_0.loss_ce: 0.2472  aux_0.acc_seg: 90.4879
2026/07/22 02:34:13 - mmengine - INFO - Iter(train) [121400/160000]  lr: 2.8200e-03  eta: 5:11:55  time: 0.4811  data_time: 0.0265  memory: 9066  loss: 1.0111  decode.loss_ohem: 0.7368  decode.acc_seg: 85.5927  aux_0.loss_ce: 0.2743  aux_0.acc_seg: 84.8988
2026/07/22 02:35:01 - mmengine - INFO - Iter(train) [121500/160000]  lr: 2.8134e-03  eta: 5:11:06  time: 0.4803  data_time: 0.0263  memory: 9066  loss: 0.8952  decode.loss_ohem: 0.6669  decode.acc_seg: 93.6129  aux_0.loss_ce: 0.2283  aux_0.acc_seg: 91.6961
2026/07/22 02:35:49 - mmengine - INFO - Iter(train) [121600/160000]  lr: 2.8069e-03  eta: 5:10:17  time: 0.4638  data_time: 0.0256  memory: 9067  loss: 0.9575  decode.loss_ohem: 0.7124  decode.acc_seg: 93.6422  aux_0.loss_ce: 0.2451  aux_0.acc_seg: 90.6788
2026/07/22 02:36:37 - mmengine - INFO - Iter(train) [121700/160000]  lr: 2.8003e-03  eta: 5:09:29  time: 0.4796  data_time: 0.0267  memory: 9065  loss: 0.9878  decode.loss_ohem: 0.7457  decode.acc_seg: 92.5803  aux_0.loss_ce: 0.2421  aux_0.acc_seg: 91.4238
2026/07/22 02:37:25 - mmengine - INFO - Iter(train) [121800/160000]  lr: 2.7938e-03  eta: 5:08:40  time: 0.4826  data_time: 0.0268  memory: 9066  loss: 0.9085  decode.loss_ohem: 0.6571  decode.acc_seg: 93.2251  aux_0.loss_ce: 0.2514  aux_0.acc_seg: 91.9825
2026/07/22 02:38:13 - mmengine - INFO - Iter(train) [121900/160000]  lr: 2.7872e-03  eta: 5:07:52  time: 0.4795  data_time: 0.0261  memory: 9066  loss: 0.9346  decode.loss_ohem: 0.6740  decode.acc_seg: 93.5143  aux_0.loss_ce: 0.2605  aux_0.acc_seg: 90.9746
2026/07/22 02:39:01 - mmengine - INFO - Exp name: dsanet_cityscapes_512x1024_20260721_100709
2026/07/22 02:39:01 - mmengine - INFO - Iter(train) [122000/160000]  lr: 2.7807e-03  eta: 5:07:03  time: 0.4799  data_time: 0.0266  memory: 9066  loss: 0.9364  decode.loss_ohem: 0.6740  decode.acc_seg: 93.7722  aux_0.loss_ce: 0.2625  aux_0.acc_seg: 88.1922
2026/07/22 02:39:49 - mmengine - INFO - Iter(train) [122100/160000]  lr: 2.7741e-03  eta: 5:06:14  time: 0.4814  data_time: 0.0264  memory: 9066  loss: 0.9678  decode.loss_ohem: 0.7086  decode.acc_seg: 93.2077  aux_0.loss_ce: 0.2592  aux_0.acc_seg: 91.6288
2026/07/22 02:40:37 - mmengine - INFO - Iter(train) [122200/160000]  lr: 2.7675e-03  eta: 5:05:26  time: 0.4841  data_time: 0.0263  memory: 9066  loss: 0.9021  decode.loss_ohem: 0.6570  decode.acc_seg: 92.9154  aux_0.loss_ce: 0.2451  aux_0.acc_seg: 90.2511
2026/07/22 02:41:25 - mmengine - INFO - Iter(train) [122300/160000]  lr: 2.7610e-03  eta: 5:04:37  time: 0.4802  data_time: 0.0264  memory: 9067  loss: 0.9521  decode.loss_ohem: 0.7080  decode.acc_seg: 94.5739  aux_0.loss_ce: 0.2441  aux_0.acc_seg: 91.3879
2026/07/22 02:42:13 - mmengine - INFO - Iter(train) [122400/160000]  lr: 2.7544e-03  eta: 5:03:48  time: 0.4807  data_time: 0.0262  memory: 9069  loss: 0.9641  decode.loss_ohem: 0.6978  decode.acc_seg: 93.7059  aux_0.loss_ce: 0.2663  aux_0.acc_seg: 90.7522
2026/07/22 02:43:01 - mmengine - INFO - Iter(train) [122500/160000]  lr: 2.7478e-03  eta: 5:03:00  time: 0.4798  data_time: 0.0264  memory: 9066  loss: 0.9318  decode.loss_ohem: 0.6884  decode.acc_seg: 93.9784  aux_0.loss_ce: 0.2434  aux_0.acc_seg: 92.2867
2026/07/22 02:43:50 - mmengine - INFO - Iter(train) [122600/160000]  lr: 2.7412e-03  eta: 5:02:11  time: 0.4812  data_time: 0.0264  memory: 9066  loss: 0.9770  decode.loss_ohem: 0.7071  decode.acc_seg: 93.3984  aux_0.loss_ce: 0.2698  aux_0.acc_seg: 90.1863
2026/07/22 02:44:38 - mmengine - INFO - Iter(train) [122700/160000]  lr: 2.7347e-03  eta: 5:01:23  time: 0.4809  data_time: 0.0263  memory: 9065  loss: 0.9784  decode.loss_ohem: 0.7196  decode.acc_seg: 91.5962  aux_0.loss_ce: 0.2588  aux_0.acc_seg: 89.1696
2026/07/22 02:45:26 - mmengine - INFO - Iter(train) [122800/160000]  lr: 2.7281e-03  eta: 5:00:34  time: 0.4817  data_time: 0.0266  memory: 9066  loss: 0.9711  decode.loss_ohem: 0.7003  decode.acc_seg: 92.3980  aux_0.loss_ce: 0.2708  aux_0.acc_seg: 90.7268
2026/07/22 02:46:14 - mmengine - INFO - Iter(train) [122900/160000]  lr: 2.7215e-03  eta: 4:59:45  time: 0.4811  data_time: 0.0266  memory: 9066  loss: 0.9315  decode.loss_ohem: 0.6855  decode.acc_seg: 94.7713  aux_0.loss_ce: 0.2460  aux_0.acc_seg: 91.9178
2026/07/22 02:47:02 - mmengine - INFO - Exp name: dsanet_cityscapes_512x1024_20260721_100709
2026/07/22 02:47:02 - mmengine - INFO - Iter(train) [123000/160000]  lr: 2.7149e-03  eta: 4:58:57  time: 0.4808  data_time: 0.0264  memory: 9067  loss: 1.0065  decode.loss_ohem: 0.7308  decode.acc_seg: 92.8306  aux_0.loss_ce: 0.2757  aux_0.acc_seg: 90.4854
2026/07/22 02:47:50 - mmengine - INFO - Iter(train) [123100/160000]  lr: 2.7084e-03  eta: 4:58:08  time: 0.4817  data_time: 0.0266  memory: 9067  loss: 0.9826  decode.loss_ohem: 0.7134  decode.acc_seg: 91.0635  aux_0.loss_ce: 0.2692  aux_0.acc_seg: 88.1761
2026/07/22 02:48:38 - mmengine - INFO - Iter(train) [123200/160000]  lr: 2.7018e-03  eta: 4:57:20  time: 0.4805  data_time: 0.0263  memory: 9066  loss: 1.0209  decode.loss_ohem: 0.7653  decode.acc_seg: 93.2701  aux_0.loss_ce: 0.2556  aux_0.acc_seg: 92.2267
2026/07/22 02:49:26 - mmengine - INFO - Iter(train) [123300/160000]  lr: 2.6952e-03  eta: 4:56:31  time: 0.4805  data_time: 0.0264  memory: 9067  loss: 0.9796  decode.loss_ohem: 0.7423  decode.acc_seg: 93.4032  aux_0.loss_ce: 0.2373  aux_0.acc_seg: 91.7465
2026/07/22 02:50:14 - mmengine - INFO - Iter(train) [123400/160000]  lr: 2.6886e-03  eta: 4:55:42  time: 0.4813  data_time: 0.0265  memory: 9066  loss: 1.0280  decode.loss_ohem: 0.7702  decode.acc_seg: 94.3795  aux_0.loss_ce: 0.2578  aux_0.acc_seg: 92.9797
2026/07/22 02:51:03 - mmengine - INFO - Iter(train) [123500/160000]  lr: 2.6820e-03  eta: 4:54:54  time: 0.4806  data_time: 0.0262  memory: 9066  loss: 0.9723  decode.loss_ohem: 0.7196  decode.acc_seg: 94.8769  aux_0.loss_ce: 0.2526  aux_0.acc_seg: 93.2678
2026/07/22 02:51:51 - mmengine - INFO - Iter(train) [123600/160000]  lr: 2.6754e-03  eta: 4:54:05  time: 0.4814  data_time: 0.0266  memory: 9067  loss: 1.0177  decode.loss_ohem: 0.7306  decode.acc_seg: 92.9296  aux_0.loss_ce: 0.2870  aux_0.acc_seg: 87.5655
2026/07/22 02:52:39 - mmengine - INFO - Iter(train) [123700/160000]  lr: 2.6688e-03  eta: 4:53:17  time: 0.4814  data_time: 0.0264  memory: 9066  loss: 1.0164  decode.loss_ohem: 0.7530  decode.acc_seg: 92.6874  aux_0.loss_ce: 0.2634  aux_0.acc_seg: 90.8538
2026/07/22 02:53:27 - mmengine - INFO - Iter(train) [123800/160000]  lr: 2.6622e-03  eta: 4:52:28  time: 0.4800  data_time: 0.0261  memory: 9065  loss: 0.9710  decode.loss_ohem: 0.7164  decode.acc_seg: 92.3868  aux_0.loss_ce: 0.2547  aux_0.acc_seg: 90.1760
2026/07/22 02:54:15 - mmengine - INFO - Iter(train) [123900/160000]  lr: 2.6557e-03  eta: 4:51:40  time: 0.4808  data_time: 0.0263  memory: 9066  loss: 0.9388  decode.loss_ohem: 0.6730  decode.acc_seg: 92.6795  aux_0.loss_ce: 0.2658  aux_0.acc_seg: 88.8387
2026/07/22 02:55:03 - mmengine - INFO - Exp name: dsanet_cityscapes_512x1024_20260721_100709
2026/07/22 02:55:03 - mmengine - INFO - Iter(train) [124000/160000]  lr: 2.6491e-03  eta: 4:50:51  time: 0.4816  data_time: 0.0265  memory: 9068  loss: 1.1827  decode.loss_ohem: 0.8833  decode.acc_seg: 90.6087  aux_0.loss_ce: 0.2994  aux_0.acc_seg: 87.5778
2026/07/22 02:55:51 - mmengine - INFO - Iter(train) [124100/160000]  lr: 2.6425e-03  eta: 4:50:02  time: 0.4806  data_time: 0.0263  memory: 9066  loss: 0.9415  decode.loss_ohem: 0.6961  decode.acc_seg: 94.2704  aux_0.loss_ce: 0.2455  aux_0.acc_seg: 92.1545
2026/07/22 02:56:39 - mmengine - INFO - Iter(train) [124200/160000]  lr: 2.6359e-03  eta: 4:49:14  time: 0.4821  data_time: 0.0269  memory: 9065  loss: 0.9524  decode.loss_ohem: 0.6958  decode.acc_seg: 93.1406  aux_0.loss_ce: 0.2566  aux_0.acc_seg: 91.5080
2026/07/22 02:57:28 - mmengine - INFO - Iter(train) [124300/160000]  lr: 2.6293e-03  eta: 4:48:25  time: 0.4805  data_time: 0.0262  memory: 9065  loss: 0.9819  decode.loss_ohem: 0.7221  decode.acc_seg: 93.0180  aux_0.loss_ce: 0.2598  aux_0.acc_seg: 91.0202
2026/07/22 02:58:16 - mmengine - INFO - Iter(train) [124400/160000]  lr: 2.6227e-03  eta: 4:47:37  time: 0.4811  data_time: 0.0266  memory: 9065  loss: 0.8694  decode.loss_ohem: 0.6466  decode.acc_seg: 93.8190  aux_0.loss_ce: 0.2228  aux_0.acc_seg: 91.5932
2026/07/22 02:59:04 - mmengine - INFO - Iter(train) [124500/160000]  lr: 2.6160e-03  eta: 4:46:48  time: 0.4824  data_time: 0.0267  memory: 9065  loss: 0.9989  decode.loss_ohem: 0.7288  decode.acc_seg: 91.4620  aux_0.loss_ce: 0.2700  aux_0.acc_seg: 89.0866
2026/07/22 02:59:52 - mmengine - INFO - Iter(train) [124600/160000]  lr: 2.6094e-03  eta: 4:45:59  time: 0.4801  data_time: 0.0257  memory: 9066  loss: 0.9916  decode.loss_ohem: 0.7381  decode.acc_seg: 91.2226  aux_0.loss_ce: 0.2535  aux_0.acc_seg: 88.5761
2026/07/22 03:00:40 - mmengine - INFO - Iter(train) [124700/160000]  lr: 2.6028e-03  eta: 4:45:11  time: 0.4800  data_time: 0.0264  memory: 9066  loss: 0.9226  decode.loss_ohem: 0.6641  decode.acc_seg: 94.2041  aux_0.loss_ce: 0.2585  aux_0.acc_seg: 91.6994
2026/07/22 03:01:28 - mmengine - INFO - Iter(train) [124800/160000]  lr: 2.5962e-03  eta: 4:44:22  time: 0.4798  data_time: 0.0261  memory: 9065  loss: 0.9021  decode.loss_ohem: 0.6590  decode.acc_seg: 93.6649  aux_0.loss_ce: 0.2432  aux_0.acc_seg: 90.1454
2026/07/22 03:02:16 - mmengine - INFO - Iter(train) [124900/160000]  lr: 2.5896e-03  eta: 4:43:34  time: 0.4798  data_time: 0.0262  memory: 9066  loss: 0.9520  decode.loss_ohem: 0.6996  decode.acc_seg: 93.7758  aux_0.loss_ce: 0.2524  aux_0.acc_seg: 91.9893
2026/07/22 03:03:04 - mmengine - INFO - Exp name: dsanet_cityscapes_512x1024_20260721_100709
2026/07/22 03:03:04 - mmengine - INFO - Iter(train) [125000/160000]  lr: 2.5830e-03  eta: 4:42:45  time: 0.4805  data_time: 0.0261  memory: 9066  loss: 0.9945  decode.loss_ohem: 0.7343  decode.acc_seg: 89.7283  aux_0.loss_ce: 0.2602  aux_0.acc_seg: 86.2447
2026/07/22 03:03:04 - mmengine - INFO - Saving checkpoint at 125000 iterations
2026/07/22 03:03:10 - mmengine - INFO - Iter(val) [100/250]    eta: 0:00:08  time: 0.0549  data_time: 0.0097  memory: 801  
2026/07/22 03:03:16 - mmengine - INFO - Iter(val) [200/250]    eta: 0:00:02  time: 0.0555  data_time: 0.0100  memory: 801  
2026/07/22 03:03:19 - mmengine - INFO - per class results:
2026/07/22 03:03:19 - mmengine - INFO - 
+---------------+-------+-------+
|     Class     |  IoU  |  Acc  |
+---------------+-------+-------+
|      road     | 97.43 | 98.59 |
|    sidewalk   | 81.44 | 88.96 |
|    building   | 90.25 | 95.23 |
|      wall     | 43.78 | 48.31 |
|     fence     | 51.94 | 65.58 |
|      pole     | 58.28 | 71.72 |
| traffic light | 57.48 | 73.44 |
|  traffic sign | 70.57 | 77.82 |
|   vegetation  | 90.43 | 96.37 |
|    terrain    | 58.68 | 65.52 |
|      sky      | 92.97 | 97.32 |
|     person    | 75.13 | 90.49 |
|     rider     | 55.33 |  72.6 |
|      car      |  93.3 | 96.42 |
|     truck     |  62.5 | 70.29 |
|      bus      | 72.33 | 89.24 |
|     train     | 57.56 | 74.54 |
|   motorcycle  | 50.63 | 70.81 |
|    bicycle    | 70.36 | 83.39 |
+---------------+-------+-------+
2026/07/22 03:03:19 - mmengine - INFO - Iter(val) [250/250]    aAcc: 94.8200  mIoU: 70.0200  mAcc: 80.3500  data_time: 0.0105  time: 0.0557
2026/07/22 03:03:19 - mmengine - INFO - The previous best checkpoint /root/autodl-tmp/DSANet-main/tools/work_dirs/dsanet_cityscapes_512x1024/best_mIoU_iter_115000.pth is removed
2026/07/22 03:03:19 - mmengine - INFO - The best checkpoint with 70.0200 mIoU at 125000 iter is saved to best_mIoU_iter_125000.pth.
2026/07/22 03:04:07 - mmengine - INFO - Iter(train) [125100/160000]  lr: 2.5764e-03  eta: 4:41:57  time: 0.4797  data_time: 0.0261  memory: 9067  loss: 0.9299  decode.loss_ohem: 0.6928  decode.acc_seg: 93.8009  aux_0.loss_ce: 0.2371  aux_0.acc_seg: 92.1840
2026/07/22 03:04:55 - mmengine - INFO - Iter(train) [125200/160000]  lr: 2.5698e-03  eta: 4:41:08  time: 0.4811  data_time: 0.0264  memory: 9069  loss: 1.0147  decode.loss_ohem: 0.7424  decode.acc_seg: 93.2475  aux_0.loss_ce: 0.2723  aux_0.acc_seg: 91.5346
2026/07/22 03:05:44 - mmengine - INFO - Iter(train) [125300/160000]  lr: 2.5631e-03  eta: 4:40:19  time: 0.4804  data_time: 0.0262  memory: 9065  loss: 1.0060  decode.loss_ohem: 0.7426  decode.acc_seg: 93.5673  aux_0.loss_ce: 0.2634  aux_0.acc_seg: 91.6831
2026/07/22 03:06:32 - mmengine - INFO - Iter(train) [125400/160000]  lr: 2.5565e-03  eta: 4:39:31  time: 0.4797  data_time: 0.0259  memory: 9067  loss: 0.9786  decode.loss_ohem: 0.7208  decode.acc_seg: 90.4016  aux_0.loss_ce: 0.2579  aux_0.acc_seg: 88.1272
2026/07/22 03:07:20 - mmengine - INFO - Iter(train) [125500/160000]  lr: 2.5499e-03  eta: 4:38:42  time: 0.4809  data_time: 0.0266  memory: 9066  loss: 0.9570  decode.loss_ohem: 0.6940  decode.acc_seg: 92.7253  aux_0.loss_ce: 0.2631  aux_0.acc_seg: 91.1349
2026/07/22 03:08:08 - mmengine - INFO - Iter(train) [125600/160000]  lr: 2.5433e-03  eta: 4:37:54  time: 0.4803  data_time: 0.0260  memory: 9066  loss: 0.9681  decode.loss_ohem: 0.7244  decode.acc_seg: 94.7379  aux_0.loss_ce: 0.2437  aux_0.acc_seg: 92.6327
2026/07/22 03:08:56 - mmengine - INFO - Iter(train) [125700/160000]  lr: 2.5366e-03  eta: 4:37:05  time: 0.4811  data_time: 0.0264  memory: 9065  loss: 0.9598  decode.loss_ohem: 0.7143  decode.acc_seg: 93.1266  aux_0.loss_ce: 0.2455  aux_0.acc_seg: 90.2978
2026/07/22 03:09:44 - mmengine - INFO - Iter(train) [125800/160000]  lr: 2.5300e-03  eta: 4:36:17  time: 0.4799  data_time: 0.0261  memory: 9066  loss: 0.9868  decode.loss_ohem: 0.7304  decode.acc_seg: 92.7223  aux_0.loss_ce: 0.2564  aux_0.acc_seg: 91.4830
2026/07/22 03:10:32 - mmengine - INFO - Iter(train) [125900/160000]  lr: 2.5234e-03  eta: 4:35:28  time: 0.4800  data_time: 0.0257  memory: 9065  loss: 0.9748  decode.loss_ohem: 0.7102  decode.acc_seg: 94.4400  aux_0.loss_ce: 0.2645  aux_0.acc_seg: 93.4023
2026/07/22 03:11:20 - mmengine - INFO - Exp name: dsanet_cityscapes_512x1024_20260721_100709
2026/07/22 03:11:20 - mmengine - INFO - Iter(train) [126000/160000]  lr: 2.5167e-03  eta: 4:34:39  time: 0.4808  data_time: 0.0266  memory: 9066  loss: 0.9604  decode.loss_ohem: 0.7134  decode.acc_seg: 92.1363  aux_0.loss_ce: 0.2470  aux_0.acc_seg: 89.8816
2026/07/22 03:12:08 - mmengine - INFO - Iter(train) [126100/160000]  lr: 2.5101e-03  eta: 4:33:51  time: 0.4810  data_time: 0.0263  memory: 9066  loss: 0.8741  decode.loss_ohem: 0.6413  decode.acc_seg: 94.6681  aux_0.loss_ce: 0.2328  aux_0.acc_seg: 92.4986
2026/07/22 03:12:56 - mmengine - INFO - Iter(train) [126200/160000]  lr: 2.5035e-03  eta: 4:33:02  time: 0.4802  data_time: 0.0264  memory: 9064  loss: 1.0365  decode.loss_ohem: 0.7681  decode.acc_seg: 92.0903  aux_0.loss_ce: 0.2683  aux_0.acc_seg: 88.9438
2026/07/22 03:13:44 - mmengine - INFO - Iter(train) [126300/160000]  lr: 2.4968e-03  eta: 4:32:14  time: 0.4808  data_time: 0.0260  memory: 9066  loss: 0.9794  decode.loss_ohem: 0.7034  decode.acc_seg: 95.4568  aux_0.loss_ce: 0.2760  aux_0.acc_seg: 93.0038
2026/07/22 03:14:32 - mmengine - INFO - Iter(train) [126400/160000]  lr: 2.4902e-03  eta: 4:31:25  time: 0.4804  data_time: 0.0258  memory: 9066  loss: 0.9382  decode.loss_ohem: 0.6896  decode.acc_seg: 92.1088  aux_0.loss_ce: 0.2486  aux_0.acc_seg: 88.4998
2026/07/22 03:15:20 - mmengine - INFO - Iter(train) [126500/160000]  lr: 2.4835e-03  eta: 4:30:36  time: 0.4801  data_time: 0.0258  memory: 9066  loss: 0.9383  decode.loss_ohem: 0.6931  decode.acc_seg: 93.3820  aux_0.loss_ce: 0.2452  aux_0.acc_seg: 89.1591
2026/07/22 03:16:09 - mmengine - INFO - Iter(train) [126600/160000]  lr: 2.4769e-03  eta: 4:29:48  time: 0.4799  data_time: 0.0264  memory: 9065  loss: 0.9891  decode.loss_ohem: 0.7262  decode.acc_seg: 94.1497  aux_0.loss_ce: 0.2628  aux_0.acc_seg: 93.0023
2026/07/22 03:16:57 - mmengine - INFO - Iter(train) [126700/160000]  lr: 2.4702e-03  eta: 4:28:59  time: 0.4797  data_time: 0.0257  memory: 9066  loss: 0.9402  decode.loss_ohem: 0.6984  decode.acc_seg: 93.3020  aux_0.loss_ce: 0.2418  aux_0.acc_seg: 90.3560
2026/07/22 03:17:45 - mmengine - INFO - Iter(train) [126800/160000]  lr: 2.4636e-03  eta: 4:28:11  time: 0.4799  data_time: 0.0258  memory: 9065  loss: 0.9836  decode.loss_ohem: 0.7188  decode.acc_seg: 94.0698  aux_0.loss_ce: 0.2648  aux_0.acc_seg: 91.4884
2026/07/22 03:18:33 - mmengine - INFO - Iter(train) [126900/160000]  lr: 2.4569e-03  eta: 4:27:22  time: 0.4798  data_time: 0.0260  memory: 9066  loss: 0.9556  decode.loss_ohem: 0.7166  decode.acc_seg: 94.8676  aux_0.loss_ce: 0.2390  aux_0.acc_seg: 92.1533
2026/07/22 03:19:21 - mmengine - INFO - Exp name: dsanet_cityscapes_512x1024_20260721_100709
2026/07/22 03:19:21 - mmengine - INFO - Iter(train) [127000/160000]  lr: 2.4503e-03  eta: 4:26:34  time: 0.4794  data_time: 0.0258  memory: 9067  loss: 0.9399  decode.loss_ohem: 0.6891  decode.acc_seg: 94.4606  aux_0.loss_ce: 0.2507  aux_0.acc_seg: 91.6482
2026/07/22 03:20:09 - mmengine - INFO - Iter(train) [127100/160000]  lr: 2.4436e-03  eta: 4:25:45  time: 0.4804  data_time: 0.0256  memory: 9067  loss: 0.9532  decode.loss_ohem: 0.7058  decode.acc_seg: 92.6909  aux_0.loss_ce: 0.2474  aux_0.acc_seg: 88.8138
2026/07/22 03:20:57 - mmengine - INFO - Iter(train) [127200/160000]  lr: 2.4370e-03  eta: 4:24:56  time: 0.4803  data_time: 0.0259  memory: 9065  loss: 1.0029  decode.loss_ohem: 0.7385  decode.acc_seg: 93.6453  aux_0.loss_ce: 0.2643  aux_0.acc_seg: 92.6098
2026/07/22 03:21:45 - mmengine - INFO - Iter(train) [127300/160000]  lr: 2.4303e-03  eta: 4:24:08  time: 0.4801  data_time: 0.0260  memory: 9065  loss: 0.9784  decode.loss_ohem: 0.7160  decode.acc_seg: 92.6859  aux_0.loss_ce: 0.2624  aux_0.acc_seg: 90.6759
2026/07/22 03:22:33 - mmengine - INFO - Iter(train) [127400/160000]  lr: 2.4236e-03  eta: 4:23:19  time: 0.4804  data_time: 0.0261  memory: 9065  loss: 0.9352  decode.loss_ohem: 0.6804  decode.acc_seg: 91.9137  aux_0.loss_ce: 0.2547  aux_0.acc_seg: 88.1870
2026/07/22 03:23:21 - mmengine - INFO - Iter(train) [127500/160000]  lr: 2.4170e-03  eta: 4:22:31  time: 0.4799  data_time: 0.0261  memory: 9065  loss: 0.9627  decode.loss_ohem: 0.7078  decode.acc_seg: 93.8888  aux_0.loss_ce: 0.2549  aux_0.acc_seg: 89.8230
2026/07/22 03:24:09 - mmengine - INFO - Iter(train) [127600/160000]  lr: 2.4103e-03  eta: 4:21:42  time: 0.4801  data_time: 0.0262  memory: 9065  loss: 1.0036  decode.loss_ohem: 0.7398  decode.acc_seg: 91.9937  aux_0.loss_ce: 0.2638  aux_0.acc_seg: 89.5521
2026/07/22 03:24:57 - mmengine - INFO - Iter(train) [127700/160000]  lr: 2.4036e-03  eta: 4:20:53  time: 0.4798  data_time: 0.0262  memory: 9066  loss: 0.9724  decode.loss_ohem: 0.6984  decode.acc_seg: 93.8620  aux_0.loss_ce: 0.2740  aux_0.acc_seg: 89.9522
2026/07/22 03:25:45 - mmengine - INFO - Iter(train) [127800/160000]  lr: 2.3970e-03  eta: 4:20:05  time: 0.4799  data_time: 0.0258  memory: 9066  loss: 0.9453  decode.loss_ohem: 0.6928  decode.acc_seg: 94.2007  aux_0.loss_ce: 0.2525  aux_0.acc_seg: 92.2099
2026/07/22 03:26:33 - mmengine - INFO - Iter(train) [127900/160000]  lr: 2.3903e-03  eta: 4:19:16  time: 0.4815  data_time: 0.0268  memory: 9066  loss: 1.0125  decode.loss_ohem: 0.7432  decode.acc_seg: 92.1676  aux_0.loss_ce: 0.2693  aux_0.acc_seg: 88.3686
2026/07/22 03:27:21 - mmengine - INFO - Exp name: dsanet_cityscapes_512x1024_20260721_100709
2026/07/22 03:27:21 - mmengine - INFO - Iter(train) [128000/160000]  lr: 2.3836e-03  eta: 4:18:28  time: 0.4798  data_time: 0.0255  memory: 9066  loss: 0.9540  decode.loss_ohem: 0.6988  decode.acc_seg: 92.4903  aux_0.loss_ce: 0.2553  aux_0.acc_seg: 90.7946
2026/07/22 03:28:09 - mmengine - INFO - Iter(train) [128100/160000]  lr: 2.3769e-03  eta: 4:17:39  time: 0.4804  data_time: 0.0261  memory: 9065  loss: 0.9116  decode.loss_ohem: 0.6609  decode.acc_seg: 93.1440  aux_0.loss_ce: 0.2506  aux_0.acc_seg: 89.1366
2026/07/22 03:28:57 - mmengine - INFO - Iter(train) [128200/160000]  lr: 2.3703e-03  eta: 4:16:51  time: 0.4801  data_time: 0.0263  memory: 9066  loss: 0.8893  decode.loss_ohem: 0.6520  decode.acc_seg: 94.4672  aux_0.loss_ce: 0.2373  aux_0.acc_seg: 92.7300
2026/07/22 03:29:45 - mmengine - INFO - Iter(train) [128300/160000]  lr: 2.3636e-03  eta: 4:16:02  time: 0.4798  data_time: 0.0259  memory: 9065  loss: 0.9574  decode.loss_ohem: 0.7000  decode.acc_seg: 94.5868  aux_0.loss_ce: 0.2575  aux_0.acc_seg: 91.5557
2026/07/22 03:30:33 - mmengine - INFO - Iter(train) [128400/160000]  lr: 2.3569e-03  eta: 4:15:13  time: 0.4807  data_time: 0.0261  memory: 9066  loss: 1.0076  decode.loss_ohem: 0.7691  decode.acc_seg: 92.8647  aux_0.loss_ce: 0.2386  aux_0.acc_seg: 90.7963
2026/07/22 03:31:22 - mmengine - INFO - Iter(train) [128500/160000]  lr: 2.3502e-03  eta: 4:14:25  time: 0.4801  data_time: 0.0260  memory: 9067  loss: 0.9308  decode.loss_ohem: 0.6773  decode.acc_seg: 93.7257  aux_0.loss_ce: 0.2536  aux_0.acc_seg: 91.9938
2026/07/22 03:32:10 - mmengine - INFO - Iter(train) [128600/160000]  lr: 2.3435e-03  eta: 4:13:36  time: 0.4805  data_time: 0.0260  memory: 9065  loss: 0.9436  decode.loss_ohem: 0.6893  decode.acc_seg: 93.2340  aux_0.loss_ce: 0.2543  aux_0.acc_seg: 91.2882
2026/07/22 03:32:58 - mmengine - INFO - Iter(train) [128700/160000]  lr: 2.3368e-03  eta: 4:12:48  time: 0.4805  data_time: 0.0261  memory: 9065  loss: 0.8917  decode.loss_ohem: 0.6654  decode.acc_seg: 92.3827  aux_0.loss_ce: 0.2263  aux_0.acc_seg: 90.2365
2026/07/22 03:33:46 - mmengine - INFO - Iter(train) [128800/160000]  lr: 2.3301e-03  eta: 4:11:59  time: 0.4796  data_time: 0.0258  memory: 9065  loss: 0.9584  decode.loss_ohem: 0.7010  decode.acc_seg: 94.6524  aux_0.loss_ce: 0.2574  aux_0.acc_seg: 92.0671
2026/07/22 03:34:34 - mmengine - INFO - Iter(train) [128900/160000]  lr: 2.3235e-03  eta: 4:11:11  time: 0.4800  data_time: 0.0261  memory: 9066  loss: 0.9342  decode.loss_ohem: 0.6863  decode.acc_seg: 93.2328  aux_0.loss_ce: 0.2479  aux_0.acc_seg: 89.4630
2026/07/22 03:35:22 - mmengine - INFO - Exp name: dsanet_cityscapes_512x1024_20260721_100709
2026/07/22 03:35:22 - mmengine - INFO - Iter(train) [129000/160000]  lr: 2.3168e-03  eta: 4:10:22  time: 0.4795  data_time: 0.0258  memory: 9066  loss: 0.9619  decode.loss_ohem: 0.7280  decode.acc_seg: 93.5271  aux_0.loss_ce: 0.2339  aux_0.acc_seg: 89.2315
2026/07/22 03:36:10 - mmengine - INFO - Iter(train) [129100/160000]  lr: 2.3101e-03  eta: 4:09:33  time: 0.4799  data_time: 0.0258  memory: 9065  loss: 0.9255  decode.loss_ohem: 0.6764  decode.acc_seg: 93.8985  aux_0.loss_ce: 0.2492  aux_0.acc_seg: 90.3800
2026/07/22 03:36:58 - mmengine - INFO - Iter(train) [129200/160000]  lr: 2.3034e-03  eta: 4:08:45  time: 0.4802  data_time: 0.0263  memory: 9064  loss: 0.9634  decode.loss_ohem: 0.7171  decode.acc_seg: 92.1006  aux_0.loss_ce: 0.2463  aux_0.acc_seg: 88.3025
2026/07/22 03:37:46 - mmengine - INFO - Iter(train) [129300/160000]  lr: 2.2967e-03  eta: 4:07:56  time: 0.4796  data_time: 0.0262  memory: 9065  loss: 0.9463  decode.loss_ohem: 0.7063  decode.acc_seg: 93.6292  aux_0.loss_ce: 0.2400  aux_0.acc_seg: 92.2017
2026/07/22 03:38:34 - mmengine - INFO - Iter(train) [129400/160000]  lr: 2.2900e-03  eta: 4:07:08  time: 0.4801  data_time: 0.0256  memory: 9066  loss: 0.9299  decode.loss_ohem: 0.6859  decode.acc_seg: 93.6535  aux_0.loss_ce: 0.2440  aux_0.acc_seg: 90.5827
2026/07/22 03:39:22 - mmengine - INFO - Iter(train) [129500/160000]  lr: 2.2832e-03  eta: 4:06:19  time: 0.4794  data_time: 0.0259  memory: 9066  loss: 0.9721  decode.loss_ohem: 0.7334  decode.acc_seg: 94.2399  aux_0.loss_ce: 0.2387  aux_0.acc_seg: 92.9290
2026/07/22 03:40:10 - mmengine - INFO - Iter(train) [129600/160000]  lr: 2.2765e-03  eta: 4:05:31  time: 0.4802  data_time: 0.0259  memory: 9065  loss: 0.9909  decode.loss_ohem: 0.7197  decode.acc_seg: 91.1689  aux_0.loss_ce: 0.2712  aux_0.acc_seg: 88.8788
2026/07/22 03:40:58 - mmengine - INFO - Iter(train) [129700/160000]  lr: 2.2698e-03  eta: 4:04:42  time: 0.4802  data_time: 0.0261  memory: 9065  loss: 0.8940  decode.loss_ohem: 0.6514  decode.acc_seg: 95.1005  aux_0.loss_ce: 0.2426  aux_0.acc_seg: 90.9365
2026/07/22 03:41:46 - mmengine - INFO - Iter(train) [129800/160000]  lr: 2.2631e-03  eta: 4:03:54  time: 0.4797  data_time: 0.0264  memory: 9067  loss: 0.8981  decode.loss_ohem: 0.6763  decode.acc_seg: 93.8714  aux_0.loss_ce: 0.2218  aux_0.acc_seg: 92.2835
2026/07/22 03:42:34 - mmengine - INFO - Iter(train) [129900/160000]  lr: 2.2564e-03  eta: 4:03:05  time: 0.4804  data_time: 0.0260  memory: 9065  loss: 0.9446  decode.loss_ohem: 0.6987  decode.acc_seg: 89.8816  aux_0.loss_ce: 0.2459  aux_0.acc_seg: 86.0970
2026/07/22 03:43:22 - mmengine - INFO - Exp name: dsanet_cityscapes_512x1024_20260721_100709
2026/07/22 03:43:22 - mmengine - INFO - Iter(train) [130000/160000]  lr: 2.2497e-03  eta: 4:02:16  time: 0.4796  data_time: 0.0256  memory: 9065  loss: 0.9396  decode.loss_ohem: 0.6896  decode.acc_seg: 91.7574  aux_0.loss_ce: 0.2500  aux_0.acc_seg: 89.2925
2026/07/22 03:43:22 - mmengine - INFO - Saving checkpoint at 130000 iterations
2026/07/22 03:43:28 - mmengine - INFO - Iter(val) [100/250]    eta: 0:00:08  time: 0.0536  data_time: 0.0089  memory: 801  
2026/07/22 03:43:33 - mmengine - INFO - Iter(val) [200/250]    eta: 0:00:02  time: 0.0535  data_time: 0.0085  memory: 801  
2026/07/22 03:43:36 - mmengine - INFO - per class results:
2026/07/22 03:43:36 - mmengine - INFO - 
+---------------+-------+-------+
|     Class     |  IoU  |  Acc  |
+---------------+-------+-------+
|      road     | 97.81 | 98.77 |
|    sidewalk   | 82.27 | 90.85 |
|    building   | 90.69 | 95.01 |
|      wall     | 56.42 | 63.81 |
|     fence     | 56.85 | 71.06 |
|      pole     | 59.47 | 71.29 |
| traffic light | 58.66 | 74.17 |
|  traffic sign |  70.2 | 78.73 |
|   vegetation  | 91.05 | 95.91 |
|    terrain    | 59.74 | 72.45 |
|      sky      | 92.76 | 97.99 |
|     person    | 76.24 | 90.06 |
|     rider     | 55.99 | 70.29 |
|      car      | 93.08 | 96.75 |
|     truck     | 61.63 | 77.37 |
|      bus      | 70.88 | 85.28 |
|     train     | 56.76 | 77.84 |
|   motorcycle  | 51.13 | 64.84 |
|    bicycle    | 71.06 | 82.92 |
+---------------+-------+-------+
2026/07/22 03:43:36 - mmengine - INFO - Iter(val) [250/250]    aAcc: 95.1200  mIoU: 71.1900  mAcc: 81.8600  data_time: 0.0098  time: 0.0546
2026/07/22 03:43:36 - mmengine - INFO - The previous best checkpoint /root/autodl-tmp/DSANet-main/tools/work_dirs/dsanet_cityscapes_512x1024/best_mIoU_iter_125000.pth is removed
2026/07/22 03:43:37 - mmengine - INFO - The best checkpoint with 71.1900 mIoU at 130000 iter is saved to best_mIoU_iter_130000.pth.
2026/07/22 03:44:25 - mmengine - INFO - Iter(train) [130100/160000]  lr: 2.2430e-03  eta: 4:01:28  time: 0.4805  data_time: 0.0263  memory: 9065  loss: 0.9413  decode.loss_ohem: 0.6970  decode.acc_seg: 94.7244  aux_0.loss_ce: 0.2443  aux_0.acc_seg: 92.3604
2026/07/22 03:45:13 - mmengine - INFO - Iter(train) [130200/160000]  lr: 2.2362e-03  eta: 4:00:40  time: 0.4795  data_time: 0.0256  memory: 9067  loss: 0.9306  decode.loss_ohem: 0.6907  decode.acc_seg: 91.9711  aux_0.loss_ce: 0.2399  aux_0.acc_seg: 89.6847
2026/07/22 03:46:01 - mmengine - INFO - Iter(train) [130300/160000]  lr: 2.2295e-03  eta: 3:59:51  time: 0.4811  data_time: 0.0264  memory: 9066  loss: 0.9232  decode.loss_ohem: 0.6875  decode.acc_seg: 94.0759  aux_0.loss_ce: 0.2357  aux_0.acc_seg: 92.7416
2026/07/22 03:46:49 - mmengine - INFO - Iter(train) [130400/160000]  lr: 2.2228e-03  eta: 3:59:02  time: 0.4793  data_time: 0.0257  memory: 9065  loss: 0.9510  decode.loss_ohem: 0.7023  decode.acc_seg: 93.1086  aux_0.loss_ce: 0.2486  aux_0.acc_seg: 89.7014
2026/07/22 03:47:37 - mmengine - INFO - Iter(train) [130500/160000]  lr: 2.2161e-03  eta: 3:58:14  time: 0.4800  data_time: 0.0260  memory: 9067  loss: 0.9253  decode.loss_ohem: 0.6694  decode.acc_seg: 93.4834  aux_0.loss_ce: 0.2559  aux_0.acc_seg: 89.4261
2026/07/22 03:48:25 - mmengine - INFO - Iter(train) [130600/160000]  lr: 2.2093e-03  eta: 3:57:25  time: 0.4792  data_time: 0.0257  memory: 9065  loss: 0.9392  decode.loss_ohem: 0.7072  decode.acc_seg: 93.9602  aux_0.loss_ce: 0.2320  aux_0.acc_seg: 92.1287
2026/07/22 03:49:13 - mmengine - INFO - Iter(train) [130700/160000]  lr: 2.2026e-03  eta: 3:56:37  time: 0.4801  data_time: 0.0265  memory: 9065  loss: 0.9285  decode.loss_ohem: 0.6812  decode.acc_seg: 92.9363  aux_0.loss_ce: 0.2473  aux_0.acc_seg: 89.4608
2026/07/22 03:50:02 - mmengine - INFO - Iter(train) [130800/160000]  lr: 2.1959e-03  eta: 3:55:48  time: 0.4809  data_time: 0.0266  memory: 9065  loss: 0.9122  decode.loss_ohem: 0.6554  decode.acc_seg: 92.9463  aux_0.loss_ce: 0.2568  aux_0.acc_seg: 90.2937
2026/07/22 03:50:50 - mmengine - INFO - Iter(train) [130900/160000]  lr: 2.1891e-03  eta: 3:55:00  time: 0.4811  data_time: 0.0268  memory: 9065  loss: 0.9411  decode.loss_ohem: 0.7005  decode.acc_seg: 94.4351  aux_0.loss_ce: 0.2406  aux_0.acc_seg: 93.4677
2026/07/22 03:51:38 - mmengine - INFO - Exp name: dsanet_cityscapes_512x1024_20260721_100709
2026/07/22 03:51:38 - mmengine - INFO - Iter(train) [131000/160000]  lr: 2.1824e-03  eta: 3:54:11  time: 0.4794  data_time: 0.0265  memory: 9066  loss: 0.9324  decode.loss_ohem: 0.6982  decode.acc_seg: 94.0759  aux_0.loss_ce: 0.2341  aux_0.acc_seg: 90.0772
2026/07/22 03:52:26 - mmengine - INFO - Iter(train) [131100/160000]  lr: 2.1756e-03  eta: 3:53:23  time: 0.4804  data_time: 0.0266  memory: 9064  loss: 0.9565  decode.loss_ohem: 0.7217  decode.acc_seg: 94.0707  aux_0.loss_ce: 0.2348  aux_0.acc_seg: 91.7666
2026/07/22 03:53:14 - mmengine - INFO - Iter(train) [131200/160000]  lr: 2.1689e-03  eta: 3:52:34  time: 0.4806  data_time: 0.0265  memory: 9065  loss: 0.9344  decode.loss_ohem: 0.6997  decode.acc_seg: 93.5130  aux_0.loss_ce: 0.2347  aux_0.acc_seg: 91.8230
2026/07/22 03:54:02 - mmengine - INFO - Iter(train) [131300/160000]  lr: 2.1621e-03  eta: 3:51:46  time: 0.4814  data_time: 0.0266  memory: 9067  loss: 0.9823  decode.loss_ohem: 0.7084  decode.acc_seg: 94.6724  aux_0.loss_ce: 0.2739  aux_0.acc_seg: 93.0364
2026/07/22 03:54:50 - mmengine - INFO - Iter(train) [131400/160000]  lr: 2.1554e-03  eta: 3:50:57  time: 0.4794  data_time: 0.0258  memory: 9065  loss: 0.9138  decode.loss_ohem: 0.6742  decode.acc_seg: 90.6772  aux_0.loss_ce: 0.2396  aux_0.acc_seg: 89.3820
2026/07/22 03:55:38 - mmengine - INFO - Iter(train) [131500/160000]  lr: 2.1486e-03  eta: 3:50:08  time: 0.4812  data_time: 0.0266  memory: 9066  loss: 0.9541  decode.loss_ohem: 0.6922  decode.acc_seg: 93.4712  aux_0.loss_ce: 0.2618  aux_0.acc_seg: 90.6620
2026/07/22 03:56:26 - mmengine - INFO - Iter(train) [131600/160000]  lr: 2.1419e-03  eta: 3:49:20  time: 0.4794  data_time: 0.0261  memory: 9066  loss: 0.9142  decode.loss_ohem: 0.6882  decode.acc_seg: 94.0418  aux_0.loss_ce: 0.2261  aux_0.acc_seg: 92.2527
2026/07/22 03:57:14 - mmengine - INFO - Iter(train) [131700/160000]  lr: 2.1351e-03  eta: 3:48:31  time: 0.4799  data_time: 0.0263  memory: 9067  loss: 0.9005  decode.loss_ohem: 0.6715  decode.acc_seg: 94.2927  aux_0.loss_ce: 0.2290  aux_0.acc_seg: 90.7936
2026/07/22 03:58:02 - mmengine - INFO - Iter(train) [131800/160000]  lr: 2.1284e-03  eta: 3:47:43  time: 0.4804  data_time: 0.0263  memory: 9066  loss: 1.0461  decode.loss_ohem: 0.7624  decode.acc_seg: 92.3516  aux_0.loss_ce: 0.2838  aux_0.acc_seg: 88.3626
2026/07/22 03:58:50 - mmengine - INFO - Iter(train) [131900/160000]  lr: 2.1216e-03  eta: 3:46:54  time: 0.4797  data_time: 0.0262  memory: 9065  loss: 0.9310  decode.loss_ohem: 0.6990  decode.acc_seg: 93.7040  aux_0.loss_ce: 0.2319  aux_0.acc_seg: 92.0656
2026/07/22 03:59:38 - mmengine - INFO - Exp name: dsanet_cityscapes_512x1024_20260721_100709
2026/07/22 03:59:38 - mmengine - INFO - Iter(train) [132000/160000]  lr: 2.1148e-03  eta: 3:46:06  time: 0.4807  data_time: 0.0264  memory: 9065  loss: 1.0325  decode.loss_ohem: 0.7506  decode.acc_seg: 89.0414  aux_0.loss_ce: 0.2820  aux_0.acc_seg: 88.9834
2026/07/22 04:00:26 - mmengine - INFO - Iter(train) [132100/160000]  lr: 2.1081e-03  eta: 3:45:17  time: 0.4804  data_time: 0.0265  memory: 9066  loss: 0.9185  decode.loss_ohem: 0.6603  decode.acc_seg: 93.4155  aux_0.loss_ce: 0.2582  aux_0.acc_seg: 90.4748
2026/07/22 04:01:14 - mmengine - INFO - Iter(train) [132200/160000]  lr: 2.1013e-03  eta: 3:44:29  time: 0.4799  data_time: 0.0261  memory: 9065  loss: 0.9541  decode.loss_ohem: 0.7144  decode.acc_seg: 92.7991  aux_0.loss_ce: 0.2397  aux_0.acc_seg: 88.2027
2026/07/22 04:02:02 - mmengine - INFO - Iter(train) [132300/160000]  lr: 2.0945e-03  eta: 3:43:40  time: 0.4800  data_time: 0.0261  memory: 9065  loss: 0.9140  decode.loss_ohem: 0.6748  decode.acc_seg: 91.0733  aux_0.loss_ce: 0.2392  aux_0.acc_seg: 89.1808
2026/07/22 04:02:50 - mmengine - INFO - Iter(train) [132400/160000]  lr: 2.0878e-03  eta: 3:42:52  time: 0.4801  data_time: 0.0261  memory: 9064  loss: 0.9063  decode.loss_ohem: 0.6686  decode.acc_seg: 92.0156  aux_0.loss_ce: 0.2377  aux_0.acc_seg: 88.5394
2026/07/22 04:03:38 - mmengine - INFO - Iter(train) [132500/160000]  lr: 2.0810e-03  eta: 3:42:03  time: 0.4802  data_time: 0.0257  memory: 9066  loss: 1.0159  decode.loss_ohem: 0.7463  decode.acc_seg: 92.2495  aux_0.loss_ce: 0.2695  aux_0.acc_seg: 89.4239
2026/07/22 04:04:26 - mmengine - INFO - Iter(train) [132600/160000]  lr: 2.0742e-03  eta: 3:41:14  time: 0.4798  data_time: 0.0256  memory: 9067  loss: 0.9301  decode.loss_ohem: 0.6890  decode.acc_seg: 93.0726  aux_0.loss_ce: 0.2411  aux_0.acc_seg: 90.5101
2026/07/22 04:05:15 - mmengine - INFO - Iter(train) [132700/160000]  lr: 2.0674e-03  eta: 3:40:26  time: 0.4804  data_time: 0.0263  memory: 9066  loss: 0.9458  decode.loss_ohem: 0.6958  decode.acc_seg: 95.1650  aux_0.loss_ce: 0.2501  aux_0.acc_seg: 92.3920
2026/07/22 04:06:03 - mmengine - INFO - Iter(train) [132800/160000]  lr: 2.0606e-03  eta: 3:39:37  time: 0.4798  data_time: 0.0259  memory: 9065  loss: 0.9221  decode.loss_ohem: 0.6773  decode.acc_seg: 92.3059  aux_0.loss_ce: 0.2447  aux_0.acc_seg: 90.1841
2026/07/22 04:06:51 - mmengine - INFO - Iter(train) [132900/160000]  lr: 2.0538e-03  eta: 3:38:49  time: 0.4804  data_time: 0.0263  memory: 9065  loss: 0.9802  decode.loss_ohem: 0.7363  decode.acc_seg: 93.8475  aux_0.loss_ce: 0.2439  aux_0.acc_seg: 92.5395
2026/07/22 04:07:39 - mmengine - INFO - Exp name: dsanet_cityscapes_512x1024_20260721_100709
2026/07/22 04:07:39 - mmengine - INFO - Iter(train) [133000/160000]  lr: 2.0471e-03  eta: 3:38:00  time: 0.4797  data_time: 0.0253  memory: 9066  loss: 0.9600  decode.loss_ohem: 0.6900  decode.acc_seg: 93.8889  aux_0.loss_ce: 0.2700  aux_0.acc_seg: 90.1405
2026/07/22 04:08:27 - mmengine - INFO - Iter(train) [133100/160000]  lr: 2.0403e-03  eta: 3:37:12  time: 0.4792  data_time: 0.0255  memory: 9065  loss: 0.9386  decode.loss_ohem: 0.7142  decode.acc_seg: 93.8369  aux_0.loss_ce: 0.2244  aux_0.acc_seg: 92.5769
2026/07/22 04:09:15 - mmengine - INFO - Iter(train) [133200/160000]  lr: 2.0335e-03  eta: 3:36:23  time: 0.4799  data_time: 0.0257  memory: 9066  loss: 0.9514  decode.loss_ohem: 0.7154  decode.acc_seg: 92.5661  aux_0.loss_ce: 0.2360  aux_0.acc_seg: 90.8583
2026/07/22 04:10:03 - mmengine - INFO - Iter(train) [133300/160000]  lr: 2.0267e-03  eta: 3:35:35  time: 0.4808  data_time: 0.0265  memory: 9065  loss: 0.9444  decode.loss_ohem: 0.7002  decode.acc_seg: 93.3939  aux_0.loss_ce: 0.2442  aux_0.acc_seg: 91.5535
2026/07/22 04:10:51 - mmengine - INFO - Iter(train) [133400/160000]  lr: 2.0199e-03  eta: 3:34:46  time: 0.4804  data_time: 0.0266  memory: 9065  loss: 0.9229  decode.loss_ohem: 0.6900  decode.acc_seg: 94.9589  aux_0.loss_ce: 0.2329  aux_0.acc_seg: 91.3159
2026/07/22 04:11:39 - mmengine - INFO - Iter(train) [133500/160000]  lr: 2.0131e-03  eta: 3:33:58  time: 0.4807  data_time: 0.0264  memory: 9066  loss: 0.9681  decode.loss_ohem: 0.7206  decode.acc_seg: 93.4769  aux_0.loss_ce: 0.2475  aux_0.acc_seg: 90.9366
2026/07/22 04:12:27 - mmengine - INFO - Iter(train) [133600/160000]  lr: 2.0063e-03  eta: 3:33:09  time: 0.4815  data_time: 0.0266  memory: 9066  loss: 1.0077  decode.loss_ohem: 0.7357  decode.acc_seg: 90.8625  aux_0.loss_ce: 0.2720  aux_0.acc_seg: 89.5795
2026/07/22 04:13:15 - mmengine - INFO - Iter(train) [133700/160000]  lr: 1.9995e-03  eta: 3:32:21  time: 0.4816  data_time: 0.0265  memory: 9066  loss: 0.8772  decode.loss_ohem: 0.6430  decode.acc_seg: 92.3541  aux_0.loss_ce: 0.2342  aux_0.acc_seg: 90.2188
2026/07/22 04:14:03 - mmengine - INFO - Iter(train) [133800/160000]  lr: 1.9927e-03  eta: 3:31:32  time: 0.4804  data_time: 0.0265  memory: 9066  loss: 0.9497  decode.loss_ohem: 0.6969  decode.acc_seg: 90.2142  aux_0.loss_ce: 0.2529  aux_0.acc_seg: 86.6100
2026/07/22 04:14:51 - mmengine - INFO - Iter(train) [133900/160000]  lr: 1.9858e-03  eta: 3:30:44  time: 0.4821  data_time: 0.0275  memory: 9065  loss: 0.9250  decode.loss_ohem: 0.6720  decode.acc_seg: 92.2301  aux_0.loss_ce: 0.2530  aux_0.acc_seg: 90.3871
2026/07/22 04:15:39 - mmengine - INFO - Exp name: dsanet_cityscapes_512x1024_20260721_100709
2026/07/22 04:15:39 - mmengine - INFO - Iter(train) [134000/160000]  lr: 1.9790e-03  eta: 3:29:55  time: 0.4810  data_time: 0.0267  memory: 9065  loss: 0.8859  decode.loss_ohem: 0.6643  decode.acc_seg: 94.7094  aux_0.loss_ce: 0.2216  aux_0.acc_seg: 91.1849
2026/07/22 04:16:27 - mmengine - INFO - Iter(train) [134100/160000]  lr: 1.9722e-03  eta: 3:29:07  time: 0.4803  data_time: 0.0264  memory: 9064  loss: 0.9286  decode.loss_ohem: 0.7111  decode.acc_seg: 94.5509  aux_0.loss_ce: 0.2176  aux_0.acc_seg: 91.8340
2026/07/22 04:17:16 - mmengine - INFO - Iter(train) [134200/160000]  lr: 1.9654e-03  eta: 3:28:18  time: 0.4799  data_time: 0.0261  memory: 9065  loss: 0.9718  decode.loss_ohem: 0.7108  decode.acc_seg: 92.1303  aux_0.loss_ce: 0.2610  aux_0.acc_seg: 88.3337
2026/07/22 04:18:04 - mmengine - INFO - Iter(train) [134300/160000]  lr: 1.9586e-03  eta: 3:27:30  time: 0.4803  data_time: 0.0264  memory: 9067  loss: 0.9550  decode.loss_ohem: 0.7092  decode.acc_seg: 92.9726  aux_0.loss_ce: 0.2457  aux_0.acc_seg: 90.3221
2026/07/22 04:18:52 - mmengine - INFO - Iter(train) [134400/160000]  lr: 1.9517e-03  eta: 3:26:41  time: 0.4801  data_time: 0.0263  memory: 9066  loss: 0.9471  decode.loss_ohem: 0.6858  decode.acc_seg: 93.2155  aux_0.loss_ce: 0.2613  aux_0.acc_seg: 90.6056
2026/07/22 04:19:40 - mmengine - INFO - Iter(train) [134500/160000]  lr: 1.9449e-03  eta: 3:25:52  time: 0.4806  data_time: 0.0265  memory: 9065  loss: 0.9123  decode.loss_ohem: 0.6785  decode.acc_seg: 94.8585  aux_0.loss_ce: 0.2338  aux_0.acc_seg: 91.4936
2026/07/22 04:20:28 - mmengine - INFO - Iter(train) [134600/160000]  lr: 1.9381e-03  eta: 3:25:04  time: 0.4795  data_time: 0.0263  memory: 9065  loss: 0.9308  decode.loss_ohem: 0.6982  decode.acc_seg: 93.8270  aux_0.loss_ce: 0.2326  aux_0.acc_seg: 88.2561
2026/07/22 04:21:16 - mmengine - INFO - Iter(train) [134700/160000]  lr: 1.9313e-03  eta: 3:24:15  time: 0.4804  data_time: 0.0264  memory: 9066  loss: 0.9042  decode.loss_ohem: 0.6686  decode.acc_seg: 95.4582  aux_0.loss_ce: 0.2356  aux_0.acc_seg: 93.7323
2026/07/22 04:22:04 - mmengine - INFO - Iter(train) [134800/160000]  lr: 1.9244e-03  eta: 3:23:27  time: 0.4810  data_time: 0.0266  memory: 9066  loss: 0.9415  decode.loss_ohem: 0.7012  decode.acc_seg: 93.7257  aux_0.loss_ce: 0.2404  aux_0.acc_seg: 91.1723
2026/07/22 04:22:52 - mmengine - INFO - Iter(train) [134900/160000]  lr: 1.9176e-03  eta: 3:22:38  time: 0.4800  data_time: 0.0261  memory: 9066  loss: 0.9258  decode.loss_ohem: 0.6697  decode.acc_seg: 92.0490  aux_0.loss_ce: 0.2561  aux_0.acc_seg: 90.7164
2026/07/22 04:23:40 - mmengine - INFO - Exp name: dsanet_cityscapes_512x1024_20260721_100709
2026/07/22 04:23:40 - mmengine - INFO - Iter(train) [135000/160000]  lr: 1.9107e-03  eta: 3:21:50  time: 0.4803  data_time: 0.0263  memory: 9064  loss: 0.9614  decode.loss_ohem: 0.7288  decode.acc_seg: 93.4271  aux_0.loss_ce: 0.2327  aux_0.acc_seg: 87.9168
2026/07/22 04:23:40 - mmengine - INFO - Saving checkpoint at 135000 iterations
2026/07/22 04:23:46 - mmengine - INFO - Iter(val) [100/250]    eta: 0:00:08  time: 0.0536  data_time: 0.0088  memory: 801  
2026/07/22 04:23:51 - mmengine - INFO - Iter(val) [200/250]    eta: 0:00:02  time: 0.0536  data_time: 0.0086  memory: 801  
2026/07/22 04:23:54 - mmengine - INFO - per class results:
2026/07/22 04:23:54 - mmengine - INFO - 
+---------------+-------+-------+
|     Class     |  IoU  |  Acc  |
+---------------+-------+-------+
|      road     | 97.52 | 98.55 |
|    sidewalk   | 81.58 | 90.14 |
|    building   | 90.58 | 95.86 |
|      wall     | 49.39 | 55.98 |
|     fence     | 52.74 | 63.16 |
|      pole     | 58.46 | 69.18 |
| traffic light | 58.57 | 73.05 |
|  traffic sign | 71.44 | 79.78 |
|   vegetation  |  91.1 | 95.99 |
|    terrain    | 57.96 | 66.03 |
|      sky      | 93.46 | 97.68 |
|     person    | 75.15 | 89.27 |
|     rider     | 56.12 | 78.39 |
|      car      | 92.46 | 96.25 |
|     truck     | 61.07 | 78.36 |
|      bus      | 71.71 | 85.82 |
|     train     | 60.52 |  75.8 |
|   motorcycle  | 49.32 |  65.7 |
|    bicycle    | 70.88 | 83.56 |
+---------------+-------+-------+
2026/07/22 04:23:54 - mmengine - INFO - Iter(val) [250/250]    aAcc: 94.9700  mIoU: 70.5300  mAcc: 80.9800  data_time: 0.0097  time: 0.0546
2026/07/22 04:24:42 - mmengine - INFO - Iter(train) [135100/160000]  lr: 1.9039e-03  eta: 3:21:01  time: 0.4804  data_time: 0.0264  memory: 9066  loss: 0.8553  decode.loss_ohem: 0.6272  decode.acc_seg: 91.6217  aux_0.loss_ce: 0.2282  aux_0.acc_seg: 89.7990
2026/07/22 04:25:30 - mmengine - INFO - Iter(train) [135200/160000]  lr: 1.8970e-03  eta: 3:20:13  time: 0.4799  data_time: 0.0262  memory: 9065  loss: 0.9321  decode.loss_ohem: 0.6905  decode.acc_seg: 93.6520  aux_0.loss_ce: 0.2416  aux_0.acc_seg: 88.2581
2026/07/22 04:26:18 - mmengine - INFO - Iter(train) [135300/160000]  lr: 1.8902e-03  eta: 3:19:24  time: 0.4805  data_time: 0.0264  memory: 9066  loss: 0.9405  decode.loss_ohem: 0.7032  decode.acc_seg: 94.2093  aux_0.loss_ce: 0.2373  aux_0.acc_seg: 92.4753
2026/07/22 04:27:06 - mmengine - INFO - Iter(train) [135400/160000]  lr: 1.8833e-03  eta: 3:18:36  time: 0.4800  data_time: 0.0263  memory: 9066  loss: 1.0137  decode.loss_ohem: 0.7544  decode.acc_seg: 88.0089  aux_0.loss_ce: 0.2594  aux_0.acc_seg: 83.7118
2026/07/22 04:27:54 - mmengine - INFO - Iter(train) [135500/160000]  lr: 1.8765e-03  eta: 3:17:47  time: 0.4805  data_time: 0.0265  memory: 9065  loss: 0.9546  decode.loss_ohem: 0.6997  decode.acc_seg: 93.5018  aux_0.loss_ce: 0.2549  aux_0.acc_seg: 90.9504
2026/07/22 04:28:42 - mmengine - INFO - Iter(train) [135600/160000]  lr: 1.8696e-03  eta: 3:16:59  time: 0.4800  data_time: 0.0265  memory: 9066  loss: 0.9583  decode.loss_ohem: 0.7200  decode.acc_seg: 92.8721  aux_0.loss_ce: 0.2383  aux_0.acc_seg: 91.0631
2026/07/22 04:29:30 - mmengine - INFO - Iter(train) [135700/160000]  lr: 1.8628e-03  eta: 3:16:10  time: 0.4807  data_time: 0.0265  memory: 9066  loss: 0.9273  decode.loss_ohem: 0.6741  decode.acc_seg: 93.9903  aux_0.loss_ce: 0.2532  aux_0.acc_seg: 92.4606
2026/07/22 04:30:19 - mmengine - INFO - Iter(train) [135800/160000]  lr: 1.8559e-03  eta: 3:15:22  time: 0.4808  data_time: 0.0268  memory: 9065  loss: 0.9085  decode.loss_ohem: 0.6622  decode.acc_seg: 94.3470  aux_0.loss_ce: 0.2462  aux_0.acc_seg: 90.9491
2026/07/22 04:31:07 - mmengine - INFO - Iter(train) [135900/160000]  lr: 1.8490e-03  eta: 3:14:33  time: 0.4802  data_time: 0.0264  memory: 9064  loss: 0.9019  decode.loss_ohem: 0.6795  decode.acc_seg: 93.2781  aux_0.loss_ce: 0.2224  aux_0.acc_seg: 91.0957
2026/07/22 04:31:55 - mmengine - INFO - Exp name: dsanet_cityscapes_512x1024_20260721_100709
2026/07/22 04:31:55 - mmengine - INFO - Iter(train) [136000/160000]  lr: 1.8422e-03  eta: 3:13:45  time: 0.4796  data_time: 0.0258  memory: 9066  loss: 0.8986  decode.loss_ohem: 0.6670  decode.acc_seg: 93.5227  aux_0.loss_ce: 0.2317  aux_0.acc_seg: 90.9010
2026/07/22 04:32:43 - mmengine - INFO - Iter(train) [136100/160000]  lr: 1.8353e-03  eta: 3:12:56  time: 0.4798  data_time: 0.0266  memory: 9065  loss: 0.9688  decode.loss_ohem: 0.7263  decode.acc_seg: 92.3249  aux_0.loss_ce: 0.2426  aux_0.acc_seg: 88.9470
2026/07/22 04:33:31 - mmengine - INFO - Iter(train) [136200/160000]  lr: 1.8284e-03  eta: 3:12:08  time: 0.4797  data_time: 0.0265  memory: 9066  loss: 1.0342  decode.loss_ohem: 0.7611  decode.acc_seg: 93.1474  aux_0.loss_ce: 0.2730  aux_0.acc_seg: 89.6196
2026/07/22 04:34:19 - mmengine - INFO - Iter(train) [136300/160000]  lr: 1.8215e-03  eta: 3:11:19  time: 0.4802  data_time: 0.0264  memory: 9067  loss: 0.9484  decode.loss_ohem: 0.7141  decode.acc_seg: 92.6490  aux_0.loss_ce: 0.2343  aux_0.acc_seg: 91.5614
2026/07/22 04:35:07 - mmengine - INFO - Iter(train) [136400/160000]  lr: 1.8147e-03  eta: 3:10:31  time: 0.4801  data_time: 0.0263  memory: 9066  loss: 0.9512  decode.loss_ohem: 0.7227  decode.acc_seg: 94.4886  aux_0.loss_ce: 0.2286  aux_0.acc_seg: 93.1786
2026/07/22 04:35:55 - mmengine - INFO - Iter(train) [136500/160000]  lr: 1.8078e-03  eta: 3:09:42  time: 0.4800  data_time: 0.0262  memory: 9066  loss: 0.9078  decode.loss_ohem: 0.6568  decode.acc_seg: 92.9836  aux_0.loss_ce: 0.2511  aux_0.acc_seg: 91.7629
2026/07/22 04:36:43 - mmengine - INFO - Iter(train) [136600/160000]  lr: 1.8009e-03  eta: 3:08:54  time: 0.4797  data_time: 0.0262  memory: 9065  loss: 0.9677  decode.loss_ohem: 0.7193  decode.acc_seg: 92.7807  aux_0.loss_ce: 0.2484  aux_0.acc_seg: 89.9735
2026/07/22 04:37:31 - mmengine - INFO - Iter(train) [136700/160000]  lr: 1.7940e-03  eta: 3:08:05  time: 0.4797  data_time: 0.0262  memory: 9066  loss: 0.9117  decode.loss_ohem: 0.6849  decode.acc_seg: 93.8790  aux_0.loss_ce: 0.2267  aux_0.acc_seg: 91.6961
2026/07/22 04:38:19 - mmengine - INFO - Iter(train) [136800/160000]  lr: 1.7871e-03  eta: 3:07:17  time: 0.4806  data_time: 0.0265  memory: 9065  loss: 0.9431  decode.loss_ohem: 0.7091  decode.acc_seg: 94.1678  aux_0.loss_ce: 0.2340  aux_0.acc_seg: 92.8165
2026/07/22 04:39:07 - mmengine - INFO - Iter(train) [136900/160000]  lr: 1.7802e-03  eta: 3:06:28  time: 0.4795  data_time: 0.0258  memory: 9065  loss: 0.9754  decode.loss_ohem: 0.7320  decode.acc_seg: 93.8088  aux_0.loss_ce: 0.2435  aux_0.acc_seg: 91.4802
2026/07/22 04:39:55 - mmengine - INFO - Exp name: dsanet_cityscapes_512x1024_20260721_100709
2026/07/22 04:39:55 - mmengine - INFO - Iter(train) [137000/160000]  lr: 1.7733e-03  eta: 3:05:40  time: 0.4794  data_time: 0.0263  memory: 9065  loss: 0.9361  decode.loss_ohem: 0.7147  decode.acc_seg: 94.5845  aux_0.loss_ce: 0.2215  aux_0.acc_seg: 91.1182
2026/07/22 04:40:43 - mmengine - INFO - Iter(train) [137100/160000]  lr: 1.7664e-03  eta: 3:04:51  time: 0.4793  data_time: 0.0263  memory: 9065  loss: 0.9004  decode.loss_ohem: 0.6756  decode.acc_seg: 93.2527  aux_0.loss_ce: 0.2248  aux_0.acc_seg: 91.3584
2026/07/22 04:41:31 - mmengine - INFO - Iter(train) [137200/160000]  lr: 1.7595e-03  eta: 3:04:03  time: 0.4807  data_time: 0.0263  memory: 9065  loss: 0.9126  decode.loss_ohem: 0.6845  decode.acc_seg: 95.7215  aux_0.loss_ce: 0.2281  aux_0.acc_seg: 91.9485
2026/07/22 04:42:19 - mmengine - INFO - Iter(train) [137300/160000]  lr: 1.7526e-03  eta: 3:03:14  time: 0.4808  data_time: 0.0266  memory: 9067  loss: 0.9041  decode.loss_ohem: 0.6712  decode.acc_seg: 93.0875  aux_0.loss_ce: 0.2330  aux_0.acc_seg: 89.7428
2026/07/22 04:43:07 - mmengine - INFO - Iter(train) [137400/160000]  lr: 1.7457e-03  eta: 3:02:26  time: 0.4810  data_time: 0.0268  memory: 9064  loss: 0.9950  decode.loss_ohem: 0.7329  decode.acc_seg: 94.1037  aux_0.loss_ce: 0.2621  aux_0.acc_seg: 91.5788
2026/07/22 04:43:55 - mmengine - INFO - Iter(train) [137500/160000]  lr: 1.7388e-03  eta: 3:01:37  time: 0.4815  data_time: 0.0266  memory: 9065  loss: 0.9831  decode.loss_ohem: 0.7251  decode.acc_seg: 94.7208  aux_0.loss_ce: 0.2580  aux_0.acc_seg: 90.0962
2026/07/22 04:44:43 - mmengine - INFO - Iter(train) [137600/160000]  lr: 1.7319e-03  eta: 3:00:49  time: 0.4813  data_time: 0.0268  memory: 9065  loss: 0.9091  decode.loss_ohem: 0.6743  decode.acc_seg: 95.1565  aux_0.loss_ce: 0.2349  aux_0.acc_seg: 93.4455
2026/07/22 04:45:32 - mmengine - INFO - Iter(train) [137700/160000]  lr: 1.7249e-03  eta: 3:00:00  time: 0.4814  data_time: 0.0268  memory: 9066  loss: 0.8958  decode.loss_ohem: 0.6695  decode.acc_seg: 94.2444  aux_0.loss_ce: 0.2264  aux_0.acc_seg: 92.3401
2026/07/22 04:46:20 - mmengine - INFO - Iter(train) [137800/160000]  lr: 1.7180e-03  eta: 2:59:12  time: 0.4812  data_time: 0.0265  memory: 9067  loss: 0.9582  decode.loss_ohem: 0.6993  decode.acc_seg: 95.3150  aux_0.loss_ce: 0.2590  aux_0.acc_seg: 91.3325
2026/07/22 04:47:08 - mmengine - INFO - Iter(train) [137900/160000]  lr: 1.7111e-03  eta: 2:58:23  time: 0.4804  data_time: 0.0255  memory: 9064  loss: 0.9133  decode.loss_ohem: 0.6492  decode.acc_seg: 91.8447  aux_0.loss_ce: 0.2641  aux_0.acc_seg: 88.4340
2026/07/22 04:47:56 - mmengine - INFO - Exp name: dsanet_cityscapes_512x1024_20260721_100709
2026/07/22 04:47:56 - mmengine - INFO - Iter(train) [138000/160000]  lr: 1.7042e-03  eta: 2:57:35  time: 0.4799  data_time: 0.0261  memory: 9065  loss: 0.8818  decode.loss_ohem: 0.6556  decode.acc_seg: 95.8261  aux_0.loss_ce: 0.2263  aux_0.acc_seg: 93.8301
2026/07/22 04:48:44 - mmengine - INFO - Iter(train) [138100/160000]  lr: 1.6972e-03  eta: 2:56:46  time: 0.4800  data_time: 0.0262  memory: 9065  loss: 0.9294  decode.loss_ohem: 0.6868  decode.acc_seg: 94.6193  aux_0.loss_ce: 0.2426  aux_0.acc_seg: 92.2969
2026/07/22 04:49:32 - mmengine - INFO - Iter(train) [138200/160000]  lr: 1.6903e-03  eta: 2:55:58  time: 0.4806  data_time: 0.0261  memory: 9066  loss: 0.9191  decode.loss_ohem: 0.6801  decode.acc_seg: 93.9743  aux_0.loss_ce: 0.2390  aux_0.acc_seg: 91.4786
2026/07/22 04:50:20 - mmengine - INFO - Iter(train) [138300/160000]  lr: 1.6834e-03  eta: 2:55:09  time: 0.4798  data_time: 0.0259  memory: 9065  loss: 0.9072  decode.loss_ohem: 0.6702  decode.acc_seg: 94.9879  aux_0.loss_ce: 0.2370  aux_0.acc_seg: 91.4717
2026/07/22 04:51:08 - mmengine - INFO - Iter(train) [138400/160000]  lr: 1.6764e-03  eta: 2:54:21  time: 0.4794  data_time: 0.0260  memory: 9065  loss: 0.9465  decode.loss_ohem: 0.7112  decode.acc_seg: 92.2811  aux_0.loss_ce: 0.2353  aux_0.acc_seg: 90.2770
2026/07/22 04:51:56 - mmengine - INFO - Iter(train) [138500/160000]  lr: 1.6695e-03  eta: 2:53:32  time: 0.4799  data_time: 0.0264  memory: 9066  loss: 0.9396  decode.loss_ohem: 0.6984  decode.acc_seg: 92.2040  aux_0.loss_ce: 0.2412  aux_0.acc_seg: 89.8636
2026/07/22 04:52:44 - mmengine - INFO - Iter(train) [138600/160000]  lr: 1.6625e-03  eta: 2:52:44  time: 0.4795  data_time: 0.0263  memory: 9066  loss: 0.8763  decode.loss_ohem: 0.6528  decode.acc_seg: 95.0197  aux_0.loss_ce: 0.2235  aux_0.acc_seg: 93.4489
2026/07/22 04:53:32 - mmengine - INFO - Iter(train) [138700/160000]  lr: 1.6556e-03  eta: 2:51:55  time: 0.4807  data_time: 0.0262  memory: 9066  loss: 0.9352  decode.loss_ohem: 0.7098  decode.acc_seg: 94.1019  aux_0.loss_ce: 0.2255  aux_0.acc_seg: 92.5755
2026/07/22 04:54:20 - mmengine - INFO - Iter(train) [138800/160000]  lr: 1.6486e-03  eta: 2:51:07  time: 0.4799  data_time: 0.0264  memory: 9066  loss: 0.9297  decode.loss_ohem: 0.6834  decode.acc_seg: 94.0341  aux_0.loss_ce: 0.2463  aux_0.acc_seg: 87.7867
2026/07/22 04:55:08 - mmengine - INFO - Iter(train) [138900/160000]  lr: 1.6417e-03  eta: 2:50:18  time: 0.4801  data_time: 0.0261  memory: 9065  loss: 0.9241  decode.loss_ohem: 0.7010  decode.acc_seg: 94.1408  aux_0.loss_ce: 0.2230  aux_0.acc_seg: 89.7973
2026/07/22 04:55:56 - mmengine - INFO - Exp name: dsanet_cityscapes_512x1024_20260721_100709
2026/07/22 04:55:56 - mmengine - INFO - Iter(train) [139000/160000]  lr: 1.6347e-03  eta: 2:49:30  time: 0.4796  data_time: 0.0261  memory: 9066  loss: 0.9904  decode.loss_ohem: 0.7472  decode.acc_seg: 93.8630  aux_0.loss_ce: 0.2432  aux_0.acc_seg: 91.3002
2026/07/22 04:56:44 - mmengine - INFO - Iter(train) [139100/160000]  lr: 1.6277e-03  eta: 2:48:41  time: 0.4803  data_time: 0.0265  memory: 9066  loss: 0.9399  decode.loss_ohem: 0.7117  decode.acc_seg: 93.5681  aux_0.loss_ce: 0.2283  aux_0.acc_seg: 90.9504
2026/07/22 04:57:32 - mmengine - INFO - Iter(train) [139200/160000]  lr: 1.6208e-03  eta: 2:47:53  time: 0.4806  data_time: 0.0266  memory: 9066  loss: 0.9794  decode.loss_ohem: 0.7437  decode.acc_seg: 94.6850  aux_0.loss_ce: 0.2357  aux_0.acc_seg: 92.2350
2026/07/22 04:58:20 - mmengine - INFO - Iter(train) [139300/160000]  lr: 1.6138e-03  eta: 2:47:04  time: 0.4800  data_time: 0.0266  memory: 9065  loss: 0.9162  decode.loss_ohem: 0.6760  decode.acc_seg: 92.6639  aux_0.loss_ce: 0.2402  aux_0.acc_seg: 90.6979
2026/07/22 04:59:08 - mmengine - INFO - Iter(train) [139400/160000]  lr: 1.6068e-03  eta: 2:46:16  time: 0.4795  data_time: 0.0261  memory: 9066  loss: 0.9350  decode.loss_ohem: 0.7049  decode.acc_seg: 94.3751  aux_0.loss_ce: 0.2302  aux_0.acc_seg: 91.5597
2026/07/22 04:59:56 - mmengine - INFO - Iter(train) [139500/160000]  lr: 1.5998e-03  eta: 2:45:27  time: 0.4802  data_time: 0.0261  memory: 9065  loss: 0.9468  decode.loss_ohem: 0.7156  decode.acc_seg: 95.3986  aux_0.loss_ce: 0.2312  aux_0.acc_seg: 93.6809
2026/07/22 05:00:45 - mmengine - INFO - Iter(train) [139600/160000]  lr: 1.5929e-03  eta: 2:44:39  time: 0.4801  data_time: 0.0263  memory: 9066  loss: 0.9501  decode.loss_ohem: 0.7072  decode.acc_seg: 94.7319  aux_0.loss_ce: 0.2429  aux_0.acc_seg: 92.3793
2026/07/22 05:01:33 - mmengine - INFO - Iter(train) [139700/160000]  lr: 1.5859e-03  eta: 2:43:50  time: 0.4804  data_time: 0.0263  memory: 9066  loss: 0.8802  decode.loss_ohem: 0.6388  decode.acc_seg: 93.7262  aux_0.loss_ce: 0.2414  aux_0.acc_seg: 89.4779
2026/07/22 05:02:21 - mmengine - INFO - Iter(train) [139800/160000]  lr: 1.5789e-03  eta: 2:43:02  time: 0.4805  data_time: 0.0264  memory: 9066  loss: 0.9638  decode.loss_ohem: 0.7096  decode.acc_seg: 94.3479  aux_0.loss_ce: 0.2542  aux_0.acc_seg: 91.0614
2026/07/22 05:03:09 - mmengine - INFO - Iter(train) [139900/160000]  lr: 1.5719e-03  eta: 2:42:13  time: 0.4806  data_time: 0.0264  memory: 9065  loss: 0.9775  decode.loss_ohem: 0.7146  decode.acc_seg: 93.7254  aux_0.loss_ce: 0.2628  aux_0.acc_seg: 92.0521
2026/07/22 05:03:57 - mmengine - INFO - Exp name: dsanet_cityscapes_512x1024_20260721_100709
2026/07/22 05:03:57 - mmengine - INFO - Iter(train) [140000/160000]  lr: 1.5649e-03  eta: 2:41:25  time: 0.4813  data_time: 0.0263  memory: 9064  loss: 1.0015  decode.loss_ohem: 0.7420  decode.acc_seg: 93.1792  aux_0.loss_ce: 0.2595  aux_0.acc_seg: 90.2601
2026/07/22 05:03:57 - mmengine - INFO - Saving checkpoint at 140000 iterations
2026/07/22 05:04:03 - mmengine - INFO - Iter(val) [100/250]    eta: 0:00:08  time: 0.0534  data_time: 0.0086  memory: 801  
2026/07/22 05:04:08 - mmengine - INFO - Iter(val) [200/250]    eta: 0:00:02  time: 0.0538  data_time: 0.0087  memory: 801  
2026/07/22 05:04:11 - mmengine - INFO - per class results:
2026/07/22 05:04:11 - mmengine - INFO - 
+---------------+-------+-------+
|     Class     |  IoU  |  Acc  |
+---------------+-------+-------+
|      road     | 97.75 | 98.59 |
|    sidewalk   | 82.62 | 91.32 |
|    building   | 89.96 | 94.59 |
|      wall     |  52.0 | 62.87 |
|     fence     | 52.78 | 74.97 |
|      pole     |  58.2 | 68.77 |
| traffic light | 57.11 | 69.63 |
|  traffic sign | 70.87 | 79.66 |
|   vegetation  |  91.0 | 95.33 |
|    terrain    | 60.41 | 76.19 |
|      sky      | 93.82 | 97.22 |
|     person    | 75.97 | 90.46 |
|     rider     | 53.68 | 63.92 |
|      car      | 93.14 | 96.74 |
|     truck     | 63.69 | 83.19 |
|      bus      |  76.2 | 81.03 |
|     train     | 30.52 | 90.27 |
|   motorcycle  | 52.95 | 68.06 |
|    bicycle    | 71.55 | 84.79 |
+---------------+-------+-------+
2026/07/22 05:04:11 - mmengine - INFO - Iter(val) [250/250]    aAcc: 94.8900  mIoU: 69.7000  mAcc: 82.5000  data_time: 0.0097  time: 0.0546
2026/07/22 05:04:59 - mmengine - INFO - Iter(train) [140100/160000]  lr: 1.5579e-03  eta: 2:40:36  time: 0.4807  data_time: 0.0263  memory: 9065  loss: 0.9648  decode.loss_ohem: 0.7322  decode.acc_seg: 93.1996  aux_0.loss_ce: 0.2327  aux_0.acc_seg: 91.4554
2026/07/22 05:05:47 - mmengine - INFO - Iter(train) [140200/160000]  lr: 1.5509e-03  eta: 2:39:48  time: 0.4799  data_time: 0.0264  memory: 9066  loss: 1.0142  decode.loss_ohem: 0.7396  decode.acc_seg: 92.5805  aux_0.loss_ce: 0.2746  aux_0.acc_seg: 88.8319
2026/07/22 05:06:35 - mmengine - INFO - Iter(train) [140300/160000]  lr: 1.5439e-03  eta: 2:38:59  time: 0.4800  data_time: 0.0262  memory: 9066  loss: 0.9284  decode.loss_ohem: 0.6850  decode.acc_seg: 94.5810  aux_0.loss_ce: 0.2433  aux_0.acc_seg: 93.4756
2026/07/22 05:07:23 - mmengine - INFO - Iter(train) [140400/160000]  lr: 1.5369e-03  eta: 2:38:11  time: 0.4798  data_time: 0.0263  memory: 9064  loss: 0.9162  decode.loss_ohem: 0.6927  decode.acc_seg: 94.4747  aux_0.loss_ce: 0.2235  aux_0.acc_seg: 92.1472
2026/07/22 05:08:11 - mmengine - INFO - Iter(train) [140500/160000]  lr: 1.5299e-03  eta: 2:37:22  time: 0.4800  data_time: 0.0265  memory: 9065  loss: 0.9452  decode.loss_ohem: 0.6974  decode.acc_seg: 91.3110  aux_0.loss_ce: 0.2478  aux_0.acc_seg: 87.0917
2026/07/22 05:08:59 - mmengine - INFO - Iter(train) [140600/160000]  lr: 1.5229e-03  eta: 2:36:34  time: 0.4804  data_time: 0.0264  memory: 9065  loss: 0.8745  decode.loss_ohem: 0.6383  decode.acc_seg: 94.3369  aux_0.loss_ce: 0.2362  aux_0.acc_seg: 91.4083
2026/07/22 05:09:47 - mmengine - INFO - Iter(train) [140700/160000]  lr: 1.5158e-03  eta: 2:35:45  time: 0.4797  data_time: 0.0263  memory: 9066  loss: 0.9179  decode.loss_ohem: 0.6797  decode.acc_seg: 94.0136  aux_0.loss_ce: 0.2382  aux_0.acc_seg: 92.7476
2026/07/22 05:10:35 - mmengine - INFO - Iter(train) [140800/160000]  lr: 1.5088e-03  eta: 2:34:57  time: 0.4808  data_time: 0.0264  memory: 9065  loss: 0.9792  decode.loss_ohem: 0.7234  decode.acc_seg: 92.4179  aux_0.loss_ce: 0.2558  aux_0.acc_seg: 89.5337
2026/07/22 05:11:23 - mmengine - INFO - Iter(train) [140900/160000]  lr: 1.5018e-03  eta: 2:34:09  time: 0.4805  data_time: 0.0262  memory: 9065  loss: 0.8996  decode.loss_ohem: 0.6792  decode.acc_seg: 93.9548  aux_0.loss_ce: 0.2205  aux_0.acc_seg: 92.4202
2026/07/22 05:12:11 - mmengine - INFO - Exp name: dsanet_cityscapes_512x1024_20260721_100709
2026/07/22 05:12:11 - mmengine - INFO - Iter(train) [141000/160000]  lr: 1.4948e-03  eta: 2:33:20  time: 0.4799  data_time: 0.0263  memory: 9065  loss: 0.9087  decode.loss_ohem: 0.6743  decode.acc_seg: 92.4716  aux_0.loss_ce: 0.2345  aux_0.acc_seg: 89.4602
2026/07/22 05:12:59 - mmengine - INFO - Iter(train) [141100/160000]  lr: 1.4877e-03  eta: 2:32:32  time: 0.4807  data_time: 0.0265  memory: 9066  loss: 0.9285  decode.loss_ohem: 0.6782  decode.acc_seg: 91.9574  aux_0.loss_ce: 0.2503  aux_0.acc_seg: 85.4417
2026/07/22 05:13:48 - mmengine - INFO - Iter(train) [141200/160000]  lr: 1.4807e-03  eta: 2:31:43  time: 0.4905  data_time: 0.0268  memory: 9064  loss: 0.8661  decode.loss_ohem: 0.6330  decode.acc_seg: 92.8554  aux_0.loss_ce: 0.2331  aux_0.acc_seg: 87.2739
2026/07/22 05:14:36 - mmengine - INFO - Iter(train) [141300/160000]  lr: 1.4736e-03  eta: 2:30:55  time: 0.4811  data_time: 0.0267  memory: 9064  loss: 0.8680  decode.loss_ohem: 0.6385  decode.acc_seg: 94.8125  aux_0.loss_ce: 0.2294  aux_0.acc_seg: 92.5184
2026/07/22 05:15:23 - mmengine - INFO - Iter(train) [141400/160000]  lr: 1.4666e-03  eta: 2:30:06  time: 0.4803  data_time: 0.0266  memory: 9066  loss: 1.0117  decode.loss_ohem: 0.7562  decode.acc_seg: 92.7275  aux_0.loss_ce: 0.2555  aux_0.acc_seg: 90.9120
2026/07/22 05:16:11 - mmengine - INFO - Iter(train) [141500/160000]  lr: 1.4595e-03  eta: 2:29:18  time: 0.4798  data_time: 0.0266  memory: 9065  loss: 0.8821  decode.loss_ohem: 0.6573  decode.acc_seg: 94.6413  aux_0.loss_ce: 0.2248  aux_0.acc_seg: 91.1742
2026/07/22 05:17:00 - mmengine - INFO - Iter(train) [141600/160000]  lr: 1.4525e-03  eta: 2:28:29  time: 0.4771  data_time: 0.0262  memory: 9068  loss: 0.9105  decode.loss_ohem: 0.6821  decode.acc_seg: 93.5896  aux_0.loss_ce: 0.2285  aux_0.acc_seg: 91.3646
2026/07/22 05:17:48 - mmengine - INFO - Iter(train) [141700/160000]  lr: 1.4454e-03  eta: 2:27:41  time: 0.4787  data_time: 0.0258  memory: 9065  loss: 0.9431  decode.loss_ohem: 0.7090  decode.acc_seg: 93.8593  aux_0.loss_ce: 0.2341  aux_0.acc_seg: 91.9907
2026/07/22 05:18:36 - mmengine - INFO - Iter(train) [141800/160000]  lr: 1.4384e-03  eta: 2:26:52  time: 0.4800  data_time: 0.0263  memory: 9065  loss: 0.9863  decode.loss_ohem: 0.7386  decode.acc_seg: 93.4257  aux_0.loss_ce: 0.2477  aux_0.acc_seg: 91.7540
2026/07/22 05:19:24 - mmengine - INFO - Iter(train) [141900/160000]  lr: 1.4313e-03  eta: 2:26:04  time: 0.4832  data_time: 0.0267  memory: 9065  loss: 0.9754  decode.loss_ohem: 0.7209  decode.acc_seg: 93.0977  aux_0.loss_ce: 0.2545  aux_0.acc_seg: 89.2506
2026/07/22 05:20:12 - mmengine - INFO - Exp name: dsanet_cityscapes_512x1024_20260721_100709
2026/07/22 05:20:12 - mmengine - INFO - Iter(train) [142000/160000]  lr: 1.4242e-03  eta: 2:25:15  time: 0.4796  data_time: 0.0263  memory: 9067  loss: 0.9001  decode.loss_ohem: 0.6633  decode.acc_seg: 94.1900  aux_0.loss_ce: 0.2369  aux_0.acc_seg: 90.0056
2026/07/22 05:21:00 - mmengine - INFO - Iter(train) [142100/160000]  lr: 1.4172e-03  eta: 2:24:27  time: 0.4782  data_time: 0.0263  memory: 9065  loss: 0.9250  decode.loss_ohem: 0.6901  decode.acc_seg: 94.0410  aux_0.loss_ce: 0.2349  aux_0.acc_seg: 92.0032
2026/07/22 05:21:48 - mmengine - INFO - Iter(train) [142200/160000]  lr: 1.4101e-03  eta: 2:23:38  time: 0.4795  data_time: 0.0265  memory: 9066  loss: 0.9451  decode.loss_ohem: 0.7090  decode.acc_seg: 92.1022  aux_0.loss_ce: 0.2361  aux_0.acc_seg: 89.8162
2026/07/22 05:22:36 - mmengine - INFO - Iter(train) [142300/160000]  lr: 1.4030e-03  eta: 2:22:50  time: 0.4796  data_time: 0.0264  memory: 9065  loss: 0.9361  decode.loss_ohem: 0.6992  decode.acc_seg: 95.3704  aux_0.loss_ce: 0.2369  aux_0.acc_seg: 93.7396
2026/07/22 05:23:24 - mmengine - INFO - Iter(train) [142400/160000]  lr: 1.3959e-03  eta: 2:22:01  time: 0.4794  data_time: 0.0264  memory: 9064  loss: 0.9300  decode.loss_ohem: 0.7053  decode.acc_seg: 92.8827  aux_0.loss_ce: 0.2246  aux_0.acc_seg: 91.1612
2026/07/22 05:24:12 - mmengine - INFO - Iter(train) [142500/160000]  lr: 1.3888e-03  eta: 2:21:13  time: 0.4799  data_time: 0.0262  memory: 9065  loss: 0.9302  decode.loss_ohem: 0.6961  decode.acc_seg: 92.1300  aux_0.loss_ce: 0.2341  aux_0.acc_seg: 90.3916
2026/07/22 05:25:00 - mmengine - INFO - Iter(train) [142600/160000]  lr: 1.3817e-03  eta: 2:20:24  time: 0.4801  data_time: 0.0263  memory: 9066  loss: 0.9189  decode.loss_ohem: 0.6882  decode.acc_seg: 92.4985  aux_0.loss_ce: 0.2307  aux_0.acc_seg: 90.0589
2026/07/22 05:25:48 - mmengine - INFO - Iter(train) [142700/160000]  lr: 1.3746e-03  eta: 2:19:36  time: 0.4798  data_time: 0.0265  memory: 9066  loss: 0.9863  decode.loss_ohem: 0.7378  decode.acc_seg: 92.4011  aux_0.loss_ce: 0.2486  aux_0.acc_seg: 88.0109
2026/07/22 05:26:36 - mmengine - INFO - Iter(train) [142800/160000]  lr: 1.3675e-03  eta: 2:18:48  time: 0.4817  data_time: 0.0264  memory: 9065  loss: 0.9898  decode.loss_ohem: 0.7210  decode.acc_seg: 91.2956  aux_0.loss_ce: 0.2688  aux_0.acc_seg: 88.4370
2026/07/22 05:27:24 - mmengine - INFO - Iter(train) [142900/160000]  lr: 1.3604e-03  eta: 2:17:59  time: 0.4800  data_time: 0.0258  memory: 9065  loss: 0.9294  decode.loss_ohem: 0.6929  decode.acc_seg: 94.0083  aux_0.loss_ce: 0.2365  aux_0.acc_seg: 91.1596
2026/07/22 05:28:12 - mmengine - INFO - Exp name: dsanet_cityscapes_512x1024_20260721_100709
2026/07/22 05:28:12 - mmengine - INFO - Iter(train) [143000/160000]  lr: 1.3533e-03  eta: 2:17:11  time: 0.4807  data_time: 0.0261  memory: 9066  loss: 0.9528  decode.loss_ohem: 0.7156  decode.acc_seg: 94.2234  aux_0.loss_ce: 0.2372  aux_0.acc_seg: 91.7963
2026/07/22 05:29:00 - mmengine - INFO - Iter(train) [143100/160000]  lr: 1.3462e-03  eta: 2:16:22  time: 0.4790  data_time: 0.0261  memory: 9065  loss: 0.9104  decode.loss_ohem: 0.6800  decode.acc_seg: 93.3267  aux_0.loss_ce: 0.2304  aux_0.acc_seg: 91.2513
2026/07/22 05:29:48 - mmengine - INFO - Iter(train) [143200/160000]  lr: 1.3391e-03  eta: 2:15:34  time: 0.4799  data_time: 0.0263  memory: 9064  loss: 0.9779  decode.loss_ohem: 0.7178  decode.acc_seg: 94.5189  aux_0.loss_ce: 0.2601  aux_0.acc_seg: 91.2911
2026/07/22 05:30:36 - mmengine - INFO - Iter(train) [143300/160000]  lr: 1.3320e-03  eta: 2:14:45  time: 0.4799  data_time: 0.0253  memory: 9065  loss: 0.9409  decode.loss_ohem: 0.6937  decode.acc_seg: 94.7637  aux_0.loss_ce: 0.2472  aux_0.acc_seg: 92.9116
2026/07/22 05:31:24 - mmengine - INFO - Iter(train) [143400/160000]  lr: 1.3248e-03  eta: 2:13:57  time: 0.4798  data_time: 0.0261  memory: 9066  loss: 1.0089  decode.loss_ohem: 0.7796  decode.acc_seg: 94.9755  aux_0.loss_ce: 0.2294  aux_0.acc_seg: 93.5917
2026/07/22 05:32:12 - mmengine - INFO - Iter(train) [143500/160000]  lr: 1.3177e-03  eta: 2:13:08  time: 0.4797  data_time: 0.0261  memory: 9064  loss: 0.8862  decode.loss_ohem: 0.6797  decode.acc_seg: 95.5091  aux_0.loss_ce: 0.2065  aux_0.acc_seg: 93.3223
2026/07/22 05:33:00 - mmengine - INFO - Iter(train) [143600/160000]  lr: 1.3106e-03  eta: 2:12:20  time: 0.4803  data_time: 0.0264  memory: 9065  loss: 0.9304  decode.loss_ohem: 0.6965  decode.acc_seg: 92.8354  aux_0.loss_ce: 0.2339  aux_0.acc_seg: 89.2153
2026/07/22 05:33:48 - mmengine - INFO - Iter(train) [143700/160000]  lr: 1.3034e-03  eta: 2:11:31  time: 0.4804  data_time: 0.0263  memory: 9066  loss: 0.9622  decode.loss_ohem: 0.7308  decode.acc_seg: 94.8802  aux_0.loss_ce: 0.2314  aux_0.acc_seg: 92.0860
2026/07/22 05:34:36 - mmengine - INFO - Iter(train) [143800/160000]  lr: 1.2963e-03  eta: 2:10:43  time: 0.4801  data_time: 0.0262  memory: 9065  loss: 0.8964  decode.loss_ohem: 0.6780  decode.acc_seg: 95.3446  aux_0.loss_ce: 0.2184  aux_0.acc_seg: 93.2783
2026/07/22 05:35:24 - mmengine - INFO - Iter(train) [143900/160000]  lr: 1.2891e-03  eta: 2:09:54  time: 0.4801  data_time: 0.0261  memory: 9064  loss: 0.9410  decode.loss_ohem: 0.7015  decode.acc_seg: 95.2286  aux_0.loss_ce: 0.2394  aux_0.acc_seg: 91.7834
2026/07/22 05:36:12 - mmengine - INFO - Exp name: dsanet_cityscapes_512x1024_20260721_100709
2026/07/22 05:36:12 - mmengine - INFO - Iter(train) [144000/160000]  lr: 1.2820e-03  eta: 2:09:06  time: 0.4792  data_time: 0.0263  memory: 9065  loss: 0.8448  decode.loss_ohem: 0.6437  decode.acc_seg: 93.7390  aux_0.loss_ce: 0.2011  aux_0.acc_seg: 90.3960
2026/07/22 05:37:00 - mmengine - INFO - Iter(train) [144100/160000]  lr: 1.2748e-03  eta: 2:08:17  time: 0.4770  data_time: 0.0262  memory: 9065  loss: 1.0296  decode.loss_ohem: 0.7773  decode.acc_seg: 92.0258  aux_0.loss_ce: 0.2523  aux_0.acc_seg: 90.3838
2026/07/22 05:37:48 - mmengine - INFO - Iter(train) [144200/160000]  lr: 1.2677e-03  eta: 2:07:29  time: 0.4803  data_time: 0.0264  memory: 9065  loss: 0.8785  decode.loss_ohem: 0.6494  decode.acc_seg: 94.2961  aux_0.loss_ce: 0.2290  aux_0.acc_seg: 90.5326
2026/07/22 05:38:36 - mmengine - INFO - Iter(train) [144300/160000]  lr: 1.2605e-03  eta: 2:06:41  time: 0.4794  data_time: 0.0263  memory: 9064  loss: 0.9132  decode.loss_ohem: 0.6877  decode.acc_seg: 94.0769  aux_0.loss_ce: 0.2254  aux_0.acc_seg: 90.4838
2026/07/22 05:39:24 - mmengine - INFO - Iter(train) [144400/160000]  lr: 1.2533e-03  eta: 2:05:52  time: 0.4797  data_time: 0.0264  memory: 9065  loss: 0.9059  decode.loss_ohem: 0.6834  decode.acc_seg: 94.1540  aux_0.loss_ce: 0.2225  aux_0.acc_seg: 91.8776
2026/07/22 05:40:12 - mmengine - INFO - Iter(train) [144500/160000]  lr: 1.2462e-03  eta: 2:05:04  time: 0.4796  data_time: 0.0265  memory: 9064  loss: 0.9600  decode.loss_ohem: 0.7114  decode.acc_seg: 89.1152  aux_0.loss_ce: 0.2486  aux_0.acc_seg: 85.6281
2026/07/22 05:41:00 - mmengine - INFO - Iter(train) [144600/160000]  lr: 1.2390e-03  eta: 2:04:15  time: 0.4802  data_time: 0.0266  memory: 9065  loss: 0.9240  decode.loss_ohem: 0.7066  decode.acc_seg: 95.8325  aux_0.loss_ce: 0.2174  aux_0.acc_seg: 93.5709
2026/07/22 05:41:48 - mmengine - INFO - Iter(train) [144700/160000]  lr: 1.2318e-03  eta: 2:03:27  time: 0.4792  data_time: 0.0265  memory: 9066  loss: 0.9099  decode.loss_ohem: 0.6816  decode.acc_seg: 93.6358  aux_0.loss_ce: 0.2282  aux_0.acc_seg: 91.7630
2026/07/22 05:42:36 - mmengine - INFO - Iter(train) [144800/160000]  lr: 1.2246e-03  eta: 2:02:38  time: 0.4796  data_time: 0.0261  memory: 9065  loss: 0.9363  decode.loss_ohem: 0.6894  decode.acc_seg: 93.9412  aux_0.loss_ce: 0.2468  aux_0.acc_seg: 92.3599
2026/07/22 05:43:24 - mmengine - INFO - Iter(train) [144900/160000]  lr: 1.2174e-03  eta: 2:01:50  time: 0.4793  data_time: 0.0261  memory: 9065  loss: 0.9777  decode.loss_ohem: 0.7327  decode.acc_seg: 94.3797  aux_0.loss_ce: 0.2450  aux_0.acc_seg: 91.6692
2026/07/22 05:44:12 - mmengine - INFO - Exp name: dsanet_cityscapes_512x1024_20260721_100709
2026/07/22 05:44:12 - mmengine - INFO - Iter(train) [145000/160000]  lr: 1.2102e-03  eta: 2:01:01  time: 0.4793  data_time: 0.0258  memory: 9064  loss: 1.0076  decode.loss_ohem: 0.7338  decode.acc_seg: 92.5800  aux_0.loss_ce: 0.2738  aux_0.acc_seg: 87.6047
2026/07/22 05:44:12 - mmengine - INFO - Saving checkpoint at 145000 iterations
2026/07/22 05:44:18 - mmengine - INFO - Iter(val) [100/250]    eta: 0:00:08  time: 0.0537  data_time: 0.0089  memory: 801  
2026/07/22 05:44:23 - mmengine - INFO - Iter(val) [200/250]    eta: 0:00:02  time: 0.0537  data_time: 0.0088  memory: 801  
2026/07/22 05:44:26 - mmengine - INFO - per class results:
2026/07/22 05:44:26 - mmengine - INFO - 
+---------------+-------+-------+
|     Class     |  IoU  |  Acc  |
+---------------+-------+-------+
|      road     | 97.76 | 98.86 |
|    sidewalk   | 82.13 | 89.88 |
|    building   | 91.13 | 95.62 |
|      wall     | 56.08 | 63.73 |
|     fence     | 54.93 | 73.11 |
|      pole     | 59.98 | 70.31 |
| traffic light | 59.45 | 75.69 |
|  traffic sign | 72.24 | 78.99 |
|   vegetation  | 91.37 | 96.46 |
|    terrain    | 59.78 | 65.97 |
|      sky      | 93.48 | 97.77 |
|     person    | 76.03 | 91.26 |
|     rider     | 53.86 | 64.36 |
|      car      | 93.12 | 95.82 |
|     truck     | 65.25 | 78.43 |
|      bus      | 73.75 | 89.07 |
|     train     | 63.02 | 78.12 |
|   motorcycle  | 54.72 | 67.02 |
|    bicycle    | 72.05 | 83.94 |
+---------------+-------+-------+
2026/07/22 05:44:26 - mmengine - INFO - Iter(val) [250/250]    aAcc: 95.2400  mIoU: 72.1100  mAcc: 81.8100  data_time: 0.0098  time: 0.0547
2026/07/22 05:44:26 - mmengine - INFO - The previous best checkpoint /root/autodl-tmp/DSANet-main/tools/work_dirs/dsanet_cityscapes_512x1024/best_mIoU_iter_130000.pth is removed
2026/07/22 05:44:26 - mmengine - INFO - The best checkpoint with 72.1100 mIoU at 145000 iter is saved to best_mIoU_iter_145000.pth.
2026/07/22 05:45:15 - mmengine - INFO - Iter(train) [145100/160000]  lr: 1.2030e-03  eta: 2:00:13  time: 0.4810  data_time: 0.0264  memory: 9066  loss: 0.9050  decode.loss_ohem: 0.6727  decode.acc_seg: 91.6484  aux_0.loss_ce: 0.2323  aux_0.acc_seg: 89.2911
2026/07/22 05:46:03 - mmengine - INFO - Iter(train) [145200/160000]  lr: 1.1958e-03  eta: 1:59:24  time: 0.4805  data_time: 0.0262  memory: 9065  loss: 0.8866  decode.loss_ohem: 0.6637  decode.acc_seg: 93.6514  aux_0.loss_ce: 0.2229  aux_0.acc_seg: 91.7609
2026/07/22 05:46:51 - mmengine - INFO - Iter(train) [145300/160000]  lr: 1.1886e-03  eta: 1:58:36  time: 0.4829  data_time: 0.0269  memory: 9065  loss: 0.9005  decode.loss_ohem: 0.6837  decode.acc_seg: 95.3917  aux_0.loss_ce: 0.2168  aux_0.acc_seg: 93.6799
2026/07/22 05:47:39 - mmengine - INFO - Iter(train) [145400/160000]  lr: 1.1814e-03  eta: 1:57:48  time: 0.4806  data_time: 0.0262  memory: 9065  loss: 0.9201  decode.loss_ohem: 0.6866  decode.acc_seg: 94.7832  aux_0.loss_ce: 0.2335  aux_0.acc_seg: 92.5722
2026/07/22 05:48:28 - mmengine - INFO - Iter(train) [145500/160000]  lr: 1.1741e-03  eta: 1:56:59  time: 0.4830  data_time: 0.0262  memory: 9065  loss: 0.9477  decode.loss_ohem: 0.7048  decode.acc_seg: 94.5343  aux_0.loss_ce: 0.2429  aux_0.acc_seg: 90.6398
2026/07/22 05:49:15 - mmengine - INFO - Iter(train) [145600/160000]  lr: 1.1669e-03  eta: 1:56:11  time: 0.4288  data_time: 0.0261  memory: 9064  loss: 0.9472  decode.loss_ohem: 0.7112  decode.acc_seg: 93.9233  aux_0.loss_ce: 0.2360  aux_0.acc_seg: 90.5833
2026/07/22 05:50:04 - mmengine - INFO - Iter(train) [145700/160000]  lr: 1.1597e-03  eta: 1:55:22  time: 0.4817  data_time: 0.0263  memory: 9064  loss: 0.9364  decode.loss_ohem: 0.7199  decode.acc_seg: 94.3334  aux_0.loss_ce: 0.2166  aux_0.acc_seg: 92.2305
2026/07/22 05:50:51 - mmengine - INFO - Iter(train) [145800/160000]  lr: 1.1524e-03  eta: 1:54:34  time: 0.4797  data_time: 0.0262  memory: 9064  loss: 1.0069  decode.loss_ohem: 0.7653  decode.acc_seg: 93.0907  aux_0.loss_ce: 0.2415  aux_0.acc_seg: 91.3193
2026/07/22 05:51:40 - mmengine - INFO - Iter(train) [145900/160000]  lr: 1.1452e-03  eta: 1:53:45  time: 0.4809  data_time: 0.0263  memory: 9065  loss: 0.9304  decode.loss_ohem: 0.6974  decode.acc_seg: 94.3617  aux_0.loss_ce: 0.2331  aux_0.acc_seg: 89.1217
2026/07/22 05:52:28 - mmengine - INFO - Exp name: dsanet_cityscapes_512x1024_20260721_100709
2026/07/22 05:52:28 - mmengine - INFO - Iter(train) [146000/160000]  lr: 1.1380e-03  eta: 1:52:57  time: 0.4801  data_time: 0.0262  memory: 9064  loss: 0.9304  decode.loss_ohem: 0.6912  decode.acc_seg: 95.6370  aux_0.loss_ce: 0.2393  aux_0.acc_seg: 92.9577
2026/07/22 05:53:16 - mmengine - INFO - Iter(train) [146100/160000]  lr: 1.1307e-03  eta: 1:52:08  time: 0.4820  data_time: 0.0267  memory: 9064  loss: 0.9607  decode.loss_ohem: 0.7138  decode.acc_seg: 92.6171  aux_0.loss_ce: 0.2469  aux_0.acc_seg: 88.3487
2026/07/22 05:54:04 - mmengine - INFO - Iter(train) [146200/160000]  lr: 1.1234e-03  eta: 1:51:20  time: 0.4812  data_time: 0.0263  memory: 9066  loss: 0.9288  decode.loss_ohem: 0.6979  decode.acc_seg: 93.8614  aux_0.loss_ce: 0.2308  aux_0.acc_seg: 91.2745
2026/07/22 05:54:52 - mmengine - INFO - Iter(train) [146300/160000]  lr: 1.1162e-03  eta: 1:50:32  time: 0.4769  data_time: 0.0263  memory: 9065  loss: 0.9312  decode.loss_ohem: 0.6880  decode.acc_seg: 95.1931  aux_0.loss_ce: 0.2432  aux_0.acc_seg: 93.2163
2026/07/22 05:55:40 - mmengine - INFO - Iter(train) [146400/160000]  lr: 1.1089e-03  eta: 1:49:43  time: 0.4803  data_time: 0.0266  memory: 9064  loss: 0.9114  decode.loss_ohem: 0.6618  decode.acc_seg: 94.4143  aux_0.loss_ce: 0.2496  aux_0.acc_seg: 91.4019
2026/07/22 05:56:28 - mmengine - INFO - Iter(train) [146500/160000]  lr: 1.1016e-03  eta: 1:48:55  time: 0.4831  data_time: 0.0263  memory: 9065  loss: 0.8998  decode.loss_ohem: 0.6831  decode.acc_seg: 93.6330  aux_0.loss_ce: 0.2167  aux_0.acc_seg: 91.1313
2026/07/22 05:57:16 - mmengine - INFO - Iter(train) [146600/160000]  lr: 1.0944e-03  eta: 1:48:06  time: 0.4808  data_time: 0.0264  memory: 9065  loss: 0.9253  decode.loss_ohem: 0.6958  decode.acc_seg: 91.4120  aux_0.loss_ce: 0.2295  aux_0.acc_seg: 87.9893
2026/07/22 05:58:04 - mmengine - INFO - Iter(train) [146700/160000]  lr: 1.0871e-03  eta: 1:47:18  time: 0.4819  data_time: 0.0267  memory: 9065  loss: 0.9179  decode.loss_ohem: 0.6805  decode.acc_seg: 91.9358  aux_0.loss_ce: 0.2374  aux_0.acc_seg: 88.9359
2026/07/22 05:58:52 - mmengine - INFO - Iter(train) [146800/160000]  lr: 1.0798e-03  eta: 1:46:29  time: 0.4805  data_time: 0.0265  memory: 9064  loss: 0.9052  decode.loss_ohem: 0.6827  decode.acc_seg: 93.3814  aux_0.loss_ce: 0.2225  aux_0.acc_seg: 90.9454
2026/07/22 05:59:41 - mmengine - INFO - Iter(train) [146900/160000]  lr: 1.0725e-03  eta: 1:45:41  time: 0.4802  data_time: 0.0267  memory: 9063  loss: 0.8949  decode.loss_ohem: 0.6944  decode.acc_seg: 93.9080  aux_0.loss_ce: 0.2005  aux_0.acc_seg: 92.3803
2026/07/22 06:00:28 - mmengine - INFO - Exp name: dsanet_cityscapes_512x1024_20260721_100709
2026/07/22 06:00:28 - mmengine - INFO - Iter(train) [147000/160000]  lr: 1.0652e-03  eta: 1:44:52  time: 0.4784  data_time: 0.0255  memory: 9065  loss: 0.8927  decode.loss_ohem: 0.6648  decode.acc_seg: 93.7245  aux_0.loss_ce: 0.2279  aux_0.acc_seg: 91.3391
2026/07/22 06:01:16 - mmengine - INFO - Iter(train) [147100/160000]  lr: 1.0579e-03  eta: 1:44:04  time: 0.4824  data_time: 0.0256  memory: 9064  loss: 0.9319  decode.loss_ohem: 0.6999  decode.acc_seg: 94.3017  aux_0.loss_ce: 0.2320  aux_0.acc_seg: 93.4205
2026/07/22 06:02:05 - mmengine - INFO - Iter(train) [147200/160000]  lr: 1.0506e-03  eta: 1:43:16  time: 0.4797  data_time: 0.0256  memory: 9065  loss: 0.8443  decode.loss_ohem: 0.6363  decode.acc_seg: 95.4724  aux_0.loss_ce: 0.2079  aux_0.acc_seg: 92.4681
2026/07/22 06:02:53 - mmengine - INFO - Iter(train) [147300/160000]  lr: 1.0432e-03  eta: 1:42:27  time: 0.4804  data_time: 0.0265  memory: 9067  loss: 0.9406  decode.loss_ohem: 0.6897  decode.acc_seg: 91.0686  aux_0.loss_ce: 0.2509  aux_0.acc_seg: 87.9431
2026/07/22 06:03:41 - mmengine - INFO - Iter(train) [147400/160000]  lr: 1.0359e-03  eta: 1:41:39  time: 0.4810  data_time: 0.0267  memory: 9065  loss: 0.9189  decode.loss_ohem: 0.6666  decode.acc_seg: 94.2753  aux_0.loss_ce: 0.2523  aux_0.acc_seg: 91.4784
2026/07/22 06:04:29 - mmengine - INFO - Iter(train) [147500/160000]  lr: 1.0286e-03  eta: 1:40:50  time: 0.4807  data_time: 0.0262  memory: 9065  loss: 0.9016  decode.loss_ohem: 0.6775  decode.acc_seg: 94.5206  aux_0.loss_ce: 0.2242  aux_0.acc_seg: 92.8510
2026/07/22 06:05:17 - mmengine - INFO - Iter(train) [147600/160000]  lr: 1.0212e-03  eta: 1:40:02  time: 0.4801  data_time: 0.0264  memory: 9064  loss: 0.9244  decode.loss_ohem: 0.6766  decode.acc_seg: 95.0352  aux_0.loss_ce: 0.2478  aux_0.acc_seg: 91.7022
2026/07/22 06:06:05 - mmengine - INFO - Iter(train) [147700/160000]  lr: 1.0139e-03  eta: 1:39:13  time: 0.4798  data_time: 0.0264  memory: 9064  loss: 1.0106  decode.loss_ohem: 0.7656  decode.acc_seg: 94.2530  aux_0.loss_ce: 0.2449  aux_0.acc_seg: 91.9186
2026/07/22 06:06:53 - mmengine - INFO - Iter(train) [147800/160000]  lr: 1.0066e-03  eta: 1:38:25  time: 0.4790  data_time: 0.0256  memory: 9064  loss: 0.8980  decode.loss_ohem: 0.6638  decode.acc_seg: 93.2996  aux_0.loss_ce: 0.2343  aux_0.acc_seg: 90.2022
2026/07/22 06:07:41 - mmengine - INFO - Iter(train) [147900/160000]  lr: 9.9920e-04  eta: 1:37:37  time: 0.4807  data_time: 0.0262  memory: 9065  loss: 0.9388  decode.loss_ohem: 0.7102  decode.acc_seg: 94.0153  aux_0.loss_ce: 0.2286  aux_0.acc_seg: 92.0371
2026/07/22 06:08:29 - mmengine - INFO - Exp name: dsanet_cityscapes_512x1024_20260721_100709
2026/07/22 06:08:29 - mmengine - INFO - Iter(train) [148000/160000]  lr: 9.9184e-04  eta: 1:36:48  time: 0.4817  data_time: 0.0264  memory: 9065  loss: 0.9964  decode.loss_ohem: 0.7166  decode.acc_seg: 93.5846  aux_0.loss_ce: 0.2799  aux_0.acc_seg: 90.9320
2026/07/22 06:09:17 - mmengine - INFO - Iter(train) [148100/160000]  lr: 9.8447e-04  eta: 1:36:00  time: 0.4802  data_time: 0.0261  memory: 9065  loss: 0.9142  decode.loss_ohem: 0.6828  decode.acc_seg: 93.7566  aux_0.loss_ce: 0.2313  aux_0.acc_seg: 90.8474
2026/07/22 06:10:05 - mmengine - INFO - Iter(train) [148200/160000]  lr: 9.7710e-04  eta: 1:35:11  time: 0.4791  data_time: 0.0262  memory: 9067  loss: 0.9399  decode.loss_ohem: 0.7194  decode.acc_seg: 93.5893  aux_0.loss_ce: 0.2205  aux_0.acc_seg: 91.9442
2026/07/22 06:10:53 - mmengine - INFO - Iter(train) [148300/160000]  lr: 9.6972e-04  eta: 1:34:23  time: 0.4805  data_time: 0.0260  memory: 9065  loss: 0.9703  decode.loss_ohem: 0.7363  decode.acc_seg: 90.9909  aux_0.loss_ce: 0.2340  aux_0.acc_seg: 88.0787
2026/07/22 06:11:41 - mmengine - INFO - Iter(train) [148400/160000]  lr: 9.6233e-04  eta: 1:33:34  time: 0.4803  data_time: 0.0262  memory: 9067  loss: 0.8691  decode.loss_ohem: 0.6560  decode.acc_seg: 93.6508  aux_0.loss_ce: 0.2131  aux_0.acc_seg: 92.5129
2026/07/22 06:12:29 - mmengine - INFO - Iter(train) [148500/160000]  lr: 9.5494e-04  eta: 1:32:46  time: 0.4807  data_time: 0.0263  memory: 9065  loss: 0.9611  decode.loss_ohem: 0.7172  decode.acc_seg: 92.5637  aux_0.loss_ce: 0.2439  aux_0.acc_seg: 89.6898
2026/07/22 06:13:17 - mmengine - INFO - Iter(train) [148600/160000]  lr: 9.4754e-04  eta: 1:31:57  time: 0.4784  data_time: 0.0262  memory: 9064  loss: 0.8943  decode.loss_ohem: 0.6683  decode.acc_seg: 94.6570  aux_0.loss_ce: 0.2260  aux_0.acc_seg: 90.7886
2026/07/22 06:14:05 - mmengine - INFO - Iter(train) [148700/160000]  lr: 9.4014e-04  eta: 1:31:09  time: 0.4809  data_time: 0.0266  memory: 9066  loss: 1.0001  decode.loss_ohem: 0.7427  decode.acc_seg: 94.2857  aux_0.loss_ce: 0.2574  aux_0.acc_seg: 92.0394
2026/07/22 06:14:53 - mmengine - INFO - Iter(train) [148800/160000]  lr: 9.3273e-04  eta: 1:30:21  time: 0.4807  data_time: 0.0263  memory: 9065  loss: 0.9628  decode.loss_ohem: 0.7098  decode.acc_seg: 92.8652  aux_0.loss_ce: 0.2530  aux_0.acc_seg: 89.0230
2026/07/22 06:15:41 - mmengine - INFO - Iter(train) [148900/160000]  lr: 9.2531e-04  eta: 1:29:32  time: 0.4800  data_time: 0.0261  memory: 9065  loss: 0.9466  decode.loss_ohem: 0.6914  decode.acc_seg: 93.2086  aux_0.loss_ce: 0.2552  aux_0.acc_seg: 88.0254
2026/07/22 06:16:29 - mmengine - INFO - Exp name: dsanet_cityscapes_512x1024_20260721_100709
2026/07/22 06:16:29 - mmengine - INFO - Iter(train) [149000/160000]  lr: 9.1788e-04  eta: 1:28:44  time: 0.4801  data_time: 0.0265  memory: 9065  loss: 0.8870  decode.loss_ohem: 0.6714  decode.acc_seg: 93.2719  aux_0.loss_ce: 0.2156  aux_0.acc_seg: 91.5773
2026/07/22 06:17:18 - mmengine - INFO - Iter(train) [149100/160000]  lr: 9.1045e-04  eta: 1:27:55  time: 0.4810  data_time: 0.0269  memory: 9065  loss: 0.9242  decode.loss_ohem: 0.6995  decode.acc_seg: 94.6901  aux_0.loss_ce: 0.2247  aux_0.acc_seg: 91.8807
2026/07/22 06:18:06 - mmengine - INFO - Iter(train) [149200/160000]  lr: 9.0301e-04  eta: 1:27:07  time: 0.4809  data_time: 0.0259  memory: 9064  loss: 0.9451  decode.loss_ohem: 0.6872  decode.acc_seg: 94.0964  aux_0.loss_ce: 0.2580  aux_0.acc_seg: 91.3824
2026/07/22 06:18:54 - mmengine - INFO - Iter(train) [149300/160000]  lr: 8.9557e-04  eta: 1:26:18  time: 0.4806  data_time: 0.0265  memory: 9064  loss: 0.9272  decode.loss_ohem: 0.6885  decode.acc_seg: 91.8439  aux_0.loss_ce: 0.2387  aux_0.acc_seg: 90.2199
2026/07/22 06:19:42 - mmengine - INFO - Iter(train) [149400/160000]  lr: 8.8812e-04  eta: 1:25:30  time: 0.4810  data_time: 0.0266  memory: 9065  loss: 0.9799  decode.loss_ohem: 0.7262  decode.acc_seg: 95.1402  aux_0.loss_ce: 0.2538  aux_0.acc_seg: 94.2443
2026/07/22 06:20:30 - mmengine - INFO - Iter(train) [149500/160000]  lr: 8.8066e-04  eta: 1:24:42  time: 0.4810  data_time: 0.0262  memory: 9065  loss: 0.8972  decode.loss_ohem: 0.6693  decode.acc_seg: 94.3177  aux_0.loss_ce: 0.2279  aux_0.acc_seg: 92.4476
2026/07/22 06:21:18 - mmengine - INFO - Iter(train) [149600/160000]  lr: 8.7319e-04  eta: 1:23:53  time: 0.4827  data_time: 0.0265  memory: 9064  loss: 0.8852  decode.loss_ohem: 0.6628  decode.acc_seg: 94.6673  aux_0.loss_ce: 0.2224  aux_0.acc_seg: 93.1739
2026/07/22 06:22:06 - mmengine - INFO - Iter(train) [149700/160000]  lr: 8.6572e-04  eta: 1:23:05  time: 0.4851  data_time: 0.0265  memory: 9066  loss: 0.8575  decode.loss_ohem: 0.6509  decode.acc_seg: 95.2058  aux_0.loss_ce: 0.2066  aux_0.acc_seg: 93.1737
2026/07/22 06:22:54 - mmengine - INFO - Iter(train) [149800/160000]  lr: 8.5824e-04  eta: 1:22:16  time: 0.4784  data_time: 0.0260  memory: 9065  loss: 0.8875  decode.loss_ohem: 0.6600  decode.acc_seg: 92.3644  aux_0.loss_ce: 0.2275  aux_0.acc_seg: 90.2700
2026/07/22 06:23:42 - mmengine - INFO - Iter(train) [149900/160000]  lr: 8.5075e-04  eta: 1:21:28  time: 0.4801  data_time: 0.0267  memory: 9066  loss: 0.8921  decode.loss_ohem: 0.6730  decode.acc_seg: 94.0584  aux_0.loss_ce: 0.2191  aux_0.acc_seg: 91.3212
2026/07/22 06:24:30 - mmengine - INFO - Exp name: dsanet_cityscapes_512x1024_20260721_100709
2026/07/22 06:24:30 - mmengine - INFO - Iter(train) [150000/160000]  lr: 8.4325e-04  eta: 1:20:40  time: 0.4803  data_time: 0.0264  memory: 9064  loss: 0.9364  decode.loss_ohem: 0.6988  decode.acc_seg: 95.0579  aux_0.loss_ce: 0.2377  aux_0.acc_seg: 92.7185
2026/07/22 06:24:30 - mmengine - INFO - Saving checkpoint at 150000 iterations
2026/07/22 06:24:37 - mmengine - INFO - Iter(val) [100/250]    eta: 0:00:08  time: 0.0540  data_time: 0.0089  memory: 801  
2026/07/22 06:24:42 - mmengine - INFO - Iter(val) [200/250]    eta: 0:00:02  time: 0.0543  data_time: 0.0090  memory: 801  
2026/07/22 06:24:45 - mmengine - INFO - per class results:
2026/07/22 06:24:45 - mmengine - INFO - 
+---------------+-------+-------+
|     Class     |  IoU  |  Acc  |
+---------------+-------+-------+
|      road     | 97.68 |  98.6 |
|    sidewalk   | 82.49 |  91.6 |
|    building   | 90.64 |  96.1 |
|      wall     |  52.4 | 58.42 |
|     fence     | 54.19 | 62.19 |
|      pole     | 59.46 | 68.59 |
| traffic light | 59.42 | 72.78 |
|  traffic sign | 71.64 | 78.88 |
|   vegetation  | 91.27 | 96.01 |
|    terrain    | 60.76 |  72.9 |
|      sky      | 93.03 | 97.07 |
|     person    | 77.39 | 89.04 |
|     rider     | 58.67 | 71.66 |
|      car      | 93.37 | 96.72 |
|     truck     | 63.71 | 73.88 |
|      bus      |  73.0 | 84.29 |
|     train     | 68.81 | 88.16 |
|   motorcycle  | 54.23 | 68.32 |
|    bicycle    | 72.12 | 86.73 |
+---------------+-------+-------+
2026/07/22 06:24:45 - mmengine - INFO - Iter(val) [250/250]    aAcc: 95.1900  mIoU: 72.3300  mAcc: 81.6800  data_time: 0.0101  time: 0.0555
2026/07/22 06:24:45 - mmengine - INFO - The previous best checkpoint /root/autodl-tmp/DSANet-main/tools/work_dirs/dsanet_cityscapes_512x1024/best_mIoU_iter_145000.pth is removed
2026/07/22 06:24:45 - mmengine - INFO - The best checkpoint with 72.3300 mIoU at 150000 iter is saved to best_mIoU_iter_150000.pth.
2026/07/22 06:25:34 - mmengine - INFO - Iter(train) [150100/160000]  lr: 8.3575e-04  eta: 1:19:51  time: 0.4803  data_time: 0.0264  memory: 9064  loss: 0.9620  decode.loss_ohem: 0.7288  decode.acc_seg: 94.2418  aux_0.loss_ce: 0.2332  aux_0.acc_seg: 92.6382
2026/07/22 06:26:22 - mmengine - INFO - Iter(train) [150200/160000]  lr: 8.2824e-04  eta: 1:19:03  time: 0.4800  data_time: 0.0263  memory: 9064  loss: 0.8856  decode.loss_ohem: 0.6612  decode.acc_seg: 92.9848  aux_0.loss_ce: 0.2244  aux_0.acc_seg: 90.6132
2026/07/22 06:27:10 - mmengine - INFO - Iter(train) [150300/160000]  lr: 8.2072e-04  eta: 1:18:14  time: 0.4806  data_time: 0.0265  memory: 9065  loss: 0.9302  decode.loss_ohem: 0.7011  decode.acc_seg: 94.1938  aux_0.loss_ce: 0.2291  aux_0.acc_seg: 92.5339
2026/07/22 06:27:58 - mmengine - INFO - Iter(train) [150400/160000]  lr: 8.1319e-04  eta: 1:17:26  time: 0.4816  data_time: 0.0267  memory: 9065  loss: 0.9687  decode.loss_ohem: 0.7031  decode.acc_seg: 94.5309  aux_0.loss_ce: 0.2657  aux_0.acc_seg: 92.0159
2026/07/22 06:28:46 - mmengine - INFO - Iter(train) [150500/160000]  lr: 8.0566e-04  eta: 1:16:37  time: 0.4773  data_time: 0.0263  memory: 9064  loss: 0.9416  decode.loss_ohem: 0.7112  decode.acc_seg: 92.7441  aux_0.loss_ce: 0.2304  aux_0.acc_seg: 88.8925
2026/07/22 06:29:34 - mmengine - INFO - Iter(train) [150600/160000]  lr: 7.9812e-04  eta: 1:15:49  time: 0.4798  data_time: 0.0266  memory: 9064  loss: 0.9022  decode.loss_ohem: 0.6807  decode.acc_seg: 93.9619  aux_0.loss_ce: 0.2215  aux_0.acc_seg: 91.1735
2026/07/22 06:30:22 - mmengine - INFO - Iter(train) [150700/160000]  lr: 7.9057e-04  eta: 1:15:01  time: 0.4811  data_time: 0.0262  memory: 9064  loss: 0.9408  decode.loss_ohem: 0.6972  decode.acc_seg: 95.1806  aux_0.loss_ce: 0.2436  aux_0.acc_seg: 93.7334
2026/07/22 06:31:10 - mmengine - INFO - Iter(train) [150800/160000]  lr: 7.8301e-04  eta: 1:14:12  time: 0.4797  data_time: 0.0258  memory: 9065  loss: 0.9175  decode.loss_ohem: 0.6931  decode.acc_seg: 91.8841  aux_0.loss_ce: 0.2244  aux_0.acc_seg: 87.4754
2026/07/22 06:31:58 - mmengine - INFO - Iter(train) [150900/160000]  lr: 7.7544e-04  eta: 1:13:24  time: 0.4803  data_time: 0.0264  memory: 9066  loss: 0.8587  decode.loss_ohem: 0.6401  decode.acc_seg: 94.2994  aux_0.loss_ce: 0.2185  aux_0.acc_seg: 91.6940
2026/07/22 06:32:46 - mmengine - INFO - Exp name: dsanet_cityscapes_512x1024_20260721_100709
2026/07/22 06:32:46 - mmengine - INFO - Iter(train) [151000/160000]  lr: 7.6787e-04  eta: 1:12:35  time: 0.4798  data_time: 0.0264  memory: 9065  loss: 0.8839  decode.loss_ohem: 0.6668  decode.acc_seg: 92.1928  aux_0.loss_ce: 0.2170  aux_0.acc_seg: 88.9487
2026/07/22 06:33:34 - mmengine - INFO - Iter(train) [151100/160000]  lr: 7.6029e-04  eta: 1:11:47  time: 0.4787  data_time: 0.0263  memory: 9063  loss: 0.8746  decode.loss_ohem: 0.6603  decode.acc_seg: 94.4555  aux_0.loss_ce: 0.2143  aux_0.acc_seg: 91.8471
2026/07/22 06:34:22 - mmengine - INFO - Iter(train) [151200/160000]  lr: 7.5270e-04  eta: 1:10:58  time: 0.4800  data_time: 0.0263  memory: 9064  loss: 0.8980  decode.loss_ohem: 0.6866  decode.acc_seg: 93.4065  aux_0.loss_ce: 0.2114  aux_0.acc_seg: 91.6100
2026/07/22 06:35:10 - mmengine - INFO - Iter(train) [151300/160000]  lr: 7.4510e-04  eta: 1:10:10  time: 0.4801  data_time: 0.0263  memory: 9064  loss: 0.9059  decode.loss_ohem: 0.6769  decode.acc_seg: 94.1123  aux_0.loss_ce: 0.2290  aux_0.acc_seg: 90.4589
2026/07/22 06:35:58 - mmengine - INFO - Iter(train) [151400/160000]  lr: 7.3749e-04  eta: 1:09:22  time: 0.4812  data_time: 0.0265  memory: 9068  loss: 0.8389  decode.loss_ohem: 0.6111  decode.acc_seg: 95.3412  aux_0.loss_ce: 0.2278  aux_0.acc_seg: 90.6885
2026/07/22 06:36:46 - mmengine - INFO - Iter(train) [151500/160000]  lr: 7.2987e-04  eta: 1:08:33  time: 0.4799  data_time: 0.0262  memory: 9065  loss: 0.9369  decode.loss_ohem: 0.7158  decode.acc_seg: 93.9248  aux_0.loss_ce: 0.2211  aux_0.acc_seg: 91.8645
2026/07/22 06:37:34 - mmengine - INFO - Iter(train) [151600/160000]  lr: 7.2224e-04  eta: 1:07:45  time: 0.4797  data_time: 0.0260  memory: 9066  loss: 0.8909  decode.loss_ohem: 0.6843  decode.acc_seg: 95.3230  aux_0.loss_ce: 0.2066  aux_0.acc_seg: 93.1732
2026/07/22 06:38:22 - mmengine - INFO - Iter(train) [151700/160000]  lr: 7.1461e-04  eta: 1:06:56  time: 0.4797  data_time: 0.0265  memory: 9064  loss: 0.8704  decode.loss_ohem: 0.6456  decode.acc_seg: 94.5999  aux_0.loss_ce: 0.2248  aux_0.acc_seg: 92.3180
2026/07/22 06:39:10 - mmengine - INFO - Iter(train) [151800/160000]  lr: 7.0696e-04  eta: 1:06:08  time: 0.4805  data_time: 0.0262  memory: 9064  loss: 0.9563  decode.loss_ohem: 0.7015  decode.acc_seg: 93.4420  aux_0.loss_ce: 0.2548  aux_0.acc_seg: 89.8640
2026/07/22 06:39:58 - mmengine - INFO - Iter(train) [151900/160000]  lr: 6.9931e-04  eta: 1:05:20  time: 0.4832  data_time: 0.0261  memory: 9065  loss: 0.9458  decode.loss_ohem: 0.7225  decode.acc_seg: 92.9941  aux_0.loss_ce: 0.2233  aux_0.acc_seg: 90.9586
2026/07/22 06:40:46 - mmengine - INFO - Exp name: dsanet_cityscapes_512x1024_20260721_100709
2026/07/22 06:40:46 - mmengine - INFO - Iter(train) [152000/160000]  lr: 6.9164e-04  eta: 1:04:31  time: 0.4799  data_time: 0.0258  memory: 9064  loss: 0.8745  decode.loss_ohem: 0.6477  decode.acc_seg: 94.0061  aux_0.loss_ce: 0.2268  aux_0.acc_seg: 90.7851
2026/07/22 06:41:34 - mmengine - INFO - Iter(train) [152100/160000]  lr: 6.8397e-04  eta: 1:03:43  time: 0.4794  data_time: 0.0260  memory: 9064  loss: 0.9242  decode.loss_ohem: 0.6950  decode.acc_seg: 92.5261  aux_0.loss_ce: 0.2292  aux_0.acc_seg: 89.1482
2026/07/22 06:42:22 - mmengine - INFO - Iter(train) [152200/160000]  lr: 6.7629e-04  eta: 1:02:54  time: 0.4788  data_time: 0.0256  memory: 9064  loss: 0.9281  decode.loss_ohem: 0.6912  decode.acc_seg: 94.6476  aux_0.loss_ce: 0.2370  aux_0.acc_seg: 92.2469
2026/07/22 06:43:10 - mmengine - INFO - Iter(train) [152300/160000]  lr: 6.6859e-04  eta: 1:02:06  time: 0.4786  data_time: 0.0259  memory: 9064  loss: 0.9132  decode.loss_ohem: 0.6810  decode.acc_seg: 91.2663  aux_0.loss_ce: 0.2322  aux_0.acc_seg: 87.5070
2026/07/22 06:43:58 - mmengine - INFO - Iter(train) [152400/160000]  lr: 6.6089e-04  eta: 1:01:17  time: 0.4792  data_time: 0.0259  memory: 9065  loss: 0.9494  decode.loss_ohem: 0.7159  decode.acc_seg: 94.7341  aux_0.loss_ce: 0.2335  aux_0.acc_seg: 92.6501
2026/07/22 06:44:46 - mmengine - INFO - Iter(train) [152500/160000]  lr: 6.5318e-04  eta: 1:00:29  time: 0.4787  data_time: 0.0257  memory: 9064  loss: 0.8729  decode.loss_ohem: 0.6611  decode.acc_seg: 93.8037  aux_0.loss_ce: 0.2117  aux_0.acc_seg: 91.2596
2026/07/22 06:45:34 - mmengine - INFO - Iter(train) [152600/160000]  lr: 6.4546e-04  eta: 0:59:41  time: 0.4807  data_time: 0.0262  memory: 9064  loss: 0.9271  decode.loss_ohem: 0.6903  decode.acc_seg: 95.5741  aux_0.loss_ce: 0.2368  aux_0.acc_seg: 93.9701
2026/07/22 06:46:22 - mmengine - INFO - Iter(train) [152700/160000]  lr: 6.3772e-04  eta: 0:58:52  time: 0.4798  data_time: 0.0261  memory: 9063  loss: 0.9401  decode.loss_ohem: 0.7124  decode.acc_seg: 93.5181  aux_0.loss_ce: 0.2278  aux_0.acc_seg: 91.1436
2026/07/22 06:47:10 - mmengine - INFO - Iter(train) [152800/160000]  lr: 6.2998e-04  eta: 0:58:04  time: 0.4798  data_time: 0.0267  memory: 9064  loss: 0.8666  decode.loss_ohem: 0.6433  decode.acc_seg: 93.0854  aux_0.loss_ce: 0.2233  aux_0.acc_seg: 87.4382
2026/07/22 06:47:58 - mmengine - INFO - Iter(train) [152900/160000]  lr: 6.2222e-04  eta: 0:57:15  time: 0.4803  data_time: 0.0264  memory: 9063  loss: 0.8820  decode.loss_ohem: 0.6785  decode.acc_seg: 93.7996  aux_0.loss_ce: 0.2035  aux_0.acc_seg: 91.8281
2026/07/22 06:48:46 - mmengine - INFO - Exp name: dsanet_cityscapes_512x1024_20260721_100709
2026/07/22 06:48:46 - mmengine - INFO - Iter(train) [153000/160000]  lr: 6.1446e-04  eta: 0:56:27  time: 0.4798  data_time: 0.0263  memory: 9065  loss: 0.9628  decode.loss_ohem: 0.7139  decode.acc_seg: 95.1640  aux_0.loss_ce: 0.2490  aux_0.acc_seg: 91.3816
2026/07/22 06:49:34 - mmengine - INFO - Iter(train) [153100/160000]  lr: 6.0668e-04  eta: 0:55:39  time: 0.4804  data_time: 0.0263  memory: 9064  loss: 0.9156  decode.loss_ohem: 0.7088  decode.acc_seg: 92.3685  aux_0.loss_ce: 0.2068  aux_0.acc_seg: 90.5891
2026/07/22 06:50:22 - mmengine - INFO - Iter(train) [153200/160000]  lr: 5.9889e-04  eta: 0:54:50  time: 0.4810  data_time: 0.0264  memory: 9065  loss: 0.8530  decode.loss_ohem: 0.6363  decode.acc_seg: 94.0035  aux_0.loss_ce: 0.2168  aux_0.acc_seg: 90.7567
2026/07/22 06:51:10 - mmengine - INFO - Iter(train) [153300/160000]  lr: 5.9109e-04  eta: 0:54:02  time: 0.4800  data_time: 0.0264  memory: 9065  loss: 0.9875  decode.loss_ohem: 0.7413  decode.acc_seg: 92.3250  aux_0.loss_ce: 0.2462  aux_0.acc_seg: 89.3963
2026/07/22 06:51:58 - mmengine - INFO - Iter(train) [153400/160000]  lr: 5.8328e-04  eta: 0:53:13  time: 0.4795  data_time: 0.0262  memory: 9065  loss: 0.9089  decode.loss_ohem: 0.6780  decode.acc_seg: 93.9153  aux_0.loss_ce: 0.2310  aux_0.acc_seg: 92.1293
2026/07/22 06:52:46 - mmengine - INFO - Iter(train) [153500/160000]  lr: 5.7546e-04  eta: 0:52:25  time: 0.4799  data_time: 0.0263  memory: 9065  loss: 0.9364  decode.loss_ohem: 0.6954  decode.acc_seg: 94.9207  aux_0.loss_ce: 0.2410  aux_0.acc_seg: 88.2723
2026/07/22 06:53:34 - mmengine - INFO - Iter(train) [153600/160000]  lr: 5.6762e-04  eta: 0:51:37  time: 0.4804  data_time: 0.0264  memory: 9063  loss: 0.9137  decode.loss_ohem: 0.6789  decode.acc_seg: 90.9820  aux_0.loss_ce: 0.2348  aux_0.acc_seg: 86.3362
2026/07/22 06:54:22 - mmengine - INFO - Iter(train) [153700/160000]  lr: 5.5977e-04  eta: 0:50:48  time: 0.4753  data_time: 0.0263  memory: 9064  loss: 0.8823  decode.loss_ohem: 0.6611  decode.acc_seg: 94.9883  aux_0.loss_ce: 0.2211  aux_0.acc_seg: 93.0200
2026/07/22 06:55:10 - mmengine - INFO - Iter(train) [153800/160000]  lr: 5.5191e-04  eta: 0:50:00  time: 0.4800  data_time: 0.0261  memory: 9065  loss: 0.9052  decode.loss_ohem: 0.6890  decode.acc_seg: 93.3962  aux_0.loss_ce: 0.2162  aux_0.acc_seg: 91.3731
2026/07/22 06:55:58 - mmengine - INFO - Iter(train) [153900/160000]  lr: 5.4404e-04  eta: 0:49:11  time: 0.4799  data_time: 0.0262  memory: 9065  loss: 0.9317  decode.loss_ohem: 0.6907  decode.acc_seg: 93.8335  aux_0.loss_ce: 0.2410  aux_0.acc_seg: 88.8886
2026/07/22 06:56:46 - mmengine - INFO - Exp name: dsanet_cityscapes_512x1024_20260721_100709
2026/07/22 06:56:46 - mmengine - INFO - Iter(train) [154000/160000]  lr: 5.3615e-04  eta: 0:48:23  time: 0.4794  data_time: 0.0261  memory: 9064  loss: 0.8804  decode.loss_ohem: 0.6579  decode.acc_seg: 95.7650  aux_0.loss_ce: 0.2224  aux_0.acc_seg: 94.2867
2026/07/22 06:57:34 - mmengine - INFO - Iter(train) [154100/160000]  lr: 5.2825e-04  eta: 0:47:34  time: 0.4788  data_time: 0.0261  memory: 9065  loss: 0.8508  decode.loss_ohem: 0.6586  decode.acc_seg: 94.8233  aux_0.loss_ce: 0.1922  aux_0.acc_seg: 92.1415
2026/07/22 06:58:22 - mmengine - INFO - Iter(train) [154200/160000]  lr: 5.2034e-04  eta: 0:46:46  time: 0.4795  data_time: 0.0260  memory: 9064  loss: 0.9462  decode.loss_ohem: 0.7210  decode.acc_seg: 93.2633  aux_0.loss_ce: 0.2252  aux_0.acc_seg: 90.3404
2026/07/22 06:59:10 - mmengine - INFO - Iter(train) [154300/160000]  lr: 5.1242e-04  eta: 0:45:58  time: 0.4802  data_time: 0.0263  memory: 9066  loss: 0.8924  decode.loss_ohem: 0.6859  decode.acc_seg: 95.2831  aux_0.loss_ce: 0.2065  aux_0.acc_seg: 93.8025
2026/07/22 06:59:58 - mmengine - INFO - Iter(train) [154400/160000]  lr: 5.0448e-04  eta: 0:45:09  time: 0.4778  data_time: 0.0259  memory: 9065  loss: 0.9001  decode.loss_ohem: 0.6732  decode.acc_seg: 93.1654  aux_0.loss_ce: 0.2269  aux_0.acc_seg: 89.2426
2026/07/22 07:00:46 - mmengine - INFO - Iter(train) [154500/160000]  lr: 4.9652e-04  eta: 0:44:21  time: 0.4800  data_time: 0.0261  memory: 9065  loss: 0.9330  decode.loss_ohem: 0.6996  decode.acc_seg: 95.2469  aux_0.loss_ce: 0.2334  aux_0.acc_seg: 92.0648
2026/07/22 07:01:34 - mmengine - INFO - Iter(train) [154600/160000]  lr: 4.8855e-04  eta: 0:43:32  time: 0.4811  data_time: 0.0262  memory: 9064  loss: 0.9144  decode.loss_ohem: 0.7029  decode.acc_seg: 93.1896  aux_0.loss_ce: 0.2115  aux_0.acc_seg: 91.2454
2026/07/22 07:02:22 - mmengine - INFO - Iter(train) [154700/160000]  lr: 4.8057e-04  eta: 0:42:44  time: 0.4801  data_time: 0.0262  memory: 9063  loss: 0.9339  decode.loss_ohem: 0.7048  decode.acc_seg: 94.1634  aux_0.loss_ce: 0.2290  aux_0.acc_seg: 91.1589
2026/07/22 07:03:10 - mmengine - INFO - Iter(train) [154800/160000]  lr: 4.7257e-04  eta: 0:41:56  time: 0.4770  data_time: 0.0262  memory: 9064  loss: 0.8823  decode.loss_ohem: 0.6699  decode.acc_seg: 94.3602  aux_0.loss_ce: 0.2123  aux_0.acc_seg: 92.2501
2026/07/22 07:03:58 - mmengine - INFO - Iter(train) [154900/160000]  lr: 4.6456e-04  eta: 0:41:07  time: 0.4794  data_time: 0.0263  memory: 9065  loss: 0.8724  decode.loss_ohem: 0.6721  decode.acc_seg: 93.8652  aux_0.loss_ce: 0.2003  aux_0.acc_seg: 92.0447
2026/07/22 07:04:46 - mmengine - INFO - Exp name: dsanet_cityscapes_512x1024_20260721_100709
2026/07/22 07:04:46 - mmengine - INFO - Iter(train) [155000/160000]  lr: 4.5653e-04  eta: 0:40:19  time: 0.4797  data_time: 0.0266  memory: 9064  loss: 0.9275  decode.loss_ohem: 0.6981  decode.acc_seg: 94.6751  aux_0.loss_ce: 0.2294  aux_0.acc_seg: 91.9076
2026/07/22 07:04:46 - mmengine - INFO - Saving checkpoint at 155000 iterations
2026/07/22 07:04:52 - mmengine - INFO - Iter(val) [100/250]    eta: 0:00:08  time: 0.0536  data_time: 0.0089  memory: 801  
2026/07/22 07:04:57 - mmengine - INFO - Iter(val) [200/250]    eta: 0:00:02  time: 0.0537  data_time: 0.0088  memory: 801  
2026/07/22 07:05:00 - mmengine - INFO - per class results:
2026/07/22 07:05:00 - mmengine - INFO - 
+---------------+-------+-------+
|     Class     |  IoU  |  Acc  |
+---------------+-------+-------+
|      road     | 97.98 | 98.79 |
|    sidewalk   |  83.8 | 91.98 |
|    building   | 91.43 | 95.98 |
|      wall     | 58.85 | 68.14 |
|     fence     | 56.84 | 67.43 |
|      pole     | 60.79 | 71.79 |
| traffic light | 59.89 | 71.79 |
|  traffic sign | 72.36 | 79.93 |
|   vegetation  | 91.43 | 96.19 |
|    terrain    | 61.22 | 71.44 |
|      sky      | 93.57 | 97.34 |
|     person    | 76.57 | 90.62 |
|     rider     | 52.03 | 60.31 |
|      car      | 93.72 | 96.86 |
|     truck     | 66.43 | 80.27 |
|      bus      | 75.57 |  87.2 |
|     train     | 59.97 | 72.47 |
|   motorcycle  | 53.82 | 61.29 |
|    bicycle    |  72.4 | 86.97 |
+---------------+-------+-------+
2026/07/22 07:05:00 - mmengine - INFO - Iter(val) [250/250]    aAcc: 95.4600  mIoU: 72.5600  mAcc: 81.4100  data_time: 0.0098  time: 0.0547
2026/07/22 07:05:00 - mmengine - INFO - The previous best checkpoint /root/autodl-tmp/DSANet-main/tools/work_dirs/dsanet_cityscapes_512x1024/best_mIoU_iter_150000.pth is removed
2026/07/22 07:05:00 - mmengine - INFO - The best checkpoint with 72.5600 mIoU at 155000 iter is saved to best_mIoU_iter_155000.pth.
2026/07/22 07:05:49 - mmengine - INFO - Iter(train) [155100/160000]  lr: 4.4848e-04  eta: 0:39:30  time: 0.4788  data_time: 0.0263  memory: 9064  loss: 0.8718  decode.loss_ohem: 0.6681  decode.acc_seg: 94.0120  aux_0.loss_ce: 0.2037  aux_0.acc_seg: 91.1597
2026/07/22 07:06:37 - mmengine - INFO - Iter(train) [155200/160000]  lr: 4.4042e-04  eta: 0:38:42  time: 0.4803  data_time: 0.0264  memory: 9065  loss: 0.8945  decode.loss_ohem: 0.6753  decode.acc_seg: 93.9956  aux_0.loss_ce: 0.2192  aux_0.acc_seg: 91.2004
2026/07/22 07:07:25 - mmengine - INFO - Iter(train) [155300/160000]  lr: 4.3234e-04  eta: 0:37:54  time: 0.4794  data_time: 0.0263  memory: 9065  loss: 0.8857  decode.loss_ohem: 0.6706  decode.acc_seg: 94.3339  aux_0.loss_ce: 0.2151  aux_0.acc_seg: 92.6312
2026/07/22 07:08:13 - mmengine - INFO - Iter(train) [155400/160000]  lr: 4.2425e-04  eta: 0:37:05  time: 0.4801  data_time: 0.0262  memory: 9064  loss: 0.8366  decode.loss_ohem: 0.6281  decode.acc_seg: 95.1534  aux_0.loss_ce: 0.2084  aux_0.acc_seg: 93.3227
2026/07/22 07:09:01 - mmengine - INFO - Iter(train) [155500/160000]  lr: 4.1613e-04  eta: 0:36:17  time: 0.4795  data_time: 0.0258  memory: 9065  loss: 0.9182  decode.loss_ohem: 0.6906  decode.acc_seg: 94.0230  aux_0.loss_ce: 0.2276  aux_0.acc_seg: 91.6271
2026/07/22 07:09:49 - mmengine - INFO - Iter(train) [155600/160000]  lr: 4.0800e-04  eta: 0:35:28  time: 0.4809  data_time: 0.0265  memory: 9065  loss: 0.9156  decode.loss_ohem: 0.6747  decode.acc_seg: 94.1636  aux_0.loss_ce: 0.2409  aux_0.acc_seg: 90.5636
2026/07/22 07:10:37 - mmengine - INFO - Iter(train) [155700/160000]  lr: 3.9985e-04  eta: 0:34:40  time: 0.4790  data_time: 0.0263  memory: 9064  loss: 0.8767  decode.loss_ohem: 0.6500  decode.acc_seg: 93.9294  aux_0.loss_ce: 0.2267  aux_0.acc_seg: 90.7278
2026/07/22 07:11:25 - mmengine - INFO - Iter(train) [155800/160000]  lr: 3.9168e-04  eta: 0:33:52  time: 0.4803  data_time: 0.0266  memory: 9063  loss: 0.8741  decode.loss_ohem: 0.6467  decode.acc_seg: 94.3215  aux_0.loss_ce: 0.2274  aux_0.acc_seg: 92.7642
2026/07/22 07:12:13 - mmengine - INFO - Iter(train) [155900/160000]  lr: 3.8349e-04  eta: 0:33:03  time: 0.4793  data_time: 0.0260  memory: 9065  loss: 0.8906  decode.loss_ohem: 0.6663  decode.acc_seg: 95.0043  aux_0.loss_ce: 0.2243  aux_0.acc_seg: 93.4926
2026/07/22 07:13:01 - mmengine - INFO - Exp name: dsanet_cityscapes_512x1024_20260721_100709
2026/07/22 07:13:01 - mmengine - INFO - Iter(train) [156000/160000]  lr: 3.7528e-04  eta: 0:32:15  time: 0.4800  data_time: 0.0265  memory: 9065  loss: 0.9565  decode.loss_ohem: 0.7240  decode.acc_seg: 92.7821  aux_0.loss_ce: 0.2325  aux_0.acc_seg: 90.1594
2026/07/22 07:13:49 - mmengine - INFO - Iter(train) [156100/160000]  lr: 3.6705e-04  eta: 0:31:27  time: 0.4795  data_time: 0.0264  memory: 9067  loss: 0.8866  decode.loss_ohem: 0.6688  decode.acc_seg: 95.4224  aux_0.loss_ce: 0.2179  aux_0.acc_seg: 92.9927
2026/07/22 07:14:37 - mmengine - INFO - Iter(train) [156200/160000]  lr: 3.5880e-04  eta: 0:30:38  time: 0.4794  data_time: 0.0264  memory: 9064  loss: 0.8958  decode.loss_ohem: 0.6702  decode.acc_seg: 94.4669  aux_0.loss_ce: 0.2256  aux_0.acc_seg: 91.8507
2026/07/22 07:15:25 - mmengine - INFO - Iter(train) [156300/160000]  lr: 3.5053e-04  eta: 0:29:50  time: 0.4797  data_time: 0.0264  memory: 9063  loss: 0.8433  decode.loss_ohem: 0.6471  decode.acc_seg: 95.5945  aux_0.loss_ce: 0.1962  aux_0.acc_seg: 94.4761
2026/07/22 07:16:13 - mmengine - INFO - Iter(train) [156400/160000]  lr: 3.4224e-04  eta: 0:29:01  time: 0.4795  data_time: 0.0263  memory: 9064  loss: 0.8950  decode.loss_ohem: 0.6695  decode.acc_seg: 94.0549  aux_0.loss_ce: 0.2254  aux_0.acc_seg: 92.7420
2026/07/22 07:17:01 - mmengine - INFO - Iter(train) [156500/160000]  lr: 3.3392e-04  eta: 0:28:13  time: 0.4794  data_time: 0.0263  memory: 9064  loss: 0.8841  decode.loss_ohem: 0.6758  decode.acc_seg: 94.0542  aux_0.loss_ce: 0.2083  aux_0.acc_seg: 91.4639
2026/07/22 07:17:49 - mmengine - INFO - Iter(train) [156600/160000]  lr: 3.2558e-04  eta: 0:27:25  time: 0.4798  data_time: 0.0264  memory: 9065  loss: 0.9078  decode.loss_ohem: 0.6815  decode.acc_seg: 94.0059  aux_0.loss_ce: 0.2264  aux_0.acc_seg: 91.6822
2026/07/22 07:18:37 - mmengine - INFO - Iter(train) [156700/160000]  lr: 3.1721e-04  eta: 0:26:36  time: 0.4801  data_time: 0.0266  memory: 9065  loss: 0.8973  decode.loss_ohem: 0.6736  decode.acc_seg: 94.8726  aux_0.loss_ce: 0.2237  aux_0.acc_seg: 93.1226
2026/07/22 07:19:25 - mmengine - INFO - Iter(train) [156800/160000]  lr: 3.0882e-04  eta: 0:25:48  time: 0.4795  data_time: 0.0258  memory: 9064  loss: 0.8719  decode.loss_ohem: 0.6794  decode.acc_seg: 92.9924  aux_0.loss_ce: 0.1925  aux_0.acc_seg: 91.4815
2026/07/22 07:20:13 - mmengine - INFO - Iter(train) [156900/160000]  lr: 3.0040e-04  eta: 0:24:59  time: 0.4800  data_time: 0.0266  memory: 9064  loss: 0.8684  decode.loss_ohem: 0.6666  decode.acc_seg: 94.3123  aux_0.loss_ce: 0.2018  aux_0.acc_seg: 91.0793
2026/07/22 07:21:01 - mmengine - INFO - Exp name: dsanet_cityscapes_512x1024_20260721_100709
2026/07/22 07:21:01 - mmengine - INFO - Iter(train) [157000/160000]  lr: 2.9196e-04  eta: 0:24:11  time: 0.4794  data_time: 0.0257  memory: 9065  loss: 0.9003  decode.loss_ohem: 0.6741  decode.acc_seg: 94.0737  aux_0.loss_ce: 0.2262  aux_0.acc_seg: 90.5323
2026/07/22 07:21:49 - mmengine - INFO - Iter(train) [157100/160000]  lr: 2.8349e-04  eta: 0:23:23  time: 0.4803  data_time: 0.0263  memory: 9064  loss: 0.9234  decode.loss_ohem: 0.6920  decode.acc_seg: 94.2387  aux_0.loss_ce: 0.2313  aux_0.acc_seg: 92.0535
2026/07/22 07:22:37 - mmengine - INFO - Iter(train) [157200/160000]  lr: 2.7498e-04  eta: 0:22:34  time: 0.4804  data_time: 0.0265  memory: 9063  loss: 0.9203  decode.loss_ohem: 0.6986  decode.acc_seg: 94.2227  aux_0.loss_ce: 0.2217  aux_0.acc_seg: 91.9391
2026/07/22 07:23:25 - mmengine - INFO - Iter(train) [157300/160000]  lr: 2.6645e-04  eta: 0:21:46  time: 0.4792  data_time: 0.0260  memory: 9064  loss: 0.8700  decode.loss_ohem: 0.6328  decode.acc_seg: 95.3905  aux_0.loss_ce: 0.2372  aux_0.acc_seg: 91.6214
2026/07/22 07:24:13 - mmengine - INFO - Iter(train) [157400/160000]  lr: 2.5789e-04  eta: 0:20:57  time: 0.4795  data_time: 0.0263  memory: 9064  loss: 0.9091  decode.loss_ohem: 0.6897  decode.acc_seg: 95.5155  aux_0.loss_ce: 0.2194  aux_0.acc_seg: 93.2241
2026/07/22 07:25:01 - mmengine - INFO - Iter(train) [157500/160000]  lr: 2.4929e-04  eta: 0:20:09  time: 0.4792  data_time: 0.0263  memory: 9064  loss: 0.9330  decode.loss_ohem: 0.7007  decode.acc_seg: 91.0728  aux_0.loss_ce: 0.2323  aux_0.acc_seg: 87.0814
2026/07/22 07:25:49 - mmengine - INFO - Iter(train) [157600/160000]  lr: 2.4066e-04  eta: 0:19:21  time: 0.4793  data_time: 0.0263  memory: 9064  loss: 0.8866  decode.loss_ohem: 0.6864  decode.acc_seg: 95.2232  aux_0.loss_ce: 0.2002  aux_0.acc_seg: 93.5687
2026/07/22 07:26:37 - mmengine - INFO - Iter(train) [157700/160000]  lr: 2.3199e-04  eta: 0:18:32  time: 0.4805  data_time: 0.0262  memory: 9064  loss: 0.8625  decode.loss_ohem: 0.6501  decode.acc_seg: 94.6421  aux_0.loss_ce: 0.2124  aux_0.acc_seg: 93.6664
2026/07/22 07:27:25 - mmengine - INFO - Iter(train) [157800/160000]  lr: 2.2328e-04  eta: 0:17:44  time: 0.4806  data_time: 0.0265  memory: 9063  loss: 0.8982  decode.loss_ohem: 0.6809  decode.acc_seg: 95.4758  aux_0.loss_ce: 0.2173  aux_0.acc_seg: 92.3759
2026/07/22 07:28:13 - mmengine - INFO - Iter(train) [157900/160000]  lr: 2.1454e-04  eta: 0:16:55  time: 0.4806  data_time: 0.0265  memory: 9065  loss: 0.8882  decode.loss_ohem: 0.6668  decode.acc_seg: 94.3711  aux_0.loss_ce: 0.2214  aux_0.acc_seg: 89.4729
2026/07/22 07:29:01 - mmengine - INFO - Exp name: dsanet_cityscapes_512x1024_20260721_100709
2026/07/22 07:29:01 - mmengine - INFO - Iter(train) [158000/160000]  lr: 2.0575e-04  eta: 0:16:07  time: 0.4803  data_time: 0.0263  memory: 9064  loss: 0.9156  decode.loss_ohem: 0.6949  decode.acc_seg: 94.3482  aux_0.loss_ce: 0.2207  aux_0.acc_seg: 90.6014
2026/07/22 07:29:49 - mmengine - INFO - Iter(train) [158100/160000]  lr: 1.9692e-04  eta: 0:15:19  time: 0.4799  data_time: 0.0264  memory: 9064  loss: 0.8548  decode.loss_ohem: 0.6542  decode.acc_seg: 94.8285  aux_0.loss_ce: 0.2005  aux_0.acc_seg: 91.2973
2026/07/22 07:30:37 - mmengine - INFO - Iter(train) [158200/160000]  lr: 1.8804e-04  eta: 0:14:30  time: 0.4799  data_time: 0.0261  memory: 9064  loss: 0.8731  decode.loss_ohem: 0.6564  decode.acc_seg: 94.1269  aux_0.loss_ce: 0.2167  aux_0.acc_seg: 92.0574
2026/07/22 07:31:25 - mmengine - INFO - Iter(train) [158300/160000]  lr: 1.7911e-04  eta: 0:13:42  time: 0.4804  data_time: 0.0265  memory: 9064  loss: 0.9149  decode.loss_ohem: 0.6938  decode.acc_seg: 95.4364  aux_0.loss_ce: 0.2212  aux_0.acc_seg: 92.5089
2026/07/22 07:32:13 - mmengine - INFO - Iter(train) [158400/160000]  lr: 1.7013e-04  eta: 0:12:54  time: 0.4803  data_time: 0.0260  memory: 9063  loss: 0.9784  decode.loss_ohem: 0.7244  decode.acc_seg: 92.0691  aux_0.loss_ce: 0.2540  aux_0.acc_seg: 90.0788
2026/07/22 07:33:01 - mmengine - INFO - Iter(train) [158500/160000]  lr: 1.6110e-04  eta: 0:12:05  time: 0.4810  data_time: 0.0266  memory: 9064  loss: 0.8639  decode.loss_ohem: 0.6497  decode.acc_seg: 94.9820  aux_0.loss_ce: 0.2143  aux_0.acc_seg: 92.2630
2026/07/22 07:33:49 - mmengine - INFO - Iter(train) [158600/160000]  lr: 1.5200e-04  eta: 0:11:17  time: 0.4798  data_time: 0.0264  memory: 9064  loss: 0.8758  decode.loss_ohem: 0.6644  decode.acc_seg: 95.1098  aux_0.loss_ce: 0.2114  aux_0.acc_seg: 92.2039
2026/07/22 07:34:37 - mmengine - INFO - Iter(train) [158700/160000]  lr: 1.4284e-04  eta: 0:10:28  time: 0.4798  data_time: 0.0262  memory: 9063  loss: 0.9018  decode.loss_ohem: 0.6789  decode.acc_seg: 94.0555  aux_0.loss_ce: 0.2230  aux_0.acc_seg: 92.1647
2026/07/22 07:35:25 - mmengine - INFO - Iter(train) [158800/160000]  lr: 1.3361e-04  eta: 0:09:40  time: 0.4792  data_time: 0.0259  memory: 9064  loss: 0.8488  decode.loss_ohem: 0.6483  decode.acc_seg: 94.6017  aux_0.loss_ce: 0.2005  aux_0.acc_seg: 92.3663
2026/07/22 07:36:13 - mmengine - INFO - Iter(train) [158900/160000]  lr: 1.2430e-04  eta: 0:08:52  time: 0.4793  data_time: 0.0260  memory: 9064  loss: 0.8971  decode.loss_ohem: 0.6873  decode.acc_seg: 96.8658  aux_0.loss_ce: 0.2099  aux_0.acc_seg: 95.8167
2026/07/22 07:37:01 - mmengine - INFO - Exp name: dsanet_cityscapes_512x1024_20260721_100709
2026/07/22 07:37:01 - mmengine - INFO - Iter(train) [159000/160000]  lr: 1.1490e-04  eta: 0:08:03  time: 0.4796  data_time: 0.0260  memory: 9064  loss: 0.8840  decode.loss_ohem: 0.6709  decode.acc_seg: 93.9572  aux_0.loss_ce: 0.2131  aux_0.acc_seg: 91.5380
2026/07/22 07:37:49 - mmengine - INFO - Iter(train) [159100/160000]  lr: 1.0541e-04  eta: 0:07:15  time: 0.4795  data_time: 0.0262  memory: 9066  loss: 0.8585  decode.loss_ohem: 0.6476  decode.acc_seg: 93.1116  aux_0.loss_ce: 0.2109  aux_0.acc_seg: 87.7288
2026/07/22 07:38:37 - mmengine - INFO - Iter(train) [159200/160000]  lr: 9.5814e-05  eta: 0:06:27  time: 0.4795  data_time: 0.0262  memory: 9064  loss: 0.8680  decode.loss_ohem: 0.6713  decode.acc_seg: 94.5514  aux_0.loss_ce: 0.1967  aux_0.acc_seg: 92.7727
2026/07/22 07:39:25 - mmengine - INFO - Iter(train) [159300/160000]  lr: 8.6097e-05  eta: 0:05:38  time: 0.4799  data_time: 0.0263  memory: 9063  loss: 0.9129  decode.loss_ohem: 0.6827  decode.acc_seg: 93.5850  aux_0.loss_ce: 0.2302  aux_0.acc_seg: 89.9286
2026/07/22 07:40:13 - mmengine - INFO - Iter(train) [159400/160000]  lr: 7.6239e-05  eta: 0:04:50  time: 0.4791  data_time: 0.0263  memory: 9064  loss: 0.9076  decode.loss_ohem: 0.6886  decode.acc_seg: 95.2770  aux_0.loss_ce: 0.2191  aux_0.acc_seg: 92.0508
2026/07/22 07:41:01 - mmengine - INFO - Iter(train) [159500/160000]  lr: 6.6215e-05  eta: 0:04:01  time: 0.4798  data_time: 0.0262  memory: 9066  loss: 0.9061  decode.loss_ohem: 0.6890  decode.acc_seg: 92.7105  aux_0.loss_ce: 0.2171  aux_0.acc_seg: 90.7055
2026/07/22 07:41:49 - mmengine - INFO - Iter(train) [159600/160000]  lr: 5.5987e-05  eta: 0:03:13  time: 0.4804  data_time: 0.0266  memory: 9065  loss: 0.8530  decode.loss_ohem: 0.6483  decode.acc_seg: 94.9930  aux_0.loss_ce: 0.2047  aux_0.acc_seg: 92.9001
2026/07/22 07:42:37 - mmengine - INFO - Iter(train) [159700/160000]  lr: 4.5497e-05  eta: 0:02:25  time: 0.4797  data_time: 0.0262  memory: 9064  loss: 0.8595  decode.loss_ohem: 0.6498  decode.acc_seg: 93.4593  aux_0.loss_ce: 0.2097  aux_0.acc_seg: 89.0321
2026/07/22 07:43:25 - mmengine - INFO - Iter(train) [159800/160000]  lr: 3.4644e-05  eta: 0:01:36  time: 0.4797  data_time: 0.0263  memory: 9064  loss: 0.9051  decode.loss_ohem: 0.6789  decode.acc_seg: 94.7424  aux_0.loss_ce: 0.2262  aux_0.acc_seg: 92.8156
2026/07/22 07:44:13 - mmengine - INFO - Iter(train) [159900/160000]  lr: 2.3206e-05  eta: 0:00:48  time: 0.4793  data_time: 0.0263  memory: 9064  loss: 0.9274  decode.loss_ohem: 0.6988  decode.acc_seg: 93.4984  aux_0.loss_ce: 0.2286  aux_0.acc_seg: 88.0347
2026/07/22 07:45:01 - mmengine - INFO - Exp name: dsanet_cityscapes_512x1024_20260721_100709
2026/07/22 07:45:01 - mmengine - INFO - Iter(train) [160000/160000]  lr: 1.0000e-05  eta: 0:00:00  time: 0.4793  data_time: 0.0259  memory: 9064  loss: 0.9188  decode.loss_ohem: 0.7070  decode.acc_seg: 94.7389  aux_0.loss_ce: 0.2117  aux_0.acc_seg: 92.9561
2026/07/22 07:45:01 - mmengine - INFO - Saving checkpoint at 160000 iterations
2026/07/22 07:45:07 - mmengine - INFO - Iter(val) [100/250]    eta: 0:00:08  time: 0.0530  data_time: 0.0084  memory: 801  
2026/07/22 07:45:13 - mmengine - INFO - Iter(val) [200/250]    eta: 0:00:02  time: 0.0533  data_time: 0.0085  memory: 801  
2026/07/22 07:45:15 - mmengine - INFO - per class results:
2026/07/22 07:45:15 - mmengine - INFO - 
+---------------+-------+-------+
|     Class     |  IoU  |  Acc  |
+---------------+-------+-------+
|      road     | 97.85 | 98.53 |
|    sidewalk   |  83.2 | 92.49 |
|    building   | 91.38 | 95.85 |
|      wall     | 57.87 | 66.55 |
|     fence     | 56.73 | 67.09 |
|      pole     | 61.29 | 72.65 |
| traffic light | 61.24 | 76.11 |
|  traffic sign | 73.03 | 80.85 |
|   vegetation  | 91.61 | 96.42 |
|    terrain    | 61.83 | 71.52 |
|      sky      |  93.8 | 97.62 |
|     person    | 77.21 | 90.88 |
|     rider     | 55.15 | 66.04 |
|      car      | 93.76 | 97.04 |
|     truck     | 67.19 | 76.29 |
|      bus      | 76.62 |  86.8 |
|     train     | 68.66 | 88.04 |
|   motorcycle  | 56.41 | 70.53 |
|    bicycle    | 72.62 | 86.13 |
+---------------+-------+-------+
2026/07/22 07:45:15 - mmengine - INFO - Iter(val) [250/250]    aAcc: 95.4600  mIoU: 73.5500  mAcc: 83.0200  data_time: 0.0097  time: 0.0544
2026/07/22 07:45:15 - mmengine - INFO - The previous best checkpoint /root/autodl-tmp/DSANet-main/tools/work_dirs/dsanet_cityscapes_512x1024/best_mIoU_iter_155000.pth is removed
2026/07/22 07:45:16 - mmengine - INFO - The best checkpoint with 73.5500 mIoU at 160000 iter is saved to best_mIoU_iter_160000.pth.
