2026/07/26 10:52:57 - mmengine - INFO - 
------------------------------------------------------------
System environment:
    sys.platform: linux
    Python: 3.8.10 (default, Jun  4 2021, 15:09:15) [GCC 7.5.0]
    CUDA available: True
    MUSA available: False
    numpy_random_seed: 1080576092
    GPU 0: NVIDIA GeForce RTX 3090
    CUDA_HOME: /usr/local/cuda
    NVCC: Cuda compilation tools, release 11.8, V11.8.89
    GCC: gcc (Ubuntu 9.4.0-1ubuntu1~20.04.1) 9.4.0
    PyTorch: 2.0.0+cu118
    PyTorch compiling details: PyTorch built with:
  - GCC 9.3
  - C++ Version: 201703
  - Intel(R) oneAPI Math Kernel Library Version 2022.2-Product Build 20220804 for Intel(R) 64 architecture applications
  - Intel(R) MKL-DNN v2.7.3 (Git Hash 6dbeffbae1f23cbbeae17adb7b5b13f1f37c080e)
  - OpenMP 201511 (a.k.a. OpenMP 4.5)
  - LAPACK is enabled (usually provided by MKL)
  - NNPACK is enabled
  - CPU capability usage: AVX2
  - CUDA Runtime 11.8
  - NVCC architecture flags: -gencode;arch=compute_37,code=sm_37;-gencode;arch=compute_50,code=sm_50;-gencode;arch=compute_60,code=sm_60;-gencode;arch=compute_70,code=sm_70;-gencode;arch=compute_75,code=sm_75;-gencode;arch=compute_80,code=sm_80;-gencode;arch=compute_86,code=sm_86;-gencode;arch=compute_90,code=sm_90
  - CuDNN 8.7
  - Magma 2.6.1
  - Build settings: BLAS_INFO=mkl, BUILD_TYPE=Release, CUDA_VERSION=11.8, CUDNN_VERSION=8.7.0, CXX_COMPILER=/opt/rh/devtoolset-9/root/usr/bin/c++, CXX_FLAGS= -D_GLIBCXX_USE_CXX11_ABI=0 -fabi-version=11 -Wno-deprecated -fvisibility-inlines-hidden -DUSE_PTHREADPOOL -DNDEBUG -DUSE_KINETO -DLIBKINETO_NOROCTRACER -DUSE_FBGEMM -DUSE_QNNPACK -DUSE_PYTORCH_QNNPACK -DUSE_XNNPACK -DSYMBOLICATE_MOBILE_DEBUG_HANDLE -O2 -fPIC -Wall -Wextra -Werror=return-type -Werror=non-virtual-dtor -Werror=bool-operation -Wnarrowing -Wno-missing-field-initializers -Wno-type-limits -Wno-array-bounds -Wno-unknown-pragmas -Wunused-local-typedefs -Wno-unused-parameter -Wno-unused-function -Wno-unused-result -Wno-strict-overflow -Wno-strict-aliasing -Wno-error=deprecated-declarations -Wno-stringop-overflow -Wno-psabi -Wno-error=pedantic -Wno-error=redundant-decls -Wno-error=old-style-cast -fdiagnostics-color=always -faligned-new -Wno-unused-but-set-variable -Wno-maybe-uninitialized -fno-math-errno -fno-trapping-math -Werror=format -Werror=cast-function-type -Wno-stringop-overflow, LAPACK_INFO=mkl, PERF_WITH_AVX=1, PERF_WITH_AVX2=1, PERF_WITH_AVX512=1, TORCH_DISABLE_GPU_ASSERTS=ON, TORCH_VERSION=2.0.0, USE_CUDA=ON, USE_CUDNN=ON, USE_EXCEPTION_PTR=1, USE_GFLAGS=OFF, USE_GLOG=OFF, USE_MKL=ON, USE_MKLDNN=ON, USE_MPI=OFF, USE_NCCL=1, USE_NNPACK=ON, USE_OPENMP=ON, USE_ROCM=OFF, 

    TorchVision: 0.15.1+cu118
    OpenCV: 4.13.0
    MMEngine: 0.10.7

Runtime environment:
    cudnn_benchmark: True
    mp_cfg: {'mp_start_method': 'fork', 'opencv_num_threads': 0}
    dist_cfg: {'backend': 'nccl'}
    seed: 1080576092
    Distributed launcher: none
    Distributed training: False
    GPU number: 1
------------------------------------------------------------

2026/07/26 10:52:57 - mmengine - INFO - Config:
act_cfg = dict(type='GELU')
class_weight = [
    0.8373,
    0.918,
    0.866,
    1.0345,
    1.0166,
    0.9969,
    0.9754,
    1.0489,
    0.8786,
    1.0023,
    0.9539,
    0.9843,
    1.1116,
    0.9037,
    1.0865,
    1.0955,
    1.0865,
    1.1529,
    1.0507,
]
crop_size = (
    512,
    1024,
)
data_preprocessor = dict(
    bgr_to_rgb=True,
    mean=[
        123.675,
        116.28,
        103.53,
    ],
    pad_val=0,
    seg_pad_val=255,
    size=(
        512,
        1024,
    ),
    std=[
        58.395,
        57.12,
        57.375,
    ],
    type='SegDataPreProcessor')
data_root = '/root/autodl-tmp/cityscapes'
dataset_type = 'CityscapesDataset'
default_hooks = dict(
    checkpoint=dict(
        by_epoch=False,
        file_client_args=None,
        interval=5000,
        max_keep_ckpts=1,
        save_best='mIoU',
        save_optimizer=False,
        type='CheckpointHook'),
    logger=dict(interval=100, log_metric_by_epoch=False, type='LoggerHook'),
    param_scheduler=dict(type='ParamSchedulerHook'),
    sampler_seed=dict(type='DistSamplerSeedHook'),
    timer=dict(type='IterTimerHook'),
    visualization=dict(type='SegVisualizationHook'))
default_scope = 'mmseg'
env_cfg = dict(
    cudnn_benchmark=True,
    dist_cfg=dict(backend='nccl'),
    mp_cfg=dict(mp_start_method='fork', opencv_num_threads=0))
img_ratios = [
    0.5,
    0.75,
    1.0,
    1.25,
    1.5,
    1.75,
]
iters = 160000
launcher = 'none'
load_from = None
log_level = 'INFO'
log_processor = dict(by_epoch=False)
model = dict(
    auxiliary_head=[
        dict(
            align_corners=False,
            channels=32,
            concat_input=False,
            in_channels=64,
            in_index=0,
            loss_decode=dict(
                loss_weight=1.0, type='CrossEntropyLoss', use_sigmoid=False),
            norm_cfg=dict(requires_grad=True, type='BN'),
            num_classes=19,
            num_convs=1,
            sampler=dict(min_kept=10000, thresh=0.7, type='OHEMPixelSampler'),
            type='FCNHead'),
    ],
    backbone=dict(
        act_cfg=dict(type='GELU'),
        channels=(
            16,
            32,
            64,
            128,
        ),
        in_channels=3,
        init_cfg=None,
        norm_cfg=dict(requires_grad=True, type='BN'),
        type='DSANet'),
    data_preprocessor=dict(
        bgr_to_rgb=True,
        mean=[
            123.675,
            116.28,
            103.53,
        ],
        pad_val=0,
        seg_pad_val=255,
        size=(
            512,
            1024,
        ),
        std=[
            58.395,
            57.12,
            57.375,
        ],
        type='SegDataPreProcessor'),
    decode_head=dict(
        act_cfg=dict(type='GELU'),
        channels=32,
        in_channels=32,
        in_index=1,
        init_cfg=None,
        loss_decode=[
            dict(
                class_weight=[
                    0.8373,
                    0.918,
                    0.866,
                    1.0345,
                    1.0166,
                    0.9969,
                    0.9754,
                    1.0489,
                    0.8786,
                    1.0023,
                    0.9539,
                    0.9843,
                    1.1116,
                    0.9037,
                    1.0865,
                    1.0955,
                    1.0865,
                    1.1529,
                    1.0507,
                ],
                loss_weight=1.0,
                min_kept=131072,
                thres=0.9,
                type='OhemCrossEntropy'),
        ],
        loss_detail_weight=1.0,
        norm_cfg=dict(requires_grad=True, type='BN'),
        num_classes=19,
        type='OHEM_HEAD'),
    pretrained=None,
    test_cfg=dict(mode='whole'),
    train_cfg=dict(),
    type='EncoderDecoder')
norm_cfg = dict(requires_grad=True, type='BN')
num_classes = 19
optim_wrapper = dict(
    clip_grad=None,
    optimizer=dict(lr=0.08, momentum=0.9, type='SGD', weight_decay=0.0001),
    type='OptimWrapper')
optimizer = dict(lr=0.08, momentum=0.9, type='SGD', weight_decay=0.0001)
param_scheduler = [
    dict(
        begin=0,
        by_epoch=False,
        end=2000,
        end_factor=1.0,
        start_factor=0.0001,
        type='LinearLR'),
    dict(
        begin=2000,
        by_epoch=False,
        end=160000,
        eta_min=1e-05,
        power=0.9,
        type='PolyLR'),
]
resume = False
test_cfg = dict(type='TestLoop')
test_dataloader = dict(
    batch_size=1,
    dataset=dict(
        data_prefix=dict(
            img_path='leftImg8bit/val', seg_map_path='gtFine/val'),
        data_root='/root/autodl-tmp/cityscapes',
        pipeline=[
            dict(type='LoadImageFromFile'),
            dict(keep_ratio=True, scale=(
                2048,
                1024,
            ), type='Resize'),
            dict(reduce_zero_label=False, type='LoadAnnotations'),
            dict(type='PackSegInputs'),
        ],
        type='CityscapesDataset'),
    num_workers=4,
    persistent_workers=True,
    sampler=dict(shuffle=False, type='DefaultSampler'))
test_evaluator = dict(
    iou_metrics=[
        'mIoU',
    ], type='IoUMetric')
test_pipeline = [
    dict(type='LoadImageFromFile'),
    dict(keep_ratio=True, scale=(
        2048,
        1024,
    ), type='Resize'),
    dict(reduce_zero_label=False, type='LoadAnnotations'),
    dict(type='PackSegInputs'),
]
train_cfg = dict(
    max_iters=160000, type='IterBasedTrainLoop', val_interval=5000)
train_dataloader = dict(
    batch_size=16,
    dataset=dict(
        data_prefix=dict(
            img_path='leftImg8bit/train', seg_map_path='gtFine/train'),
        data_root='/root/autodl-tmp/cityscapes',
        pipeline=[
            dict(type='LoadImageFromFile'),
            dict(reduce_zero_label=False, type='LoadAnnotations'),
            dict(
                keep_ratio=True,
                ratio_range=(
                    0.5,
                    2.0,
                ),
                scale=(
                    2048,
                    1024,
                ),
                type='RandomResize'),
            dict(
                cat_max_ratio=0.75, crop_size=(
                    512,
                    1024,
                ), type='RandomCrop'),
            dict(prob=0.5, type='RandomFlip'),
            dict(type='PhotoMetricDistortion'),
            dict(type='PackSegInputs'),
        ],
        type='CityscapesDataset'),
    num_workers=8,
    persistent_workers=True,
    sampler=dict(shuffle=True, type='InfiniteSampler'))
train_pipeline = [
    dict(type='LoadImageFromFile'),
    dict(reduce_zero_label=False, type='LoadAnnotations'),
    dict(
        keep_ratio=True,
        ratio_range=(
            0.5,
            2.0,
        ),
        scale=(
            2048,
            1024,
        ),
        type='RandomResize'),
    dict(cat_max_ratio=0.75, crop_size=(
        512,
        1024,
    ), type='RandomCrop'),
    dict(prob=0.5, type='RandomFlip'),
    dict(type='PhotoMetricDistortion'),
    dict(type='PackSegInputs'),
]
tta_model = dict(type='SegTTAModel')
tta_pipeline = [
    dict(backend_args=None, type='LoadImageFromFile'),
    dict(
        transforms=[
            [
                dict(keep_ratio=True, scale_factor=0.5, type='Resize'),
                dict(keep_ratio=True, scale_factor=0.75, type='Resize'),
                dict(keep_ratio=True, scale_factor=1.0, type='Resize'),
                dict(keep_ratio=True, scale_factor=1.25, type='Resize'),
                dict(keep_ratio=True, scale_factor=1.5, type='Resize'),
                dict(keep_ratio=True, scale_factor=1.75, type='Resize'),
            ],
            [
                dict(direction='horizontal', prob=0.0, type='RandomFlip'),
                dict(direction='horizontal', prob=1.0, type='RandomFlip'),
            ],
            [
                dict(type='LoadAnnotations'),
            ],
            [
                dict(type='PackSegInputs'),
            ],
        ],
        type='TestTimeAug'),
]
val_cfg = dict(type='ValLoop')
val_dataloader = dict(
    batch_size=2,
    dataset=dict(
        data_prefix=dict(
            img_path='leftImg8bit/val', seg_map_path='gtFine/val'),
        data_root='/root/autodl-tmp/cityscapes',
        pipeline=[
            dict(type='LoadImageFromFile'),
            dict(keep_ratio=True, scale=(
                2048,
                1024,
            ), type='Resize'),
            dict(reduce_zero_label=False, type='LoadAnnotations'),
            dict(type='PackSegInputs'),
        ],
        type='CityscapesDataset'),
    num_workers=4,
    persistent_workers=True,
    sampler=dict(shuffle=False, type='DefaultSampler'))
val_evaluator = dict(
    iou_metrics=[
        'mIoU',
    ], type='IoUMetric')
val_iters = 5000
val_pipeline = [
    dict(type='LoadImageFromFile'),
    dict(keep_ratio=True, scale=(
        2048,
        1024,
    ), type='Resize'),
    dict(reduce_zero_label=False, type='LoadAnnotations'),
    dict(type='PackSegInputs'),
]
vis_backends = [
    dict(type='LocalVisBackend'),
]
visualizer = dict(
    name='visualizer',
    type='SegLocalVisualizer',
    vis_backends=[
        dict(type='LocalVisBackend'),
    ])
warmup_iters = 2000
work_dir = './work_dirs/dsanet_cityscapes_512x1024'

2026/07/26 10:52:58 - mmengine - INFO - Distributed training is not used, all SyncBatchNorm (SyncBN) layers in the model will be automatically reverted to BatchNormXd layers if they are used.
2026/07/26 10:52:58 - mmengine - INFO - Hooks will be executed in the following order:
before_run:
(VERY_HIGH   ) RuntimeInfoHook                    
(BELOW_NORMAL) LoggerHook                         
 -------------------- 
before_train:
(VERY_HIGH   ) RuntimeInfoHook                    
(NORMAL      ) IterTimerHook                      
(VERY_LOW    ) CheckpointHook                     
 -------------------- 
before_train_epoch:
(VERY_HIGH   ) RuntimeInfoHook                    
(NORMAL      ) IterTimerHook                      
(NORMAL      ) DistSamplerSeedHook                
 -------------------- 
before_train_iter:
(VERY_HIGH   ) RuntimeInfoHook                    
(NORMAL      ) IterTimerHook                      
 -------------------- 
after_train_iter:
(VERY_HIGH   ) RuntimeInfoHook                    
(NORMAL      ) IterTimerHook                      
(BELOW_NORMAL) LoggerHook                         
(LOW         ) ParamSchedulerHook                 
(VERY_LOW    ) CheckpointHook                     
 -------------------- 
after_train_epoch:
(NORMAL      ) IterTimerHook                      
(LOW         ) ParamSchedulerHook                 
(VERY_LOW    ) CheckpointHook                     
 -------------------- 
before_val:
(VERY_HIGH   ) RuntimeInfoHook                    
 -------------------- 
before_val_epoch:
(NORMAL      ) IterTimerHook                      
 -------------------- 
before_val_iter:
(NORMAL      ) IterTimerHook                      
 -------------------- 
after_val_iter:
(NORMAL      ) IterTimerHook                      
(NORMAL      ) SegVisualizationHook               
(BELOW_NORMAL) LoggerHook                         
 -------------------- 
after_val_epoch:
(VERY_HIGH   ) RuntimeInfoHook                    
(NORMAL      ) IterTimerHook                      
(BELOW_NORMAL) LoggerHook                         
(LOW         ) ParamSchedulerHook                 
(VERY_LOW    ) CheckpointHook                     
 -------------------- 
after_val:
(VERY_HIGH   ) RuntimeInfoHook                    
 -------------------- 
after_train:
(VERY_HIGH   ) RuntimeInfoHook                    
(VERY_LOW    ) CheckpointHook                     
 -------------------- 
before_test:
(VERY_HIGH   ) RuntimeInfoHook                    
 -------------------- 
before_test_epoch:
(NORMAL      ) IterTimerHook                      
 -------------------- 
before_test_iter:
(NORMAL      ) IterTimerHook                      
 -------------------- 
after_test_iter:
(NORMAL      ) IterTimerHook                      
(NORMAL      ) SegVisualizationHook               
(BELOW_NORMAL) LoggerHook                         
 -------------------- 
after_test_epoch:
(VERY_HIGH   ) RuntimeInfoHook                    
(NORMAL      ) IterTimerHook                      
(BELOW_NORMAL) LoggerHook                         
 -------------------- 
after_test:
(VERY_HIGH   ) RuntimeInfoHook                    
 -------------------- 
after_run:
(BELOW_NORMAL) LoggerHook                         
 -------------------- 
2026/07/26 10:52:59 - mmengine - WARNING - The prefix is not set in metric class IoUMetric.
Name of parameter - Initialization information

backbone.cnn_stem.0.conv.weight - torch.Size([16, 3, 3, 3]): 
Initialized by user-defined `init_weights` in DSANet  

backbone.cnn_stem.0.bn.weight - torch.Size([16]): 
The value is the same before and after calling `init_weights` of EncoderDecoder  

backbone.cnn_stem.0.bn.bias - torch.Size([16]): 
The value is the same before and after calling `init_weights` of EncoderDecoder  

backbone.cnn_stem.1.conv.weight - torch.Size([16, 16, 1, 1]): 
Initialized by user-defined `init_weights` in DSANet  

backbone.cnn_stem.1.bn.weight - torch.Size([16]): 
The value is the same before and after calling `init_weights` of EncoderDecoder  

backbone.cnn_stem.1.bn.bias - torch.Size([16]): 
The value is the same before and after calling `init_weights` of EncoderDecoder  

backbone.cnn_stem.2.conv.weight - torch.Size([16, 16, 1, 1]): 
Initialized by user-defined `init_weights` in DSANet  

backbone.cnn_stem.2.bn.weight - torch.Size([16]): 
The value is the same before and after calling `init_weights` of EncoderDecoder  

backbone.cnn_stem.2.bn.bias - torch.Size([16]): 
The value is the same before and after calling `init_weights` of EncoderDecoder  

backbone.downsample_layer.0.conv3x3.conv.weight - torch.Size([16, 16, 3, 3]): 
Initialized by user-defined `init_weights` in DSANet  

backbone.downsample_layer.0.conv3x3out.conv.weight - torch.Size([32, 32, 3, 3]): 
Initialized by user-defined `init_weights` in DSANet  

backbone.downsample_layer.0.conv3x3out.bn.weight - torch.Size([32]): 
The value is the same before and after calling `init_weights` of EncoderDecoder  

backbone.downsample_layer.0.conv3x3out.bn.bias - torch.Size([32]): 
The value is the same before and after calling `init_weights` of EncoderDecoder  

backbone.downsample_layer.1.conv3x3.conv.weight - torch.Size([32, 32, 3, 3]): 
Initialized by user-defined `init_weights` in DSANet  

backbone.downsample_layer.1.conv3x3out.conv.weight - torch.Size([64, 64, 3, 3]): 
Initialized by user-defined `init_weights` in DSANet  

backbone.downsample_layer.1.conv3x3out.bn.weight - torch.Size([64]): 
The value is the same before and after calling `init_weights` of EncoderDecoder  

backbone.downsample_layer.1.conv3x3out.bn.bias - torch.Size([64]): 
The value is the same before and after calling `init_weights` of EncoderDecoder  

backbone.downsample_layer.2.conv3x3.conv.weight - torch.Size([64, 64, 3, 3]): 
Initialized by user-defined `init_weights` in DSANet  

backbone.downsample_layer.2.conv3x3out.conv.weight - torch.Size([128, 128, 3, 3]): 
Initialized by user-defined `init_weights` in DSANet  

backbone.downsample_layer.2.conv3x3out.bn.weight - torch.Size([128]): 
The value is the same before and after calling `init_weights` of EncoderDecoder  

backbone.downsample_layer.2.conv3x3out.bn.bias - torch.Size([128]): 
The value is the same before and after calling `init_weights` of EncoderDecoder  

backbone.LACB_layers1.0.aggregate_conv.conv.weight - torch.Size([32, 1, 3, 3]): 
Initialized by user-defined `init_weights` in DSANet  

backbone.LACB_layers1.0.aggregate_conv.bn.weight - torch.Size([32]): 
The value is the same before and after calling `init_weights` of EncoderDecoder  

backbone.LACB_layers1.0.aggregate_conv.bn.bias - torch.Size([32]): 
The value is the same before and after calling `init_weights` of EncoderDecoder  

backbone.LACB_layers1.0.conv3x3.conv.weight - torch.Size([32, 16, 3, 3]): 
Initialized by user-defined `init_weights` in DSANet  

backbone.LACB_layers1.0.conv3x3.bn.weight - torch.Size([32]): 
The value is the same before and after calling `init_weights` of EncoderDecoder  

backbone.LACB_layers1.0.conv3x3.bn.bias - torch.Size([32]): 
The value is the same before and after calling `init_weights` of EncoderDecoder  

backbone.LACB_layers1.0.pwconv.conv.weight - torch.Size([32, 32, 1, 1]): 
Initialized by user-defined `init_weights` in DSANet  

backbone.LACB_layers1.0.pwconv.bn.weight - torch.Size([32]): 
The value is the same before and after calling `init_weights` of EncoderDecoder  

backbone.LACB_layers1.0.pwconv.bn.bias - torch.Size([32]): 
The value is the same before and after calling `init_weights` of EncoderDecoder  

backbone.LACB_layers1.1.aggregate_conv.conv.weight - torch.Size([32, 1, 5, 5]): 
Initialized by user-defined `init_weights` in DSANet  

backbone.LACB_layers1.1.aggregate_conv.bn.weight - torch.Size([32]): 
The value is the same before and after calling `init_weights` of EncoderDecoder  

backbone.LACB_layers1.1.aggregate_conv.bn.bias - torch.Size([32]): 
The value is the same before and after calling `init_weights` of EncoderDecoder  

backbone.LACB_layers1.1.conv3x3.conv.weight - torch.Size([32, 16, 3, 3]): 
Initialized by user-defined `init_weights` in DSANet  

backbone.LACB_layers1.1.conv3x3.bn.weight - torch.Size([32]): 
The value is the same before and after calling `init_weights` of EncoderDecoder  

backbone.LACB_layers1.1.conv3x3.bn.bias - torch.Size([32]): 
The value is the same before and after calling `init_weights` of EncoderDecoder  

backbone.LACB_layers1.1.pwconv.conv.weight - torch.Size([32, 32, 1, 1]): 
Initialized by user-defined `init_weights` in DSANet  

backbone.LACB_layers1.1.pwconv.bn.weight - torch.Size([32]): 
The value is the same before and after calling `init_weights` of EncoderDecoder  

backbone.LACB_layers1.1.pwconv.bn.bias - torch.Size([32]): 
The value is the same before and after calling `init_weights` of EncoderDecoder  

backbone.LACB_layers1.2.aggregate_conv.conv.weight - torch.Size([32, 1, 7, 7]): 
Initialized by user-defined `init_weights` in DSANet  

backbone.LACB_layers1.2.aggregate_conv.bn.weight - torch.Size([32]): 
The value is the same before and after calling `init_weights` of EncoderDecoder  

backbone.LACB_layers1.2.aggregate_conv.bn.bias - torch.Size([32]): 
The value is the same before and after calling `init_weights` of EncoderDecoder  

backbone.LACB_layers1.2.conv3x3.conv.weight - torch.Size([32, 16, 3, 3]): 
Initialized by user-defined `init_weights` in DSANet  

backbone.LACB_layers1.2.conv3x3.bn.weight - torch.Size([32]): 
The value is the same before and after calling `init_weights` of EncoderDecoder  

backbone.LACB_layers1.2.conv3x3.bn.bias - torch.Size([32]): 
The value is the same before and after calling `init_weights` of EncoderDecoder  

backbone.LACB_layers1.2.pwconv.conv.weight - torch.Size([32, 32, 1, 1]): 
Initialized by user-defined `init_weights` in DSANet  

backbone.LACB_layers1.2.pwconv.bn.weight - torch.Size([32]): 
The value is the same before and after calling `init_weights` of EncoderDecoder  

backbone.LACB_layers1.2.pwconv.bn.bias - torch.Size([32]): 
The value is the same before and after calling `init_weights` of EncoderDecoder  

backbone.LACB_layers2.0.aggregate_conv.conv.weight - torch.Size([64, 1, 3, 3]): 
Initialized by user-defined `init_weights` in DSANet  

backbone.LACB_layers2.0.aggregate_conv.bn.weight - torch.Size([64]): 
The value is the same before and after calling `init_weights` of EncoderDecoder  

backbone.LACB_layers2.0.aggregate_conv.bn.bias - torch.Size([64]): 
The value is the same before and after calling `init_weights` of EncoderDecoder  

backbone.LACB_layers2.0.conv3x3.conv.weight - torch.Size([64, 32, 3, 3]): 
Initialized by user-defined `init_weights` in DSANet  

backbone.LACB_layers2.0.conv3x3.bn.weight - torch.Size([64]): 
The value is the same before and after calling `init_weights` of EncoderDecoder  

backbone.LACB_layers2.0.conv3x3.bn.bias - torch.Size([64]): 
The value is the same before and after calling `init_weights` of EncoderDecoder  

backbone.LACB_layers2.0.pwconv.conv.weight - torch.Size([64, 64, 1, 1]): 
Initialized by user-defined `init_weights` in DSANet  

backbone.LACB_layers2.0.pwconv.bn.weight - torch.Size([64]): 
The value is the same before and after calling `init_weights` of EncoderDecoder  

backbone.LACB_layers2.0.pwconv.bn.bias - torch.Size([64]): 
The value is the same before and after calling `init_weights` of EncoderDecoder  

backbone.LACB_layers2.1.aggregate_conv.conv.weight - torch.Size([64, 1, 5, 5]): 
Initialized by user-defined `init_weights` in DSANet  

backbone.LACB_layers2.1.aggregate_conv.bn.weight - torch.Size([64]): 
The value is the same before and after calling `init_weights` of EncoderDecoder  

backbone.LACB_layers2.1.aggregate_conv.bn.bias - torch.Size([64]): 
The value is the same before and after calling `init_weights` of EncoderDecoder  

backbone.LACB_layers2.1.conv3x3.conv.weight - torch.Size([64, 32, 3, 3]): 
Initialized by user-defined `init_weights` in DSANet  

backbone.LACB_layers2.1.conv3x3.bn.weight - torch.Size([64]): 
The value is the same before and after calling `init_weights` of EncoderDecoder  

backbone.LACB_layers2.1.conv3x3.bn.bias - torch.Size([64]): 
The value is the same before and after calling `init_weights` of EncoderDecoder  

backbone.LACB_layers2.1.pwconv.conv.weight - torch.Size([64, 64, 1, 1]): 
Initialized by user-defined `init_weights` in DSANet  

backbone.LACB_layers2.1.pwconv.bn.weight - torch.Size([64]): 
The value is the same before and after calling `init_weights` of EncoderDecoder  

backbone.LACB_layers2.1.pwconv.bn.bias - torch.Size([64]): 
The value is the same before and after calling `init_weights` of EncoderDecoder  

backbone.LACB_layers2.2.aggregate_conv.conv.weight - torch.Size([64, 1, 7, 7]): 
Initialized by user-defined `init_weights` in DSANet  

backbone.LACB_layers2.2.aggregate_conv.bn.weight - torch.Size([64]): 
The value is the same before and after calling `init_weights` of EncoderDecoder  

backbone.LACB_layers2.2.aggregate_conv.bn.bias - torch.Size([64]): 
The value is the same before and after calling `init_weights` of EncoderDecoder  

backbone.LACB_layers2.2.conv3x3.conv.weight - torch.Size([64, 32, 3, 3]): 
Initialized by user-defined `init_weights` in DSANet  

backbone.LACB_layers2.2.conv3x3.bn.weight - torch.Size([64]): 
The value is the same before and after calling `init_weights` of EncoderDecoder  

backbone.LACB_layers2.2.conv3x3.bn.bias - torch.Size([64]): 
The value is the same before and after calling `init_weights` of EncoderDecoder  

backbone.LACB_layers2.2.pwconv.conv.weight - torch.Size([64, 64, 1, 1]): 
Initialized by user-defined `init_weights` in DSANet  

backbone.LACB_layers2.2.pwconv.bn.weight - torch.Size([64]): 
The value is the same before and after calling `init_weights` of EncoderDecoder  

backbone.LACB_layers2.2.pwconv.bn.bias - torch.Size([64]): 
The value is the same before and after calling `init_weights` of EncoderDecoder  

backbone.LACB_layers2.3.aggregate_conv.conv.weight - torch.Size([64, 1, 9, 9]): 
Initialized by user-defined `init_weights` in DSANet  

backbone.LACB_layers2.3.aggregate_conv.bn.weight - torch.Size([64]): 
The value is the same before and after calling `init_weights` of EncoderDecoder  

backbone.LACB_layers2.3.aggregate_conv.bn.bias - torch.Size([64]): 
The value is the same before and after calling `init_weights` of EncoderDecoder  

backbone.LACB_layers2.3.conv3x3.conv.weight - torch.Size([64, 32, 3, 3]): 
Initialized by user-defined `init_weights` in DSANet  

backbone.LACB_layers2.3.conv3x3.bn.weight - torch.Size([64]): 
The value is the same before and after calling `init_weights` of EncoderDecoder  

backbone.LACB_layers2.3.conv3x3.bn.bias - torch.Size([64]): 
The value is the same before and after calling `init_weights` of EncoderDecoder  

backbone.LACB_layers2.3.pwconv.conv.weight - torch.Size([64, 64, 1, 1]): 
Initialized by user-defined `init_weights` in DSANet  

backbone.LACB_layers2.3.pwconv.bn.weight - torch.Size([64]): 
The value is the same before and after calling `init_weights` of EncoderDecoder  

backbone.LACB_layers2.3.pwconv.bn.bias - torch.Size([64]): 
The value is the same before and after calling `init_weights` of EncoderDecoder  

backbone.LACB_layers2.4.aggregate_conv.conv.weight - torch.Size([64, 1, 11, 11]): 
Initialized by user-defined `init_weights` in DSANet  

backbone.LACB_layers2.4.aggregate_conv.bn.weight - torch.Size([64]): 
The value is the same before and after calling `init_weights` of EncoderDecoder  

backbone.LACB_layers2.4.aggregate_conv.bn.bias - torch.Size([64]): 
The value is the same before and after calling `init_weights` of EncoderDecoder  

backbone.LACB_layers2.4.conv3x3.conv.weight - torch.Size([64, 32, 3, 3]): 
Initialized by user-defined `init_weights` in DSANet  

backbone.LACB_layers2.4.conv3x3.bn.weight - torch.Size([64]): 
The value is the same before and after calling `init_weights` of EncoderDecoder  

backbone.LACB_layers2.4.conv3x3.bn.bias - torch.Size([64]): 
The value is the same before and after calling `init_weights` of EncoderDecoder  

backbone.LACB_layers2.4.pwconv.conv.weight - torch.Size([64, 64, 1, 1]): 
Initialized by user-defined `init_weights` in DSANet  

backbone.LACB_layers2.4.pwconv.bn.weight - torch.Size([64]): 
The value is the same before and after calling `init_weights` of EncoderDecoder  

backbone.LACB_layers2.4.pwconv.bn.bias - torch.Size([64]): 
The value is the same before and after calling `init_weights` of EncoderDecoder  

backbone.LACB_layers3.0.aggregate_conv.conv.weight - torch.Size([128, 1, 3, 3]): 
Initialized by user-defined `init_weights` in DSANet  

backbone.LACB_layers3.0.aggregate_conv.bn.weight - torch.Size([128]): 
The value is the same before and after calling `init_weights` of EncoderDecoder  

backbone.LACB_layers3.0.aggregate_conv.bn.bias - torch.Size([128]): 
The value is the same before and after calling `init_weights` of EncoderDecoder  

backbone.LACB_layers3.0.conv3x3.conv.weight - torch.Size([128, 64, 3, 3]): 
Initialized by user-defined `init_weights` in DSANet  

backbone.LACB_layers3.0.conv3x3.bn.weight - torch.Size([128]): 
The value is the same before and after calling `init_weights` of EncoderDecoder  

backbone.LACB_layers3.0.conv3x3.bn.bias - torch.Size([128]): 
The value is the same before and after calling `init_weights` of EncoderDecoder  

backbone.LACB_layers3.0.pwconv.conv.weight - torch.Size([128, 128, 1, 1]): 
Initialized by user-defined `init_weights` in DSANet  

backbone.LACB_layers3.0.pwconv.bn.weight - torch.Size([128]): 
The value is the same before and after calling `init_weights` of EncoderDecoder  

backbone.LACB_layers3.0.pwconv.bn.bias - torch.Size([128]): 
The value is the same before and after calling `init_weights` of EncoderDecoder  

backbone.LACB_layers3.1.aggregate_conv.conv.weight - torch.Size([128, 1, 5, 5]): 
Initialized by user-defined `init_weights` in DSANet  

backbone.LACB_layers3.1.aggregate_conv.bn.weight - torch.Size([128]): 
The value is the same before and after calling `init_weights` of EncoderDecoder  

backbone.LACB_layers3.1.aggregate_conv.bn.bias - torch.Size([128]): 
The value is the same before and after calling `init_weights` of EncoderDecoder  

backbone.LACB_layers3.1.conv3x3.conv.weight - torch.Size([128, 64, 3, 3]): 
Initialized by user-defined `init_weights` in DSANet  

backbone.LACB_layers3.1.conv3x3.bn.weight - torch.Size([128]): 
The value is the same before and after calling `init_weights` of EncoderDecoder  

backbone.LACB_layers3.1.conv3x3.bn.bias - torch.Size([128]): 
The value is the same before and after calling `init_weights` of EncoderDecoder  

backbone.LACB_layers3.1.pwconv.conv.weight - torch.Size([128, 128, 1, 1]): 
Initialized by user-defined `init_weights` in DSANet  

backbone.LACB_layers3.1.pwconv.bn.weight - torch.Size([128]): 
The value is the same before and after calling `init_weights` of EncoderDecoder  

backbone.LACB_layers3.1.pwconv.bn.bias - torch.Size([128]): 
The value is the same before and after calling `init_weights` of EncoderDecoder  

backbone.LACB_layers3.2.aggregate_conv.conv.weight - torch.Size([128, 1, 7, 7]): 
Initialized by user-defined `init_weights` in DSANet  

backbone.LACB_layers3.2.aggregate_conv.bn.weight - torch.Size([128]): 
The value is the same before and after calling `init_weights` of EncoderDecoder  

backbone.LACB_layers3.2.aggregate_conv.bn.bias - torch.Size([128]): 
The value is the same before and after calling `init_weights` of EncoderDecoder  

backbone.LACB_layers3.2.conv3x3.conv.weight - torch.Size([128, 64, 3, 3]): 
Initialized by user-defined `init_weights` in DSANet  

backbone.LACB_layers3.2.conv3x3.bn.weight - torch.Size([128]): 
The value is the same before and after calling `init_weights` of EncoderDecoder  

backbone.LACB_layers3.2.conv3x3.bn.bias - torch.Size([128]): 
The value is the same before and after calling `init_weights` of EncoderDecoder  

backbone.LACB_layers3.2.pwconv.conv.weight - torch.Size([128, 128, 1, 1]): 
Initialized by user-defined `init_weights` in DSANet  

backbone.LACB_layers3.2.pwconv.bn.weight - torch.Size([128]): 
The value is the same before and after calling `init_weights` of EncoderDecoder  

backbone.LACB_layers3.2.pwconv.bn.bias - torch.Size([128]): 
The value is the same before and after calling `init_weights` of EncoderDecoder  

backbone.LACB_layers3.3.aggregate_conv.conv.weight - torch.Size([128, 1, 9, 9]): 
Initialized by user-defined `init_weights` in DSANet  

backbone.LACB_layers3.3.aggregate_conv.bn.weight - torch.Size([128]): 
The value is the same before and after calling `init_weights` of EncoderDecoder  

backbone.LACB_layers3.3.aggregate_conv.bn.bias - torch.Size([128]): 
The value is the same before and after calling `init_weights` of EncoderDecoder  

backbone.LACB_layers3.3.conv3x3.conv.weight - torch.Size([128, 64, 3, 3]): 
Initialized by user-defined `init_weights` in DSANet  

backbone.LACB_layers3.3.conv3x3.bn.weight - torch.Size([128]): 
The value is the same before and after calling `init_weights` of EncoderDecoder  

backbone.LACB_layers3.3.conv3x3.bn.bias - torch.Size([128]): 
The value is the same before and after calling `init_weights` of EncoderDecoder  

backbone.LACB_layers3.3.pwconv.conv.weight - torch.Size([128, 128, 1, 1]): 
Initialized by user-defined `init_weights` in DSANet  

backbone.LACB_layers3.3.pwconv.bn.weight - torch.Size([128]): 
The value is the same before and after calling `init_weights` of EncoderDecoder  

backbone.LACB_layers3.3.pwconv.bn.bias - torch.Size([128]): 
The value is the same before and after calling `init_weights` of EncoderDecoder  

backbone.LACB_layers3.4.aggregate_conv.conv.weight - torch.Size([128, 1, 11, 11]): 
Initialized by user-defined `init_weights` in DSANet  

backbone.LACB_layers3.4.aggregate_conv.bn.weight - torch.Size([128]): 
The value is the same before and after calling `init_weights` of EncoderDecoder  

backbone.LACB_layers3.4.aggregate_conv.bn.bias - torch.Size([128]): 
The value is the same before and after calling `init_weights` of EncoderDecoder  

backbone.LACB_layers3.4.conv3x3.conv.weight - torch.Size([128, 64, 3, 3]): 
Initialized by user-defined `init_weights` in DSANet  

backbone.LACB_layers3.4.conv3x3.bn.weight - torch.Size([128]): 
The value is the same before and after calling `init_weights` of EncoderDecoder  

backbone.LACB_layers3.4.conv3x3.bn.bias - torch.Size([128]): 
The value is the same before and after calling `init_weights` of EncoderDecoder  

backbone.LACB_layers3.4.pwconv.conv.weight - torch.Size([128, 128, 1, 1]): 
Initialized by user-defined `init_weights` in DSANet  

backbone.LACB_layers3.4.pwconv.bn.weight - torch.Size([128]): 
The value is the same before and after calling `init_weights` of EncoderDecoder  

backbone.LACB_layers3.4.pwconv.bn.bias - torch.Size([128]): 
The value is the same before and after calling `init_weights` of EncoderDecoder  

backbone.LACB_layers3.5.aggregate_conv.conv.weight - torch.Size([128, 1, 13, 13]): 
Initialized by user-defined `init_weights` in DSANet  

backbone.LACB_layers3.5.aggregate_conv.bn.weight - torch.Size([128]): 
The value is the same before and after calling `init_weights` of EncoderDecoder  

backbone.LACB_layers3.5.aggregate_conv.bn.bias - torch.Size([128]): 
The value is the same before and after calling `init_weights` of EncoderDecoder  

backbone.LACB_layers3.5.conv3x3.conv.weight - torch.Size([128, 64, 3, 3]): 
Initialized by user-defined `init_weights` in DSANet  

backbone.LACB_layers3.5.conv3x3.bn.weight - torch.Size([128]): 
The value is the same before and after calling `init_weights` of EncoderDecoder  

backbone.LACB_layers3.5.conv3x3.bn.bias - torch.Size([128]): 
The value is the same before and after calling `init_weights` of EncoderDecoder  

backbone.LACB_layers3.5.pwconv.conv.weight - torch.Size([128, 128, 1, 1]): 
Initialized by user-defined `init_weights` in DSANet  

backbone.LACB_layers3.5.pwconv.bn.weight - torch.Size([128]): 
The value is the same before and after calling `init_weights` of EncoderDecoder  

backbone.LACB_layers3.5.pwconv.bn.bias - torch.Size([128]): 
The value is the same before and after calling `init_weights` of EncoderDecoder  

backbone.LACB_layers3.6.aggregate_conv.conv.weight - torch.Size([128, 1, 15, 15]): 
Initialized by user-defined `init_weights` in DSANet  

backbone.LACB_layers3.6.aggregate_conv.bn.weight - torch.Size([128]): 
The value is the same before and after calling `init_weights` of EncoderDecoder  

backbone.LACB_layers3.6.aggregate_conv.bn.bias - torch.Size([128]): 
The value is the same before and after calling `init_weights` of EncoderDecoder  

backbone.LACB_layers3.6.conv3x3.conv.weight - torch.Size([128, 64, 3, 3]): 
Initialized by user-defined `init_weights` in DSANet  

backbone.LACB_layers3.6.conv3x3.bn.weight - torch.Size([128]): 
The value is the same before and after calling `init_weights` of EncoderDecoder  

backbone.LACB_layers3.6.conv3x3.bn.bias - torch.Size([128]): 
The value is the same before and after calling `init_weights` of EncoderDecoder  

backbone.LACB_layers3.6.pwconv.conv.weight - torch.Size([128, 128, 1, 1]): 
Initialized by user-defined `init_weights` in DSANet  

backbone.LACB_layers3.6.pwconv.bn.weight - torch.Size([128]): 
The value is the same before and after calling `init_weights` of EncoderDecoder  

backbone.LACB_layers3.6.pwconv.bn.bias - torch.Size([128]): 
The value is the same before and after calling `init_weights` of EncoderDecoder  

backbone.DSFA.upconv_1.conv.weight - torch.Size([32, 64, 1, 1]): 
Initialized by user-defined `init_weights` in DSANet  

backbone.DSFA.upconv_1.bn.weight - torch.Size([32]): 
The value is the same before and after calling `init_weights` of EncoderDecoder  

backbone.DSFA.upconv_1.bn.bias - torch.Size([32]): 
The value is the same before and after calling `init_weights` of EncoderDecoder  

backbone.DSFA.upconv_2.conv.weight - torch.Size([32, 128, 1, 1]): 
Initialized by user-defined `init_weights` in DSANet  

backbone.DSFA.upconv_2.bn.weight - torch.Size([32]): 
The value is the same before and after calling `init_weights` of EncoderDecoder  

backbone.DSFA.upconv_2.bn.bias - torch.Size([32]): 
The value is the same before and after calling `init_weights` of EncoderDecoder  

backbone.DSFA.DAM.conv_h.weight - torch.Size([32, 1, 3, 3]): 
Initialized by user-defined `init_weights` in DSANet  

backbone.DSFA.DAM.conv_l.weight - torch.Size([32, 1, 3, 3]): 
Initialized by user-defined `init_weights` in DSANet  

backbone.DSFA.DAM.flow_make_detail.weight - torch.Size([128, 1, 3, 3]): 
Initialized by user-defined `init_weights` in DSANet  

backbone.DSFA.DAM.flow_gate.0.weight - torch.Size([1, 4, 3, 3]): 
Initialized by user-defined `init_weights` in DSANet  

backbone.DSFA.SAM.down_h.weight - torch.Size([32, 32, 1, 1]): 
Initialized by user-defined `init_weights` in DSANet  

backbone.DSFA.SAM.down_l.weight - torch.Size([32, 32, 1, 1]): 
Initialized by user-defined `init_weights` in DSANet  

backbone.DSFA.SAM.flow_make.weight - torch.Size([4, 64, 3, 3]): 
Initialized by user-defined `init_weights` in DSANet  

backbone.DSFA.SAM.flow_gate.0.weight - torch.Size([1, 4, 3, 3]): 
Initialized by user-defined `init_weights` in DSANet  

backbone.DSFA.out_conv.conv.weight - torch.Size([32, 96, 1, 1]): 
Initialized by user-defined `init_weights` in DSANet  

backbone.DSFA.out_conv.bn.weight - torch.Size([32]): 
The value is the same before and after calling `init_weights` of EncoderDecoder  

backbone.DSFA.out_conv.bn.bias - torch.Size([32]): 
The value is the same before and after calling `init_weights` of EncoderDecoder  

decode_head.conv_seg.weight - torch.Size([19, 32, 1, 1]): 
Initialized by user-defined `init_weights` in OHEM_HEAD  

decode_head.conv_seg.bias - torch.Size([19]): 
The value is the same before and after calling `init_weights` of EncoderDecoder  

decode_head.ohemhead.conv.conv.weight - torch.Size([32, 32, 3, 3]): 
Initialized by user-defined `init_weights` in OHEM_HEAD  

decode_head.ohemhead.conv.bn.weight - torch.Size([32]): 
The value is the same before and after calling `init_weights` of EncoderDecoder  

decode_head.ohemhead.conv.bn.bias - torch.Size([32]): 
The value is the same before and after calling `init_weights` of EncoderDecoder  

decode_head.ohemhead.norm.weight - torch.Size([32]): 
The value is the same before and after calling `init_weights` of EncoderDecoder  

decode_head.ohemhead.norm.bias - torch.Size([32]): 
The value is the same before and after calling `init_weights` of EncoderDecoder  

auxiliary_head.0.conv_seg.weight - torch.Size([19, 32, 1, 1]): 
The value is the same before and after calling `init_weights` of EncoderDecoder  

auxiliary_head.0.conv_seg.bias - torch.Size([19]): 
The value is the same before and after calling `init_weights` of EncoderDecoder  

auxiliary_head.0.convs.0.conv.weight - torch.Size([32, 64, 3, 3]): 
The value is the same before and after calling `init_weights` of EncoderDecoder  

auxiliary_head.0.convs.0.bn.weight - torch.Size([32]): 
The value is the same before and after calling `init_weights` of EncoderDecoder  

auxiliary_head.0.convs.0.bn.bias - torch.Size([32]): 
The value is the same before and after calling `init_weights` of EncoderDecoder  
2026/07/26 10:52:59 - mmengine - WARNING - "FileClient" will be deprecated in future. Please use io functions in https://mmengine.readthedocs.io/en/latest/api/fileio.html#file-io
2026/07/26 10:52:59 - mmengine - WARNING - "HardDiskBackend" is the alias of "LocalBackend" and the former will be deprecated in future.
2026/07/26 10:52:59 - mmengine - INFO - Checkpoints will be saved to /root/autodl-tmp/DSANet-main/tools/work_dirs/dsanet_cityscapes_512x1024.
2026/07/26 10:53:40 - mmengine - INFO - Iter(train) [   100/160000]  lr: 3.9696e-03  eta: 18:04:15  time: 0.3644  data_time: 0.0265  memory: 9907  loss: 3.4152  decode.loss_ohem: 1.6762  decode.acc_seg: 52.2387  aux_0.loss_ce: 1.7390  aux_0.acc_seg: 48.1378
2026/07/26 10:54:12 - mmengine - INFO - Exp name: dsanet_cityscapes_512x1024_20260726_105256
2026/07/26 10:54:17 - mmengine - INFO - Iter(train) [   200/160000]  lr: 7.9712e-03  eta: 17:18:50  time: 0.3747  data_time: 0.0277  memory: 9907  loss: 2.7849  decode.loss_ohem: 1.4541  decode.acc_seg: 67.5123  aux_0.loss_ce: 1.3308  aux_0.acc_seg: 63.6050
2026/07/26 10:54:54 - mmengine - INFO - Iter(train) [   300/160000]  lr: 1.1973e-02  eta: 17:03:26  time: 0.3731  data_time: 0.0263  memory: 9903  loss: 2.4240  decode.loss_ohem: 1.2755  decode.acc_seg: 69.1702  aux_0.loss_ce: 1.1485  aux_0.acc_seg: 65.7965
2026/07/26 10:55:32 - mmengine - INFO - Iter(train) [   400/160000]  lr: 1.5974e-02  eta: 16:55:31  time: 0.3727  data_time: 0.0256  memory: 9901  loss: 2.3075  decode.loss_ohem: 1.2588  decode.acc_seg: 70.3483  aux_0.loss_ce: 1.0488  aux_0.acc_seg: 68.2899
2026/07/26 10:56:09 - mmengine - INFO - Iter(train) [   500/160000]  lr: 1.9976e-02  eta: 16:49:42  time: 0.3741  data_time: 0.0274  memory: 9901  loss: 2.2039  decode.loss_ohem: 1.1966  decode.acc_seg: 67.4786  aux_0.loss_ce: 1.0073  aux_0.acc_seg: 65.0813
2026/07/26 10:56:46 - mmengine - INFO - Iter(train) [   600/160000]  lr: 2.3978e-02  eta: 16:46:47  time: 0.3705  data_time: 0.0260  memory: 9900  loss: 2.0494  decode.loss_ohem: 1.1448  decode.acc_seg: 76.9433  aux_0.loss_ce: 0.9047  aux_0.acc_seg: 74.0150
2026/07/26 10:57:24 - mmengine - INFO - Iter(train) [   700/160000]  lr: 2.7979e-02  eta: 16:44:06  time: 0.3744  data_time: 0.0268  memory: 9900  loss: 2.0339  decode.loss_ohem: 1.1357  decode.acc_seg: 74.8414  aux_0.loss_ce: 0.8982  aux_0.acc_seg: 72.3182
2026/07/26 10:58:01 - mmengine - INFO - Iter(train) [   800/160000]  lr: 3.1981e-02  eta: 16:42:03  time: 0.3741  data_time: 0.0269  memory: 9899  loss: 1.9593  decode.loss_ohem: 1.1108  decode.acc_seg: 73.4537  aux_0.loss_ce: 0.8485  aux_0.acc_seg: 66.2727
2026/07/26 10:58:39 - mmengine - INFO - Iter(train) [   900/160000]  lr: 3.5982e-02  eta: 16:40:54  time: 0.3741  data_time: 0.0265  memory: 9899  loss: 1.9700  decode.loss_ohem: 1.1473  decode.acc_seg: 71.0841  aux_0.loss_ce: 0.8226  aux_0.acc_seg: 67.7190
2026/07/26 10:59:16 - mmengine - INFO - Exp name: dsanet_cityscapes_512x1024_20260726_105256
2026/07/26 10:59:16 - mmengine - INFO - Iter(train) [  1000/160000]  lr: 3.9984e-02  eta: 16:39:34  time: 0.3734  data_time: 0.0258  memory: 9900  loss: 1.8686  decode.loss_ohem: 1.0601  decode.acc_seg: 76.8339  aux_0.loss_ce: 0.8085  aux_0.acc_seg: 74.1950
2026/07/26 10:59:53 - mmengine - INFO - Iter(train) [  1100/160000]  lr: 4.3986e-02  eta: 16:37:42  time: 0.3737  data_time: 0.0271  memory: 9899  loss: 1.9737  decode.loss_ohem: 1.1742  decode.acc_seg: 72.3867  aux_0.loss_ce: 0.7995  aux_0.acc_seg: 70.8038
2026/07/26 11:00:31 - mmengine - INFO - Iter(train) [  1200/160000]  lr: 4.7987e-02  eta: 16:37:02  time: 0.3762  data_time: 0.0275  memory: 9899  loss: 1.7471  decode.loss_ohem: 0.9997  decode.acc_seg: 76.7842  aux_0.loss_ce: 0.7474  aux_0.acc_seg: 73.1946
2026/07/26 11:01:08 - mmengine - INFO - Iter(train) [  1300/160000]  lr: 5.1989e-02  eta: 16:35:45  time: 0.3803  data_time: 0.0283  memory: 9897  loss: 1.7798  decode.loss_ohem: 1.0273  decode.acc_seg: 82.5550  aux_0.loss_ce: 0.7525  aux_0.acc_seg: 78.1357
2026/07/26 11:01:46 - mmengine - INFO - Iter(train) [  1400/160000]  lr: 5.5990e-02  eta: 16:34:52  time: 0.3734  data_time: 0.0257  memory: 9897  loss: 1.8879  decode.loss_ohem: 1.1090  decode.acc_seg: 78.6664  aux_0.loss_ce: 0.7789  aux_0.acc_seg: 72.4700
2026/07/26 11:02:23 - mmengine - INFO - Iter(train) [  1500/160000]  lr: 5.9992e-02  eta: 16:33:55  time: 0.3765  data_time: 0.0286  memory: 9896  loss: 1.7217  decode.loss_ohem: 1.0339  decode.acc_seg: 81.8398  aux_0.loss_ce: 0.6878  aux_0.acc_seg: 79.4360
2026/07/26 11:03:01 - mmengine - INFO - Iter(train) [  1600/160000]  lr: 6.3994e-02  eta: 16:32:54  time: 0.3733  data_time: 0.0265  memory: 9896  loss: 1.7082  decode.loss_ohem: 1.0255  decode.acc_seg: 76.8682  aux_0.loss_ce: 0.6828  aux_0.acc_seg: 72.5059
2026/07/26 11:03:38 - mmengine - INFO - Iter(train) [  1700/160000]  lr: 6.7995e-02  eta: 16:31:43  time: 0.3754  data_time: 0.0285  memory: 9897  loss: 1.5807  decode.loss_ohem: 0.9348  decode.acc_seg: 83.5649  aux_0.loss_ce: 0.6459  aux_0.acc_seg: 80.5057
2026/07/26 11:04:16 - mmengine - INFO - Iter(train) [  1800/160000]  lr: 7.1997e-02  eta: 16:31:16  time: 0.3739  data_time: 0.0271  memory: 9897  loss: 1.7973  decode.loss_ohem: 1.1121  decode.acc_seg: 82.5035  aux_0.loss_ce: 0.6852  aux_0.acc_seg: 78.9569
2026/07/26 11:04:53 - mmengine - INFO - Iter(train) [  1900/160000]  lr: 7.5998e-02  eta: 16:30:09  time: 0.3751  data_time: 0.0275  memory: 9898  loss: 1.6216  decode.loss_ohem: 1.0010  decode.acc_seg: 79.9581  aux_0.loss_ce: 0.6206  aux_0.acc_seg: 77.5106
2026/07/26 11:05:31 - mmengine - INFO - Exp name: dsanet_cityscapes_512x1024_20260726_105256
2026/07/26 11:05:31 - mmengine - INFO - Iter(train) [  2000/160000]  lr: 8.0000e-02  eta: 16:29:38  time: 0.3725  data_time: 0.0274  memory: 9896  loss: 1.6135  decode.loss_ohem: 0.9933  decode.acc_seg: 78.5747  aux_0.loss_ce: 0.6202  aux_0.acc_seg: 74.7393
2026/07/26 11:06:08 - mmengine - INFO - Iter(train) [  2100/160000]  lr: 7.9955e-02  eta: 16:28:21  time: 0.3695  data_time: 0.0261  memory: 9896  loss: 1.9172  decode.loss_ohem: 1.1144  decode.acc_seg: 66.8138  aux_0.loss_ce: 0.8028  aux_0.acc_seg: 61.2061
2026/07/26 11:06:45 - mmengine - INFO - Iter(train) [  2200/160000]  lr: 7.9909e-02  eta: 16:27:27  time: 0.3761  data_time: 0.0279  memory: 9897  loss: 1.6821  decode.loss_ohem: 1.0455  decode.acc_seg: 77.3469  aux_0.loss_ce: 0.6366  aux_0.acc_seg: 73.1710
2026/07/26 11:07:22 - mmengine - INFO - Iter(train) [  2300/160000]  lr: 7.9864e-02  eta: 16:26:37  time: 0.3729  data_time: 0.0257  memory: 9896  loss: 1.5988  decode.loss_ohem: 0.9410  decode.acc_seg: 82.2965  aux_0.loss_ce: 0.6578  aux_0.acc_seg: 79.9818
2026/07/26 11:08:00 - mmengine - INFO - Iter(train) [  2400/160000]  lr: 7.9818e-02  eta: 16:25:43  time: 0.3729  data_time: 0.0262  memory: 9895  loss: 1.4387  decode.loss_ohem: 0.8721  decode.acc_seg: 84.6944  aux_0.loss_ce: 0.5666  aux_0.acc_seg: 82.3802
2026/07/26 11:08:37 - mmengine - INFO - Iter(train) [  2500/160000]  lr: 7.9773e-02  eta: 16:24:46  time: 0.3721  data_time: 0.0258  memory: 9895  loss: 1.5214  decode.loss_ohem: 0.9178  decode.acc_seg: 81.0626  aux_0.loss_ce: 0.6035  aux_0.acc_seg: 77.9297
2026/07/26 11:09:14 - mmengine - INFO - Iter(train) [  2600/160000]  lr: 7.9727e-02  eta: 16:23:54  time: 0.3729  data_time: 0.0259  memory: 9894  loss: 1.5757  decode.loss_ohem: 0.9470  decode.acc_seg: 84.1579  aux_0.loss_ce: 0.6287  aux_0.acc_seg: 76.0926
2026/07/26 11:09:51 - mmengine - INFO - Iter(train) [  2700/160000]  lr: 7.9681e-02  eta: 16:23:08  time: 0.3725  data_time: 0.0258  memory: 9895  loss: 1.5204  decode.loss_ohem: 0.9518  decode.acc_seg: 82.0808  aux_0.loss_ce: 0.5686  aux_0.acc_seg: 78.2305
2026/07/26 11:10:29 - mmengine - INFO - Iter(train) [  2800/160000]  lr: 7.9636e-02  eta: 16:22:18  time: 0.3716  data_time: 0.0261  memory: 9894  loss: 1.5925  decode.loss_ohem: 1.0113  decode.acc_seg: 84.9730  aux_0.loss_ce: 0.5813  aux_0.acc_seg: 82.4493
2026/07/26 11:11:06 - mmengine - INFO - Iter(train) [  2900/160000]  lr: 7.9590e-02  eta: 16:21:27  time: 0.3740  data_time: 0.0272  memory: 9894  loss: 1.5567  decode.loss_ohem: 0.9721  decode.acc_seg: 82.5024  aux_0.loss_ce: 0.5845  aux_0.acc_seg: 78.1349
2026/07/26 11:11:43 - mmengine - INFO - Exp name: dsanet_cityscapes_512x1024_20260726_105256
2026/07/26 11:11:43 - mmengine - INFO - Iter(train) [  3000/160000]  lr: 7.9545e-02  eta: 16:20:39  time: 0.3719  data_time: 0.0256  memory: 9896  loss: 1.5231  decode.loss_ohem: 0.9531  decode.acc_seg: 78.9810  aux_0.loss_ce: 0.5700  aux_0.acc_seg: 78.5091
2026/07/26 11:12:21 - mmengine - INFO - Iter(train) [  3100/160000]  lr: 7.9499e-02  eta: 16:19:57  time: 0.3748  data_time: 0.0275  memory: 9892  loss: 1.4092  decode.loss_ohem: 0.9037  decode.acc_seg: 88.1342  aux_0.loss_ce: 0.5055  aux_0.acc_seg: 85.6577
2026/07/26 11:12:58 - mmengine - INFO - Iter(train) [  3200/160000]  lr: 7.9453e-02  eta: 16:19:12  time: 0.3724  data_time: 0.0263  memory: 9893  loss: 1.5126  decode.loss_ohem: 0.9700  decode.acc_seg: 78.7069  aux_0.loss_ce: 0.5426  aux_0.acc_seg: 71.6184
2026/07/26 11:13:35 - mmengine - INFO - Iter(train) [  3300/160000]  lr: 7.9408e-02  eta: 16:18:32  time: 0.3730  data_time: 0.0262  memory: 9893  loss: 1.5070  decode.loss_ohem: 0.9411  decode.acc_seg: 87.9365  aux_0.loss_ce: 0.5660  aux_0.acc_seg: 82.8694
2026/07/26 11:14:13 - mmengine - INFO - Iter(train) [  3400/160000]  lr: 7.9362e-02  eta: 16:17:51  time: 0.3738  data_time: 0.0268  memory: 9891  loss: 1.4886  decode.loss_ohem: 0.9166  decode.acc_seg: 81.8029  aux_0.loss_ce: 0.5721  aux_0.acc_seg: 78.6654
2026/07/26 11:14:50 - mmengine - INFO - Iter(train) [  3500/160000]  lr: 7.9317e-02  eta: 16:17:09  time: 0.3720  data_time: 0.0260  memory: 9893  loss: 1.4376  decode.loss_ohem: 0.9241  decode.acc_seg: 85.7495  aux_0.loss_ce: 0.5135  aux_0.acc_seg: 84.1675
2026/07/26 11:15:27 - mmengine - INFO - Iter(train) [  3600/160000]  lr: 7.9271e-02  eta: 16:16:25  time: 0.3747  data_time: 0.0268  memory: 9893  loss: 1.3628  decode.loss_ohem: 0.8162  decode.acc_seg: 83.5805  aux_0.loss_ce: 0.5465  aux_0.acc_seg: 79.2976
2026/07/26 11:16:05 - mmengine - INFO - Iter(train) [  3700/160000]  lr: 7.9225e-02  eta: 16:15:42  time: 0.3722  data_time: 0.0256  memory: 9892  loss: 1.4656  decode.loss_ohem: 0.9309  decode.acc_seg: 86.7961  aux_0.loss_ce: 0.5347  aux_0.acc_seg: 81.5616
2026/07/26 11:16:42 - mmengine - INFO - Iter(train) [  3800/160000]  lr: 7.9180e-02  eta: 16:14:59  time: 0.3755  data_time: 0.0273  memory: 9894  loss: 1.4136  decode.loss_ohem: 0.9031  decode.acc_seg: 86.9257  aux_0.loss_ce: 0.5105  aux_0.acc_seg: 83.7552
2026/07/26 11:17:19 - mmengine - INFO - Iter(train) [  3900/160000]  lr: 7.9134e-02  eta: 16:14:16  time: 0.3731  data_time: 0.0266  memory: 9893  loss: 1.4574  decode.loss_ohem: 0.9355  decode.acc_seg: 79.5211  aux_0.loss_ce: 0.5219  aux_0.acc_seg: 77.6109
2026/07/26 11:17:57 - mmengine - INFO - Exp name: dsanet_cityscapes_512x1024_20260726_105256
2026/07/26 11:17:57 - mmengine - INFO - Iter(train) [  4000/160000]  lr: 7.9089e-02  eta: 16:13:35  time: 0.3733  data_time: 0.0264  memory: 9892  loss: 1.3586  decode.loss_ohem: 0.8653  decode.acc_seg: 78.1234  aux_0.loss_ce: 0.4933  aux_0.acc_seg: 74.2936
2026/07/26 11:18:34 - mmengine - INFO - Iter(train) [  4100/160000]  lr: 7.9043e-02  eta: 16:12:57  time: 0.3724  data_time: 0.0260  memory: 9891  loss: 1.5214  decode.loss_ohem: 0.9543  decode.acc_seg: 82.2602  aux_0.loss_ce: 0.5671  aux_0.acc_seg: 77.6690
2026/07/26 11:19:12 - mmengine - INFO - Iter(train) [  4200/160000]  lr: 7.8997e-02  eta: 16:12:19  time: 0.3745  data_time: 0.0269  memory: 9892  loss: 1.3798  decode.loss_ohem: 0.8740  decode.acc_seg: 86.6655  aux_0.loss_ce: 0.5058  aux_0.acc_seg: 83.6144
2026/07/26 11:19:49 - mmengine - INFO - Iter(train) [  4300/160000]  lr: 7.8952e-02  eta: 16:11:43  time: 0.3740  data_time: 0.0272  memory: 9893  loss: 1.3754  decode.loss_ohem: 0.8763  decode.acc_seg: 89.6363  aux_0.loss_ce: 0.4991  aux_0.acc_seg: 86.8556
2026/07/26 11:20:27 - mmengine - INFO - Iter(train) [  4400/160000]  lr: 7.8906e-02  eta: 16:11:05  time: 0.3762  data_time: 0.0285  memory: 9892  loss: 1.3476  decode.loss_ohem: 0.8531  decode.acc_seg: 84.0131  aux_0.loss_ce: 0.4945  aux_0.acc_seg: 80.4851
2026/07/26 11:21:04 - mmengine - INFO - Iter(train) [  4500/160000]  lr: 7.8860e-02  eta: 16:10:24  time: 0.3731  data_time: 0.0263  memory: 9893  loss: 1.2872  decode.loss_ohem: 0.8102  decode.acc_seg: 87.0860  aux_0.loss_ce: 0.4770  aux_0.acc_seg: 81.2176
2026/07/26 11:21:41 - mmengine - INFO - Iter(train) [  4600/160000]  lr: 7.8815e-02  eta: 16:09:46  time: 0.3740  data_time: 0.0261  memory: 9891  loss: 1.2989  decode.loss_ohem: 0.8208  decode.acc_seg: 87.8549  aux_0.loss_ce: 0.4781  aux_0.acc_seg: 82.0702
2026/07/26 11:22:19 - mmengine - INFO - Iter(train) [  4700/160000]  lr: 7.8769e-02  eta: 16:09:05  time: 0.3725  data_time: 0.0257  memory: 9891  loss: 1.4966  decode.loss_ohem: 0.9811  decode.acc_seg: 87.0258  aux_0.loss_ce: 0.5155  aux_0.acc_seg: 85.1110
2026/07/26 11:22:56 - mmengine - INFO - Iter(train) [  4800/160000]  lr: 7.8724e-02  eta: 16:08:26  time: 0.3729  data_time: 0.0256  memory: 9893  loss: 1.3966  decode.loss_ohem: 0.8585  decode.acc_seg: 81.9145  aux_0.loss_ce: 0.5381  aux_0.acc_seg: 78.0767
2026/07/26 11:23:34 - mmengine - INFO - Iter(train) [  4900/160000]  lr: 7.8678e-02  eta: 16:07:48  time: 0.3748  data_time: 0.0276  memory: 9893  loss: 1.3739  decode.loss_ohem: 0.8785  decode.acc_seg: 80.5966  aux_0.loss_ce: 0.4954  aux_0.acc_seg: 81.0921
2026/07/26 11:24:11 - mmengine - INFO - Exp name: dsanet_cityscapes_512x1024_20260726_105256
2026/07/26 11:24:11 - mmengine - INFO - Iter(train) [  5000/160000]  lr: 7.8632e-02  eta: 16:07:20  time: 0.3753  data_time: 0.0271  memory: 9892  loss: 1.3585  decode.loss_ohem: 0.8651  decode.acc_seg: 88.2608  aux_0.loss_ce: 0.4934  aux_0.acc_seg: 85.0527
2026/07/26 11:24:11 - mmengine - INFO - Saving checkpoint at 5000 iterations
2026/07/26 11:24:17 - mmengine - INFO - Iter(val) [100/250]    eta: 0:00:08  time: 0.0459  data_time: 0.0089  memory: 4499  
2026/07/26 11:24:22 - mmengine - INFO - Iter(val) [200/250]    eta: 0:00:02  time: 0.0468  data_time: 0.0093  memory: 729  
2026/07/26 11:24:24 - mmengine - INFO - per class results:
2026/07/26 11:24:24 - mmengine - INFO - 
+---------------+-------+-------+
|     Class     |  IoU  |  Acc  |
+---------------+-------+-------+
|      road     |  94.9 | 97.05 |
|    sidewalk   | 65.01 | 84.12 |
|    building   | 83.99 |  93.7 |
|      wall     |  3.12 |  3.14 |
|     fence     | 32.38 | 52.34 |
|      pole     | 37.72 |  44.1 |
| traffic light |  0.34 |  0.34 |
|  traffic sign | 36.95 | 42.86 |
|   vegetation  | 87.08 | 93.67 |
|    terrain    |  39.1 | 51.63 |
|      sky      | 87.61 | 93.53 |
|     person    | 52.58 | 81.58 |
|     rider     |  0.03 |  0.03 |
|      car      | 87.02 | 93.56 |
|     truck     |  20.4 | 33.99 |
|      bus      | 29.54 | 32.02 |
|     train     |  20.7 | 32.45 |
|   motorcycle  |  5.49 |  5.6  |
|    bicycle    | 52.75 | 64.63 |
+---------------+-------+-------+
2026/07/26 11:24:24 - mmengine - INFO - Iter(val) [250/250]    aAcc: 90.6900  mIoU: 44.0400  mAcc: 52.6500  data_time: 0.0106  time: 0.0502
2026/07/26 11:24:24 - mmengine - INFO - The best checkpoint with 44.0400 mIoU at 5000 iter is saved to best_mIoU_iter_5000.pth.
2026/07/26 11:25:02 - mmengine - INFO - Iter(train) [  5100/160000]  lr: 7.8587e-02  eta: 16:07:10  time: 0.3759  data_time: 0.0269  memory: 9892  loss: 1.3516  decode.loss_ohem: 0.8616  decode.acc_seg: 82.5893  aux_0.loss_ce: 0.4900  aux_0.acc_seg: 78.3606
2026/07/26 11:25:40 - mmengine - INFO - Iter(train) [  5200/160000]  lr: 7.8541e-02  eta: 16:06:22  time: 0.3725  data_time: 0.0268  memory: 9892  loss: 1.4134  decode.loss_ohem: 0.8853  decode.acc_seg: 87.7719  aux_0.loss_ce: 0.5281  aux_0.acc_seg: 84.1342
2026/07/26 11:26:17 - mmengine - INFO - Iter(train) [  5300/160000]  lr: 7.8495e-02  eta: 16:05:42  time: 0.3728  data_time: 0.0263  memory: 9890  loss: 1.4132  decode.loss_ohem: 0.9014  decode.acc_seg: 87.3436  aux_0.loss_ce: 0.5119  aux_0.acc_seg: 83.7996
2026/07/26 11:26:54 - mmengine - INFO - Iter(train) [  5400/160000]  lr: 7.8450e-02  eta: 16:05:01  time: 0.3731  data_time: 0.0260  memory: 9892  loss: 1.4273  decode.loss_ohem: 0.9459  decode.acc_seg: 85.5849  aux_0.loss_ce: 0.4813  aux_0.acc_seg: 83.1130
2026/07/26 11:27:32 - mmengine - INFO - Iter(train) [  5500/160000]  lr: 7.8404e-02  eta: 16:04:23  time: 0.3752  data_time: 0.0275  memory: 9891  loss: 1.4022  decode.loss_ohem: 0.9045  decode.acc_seg: 84.3526  aux_0.loss_ce: 0.4977  aux_0.acc_seg: 78.7714
2026/07/26 11:28:09 - mmengine - INFO - Iter(train) [  5600/160000]  lr: 7.8358e-02  eta: 16:03:43  time: 0.3740  data_time: 0.0275  memory: 9891  loss: 1.3958  decode.loss_ohem: 0.9084  decode.acc_seg: 84.4868  aux_0.loss_ce: 0.4874  aux_0.acc_seg: 81.5528
2026/07/26 11:28:46 - mmengine - INFO - Iter(train) [  5700/160000]  lr: 7.8313e-02  eta: 16:03:04  time: 0.3757  data_time: 0.0277  memory: 9892  loss: 1.3524  decode.loss_ohem: 0.8335  decode.acc_seg: 87.3314  aux_0.loss_ce: 0.5189  aux_0.acc_seg: 84.3406
2026/07/26 11:29:24 - mmengine - INFO - Iter(train) [  5800/160000]  lr: 7.8267e-02  eta: 16:02:30  time: 0.3771  data_time: 0.0281  memory: 9892  loss: 1.4143  decode.loss_ohem: 0.9280  decode.acc_seg: 89.7569  aux_0.loss_ce: 0.4863  aux_0.acc_seg: 87.7859
2026/07/26 11:30:01 - mmengine - INFO - Iter(train) [  5900/160000]  lr: 7.8221e-02  eta: 16:01:45  time: 0.3720  data_time: 0.0262  memory: 9891  loss: 1.2953  decode.loss_ohem: 0.8536  decode.acc_seg: 87.4424  aux_0.loss_ce: 0.4418  aux_0.acc_seg: 84.2639
2026/07/26 11:30:39 - mmengine - INFO - Exp name: dsanet_cityscapes_512x1024_20260726_105256
2026/07/26 11:30:39 - mmengine - INFO - Iter(train) [  6000/160000]  lr: 7.8176e-02  eta: 16:01:07  time: 0.3728  data_time: 0.0258  memory: 9890  loss: 1.3732  decode.loss_ohem: 0.8985  decode.acc_seg: 86.1220  aux_0.loss_ce: 0.4747  aux_0.acc_seg: 85.4450
2026/07/26 11:31:16 - mmengine - INFO - Iter(train) [  6100/160000]  lr: 7.8130e-02  eta: 16:00:25  time: 0.3744  data_time: 0.0271  memory: 9890  loss: 1.3121  decode.loss_ohem: 0.8693  decode.acc_seg: 82.7017  aux_0.loss_ce: 0.4428  aux_0.acc_seg: 80.1532
2026/07/26 11:31:53 - mmengine - INFO - Iter(train) [  6200/160000]  lr: 7.8084e-02  eta: 15:59:46  time: 0.3731  data_time: 0.0265  memory: 9891  loss: 1.3484  decode.loss_ohem: 0.8671  decode.acc_seg: 86.7620  aux_0.loss_ce: 0.4813  aux_0.acc_seg: 81.8754
2026/07/26 11:32:31 - mmengine - INFO - Iter(train) [  6300/160000]  lr: 7.8039e-02  eta: 15:59:08  time: 0.3745  data_time: 0.0275  memory: 9892  loss: 1.3617  decode.loss_ohem: 0.9025  decode.acc_seg: 86.7928  aux_0.loss_ce: 0.4592  aux_0.acc_seg: 82.9384
2026/07/26 11:33:08 - mmengine - INFO - Iter(train) [  6400/160000]  lr: 7.7993e-02  eta: 15:58:32  time: 0.3753  data_time: 0.0272  memory: 9891  loss: 1.4611  decode.loss_ohem: 0.9093  decode.acc_seg: 82.1596  aux_0.loss_ce: 0.5518  aux_0.acc_seg: 77.8184
2026/07/26 11:33:46 - mmengine - INFO - Iter(train) [  6500/160000]  lr: 7.7947e-02  eta: 15:57:55  time: 0.3746  data_time: 0.0278  memory: 9893  loss: 1.3994  decode.loss_ohem: 0.9146  decode.acc_seg: 88.3277  aux_0.loss_ce: 0.4848  aux_0.acc_seg: 84.5449
2026/07/26 11:34:23 - mmengine - INFO - Iter(train) [  6600/160000]  lr: 7.7901e-02  eta: 15:57:18  time: 0.3761  data_time: 0.0286  memory: 9891  loss: 1.4038  decode.loss_ohem: 0.8859  decode.acc_seg: 86.5422  aux_0.loss_ce: 0.5179  aux_0.acc_seg: 82.3566
2026/07/26 11:35:01 - mmengine - INFO - Iter(train) [  6700/160000]  lr: 7.7856e-02  eta: 15:56:44  time: 0.3737  data_time: 0.0263  memory: 9892  loss: 1.3743  decode.loss_ohem: 0.8975  decode.acc_seg: 87.0725  aux_0.loss_ce: 0.4769  aux_0.acc_seg: 82.0023
2026/07/26 11:35:38 - mmengine - INFO - Iter(train) [  6800/160000]  lr: 7.7810e-02  eta: 15:56:07  time: 0.3754  data_time: 0.0256  memory: 9890  loss: 1.3449  decode.loss_ohem: 0.8699  decode.acc_seg: 89.5141  aux_0.loss_ce: 0.4750  aux_0.acc_seg: 83.9105
2026/07/26 11:36:16 - mmengine - INFO - Iter(train) [  6900/160000]  lr: 7.7764e-02  eta: 15:55:31  time: 0.3746  data_time: 0.0271  memory: 9891  loss: 1.2519  decode.loss_ohem: 0.8102  decode.acc_seg: 89.7853  aux_0.loss_ce: 0.4418  aux_0.acc_seg: 84.2659
2026/07/26 11:36:53 - mmengine - INFO - Exp name: dsanet_cityscapes_512x1024_20260726_105256
2026/07/26 11:36:53 - mmengine - INFO - Iter(train) [  7000/160000]  lr: 7.7719e-02  eta: 15:54:46  time: 0.3703  data_time: 0.0264  memory: 9890  loss: 1.3317  decode.loss_ohem: 0.8613  decode.acc_seg: 88.5213  aux_0.loss_ce: 0.4704  aux_0.acc_seg: 83.5509
2026/07/26 11:37:30 - mmengine - INFO - Iter(train) [  7100/160000]  lr: 7.7673e-02  eta: 15:54:08  time: 0.3758  data_time: 0.0271  memory: 9890  loss: 1.4334  decode.loss_ohem: 0.9339  decode.acc_seg: 84.4903  aux_0.loss_ce: 0.4994  aux_0.acc_seg: 81.9421
2026/07/26 11:38:08 - mmengine - INFO - Iter(train) [  7200/160000]  lr: 7.7627e-02  eta: 15:53:29  time: 0.3747  data_time: 0.0274  memory: 9891  loss: 1.3250  decode.loss_ohem: 0.8897  decode.acc_seg: 85.6772  aux_0.loss_ce: 0.4353  aux_0.acc_seg: 83.9840
2026/07/26 11:38:45 - mmengine - INFO - Iter(train) [  7300/160000]  lr: 7.7581e-02  eta: 15:52:53  time: 0.3740  data_time: 0.0272  memory: 9891  loss: 1.2703  decode.loss_ohem: 0.8189  decode.acc_seg: 83.4342  aux_0.loss_ce: 0.4514  aux_0.acc_seg: 79.7521
2026/07/26 11:39:23 - mmengine - INFO - Iter(train) [  7400/160000]  lr: 7.7536e-02  eta: 15:52:17  time: 0.3744  data_time: 0.0271  memory: 9894  loss: 1.3640  decode.loss_ohem: 0.8818  decode.acc_seg: 83.1580  aux_0.loss_ce: 0.4821  aux_0.acc_seg: 80.1620
2026/07/26 11:40:00 - mmengine - INFO - Iter(train) [  7500/160000]  lr: 7.7490e-02  eta: 15:51:39  time: 0.3730  data_time: 0.0262  memory: 9892  loss: 1.2764  decode.loss_ohem: 0.8352  decode.acc_seg: 89.7136  aux_0.loss_ce: 0.4413  aux_0.acc_seg: 85.1965
2026/07/26 11:40:37 - mmengine - INFO - Iter(train) [  7600/160000]  lr: 7.7444e-02  eta: 15:51:00  time: 0.3731  data_time: 0.0258  memory: 9890  loss: 1.3382  decode.loss_ohem: 0.8690  decode.acc_seg: 85.3603  aux_0.loss_ce: 0.4692  aux_0.acc_seg: 80.8186
2026/07/26 11:41:15 - mmengine - INFO - Iter(train) [  7700/160000]  lr: 7.7399e-02  eta: 15:50:22  time: 0.3734  data_time: 0.0269  memory: 9891  loss: 1.3686  decode.loss_ohem: 0.8870  decode.acc_seg: 86.1214  aux_0.loss_ce: 0.4815  aux_0.acc_seg: 82.2373
2026/07/26 11:41:52 - mmengine - INFO - Iter(train) [  7800/160000]  lr: 7.7353e-02  eta: 15:49:43  time: 0.3744  data_time: 0.0272  memory: 9890  loss: 1.3372  decode.loss_ohem: 0.8849  decode.acc_seg: 85.4746  aux_0.loss_ce: 0.4523  aux_0.acc_seg: 80.5556
2026/07/26 11:42:30 - mmengine - INFO - Iter(train) [  7900/160000]  lr: 7.7307e-02  eta: 15:49:08  time: 0.3765  data_time: 0.0283  memory: 9890  loss: 1.4178  decode.loss_ohem: 0.9431  decode.acc_seg: 86.7653  aux_0.loss_ce: 0.4747  aux_0.acc_seg: 86.2259
2026/07/26 11:43:07 - mmengine - INFO - Exp name: dsanet_cityscapes_512x1024_20260726_105256
2026/07/26 11:43:07 - mmengine - INFO - Iter(train) [  8000/160000]  lr: 7.7261e-02  eta: 15:48:31  time: 0.3739  data_time: 0.0267  memory: 9890  loss: 1.2593  decode.loss_ohem: 0.8348  decode.acc_seg: 88.9979  aux_0.loss_ce: 0.4245  aux_0.acc_seg: 85.7380
2026/07/26 11:43:45 - mmengine - INFO - Iter(train) [  8100/160000]  lr: 7.7216e-02  eta: 15:47:52  time: 0.3752  data_time: 0.0269  memory: 9890  loss: 1.2984  decode.loss_ohem: 0.8470  decode.acc_seg: 89.1618  aux_0.loss_ce: 0.4513  aux_0.acc_seg: 84.5035
2026/07/26 11:44:22 - mmengine - INFO - Iter(train) [  8200/160000]  lr: 7.7170e-02  eta: 15:47:15  time: 0.3736  data_time: 0.0262  memory: 9891  loss: 1.1860  decode.loss_ohem: 0.7686  decode.acc_seg: 89.2626  aux_0.loss_ce: 0.4173  aux_0.acc_seg: 87.1167
2026/07/26 11:45:00 - mmengine - INFO - Iter(train) [  8300/160000]  lr: 7.7124e-02  eta: 15:46:38  time: 0.3762  data_time: 0.0277  memory: 9891  loss: 1.3349  decode.loss_ohem: 0.8709  decode.acc_seg: 87.8185  aux_0.loss_ce: 0.4640  aux_0.acc_seg: 85.1729
2026/07/26 11:45:37 - mmengine - INFO - Iter(train) [  8400/160000]  lr: 7.7078e-02  eta: 15:46:00  time: 0.3746  data_time: 0.0264  memory: 9890  loss: 1.2772  decode.loss_ohem: 0.8091  decode.acc_seg: 88.9836  aux_0.loss_ce: 0.4682  aux_0.acc_seg: 84.2969
2026/07/26 11:46:14 - mmengine - INFO - Iter(train) [  8500/160000]  lr: 7.7033e-02  eta: 15:45:24  time: 0.3743  data_time: 0.0271  memory: 9891  loss: 1.2735  decode.loss_ohem: 0.8173  decode.acc_seg: 90.2863  aux_0.loss_ce: 0.4562  aux_0.acc_seg: 86.0783
2026/07/26 11:46:52 - mmengine - INFO - Iter(train) [  8600/160000]  lr: 7.6987e-02  eta: 15:44:46  time: 0.3753  data_time: 0.0276  memory: 9890  loss: 1.2838  decode.loss_ohem: 0.8223  decode.acc_seg: 90.2465  aux_0.loss_ce: 0.4615  aux_0.acc_seg: 86.9197
2026/07/26 11:47:29 - mmengine - INFO - Iter(train) [  8700/160000]  lr: 7.6941e-02  eta: 15:44:09  time: 0.3746  data_time: 0.0276  memory: 9890  loss: 1.3445  decode.loss_ohem: 0.9000  decode.acc_seg: 86.9943  aux_0.loss_ce: 0.4446  aux_0.acc_seg: 84.7805
2026/07/26 11:48:07 - mmengine - INFO - Iter(train) [  8800/160000]  lr: 7.6895e-02  eta: 15:43:33  time: 0.3759  data_time: 0.0271  memory: 9889  loss: 1.2972  decode.loss_ohem: 0.8319  decode.acc_seg: 89.5441  aux_0.loss_ce: 0.4653  aux_0.acc_seg: 83.1891
2026/07/26 11:48:44 - mmengine - INFO - Iter(train) [  8900/160000]  lr: 7.6850e-02  eta: 15:42:57  time: 0.3743  data_time: 0.0276  memory: 9889  loss: 1.2172  decode.loss_ohem: 0.7771  decode.acc_seg: 89.0320  aux_0.loss_ce: 0.4402  aux_0.acc_seg: 83.8928
2026/07/26 11:49:22 - mmengine - INFO - Exp name: dsanet_cityscapes_512x1024_20260726_105256
2026/07/26 11:49:22 - mmengine - INFO - Iter(train) [  9000/160000]  lr: 7.6804e-02  eta: 15:42:19  time: 0.3746  data_time: 0.0274  memory: 9890  loss: 1.2454  decode.loss_ohem: 0.8227  decode.acc_seg: 90.4122  aux_0.loss_ce: 0.4227  aux_0.acc_seg: 86.6825
2026/07/26 11:49:59 - mmengine - INFO - Iter(train) [  9100/160000]  lr: 7.6758e-02  eta: 15:41:42  time: 0.3759  data_time: 0.0286  memory: 9892  loss: 1.2370  decode.loss_ohem: 0.8025  decode.acc_seg: 89.9639  aux_0.loss_ce: 0.4345  aux_0.acc_seg: 85.1044
2026/07/26 11:50:37 - mmengine - INFO - Iter(train) [  9200/160000]  lr: 7.6712e-02  eta: 15:41:05  time: 0.3742  data_time: 0.0269  memory: 9890  loss: 1.1742  decode.loss_ohem: 0.7758  decode.acc_seg: 88.2332  aux_0.loss_ce: 0.3984  aux_0.acc_seg: 87.2999
2026/07/26 11:51:14 - mmengine - INFO - Iter(train) [  9300/160000]  lr: 7.6666e-02  eta: 15:40:28  time: 0.3767  data_time: 0.0283  memory: 9890  loss: 1.2598  decode.loss_ohem: 0.8458  decode.acc_seg: 86.5125  aux_0.loss_ce: 0.4140  aux_0.acc_seg: 84.2351
2026/07/26 11:51:52 - mmengine - INFO - Iter(train) [  9400/160000]  lr: 7.6621e-02  eta: 15:39:52  time: 0.3793  data_time: 0.0296  memory: 9890  loss: 1.3155  decode.loss_ohem: 0.8380  decode.acc_seg: 85.1605  aux_0.loss_ce: 0.4774  aux_0.acc_seg: 81.8778
2026/07/26 11:52:29 - mmengine - INFO - Iter(train) [  9500/160000]  lr: 7.6575e-02  eta: 15:39:16  time: 0.3749  data_time: 0.0269  memory: 9891  loss: 1.2982  decode.loss_ohem: 0.8440  decode.acc_seg: 86.9542  aux_0.loss_ce: 0.4543  aux_0.acc_seg: 82.6537
2026/07/26 11:53:07 - mmengine - INFO - Iter(train) [  9600/160000]  lr: 7.6529e-02  eta: 15:38:39  time: 0.3747  data_time: 0.0276  memory: 9891  loss: 1.3021  decode.loss_ohem: 0.8863  decode.acc_seg: 86.5111  aux_0.loss_ce: 0.4158  aux_0.acc_seg: 83.5676
2026/07/26 11:53:44 - mmengine - INFO - Iter(train) [  9700/160000]  lr: 7.6483e-02  eta: 15:38:01  time: 0.3754  data_time: 0.0275  memory: 9889  loss: 1.1849  decode.loss_ohem: 0.7712  decode.acc_seg: 84.5041  aux_0.loss_ce: 0.4137  aux_0.acc_seg: 82.0191
2026/07/26 11:54:22 - mmengine - INFO - Iter(train) [  9800/160000]  lr: 7.6438e-02  eta: 15:37:25  time: 0.3789  data_time: 0.0301  memory: 9890  loss: 1.3007  decode.loss_ohem: 0.8722  decode.acc_seg: 85.4502  aux_0.loss_ce: 0.4285  aux_0.acc_seg: 81.0517
2026/07/26 11:54:59 - mmengine - INFO - Iter(train) [  9900/160000]  lr: 7.6392e-02  eta: 15:36:48  time: 0.3736  data_time: 0.0270  memory: 9890  loss: 1.3495  decode.loss_ohem: 0.9269  decode.acc_seg: 89.5569  aux_0.loss_ce: 0.4226  aux_0.acc_seg: 86.4940
2026/07/26 11:55:37 - mmengine - INFO - Exp name: dsanet_cityscapes_512x1024_20260726_105256
2026/07/26 11:55:37 - mmengine - INFO - Iter(train) [ 10000/160000]  lr: 7.6346e-02  eta: 15:36:10  time: 0.3757  data_time: 0.0271  memory: 9890  loss: 1.2782  decode.loss_ohem: 0.7712  decode.acc_seg: 86.7489  aux_0.loss_ce: 0.5070  aux_0.acc_seg: 82.0721
2026/07/26 11:55:37 - mmengine - INFO - Saving checkpoint at 10000 iterations
2026/07/26 11:55:42 - mmengine - INFO - Iter(val) [100/250]    eta: 0:00:07  time: 0.0486  data_time: 0.0102  memory: 729  
2026/07/26 11:55:47 - mmengine - INFO - Iter(val) [200/250]    eta: 0:00:02  time: 0.0482  data_time: 0.0097  memory: 729  
2026/07/26 11:55:49 - mmengine - INFO - per class results:
2026/07/26 11:55:49 - mmengine - INFO - 
+---------------+-------+-------+
|     Class     |  IoU  |  Acc  |
+---------------+-------+-------+
|      road     | 95.54 | 98.97 |
|    sidewalk   | 67.83 |  76.5 |
|    building   |  82.6 | 89.79 |
|      wall     | 24.25 | 36.17 |
|     fence     |  33.6 | 57.72 |
|      pole     | 40.97 | 48.13 |
| traffic light | 29.19 | 34.37 |
|  traffic sign | 44.09 | 46.64 |
|   vegetation  | 87.05 | 93.21 |
|    terrain    | 41.79 | 58.93 |
|      sky      |  86.5 | 90.25 |
|     person    | 59.92 | 76.18 |
|     rider     | 30.97 | 44.35 |
|      car      | 85.07 | 90.51 |
|     truck     |  5.75 |  6.01 |
|      bus      | 11.91 | 22.03 |
|     train     |  6.74 | 77.33 |
|   motorcycle  |  8.54 |  9.47 |
|    bicycle    | 54.94 | 81.25 |
+---------------+-------+-------+
2026/07/26 11:55:49 - mmengine - INFO - Iter(val) [250/250]    aAcc: 90.3300  mIoU: 47.2200  mAcc: 59.8800  data_time: 0.0108  time: 0.0493
2026/07/26 11:55:49 - mmengine - INFO - The previous best checkpoint /root/autodl-tmp/DSANet-main/tools/work_dirs/dsanet_cityscapes_512x1024/best_mIoU_iter_5000.pth is removed
2026/07/26 11:55:50 - mmengine - INFO - The best checkpoint with 47.2200 mIoU at 10000 iter is saved to best_mIoU_iter_10000.pth.
2026/07/26 11:56:28 - mmengine - INFO - Iter(train) [ 10100/160000]  lr: 7.6300e-02  eta: 15:35:43  time: 0.3760  data_time: 0.0286  memory: 9890  loss: 1.2503  decode.loss_ohem: 0.8320  decode.acc_seg: 87.8655  aux_0.loss_ce: 0.4183  aux_0.acc_seg: 83.9504
2026/07/26 11:57:05 - mmengine - INFO - Iter(train) [ 10200/160000]  lr: 7.6254e-02  eta: 15:35:06  time: 0.3765  data_time: 0.0281  memory: 9889  loss: 1.1513  decode.loss_ohem: 0.7446  decode.acc_seg: 92.3380  aux_0.loss_ce: 0.4067  aux_0.acc_seg: 86.6848
2026/07/26 11:57:43 - mmengine - INFO - Iter(train) [ 10300/160000]  lr: 7.6208e-02  eta: 15:34:31  time: 0.3759  data_time: 0.0284  memory: 9890  loss: 1.3559  decode.loss_ohem: 0.9008  decode.acc_seg: 91.2654  aux_0.loss_ce: 0.4551  aux_0.acc_seg: 87.9359
2026/07/26 11:58:20 - mmengine - INFO - Iter(train) [ 10400/160000]  lr: 7.6163e-02  eta: 15:33:55  time: 0.3740  data_time: 0.0264  memory: 9890  loss: 1.2330  decode.loss_ohem: 0.8062  decode.acc_seg: 90.0280  aux_0.loss_ce: 0.4268  aux_0.acc_seg: 86.6547
2026/07/26 11:58:58 - mmengine - INFO - Iter(train) [ 10500/160000]  lr: 7.6117e-02  eta: 15:33:19  time: 0.3759  data_time: 0.0276  memory: 9890  loss: 1.3408  decode.loss_ohem: 0.8761  decode.acc_seg: 85.9905  aux_0.loss_ce: 0.4646  aux_0.acc_seg: 81.8094
2026/07/26 11:59:35 - mmengine - INFO - Iter(train) [ 10600/160000]  lr: 7.6071e-02  eta: 15:32:43  time: 0.3746  data_time: 0.0275  memory: 9889  loss: 1.2484  decode.loss_ohem: 0.8228  decode.acc_seg: 90.9744  aux_0.loss_ce: 0.4256  aux_0.acc_seg: 87.5412
2026/07/26 12:00:13 - mmengine - INFO - Iter(train) [ 10700/160000]  lr: 7.6025e-02  eta: 15:32:06  time: 0.3734  data_time: 0.0268  memory: 9891  loss: 1.2806  decode.loss_ohem: 0.8493  decode.acc_seg: 87.4332  aux_0.loss_ce: 0.4314  aux_0.acc_seg: 81.8913
2026/07/26 12:00:50 - mmengine - INFO - Iter(train) [ 10800/160000]  lr: 7.5979e-02  eta: 15:31:28  time: 0.3748  data_time: 0.0274  memory: 9889  loss: 1.3019  decode.loss_ohem: 0.8680  decode.acc_seg: 85.2129  aux_0.loss_ce: 0.4339  aux_0.acc_seg: 80.8733
2026/07/26 12:01:28 - mmengine - INFO - Iter(train) [ 10900/160000]  lr: 7.5934e-02  eta: 15:30:53  time: 0.3771  data_time: 0.0287  memory: 9888  loss: 1.2713  decode.loss_ohem: 0.8584  decode.acc_seg: 87.9641  aux_0.loss_ce: 0.4129  aux_0.acc_seg: 84.5242
2026/07/26 12:02:05 - mmengine - INFO - Exp name: dsanet_cityscapes_512x1024_20260726_105256
2026/07/26 12:02:05 - mmengine - INFO - Iter(train) [ 11000/160000]  lr: 7.5888e-02  eta: 15:30:16  time: 0.3757  data_time: 0.0284  memory: 9890  loss: 1.3223  decode.loss_ohem: 0.8571  decode.acc_seg: 90.8003  aux_0.loss_ce: 0.4652  aux_0.acc_seg: 88.6461
2026/07/26 12:02:43 - mmengine - INFO - Iter(train) [ 11100/160000]  lr: 7.5842e-02  eta: 15:29:40  time: 0.3770  data_time: 0.0293  memory: 9889  loss: 1.2209  decode.loss_ohem: 0.8143  decode.acc_seg: 88.4429  aux_0.loss_ce: 0.4066  aux_0.acc_seg: 81.5279
2026/07/26 12:03:21 - mmengine - INFO - Iter(train) [ 11200/160000]  lr: 7.5796e-02  eta: 15:29:04  time: 0.3762  data_time: 0.0280  memory: 9891  loss: 1.1890  decode.loss_ohem: 0.7633  decode.acc_seg: 92.1857  aux_0.loss_ce: 0.4257  aux_0.acc_seg: 88.3678
2026/07/26 12:03:58 - mmengine - INFO - Iter(train) [ 11300/160000]  lr: 7.5750e-02  eta: 15:28:28  time: 0.3755  data_time: 0.0279  memory: 9889  loss: 1.4042  decode.loss_ohem: 0.9235  decode.acc_seg: 80.3485  aux_0.loss_ce: 0.4807  aux_0.acc_seg: 77.9991
2026/07/26 12:04:36 - mmengine - INFO - Iter(train) [ 11400/160000]  lr: 7.5704e-02  eta: 15:27:52  time: 0.3739  data_time: 0.0268  memory: 9890  loss: 1.3142  decode.loss_ohem: 0.8717  decode.acc_seg: 90.2786  aux_0.loss_ce: 0.4425  aux_0.acc_seg: 88.2891
2026/07/26 12:05:13 - mmengine - INFO - Iter(train) [ 11500/160000]  lr: 7.5659e-02  eta: 15:27:15  time: 0.3748  data_time: 0.0271  memory: 9893  loss: 1.1331  decode.loss_ohem: 0.7580  decode.acc_seg: 86.6707  aux_0.loss_ce: 0.3751  aux_0.acc_seg: 82.8971
2026/07/26 12:05:51 - mmengine - INFO - Iter(train) [ 11600/160000]  lr: 7.5613e-02  eta: 15:26:40  time: 0.3769  data_time: 0.0279  memory: 9892  loss: 1.2843  decode.loss_ohem: 0.8442  decode.acc_seg: 91.7530  aux_0.loss_ce: 0.4401  aux_0.acc_seg: 87.6144
2026/07/26 12:06:29 - mmengine - INFO - Iter(train) [ 11700/160000]  lr: 7.5567e-02  eta: 15:26:05  time: 0.3740  data_time: 0.0271  memory: 9889  loss: 1.2860  decode.loss_ohem: 0.8725  decode.acc_seg: 90.6789  aux_0.loss_ce: 0.4135  aux_0.acc_seg: 86.4233
2026/07/26 12:07:06 - mmengine - INFO - Iter(train) [ 11800/160000]  lr: 7.5521e-02  eta: 15:25:29  time: 0.3770  data_time: 0.0284  memory: 9890  loss: 1.3502  decode.loss_ohem: 0.8486  decode.acc_seg: 79.6589  aux_0.loss_ce: 0.5016  aux_0.acc_seg: 78.3580
2026/07/26 12:07:44 - mmengine - INFO - Iter(train) [ 11900/160000]  lr: 7.5475e-02  eta: 15:24:52  time: 0.3765  data_time: 0.0286  memory: 9890  loss: 1.2295  decode.loss_ohem: 0.7993  decode.acc_seg: 90.1663  aux_0.loss_ce: 0.4302  aux_0.acc_seg: 86.2222
2026/07/26 12:08:21 - mmengine - INFO - Exp name: dsanet_cityscapes_512x1024_20260726_105256
2026/07/26 12:08:21 - mmengine - INFO - Iter(train) [ 12000/160000]  lr: 7.5429e-02  eta: 15:24:16  time: 0.3772  data_time: 0.0284  memory: 9890  loss: 1.1888  decode.loss_ohem: 0.7551  decode.acc_seg: 88.0101  aux_0.loss_ce: 0.4337  aux_0.acc_seg: 81.2210
2026/07/26 12:08:59 - mmengine - INFO - Iter(train) [ 12100/160000]  lr: 7.5383e-02  eta: 15:23:39  time: 0.3733  data_time: 0.0275  memory: 9889  loss: 1.2096  decode.loss_ohem: 0.7904  decode.acc_seg: 88.1986  aux_0.loss_ce: 0.4192  aux_0.acc_seg: 84.4055
2026/07/26 12:09:36 - mmengine - INFO - Iter(train) [ 12200/160000]  lr: 7.5338e-02  eta: 15:23:01  time: 0.3735  data_time: 0.0265  memory: 9891  loss: 1.2756  decode.loss_ohem: 0.8553  decode.acc_seg: 86.1160  aux_0.loss_ce: 0.4203  aux_0.acc_seg: 82.4690
2026/07/26 12:10:14 - mmengine - INFO - Iter(train) [ 12300/160000]  lr: 7.5292e-02  eta: 15:22:25  time: 0.3796  data_time: 0.0296  memory: 9890  loss: 1.2532  decode.loss_ohem: 0.7888  decode.acc_seg: 91.7155  aux_0.loss_ce: 0.4645  aux_0.acc_seg: 88.3094
2026/07/26 12:10:51 - mmengine - INFO - Iter(train) [ 12400/160000]  lr: 7.5246e-02  eta: 15:21:49  time: 0.3755  data_time: 0.0276  memory: 9889  loss: 1.2480  decode.loss_ohem: 0.8535  decode.acc_seg: 91.0353  aux_0.loss_ce: 0.3945  aux_0.acc_seg: 88.1072
2026/07/26 12:11:29 - mmengine - INFO - Iter(train) [ 12500/160000]  lr: 7.5200e-02  eta: 15:21:10  time: 0.3749  data_time: 0.0281  memory: 9889  loss: 1.2363  decode.loss_ohem: 0.8314  decode.acc_seg: 91.6549  aux_0.loss_ce: 0.4049  aux_0.acc_seg: 86.5177
2026/07/26 12:12:06 - mmengine - INFO - Iter(train) [ 12600/160000]  lr: 7.5154e-02  eta: 15:20:34  time: 0.3791  data_time: 0.0287  memory: 9889  loss: 1.3459  decode.loss_ohem: 0.8535  decode.acc_seg: 86.8258  aux_0.loss_ce: 0.4925  aux_0.acc_seg: 82.3930
2026/07/26 12:12:44 - mmengine - INFO - Iter(train) [ 12700/160000]  lr: 7.5108e-02  eta: 15:19:58  time: 0.3777  data_time: 0.0313  memory: 9890  loss: 1.1871  decode.loss_ohem: 0.7752  decode.acc_seg: 91.4747  aux_0.loss_ce: 0.4119  aux_0.acc_seg: 86.7151
2026/07/26 12:13:22 - mmengine - INFO - Iter(train) [ 12800/160000]  lr: 7.5062e-02  eta: 15:19:22  time: 0.3771  data_time: 0.0287  memory: 9890  loss: 1.1628  decode.loss_ohem: 0.7480  decode.acc_seg: 84.9914  aux_0.loss_ce: 0.4148  aux_0.acc_seg: 82.0225
2026/07/26 12:13:59 - mmengine - INFO - Iter(train) [ 12900/160000]  lr: 7.5016e-02  eta: 15:18:46  time: 0.3788  data_time: 0.0289  memory: 9890  loss: 1.1956  decode.loss_ohem: 0.8105  decode.acc_seg: 91.5624  aux_0.loss_ce: 0.3852  aux_0.acc_seg: 85.8772
2026/07/26 12:14:37 - mmengine - INFO - Exp name: dsanet_cityscapes_512x1024_20260726_105256
2026/07/26 12:14:37 - mmengine - INFO - Iter(train) [ 13000/160000]  lr: 7.4970e-02  eta: 15:18:10  time: 0.3765  data_time: 0.0282  memory: 9891  loss: 1.2071  decode.loss_ohem: 0.7930  decode.acc_seg: 90.6934  aux_0.loss_ce: 0.4141  aux_0.acc_seg: 88.3948
2026/07/26 12:15:14 - mmengine - INFO - Iter(train) [ 13100/160000]  lr: 7.4925e-02  eta: 15:17:36  time: 0.3760  data_time: 0.0281  memory: 9889  loss: 1.3989  decode.loss_ohem: 0.9154  decode.acc_seg: 89.0735  aux_0.loss_ce: 0.4835  aux_0.acc_seg: 85.4946
2026/07/26 12:15:52 - mmengine - INFO - Iter(train) [ 13200/160000]  lr: 7.4879e-02  eta: 15:16:59  time: 0.3743  data_time: 0.0264  memory: 9889  loss: 1.1911  decode.loss_ohem: 0.8029  decode.acc_seg: 90.7954  aux_0.loss_ce: 0.3882  aux_0.acc_seg: 85.5472
2026/07/26 12:16:30 - mmengine - INFO - Iter(train) [ 13300/160000]  lr: 7.4833e-02  eta: 15:16:24  time: 0.3782  data_time: 0.0280  memory: 9889  loss: 1.2069  decode.loss_ohem: 0.8044  decode.acc_seg: 88.7658  aux_0.loss_ce: 0.4026  aux_0.acc_seg: 81.8463
2026/07/26 12:17:07 - mmengine - INFO - Iter(train) [ 13400/160000]  lr: 7.4787e-02  eta: 15:15:49  time: 0.3764  data_time: 0.0280  memory: 9890  loss: 1.2954  decode.loss_ohem: 0.8784  decode.acc_seg: 84.6869  aux_0.loss_ce: 0.4170  aux_0.acc_seg: 80.3316
2026/07/26 12:17:45 - mmengine - INFO - Iter(train) [ 13500/160000]  lr: 7.4741e-02  eta: 15:15:12  time: 0.3745  data_time: 0.0281  memory: 9890  loss: 1.2521  decode.loss_ohem: 0.8382  decode.acc_seg: 86.8986  aux_0.loss_ce: 0.4139  aux_0.acc_seg: 84.1538
2026/07/26 12:18:23 - mmengine - INFO - Iter(train) [ 13600/160000]  lr: 7.4695e-02  eta: 15:14:35  time: 0.3745  data_time: 0.0271  memory: 9892  loss: 1.2526  decode.loss_ohem: 0.7919  decode.acc_seg: 89.2828  aux_0.loss_ce: 0.4607  aux_0.acc_seg: 85.7181
2026/07/26 12:19:00 - mmengine - INFO - Iter(train) [ 13700/160000]  lr: 7.4649e-02  eta: 15:13:58  time: 0.3784  data_time: 0.0301  memory: 9892  loss: 1.2340  decode.loss_ohem: 0.8157  decode.acc_seg: 87.7073  aux_0.loss_ce: 0.4183  aux_0.acc_seg: 82.4797
2026/07/26 12:19:38 - mmengine - INFO - Iter(train) [ 13800/160000]  lr: 7.4603e-02  eta: 15:13:21  time: 0.3747  data_time: 0.0270  memory: 9891  loss: 1.1349  decode.loss_ohem: 0.7118  decode.acc_seg: 89.2211  aux_0.loss_ce: 0.4231  aux_0.acc_seg: 85.8903
2026/07/26 12:20:15 - mmengine - INFO - Iter(train) [ 13900/160000]  lr: 7.4557e-02  eta: 15:12:44  time: 0.3758  data_time: 0.0284  memory: 9889  loss: 1.1842  decode.loss_ohem: 0.8074  decode.acc_seg: 90.3557  aux_0.loss_ce: 0.3768  aux_0.acc_seg: 86.2709
2026/07/26 12:20:53 - mmengine - INFO - Exp name: dsanet_cityscapes_512x1024_20260726_105256
2026/07/26 12:20:53 - mmengine - INFO - Iter(train) [ 14000/160000]  lr: 7.4511e-02  eta: 15:12:08  time: 0.3764  data_time: 0.0271  memory: 9889  loss: 1.2947  decode.loss_ohem: 0.8938  decode.acc_seg: 85.1381  aux_0.loss_ce: 0.4008  aux_0.acc_seg: 80.6768
2026/07/26 12:21:30 - mmengine - INFO - Iter(train) [ 14100/160000]  lr: 7.4465e-02  eta: 15:11:31  time: 0.3731  data_time: 0.0259  memory: 9889  loss: 1.1753  decode.loss_ohem: 0.7749  decode.acc_seg: 91.3678  aux_0.loss_ce: 0.4004  aux_0.acc_seg: 82.3197
2026/07/26 12:22:08 - mmengine - INFO - Iter(train) [ 14200/160000]  lr: 7.4420e-02  eta: 15:10:53  time: 0.3758  data_time: 0.0284  memory: 9889  loss: 1.2170  decode.loss_ohem: 0.8304  decode.acc_seg: 90.9507  aux_0.loss_ce: 0.3866  aux_0.acc_seg: 87.6446
2026/07/26 12:22:45 - mmengine - INFO - Iter(train) [ 14300/160000]  lr: 7.4374e-02  eta: 15:10:16  time: 0.3760  data_time: 0.0276  memory: 9891  loss: 1.3361  decode.loss_ohem: 0.8962  decode.acc_seg: 83.6583  aux_0.loss_ce: 0.4399  aux_0.acc_seg: 77.6693
2026/07/26 12:23:23 - mmengine - INFO - Iter(train) [ 14400/160000]  lr: 7.4328e-02  eta: 15:09:41  time: 0.3822  data_time: 0.0284  memory: 9890  loss: 1.2404  decode.loss_ohem: 0.8553  decode.acc_seg: 90.2676  aux_0.loss_ce: 0.3852  aux_0.acc_seg: 86.5840
2026/07/26 12:24:01 - mmengine - INFO - Iter(train) [ 14500/160000]  lr: 7.4282e-02  eta: 15:09:04  time: 0.3680  data_time: 0.0271  memory: 9890  loss: 1.3249  decode.loss_ohem: 0.8959  decode.acc_seg: 89.4420  aux_0.loss_ce: 0.4289  aux_0.acc_seg: 85.1669
2026/07/26 12:24:38 - mmengine - INFO - Iter(train) [ 14600/160000]  lr: 7.4236e-02  eta: 15:08:28  time: 0.3780  data_time: 0.0292  memory: 9889  loss: 1.2195  decode.loss_ohem: 0.8151  decode.acc_seg: 90.2554  aux_0.loss_ce: 0.4044  aux_0.acc_seg: 86.9610
2026/07/26 12:25:16 - mmengine - INFO - Iter(train) [ 14700/160000]  lr: 7.4190e-02  eta: 15:07:51  time: 0.3754  data_time: 0.0273  memory: 9890  loss: 1.2413  decode.loss_ohem: 0.8337  decode.acc_seg: 88.1132  aux_0.loss_ce: 0.4076  aux_0.acc_seg: 84.1752
2026/07/26 12:25:53 - mmengine - INFO - Iter(train) [ 14800/160000]  lr: 7.4144e-02  eta: 15:07:15  time: 0.3762  data_time: 0.0278  memory: 9891  loss: 1.2837  decode.loss_ohem: 0.8679  decode.acc_seg: 83.9166  aux_0.loss_ce: 0.4158  aux_0.acc_seg: 80.8713
2026/07/26 12:26:31 - mmengine - INFO - Iter(train) [ 14900/160000]  lr: 7.4098e-02  eta: 15:06:39  time: 0.3753  data_time: 0.0272  memory: 9892  loss: 1.2761  decode.loss_ohem: 0.8671  decode.acc_seg: 85.3229  aux_0.loss_ce: 0.4090  aux_0.acc_seg: 80.2439
2026/07/26 12:27:09 - mmengine - INFO - Exp name: dsanet_cityscapes_512x1024_20260726_105256
2026/07/26 12:27:09 - mmengine - INFO - Iter(train) [ 15000/160000]  lr: 7.4052e-02  eta: 15:06:03  time: 0.3773  data_time: 0.0284  memory: 9889  loss: 1.2294  decode.loss_ohem: 0.7940  decode.acc_seg: 90.6731  aux_0.loss_ce: 0.4354  aux_0.acc_seg: 88.0028
2026/07/26 12:27:09 - mmengine - INFO - Saving checkpoint at 15000 iterations
2026/07/26 12:27:14 - mmengine - INFO - Iter(val) [100/250]    eta: 0:00:07  time: 0.0474  data_time: 0.0092  memory: 729  
2026/07/26 12:27:19 - mmengine - INFO - Iter(val) [200/250]    eta: 0:00:02  time: 0.0479  data_time: 0.0094  memory: 729  
2026/07/26 12:27:21 - mmengine - INFO - per class results:
2026/07/26 12:27:21 - mmengine - INFO - 
+---------------+-------+-------+
|     Class     |  IoU  |  Acc  |
+---------------+-------+-------+
|      road     | 96.08 | 97.06 |
|    sidewalk   | 72.22 |  86.9 |
|    building   | 86.65 | 94.13 |
|      wall     | 28.36 | 30.77 |
|     fence     | 40.52 | 65.21 |
|      pole     | 44.86 | 52.85 |
| traffic light | 32.81 | 35.98 |
|  traffic sign | 53.92 | 60.91 |
|   vegetation  | 88.65 | 95.07 |
|    terrain    | 51.08 | 65.26 |
|      sky      | 91.22 | 96.72 |
|     person    | 64.89 | 86.73 |
|     rider     | 31.34 |  35.5 |
|      car      | 88.24 | 95.98 |
|     truck     | 30.16 | 33.41 |
|      bus      | 41.95 | 49.75 |
|     train     | 28.49 | 64.18 |
|   motorcycle  |  9.93 | 10.42 |
|    bicycle    | 60.51 | 77.45 |
+---------------+-------+-------+
2026/07/26 12:27:21 - mmengine - INFO - Iter(val) [250/250]    aAcc: 92.5200  mIoU: 54.8400  mAcc: 64.9600  data_time: 0.0106  time: 0.0488
2026/07/26 12:27:21 - mmengine - INFO - The previous best checkpoint /root/autodl-tmp/DSANet-main/tools/work_dirs/dsanet_cityscapes_512x1024/best_mIoU_iter_10000.pth is removed
2026/07/26 12:27:22 - mmengine - INFO - The best checkpoint with 54.8400 mIoU at 15000 iter is saved to best_mIoU_iter_15000.pth.
2026/07/26 12:28:00 - mmengine - INFO - Iter(train) [ 15100/160000]  lr: 7.4006e-02  eta: 15:05:32  time: 0.3753  data_time: 0.0278  memory: 9890  loss: 1.2488  decode.loss_ohem: 0.8338  decode.acc_seg: 88.4707  aux_0.loss_ce: 0.4150  aux_0.acc_seg: 86.8372
2026/07/26 12:28:37 - mmengine - INFO - Iter(train) [ 15200/160000]  lr: 7.3960e-02  eta: 15:04:56  time: 0.3776  data_time: 0.0281  memory: 9889  loss: 1.3221  decode.loss_ohem: 0.8799  decode.acc_seg: 88.1920  aux_0.loss_ce: 0.4422  aux_0.acc_seg: 85.1526
2026/07/26 12:29:15 - mmengine - INFO - Iter(train) [ 15300/160000]  lr: 7.3914e-02  eta: 15:04:19  time: 0.3752  data_time: 0.0283  memory: 9890  loss: 1.1705  decode.loss_ohem: 0.7805  decode.acc_seg: 84.5440  aux_0.loss_ce: 0.3900  aux_0.acc_seg: 81.3408
2026/07/26 12:29:52 - mmengine - INFO - Iter(train) [ 15400/160000]  lr: 7.3868e-02  eta: 15:03:43  time: 0.3756  data_time: 0.0275  memory: 9890  loss: 1.1829  decode.loss_ohem: 0.7894  decode.acc_seg: 90.8518  aux_0.loss_ce: 0.3935  aux_0.acc_seg: 86.0928
2026/07/26 12:30:30 - mmengine - INFO - Iter(train) [ 15500/160000]  lr: 7.3822e-02  eta: 15:03:06  time: 0.3766  data_time: 0.0287  memory: 9889  loss: 1.2478  decode.loss_ohem: 0.8406  decode.acc_seg: 91.4774  aux_0.loss_ce: 0.4072  aux_0.acc_seg: 89.3219
2026/07/26 12:31:08 - mmengine - INFO - Iter(train) [ 15600/160000]  lr: 7.3776e-02  eta: 15:02:30  time: 0.3761  data_time: 0.0277  memory: 9891  loss: 1.2591  decode.loss_ohem: 0.8061  decode.acc_seg: 91.8774  aux_0.loss_ce: 0.4529  aux_0.acc_seg: 86.1052
2026/07/26 12:31:45 - mmengine - INFO - Iter(train) [ 15700/160000]  lr: 7.3730e-02  eta: 15:01:53  time: 0.3764  data_time: 0.0275  memory: 9893  loss: 1.2523  decode.loss_ohem: 0.8188  decode.acc_seg: 87.5809  aux_0.loss_ce: 0.4335  aux_0.acc_seg: 85.2191
2026/07/26 12:32:23 - mmengine - INFO - Iter(train) [ 15800/160000]  lr: 7.3684e-02  eta: 15:01:17  time: 0.3755  data_time: 0.0277  memory: 9889  loss: 1.2517  decode.loss_ohem: 0.8415  decode.acc_seg: 89.2335  aux_0.loss_ce: 0.4102  aux_0.acc_seg: 85.9754
2026/07/26 12:33:00 - mmengine - INFO - Iter(train) [ 15900/160000]  lr: 7.3638e-02  eta: 15:00:40  time: 0.3759  data_time: 0.0280  memory: 9889  loss: 1.2800  decode.loss_ohem: 0.8554  decode.acc_seg: 86.8113  aux_0.loss_ce: 0.4246  aux_0.acc_seg: 83.0369
2026/07/26 12:33:38 - mmengine - INFO - Exp name: dsanet_cityscapes_512x1024_20260726_105256
2026/07/26 12:33:38 - mmengine - INFO - Iter(train) [ 16000/160000]  lr: 7.3592e-02  eta: 15:00:03  time: 0.3734  data_time: 0.0265  memory: 9892  loss: 1.1898  decode.loss_ohem: 0.8194  decode.acc_seg: 91.3237  aux_0.loss_ce: 0.3704  aux_0.acc_seg: 89.1245
2026/07/26 12:34:16 - mmengine - INFO - Iter(train) [ 16100/160000]  lr: 7.3546e-02  eta: 14:59:27  time: 0.3758  data_time: 0.0288  memory: 9888  loss: 1.2341  decode.loss_ohem: 0.8339  decode.acc_seg: 90.8514  aux_0.loss_ce: 0.4002  aux_0.acc_seg: 87.6344
2026/07/26 12:34:53 - mmengine - INFO - Iter(train) [ 16200/160000]  lr: 7.3500e-02  eta: 14:58:50  time: 0.3759  data_time: 0.0281  memory: 9889  loss: 1.2383  decode.loss_ohem: 0.8133  decode.acc_seg: 88.6399  aux_0.loss_ce: 0.4249  aux_0.acc_seg: 85.1163
2026/07/26 12:35:31 - mmengine - INFO - Iter(train) [ 16300/160000]  lr: 7.3454e-02  eta: 14:58:14  time: 0.3751  data_time: 0.0275  memory: 9890  loss: 1.2172  decode.loss_ohem: 0.8180  decode.acc_seg: 88.4916  aux_0.loss_ce: 0.3992  aux_0.acc_seg: 87.7828
2026/07/26 12:36:08 - mmengine - INFO - Iter(train) [ 16400/160000]  lr: 7.3408e-02  eta: 14:57:37  time: 0.3757  data_time: 0.0268  memory: 9889  loss: 1.2235  decode.loss_ohem: 0.8123  decode.acc_seg: 89.7152  aux_0.loss_ce: 0.4112  aux_0.acc_seg: 86.6672
2026/07/26 12:36:46 - mmengine - INFO - Iter(train) [ 16500/160000]  lr: 7.3362e-02  eta: 14:57:00  time: 0.3755  data_time: 0.0285  memory: 9889  loss: 1.2986  decode.loss_ohem: 0.8659  decode.acc_seg: 89.0112  aux_0.loss_ce: 0.4327  aux_0.acc_seg: 84.4443
2026/07/26 12:37:24 - mmengine - INFO - Iter(train) [ 16600/160000]  lr: 7.3316e-02  eta: 14:56:23  time: 0.3739  data_time: 0.0270  memory: 9889  loss: 1.2579  decode.loss_ohem: 0.8317  decode.acc_seg: 92.0616  aux_0.loss_ce: 0.4262  aux_0.acc_seg: 87.6599
2026/07/26 12:38:01 - mmengine - INFO - Iter(train) [ 16700/160000]  lr: 7.3270e-02  eta: 14:55:45  time: 0.3754  data_time: 0.0283  memory: 9889  loss: 1.2693  decode.loss_ohem: 0.8833  decode.acc_seg: 89.3046  aux_0.loss_ce: 0.3860  aux_0.acc_seg: 84.3193
2026/07/26 12:38:39 - mmengine - INFO - Iter(train) [ 16800/160000]  lr: 7.3224e-02  eta: 14:55:08  time: 0.3752  data_time: 0.0280  memory: 9889  loss: 1.2026  decode.loss_ohem: 0.8046  decode.acc_seg: 89.5537  aux_0.loss_ce: 0.3980  aux_0.acc_seg: 84.7374
2026/07/26 12:39:16 - mmengine - INFO - Iter(train) [ 16900/160000]  lr: 7.3178e-02  eta: 14:54:31  time: 0.3747  data_time: 0.0270  memory: 9889  loss: 1.2643  decode.loss_ohem: 0.8383  decode.acc_seg: 87.1574  aux_0.loss_ce: 0.4260  aux_0.acc_seg: 82.7899
2026/07/26 12:39:54 - mmengine - INFO - Exp name: dsanet_cityscapes_512x1024_20260726_105256
2026/07/26 12:39:54 - mmengine - INFO - Iter(train) [ 17000/160000]  lr: 7.3132e-02  eta: 14:53:55  time: 0.3745  data_time: 0.0271  memory: 9889  loss: 1.2011  decode.loss_ohem: 0.8122  decode.acc_seg: 91.2439  aux_0.loss_ce: 0.3889  aux_0.acc_seg: 86.5728
2026/07/26 12:40:31 - mmengine - INFO - Iter(train) [ 17100/160000]  lr: 7.3086e-02  eta: 14:53:18  time: 0.3759  data_time: 0.0279  memory: 9890  loss: 1.2245  decode.loss_ohem: 0.8116  decode.acc_seg: 89.6100  aux_0.loss_ce: 0.4129  aux_0.acc_seg: 84.9180
2026/07/26 12:41:09 - mmengine - INFO - Iter(train) [ 17200/160000]  lr: 7.3040e-02  eta: 14:52:40  time: 0.3787  data_time: 0.0270  memory: 9888  loss: 1.2048  decode.loss_ohem: 0.8348  decode.acc_seg: 89.9218  aux_0.loss_ce: 0.3699  aux_0.acc_seg: 87.1160
2026/07/26 12:41:47 - mmengine - INFO - Iter(train) [ 17300/160000]  lr: 7.2994e-02  eta: 14:52:05  time: 0.3765  data_time: 0.0270  memory: 9889  loss: 1.2480  decode.loss_ohem: 0.8031  decode.acc_seg: 83.1338  aux_0.loss_ce: 0.4449  aux_0.acc_seg: 77.8575
2026/07/26 12:42:24 - mmengine - INFO - Iter(train) [ 17400/160000]  lr: 7.2948e-02  eta: 14:51:28  time: 0.3759  data_time: 0.0277  memory: 9889  loss: 1.3277  decode.loss_ohem: 0.9019  decode.acc_seg: 91.6809  aux_0.loss_ce: 0.4258  aux_0.acc_seg: 85.7302
2026/07/26 12:43:02 - mmengine - INFO - Iter(train) [ 17500/160000]  lr: 7.2902e-02  eta: 14:50:51  time: 0.3745  data_time: 0.0267  memory: 9890  loss: 1.1913  decode.loss_ohem: 0.8086  decode.acc_seg: 87.3661  aux_0.loss_ce: 0.3826  aux_0.acc_seg: 83.8436
2026/07/26 12:43:39 - mmengine - INFO - Iter(train) [ 17600/160000]  lr: 7.2856e-02  eta: 14:50:12  time: 0.3744  data_time: 0.0269  memory: 9889  loss: 1.2827  decode.loss_ohem: 0.8505  decode.acc_seg: 86.3662  aux_0.loss_ce: 0.4322  aux_0.acc_seg: 82.4377
2026/07/26 12:44:17 - mmengine - INFO - Iter(train) [ 17700/160000]  lr: 7.2810e-02  eta: 14:49:36  time: 0.3741  data_time: 0.0264  memory: 9888  loss: 1.2759  decode.loss_ohem: 0.8385  decode.acc_seg: 91.4825  aux_0.loss_ce: 0.4374  aux_0.acc_seg: 88.8443
2026/07/26 12:44:54 - mmengine - INFO - Iter(train) [ 17800/160000]  lr: 7.2764e-02  eta: 14:48:59  time: 0.3665  data_time: 0.0270  memory: 9889  loss: 1.2057  decode.loss_ohem: 0.8170  decode.acc_seg: 90.8568  aux_0.loss_ce: 0.3887  aux_0.acc_seg: 86.7431
2026/07/26 12:45:32 - mmengine - INFO - Iter(train) [ 17900/160000]  lr: 7.2718e-02  eta: 14:48:20  time: 0.3747  data_time: 0.0278  memory: 9889  loss: 1.3045  decode.loss_ohem: 0.8841  decode.acc_seg: 87.1737  aux_0.loss_ce: 0.4204  aux_0.acc_seg: 81.8759
2026/07/26 12:46:09 - mmengine - INFO - Exp name: dsanet_cityscapes_512x1024_20260726_105256
2026/07/26 12:46:09 - mmengine - INFO - Iter(train) [ 18000/160000]  lr: 7.2672e-02  eta: 14:47:44  time: 0.3775  data_time: 0.0282  memory: 9889  loss: 1.1709  decode.loss_ohem: 0.7851  decode.acc_seg: 93.2830  aux_0.loss_ce: 0.3857  aux_0.acc_seg: 88.7728
2026/07/26 12:46:47 - mmengine - INFO - Iter(train) [ 18100/160000]  lr: 7.2626e-02  eta: 14:47:08  time: 0.3736  data_time: 0.0259  memory: 9889  loss: 1.3735  decode.loss_ohem: 0.9290  decode.acc_seg: 86.6287  aux_0.loss_ce: 0.4445  aux_0.acc_seg: 79.0033
2026/07/26 12:47:24 - mmengine - INFO - Iter(train) [ 18200/160000]  lr: 7.2580e-02  eta: 14:46:28  time: 0.3724  data_time: 0.0267  memory: 9889  loss: 1.1976  decode.loss_ohem: 0.8041  decode.acc_seg: 89.2315  aux_0.loss_ce: 0.3935  aux_0.acc_seg: 82.4241
2026/07/26 12:48:02 - mmengine - INFO - Iter(train) [ 18300/160000]  lr: 7.2534e-02  eta: 14:45:51  time: 0.3749  data_time: 0.0276  memory: 9888  loss: 1.2696  decode.loss_ohem: 0.8374  decode.acc_seg: 91.0245  aux_0.loss_ce: 0.4322  aux_0.acc_seg: 87.2828
2026/07/26 12:48:40 - mmengine - INFO - Iter(train) [ 18400/160000]  lr: 7.2488e-02  eta: 14:45:14  time: 0.3760  data_time: 0.0283  memory: 9890  loss: 1.3162  decode.loss_ohem: 0.8681  decode.acc_seg: 90.1984  aux_0.loss_ce: 0.4481  aux_0.acc_seg: 87.4449
2026/07/26 12:49:17 - mmengine - INFO - Iter(train) [ 18500/160000]  lr: 7.2442e-02  eta: 14:44:37  time: 0.3758  data_time: 0.0281  memory: 9889  loss: 1.2608  decode.loss_ohem: 0.8510  decode.acc_seg: 87.9636  aux_0.loss_ce: 0.4098  aux_0.acc_seg: 84.8292
2026/07/26 12:49:55 - mmengine - INFO - Iter(train) [ 18600/160000]  lr: 7.2395e-02  eta: 14:44:00  time: 0.3741  data_time: 0.0282  memory: 9888  loss: 1.2421  decode.loss_ohem: 0.8454  decode.acc_seg: 89.4034  aux_0.loss_ce: 0.3967  aux_0.acc_seg: 86.2778
2026/07/26 12:50:32 - mmengine - INFO - Iter(train) [ 18700/160000]  lr: 7.2349e-02  eta: 14:43:23  time: 0.3760  data_time: 0.0282  memory: 9888  loss: 1.2275  decode.loss_ohem: 0.8267  decode.acc_seg: 88.3162  aux_0.loss_ce: 0.4008  aux_0.acc_seg: 84.8948
2026/07/26 12:51:10 - mmengine - INFO - Iter(train) [ 18800/160000]  lr: 7.2303e-02  eta: 14:42:47  time: 0.3763  data_time: 0.0285  memory: 9889  loss: 1.1470  decode.loss_ohem: 0.7660  decode.acc_seg: 89.3102  aux_0.loss_ce: 0.3811  aux_0.acc_seg: 87.6744
2026/07/26 12:51:48 - mmengine - INFO - Iter(train) [ 18900/160000]  lr: 7.2257e-02  eta: 14:42:10  time: 0.3748  data_time: 0.0271  memory: 9889  loss: 1.1758  decode.loss_ohem: 0.8008  decode.acc_seg: 91.8923  aux_0.loss_ce: 0.3750  aux_0.acc_seg: 87.4791
2026/07/26 12:52:25 - mmengine - INFO - Exp name: dsanet_cityscapes_512x1024_20260726_105256
2026/07/26 12:52:25 - mmengine - INFO - Iter(train) [ 19000/160000]  lr: 7.2211e-02  eta: 14:41:32  time: 0.3732  data_time: 0.0267  memory: 9890  loss: 1.2788  decode.loss_ohem: 0.8642  decode.acc_seg: 90.8046  aux_0.loss_ce: 0.4146  aux_0.acc_seg: 87.6345
2026/07/26 12:53:03 - mmengine - INFO - Iter(train) [ 19100/160000]  lr: 7.2165e-02  eta: 14:40:54  time: 0.3736  data_time: 0.0259  memory: 9889  loss: 1.2066  decode.loss_ohem: 0.8110  decode.acc_seg: 90.2264  aux_0.loss_ce: 0.3956  aux_0.acc_seg: 86.0742
2026/07/26 12:53:40 - mmengine - INFO - Iter(train) [ 19200/160000]  lr: 7.2119e-02  eta: 14:40:16  time: 0.3763  data_time: 0.0285  memory: 9890  loss: 1.2379  decode.loss_ohem: 0.8066  decode.acc_seg: 91.1162  aux_0.loss_ce: 0.4313  aux_0.acc_seg: 88.0477
2026/07/26 12:54:17 - mmengine - INFO - Iter(train) [ 19300/160000]  lr: 7.2073e-02  eta: 14:39:38  time: 0.3720  data_time: 0.0261  memory: 9889  loss: 1.2141  decode.loss_ohem: 0.8460  decode.acc_seg: 90.2484  aux_0.loss_ce: 0.3681  aux_0.acc_seg: 87.0567
2026/07/26 12:54:55 - mmengine - INFO - Iter(train) [ 19400/160000]  lr: 7.2027e-02  eta: 14:39:00  time: 0.3738  data_time: 0.0274  memory: 9889  loss: 1.2364  decode.loss_ohem: 0.8503  decode.acc_seg: 90.6905  aux_0.loss_ce: 0.3861  aux_0.acc_seg: 85.9764
2026/07/26 12:55:32 - mmengine - INFO - Iter(train) [ 19500/160000]  lr: 7.1981e-02  eta: 14:38:22  time: 0.3745  data_time: 0.0269  memory: 9889  loss: 1.1457  decode.loss_ohem: 0.7641  decode.acc_seg: 90.2997  aux_0.loss_ce: 0.3816  aux_0.acc_seg: 83.6003
2026/07/26 12:56:10 - mmengine - INFO - Iter(train) [ 19600/160000]  lr: 7.1935e-02  eta: 14:37:44  time: 0.3750  data_time: 0.0271  memory: 9889  loss: 1.4038  decode.loss_ohem: 0.9493  decode.acc_seg: 91.0552  aux_0.loss_ce: 0.4545  aux_0.acc_seg: 86.6539
2026/07/26 12:56:47 - mmengine - INFO - Iter(train) [ 19700/160000]  lr: 7.1888e-02  eta: 14:37:06  time: 0.3775  data_time: 0.0301  memory: 9890  loss: 1.2175  decode.loss_ohem: 0.8162  decode.acc_seg: 92.7387  aux_0.loss_ce: 0.4013  aux_0.acc_seg: 89.5495
2026/07/26 12:57:25 - mmengine - INFO - Iter(train) [ 19800/160000]  lr: 7.1842e-02  eta: 14:36:29  time: 0.3760  data_time: 0.0282  memory: 9890  loss: 1.1396  decode.loss_ohem: 0.7527  decode.acc_seg: 91.4257  aux_0.loss_ce: 0.3869  aux_0.acc_seg: 87.3226
2026/07/26 12:58:02 - mmengine - INFO - Iter(train) [ 19900/160000]  lr: 7.1796e-02  eta: 14:35:52  time: 0.3771  data_time: 0.0283  memory: 9889  loss: 1.2837  decode.loss_ohem: 0.8266  decode.acc_seg: 91.5303  aux_0.loss_ce: 0.4571  aux_0.acc_seg: 87.3735
2026/07/26 12:58:40 - mmengine - INFO - Exp name: dsanet_cityscapes_512x1024_20260726_105256
2026/07/26 12:58:40 - mmengine - INFO - Iter(train) [ 20000/160000]  lr: 7.1750e-02  eta: 14:35:14  time: 0.3750  data_time: 0.0276  memory: 9889  loss: 1.2366  decode.loss_ohem: 0.8363  decode.acc_seg: 87.5774  aux_0.loss_ce: 0.4003  aux_0.acc_seg: 84.9969
2026/07/26 12:58:40 - mmengine - INFO - Saving checkpoint at 20000 iterations
2026/07/26 12:58:45 - mmengine - INFO - Iter(val) [100/250]    eta: 0:00:07  time: 0.0465  data_time: 0.0092  memory: 729  
2026/07/26 12:58:50 - mmengine - INFO - Iter(val) [200/250]    eta: 0:00:02  time: 0.0485  data_time: 0.0098  memory: 729  
2026/07/26 12:58:52 - mmengine - INFO - per class results:
2026/07/26 12:58:52 - mmengine - INFO - 
+---------------+-------+-------+
|     Class     |  IoU  |  Acc  |
+---------------+-------+-------+
|      road     | 96.58 | 98.39 |
|    sidewalk   |  75.6 | 86.38 |
|    building   | 85.33 | 91.34 |
|      wall     |  24.3 | 26.82 |
|     fence     | 16.63 | 17.94 |
|      pole     | 48.67 | 70.23 |
| traffic light | 40.91 | 61.35 |
|  traffic sign | 56.16 | 75.69 |
|   vegetation  | 88.53 | 95.77 |
|    terrain    | 50.78 | 64.24 |
|      sky      | 89.97 |  96.6 |
|     person    | 67.89 | 84.02 |
|     rider     | 35.95 |  41.9 |
|      car      |  89.7 | 96.13 |
|     truck     | 38.69 | 54.84 |
|      bus      | 52.39 | 65.34 |
|     train     | 26.72 | 61.37 |
|   motorcycle  | 13.23 | 14.13 |
|    bicycle    | 62.78 | 78.72 |
+---------------+-------+-------+
2026/07/26 12:58:52 - mmengine - INFO - Iter(val) [250/250]    aAcc: 92.6100  mIoU: 55.8300  mAcc: 67.4300  data_time: 0.0106  time: 0.0484
2026/07/26 12:58:52 - mmengine - INFO - The previous best checkpoint /root/autodl-tmp/DSANet-main/tools/work_dirs/dsanet_cityscapes_512x1024/best_mIoU_iter_15000.pth is removed
2026/07/26 12:58:53 - mmengine - INFO - The best checkpoint with 55.8300 mIoU at 20000 iter is saved to best_mIoU_iter_20000.pth.
2026/07/26 12:59:30 - mmengine - INFO - Iter(train) [ 20100/160000]  lr: 7.1704e-02  eta: 14:34:41  time: 0.3730  data_time: 0.0274  memory: 9891  loss: 1.2553  decode.loss_ohem: 0.8351  decode.acc_seg: 90.1031  aux_0.loss_ce: 0.4202  aux_0.acc_seg: 85.1692
2026/07/26 13:00:08 - mmengine - INFO - Iter(train) [ 20200/160000]  lr: 7.1658e-02  eta: 14:34:03  time: 0.3754  data_time: 0.0278  memory: 9888  loss: 1.2038  decode.loss_ohem: 0.8193  decode.acc_seg: 88.2955  aux_0.loss_ce: 0.3845  aux_0.acc_seg: 86.1894
2026/07/26 13:00:46 - mmengine - INFO - Iter(train) [ 20300/160000]  lr: 7.1612e-02  eta: 14:33:27  time: 0.3775  data_time: 0.0271  memory: 9888  loss: 1.1514  decode.loss_ohem: 0.7689  decode.acc_seg: 93.2787  aux_0.loss_ce: 0.3825  aux_0.acc_seg: 89.1557
2026/07/26 13:01:23 - mmengine - INFO - Iter(train) [ 20400/160000]  lr: 7.1566e-02  eta: 14:32:48  time: 0.3748  data_time: 0.0281  memory: 9890  loss: 1.1978  decode.loss_ohem: 0.7904  decode.acc_seg: 89.2181  aux_0.loss_ce: 0.4074  aux_0.acc_seg: 85.9797
2026/07/26 13:02:00 - mmengine - INFO - Iter(train) [ 20500/160000]  lr: 7.1519e-02  eta: 14:32:11  time: 0.3737  data_time: 0.0274  memory: 9890  loss: 1.1673  decode.loss_ohem: 0.8094  decode.acc_seg: 92.3623  aux_0.loss_ce: 0.3579  aux_0.acc_seg: 90.0104
2026/07/26 13:02:38 - mmengine - INFO - Iter(train) [ 20600/160000]  lr: 7.1473e-02  eta: 14:31:34  time: 0.3745  data_time: 0.0276  memory: 9890  loss: 1.2037  decode.loss_ohem: 0.8024  decode.acc_seg: 90.2346  aux_0.loss_ce: 0.4013  aux_0.acc_seg: 88.1470
2026/07/26 13:03:15 - mmengine - INFO - Iter(train) [ 20700/160000]  lr: 7.1427e-02  eta: 14:30:56  time: 0.3740  data_time: 0.0272  memory: 9889  loss: 1.1610  decode.loss_ohem: 0.7962  decode.acc_seg: 92.0840  aux_0.loss_ce: 0.3647  aux_0.acc_seg: 89.3462
2026/07/26 13:03:53 - mmengine - INFO - Iter(train) [ 20800/160000]  lr: 7.1381e-02  eta: 14:30:19  time: 0.3755  data_time: 0.0277  memory: 9889  loss: 1.2229  decode.loss_ohem: 0.7994  decode.acc_seg: 91.1622  aux_0.loss_ce: 0.4235  aux_0.acc_seg: 88.0048
2026/07/26 13:04:30 - mmengine - INFO - Iter(train) [ 20900/160000]  lr: 7.1335e-02  eta: 14:29:40  time: 0.3749  data_time: 0.0276  memory: 9890  loss: 1.1556  decode.loss_ohem: 0.7793  decode.acc_seg: 90.2191  aux_0.loss_ce: 0.3764  aux_0.acc_seg: 83.9192
2026/07/26 13:05:08 - mmengine - INFO - Exp name: dsanet_cityscapes_512x1024_20260726_105256
2026/07/26 13:05:08 - mmengine - INFO - Iter(train) [ 21000/160000]  lr: 7.1289e-02  eta: 14:29:02  time: 0.3716  data_time: 0.0261  memory: 9889  loss: 1.3791  decode.loss_ohem: 0.9354  decode.acc_seg: 86.5671  aux_0.loss_ce: 0.4437  aux_0.acc_seg: 83.0649
2026/07/26 13:05:45 - mmengine - INFO - Iter(train) [ 21100/160000]  lr: 7.1243e-02  eta: 14:28:22  time: 0.3738  data_time: 0.0269  memory: 9889  loss: 1.1543  decode.loss_ohem: 0.7424  decode.acc_seg: 90.0135  aux_0.loss_ce: 0.4120  aux_0.acc_seg: 86.0257
2026/07/26 13:06:22 - mmengine - INFO - Iter(train) [ 21200/160000]  lr: 7.1196e-02  eta: 14:27:44  time: 0.3730  data_time: 0.0259  memory: 9888  loss: 1.2561  decode.loss_ohem: 0.7998  decode.acc_seg: 87.8671  aux_0.loss_ce: 0.4563  aux_0.acc_seg: 81.0027
2026/07/26 13:07:00 - mmengine - INFO - Iter(train) [ 21300/160000]  lr: 7.1150e-02  eta: 14:27:06  time: 0.3735  data_time: 0.0267  memory: 9888  loss: 1.1929  decode.loss_ohem: 0.8211  decode.acc_seg: 90.8370  aux_0.loss_ce: 0.3718  aux_0.acc_seg: 86.3044
2026/07/26 13:07:37 - mmengine - INFO - Iter(train) [ 21400/160000]  lr: 7.1104e-02  eta: 14:26:28  time: 0.3744  data_time: 0.0273  memory: 9887  loss: 1.2033  decode.loss_ohem: 0.8141  decode.acc_seg: 91.6577  aux_0.loss_ce: 0.3893  aux_0.acc_seg: 88.8300
2026/07/26 13:08:15 - mmengine - INFO - Iter(train) [ 21500/160000]  lr: 7.1058e-02  eta: 14:25:49  time: 0.3715  data_time: 0.0258  memory: 9888  loss: 1.1176  decode.loss_ohem: 0.7490  decode.acc_seg: 92.7816  aux_0.loss_ce: 0.3686  aux_0.acc_seg: 88.4839
2026/07/26 13:08:52 - mmengine - INFO - Iter(train) [ 21600/160000]  lr: 7.1012e-02  eta: 14:25:10  time: 0.3732  data_time: 0.0272  memory: 9887  loss: 1.1803  decode.loss_ohem: 0.8055  decode.acc_seg: 91.8760  aux_0.loss_ce: 0.3748  aux_0.acc_seg: 88.2808
2026/07/26 13:09:29 - mmengine - INFO - Iter(train) [ 21700/160000]  lr: 7.0966e-02  eta: 14:24:30  time: 0.3734  data_time: 0.0275  memory: 9890  loss: 1.3487  decode.loss_ohem: 0.9338  decode.acc_seg: 92.0193  aux_0.loss_ce: 0.4148  aux_0.acc_seg: 87.8350
2026/07/26 13:10:06 - mmengine - INFO - Iter(train) [ 21800/160000]  lr: 7.0919e-02  eta: 14:23:52  time: 0.3740  data_time: 0.0272  memory: 9888  loss: 1.2739  decode.loss_ohem: 0.8529  decode.acc_seg: 90.1354  aux_0.loss_ce: 0.4210  aux_0.acc_seg: 84.5005
2026/07/26 13:10:44 - mmengine - INFO - Iter(train) [ 21900/160000]  lr: 7.0873e-02  eta: 14:23:13  time: 0.3763  data_time: 0.0288  memory: 9889  loss: 1.1979  decode.loss_ohem: 0.7909  decode.acc_seg: 91.3592  aux_0.loss_ce: 0.4070  aux_0.acc_seg: 89.2593
2026/07/26 13:11:21 - mmengine - INFO - Exp name: dsanet_cityscapes_512x1024_20260726_105256
2026/07/26 13:11:21 - mmengine - INFO - Iter(train) [ 22000/160000]  lr: 7.0827e-02  eta: 14:22:35  time: 0.3750  data_time: 0.0278  memory: 9888  loss: 1.2745  decode.loss_ohem: 0.8871  decode.acc_seg: 85.7175  aux_0.loss_ce: 0.3874  aux_0.acc_seg: 83.0255
2026/07/26 13:11:58 - mmengine - INFO - Iter(train) [ 22100/160000]  lr: 7.0781e-02  eta: 14:21:57  time: 0.3756  data_time: 0.0273  memory: 9890  loss: 1.3391  decode.loss_ohem: 0.8965  decode.acc_seg: 90.1520  aux_0.loss_ce: 0.4426  aux_0.acc_seg: 86.2659
2026/07/26 13:12:36 - mmengine - INFO - Iter(train) [ 22200/160000]  lr: 7.0735e-02  eta: 14:21:19  time: 0.3741  data_time: 0.0273  memory: 9889  loss: 1.1937  decode.loss_ohem: 0.8221  decode.acc_seg: 89.5833  aux_0.loss_ce: 0.3715  aux_0.acc_seg: 88.1655
2026/07/26 13:13:14 - mmengine - INFO - Iter(train) [ 22300/160000]  lr: 7.0689e-02  eta: 14:20:42  time: 0.3755  data_time: 0.0271  memory: 9889  loss: 1.2170  decode.loss_ohem: 0.8188  decode.acc_seg: 88.5281  aux_0.loss_ce: 0.3981  aux_0.acc_seg: 83.5379
2026/07/26 13:13:51 - mmengine - INFO - Iter(train) [ 22400/160000]  lr: 7.0642e-02  eta: 14:20:05  time: 0.3759  data_time: 0.0282  memory: 9888  loss: 1.1244  decode.loss_ohem: 0.7819  decode.acc_seg: 91.3017  aux_0.loss_ce: 0.3425  aux_0.acc_seg: 87.1510
2026/07/26 13:14:29 - mmengine - INFO - Iter(train) [ 22500/160000]  lr: 7.0596e-02  eta: 14:19:27  time: 0.3737  data_time: 0.0268  memory: 9888  loss: 1.2143  decode.loss_ohem: 0.8265  decode.acc_seg: 90.9199  aux_0.loss_ce: 0.3878  aux_0.acc_seg: 84.9962
2026/07/26 13:15:06 - mmengine - INFO - Iter(train) [ 22600/160000]  lr: 7.0550e-02  eta: 14:18:49  time: 0.3745  data_time: 0.0280  memory: 9889  loss: 1.2466  decode.loss_ohem: 0.8454  decode.acc_seg: 89.1839  aux_0.loss_ce: 0.4013  aux_0.acc_seg: 84.5500
2026/07/26 13:15:43 - mmengine - INFO - Iter(train) [ 22700/160000]  lr: 7.0504e-02  eta: 14:18:11  time: 0.3766  data_time: 0.0285  memory: 9888  loss: 1.1700  decode.loss_ohem: 0.7723  decode.acc_seg: 89.1512  aux_0.loss_ce: 0.3977  aux_0.acc_seg: 85.4638
2026/07/26 13:16:21 - mmengine - INFO - Iter(train) [ 22800/160000]  lr: 7.0457e-02  eta: 14:17:34  time: 0.3738  data_time: 0.0265  memory: 9889  loss: 1.1795  decode.loss_ohem: 0.8095  decode.acc_seg: 90.7713  aux_0.loss_ce: 0.3701  aux_0.acc_seg: 87.1332
2026/07/26 13:16:59 - mmengine - INFO - Iter(train) [ 22900/160000]  lr: 7.0411e-02  eta: 14:16:57  time: 0.3751  data_time: 0.0271  memory: 9888  loss: 1.1698  decode.loss_ohem: 0.7733  decode.acc_seg: 93.2442  aux_0.loss_ce: 0.3965  aux_0.acc_seg: 88.4924
2026/07/26 13:17:36 - mmengine - INFO - Exp name: dsanet_cityscapes_512x1024_20260726_105256
2026/07/26 13:17:36 - mmengine - INFO - Iter(train) [ 23000/160000]  lr: 7.0365e-02  eta: 14:16:19  time: 0.3753  data_time: 0.0277  memory: 9888  loss: 1.1557  decode.loss_ohem: 0.7928  decode.acc_seg: 91.1052  aux_0.loss_ce: 0.3629  aux_0.acc_seg: 85.2429
2026/07/26 13:18:13 - mmengine - INFO - Iter(train) [ 23100/160000]  lr: 7.0319e-02  eta: 14:15:41  time: 0.3769  data_time: 0.0287  memory: 9891  loss: 1.0774  decode.loss_ohem: 0.7211  decode.acc_seg: 91.6760  aux_0.loss_ce: 0.3563  aux_0.acc_seg: 88.4063
2026/07/26 13:18:51 - mmengine - INFO - Iter(train) [ 23200/160000]  lr: 7.0273e-02  eta: 14:15:04  time: 0.3749  data_time: 0.0273  memory: 9889  loss: 1.1984  decode.loss_ohem: 0.7815  decode.acc_seg: 91.6116  aux_0.loss_ce: 0.4169  aux_0.acc_seg: 87.0422
2026/07/26 13:19:28 - mmengine - INFO - Iter(train) [ 23300/160000]  lr: 7.0226e-02  eta: 14:14:26  time: 0.3756  data_time: 0.0288  memory: 9889  loss: 1.2323  decode.loss_ohem: 0.8314  decode.acc_seg: 91.1662  aux_0.loss_ce: 0.4009  aux_0.acc_seg: 88.7029
2026/07/26 13:20:06 - mmengine - INFO - Iter(train) [ 23400/160000]  lr: 7.0180e-02  eta: 14:13:47  time: 0.3734  data_time: 0.0258  memory: 9891  loss: 1.1153  decode.loss_ohem: 0.7215  decode.acc_seg: 88.4869  aux_0.loss_ce: 0.3938  aux_0.acc_seg: 85.2796
2026/07/26 13:20:43 - mmengine - INFO - Iter(train) [ 23500/160000]  lr: 7.0134e-02  eta: 14:13:10  time: 0.3758  data_time: 0.0277  memory: 9889  loss: 1.1763  decode.loss_ohem: 0.7792  decode.acc_seg: 83.8380  aux_0.loss_ce: 0.3971  aux_0.acc_seg: 81.7120
2026/07/26 13:21:21 - mmengine - INFO - Iter(train) [ 23600/160000]  lr: 7.0088e-02  eta: 14:12:32  time: 0.3748  data_time: 0.0269  memory: 9890  loss: 1.2337  decode.loss_ohem: 0.7891  decode.acc_seg: 89.8766  aux_0.loss_ce: 0.4446  aux_0.acc_seg: 86.1618
2026/07/26 13:21:58 - mmengine - INFO - Iter(train) [ 23700/160000]  lr: 7.0041e-02  eta: 14:11:55  time: 0.3752  data_time: 0.0273  memory: 9888  loss: 1.1720  decode.loss_ohem: 0.7874  decode.acc_seg: 90.6922  aux_0.loss_ce: 0.3846  aux_0.acc_seg: 87.6298
2026/07/26 13:22:36 - mmengine - INFO - Iter(train) [ 23800/160000]  lr: 6.9995e-02  eta: 14:11:17  time: 0.3742  data_time: 0.0279  memory: 9888  loss: 1.3432  decode.loss_ohem: 0.9334  decode.acc_seg: 90.3913  aux_0.loss_ce: 0.4098  aux_0.acc_seg: 88.4326
2026/07/26 13:23:13 - mmengine - INFO - Iter(train) [ 23900/160000]  lr: 6.9949e-02  eta: 14:10:40  time: 0.3758  data_time: 0.0276  memory: 9888  loss: 1.2399  decode.loss_ohem: 0.8479  decode.acc_seg: 91.5478  aux_0.loss_ce: 0.3920  aux_0.acc_seg: 89.0224
2026/07/26 13:23:51 - mmengine - INFO - Exp name: dsanet_cityscapes_512x1024_20260726_105256
2026/07/26 13:23:51 - mmengine - INFO - Iter(train) [ 24000/160000]  lr: 6.9903e-02  eta: 14:10:03  time: 0.3755  data_time: 0.0282  memory: 9888  loss: 1.2695  decode.loss_ohem: 0.8464  decode.acc_seg: 84.1086  aux_0.loss_ce: 0.4231  aux_0.acc_seg: 77.7897
2026/07/26 13:24:28 - mmengine - INFO - Iter(train) [ 24100/160000]  lr: 6.9856e-02  eta: 14:09:25  time: 0.3739  data_time: 0.0266  memory: 9888  loss: 1.1581  decode.loss_ohem: 0.7741  decode.acc_seg: 90.6264  aux_0.loss_ce: 0.3840  aux_0.acc_seg: 88.1668
2026/07/26 13:25:06 - mmengine - INFO - Iter(train) [ 24200/160000]  lr: 6.9810e-02  eta: 14:08:48  time: 0.3750  data_time: 0.0276  memory: 9888  loss: 1.2474  decode.loss_ohem: 0.8624  decode.acc_seg: 91.0112  aux_0.loss_ce: 0.3850  aux_0.acc_seg: 87.1391
2026/07/26 13:25:44 - mmengine - INFO - Iter(train) [ 24300/160000]  lr: 6.9764e-02  eta: 14:08:11  time: 0.3748  data_time: 0.0273  memory: 9889  loss: 1.2019  decode.loss_ohem: 0.8170  decode.acc_seg: 92.7602  aux_0.loss_ce: 0.3849  aux_0.acc_seg: 88.8557
2026/07/26 13:26:21 - mmengine - INFO - Iter(train) [ 24400/160000]  lr: 6.9718e-02  eta: 14:07:33  time: 0.3754  data_time: 0.0275  memory: 9889  loss: 1.2111  decode.loss_ohem: 0.8162  decode.acc_seg: 89.7055  aux_0.loss_ce: 0.3949  aux_0.acc_seg: 85.6775
2026/07/26 13:26:59 - mmengine - INFO - Iter(train) [ 24500/160000]  lr: 6.9671e-02  eta: 14:06:56  time: 0.3768  data_time: 0.0288  memory: 9890  loss: 1.2639  decode.loss_ohem: 0.8406  decode.acc_seg: 88.0596  aux_0.loss_ce: 0.4233  aux_0.acc_seg: 85.1007
2026/07/26 13:27:36 - mmengine - INFO - Iter(train) [ 24600/160000]  lr: 6.9625e-02  eta: 14:06:19  time: 0.3780  data_time: 0.0292  memory: 9889  loss: 1.2345  decode.loss_ohem: 0.8205  decode.acc_seg: 89.0550  aux_0.loss_ce: 0.4139  aux_0.acc_seg: 87.0115
2026/07/26 13:28:14 - mmengine - INFO - Iter(train) [ 24700/160000]  lr: 6.9579e-02  eta: 14:05:42  time: 0.3755  data_time: 0.0276  memory: 9888  loss: 1.2643  decode.loss_ohem: 0.8442  decode.acc_seg: 88.8211  aux_0.loss_ce: 0.4201  aux_0.acc_seg: 83.3110
2026/07/26 13:28:51 - mmengine - INFO - Iter(train) [ 24800/160000]  lr: 6.9533e-02  eta: 14:05:04  time: 0.3736  data_time: 0.0265  memory: 9890  loss: 1.1763  decode.loss_ohem: 0.7516  decode.acc_seg: 91.2065  aux_0.loss_ce: 0.4246  aux_0.acc_seg: 84.2928
2026/07/26 13:29:29 - mmengine - INFO - Iter(train) [ 24900/160000]  lr: 6.9486e-02  eta: 14:04:27  time: 0.3749  data_time: 0.0277  memory: 9888  loss: 1.1175  decode.loss_ohem: 0.7778  decode.acc_seg: 91.0714  aux_0.loss_ce: 0.3398  aux_0.acc_seg: 87.7509
2026/07/26 13:30:06 - mmengine - INFO - Exp name: dsanet_cityscapes_512x1024_20260726_105256
2026/07/26 13:30:06 - mmengine - INFO - Iter(train) [ 25000/160000]  lr: 6.9440e-02  eta: 14:03:49  time: 0.3759  data_time: 0.0274  memory: 9889  loss: 1.2016  decode.loss_ohem: 0.7912  decode.acc_seg: 89.5695  aux_0.loss_ce: 0.4104  aux_0.acc_seg: 82.2815
2026/07/26 13:30:06 - mmengine - INFO - Saving checkpoint at 25000 iterations
2026/07/26 13:30:12 - mmengine - INFO - Iter(val) [100/250]    eta: 0:00:07  time: 0.0486  data_time: 0.0106  memory: 729  
2026/07/26 13:30:16 - mmengine - INFO - Iter(val) [200/250]    eta: 0:00:02  time: 0.0477  data_time: 0.0097  memory: 729  
2026/07/26 13:30:19 - mmengine - INFO - per class results:
2026/07/26 13:30:19 - mmengine - INFO - 
+---------------+-------+-------+
|     Class     |  IoU  |  Acc  |
+---------------+-------+-------+
|      road     | 95.61 | 96.95 |
|    sidewalk   | 70.82 | 85.67 |
|    building   | 87.04 | 94.62 |
|      wall     | 29.47 | 43.95 |
|     fence     | 41.33 | 59.98 |
|      pole     | 45.11 | 51.47 |
| traffic light | 33.21 | 36.46 |
|  traffic sign | 60.54 | 70.04 |
|   vegetation  |  88.3 | 93.63 |
|    terrain    | 50.29 | 63.73 |
|      sky      | 91.81 | 95.53 |
|     person    | 65.17 | 88.14 |
|     rider     | 39.64 | 54.39 |
|      car      | 89.71 | 95.19 |
|     truck     | 23.73 |  24.5 |
|      bus      | 44.21 | 67.89 |
|     train     | 21.06 | 67.11 |
|   motorcycle  | 10.28 | 10.75 |
|    bicycle    | 60.52 | 76.64 |
+---------------+-------+-------+
2026/07/26 13:30:19 - mmengine - INFO - Iter(val) [250/250]    aAcc: 92.3700  mIoU: 55.1500  mAcc: 67.1900  data_time: 0.0107  time: 0.0486
2026/07/26 13:30:56 - mmengine - INFO - Iter(train) [ 25100/160000]  lr: 6.9394e-02  eta: 14:03:12  time: 0.3763  data_time: 0.0280  memory: 9890  loss: 1.2179  decode.loss_ohem: 0.8086  decode.acc_seg: 90.2258  aux_0.loss_ce: 0.4093  aux_0.acc_seg: 84.9580
2026/07/26 13:31:34 - mmengine - INFO - Iter(train) [ 25200/160000]  lr: 6.9347e-02  eta: 14:02:33  time: 0.3751  data_time: 0.0281  memory: 9891  loss: 1.2531  decode.loss_ohem: 0.8410  decode.acc_seg: 92.4262  aux_0.loss_ce: 0.4121  aux_0.acc_seg: 88.3507
2026/07/26 13:32:11 - mmengine - INFO - Iter(train) [ 25300/160000]  lr: 6.9301e-02  eta: 14:01:56  time: 0.3734  data_time: 0.0269  memory: 9889  loss: 1.2081  decode.loss_ohem: 0.8428  decode.acc_seg: 89.8992  aux_0.loss_ce: 0.3653  aux_0.acc_seg: 87.8493
2026/07/26 13:32:49 - mmengine - INFO - Iter(train) [ 25400/160000]  lr: 6.9255e-02  eta: 14:01:18  time: 0.3767  data_time: 0.0291  memory: 9888  loss: 1.3322  decode.loss_ohem: 0.9154  decode.acc_seg: 88.9624  aux_0.loss_ce: 0.4168  aux_0.acc_seg: 85.2340
2026/07/26 13:33:26 - mmengine - INFO - Iter(train) [ 25500/160000]  lr: 6.9209e-02  eta: 14:00:42  time: 0.3708  data_time: 0.0277  memory: 9888  loss: 1.2309  decode.loss_ohem: 0.8298  decode.acc_seg: 90.0768  aux_0.loss_ce: 0.4011  aux_0.acc_seg: 86.0960
2026/07/26 13:34:04 - mmengine - INFO - Iter(train) [ 25600/160000]  lr: 6.9162e-02  eta: 14:00:05  time: 0.3798  data_time: 0.0286  memory: 9889  loss: 1.2098  decode.loss_ohem: 0.8257  decode.acc_seg: 89.1916  aux_0.loss_ce: 0.3841  aux_0.acc_seg: 86.0455
2026/07/26 13:34:41 - mmengine - INFO - Iter(train) [ 25700/160000]  lr: 6.9116e-02  eta: 13:59:27  time: 0.3759  data_time: 0.0278  memory: 9889  loss: 1.1132  decode.loss_ohem: 0.7327  decode.acc_seg: 88.9124  aux_0.loss_ce: 0.3804  aux_0.acc_seg: 85.2286
2026/07/26 13:35:19 - mmengine - INFO - Iter(train) [ 25800/160000]  lr: 6.9070e-02  eta: 13:58:49  time: 0.3756  data_time: 0.0285  memory: 9888  loss: 1.1741  decode.loss_ohem: 0.7774  decode.acc_seg: 89.1092  aux_0.loss_ce: 0.3967  aux_0.acc_seg: 85.0346
2026/07/26 13:35:56 - mmengine - INFO - Iter(train) [ 25900/160000]  lr: 6.9023e-02  eta: 13:58:12  time: 0.3759  data_time: 0.0282  memory: 9889  loss: 1.1739  decode.loss_ohem: 0.8027  decode.acc_seg: 89.9554  aux_0.loss_ce: 0.3712  aux_0.acc_seg: 85.3642
2026/07/26 13:36:34 - mmengine - INFO - Exp name: dsanet_cityscapes_512x1024_20260726_105256
2026/07/26 13:36:34 - mmengine - INFO - Iter(train) [ 26000/160000]  lr: 6.8977e-02  eta: 13:57:35  time: 0.3751  data_time: 0.0273  memory: 9889  loss: 1.1486  decode.loss_ohem: 0.7934  decode.acc_seg: 91.1496  aux_0.loss_ce: 0.3553  aux_0.acc_seg: 87.9422
2026/07/26 13:37:11 - mmengine - INFO - Iter(train) [ 26100/160000]  lr: 6.8931e-02  eta: 13:56:57  time: 0.3738  data_time: 0.0273  memory: 9889  loss: 1.1772  decode.loss_ohem: 0.8295  decode.acc_seg: 93.2191  aux_0.loss_ce: 0.3477  aux_0.acc_seg: 87.4026
2026/07/26 13:37:49 - mmengine - INFO - Iter(train) [ 26200/160000]  lr: 6.8884e-02  eta: 13:56:20  time: 0.3746  data_time: 0.0275  memory: 9889  loss: 1.1559  decode.loss_ohem: 0.7826  decode.acc_seg: 90.4676  aux_0.loss_ce: 0.3733  aux_0.acc_seg: 83.8723
2026/07/26 13:38:26 - mmengine - INFO - Iter(train) [ 26300/160000]  lr: 6.8838e-02  eta: 13:55:42  time: 0.3746  data_time: 0.0279  memory: 9889  loss: 1.1519  decode.loss_ohem: 0.7933  decode.acc_seg: 92.8457  aux_0.loss_ce: 0.3586  aux_0.acc_seg: 88.7556
2026/07/26 13:39:04 - mmengine - INFO - Iter(train) [ 26400/160000]  lr: 6.8792e-02  eta: 13:55:04  time: 0.3757  data_time: 0.0285  memory: 9890  loss: 1.1556  decode.loss_ohem: 0.8116  decode.acc_seg: 92.1005  aux_0.loss_ce: 0.3439  aux_0.acc_seg: 88.7312
2026/07/26 13:39:41 - mmengine - INFO - Iter(train) [ 26500/160000]  lr: 6.8745e-02  eta: 13:54:27  time: 0.3753  data_time: 0.0279  memory: 9889  loss: 1.1669  decode.loss_ohem: 0.7620  decode.acc_seg: 90.6455  aux_0.loss_ce: 0.4049  aux_0.acc_seg: 88.4129
2026/07/26 13:40:19 - mmengine - INFO - Iter(train) [ 26600/160000]  lr: 6.8699e-02  eta: 13:53:49  time: 0.3764  data_time: 0.0282  memory: 9889  loss: 1.1371  decode.loss_ohem: 0.7639  decode.acc_seg: 91.6416  aux_0.loss_ce: 0.3733  aux_0.acc_seg: 88.3031
2026/07/26 13:40:56 - mmengine - INFO - Iter(train) [ 26700/160000]  lr: 6.8653e-02  eta: 13:53:11  time: 0.3766  data_time: 0.0280  memory: 9887  loss: 1.1728  decode.loss_ohem: 0.7650  decode.acc_seg: 87.0610  aux_0.loss_ce: 0.4078  aux_0.acc_seg: 80.5059
2026/07/26 13:41:34 - mmengine - INFO - Iter(train) [ 26800/160000]  lr: 6.8606e-02  eta: 13:52:33  time: 0.3754  data_time: 0.0274  memory: 9888  loss: 1.2396  decode.loss_ohem: 0.8414  decode.acc_seg: 90.8873  aux_0.loss_ce: 0.3982  aux_0.acc_seg: 85.1562
2026/07/26 13:42:11 - mmengine - INFO - Iter(train) [ 26900/160000]  lr: 6.8560e-02  eta: 13:51:56  time: 0.3766  data_time: 0.0290  memory: 9889  loss: 1.3085  decode.loss_ohem: 0.8735  decode.acc_seg: 87.4085  aux_0.loss_ce: 0.4351  aux_0.acc_seg: 84.2863
2026/07/26 13:42:49 - mmengine - INFO - Exp name: dsanet_cityscapes_512x1024_20260726_105256
2026/07/26 13:42:49 - mmengine - INFO - Iter(train) [ 27000/160000]  lr: 6.8514e-02  eta: 13:51:19  time: 0.3747  data_time: 0.0276  memory: 9889  loss: 1.1282  decode.loss_ohem: 0.7426  decode.acc_seg: 86.0495  aux_0.loss_ce: 0.3856  aux_0.acc_seg: 81.1590
2026/07/26 13:43:26 - mmengine - INFO - Iter(train) [ 27100/160000]  lr: 6.8467e-02  eta: 13:50:41  time: 0.3770  data_time: 0.0278  memory: 9889  loss: 1.1512  decode.loss_ohem: 0.7674  decode.acc_seg: 93.1541  aux_0.loss_ce: 0.3839  aux_0.acc_seg: 89.9977
2026/07/26 13:44:04 - mmengine - INFO - Iter(train) [ 27200/160000]  lr: 6.8421e-02  eta: 13:50:04  time: 0.3750  data_time: 0.0266  memory: 9890  loss: 1.1770  decode.loss_ohem: 0.7908  decode.acc_seg: 91.8507  aux_0.loss_ce: 0.3862  aux_0.acc_seg: 89.0976
2026/07/26 13:44:42 - mmengine - INFO - Iter(train) [ 27300/160000]  lr: 6.8374e-02  eta: 13:49:27  time: 0.3739  data_time: 0.0269  memory: 9888  loss: 1.1882  decode.loss_ohem: 0.8114  decode.acc_seg: 89.3609  aux_0.loss_ce: 0.3769  aux_0.acc_seg: 83.0201
2026/07/26 13:45:19 - mmengine - INFO - Iter(train) [ 27400/160000]  lr: 6.8328e-02  eta: 13:48:50  time: 0.3756  data_time: 0.0284  memory: 9890  loss: 1.2302  decode.loss_ohem: 0.8078  decode.acc_seg: 90.9110  aux_0.loss_ce: 0.4223  aux_0.acc_seg: 88.1197
2026/07/26 13:45:57 - mmengine - INFO - Iter(train) [ 27500/160000]  lr: 6.8282e-02  eta: 13:48:12  time: 0.3769  data_time: 0.0278  memory: 9889  loss: 1.1898  decode.loss_ohem: 0.7657  decode.acc_seg: 90.5117  aux_0.loss_ce: 0.4241  aux_0.acc_seg: 85.0871
2026/07/26 13:46:34 - mmengine - INFO - Iter(train) [ 27600/160000]  lr: 6.8235e-02  eta: 13:47:35  time: 0.3752  data_time: 0.0280  memory: 9890  loss: 1.2409  decode.loss_ohem: 0.8174  decode.acc_seg: 87.3692  aux_0.loss_ce: 0.4234  aux_0.acc_seg: 77.4501
2026/07/26 13:47:12 - mmengine - INFO - Iter(train) [ 27700/160000]  lr: 6.8189e-02  eta: 13:46:58  time: 0.3752  data_time: 0.0275  memory: 9889  loss: 1.2162  decode.loss_ohem: 0.8335  decode.acc_seg: 92.3114  aux_0.loss_ce: 0.3827  aux_0.acc_seg: 88.9081
2026/07/26 13:47:49 - mmengine - INFO - Iter(train) [ 27800/160000]  lr: 6.8143e-02  eta: 13:46:21  time: 0.3758  data_time: 0.0269  memory: 9889  loss: 1.0964  decode.loss_ohem: 0.7471  decode.acc_seg: 92.0154  aux_0.loss_ce: 0.3493  aux_0.acc_seg: 90.5149
2026/07/26 13:48:27 - mmengine - INFO - Iter(train) [ 27900/160000]  lr: 6.8096e-02  eta: 13:45:44  time: 0.3763  data_time: 0.0280  memory: 9888  loss: 1.1366  decode.loss_ohem: 0.7641  decode.acc_seg: 93.0271  aux_0.loss_ce: 0.3725  aux_0.acc_seg: 91.4182
2026/07/26 13:49:05 - mmengine - INFO - Exp name: dsanet_cityscapes_512x1024_20260726_105256
2026/07/26 13:49:05 - mmengine - INFO - Iter(train) [ 28000/160000]  lr: 6.8050e-02  eta: 13:45:07  time: 0.3772  data_time: 0.0287  memory: 9888  loss: 1.1757  decode.loss_ohem: 0.8135  decode.acc_seg: 88.0971  aux_0.loss_ce: 0.3622  aux_0.acc_seg: 85.2515
2026/07/26 13:49:42 - mmengine - INFO - Iter(train) [ 28100/160000]  lr: 6.8003e-02  eta: 13:44:29  time: 0.3750  data_time: 0.0275  memory: 9889  loss: 1.0965  decode.loss_ohem: 0.7331  decode.acc_seg: 89.7821  aux_0.loss_ce: 0.3634  aux_0.acc_seg: 85.0792
2026/07/26 13:50:20 - mmengine - INFO - Iter(train) [ 28200/160000]  lr: 6.7957e-02  eta: 13:43:52  time: 0.3744  data_time: 0.0272  memory: 9888  loss: 1.2153  decode.loss_ohem: 0.8348  decode.acc_seg: 87.4130  aux_0.loss_ce: 0.3806  aux_0.acc_seg: 82.2357
2026/07/26 13:50:57 - mmengine - INFO - Iter(train) [ 28300/160000]  lr: 6.7911e-02  eta: 13:43:15  time: 0.3765  data_time: 0.0288  memory: 9888  loss: 1.2129  decode.loss_ohem: 0.8253  decode.acc_seg: 88.9480  aux_0.loss_ce: 0.3877  aux_0.acc_seg: 83.9712
2026/07/26 13:51:35 - mmengine - INFO - Iter(train) [ 28400/160000]  lr: 6.7864e-02  eta: 13:42:38  time: 0.3748  data_time: 0.0273  memory: 9889  loss: 1.2150  decode.loss_ohem: 0.8027  decode.acc_seg: 85.6719  aux_0.loss_ce: 0.4123  aux_0.acc_seg: 82.0057
2026/07/26 13:52:12 - mmengine - INFO - Iter(train) [ 28500/160000]  lr: 6.7818e-02  eta: 13:42:00  time: 0.3742  data_time: 0.0271  memory: 9887  loss: 1.1721  decode.loss_ohem: 0.8132  decode.acc_seg: 87.2969  aux_0.loss_ce: 0.3589  aux_0.acc_seg: 81.4156
2026/07/26 13:52:50 - mmengine - INFO - Iter(train) [ 28600/160000]  lr: 6.7771e-02  eta: 13:41:23  time: 0.3731  data_time: 0.0262  memory: 9889  loss: 1.1401  decode.loss_ohem: 0.7818  decode.acc_seg: 90.7807  aux_0.loss_ce: 0.3583  aux_0.acc_seg: 86.2895
2026/07/26 13:53:27 - mmengine - INFO - Iter(train) [ 28700/160000]  lr: 6.7725e-02  eta: 13:40:45  time: 0.3759  data_time: 0.0278  memory: 9887  loss: 1.1422  decode.loss_ohem: 0.7721  decode.acc_seg: 91.6857  aux_0.loss_ce: 0.3701  aux_0.acc_seg: 88.2373
2026/07/26 13:54:05 - mmengine - INFO - Iter(train) [ 28800/160000]  lr: 6.7679e-02  eta: 13:40:08  time: 0.3750  data_time: 0.0273  memory: 9888  loss: 1.2681  decode.loss_ohem: 0.8526  decode.acc_seg: 91.0328  aux_0.loss_ce: 0.4155  aux_0.acc_seg: 86.1677
2026/07/26 13:54:42 - mmengine - INFO - Iter(train) [ 28900/160000]  lr: 6.7632e-02  eta: 13:39:31  time: 0.3781  data_time: 0.0295  memory: 9890  loss: 1.1906  decode.loss_ohem: 0.7898  decode.acc_seg: 89.8023  aux_0.loss_ce: 0.4008  aux_0.acc_seg: 82.3106
2026/07/26 13:55:20 - mmengine - INFO - Exp name: dsanet_cityscapes_512x1024_20260726_105256
2026/07/26 13:55:20 - mmengine - INFO - Iter(train) [ 29000/160000]  lr: 6.7586e-02  eta: 13:38:53  time: 0.3749  data_time: 0.0275  memory: 9889  loss: 1.0999  decode.loss_ohem: 0.7696  decode.acc_seg: 93.2902  aux_0.loss_ce: 0.3304  aux_0.acc_seg: 90.5548
2026/07/26 13:55:58 - mmengine - INFO - Iter(train) [ 29100/160000]  lr: 6.7539e-02  eta: 13:38:16  time: 0.3751  data_time: 0.0277  memory: 9888  loss: 1.1717  decode.loss_ohem: 0.7728  decode.acc_seg: 86.0982  aux_0.loss_ce: 0.3989  aux_0.acc_seg: 79.1343
2026/07/26 13:56:35 - mmengine - INFO - Iter(train) [ 29200/160000]  lr: 6.7493e-02  eta: 13:37:38  time: 0.3752  data_time: 0.0280  memory: 9889  loss: 1.2335  decode.loss_ohem: 0.8358  decode.acc_seg: 91.2393  aux_0.loss_ce: 0.3976  aux_0.acc_seg: 86.9885
2026/07/26 13:57:13 - mmengine - INFO - Iter(train) [ 29300/160000]  lr: 6.7446e-02  eta: 13:37:01  time: 0.3749  data_time: 0.0272  memory: 9887  loss: 1.2256  decode.loss_ohem: 0.8462  decode.acc_seg: 87.3307  aux_0.loss_ce: 0.3794  aux_0.acc_seg: 86.7313
2026/07/26 13:57:50 - mmengine - INFO - Iter(train) [ 29400/160000]  lr: 6.7400e-02  eta: 13:36:24  time: 0.3767  data_time: 0.0286  memory: 9890  loss: 1.1242  decode.loss_ohem: 0.7482  decode.acc_seg: 92.7498  aux_0.loss_ce: 0.3760  aux_0.acc_seg: 88.3476
2026/07/26 13:58:28 - mmengine - INFO - Iter(train) [ 29500/160000]  lr: 6.7354e-02  eta: 13:35:47  time: 0.3745  data_time: 0.0275  memory: 9888  loss: 1.1128  decode.loss_ohem: 0.7668  decode.acc_seg: 91.4805  aux_0.loss_ce: 0.3460  aux_0.acc_seg: 86.9441
2026/07/26 13:59:05 - mmengine - INFO - Iter(train) [ 29600/160000]  lr: 6.7307e-02  eta: 13:35:09  time: 0.3761  data_time: 0.0277  memory: 9887  loss: 1.1802  decode.loss_ohem: 0.8142  decode.acc_seg: 91.5616  aux_0.loss_ce: 0.3660  aux_0.acc_seg: 87.4430
2026/07/26 13:59:43 - mmengine - INFO - Iter(train) [ 29700/160000]  lr: 6.7261e-02  eta: 13:34:32  time: 0.3755  data_time: 0.0279  memory: 9887  loss: 1.3030  decode.loss_ohem: 0.9008  decode.acc_seg: 86.8510  aux_0.loss_ce: 0.4022  aux_0.acc_seg: 83.2806
2026/07/26 14:00:20 - mmengine - INFO - Iter(train) [ 29800/160000]  lr: 6.7214e-02  eta: 13:33:55  time: 0.3753  data_time: 0.0276  memory: 9889  loss: 1.1807  decode.loss_ohem: 0.7973  decode.acc_seg: 90.5346  aux_0.loss_ce: 0.3834  aux_0.acc_seg: 86.4536
2026/07/26 14:00:58 - mmengine - INFO - Iter(train) [ 29900/160000]  lr: 6.7168e-02  eta: 13:33:17  time: 0.3755  data_time: 0.0274  memory: 9887  loss: 1.1748  decode.loss_ohem: 0.7682  decode.acc_seg: 91.0943  aux_0.loss_ce: 0.4066  aux_0.acc_seg: 85.1902
2026/07/26 14:01:35 - mmengine - INFO - Exp name: dsanet_cityscapes_512x1024_20260726_105256
2026/07/26 14:01:35 - mmengine - INFO - Iter(train) [ 30000/160000]  lr: 6.7121e-02  eta: 13:32:40  time: 0.3754  data_time: 0.0274  memory: 9888  loss: 1.2261  decode.loss_ohem: 0.8133  decode.acc_seg: 89.7188  aux_0.loss_ce: 0.4128  aux_0.acc_seg: 82.5690
2026/07/26 14:01:35 - mmengine - INFO - Saving checkpoint at 30000 iterations
2026/07/26 14:01:41 - mmengine - INFO - Iter(val) [100/250]    eta: 0:00:07  time: 0.0464  data_time: 0.0090  memory: 729  
2026/07/26 14:01:46 - mmengine - INFO - Iter(val) [200/250]    eta: 0:00:02  time: 0.0477  data_time: 0.0098  memory: 729  
2026/07/26 14:01:48 - mmengine - INFO - per class results:
2026/07/26 14:01:48 - mmengine - INFO - 
+---------------+-------+-------+
|     Class     |  IoU  |  Acc  |
+---------------+-------+-------+
|      road     | 95.07 | 96.36 |
|    sidewalk   | 73.72 | 88.38 |
|    building   | 85.64 | 95.11 |
|      wall     | 26.14 | 28.87 |
|     fence     | 44.74 | 56.22 |
|      pole     | 49.47 | 65.29 |
| traffic light | 32.41 | 35.53 |
|  traffic sign | 60.76 | 72.06 |
|   vegetation  | 87.91 | 92.85 |
|    terrain    | 48.71 | 64.54 |
|      sky      |  74.0 | 86.38 |
|     person    | 63.25 | 88.13 |
|     rider     | 29.45 | 33.59 |
|      car      | 83.49 | 87.26 |
|     truck     | 20.41 | 62.69 |
|      bus      | 52.17 | 62.97 |
|     train     | 39.41 | 54.89 |
|   motorcycle  |  7.19 |  7.39 |
|    bicycle    | 62.55 | 75.64 |
+---------------+-------+-------+
2026/07/26 14:01:48 - mmengine - INFO - Iter(val) [250/250]    aAcc: 91.5500  mIoU: 54.5500  mAcc: 66.0100  data_time: 0.0104  time: 0.0483
2026/07/26 14:02:25 - mmengine - INFO - Iter(train) [ 30100/160000]  lr: 6.7075e-02  eta: 13:32:02  time: 0.3739  data_time: 0.0270  memory: 9889  loss: 1.2786  decode.loss_ohem: 0.8577  decode.acc_seg: 80.2876  aux_0.loss_ce: 0.4209  aux_0.acc_seg: 74.8103
2026/07/26 14:03:03 - mmengine - INFO - Iter(train) [ 30200/160000]  lr: 6.7028e-02  eta: 13:31:24  time: 0.3744  data_time: 0.0274  memory: 9888  loss: 1.1284  decode.loss_ohem: 0.7929  decode.acc_seg: 91.0788  aux_0.loss_ce: 0.3356  aux_0.acc_seg: 86.4524
2026/07/26 14:03:40 - mmengine - INFO - Iter(train) [ 30300/160000]  lr: 6.6982e-02  eta: 13:30:47  time: 0.3747  data_time: 0.0269  memory: 9890  loss: 1.2140  decode.loss_ohem: 0.8221  decode.acc_seg: 90.8504  aux_0.loss_ce: 0.3919  aux_0.acc_seg: 86.3278
2026/07/26 14:04:18 - mmengine - INFO - Iter(train) [ 30400/160000]  lr: 6.6935e-02  eta: 13:30:10  time: 0.3763  data_time: 0.0277  memory: 9890  loss: 1.2856  decode.loss_ohem: 0.8344  decode.acc_seg: 82.1713  aux_0.loss_ce: 0.4511  aux_0.acc_seg: 79.5649
2026/07/26 14:04:56 - mmengine - INFO - Iter(train) [ 30500/160000]  lr: 6.6889e-02  eta: 13:29:32  time: 0.3768  data_time: 0.0288  memory: 9888  loss: 1.2830  decode.loss_ohem: 0.8663  decode.acc_seg: 91.4888  aux_0.loss_ce: 0.4167  aux_0.acc_seg: 87.4439
2026/07/26 14:05:33 - mmengine - INFO - Iter(train) [ 30600/160000]  lr: 6.6842e-02  eta: 13:28:55  time: 0.3794  data_time: 0.0304  memory: 9890  loss: 1.1429  decode.loss_ohem: 0.7754  decode.acc_seg: 92.3987  aux_0.loss_ce: 0.3675  aux_0.acc_seg: 89.3899
2026/07/26 14:06:11 - mmengine - INFO - Iter(train) [ 30700/160000]  lr: 6.6796e-02  eta: 13:28:18  time: 0.3758  data_time: 0.0277  memory: 9889  loss: 1.1658  decode.loss_ohem: 0.7860  decode.acc_seg: 86.5801  aux_0.loss_ce: 0.3798  aux_0.acc_seg: 81.4618
2026/07/26 14:06:48 - mmengine - INFO - Iter(train) [ 30800/160000]  lr: 6.6750e-02  eta: 13:27:41  time: 0.3780  data_time: 0.0289  memory: 9888  loss: 1.1369  decode.loss_ohem: 0.7634  decode.acc_seg: 88.8546  aux_0.loss_ce: 0.3735  aux_0.acc_seg: 85.7147
2026/07/26 14:07:26 - mmengine - INFO - Iter(train) [ 30900/160000]  lr: 6.6703e-02  eta: 13:27:04  time: 0.3793  data_time: 0.0299  memory: 9889  loss: 1.1648  decode.loss_ohem: 0.7728  decode.acc_seg: 92.1868  aux_0.loss_ce: 0.3920  aux_0.acc_seg: 88.9987
2026/07/26 14:08:04 - mmengine - INFO - Exp name: dsanet_cityscapes_512x1024_20260726_105256
2026/07/26 14:08:04 - mmengine - INFO - Iter(train) [ 31000/160000]  lr: 6.6657e-02  eta: 13:26:27  time: 0.3766  data_time: 0.0277  memory: 9890  loss: 1.1781  decode.loss_ohem: 0.8248  decode.acc_seg: 90.1499  aux_0.loss_ce: 0.3533  aux_0.acc_seg: 87.5424
2026/07/26 14:08:41 - mmengine - INFO - Iter(train) [ 31100/160000]  lr: 6.6610e-02  eta: 13:25:50  time: 0.3767  data_time: 0.0287  memory: 9889  loss: 1.1922  decode.loss_ohem: 0.7809  decode.acc_seg: 91.9636  aux_0.loss_ce: 0.4113  aux_0.acc_seg: 86.8237
2026/07/26 14:09:19 - mmengine - INFO - Iter(train) [ 31200/160000]  lr: 6.6564e-02  eta: 13:25:13  time: 0.3763  data_time: 0.0283  memory: 9889  loss: 1.1560  decode.loss_ohem: 0.7868  decode.acc_seg: 90.8463  aux_0.loss_ce: 0.3693  aux_0.acc_seg: 85.3393
2026/07/26 14:09:57 - mmengine - INFO - Iter(train) [ 31300/160000]  lr: 6.6517e-02  eta: 13:24:36  time: 0.3759  data_time: 0.0277  memory: 9890  loss: 1.2797  decode.loss_ohem: 0.8915  decode.acc_seg: 86.1320  aux_0.loss_ce: 0.3882  aux_0.acc_seg: 84.1116
2026/07/26 14:10:34 - mmengine - INFO - Iter(train) [ 31400/160000]  lr: 6.6471e-02  eta: 13:23:59  time: 0.3760  data_time: 0.0281  memory: 9888  loss: 1.2266  decode.loss_ohem: 0.8237  decode.acc_seg: 89.5239  aux_0.loss_ce: 0.4028  aux_0.acc_seg: 86.5776
2026/07/26 14:11:12 - mmengine - INFO - Iter(train) [ 31500/160000]  lr: 6.6424e-02  eta: 13:23:23  time: 0.3775  data_time: 0.0285  memory: 9887  loss: 1.2218  decode.loss_ohem: 0.8257  decode.acc_seg: 87.0190  aux_0.loss_ce: 0.3961  aux_0.acc_seg: 81.7291
2026/07/26 14:11:50 - mmengine - INFO - Iter(train) [ 31600/160000]  lr: 6.6377e-02  eta: 13:22:46  time: 0.3760  data_time: 0.0286  memory: 9887  loss: 1.2587  decode.loss_ohem: 0.8629  decode.acc_seg: 87.3323  aux_0.loss_ce: 0.3959  aux_0.acc_seg: 84.3495
2026/07/26 14:12:27 - mmengine - INFO - Iter(train) [ 31700/160000]  lr: 6.6331e-02  eta: 13:22:08  time: 0.3752  data_time: 0.0283  memory: 9889  loss: 1.1866  decode.loss_ohem: 0.7902  decode.acc_seg: 88.3526  aux_0.loss_ce: 0.3964  aux_0.acc_seg: 84.9625
2026/07/26 14:13:05 - mmengine - INFO - Iter(train) [ 31800/160000]  lr: 6.6284e-02  eta: 13:21:31  time: 0.3654  data_time: 0.0270  memory: 9889  loss: 1.0811  decode.loss_ohem: 0.7520  decode.acc_seg: 91.2856  aux_0.loss_ce: 0.3292  aux_0.acc_seg: 85.4912
2026/07/26 14:13:42 - mmengine - INFO - Iter(train) [ 31900/160000]  lr: 6.6238e-02  eta: 13:20:53  time: 0.3756  data_time: 0.0281  memory: 9887  loss: 1.0864  decode.loss_ohem: 0.7469  decode.acc_seg: 93.9347  aux_0.loss_ce: 0.3395  aux_0.acc_seg: 89.4033
2026/07/26 14:14:20 - mmengine - INFO - Exp name: dsanet_cityscapes_512x1024_20260726_105256
2026/07/26 14:14:20 - mmengine - INFO - Iter(train) [ 32000/160000]  lr: 6.6191e-02  eta: 13:20:16  time: 0.3741  data_time: 0.0282  memory: 9888  loss: 1.2073  decode.loss_ohem: 0.8380  decode.acc_seg: 83.7536  aux_0.loss_ce: 0.3693  aux_0.acc_seg: 79.4377
2026/07/26 14:14:57 - mmengine - INFO - Iter(train) [ 32100/160000]  lr: 6.6145e-02  eta: 13:19:38  time: 0.3759  data_time: 0.0277  memory: 9889  loss: 1.1750  decode.loss_ohem: 0.7833  decode.acc_seg: 90.1733  aux_0.loss_ce: 0.3917  aux_0.acc_seg: 87.4662
2026/07/26 14:15:35 - mmengine - INFO - Iter(train) [ 32200/160000]  lr: 6.6098e-02  eta: 13:19:01  time: 0.3771  data_time: 0.0286  memory: 9887  loss: 1.1386  decode.loss_ohem: 0.7749  decode.acc_seg: 92.0462  aux_0.loss_ce: 0.3638  aux_0.acc_seg: 86.7659
2026/07/26 14:16:13 - mmengine - INFO - Iter(train) [ 32300/160000]  lr: 6.6052e-02  eta: 13:18:24  time: 0.3759  data_time: 0.0281  memory: 9888  loss: 1.2351  decode.loss_ohem: 0.8442  decode.acc_seg: 93.2587  aux_0.loss_ce: 0.3908  aux_0.acc_seg: 90.4934
2026/07/26 14:16:50 - mmengine - INFO - Iter(train) [ 32400/160000]  lr: 6.6005e-02  eta: 13:17:47  time: 0.3772  data_time: 0.0283  memory: 9888  loss: 1.1215  decode.loss_ohem: 0.7944  decode.acc_seg: 89.0353  aux_0.loss_ce: 0.3271  aux_0.acc_seg: 85.9144
2026/07/26 14:17:28 - mmengine - INFO - Iter(train) [ 32500/160000]  lr: 6.5959e-02  eta: 13:17:11  time: 0.3763  data_time: 0.0283  memory: 9887  loss: 1.1151  decode.loss_ohem: 0.7568  decode.acc_seg: 90.3754  aux_0.loss_ce: 0.3583  aux_0.acc_seg: 87.4727
2026/07/26 14:18:06 - mmengine - INFO - Iter(train) [ 32600/160000]  lr: 6.5912e-02  eta: 13:16:33  time: 0.3737  data_time: 0.0267  memory: 9889  loss: 1.1599  decode.loss_ohem: 0.7893  decode.acc_seg: 90.8214  aux_0.loss_ce: 0.3706  aux_0.acc_seg: 88.1507
2026/07/26 14:18:43 - mmengine - INFO - Iter(train) [ 32700/160000]  lr: 6.5866e-02  eta: 13:15:56  time: 0.3778  data_time: 0.0293  memory: 9888  loss: 1.1931  decode.loss_ohem: 0.8117  decode.acc_seg: 89.7504  aux_0.loss_ce: 0.3814  aux_0.acc_seg: 85.7840
2026/07/26 14:19:21 - mmengine - INFO - Iter(train) [ 32800/160000]  lr: 6.5819e-02  eta: 13:15:20  time: 0.3769  data_time: 0.0282  memory: 9889  loss: 1.2298  decode.loss_ohem: 0.8182  decode.acc_seg: 87.8294  aux_0.loss_ce: 0.4116  aux_0.acc_seg: 82.9137
2026/07/26 14:19:59 - mmengine - INFO - Iter(train) [ 32900/160000]  lr: 6.5772e-02  eta: 13:14:43  time: 0.3742  data_time: 0.0267  memory: 9889  loss: 1.1483  decode.loss_ohem: 0.7795  decode.acc_seg: 92.1962  aux_0.loss_ce: 0.3688  aux_0.acc_seg: 88.5853
2026/07/26 14:20:36 - mmengine - INFO - Exp name: dsanet_cityscapes_512x1024_20260726_105256
2026/07/26 14:20:36 - mmengine - INFO - Iter(train) [ 33000/160000]  lr: 6.5726e-02  eta: 13:14:05  time: 0.3813  data_time: 0.0292  memory: 9887  loss: 1.1646  decode.loss_ohem: 0.7715  decode.acc_seg: 93.2085  aux_0.loss_ce: 0.3931  aux_0.acc_seg: 88.8066
2026/07/26 14:21:14 - mmengine - INFO - Iter(train) [ 33100/160000]  lr: 6.5679e-02  eta: 13:13:28  time: 0.3756  data_time: 0.0281  memory: 9888  loss: 1.2708  decode.loss_ohem: 0.8638  decode.acc_seg: 88.4500  aux_0.loss_ce: 0.4070  aux_0.acc_seg: 85.7022
2026/07/26 14:21:51 - mmengine - INFO - Iter(train) [ 33200/160000]  lr: 6.5633e-02  eta: 13:12:50  time: 0.3759  data_time: 0.0279  memory: 9890  loss: 1.1374  decode.loss_ohem: 0.7552  decode.acc_seg: 91.3874  aux_0.loss_ce: 0.3822  aux_0.acc_seg: 83.5634
2026/07/26 14:22:29 - mmengine - INFO - Iter(train) [ 33300/160000]  lr: 6.5586e-02  eta: 13:12:13  time: 0.3753  data_time: 0.0277  memory: 9889  loss: 1.0526  decode.loss_ohem: 0.7178  decode.acc_seg: 92.4450  aux_0.loss_ce: 0.3349  aux_0.acc_seg: 85.0138
2026/07/26 14:23:07 - mmengine - INFO - Iter(train) [ 33400/160000]  lr: 6.5540e-02  eta: 13:11:37  time: 0.3777  data_time: 0.0296  memory: 9889  loss: 1.1933  decode.loss_ohem: 0.8157  decode.acc_seg: 89.4362  aux_0.loss_ce: 0.3776  aux_0.acc_seg: 87.6436
2026/07/26 14:23:44 - mmengine - INFO - Iter(train) [ 33500/160000]  lr: 6.5493e-02  eta: 13:11:00  time: 0.3764  data_time: 0.0282  memory: 9889  loss: 1.1553  decode.loss_ohem: 0.7707  decode.acc_seg: 91.9598  aux_0.loss_ce: 0.3846  aux_0.acc_seg: 86.4499
2026/07/26 14:24:22 - mmengine - INFO - Iter(train) [ 33600/160000]  lr: 6.5446e-02  eta: 13:10:23  time: 0.3773  data_time: 0.0291  memory: 9889  loss: 1.0841  decode.loss_ohem: 0.7631  decode.acc_seg: 91.8594  aux_0.loss_ce: 0.3210  aux_0.acc_seg: 86.9396
2026/07/26 14:25:00 - mmengine - INFO - Iter(train) [ 33700/160000]  lr: 6.5400e-02  eta: 13:09:46  time: 0.3776  data_time: 0.0285  memory: 9887  loss: 1.2258  decode.loss_ohem: 0.8191  decode.acc_seg: 90.5272  aux_0.loss_ce: 0.4066  aux_0.acc_seg: 86.2135
2026/07/26 14:25:37 - mmengine - INFO - Iter(train) [ 33800/160000]  lr: 6.5353e-02  eta: 13:09:08  time: 0.3750  data_time: 0.0265  memory: 9888  loss: 1.1669  decode.loss_ohem: 0.7969  decode.acc_seg: 90.2017  aux_0.loss_ce: 0.3700  aux_0.acc_seg: 82.6776
2026/07/26 14:26:15 - mmengine - INFO - Iter(train) [ 33900/160000]  lr: 6.5307e-02  eta: 13:08:31  time: 0.3753  data_time: 0.0269  memory: 9891  loss: 1.1662  decode.loss_ohem: 0.7878  decode.acc_seg: 89.5915  aux_0.loss_ce: 0.3784  aux_0.acc_seg: 83.4874
2026/07/26 14:26:52 - mmengine - INFO - Exp name: dsanet_cityscapes_512x1024_20260726_105256
2026/07/26 14:26:52 - mmengine - INFO - Iter(train) [ 34000/160000]  lr: 6.5260e-02  eta: 13:07:54  time: 0.3759  data_time: 0.0279  memory: 9890  loss: 1.1397  decode.loss_ohem: 0.7547  decode.acc_seg: 90.9293  aux_0.loss_ce: 0.3850  aux_0.acc_seg: 88.1076
2026/07/26 14:27:30 - mmengine - INFO - Iter(train) [ 34100/160000]  lr: 6.5213e-02  eta: 13:07:16  time: 0.3756  data_time: 0.0277  memory: 9887  loss: 1.1319  decode.loss_ohem: 0.7916  decode.acc_seg: 90.0605  aux_0.loss_ce: 0.3402  aux_0.acc_seg: 85.5411
2026/07/26 14:28:08 - mmengine - INFO - Iter(train) [ 34200/160000]  lr: 6.5167e-02  eta: 13:06:39  time: 0.3782  data_time: 0.0298  memory: 9889  loss: 1.1420  decode.loss_ohem: 0.7769  decode.acc_seg: 89.8267  aux_0.loss_ce: 0.3651  aux_0.acc_seg: 86.5271
2026/07/26 14:28:45 - mmengine - INFO - Iter(train) [ 34300/160000]  lr: 6.5120e-02  eta: 13:06:02  time: 0.3788  data_time: 0.0286  memory: 9889  loss: 1.1569  decode.loss_ohem: 0.7989  decode.acc_seg: 89.2644  aux_0.loss_ce: 0.3580  aux_0.acc_seg: 83.5406
2026/07/26 14:29:23 - mmengine - INFO - Iter(train) [ 34400/160000]  lr: 6.5074e-02  eta: 13:05:25  time: 0.3758  data_time: 0.0281  memory: 9888  loss: 1.2333  decode.loss_ohem: 0.8557  decode.acc_seg: 92.7908  aux_0.loss_ce: 0.3776  aux_0.acc_seg: 88.9274
2026/07/26 14:30:01 - mmengine - INFO - Iter(train) [ 34500/160000]  lr: 6.5027e-02  eta: 13:04:48  time: 0.3761  data_time: 0.0276  memory: 9888  loss: 1.2642  decode.loss_ohem: 0.8525  decode.acc_seg: 89.1027  aux_0.loss_ce: 0.4117  aux_0.acc_seg: 82.5788
2026/07/26 14:30:38 - mmengine - INFO - Iter(train) [ 34600/160000]  lr: 6.4980e-02  eta: 13:04:11  time: 0.3755  data_time: 0.0277  memory: 9888  loss: 1.1506  decode.loss_ohem: 0.7660  decode.acc_seg: 91.3344  aux_0.loss_ce: 0.3847  aux_0.acc_seg: 88.5514
2026/07/26 14:31:16 - mmengine - INFO - Iter(train) [ 34700/160000]  lr: 6.4934e-02  eta: 13:03:32  time: 0.3758  data_time: 0.0289  memory: 9889  loss: 1.1851  decode.loss_ohem: 0.8338  decode.acc_seg: 93.6615  aux_0.loss_ce: 0.3513  aux_0.acc_seg: 91.2910
2026/07/26 14:31:53 - mmengine - INFO - Iter(train) [ 34800/160000]  lr: 6.4887e-02  eta: 13:02:55  time: 0.3699  data_time: 0.0269  memory: 9889  loss: 1.1117  decode.loss_ohem: 0.7504  decode.acc_seg: 89.6339  aux_0.loss_ce: 0.3614  aux_0.acc_seg: 85.1747
2026/07/26 14:32:31 - mmengine - INFO - Iter(train) [ 34900/160000]  lr: 6.4840e-02  eta: 13:02:18  time: 0.3748  data_time: 0.0272  memory: 9888  loss: 1.1705  decode.loss_ohem: 0.7910  decode.acc_seg: 89.1480  aux_0.loss_ce: 0.3795  aux_0.acc_seg: 85.0159
2026/07/26 14:33:08 - mmengine - INFO - Exp name: dsanet_cityscapes_512x1024_20260726_105256
2026/07/26 14:33:08 - mmengine - INFO - Iter(train) [ 35000/160000]  lr: 6.4794e-02  eta: 13:01:41  time: 0.3804  data_time: 0.0308  memory: 9887  loss: 1.1411  decode.loss_ohem: 0.7729  decode.acc_seg: 90.1686  aux_0.loss_ce: 0.3681  aux_0.acc_seg: 85.3643
2026/07/26 14:33:08 - mmengine - INFO - Saving checkpoint at 35000 iterations
2026/07/26 14:33:14 - mmengine - INFO - Iter(val) [100/250]    eta: 0:00:07  time: 0.0481  data_time: 0.0100  memory: 729  
2026/07/26 14:33:19 - mmengine - INFO - Iter(val) [200/250]    eta: 0:00:02  time: 0.0478  data_time: 0.0096  memory: 729  
2026/07/26 14:33:21 - mmengine - INFO - per class results:
2026/07/26 14:33:21 - mmengine - INFO - 
+---------------+-------+-------+
|     Class     |  IoU  |  Acc  |
+---------------+-------+-------+
|      road     | 96.88 | 97.86 |
|    sidewalk   | 77.47 | 90.41 |
|    building   |  87.7 | 94.34 |
|      wall     | 28.25 | 32.48 |
|     fence     | 40.86 | 58.62 |
|      pole     | 52.09 | 64.39 |
| traffic light | 45.52 | 52.87 |
|  traffic sign | 61.59 | 70.97 |
|   vegetation  | 88.44 | 95.13 |
|    terrain    | 54.53 | 63.57 |
|      sky      | 91.81 |  96.4 |
|     person    | 71.28 | 85.04 |
|     rider     | 46.44 | 62.85 |
|      car      | 88.71 | 94.69 |
|     truck     | 29.76 | 58.32 |
|      bus      | 35.68 | 36.58 |
|     train     | 45.81 | 76.49 |
|   motorcycle  | 16.69 | 18.39 |
|    bicycle    | 63.27 | 72.54 |
+---------------+-------+-------+
2026/07/26 14:33:21 - mmengine - INFO - Iter(val) [250/250]    aAcc: 93.2400  mIoU: 59.0900  mAcc: 69.5800  data_time: 0.0108  time: 0.0490
2026/07/26 14:33:21 - mmengine - INFO - The previous best checkpoint /root/autodl-tmp/DSANet-main/tools/work_dirs/dsanet_cityscapes_512x1024/best_mIoU_iter_20000.pth is removed
2026/07/26 14:33:21 - mmengine - INFO - The best checkpoint with 59.0900 mIoU at 35000 iter is saved to best_mIoU_iter_35000.pth.
2026/07/26 14:33:59 - mmengine - INFO - Iter(train) [ 35100/160000]  lr: 6.4747e-02  eta: 13:01:05  time: 0.3753  data_time: 0.0278  memory: 9889  loss: 1.1438  decode.loss_ohem: 0.7926  decode.acc_seg: 91.9333  aux_0.loss_ce: 0.3512  aux_0.acc_seg: 88.7443
2026/07/26 14:34:37 - mmengine - INFO - Iter(train) [ 35200/160000]  lr: 6.4700e-02  eta: 13:00:28  time: 0.3747  data_time: 0.0271  memory: 9888  loss: 1.0992  decode.loss_ohem: 0.7566  decode.acc_seg: 91.2271  aux_0.loss_ce: 0.3426  aux_0.acc_seg: 87.8272
2026/07/26 14:35:15 - mmengine - INFO - Iter(train) [ 35300/160000]  lr: 6.4654e-02  eta: 12:59:51  time: 0.3768  data_time: 0.0281  memory: 9887  loss: 1.1984  decode.loss_ohem: 0.8095  decode.acc_seg: 89.7394  aux_0.loss_ce: 0.3889  aux_0.acc_seg: 85.3988
2026/07/26 14:35:52 - mmengine - INFO - Iter(train) [ 35400/160000]  lr: 6.4607e-02  eta: 12:59:14  time: 0.3740  data_time: 0.0269  memory: 9888  loss: 1.0850  decode.loss_ohem: 0.7566  decode.acc_seg: 91.1274  aux_0.loss_ce: 0.3284  aux_0.acc_seg: 85.9341
2026/07/26 14:36:30 - mmengine - INFO - Iter(train) [ 35500/160000]  lr: 6.4560e-02  eta: 12:58:37  time: 0.3756  data_time: 0.0275  memory: 9889  loss: 1.1858  decode.loss_ohem: 0.7657  decode.acc_seg: 90.2980  aux_0.loss_ce: 0.4201  aux_0.acc_seg: 84.9830
2026/07/26 14:37:07 - mmengine - INFO - Iter(train) [ 35600/160000]  lr: 6.4514e-02  eta: 12:57:59  time: 0.3776  data_time: 0.0289  memory: 9888  loss: 1.2444  decode.loss_ohem: 0.8244  decode.acc_seg: 90.3477  aux_0.loss_ce: 0.4200  aux_0.acc_seg: 84.2635
2026/07/26 14:37:45 - mmengine - INFO - Iter(train) [ 35700/160000]  lr: 6.4467e-02  eta: 12:57:22  time: 0.3769  data_time: 0.0287  memory: 9888  loss: 1.1490  decode.loss_ohem: 0.7873  decode.acc_seg: 90.8702  aux_0.loss_ce: 0.3617  aux_0.acc_seg: 90.0223
2026/07/26 14:38:22 - mmengine - INFO - Iter(train) [ 35800/160000]  lr: 6.4420e-02  eta: 12:56:45  time: 0.3760  data_time: 0.0278  memory: 9887  loss: 1.1791  decode.loss_ohem: 0.7999  decode.acc_seg: 89.5712  aux_0.loss_ce: 0.3792  aux_0.acc_seg: 87.3947
2026/07/26 14:39:00 - mmengine - INFO - Iter(train) [ 35900/160000]  lr: 6.4374e-02  eta: 12:56:07  time: 0.3756  data_time: 0.0272  memory: 9889  loss: 1.1344  decode.loss_ohem: 0.7809  decode.acc_seg: 88.5429  aux_0.loss_ce: 0.3535  aux_0.acc_seg: 86.6336
2026/07/26 14:39:38 - mmengine - INFO - Exp name: dsanet_cityscapes_512x1024_20260726_105256
2026/07/26 14:39:38 - mmengine - INFO - Iter(train) [ 36000/160000]  lr: 6.4327e-02  eta: 12:55:30  time: 0.3749  data_time: 0.0264  memory: 9887  loss: 1.1448  decode.loss_ohem: 0.7881  decode.acc_seg: 89.8189  aux_0.loss_ce: 0.3567  aux_0.acc_seg: 83.8005
2026/07/26 14:40:15 - mmengine - INFO - Iter(train) [ 36100/160000]  lr: 6.4280e-02  eta: 12:54:53  time: 0.3762  data_time: 0.0277  memory: 9889  loss: 1.2591  decode.loss_ohem: 0.8495  decode.acc_seg: 85.4799  aux_0.loss_ce: 0.4096  aux_0.acc_seg: 78.5128
2026/07/26 14:40:53 - mmengine - INFO - Iter(train) [ 36200/160000]  lr: 6.4234e-02  eta: 12:54:16  time: 0.3771  data_time: 0.0288  memory: 9887  loss: 1.2123  decode.loss_ohem: 0.8432  decode.acc_seg: 90.0942  aux_0.loss_ce: 0.3691  aux_0.acc_seg: 86.5211
2026/07/26 14:41:31 - mmengine - INFO - Iter(train) [ 36300/160000]  lr: 6.4187e-02  eta: 12:53:39  time: 0.3761  data_time: 0.0276  memory: 9888  loss: 1.1496  decode.loss_ohem: 0.7924  decode.acc_seg: 91.7938  aux_0.loss_ce: 0.3572  aux_0.acc_seg: 89.2918
2026/07/26 14:42:08 - mmengine - INFO - Iter(train) [ 36400/160000]  lr: 6.4140e-02  eta: 12:53:02  time: 0.3744  data_time: 0.0269  memory: 9887  loss: 1.1401  decode.loss_ohem: 0.7674  decode.acc_seg: 91.0567  aux_0.loss_ce: 0.3727  aux_0.acc_seg: 86.2363
2026/07/26 14:42:46 - mmengine - INFO - Iter(train) [ 36500/160000]  lr: 6.4094e-02  eta: 12:52:24  time: 0.3754  data_time: 0.0278  memory: 9888  loss: 1.1940  decode.loss_ohem: 0.8175  decode.acc_seg: 93.2047  aux_0.loss_ce: 0.3765  aux_0.acc_seg: 88.7041
2026/07/26 14:43:23 - mmengine - INFO - Iter(train) [ 36600/160000]  lr: 6.4047e-02  eta: 12:51:47  time: 0.3761  data_time: 0.0281  memory: 9887  loss: 1.0788  decode.loss_ohem: 0.7227  decode.acc_seg: 90.3235  aux_0.loss_ce: 0.3561  aux_0.acc_seg: 85.5949
2026/07/26 14:44:01 - mmengine - INFO - Iter(train) [ 36700/160000]  lr: 6.4000e-02  eta: 12:51:10  time: 0.3753  data_time: 0.0278  memory: 9889  loss: 1.1072  decode.loss_ohem: 0.7451  decode.acc_seg: 89.4727  aux_0.loss_ce: 0.3621  aux_0.acc_seg: 83.9660
2026/07/26 14:44:39 - mmengine - INFO - Iter(train) [ 36800/160000]  lr: 6.3954e-02  eta: 12:50:33  time: 0.3779  data_time: 0.0289  memory: 9889  loss: 1.2686  decode.loss_ohem: 0.8636  decode.acc_seg: 91.6158  aux_0.loss_ce: 0.4050  aux_0.acc_seg: 88.2419
2026/07/26 14:45:16 - mmengine - INFO - Iter(train) [ 36900/160000]  lr: 6.3907e-02  eta: 12:49:55  time: 0.3749  data_time: 0.0275  memory: 9889  loss: 1.1586  decode.loss_ohem: 0.8005  decode.acc_seg: 89.1375  aux_0.loss_ce: 0.3581  aux_0.acc_seg: 85.0403
2026/07/26 14:45:54 - mmengine - INFO - Exp name: dsanet_cityscapes_512x1024_20260726_105256
2026/07/26 14:45:54 - mmengine - INFO - Iter(train) [ 37000/160000]  lr: 6.3860e-02  eta: 12:49:18  time: 0.3743  data_time: 0.0272  memory: 9887  loss: 1.1336  decode.loss_ohem: 0.7752  decode.acc_seg: 89.8085  aux_0.loss_ce: 0.3584  aux_0.acc_seg: 85.4574
2026/07/26 14:46:31 - mmengine - INFO - Iter(train) [ 37100/160000]  lr: 6.3813e-02  eta: 12:48:41  time: 0.3762  data_time: 0.0281  memory: 9889  loss: 1.0738  decode.loss_ohem: 0.7183  decode.acc_seg: 93.4824  aux_0.loss_ce: 0.3556  aux_0.acc_seg: 91.9284
2026/07/26 14:47:09 - mmengine - INFO - Iter(train) [ 37200/160000]  lr: 6.3767e-02  eta: 12:48:03  time: 0.3742  data_time: 0.0270  memory: 9888  loss: 1.1091  decode.loss_ohem: 0.7412  decode.acc_seg: 86.8477  aux_0.loss_ce: 0.3679  aux_0.acc_seg: 81.8185
2026/07/26 14:47:47 - mmengine - INFO - Iter(train) [ 37300/160000]  lr: 6.3720e-02  eta: 12:47:26  time: 0.3751  data_time: 0.0275  memory: 9889  loss: 1.2724  decode.loss_ohem: 0.8736  decode.acc_seg: 91.0145  aux_0.loss_ce: 0.3988  aux_0.acc_seg: 88.6597
2026/07/26 14:48:24 - mmengine - INFO - Iter(train) [ 37400/160000]  lr: 6.3673e-02  eta: 12:46:48  time: 0.3761  data_time: 0.0279  memory: 9889  loss: 1.0437  decode.loss_ohem: 0.7119  decode.acc_seg: 92.2169  aux_0.loss_ce: 0.3318  aux_0.acc_seg: 88.1615
2026/07/26 14:49:02 - mmengine - INFO - Iter(train) [ 37500/160000]  lr: 6.3626e-02  eta: 12:46:11  time: 0.3758  data_time: 0.0278  memory: 9888  loss: 1.1440  decode.loss_ohem: 0.7759  decode.acc_seg: 91.6244  aux_0.loss_ce: 0.3682  aux_0.acc_seg: 85.4995
2026/07/26 14:49:39 - mmengine - INFO - Iter(train) [ 37600/160000]  lr: 6.3580e-02  eta: 12:45:33  time: 0.3746  data_time: 0.0274  memory: 9888  loss: 1.1936  decode.loss_ohem: 0.8479  decode.acc_seg: 90.0477  aux_0.loss_ce: 0.3457  aux_0.acc_seg: 86.4100
2026/07/26 14:50:17 - mmengine - INFO - Iter(train) [ 37700/160000]  lr: 6.3533e-02  eta: 12:44:56  time: 0.3752  data_time: 0.0283  memory: 9888  loss: 1.1057  decode.loss_ohem: 0.7701  decode.acc_seg: 91.1678  aux_0.loss_ce: 0.3356  aux_0.acc_seg: 85.7814
2026/07/26 14:50:54 - mmengine - INFO - Iter(train) [ 37800/160000]  lr: 6.3486e-02  eta: 12:44:19  time: 0.3775  data_time: 0.0292  memory: 9889  loss: 1.1925  decode.loss_ohem: 0.7963  decode.acc_seg: 88.5224  aux_0.loss_ce: 0.3962  aux_0.acc_seg: 83.2563
2026/07/26 14:51:32 - mmengine - INFO - Iter(train) [ 37900/160000]  lr: 6.3439e-02  eta: 12:43:41  time: 0.3745  data_time: 0.0264  memory: 9888  loss: 1.1811  decode.loss_ohem: 0.7793  decode.acc_seg: 90.8860  aux_0.loss_ce: 0.4018  aux_0.acc_seg: 85.8465
2026/07/26 14:52:09 - mmengine - INFO - Exp name: dsanet_cityscapes_512x1024_20260726_105256
2026/07/26 14:52:09 - mmengine - INFO - Iter(train) [ 38000/160000]  lr: 6.3393e-02  eta: 12:43:03  time: 0.3756  data_time: 0.0277  memory: 9888  loss: 1.1689  decode.loss_ohem: 0.7851  decode.acc_seg: 89.2824  aux_0.loss_ce: 0.3838  aux_0.acc_seg: 84.6628
2026/07/26 14:52:47 - mmengine - INFO - Iter(train) [ 38100/160000]  lr: 6.3346e-02  eta: 12:42:26  time: 0.3742  data_time: 0.0267  memory: 9889  loss: 1.1710  decode.loss_ohem: 0.7853  decode.acc_seg: 89.2243  aux_0.loss_ce: 0.3857  aux_0.acc_seg: 84.7782
2026/07/26 14:53:24 - mmengine - INFO - Iter(train) [ 38200/160000]  lr: 6.3299e-02  eta: 12:41:48  time: 0.3741  data_time: 0.0267  memory: 9889  loss: 1.0976  decode.loss_ohem: 0.7417  decode.acc_seg: 83.9884  aux_0.loss_ce: 0.3559  aux_0.acc_seg: 78.6347
2026/07/26 14:54:02 - mmengine - INFO - Iter(train) [ 38300/160000]  lr: 6.3252e-02  eta: 12:41:11  time: 0.3783  data_time: 0.0290  memory: 9888  loss: 1.1760  decode.loss_ohem: 0.7664  decode.acc_seg: 87.7620  aux_0.loss_ce: 0.4095  aux_0.acc_seg: 81.7808
2026/07/26 14:54:39 - mmengine - INFO - Iter(train) [ 38400/160000]  lr: 6.3206e-02  eta: 12:40:33  time: 0.3755  data_time: 0.0279  memory: 9889  loss: 1.1797  decode.loss_ohem: 0.8153  decode.acc_seg: 89.1664  aux_0.loss_ce: 0.3644  aux_0.acc_seg: 87.8936
2026/07/26 14:55:17 - mmengine - INFO - Iter(train) [ 38500/160000]  lr: 6.3159e-02  eta: 12:39:55  time: 0.3737  data_time: 0.0272  memory: 9888  loss: 1.1310  decode.loss_ohem: 0.7708  decode.acc_seg: 93.1827  aux_0.loss_ce: 0.3601  aux_0.acc_seg: 89.6695
2026/07/26 14:55:54 - mmengine - INFO - Iter(train) [ 38600/160000]  lr: 6.3112e-02  eta: 12:39:17  time: 0.3737  data_time: 0.0272  memory: 9887  loss: 1.0994  decode.loss_ohem: 0.7588  decode.acc_seg: 89.4349  aux_0.loss_ce: 0.3406  aux_0.acc_seg: 87.6955
2026/07/26 14:56:32 - mmengine - INFO - Iter(train) [ 38700/160000]  lr: 6.3065e-02  eta: 12:38:40  time: 0.3759  data_time: 0.0280  memory: 9889  loss: 1.1274  decode.loss_ohem: 0.7656  decode.acc_seg: 90.2550  aux_0.loss_ce: 0.3617  aux_0.acc_seg: 87.3862
2026/07/26 14:57:09 - mmengine - INFO - Iter(train) [ 38800/160000]  lr: 6.3019e-02  eta: 12:38:02  time: 0.3758  data_time: 0.0281  memory: 9889  loss: 1.1665  decode.loss_ohem: 0.8108  decode.acc_seg: 93.0739  aux_0.loss_ce: 0.3557  aux_0.acc_seg: 91.7719
2026/07/26 14:57:47 - mmengine - INFO - Iter(train) [ 38900/160000]  lr: 6.2972e-02  eta: 12:37:24  time: 0.3751  data_time: 0.0275  memory: 9887  loss: 1.0877  decode.loss_ohem: 0.7227  decode.acc_seg: 89.9026  aux_0.loss_ce: 0.3650  aux_0.acc_seg: 81.7710
2026/07/26 14:58:24 - mmengine - INFO - Exp name: dsanet_cityscapes_512x1024_20260726_105256
2026/07/26 14:58:24 - mmengine - INFO - Iter(train) [ 39000/160000]  lr: 6.2925e-02  eta: 12:36:46  time: 0.3760  data_time: 0.0289  memory: 9889  loss: 1.2122  decode.loss_ohem: 0.8215  decode.acc_seg: 87.4713  aux_0.loss_ce: 0.3907  aux_0.acc_seg: 83.1446
2026/07/26 14:59:02 - mmengine - INFO - Iter(train) [ 39100/160000]  lr: 6.2878e-02  eta: 12:36:08  time: 0.3728  data_time: 0.0269  memory: 9889  loss: 1.1366  decode.loss_ohem: 0.7992  decode.acc_seg: 93.0116  aux_0.loss_ce: 0.3375  aux_0.acc_seg: 88.5891
2026/07/26 14:59:39 - mmengine - INFO - Iter(train) [ 39200/160000]  lr: 6.2831e-02  eta: 12:35:30  time: 0.3739  data_time: 0.0275  memory: 9888  loss: 1.1655  decode.loss_ohem: 0.7844  decode.acc_seg: 89.7803  aux_0.loss_ce: 0.3811  aux_0.acc_seg: 82.7224
2026/07/26 15:00:16 - mmengine - INFO - Iter(train) [ 39300/160000]  lr: 6.2785e-02  eta: 12:34:52  time: 0.3738  data_time: 0.0269  memory: 9887  loss: 1.0569  decode.loss_ohem: 0.7116  decode.acc_seg: 91.8047  aux_0.loss_ce: 0.3453  aux_0.acc_seg: 87.5370
2026/07/26 15:00:54 - mmengine - INFO - Iter(train) [ 39400/160000]  lr: 6.2738e-02  eta: 12:34:15  time: 0.3742  data_time: 0.0278  memory: 9888  loss: 1.1382  decode.loss_ohem: 0.7681  decode.acc_seg: 90.4014  aux_0.loss_ce: 0.3701  aux_0.acc_seg: 88.0945
2026/07/26 15:01:31 - mmengine - INFO - Iter(train) [ 39500/160000]  lr: 6.2691e-02  eta: 12:33:36  time: 0.3712  data_time: 0.0250  memory: 9889  loss: 1.2585  decode.loss_ohem: 0.8608  decode.acc_seg: 85.4311  aux_0.loss_ce: 0.3977  aux_0.acc_seg: 84.8838
2026/07/26 15:02:09 - mmengine - INFO - Iter(train) [ 39600/160000]  lr: 6.2644e-02  eta: 12:32:58  time: 0.3737  data_time: 0.0272  memory: 9888  loss: 1.2058  decode.loss_ohem: 0.7847  decode.acc_seg: 90.0179  aux_0.loss_ce: 0.4211  aux_0.acc_seg: 85.4900
2026/07/26 15:02:46 - mmengine - INFO - Iter(train) [ 39700/160000]  lr: 6.2597e-02  eta: 12:32:21  time: 0.3751  data_time: 0.0281  memory: 9888  loss: 1.1009  decode.loss_ohem: 0.7334  decode.acc_seg: 91.2013  aux_0.loss_ce: 0.3675  aux_0.acc_seg: 87.4497
2026/07/26 15:03:24 - mmengine - INFO - Iter(train) [ 39800/160000]  lr: 6.2550e-02  eta: 12:31:43  time: 0.3746  data_time: 0.0277  memory: 9888  loss: 1.1738  decode.loss_ohem: 0.8097  decode.acc_seg: 89.8419  aux_0.loss_ce: 0.3641  aux_0.acc_seg: 86.5485
2026/07/26 15:04:01 - mmengine - INFO - Iter(train) [ 39900/160000]  lr: 6.2504e-02  eta: 12:31:05  time: 0.3745  data_time: 0.0276  memory: 9887  loss: 1.1502  decode.loss_ohem: 0.7733  decode.acc_seg: 90.4534  aux_0.loss_ce: 0.3770  aux_0.acc_seg: 82.9795
2026/07/26 15:04:38 - mmengine - INFO - Exp name: dsanet_cityscapes_512x1024_20260726_105256
2026/07/26 15:04:38 - mmengine - INFO - Iter(train) [ 40000/160000]  lr: 6.2457e-02  eta: 12:30:27  time: 0.3745  data_time: 0.0279  memory: 9887  loss: 1.1565  decode.loss_ohem: 0.7979  decode.acc_seg: 90.0735  aux_0.loss_ce: 0.3586  aux_0.acc_seg: 86.9193
2026/07/26 15:04:38 - mmengine - INFO - Saving checkpoint at 40000 iterations
2026/07/26 15:04:44 - mmengine - INFO - Iter(val) [100/250]    eta: 0:00:07  time: 0.0473  data_time: 0.0090  memory: 729  
2026/07/26 15:04:48 - mmengine - INFO - Iter(val) [200/250]    eta: 0:00:02  time: 0.0461  data_time: 0.0086  memory: 729  
2026/07/26 15:04:51 - mmengine - INFO - per class results:
2026/07/26 15:04:51 - mmengine - INFO - 
+---------------+-------+-------+
|     Class     |  IoU  |  Acc  |
+---------------+-------+-------+
|      road     | 96.39 | 98.82 |
|    sidewalk   | 73.16 | 77.79 |
|    building   | 88.16 | 94.36 |
|      wall     |  33.6 | 43.49 |
|     fence     | 43.89 | 56.53 |
|      pole     | 52.27 | 65.75 |
| traffic light | 42.48 | 47.44 |
|  traffic sign |  61.2 |  67.1 |
|   vegetation  | 89.58 |  95.1 |
|    terrain    | 49.63 |  71.2 |
|      sky      |  92.1 | 96.83 |
|     person    | 69.57 | 85.21 |
|     rider     |  44.7 | 60.61 |
|      car      | 89.56 | 95.57 |
|     truck     | 43.59 | 46.11 |
|      bus      |  56.3 | 74.85 |
|     train     | 20.23 | 85.18 |
|   motorcycle  | 27.19 | 31.11 |
|    bicycle    | 63.35 | 71.91 |
+---------------+-------+-------+
2026/07/26 15:04:51 - mmengine - INFO - Iter(val) [250/250]    aAcc: 93.2300  mIoU: 59.8400  mAcc: 71.8400  data_time: 0.0102  time: 0.0479
2026/07/26 15:04:51 - mmengine - INFO - The previous best checkpoint /root/autodl-tmp/DSANet-main/tools/work_dirs/dsanet_cityscapes_512x1024/best_mIoU_iter_35000.pth is removed
2026/07/26 15:04:51 - mmengine - INFO - The best checkpoint with 59.8400 mIoU at 40000 iter is saved to best_mIoU_iter_40000.pth.
2026/07/26 15:05:29 - mmengine - INFO - Iter(train) [ 40100/160000]  lr: 6.2410e-02  eta: 12:29:51  time: 0.3813  data_time: 0.0284  memory: 9887  loss: 1.1313  decode.loss_ohem: 0.7434  decode.acc_seg: 91.4670  aux_0.loss_ce: 0.3878  aux_0.acc_seg: 86.3715
2026/07/26 15:06:07 - mmengine - INFO - Iter(train) [ 40200/160000]  lr: 6.2363e-02  eta: 12:29:16  time: 0.3795  data_time: 0.0267  memory: 9888  loss: 1.2581  decode.loss_ohem: 0.8398  decode.acc_seg: 91.9408  aux_0.loss_ce: 0.4183  aux_0.acc_seg: 88.2745
2026/07/26 15:06:45 - mmengine - INFO - Iter(train) [ 40300/160000]  lr: 6.2316e-02  eta: 12:28:39  time: 0.3815  data_time: 0.0275  memory: 9888  loss: 1.3295  decode.loss_ohem: 0.8854  decode.acc_seg: 87.6287  aux_0.loss_ce: 0.4441  aux_0.acc_seg: 84.4448
2026/07/26 15:07:23 - mmengine - INFO - Iter(train) [ 40400/160000]  lr: 6.2269e-02  eta: 12:28:03  time: 0.3800  data_time: 0.0269  memory: 9887  loss: 1.1707  decode.loss_ohem: 0.7890  decode.acc_seg: 90.3602  aux_0.loss_ce: 0.3817  aux_0.acc_seg: 86.2185
2026/07/26 15:08:01 - mmengine - INFO - Iter(train) [ 40500/160000]  lr: 6.2223e-02  eta: 12:27:27  time: 0.3820  data_time: 0.0292  memory: 9889  loss: 1.1854  decode.loss_ohem: 0.7780  decode.acc_seg: 92.7442  aux_0.loss_ce: 0.4075  aux_0.acc_seg: 88.8026
2026/07/26 15:08:39 - mmengine - INFO - Iter(train) [ 40600/160000]  lr: 6.2176e-02  eta: 12:26:51  time: 0.3797  data_time: 0.0271  memory: 9888  loss: 1.0765  decode.loss_ohem: 0.7222  decode.acc_seg: 91.6804  aux_0.loss_ce: 0.3542  aux_0.acc_seg: 87.5232
2026/07/26 15:09:17 - mmengine - INFO - Iter(train) [ 40700/160000]  lr: 6.2129e-02  eta: 12:26:15  time: 0.3828  data_time: 0.0290  memory: 9887  loss: 1.1841  decode.loss_ohem: 0.8359  decode.acc_seg: 90.2195  aux_0.loss_ce: 0.3483  aux_0.acc_seg: 86.9790
2026/07/26 15:09:55 - mmengine - INFO - Iter(train) [ 40800/160000]  lr: 6.2082e-02  eta: 12:25:39  time: 0.3806  data_time: 0.0280  memory: 9888  loss: 1.2253  decode.loss_ohem: 0.8254  decode.acc_seg: 90.5602  aux_0.loss_ce: 0.3999  aux_0.acc_seg: 84.9862
2026/07/26 15:10:33 - mmengine - INFO - Iter(train) [ 40900/160000]  lr: 6.2035e-02  eta: 12:25:04  time: 0.3810  data_time: 0.0280  memory: 9888  loss: 1.1548  decode.loss_ohem: 0.7562  decode.acc_seg: 87.0154  aux_0.loss_ce: 0.3987  aux_0.acc_seg: 80.3422
2026/07/26 15:11:12 - mmengine - INFO - Exp name: dsanet_cityscapes_512x1024_20260726_105256
2026/07/26 15:11:12 - mmengine - INFO - Iter(train) [ 41000/160000]  lr: 6.1988e-02  eta: 12:24:28  time: 0.3815  data_time: 0.0282  memory: 9888  loss: 1.1647  decode.loss_ohem: 0.7870  decode.acc_seg: 91.5524  aux_0.loss_ce: 0.3778  aux_0.acc_seg: 89.1031
2026/07/26 15:11:50 - mmengine - INFO - Iter(train) [ 41100/160000]  lr: 6.1941e-02  eta: 12:23:52  time: 0.3816  data_time: 0.0290  memory: 9889  loss: 1.2299  decode.loss_ohem: 0.8265  decode.acc_seg: 91.4522  aux_0.loss_ce: 0.4034  aux_0.acc_seg: 85.2031
2026/07/26 15:12:28 - mmengine - INFO - Iter(train) [ 41200/160000]  lr: 6.1894e-02  eta: 12:23:16  time: 0.3810  data_time: 0.0274  memory: 9887  loss: 1.1186  decode.loss_ohem: 0.7318  decode.acc_seg: 91.8099  aux_0.loss_ce: 0.3869  aux_0.acc_seg: 87.3448
2026/07/26 15:13:06 - mmengine - INFO - Iter(train) [ 41300/160000]  lr: 6.1848e-02  eta: 12:22:40  time: 0.3783  data_time: 0.0259  memory: 9888  loss: 1.1704  decode.loss_ohem: 0.7987  decode.acc_seg: 92.9476  aux_0.loss_ce: 0.3718  aux_0.acc_seg: 86.8698
2026/07/26 15:13:44 - mmengine - INFO - Iter(train) [ 41400/160000]  lr: 6.1801e-02  eta: 12:22:03  time: 0.3788  data_time: 0.0265  memory: 9887  loss: 1.1003  decode.loss_ohem: 0.7253  decode.acc_seg: 91.3145  aux_0.loss_ce: 0.3751  aux_0.acc_seg: 84.6300
2026/07/26 15:14:22 - mmengine - INFO - Iter(train) [ 41500/160000]  lr: 6.1754e-02  eta: 12:21:26  time: 0.3772  data_time: 0.0263  memory: 9889  loss: 1.1052  decode.loss_ohem: 0.7609  decode.acc_seg: 91.3534  aux_0.loss_ce: 0.3444  aux_0.acc_seg: 88.5892
2026/07/26 15:15:00 - mmengine - INFO - Iter(train) [ 41600/160000]  lr: 6.1707e-02  eta: 12:20:50  time: 0.3806  data_time: 0.0278  memory: 9889  loss: 1.1740  decode.loss_ohem: 0.7802  decode.acc_seg: 89.7076  aux_0.loss_ce: 0.3939  aux_0.acc_seg: 84.0211
2026/07/26 15:15:38 - mmengine - INFO - Iter(train) [ 41700/160000]  lr: 6.1660e-02  eta: 12:20:14  time: 0.3790  data_time: 0.0280  memory: 9888  loss: 1.1029  decode.loss_ohem: 0.7614  decode.acc_seg: 89.4462  aux_0.loss_ce: 0.3415  aux_0.acc_seg: 83.9533
2026/07/26 15:16:16 - mmengine - INFO - Iter(train) [ 41800/160000]  lr: 6.1613e-02  eta: 12:19:38  time: 0.3800  data_time: 0.0283  memory: 9889  loss: 1.1239  decode.loss_ohem: 0.7889  decode.acc_seg: 92.7375  aux_0.loss_ce: 0.3349  aux_0.acc_seg: 89.2405
2026/07/26 15:16:54 - mmengine - INFO - Iter(train) [ 41900/160000]  lr: 6.1566e-02  eta: 12:19:02  time: 0.3824  data_time: 0.0293  memory: 9888  loss: 1.0975  decode.loss_ohem: 0.7131  decode.acc_seg: 92.7394  aux_0.loss_ce: 0.3844  aux_0.acc_seg: 86.9174
2026/07/26 15:17:32 - mmengine - INFO - Exp name: dsanet_cityscapes_512x1024_20260726_105256
2026/07/26 15:17:32 - mmengine - INFO - Iter(train) [ 42000/160000]  lr: 6.1519e-02  eta: 12:18:26  time: 0.3812  data_time: 0.0292  memory: 9887  loss: 1.0961  decode.loss_ohem: 0.7725  decode.acc_seg: 93.1692  aux_0.loss_ce: 0.3237  aux_0.acc_seg: 90.8014
2026/07/26 15:18:10 - mmengine - INFO - Iter(train) [ 42100/160000]  lr: 6.1472e-02  eta: 12:17:51  time: 0.3838  data_time: 0.0291  memory: 9888  loss: 1.1092  decode.loss_ohem: 0.7542  decode.acc_seg: 90.0242  aux_0.loss_ce: 0.3550  aux_0.acc_seg: 83.2325
2026/07/26 15:18:48 - mmengine - INFO - Iter(train) [ 42200/160000]  lr: 6.1425e-02  eta: 12:17:14  time: 0.3788  data_time: 0.0290  memory: 9888  loss: 1.0814  decode.loss_ohem: 0.7118  decode.acc_seg: 90.3502  aux_0.loss_ce: 0.3696  aux_0.acc_seg: 85.1431
2026/07/26 15:19:26 - mmengine - INFO - Iter(train) [ 42300/160000]  lr: 6.1379e-02  eta: 12:16:38  time: 0.3804  data_time: 0.0292  memory: 9889  loss: 1.1407  decode.loss_ohem: 0.7898  decode.acc_seg: 91.1970  aux_0.loss_ce: 0.3509  aux_0.acc_seg: 86.7065
2026/07/26 15:20:04 - mmengine - INFO - Iter(train) [ 42400/160000]  lr: 6.1332e-02  eta: 12:16:01  time: 0.3786  data_time: 0.0280  memory: 9888  loss: 1.1053  decode.loss_ohem: 0.7508  decode.acc_seg: 92.3335  aux_0.loss_ce: 0.3545  aux_0.acc_seg: 88.4430
2026/07/26 15:20:42 - mmengine - INFO - Iter(train) [ 42500/160000]  lr: 6.1285e-02  eta: 12:15:24  time: 0.3781  data_time: 0.0285  memory: 9888  loss: 1.1666  decode.loss_ohem: 0.7989  decode.acc_seg: 92.1129  aux_0.loss_ce: 0.3677  aux_0.acc_seg: 88.9957
2026/07/26 15:21:20 - mmengine - INFO - Iter(train) [ 42600/160000]  lr: 6.1238e-02  eta: 12:14:48  time: 0.3793  data_time: 0.0290  memory: 9887  loss: 1.0184  decode.loss_ohem: 0.7123  decode.acc_seg: 93.9263  aux_0.loss_ce: 0.3061  aux_0.acc_seg: 90.8803
2026/07/26 15:21:58 - mmengine - INFO - Iter(train) [ 42700/160000]  lr: 6.1191e-02  eta: 12:14:11  time: 0.3799  data_time: 0.0276  memory: 9888  loss: 1.0569  decode.loss_ohem: 0.6864  decode.acc_seg: 90.4604  aux_0.loss_ce: 0.3705  aux_0.acc_seg: 86.8389
2026/07/26 15:22:36 - mmengine - INFO - Iter(train) [ 42800/160000]  lr: 6.1144e-02  eta: 12:13:35  time: 0.3782  data_time: 0.0281  memory: 9889  loss: 1.1975  decode.loss_ohem: 0.7831  decode.acc_seg: 90.5128  aux_0.loss_ce: 0.4145  aux_0.acc_seg: 84.6212
2026/07/26 15:23:14 - mmengine - INFO - Iter(train) [ 42900/160000]  lr: 6.1097e-02  eta: 12:12:58  time: 0.3795  data_time: 0.0283  memory: 9887  loss: 1.2195  decode.loss_ohem: 0.8379  decode.acc_seg: 89.9710  aux_0.loss_ce: 0.3817  aux_0.acc_seg: 85.7665
2026/07/26 15:23:52 - mmengine - INFO - Exp name: dsanet_cityscapes_512x1024_20260726_105256
2026/07/26 15:23:52 - mmengine - INFO - Iter(train) [ 43000/160000]  lr: 6.1050e-02  eta: 12:12:22  time: 0.3816  data_time: 0.0297  memory: 9888  loss: 1.1802  decode.loss_ohem: 0.7965  decode.acc_seg: 92.6325  aux_0.loss_ce: 0.3837  aux_0.acc_seg: 89.3047
2026/07/26 15:24:30 - mmengine - INFO - Iter(train) [ 43100/160000]  lr: 6.1003e-02  eta: 12:11:45  time: 0.3783  data_time: 0.0284  memory: 9889  loss: 1.1846  decode.loss_ohem: 0.7801  decode.acc_seg: 91.9825  aux_0.loss_ce: 0.4044  aux_0.acc_seg: 83.5039
2026/07/26 15:25:07 - mmengine - INFO - Iter(train) [ 43200/160000]  lr: 6.0956e-02  eta: 12:11:08  time: 0.3792  data_time: 0.0288  memory: 9889  loss: 1.1775  decode.loss_ohem: 0.7595  decode.acc_seg: 91.1892  aux_0.loss_ce: 0.4180  aux_0.acc_seg: 87.4350
2026/07/26 15:25:45 - mmengine - INFO - Iter(train) [ 43300/160000]  lr: 6.0909e-02  eta: 12:10:31  time: 0.3769  data_time: 0.0285  memory: 9888  loss: 1.0975  decode.loss_ohem: 0.7234  decode.acc_seg: 89.5825  aux_0.loss_ce: 0.3741  aux_0.acc_seg: 83.2449
2026/07/26 15:26:23 - mmengine - INFO - Iter(train) [ 43400/160000]  lr: 6.0862e-02  eta: 12:09:55  time: 0.3775  data_time: 0.0289  memory: 9889  loss: 1.1474  decode.loss_ohem: 0.8040  decode.acc_seg: 89.5959  aux_0.loss_ce: 0.3434  aux_0.acc_seg: 84.8303
2026/07/26 15:27:01 - mmengine - INFO - Iter(train) [ 43500/160000]  lr: 6.0815e-02  eta: 12:09:18  time: 0.3806  data_time: 0.0303  memory: 9889  loss: 1.2633  decode.loss_ohem: 0.8478  decode.acc_seg: 90.5352  aux_0.loss_ce: 0.4155  aux_0.acc_seg: 85.9238
2026/07/26 15:27:39 - mmengine - INFO - Iter(train) [ 43600/160000]  lr: 6.0768e-02  eta: 12:08:41  time: 0.3766  data_time: 0.0283  memory: 9887  loss: 1.2359  decode.loss_ohem: 0.8699  decode.acc_seg: 91.2092  aux_0.loss_ce: 0.3660  aux_0.acc_seg: 84.0094
2026/07/26 15:28:16 - mmengine - INFO - Iter(train) [ 43700/160000]  lr: 6.0721e-02  eta: 12:08:04  time: 0.3785  data_time: 0.0286  memory: 9887  loss: 1.1741  decode.loss_ohem: 0.8354  decode.acc_seg: 91.7537  aux_0.loss_ce: 0.3387  aux_0.acc_seg: 85.4656
2026/07/26 15:28:54 - mmengine - INFO - Iter(train) [ 43800/160000]  lr: 6.0674e-02  eta: 12:07:26  time: 0.3757  data_time: 0.0283  memory: 9888  loss: 1.1283  decode.loss_ohem: 0.7913  decode.acc_seg: 93.9985  aux_0.loss_ce: 0.3371  aux_0.acc_seg: 89.9891
2026/07/26 15:29:32 - mmengine - INFO - Iter(train) [ 43900/160000]  lr: 6.0627e-02  eta: 12:06:49  time: 0.3769  data_time: 0.0286  memory: 9889  loss: 1.0728  decode.loss_ohem: 0.7109  decode.acc_seg: 90.8753  aux_0.loss_ce: 0.3619  aux_0.acc_seg: 86.7984
2026/07/26 15:30:09 - mmengine - INFO - Exp name: dsanet_cityscapes_512x1024_20260726_105256
2026/07/26 15:30:09 - mmengine - INFO - Iter(train) [ 44000/160000]  lr: 6.0580e-02  eta: 12:06:11  time: 0.3756  data_time: 0.0283  memory: 9887  loss: 1.1475  decode.loss_ohem: 0.7945  decode.acc_seg: 89.8693  aux_0.loss_ce: 0.3530  aux_0.acc_seg: 85.9304
2026/07/26 15:30:47 - mmengine - INFO - Iter(train) [ 44100/160000]  lr: 6.0533e-02  eta: 12:05:34  time: 0.3756  data_time: 0.0284  memory: 9889  loss: 1.0978  decode.loss_ohem: 0.7506  decode.acc_seg: 91.7259  aux_0.loss_ce: 0.3472  aux_0.acc_seg: 87.6168
2026/07/26 15:31:24 - mmengine - INFO - Iter(train) [ 44200/160000]  lr: 6.0486e-02  eta: 12:04:57  time: 0.3771  data_time: 0.0297  memory: 9888  loss: 1.1553  decode.loss_ohem: 0.7815  decode.acc_seg: 91.2268  aux_0.loss_ce: 0.3738  aux_0.acc_seg: 83.0989
2026/07/26 15:32:02 - mmengine - INFO - Iter(train) [ 44300/160000]  lr: 6.0439e-02  eta: 12:04:19  time: 0.3746  data_time: 0.0279  memory: 9887  loss: 1.1783  decode.loss_ohem: 0.8353  decode.acc_seg: 87.0938  aux_0.loss_ce: 0.3430  aux_0.acc_seg: 84.7166
2026/07/26 15:32:40 - mmengine - INFO - Iter(train) [ 44400/160000]  lr: 6.0392e-02  eta: 12:03:42  time: 0.3771  data_time: 0.0285  memory: 9887  loss: 1.1158  decode.loss_ohem: 0.7667  decode.acc_seg: 92.1997  aux_0.loss_ce: 0.3492  aux_0.acc_seg: 88.9273
2026/07/26 15:33:17 - mmengine - INFO - Iter(train) [ 44500/160000]  lr: 6.0345e-02  eta: 12:03:04  time: 0.3750  data_time: 0.0280  memory: 9889  loss: 1.0879  decode.loss_ohem: 0.7341  decode.acc_seg: 88.7051  aux_0.loss_ce: 0.3537  aux_0.acc_seg: 77.8507
2026/07/26 15:33:55 - mmengine - INFO - Iter(train) [ 44600/160000]  lr: 6.0298e-02  eta: 12:02:27  time: 0.3743  data_time: 0.0278  memory: 9887  loss: 1.1429  decode.loss_ohem: 0.7912  decode.acc_seg: 92.0988  aux_0.loss_ce: 0.3517  aux_0.acc_seg: 85.3831
2026/07/26 15:34:32 - mmengine - INFO - Iter(train) [ 44700/160000]  lr: 6.0251e-02  eta: 12:01:49  time: 0.3740  data_time: 0.0267  memory: 9887  loss: 1.1736  decode.loss_ohem: 0.8095  decode.acc_seg: 92.6396  aux_0.loss_ce: 0.3641  aux_0.acc_seg: 89.1925
2026/07/26 15:35:10 - mmengine - INFO - Iter(train) [ 44800/160000]  lr: 6.0204e-02  eta: 12:01:11  time: 0.3782  data_time: 0.0289  memory: 9889  loss: 1.3614  decode.loss_ohem: 0.8913  decode.acc_seg: 91.2695  aux_0.loss_ce: 0.4701  aux_0.acc_seg: 86.5678
2026/07/26 15:35:48 - mmengine - INFO - Iter(train) [ 44900/160000]  lr: 6.0157e-02  eta: 12:00:34  time: 0.3755  data_time: 0.0277  memory: 9889  loss: 1.1426  decode.loss_ohem: 0.7777  decode.acc_seg: 90.3352  aux_0.loss_ce: 0.3649  aux_0.acc_seg: 85.7147
2026/07/26 15:36:25 - mmengine - INFO - Exp name: dsanet_cityscapes_512x1024_20260726_105256
2026/07/26 15:36:25 - mmengine - INFO - Iter(train) [ 45000/160000]  lr: 6.0110e-02  eta: 11:59:56  time: 0.3755  data_time: 0.0276  memory: 9889  loss: 1.0859  decode.loss_ohem: 0.7345  decode.acc_seg: 91.8637  aux_0.loss_ce: 0.3514  aux_0.acc_seg: 89.9767
2026/07/26 15:36:25 - mmengine - INFO - Saving checkpoint at 45000 iterations
2026/07/26 15:36:30 - mmengine - INFO - Iter(val) [100/250]    eta: 0:00:07  time: 0.0465  data_time: 0.0094  memory: 729  
2026/07/26 15:36:35 - mmengine - INFO - Iter(val) [200/250]    eta: 0:00:02  time: 0.0469  data_time: 0.0094  memory: 729  
2026/07/26 15:36:38 - mmengine - INFO - per class results:
2026/07/26 15:36:38 - mmengine - INFO - 
+---------------+-------+-------+
|     Class     |  IoU  |  Acc  |
+---------------+-------+-------+
|      road     | 96.72 | 98.62 |
|    sidewalk   | 75.94 | 83.67 |
|    building   | 87.64 | 93.69 |
|      wall     | 29.61 | 34.28 |
|     fence     |  42.8 | 48.93 |
|      pole     | 51.44 | 65.68 |
| traffic light | 48.37 | 60.81 |
|  traffic sign | 61.48 | 79.06 |
|   vegetation  | 89.43 | 95.63 |
|    terrain    | 54.42 | 66.06 |
|      sky      | 90.47 | 94.71 |
|     person    | 71.22 | 85.12 |
|     rider     | 43.78 | 52.11 |
|      car      | 90.18 | 96.11 |
|     truck     | 40.11 | 65.19 |
|      bus      | 64.52 | 77.84 |
|     train     |  45.9 |  78.4 |
|   motorcycle  |  23.6 | 27.05 |
|    bicycle    | 64.37 | 86.24 |
+---------------+-------+-------+
2026/07/26 15:36:38 - mmengine - INFO - Iter(val) [250/250]    aAcc: 93.4500  mIoU: 61.6800  mAcc: 73.1200  data_time: 0.0105  time: 0.0483
2026/07/26 15:36:38 - mmengine - INFO - The previous best checkpoint /root/autodl-tmp/DSANet-main/tools/work_dirs/dsanet_cityscapes_512x1024/best_mIoU_iter_40000.pth is removed
2026/07/26 15:36:38 - mmengine - INFO - The best checkpoint with 61.6800 mIoU at 45000 iter is saved to best_mIoU_iter_45000.pth.
2026/07/26 15:37:16 - mmengine - INFO - Iter(train) [ 45100/160000]  lr: 6.0063e-02  eta: 11:59:21  time: 0.3749  data_time: 0.0277  memory: 9889  loss: 1.2789  decode.loss_ohem: 0.8807  decode.acc_seg: 88.9840  aux_0.loss_ce: 0.3981  aux_0.acc_seg: 84.6716
2026/07/26 15:37:53 - mmengine - INFO - Iter(train) [ 45200/160000]  lr: 6.0016e-02  eta: 11:58:43  time: 0.3763  data_time: 0.0286  memory: 9888  loss: 1.1346  decode.loss_ohem: 0.7962  decode.acc_seg: 91.3293  aux_0.loss_ce: 0.3384  aux_0.acc_seg: 86.6637
2026/07/26 15:38:31 - mmengine - INFO - Iter(train) [ 45300/160000]  lr: 5.9969e-02  eta: 11:58:06  time: 0.3735  data_time: 0.0266  memory: 9887  loss: 1.0571  decode.loss_ohem: 0.7347  decode.acc_seg: 92.9592  aux_0.loss_ce: 0.3224  aux_0.acc_seg: 89.1946
2026/07/26 15:39:09 - mmengine - INFO - Iter(train) [ 45400/160000]  lr: 5.9922e-02  eta: 11:57:28  time: 0.3763  data_time: 0.0281  memory: 9888  loss: 1.2101  decode.loss_ohem: 0.8283  decode.acc_seg: 92.2808  aux_0.loss_ce: 0.3819  aux_0.acc_seg: 89.1854
2026/07/26 15:39:46 - mmengine - INFO - Iter(train) [ 45500/160000]  lr: 5.9875e-02  eta: 11:56:51  time: 0.3758  data_time: 0.0284  memory: 9889  loss: 1.0616  decode.loss_ohem: 0.7340  decode.acc_seg: 90.0796  aux_0.loss_ce: 0.3276  aux_0.acc_seg: 87.2400
2026/07/26 15:40:24 - mmengine - INFO - Iter(train) [ 45600/160000]  lr: 5.9828e-02  eta: 11:56:13  time: 0.3746  data_time: 0.0272  memory: 9887  loss: 1.1045  decode.loss_ohem: 0.7602  decode.acc_seg: 90.0964  aux_0.loss_ce: 0.3442  aux_0.acc_seg: 86.9191
2026/07/26 15:41:01 - mmengine - INFO - Iter(train) [ 45700/160000]  lr: 5.9781e-02  eta: 11:55:36  time: 0.3740  data_time: 0.0273  memory: 9887  loss: 1.0687  decode.loss_ohem: 0.7583  decode.acc_seg: 91.6138  aux_0.loss_ce: 0.3105  aux_0.acc_seg: 87.8097
2026/07/26 15:41:39 - mmengine - INFO - Iter(train) [ 45800/160000]  lr: 5.9734e-02  eta: 11:54:58  time: 0.3759  data_time: 0.0284  memory: 9887  loss: 1.1064  decode.loss_ohem: 0.7407  decode.acc_seg: 92.0792  aux_0.loss_ce: 0.3657  aux_0.acc_seg: 89.2633
2026/07/26 15:42:17 - mmengine - INFO - Iter(train) [ 45900/160000]  lr: 5.9687e-02  eta: 11:54:21  time: 0.3770  data_time: 0.0285  memory: 9889  loss: 1.0459  decode.loss_ohem: 0.7178  decode.acc_seg: 90.9230  aux_0.loss_ce: 0.3281  aux_0.acc_seg: 86.5621
2026/07/26 15:42:54 - mmengine - INFO - Exp name: dsanet_cityscapes_512x1024_20260726_105256
2026/07/26 15:42:54 - mmengine - INFO - Iter(train) [ 46000/160000]  lr: 5.9639e-02  eta: 11:53:43  time: 0.3767  data_time: 0.0283  memory: 9889  loss: 1.1816  decode.loss_ohem: 0.7950  decode.acc_seg: 86.6492  aux_0.loss_ce: 0.3866  aux_0.acc_seg: 79.1927
2026/07/26 15:43:32 - mmengine - INFO - Iter(train) [ 46100/160000]  lr: 5.9592e-02  eta: 11:53:06  time: 0.3755  data_time: 0.0283  memory: 9888  loss: 1.1389  decode.loss_ohem: 0.7662  decode.acc_seg: 89.3417  aux_0.loss_ce: 0.3727  aux_0.acc_seg: 88.1820
2026/07/26 15:44:09 - mmengine - INFO - Iter(train) [ 46200/160000]  lr: 5.9545e-02  eta: 11:52:28  time: 0.3752  data_time: 0.0276  memory: 9888  loss: 1.0834  decode.loss_ohem: 0.7265  decode.acc_seg: 92.3255  aux_0.loss_ce: 0.3568  aux_0.acc_seg: 88.2785
2026/07/26 15:44:47 - mmengine - INFO - Iter(train) [ 46300/160000]  lr: 5.9498e-02  eta: 11:51:51  time: 0.3762  data_time: 0.0285  memory: 9889  loss: 1.0829  decode.loss_ohem: 0.7401  decode.acc_seg: 92.1864  aux_0.loss_ce: 0.3428  aux_0.acc_seg: 86.5954
2026/07/26 15:45:25 - mmengine - INFO - Iter(train) [ 46400/160000]  lr: 5.9451e-02  eta: 11:51:13  time: 0.3773  data_time: 0.0291  memory: 9887  loss: 1.1640  decode.loss_ohem: 0.7872  decode.acc_seg: 88.4021  aux_0.loss_ce: 0.3768  aux_0.acc_seg: 84.5469
2026/07/26 15:46:02 - mmengine - INFO - Iter(train) [ 46500/160000]  lr: 5.9404e-02  eta: 11:50:36  time: 0.3753  data_time: 0.0271  memory: 9889  loss: 1.0651  decode.loss_ohem: 0.7500  decode.acc_seg: 92.6192  aux_0.loss_ce: 0.3151  aux_0.acc_seg: 86.9649
2026/07/26 15:46:40 - mmengine - INFO - Iter(train) [ 46600/160000]  lr: 5.9357e-02  eta: 11:49:58  time: 0.3808  data_time: 0.0300  memory: 9888  loss: 1.1199  decode.loss_ohem: 0.7671  decode.acc_seg: 89.2636  aux_0.loss_ce: 0.3528  aux_0.acc_seg: 84.7579
2026/07/26 15:47:18 - mmengine - INFO - Iter(train) [ 46700/160000]  lr: 5.9310e-02  eta: 11:49:21  time: 0.3760  data_time: 0.0280  memory: 9887  loss: 1.1677  decode.loss_ohem: 0.8104  decode.acc_seg: 92.5610  aux_0.loss_ce: 0.3574  aux_0.acc_seg: 88.9203
2026/07/26 15:47:55 - mmengine - INFO - Iter(train) [ 46800/160000]  lr: 5.9263e-02  eta: 11:48:44  time: 0.3774  data_time: 0.0280  memory: 9889  loss: 1.2548  decode.loss_ohem: 0.8627  decode.acc_seg: 86.6475  aux_0.loss_ce: 0.3920  aux_0.acc_seg: 81.4673
2026/07/26 15:48:33 - mmengine - INFO - Iter(train) [ 46900/160000]  lr: 5.9216e-02  eta: 11:48:07  time: 0.3796  data_time: 0.0302  memory: 9888  loss: 1.2602  decode.loss_ohem: 0.8641  decode.acc_seg: 89.7673  aux_0.loss_ce: 0.3961  aux_0.acc_seg: 85.5012
2026/07/26 15:49:11 - mmengine - INFO - Exp name: dsanet_cityscapes_512x1024_20260726_105256
2026/07/26 15:49:11 - mmengine - INFO - Iter(train) [ 47000/160000]  lr: 5.9169e-02  eta: 11:47:29  time: 0.3761  data_time: 0.0271  memory: 9889  loss: 1.0759  decode.loss_ohem: 0.7462  decode.acc_seg: 89.4469  aux_0.loss_ce: 0.3297  aux_0.acc_seg: 84.1970
2026/07/26 15:49:48 - mmengine - INFO - Iter(train) [ 47100/160000]  lr: 5.9121e-02  eta: 11:46:52  time: 0.3782  data_time: 0.0286  memory: 9889  loss: 1.1007  decode.loss_ohem: 0.7169  decode.acc_seg: 87.4090  aux_0.loss_ce: 0.3838  aux_0.acc_seg: 84.3889
2026/07/26 15:50:26 - mmengine - INFO - Iter(train) [ 47200/160000]  lr: 5.9074e-02  eta: 11:46:15  time: 0.3781  data_time: 0.0287  memory: 9889  loss: 1.0753  decode.loss_ohem: 0.7146  decode.acc_seg: 91.2464  aux_0.loss_ce: 0.3608  aux_0.acc_seg: 84.8234
2026/07/26 15:51:04 - mmengine - INFO - Iter(train) [ 47300/160000]  lr: 5.9027e-02  eta: 11:45:38  time: 0.3798  data_time: 0.0298  memory: 9887  loss: 1.1213  decode.loss_ohem: 0.7514  decode.acc_seg: 91.1699  aux_0.loss_ce: 0.3698  aux_0.acc_seg: 88.8623
2026/07/26 15:51:42 - mmengine - INFO - Iter(train) [ 47400/160000]  lr: 5.8980e-02  eta: 11:45:01  time: 0.3782  data_time: 0.0289  memory: 9886  loss: 1.1166  decode.loss_ohem: 0.7584  decode.acc_seg: 92.1779  aux_0.loss_ce: 0.3582  aux_0.acc_seg: 89.3836
2026/07/26 15:52:20 - mmengine - INFO - Iter(train) [ 47500/160000]  lr: 5.8933e-02  eta: 11:44:24  time: 0.3762  data_time: 0.0288  memory: 9887  loss: 1.0952  decode.loss_ohem: 0.7473  decode.acc_seg: 85.7496  aux_0.loss_ce: 0.3479  aux_0.acc_seg: 82.8921
2026/07/26 15:52:57 - mmengine - INFO - Iter(train) [ 47600/160000]  lr: 5.8886e-02  eta: 11:43:47  time: 0.3770  data_time: 0.0283  memory: 9887  loss: 1.1202  decode.loss_ohem: 0.7669  decode.acc_seg: 91.5285  aux_0.loss_ce: 0.3533  aux_0.acc_seg: 86.9228
2026/07/26 15:53:35 - mmengine - INFO - Iter(train) [ 47700/160000]  lr: 5.8839e-02  eta: 11:43:09  time: 0.3767  data_time: 0.0286  memory: 9889  loss: 1.1540  decode.loss_ohem: 0.7723  decode.acc_seg: 91.2564  aux_0.loss_ce: 0.3817  aux_0.acc_seg: 89.4161
2026/07/26 15:54:13 - mmengine - INFO - Iter(train) [ 47800/160000]  lr: 5.8791e-02  eta: 11:42:32  time: 0.3756  data_time: 0.0271  memory: 9889  loss: 1.1337  decode.loss_ohem: 0.7483  decode.acc_seg: 88.8352  aux_0.loss_ce: 0.3854  aux_0.acc_seg: 88.1914
2026/07/26 15:54:50 - mmengine - INFO - Iter(train) [ 47900/160000]  lr: 5.8744e-02  eta: 11:41:54  time: 0.3764  data_time: 0.0282  memory: 9889  loss: 1.1841  decode.loss_ohem: 0.8172  decode.acc_seg: 87.6400  aux_0.loss_ce: 0.3669  aux_0.acc_seg: 84.2350
2026/07/26 15:55:28 - mmengine - INFO - Exp name: dsanet_cityscapes_512x1024_20260726_105256
2026/07/26 15:55:28 - mmengine - INFO - Iter(train) [ 48000/160000]  lr: 5.8697e-02  eta: 11:41:17  time: 0.3765  data_time: 0.0287  memory: 9887  loss: 1.1857  decode.loss_ohem: 0.8002  decode.acc_seg: 90.1469  aux_0.loss_ce: 0.3855  aux_0.acc_seg: 82.3829
2026/07/26 15:56:05 - mmengine - INFO - Iter(train) [ 48100/160000]  lr: 5.8650e-02  eta: 11:40:39  time: 0.3754  data_time: 0.0279  memory: 9887  loss: 1.1571  decode.loss_ohem: 0.8066  decode.acc_seg: 93.2637  aux_0.loss_ce: 0.3505  aux_0.acc_seg: 87.5548
2026/07/26 15:56:43 - mmengine - INFO - Iter(train) [ 48200/160000]  lr: 5.8603e-02  eta: 11:40:02  time: 0.3796  data_time: 0.0304  memory: 9888  loss: 1.3012  decode.loss_ohem: 0.8881  decode.acc_seg: 91.9398  aux_0.loss_ce: 0.4131  aux_0.acc_seg: 86.6688
2026/07/26 15:57:21 - mmengine - INFO - Iter(train) [ 48300/160000]  lr: 5.8556e-02  eta: 11:39:24  time: 0.3762  data_time: 0.0281  memory: 9889  loss: 1.2122  decode.loss_ohem: 0.8298  decode.acc_seg: 91.4551  aux_0.loss_ce: 0.3825  aux_0.acc_seg: 85.7306
2026/07/26 15:57:58 - mmengine - INFO - Iter(train) [ 48400/160000]  lr: 5.8508e-02  eta: 11:38:47  time: 0.3766  data_time: 0.0292  memory: 9889  loss: 1.1892  decode.loss_ohem: 0.8226  decode.acc_seg: 92.3241  aux_0.loss_ce: 0.3666  aux_0.acc_seg: 89.5487
2026/07/26 15:58:36 - mmengine - INFO - Iter(train) [ 48500/160000]  lr: 5.8461e-02  eta: 11:38:10  time: 0.3754  data_time: 0.0281  memory: 9886  loss: 1.1343  decode.loss_ohem: 0.7998  decode.acc_seg: 92.2301  aux_0.loss_ce: 0.3345  aux_0.acc_seg: 86.1834
2026/07/26 15:59:14 - mmengine - INFO - Iter(train) [ 48600/160000]  lr: 5.8414e-02  eta: 11:37:33  time: 0.3783  data_time: 0.0297  memory: 9888  loss: 1.1013  decode.loss_ohem: 0.7616  decode.acc_seg: 92.1868  aux_0.loss_ce: 0.3397  aux_0.acc_seg: 87.1614
2026/07/26 15:59:52 - mmengine - INFO - Iter(train) [ 48700/160000]  lr: 5.8367e-02  eta: 11:36:55  time: 0.3757  data_time: 0.0285  memory: 9888  loss: 1.1654  decode.loss_ohem: 0.8296  decode.acc_seg: 92.0080  aux_0.loss_ce: 0.3358  aux_0.acc_seg: 87.3460
2026/07/26 16:00:29 - mmengine - INFO - Iter(train) [ 48800/160000]  lr: 5.8320e-02  eta: 11:36:18  time: 0.3772  data_time: 0.0288  memory: 9889  loss: 1.0913  decode.loss_ohem: 0.7406  decode.acc_seg: 91.1240  aux_0.loss_ce: 0.3508  aux_0.acc_seg: 86.7543
2026/07/26 16:01:07 - mmengine - INFO - Iter(train) [ 48900/160000]  lr: 5.8273e-02  eta: 11:35:40  time: 0.3783  data_time: 0.0295  memory: 9888  loss: 1.0827  decode.loss_ohem: 0.7419  decode.acc_seg: 88.2086  aux_0.loss_ce: 0.3408  aux_0.acc_seg: 83.5777
2026/07/26 16:01:44 - mmengine - INFO - Exp name: dsanet_cityscapes_512x1024_20260726_105256
2026/07/26 16:01:44 - mmengine - INFO - Iter(train) [ 49000/160000]  lr: 5.8225e-02  eta: 11:35:03  time: 0.3775  data_time: 0.0288  memory: 9888  loss: 1.2172  decode.loss_ohem: 0.8121  decode.acc_seg: 90.3206  aux_0.loss_ce: 0.4052  aux_0.acc_seg: 87.4170
2026/07/26 16:02:22 - mmengine - INFO - Iter(train) [ 49100/160000]  lr: 5.8178e-02  eta: 11:34:26  time: 0.3761  data_time: 0.0277  memory: 9889  loss: 1.1380  decode.loss_ohem: 0.7638  decode.acc_seg: 89.3409  aux_0.loss_ce: 0.3742  aux_0.acc_seg: 86.2054
2026/07/26 16:03:00 - mmengine - INFO - Iter(train) [ 49200/160000]  lr: 5.8131e-02  eta: 11:33:48  time: 0.3749  data_time: 0.0267  memory: 9887  loss: 1.1485  decode.loss_ohem: 0.7709  decode.acc_seg: 92.5690  aux_0.loss_ce: 0.3777  aux_0.acc_seg: 89.3519
2026/07/26 16:03:37 - mmengine - INFO - Iter(train) [ 49300/160000]  lr: 5.8084e-02  eta: 11:33:10  time: 0.3755  data_time: 0.0283  memory: 9889  loss: 1.1543  decode.loss_ohem: 0.7906  decode.acc_seg: 90.9311  aux_0.loss_ce: 0.3637  aux_0.acc_seg: 85.4970
2026/07/26 16:04:15 - mmengine - INFO - Iter(train) [ 49400/160000]  lr: 5.8037e-02  eta: 11:32:33  time: 0.3756  data_time: 0.0278  memory: 9887  loss: 1.1110  decode.loss_ohem: 0.7627  decode.acc_seg: 92.7397  aux_0.loss_ce: 0.3484  aux_0.acc_seg: 88.0827
2026/07/26 16:04:53 - mmengine - INFO - Iter(train) [ 49500/160000]  lr: 5.7989e-02  eta: 11:31:56  time: 0.3758  data_time: 0.0283  memory: 9888  loss: 1.1579  decode.loss_ohem: 0.8321  decode.acc_seg: 89.4413  aux_0.loss_ce: 0.3258  aux_0.acc_seg: 85.0429
2026/07/26 16:05:30 - mmengine - INFO - Iter(train) [ 49600/160000]  lr: 5.7942e-02  eta: 11:31:18  time: 0.3768  data_time: 0.0277  memory: 9888  loss: 1.2300  decode.loss_ohem: 0.8189  decode.acc_seg: 93.5946  aux_0.loss_ce: 0.4111  aux_0.acc_seg: 88.9919
2026/07/26 16:06:08 - mmengine - INFO - Iter(train) [ 49700/160000]  lr: 5.7895e-02  eta: 11:30:41  time: 0.3755  data_time: 0.0274  memory: 9887  loss: 1.1525  decode.loss_ohem: 0.7796  decode.acc_seg: 93.4113  aux_0.loss_ce: 0.3728  aux_0.acc_seg: 89.7359
2026/07/26 16:06:46 - mmengine - INFO - Iter(train) [ 49800/160000]  lr: 5.7848e-02  eta: 11:30:04  time: 0.3769  data_time: 0.0285  memory: 9887  loss: 1.1186  decode.loss_ohem: 0.7633  decode.acc_seg: 91.4682  aux_0.loss_ce: 0.3552  aux_0.acc_seg: 84.5452
2026/07/26 16:07:23 - mmengine - INFO - Iter(train) [ 49900/160000]  lr: 5.7800e-02  eta: 11:29:26  time: 0.3784  data_time: 0.0303  memory: 9889  loss: 1.0414  decode.loss_ohem: 0.7101  decode.acc_seg: 89.8116  aux_0.loss_ce: 0.3313  aux_0.acc_seg: 86.3566
2026/07/26 16:08:01 - mmengine - INFO - Exp name: dsanet_cityscapes_512x1024_20260726_105256
2026/07/26 16:08:01 - mmengine - INFO - Iter(train) [ 50000/160000]  lr: 5.7753e-02  eta: 11:28:49  time: 0.3750  data_time: 0.0275  memory: 9888  loss: 1.1600  decode.loss_ohem: 0.7694  decode.acc_seg: 88.3054  aux_0.loss_ce: 0.3906  aux_0.acc_seg: 82.0942
2026/07/26 16:08:01 - mmengine - INFO - Saving checkpoint at 50000 iterations
2026/07/26 16:08:06 - mmengine - INFO - Iter(val) [100/250]    eta: 0:00:07  time: 0.0477  data_time: 0.0095  memory: 729  
2026/07/26 16:08:11 - mmengine - INFO - Iter(val) [200/250]    eta: 0:00:02  time: 0.0484  data_time: 0.0100  memory: 729  
2026/07/26 16:08:14 - mmengine - INFO - per class results:
2026/07/26 16:08:14 - mmengine - INFO - 
+---------------+-------+-------+
|     Class     |  IoU  |  Acc  |
+---------------+-------+-------+
|      road     | 96.75 | 97.63 |
|    sidewalk   | 76.51 | 90.14 |
|    building   | 88.41 | 94.15 |
|      wall     | 30.23 | 33.98 |
|     fence     | 48.11 | 60.48 |
|      pole     | 52.13 | 67.05 |
| traffic light |  47.6 | 57.48 |
|  traffic sign | 64.39 | 77.48 |
|   vegetation  | 88.94 | 94.63 |
|    terrain    | 52.56 |  74.8 |
|      sky      | 91.09 | 95.51 |
|     person    | 69.11 | 85.87 |
|     rider     | 47.02 | 64.82 |
|      car      | 89.15 | 95.36 |
|     truck     | 39.27 | 43.69 |
|      bus      | 61.83 | 86.98 |
|     train     | 48.88 | 61.79 |
|   motorcycle  |  28.4 | 44.44 |
|    bicycle    | 66.16 |  81.4 |
+---------------+-------+-------+
2026/07/26 16:08:14 - mmengine - INFO - Iter(val) [250/250]    aAcc: 93.4700  mIoU: 62.4500  mAcc: 74.0900  data_time: 0.0109  time: 0.0491
2026/07/26 16:08:14 - mmengine - INFO - The previous best checkpoint /root/autodl-tmp/DSANet-main/tools/work_dirs/dsanet_cityscapes_512x1024/best_mIoU_iter_45000.pth is removed
2026/07/26 16:08:14 - mmengine - INFO - The best checkpoint with 62.4500 mIoU at 50000 iter is saved to best_mIoU_iter_50000.pth.
2026/07/26 16:08:52 - mmengine - INFO - Iter(train) [ 50100/160000]  lr: 5.7706e-02  eta: 11:28:13  time: 0.3760  data_time: 0.0285  memory: 9887  loss: 1.0892  decode.loss_ohem: 0.7568  decode.acc_seg: 90.0214  aux_0.loss_ce: 0.3323  aux_0.acc_seg: 86.3438
2026/07/26 16:09:29 - mmengine - INFO - Iter(train) [ 50200/160000]  lr: 5.7659e-02  eta: 11:27:35  time: 0.3764  data_time: 0.0293  memory: 9888  loss: 1.1495  decode.loss_ohem: 0.8053  decode.acc_seg: 89.2277  aux_0.loss_ce: 0.3441  aux_0.acc_seg: 86.1170
2026/07/26 16:10:07 - mmengine - INFO - Iter(train) [ 50300/160000]  lr: 5.7611e-02  eta: 11:26:58  time: 0.3763  data_time: 0.0285  memory: 9888  loss: 1.0538  decode.loss_ohem: 0.7214  decode.acc_seg: 90.1747  aux_0.loss_ce: 0.3324  aux_0.acc_seg: 85.0011
2026/07/26 16:10:45 - mmengine - INFO - Iter(train) [ 50400/160000]  lr: 5.7564e-02  eta: 11:26:21  time: 0.3784  data_time: 0.0294  memory: 9889  loss: 1.0896  decode.loss_ohem: 0.7494  decode.acc_seg: 90.1428  aux_0.loss_ce: 0.3403  aux_0.acc_seg: 87.2448
2026/07/26 16:11:23 - mmengine - INFO - Iter(train) [ 50500/160000]  lr: 5.7517e-02  eta: 11:25:43  time: 0.3764  data_time: 0.0287  memory: 9888  loss: 1.1196  decode.loss_ohem: 0.7767  decode.acc_seg: 91.7667  aux_0.loss_ce: 0.3428  aux_0.acc_seg: 87.3231
2026/07/26 16:12:00 - mmengine - INFO - Iter(train) [ 50600/160000]  lr: 5.7470e-02  eta: 11:25:06  time: 0.3751  data_time: 0.0273  memory: 9886  loss: 1.0946  decode.loss_ohem: 0.7357  decode.acc_seg: 92.5120  aux_0.loss_ce: 0.3589  aux_0.acc_seg: 88.2262
2026/07/26 16:12:38 - mmengine - INFO - Iter(train) [ 50700/160000]  lr: 5.7422e-02  eta: 11:24:28  time: 0.3761  data_time: 0.0284  memory: 9889  loss: 1.1330  decode.loss_ohem: 0.7989  decode.acc_seg: 90.0716  aux_0.loss_ce: 0.3341  aux_0.acc_seg: 87.7647
2026/07/26 16:13:16 - mmengine - INFO - Iter(train) [ 50800/160000]  lr: 5.7375e-02  eta: 11:23:51  time: 0.3771  data_time: 0.0287  memory: 9887  loss: 1.0629  decode.loss_ohem: 0.7493  decode.acc_seg: 92.4743  aux_0.loss_ce: 0.3136  aux_0.acc_seg: 88.0409
2026/07/26 16:13:53 - mmengine - INFO - Iter(train) [ 50900/160000]  lr: 5.7328e-02  eta: 11:23:14  time: 0.3782  data_time: 0.0289  memory: 9887  loss: 1.1937  decode.loss_ohem: 0.7950  decode.acc_seg: 87.8766  aux_0.loss_ce: 0.3986  aux_0.acc_seg: 85.9920
2026/07/26 16:14:31 - mmengine - INFO - Exp name: dsanet_cityscapes_512x1024_20260726_105256
2026/07/26 16:14:31 - mmengine - INFO - Iter(train) [ 51000/160000]  lr: 5.7280e-02  eta: 11:22:36  time: 0.3757  data_time: 0.0276  memory: 9887  loss: 1.3003  decode.loss_ohem: 0.8480  decode.acc_seg: 90.4671  aux_0.loss_ce: 0.4523  aux_0.acc_seg: 87.3011
2026/07/26 16:15:09 - mmengine - INFO - Iter(train) [ 51100/160000]  lr: 5.7233e-02  eta: 11:21:59  time: 0.3773  data_time: 0.0284  memory: 9889  loss: 1.1033  decode.loss_ohem: 0.7362  decode.acc_seg: 91.4800  aux_0.loss_ce: 0.3670  aux_0.acc_seg: 87.9386
2026/07/26 16:15:46 - mmengine - INFO - Iter(train) [ 51200/160000]  lr: 5.7186e-02  eta: 11:21:21  time: 0.3752  data_time: 0.0276  memory: 9887  loss: 1.1287  decode.loss_ohem: 0.7836  decode.acc_seg: 91.2797  aux_0.loss_ce: 0.3450  aux_0.acc_seg: 88.2936
2026/07/26 16:16:24 - mmengine - INFO - Iter(train) [ 51300/160000]  lr: 5.7139e-02  eta: 11:20:44  time: 0.3799  data_time: 0.0307  memory: 9887  loss: 1.1661  decode.loss_ohem: 0.8145  decode.acc_seg: 89.5421  aux_0.loss_ce: 0.3517  aux_0.acc_seg: 81.3973
2026/07/26 16:17:02 - mmengine - INFO - Iter(train) [ 51400/160000]  lr: 5.7091e-02  eta: 11:20:07  time: 0.3764  data_time: 0.0285  memory: 9889  loss: 1.1038  decode.loss_ohem: 0.7605  decode.acc_seg: 92.2113  aux_0.loss_ce: 0.3432  aux_0.acc_seg: 86.0906
2026/07/26 16:17:39 - mmengine - INFO - Iter(train) [ 51500/160000]  lr: 5.7044e-02  eta: 11:19:30  time: 0.3768  data_time: 0.0285  memory: 9887  loss: 1.1080  decode.loss_ohem: 0.7649  decode.acc_seg: 94.6481  aux_0.loss_ce: 0.3431  aux_0.acc_seg: 91.6649
2026/07/26 16:18:17 - mmengine - INFO - Iter(train) [ 51600/160000]  lr: 5.6997e-02  eta: 11:18:52  time: 0.3775  data_time: 0.0288  memory: 9889  loss: 1.2061  decode.loss_ohem: 0.8101  decode.acc_seg: 91.0415  aux_0.loss_ce: 0.3960  aux_0.acc_seg: 85.6813
2026/07/26 16:18:55 - mmengine - INFO - Iter(train) [ 51700/160000]  lr: 5.6949e-02  eta: 11:18:15  time: 0.3778  data_time: 0.0293  memory: 9888  loss: 1.1623  decode.loss_ohem: 0.7877  decode.acc_seg: 88.7014  aux_0.loss_ce: 0.3746  aux_0.acc_seg: 84.0659
2026/07/26 16:19:33 - mmengine - INFO - Iter(train) [ 51800/160000]  lr: 5.6902e-02  eta: 11:17:38  time: 0.3759  data_time: 0.0274  memory: 9889  loss: 1.2828  decode.loss_ohem: 0.8493  decode.acc_seg: 91.7824  aux_0.loss_ce: 0.4335  aux_0.acc_seg: 85.9336
2026/07/26 16:20:10 - mmengine - INFO - Iter(train) [ 51900/160000]  lr: 5.6855e-02  eta: 11:17:00  time: 0.3765  data_time: 0.0271  memory: 9888  loss: 1.1339  decode.loss_ohem: 0.7791  decode.acc_seg: 90.4129  aux_0.loss_ce: 0.3548  aux_0.acc_seg: 86.3558
2026/07/26 16:20:48 - mmengine - INFO - Exp name: dsanet_cityscapes_512x1024_20260726_105256
2026/07/26 16:20:48 - mmengine - INFO - Iter(train) [ 52000/160000]  lr: 5.6807e-02  eta: 11:16:23  time: 0.3762  data_time: 0.0281  memory: 9886  loss: 1.0914  decode.loss_ohem: 0.7451  decode.acc_seg: 93.1890  aux_0.loss_ce: 0.3462  aux_0.acc_seg: 88.2802
2026/07/26 16:21:26 - mmengine - INFO - Iter(train) [ 52100/160000]  lr: 5.6760e-02  eta: 11:15:46  time: 0.3769  data_time: 0.0283  memory: 9887  loss: 1.0606  decode.loss_ohem: 0.7290  decode.acc_seg: 93.2870  aux_0.loss_ce: 0.3316  aux_0.acc_seg: 90.1534
2026/07/26 16:22:03 - mmengine - INFO - Iter(train) [ 52200/160000]  lr: 5.6713e-02  eta: 11:15:08  time: 0.3770  data_time: 0.0278  memory: 9889  loss: 1.1332  decode.loss_ohem: 0.7828  decode.acc_seg: 89.6295  aux_0.loss_ce: 0.3504  aux_0.acc_seg: 83.3253
2026/07/26 16:22:41 - mmengine - INFO - Iter(train) [ 52300/160000]  lr: 5.6665e-02  eta: 11:14:31  time: 0.3767  data_time: 0.0287  memory: 9886  loss: 1.0785  decode.loss_ohem: 0.7523  decode.acc_seg: 93.1817  aux_0.loss_ce: 0.3261  aux_0.acc_seg: 90.4043
2026/07/26 16:23:19 - mmengine - INFO - Iter(train) [ 52400/160000]  lr: 5.6618e-02  eta: 11:13:54  time: 0.3780  data_time: 0.0288  memory: 9890  loss: 1.1168  decode.loss_ohem: 0.7438  decode.acc_seg: 88.4999  aux_0.loss_ce: 0.3730  aux_0.acc_seg: 83.1598
2026/07/26 16:23:56 - mmengine - INFO - Iter(train) [ 52500/160000]  lr: 5.6571e-02  eta: 11:13:16  time: 0.3768  data_time: 0.0280  memory: 9888  loss: 1.2159  decode.loss_ohem: 0.8196  decode.acc_seg: 90.9111  aux_0.loss_ce: 0.3963  aux_0.acc_seg: 85.5439
2026/07/26 16:24:34 - mmengine - INFO - Iter(train) [ 52600/160000]  lr: 5.6523e-02  eta: 11:12:39  time: 0.3773  data_time: 0.0284  memory: 9889  loss: 1.1545  decode.loss_ohem: 0.7604  decode.acc_seg: 90.4821  aux_0.loss_ce: 0.3941  aux_0.acc_seg: 90.0768
2026/07/26 16:25:12 - mmengine - INFO - Iter(train) [ 52700/160000]  lr: 5.6476e-02  eta: 11:12:02  time: 0.3767  data_time: 0.0285  memory: 9889  loss: 1.1729  decode.loss_ohem: 0.8014  decode.acc_seg: 92.7165  aux_0.loss_ce: 0.3715  aux_0.acc_seg: 89.3631
2026/07/26 16:25:50 - mmengine - INFO - Iter(train) [ 52800/160000]  lr: 5.6429e-02  eta: 11:11:24  time: 0.3766  data_time: 0.0285  memory: 9887  loss: 1.0705  decode.loss_ohem: 0.7311  decode.acc_seg: 92.0862  aux_0.loss_ce: 0.3394  aux_0.acc_seg: 88.2844
2026/07/26 16:26:27 - mmengine - INFO - Iter(train) [ 52900/160000]  lr: 5.6381e-02  eta: 11:10:47  time: 0.3764  data_time: 0.0284  memory: 9888  loss: 1.1485  decode.loss_ohem: 0.7820  decode.acc_seg: 88.5450  aux_0.loss_ce: 0.3665  aux_0.acc_seg: 81.7806
2026/07/26 16:27:05 - mmengine - INFO - Exp name: dsanet_cityscapes_512x1024_20260726_105256
2026/07/26 16:27:05 - mmengine - INFO - Iter(train) [ 53000/160000]  lr: 5.6334e-02  eta: 11:10:09  time: 0.3777  data_time: 0.0290  memory: 9887  loss: 1.1509  decode.loss_ohem: 0.7816  decode.acc_seg: 92.3220  aux_0.loss_ce: 0.3692  aux_0.acc_seg: 86.2871
2026/07/26 16:27:43 - mmengine - INFO - Iter(train) [ 53100/160000]  lr: 5.6286e-02  eta: 11:09:32  time: 0.3774  data_time: 0.0288  memory: 9886  loss: 1.2078  decode.loss_ohem: 0.8576  decode.acc_seg: 89.9781  aux_0.loss_ce: 0.3503  aux_0.acc_seg: 86.8335
2026/07/26 16:28:20 - mmengine - INFO - Iter(train) [ 53200/160000]  lr: 5.6239e-02  eta: 11:08:54  time: 0.3769  data_time: 0.0279  memory: 9889  loss: 1.0348  decode.loss_ohem: 0.7262  decode.acc_seg: 93.6653  aux_0.loss_ce: 0.3086  aux_0.acc_seg: 89.2841
2026/07/26 16:28:58 - mmengine - INFO - Iter(train) [ 53300/160000]  lr: 5.6192e-02  eta: 11:08:17  time: 0.3746  data_time: 0.0272  memory: 9887  loss: 1.0708  decode.loss_ohem: 0.7414  decode.acc_seg: 91.0160  aux_0.loss_ce: 0.3294  aux_0.acc_seg: 87.1189
2026/07/26 16:29:35 - mmengine - INFO - Iter(train) [ 53400/160000]  lr: 5.6144e-02  eta: 11:07:39  time: 0.3762  data_time: 0.0281  memory: 9889  loss: 1.1838  decode.loss_ohem: 0.8068  decode.acc_seg: 87.4628  aux_0.loss_ce: 0.3770  aux_0.acc_seg: 83.4395
2026/07/26 16:30:13 - mmengine - INFO - Iter(train) [ 53500/160000]  lr: 5.6097e-02  eta: 11:07:02  time: 0.3763  data_time: 0.0279  memory: 9889  loss: 1.0865  decode.loss_ohem: 0.7430  decode.acc_seg: 88.1770  aux_0.loss_ce: 0.3435  aux_0.acc_seg: 82.4674
2026/07/26 16:30:51 - mmengine - INFO - Iter(train) [ 53600/160000]  lr: 5.6050e-02  eta: 11:06:24  time: 0.3757  data_time: 0.0284  memory: 9889  loss: 1.0853  decode.loss_ohem: 0.7685  decode.acc_seg: 91.0277  aux_0.loss_ce: 0.3168  aux_0.acc_seg: 87.0841
2026/07/26 16:31:28 - mmengine - INFO - Iter(train) [ 53700/160000]  lr: 5.6002e-02  eta: 11:05:47  time: 0.3762  data_time: 0.0283  memory: 9887  loss: 1.0838  decode.loss_ohem: 0.7228  decode.acc_seg: 89.8682  aux_0.loss_ce: 0.3609  aux_0.acc_seg: 85.0253
2026/07/26 16:32:06 - mmengine - INFO - Iter(train) [ 53800/160000]  lr: 5.5955e-02  eta: 11:05:09  time: 0.3746  data_time: 0.0273  memory: 9889  loss: 1.1263  decode.loss_ohem: 0.8046  decode.acc_seg: 90.5274  aux_0.loss_ce: 0.3217  aux_0.acc_seg: 85.2371
2026/07/26 16:32:44 - mmengine - INFO - Iter(train) [ 53900/160000]  lr: 5.5907e-02  eta: 11:04:32  time: 0.3765  data_time: 0.0280  memory: 9887  loss: 1.1329  decode.loss_ohem: 0.7676  decode.acc_seg: 91.7471  aux_0.loss_ce: 0.3653  aux_0.acc_seg: 85.7611
2026/07/26 16:33:21 - mmengine - INFO - Exp name: dsanet_cityscapes_512x1024_20260726_105256
2026/07/26 16:33:21 - mmengine - INFO - Iter(train) [ 54000/160000]  lr: 5.5860e-02  eta: 11:03:54  time: 0.3773  data_time: 0.0287  memory: 9891  loss: 1.0499  decode.loss_ohem: 0.7117  decode.acc_seg: 92.6304  aux_0.loss_ce: 0.3382  aux_0.acc_seg: 87.0586
2026/07/26 16:33:59 - mmengine - INFO - Iter(train) [ 54100/160000]  lr: 5.5812e-02  eta: 11:03:17  time: 0.3757  data_time: 0.0278  memory: 9888  loss: 1.0385  decode.loss_ohem: 0.7099  decode.acc_seg: 92.2214  aux_0.loss_ce: 0.3286  aux_0.acc_seg: 86.8534
2026/07/26 16:34:37 - mmengine - INFO - Iter(train) [ 54200/160000]  lr: 5.5765e-02  eta: 11:02:40  time: 0.3761  data_time: 0.0279  memory: 9889  loss: 1.1194  decode.loss_ohem: 0.7605  decode.acc_seg: 92.1332  aux_0.loss_ce: 0.3589  aux_0.acc_seg: 88.9914
2026/07/26 16:35:14 - mmengine - INFO - Iter(train) [ 54300/160000]  lr: 5.5718e-02  eta: 11:02:02  time: 0.3762  data_time: 0.0275  memory: 9886  loss: 1.1328  decode.loss_ohem: 0.7700  decode.acc_seg: 93.9441  aux_0.loss_ce: 0.3627  aux_0.acc_seg: 89.8812
2026/07/26 16:35:52 - mmengine - INFO - Iter(train) [ 54400/160000]  lr: 5.5670e-02  eta: 11:01:25  time: 0.3766  data_time: 0.0281  memory: 9887  loss: 1.2455  decode.loss_ohem: 0.8325  decode.acc_seg: 90.2699  aux_0.loss_ce: 0.4130  aux_0.acc_seg: 86.5846
2026/07/26 16:36:30 - mmengine - INFO - Iter(train) [ 54500/160000]  lr: 5.5623e-02  eta: 11:00:48  time: 0.3766  data_time: 0.0281  memory: 9888  loss: 1.1745  decode.loss_ohem: 0.7672  decode.acc_seg: 90.6236  aux_0.loss_ce: 0.4073  aux_0.acc_seg: 85.7834
2026/07/26 16:37:07 - mmengine - INFO - Iter(train) [ 54600/160000]  lr: 5.5575e-02  eta: 11:00:10  time: 0.3771  data_time: 0.0286  memory: 9886  loss: 1.1097  decode.loss_ohem: 0.7790  decode.acc_seg: 93.0624  aux_0.loss_ce: 0.3307  aux_0.acc_seg: 88.8684
2026/07/26 16:37:45 - mmengine - INFO - Iter(train) [ 54700/160000]  lr: 5.5528e-02  eta: 10:59:33  time: 0.3752  data_time: 0.0277  memory: 9887  loss: 1.1196  decode.loss_ohem: 0.7539  decode.acc_seg: 93.7749  aux_0.loss_ce: 0.3657  aux_0.acc_seg: 91.3066
2026/07/26 16:38:23 - mmengine - INFO - Iter(train) [ 54800/160000]  lr: 5.5480e-02  eta: 10:58:55  time: 0.3759  data_time: 0.0278  memory: 9888  loss: 1.1383  decode.loss_ohem: 0.7689  decode.acc_seg: 91.8829  aux_0.loss_ce: 0.3695  aux_0.acc_seg: 86.6889
2026/07/26 16:39:01 - mmengine - INFO - Iter(train) [ 54900/160000]  lr: 5.5433e-02  eta: 10:58:18  time: 0.3771  data_time: 0.0284  memory: 9886  loss: 1.0906  decode.loss_ohem: 0.7508  decode.acc_seg: 90.1177  aux_0.loss_ce: 0.3398  aux_0.acc_seg: 84.4975
2026/07/26 16:39:38 - mmengine - INFO - Exp name: dsanet_cityscapes_512x1024_20260726_105256
2026/07/26 16:39:38 - mmengine - INFO - Iter(train) [ 55000/160000]  lr: 5.5385e-02  eta: 10:57:40  time: 0.3763  data_time: 0.0279  memory: 9886  loss: 1.0592  decode.loss_ohem: 0.7410  decode.acc_seg: 92.9471  aux_0.loss_ce: 0.3181  aux_0.acc_seg: 89.3074
2026/07/26 16:39:38 - mmengine - INFO - Saving checkpoint at 55000 iterations
2026/07/26 16:39:44 - mmengine - INFO - Iter(val) [100/250]    eta: 0:00:07  time: 0.0495  data_time: 0.0111  memory: 729  
2026/07/26 16:39:48 - mmengine - INFO - Iter(val) [200/250]    eta: 0:00:02  time: 0.0482  data_time: 0.0098  memory: 729  
2026/07/26 16:39:51 - mmengine - INFO - per class results:
2026/07/26 16:39:51 - mmengine - INFO - 
+---------------+-------+-------+
|     Class     |  IoU  |  Acc  |
+---------------+-------+-------+
|      road     | 97.08 | 98.76 |
|    sidewalk   | 78.51 | 85.82 |
|    building   | 88.29 | 92.71 |
|      wall     | 40.11 | 56.76 |
|     fence     | 51.35 | 69.23 |
|      pole     |  54.4 | 69.28 |
| traffic light | 50.06 | 61.56 |
|  traffic sign | 63.79 | 76.82 |
|   vegetation  | 90.17 | 94.92 |
|    terrain    |  58.7 | 76.34 |
|      sky      | 92.25 | 97.37 |
|     person    | 68.81 | 91.56 |
|     rider     | 43.41 | 53.55 |
|      car      | 91.11 |  95.8 |
|     truck     | 37.04 | 39.12 |
|      bus      | 57.49 |  83.7 |
|     train     | 21.88 | 54.86 |
|   motorcycle  | 34.01 | 44.74 |
|    bicycle    |  65.7 | 84.24 |
+---------------+-------+-------+
2026/07/26 16:39:51 - mmengine - INFO - Iter(val) [250/250]    aAcc: 93.8200  mIoU: 62.3300  mAcc: 75.1100  data_time: 0.0111  time: 0.0495
2026/07/26 16:40:29 - mmengine - INFO - Iter(train) [ 55100/160000]  lr: 5.5338e-02  eta: 10:57:03  time: 0.3749  data_time: 0.0267  memory: 9888  loss: 1.1080  decode.loss_ohem: 0.7701  decode.acc_seg: 90.2795  aux_0.loss_ce: 0.3379  aux_0.acc_seg: 85.9685
2026/07/26 16:41:06 - mmengine - INFO - Iter(train) [ 55200/160000]  lr: 5.5290e-02  eta: 10:56:25  time: 0.3759  data_time: 0.0277  memory: 9889  loss: 1.2373  decode.loss_ohem: 0.8496  decode.acc_seg: 88.4761  aux_0.loss_ce: 0.3877  aux_0.acc_seg: 83.7043
2026/07/26 16:41:44 - mmengine - INFO - Iter(train) [ 55300/160000]  lr: 5.5243e-02  eta: 10:55:48  time: 0.3771  data_time: 0.0279  memory: 9888  loss: 1.1207  decode.loss_ohem: 0.7743  decode.acc_seg: 90.8781  aux_0.loss_ce: 0.3464  aux_0.acc_seg: 86.2552
2026/07/26 16:42:22 - mmengine - INFO - Iter(train) [ 55400/160000]  lr: 5.5196e-02  eta: 10:55:11  time: 0.3778  data_time: 0.0298  memory: 9888  loss: 1.2152  decode.loss_ohem: 0.8557  decode.acc_seg: 90.9106  aux_0.loss_ce: 0.3595  aux_0.acc_seg: 86.7599
2026/07/26 16:42:59 - mmengine - INFO - Iter(train) [ 55500/160000]  lr: 5.5148e-02  eta: 10:54:34  time: 0.3771  data_time: 0.0287  memory: 9887  loss: 1.0977  decode.loss_ohem: 0.7731  decode.acc_seg: 91.6864  aux_0.loss_ce: 0.3246  aux_0.acc_seg: 89.5839
2026/07/26 16:43:37 - mmengine - INFO - Iter(train) [ 55600/160000]  lr: 5.5101e-02  eta: 10:53:56  time: 0.3774  data_time: 0.0286  memory: 9888  loss: 1.1078  decode.loss_ohem: 0.7181  decode.acc_seg: 90.1163  aux_0.loss_ce: 0.3896  aux_0.acc_seg: 86.9961
2026/07/26 16:44:15 - mmengine - INFO - Iter(train) [ 55700/160000]  lr: 5.5053e-02  eta: 10:53:19  time: 0.3792  data_time: 0.0298  memory: 9887  loss: 1.0689  decode.loss_ohem: 0.7246  decode.acc_seg: 92.1972  aux_0.loss_ce: 0.3443  aux_0.acc_seg: 87.9439
2026/07/26 16:44:52 - mmengine - INFO - Iter(train) [ 55800/160000]  lr: 5.5006e-02  eta: 10:52:41  time: 0.3756  data_time: 0.0279  memory: 9887  loss: 1.0879  decode.loss_ohem: 0.7698  decode.acc_seg: 87.9849  aux_0.loss_ce: 0.3181  aux_0.acc_seg: 85.4168
2026/07/26 16:45:30 - mmengine - INFO - Iter(train) [ 55900/160000]  lr: 5.4958e-02  eta: 10:52:04  time: 0.3782  data_time: 0.0297  memory: 9886  loss: 1.0901  decode.loss_ohem: 0.7676  decode.acc_seg: 91.2524  aux_0.loss_ce: 0.3225  aux_0.acc_seg: 89.0510
2026/07/26 16:46:08 - mmengine - INFO - Exp name: dsanet_cityscapes_512x1024_20260726_105256
2026/07/26 16:46:08 - mmengine - INFO - Iter(train) [ 56000/160000]  lr: 5.4911e-02  eta: 10:51:26  time: 0.3784  data_time: 0.0288  memory: 9886  loss: 1.1760  decode.loss_ohem: 0.7704  decode.acc_seg: 91.9123  aux_0.loss_ce: 0.4056  aux_0.acc_seg: 87.8067
2026/07/26 16:46:46 - mmengine - INFO - Iter(train) [ 56100/160000]  lr: 5.4863e-02  eta: 10:50:49  time: 0.3760  data_time: 0.0279  memory: 9888  loss: 1.0501  decode.loss_ohem: 0.6983  decode.acc_seg: 91.9270  aux_0.loss_ce: 0.3519  aux_0.acc_seg: 89.1233
2026/07/26 16:47:23 - mmengine - INFO - Iter(train) [ 56200/160000]  lr: 5.4816e-02  eta: 10:50:12  time: 0.3759  data_time: 0.0284  memory: 9886  loss: 1.1087  decode.loss_ohem: 0.7825  decode.acc_seg: 92.1293  aux_0.loss_ce: 0.3262  aux_0.acc_seg: 87.5576
2026/07/26 16:48:01 - mmengine - INFO - Iter(train) [ 56300/160000]  lr: 5.4768e-02  eta: 10:49:34  time: 0.3783  data_time: 0.0283  memory: 9887  loss: 1.1058  decode.loss_ohem: 0.7676  decode.acc_seg: 90.1023  aux_0.loss_ce: 0.3382  aux_0.acc_seg: 88.3499
2026/07/26 16:48:38 - mmengine - INFO - Iter(train) [ 56400/160000]  lr: 5.4720e-02  eta: 10:48:57  time: 0.3771  data_time: 0.0280  memory: 9889  loss: 1.1256  decode.loss_ohem: 0.7500  decode.acc_seg: 92.1201  aux_0.loss_ce: 0.3756  aux_0.acc_seg: 87.6840
2026/07/26 16:49:16 - mmengine - INFO - Iter(train) [ 56500/160000]  lr: 5.4673e-02  eta: 10:48:19  time: 0.3771  data_time: 0.0288  memory: 9887  loss: 1.0886  decode.loss_ohem: 0.7420  decode.acc_seg: 91.5365  aux_0.loss_ce: 0.3466  aux_0.acc_seg: 87.8093
2026/07/26 16:49:54 - mmengine - INFO - Iter(train) [ 56600/160000]  lr: 5.4625e-02  eta: 10:47:42  time: 0.3752  data_time: 0.0274  memory: 9887  loss: 1.0762  decode.loss_ohem: 0.7389  decode.acc_seg: 90.2790  aux_0.loss_ce: 0.3373  aux_0.acc_seg: 86.0034
2026/07/26 16:50:31 - mmengine - INFO - Iter(train) [ 56700/160000]  lr: 5.4578e-02  eta: 10:47:04  time: 0.3790  data_time: 0.0297  memory: 9888  loss: 1.2747  decode.loss_ohem: 0.8796  decode.acc_seg: 93.2705  aux_0.loss_ce: 0.3950  aux_0.acc_seg: 89.1585
2026/07/26 16:51:09 - mmengine - INFO - Iter(train) [ 56800/160000]  lr: 5.4530e-02  eta: 10:46:26  time: 0.3348  data_time: 0.0293  memory: 9888  loss: 1.1367  decode.loss_ohem: 0.7876  decode.acc_seg: 90.1806  aux_0.loss_ce: 0.3491  aux_0.acc_seg: 84.8997
2026/07/26 16:51:46 - mmengine - INFO - Iter(train) [ 56900/160000]  lr: 5.4483e-02  eta: 10:45:49  time: 0.3816  data_time: 0.0288  memory: 9888  loss: 1.1599  decode.loss_ohem: 0.7830  decode.acc_seg: 91.4658  aux_0.loss_ce: 0.3769  aux_0.acc_seg: 85.6394
2026/07/26 16:52:24 - mmengine - INFO - Exp name: dsanet_cityscapes_512x1024_20260726_105256
2026/07/26 16:52:24 - mmengine - INFO - Iter(train) [ 57000/160000]  lr: 5.4435e-02  eta: 10:45:11  time: 0.3774  data_time: 0.0276  memory: 9888  loss: 1.2336  decode.loss_ohem: 0.8995  decode.acc_seg: 89.3316  aux_0.loss_ce: 0.3342  aux_0.acc_seg: 84.6711
2026/07/26 16:53:02 - mmengine - INFO - Iter(train) [ 57100/160000]  lr: 5.4388e-02  eta: 10:44:34  time: 0.3746  data_time: 0.0282  memory: 9890  loss: 1.1295  decode.loss_ohem: 0.7542  decode.acc_seg: 90.7939  aux_0.loss_ce: 0.3753  aux_0.acc_seg: 84.4471
2026/07/26 16:53:39 - mmengine - INFO - Iter(train) [ 57200/160000]  lr: 5.4340e-02  eta: 10:43:56  time: 0.3767  data_time: 0.0286  memory: 9886  loss: 1.0830  decode.loss_ohem: 0.7343  decode.acc_seg: 93.5698  aux_0.loss_ce: 0.3487  aux_0.acc_seg: 90.1411
2026/07/26 16:54:17 - mmengine - INFO - Iter(train) [ 57300/160000]  lr: 5.4293e-02  eta: 10:43:19  time: 0.3751  data_time: 0.0278  memory: 9888  loss: 1.0638  decode.loss_ohem: 0.7051  decode.acc_seg: 92.5251  aux_0.loss_ce: 0.3586  aux_0.acc_seg: 88.2950
2026/07/26 16:54:55 - mmengine - INFO - Iter(train) [ 57400/160000]  lr: 5.4245e-02  eta: 10:42:41  time: 0.3755  data_time: 0.0281  memory: 9889  loss: 1.1006  decode.loss_ohem: 0.7450  decode.acc_seg: 89.1524  aux_0.loss_ce: 0.3556  aux_0.acc_seg: 84.1862
2026/07/26 16:55:32 - mmengine - INFO - Iter(train) [ 57500/160000]  lr: 5.4197e-02  eta: 10:42:04  time: 0.3775  data_time: 0.0286  memory: 9888  loss: 1.1913  decode.loss_ohem: 0.8005  decode.acc_seg: 90.4387  aux_0.loss_ce: 0.3908  aux_0.acc_seg: 83.7390
2026/07/26 16:56:10 - mmengine - INFO - Iter(train) [ 57600/160000]  lr: 5.4150e-02  eta: 10:41:26  time: 0.3831  data_time: 0.0323  memory: 9888  loss: 1.0784  decode.loss_ohem: 0.7417  decode.acc_seg: 90.9519  aux_0.loss_ce: 0.3367  aux_0.acc_seg: 86.7914
2026/07/26 16:56:48 - mmengine - INFO - Iter(train) [ 57700/160000]  lr: 5.4102e-02  eta: 10:40:49  time: 0.3763  data_time: 0.0283  memory: 9886  loss: 1.1254  decode.loss_ohem: 0.7573  decode.acc_seg: 90.7140  aux_0.loss_ce: 0.3681  aux_0.acc_seg: 85.2109
2026/07/26 16:57:25 - mmengine - INFO - Iter(train) [ 57800/160000]  lr: 5.4055e-02  eta: 10:40:11  time: 0.3729  data_time: 0.0275  memory: 9886  loss: 1.1111  decode.loss_ohem: 0.7875  decode.acc_seg: 90.2928  aux_0.loss_ce: 0.3236  aux_0.acc_seg: 86.0283
2026/07/26 16:58:03 - mmengine - INFO - Iter(train) [ 57900/160000]  lr: 5.4007e-02  eta: 10:39:34  time: 0.3748  data_time: 0.0277  memory: 9886  loss: 1.2197  decode.loss_ohem: 0.8581  decode.acc_seg: 83.4564  aux_0.loss_ce: 0.3616  aux_0.acc_seg: 77.3048
2026/07/26 16:58:41 - mmengine - INFO - Exp name: dsanet_cityscapes_512x1024_20260726_105256
2026/07/26 16:58:41 - mmengine - INFO - Iter(train) [ 58000/160000]  lr: 5.3959e-02  eta: 10:38:56  time: 0.3770  data_time: 0.0289  memory: 9889  loss: 1.0259  decode.loss_ohem: 0.7171  decode.acc_seg: 92.2651  aux_0.loss_ce: 0.3088  aux_0.acc_seg: 88.2309
2026/07/26 16:59:18 - mmengine - INFO - Iter(train) [ 58100/160000]  lr: 5.3912e-02  eta: 10:38:19  time: 0.3718  data_time: 0.0276  memory: 9889  loss: 1.2082  decode.loss_ohem: 0.8230  decode.acc_seg: 91.5511  aux_0.loss_ce: 0.3853  aux_0.acc_seg: 88.8680
2026/07/26 16:59:56 - mmengine - INFO - Iter(train) [ 58200/160000]  lr: 5.3864e-02  eta: 10:37:41  time: 0.3751  data_time: 0.0283  memory: 9887  loss: 1.1247  decode.loss_ohem: 0.7793  decode.acc_seg: 91.3694  aux_0.loss_ce: 0.3454  aux_0.acc_seg: 82.5053
2026/07/26 17:00:34 - mmengine - INFO - Iter(train) [ 58300/160000]  lr: 5.3817e-02  eta: 10:37:04  time: 0.3772  data_time: 0.0282  memory: 9887  loss: 1.0670  decode.loss_ohem: 0.7216  decode.acc_seg: 90.6063  aux_0.loss_ce: 0.3454  aux_0.acc_seg: 87.8503
2026/07/26 17:01:11 - mmengine - INFO - Iter(train) [ 58400/160000]  lr: 5.3769e-02  eta: 10:36:26  time: 0.3759  data_time: 0.0282  memory: 9888  loss: 1.0631  decode.loss_ohem: 0.7297  decode.acc_seg: 94.3540  aux_0.loss_ce: 0.3334  aux_0.acc_seg: 89.3660
2026/07/26 17:01:49 - mmengine - INFO - Iter(train) [ 58500/160000]  lr: 5.3721e-02  eta: 10:35:49  time: 0.3765  data_time: 0.0282  memory: 9887  loss: 1.0912  decode.loss_ohem: 0.7533  decode.acc_seg: 92.7145  aux_0.loss_ce: 0.3379  aux_0.acc_seg: 84.8869
2026/07/26 17:02:27 - mmengine - INFO - Iter(train) [ 58600/160000]  lr: 5.3674e-02  eta: 10:35:11  time: 0.3764  data_time: 0.0282  memory: 9889  loss: 1.2023  decode.loss_ohem: 0.7889  decode.acc_seg: 88.3748  aux_0.loss_ce: 0.4134  aux_0.acc_seg: 83.2082
2026/07/26 17:03:04 - mmengine - INFO - Iter(train) [ 58700/160000]  lr: 5.3626e-02  eta: 10:34:34  time: 0.3769  data_time: 0.0283  memory: 9888  loss: 1.0293  decode.loss_ohem: 0.6864  decode.acc_seg: 92.1226  aux_0.loss_ce: 0.3429  aux_0.acc_seg: 87.1466
2026/07/26 17:03:42 - mmengine - INFO - Iter(train) [ 58800/160000]  lr: 5.3578e-02  eta: 10:33:57  time: 0.3764  data_time: 0.0283  memory: 9887  loss: 1.0912  decode.loss_ohem: 0.7548  decode.acc_seg: 92.0150  aux_0.loss_ce: 0.3364  aux_0.acc_seg: 85.5135
2026/07/26 17:04:20 - mmengine - INFO - Iter(train) [ 58900/160000]  lr: 5.3531e-02  eta: 10:33:19  time: 0.3770  data_time: 0.0283  memory: 9886  loss: 1.1688  decode.loss_ohem: 0.7964  decode.acc_seg: 89.3660  aux_0.loss_ce: 0.3724  aux_0.acc_seg: 85.0668
2026/07/26 17:04:57 - mmengine - INFO - Exp name: dsanet_cityscapes_512x1024_20260726_105256
2026/07/26 17:04:57 - mmengine - INFO - Iter(train) [ 59000/160000]  lr: 5.3483e-02  eta: 10:32:42  time: 0.3769  data_time: 0.0284  memory: 9886  loss: 1.1089  decode.loss_ohem: 0.7477  decode.acc_seg: 93.0500  aux_0.loss_ce: 0.3612  aux_0.acc_seg: 88.3182
2026/07/26 17:05:35 - mmengine - INFO - Iter(train) [ 59100/160000]  lr: 5.3436e-02  eta: 10:32:05  time: 0.3779  data_time: 0.0282  memory: 9887  loss: 1.0655  decode.loss_ohem: 0.7305  decode.acc_seg: 92.6527  aux_0.loss_ce: 0.3351  aux_0.acc_seg: 89.8368
2026/07/26 17:06:13 - mmengine - INFO - Iter(train) [ 59200/160000]  lr: 5.3388e-02  eta: 10:31:27  time: 0.3753  data_time: 0.0279  memory: 9889  loss: 1.1604  decode.loss_ohem: 0.7864  decode.acc_seg: 91.8500  aux_0.loss_ce: 0.3740  aux_0.acc_seg: 85.4267
2026/07/26 17:06:51 - mmengine - INFO - Iter(train) [ 59300/160000]  lr: 5.3340e-02  eta: 10:30:50  time: 0.3762  data_time: 0.0289  memory: 9887  loss: 1.0538  decode.loss_ohem: 0.7099  decode.acc_seg: 91.6964  aux_0.loss_ce: 0.3439  aux_0.acc_seg: 85.6604
2026/07/26 17:07:28 - mmengine - INFO - Iter(train) [ 59400/160000]  lr: 5.3293e-02  eta: 10:30:12  time: 0.3828  data_time: 0.0293  memory: 9888  loss: 1.1104  decode.loss_ohem: 0.7530  decode.acc_seg: 89.0956  aux_0.loss_ce: 0.3574  aux_0.acc_seg: 83.0559
2026/07/26 17:08:06 - mmengine - INFO - Iter(train) [ 59500/160000]  lr: 5.3245e-02  eta: 10:29:35  time: 0.3751  data_time: 0.0282  memory: 9889  loss: 1.0387  decode.loss_ohem: 0.7248  decode.acc_seg: 93.6660  aux_0.loss_ce: 0.3138  aux_0.acc_seg: 91.3735
2026/07/26 17:08:44 - mmengine - INFO - Iter(train) [ 59600/160000]  lr: 5.3197e-02  eta: 10:28:58  time: 0.3782  data_time: 0.0297  memory: 9888  loss: 1.0300  decode.loss_ohem: 0.7166  decode.acc_seg: 93.2340  aux_0.loss_ce: 0.3134  aux_0.acc_seg: 90.3092
2026/07/26 17:09:21 - mmengine - INFO - Iter(train) [ 59700/160000]  lr: 5.3150e-02  eta: 10:28:20  time: 0.3766  data_time: 0.0290  memory: 9888  loss: 1.1915  decode.loss_ohem: 0.8106  decode.acc_seg: 84.7099  aux_0.loss_ce: 0.3809  aux_0.acc_seg: 79.9819
2026/07/26 17:09:59 - mmengine - INFO - Iter(train) [ 59800/160000]  lr: 5.3102e-02  eta: 10:27:43  time: 0.3795  data_time: 0.0303  memory: 9889  loss: 1.0225  decode.loss_ohem: 0.7029  decode.acc_seg: 91.0102  aux_0.loss_ce: 0.3197  aux_0.acc_seg: 87.5594
2026/07/26 17:10:37 - mmengine - INFO - Iter(train) [ 59900/160000]  lr: 5.3054e-02  eta: 10:27:05  time: 0.3767  data_time: 0.0291  memory: 9887  loss: 1.1517  decode.loss_ohem: 0.8089  decode.acc_seg: 92.3676  aux_0.loss_ce: 0.3428  aux_0.acc_seg: 86.6559
2026/07/26 17:11:15 - mmengine - INFO - Exp name: dsanet_cityscapes_512x1024_20260726_105256
2026/07/26 17:11:15 - mmengine - INFO - Iter(train) [ 60000/160000]  lr: 5.3006e-02  eta: 10:26:28  time: 0.3783  data_time: 0.0289  memory: 9887  loss: 1.0922  decode.loss_ohem: 0.7433  decode.acc_seg: 90.3419  aux_0.loss_ce: 0.3489  aux_0.acc_seg: 85.1284
2026/07/26 17:11:15 - mmengine - INFO - Saving checkpoint at 60000 iterations
2026/07/26 17:11:20 - mmengine - INFO - Iter(val) [100/250]    eta: 0:00:07  time: 0.0479  data_time: 0.0096  memory: 729  
2026/07/26 17:11:25 - mmengine - INFO - Iter(val) [200/250]    eta: 0:00:02  time: 0.0483  data_time: 0.0097  memory: 729  
2026/07/26 17:11:27 - mmengine - INFO - per class results:
2026/07/26 17:11:27 - mmengine - INFO - 
+---------------+-------+-------+
|     Class     |  IoU  |  Acc  |
+---------------+-------+-------+
|      road     | 96.58 | 98.97 |
|    sidewalk   | 75.63 | 82.77 |
|    building   | 88.36 | 94.32 |
|      wall     |  28.5 | 32.45 |
|     fence     | 47.78 | 58.44 |
|      pole     | 53.14 | 62.55 |
| traffic light | 49.27 | 63.57 |
|  traffic sign | 65.22 | 78.48 |
|   vegetation  | 89.91 | 95.49 |
|    terrain    | 55.26 | 61.21 |
|      sky      | 89.79 |  98.1 |
|     person    | 71.48 | 86.02 |
|     rider     | 45.57 | 57.32 |
|      car      | 91.23 | 96.74 |
|     truck     |  44.4 | 57.92 |
|      bus      | 57.85 | 77.74 |
|     train     | 29.46 | 37.53 |
|   motorcycle  | 29.84 | 51.97 |
|    bicycle    | 64.82 | 77.42 |
+---------------+-------+-------+
2026/07/26 17:11:27 - mmengine - INFO - Iter(val) [250/250]    aAcc: 93.7000  mIoU: 61.7900  mAcc: 72.0500  data_time: 0.0111  time: 0.0497
2026/07/26 17:12:05 - mmengine - INFO - Iter(train) [ 60100/160000]  lr: 5.2959e-02  eta: 10:25:51  time: 0.3770  data_time: 0.0272  memory: 9887  loss: 1.1543  decode.loss_ohem: 0.8062  decode.acc_seg: 89.4286  aux_0.loss_ce: 0.3481  aux_0.acc_seg: 84.2991
2026/07/26 17:12:43 - mmengine - INFO - Iter(train) [ 60200/160000]  lr: 5.2911e-02  eta: 10:25:13  time: 0.3777  data_time: 0.0286  memory: 9886  loss: 1.1720  decode.loss_ohem: 0.8055  decode.acc_seg: 93.1004  aux_0.loss_ce: 0.3665  aux_0.acc_seg: 87.3757
2026/07/26 17:13:21 - mmengine - INFO - Iter(train) [ 60300/160000]  lr: 5.2863e-02  eta: 10:24:36  time: 0.3773  data_time: 0.0287  memory: 9888  loss: 1.1634  decode.loss_ohem: 0.7736  decode.acc_seg: 93.3106  aux_0.loss_ce: 0.3897  aux_0.acc_seg: 89.2567
2026/07/26 17:13:58 - mmengine - INFO - Iter(train) [ 60400/160000]  lr: 5.2816e-02  eta: 10:23:59  time: 0.3779  data_time: 0.0291  memory: 9887  loss: 1.1731  decode.loss_ohem: 0.8141  decode.acc_seg: 92.7862  aux_0.loss_ce: 0.3590  aux_0.acc_seg: 90.0028
2026/07/26 17:14:36 - mmengine - INFO - Iter(train) [ 60500/160000]  lr: 5.2768e-02  eta: 10:23:21  time: 0.3786  data_time: 0.0294  memory: 9886  loss: 0.9940  decode.loss_ohem: 0.6692  decode.acc_seg: 92.6886  aux_0.loss_ce: 0.3248  aux_0.acc_seg: 88.4754
2026/07/26 17:15:14 - mmengine - INFO - Iter(train) [ 60600/160000]  lr: 5.2720e-02  eta: 10:22:44  time: 0.3798  data_time: 0.0303  memory: 9889  loss: 1.0528  decode.loss_ohem: 0.7299  decode.acc_seg: 91.2137  aux_0.loss_ce: 0.3230  aux_0.acc_seg: 88.4487
2026/07/26 17:15:52 - mmengine - INFO - Iter(train) [ 60700/160000]  lr: 5.2672e-02  eta: 10:22:07  time: 0.3764  data_time: 0.0282  memory: 9887  loss: 1.1672  decode.loss_ohem: 0.7970  decode.acc_seg: 91.6465  aux_0.loss_ce: 0.3702  aux_0.acc_seg: 86.2216
2026/07/26 17:16:29 - mmengine - INFO - Iter(train) [ 60800/160000]  lr: 5.2625e-02  eta: 10:21:29  time: 0.3712  data_time: 0.0254  memory: 9888  loss: 1.0619  decode.loss_ohem: 0.7036  decode.acc_seg: 91.0013  aux_0.loss_ce: 0.3583  aux_0.acc_seg: 86.0112
2026/07/26 17:17:07 - mmengine - INFO - Iter(train) [ 60900/160000]  lr: 5.2577e-02  eta: 10:20:51  time: 0.3743  data_time: 0.0267  memory: 9888  loss: 1.2516  decode.loss_ohem: 0.8390  decode.acc_seg: 87.9790  aux_0.loss_ce: 0.4126  aux_0.acc_seg: 85.3453
2026/07/26 17:17:44 - mmengine - INFO - Exp name: dsanet_cityscapes_512x1024_20260726_105256
2026/07/26 17:17:44 - mmengine - INFO - Iter(train) [ 61000/160000]  lr: 5.2529e-02  eta: 10:20:13  time: 0.3745  data_time: 0.0276  memory: 9888  loss: 1.1366  decode.loss_ohem: 0.7645  decode.acc_seg: 87.9206  aux_0.loss_ce: 0.3721  aux_0.acc_seg: 82.8626
2026/07/26 17:18:22 - mmengine - INFO - Iter(train) [ 61100/160000]  lr: 5.2481e-02  eta: 10:19:35  time: 0.3755  data_time: 0.0270  memory: 9888  loss: 1.0549  decode.loss_ohem: 0.7029  decode.acc_seg: 91.5606  aux_0.loss_ce: 0.3520  aux_0.acc_seg: 86.8942
2026/07/26 17:18:59 - mmengine - INFO - Iter(train) [ 61200/160000]  lr: 5.2434e-02  eta: 10:18:58  time: 0.3758  data_time: 0.0278  memory: 9887  loss: 1.0950  decode.loss_ohem: 0.7401  decode.acc_seg: 89.5422  aux_0.loss_ce: 0.3549  aux_0.acc_seg: 85.8524
2026/07/26 17:19:37 - mmengine - INFO - Iter(train) [ 61300/160000]  lr: 5.2386e-02  eta: 10:18:20  time: 0.3744  data_time: 0.0268  memory: 9886  loss: 1.0475  decode.loss_ohem: 0.7413  decode.acc_seg: 93.1004  aux_0.loss_ce: 0.3062  aux_0.acc_seg: 90.7138
2026/07/26 17:20:14 - mmengine - INFO - Iter(train) [ 61400/160000]  lr: 5.2338e-02  eta: 10:17:43  time: 0.3763  data_time: 0.0284  memory: 9888  loss: 1.1144  decode.loss_ohem: 0.7428  decode.acc_seg: 93.4545  aux_0.loss_ce: 0.3717  aux_0.acc_seg: 90.7061
2026/07/26 17:20:52 - mmengine - INFO - Iter(train) [ 61500/160000]  lr: 5.2290e-02  eta: 10:17:05  time: 0.3753  data_time: 0.0275  memory: 9886  loss: 1.1048  decode.loss_ohem: 0.7503  decode.acc_seg: 90.8992  aux_0.loss_ce: 0.3544  aux_0.acc_seg: 87.5747
2026/07/26 17:21:29 - mmengine - INFO - Iter(train) [ 61600/160000]  lr: 5.2243e-02  eta: 10:16:27  time: 0.3744  data_time: 0.0272  memory: 9888  loss: 1.1296  decode.loss_ohem: 0.8043  decode.acc_seg: 89.4887  aux_0.loss_ce: 0.3253  aux_0.acc_seg: 84.2413
2026/07/26 17:22:07 - mmengine - INFO - Iter(train) [ 61700/160000]  lr: 5.2195e-02  eta: 10:15:50  time: 0.3769  data_time: 0.0293  memory: 9887  loss: 1.1254  decode.loss_ohem: 0.7856  decode.acc_seg: 91.2373  aux_0.loss_ce: 0.3397  aux_0.acc_seg: 88.4314
2026/07/26 17:22:45 - mmengine - INFO - Iter(train) [ 61800/160000]  lr: 5.2147e-02  eta: 10:15:12  time: 0.3771  data_time: 0.0280  memory: 9887  loss: 1.1738  decode.loss_ohem: 0.8011  decode.acc_seg: 91.9010  aux_0.loss_ce: 0.3727  aux_0.acc_seg: 87.5624
2026/07/26 17:23:22 - mmengine - INFO - Iter(train) [ 61900/160000]  lr: 5.2099e-02  eta: 10:14:35  time: 0.3752  data_time: 0.0275  memory: 9886  loss: 1.1500  decode.loss_ohem: 0.8096  decode.acc_seg: 88.5738  aux_0.loss_ce: 0.3403  aux_0.acc_seg: 84.7301
2026/07/26 17:24:00 - mmengine - INFO - Exp name: dsanet_cityscapes_512x1024_20260726_105256
2026/07/26 17:24:00 - mmengine - INFO - Iter(train) [ 62000/160000]  lr: 5.2052e-02  eta: 10:13:57  time: 0.3746  data_time: 0.0273  memory: 9889  loss: 1.1734  decode.loss_ohem: 0.8143  decode.acc_seg: 91.3191  aux_0.loss_ce: 0.3591  aux_0.acc_seg: 87.1980
2026/07/26 17:24:38 - mmengine - INFO - Iter(train) [ 62100/160000]  lr: 5.2004e-02  eta: 10:13:19  time: 0.3758  data_time: 0.0276  memory: 9887  loss: 1.0982  decode.loss_ohem: 0.7724  decode.acc_seg: 92.9517  aux_0.loss_ce: 0.3258  aux_0.acc_seg: 88.2927
2026/07/26 17:25:15 - mmengine - INFO - Iter(train) [ 62200/160000]  lr: 5.1956e-02  eta: 10:12:42  time: 0.3763  data_time: 0.0277  memory: 9889  loss: 1.0474  decode.loss_ohem: 0.7196  decode.acc_seg: 91.6094  aux_0.loss_ce: 0.3278  aux_0.acc_seg: 88.7250
2026/07/26 17:25:53 - mmengine - INFO - Iter(train) [ 62300/160000]  lr: 5.1908e-02  eta: 10:12:04  time: 0.3771  data_time: 0.0284  memory: 9889  loss: 1.0193  decode.loss_ohem: 0.7077  decode.acc_seg: 91.2176  aux_0.loss_ce: 0.3116  aux_0.acc_seg: 87.1757
2026/07/26 17:26:30 - mmengine - INFO - Iter(train) [ 62400/160000]  lr: 5.1860e-02  eta: 10:11:27  time: 0.3769  data_time: 0.0283  memory: 9887  loss: 1.1840  decode.loss_ohem: 0.8034  decode.acc_seg: 88.3537  aux_0.loss_ce: 0.3806  aux_0.acc_seg: 86.1096
2026/07/26 17:27:08 - mmengine - INFO - Iter(train) [ 62500/160000]  lr: 5.1813e-02  eta: 10:10:50  time: 0.3767  data_time: 0.0283  memory: 9887  loss: 1.1045  decode.loss_ohem: 0.7596  decode.acc_seg: 93.3730  aux_0.loss_ce: 0.3449  aux_0.acc_seg: 90.3436
2026/07/26 17:27:46 - mmengine - INFO - Iter(train) [ 62600/160000]  lr: 5.1765e-02  eta: 10:10:12  time: 0.3748  data_time: 0.0273  memory: 9887  loss: 1.1401  decode.loss_ohem: 0.7841  decode.acc_seg: 90.4933  aux_0.loss_ce: 0.3560  aux_0.acc_seg: 86.9860
2026/07/26 17:28:23 - mmengine - INFO - Iter(train) [ 62700/160000]  lr: 5.1717e-02  eta: 10:09:34  time: 0.3744  data_time: 0.0284  memory: 9887  loss: 1.1676  decode.loss_ohem: 0.7942  decode.acc_seg: 90.8999  aux_0.loss_ce: 0.3734  aux_0.acc_seg: 86.7913
2026/07/26 17:29:01 - mmengine - INFO - Iter(train) [ 62800/160000]  lr: 5.1669e-02  eta: 10:08:57  time: 0.3784  data_time: 0.0295  memory: 9886  loss: 1.0848  decode.loss_ohem: 0.7491  decode.acc_seg: 91.6663  aux_0.loss_ce: 0.3358  aux_0.acc_seg: 88.1902
2026/07/26 17:29:39 - mmengine - INFO - Iter(train) [ 62900/160000]  lr: 5.1621e-02  eta: 10:08:19  time: 0.3754  data_time: 0.0280  memory: 9888  loss: 1.1524  decode.loss_ohem: 0.7976  decode.acc_seg: 88.5358  aux_0.loss_ce: 0.3548  aux_0.acc_seg: 84.6626
2026/07/26 17:30:16 - mmengine - INFO - Exp name: dsanet_cityscapes_512x1024_20260726_105256
2026/07/26 17:30:16 - mmengine - INFO - Iter(train) [ 63000/160000]  lr: 5.1573e-02  eta: 10:07:41  time: 0.3743  data_time: 0.0277  memory: 9891  loss: 1.0402  decode.loss_ohem: 0.7321  decode.acc_seg: 94.5866  aux_0.loss_ce: 0.3081  aux_0.acc_seg: 91.5421
2026/07/26 17:30:54 - mmengine - INFO - Iter(train) [ 63100/160000]  lr: 5.1526e-02  eta: 10:07:04  time: 0.3749  data_time: 0.0280  memory: 9888  loss: 1.0966  decode.loss_ohem: 0.7544  decode.acc_seg: 87.7630  aux_0.loss_ce: 0.3422  aux_0.acc_seg: 81.4140
2026/07/26 17:31:31 - mmengine - INFO - Iter(train) [ 63200/160000]  lr: 5.1478e-02  eta: 10:06:26  time: 0.3770  data_time: 0.0277  memory: 9887  loss: 0.9880  decode.loss_ohem: 0.6861  decode.acc_seg: 90.0743  aux_0.loss_ce: 0.3020  aux_0.acc_seg: 84.9265
2026/07/26 17:32:09 - mmengine - INFO - Iter(train) [ 63300/160000]  lr: 5.1430e-02  eta: 10:05:49  time: 0.3770  data_time: 0.0289  memory: 9887  loss: 1.1532  decode.loss_ohem: 0.8018  decode.acc_seg: 87.6463  aux_0.loss_ce: 0.3514  aux_0.acc_seg: 82.9952
2026/07/26 17:32:47 - mmengine - INFO - Iter(train) [ 63400/160000]  lr: 5.1382e-02  eta: 10:05:11  time: 0.3755  data_time: 0.0277  memory: 9887  loss: 1.0653  decode.loss_ohem: 0.7412  decode.acc_seg: 92.7889  aux_0.loss_ce: 0.3241  aux_0.acc_seg: 88.6099
2026/07/26 17:33:24 - mmengine - INFO - Iter(train) [ 63500/160000]  lr: 5.1334e-02  eta: 10:04:33  time: 0.3756  data_time: 0.0279  memory: 9886  loss: 1.0996  decode.loss_ohem: 0.7660  decode.acc_seg: 91.2411  aux_0.loss_ce: 0.3336  aux_0.acc_seg: 87.5478
2026/07/26 17:34:02 - mmengine - INFO - Iter(train) [ 63600/160000]  lr: 5.1286e-02  eta: 10:03:56  time: 0.3750  data_time: 0.0273  memory: 9887  loss: 1.0462  decode.loss_ohem: 0.7180  decode.acc_seg: 90.2956  aux_0.loss_ce: 0.3283  aux_0.acc_seg: 80.5936
2026/07/26 17:34:39 - mmengine - INFO - Iter(train) [ 63700/160000]  lr: 5.1238e-02  eta: 10:03:18  time: 0.3765  data_time: 0.0281  memory: 9887  loss: 1.0763  decode.loss_ohem: 0.7444  decode.acc_seg: 91.3956  aux_0.loss_ce: 0.3319  aux_0.acc_seg: 88.6437
2026/07/26 17:35:17 - mmengine - INFO - Iter(train) [ 63800/160000]  lr: 5.1190e-02  eta: 10:02:41  time: 0.3764  data_time: 0.0281  memory: 9886  loss: 1.1536  decode.loss_ohem: 0.7991  decode.acc_seg: 88.7999  aux_0.loss_ce: 0.3545  aux_0.acc_seg: 87.9671
2026/07/26 17:35:55 - mmengine - INFO - Iter(train) [ 63900/160000]  lr: 5.1143e-02  eta: 10:02:03  time: 0.3772  data_time: 0.0284  memory: 9886  loss: 1.0895  decode.loss_ohem: 0.7448  decode.acc_seg: 89.9993  aux_0.loss_ce: 0.3447  aux_0.acc_seg: 86.2241
2026/07/26 17:36:32 - mmengine - INFO - Exp name: dsanet_cityscapes_512x1024_20260726_105256
2026/07/26 17:36:32 - mmengine - INFO - Iter(train) [ 64000/160000]  lr: 5.1095e-02  eta: 10:01:26  time: 0.3749  data_time: 0.0272  memory: 9885  loss: 1.1611  decode.loss_ohem: 0.8047  decode.acc_seg: 89.4406  aux_0.loss_ce: 0.3564  aux_0.acc_seg: 84.4598
2026/07/26 17:37:10 - mmengine - INFO - Iter(train) [ 64100/160000]  lr: 5.1047e-02  eta: 10:00:48  time: 0.3758  data_time: 0.0281  memory: 9886  loss: 1.0583  decode.loss_ohem: 0.7400  decode.acc_seg: 92.4439  aux_0.loss_ce: 0.3184  aux_0.acc_seg: 89.1474
2026/07/26 17:37:48 - mmengine - INFO - Iter(train) [ 64200/160000]  lr: 5.0999e-02  eta: 10:00:10  time: 0.3771  data_time: 0.0286  memory: 9887  loss: 1.1449  decode.loss_ohem: 0.7865  decode.acc_seg: 91.2009  aux_0.loss_ce: 0.3584  aux_0.acc_seg: 86.0864
2026/07/26 17:38:25 - mmengine - INFO - Iter(train) [ 64300/160000]  lr: 5.0951e-02  eta: 9:59:33  time: 0.3745  data_time: 0.0274  memory: 9887  loss: 1.1340  decode.loss_ohem: 0.7616  decode.acc_seg: 91.8665  aux_0.loss_ce: 0.3724  aux_0.acc_seg: 86.5533
2026/07/26 17:39:03 - mmengine - INFO - Iter(train) [ 64400/160000]  lr: 5.0903e-02  eta: 9:58:55  time: 0.3760  data_time: 0.0279  memory: 9889  loss: 1.0338  decode.loss_ohem: 0.6834  decode.acc_seg: 92.6218  aux_0.loss_ce: 0.3504  aux_0.acc_seg: 89.4438
2026/07/26 17:39:40 - mmengine - INFO - Iter(train) [ 64500/160000]  lr: 5.0855e-02  eta: 9:58:18  time: 0.3770  data_time: 0.0285  memory: 9887  loss: 1.1719  decode.loss_ohem: 0.8241  decode.acc_seg: 92.7036  aux_0.loss_ce: 0.3478  aux_0.acc_seg: 89.4579
2026/07/26 17:40:18 - mmengine - INFO - Iter(train) [ 64600/160000]  lr: 5.0807e-02  eta: 9:57:40  time: 0.3753  data_time: 0.0281  memory: 9888  loss: 1.0881  decode.loss_ohem: 0.7701  decode.acc_seg: 93.5159  aux_0.loss_ce: 0.3180  aux_0.acc_seg: 90.7744
2026/07/26 17:40:55 - mmengine - INFO - Iter(train) [ 64700/160000]  lr: 5.0759e-02  eta: 9:57:02  time: 0.3760  data_time: 0.0283  memory: 9887  loss: 1.0934  decode.loss_ohem: 0.7649  decode.acc_seg: 90.1738  aux_0.loss_ce: 0.3284  aux_0.acc_seg: 86.7731
2026/07/26 17:41:33 - mmengine - INFO - Iter(train) [ 64800/160000]  lr: 5.0711e-02  eta: 9:56:25  time: 0.3751  data_time: 0.0277  memory: 9887  loss: 1.1440  decode.loss_ohem: 0.7969  decode.acc_seg: 89.9191  aux_0.loss_ce: 0.3471  aux_0.acc_seg: 85.6845
2026/07/26 17:42:11 - mmengine - INFO - Iter(train) [ 64900/160000]  lr: 5.0663e-02  eta: 9:55:47  time: 0.3761  data_time: 0.0278  memory: 9887  loss: 1.1305  decode.loss_ohem: 0.7591  decode.acc_seg: 92.6289  aux_0.loss_ce: 0.3714  aux_0.acc_seg: 87.8147
2026/07/26 17:42:48 - mmengine - INFO - Exp name: dsanet_cityscapes_512x1024_20260726_105256
2026/07/26 17:42:48 - mmengine - INFO - Iter(train) [ 65000/160000]  lr: 5.0616e-02  eta: 9:55:10  time: 0.3766  data_time: 0.0287  memory: 9886  loss: 1.1553  decode.loss_ohem: 0.7966  decode.acc_seg: 92.5665  aux_0.loss_ce: 0.3586  aux_0.acc_seg: 88.0545
2026/07/26 17:42:48 - mmengine - INFO - Saving checkpoint at 65000 iterations
2026/07/26 17:42:54 - mmengine - INFO - Iter(val) [100/250]    eta: 0:00:07  time: 0.0473  data_time: 0.0094  memory: 729  
2026/07/26 17:42:58 - mmengine - INFO - Iter(val) [200/250]    eta: 0:00:02  time: 0.0477  data_time: 0.0094  memory: 729  
2026/07/26 17:43:01 - mmengine - INFO - per class results:
2026/07/26 17:43:01 - mmengine - INFO - 
+---------------+-------+-------+
|     Class     |  IoU  |  Acc  |
+---------------+-------+-------+
|      road     | 96.06 | 97.25 |
|    sidewalk   |  75.1 | 86.92 |
|    building   | 87.14 |  93.7 |
|      wall     | 35.14 | 39.54 |
|     fence     |  47.9 | 55.99 |
|      pole     |  51.2 | 61.07 |
| traffic light | 41.66 | 46.23 |
|  traffic sign |  65.7 | 76.28 |
|   vegetation  |  89.5 |  96.5 |
|    terrain    | 55.56 | 64.01 |
|      sky      | 88.09 | 90.63 |
|     person    | 63.44 | 84.95 |
|     rider     | 45.94 |  69.3 |
|      car      | 87.24 | 96.64 |
|     truck     | 41.01 | 66.37 |
|      bus      | 56.92 | 62.45 |
|     train     | 50.34 |  69.0 |
|   motorcycle  | 19.92 | 21.91 |
|    bicycle    | 63.06 | 82.59 |
+---------------+-------+-------+
2026/07/26 17:43:01 - mmengine - INFO - Iter(val) [250/250]    aAcc: 93.0700  mIoU: 61.1000  mAcc: 71.6500  data_time: 0.0106  time: 0.0487
2026/07/26 17:43:39 - mmengine - INFO - Iter(train) [ 65100/160000]  lr: 5.0568e-02  eta: 9:54:32  time: 0.3775  data_time: 0.0287  memory: 9888  loss: 1.1853  decode.loss_ohem: 0.8064  decode.acc_seg: 90.2853  aux_0.loss_ce: 0.3789  aux_0.acc_seg: 87.6459
2026/07/26 17:44:16 - mmengine - INFO - Iter(train) [ 65200/160000]  lr: 5.0520e-02  eta: 9:53:55  time: 0.3761  data_time: 0.0281  memory: 9889  loss: 1.0256  decode.loss_ohem: 0.6912  decode.acc_seg: 93.1490  aux_0.loss_ce: 0.3344  aux_0.acc_seg: 91.0669
2026/07/26 17:44:54 - mmengine - INFO - Iter(train) [ 65300/160000]  lr: 5.0472e-02  eta: 9:53:17  time: 0.3758  data_time: 0.0280  memory: 9887  loss: 1.1012  decode.loss_ohem: 0.7563  decode.acc_seg: 89.9032  aux_0.loss_ce: 0.3449  aux_0.acc_seg: 85.7289
2026/07/26 17:45:31 - mmengine - INFO - Iter(train) [ 65400/160000]  lr: 5.0424e-02  eta: 9:52:39  time: 0.3736  data_time: 0.0268  memory: 9886  loss: 1.0880  decode.loss_ohem: 0.7338  decode.acc_seg: 92.6852  aux_0.loss_ce: 0.3542  aux_0.acc_seg: 85.6973
2026/07/26 17:46:09 - mmengine - INFO - Iter(train) [ 65500/160000]  lr: 5.0376e-02  eta: 9:52:01  time: 0.3716  data_time: 0.0257  memory: 9890  loss: 1.1347  decode.loss_ohem: 0.7833  decode.acc_seg: 92.5357  aux_0.loss_ce: 0.3513  aux_0.acc_seg: 89.9494
2026/07/26 17:46:46 - mmengine - INFO - Iter(train) [ 65600/160000]  lr: 5.0328e-02  eta: 9:51:23  time: 0.3740  data_time: 0.0259  memory: 9887  loss: 1.0957  decode.loss_ohem: 0.7513  decode.acc_seg: 87.4799  aux_0.loss_ce: 0.3444  aux_0.acc_seg: 81.5902
2026/07/26 17:47:23 - mmengine - INFO - Iter(train) [ 65700/160000]  lr: 5.0280e-02  eta: 9:50:45  time: 0.3735  data_time: 0.0261  memory: 9886  loss: 1.1390  decode.loss_ohem: 0.7731  decode.acc_seg: 87.5533  aux_0.loss_ce: 0.3658  aux_0.acc_seg: 83.1311
2026/07/26 17:48:01 - mmengine - INFO - Iter(train) [ 65800/160000]  lr: 5.0232e-02  eta: 9:50:08  time: 0.3742  data_time: 0.0265  memory: 9888  loss: 1.2947  decode.loss_ohem: 0.9003  decode.acc_seg: 84.7352  aux_0.loss_ce: 0.3945  aux_0.acc_seg: 81.7828
2026/07/26 17:48:38 - mmengine - INFO - Iter(train) [ 65900/160000]  lr: 5.0184e-02  eta: 9:49:30  time: 0.3769  data_time: 0.0287  memory: 9888  loss: 1.1177  decode.loss_ohem: 0.7800  decode.acc_seg: 92.1225  aux_0.loss_ce: 0.3377  aux_0.acc_seg: 86.1151
2026/07/26 17:49:16 - mmengine - INFO - Exp name: dsanet_cityscapes_512x1024_20260726_105256
2026/07/26 17:49:16 - mmengine - INFO - Iter(train) [ 66000/160000]  lr: 5.0136e-02  eta: 9:48:52  time: 0.3742  data_time: 0.0274  memory: 9886  loss: 1.1009  decode.loss_ohem: 0.7572  decode.acc_seg: 92.0656  aux_0.loss_ce: 0.3437  aux_0.acc_seg: 88.5518
2026/07/26 17:49:53 - mmengine - INFO - Iter(train) [ 66100/160000]  lr: 5.0088e-02  eta: 9:48:15  time: 0.3773  data_time: 0.0272  memory: 9887  loss: 1.1134  decode.loss_ohem: 0.7565  decode.acc_seg: 92.4918  aux_0.loss_ce: 0.3569  aux_0.acc_seg: 88.9685
2026/07/26 17:50:31 - mmengine - INFO - Iter(train) [ 66200/160000]  lr: 5.0040e-02  eta: 9:47:37  time: 0.3764  data_time: 0.0282  memory: 9886  loss: 1.0674  decode.loss_ohem: 0.7335  decode.acc_seg: 90.9374  aux_0.loss_ce: 0.3339  aux_0.acc_seg: 87.3002
2026/07/26 17:51:08 - mmengine - INFO - Iter(train) [ 66300/160000]  lr: 4.9992e-02  eta: 9:46:59  time: 0.3747  data_time: 0.0276  memory: 9888  loss: 1.0278  decode.loss_ohem: 0.7123  decode.acc_seg: 91.2374  aux_0.loss_ce: 0.3156  aux_0.acc_seg: 88.0155
2026/07/26 17:51:46 - mmengine - INFO - Iter(train) [ 66400/160000]  lr: 4.9944e-02  eta: 9:46:22  time: 0.3756  data_time: 0.0278  memory: 9886  loss: 1.1339  decode.loss_ohem: 0.7944  decode.acc_seg: 90.5727  aux_0.loss_ce: 0.3395  aux_0.acc_seg: 88.1882
2026/07/26 17:52:24 - mmengine - INFO - Iter(train) [ 66500/160000]  lr: 4.9896e-02  eta: 9:45:44  time: 0.3739  data_time: 0.0270  memory: 9886  loss: 1.1423  decode.loss_ohem: 0.8069  decode.acc_seg: 90.5053  aux_0.loss_ce: 0.3353  aux_0.acc_seg: 87.5971
2026/07/26 17:53:01 - mmengine - INFO - Iter(train) [ 66600/160000]  lr: 4.9848e-02  eta: 9:45:06  time: 0.3753  data_time: 0.0273  memory: 9889  loss: 1.0548  decode.loss_ohem: 0.7102  decode.acc_seg: 91.7537  aux_0.loss_ce: 0.3446  aux_0.acc_seg: 87.4053
2026/07/26 17:53:39 - mmengine - INFO - Iter(train) [ 66700/160000]  lr: 4.9800e-02  eta: 9:44:29  time: 0.3741  data_time: 0.0261  memory: 9886  loss: 1.1904  decode.loss_ohem: 0.8121  decode.acc_seg: 90.3146  aux_0.loss_ce: 0.3783  aux_0.acc_seg: 85.4789
2026/07/26 17:54:16 - mmengine - INFO - Iter(train) [ 66800/160000]  lr: 4.9752e-02  eta: 9:43:51  time: 0.3753  data_time: 0.0274  memory: 9890  loss: 1.0718  decode.loss_ohem: 0.7106  decode.acc_seg: 89.8679  aux_0.loss_ce: 0.3612  aux_0.acc_seg: 86.0753
2026/07/26 17:54:54 - mmengine - INFO - Iter(train) [ 66900/160000]  lr: 4.9704e-02  eta: 9:43:13  time: 0.3757  data_time: 0.0277  memory: 9887  loss: 1.1630  decode.loss_ohem: 0.7647  decode.acc_seg: 87.4993  aux_0.loss_ce: 0.3983  aux_0.acc_seg: 79.8858
2026/07/26 17:55:31 - mmengine - INFO - Exp name: dsanet_cityscapes_512x1024_20260726_105256
2026/07/26 17:55:31 - mmengine - INFO - Iter(train) [ 67000/160000]  lr: 4.9656e-02  eta: 9:42:35  time: 0.3740  data_time: 0.0266  memory: 9888  loss: 1.1291  decode.loss_ohem: 0.7856  decode.acc_seg: 92.1948  aux_0.loss_ce: 0.3435  aux_0.acc_seg: 88.0538
2026/07/26 17:56:09 - mmengine - INFO - Iter(train) [ 67100/160000]  lr: 4.9608e-02  eta: 9:41:58  time: 0.3750  data_time: 0.0278  memory: 9887  loss: 1.2378  decode.loss_ohem: 0.8836  decode.acc_seg: 92.9349  aux_0.loss_ce: 0.3542  aux_0.acc_seg: 87.2102
2026/07/26 17:56:46 - mmengine - INFO - Iter(train) [ 67200/160000]  lr: 4.9560e-02  eta: 9:41:20  time: 0.3754  data_time: 0.0280  memory: 9889  loss: 1.1139  decode.loss_ohem: 0.7946  decode.acc_seg: 91.0791  aux_0.loss_ce: 0.3193  aux_0.acc_seg: 88.1427
2026/07/26 17:57:24 - mmengine - INFO - Iter(train) [ 67300/160000]  lr: 4.9512e-02  eta: 9:40:42  time: 0.3739  data_time: 0.0272  memory: 9887  loss: 1.1722  decode.loss_ohem: 0.8018  decode.acc_seg: 90.4232  aux_0.loss_ce: 0.3704  aux_0.acc_seg: 84.7394
2026/07/26 17:58:01 - mmengine - INFO - Iter(train) [ 67400/160000]  lr: 4.9463e-02  eta: 9:40:05  time: 0.3745  data_time: 0.0267  memory: 9888  loss: 1.2160  decode.loss_ohem: 0.8462  decode.acc_seg: 93.5849  aux_0.loss_ce: 0.3698  aux_0.acc_seg: 90.3114
2026/07/26 17:58:39 - mmengine - INFO - Iter(train) [ 67500/160000]  lr: 4.9415e-02  eta: 9:39:27  time: 0.3753  data_time: 0.0283  memory: 9886  loss: 1.0546  decode.loss_ohem: 0.7451  decode.acc_seg: 92.9882  aux_0.loss_ce: 0.3095  aux_0.acc_seg: 87.8181
2026/07/26 17:59:16 - mmengine - INFO - Iter(train) [ 67600/160000]  lr: 4.9367e-02  eta: 9:38:49  time: 0.3750  data_time: 0.0274  memory: 9887  loss: 1.1322  decode.loss_ohem: 0.7942  decode.acc_seg: 91.2585  aux_0.loss_ce: 0.3380  aux_0.acc_seg: 88.1778
2026/07/26 17:59:54 - mmengine - INFO - Iter(train) [ 67700/160000]  lr: 4.9319e-02  eta: 9:38:12  time: 0.3760  data_time: 0.0280  memory: 9889  loss: 1.0501  decode.loss_ohem: 0.7133  decode.acc_seg: 92.9849  aux_0.loss_ce: 0.3367  aux_0.acc_seg: 90.8830
2026/07/26 18:00:32 - mmengine - INFO - Iter(train) [ 67800/160000]  lr: 4.9271e-02  eta: 9:37:34  time: 0.3755  data_time: 0.0275  memory: 9888  loss: 1.1785  decode.loss_ohem: 0.7942  decode.acc_seg: 88.1722  aux_0.loss_ce: 0.3843  aux_0.acc_seg: 84.9481
2026/07/26 18:01:09 - mmengine - INFO - Iter(train) [ 67900/160000]  lr: 4.9223e-02  eta: 9:36:56  time: 0.3745  data_time: 0.0276  memory: 9886  loss: 1.1665  decode.loss_ohem: 0.7945  decode.acc_seg: 93.4897  aux_0.loss_ce: 0.3720  aux_0.acc_seg: 87.4538
2026/07/26 18:01:47 - mmengine - INFO - Exp name: dsanet_cityscapes_512x1024_20260726_105256
2026/07/26 18:01:47 - mmengine - INFO - Iter(train) [ 68000/160000]  lr: 4.9175e-02  eta: 9:36:19  time: 0.3749  data_time: 0.0272  memory: 9886  loss: 1.1430  decode.loss_ohem: 0.7745  decode.acc_seg: 93.2936  aux_0.loss_ce: 0.3684  aux_0.acc_seg: 87.6735
2026/07/26 18:02:24 - mmengine - INFO - Iter(train) [ 68100/160000]  lr: 4.9127e-02  eta: 9:35:41  time: 0.3754  data_time: 0.0277  memory: 9888  loss: 1.0810  decode.loss_ohem: 0.7573  decode.acc_seg: 94.0431  aux_0.loss_ce: 0.3237  aux_0.acc_seg: 89.2753
2026/07/26 18:03:02 - mmengine - INFO - Iter(train) [ 68200/160000]  lr: 4.9079e-02  eta: 9:35:04  time: 0.3734  data_time: 0.0260  memory: 9888  loss: 1.1239  decode.loss_ohem: 0.8008  decode.acc_seg: 92.5575  aux_0.loss_ce: 0.3231  aux_0.acc_seg: 90.0564
2026/07/26 18:03:39 - mmengine - INFO - Iter(train) [ 68300/160000]  lr: 4.9031e-02  eta: 9:34:26  time: 0.3744  data_time: 0.0273  memory: 9886  loss: 1.0511  decode.loss_ohem: 0.7164  decode.acc_seg: 93.0044  aux_0.loss_ce: 0.3347  aux_0.acc_seg: 90.0486
2026/07/26 18:04:17 - mmengine - INFO - Iter(train) [ 68400/160000]  lr: 4.8983e-02  eta: 9:33:48  time: 0.3751  data_time: 0.0272  memory: 9888  loss: 1.1626  decode.loss_ohem: 0.7545  decode.acc_seg: 92.1038  aux_0.loss_ce: 0.4081  aux_0.acc_seg: 88.6108
2026/07/26 18:04:54 - mmengine - INFO - Iter(train) [ 68500/160000]  lr: 4.8934e-02  eta: 9:33:11  time: 0.3750  data_time: 0.0274  memory: 9888  loss: 1.0770  decode.loss_ohem: 0.7829  decode.acc_seg: 91.7740  aux_0.loss_ce: 0.2941  aux_0.acc_seg: 89.5203
2026/07/26 18:05:32 - mmengine - INFO - Iter(train) [ 68600/160000]  lr: 4.8886e-02  eta: 9:32:33  time: 0.3752  data_time: 0.0273  memory: 9888  loss: 1.1918  decode.loss_ohem: 0.8265  decode.acc_seg: 89.9669  aux_0.loss_ce: 0.3653  aux_0.acc_seg: 86.3806
2026/07/26 18:06:10 - mmengine - INFO - Iter(train) [ 68700/160000]  lr: 4.8838e-02  eta: 9:31:55  time: 0.3768  data_time: 0.0272  memory: 9888  loss: 1.0723  decode.loss_ohem: 0.7276  decode.acc_seg: 93.9304  aux_0.loss_ce: 0.3447  aux_0.acc_seg: 91.1861
2026/07/26 18:06:47 - mmengine - INFO - Iter(train) [ 68800/160000]  lr: 4.8790e-02  eta: 9:31:18  time: 0.3759  data_time: 0.0270  memory: 9886  loss: 1.0954  decode.loss_ohem: 0.7369  decode.acc_seg: 92.2253  aux_0.loss_ce: 0.3585  aux_0.acc_seg: 89.2096
2026/07/26 18:07:25 - mmengine - INFO - Iter(train) [ 68900/160000]  lr: 4.8742e-02  eta: 9:30:40  time: 0.3757  data_time: 0.0278  memory: 9887  loss: 1.0420  decode.loss_ohem: 0.7179  decode.acc_seg: 89.3722  aux_0.loss_ce: 0.3242  aux_0.acc_seg: 81.5765
2026/07/26 18:08:02 - mmengine - INFO - Exp name: dsanet_cityscapes_512x1024_20260726_105256
2026/07/26 18:08:02 - mmengine - INFO - Iter(train) [ 69000/160000]  lr: 4.8694e-02  eta: 9:30:03  time: 0.3638  data_time: 0.0263  memory: 9890  loss: 1.1034  decode.loss_ohem: 0.7554  decode.acc_seg: 93.2414  aux_0.loss_ce: 0.3479  aux_0.acc_seg: 89.2953
2026/07/26 18:08:40 - mmengine - INFO - Iter(train) [ 69100/160000]  lr: 4.8646e-02  eta: 9:29:25  time: 0.3780  data_time: 0.0274  memory: 9889  loss: 1.0800  decode.loss_ohem: 0.7550  decode.acc_seg: 91.3735  aux_0.loss_ce: 0.3250  aux_0.acc_seg: 89.1171
2026/07/26 18:09:17 - mmengine - INFO - Iter(train) [ 69200/160000]  lr: 4.8597e-02  eta: 9:28:47  time: 0.3770  data_time: 0.0301  memory: 9889  loss: 1.1460  decode.loss_ohem: 0.7915  decode.acc_seg: 90.9474  aux_0.loss_ce: 0.3545  aux_0.acc_seg: 88.1082
2026/07/26 18:09:55 - mmengine - INFO - Iter(train) [ 69300/160000]  lr: 4.8549e-02  eta: 9:28:09  time: 0.3758  data_time: 0.0287  memory: 9887  loss: 1.1675  decode.loss_ohem: 0.8439  decode.acc_seg: 92.8757  aux_0.loss_ce: 0.3236  aux_0.acc_seg: 89.8565
2026/07/26 18:10:32 - mmengine - INFO - Iter(train) [ 69400/160000]  lr: 4.8501e-02  eta: 9:27:32  time: 0.3745  data_time: 0.0273  memory: 9888  loss: 1.1121  decode.loss_ohem: 0.7771  decode.acc_seg: 89.5705  aux_0.loss_ce: 0.3350  aux_0.acc_seg: 84.0856
2026/07/26 18:11:10 - mmengine - INFO - Iter(train) [ 69500/160000]  lr: 4.8453e-02  eta: 9:26:54  time: 0.3754  data_time: 0.0280  memory: 9887  loss: 1.1633  decode.loss_ohem: 0.8092  decode.acc_seg: 92.1772  aux_0.loss_ce: 0.3541  aux_0.acc_seg: 85.4930
2026/07/26 18:11:48 - mmengine - INFO - Iter(train) [ 69600/160000]  lr: 4.8405e-02  eta: 9:26:17  time: 0.3835  data_time: 0.0285  memory: 9888  loss: 1.1418  decode.loss_ohem: 0.7865  decode.acc_seg: 88.9144  aux_0.loss_ce: 0.3554  aux_0.acc_seg: 84.8707
2026/07/26 18:12:25 - mmengine - INFO - Iter(train) [ 69700/160000]  lr: 4.8357e-02  eta: 9:25:39  time: 0.3713  data_time: 0.0269  memory: 9886  loss: 1.0650  decode.loss_ohem: 0.7493  decode.acc_seg: 93.1275  aux_0.loss_ce: 0.3157  aux_0.acc_seg: 87.9383
2026/07/26 18:13:03 - mmengine - INFO - Iter(train) [ 69800/160000]  lr: 4.8308e-02  eta: 9:25:02  time: 0.3759  data_time: 0.0275  memory: 9886  loss: 1.1422  decode.loss_ohem: 0.7934  decode.acc_seg: 93.4189  aux_0.loss_ce: 0.3488  aux_0.acc_seg: 91.6484
2026/07/26 18:13:40 - mmengine - INFO - Iter(train) [ 69900/160000]  lr: 4.8260e-02  eta: 9:24:24  time: 0.3742  data_time: 0.0267  memory: 9888  loss: 0.9708  decode.loss_ohem: 0.6771  decode.acc_seg: 92.8617  aux_0.loss_ce: 0.2937  aux_0.acc_seg: 88.7781
2026/07/26 18:14:18 - mmengine - INFO - Exp name: dsanet_cityscapes_512x1024_20260726_105256
2026/07/26 18:14:18 - mmengine - INFO - Iter(train) [ 70000/160000]  lr: 4.8212e-02  eta: 9:23:46  time: 0.3756  data_time: 0.0273  memory: 9886  loss: 1.0211  decode.loss_ohem: 0.6899  decode.acc_seg: 94.1551  aux_0.loss_ce: 0.3312  aux_0.acc_seg: 87.5906
2026/07/26 18:14:18 - mmengine - INFO - Saving checkpoint at 70000 iterations
2026/07/26 18:14:24 - mmengine - INFO - Iter(val) [100/250]    eta: 0:00:07  time: 0.0476  data_time: 0.0097  memory: 729  
2026/07/26 18:14:28 - mmengine - INFO - Iter(val) [200/250]    eta: 0:00:02  time: 0.0477  data_time: 0.0093  memory: 729  
2026/07/26 18:14:31 - mmengine - INFO - per class results:
2026/07/26 18:14:31 - mmengine - INFO - 
+---------------+-------+-------+
|     Class     |  IoU  |  Acc  |
+---------------+-------+-------+
|      road     | 96.42 | 97.04 |
|    sidewalk   | 75.13 | 92.35 |
|    building   | 87.95 | 93.27 |
|      wall     | 39.54 | 66.35 |
|     fence     | 48.39 | 73.83 |
|      pole     | 52.54 |  63.5 |
| traffic light | 42.55 | 46.58 |
|  traffic sign | 63.78 | 68.89 |
|   vegetation  |  89.5 | 95.27 |
|    terrain    | 56.04 | 68.82 |
|      sky      |  92.3 | 97.84 |
|     person    | 72.81 | 83.48 |
|     rider     | 49.77 | 61.63 |
|      car      | 90.21 | 96.05 |
|     truck     | 41.92 | 43.57 |
|      bus      | 64.83 | 67.76 |
|     train     | 66.42 | 72.82 |
|   motorcycle  | 29.91 | 34.86 |
|    bicycle    | 64.87 | 81.91 |
+---------------+-------+-------+
2026/07/26 18:14:31 - mmengine - INFO - Iter(val) [250/250]    aAcc: 93.4700  mIoU: 64.4700  mAcc: 73.9900  data_time: 0.0107  time: 0.0488
2026/07/26 18:14:31 - mmengine - INFO - The previous best checkpoint /root/autodl-tmp/DSANet-main/tools/work_dirs/dsanet_cityscapes_512x1024/best_mIoU_iter_50000.pth is removed
2026/07/26 18:14:31 - mmengine - INFO - The best checkpoint with 64.4700 mIoU at 70000 iter is saved to best_mIoU_iter_70000.pth.
2026/07/26 18:15:09 - mmengine - INFO - Iter(train) [ 70100/160000]  lr: 4.8164e-02  eta: 9:23:10  time: 0.3719  data_time: 0.0272  memory: 9886  loss: 1.0913  decode.loss_ohem: 0.7567  decode.acc_seg: 90.4902  aux_0.loss_ce: 0.3347  aux_0.acc_seg: 86.3535
2026/07/26 18:15:46 - mmengine - INFO - Iter(train) [ 70200/160000]  lr: 4.8116e-02  eta: 9:22:32  time: 0.3748  data_time: 0.0278  memory: 9887  loss: 1.1332  decode.loss_ohem: 0.7846  decode.acc_seg: 92.4294  aux_0.loss_ce: 0.3486  aux_0.acc_seg: 89.2162
2026/07/26 18:16:24 - mmengine - INFO - Iter(train) [ 70300/160000]  lr: 4.8067e-02  eta: 9:21:54  time: 0.3762  data_time: 0.0275  memory: 9887  loss: 1.1205  decode.loss_ohem: 0.8085  decode.acc_seg: 90.9232  aux_0.loss_ce: 0.3120  aux_0.acc_seg: 88.9401
2026/07/26 18:17:02 - mmengine - INFO - Iter(train) [ 70400/160000]  lr: 4.8019e-02  eta: 9:21:17  time: 0.3748  data_time: 0.0281  memory: 9887  loss: 1.1921  decode.loss_ohem: 0.8363  decode.acc_seg: 85.8247  aux_0.loss_ce: 0.3558  aux_0.acc_seg: 79.5561
2026/07/26 18:17:39 - mmengine - INFO - Iter(train) [ 70500/160000]  lr: 4.7971e-02  eta: 9:20:39  time: 0.3754  data_time: 0.0273  memory: 9888  loss: 1.1155  decode.loss_ohem: 0.7588  decode.acc_seg: 89.7290  aux_0.loss_ce: 0.3567  aux_0.acc_seg: 86.3587
2026/07/26 18:18:17 - mmengine - INFO - Iter(train) [ 70600/160000]  lr: 4.7923e-02  eta: 9:20:02  time: 0.3751  data_time: 0.0275  memory: 9887  loss: 1.1645  decode.loss_ohem: 0.8069  decode.acc_seg: 90.7922  aux_0.loss_ce: 0.3577  aux_0.acc_seg: 83.4206
2026/07/26 18:18:54 - mmengine - INFO - Iter(train) [ 70700/160000]  lr: 4.7874e-02  eta: 9:19:24  time: 0.3739  data_time: 0.0264  memory: 9886  loss: 1.1206  decode.loss_ohem: 0.7683  decode.acc_seg: 90.6593  aux_0.loss_ce: 0.3523  aux_0.acc_seg: 87.2843
2026/07/26 18:19:32 - mmengine - INFO - Iter(train) [ 70800/160000]  lr: 4.7826e-02  eta: 9:18:46  time: 0.3757  data_time: 0.0281  memory: 9887  loss: 1.0904  decode.loss_ohem: 0.7284  decode.acc_seg: 87.1402  aux_0.loss_ce: 0.3620  aux_0.acc_seg: 79.0465
2026/07/26 18:20:09 - mmengine - INFO - Iter(train) [ 70900/160000]  lr: 4.7778e-02  eta: 9:18:08  time: 0.3744  data_time: 0.0273  memory: 9887  loss: 1.0834  decode.loss_ohem: 0.7707  decode.acc_seg: 94.1770  aux_0.loss_ce: 0.3127  aux_0.acc_seg: 92.3982
2026/07/26 18:20:47 - mmengine - INFO - Exp name: dsanet_cityscapes_512x1024_20260726_105256
2026/07/26 18:20:47 - mmengine - INFO - Iter(train) [ 71000/160000]  lr: 4.7730e-02  eta: 9:17:31  time: 0.3746  data_time: 0.0268  memory: 9886  loss: 1.0751  decode.loss_ohem: 0.7616  decode.acc_seg: 93.2078  aux_0.loss_ce: 0.3136  aux_0.acc_seg: 89.6587
2026/07/26 18:21:25 - mmengine - INFO - Iter(train) [ 71100/160000]  lr: 4.7681e-02  eta: 9:16:53  time: 0.3763  data_time: 0.0283  memory: 9886  loss: 1.1834  decode.loss_ohem: 0.7915  decode.acc_seg: 89.9245  aux_0.loss_ce: 0.3919  aux_0.acc_seg: 85.3151
2026/07/26 18:22:02 - mmengine - INFO - Iter(train) [ 71200/160000]  lr: 4.7633e-02  eta: 9:16:16  time: 0.3753  data_time: 0.0275  memory: 9888  loss: 1.0635  decode.loss_ohem: 0.7091  decode.acc_seg: 89.9646  aux_0.loss_ce: 0.3544  aux_0.acc_seg: 87.5999
2026/07/26 18:22:40 - mmengine - INFO - Iter(train) [ 71300/160000]  lr: 4.7585e-02  eta: 9:15:38  time: 0.3756  data_time: 0.0275  memory: 9886  loss: 1.1221  decode.loss_ohem: 0.7794  decode.acc_seg: 93.1969  aux_0.loss_ce: 0.3427  aux_0.acc_seg: 87.5224
2026/07/26 18:23:17 - mmengine - INFO - Iter(train) [ 71400/160000]  lr: 4.7537e-02  eta: 9:15:00  time: 0.3765  data_time: 0.0280  memory: 9888  loss: 1.0938  decode.loss_ohem: 0.7252  decode.acc_seg: 90.9111  aux_0.loss_ce: 0.3686  aux_0.acc_seg: 87.9214
2026/07/26 18:23:55 - mmengine - INFO - Iter(train) [ 71500/160000]  lr: 4.7488e-02  eta: 9:14:23  time: 0.3740  data_time: 0.0270  memory: 9886  loss: 1.1319  decode.loss_ohem: 0.7742  decode.acc_seg: 93.0050  aux_0.loss_ce: 0.3578  aux_0.acc_seg: 87.3258
2026/07/26 18:24:32 - mmengine - INFO - Iter(train) [ 71600/160000]  lr: 4.7440e-02  eta: 9:13:45  time: 0.3756  data_time: 0.0282  memory: 9887  loss: 1.1134  decode.loss_ohem: 0.7971  decode.acc_seg: 92.6081  aux_0.loss_ce: 0.3162  aux_0.acc_seg: 90.2603
2026/07/26 18:25:10 - mmengine - INFO - Iter(train) [ 71700/160000]  lr: 4.7392e-02  eta: 9:13:07  time: 0.3746  data_time: 0.0272  memory: 9888  loss: 1.0794  decode.loss_ohem: 0.7294  decode.acc_seg: 88.0857  aux_0.loss_ce: 0.3500  aux_0.acc_seg: 82.2675
2026/07/26 18:25:48 - mmengine - INFO - Iter(train) [ 71800/160000]  lr: 4.7343e-02  eta: 9:12:30  time: 0.3750  data_time: 0.0273  memory: 9889  loss: 1.0965  decode.loss_ohem: 0.7617  decode.acc_seg: 93.3925  aux_0.loss_ce: 0.3349  aux_0.acc_seg: 90.1783
2026/07/26 18:26:25 - mmengine - INFO - Iter(train) [ 71900/160000]  lr: 4.7295e-02  eta: 9:11:52  time: 0.3769  data_time: 0.0281  memory: 9888  loss: 1.2171  decode.loss_ohem: 0.8521  decode.acc_seg: 90.8571  aux_0.loss_ce: 0.3650  aux_0.acc_seg: 85.5660
2026/07/26 18:27:03 - mmengine - INFO - Exp name: dsanet_cityscapes_512x1024_20260726_105256
2026/07/26 18:27:03 - mmengine - INFO - Iter(train) [ 72000/160000]  lr: 4.7247e-02  eta: 9:11:14  time: 0.3754  data_time: 0.0275  memory: 9888  loss: 1.1436  decode.loss_ohem: 0.7785  decode.acc_seg: 88.9287  aux_0.loss_ce: 0.3652  aux_0.acc_seg: 82.3662
2026/07/26 18:27:40 - mmengine - INFO - Iter(train) [ 72100/160000]  lr: 4.7199e-02  eta: 9:10:37  time: 0.3745  data_time: 0.0276  memory: 9888  loss: 1.0263  decode.loss_ohem: 0.7120  decode.acc_seg: 90.9569  aux_0.loss_ce: 0.3142  aux_0.acc_seg: 85.6105
2026/07/26 18:28:18 - mmengine - INFO - Iter(train) [ 72200/160000]  lr: 4.7150e-02  eta: 9:09:59  time: 0.3747  data_time: 0.0276  memory: 9889  loss: 1.1812  decode.loss_ohem: 0.8090  decode.acc_seg: 94.0565  aux_0.loss_ce: 0.3723  aux_0.acc_seg: 91.3275
2026/07/26 18:28:55 - mmengine - INFO - Iter(train) [ 72300/160000]  lr: 4.7102e-02  eta: 9:09:22  time: 0.3753  data_time: 0.0276  memory: 9885  loss: 1.1436  decode.loss_ohem: 0.7791  decode.acc_seg: 88.6932  aux_0.loss_ce: 0.3645  aux_0.acc_seg: 86.6285
2026/07/26 18:29:33 - mmengine - INFO - Iter(train) [ 72400/160000]  lr: 4.7054e-02  eta: 9:08:44  time: 0.3774  data_time: 0.0289  memory: 9887  loss: 1.1930  decode.loss_ohem: 0.8187  decode.acc_seg: 92.5007  aux_0.loss_ce: 0.3743  aux_0.acc_seg: 86.6267
2026/07/26 18:30:10 - mmengine - INFO - Iter(train) [ 72500/160000]  lr: 4.7005e-02  eta: 9:08:06  time: 0.3752  data_time: 0.0271  memory: 9888  loss: 1.1893  decode.loss_ohem: 0.8132  decode.acc_seg: 93.2973  aux_0.loss_ce: 0.3761  aux_0.acc_seg: 89.9756
2026/07/26 18:30:48 - mmengine - INFO - Iter(train) [ 72600/160000]  lr: 4.6957e-02  eta: 9:07:29  time: 0.3822  data_time: 0.0293  memory: 9888  loss: 1.0823  decode.loss_ohem: 0.7519  decode.acc_seg: 92.6220  aux_0.loss_ce: 0.3304  aux_0.acc_seg: 89.1468
2026/07/26 18:31:26 - mmengine - INFO - Iter(train) [ 72700/160000]  lr: 4.6909e-02  eta: 9:06:51  time: 0.3729  data_time: 0.0266  memory: 9887  loss: 1.0999  decode.loss_ohem: 0.7711  decode.acc_seg: 91.8128  aux_0.loss_ce: 0.3289  aux_0.acc_seg: 87.0411
2026/07/26 18:32:03 - mmengine - INFO - Iter(train) [ 72800/160000]  lr: 4.6860e-02  eta: 9:06:14  time: 0.3755  data_time: 0.0269  memory: 9887  loss: 1.0857  decode.loss_ohem: 0.7351  decode.acc_seg: 94.5316  aux_0.loss_ce: 0.3506  aux_0.acc_seg: 89.1440
2026/07/26 18:32:41 - mmengine - INFO - Iter(train) [ 72900/160000]  lr: 4.6812e-02  eta: 9:05:36  time: 0.3747  data_time: 0.0273  memory: 9887  loss: 1.0549  decode.loss_ohem: 0.7171  decode.acc_seg: 92.0020  aux_0.loss_ce: 0.3377  aux_0.acc_seg: 84.0123
2026/07/26 18:33:18 - mmengine - INFO - Exp name: dsanet_cityscapes_512x1024_20260726_105256
2026/07/26 18:33:18 - mmengine - INFO - Iter(train) [ 73000/160000]  lr: 4.6763e-02  eta: 9:04:58  time: 0.3753  data_time: 0.0275  memory: 9887  loss: 1.0836  decode.loss_ohem: 0.7290  decode.acc_seg: 88.1675  aux_0.loss_ce: 0.3546  aux_0.acc_seg: 81.1145
2026/07/26 18:33:56 - mmengine - INFO - Iter(train) [ 73100/160000]  lr: 4.6715e-02  eta: 9:04:21  time: 0.3814  data_time: 0.0278  memory: 9886  loss: 1.0974  decode.loss_ohem: 0.7520  decode.acc_seg: 90.5774  aux_0.loss_ce: 0.3455  aux_0.acc_seg: 86.6774
2026/07/26 18:34:34 - mmengine - INFO - Iter(train) [ 73200/160000]  lr: 4.6667e-02  eta: 9:03:43  time: 0.3698  data_time: 0.0263  memory: 9886  loss: 1.0647  decode.loss_ohem: 0.7364  decode.acc_seg: 94.5383  aux_0.loss_ce: 0.3283  aux_0.acc_seg: 88.1884
2026/07/26 18:35:11 - mmengine - INFO - Iter(train) [ 73300/160000]  lr: 4.6618e-02  eta: 9:03:05  time: 0.3748  data_time: 0.0271  memory: 9887  loss: 1.0576  decode.loss_ohem: 0.7416  decode.acc_seg: 93.5022  aux_0.loss_ce: 0.3160  aux_0.acc_seg: 90.4454
2026/07/26 18:35:49 - mmengine - INFO - Iter(train) [ 73400/160000]  lr: 4.6570e-02  eta: 9:02:28  time: 0.3770  data_time: 0.0281  memory: 9886  loss: 1.0900  decode.loss_ohem: 0.7287  decode.acc_seg: 92.5448  aux_0.loss_ce: 0.3612  aux_0.acc_seg: 89.0032
2026/07/26 18:36:26 - mmengine - INFO - Iter(train) [ 73500/160000]  lr: 4.6522e-02  eta: 9:01:50  time: 0.3757  data_time: 0.0279  memory: 9888  loss: 1.0934  decode.loss_ohem: 0.7443  decode.acc_seg: 90.5191  aux_0.loss_ce: 0.3491  aux_0.acc_seg: 85.1386
2026/07/26 18:37:04 - mmengine - INFO - Iter(train) [ 73600/160000]  lr: 4.6473e-02  eta: 9:01:13  time: 0.3755  data_time: 0.0272  memory: 9888  loss: 1.1885  decode.loss_ohem: 0.8208  decode.acc_seg: 91.6205  aux_0.loss_ce: 0.3677  aux_0.acc_seg: 87.5160
2026/07/26 18:37:42 - mmengine - INFO - Iter(train) [ 73700/160000]  lr: 4.6425e-02  eta: 9:00:35  time: 0.3744  data_time: 0.0269  memory: 9887  loss: 1.0864  decode.loss_ohem: 0.7745  decode.acc_seg: 92.4609  aux_0.loss_ce: 0.3119  aux_0.acc_seg: 86.6390
2026/07/26 18:38:19 - mmengine - INFO - Iter(train) [ 73800/160000]  lr: 4.6376e-02  eta: 8:59:58  time: 0.3762  data_time: 0.0284  memory: 9887  loss: 1.0802  decode.loss_ohem: 0.7355  decode.acc_seg: 91.3426  aux_0.loss_ce: 0.3446  aux_0.acc_seg: 83.1160
2026/07/26 18:38:57 - mmengine - INFO - Iter(train) [ 73900/160000]  lr: 4.6328e-02  eta: 8:59:20  time: 0.3769  data_time: 0.0280  memory: 9887  loss: 1.1778  decode.loss_ohem: 0.8105  decode.acc_seg: 89.0180  aux_0.loss_ce: 0.3673  aux_0.acc_seg: 82.6663
2026/07/26 18:39:35 - mmengine - INFO - Exp name: dsanet_cityscapes_512x1024_20260726_105256
2026/07/26 18:39:35 - mmengine - INFO - Iter(train) [ 74000/160000]  lr: 4.6280e-02  eta: 8:58:43  time: 0.3754  data_time: 0.0268  memory: 9888  loss: 1.0566  decode.loss_ohem: 0.7225  decode.acc_seg: 92.5198  aux_0.loss_ce: 0.3342  aux_0.acc_seg: 88.2649
2026/07/26 18:40:12 - mmengine - INFO - Iter(train) [ 74100/160000]  lr: 4.6231e-02  eta: 8:58:05  time: 0.3757  data_time: 0.0276  memory: 9887  loss: 1.0261  decode.loss_ohem: 0.6774  decode.acc_seg: 92.4893  aux_0.loss_ce: 0.3487  aux_0.acc_seg: 89.5244
2026/07/26 18:40:50 - mmengine - INFO - Iter(train) [ 74200/160000]  lr: 4.6183e-02  eta: 8:57:28  time: 0.3753  data_time: 0.0268  memory: 9889  loss: 1.1569  decode.loss_ohem: 0.7673  decode.acc_seg: 89.9865  aux_0.loss_ce: 0.3895  aux_0.acc_seg: 87.6442
2026/07/26 18:41:28 - mmengine - INFO - Iter(train) [ 74300/160000]  lr: 4.6134e-02  eta: 8:56:50  time: 0.3771  data_time: 0.0278  memory: 9887  loss: 1.0997  decode.loss_ohem: 0.7580  decode.acc_seg: 88.5652  aux_0.loss_ce: 0.3416  aux_0.acc_seg: 85.6215
2026/07/26 18:42:05 - mmengine - INFO - Iter(train) [ 74400/160000]  lr: 4.6086e-02  eta: 8:56:13  time: 0.3764  data_time: 0.0278  memory: 9887  loss: 1.1407  decode.loss_ohem: 0.7980  decode.acc_seg: 93.4326  aux_0.loss_ce: 0.3426  aux_0.acc_seg: 89.7934
2026/07/26 18:42:43 - mmengine - INFO - Iter(train) [ 74500/160000]  lr: 4.6037e-02  eta: 8:55:35  time: 0.3777  data_time: 0.0295  memory: 9888  loss: 1.0509  decode.loss_ohem: 0.7520  decode.acc_seg: 94.1664  aux_0.loss_ce: 0.2989  aux_0.acc_seg: 91.8901
2026/07/26 18:43:20 - mmengine - INFO - Iter(train) [ 74600/160000]  lr: 4.5989e-02  eta: 8:54:57  time: 0.3771  data_time: 0.0286  memory: 9886  loss: 1.1662  decode.loss_ohem: 0.7788  decode.acc_seg: 91.2820  aux_0.loss_ce: 0.3873  aux_0.acc_seg: 86.2353
2026/07/26 18:43:58 - mmengine - INFO - Iter(train) [ 74700/160000]  lr: 4.5940e-02  eta: 8:54:20  time: 0.3767  data_time: 0.0290  memory: 9888  loss: 1.0375  decode.loss_ohem: 0.7264  decode.acc_seg: 92.9769  aux_0.loss_ce: 0.3111  aux_0.acc_seg: 89.0812
2026/07/26 18:44:36 - mmengine - INFO - Iter(train) [ 74800/160000]  lr: 4.5892e-02  eta: 8:53:42  time: 0.3747  data_time: 0.0270  memory: 9886  loss: 1.1284  decode.loss_ohem: 0.7641  decode.acc_seg: 91.5564  aux_0.loss_ce: 0.3642  aux_0.acc_seg: 87.5966
2026/07/26 18:45:13 - mmengine - INFO - Iter(train) [ 74900/160000]  lr: 4.5844e-02  eta: 8:53:05  time: 0.3755  data_time: 0.0277  memory: 9886  loss: 1.0632  decode.loss_ohem: 0.7445  decode.acc_seg: 91.2343  aux_0.loss_ce: 0.3187  aux_0.acc_seg: 88.7294
2026/07/26 18:45:51 - mmengine - INFO - Exp name: dsanet_cityscapes_512x1024_20260726_105256
2026/07/26 18:45:51 - mmengine - INFO - Iter(train) [ 75000/160000]  lr: 4.5795e-02  eta: 8:52:27  time: 0.3772  data_time: 0.0292  memory: 9886  loss: 1.1377  decode.loss_ohem: 0.8020  decode.acc_seg: 88.1281  aux_0.loss_ce: 0.3358  aux_0.acc_seg: 83.4433
2026/07/26 18:45:51 - mmengine - INFO - Saving checkpoint at 75000 iterations
2026/07/26 18:45:56 - mmengine - INFO - Iter(val) [100/250]    eta: 0:00:07  time: 0.0485  data_time: 0.0102  memory: 729  
2026/07/26 18:46:01 - mmengine - INFO - Iter(val) [200/250]    eta: 0:00:02  time: 0.0478  data_time: 0.0096  memory: 729  
2026/07/26 18:46:03 - mmengine - INFO - per class results:
2026/07/26 18:46:03 - mmengine - INFO - 
+---------------+-------+-------+
|     Class     |  IoU  |  Acc  |
+---------------+-------+-------+
|      road     | 97.34 |  98.5 |
|    sidewalk   | 78.79 | 90.04 |
|    building   | 89.32 | 94.97 |
|      wall     | 43.65 | 48.02 |
|     fence     |  48.8 | 58.67 |
|      pole     |  54.7 | 66.15 |
| traffic light | 51.87 | 64.97 |
|  traffic sign | 65.91 | 77.85 |
|   vegetation  | 90.41 | 95.64 |
|    terrain    | 58.04 | 71.09 |
|      sky      | 93.33 |  96.7 |
|     person    | 72.61 | 86.95 |
|     rider     | 45.98 | 53.76 |
|      car      | 91.99 | 96.57 |
|     truck     | 53.83 | 69.62 |
|      bus      | 66.14 | 80.56 |
|     train     | 37.09 | 38.35 |
|   motorcycle  | 28.39 | 30.54 |
|    bicycle    |  66.5 | 85.35 |
+---------------+-------+-------+
2026/07/26 18:46:03 - mmengine - INFO - Iter(val) [250/250]    aAcc: 94.3600  mIoU: 64.9800  mAcc: 73.9100  data_time: 0.0107  time: 0.0487
2026/07/26 18:46:03 - mmengine - INFO - The previous best checkpoint /root/autodl-tmp/DSANet-main/tools/work_dirs/dsanet_cityscapes_512x1024/best_mIoU_iter_70000.pth is removed
2026/07/26 18:46:04 - mmengine - INFO - The best checkpoint with 64.9800 mIoU at 75000 iter is saved to best_mIoU_iter_75000.pth.
2026/07/26 18:46:42 - mmengine - INFO - Iter(train) [ 75100/160000]  lr: 4.5747e-02  eta: 8:51:50  time: 0.3774  data_time: 0.0280  memory: 9887  loss: 1.0291  decode.loss_ohem: 0.6890  decode.acc_seg: 92.0569  aux_0.loss_ce: 0.3401  aux_0.acc_seg: 87.2649
2026/07/26 18:47:19 - mmengine - INFO - Iter(train) [ 75200/160000]  lr: 4.5698e-02  eta: 8:51:13  time: 0.3772  data_time: 0.0284  memory: 9887  loss: 1.2459  decode.loss_ohem: 0.8551  decode.acc_seg: 92.3298  aux_0.loss_ce: 0.3908  aux_0.acc_seg: 88.6503
2026/07/26 18:47:57 - mmengine - INFO - Iter(train) [ 75300/160000]  lr: 4.5650e-02  eta: 8:50:35  time: 0.3762  data_time: 0.0281  memory: 9888  loss: 1.1480  decode.loss_ohem: 0.7942  decode.acc_seg: 90.9076  aux_0.loss_ce: 0.3538  aux_0.acc_seg: 86.0346
2026/07/26 18:48:35 - mmengine - INFO - Iter(train) [ 75400/160000]  lr: 4.5601e-02  eta: 8:49:58  time: 0.3777  data_time: 0.0290  memory: 9886  loss: 1.1477  decode.loss_ohem: 0.7988  decode.acc_seg: 89.3821  aux_0.loss_ce: 0.3489  aux_0.acc_seg: 85.4170
2026/07/26 18:49:12 - mmengine - INFO - Iter(train) [ 75500/160000]  lr: 4.5553e-02  eta: 8:49:20  time: 0.3748  data_time: 0.0268  memory: 9888  loss: 1.1282  decode.loss_ohem: 0.7465  decode.acc_seg: 91.7581  aux_0.loss_ce: 0.3817  aux_0.acc_seg: 84.7828
2026/07/26 18:49:50 - mmengine - INFO - Iter(train) [ 75600/160000]  lr: 4.5504e-02  eta: 8:48:43  time: 0.3782  data_time: 0.0295  memory: 9887  loss: 1.2604  decode.loss_ohem: 0.8798  decode.acc_seg: 91.9739  aux_0.loss_ce: 0.3805  aux_0.acc_seg: 85.9229
2026/07/26 18:50:28 - mmengine - INFO - Iter(train) [ 75700/160000]  lr: 4.5456e-02  eta: 8:48:05  time: 0.3757  data_time: 0.0278  memory: 9886  loss: 1.1702  decode.loss_ohem: 0.7846  decode.acc_seg: 89.7403  aux_0.loss_ce: 0.3856  aux_0.acc_seg: 86.1129
2026/07/26 18:51:05 - mmengine - INFO - Iter(train) [ 75800/160000]  lr: 4.5407e-02  eta: 8:47:28  time: 0.3744  data_time: 0.0274  memory: 9886  loss: 1.1217  decode.loss_ohem: 0.7929  decode.acc_seg: 91.5873  aux_0.loss_ce: 0.3289  aux_0.acc_seg: 83.9055
2026/07/26 18:51:43 - mmengine - INFO - Iter(train) [ 75900/160000]  lr: 4.5359e-02  eta: 8:46:50  time: 0.3761  data_time: 0.0274  memory: 9886  loss: 1.0755  decode.loss_ohem: 0.7353  decode.acc_seg: 89.5230  aux_0.loss_ce: 0.3401  aux_0.acc_seg: 87.5331
2026/07/26 18:52:20 - mmengine - INFO - Exp name: dsanet_cityscapes_512x1024_20260726_105256
2026/07/26 18:52:20 - mmengine - INFO - Iter(train) [ 76000/160000]  lr: 4.5310e-02  eta: 8:46:12  time: 0.3777  data_time: 0.0296  memory: 9887  loss: 1.0913  decode.loss_ohem: 0.7731  decode.acc_seg: 93.6480  aux_0.loss_ce: 0.3182  aux_0.acc_seg: 90.7482
2026/07/26 18:52:58 - mmengine - INFO - Iter(train) [ 76100/160000]  lr: 4.5261e-02  eta: 8:45:35  time: 0.3795  data_time: 0.0277  memory: 9887  loss: 1.1386  decode.loss_ohem: 0.7879  decode.acc_seg: 92.9139  aux_0.loss_ce: 0.3507  aux_0.acc_seg: 90.1802
2026/07/26 18:53:36 - mmengine - INFO - Iter(train) [ 76200/160000]  lr: 4.5213e-02  eta: 8:44:57  time: 0.3774  data_time: 0.0285  memory: 9888  loss: 1.0455  decode.loss_ohem: 0.6860  decode.acc_seg: 93.9289  aux_0.loss_ce: 0.3595  aux_0.acc_seg: 90.5872
2026/07/26 18:54:13 - mmengine - INFO - Iter(train) [ 76300/160000]  lr: 4.5164e-02  eta: 8:44:20  time: 0.3769  data_time: 0.0278  memory: 9886  loss: 1.1236  decode.loss_ohem: 0.7578  decode.acc_seg: 92.1503  aux_0.loss_ce: 0.3657  aux_0.acc_seg: 84.4741
2026/07/26 18:54:51 - mmengine - INFO - Iter(train) [ 76400/160000]  lr: 4.5116e-02  eta: 8:43:42  time: 0.3761  data_time: 0.0280  memory: 9887  loss: 1.1187  decode.loss_ohem: 0.7800  decode.acc_seg: 94.3506  aux_0.loss_ce: 0.3388  aux_0.acc_seg: 90.5472
2026/07/26 18:55:29 - mmengine - INFO - Iter(train) [ 76500/160000]  lr: 4.5067e-02  eta: 8:43:05  time: 0.3774  data_time: 0.0281  memory: 9886  loss: 1.1043  decode.loss_ohem: 0.7388  decode.acc_seg: 92.4209  aux_0.loss_ce: 0.3655  aux_0.acc_seg: 87.3323
2026/07/26 18:56:06 - mmengine - INFO - Iter(train) [ 76600/160000]  lr: 4.5019e-02  eta: 8:42:27  time: 0.3757  data_time: 0.0281  memory: 9886  loss: 1.0352  decode.loss_ohem: 0.7272  decode.acc_seg: 93.0229  aux_0.loss_ce: 0.3081  aux_0.acc_seg: 90.4329
2026/07/26 18:56:44 - mmengine - INFO - Iter(train) [ 76700/160000]  lr: 4.4970e-02  eta: 8:41:50  time: 0.3744  data_time: 0.0269  memory: 9887  loss: 1.0340  decode.loss_ohem: 0.7310  decode.acc_seg: 92.4167  aux_0.loss_ce: 0.3031  aux_0.acc_seg: 87.7526
2026/07/26 18:57:22 - mmengine - INFO - Iter(train) [ 76800/160000]  lr: 4.4922e-02  eta: 8:41:12  time: 0.3759  data_time: 0.0272  memory: 9886  loss: 1.0927  decode.loss_ohem: 0.7445  decode.acc_seg: 91.8283  aux_0.loss_ce: 0.3482  aux_0.acc_seg: 85.6285
2026/07/26 18:57:59 - mmengine - INFO - Iter(train) [ 76900/160000]  lr: 4.4873e-02  eta: 8:40:35  time: 0.3758  data_time: 0.0275  memory: 9886  loss: 1.1296  decode.loss_ohem: 0.7898  decode.acc_seg: 88.5392  aux_0.loss_ce: 0.3398  aux_0.acc_seg: 81.8905
2026/07/26 18:58:37 - mmengine - INFO - Exp name: dsanet_cityscapes_512x1024_20260726_105256
2026/07/26 18:58:37 - mmengine - INFO - Iter(train) [ 77000/160000]  lr: 4.4824e-02  eta: 8:39:57  time: 0.3800  data_time: 0.0308  memory: 9886  loss: 1.0546  decode.loss_ohem: 0.7150  decode.acc_seg: 93.1831  aux_0.loss_ce: 0.3396  aux_0.acc_seg: 86.0289
2026/07/26 18:59:15 - mmengine - INFO - Iter(train) [ 77100/160000]  lr: 4.4776e-02  eta: 8:39:20  time: 0.3779  data_time: 0.0296  memory: 9887  loss: 1.0630  decode.loss_ohem: 0.7470  decode.acc_seg: 92.2876  aux_0.loss_ce: 0.3160  aux_0.acc_seg: 87.8806
2026/07/26 18:59:53 - mmengine - INFO - Iter(train) [ 77200/160000]  lr: 4.4727e-02  eta: 8:38:42  time: 0.3794  data_time: 0.0292  memory: 9888  loss: 1.0520  decode.loss_ohem: 0.7026  decode.acc_seg: 90.6816  aux_0.loss_ce: 0.3494  aux_0.acc_seg: 83.3546
2026/07/26 19:00:30 - mmengine - INFO - Iter(train) [ 77300/160000]  lr: 4.4679e-02  eta: 8:38:05  time: 0.3762  data_time: 0.0275  memory: 9886  loss: 1.0912  decode.loss_ohem: 0.7612  decode.acc_seg: 93.0047  aux_0.loss_ce: 0.3300  aux_0.acc_seg: 89.4083
2026/07/26 19:01:08 - mmengine - INFO - Iter(train) [ 77400/160000]  lr: 4.4630e-02  eta: 8:37:27  time: 0.3766  data_time: 0.0278  memory: 9886  loss: 1.0354  decode.loss_ohem: 0.7102  decode.acc_seg: 94.1726  aux_0.loss_ce: 0.3252  aux_0.acc_seg: 91.3587
2026/07/26 19:01:45 - mmengine - INFO - Iter(train) [ 77500/160000]  lr: 4.4581e-02  eta: 8:36:50  time: 0.3759  data_time: 0.0275  memory: 9888  loss: 1.0918  decode.loss_ohem: 0.7248  decode.acc_seg: 91.0219  aux_0.loss_ce: 0.3670  aux_0.acc_seg: 85.4066
2026/07/26 19:02:23 - mmengine - INFO - Iter(train) [ 77600/160000]  lr: 4.4533e-02  eta: 8:36:12  time: 0.3752  data_time: 0.0268  memory: 9887  loss: 1.0102  decode.loss_ohem: 0.6857  decode.acc_seg: 92.4980  aux_0.loss_ce: 0.3246  aux_0.acc_seg: 88.4906
2026/07/26 19:03:01 - mmengine - INFO - Iter(train) [ 77700/160000]  lr: 4.4484e-02  eta: 8:35:34  time: 0.3771  data_time: 0.0283  memory: 9885  loss: 1.1026  decode.loss_ohem: 0.7427  decode.acc_seg: 93.8414  aux_0.loss_ce: 0.3599  aux_0.acc_seg: 89.9494
2026/07/26 19:03:38 - mmengine - INFO - Iter(train) [ 77800/160000]  lr: 4.4435e-02  eta: 8:34:57  time: 0.3759  data_time: 0.0274  memory: 9889  loss: 1.1081  decode.loss_ohem: 0.7766  decode.acc_seg: 92.8416  aux_0.loss_ce: 0.3314  aux_0.acc_seg: 89.5735
2026/07/26 19:04:16 - mmengine - INFO - Iter(train) [ 77900/160000]  lr: 4.4387e-02  eta: 8:34:19  time: 0.3797  data_time: 0.0305  memory: 9886  loss: 1.0433  decode.loss_ohem: 0.7283  decode.acc_seg: 91.5266  aux_0.loss_ce: 0.3150  aux_0.acc_seg: 87.0653
2026/07/26 19:04:54 - mmengine - INFO - Exp name: dsanet_cityscapes_512x1024_20260726_105256
2026/07/26 19:04:54 - mmengine - INFO - Iter(train) [ 78000/160000]  lr: 4.4338e-02  eta: 8:33:42  time: 0.3773  data_time: 0.0282  memory: 9887  loss: 1.0457  decode.loss_ohem: 0.7329  decode.acc_seg: 91.7254  aux_0.loss_ce: 0.3129  aux_0.acc_seg: 87.6924
2026/07/26 19:05:31 - mmengine - INFO - Iter(train) [ 78100/160000]  lr: 4.4289e-02  eta: 8:33:04  time: 0.3758  data_time: 0.0275  memory: 9888  loss: 1.0286  decode.loss_ohem: 0.7016  decode.acc_seg: 94.4359  aux_0.loss_ce: 0.3270  aux_0.acc_seg: 91.8066
2026/07/26 19:06:09 - mmengine - INFO - Iter(train) [ 78200/160000]  lr: 4.4241e-02  eta: 8:32:27  time: 0.3771  data_time: 0.0286  memory: 9888  loss: 1.1547  decode.loss_ohem: 0.7766  decode.acc_seg: 88.8918  aux_0.loss_ce: 0.3781  aux_0.acc_seg: 82.1532
2026/07/26 19:06:47 - mmengine - INFO - Iter(train) [ 78300/160000]  lr: 4.4192e-02  eta: 8:31:49  time: 0.3768  data_time: 0.0282  memory: 9891  loss: 1.1281  decode.loss_ohem: 0.7900  decode.acc_seg: 87.6523  aux_0.loss_ce: 0.3382  aux_0.acc_seg: 83.8360
2026/07/26 19:07:24 - mmengine - INFO - Iter(train) [ 78400/160000]  lr: 4.4143e-02  eta: 8:31:12  time: 0.3764  data_time: 0.0281  memory: 9886  loss: 1.1514  decode.loss_ohem: 0.8170  decode.acc_seg: 84.8425  aux_0.loss_ce: 0.3345  aux_0.acc_seg: 84.0631
2026/07/26 19:08:02 - mmengine - INFO - Iter(train) [ 78500/160000]  lr: 4.4095e-02  eta: 8:30:34  time: 0.3777  data_time: 0.0284  memory: 9887  loss: 1.0855  decode.loss_ohem: 0.7264  decode.acc_seg: 90.3764  aux_0.loss_ce: 0.3590  aux_0.acc_seg: 88.2511
2026/07/26 19:08:40 - mmengine - INFO - Iter(train) [ 78600/160000]  lr: 4.4046e-02  eta: 8:29:57  time: 0.3756  data_time: 0.0271  memory: 9886  loss: 1.0053  decode.loss_ohem: 0.6778  decode.acc_seg: 93.0169  aux_0.loss_ce: 0.3275  aux_0.acc_seg: 88.0000
2026/07/26 19:09:17 - mmengine - INFO - Iter(train) [ 78700/160000]  lr: 4.3997e-02  eta: 8:29:19  time: 0.3741  data_time: 0.0266  memory: 9885  loss: 1.0828  decode.loss_ohem: 0.7591  decode.acc_seg: 93.9307  aux_0.loss_ce: 0.3237  aux_0.acc_seg: 91.4005
2026/07/26 19:09:55 - mmengine - INFO - Iter(train) [ 78800/160000]  lr: 4.3949e-02  eta: 8:28:42  time: 0.3765  data_time: 0.0283  memory: 9887  loss: 1.1222  decode.loss_ohem: 0.8031  decode.acc_seg: 92.9478  aux_0.loss_ce: 0.3191  aux_0.acc_seg: 89.4606
2026/07/26 19:10:33 - mmengine - INFO - Iter(train) [ 78900/160000]  lr: 4.3900e-02  eta: 8:28:04  time: 0.3766  data_time: 0.0272  memory: 9887  loss: 1.2155  decode.loss_ohem: 0.8183  decode.acc_seg: 89.2049  aux_0.loss_ce: 0.3972  aux_0.acc_seg: 85.0408
2026/07/26 19:11:10 - mmengine - INFO - Exp name: dsanet_cityscapes_512x1024_20260726_105256
2026/07/26 19:11:10 - mmengine - INFO - Iter(train) [ 79000/160000]  lr: 4.3851e-02  eta: 8:27:27  time: 0.3770  data_time: 0.0286  memory: 9887  loss: 1.0596  decode.loss_ohem: 0.7280  decode.acc_seg: 91.1439  aux_0.loss_ce: 0.3317  aux_0.acc_seg: 82.3031
2026/07/26 19:11:48 - mmengine - INFO - Iter(train) [ 79100/160000]  lr: 4.3803e-02  eta: 8:26:49  time: 0.3745  data_time: 0.0273  memory: 9888  loss: 1.1013  decode.loss_ohem: 0.7818  decode.acc_seg: 92.0232  aux_0.loss_ce: 0.3195  aux_0.acc_seg: 86.5993
2026/07/26 19:12:25 - mmengine - INFO - Iter(train) [ 79200/160000]  lr: 4.3754e-02  eta: 8:26:11  time: 0.3748  data_time: 0.0272  memory: 9887  loss: 1.0655  decode.loss_ohem: 0.7446  decode.acc_seg: 91.2972  aux_0.loss_ce: 0.3209  aux_0.acc_seg: 88.1363
2026/07/26 19:13:03 - mmengine - INFO - Iter(train) [ 79300/160000]  lr: 4.3705e-02  eta: 8:25:34  time: 0.3773  data_time: 0.0283  memory: 9888  loss: 1.0865  decode.loss_ohem: 0.7439  decode.acc_seg: 93.2532  aux_0.loss_ce: 0.3427  aux_0.acc_seg: 89.4918
2026/07/26 19:13:41 - mmengine - INFO - Iter(train) [ 79400/160000]  lr: 4.3656e-02  eta: 8:24:56  time: 0.3754  data_time: 0.0276  memory: 9887  loss: 1.0483  decode.loss_ohem: 0.7075  decode.acc_seg: 91.8377  aux_0.loss_ce: 0.3408  aux_0.acc_seg: 85.0006
2026/07/26 19:14:18 - mmengine - INFO - Iter(train) [ 79500/160000]  lr: 4.3608e-02  eta: 8:24:18  time: 0.3767  data_time: 0.0282  memory: 9885  loss: 1.0095  decode.loss_ohem: 0.6885  decode.acc_seg: 91.7667  aux_0.loss_ce: 0.3210  aux_0.acc_seg: 89.5680
2026/07/26 19:14:56 - mmengine - INFO - Iter(train) [ 79600/160000]  lr: 4.3559e-02  eta: 8:23:41  time: 0.3748  data_time: 0.0276  memory: 9886  loss: 1.0270  decode.loss_ohem: 0.7286  decode.acc_seg: 93.1771  aux_0.loss_ce: 0.2985  aux_0.acc_seg: 90.5343
2026/07/26 19:15:33 - mmengine - INFO - Iter(train) [ 79700/160000]  lr: 4.3510e-02  eta: 8:23:03  time: 0.3793  data_time: 0.0297  memory: 9886  loss: 1.1043  decode.loss_ohem: 0.7559  decode.acc_seg: 92.3018  aux_0.loss_ce: 0.3484  aux_0.acc_seg: 89.8610
2026/07/26 19:16:11 - mmengine - INFO - Iter(train) [ 79800/160000]  lr: 4.3461e-02  eta: 8:22:26  time: 0.3768  data_time: 0.0282  memory: 9886  loss: 1.0509  decode.loss_ohem: 0.6922  decode.acc_seg: 93.4284  aux_0.loss_ce: 0.3587  aux_0.acc_seg: 88.6393
2026/07/26 19:16:49 - mmengine - INFO - Iter(train) [ 79900/160000]  lr: 4.3413e-02  eta: 8:21:48  time: 0.3761  data_time: 0.0278  memory: 9888  loss: 1.0908  decode.loss_ohem: 0.7564  decode.acc_seg: 93.3508  aux_0.loss_ce: 0.3343  aux_0.acc_seg: 88.6138
2026/07/26 19:17:26 - mmengine - INFO - Exp name: dsanet_cityscapes_512x1024_20260726_105256
2026/07/26 19:17:26 - mmengine - INFO - Iter(train) [ 80000/160000]  lr: 4.3364e-02  eta: 8:21:11  time: 0.3764  data_time: 0.0272  memory: 9888  loss: 1.0181  decode.loss_ohem: 0.6806  decode.acc_seg: 92.1261  aux_0.loss_ce: 0.3375  aux_0.acc_seg: 88.2969
2026/07/26 19:17:26 - mmengine - INFO - Saving checkpoint at 80000 iterations
2026/07/26 19:17:32 - mmengine - INFO - Iter(val) [100/250]    eta: 0:00:07  time: 0.0469  data_time: 0.0090  memory: 729  
2026/07/26 19:17:37 - mmengine - INFO - Iter(val) [200/250]    eta: 0:00:02  time: 0.0479  data_time: 0.0095  memory: 729  
2026/07/26 19:17:39 - mmengine - INFO - per class results:
2026/07/26 19:17:39 - mmengine - INFO - 
+---------------+-------+-------+
|     Class     |  IoU  |  Acc  |
+---------------+-------+-------+
|      road     | 95.42 |  96.1 |
|    sidewalk   | 71.08 | 92.42 |
|    building   |  89.4 | 94.27 |
|      wall     | 35.36 | 39.84 |
|     fence     | 49.91 | 65.78 |
|      pole     | 54.38 | 65.58 |
| traffic light | 51.13 |  57.3 |
|  traffic sign | 66.36 | 73.94 |
|   vegetation  | 89.29 | 94.67 |
|    terrain    | 50.52 | 73.27 |
|      sky      | 92.46 |  97.9 |
|     person    | 70.52 | 91.21 |
|     rider     | 44.68 | 51.43 |
|      car      | 91.92 |  96.5 |
|     truck     | 65.96 | 81.03 |
|      bus      | 73.37 | 87.06 |
|     train     | 52.11 | 73.83 |
|   motorcycle  |  41.9 | 47.68 |
|    bicycle    | 67.69 | 84.71 |
+---------------+-------+-------+
2026/07/26 19:17:39 - mmengine - INFO - Iter(val) [250/250]    aAcc: 93.4300  mIoU: 65.9700  mAcc: 77.0800  data_time: 0.0105  time: 0.0490
2026/07/26 19:17:39 - mmengine - INFO - The previous best checkpoint /root/autodl-tmp/DSANet-main/tools/work_dirs/dsanet_cityscapes_512x1024/best_mIoU_iter_75000.pth is removed
2026/07/26 19:17:39 - mmengine - INFO - The best checkpoint with 65.9700 mIoU at 80000 iter is saved to best_mIoU_iter_80000.pth.
2026/07/26 19:18:18 - mmengine - INFO - Iter(train) [ 80100/160000]  lr: 4.3315e-02  eta: 8:20:34  time: 0.3785  data_time: 0.0285  memory: 9887  loss: 1.0122  decode.loss_ohem: 0.6836  decode.acc_seg: 91.0410  aux_0.loss_ce: 0.3286  aux_0.acc_seg: 85.4003
2026/07/26 19:18:55 - mmengine - INFO - Iter(train) [ 80200/160000]  lr: 4.3266e-02  eta: 8:19:57  time: 0.3757  data_time: 0.0274  memory: 9886  loss: 1.0658  decode.loss_ohem: 0.7255  decode.acc_seg: 94.0253  aux_0.loss_ce: 0.3403  aux_0.acc_seg: 91.3650
2026/07/26 19:19:33 - mmengine - INFO - Iter(train) [ 80300/160000]  lr: 4.3218e-02  eta: 8:19:19  time: 0.3772  data_time: 0.0287  memory: 9885  loss: 1.0906  decode.loss_ohem: 0.7754  decode.acc_seg: 89.4543  aux_0.loss_ce: 0.3152  aux_0.acc_seg: 85.0884
2026/07/26 19:20:11 - mmengine - INFO - Iter(train) [ 80400/160000]  lr: 4.3169e-02  eta: 8:18:42  time: 0.3775  data_time: 0.0288  memory: 9887  loss: 1.0425  decode.loss_ohem: 0.7129  decode.acc_seg: 92.3633  aux_0.loss_ce: 0.3296  aux_0.acc_seg: 88.7462
2026/07/26 19:20:49 - mmengine - INFO - Iter(train) [ 80500/160000]  lr: 4.3120e-02  eta: 8:18:04  time: 0.3768  data_time: 0.0285  memory: 9886  loss: 1.1105  decode.loss_ohem: 0.7727  decode.acc_seg: 89.9121  aux_0.loss_ce: 0.3379  aux_0.acc_seg: 82.9691
2026/07/26 19:21:26 - mmengine - INFO - Iter(train) [ 80600/160000]  lr: 4.3071e-02  eta: 8:17:27  time: 0.3793  data_time: 0.0297  memory: 9886  loss: 1.1945  decode.loss_ohem: 0.8093  decode.acc_seg: 89.4314  aux_0.loss_ce: 0.3852  aux_0.acc_seg: 85.5369
2026/07/26 19:22:04 - mmengine - INFO - Iter(train) [ 80700/160000]  lr: 4.3022e-02  eta: 8:16:49  time: 0.3764  data_time: 0.0280  memory: 9886  loss: 1.0877  decode.loss_ohem: 0.7295  decode.acc_seg: 92.3389  aux_0.loss_ce: 0.3582  aux_0.acc_seg: 88.4641
2026/07/26 19:22:42 - mmengine - INFO - Iter(train) [ 80800/160000]  lr: 4.2973e-02  eta: 8:16:12  time: 0.3767  data_time: 0.0280  memory: 9886  loss: 1.0997  decode.loss_ohem: 0.7650  decode.acc_seg: 93.1098  aux_0.loss_ce: 0.3347  aux_0.acc_seg: 87.4470
2026/07/26 19:23:19 - mmengine - INFO - Iter(train) [ 80900/160000]  lr: 4.2925e-02  eta: 8:15:34  time: 0.3758  data_time: 0.0277  memory: 9887  loss: 1.0324  decode.loss_ohem: 0.7214  decode.acc_seg: 92.8401  aux_0.loss_ce: 0.3111  aux_0.acc_seg: 88.9559
2026/07/26 19:23:57 - mmengine - INFO - Exp name: dsanet_cityscapes_512x1024_20260726_105256
2026/07/26 19:23:57 - mmengine - INFO - Iter(train) [ 81000/160000]  lr: 4.2876e-02  eta: 8:14:57  time: 0.3753  data_time: 0.0272  memory: 9887  loss: 1.0243  decode.loss_ohem: 0.7302  decode.acc_seg: 89.3889  aux_0.loss_ce: 0.2941  aux_0.acc_seg: 87.0424
2026/07/26 19:24:35 - mmengine - INFO - Iter(train) [ 81100/160000]  lr: 4.2827e-02  eta: 8:14:19  time: 0.3781  data_time: 0.0289  memory: 9888  loss: 1.0291  decode.loss_ohem: 0.7156  decode.acc_seg: 93.2202  aux_0.loss_ce: 0.3134  aux_0.acc_seg: 85.9545
2026/07/26 19:25:12 - mmengine - INFO - Iter(train) [ 81200/160000]  lr: 4.2778e-02  eta: 8:13:42  time: 0.3786  data_time: 0.0293  memory: 9886  loss: 1.0518  decode.loss_ohem: 0.7321  decode.acc_seg: 92.3401  aux_0.loss_ce: 0.3198  aux_0.acc_seg: 89.2464
2026/07/26 19:25:50 - mmengine - INFO - Iter(train) [ 81300/160000]  lr: 4.2729e-02  eta: 8:13:04  time: 0.3739  data_time: 0.0271  memory: 9886  loss: 1.1340  decode.loss_ohem: 0.8103  decode.acc_seg: 91.2676  aux_0.loss_ce: 0.3238  aux_0.acc_seg: 87.5732
2026/07/26 19:26:28 - mmengine - INFO - Iter(train) [ 81400/160000]  lr: 4.2680e-02  eta: 8:12:27  time: 0.3774  data_time: 0.0279  memory: 9886  loss: 1.0033  decode.loss_ohem: 0.6851  decode.acc_seg: 92.2692  aux_0.loss_ce: 0.3182  aux_0.acc_seg: 87.8814
2026/07/26 19:27:05 - mmengine - INFO - Iter(train) [ 81500/160000]  lr: 4.2632e-02  eta: 8:11:49  time: 0.3755  data_time: 0.0277  memory: 9886  loss: 1.0577  decode.loss_ohem: 0.7144  decode.acc_seg: 91.9257  aux_0.loss_ce: 0.3433  aux_0.acc_seg: 87.3486
2026/07/26 19:27:43 - mmengine - INFO - Iter(train) [ 81600/160000]  lr: 4.2583e-02  eta: 8:11:12  time: 0.3763  data_time: 0.0279  memory: 9888  loss: 1.0716  decode.loss_ohem: 0.7428  decode.acc_seg: 93.2079  aux_0.loss_ce: 0.3288  aux_0.acc_seg: 90.3210
2026/07/26 19:28:21 - mmengine - INFO - Iter(train) [ 81700/160000]  lr: 4.2534e-02  eta: 8:10:34  time: 0.3789  data_time: 0.0299  memory: 9888  loss: 1.0467  decode.loss_ohem: 0.6832  decode.acc_seg: 93.6014  aux_0.loss_ce: 0.3635  aux_0.acc_seg: 88.4207
2026/07/26 19:28:58 - mmengine - INFO - Iter(train) [ 81800/160000]  lr: 4.2485e-02  eta: 8:09:56  time: 0.3768  data_time: 0.0280  memory: 9888  loss: 1.1780  decode.loss_ohem: 0.8660  decode.acc_seg: 91.9085  aux_0.loss_ce: 0.3120  aux_0.acc_seg: 89.6923
2026/07/26 19:29:36 - mmengine - INFO - Iter(train) [ 81900/160000]  lr: 4.2436e-02  eta: 8:09:19  time: 0.3757  data_time: 0.0273  memory: 9888  loss: 1.1075  decode.loss_ohem: 0.7636  decode.acc_seg: 91.2404  aux_0.loss_ce: 0.3439  aux_0.acc_seg: 86.7961
2026/07/26 19:30:14 - mmengine - INFO - Exp name: dsanet_cityscapes_512x1024_20260726_105256
2026/07/26 19:30:14 - mmengine - INFO - Iter(train) [ 82000/160000]  lr: 4.2387e-02  eta: 8:08:41  time: 0.3749  data_time: 0.0269  memory: 9887  loss: 1.0571  decode.loss_ohem: 0.7467  decode.acc_seg: 93.4981  aux_0.loss_ce: 0.3104  aux_0.acc_seg: 91.3608
2026/07/26 19:30:51 - mmengine - INFO - Iter(train) [ 82100/160000]  lr: 4.2338e-02  eta: 8:08:04  time: 0.3745  data_time: 0.0267  memory: 9887  loss: 1.0494  decode.loss_ohem: 0.7360  decode.acc_seg: 92.1997  aux_0.loss_ce: 0.3133  aux_0.acc_seg: 81.9507
2026/07/26 19:31:29 - mmengine - INFO - Iter(train) [ 82200/160000]  lr: 4.2289e-02  eta: 8:07:26  time: 0.3772  data_time: 0.0285  memory: 9885  loss: 1.1138  decode.loss_ohem: 0.7617  decode.acc_seg: 91.1395  aux_0.loss_ce: 0.3522  aux_0.acc_seg: 86.4425
2026/07/26 19:32:07 - mmengine - INFO - Iter(train) [ 82300/160000]  lr: 4.2240e-02  eta: 8:06:49  time: 0.3762  data_time: 0.0277  memory: 9888  loss: 1.0397  decode.loss_ohem: 0.7141  decode.acc_seg: 93.5772  aux_0.loss_ce: 0.3256  aux_0.acc_seg: 90.4805
2026/07/26 19:32:44 - mmengine - INFO - Iter(train) [ 82400/160000]  lr: 4.2192e-02  eta: 8:06:11  time: 0.3770  data_time: 0.0286  memory: 9886  loss: 1.0753  decode.loss_ohem: 0.7662  decode.acc_seg: 90.5897  aux_0.loss_ce: 0.3091  aux_0.acc_seg: 86.5492
2026/07/26 19:33:22 - mmengine - INFO - Iter(train) [ 82500/160000]  lr: 4.2143e-02  eta: 8:05:34  time: 0.3755  data_time: 0.0279  memory: 9886  loss: 1.0866  decode.loss_ohem: 0.7846  decode.acc_seg: 93.5482  aux_0.loss_ce: 0.3021  aux_0.acc_seg: 90.2123
2026/07/26 19:34:00 - mmengine - INFO - Iter(train) [ 82600/160000]  lr: 4.2094e-02  eta: 8:04:56  time: 0.3762  data_time: 0.0281  memory: 9886  loss: 1.0216  decode.loss_ohem: 0.7297  decode.acc_seg: 93.5407  aux_0.loss_ce: 0.2919  aux_0.acc_seg: 91.5404
2026/07/26 19:34:37 - mmengine - INFO - Iter(train) [ 82700/160000]  lr: 4.2045e-02  eta: 8:04:19  time: 0.3769  data_time: 0.0287  memory: 9886  loss: 1.0546  decode.loss_ohem: 0.7221  decode.acc_seg: 91.9188  aux_0.loss_ce: 0.3325  aux_0.acc_seg: 85.3724
2026/07/26 19:35:15 - mmengine - INFO - Iter(train) [ 82800/160000]  lr: 4.1996e-02  eta: 8:03:41  time: 0.3756  data_time: 0.0279  memory: 9886  loss: 1.0444  decode.loss_ohem: 0.7011  decode.acc_seg: 92.9619  aux_0.loss_ce: 0.3433  aux_0.acc_seg: 89.7440
2026/07/26 19:35:53 - mmengine - INFO - Iter(train) [ 82900/160000]  lr: 4.1947e-02  eta: 8:03:03  time: 0.3758  data_time: 0.0273  memory: 9886  loss: 1.1348  decode.loss_ohem: 0.7745  decode.acc_seg: 91.5502  aux_0.loss_ce: 0.3603  aux_0.acc_seg: 88.9443
2026/07/26 19:36:30 - mmengine - INFO - Exp name: dsanet_cityscapes_512x1024_20260726_105256
2026/07/26 19:36:30 - mmengine - INFO - Iter(train) [ 83000/160000]  lr: 4.1898e-02  eta: 8:02:26  time: 0.3777  data_time: 0.0293  memory: 9886  loss: 1.0613  decode.loss_ohem: 0.7451  decode.acc_seg: 93.6641  aux_0.loss_ce: 0.3162  aux_0.acc_seg: 88.6014
2026/07/26 19:37:08 - mmengine - INFO - Iter(train) [ 83100/160000]  lr: 4.1849e-02  eta: 8:01:48  time: 0.3773  data_time: 0.0284  memory: 9887  loss: 1.1448  decode.loss_ohem: 0.7835  decode.acc_seg: 92.3680  aux_0.loss_ce: 0.3614  aux_0.acc_seg: 85.2237
2026/07/26 19:37:46 - mmengine - INFO - Iter(train) [ 83200/160000]  lr: 4.1800e-02  eta: 8:01:11  time: 0.3751  data_time: 0.0272  memory: 9886  loss: 1.0503  decode.loss_ohem: 0.7182  decode.acc_seg: 93.3076  aux_0.loss_ce: 0.3322  aux_0.acc_seg: 87.0792
2026/07/26 19:38:24 - mmengine - INFO - Iter(train) [ 83300/160000]  lr: 4.1751e-02  eta: 8:00:33  time: 0.3762  data_time: 0.0273  memory: 9886  loss: 1.1794  decode.loss_ohem: 0.8293  decode.acc_seg: 90.2135  aux_0.loss_ce: 0.3501  aux_0.acc_seg: 86.8154
2026/07/26 19:39:01 - mmengine - INFO - Iter(train) [ 83400/160000]  lr: 4.1702e-02  eta: 7:59:56  time: 0.3768  data_time: 0.0277  memory: 9886  loss: 0.9857  decode.loss_ohem: 0.6622  decode.acc_seg: 93.7715  aux_0.loss_ce: 0.3235  aux_0.acc_seg: 90.7371
2026/07/26 19:39:39 - mmengine - INFO - Iter(train) [ 83500/160000]  lr: 4.1653e-02  eta: 7:59:18  time: 0.3769  data_time: 0.0287  memory: 9888  loss: 1.0052  decode.loss_ohem: 0.7041  decode.acc_seg: 94.9178  aux_0.loss_ce: 0.3011  aux_0.acc_seg: 92.0324
2026/07/26 19:40:17 - mmengine - INFO - Iter(train) [ 83600/160000]  lr: 4.1604e-02  eta: 7:58:41  time: 0.3762  data_time: 0.0279  memory: 9887  loss: 1.0496  decode.loss_ohem: 0.7384  decode.acc_seg: 92.3041  aux_0.loss_ce: 0.3112  aux_0.acc_seg: 87.7250
2026/07/26 19:40:54 - mmengine - INFO - Iter(train) [ 83700/160000]  lr: 4.1555e-02  eta: 7:58:03  time: 0.3758  data_time: 0.0279  memory: 9889  loss: 1.0877  decode.loss_ohem: 0.7584  decode.acc_seg: 91.4444  aux_0.loss_ce: 0.3293  aux_0.acc_seg: 85.5565
2026/07/26 19:41:32 - mmengine - INFO - Iter(train) [ 83800/160000]  lr: 4.1506e-02  eta: 7:57:26  time: 0.3756  data_time: 0.0276  memory: 9888  loss: 1.1149  decode.loss_ohem: 0.7761  decode.acc_seg: 90.0491  aux_0.loss_ce: 0.3389  aux_0.acc_seg: 89.1416
2026/07/26 19:42:10 - mmengine - INFO - Iter(train) [ 83900/160000]  lr: 4.1457e-02  eta: 7:56:48  time: 0.3763  data_time: 0.0282  memory: 9886  loss: 1.0033  decode.loss_ohem: 0.6886  decode.acc_seg: 94.0769  aux_0.loss_ce: 0.3147  aux_0.acc_seg: 91.9251
2026/07/26 19:42:47 - mmengine - INFO - Exp name: dsanet_cityscapes_512x1024_20260726_105256
2026/07/26 19:42:47 - mmengine - INFO - Iter(train) [ 84000/160000]  lr: 4.1408e-02  eta: 7:56:11  time: 0.3765  data_time: 0.0285  memory: 9886  loss: 1.0261  decode.loss_ohem: 0.6955  decode.acc_seg: 94.9269  aux_0.loss_ce: 0.3307  aux_0.acc_seg: 90.0383
2026/07/26 19:43:25 - mmengine - INFO - Iter(train) [ 84100/160000]  lr: 4.1359e-02  eta: 7:55:33  time: 0.3749  data_time: 0.0275  memory: 9886  loss: 1.0138  decode.loss_ohem: 0.7089  decode.acc_seg: 92.7012  aux_0.loss_ce: 0.3049  aux_0.acc_seg: 90.4042
2026/07/26 19:44:03 - mmengine - INFO - Iter(train) [ 84200/160000]  lr: 4.1310e-02  eta: 7:54:56  time: 0.3752  data_time: 0.0271  memory: 9886  loss: 1.1548  decode.loss_ohem: 0.8145  decode.acc_seg: 89.4753  aux_0.loss_ce: 0.3403  aux_0.acc_seg: 85.7328
2026/07/26 19:44:40 - mmengine - INFO - Iter(train) [ 84300/160000]  lr: 4.1261e-02  eta: 7:54:18  time: 0.3792  data_time: 0.0295  memory: 9886  loss: 1.0602  decode.loss_ohem: 0.7090  decode.acc_seg: 90.3988  aux_0.loss_ce: 0.3512  aux_0.acc_seg: 86.3922
2026/07/26 19:45:18 - mmengine - INFO - Iter(train) [ 84400/160000]  lr: 4.1212e-02  eta: 7:53:41  time: 0.3762  data_time: 0.0284  memory: 9886  loss: 1.0525  decode.loss_ohem: 0.7409  decode.acc_seg: 89.6075  aux_0.loss_ce: 0.3116  aux_0.acc_seg: 84.4878
2026/07/26 19:45:56 - mmengine - INFO - Iter(train) [ 84500/160000]  lr: 4.1163e-02  eta: 7:53:03  time: 0.3777  data_time: 0.0282  memory: 9887  loss: 1.1494  decode.loss_ohem: 0.8024  decode.acc_seg: 93.2548  aux_0.loss_ce: 0.3469  aux_0.acc_seg: 88.6129
2026/07/26 19:46:34 - mmengine - INFO - Iter(train) [ 84600/160000]  lr: 4.1114e-02  eta: 7:52:26  time: 0.3761  data_time: 0.0282  memory: 9886  loss: 1.0122  decode.loss_ohem: 0.6908  decode.acc_seg: 94.9064  aux_0.loss_ce: 0.3215  aux_0.acc_seg: 91.1138
2026/07/26 19:47:11 - mmengine - INFO - Iter(train) [ 84700/160000]  lr: 4.1065e-02  eta: 7:51:48  time: 0.3762  data_time: 0.0281  memory: 9886  loss: 1.0664  decode.loss_ohem: 0.7313  decode.acc_seg: 89.1530  aux_0.loss_ce: 0.3351  aux_0.acc_seg: 86.0889
2026/07/26 19:47:49 - mmengine - INFO - Iter(train) [ 84800/160000]  lr: 4.1016e-02  eta: 7:51:11  time: 0.3750  data_time: 0.0272  memory: 9886  loss: 1.0567  decode.loss_ohem: 0.7231  decode.acc_seg: 92.0757  aux_0.loss_ce: 0.3337  aux_0.acc_seg: 89.7778
2026/07/26 19:48:27 - mmengine - INFO - Iter(train) [ 84900/160000]  lr: 4.0966e-02  eta: 7:50:33  time: 0.3768  data_time: 0.0285  memory: 9888  loss: 1.0973  decode.loss_ohem: 0.7535  decode.acc_seg: 93.7545  aux_0.loss_ce: 0.3438  aux_0.acc_seg: 89.3823
2026/07/26 19:49:04 - mmengine - INFO - Exp name: dsanet_cityscapes_512x1024_20260726_105256
2026/07/26 19:49:04 - mmengine - INFO - Iter(train) [ 85000/160000]  lr: 4.0917e-02  eta: 7:49:55  time: 0.3771  data_time: 0.0288  memory: 9886  loss: 1.0964  decode.loss_ohem: 0.7692  decode.acc_seg: 93.2005  aux_0.loss_ce: 0.3273  aux_0.acc_seg: 86.5182
2026/07/26 19:49:04 - mmengine - INFO - Saving checkpoint at 85000 iterations
2026/07/26 19:49:10 - mmengine - INFO - Iter(val) [100/250]    eta: 0:00:07  time: 0.0481  data_time: 0.0097  memory: 729  
2026/07/26 19:49:14 - mmengine - INFO - Iter(val) [200/250]    eta: 0:00:02  time: 0.0485  data_time: 0.0096  memory: 729  
2026/07/26 19:49:17 - mmengine - INFO - per class results:
2026/07/26 19:49:17 - mmengine - INFO - 
+---------------+-------+-------+
|     Class     |  IoU  |  Acc  |
+---------------+-------+-------+
|      road     | 97.26 | 98.74 |
|    sidewalk   | 79.05 | 85.94 |
|    building   | 89.22 | 94.64 |
|      wall     |  38.2 | 43.96 |
|     fence     | 48.53 | 74.45 |
|      pole     | 55.05 | 68.46 |
| traffic light | 51.55 | 63.72 |
|  traffic sign | 64.71 | 70.14 |
|   vegetation  | 90.61 | 96.38 |
|    terrain    | 59.63 | 67.85 |
|      sky      | 92.72 | 96.25 |
|     person    | 72.29 | 81.58 |
|     rider     | 49.28 | 68.43 |
|      car      | 90.86 | 94.98 |
|     truck     | 56.45 | 66.96 |
|      bus      |  67.2 |  78.7 |
|     train     | 51.52 | 60.93 |
|   motorcycle  | 32.66 |  37.8 |
|    bicycle    | 61.03 | 89.73 |
+---------------+-------+-------+
2026/07/26 19:49:17 - mmengine - INFO - Iter(val) [250/250]    aAcc: 94.2300  mIoU: 65.6800  mAcc: 75.7700  data_time: 0.0111  time: 0.0492
2026/07/26 19:49:55 - mmengine - INFO - Iter(train) [ 85100/160000]  lr: 4.0868e-02  eta: 7:49:18  time: 0.3756  data_time: 0.0272  memory: 9886  loss: 1.0814  decode.loss_ohem: 0.7607  decode.acc_seg: 92.0742  aux_0.loss_ce: 0.3207  aux_0.acc_seg: 86.2130
2026/07/26 19:50:32 - mmengine - INFO - Iter(train) [ 85200/160000]  lr: 4.0819e-02  eta: 7:48:40  time: 0.3761  data_time: 0.0276  memory: 9886  loss: 1.0255  decode.loss_ohem: 0.7181  decode.acc_seg: 92.9641  aux_0.loss_ce: 0.3073  aux_0.acc_seg: 89.4019
2026/07/26 19:51:10 - mmengine - INFO - Iter(train) [ 85300/160000]  lr: 4.0770e-02  eta: 7:48:03  time: 0.3785  data_time: 0.0297  memory: 9885  loss: 1.0362  decode.loss_ohem: 0.7160  decode.acc_seg: 92.8547  aux_0.loss_ce: 0.3202  aux_0.acc_seg: 90.5177
2026/07/26 19:51:48 - mmengine - INFO - Iter(train) [ 85400/160000]  lr: 4.0721e-02  eta: 7:47:25  time: 0.3771  data_time: 0.0278  memory: 9887  loss: 1.1371  decode.loss_ohem: 0.7795  decode.acc_seg: 91.5235  aux_0.loss_ce: 0.3576  aux_0.acc_seg: 85.0654
2026/07/26 19:52:25 - mmengine - INFO - Iter(train) [ 85500/160000]  lr: 4.0672e-02  eta: 7:46:48  time: 0.3762  data_time: 0.0278  memory: 9887  loss: 1.1049  decode.loss_ohem: 0.7467  decode.acc_seg: 93.3116  aux_0.loss_ce: 0.3582  aux_0.acc_seg: 88.9001
2026/07/26 19:53:03 - mmengine - INFO - Iter(train) [ 85600/160000]  lr: 4.0623e-02  eta: 7:46:10  time: 0.3777  data_time: 0.0284  memory: 9886  loss: 1.0558  decode.loss_ohem: 0.7365  decode.acc_seg: 93.0614  aux_0.loss_ce: 0.3192  aux_0.acc_seg: 89.3555
2026/07/26 19:53:41 - mmengine - INFO - Iter(train) [ 85700/160000]  lr: 4.0574e-02  eta: 7:45:33  time: 0.3767  data_time: 0.0277  memory: 9887  loss: 1.0406  decode.loss_ohem: 0.7082  decode.acc_seg: 91.5649  aux_0.loss_ce: 0.3324  aux_0.acc_seg: 89.2294
2026/07/26 19:54:18 - mmengine - INFO - Iter(train) [ 85800/160000]  lr: 4.0524e-02  eta: 7:44:55  time: 0.3758  data_time: 0.0276  memory: 9885  loss: 1.0332  decode.loss_ohem: 0.7097  decode.acc_seg: 93.5020  aux_0.loss_ce: 0.3235  aux_0.acc_seg: 90.5317
2026/07/26 19:54:56 - mmengine - INFO - Iter(train) [ 85900/160000]  lr: 4.0475e-02  eta: 7:44:18  time: 0.3806  data_time: 0.0315  memory: 9887  loss: 1.0900  decode.loss_ohem: 0.7487  decode.acc_seg: 92.4248  aux_0.loss_ce: 0.3413  aux_0.acc_seg: 89.7010
2026/07/26 19:55:34 - mmengine - INFO - Exp name: dsanet_cityscapes_512x1024_20260726_105256
2026/07/26 19:55:34 - mmengine - INFO - Iter(train) [ 86000/160000]  lr: 4.0426e-02  eta: 7:43:40  time: 0.3764  data_time: 0.0284  memory: 9886  loss: 1.0490  decode.loss_ohem: 0.7640  decode.acc_seg: 92.0872  aux_0.loss_ce: 0.2850  aux_0.acc_seg: 88.8027
2026/07/26 19:56:12 - mmengine - INFO - Iter(train) [ 86100/160000]  lr: 4.0377e-02  eta: 7:43:03  time: 0.3767  data_time: 0.0288  memory: 9887  loss: 1.0382  decode.loss_ohem: 0.7275  decode.acc_seg: 94.2132  aux_0.loss_ce: 0.3107  aux_0.acc_seg: 88.0860
2026/07/26 19:56:49 - mmengine - INFO - Iter(train) [ 86200/160000]  lr: 4.0328e-02  eta: 7:42:25  time: 0.3769  data_time: 0.0287  memory: 9886  loss: 1.1185  decode.loss_ohem: 0.7689  decode.acc_seg: 90.9663  aux_0.loss_ce: 0.3496  aux_0.acc_seg: 87.7671
2026/07/26 19:57:27 - mmengine - INFO - Iter(train) [ 86300/160000]  lr: 4.0279e-02  eta: 7:41:48  time: 0.3763  data_time: 0.0282  memory: 9886  loss: 1.0894  decode.loss_ohem: 0.7606  decode.acc_seg: 90.6012  aux_0.loss_ce: 0.3289  aux_0.acc_seg: 84.8900
2026/07/26 19:58:05 - mmengine - INFO - Iter(train) [ 86400/160000]  lr: 4.0230e-02  eta: 7:41:10  time: 0.3759  data_time: 0.0278  memory: 9886  loss: 1.1347  decode.loss_ohem: 0.7823  decode.acc_seg: 91.7018  aux_0.loss_ce: 0.3525  aux_0.acc_seg: 82.4371
2026/07/26 19:58:42 - mmengine - INFO - Iter(train) [ 86500/160000]  lr: 4.0180e-02  eta: 7:40:33  time: 0.3763  data_time: 0.0279  memory: 9887  loss: 1.2871  decode.loss_ohem: 0.9065  decode.acc_seg: 89.6243  aux_0.loss_ce: 0.3806  aux_0.acc_seg: 84.4307
2026/07/26 19:59:20 - mmengine - INFO - Iter(train) [ 86600/160000]  lr: 4.0131e-02  eta: 7:39:55  time: 0.3744  data_time: 0.0267  memory: 9889  loss: 1.0563  decode.loss_ohem: 0.7377  decode.acc_seg: 91.0519  aux_0.loss_ce: 0.3185  aux_0.acc_seg: 83.8577
2026/07/26 19:59:58 - mmengine - INFO - Iter(train) [ 86700/160000]  lr: 4.0082e-02  eta: 7:39:18  time: 0.3791  data_time: 0.0293  memory: 9886  loss: 0.9592  decode.loss_ohem: 0.6460  decode.acc_seg: 92.7608  aux_0.loss_ce: 0.3133  aux_0.acc_seg: 90.2613
2026/07/26 20:00:35 - mmengine - INFO - Iter(train) [ 86800/160000]  lr: 4.0033e-02  eta: 7:38:40  time: 0.3748  data_time: 0.0271  memory: 9885  loss: 1.0418  decode.loss_ohem: 0.7101  decode.acc_seg: 91.9646  aux_0.loss_ce: 0.3317  aux_0.acc_seg: 88.2635
2026/07/26 20:01:13 - mmengine - INFO - Iter(train) [ 86900/160000]  lr: 3.9984e-02  eta: 7:38:02  time: 0.3777  data_time: 0.0294  memory: 9886  loss: 1.0675  decode.loss_ohem: 0.7428  decode.acc_seg: 91.3157  aux_0.loss_ce: 0.3247  aux_0.acc_seg: 89.5416
2026/07/26 20:01:51 - mmengine - INFO - Exp name: dsanet_cityscapes_512x1024_20260726_105256
2026/07/26 20:01:51 - mmengine - INFO - Iter(train) [ 87000/160000]  lr: 3.9934e-02  eta: 7:37:25  time: 0.3760  data_time: 0.0275  memory: 9886  loss: 0.9630  decode.loss_ohem: 0.6572  decode.acc_seg: 93.7472  aux_0.loss_ce: 0.3058  aux_0.acc_seg: 90.8731
2026/07/26 20:02:28 - mmengine - INFO - Iter(train) [ 87100/160000]  lr: 3.9885e-02  eta: 7:36:47  time: 0.3762  data_time: 0.0277  memory: 9886  loss: 1.0734  decode.loss_ohem: 0.7343  decode.acc_seg: 92.7898  aux_0.loss_ce: 0.3391  aux_0.acc_seg: 87.8151
2026/07/26 20:03:06 - mmengine - INFO - Iter(train) [ 87200/160000]  lr: 3.9836e-02  eta: 7:36:10  time: 0.3758  data_time: 0.0283  memory: 9886  loss: 1.0272  decode.loss_ohem: 0.7203  decode.acc_seg: 92.4910  aux_0.loss_ce: 0.3069  aux_0.acc_seg: 90.0799
2026/07/26 20:03:44 - mmengine - INFO - Iter(train) [ 87300/160000]  lr: 3.9787e-02  eta: 7:35:32  time: 0.3740  data_time: 0.0264  memory: 9889  loss: 1.0681  decode.loss_ohem: 0.7292  decode.acc_seg: 94.4678  aux_0.loss_ce: 0.3388  aux_0.acc_seg: 89.9167
2026/07/26 20:04:21 - mmengine - INFO - Iter(train) [ 87400/160000]  lr: 3.9737e-02  eta: 7:34:54  time: 0.3758  data_time: 0.0276  memory: 9885  loss: 1.1455  decode.loss_ohem: 0.8103  decode.acc_seg: 89.6808  aux_0.loss_ce: 0.3352  aux_0.acc_seg: 85.7074
2026/07/26 20:04:59 - mmengine - INFO - Iter(train) [ 87500/160000]  lr: 3.9688e-02  eta: 7:34:17  time: 0.3751  data_time: 0.0275  memory: 9887  loss: 1.1464  decode.loss_ohem: 0.8173  decode.acc_seg: 89.9616  aux_0.loss_ce: 0.3291  aux_0.acc_seg: 83.3622
2026/07/26 20:05:36 - mmengine - INFO - Iter(train) [ 87600/160000]  lr: 3.9639e-02  eta: 7:33:39  time: 0.3747  data_time: 0.0272  memory: 9887  loss: 1.1179  decode.loss_ohem: 0.7801  decode.acc_seg: 91.2292  aux_0.loss_ce: 0.3378  aux_0.acc_seg: 88.7532
2026/07/26 20:06:14 - mmengine - INFO - Iter(train) [ 87700/160000]  lr: 3.9590e-02  eta: 7:33:02  time: 0.3754  data_time: 0.0273  memory: 9885  loss: 1.1980  decode.loss_ohem: 0.8465  decode.acc_seg: 91.3521  aux_0.loss_ce: 0.3515  aux_0.acc_seg: 83.0879
2026/07/26 20:06:52 - mmengine - INFO - Iter(train) [ 87800/160000]  lr: 3.9540e-02  eta: 7:32:24  time: 0.3789  data_time: 0.0294  memory: 9888  loss: 1.0426  decode.loss_ohem: 0.7193  decode.acc_seg: 91.1775  aux_0.loss_ce: 0.3233  aux_0.acc_seg: 84.3585
2026/07/26 20:07:29 - mmengine - INFO - Iter(train) [ 87900/160000]  lr: 3.9491e-02  eta: 7:31:46  time: 0.3761  data_time: 0.0280  memory: 9885  loss: 1.0868  decode.loss_ohem: 0.7787  decode.acc_seg: 93.5201  aux_0.loss_ce: 0.3081  aux_0.acc_seg: 90.8904
2026/07/26 20:08:07 - mmengine - INFO - Exp name: dsanet_cityscapes_512x1024_20260726_105256
2026/07/26 20:08:07 - mmengine - INFO - Iter(train) [ 88000/160000]  lr: 3.9442e-02  eta: 7:31:09  time: 0.3765  data_time: 0.0286  memory: 9885  loss: 1.0246  decode.loss_ohem: 0.7147  decode.acc_seg: 91.6596  aux_0.loss_ce: 0.3099  aux_0.acc_seg: 86.7476
2026/07/26 20:08:45 - mmengine - INFO - Iter(train) [ 88100/160000]  lr: 3.9392e-02  eta: 7:30:31  time: 0.3748  data_time: 0.0271  memory: 9885  loss: 1.0014  decode.loss_ohem: 0.6824  decode.acc_seg: 93.5168  aux_0.loss_ce: 0.3191  aux_0.acc_seg: 88.7724
2026/07/26 20:09:22 - mmengine - INFO - Iter(train) [ 88200/160000]  lr: 3.9343e-02  eta: 7:29:54  time: 0.3746  data_time: 0.0268  memory: 9886  loss: 1.0607  decode.loss_ohem: 0.7455  decode.acc_seg: 92.3948  aux_0.loss_ce: 0.3152  aux_0.acc_seg: 87.7367
2026/07/26 20:10:00 - mmengine - INFO - Iter(train) [ 88300/160000]  lr: 3.9294e-02  eta: 7:29:16  time: 0.3761  data_time: 0.0280  memory: 9888  loss: 1.0184  decode.loss_ohem: 0.7185  decode.acc_seg: 94.2915  aux_0.loss_ce: 0.2999  aux_0.acc_seg: 90.1150
2026/07/26 20:10:37 - mmengine - INFO - Iter(train) [ 88400/160000]  lr: 3.9245e-02  eta: 7:28:38  time: 0.3756  data_time: 0.0275  memory: 9887  loss: 1.1416  decode.loss_ohem: 0.7960  decode.acc_seg: 92.4651  aux_0.loss_ce: 0.3455  aux_0.acc_seg: 88.6449
2026/07/26 20:11:15 - mmengine - INFO - Iter(train) [ 88500/160000]  lr: 3.9195e-02  eta: 7:28:01  time: 0.3763  data_time: 0.0278  memory: 9886  loss: 1.0201  decode.loss_ohem: 0.7199  decode.acc_seg: 92.7648  aux_0.loss_ce: 0.3003  aux_0.acc_seg: 90.2313
2026/07/26 20:11:53 - mmengine - INFO - Iter(train) [ 88600/160000]  lr: 3.9146e-02  eta: 7:27:23  time: 0.3771  data_time: 0.0280  memory: 9887  loss: 1.1336  decode.loss_ohem: 0.7945  decode.acc_seg: 94.0577  aux_0.loss_ce: 0.3390  aux_0.acc_seg: 90.3284
2026/07/26 20:12:30 - mmengine - INFO - Iter(train) [ 88700/160000]  lr: 3.9097e-02  eta: 7:26:46  time: 0.3762  data_time: 0.0280  memory: 9887  loss: 1.0512  decode.loss_ohem: 0.7563  decode.acc_seg: 93.7740  aux_0.loss_ce: 0.2949  aux_0.acc_seg: 91.4021
2026/07/26 20:13:08 - mmengine - INFO - Iter(train) [ 88800/160000]  lr: 3.9047e-02  eta: 7:26:08  time: 0.3762  data_time: 0.0277  memory: 9887  loss: 1.0603  decode.loss_ohem: 0.7343  decode.acc_seg: 93.2153  aux_0.loss_ce: 0.3260  aux_0.acc_seg: 90.2186
2026/07/26 20:13:46 - mmengine - INFO - Iter(train) [ 88900/160000]  lr: 3.8998e-02  eta: 7:25:31  time: 0.3773  data_time: 0.0284  memory: 9886  loss: 1.0775  decode.loss_ohem: 0.7341  decode.acc_seg: 91.0939  aux_0.loss_ce: 0.3435  aux_0.acc_seg: 81.2694
2026/07/26 20:14:23 - mmengine - INFO - Exp name: dsanet_cityscapes_512x1024_20260726_105256
2026/07/26 20:14:23 - mmengine - INFO - Iter(train) [ 89000/160000]  lr: 3.8949e-02  eta: 7:24:53  time: 0.3761  data_time: 0.0277  memory: 9887  loss: 1.1406  decode.loss_ohem: 0.7729  decode.acc_seg: 92.2186  aux_0.loss_ce: 0.3677  aux_0.acc_seg: 88.6414
2026/07/26 20:15:01 - mmengine - INFO - Iter(train) [ 89100/160000]  lr: 3.8899e-02  eta: 7:24:16  time: 0.3771  data_time: 0.0282  memory: 9887  loss: 1.1177  decode.loss_ohem: 0.7745  decode.acc_seg: 89.1120  aux_0.loss_ce: 0.3432  aux_0.acc_seg: 80.7405
2026/07/26 20:15:39 - mmengine - INFO - Iter(train) [ 89200/160000]  lr: 3.8850e-02  eta: 7:23:38  time: 0.3758  data_time: 0.0281  memory: 9886  loss: 1.1024  decode.loss_ohem: 0.7853  decode.acc_seg: 93.1478  aux_0.loss_ce: 0.3172  aux_0.acc_seg: 89.3539
2026/07/26 20:16:17 - mmengine - INFO - Iter(train) [ 89300/160000]  lr: 3.8800e-02  eta: 7:23:01  time: 0.3759  data_time: 0.0283  memory: 9887  loss: 1.0711  decode.loss_ohem: 0.7636  decode.acc_seg: 93.9009  aux_0.loss_ce: 0.3075  aux_0.acc_seg: 89.1521
2026/07/26 20:16:54 - mmengine - INFO - Iter(train) [ 89400/160000]  lr: 3.8751e-02  eta: 7:22:23  time: 0.3770  data_time: 0.0283  memory: 9886  loss: 1.0820  decode.loss_ohem: 0.7489  decode.acc_seg: 93.1505  aux_0.loss_ce: 0.3331  aux_0.acc_seg: 89.0245
2026/07/26 20:17:32 - mmengine - INFO - Iter(train) [ 89500/160000]  lr: 3.8702e-02  eta: 7:21:45  time: 0.3771  data_time: 0.0273  memory: 9886  loss: 1.0399  decode.loss_ohem: 0.6946  decode.acc_seg: 92.4318  aux_0.loss_ce: 0.3452  aux_0.acc_seg: 86.6221
2026/07/26 20:18:10 - mmengine - INFO - Iter(train) [ 89600/160000]  lr: 3.8652e-02  eta: 7:21:08  time: 0.3810  data_time: 0.0310  memory: 9887  loss: 0.9504  decode.loss_ohem: 0.6587  decode.acc_seg: 93.6166  aux_0.loss_ce: 0.2917  aux_0.acc_seg: 91.2376
2026/07/26 20:18:47 - mmengine - INFO - Iter(train) [ 89700/160000]  lr: 3.8603e-02  eta: 7:20:30  time: 0.3759  data_time: 0.0279  memory: 9887  loss: 1.2597  decode.loss_ohem: 0.8959  decode.acc_seg: 93.9009  aux_0.loss_ce: 0.3638  aux_0.acc_seg: 91.1817
2026/07/26 20:19:25 - mmengine - INFO - Iter(train) [ 89800/160000]  lr: 3.8553e-02  eta: 7:19:53  time: 0.3757  data_time: 0.0278  memory: 9886  loss: 1.0582  decode.loss_ohem: 0.7452  decode.acc_seg: 91.6816  aux_0.loss_ce: 0.3130  aux_0.acc_seg: 88.7140
2026/07/26 20:20:02 - mmengine - INFO - Iter(train) [ 89900/160000]  lr: 3.8504e-02  eta: 7:19:15  time: 0.3752  data_time: 0.0277  memory: 9887  loss: 1.0487  decode.loss_ohem: 0.7180  decode.acc_seg: 94.0545  aux_0.loss_ce: 0.3308  aux_0.acc_seg: 90.0571
2026/07/26 20:20:40 - mmengine - INFO - Exp name: dsanet_cityscapes_512x1024_20260726_105256
2026/07/26 20:20:40 - mmengine - INFO - Iter(train) [ 90000/160000]  lr: 3.8455e-02  eta: 7:18:38  time: 0.3765  data_time: 0.0283  memory: 9886  loss: 1.0891  decode.loss_ohem: 0.7525  decode.acc_seg: 89.7766  aux_0.loss_ce: 0.3365  aux_0.acc_seg: 85.7727
2026/07/26 20:20:40 - mmengine - INFO - Saving checkpoint at 90000 iterations
2026/07/26 20:20:45 - mmengine - INFO - Iter(val) [100/250]    eta: 0:00:07  time: 0.0473  data_time: 0.0096  memory: 729  
2026/07/26 20:20:50 - mmengine - INFO - Iter(val) [200/250]    eta: 0:00:02  time: 0.0480  data_time: 0.0095  memory: 729  
2026/07/26 20:20:53 - mmengine - INFO - per class results:
2026/07/26 20:20:53 - mmengine - INFO - 
+---------------+-------+-------+
|     Class     |  IoU  |  Acc  |
+---------------+-------+-------+
|      road     |  97.0 | 97.85 |
|    sidewalk   | 78.38 | 91.51 |
|    building   | 88.49 | 95.24 |
|      wall     | 27.96 | 29.56 |
|     fence     | 54.21 | 67.01 |
|      pole     | 54.14 | 65.57 |
| traffic light | 47.77 | 56.64 |
|  traffic sign | 56.23 | 60.26 |
|   vegetation  |  90.3 |  95.9 |
|    terrain    |  56.6 | 66.66 |
|      sky      | 92.88 | 96.08 |
|     person    | 72.76 | 85.72 |
|     rider     | 50.16 | 61.67 |
|      car      |  90.7 | 96.57 |
|     truck     | 45.07 | 58.55 |
|      bus      | 50.22 | 54.09 |
|     train     |  47.2 | 60.64 |
|   motorcycle  | 24.56 | 28.66 |
|    bicycle    | 62.22 | 88.81 |
+---------------+-------+-------+
2026/07/26 20:20:53 - mmengine - INFO - Iter(val) [250/250]    aAcc: 93.9500  mIoU: 62.4700  mAcc: 71.4200  data_time: 0.0108  time: 0.0491
2026/07/26 20:21:30 - mmengine - INFO - Iter(train) [ 90100/160000]  lr: 3.8405e-02  eta: 7:18:00  time: 0.3751  data_time: 0.0280  memory: 9886  loss: 1.0870  decode.loss_ohem: 0.7669  decode.acc_seg: 89.8471  aux_0.loss_ce: 0.3202  aux_0.acc_seg: 87.7309
2026/07/26 20:22:08 - mmengine - INFO - Iter(train) [ 90200/160000]  lr: 3.8356e-02  eta: 7:17:22  time: 0.3753  data_time: 0.0271  memory: 9886  loss: 1.0022  decode.loss_ohem: 0.7078  decode.acc_seg: 91.9294  aux_0.loss_ce: 0.2944  aux_0.acc_seg: 90.4316
2026/07/26 20:22:46 - mmengine - INFO - Iter(train) [ 90300/160000]  lr: 3.8306e-02  eta: 7:16:45  time: 0.3768  data_time: 0.0287  memory: 9886  loss: 1.1300  decode.loss_ohem: 0.7883  decode.acc_seg: 91.9427  aux_0.loss_ce: 0.3418  aux_0.acc_seg: 89.3163
2026/07/26 20:23:23 - mmengine - INFO - Iter(train) [ 90400/160000]  lr: 3.8257e-02  eta: 7:16:07  time: 0.3771  data_time: 0.0285  memory: 9888  loss: 1.0129  decode.loss_ohem: 0.6613  decode.acc_seg: 92.4175  aux_0.loss_ce: 0.3516  aux_0.acc_seg: 89.5469
2026/07/26 20:24:01 - mmengine - INFO - Iter(train) [ 90500/160000]  lr: 3.8207e-02  eta: 7:15:30  time: 0.3756  data_time: 0.0278  memory: 9885  loss: 1.0702  decode.loss_ohem: 0.7448  decode.acc_seg: 94.5788  aux_0.loss_ce: 0.3254  aux_0.acc_seg: 91.8770
2026/07/26 20:24:39 - mmengine - INFO - Iter(train) [ 90600/160000]  lr: 3.8158e-02  eta: 7:14:52  time: 0.3768  data_time: 0.0278  memory: 9886  loss: 1.0909  decode.loss_ohem: 0.7660  decode.acc_seg: 92.9658  aux_0.loss_ce: 0.3249  aux_0.acc_seg: 88.8181
2026/07/26 20:25:16 - mmengine - INFO - Iter(train) [ 90700/160000]  lr: 3.8108e-02  eta: 7:14:15  time: 0.3752  data_time: 0.0271  memory: 9885  loss: 1.2462  decode.loss_ohem: 0.8558  decode.acc_seg: 90.3969  aux_0.loss_ce: 0.3904  aux_0.acc_seg: 84.5922
2026/07/26 20:25:54 - mmengine - INFO - Iter(train) [ 90800/160000]  lr: 3.8059e-02  eta: 7:13:37  time: 0.3746  data_time: 0.0263  memory: 9886  loss: 1.1428  decode.loss_ohem: 0.7922  decode.acc_seg: 93.1387  aux_0.loss_ce: 0.3506  aux_0.acc_seg: 89.3679
2026/07/26 20:26:32 - mmengine - INFO - Iter(train) [ 90900/160000]  lr: 3.8009e-02  eta: 7:12:59  time: 0.3765  data_time: 0.0279  memory: 9890  loss: 1.0456  decode.loss_ohem: 0.7369  decode.acc_seg: 93.7950  aux_0.loss_ce: 0.3087  aux_0.acc_seg: 92.1127
2026/07/26 20:27:09 - mmengine - INFO - Exp name: dsanet_cityscapes_512x1024_20260726_105256
2026/07/26 20:27:09 - mmengine - INFO - Iter(train) [ 91000/160000]  lr: 3.7960e-02  eta: 7:12:22  time: 0.3754  data_time: 0.0275  memory: 9885  loss: 1.1616  decode.loss_ohem: 0.8252  decode.acc_seg: 90.7648  aux_0.loss_ce: 0.3364  aux_0.acc_seg: 87.3655
2026/07/26 20:27:47 - mmengine - INFO - Iter(train) [ 91100/160000]  lr: 3.7910e-02  eta: 7:11:44  time: 0.3762  data_time: 0.0279  memory: 9887  loss: 1.1567  decode.loss_ohem: 0.7846  decode.acc_seg: 88.0239  aux_0.loss_ce: 0.3721  aux_0.acc_seg: 83.4395
2026/07/26 20:28:25 - mmengine - INFO - Iter(train) [ 91200/160000]  lr: 3.7861e-02  eta: 7:11:07  time: 0.3763  data_time: 0.0280  memory: 9887  loss: 1.0547  decode.loss_ohem: 0.7210  decode.acc_seg: 91.3189  aux_0.loss_ce: 0.3337  aux_0.acc_seg: 87.9731
2026/07/26 20:29:02 - mmengine - INFO - Iter(train) [ 91300/160000]  lr: 3.7811e-02  eta: 7:10:29  time: 0.3757  data_time: 0.0277  memory: 9887  loss: 1.0286  decode.loss_ohem: 0.6930  decode.acc_seg: 92.4714  aux_0.loss_ce: 0.3355  aux_0.acc_seg: 88.1119
2026/07/26 20:29:40 - mmengine - INFO - Iter(train) [ 91400/160000]  lr: 3.7762e-02  eta: 7:09:52  time: 0.3753  data_time: 0.0258  memory: 9886  loss: 1.1422  decode.loss_ohem: 0.7552  decode.acc_seg: 91.4023  aux_0.loss_ce: 0.3870  aux_0.acc_seg: 86.3720
2026/07/26 20:30:18 - mmengine - INFO - Iter(train) [ 91500/160000]  lr: 3.7712e-02  eta: 7:09:14  time: 0.3756  data_time: 0.0276  memory: 9886  loss: 1.1010  decode.loss_ohem: 0.7712  decode.acc_seg: 91.5832  aux_0.loss_ce: 0.3298  aux_0.acc_seg: 86.8597
2026/07/26 20:30:55 - mmengine - INFO - Iter(train) [ 91600/160000]  lr: 3.7663e-02  eta: 7:08:37  time: 0.3771  data_time: 0.0277  memory: 9888  loss: 1.0844  decode.loss_ohem: 0.7280  decode.acc_seg: 92.4797  aux_0.loss_ce: 0.3564  aux_0.acc_seg: 88.8936
2026/07/26 20:31:33 - mmengine - INFO - Iter(train) [ 91700/160000]  lr: 3.7613e-02  eta: 7:07:59  time: 0.3761  data_time: 0.0272  memory: 9886  loss: 1.2129  decode.loss_ohem: 0.8227  decode.acc_seg: 89.1321  aux_0.loss_ce: 0.3902  aux_0.acc_seg: 90.5751
2026/07/26 20:32:11 - mmengine - INFO - Iter(train) [ 91800/160000]  lr: 3.7564e-02  eta: 7:07:21  time: 0.3759  data_time: 0.0279  memory: 9886  loss: 1.0062  decode.loss_ohem: 0.7065  decode.acc_seg: 93.3864  aux_0.loss_ce: 0.2997  aux_0.acc_seg: 90.5794
2026/07/26 20:32:48 - mmengine - INFO - Iter(train) [ 91900/160000]  lr: 3.7514e-02  eta: 7:06:44  time: 0.3767  data_time: 0.0285  memory: 9885  loss: 1.1250  decode.loss_ohem: 0.7862  decode.acc_seg: 92.0658  aux_0.loss_ce: 0.3389  aux_0.acc_seg: 88.7976
2026/07/26 20:33:26 - mmengine - INFO - Exp name: dsanet_cityscapes_512x1024_20260726_105256
2026/07/26 20:33:26 - mmengine - INFO - Iter(train) [ 92000/160000]  lr: 3.7465e-02  eta: 7:06:06  time: 0.3756  data_time: 0.0278  memory: 9887  loss: 1.0767  decode.loss_ohem: 0.7311  decode.acc_seg: 93.1826  aux_0.loss_ce: 0.3456  aux_0.acc_seg: 85.2168
2026/07/26 20:34:04 - mmengine - INFO - Iter(train) [ 92100/160000]  lr: 3.7415e-02  eta: 7:05:29  time: 0.3754  data_time: 0.0272  memory: 9888  loss: 1.0833  decode.loss_ohem: 0.7335  decode.acc_seg: 89.8755  aux_0.loss_ce: 0.3498  aux_0.acc_seg: 83.8310
2026/07/26 20:34:41 - mmengine - INFO - Iter(train) [ 92200/160000]  lr: 3.7365e-02  eta: 7:04:51  time: 0.3760  data_time: 0.0274  memory: 9886  loss: 1.1173  decode.loss_ohem: 0.7832  decode.acc_seg: 93.7878  aux_0.loss_ce: 0.3341  aux_0.acc_seg: 90.9213
2026/07/26 20:35:19 - mmengine - INFO - Iter(train) [ 92300/160000]  lr: 3.7316e-02  eta: 7:04:13  time: 0.3757  data_time: 0.0275  memory: 9887  loss: 1.0251  decode.loss_ohem: 0.6985  decode.acc_seg: 93.6306  aux_0.loss_ce: 0.3266  aux_0.acc_seg: 89.0780
2026/07/26 20:35:56 - mmengine - INFO - Iter(train) [ 92400/160000]  lr: 3.7266e-02  eta: 7:03:36  time: 0.3766  data_time: 0.0284  memory: 9887  loss: 1.0590  decode.loss_ohem: 0.7354  decode.acc_seg: 94.3093  aux_0.loss_ce: 0.3236  aux_0.acc_seg: 90.6659
2026/07/26 20:36:34 - mmengine - INFO - Iter(train) [ 92500/160000]  lr: 3.7217e-02  eta: 7:02:58  time: 0.3773  data_time: 0.0284  memory: 9887  loss: 1.1082  decode.loss_ohem: 0.8051  decode.acc_seg: 90.7754  aux_0.loss_ce: 0.3031  aux_0.acc_seg: 87.5357
2026/07/26 20:37:12 - mmengine - INFO - Iter(train) [ 92600/160000]  lr: 3.7167e-02  eta: 7:02:21  time: 0.3714  data_time: 0.0249  memory: 9887  loss: 1.0611  decode.loss_ohem: 0.7530  decode.acc_seg: 93.8890  aux_0.loss_ce: 0.3081  aux_0.acc_seg: 90.3722
2026/07/26 20:37:49 - mmengine - INFO - Iter(train) [ 92700/160000]  lr: 3.7117e-02  eta: 7:01:43  time: 0.3727  data_time: 0.0259  memory: 9885  loss: 1.0246  decode.loss_ohem: 0.6812  decode.acc_seg: 88.4229  aux_0.loss_ce: 0.3434  aux_0.acc_seg: 84.6525
2026/07/26 20:38:26 - mmengine - INFO - Iter(train) [ 92800/160000]  lr: 3.7068e-02  eta: 7:01:05  time: 0.3703  data_time: 0.0248  memory: 9888  loss: 1.0679  decode.loss_ohem: 0.7737  decode.acc_seg: 90.3943  aux_0.loss_ce: 0.2942  aux_0.acc_seg: 88.4792
2026/07/26 20:39:03 - mmengine - INFO - Iter(train) [ 92900/160000]  lr: 3.7018e-02  eta: 7:00:27  time: 0.3718  data_time: 0.0253  memory: 9887  loss: 1.1116  decode.loss_ohem: 0.7887  decode.acc_seg: 87.4321  aux_0.loss_ce: 0.3230  aux_0.acc_seg: 81.3140
2026/07/26 20:39:41 - mmengine - INFO - Exp name: dsanet_cityscapes_512x1024_20260726_105256
2026/07/26 20:39:41 - mmengine - INFO - Iter(train) [ 93000/160000]  lr: 3.6968e-02  eta: 6:59:49  time: 0.3759  data_time: 0.0285  memory: 9886  loss: 1.0763  decode.loss_ohem: 0.7534  decode.acc_seg: 94.1613  aux_0.loss_ce: 0.3230  aux_0.acc_seg: 90.6535
2026/07/26 20:40:18 - mmengine - INFO - Iter(train) [ 93100/160000]  lr: 3.6919e-02  eta: 6:59:12  time: 0.3761  data_time: 0.0279  memory: 9887  loss: 1.0183  decode.loss_ohem: 0.6820  decode.acc_seg: 91.3826  aux_0.loss_ce: 0.3363  aux_0.acc_seg: 85.7841
2026/07/26 20:40:56 - mmengine - INFO - Iter(train) [ 93200/160000]  lr: 3.6869e-02  eta: 6:58:34  time: 0.3797  data_time: 0.0307  memory: 9885  loss: 1.0782  decode.loss_ohem: 0.7612  decode.acc_seg: 92.4723  aux_0.loss_ce: 0.3171  aux_0.acc_seg: 89.9448
2026/07/26 20:41:34 - mmengine - INFO - Iter(train) [ 93300/160000]  lr: 3.6820e-02  eta: 6:57:56  time: 0.3760  data_time: 0.0279  memory: 9886  loss: 1.2254  decode.loss_ohem: 0.8435  decode.acc_seg: 91.1741  aux_0.loss_ce: 0.3819  aux_0.acc_seg: 85.1969
2026/07/26 20:42:11 - mmengine - INFO - Iter(train) [ 93400/160000]  lr: 3.6770e-02  eta: 6:57:19  time: 0.3761  data_time: 0.0281  memory: 9887  loss: 1.0213  decode.loss_ohem: 0.6997  decode.acc_seg: 93.3288  aux_0.loss_ce: 0.3215  aux_0.acc_seg: 89.5973
2026/07/26 20:42:49 - mmengine - INFO - Iter(train) [ 93500/160000]  lr: 3.6720e-02  eta: 6:56:41  time: 0.3765  data_time: 0.0279  memory: 9887  loss: 1.2220  decode.loss_ohem: 0.8350  decode.acc_seg: 92.8217  aux_0.loss_ce: 0.3870  aux_0.acc_seg: 83.9904
2026/07/26 20:43:27 - mmengine - INFO - Iter(train) [ 93600/160000]  lr: 3.6670e-02  eta: 6:56:04  time: 0.3770  data_time: 0.0282  memory: 9888  loss: 0.9904  decode.loss_ohem: 0.6847  decode.acc_seg: 92.8249  aux_0.loss_ce: 0.3057  aux_0.acc_seg: 91.0915
2026/07/26 20:44:04 - mmengine - INFO - Iter(train) [ 93700/160000]  lr: 3.6621e-02  eta: 6:55:26  time: 0.3773  data_time: 0.0288  memory: 9886  loss: 1.0326  decode.loss_ohem: 0.7180  decode.acc_seg: 91.0898  aux_0.loss_ce: 0.3145  aux_0.acc_seg: 84.2685
2026/07/26 20:44:42 - mmengine - INFO - Iter(train) [ 93800/160000]  lr: 3.6571e-02  eta: 6:54:49  time: 0.3764  data_time: 0.0278  memory: 9886  loss: 1.1158  decode.loss_ohem: 0.7643  decode.acc_seg: 93.1017  aux_0.loss_ce: 0.3515  aux_0.acc_seg: 88.6631
2026/07/26 20:45:20 - mmengine - INFO - Iter(train) [ 93900/160000]  lr: 3.6521e-02  eta: 6:54:11  time: 0.3769  data_time: 0.0283  memory: 9886  loss: 1.0587  decode.loss_ohem: 0.7248  decode.acc_seg: 88.8385  aux_0.loss_ce: 0.3339  aux_0.acc_seg: 85.5892
2026/07/26 20:45:58 - mmengine - INFO - Exp name: dsanet_cityscapes_512x1024_20260726_105256
2026/07/26 20:45:58 - mmengine - INFO - Iter(train) [ 94000/160000]  lr: 3.6472e-02  eta: 6:53:34  time: 0.3761  data_time: 0.0276  memory: 9886  loss: 1.0654  decode.loss_ohem: 0.7408  decode.acc_seg: 92.1686  aux_0.loss_ce: 0.3246  aux_0.acc_seg: 88.8828
2026/07/26 20:46:35 - mmengine - INFO - Iter(train) [ 94100/160000]  lr: 3.6422e-02  eta: 6:52:56  time: 0.3766  data_time: 0.0275  memory: 9887  loss: 1.1343  decode.loss_ohem: 0.7705  decode.acc_seg: 90.8144  aux_0.loss_ce: 0.3638  aux_0.acc_seg: 83.4185
2026/07/26 20:47:13 - mmengine - INFO - Iter(train) [ 94200/160000]  lr: 3.6372e-02  eta: 6:52:19  time: 0.3765  data_time: 0.0281  memory: 9886  loss: 1.0554  decode.loss_ohem: 0.7477  decode.acc_seg: 93.3273  aux_0.loss_ce: 0.3077  aux_0.acc_seg: 88.2200
2026/07/26 20:47:51 - mmengine - INFO - Iter(train) [ 94300/160000]  lr: 3.6322e-02  eta: 6:51:41  time: 0.3745  data_time: 0.0272  memory: 9886  loss: 0.9727  decode.loss_ohem: 0.7054  decode.acc_seg: 92.9174  aux_0.loss_ce: 0.2673  aux_0.acc_seg: 89.4872
2026/07/26 20:48:28 - mmengine - INFO - Iter(train) [ 94400/160000]  lr: 3.6273e-02  eta: 6:51:03  time: 0.3764  data_time: 0.0288  memory: 9887  loss: 1.0834  decode.loss_ohem: 0.7654  decode.acc_seg: 94.9340  aux_0.loss_ce: 0.3181  aux_0.acc_seg: 91.5218
2026/07/26 20:49:06 - mmengine - INFO - Iter(train) [ 94500/160000]  lr: 3.6223e-02  eta: 6:50:26  time: 0.3772  data_time: 0.0292  memory: 9886  loss: 1.1726  decode.loss_ohem: 0.8128  decode.acc_seg: 91.6547  aux_0.loss_ce: 0.3598  aux_0.acc_seg: 89.1091
2026/07/26 20:49:44 - mmengine - INFO - Iter(train) [ 94600/160000]  lr: 3.6173e-02  eta: 6:49:48  time: 0.3762  data_time: 0.0282  memory: 9886  loss: 1.0269  decode.loss_ohem: 0.7369  decode.acc_seg: 94.2562  aux_0.loss_ce: 0.2900  aux_0.acc_seg: 90.3116
2026/07/26 20:50:21 - mmengine - INFO - Iter(train) [ 94700/160000]  lr: 3.6123e-02  eta: 6:49:11  time: 0.3768  data_time: 0.0278  memory: 9886  loss: 1.0486  decode.loss_ohem: 0.7070  decode.acc_seg: 92.7207  aux_0.loss_ce: 0.3416  aux_0.acc_seg: 88.2384
2026/07/26 20:50:59 - mmengine - INFO - Iter(train) [ 94800/160000]  lr: 3.6074e-02  eta: 6:48:33  time: 0.3781  data_time: 0.0298  memory: 9886  loss: 1.0621  decode.loss_ohem: 0.7528  decode.acc_seg: 88.4312  aux_0.loss_ce: 0.3093  aux_0.acc_seg: 83.0689
2026/07/26 20:51:37 - mmengine - INFO - Iter(train) [ 94900/160000]  lr: 3.6024e-02  eta: 6:47:56  time: 0.3758  data_time: 0.0278  memory: 9887  loss: 1.1906  decode.loss_ohem: 0.8551  decode.acc_seg: 94.0378  aux_0.loss_ce: 0.3355  aux_0.acc_seg: 90.5045
2026/07/26 20:52:14 - mmengine - INFO - Exp name: dsanet_cityscapes_512x1024_20260726_105256
2026/07/26 20:52:14 - mmengine - INFO - Iter(train) [ 95000/160000]  lr: 3.5974e-02  eta: 6:47:18  time: 0.3773  data_time: 0.0287  memory: 9887  loss: 1.0752  decode.loss_ohem: 0.7443  decode.acc_seg: 93.6104  aux_0.loss_ce: 0.3309  aux_0.acc_seg: 88.8567
2026/07/26 20:52:14 - mmengine - INFO - Saving checkpoint at 95000 iterations
2026/07/26 20:52:20 - mmengine - INFO - Iter(val) [100/250]    eta: 0:00:07  time: 0.0476  data_time: 0.0099  memory: 729  
2026/07/26 20:52:25 - mmengine - INFO - Iter(val) [200/250]    eta: 0:00:02  time: 0.0486  data_time: 0.0095  memory: 729  
2026/07/26 20:52:27 - mmengine - INFO - per class results:
2026/07/26 20:52:27 - mmengine - INFO - 
+---------------+-------+-------+
|     Class     |  IoU  |  Acc  |
+---------------+-------+-------+
|      road     | 97.07 | 98.39 |
|    sidewalk   | 78.42 | 87.79 |
|    building   | 88.85 | 93.89 |
|      wall     | 46.13 | 72.01 |
|     fence     | 52.08 | 67.55 |
|      pole     |  54.0 |  62.6 |
| traffic light | 51.38 | 60.81 |
|  traffic sign | 65.97 | 73.89 |
|   vegetation  | 89.73 |  96.1 |
|    terrain    | 53.72 | 62.21 |
|      sky      | 92.55 | 96.91 |
|     person    | 73.48 | 84.94 |
|     rider     | 50.04 | 67.96 |
|      car      | 91.64 | 96.28 |
|     truck     |  54.6 | 64.34 |
|      bus      | 70.69 | 77.56 |
|     train     |  60.8 |  78.8 |
|   motorcycle  | 39.66 | 57.54 |
|    bicycle    | 68.28 | 83.32 |
+---------------+-------+-------+
2026/07/26 20:52:27 - mmengine - INFO - Iter(val) [250/250]    aAcc: 94.1500  mIoU: 67.3200  mAcc: 78.0500  data_time: 0.0107  time: 0.0488
2026/07/26 20:52:27 - mmengine - INFO - The previous best checkpoint /root/autodl-tmp/DSANet-main/tools/work_dirs/dsanet_cityscapes_512x1024/best_mIoU_iter_80000.pth is removed
2026/07/26 20:52:27 - mmengine - INFO - The best checkpoint with 67.3200 mIoU at 95000 iter is saved to best_mIoU_iter_95000.pth.
2026/07/26 20:53:06 - mmengine - INFO - Iter(train) [ 95100/160000]  lr: 3.5924e-02  eta: 6:46:41  time: 0.3785  data_time: 0.0295  memory: 9890  loss: 0.9972  decode.loss_ohem: 0.6606  decode.acc_seg: 93.2372  aux_0.loss_ce: 0.3366  aux_0.acc_seg: 88.8532
2026/07/26 20:53:43 - mmengine - INFO - Iter(train) [ 95200/160000]  lr: 3.5874e-02  eta: 6:46:04  time: 0.3763  data_time: 0.0276  memory: 9887  loss: 1.1385  decode.loss_ohem: 0.7950  decode.acc_seg: 94.0289  aux_0.loss_ce: 0.3435  aux_0.acc_seg: 89.6060
2026/07/26 20:54:21 - mmengine - INFO - Iter(train) [ 95300/160000]  lr: 3.5825e-02  eta: 6:45:26  time: 0.3772  data_time: 0.0285  memory: 9887  loss: 1.1099  decode.loss_ohem: 0.7832  decode.acc_seg: 87.7516  aux_0.loss_ce: 0.3267  aux_0.acc_seg: 84.6034
2026/07/26 20:54:59 - mmengine - INFO - Iter(train) [ 95400/160000]  lr: 3.5775e-02  eta: 6:44:49  time: 0.3767  data_time: 0.0281  memory: 9888  loss: 1.0226  decode.loss_ohem: 0.7035  decode.acc_seg: 90.9617  aux_0.loss_ce: 0.3191  aux_0.acc_seg: 85.7146
2026/07/26 20:55:36 - mmengine - INFO - Iter(train) [ 95500/160000]  lr: 3.5725e-02  eta: 6:44:11  time: 0.3765  data_time: 0.0285  memory: 9886  loss: 1.0296  decode.loss_ohem: 0.6889  decode.acc_seg: 93.6086  aux_0.loss_ce: 0.3407  aux_0.acc_seg: 88.7954
2026/07/26 20:56:14 - mmengine - INFO - Iter(train) [ 95600/160000]  lr: 3.5675e-02  eta: 6:43:34  time: 0.3757  data_time: 0.0271  memory: 9886  loss: 1.0709  decode.loss_ohem: 0.7555  decode.acc_seg: 93.6755  aux_0.loss_ce: 0.3155  aux_0.acc_seg: 91.7511
2026/07/26 20:56:52 - mmengine - INFO - Iter(train) [ 95700/160000]  lr: 3.5625e-02  eta: 6:42:56  time: 0.3760  data_time: 0.0277  memory: 9886  loss: 1.0647  decode.loss_ohem: 0.7344  decode.acc_seg: 92.1031  aux_0.loss_ce: 0.3303  aux_0.acc_seg: 88.1691
2026/07/26 20:57:29 - mmengine - INFO - Iter(train) [ 95800/160000]  lr: 3.5575e-02  eta: 6:42:18  time: 0.3763  data_time: 0.0280  memory: 9885  loss: 1.0514  decode.loss_ohem: 0.7582  decode.acc_seg: 90.3043  aux_0.loss_ce: 0.2932  aux_0.acc_seg: 85.3699
2026/07/26 20:58:07 - mmengine - INFO - Iter(train) [ 95900/160000]  lr: 3.5526e-02  eta: 6:41:41  time: 0.3790  data_time: 0.0302  memory: 9885  loss: 1.0284  decode.loss_ohem: 0.7428  decode.acc_seg: 94.5464  aux_0.loss_ce: 0.2856  aux_0.acc_seg: 89.8872
2026/07/26 20:58:45 - mmengine - INFO - Exp name: dsanet_cityscapes_512x1024_20260726_105256
2026/07/26 20:58:45 - mmengine - INFO - Iter(train) [ 96000/160000]  lr: 3.5476e-02  eta: 6:41:03  time: 0.3762  data_time: 0.0282  memory: 9885  loss: 1.0856  decode.loss_ohem: 0.7584  decode.acc_seg: 94.3058  aux_0.loss_ce: 0.3271  aux_0.acc_seg: 90.5961
2026/07/26 20:59:22 - mmengine - INFO - Iter(train) [ 96100/160000]  lr: 3.5426e-02  eta: 6:40:26  time: 0.3774  data_time: 0.0286  memory: 9887  loss: 1.1629  decode.loss_ohem: 0.8083  decode.acc_seg: 90.3313  aux_0.loss_ce: 0.3547  aux_0.acc_seg: 82.8260
2026/07/26 21:00:00 - mmengine - INFO - Iter(train) [ 96200/160000]  lr: 3.5376e-02  eta: 6:39:48  time: 0.3771  data_time: 0.0284  memory: 9885  loss: 1.0584  decode.loss_ohem: 0.7455  decode.acc_seg: 92.8016  aux_0.loss_ce: 0.3129  aux_0.acc_seg: 89.3606
2026/07/26 21:00:38 - mmengine - INFO - Iter(train) [ 96300/160000]  lr: 3.5326e-02  eta: 6:39:11  time: 0.3769  data_time: 0.0285  memory: 9885  loss: 1.0206  decode.loss_ohem: 0.7234  decode.acc_seg: 89.9103  aux_0.loss_ce: 0.2973  aux_0.acc_seg: 87.7525
2026/07/26 21:01:16 - mmengine - INFO - Iter(train) [ 96400/160000]  lr: 3.5276e-02  eta: 6:38:33  time: 0.3769  data_time: 0.0284  memory: 9886  loss: 1.0351  decode.loss_ohem: 0.7236  decode.acc_seg: 92.1038  aux_0.loss_ce: 0.3115  aux_0.acc_seg: 87.6743
2026/07/26 21:01:53 - mmengine - INFO - Iter(train) [ 96500/160000]  lr: 3.5226e-02  eta: 6:37:56  time: 0.3770  data_time: 0.0282  memory: 9886  loss: 1.0445  decode.loss_ohem: 0.6988  decode.acc_seg: 91.2878  aux_0.loss_ce: 0.3457  aux_0.acc_seg: 87.1308
2026/07/26 21:02:31 - mmengine - INFO - Iter(train) [ 96600/160000]  lr: 3.5176e-02  eta: 6:37:18  time: 0.3782  data_time: 0.0294  memory: 9887  loss: 1.2064  decode.loss_ohem: 0.8570  decode.acc_seg: 89.0982  aux_0.loss_ce: 0.3494  aux_0.acc_seg: 85.7961
2026/07/26 21:03:09 - mmengine - INFO - Iter(train) [ 96700/160000]  lr: 3.5126e-02  eta: 6:36:41  time: 0.3768  data_time: 0.0282  memory: 9887  loss: 0.9590  decode.loss_ohem: 0.6710  decode.acc_seg: 91.8139  aux_0.loss_ce: 0.2879  aux_0.acc_seg: 87.7375
2026/07/26 21:03:47 - mmengine - INFO - Iter(train) [ 96800/160000]  lr: 3.5076e-02  eta: 6:36:03  time: 0.3765  data_time: 0.0287  memory: 9886  loss: 1.0063  decode.loss_ohem: 0.7085  decode.acc_seg: 92.3968  aux_0.loss_ce: 0.2977  aux_0.acc_seg: 88.8547
2026/07/26 21:04:24 - mmengine - INFO - Iter(train) [ 96900/160000]  lr: 3.5027e-02  eta: 6:35:26  time: 0.3758  data_time: 0.0276  memory: 9887  loss: 1.0569  decode.loss_ohem: 0.7436  decode.acc_seg: 92.8395  aux_0.loss_ce: 0.3133  aux_0.acc_seg: 90.5520
2026/07/26 21:05:02 - mmengine - INFO - Exp name: dsanet_cityscapes_512x1024_20260726_105256
2026/07/26 21:05:02 - mmengine - INFO - Iter(train) [ 97000/160000]  lr: 3.4977e-02  eta: 6:34:48  time: 0.3773  data_time: 0.0288  memory: 9886  loss: 1.0082  decode.loss_ohem: 0.6938  decode.acc_seg: 94.1397  aux_0.loss_ce: 0.3143  aux_0.acc_seg: 91.7619
2026/07/26 21:05:40 - mmengine - INFO - Iter(train) [ 97100/160000]  lr: 3.4927e-02  eta: 6:34:11  time: 0.3770  data_time: 0.0286  memory: 9887  loss: 1.1325  decode.loss_ohem: 0.7902  decode.acc_seg: 86.7156  aux_0.loss_ce: 0.3423  aux_0.acc_seg: 78.5396
2026/07/26 21:06:18 - mmengine - INFO - Iter(train) [ 97200/160000]  lr: 3.4877e-02  eta: 6:33:33  time: 0.3762  data_time: 0.0277  memory: 9886  loss: 1.0764  decode.loss_ohem: 0.7526  decode.acc_seg: 91.6886  aux_0.loss_ce: 0.3237  aux_0.acc_seg: 87.7534
2026/07/26 21:06:55 - mmengine - INFO - Iter(train) [ 97300/160000]  lr: 3.4827e-02  eta: 6:32:55  time: 0.3781  data_time: 0.0294  memory: 9886  loss: 1.0891  decode.loss_ohem: 0.7252  decode.acc_seg: 92.2211  aux_0.loss_ce: 0.3639  aux_0.acc_seg: 85.5253
2026/07/26 21:07:33 - mmengine - INFO - Iter(train) [ 97400/160000]  lr: 3.4777e-02  eta: 6:32:18  time: 0.3754  data_time: 0.0272  memory: 9886  loss: 1.0791  decode.loss_ohem: 0.7377  decode.acc_seg: 91.6010  aux_0.loss_ce: 0.3413  aux_0.acc_seg: 88.6292
2026/07/26 21:08:11 - mmengine - INFO - Iter(train) [ 97500/160000]  lr: 3.4727e-02  eta: 6:31:40  time: 0.3780  data_time: 0.0289  memory: 9886  loss: 1.0588  decode.loss_ohem: 0.7388  decode.acc_seg: 92.6705  aux_0.loss_ce: 0.3201  aux_0.acc_seg: 89.7769
2026/07/26 21:08:48 - mmengine - INFO - Iter(train) [ 97600/160000]  lr: 3.4677e-02  eta: 6:31:03  time: 0.3768  data_time: 0.0284  memory: 9886  loss: 1.1412  decode.loss_ohem: 0.7720  decode.acc_seg: 92.0237  aux_0.loss_ce: 0.3693  aux_0.acc_seg: 87.5983
2026/07/26 21:09:26 - mmengine - INFO - Iter(train) [ 97700/160000]  lr: 3.4627e-02  eta: 6:30:25  time: 0.3789  data_time: 0.0291  memory: 9886  loss: 1.1227  decode.loss_ohem: 0.7662  decode.acc_seg: 90.2970  aux_0.loss_ce: 0.3565  aux_0.acc_seg: 86.6004
2026/07/26 21:10:04 - mmengine - INFO - Iter(train) [ 97800/160000]  lr: 3.4577e-02  eta: 6:29:48  time: 0.3763  data_time: 0.0283  memory: 9885  loss: 0.9656  decode.loss_ohem: 0.6996  decode.acc_seg: 91.3881  aux_0.loss_ce: 0.2660  aux_0.acc_seg: 88.7280
2026/07/26 21:10:42 - mmengine - INFO - Iter(train) [ 97900/160000]  lr: 3.4527e-02  eta: 6:29:10  time: 0.3769  data_time: 0.0286  memory: 9886  loss: 1.1044  decode.loss_ohem: 0.7660  decode.acc_seg: 94.7951  aux_0.loss_ce: 0.3384  aux_0.acc_seg: 89.3452
2026/07/26 21:11:19 - mmengine - INFO - Exp name: dsanet_cityscapes_512x1024_20260726_105256
2026/07/26 21:11:19 - mmengine - INFO - Iter(train) [ 98000/160000]  lr: 3.4477e-02  eta: 6:28:33  time: 0.3767  data_time: 0.0280  memory: 9885  loss: 1.0022  decode.loss_ohem: 0.6932  decode.acc_seg: 91.3777  aux_0.loss_ce: 0.3089  aux_0.acc_seg: 83.7606
2026/07/26 21:11:57 - mmengine - INFO - Iter(train) [ 98100/160000]  lr: 3.4427e-02  eta: 6:27:55  time: 0.3786  data_time: 0.0301  memory: 9886  loss: 1.0984  decode.loss_ohem: 0.7796  decode.acc_seg: 91.6722  aux_0.loss_ce: 0.3188  aux_0.acc_seg: 90.1272
2026/07/26 21:12:35 - mmengine - INFO - Iter(train) [ 98200/160000]  lr: 3.4377e-02  eta: 6:27:18  time: 0.3763  data_time: 0.0283  memory: 9887  loss: 1.0600  decode.loss_ohem: 0.7217  decode.acc_seg: 89.3418  aux_0.loss_ce: 0.3383  aux_0.acc_seg: 83.5328
2026/07/26 21:13:12 - mmengine - INFO - Iter(train) [ 98300/160000]  lr: 3.4327e-02  eta: 6:26:40  time: 0.3744  data_time: 0.0266  memory: 9886  loss: 1.0254  decode.loss_ohem: 0.7072  decode.acc_seg: 91.1900  aux_0.loss_ce: 0.3182  aux_0.acc_seg: 85.1173
2026/07/26 21:13:50 - mmengine - INFO - Iter(train) [ 98400/160000]  lr: 3.4276e-02  eta: 6:26:02  time: 0.3768  data_time: 0.0282  memory: 9888  loss: 0.9912  decode.loss_ohem: 0.6841  decode.acc_seg: 92.2610  aux_0.loss_ce: 0.3071  aux_0.acc_seg: 85.3203
2026/07/26 21:14:28 - mmengine - INFO - Iter(train) [ 98500/160000]  lr: 3.4226e-02  eta: 6:25:25  time: 0.3780  data_time: 0.0289  memory: 9886  loss: 1.1535  decode.loss_ohem: 0.7898  decode.acc_seg: 89.7649  aux_0.loss_ce: 0.3637  aux_0.acc_seg: 85.9545
2026/07/26 21:15:05 - mmengine - INFO - Iter(train) [ 98600/160000]  lr: 3.4176e-02  eta: 6:24:47  time: 0.3758  data_time: 0.0278  memory: 9887  loss: 1.1273  decode.loss_ohem: 0.7914  decode.acc_seg: 92.7725  aux_0.loss_ce: 0.3359  aux_0.acc_seg: 89.9097
2026/07/26 21:15:43 - mmengine - INFO - Iter(train) [ 98700/160000]  lr: 3.4126e-02  eta: 6:24:10  time: 0.3774  data_time: 0.0290  memory: 9885  loss: 1.1030  decode.loss_ohem: 0.7689  decode.acc_seg: 90.7958  aux_0.loss_ce: 0.3341  aux_0.acc_seg: 84.2306
2026/07/26 21:16:21 - mmengine - INFO - Iter(train) [ 98800/160000]  lr: 3.4076e-02  eta: 6:23:32  time: 0.3762  data_time: 0.0276  memory: 9886  loss: 1.0389  decode.loss_ohem: 0.7184  decode.acc_seg: 91.2511  aux_0.loss_ce: 0.3206  aux_0.acc_seg: 88.9314
2026/07/26 21:16:58 - mmengine - INFO - Iter(train) [ 98900/160000]  lr: 3.4026e-02  eta: 6:22:55  time: 0.3765  data_time: 0.0274  memory: 9886  loss: 1.0357  decode.loss_ohem: 0.7409  decode.acc_seg: 92.9957  aux_0.loss_ce: 0.2948  aux_0.acc_seg: 89.6976
2026/07/26 21:17:36 - mmengine - INFO - Exp name: dsanet_cityscapes_512x1024_20260726_105256
2026/07/26 21:17:36 - mmengine - INFO - Iter(train) [ 99000/160000]  lr: 3.3976e-02  eta: 6:22:17  time: 0.3763  data_time: 0.0278  memory: 9887  loss: 1.1214  decode.loss_ohem: 0.8046  decode.acc_seg: 91.4770  aux_0.loss_ce: 0.3168  aux_0.acc_seg: 89.8182
2026/07/26 21:18:14 - mmengine - INFO - Iter(train) [ 99100/160000]  lr: 3.3926e-02  eta: 6:21:39  time: 0.3760  data_time: 0.0275  memory: 9886  loss: 1.0747  decode.loss_ohem: 0.7471  decode.acc_seg: 93.1820  aux_0.loss_ce: 0.3276  aux_0.acc_seg: 87.7804
2026/07/26 21:18:52 - mmengine - INFO - Iter(train) [ 99200/160000]  lr: 3.3876e-02  eta: 6:21:02  time: 0.3778  data_time: 0.0279  memory: 9886  loss: 1.2039  decode.loss_ohem: 0.8261  decode.acc_seg: 92.1367  aux_0.loss_ce: 0.3778  aux_0.acc_seg: 87.8803
2026/07/26 21:19:29 - mmengine - INFO - Iter(train) [ 99300/160000]  lr: 3.3826e-02  eta: 6:20:24  time: 0.3781  data_time: 0.0288  memory: 9886  loss: 1.0501  decode.loss_ohem: 0.7255  decode.acc_seg: 91.8642  aux_0.loss_ce: 0.3246  aux_0.acc_seg: 89.9160
2026/07/26 21:20:07 - mmengine - INFO - Iter(train) [ 99400/160000]  lr: 3.3775e-02  eta: 6:19:47  time: 0.3773  data_time: 0.0287  memory: 9885  loss: 1.1340  decode.loss_ohem: 0.7643  decode.acc_seg: 92.7204  aux_0.loss_ce: 0.3696  aux_0.acc_seg: 88.5767
2026/07/26 21:20:45 - mmengine - INFO - Iter(train) [ 99500/160000]  lr: 3.3725e-02  eta: 6:19:09  time: 0.3774  data_time: 0.0280  memory: 9886  loss: 1.0677  decode.loss_ohem: 0.7586  decode.acc_seg: 93.4891  aux_0.loss_ce: 0.3091  aux_0.acc_seg: 90.6282
2026/07/26 21:21:23 - mmengine - INFO - Iter(train) [ 99600/160000]  lr: 3.3675e-02  eta: 6:18:32  time: 0.3769  data_time: 0.0280  memory: 9888  loss: 1.1638  decode.loss_ohem: 0.7843  decode.acc_seg: 89.3831  aux_0.loss_ce: 0.3795  aux_0.acc_seg: 82.3846
2026/07/26 21:22:00 - mmengine - INFO - Iter(train) [ 99700/160000]  lr: 3.3625e-02  eta: 6:17:54  time: 0.3771  data_time: 0.0283  memory: 9885  loss: 1.1324  decode.loss_ohem: 0.7891  decode.acc_seg: 89.9469  aux_0.loss_ce: 0.3433  aux_0.acc_seg: 84.3218
2026/07/26 21:22:38 - mmengine - INFO - Iter(train) [ 99800/160000]  lr: 3.3575e-02  eta: 6:17:17  time: 0.3760  data_time: 0.0277  memory: 9885  loss: 1.0719  decode.loss_ohem: 0.7174  decode.acc_seg: 93.3922  aux_0.loss_ce: 0.3545  aux_0.acc_seg: 87.8432
2026/07/26 21:23:16 - mmengine - INFO - Iter(train) [ 99900/160000]  lr: 3.3525e-02  eta: 6:16:39  time: 0.3775  data_time: 0.0288  memory: 9886  loss: 1.0670  decode.loss_ohem: 0.7462  decode.acc_seg: 92.4449  aux_0.loss_ce: 0.3208  aux_0.acc_seg: 89.0058
2026/07/26 21:23:54 - mmengine - INFO - Exp name: dsanet_cityscapes_512x1024_20260726_105256
2026/07/26 21:23:54 - mmengine - INFO - Iter(train) [100000/160000]  lr: 3.3474e-02  eta: 6:16:02  time: 0.3763  data_time: 0.0275  memory: 9885  loss: 1.0930  decode.loss_ohem: 0.7663  decode.acc_seg: 89.5243  aux_0.loss_ce: 0.3266  aux_0.acc_seg: 85.1233
2026/07/26 21:23:54 - mmengine - INFO - Saving checkpoint at 100000 iterations
2026/07/26 21:23:59 - mmengine - INFO - Iter(val) [100/250]    eta: 0:00:07  time: 0.0476  data_time: 0.0096  memory: 729  
2026/07/26 21:24:04 - mmengine - INFO - Iter(val) [200/250]    eta: 0:00:02  time: 0.0476  data_time: 0.0094  memory: 729  
2026/07/26 21:24:06 - mmengine - INFO - per class results:
2026/07/26 21:24:06 - mmengine - INFO - 
+---------------+-------+-------+
|     Class     |  IoU  |  Acc  |
+---------------+-------+-------+
|      road     | 95.42 | 96.71 |
|    sidewalk   |  71.3 | 87.95 |
|    building   | 89.56 | 96.14 |
|      wall     | 49.09 | 63.24 |
|     fence     | 44.75 | 51.09 |
|      pole     | 51.72 | 58.39 |
| traffic light | 55.09 | 71.96 |
|  traffic sign | 66.38 | 78.42 |
|   vegetation  |  90.8 | 94.66 |
|    terrain    | 56.59 | 70.17 |
|      sky      |  90.4 | 96.51 |
|     person    | 73.08 | 87.18 |
|     rider     | 49.73 | 66.37 |
|      car      | 91.53 | 96.87 |
|     truck     | 45.75 |  79.5 |
|      bus      | 55.42 | 64.38 |
|     train     | 51.61 | 70.94 |
|   motorcycle  | 35.26 | 45.99 |
|    bicycle    | 66.21 | 76.13 |
+---------------+-------+-------+
2026/07/26 21:24:06 - mmengine - INFO - Iter(val) [250/250]    aAcc: 93.6000  mIoU: 64.7200  mAcc: 76.4500  data_time: 0.0107  time: 0.0487
2026/07/26 21:24:44 - mmengine - INFO - Iter(train) [100100/160000]  lr: 3.3424e-02  eta: 6:15:24  time: 0.3785  data_time: 0.0293  memory: 9886  loss: 1.0157  decode.loss_ohem: 0.6957  decode.acc_seg: 90.6434  aux_0.loss_ce: 0.3200  aux_0.acc_seg: 85.9144
2026/07/26 21:25:21 - mmengine - INFO - Iter(train) [100200/160000]  lr: 3.3374e-02  eta: 6:14:46  time: 0.3762  data_time: 0.0282  memory: 9887  loss: 1.0871  decode.loss_ohem: 0.7353  decode.acc_seg: 90.2627  aux_0.loss_ce: 0.3517  aux_0.acc_seg: 84.4501
2026/07/26 21:25:59 - mmengine - INFO - Iter(train) [100300/160000]  lr: 3.3324e-02  eta: 6:14:09  time: 0.3765  data_time: 0.0283  memory: 9886  loss: 1.0799  decode.loss_ohem: 0.7531  decode.acc_seg: 92.5812  aux_0.loss_ce: 0.3268  aux_0.acc_seg: 87.0141
2026/07/26 21:26:37 - mmengine - INFO - Iter(train) [100400/160000]  lr: 3.3274e-02  eta: 6:13:31  time: 0.3757  data_time: 0.0268  memory: 9886  loss: 1.1204  decode.loss_ohem: 0.7325  decode.acc_seg: 90.7381  aux_0.loss_ce: 0.3879  aux_0.acc_seg: 86.6929
2026/07/26 21:27:14 - mmengine - INFO - Iter(train) [100500/160000]  lr: 3.3223e-02  eta: 6:12:54  time: 0.3760  data_time: 0.0279  memory: 9886  loss: 1.0701  decode.loss_ohem: 0.7426  decode.acc_seg: 93.1031  aux_0.loss_ce: 0.3275  aux_0.acc_seg: 88.7846
2026/07/26 21:27:52 - mmengine - INFO - Iter(train) [100600/160000]  lr: 3.3173e-02  eta: 6:12:16  time: 0.3769  data_time: 0.0280  memory: 9886  loss: 1.0541  decode.loss_ohem: 0.7357  decode.acc_seg: 92.9566  aux_0.loss_ce: 0.3184  aux_0.acc_seg: 88.9639
2026/07/26 21:28:30 - mmengine - INFO - Iter(train) [100700/160000]  lr: 3.3123e-02  eta: 6:11:38  time: 0.3761  data_time: 0.0278  memory: 9886  loss: 1.0687  decode.loss_ohem: 0.7502  decode.acc_seg: 91.4751  aux_0.loss_ce: 0.3185  aux_0.acc_seg: 85.1722
2026/07/26 21:29:07 - mmengine - INFO - Iter(train) [100800/160000]  lr: 3.3073e-02  eta: 6:11:01  time: 0.3774  data_time: 0.0286  memory: 9889  loss: 1.1388  decode.loss_ohem: 0.8170  decode.acc_seg: 93.1854  aux_0.loss_ce: 0.3218  aux_0.acc_seg: 90.4801
2026/07/26 21:29:45 - mmengine - INFO - Iter(train) [100900/160000]  lr: 3.3022e-02  eta: 6:10:23  time: 0.3763  data_time: 0.0274  memory: 9886  loss: 0.9982  decode.loss_ohem: 0.6954  decode.acc_seg: 89.6299  aux_0.loss_ce: 0.3029  aux_0.acc_seg: 84.7944
2026/07/26 21:30:23 - mmengine - INFO - Exp name: dsanet_cityscapes_512x1024_20260726_105256
2026/07/26 21:30:23 - mmengine - INFO - Iter(train) [101000/160000]  lr: 3.2972e-02  eta: 6:09:46  time: 0.3767  data_time: 0.0284  memory: 9886  loss: 1.1065  decode.loss_ohem: 0.8089  decode.acc_seg: 93.5330  aux_0.loss_ce: 0.2976  aux_0.acc_seg: 90.6643
2026/07/26 21:31:01 - mmengine - INFO - Iter(train) [101100/160000]  lr: 3.2922e-02  eta: 6:09:08  time: 0.3764  data_time: 0.0285  memory: 9888  loss: 1.0217  decode.loss_ohem: 0.7218  decode.acc_seg: 91.7951  aux_0.loss_ce: 0.3000  aux_0.acc_seg: 88.0183
2026/07/26 21:31:38 - mmengine - INFO - Iter(train) [101200/160000]  lr: 3.2871e-02  eta: 6:08:31  time: 0.3769  data_time: 0.0286  memory: 9886  loss: 1.1238  decode.loss_ohem: 0.7995  decode.acc_seg: 92.1221  aux_0.loss_ce: 0.3243  aux_0.acc_seg: 87.4834
2026/07/26 21:32:16 - mmengine - INFO - Iter(train) [101300/160000]  lr: 3.2821e-02  eta: 6:07:53  time: 0.3767  data_time: 0.0282  memory: 9887  loss: 1.0982  decode.loss_ohem: 0.7576  decode.acc_seg: 89.7054  aux_0.loss_ce: 0.3406  aux_0.acc_seg: 84.0120
2026/07/26 21:32:54 - mmengine - INFO - Iter(train) [101400/160000]  lr: 3.2771e-02  eta: 6:07:16  time: 0.3782  data_time: 0.0285  memory: 9886  loss: 1.0370  decode.loss_ohem: 0.7202  decode.acc_seg: 90.5661  aux_0.loss_ce: 0.3168  aux_0.acc_seg: 87.2681
2026/07/26 21:33:32 - mmengine - INFO - Iter(train) [101500/160000]  lr: 3.2720e-02  eta: 6:06:38  time: 0.3774  data_time: 0.0285  memory: 9886  loss: 1.1845  decode.loss_ohem: 0.8398  decode.acc_seg: 86.8629  aux_0.loss_ce: 0.3448  aux_0.acc_seg: 83.2440
2026/07/26 21:34:09 - mmengine - INFO - Iter(train) [101600/160000]  lr: 3.2670e-02  eta: 6:06:01  time: 0.3779  data_time: 0.0289  memory: 9887  loss: 1.0586  decode.loss_ohem: 0.7483  decode.acc_seg: 89.2124  aux_0.loss_ce: 0.3103  aux_0.acc_seg: 83.0095
2026/07/26 21:34:47 - mmengine - INFO - Iter(train) [101700/160000]  lr: 3.2620e-02  eta: 6:05:23  time: 0.3762  data_time: 0.0279  memory: 9886  loss: 1.0388  decode.loss_ohem: 0.7308  decode.acc_seg: 92.2487  aux_0.loss_ce: 0.3080  aux_0.acc_seg: 87.7491
2026/07/26 21:35:25 - mmengine - INFO - Iter(train) [101800/160000]  lr: 3.2569e-02  eta: 6:04:46  time: 0.3777  data_time: 0.0286  memory: 9885  loss: 1.0841  decode.loss_ohem: 0.7536  decode.acc_seg: 90.3177  aux_0.loss_ce: 0.3305  aux_0.acc_seg: 86.3732
2026/07/26 21:36:02 - mmengine - INFO - Iter(train) [101900/160000]  lr: 3.2519e-02  eta: 6:04:08  time: 0.3756  data_time: 0.0275  memory: 9885  loss: 1.0086  decode.loss_ohem: 0.7332  decode.acc_seg: 93.4127  aux_0.loss_ce: 0.2753  aux_0.acc_seg: 91.7902
2026/07/26 21:36:40 - mmengine - INFO - Exp name: dsanet_cityscapes_512x1024_20260726_105256
2026/07/26 21:36:40 - mmengine - INFO - Iter(train) [102000/160000]  lr: 3.2469e-02  eta: 6:03:30  time: 0.3748  data_time: 0.0270  memory: 9884  loss: 1.0084  decode.loss_ohem: 0.7375  decode.acc_seg: 91.5114  aux_0.loss_ce: 0.2709  aux_0.acc_seg: 87.5416
2026/07/26 21:37:18 - mmengine - INFO - Iter(train) [102100/160000]  lr: 3.2418e-02  eta: 6:02:53  time: 0.3776  data_time: 0.0282  memory: 9888  loss: 1.0008  decode.loss_ohem: 0.6971  decode.acc_seg: 93.7104  aux_0.loss_ce: 0.3037  aux_0.acc_seg: 88.9762
2026/07/26 21:37:56 - mmengine - INFO - Iter(train) [102200/160000]  lr: 3.2368e-02  eta: 6:02:15  time: 0.3764  data_time: 0.0282  memory: 9885  loss: 1.0104  decode.loss_ohem: 0.7083  decode.acc_seg: 93.6460  aux_0.loss_ce: 0.3021  aux_0.acc_seg: 91.5738
2026/07/26 21:38:33 - mmengine - INFO - Iter(train) [102300/160000]  lr: 3.2318e-02  eta: 6:01:38  time: 0.3775  data_time: 0.0285  memory: 9886  loss: 1.0739  decode.loss_ohem: 0.7326  decode.acc_seg: 91.3839  aux_0.loss_ce: 0.3412  aux_0.acc_seg: 89.1036
2026/07/26 21:39:11 - mmengine - INFO - Iter(train) [102400/160000]  lr: 3.2267e-02  eta: 6:01:00  time: 0.3780  data_time: 0.0289  memory: 9886  loss: 1.0969  decode.loss_ohem: 0.7501  decode.acc_seg: 94.4877  aux_0.loss_ce: 0.3467  aux_0.acc_seg: 89.2475
2026/07/26 21:39:49 - mmengine - INFO - Iter(train) [102500/160000]  lr: 3.2217e-02  eta: 6:00:23  time: 0.3775  data_time: 0.0283  memory: 9887  loss: 1.1861  decode.loss_ohem: 0.8176  decode.acc_seg: 92.5625  aux_0.loss_ce: 0.3686  aux_0.acc_seg: 88.2542
2026/07/26 21:40:27 - mmengine - INFO - Iter(train) [102600/160000]  lr: 3.2166e-02  eta: 5:59:45  time: 0.3782  data_time: 0.0293  memory: 9886  loss: 1.0692  decode.loss_ohem: 0.7660  decode.acc_seg: 90.5237  aux_0.loss_ce: 0.3032  aux_0.acc_seg: 84.0982
2026/07/26 21:41:04 - mmengine - INFO - Iter(train) [102700/160000]  lr: 3.2116e-02  eta: 5:59:08  time: 0.3790  data_time: 0.0296  memory: 9888  loss: 1.0970  decode.loss_ohem: 0.7644  decode.acc_seg: 93.8055  aux_0.loss_ce: 0.3325  aux_0.acc_seg: 86.9843
2026/07/26 21:41:42 - mmengine - INFO - Iter(train) [102800/160000]  lr: 3.2066e-02  eta: 5:58:30  time: 0.3752  data_time: 0.0273  memory: 9885  loss: 1.0845  decode.loss_ohem: 0.7626  decode.acc_seg: 92.6378  aux_0.loss_ce: 0.3219  aux_0.acc_seg: 89.9915
2026/07/26 21:42:20 - mmengine - INFO - Iter(train) [102900/160000]  lr: 3.2015e-02  eta: 5:57:53  time: 0.3774  data_time: 0.0285  memory: 9886  loss: 1.0287  decode.loss_ohem: 0.7215  decode.acc_seg: 93.7327  aux_0.loss_ce: 0.3072  aux_0.acc_seg: 90.3480
2026/07/26 21:42:57 - mmengine - INFO - Exp name: dsanet_cityscapes_512x1024_20260726_105256
2026/07/26 21:42:57 - mmengine - INFO - Iter(train) [103000/160000]  lr: 3.1965e-02  eta: 5:57:15  time: 0.3764  data_time: 0.0279  memory: 9886  loss: 1.0698  decode.loss_ohem: 0.7366  decode.acc_seg: 90.1660  aux_0.loss_ce: 0.3332  aux_0.acc_seg: 87.3137
2026/07/26 21:43:35 - mmengine - INFO - Iter(train) [103100/160000]  lr: 3.1914e-02  eta: 5:56:37  time: 0.3757  data_time: 0.0275  memory: 9886  loss: 0.9823  decode.loss_ohem: 0.6877  decode.acc_seg: 91.1574  aux_0.loss_ce: 0.2946  aux_0.acc_seg: 83.8547
2026/07/26 21:44:13 - mmengine - INFO - Iter(train) [103200/160000]  lr: 3.1864e-02  eta: 5:56:00  time: 0.3796  data_time: 0.0296  memory: 9886  loss: 1.1291  decode.loss_ohem: 0.8018  decode.acc_seg: 93.0203  aux_0.loss_ce: 0.3273  aux_0.acc_seg: 90.1883
2026/07/26 21:44:51 - mmengine - INFO - Iter(train) [103300/160000]  lr: 3.1813e-02  eta: 5:55:22  time: 0.3762  data_time: 0.0285  memory: 9885  loss: 1.1177  decode.loss_ohem: 0.7829  decode.acc_seg: 93.6002  aux_0.loss_ce: 0.3348  aux_0.acc_seg: 89.0928
2026/07/26 21:45:28 - mmengine - INFO - Iter(train) [103400/160000]  lr: 3.1763e-02  eta: 5:54:45  time: 0.3775  data_time: 0.0289  memory: 9884  loss: 1.1840  decode.loss_ohem: 0.8185  decode.acc_seg: 92.1790  aux_0.loss_ce: 0.3655  aux_0.acc_seg: 87.9117
2026/07/26 21:46:06 - mmengine - INFO - Iter(train) [103500/160000]  lr: 3.1712e-02  eta: 5:54:07  time: 0.3758  data_time: 0.0278  memory: 9885  loss: 1.0896  decode.loss_ohem: 0.7646  decode.acc_seg: 92.4291  aux_0.loss_ce: 0.3250  aux_0.acc_seg: 90.2856
2026/07/26 21:46:44 - mmengine - INFO - Iter(train) [103600/160000]  lr: 3.1662e-02  eta: 5:53:30  time: 0.3770  data_time: 0.0290  memory: 9886  loss: 1.0676  decode.loss_ohem: 0.7362  decode.acc_seg: 91.3022  aux_0.loss_ce: 0.3314  aux_0.acc_seg: 84.3210
2026/07/26 21:47:21 - mmengine - INFO - Iter(train) [103700/160000]  lr: 3.1611e-02  eta: 5:52:52  time: 0.3774  data_time: 0.0285  memory: 9885  loss: 1.0199  decode.loss_ohem: 0.7148  decode.acc_seg: 92.1875  aux_0.loss_ce: 0.3051  aux_0.acc_seg: 85.5000
2026/07/26 21:47:59 - mmengine - INFO - Iter(train) [103800/160000]  lr: 3.1561e-02  eta: 5:52:14  time: 0.3795  data_time: 0.0297  memory: 9888  loss: 1.1083  decode.loss_ohem: 0.7609  decode.acc_seg: 92.2889  aux_0.loss_ce: 0.3474  aux_0.acc_seg: 88.5444
2026/07/26 21:48:37 - mmengine - INFO - Iter(train) [103900/160000]  lr: 3.1510e-02  eta: 5:51:37  time: 0.3773  data_time: 0.0282  memory: 9886  loss: 1.1263  decode.loss_ohem: 0.8133  decode.acc_seg: 93.6753  aux_0.loss_ce: 0.3129  aux_0.acc_seg: 89.4288
2026/07/26 21:49:15 - mmengine - INFO - Exp name: dsanet_cityscapes_512x1024_20260726_105256
2026/07/26 21:49:15 - mmengine - INFO - Iter(train) [104000/160000]  lr: 3.1460e-02  eta: 5:50:59  time: 0.3769  data_time: 0.0285  memory: 9888  loss: 1.2078  decode.loss_ohem: 0.7995  decode.acc_seg: 89.0267  aux_0.loss_ce: 0.4083  aux_0.acc_seg: 81.8666
2026/07/26 21:49:52 - mmengine - INFO - Iter(train) [104100/160000]  lr: 3.1409e-02  eta: 5:50:22  time: 0.3776  data_time: 0.0286  memory: 9886  loss: 1.1218  decode.loss_ohem: 0.7601  decode.acc_seg: 88.9808  aux_0.loss_ce: 0.3617  aux_0.acc_seg: 84.9142
2026/07/26 21:50:30 - mmengine - INFO - Iter(train) [104200/160000]  lr: 3.1359e-02  eta: 5:49:44  time: 0.3762  data_time: 0.0280  memory: 9887  loss: 1.0902  decode.loss_ohem: 0.7530  decode.acc_seg: 95.6365  aux_0.loss_ce: 0.3372  aux_0.acc_seg: 91.2648
2026/07/26 21:51:08 - mmengine - INFO - Iter(train) [104300/160000]  lr: 3.1308e-02  eta: 5:49:07  time: 0.3752  data_time: 0.0273  memory: 9886  loss: 1.0943  decode.loss_ohem: 0.7569  decode.acc_seg: 93.1246  aux_0.loss_ce: 0.3374  aux_0.acc_seg: 89.2134
2026/07/26 21:51:45 - mmengine - INFO - Iter(train) [104400/160000]  lr: 3.1257e-02  eta: 5:48:29  time: 0.3765  data_time: 0.0277  memory: 9886  loss: 1.0161  decode.loss_ohem: 0.6896  decode.acc_seg: 91.3548  aux_0.loss_ce: 0.3265  aux_0.acc_seg: 88.6651
2026/07/26 21:52:23 - mmengine - INFO - Iter(train) [104500/160000]  lr: 3.1207e-02  eta: 5:47:51  time: 0.3750  data_time: 0.0263  memory: 9886  loss: 0.9662  decode.loss_ohem: 0.6600  decode.acc_seg: 94.0404  aux_0.loss_ce: 0.3062  aux_0.acc_seg: 88.3196
2026/07/26 21:53:01 - mmengine - INFO - Iter(train) [104600/160000]  lr: 3.1156e-02  eta: 5:47:14  time: 0.3750  data_time: 0.0271  memory: 9887  loss: 1.1645  decode.loss_ohem: 0.8192  decode.acc_seg: 91.1023  aux_0.loss_ce: 0.3453  aux_0.acc_seg: 84.9796
2026/07/26 21:53:39 - mmengine - INFO - Iter(train) [104700/160000]  lr: 3.1106e-02  eta: 5:46:36  time: 0.3780  data_time: 0.0285  memory: 9886  loss: 1.0325  decode.loss_ohem: 0.6910  decode.acc_seg: 91.6456  aux_0.loss_ce: 0.3415  aux_0.acc_seg: 88.0044
2026/07/26 21:54:16 - mmengine - INFO - Iter(train) [104800/160000]  lr: 3.1055e-02  eta: 5:45:59  time: 0.3759  data_time: 0.0274  memory: 9886  loss: 1.1006  decode.loss_ohem: 0.7810  decode.acc_seg: 90.1034  aux_0.loss_ce: 0.3196  aux_0.acc_seg: 83.8609
2026/07/26 21:54:54 - mmengine - INFO - Iter(train) [104900/160000]  lr: 3.1004e-02  eta: 5:45:21  time: 0.3744  data_time: 0.0265  memory: 9888  loss: 1.0414  decode.loss_ohem: 0.6910  decode.acc_seg: 95.6353  aux_0.loss_ce: 0.3504  aux_0.acc_seg: 92.6293
2026/07/26 21:55:32 - mmengine - INFO - Exp name: dsanet_cityscapes_512x1024_20260726_105256
2026/07/26 21:55:32 - mmengine - INFO - Iter(train) [105000/160000]  lr: 3.0954e-02  eta: 5:44:44  time: 0.3759  data_time: 0.0276  memory: 9886  loss: 1.1045  decode.loss_ohem: 0.7631  decode.acc_seg: 89.4382  aux_0.loss_ce: 0.3413  aux_0.acc_seg: 86.2727
2026/07/26 21:55:32 - mmengine - INFO - Saving checkpoint at 105000 iterations
2026/07/26 21:55:37 - mmengine - INFO - Iter(val) [100/250]    eta: 0:00:07  time: 0.0472  data_time: 0.0096  memory: 729  
2026/07/26 21:55:42 - mmengine - INFO - Iter(val) [200/250]    eta: 0:00:02  time: 0.0476  data_time: 0.0096  memory: 729  
2026/07/26 21:55:44 - mmengine - INFO - per class results:
2026/07/26 21:55:44 - mmengine - INFO - 
+---------------+-------+-------+
|     Class     |  IoU  |  Acc  |
+---------------+-------+-------+
|      road     | 97.69 | 98.79 |
|    sidewalk   | 82.05 | 89.71 |
|    building   | 90.09 |  94.6 |
|      wall     | 46.05 | 52.15 |
|     fence     | 54.57 | 69.76 |
|      pole     | 56.91 | 72.19 |
| traffic light | 57.28 | 71.82 |
|  traffic sign | 68.49 | 79.78 |
|   vegetation  | 90.57 | 95.86 |
|    terrain    | 58.18 | 73.18 |
|      sky      |  92.2 | 97.32 |
|     person    | 75.03 | 83.71 |
|     rider     | 52.22 | 76.81 |
|      car      | 92.16 | 97.17 |
|     truck     | 52.44 | 56.32 |
|      bus      | 72.34 | 83.58 |
|     train     | 58.29 | 79.54 |
|   motorcycle  |  47.1 | 64.09 |
|    bicycle    | 68.41 | 83.69 |
+---------------+-------+-------+
2026/07/26 21:55:44 - mmengine - INFO - Iter(val) [250/250]    aAcc: 94.7600  mIoU: 69.0600  mAcc: 80.0000  data_time: 0.0105  time: 0.0485
2026/07/26 21:55:44 - mmengine - INFO - The previous best checkpoint /root/autodl-tmp/DSANet-main/tools/work_dirs/dsanet_cityscapes_512x1024/best_mIoU_iter_95000.pth is removed
2026/07/26 21:55:45 - mmengine - INFO - The best checkpoint with 69.0600 mIoU at 105000 iter is saved to best_mIoU_iter_105000.pth.
2026/07/26 21:56:23 - mmengine - INFO - Iter(train) [105100/160000]  lr: 3.0903e-02  eta: 5:44:07  time: 0.3773  data_time: 0.0291  memory: 9886  loss: 1.1167  decode.loss_ohem: 0.7862  decode.acc_seg: 93.2322  aux_0.loss_ce: 0.3305  aux_0.acc_seg: 86.7229
2026/07/26 21:57:01 - mmengine - INFO - Iter(train) [105200/160000]  lr: 3.0852e-02  eta: 5:43:29  time: 0.3764  data_time: 0.0281  memory: 9887  loss: 1.0192  decode.loss_ohem: 0.7109  decode.acc_seg: 89.7325  aux_0.loss_ce: 0.3083  aux_0.acc_seg: 85.6312
2026/07/26 21:57:38 - mmengine - INFO - Iter(train) [105300/160000]  lr: 3.0802e-02  eta: 5:42:51  time: 0.3778  data_time: 0.0292  memory: 9885  loss: 1.0685  decode.loss_ohem: 0.7328  decode.acc_seg: 93.3472  aux_0.loss_ce: 0.3357  aux_0.acc_seg: 87.9430
2026/07/26 21:58:16 - mmengine - INFO - Iter(train) [105400/160000]  lr: 3.0751e-02  eta: 5:42:14  time: 0.3786  data_time: 0.0288  memory: 9885  loss: 1.0563  decode.loss_ohem: 0.7347  decode.acc_seg: 93.4818  aux_0.loss_ce: 0.3216  aux_0.acc_seg: 88.6017
2026/07/26 21:58:54 - mmengine - INFO - Iter(train) [105500/160000]  lr: 3.0700e-02  eta: 5:41:36  time: 0.3777  data_time: 0.0288  memory: 9887  loss: 1.0689  decode.loss_ohem: 0.7506  decode.acc_seg: 93.5940  aux_0.loss_ce: 0.3183  aux_0.acc_seg: 89.8803
2026/07/26 21:59:32 - mmengine - INFO - Iter(train) [105600/160000]  lr: 3.0650e-02  eta: 5:40:59  time: 0.3768  data_time: 0.0288  memory: 9886  loss: 0.9654  decode.loss_ohem: 0.6483  decode.acc_seg: 91.0731  aux_0.loss_ce: 0.3171  aux_0.acc_seg: 89.2590
2026/07/26 22:00:09 - mmengine - INFO - Iter(train) [105700/160000]  lr: 3.0599e-02  eta: 5:40:21  time: 0.3766  data_time: 0.0288  memory: 9885  loss: 0.9958  decode.loss_ohem: 0.6920  decode.acc_seg: 91.8989  aux_0.loss_ce: 0.3038  aux_0.acc_seg: 87.4326
2026/07/26 22:00:47 - mmengine - INFO - Iter(train) [105800/160000]  lr: 3.0548e-02  eta: 5:39:44  time: 0.3772  data_time: 0.0278  memory: 9886  loss: 1.0699  decode.loss_ohem: 0.7563  decode.acc_seg: 93.1570  aux_0.loss_ce: 0.3136  aux_0.acc_seg: 89.5338
2026/07/26 22:01:25 - mmengine - INFO - Iter(train) [105900/160000]  lr: 3.0498e-02  eta: 5:39:06  time: 0.3763  data_time: 0.0282  memory: 9886  loss: 1.0870  decode.loss_ohem: 0.7870  decode.acc_seg: 92.5900  aux_0.loss_ce: 0.3000  aux_0.acc_seg: 88.9903
2026/07/26 22:02:03 - mmengine - INFO - Exp name: dsanet_cityscapes_512x1024_20260726_105256
2026/07/26 22:02:03 - mmengine - INFO - Iter(train) [106000/160000]  lr: 3.0447e-02  eta: 5:38:29  time: 0.3783  data_time: 0.0284  memory: 9888  loss: 1.0457  decode.loss_ohem: 0.7038  decode.acc_seg: 93.5925  aux_0.loss_ce: 0.3419  aux_0.acc_seg: 87.3089
2026/07/26 22:02:40 - mmengine - INFO - Iter(train) [106100/160000]  lr: 3.0396e-02  eta: 5:37:51  time: 0.3781  data_time: 0.0293  memory: 9886  loss: 1.1852  decode.loss_ohem: 0.8247  decode.acc_seg: 90.7482  aux_0.loss_ce: 0.3605  aux_0.acc_seg: 83.0316
2026/07/26 22:03:18 - mmengine - INFO - Iter(train) [106200/160000]  lr: 3.0345e-02  eta: 5:37:14  time: 0.3775  data_time: 0.0283  memory: 9885  loss: 1.0487  decode.loss_ohem: 0.7137  decode.acc_seg: 92.4838  aux_0.loss_ce: 0.3350  aux_0.acc_seg: 86.8079
2026/07/26 22:03:56 - mmengine - INFO - Iter(train) [106300/160000]  lr: 3.0295e-02  eta: 5:36:36  time: 0.3783  data_time: 0.0287  memory: 9885  loss: 1.0648  decode.loss_ohem: 0.7100  decode.acc_seg: 92.4917  aux_0.loss_ce: 0.3548  aux_0.acc_seg: 89.0670
2026/07/26 22:04:33 - mmengine - INFO - Iter(train) [106400/160000]  lr: 3.0244e-02  eta: 5:35:58  time: 0.3757  data_time: 0.0276  memory: 9885  loss: 0.9939  decode.loss_ohem: 0.7194  decode.acc_seg: 92.8483  aux_0.loss_ce: 0.2745  aux_0.acc_seg: 89.0332
2026/07/26 22:05:11 - mmengine - INFO - Iter(train) [106500/160000]  lr: 3.0193e-02  eta: 5:35:21  time: 0.3780  data_time: 0.0292  memory: 9887  loss: 0.9901  decode.loss_ohem: 0.7011  decode.acc_seg: 90.7523  aux_0.loss_ce: 0.2891  aux_0.acc_seg: 84.5036
2026/07/26 22:05:49 - mmengine - INFO - Iter(train) [106600/160000]  lr: 3.0142e-02  eta: 5:34:43  time: 0.3764  data_time: 0.0283  memory: 9884  loss: 1.0416  decode.loss_ohem: 0.7545  decode.acc_seg: 93.2365  aux_0.loss_ce: 0.2872  aux_0.acc_seg: 89.1325
2026/07/26 22:06:27 - mmengine - INFO - Iter(train) [106700/160000]  lr: 3.0092e-02  eta: 5:34:06  time: 0.3776  data_time: 0.0284  memory: 9885  loss: 1.0324  decode.loss_ohem: 0.7030  decode.acc_seg: 90.7446  aux_0.loss_ce: 0.3294  aux_0.acc_seg: 86.9891
2026/07/26 22:07:04 - mmengine - INFO - Iter(train) [106800/160000]  lr: 3.0041e-02  eta: 5:33:28  time: 0.3760  data_time: 0.0282  memory: 9885  loss: 1.1050  decode.loss_ohem: 0.7718  decode.acc_seg: 91.6934  aux_0.loss_ce: 0.3332  aux_0.acc_seg: 85.3577
2026/07/26 22:07:42 - mmengine - INFO - Iter(train) [106900/160000]  lr: 2.9990e-02  eta: 5:32:51  time: 0.3766  data_time: 0.0287  memory: 9885  loss: 1.0150  decode.loss_ohem: 0.7099  decode.acc_seg: 93.2673  aux_0.loss_ce: 0.3051  aux_0.acc_seg: 88.5330
2026/07/26 22:08:20 - mmengine - INFO - Exp name: dsanet_cityscapes_512x1024_20260726_105256
2026/07/26 22:08:20 - mmengine - INFO - Iter(train) [107000/160000]  lr: 2.9939e-02  eta: 5:32:13  time: 0.3763  data_time: 0.0282  memory: 9885  loss: 1.0093  decode.loss_ohem: 0.6969  decode.acc_seg: 93.2441  aux_0.loss_ce: 0.3125  aux_0.acc_seg: 90.4375
2026/07/26 22:08:58 - mmengine - INFO - Iter(train) [107100/160000]  lr: 2.9888e-02  eta: 5:31:35  time: 0.3780  data_time: 0.0296  memory: 9888  loss: 1.0695  decode.loss_ohem: 0.7396  decode.acc_seg: 91.7372  aux_0.loss_ce: 0.3299  aux_0.acc_seg: 86.1793
2026/07/26 22:09:35 - mmengine - INFO - Iter(train) [107200/160000]  lr: 2.9838e-02  eta: 5:30:58  time: 0.3760  data_time: 0.0277  memory: 9886  loss: 1.0642  decode.loss_ohem: 0.7424  decode.acc_seg: 94.8706  aux_0.loss_ce: 0.3218  aux_0.acc_seg: 92.5413
2026/07/26 22:10:13 - mmengine - INFO - Iter(train) [107300/160000]  lr: 2.9787e-02  eta: 5:30:20  time: 0.3774  data_time: 0.0288  memory: 9889  loss: 1.0175  decode.loss_ohem: 0.7167  decode.acc_seg: 91.1377  aux_0.loss_ce: 0.3007  aux_0.acc_seg: 84.6943
2026/07/26 22:10:51 - mmengine - INFO - Iter(train) [107400/160000]  lr: 2.9736e-02  eta: 5:29:43  time: 0.3760  data_time: 0.0279  memory: 9885  loss: 1.0230  decode.loss_ohem: 0.7307  decode.acc_seg: 93.6726  aux_0.loss_ce: 0.2923  aux_0.acc_seg: 89.2651
2026/07/26 22:11:28 - mmengine - INFO - Iter(train) [107500/160000]  lr: 2.9685e-02  eta: 5:29:05  time: 0.3761  data_time: 0.0279  memory: 9886  loss: 1.0453  decode.loss_ohem: 0.7402  decode.acc_seg: 92.2343  aux_0.loss_ce: 0.3052  aux_0.acc_seg: 88.2443
2026/07/26 22:12:06 - mmengine - INFO - Iter(train) [107600/160000]  lr: 2.9634e-02  eta: 5:28:28  time: 0.3757  data_time: 0.0279  memory: 9885  loss: 1.1162  decode.loss_ohem: 0.7661  decode.acc_seg: 92.2643  aux_0.loss_ce: 0.3501  aux_0.acc_seg: 88.4084
2026/07/26 22:12:44 - mmengine - INFO - Iter(train) [107700/160000]  lr: 2.9583e-02  eta: 5:27:50  time: 0.3759  data_time: 0.0274  memory: 9888  loss: 1.0322  decode.loss_ohem: 0.7024  decode.acc_seg: 93.7650  aux_0.loss_ce: 0.3298  aux_0.acc_seg: 88.3795
2026/07/26 22:13:21 - mmengine - INFO - Iter(train) [107800/160000]  lr: 2.9532e-02  eta: 5:27:12  time: 0.3753  data_time: 0.0273  memory: 9885  loss: 1.1098  decode.loss_ohem: 0.7782  decode.acc_seg: 91.6582  aux_0.loss_ce: 0.3316  aux_0.acc_seg: 86.2528
2026/07/26 22:13:59 - mmengine - INFO - Iter(train) [107900/160000]  lr: 2.9481e-02  eta: 5:26:35  time: 0.3757  data_time: 0.0278  memory: 9887  loss: 1.0373  decode.loss_ohem: 0.7411  decode.acc_seg: 92.0431  aux_0.loss_ce: 0.2962  aux_0.acc_seg: 89.1628
2026/07/26 22:14:37 - mmengine - INFO - Exp name: dsanet_cityscapes_512x1024_20260726_105256
2026/07/26 22:14:37 - mmengine - INFO - Iter(train) [108000/160000]  lr: 2.9430e-02  eta: 5:25:57  time: 0.3766  data_time: 0.0282  memory: 9885  loss: 1.0560  decode.loss_ohem: 0.7249  decode.acc_seg: 93.6962  aux_0.loss_ce: 0.3311  aux_0.acc_seg: 89.8866
2026/07/26 22:15:14 - mmengine - INFO - Iter(train) [108100/160000]  lr: 2.9380e-02  eta: 5:25:20  time: 0.3762  data_time: 0.0280  memory: 9885  loss: 0.9714  decode.loss_ohem: 0.6834  decode.acc_seg: 92.7109  aux_0.loss_ce: 0.2881  aux_0.acc_seg: 88.5958
2026/07/26 22:15:52 - mmengine - INFO - Iter(train) [108200/160000]  lr: 2.9329e-02  eta: 5:24:42  time: 0.3756  data_time: 0.0277  memory: 9886  loss: 1.0369  decode.loss_ohem: 0.7286  decode.acc_seg: 91.4103  aux_0.loss_ce: 0.3083  aux_0.acc_seg: 87.5450
2026/07/26 22:16:30 - mmengine - INFO - Iter(train) [108300/160000]  lr: 2.9278e-02  eta: 5:24:04  time: 0.3755  data_time: 0.0275  memory: 9885  loss: 1.1155  decode.loss_ohem: 0.7493  decode.acc_seg: 91.8447  aux_0.loss_ce: 0.3662  aux_0.acc_seg: 86.1213
2026/07/26 22:17:07 - mmengine - INFO - Iter(train) [108400/160000]  lr: 2.9227e-02  eta: 5:23:27  time: 0.3767  data_time: 0.0279  memory: 9886  loss: 1.0546  decode.loss_ohem: 0.7299  decode.acc_seg: 91.4826  aux_0.loss_ce: 0.3247  aux_0.acc_seg: 86.3967
2026/07/26 22:17:45 - mmengine - INFO - Iter(train) [108500/160000]  lr: 2.9176e-02  eta: 5:22:49  time: 0.3767  data_time: 0.0284  memory: 9885  loss: 1.0129  decode.loss_ohem: 0.7180  decode.acc_seg: 92.7757  aux_0.loss_ce: 0.2949  aux_0.acc_seg: 87.6175
2026/07/26 22:18:23 - mmengine - INFO - Iter(train) [108600/160000]  lr: 2.9125e-02  eta: 5:22:12  time: 0.3760  data_time: 0.0274  memory: 9886  loss: 1.1609  decode.loss_ohem: 0.8164  decode.acc_seg: 86.9371  aux_0.loss_ce: 0.3445  aux_0.acc_seg: 80.4564
2026/07/26 22:19:00 - mmengine - INFO - Iter(train) [108700/160000]  lr: 2.9074e-02  eta: 5:21:34  time: 0.3754  data_time: 0.0276  memory: 9888  loss: 1.0161  decode.loss_ohem: 0.7174  decode.acc_seg: 92.4841  aux_0.loss_ce: 0.2987  aux_0.acc_seg: 89.1029
2026/07/26 22:19:38 - mmengine - INFO - Iter(train) [108800/160000]  lr: 2.9023e-02  eta: 5:20:56  time: 0.3779  data_time: 0.0285  memory: 9886  loss: 1.0041  decode.loss_ohem: 0.7125  decode.acc_seg: 92.0272  aux_0.loss_ce: 0.2916  aux_0.acc_seg: 84.4772
2026/07/26 22:20:16 - mmengine - INFO - Iter(train) [108900/160000]  lr: 2.8972e-02  eta: 5:20:19  time: 0.3763  data_time: 0.0288  memory: 9888  loss: 0.9576  decode.loss_ohem: 0.6850  decode.acc_seg: 93.4453  aux_0.loss_ce: 0.2726  aux_0.acc_seg: 90.2453
2026/07/26 22:20:53 - mmengine - INFO - Exp name: dsanet_cityscapes_512x1024_20260726_105256
2026/07/26 22:20:53 - mmengine - INFO - Iter(train) [109000/160000]  lr: 2.8921e-02  eta: 5:19:41  time: 0.3765  data_time: 0.0290  memory: 9885  loss: 1.0799  decode.loss_ohem: 0.7624  decode.acc_seg: 92.4278  aux_0.loss_ce: 0.3175  aux_0.acc_seg: 89.0312
2026/07/26 22:21:31 - mmengine - INFO - Iter(train) [109100/160000]  lr: 2.8870e-02  eta: 5:19:04  time: 0.3770  data_time: 0.0287  memory: 9886  loss: 1.0798  decode.loss_ohem: 0.7632  decode.acc_seg: 91.2938  aux_0.loss_ce: 0.3166  aux_0.acc_seg: 88.3970
2026/07/26 22:22:09 - mmengine - INFO - Iter(train) [109200/160000]  lr: 2.8819e-02  eta: 5:18:26  time: 0.3772  data_time: 0.0286  memory: 9886  loss: 1.0288  decode.loss_ohem: 0.7088  decode.acc_seg: 92.5407  aux_0.loss_ce: 0.3200  aux_0.acc_seg: 88.4043
2026/07/26 22:22:46 - mmengine - INFO - Iter(train) [109300/160000]  lr: 2.8768e-02  eta: 5:17:48  time: 0.3760  data_time: 0.0278  memory: 9886  loss: 1.2325  decode.loss_ohem: 0.8597  decode.acc_seg: 92.7207  aux_0.loss_ce: 0.3727  aux_0.acc_seg: 90.3628
2026/07/26 22:23:24 - mmengine - INFO - Iter(train) [109400/160000]  lr: 2.8717e-02  eta: 5:17:11  time: 0.3754  data_time: 0.0274  memory: 9886  loss: 1.0770  decode.loss_ohem: 0.7534  decode.acc_seg: 92.2955  aux_0.loss_ce: 0.3237  aux_0.acc_seg: 85.9024
2026/07/26 22:24:02 - mmengine - INFO - Iter(train) [109500/160000]  lr: 2.8666e-02  eta: 5:16:33  time: 0.3768  data_time: 0.0282  memory: 9886  loss: 1.0154  decode.loss_ohem: 0.7070  decode.acc_seg: 92.9928  aux_0.loss_ce: 0.3084  aux_0.acc_seg: 90.8062
2026/07/26 22:24:40 - mmengine - INFO - Iter(train) [109600/160000]  lr: 2.8614e-02  eta: 5:15:56  time: 0.3763  data_time: 0.0275  memory: 9885  loss: 1.0729  decode.loss_ohem: 0.7365  decode.acc_seg: 92.9471  aux_0.loss_ce: 0.3364  aux_0.acc_seg: 83.0566
2026/07/26 22:25:17 - mmengine - INFO - Iter(train) [109700/160000]  lr: 2.8563e-02  eta: 5:15:18  time: 0.3768  data_time: 0.0285  memory: 9885  loss: 1.1351  decode.loss_ohem: 0.7939  decode.acc_seg: 92.7696  aux_0.loss_ce: 0.3412  aux_0.acc_seg: 88.7703
2026/07/26 22:25:55 - mmengine - INFO - Iter(train) [109800/160000]  lr: 2.8512e-02  eta: 5:14:40  time: 0.3748  data_time: 0.0273  memory: 9885  loss: 1.0648  decode.loss_ohem: 0.7492  decode.acc_seg: 92.8529  aux_0.loss_ce: 0.3156  aux_0.acc_seg: 88.2767
2026/07/26 22:26:33 - mmengine - INFO - Iter(train) [109900/160000]  lr: 2.8461e-02  eta: 5:14:03  time: 0.3777  data_time: 0.0285  memory: 9886  loss: 1.1092  decode.loss_ohem: 0.7911  decode.acc_seg: 86.1368  aux_0.loss_ce: 0.3181  aux_0.acc_seg: 83.2663
2026/07/26 22:27:10 - mmengine - INFO - Exp name: dsanet_cityscapes_512x1024_20260726_105256
2026/07/26 22:27:10 - mmengine - INFO - Iter(train) [110000/160000]  lr: 2.8410e-02  eta: 5:13:25  time: 0.3760  data_time: 0.0273  memory: 9886  loss: 1.0748  decode.loss_ohem: 0.7584  decode.acc_seg: 93.1529  aux_0.loss_ce: 0.3164  aux_0.acc_seg: 90.3580
2026/07/26 22:27:10 - mmengine - INFO - Saving checkpoint at 110000 iterations
2026/07/26 22:27:16 - mmengine - INFO - Iter(val) [100/250]    eta: 0:00:07  time: 0.0471  data_time: 0.0092  memory: 729  
2026/07/26 22:27:20 - mmengine - INFO - Iter(val) [200/250]    eta: 0:00:02  time: 0.0473  data_time: 0.0094  memory: 729  
2026/07/26 22:27:23 - mmengine - INFO - per class results:
2026/07/26 22:27:23 - mmengine - INFO - 
+---------------+-------+-------+
|     Class     |  IoU  |  Acc  |
+---------------+-------+-------+
|      road     | 97.28 | 98.99 |
|    sidewalk   | 79.42 | 85.33 |
|    building   | 89.82 | 93.57 |
|      wall     | 46.78 | 52.75 |
|     fence     | 54.21 | 69.84 |
|      pole     |  56.6 | 77.43 |
| traffic light | 55.53 | 64.96 |
|  traffic sign | 68.37 | 78.91 |
|   vegetation  | 90.58 | 95.64 |
|    terrain    |  58.0 | 78.81 |
|      sky      | 92.97 | 97.52 |
|     person    | 74.74 | 89.64 |
|     rider     | 51.61 | 65.16 |
|      car      | 92.67 | 97.16 |
|     truck     | 52.36 | 75.16 |
|      bus      | 76.33 | 84.82 |
|     train     | 62.11 | 83.79 |
|   motorcycle  | 51.96 | 61.07 |
|    bicycle    | 69.88 | 84.07 |
+---------------+-------+-------+
2026/07/26 22:27:23 - mmengine - INFO - Iter(val) [250/250]    aAcc: 94.5800  mIoU: 69.5400  mAcc: 80.7700  data_time: 0.0105  time: 0.0483
2026/07/26 22:27:23 - mmengine - INFO - The previous best checkpoint /root/autodl-tmp/DSANet-main/tools/work_dirs/dsanet_cityscapes_512x1024/best_mIoU_iter_105000.pth is removed
2026/07/26 22:27:23 - mmengine - INFO - The best checkpoint with 69.5400 mIoU at 110000 iter is saved to best_mIoU_iter_110000.pth.
2026/07/26 22:28:01 - mmengine - INFO - Iter(train) [110100/160000]  lr: 2.8359e-02  eta: 5:12:48  time: 0.3761  data_time: 0.0279  memory: 9886  loss: 1.0512  decode.loss_ohem: 0.7122  decode.acc_seg: 92.0509  aux_0.loss_ce: 0.3390  aux_0.acc_seg: 87.4749
2026/07/26 22:28:39 - mmengine - INFO - Iter(train) [110200/160000]  lr: 2.8308e-02  eta: 5:12:10  time: 0.3743  data_time: 0.0271  memory: 9885  loss: 1.0638  decode.loss_ohem: 0.7487  decode.acc_seg: 91.4150  aux_0.loss_ce: 0.3151  aux_0.acc_seg: 87.3521
2026/07/26 22:29:16 - mmengine - INFO - Iter(train) [110300/160000]  lr: 2.8257e-02  eta: 5:11:33  time: 0.3755  data_time: 0.0273  memory: 9887  loss: 1.1084  decode.loss_ohem: 0.7786  decode.acc_seg: 89.4714  aux_0.loss_ce: 0.3298  aux_0.acc_seg: 84.1777
2026/07/26 22:29:54 - mmengine - INFO - Iter(train) [110400/160000]  lr: 2.8206e-02  eta: 5:10:55  time: 0.3732  data_time: 0.0268  memory: 9886  loss: 0.9748  decode.loss_ohem: 0.6653  decode.acc_seg: 94.5613  aux_0.loss_ce: 0.3095  aux_0.acc_seg: 86.3297
2026/07/26 22:30:31 - mmengine - INFO - Iter(train) [110500/160000]  lr: 2.8154e-02  eta: 5:10:17  time: 0.3726  data_time: 0.0266  memory: 9885  loss: 1.0369  decode.loss_ohem: 0.7312  decode.acc_seg: 91.9935  aux_0.loss_ce: 0.3056  aux_0.acc_seg: 88.5848
2026/07/26 22:31:09 - mmengine - INFO - Iter(train) [110600/160000]  lr: 2.8103e-02  eta: 5:09:40  time: 0.3734  data_time: 0.0262  memory: 9887  loss: 1.1308  decode.loss_ohem: 0.7921  decode.acc_seg: 93.1174  aux_0.loss_ce: 0.3388  aux_0.acc_seg: 88.9908
2026/07/26 22:31:46 - mmengine - INFO - Iter(train) [110700/160000]  lr: 2.8052e-02  eta: 5:09:02  time: 0.3765  data_time: 0.0282  memory: 9885  loss: 1.0822  decode.loss_ohem: 0.7460  decode.acc_seg: 92.1938  aux_0.loss_ce: 0.3362  aux_0.acc_seg: 84.5239
2026/07/26 22:32:24 - mmengine - INFO - Iter(train) [110800/160000]  lr: 2.8001e-02  eta: 5:08:24  time: 0.3759  data_time: 0.0277  memory: 9886  loss: 1.0068  decode.loss_ohem: 0.6965  decode.acc_seg: 94.3187  aux_0.loss_ce: 0.3102  aux_0.acc_seg: 90.0876
2026/07/26 22:33:01 - mmengine - INFO - Iter(train) [110900/160000]  lr: 2.7950e-02  eta: 5:07:47  time: 0.3751  data_time: 0.0271  memory: 9886  loss: 1.0188  decode.loss_ohem: 0.7286  decode.acc_seg: 92.7019  aux_0.loss_ce: 0.2902  aux_0.acc_seg: 87.8784
2026/07/26 22:33:39 - mmengine - INFO - Exp name: dsanet_cityscapes_512x1024_20260726_105256
2026/07/26 22:33:39 - mmengine - INFO - Iter(train) [111000/160000]  lr: 2.7898e-02  eta: 5:07:09  time: 0.3764  data_time: 0.0281  memory: 9887  loss: 1.0488  decode.loss_ohem: 0.7277  decode.acc_seg: 92.6503  aux_0.loss_ce: 0.3211  aux_0.acc_seg: 88.2847
2026/07/26 22:34:16 - mmengine - INFO - Iter(train) [111100/160000]  lr: 2.7847e-02  eta: 5:06:31  time: 0.3751  data_time: 0.0271  memory: 9886  loss: 1.0663  decode.loss_ohem: 0.7098  decode.acc_seg: 90.0640  aux_0.loss_ce: 0.3565  aux_0.acc_seg: 80.2958
2026/07/26 22:34:54 - mmengine - INFO - Iter(train) [111200/160000]  lr: 2.7796e-02  eta: 5:05:54  time: 0.3747  data_time: 0.0270  memory: 9887  loss: 1.0794  decode.loss_ohem: 0.7495  decode.acc_seg: 89.2028  aux_0.loss_ce: 0.3299  aux_0.acc_seg: 85.7069
2026/07/26 22:35:31 - mmengine - INFO - Iter(train) [111300/160000]  lr: 2.7745e-02  eta: 5:05:16  time: 0.3752  data_time: 0.0278  memory: 9885  loss: 1.0163  decode.loss_ohem: 0.6963  decode.acc_seg: 88.6939  aux_0.loss_ce: 0.3200  aux_0.acc_seg: 83.8334
2026/07/26 22:36:09 - mmengine - INFO - Iter(train) [111400/160000]  lr: 2.7693e-02  eta: 5:04:38  time: 0.3754  data_time: 0.0278  memory: 9886  loss: 0.9621  decode.loss_ohem: 0.6776  decode.acc_seg: 94.4364  aux_0.loss_ce: 0.2845  aux_0.acc_seg: 88.1310
2026/07/26 22:36:47 - mmengine - INFO - Iter(train) [111500/160000]  lr: 2.7642e-02  eta: 5:04:01  time: 0.3744  data_time: 0.0271  memory: 9884  loss: 1.0053  decode.loss_ohem: 0.7132  decode.acc_seg: 90.4623  aux_0.loss_ce: 0.2921  aux_0.acc_seg: 86.5525
2026/07/26 22:37:24 - mmengine - INFO - Iter(train) [111600/160000]  lr: 2.7591e-02  eta: 5:03:23  time: 0.3737  data_time: 0.0267  memory: 9884  loss: 1.0124  decode.loss_ohem: 0.7291  decode.acc_seg: 93.4204  aux_0.loss_ce: 0.2833  aux_0.acc_seg: 89.7853
2026/07/26 22:38:01 - mmengine - INFO - Iter(train) [111700/160000]  lr: 2.7540e-02  eta: 5:02:45  time: 0.3754  data_time: 0.0275  memory: 9884  loss: 1.0003  decode.loss_ohem: 0.7123  decode.acc_seg: 94.2674  aux_0.loss_ce: 0.2880  aux_0.acc_seg: 91.4707
2026/07/26 22:38:39 - mmengine - INFO - Iter(train) [111800/160000]  lr: 2.7488e-02  eta: 5:02:08  time: 0.3756  data_time: 0.0277  memory: 9887  loss: 1.0543  decode.loss_ohem: 0.7323  decode.acc_seg: 89.5359  aux_0.loss_ce: 0.3220  aux_0.acc_seg: 84.6762
2026/07/26 22:39:17 - mmengine - INFO - Iter(train) [111900/160000]  lr: 2.7437e-02  eta: 5:01:30  time: 0.3737  data_time: 0.0269  memory: 9885  loss: 1.0277  decode.loss_ohem: 0.7418  decode.acc_seg: 93.0233  aux_0.loss_ce: 0.2859  aux_0.acc_seg: 89.6067
2026/07/26 22:39:54 - mmengine - INFO - Exp name: dsanet_cityscapes_512x1024_20260726_105256
2026/07/26 22:39:54 - mmengine - INFO - Iter(train) [112000/160000]  lr: 2.7386e-02  eta: 5:00:52  time: 0.3738  data_time: 0.0264  memory: 9884  loss: 1.0046  decode.loss_ohem: 0.7314  decode.acc_seg: 92.0595  aux_0.loss_ce: 0.2732  aux_0.acc_seg: 88.8317
2026/07/26 22:40:32 - mmengine - INFO - Iter(train) [112100/160000]  lr: 2.7334e-02  eta: 5:00:15  time: 0.3773  data_time: 0.0294  memory: 9884  loss: 1.0332  decode.loss_ohem: 0.7380  decode.acc_seg: 93.0767  aux_0.loss_ce: 0.2951  aux_0.acc_seg: 90.1976
2026/07/26 22:41:09 - mmengine - INFO - Iter(train) [112200/160000]  lr: 2.7283e-02  eta: 4:59:37  time: 0.3749  data_time: 0.0268  memory: 9885  loss: 1.1276  decode.loss_ohem: 0.7945  decode.acc_seg: 93.9158  aux_0.loss_ce: 0.3331  aux_0.acc_seg: 90.8641
2026/07/26 22:41:47 - mmengine - INFO - Iter(train) [112300/160000]  lr: 2.7232e-02  eta: 4:58:59  time: 0.3760  data_time: 0.0269  memory: 9886  loss: 1.0385  decode.loss_ohem: 0.7037  decode.acc_seg: 92.3018  aux_0.loss_ce: 0.3348  aux_0.acc_seg: 86.7131
2026/07/26 22:42:24 - mmengine - INFO - Iter(train) [112400/160000]  lr: 2.7180e-02  eta: 4:58:22  time: 0.3755  data_time: 0.0275  memory: 9887  loss: 0.9920  decode.loss_ohem: 0.7119  decode.acc_seg: 93.4767  aux_0.loss_ce: 0.2801  aux_0.acc_seg: 90.8373
2026/07/26 22:43:02 - mmengine - INFO - Iter(train) [112500/160000]  lr: 2.7129e-02  eta: 4:57:44  time: 0.3755  data_time: 0.0277  memory: 9886  loss: 1.0161  decode.loss_ohem: 0.7020  decode.acc_seg: 92.8720  aux_0.loss_ce: 0.3141  aux_0.acc_seg: 86.7405
2026/07/26 22:43:39 - mmengine - INFO - Iter(train) [112600/160000]  lr: 2.7077e-02  eta: 4:57:07  time: 0.3758  data_time: 0.0280  memory: 9885  loss: 1.0495  decode.loss_ohem: 0.7217  decode.acc_seg: 94.4275  aux_0.loss_ce: 0.3277  aux_0.acc_seg: 88.7377
2026/07/26 22:44:17 - mmengine - INFO - Iter(train) [112700/160000]  lr: 2.7026e-02  eta: 4:56:29  time: 0.3746  data_time: 0.0278  memory: 9886  loss: 0.9840  decode.loss_ohem: 0.6894  decode.acc_seg: 91.1615  aux_0.loss_ce: 0.2945  aux_0.acc_seg: 87.9180
2026/07/26 22:44:55 - mmengine - INFO - Iter(train) [112800/160000]  lr: 2.6975e-02  eta: 4:55:51  time: 0.3764  data_time: 0.0281  memory: 9886  loss: 0.9934  decode.loss_ohem: 0.6787  decode.acc_seg: 93.7252  aux_0.loss_ce: 0.3147  aux_0.acc_seg: 89.7244
2026/07/26 22:45:32 - mmengine - INFO - Iter(train) [112900/160000]  lr: 2.6923e-02  eta: 4:55:14  time: 0.3769  data_time: 0.0285  memory: 9887  loss: 1.0444  decode.loss_ohem: 0.7142  decode.acc_seg: 89.2760  aux_0.loss_ce: 0.3303  aux_0.acc_seg: 84.1592
2026/07/26 22:46:10 - mmengine - INFO - Exp name: dsanet_cityscapes_512x1024_20260726_105256
2026/07/26 22:46:10 - mmengine - INFO - Iter(train) [113000/160000]  lr: 2.6872e-02  eta: 4:54:36  time: 0.3749  data_time: 0.0273  memory: 9886  loss: 1.0903  decode.loss_ohem: 0.7638  decode.acc_seg: 89.5585  aux_0.loss_ce: 0.3265  aux_0.acc_seg: 84.0048
2026/07/26 22:46:47 - mmengine - INFO - Iter(train) [113100/160000]  lr: 2.6820e-02  eta: 4:53:58  time: 0.3751  data_time: 0.0278  memory: 9887  loss: 1.0488  decode.loss_ohem: 0.7081  decode.acc_seg: 92.3685  aux_0.loss_ce: 0.3407  aux_0.acc_seg: 87.6468
2026/07/26 22:47:25 - mmengine - INFO - Iter(train) [113200/160000]  lr: 2.6769e-02  eta: 4:53:21  time: 0.3759  data_time: 0.0283  memory: 9886  loss: 1.0897  decode.loss_ohem: 0.7624  decode.acc_seg: 93.5656  aux_0.loss_ce: 0.3273  aux_0.acc_seg: 89.4200
2026/07/26 22:48:02 - mmengine - INFO - Iter(train) [113300/160000]  lr: 2.6717e-02  eta: 4:52:43  time: 0.3772  data_time: 0.0290  memory: 9886  loss: 1.0313  decode.loss_ohem: 0.7130  decode.acc_seg: 91.7569  aux_0.loss_ce: 0.3183  aux_0.acc_seg: 89.0873
2026/07/26 22:48:40 - mmengine - INFO - Iter(train) [113400/160000]  lr: 2.6666e-02  eta: 4:52:06  time: 0.3762  data_time: 0.0277  memory: 9886  loss: 1.0487  decode.loss_ohem: 0.7216  decode.acc_seg: 87.0436  aux_0.loss_ce: 0.3270  aux_0.acc_seg: 83.7767
2026/07/26 22:49:18 - mmengine - INFO - Iter(train) [113500/160000]  lr: 2.6614e-02  eta: 4:51:28  time: 0.3762  data_time: 0.0275  memory: 9886  loss: 0.9942  decode.loss_ohem: 0.6944  decode.acc_seg: 92.8132  aux_0.loss_ce: 0.2998  aux_0.acc_seg: 89.4423
2026/07/26 22:49:55 - mmengine - INFO - Iter(train) [113600/160000]  lr: 2.6563e-02  eta: 4:50:50  time: 0.3763  data_time: 0.0282  memory: 9885  loss: 1.1136  decode.loss_ohem: 0.7628  decode.acc_seg: 92.9133  aux_0.loss_ce: 0.3508  aux_0.acc_seg: 86.8551
2026/07/26 22:50:33 - mmengine - INFO - Iter(train) [113700/160000]  lr: 2.6511e-02  eta: 4:50:13  time: 0.3781  data_time: 0.0299  memory: 9886  loss: 1.0071  decode.loss_ohem: 0.7005  decode.acc_seg: 90.4324  aux_0.loss_ce: 0.3065  aux_0.acc_seg: 87.2954
2026/07/26 22:51:11 - mmengine - INFO - Iter(train) [113800/160000]  lr: 2.6460e-02  eta: 4:49:35  time: 0.3767  data_time: 0.0278  memory: 9886  loss: 1.0426  decode.loss_ohem: 0.7606  decode.acc_seg: 92.4080  aux_0.loss_ce: 0.2820  aux_0.acc_seg: 88.4442
2026/07/26 22:51:48 - mmengine - INFO - Iter(train) [113900/160000]  lr: 2.6408e-02  eta: 4:48:58  time: 0.3766  data_time: 0.0281  memory: 9886  loss: 0.9586  decode.loss_ohem: 0.6680  decode.acc_seg: 93.7909  aux_0.loss_ce: 0.2906  aux_0.acc_seg: 90.2133
2026/07/26 22:52:26 - mmengine - INFO - Exp name: dsanet_cityscapes_512x1024_20260726_105256
2026/07/26 22:52:26 - mmengine - INFO - Iter(train) [114000/160000]  lr: 2.6357e-02  eta: 4:48:20  time: 0.3757  data_time: 0.0276  memory: 9885  loss: 0.9858  decode.loss_ohem: 0.6620  decode.acc_seg: 92.6876  aux_0.loss_ce: 0.3237  aux_0.acc_seg: 86.5480
2026/07/26 22:53:04 - mmengine - INFO - Iter(train) [114100/160000]  lr: 2.6305e-02  eta: 4:47:42  time: 0.3752  data_time: 0.0271  memory: 9888  loss: 1.0650  decode.loss_ohem: 0.7470  decode.acc_seg: 91.6832  aux_0.loss_ce: 0.3181  aux_0.acc_seg: 86.1811
2026/07/26 22:53:41 - mmengine - INFO - Iter(train) [114200/160000]  lr: 2.6254e-02  eta: 4:47:05  time: 0.3766  data_time: 0.0277  memory: 9885  loss: 1.0316  decode.loss_ohem: 0.7357  decode.acc_seg: 91.5986  aux_0.loss_ce: 0.2959  aux_0.acc_seg: 88.0462
2026/07/26 22:54:19 - mmengine - INFO - Iter(train) [114300/160000]  lr: 2.6202e-02  eta: 4:46:27  time: 0.3744  data_time: 0.0267  memory: 9885  loss: 1.0642  decode.loss_ohem: 0.7297  decode.acc_seg: 92.1520  aux_0.loss_ce: 0.3346  aux_0.acc_seg: 87.6975
2026/07/26 22:54:56 - mmengine - INFO - Iter(train) [114400/160000]  lr: 2.6151e-02  eta: 4:45:49  time: 0.3756  data_time: 0.0273  memory: 9887  loss: 1.0128  decode.loss_ohem: 0.6909  decode.acc_seg: 94.7924  aux_0.loss_ce: 0.3219  aux_0.acc_seg: 92.0005
2026/07/26 22:55:34 - mmengine - INFO - Iter(train) [114500/160000]  lr: 2.6099e-02  eta: 4:45:12  time: 0.3742  data_time: 0.0271  memory: 9884  loss: 1.0307  decode.loss_ohem: 0.7403  decode.acc_seg: 92.4236  aux_0.loss_ce: 0.2904  aux_0.acc_seg: 89.2676
2026/07/26 22:56:12 - mmengine - INFO - Iter(train) [114600/160000]  lr: 2.6047e-02  eta: 4:44:34  time: 0.3750  data_time: 0.0272  memory: 9885  loss: 0.9781  decode.loss_ohem: 0.6821  decode.acc_seg: 92.8598  aux_0.loss_ce: 0.2960  aux_0.acc_seg: 87.1679
2026/07/26 22:56:49 - mmengine - INFO - Iter(train) [114700/160000]  lr: 2.5996e-02  eta: 4:43:57  time: 0.3777  data_time: 0.0290  memory: 9888  loss: 1.0209  decode.loss_ohem: 0.7101  decode.acc_seg: 93.7519  aux_0.loss_ce: 0.3108  aux_0.acc_seg: 91.7720
2026/07/26 22:57:27 - mmengine - INFO - Iter(train) [114800/160000]  lr: 2.5944e-02  eta: 4:43:19  time: 0.3751  data_time: 0.0276  memory: 9886  loss: 0.9623  decode.loss_ohem: 0.6675  decode.acc_seg: 94.3430  aux_0.loss_ce: 0.2948  aux_0.acc_seg: 88.7599
2026/07/26 22:58:05 - mmengine - INFO - Iter(train) [114900/160000]  lr: 2.5892e-02  eta: 4:42:41  time: 0.3752  data_time: 0.0272  memory: 9885  loss: 1.0593  decode.loss_ohem: 0.7418  decode.acc_seg: 92.6087  aux_0.loss_ce: 0.3175  aux_0.acc_seg: 89.5008
2026/07/26 22:58:42 - mmengine - INFO - Exp name: dsanet_cityscapes_512x1024_20260726_105256
2026/07/26 22:58:42 - mmengine - INFO - Iter(train) [115000/160000]  lr: 2.5841e-02  eta: 4:42:04  time: 0.3759  data_time: 0.0283  memory: 9888  loss: 1.0546  decode.loss_ohem: 0.7298  decode.acc_seg: 93.3649  aux_0.loss_ce: 0.3248  aux_0.acc_seg: 88.4894
2026/07/26 22:58:42 - mmengine - INFO - Saving checkpoint at 115000 iterations
2026/07/26 22:58:48 - mmengine - INFO - Iter(val) [100/250]    eta: 0:00:07  time: 0.0481  data_time: 0.0096  memory: 729  
2026/07/26 22:58:53 - mmengine - INFO - Iter(val) [200/250]    eta: 0:00:02  time: 0.0481  data_time: 0.0098  memory: 729  
2026/07/26 22:58:55 - mmengine - INFO - per class results:
2026/07/26 22:58:55 - mmengine - INFO - 
+---------------+-------+-------+
|     Class     |  IoU  |  Acc  |
+---------------+-------+-------+
|      road     | 96.77 | 97.49 |
|    sidewalk   | 78.94 | 92.27 |
|    building   | 89.63 | 94.44 |
|      wall     | 33.97 | 36.85 |
|     fence     | 50.93 | 62.39 |
|      pole     | 56.38 | 67.78 |
| traffic light | 56.89 | 71.24 |
|  traffic sign | 66.13 | 72.34 |
|   vegetation  | 90.24 | 95.75 |
|    terrain    | 58.56 | 70.94 |
|      sky      | 92.32 | 97.43 |
|     person    | 67.73 | 91.37 |
|     rider     | 48.62 | 66.57 |
|      car      | 90.14 | 97.29 |
|     truck     |  49.7 | 60.72 |
|      bus      | 66.71 |  73.8 |
|     train     | 39.78 | 81.68 |
|   motorcycle  | 38.08 | 63.84 |
|    bicycle    | 66.55 | 79.41 |
+---------------+-------+-------+
2026/07/26 22:58:55 - mmengine - INFO - Iter(val) [250/250]    aAcc: 94.0900  mIoU: 65.1600  mAcc: 77.5600  data_time: 0.0110  time: 0.0493
2026/07/26 22:59:33 - mmengine - INFO - Iter(train) [115100/160000]  lr: 2.5789e-02  eta: 4:41:26  time: 0.3753  data_time: 0.0269  memory: 9885  loss: 0.9440  decode.loss_ohem: 0.6687  decode.acc_seg: 93.5721  aux_0.loss_ce: 0.2753  aux_0.acc_seg: 87.4726
2026/07/26 23:00:10 - mmengine - INFO - Iter(train) [115200/160000]  lr: 2.5737e-02  eta: 4:40:49  time: 0.3769  data_time: 0.0285  memory: 9888  loss: 1.0086  decode.loss_ohem: 0.7144  decode.acc_seg: 92.2655  aux_0.loss_ce: 0.2942  aux_0.acc_seg: 89.6482
2026/07/26 23:00:48 - mmengine - INFO - Iter(train) [115300/160000]  lr: 2.5686e-02  eta: 4:40:11  time: 0.3752  data_time: 0.0276  memory: 9886  loss: 1.0486  decode.loss_ohem: 0.7335  decode.acc_seg: 91.8707  aux_0.loss_ce: 0.3150  aux_0.acc_seg: 85.7343
2026/07/26 23:01:26 - mmengine - INFO - Iter(train) [115400/160000]  lr: 2.5634e-02  eta: 4:39:33  time: 0.3771  data_time: 0.0282  memory: 9885  loss: 1.0581  decode.loss_ohem: 0.7456  decode.acc_seg: 94.2750  aux_0.loss_ce: 0.3125  aux_0.acc_seg: 92.4099
2026/07/26 23:02:03 - mmengine - INFO - Iter(train) [115500/160000]  lr: 2.5582e-02  eta: 4:38:56  time: 0.3757  data_time: 0.0269  memory: 9886  loss: 1.0609  decode.loss_ohem: 0.7539  decode.acc_seg: 90.4994  aux_0.loss_ce: 0.3071  aux_0.acc_seg: 82.4310
2026/07/26 23:02:41 - mmengine - INFO - Iter(train) [115600/160000]  lr: 2.5531e-02  eta: 4:38:18  time: 0.3750  data_time: 0.0264  memory: 9885  loss: 1.0887  decode.loss_ohem: 0.7534  decode.acc_seg: 92.8622  aux_0.loss_ce: 0.3353  aux_0.acc_seg: 89.6440
2026/07/26 23:03:19 - mmengine - INFO - Iter(train) [115700/160000]  lr: 2.5479e-02  eta: 4:37:41  time: 0.3755  data_time: 0.0275  memory: 9885  loss: 1.0299  decode.loss_ohem: 0.7283  decode.acc_seg: 93.7983  aux_0.loss_ce: 0.3016  aux_0.acc_seg: 86.4617
2026/07/26 23:03:56 - mmengine - INFO - Iter(train) [115800/160000]  lr: 2.5427e-02  eta: 4:37:03  time: 0.3767  data_time: 0.0282  memory: 9885  loss: 0.9943  decode.loss_ohem: 0.6944  decode.acc_seg: 90.8623  aux_0.loss_ce: 0.2998  aux_0.acc_seg: 85.7154
2026/07/26 23:04:34 - mmengine - INFO - Iter(train) [115900/160000]  lr: 2.5375e-02  eta: 4:36:25  time: 0.3774  data_time: 0.0287  memory: 9886  loss: 1.0258  decode.loss_ohem: 0.7243  decode.acc_seg: 91.3874  aux_0.loss_ce: 0.3015  aux_0.acc_seg: 87.7730
2026/07/26 23:05:12 - mmengine - INFO - Exp name: dsanet_cityscapes_512x1024_20260726_105256
2026/07/26 23:05:12 - mmengine - INFO - Iter(train) [116000/160000]  lr: 2.5324e-02  eta: 4:35:48  time: 0.3777  data_time: 0.0287  memory: 9886  loss: 1.0524  decode.loss_ohem: 0.7123  decode.acc_seg: 92.2670  aux_0.loss_ce: 0.3400  aux_0.acc_seg: 88.9699
2026/07/26 23:05:49 - mmengine - INFO - Iter(train) [116100/160000]  lr: 2.5272e-02  eta: 4:35:10  time: 0.3747  data_time: 0.0266  memory: 9885  loss: 1.0518  decode.loss_ohem: 0.7435  decode.acc_seg: 90.9379  aux_0.loss_ce: 0.3083  aux_0.acc_seg: 88.2589
2026/07/26 23:06:27 - mmengine - INFO - Iter(train) [116200/160000]  lr: 2.5220e-02  eta: 4:34:33  time: 0.3767  data_time: 0.0283  memory: 9885  loss: 1.0102  decode.loss_ohem: 0.7081  decode.acc_seg: 90.0458  aux_0.loss_ce: 0.3021  aux_0.acc_seg: 84.1247
2026/07/26 23:07:05 - mmengine - INFO - Iter(train) [116300/160000]  lr: 2.5168e-02  eta: 4:33:55  time: 0.3764  data_time: 0.0278  memory: 9885  loss: 1.0374  decode.loss_ohem: 0.7318  decode.acc_seg: 90.8645  aux_0.loss_ce: 0.3055  aux_0.acc_seg: 85.4279
2026/07/26 23:07:42 - mmengine - INFO - Iter(train) [116400/160000]  lr: 2.5116e-02  eta: 4:33:17  time: 0.3753  data_time: 0.0278  memory: 9886  loss: 0.9780  decode.loss_ohem: 0.6791  decode.acc_seg: 92.7683  aux_0.loss_ce: 0.2989  aux_0.acc_seg: 86.3650
2026/07/26 23:08:20 - mmengine - INFO - Iter(train) [116500/160000]  lr: 2.5065e-02  eta: 4:32:40  time: 0.3764  data_time: 0.0273  memory: 9885  loss: 1.0912  decode.loss_ohem: 0.7624  decode.acc_seg: 92.5377  aux_0.loss_ce: 0.3289  aux_0.acc_seg: 88.9396
2026/07/26 23:08:58 - mmengine - INFO - Iter(train) [116600/160000]  lr: 2.5013e-02  eta: 4:32:02  time: 0.3772  data_time: 0.0284  memory: 9885  loss: 1.0611  decode.loss_ohem: 0.7179  decode.acc_seg: 93.6620  aux_0.loss_ce: 0.3432  aux_0.acc_seg: 87.4714
2026/07/26 23:09:35 - mmengine - INFO - Iter(train) [116700/160000]  lr: 2.4961e-02  eta: 4:31:25  time: 0.3762  data_time: 0.0282  memory: 9886  loss: 1.1378  decode.loss_ohem: 0.8147  decode.acc_seg: 89.4503  aux_0.loss_ce: 0.3231  aux_0.acc_seg: 84.1725
2026/07/26 23:10:13 - mmengine - INFO - Iter(train) [116800/160000]  lr: 2.4909e-02  eta: 4:30:47  time: 0.3776  data_time: 0.0278  memory: 9885  loss: 1.1547  decode.loss_ohem: 0.7621  decode.acc_seg: 94.2343  aux_0.loss_ce: 0.3926  aux_0.acc_seg: 91.1627
2026/07/26 23:10:51 - mmengine - INFO - Iter(train) [116900/160000]  lr: 2.4857e-02  eta: 4:30:10  time: 0.3786  data_time: 0.0294  memory: 9886  loss: 1.0306  decode.loss_ohem: 0.6982  decode.acc_seg: 92.9862  aux_0.loss_ce: 0.3324  aux_0.acc_seg: 88.2367
2026/07/26 23:11:29 - mmengine - INFO - Exp name: dsanet_cityscapes_512x1024_20260726_105256
2026/07/26 23:11:29 - mmengine - INFO - Iter(train) [117000/160000]  lr: 2.4805e-02  eta: 4:29:32  time: 0.3762  data_time: 0.0278  memory: 9885  loss: 1.0770  decode.loss_ohem: 0.7415  decode.acc_seg: 92.2902  aux_0.loss_ce: 0.3355  aux_0.acc_seg: 88.8741
2026/07/26 23:12:06 - mmengine - INFO - Iter(train) [117100/160000]  lr: 2.4753e-02  eta: 4:28:54  time: 0.3772  data_time: 0.0286  memory: 9886  loss: 0.9899  decode.loss_ohem: 0.6665  decode.acc_seg: 89.7625  aux_0.loss_ce: 0.3234  aux_0.acc_seg: 86.5571
2026/07/26 23:12:44 - mmengine - INFO - Iter(train) [117200/160000]  lr: 2.4701e-02  eta: 4:28:17  time: 0.3737  data_time: 0.0261  memory: 9886  loss: 1.1232  decode.loss_ohem: 0.8002  decode.acc_seg: 92.4760  aux_0.loss_ce: 0.3231  aux_0.acc_seg: 87.9885
2026/07/26 23:13:21 - mmengine - INFO - Iter(train) [117300/160000]  lr: 2.4649e-02  eta: 4:27:39  time: 0.3773  data_time: 0.0277  memory: 9886  loss: 1.0972  decode.loss_ohem: 0.7600  decode.acc_seg: 91.5989  aux_0.loss_ce: 0.3372  aux_0.acc_seg: 88.0391
2026/07/26 23:13:59 - mmengine - INFO - Iter(train) [117400/160000]  lr: 2.4598e-02  eta: 4:27:01  time: 0.3757  data_time: 0.0277  memory: 9887  loss: 1.0863  decode.loss_ohem: 0.7705  decode.acc_seg: 92.7643  aux_0.loss_ce: 0.3159  aux_0.acc_seg: 88.7981
2026/07/26 23:14:37 - mmengine - INFO - Iter(train) [117500/160000]  lr: 2.4546e-02  eta: 4:26:24  time: 0.3768  data_time: 0.0276  memory: 9887  loss: 1.1049  decode.loss_ohem: 0.7656  decode.acc_seg: 87.5150  aux_0.loss_ce: 0.3394  aux_0.acc_seg: 82.0874
2026/07/26 23:15:14 - mmengine - INFO - Iter(train) [117600/160000]  lr: 2.4494e-02  eta: 4:25:46  time: 0.3760  data_time: 0.0276  memory: 9885  loss: 1.0461  decode.loss_ohem: 0.7576  decode.acc_seg: 93.5225  aux_0.loss_ce: 0.2885  aux_0.acc_seg: 90.1469
2026/07/26 23:15:52 - mmengine - INFO - Iter(train) [117700/160000]  lr: 2.4442e-02  eta: 4:25:09  time: 0.3761  data_time: 0.0281  memory: 9885  loss: 1.0019  decode.loss_ohem: 0.7003  decode.acc_seg: 91.9841  aux_0.loss_ce: 0.3016  aux_0.acc_seg: 89.7273
2026/07/26 23:16:30 - mmengine - INFO - Iter(train) [117800/160000]  lr: 2.4390e-02  eta: 4:24:31  time: 0.3773  data_time: 0.0287  memory: 9885  loss: 1.0697  decode.loss_ohem: 0.7417  decode.acc_seg: 92.1590  aux_0.loss_ce: 0.3280  aux_0.acc_seg: 86.9228
2026/07/26 23:17:07 - mmengine - INFO - Iter(train) [117900/160000]  lr: 2.4338e-02  eta: 4:23:53  time: 0.3755  data_time: 0.0276  memory: 9886  loss: 1.0119  decode.loss_ohem: 0.6937  decode.acc_seg: 93.5273  aux_0.loss_ce: 0.3182  aux_0.acc_seg: 88.2428
2026/07/26 23:17:45 - mmengine - INFO - Exp name: dsanet_cityscapes_512x1024_20260726_105256
2026/07/26 23:17:45 - mmengine - INFO - Iter(train) [118000/160000]  lr: 2.4286e-02  eta: 4:23:16  time: 0.3777  data_time: 0.0288  memory: 9886  loss: 1.0735  decode.loss_ohem: 0.7499  decode.acc_seg: 90.7362  aux_0.loss_ce: 0.3236  aux_0.acc_seg: 83.4552
2026/07/26 23:18:23 - mmengine - INFO - Iter(train) [118100/160000]  lr: 2.4234e-02  eta: 4:22:38  time: 0.3761  data_time: 0.0276  memory: 9886  loss: 1.0209  decode.loss_ohem: 0.7365  decode.acc_seg: 94.4996  aux_0.loss_ce: 0.2844  aux_0.acc_seg: 92.8324
2026/07/26 23:19:00 - mmengine - INFO - Iter(train) [118200/160000]  lr: 2.4182e-02  eta: 4:22:01  time: 0.3772  data_time: 0.0286  memory: 9885  loss: 1.0657  decode.loss_ohem: 0.7633  decode.acc_seg: 95.0530  aux_0.loss_ce: 0.3024  aux_0.acc_seg: 92.2498
2026/07/26 23:19:38 - mmengine - INFO - Iter(train) [118300/160000]  lr: 2.4130e-02  eta: 4:21:23  time: 0.3755  data_time: 0.0272  memory: 9886  loss: 1.0025  decode.loss_ohem: 0.7183  decode.acc_seg: 92.2966  aux_0.loss_ce: 0.2842  aux_0.acc_seg: 83.3399
2026/07/26 23:20:16 - mmengine - INFO - Iter(train) [118400/160000]  lr: 2.4077e-02  eta: 4:20:46  time: 0.3793  data_time: 0.0294  memory: 9886  loss: 1.0463  decode.loss_ohem: 0.7188  decode.acc_seg: 93.4399  aux_0.loss_ce: 0.3275  aux_0.acc_seg: 87.7597
2026/07/26 23:20:54 - mmengine - INFO - Iter(train) [118500/160000]  lr: 2.4025e-02  eta: 4:20:08  time: 0.3773  data_time: 0.0279  memory: 9888  loss: 1.0217  decode.loss_ohem: 0.7209  decode.acc_seg: 91.3373  aux_0.loss_ce: 0.3008  aux_0.acc_seg: 86.2055
2026/07/26 23:21:31 - mmengine - INFO - Iter(train) [118600/160000]  lr: 2.3973e-02  eta: 4:19:30  time: 0.3770  data_time: 0.0279  memory: 9885  loss: 1.1330  decode.loss_ohem: 0.7760  decode.acc_seg: 88.2766  aux_0.loss_ce: 0.3570  aux_0.acc_seg: 83.8972
2026/07/26 23:22:09 - mmengine - INFO - Iter(train) [118700/160000]  lr: 2.3921e-02  eta: 4:18:53  time: 0.3764  data_time: 0.0278  memory: 9885  loss: 0.9483  decode.loss_ohem: 0.6483  decode.acc_seg: 90.2912  aux_0.loss_ce: 0.3000  aux_0.acc_seg: 87.4225
2026/07/26 23:22:47 - mmengine - INFO - Iter(train) [118800/160000]  lr: 2.3869e-02  eta: 4:18:15  time: 0.3751  data_time: 0.0269  memory: 9885  loss: 0.9860  decode.loss_ohem: 0.6837  decode.acc_seg: 94.1605  aux_0.loss_ce: 0.3023  aux_0.acc_seg: 90.4933
2026/07/26 23:23:25 - mmengine - INFO - Iter(train) [118900/160000]  lr: 2.3817e-02  eta: 4:17:38  time: 0.3769  data_time: 0.0280  memory: 9885  loss: 0.9858  decode.loss_ohem: 0.7033  decode.acc_seg: 93.9681  aux_0.loss_ce: 0.2825  aux_0.acc_seg: 90.4580
2026/07/26 23:24:03 - mmengine - INFO - Exp name: dsanet_cityscapes_512x1024_20260726_105256
2026/07/26 23:24:03 - mmengine - INFO - Iter(train) [119000/160000]  lr: 2.3765e-02  eta: 4:17:00  time: 0.3784  data_time: 0.0289  memory: 9885  loss: 0.9869  decode.loss_ohem: 0.6820  decode.acc_seg: 92.9755  aux_0.loss_ce: 0.3049  aux_0.acc_seg: 89.1759
2026/07/26 23:24:40 - mmengine - INFO - Iter(train) [119100/160000]  lr: 2.3713e-02  eta: 4:16:23  time: 0.3783  data_time: 0.0292  memory: 9884  loss: 1.0403  decode.loss_ohem: 0.7288  decode.acc_seg: 92.8195  aux_0.loss_ce: 0.3115  aux_0.acc_seg: 89.4137
2026/07/26 23:25:18 - mmengine - INFO - Iter(train) [119200/160000]  lr: 2.3661e-02  eta: 4:15:45  time: 0.3767  data_time: 0.0280  memory: 9886  loss: 1.0243  decode.loss_ohem: 0.7231  decode.acc_seg: 93.9017  aux_0.loss_ce: 0.3012  aux_0.acc_seg: 90.2637
2026/07/26 23:25:56 - mmengine - INFO - Iter(train) [119300/160000]  lr: 2.3608e-02  eta: 4:15:08  time: 0.3814  data_time: 0.0308  memory: 9888  loss: 0.9997  decode.loss_ohem: 0.7228  decode.acc_seg: 93.9206  aux_0.loss_ce: 0.2769  aux_0.acc_seg: 90.2631
2026/07/26 23:26:34 - mmengine - INFO - Iter(train) [119400/160000]  lr: 2.3556e-02  eta: 4:14:30  time: 0.3760  data_time: 0.0268  memory: 9885  loss: 1.0309  decode.loss_ohem: 0.7143  decode.acc_seg: 93.6591  aux_0.loss_ce: 0.3165  aux_0.acc_seg: 88.6886
2026/07/26 23:27:12 - mmengine - INFO - Iter(train) [119500/160000]  lr: 2.3504e-02  eta: 4:13:52  time: 0.3777  data_time: 0.0285  memory: 9886  loss: 1.1252  decode.loss_ohem: 0.7789  decode.acc_seg: 88.8464  aux_0.loss_ce: 0.3462  aux_0.acc_seg: 83.7782
2026/07/26 23:27:49 - mmengine - INFO - Iter(train) [119600/160000]  lr: 2.3452e-02  eta: 4:13:15  time: 0.3793  data_time: 0.0299  memory: 9886  loss: 0.9755  decode.loss_ohem: 0.6627  decode.acc_seg: 94.5083  aux_0.loss_ce: 0.3128  aux_0.acc_seg: 89.3505
2026/07/26 23:28:27 - mmengine - INFO - Iter(train) [119700/160000]  lr: 2.3400e-02  eta: 4:12:37  time: 0.3767  data_time: 0.0285  memory: 9885  loss: 1.0287  decode.loss_ohem: 0.7252  decode.acc_seg: 92.8212  aux_0.loss_ce: 0.3035  aux_0.acc_seg: 88.0826
2026/07/26 23:29:05 - mmengine - INFO - Iter(train) [119800/160000]  lr: 2.3347e-02  eta: 4:12:00  time: 0.3769  data_time: 0.0285  memory: 9885  loss: 1.0822  decode.loss_ohem: 0.7636  decode.acc_seg: 92.5278  aux_0.loss_ce: 0.3186  aux_0.acc_seg: 89.3625
2026/07/26 23:29:43 - mmengine - INFO - Iter(train) [119900/160000]  lr: 2.3295e-02  eta: 4:11:22  time: 0.3778  data_time: 0.0289  memory: 9886  loss: 1.1255  decode.loss_ohem: 0.7887  decode.acc_seg: 93.4513  aux_0.loss_ce: 0.3368  aux_0.acc_seg: 90.2414
2026/07/26 23:30:21 - mmengine - INFO - Exp name: dsanet_cityscapes_512x1024_20260726_105256
2026/07/26 23:30:21 - mmengine - INFO - Iter(train) [120000/160000]  lr: 2.3243e-02  eta: 4:10:45  time: 0.3776  data_time: 0.0287  memory: 9885  loss: 0.9855  decode.loss_ohem: 0.7112  decode.acc_seg: 92.7417  aux_0.loss_ce: 0.2743  aux_0.acc_seg: 91.6149
2026/07/26 23:30:21 - mmengine - INFO - Saving checkpoint at 120000 iterations
2026/07/26 23:30:26 - mmengine - INFO - Iter(val) [100/250]    eta: 0:00:07  time: 0.0474  data_time: 0.0096  memory: 729  
2026/07/26 23:30:31 - mmengine - INFO - Iter(val) [200/250]    eta: 0:00:02  time: 0.0482  data_time: 0.0096  memory: 729  
2026/07/26 23:30:33 - mmengine - INFO - per class results:
2026/07/26 23:30:33 - mmengine - INFO - 
+---------------+-------+-------+
|     Class     |  IoU  |  Acc  |
+---------------+-------+-------+
|      road     | 97.52 | 98.91 |
|    sidewalk   | 80.47 | 88.26 |
|    building   | 89.71 |  95.5 |
|      wall     |  44.7 | 54.22 |
|     fence     | 47.61 |  57.5 |
|      pole     | 57.75 | 75.34 |
| traffic light | 55.44 | 73.92 |
|  traffic sign | 67.44 |  75.2 |
|   vegetation  | 90.87 | 95.02 |
|    terrain    | 57.84 | 66.83 |
|      sky      | 93.08 | 96.76 |
|     person    | 75.58 | 87.52 |
|     rider     |  52.6 | 67.07 |
|      car      | 92.42 | 97.28 |
|     truck     | 59.94 | 66.59 |
|      bus      | 70.76 | 76.75 |
|     train     | 61.34 | 74.53 |
|   motorcycle  | 52.18 | 68.42 |
|    bicycle    | 71.01 | 84.95 |
+---------------+-------+-------+
2026/07/26 23:30:33 - mmengine - INFO - Iter(val) [250/250]    aAcc: 94.6900  mIoU: 69.3800  mAcc: 78.9800  data_time: 0.0108  time: 0.0491
2026/07/26 23:31:11 - mmengine - INFO - Iter(train) [120100/160000]  lr: 2.3190e-02  eta: 4:10:07  time: 0.3772  data_time: 0.0288  memory: 9887  loss: 1.0659  decode.loss_ohem: 0.7515  decode.acc_seg: 93.8718  aux_0.loss_ce: 0.3144  aux_0.acc_seg: 90.8085
2026/07/26 23:31:49 - mmengine - INFO - Iter(train) [120200/160000]  lr: 2.3138e-02  eta: 4:09:29  time: 0.3763  data_time: 0.0273  memory: 9885  loss: 1.0296  decode.loss_ohem: 0.7247  decode.acc_seg: 91.9785  aux_0.loss_ce: 0.3049  aux_0.acc_seg: 89.4729
2026/07/26 23:32:27 - mmengine - INFO - Iter(train) [120300/160000]  lr: 2.3086e-02  eta: 4:08:52  time: 0.3765  data_time: 0.0284  memory: 9885  loss: 1.0324  decode.loss_ohem: 0.7317  decode.acc_seg: 93.0799  aux_0.loss_ce: 0.3008  aux_0.acc_seg: 90.8367
2026/07/26 23:33:05 - mmengine - INFO - Iter(train) [120400/160000]  lr: 2.3034e-02  eta: 4:08:14  time: 0.3783  data_time: 0.0293  memory: 9887  loss: 1.0734  decode.loss_ohem: 0.7547  decode.acc_seg: 92.8602  aux_0.loss_ce: 0.3187  aux_0.acc_seg: 88.5784
2026/07/26 23:33:42 - mmengine - INFO - Iter(train) [120500/160000]  lr: 2.2981e-02  eta: 4:07:37  time: 0.3774  data_time: 0.0286  memory: 9886  loss: 0.9753  decode.loss_ohem: 0.6979  decode.acc_seg: 92.2074  aux_0.loss_ce: 0.2775  aux_0.acc_seg: 88.9285
2026/07/26 23:34:20 - mmengine - INFO - Iter(train) [120600/160000]  lr: 2.2929e-02  eta: 4:06:59  time: 0.3770  data_time: 0.0279  memory: 9885  loss: 0.9940  decode.loss_ohem: 0.6979  decode.acc_seg: 93.7340  aux_0.loss_ce: 0.2961  aux_0.acc_seg: 87.7278
2026/07/26 23:34:58 - mmengine - INFO - Iter(train) [120700/160000]  lr: 2.2877e-02  eta: 4:06:22  time: 0.3798  data_time: 0.0303  memory: 9885  loss: 1.0072  decode.loss_ohem: 0.6998  decode.acc_seg: 94.0294  aux_0.loss_ce: 0.3074  aux_0.acc_seg: 87.6013
2026/07/26 23:35:36 - mmengine - INFO - Iter(train) [120800/160000]  lr: 2.2824e-02  eta: 4:05:44  time: 0.3774  data_time: 0.0282  memory: 9886  loss: 1.0051  decode.loss_ohem: 0.7031  decode.acc_seg: 94.1045  aux_0.loss_ce: 0.3019  aux_0.acc_seg: 91.0735
2026/07/26 23:36:13 - mmengine - INFO - Iter(train) [120900/160000]  lr: 2.2772e-02  eta: 4:05:06  time: 0.3758  data_time: 0.0272  memory: 9885  loss: 1.0858  decode.loss_ohem: 0.7506  decode.acc_seg: 91.7182  aux_0.loss_ce: 0.3352  aux_0.acc_seg: 86.9548
2026/07/26 23:36:51 - mmengine - INFO - Exp name: dsanet_cityscapes_512x1024_20260726_105256
2026/07/26 23:36:51 - mmengine - INFO - Iter(train) [121000/160000]  lr: 2.2719e-02  eta: 4:04:29  time: 0.3766  data_time: 0.0276  memory: 9885  loss: 1.0893  decode.loss_ohem: 0.7686  decode.acc_seg: 92.5754  aux_0.loss_ce: 0.3207  aux_0.acc_seg: 87.1693
2026/07/26 23:37:29 - mmengine - INFO - Iter(train) [121100/160000]  lr: 2.2667e-02  eta: 4:03:51  time: 0.3782  data_time: 0.0292  memory: 9884  loss: 0.9947  decode.loss_ohem: 0.6938  decode.acc_seg: 94.1481  aux_0.loss_ce: 0.3009  aux_0.acc_seg: 90.3532
2026/07/26 23:38:07 - mmengine - INFO - Iter(train) [121200/160000]  lr: 2.2615e-02  eta: 4:03:14  time: 0.3781  data_time: 0.0294  memory: 9886  loss: 1.1474  decode.loss_ohem: 0.7905  decode.acc_seg: 94.3438  aux_0.loss_ce: 0.3569  aux_0.acc_seg: 91.3610
2026/07/26 23:38:45 - mmengine - INFO - Iter(train) [121300/160000]  lr: 2.2562e-02  eta: 4:02:36  time: 0.3771  data_time: 0.0283  memory: 9884  loss: 1.0439  decode.loss_ohem: 0.7491  decode.acc_seg: 91.7417  aux_0.loss_ce: 0.2947  aux_0.acc_seg: 87.4156
2026/07/26 23:39:22 - mmengine - INFO - Iter(train) [121400/160000]  lr: 2.2510e-02  eta: 4:01:59  time: 0.3776  data_time: 0.0288  memory: 9885  loss: 1.0744  decode.loss_ohem: 0.7560  decode.acc_seg: 91.3522  aux_0.loss_ce: 0.3185  aux_0.acc_seg: 87.4647
2026/07/26 23:40:00 - mmengine - INFO - Iter(train) [121500/160000]  lr: 2.2457e-02  eta: 4:01:21  time: 0.3761  data_time: 0.0283  memory: 9885  loss: 0.9815  decode.loss_ohem: 0.6835  decode.acc_seg: 92.9004  aux_0.loss_ce: 0.2980  aux_0.acc_seg: 88.8737
2026/07/26 23:40:38 - mmengine - INFO - Iter(train) [121600/160000]  lr: 2.2405e-02  eta: 4:00:44  time: 0.3768  data_time: 0.0281  memory: 9884  loss: 1.0494  decode.loss_ohem: 0.7342  decode.acc_seg: 92.3046  aux_0.loss_ce: 0.3152  aux_0.acc_seg: 87.6514
2026/07/26 23:41:16 - mmengine - INFO - Iter(train) [121700/160000]  lr: 2.2352e-02  eta: 4:00:06  time: 0.3784  data_time: 0.0294  memory: 9885  loss: 0.9836  decode.loss_ohem: 0.6905  decode.acc_seg: 92.8561  aux_0.loss_ce: 0.2930  aux_0.acc_seg: 87.2221
2026/07/26 23:41:53 - mmengine - INFO - Iter(train) [121800/160000]  lr: 2.2300e-02  eta: 3:59:28  time: 0.3782  data_time: 0.0293  memory: 9885  loss: 1.0381  decode.loss_ohem: 0.7266  decode.acc_seg: 92.6140  aux_0.loss_ce: 0.3115  aux_0.acc_seg: 89.3088
2026/07/26 23:42:31 - mmengine - INFO - Iter(train) [121900/160000]  lr: 2.2247e-02  eta: 3:58:51  time: 0.3768  data_time: 0.0284  memory: 9885  loss: 1.1512  decode.loss_ohem: 0.8250  decode.acc_seg: 90.5771  aux_0.loss_ce: 0.3262  aux_0.acc_seg: 85.1503
2026/07/26 23:43:09 - mmengine - INFO - Exp name: dsanet_cityscapes_512x1024_20260726_105256
2026/07/26 23:43:09 - mmengine - INFO - Iter(train) [122000/160000]  lr: 2.2195e-02  eta: 3:58:13  time: 0.3775  data_time: 0.0293  memory: 9885  loss: 1.0617  decode.loss_ohem: 0.7799  decode.acc_seg: 93.1370  aux_0.loss_ce: 0.2818  aux_0.acc_seg: 86.6557
2026/07/26 23:43:47 - mmengine - INFO - Iter(train) [122100/160000]  lr: 2.2142e-02  eta: 3:57:36  time: 0.3771  data_time: 0.0284  memory: 9885  loss: 1.0304  decode.loss_ohem: 0.7067  decode.acc_seg: 93.5628  aux_0.loss_ce: 0.3238  aux_0.acc_seg: 87.9746
2026/07/26 23:44:24 - mmengine - INFO - Iter(train) [122200/160000]  lr: 2.2090e-02  eta: 3:56:58  time: 0.3766  data_time: 0.0285  memory: 9885  loss: 1.0674  decode.loss_ohem: 0.7531  decode.acc_seg: 92.3305  aux_0.loss_ce: 0.3143  aux_0.acc_seg: 86.7490
2026/07/26 23:45:02 - mmengine - INFO - Iter(train) [122300/160000]  lr: 2.2037e-02  eta: 3:56:20  time: 0.3776  data_time: 0.0291  memory: 9885  loss: 1.0199  decode.loss_ohem: 0.6945  decode.acc_seg: 94.2906  aux_0.loss_ce: 0.3254  aux_0.acc_seg: 90.5557
2026/07/26 23:45:40 - mmengine - INFO - Iter(train) [122400/160000]  lr: 2.1984e-02  eta: 3:55:43  time: 0.3794  data_time: 0.0296  memory: 9886  loss: 1.0313  decode.loss_ohem: 0.7006  decode.acc_seg: 91.8898  aux_0.loss_ce: 0.3306  aux_0.acc_seg: 85.0675
2026/07/26 23:46:17 - mmengine - INFO - Iter(train) [122500/160000]  lr: 2.1932e-02  eta: 3:55:05  time: 0.3754  data_time: 0.0274  memory: 9886  loss: 1.0641  decode.loss_ohem: 0.7660  decode.acc_seg: 95.1042  aux_0.loss_ce: 0.2981  aux_0.acc_seg: 91.4362
2026/07/26 23:46:55 - mmengine - INFO - Iter(train) [122600/160000]  lr: 2.1879e-02  eta: 3:54:28  time: 0.3741  data_time: 0.0271  memory: 9885  loss: 1.0586  decode.loss_ohem: 0.7861  decode.acc_seg: 95.0071  aux_0.loss_ce: 0.2725  aux_0.acc_seg: 89.9395
2026/07/26 23:47:33 - mmengine - INFO - Iter(train) [122700/160000]  lr: 2.1826e-02  eta: 3:53:50  time: 0.3757  data_time: 0.0274  memory: 9885  loss: 1.0236  decode.loss_ohem: 0.7299  decode.acc_seg: 91.9322  aux_0.loss_ce: 0.2937  aux_0.acc_seg: 86.9947
2026/07/26 23:48:10 - mmengine - INFO - Iter(train) [122800/160000]  lr: 2.1774e-02  eta: 3:53:12  time: 0.3774  data_time: 0.0285  memory: 9885  loss: 1.1162  decode.loss_ohem: 0.7823  decode.acc_seg: 89.9496  aux_0.loss_ce: 0.3339  aux_0.acc_seg: 81.7013
2026/07/26 23:48:48 - mmengine - INFO - Iter(train) [122900/160000]  lr: 2.1721e-02  eta: 3:52:35  time: 0.3763  data_time: 0.0282  memory: 9885  loss: 0.9880  decode.loss_ohem: 0.7066  decode.acc_seg: 93.3580  aux_0.loss_ce: 0.2814  aux_0.acc_seg: 90.8610
2026/07/26 23:49:26 - mmengine - INFO - Exp name: dsanet_cityscapes_512x1024_20260726_105256
2026/07/26 23:49:26 - mmengine - INFO - Iter(train) [123000/160000]  lr: 2.1668e-02  eta: 3:51:57  time: 0.3763  data_time: 0.0276  memory: 9885  loss: 1.0026  decode.loss_ohem: 0.6854  decode.acc_seg: 93.5869  aux_0.loss_ce: 0.3173  aux_0.acc_seg: 87.9715
2026/07/26 23:50:04 - mmengine - INFO - Iter(train) [123100/160000]  lr: 2.1616e-02  eta: 3:51:20  time: 0.3775  data_time: 0.0285  memory: 9884  loss: 1.0472  decode.loss_ohem: 0.7392  decode.acc_seg: 92.0550  aux_0.loss_ce: 0.3080  aux_0.acc_seg: 86.2073
2026/07/26 23:50:42 - mmengine - INFO - Iter(train) [123200/160000]  lr: 2.1563e-02  eta: 3:50:42  time: 0.3773  data_time: 0.0279  memory: 9885  loss: 1.1021  decode.loss_ohem: 0.7542  decode.acc_seg: 88.4585  aux_0.loss_ce: 0.3479  aux_0.acc_seg: 82.0153
2026/07/26 23:51:19 - mmengine - INFO - Iter(train) [123300/160000]  lr: 2.1510e-02  eta: 3:50:05  time: 0.3749  data_time: 0.0271  memory: 9886  loss: 1.0108  decode.loss_ohem: 0.7327  decode.acc_seg: 92.3123  aux_0.loss_ce: 0.2781  aux_0.acc_seg: 89.5502
2026/07/26 23:51:57 - mmengine - INFO - Iter(train) [123400/160000]  lr: 2.1458e-02  eta: 3:49:27  time: 0.3764  data_time: 0.0282  memory: 9887  loss: 1.0042  decode.loss_ohem: 0.7083  decode.acc_seg: 93.8614  aux_0.loss_ce: 0.2960  aux_0.acc_seg: 90.6861
2026/07/26 23:52:35 - mmengine - INFO - Iter(train) [123500/160000]  lr: 2.1405e-02  eta: 3:48:49  time: 0.3785  data_time: 0.0293  memory: 9885  loss: 1.0029  decode.loss_ohem: 0.7057  decode.acc_seg: 93.5073  aux_0.loss_ce: 0.2972  aux_0.acc_seg: 90.5709
2026/07/26 23:53:13 - mmengine - INFO - Iter(train) [123600/160000]  lr: 2.1352e-02  eta: 3:48:12  time: 0.3780  data_time: 0.0287  memory: 9884  loss: 1.0978  decode.loss_ohem: 0.7789  decode.acc_seg: 93.7710  aux_0.loss_ce: 0.3188  aux_0.acc_seg: 89.8377
2026/07/26 23:53:50 - mmengine - INFO - Iter(train) [123700/160000]  lr: 2.1299e-02  eta: 3:47:34  time: 0.3765  data_time: 0.0277  memory: 9885  loss: 1.0026  decode.loss_ohem: 0.6829  decode.acc_seg: 94.1913  aux_0.loss_ce: 0.3197  aux_0.acc_seg: 92.1502
2026/07/26 23:54:28 - mmengine - INFO - Iter(train) [123800/160000]  lr: 2.1247e-02  eta: 3:46:57  time: 0.3805  data_time: 0.0303  memory: 9885  loss: 1.0160  decode.loss_ohem: 0.7101  decode.acc_seg: 93.3779  aux_0.loss_ce: 0.3059  aux_0.acc_seg: 90.1195
2026/07/26 23:55:06 - mmengine - INFO - Iter(train) [123900/160000]  lr: 2.1194e-02  eta: 3:46:19  time: 0.3793  data_time: 0.0298  memory: 9885  loss: 1.0728  decode.loss_ohem: 0.7665  decode.acc_seg: 92.1397  aux_0.loss_ce: 0.3063  aux_0.acc_seg: 84.0746
2026/07/26 23:55:44 - mmengine - INFO - Exp name: dsanet_cityscapes_512x1024_20260726_105256
2026/07/26 23:55:44 - mmengine - INFO - Iter(train) [124000/160000]  lr: 2.1141e-02  eta: 3:45:41  time: 0.3755  data_time: 0.0271  memory: 9888  loss: 1.0598  decode.loss_ohem: 0.7269  decode.acc_seg: 93.3249  aux_0.loss_ce: 0.3329  aux_0.acc_seg: 89.9669
2026/07/26 23:56:21 - mmengine - INFO - Iter(train) [124100/160000]  lr: 2.1088e-02  eta: 3:45:04  time: 0.3784  data_time: 0.0294  memory: 9889  loss: 1.0210  decode.loss_ohem: 0.7333  decode.acc_seg: 93.6412  aux_0.loss_ce: 0.2877  aux_0.acc_seg: 88.1154
2026/07/26 23:56:59 - mmengine - INFO - Iter(train) [124200/160000]  lr: 2.1035e-02  eta: 3:44:26  time: 0.3772  data_time: 0.0279  memory: 9887  loss: 0.9634  decode.loss_ohem: 0.6522  decode.acc_seg: 91.9204  aux_0.loss_ce: 0.3112  aux_0.acc_seg: 91.0382
2026/07/26 23:57:37 - mmengine - INFO - Iter(train) [124300/160000]  lr: 2.0982e-02  eta: 3:43:49  time: 0.3762  data_time: 0.0281  memory: 9885  loss: 1.0583  decode.loss_ohem: 0.7429  decode.acc_seg: 93.3605  aux_0.loss_ce: 0.3154  aux_0.acc_seg: 87.2428
2026/07/26 23:58:14 - mmengine - INFO - Iter(train) [124400/160000]  lr: 2.0930e-02  eta: 3:43:11  time: 0.3768  data_time: 0.0281  memory: 9885  loss: 1.0162  decode.loss_ohem: 0.7091  decode.acc_seg: 92.7245  aux_0.loss_ce: 0.3071  aux_0.acc_seg: 90.1830
2026/07/26 23:58:52 - mmengine - INFO - Iter(train) [124500/160000]  lr: 2.0877e-02  eta: 3:42:33  time: 0.3781  data_time: 0.0291  memory: 9886  loss: 0.9618  decode.loss_ohem: 0.6788  decode.acc_seg: 94.3566  aux_0.loss_ce: 0.2830  aux_0.acc_seg: 88.7243
2026/07/26 23:59:30 - mmengine - INFO - Iter(train) [124600/160000]  lr: 2.0824e-02  eta: 3:41:56  time: 0.3781  data_time: 0.0289  memory: 9884  loss: 0.9895  decode.loss_ohem: 0.7102  decode.acc_seg: 94.2303  aux_0.loss_ce: 0.2794  aux_0.acc_seg: 91.3103
2026/07/27 00:00:07 - mmengine - INFO - Iter(train) [124700/160000]  lr: 2.0771e-02  eta: 3:41:18  time: 0.3766  data_time: 0.0277  memory: 9884  loss: 0.9916  decode.loss_ohem: 0.6891  decode.acc_seg: 91.6020  aux_0.loss_ce: 0.3026  aux_0.acc_seg: 86.5019
2026/07/27 00:00:45 - mmengine - INFO - Iter(train) [124800/160000]  lr: 2.0718e-02  eta: 3:40:41  time: 0.3784  data_time: 0.0297  memory: 9887  loss: 1.0073  decode.loss_ohem: 0.7190  decode.acc_seg: 92.9390  aux_0.loss_ce: 0.2883  aux_0.acc_seg: 87.4482
2026/07/27 00:01:23 - mmengine - INFO - Iter(train) [124900/160000]  lr: 2.0665e-02  eta: 3:40:03  time: 0.3780  data_time: 0.0283  memory: 9886  loss: 1.2338  decode.loss_ohem: 0.8864  decode.acc_seg: 93.3102  aux_0.loss_ce: 0.3474  aux_0.acc_seg: 85.5989
2026/07/27 00:02:01 - mmengine - INFO - Exp name: dsanet_cityscapes_512x1024_20260726_105256
2026/07/27 00:02:01 - mmengine - INFO - Iter(train) [125000/160000]  lr: 2.0612e-02  eta: 3:39:25  time: 0.3761  data_time: 0.0281  memory: 9886  loss: 0.9886  decode.loss_ohem: 0.6937  decode.acc_seg: 91.1209  aux_0.loss_ce: 0.2949  aux_0.acc_seg: 86.4873
2026/07/27 00:02:01 - mmengine - INFO - Saving checkpoint at 125000 iterations
2026/07/27 00:02:06 - mmengine - INFO - Iter(val) [100/250]    eta: 0:00:07  time: 0.0471  data_time: 0.0092  memory: 729  
2026/07/27 00:02:11 - mmengine - INFO - Iter(val) [200/250]    eta: 0:00:02  time: 0.0475  data_time: 0.0094  memory: 729  
2026/07/27 00:02:13 - mmengine - INFO - per class results:
2026/07/27 00:02:13 - mmengine - INFO - 
+---------------+-------+-------+
|     Class     |  IoU  |  Acc  |
+---------------+-------+-------+
|      road     | 97.64 | 98.57 |
|    sidewalk   | 81.53 | 89.83 |
|    building   | 89.63 | 95.79 |
|      wall     | 39.16 | 45.35 |
|     fence     | 40.59 | 43.54 |
|      pole     | 57.43 | 69.57 |
| traffic light | 57.03 | 70.99 |
|  traffic sign | 68.86 | 77.98 |
|   vegetation  | 90.12 |  94.6 |
|    terrain    |  54.4 |  79.8 |
|      sky      | 93.31 | 96.33 |
|     person    | 74.05 | 89.96 |
|     rider     | 50.47 | 65.61 |
|      car      | 90.83 | 97.83 |
|     truck     | 57.43 | 63.42 |
|      bus      | 70.77 | 74.32 |
|     train     | 43.85 | 87.46 |
|   motorcycle  | 47.19 |  64.0 |
|    bicycle    | 65.78 | 75.01 |
+---------------+-------+-------+
2026/07/27 00:02:13 - mmengine - INFO - Iter(val) [250/250]    aAcc: 94.4700  mIoU: 66.8500  mAcc: 77.8900  data_time: 0.0105  time: 0.0485
2026/07/27 00:02:51 - mmengine - INFO - Iter(train) [125100/160000]  lr: 2.0559e-02  eta: 3:38:48  time: 0.3774  data_time: 0.0285  memory: 9887  loss: 1.0750  decode.loss_ohem: 0.7417  decode.acc_seg: 93.6431  aux_0.loss_ce: 0.3332  aux_0.acc_seg: 90.0242
2026/07/27 00:03:29 - mmengine - INFO - Iter(train) [125200/160000]  lr: 2.0506e-02  eta: 3:38:10  time: 0.3776  data_time: 0.0282  memory: 9885  loss: 1.0587  decode.loss_ohem: 0.7159  decode.acc_seg: 94.1866  aux_0.loss_ce: 0.3428  aux_0.acc_seg: 90.8059
2026/07/27 00:04:07 - mmengine - INFO - Iter(train) [125300/160000]  lr: 2.0453e-02  eta: 3:37:33  time: 0.3782  data_time: 0.0295  memory: 9885  loss: 1.1262  decode.loss_ohem: 0.7637  decode.acc_seg: 87.6950  aux_0.loss_ce: 0.3626  aux_0.acc_seg: 83.1921
2026/07/27 00:04:44 - mmengine - INFO - Iter(train) [125400/160000]  lr: 2.0400e-02  eta: 3:36:55  time: 0.3767  data_time: 0.0284  memory: 9885  loss: 1.0604  decode.loss_ohem: 0.7291  decode.acc_seg: 94.1125  aux_0.loss_ce: 0.3312  aux_0.acc_seg: 90.8130
2026/07/27 00:05:22 - mmengine - INFO - Iter(train) [125500/160000]  lr: 2.0347e-02  eta: 3:36:18  time: 0.3767  data_time: 0.0274  memory: 9885  loss: 1.0007  decode.loss_ohem: 0.6999  decode.acc_seg: 92.2131  aux_0.loss_ce: 0.3008  aux_0.acc_seg: 87.4771
2026/07/27 00:06:00 - mmengine - INFO - Iter(train) [125600/160000]  lr: 2.0294e-02  eta: 3:35:40  time: 0.3749  data_time: 0.0262  memory: 9885  loss: 1.0167  decode.loss_ohem: 0.7185  decode.acc_seg: 92.0407  aux_0.loss_ce: 0.2982  aux_0.acc_seg: 86.8190
2026/07/27 00:06:38 - mmengine - INFO - Iter(train) [125700/160000]  lr: 2.0241e-02  eta: 3:35:02  time: 0.3773  data_time: 0.0286  memory: 9885  loss: 1.0784  decode.loss_ohem: 0.7698  decode.acc_seg: 92.9123  aux_0.loss_ce: 0.3086  aux_0.acc_seg: 89.4509
2026/07/27 00:07:15 - mmengine - INFO - Iter(train) [125800/160000]  lr: 2.0188e-02  eta: 3:34:25  time: 0.3774  data_time: 0.0282  memory: 9885  loss: 0.9184  decode.loss_ohem: 0.6298  decode.acc_seg: 94.9500  aux_0.loss_ce: 0.2886  aux_0.acc_seg: 92.5725
2026/07/27 00:07:53 - mmengine - INFO - Iter(train) [125900/160000]  lr: 2.0135e-02  eta: 3:33:47  time: 0.3770  data_time: 0.0279  memory: 9885  loss: 1.0595  decode.loss_ohem: 0.7368  decode.acc_seg: 93.6552  aux_0.loss_ce: 0.3227  aux_0.acc_seg: 90.9976
2026/07/27 00:08:31 - mmengine - INFO - Exp name: dsanet_cityscapes_512x1024_20260726_105256
2026/07/27 00:08:31 - mmengine - INFO - Iter(train) [126000/160000]  lr: 2.0081e-02  eta: 3:33:10  time: 0.3762  data_time: 0.0278  memory: 9886  loss: 0.9490  decode.loss_ohem: 0.6742  decode.acc_seg: 92.9804  aux_0.loss_ce: 0.2748  aux_0.acc_seg: 89.8802
2026/07/27 00:09:08 - mmengine - INFO - Iter(train) [126100/160000]  lr: 2.0028e-02  eta: 3:32:32  time: 0.3765  data_time: 0.0278  memory: 9885  loss: 1.0294  decode.loss_ohem: 0.7210  decode.acc_seg: 93.4169  aux_0.loss_ce: 0.3083  aux_0.acc_seg: 89.3065
2026/07/27 00:09:46 - mmengine - INFO - Iter(train) [126200/160000]  lr: 1.9975e-02  eta: 3:31:54  time: 0.3752  data_time: 0.0281  memory: 9885  loss: 0.9745  decode.loss_ohem: 0.6871  decode.acc_seg: 92.3741  aux_0.loss_ce: 0.2874  aux_0.acc_seg: 87.9359
2026/07/27 00:10:24 - mmengine - INFO - Iter(train) [126300/160000]  lr: 1.9922e-02  eta: 3:31:17  time: 0.3752  data_time: 0.0272  memory: 9885  loss: 1.1635  decode.loss_ohem: 0.8003  decode.acc_seg: 94.2428  aux_0.loss_ce: 0.3632  aux_0.acc_seg: 90.8158
2026/07/27 00:11:01 - mmengine - INFO - Iter(train) [126400/160000]  lr: 1.9869e-02  eta: 3:30:39  time: 0.3747  data_time: 0.0271  memory: 9885  loss: 1.0458  decode.loss_ohem: 0.7586  decode.acc_seg: 93.3369  aux_0.loss_ce: 0.2872  aux_0.acc_seg: 89.7454
2026/07/27 00:11:39 - mmengine - INFO - Iter(train) [126500/160000]  lr: 1.9816e-02  eta: 3:30:01  time: 0.3773  data_time: 0.0290  memory: 9885  loss: 1.0389  decode.loss_ohem: 0.7138  decode.acc_seg: 92.8601  aux_0.loss_ce: 0.3250  aux_0.acc_seg: 89.8665
2026/07/27 00:12:17 - mmengine - INFO - Iter(train) [126600/160000]  lr: 1.9762e-02  eta: 3:29:24  time: 0.3767  data_time: 0.0283  memory: 9886  loss: 0.9678  decode.loss_ohem: 0.6697  decode.acc_seg: 93.2077  aux_0.loss_ce: 0.2982  aux_0.acc_seg: 89.6776
2026/07/27 00:12:54 - mmengine - INFO - Iter(train) [126700/160000]  lr: 1.9709e-02  eta: 3:28:46  time: 0.3783  data_time: 0.0294  memory: 9885  loss: 1.0419  decode.loss_ohem: 0.7381  decode.acc_seg: 93.4495  aux_0.loss_ce: 0.3038  aux_0.acc_seg: 88.9846
2026/07/27 00:13:32 - mmengine - INFO - Iter(train) [126800/160000]  lr: 1.9656e-02  eta: 3:28:09  time: 0.3763  data_time: 0.0279  memory: 9885  loss: 1.0890  decode.loss_ohem: 0.7840  decode.acc_seg: 88.8431  aux_0.loss_ce: 0.3051  aux_0.acc_seg: 84.7675
2026/07/27 00:14:10 - mmengine - INFO - Iter(train) [126900/160000]  lr: 1.9603e-02  eta: 3:27:31  time: 0.3743  data_time: 0.0268  memory: 9885  loss: 0.9816  decode.loss_ohem: 0.6874  decode.acc_seg: 92.6315  aux_0.loss_ce: 0.2942  aux_0.acc_seg: 88.7915
2026/07/27 00:14:47 - mmengine - INFO - Exp name: dsanet_cityscapes_512x1024_20260726_105256
2026/07/27 00:14:47 - mmengine - INFO - Iter(train) [127000/160000]  lr: 1.9549e-02  eta: 3:26:53  time: 0.3757  data_time: 0.0278  memory: 9884  loss: 1.0652  decode.loss_ohem: 0.7557  decode.acc_seg: 94.0856  aux_0.loss_ce: 0.3095  aux_0.acc_seg: 90.3492
2026/07/27 00:15:25 - mmengine - INFO - Iter(train) [127100/160000]  lr: 1.9496e-02  eta: 3:26:16  time: 0.3761  data_time: 0.0281  memory: 9886  loss: 0.9540  decode.loss_ohem: 0.6804  decode.acc_seg: 92.8102  aux_0.loss_ce: 0.2736  aux_0.acc_seg: 90.0728
2026/07/27 00:16:02 - mmengine - INFO - Iter(train) [127200/160000]  lr: 1.9443e-02  eta: 3:25:38  time: 0.3760  data_time: 0.0282  memory: 9885  loss: 1.0231  decode.loss_ohem: 0.7069  decode.acc_seg: 94.3983  aux_0.loss_ce: 0.3161  aux_0.acc_seg: 88.8319
2026/07/27 00:16:40 - mmengine - INFO - Iter(train) [127300/160000]  lr: 1.9389e-02  eta: 3:25:01  time: 0.3759  data_time: 0.0277  memory: 9886  loss: 1.0476  decode.loss_ohem: 0.7775  decode.acc_seg: 94.0605  aux_0.loss_ce: 0.2700  aux_0.acc_seg: 89.9558
2026/07/27 00:17:18 - mmengine - INFO - Iter(train) [127400/160000]  lr: 1.9336e-02  eta: 3:24:23  time: 0.3751  data_time: 0.0278  memory: 9885  loss: 0.9804  decode.loss_ohem: 0.6971  decode.acc_seg: 92.2115  aux_0.loss_ce: 0.2833  aux_0.acc_seg: 91.2476
2026/07/27 00:17:55 - mmengine - INFO - Iter(train) [127500/160000]  lr: 1.9283e-02  eta: 3:23:45  time: 0.3757  data_time: 0.0277  memory: 9885  loss: 0.9889  decode.loss_ohem: 0.7019  decode.acc_seg: 94.2782  aux_0.loss_ce: 0.2870  aux_0.acc_seg: 87.2364
2026/07/27 00:18:33 - mmengine - INFO - Iter(train) [127600/160000]  lr: 1.9229e-02  eta: 3:23:08  time: 0.3743  data_time: 0.0268  memory: 9885  loss: 1.0523  decode.loss_ohem: 0.7475  decode.acc_seg: 94.7020  aux_0.loss_ce: 0.3048  aux_0.acc_seg: 91.0347
2026/07/27 00:19:10 - mmengine - INFO - Iter(train) [127700/160000]  lr: 1.9176e-02  eta: 3:22:30  time: 0.3749  data_time: 0.0274  memory: 9885  loss: 0.9829  decode.loss_ohem: 0.6873  decode.acc_seg: 92.6658  aux_0.loss_ce: 0.2956  aux_0.acc_seg: 87.7645
2026/07/27 00:19:48 - mmengine - INFO - Iter(train) [127800/160000]  lr: 1.9122e-02  eta: 3:21:52  time: 0.3754  data_time: 0.0277  memory: 9885  loss: 1.0741  decode.loss_ohem: 0.7567  decode.acc_seg: 92.9566  aux_0.loss_ce: 0.3174  aux_0.acc_seg: 89.8730
2026/07/27 00:20:26 - mmengine - INFO - Iter(train) [127900/160000]  lr: 1.9069e-02  eta: 3:21:15  time: 0.3762  data_time: 0.0278  memory: 9884  loss: 1.0501  decode.loss_ohem: 0.7464  decode.acc_seg: 91.9410  aux_0.loss_ce: 0.3037  aux_0.acc_seg: 88.6389
2026/07/27 00:21:03 - mmengine - INFO - Exp name: dsanet_cityscapes_512x1024_20260726_105256
2026/07/27 00:21:03 - mmengine - INFO - Iter(train) [128000/160000]  lr: 1.9016e-02  eta: 3:20:37  time: 0.3758  data_time: 0.0281  memory: 9884  loss: 0.9655  decode.loss_ohem: 0.6786  decode.acc_seg: 93.9044  aux_0.loss_ce: 0.2869  aux_0.acc_seg: 89.1111
2026/07/27 00:21:41 - mmengine - INFO - Iter(train) [128100/160000]  lr: 1.8962e-02  eta: 3:19:59  time: 0.3759  data_time: 0.0277  memory: 9885  loss: 1.0179  decode.loss_ohem: 0.7175  decode.acc_seg: 93.9988  aux_0.loss_ce: 0.3005  aux_0.acc_seg: 87.3528
2026/07/27 00:22:18 - mmengine - INFO - Iter(train) [128200/160000]  lr: 1.8909e-02  eta: 3:19:22  time: 0.3768  data_time: 0.0280  memory: 9884  loss: 0.9985  decode.loss_ohem: 0.7142  decode.acc_seg: 93.7993  aux_0.loss_ce: 0.2843  aux_0.acc_seg: 89.9604
2026/07/27 00:22:56 - mmengine - INFO - Iter(train) [128300/160000]  lr: 1.8855e-02  eta: 3:18:44  time: 0.3764  data_time: 0.0274  memory: 9886  loss: 1.0103  decode.loss_ohem: 0.6953  decode.acc_seg: 93.1982  aux_0.loss_ce: 0.3150  aux_0.acc_seg: 88.0223
2026/07/27 00:23:34 - mmengine - INFO - Iter(train) [128400/160000]  lr: 1.8802e-02  eta: 3:18:07  time: 0.3776  data_time: 0.0284  memory: 9885  loss: 1.0424  decode.loss_ohem: 0.7532  decode.acc_seg: 92.6581  aux_0.loss_ce: 0.2892  aux_0.acc_seg: 89.1917
2026/07/27 00:24:11 - mmengine - INFO - Iter(train) [128500/160000]  lr: 1.8748e-02  eta: 3:17:29  time: 0.3749  data_time: 0.0270  memory: 9886  loss: 1.0071  decode.loss_ohem: 0.6991  decode.acc_seg: 93.8271  aux_0.loss_ce: 0.3080  aux_0.acc_seg: 89.3539
2026/07/27 00:24:49 - mmengine - INFO - Iter(train) [128600/160000]  lr: 1.8695e-02  eta: 3:16:51  time: 0.3754  data_time: 0.0277  memory: 9884  loss: 0.9798  decode.loss_ohem: 0.6813  decode.acc_seg: 93.9142  aux_0.loss_ce: 0.2985  aux_0.acc_seg: 89.8842
2026/07/27 00:25:27 - mmengine - INFO - Iter(train) [128700/160000]  lr: 1.8641e-02  eta: 3:16:14  time: 0.3739  data_time: 0.0268  memory: 9884  loss: 1.0180  decode.loss_ohem: 0.7441  decode.acc_seg: 95.4397  aux_0.loss_ce: 0.2739  aux_0.acc_seg: 93.6033
2026/07/27 00:26:04 - mmengine - INFO - Iter(train) [128800/160000]  lr: 1.8587e-02  eta: 3:15:36  time: 0.3750  data_time: 0.0277  memory: 9884  loss: 1.0225  decode.loss_ohem: 0.7081  decode.acc_seg: 92.6621  aux_0.loss_ce: 0.3145  aux_0.acc_seg: 87.8707
2026/07/27 00:26:42 - mmengine - INFO - Iter(train) [128900/160000]  lr: 1.8534e-02  eta: 3:14:58  time: 0.3755  data_time: 0.0276  memory: 9885  loss: 1.0282  decode.loss_ohem: 0.7503  decode.acc_seg: 92.9916  aux_0.loss_ce: 0.2779  aux_0.acc_seg: 89.7708
2026/07/27 00:27:19 - mmengine - INFO - Exp name: dsanet_cityscapes_512x1024_20260726_105256
2026/07/27 00:27:19 - mmengine - INFO - Iter(train) [129000/160000]  lr: 1.8480e-02  eta: 3:14:21  time: 0.3742  data_time: 0.0269  memory: 9887  loss: 1.0302  decode.loss_ohem: 0.7257  decode.acc_seg: 92.8997  aux_0.loss_ce: 0.3044  aux_0.acc_seg: 88.4024
2026/07/27 00:27:57 - mmengine - INFO - Iter(train) [129100/160000]  lr: 1.8427e-02  eta: 3:13:43  time: 0.3737  data_time: 0.0265  memory: 9884  loss: 1.0120  decode.loss_ohem: 0.7053  decode.acc_seg: 93.4520  aux_0.loss_ce: 0.3067  aux_0.acc_seg: 88.9317
2026/07/27 00:28:34 - mmengine - INFO - Iter(train) [129200/160000]  lr: 1.8373e-02  eta: 3:13:06  time: 0.3738  data_time: 0.0258  memory: 9885  loss: 0.9761  decode.loss_ohem: 0.6797  decode.acc_seg: 93.3768  aux_0.loss_ce: 0.2965  aux_0.acc_seg: 86.2767
2026/07/27 00:29:12 - mmengine - INFO - Iter(train) [129300/160000]  lr: 1.8319e-02  eta: 3:12:28  time: 0.3747  data_time: 0.0270  memory: 9885  loss: 0.9512  decode.loss_ohem: 0.6402  decode.acc_seg: 91.4240  aux_0.loss_ce: 0.3110  aux_0.acc_seg: 85.8290
2026/07/27 00:29:49 - mmengine - INFO - Iter(train) [129400/160000]  lr: 1.8266e-02  eta: 3:11:50  time: 0.3739  data_time: 0.0270  memory: 9885  loss: 1.0060  decode.loss_ohem: 0.7125  decode.acc_seg: 93.3742  aux_0.loss_ce: 0.2936  aux_0.acc_seg: 87.5703
2026/07/27 00:30:27 - mmengine - INFO - Iter(train) [129500/160000]  lr: 1.8212e-02  eta: 3:11:13  time: 0.3737  data_time: 0.0271  memory: 9884  loss: 1.0766  decode.loss_ohem: 0.7604  decode.acc_seg: 89.9368  aux_0.loss_ce: 0.3162  aux_0.acc_seg: 86.4671
2026/07/27 00:31:04 - mmengine - INFO - Iter(train) [129600/160000]  lr: 1.8158e-02  eta: 3:10:35  time: 0.3756  data_time: 0.0278  memory: 9886  loss: 1.0234  decode.loss_ohem: 0.7276  decode.acc_seg: 93.0210  aux_0.loss_ce: 0.2959  aux_0.acc_seg: 89.0817
2026/07/27 00:31:42 - mmengine - INFO - Iter(train) [129700/160000]  lr: 1.8104e-02  eta: 3:09:57  time: 0.3744  data_time: 0.0264  memory: 9885  loss: 1.0036  decode.loss_ohem: 0.7256  decode.acc_seg: 93.6527  aux_0.loss_ce: 0.2779  aux_0.acc_seg: 90.4038
2026/07/27 00:32:19 - mmengine - INFO - Iter(train) [129800/160000]  lr: 1.8051e-02  eta: 3:09:20  time: 0.3738  data_time: 0.0269  memory: 9884  loss: 1.0743  decode.loss_ohem: 0.7697  decode.acc_seg: 93.0642  aux_0.loss_ce: 0.3046  aux_0.acc_seg: 88.3600
2026/07/27 00:32:57 - mmengine - INFO - Iter(train) [129900/160000]  lr: 1.7997e-02  eta: 3:08:42  time: 0.3766  data_time: 0.0289  memory: 9886  loss: 1.0263  decode.loss_ohem: 0.7058  decode.acc_seg: 93.0333  aux_0.loss_ce: 0.3205  aux_0.acc_seg: 89.6023
2026/07/27 00:33:34 - mmengine - INFO - Exp name: dsanet_cityscapes_512x1024_20260726_105256
2026/07/27 00:33:34 - mmengine - INFO - Iter(train) [130000/160000]  lr: 1.7943e-02  eta: 3:08:04  time: 0.3746  data_time: 0.0274  memory: 9885  loss: 1.0239  decode.loss_ohem: 0.7035  decode.acc_seg: 93.4804  aux_0.loss_ce: 0.3204  aux_0.acc_seg: 87.1354
2026/07/27 00:33:34 - mmengine - INFO - Saving checkpoint at 130000 iterations
2026/07/27 00:33:39 - mmengine - INFO - Iter(val) [100/250]    eta: 0:00:07  time: 0.0459  data_time: 0.0083  memory: 729  
2026/07/27 00:33:44 - mmengine - INFO - Iter(val) [200/250]    eta: 0:00:02  time: 0.0474  data_time: 0.0091  memory: 729  
2026/07/27 00:33:47 - mmengine - INFO - per class results:
2026/07/27 00:33:47 - mmengine - INFO - 
+---------------+-------+-------+
|     Class     |  IoU  |  Acc  |
+---------------+-------+-------+
|      road     | 97.68 | 98.78 |
|    sidewalk   | 82.17 | 89.64 |
|    building   | 90.63 | 95.33 |
|      wall     | 45.88 | 54.61 |
|     fence     | 53.14 | 73.74 |
|      pole     | 58.07 | 73.48 |
| traffic light | 59.73 | 72.79 |
|  traffic sign | 70.65 | 78.71 |
|   vegetation  | 90.98 | 94.71 |
|    terrain    | 57.91 | 79.82 |
|      sky      | 93.49 | 97.78 |
|     person    | 74.93 |  91.6 |
|     rider     | 50.02 | 59.21 |
|      car      | 93.09 | 97.15 |
|     truck     |  66.6 | 73.68 |
|      bus      |  79.5 | 86.45 |
|     train     | 69.64 | 86.92 |
|   motorcycle  | 45.95 | 49.96 |
|    bicycle    |  70.1 | 81.96 |
+---------------+-------+-------+
2026/07/27 00:33:47 - mmengine - INFO - Iter(val) [250/250]    aAcc: 94.9700  mIoU: 71.0600  mAcc: 80.8600  data_time: 0.0101  time: 0.0477
2026/07/27 00:33:47 - mmengine - INFO - The previous best checkpoint /root/autodl-tmp/DSANet-main/tools/work_dirs/dsanet_cityscapes_512x1024/best_mIoU_iter_110000.pth is removed
2026/07/27 00:33:47 - mmengine - INFO - The best checkpoint with 71.0600 mIoU at 130000 iter is saved to best_mIoU_iter_130000.pth.
2026/07/27 00:34:25 - mmengine - INFO - Iter(train) [130100/160000]  lr: 1.7889e-02  eta: 3:07:27  time: 0.3742  data_time: 0.0268  memory: 9884  loss: 1.0269  decode.loss_ohem: 0.7291  decode.acc_seg: 94.3061  aux_0.loss_ce: 0.2977  aux_0.acc_seg: 91.4888
2026/07/27 00:35:02 - mmengine - INFO - Iter(train) [130200/160000]  lr: 1.7835e-02  eta: 3:06:49  time: 0.3749  data_time: 0.0279  memory: 9884  loss: 0.9443  decode.loss_ohem: 0.6682  decode.acc_seg: 94.0301  aux_0.loss_ce: 0.2761  aux_0.acc_seg: 90.2652
2026/07/27 00:35:40 - mmengine - INFO - Iter(train) [130300/160000]  lr: 1.7782e-02  eta: 3:06:12  time: 0.3742  data_time: 0.0269  memory: 9884  loss: 0.9952  decode.loss_ohem: 0.6897  decode.acc_seg: 94.5381  aux_0.loss_ce: 0.3056  aux_0.acc_seg: 90.8443
2026/07/27 00:36:17 - mmengine - INFO - Iter(train) [130400/160000]  lr: 1.7728e-02  eta: 3:05:34  time: 0.3734  data_time: 0.0263  memory: 9884  loss: 0.9705  decode.loss_ohem: 0.6825  decode.acc_seg: 93.2961  aux_0.loss_ce: 0.2880  aux_0.acc_seg: 89.8297
2026/07/27 00:36:55 - mmengine - INFO - Iter(train) [130500/160000]  lr: 1.7674e-02  eta: 3:04:56  time: 0.3739  data_time: 0.0272  memory: 9885  loss: 1.0696  decode.loss_ohem: 0.7579  decode.acc_seg: 93.4003  aux_0.loss_ce: 0.3117  aux_0.acc_seg: 86.4949
2026/07/27 00:37:32 - mmengine - INFO - Iter(train) [130600/160000]  lr: 1.7620e-02  eta: 3:04:19  time: 0.3752  data_time: 0.0275  memory: 9885  loss: 1.0222  decode.loss_ohem: 0.7151  decode.acc_seg: 90.4423  aux_0.loss_ce: 0.3071  aux_0.acc_seg: 85.8168
2026/07/27 00:38:10 - mmengine - INFO - Iter(train) [130700/160000]  lr: 1.7566e-02  eta: 3:03:41  time: 0.3742  data_time: 0.0261  memory: 9886  loss: 1.1259  decode.loss_ohem: 0.8075  decode.acc_seg: 91.5809  aux_0.loss_ce: 0.3184  aux_0.acc_seg: 89.2323
2026/07/27 00:38:47 - mmengine - INFO - Iter(train) [130800/160000]  lr: 1.7512e-02  eta: 3:03:03  time: 0.3756  data_time: 0.0273  memory: 9885  loss: 1.0052  decode.loss_ohem: 0.7070  decode.acc_seg: 94.7374  aux_0.loss_ce: 0.2982  aux_0.acc_seg: 90.5255
2026/07/27 00:39:25 - mmengine - INFO - Iter(train) [130900/160000]  lr: 1.7458e-02  eta: 3:02:26  time: 0.3752  data_time: 0.0271  memory: 9885  loss: 0.9726  decode.loss_ohem: 0.6765  decode.acc_seg: 94.1276  aux_0.loss_ce: 0.2961  aux_0.acc_seg: 91.4041
2026/07/27 00:40:02 - mmengine - INFO - Exp name: dsanet_cityscapes_512x1024_20260726_105256
2026/07/27 00:40:02 - mmengine - INFO - Iter(train) [131000/160000]  lr: 1.7404e-02  eta: 3:01:48  time: 0.3764  data_time: 0.0281  memory: 9885  loss: 1.0274  decode.loss_ohem: 0.7214  decode.acc_seg: 93.1315  aux_0.loss_ce: 0.3060  aux_0.acc_seg: 90.2100
2026/07/27 00:40:40 - mmengine - INFO - Iter(train) [131100/160000]  lr: 1.7350e-02  eta: 3:01:10  time: 0.3760  data_time: 0.0283  memory: 9886  loss: 0.9806  decode.loss_ohem: 0.6888  decode.acc_seg: 94.8539  aux_0.loss_ce: 0.2919  aux_0.acc_seg: 89.6317
2026/07/27 00:41:17 - mmengine - INFO - Iter(train) [131200/160000]  lr: 1.7296e-02  eta: 3:00:33  time: 0.3744  data_time: 0.0276  memory: 9885  loss: 0.9938  decode.loss_ohem: 0.7147  decode.acc_seg: 93.4441  aux_0.loss_ce: 0.2791  aux_0.acc_seg: 89.5788
2026/07/27 00:41:55 - mmengine - INFO - Iter(train) [131300/160000]  lr: 1.7242e-02  eta: 2:59:55  time: 0.3760  data_time: 0.0276  memory: 9884  loss: 1.0504  decode.loss_ohem: 0.7179  decode.acc_seg: 93.8515  aux_0.loss_ce: 0.3325  aux_0.acc_seg: 87.1038
2026/07/27 00:42:32 - mmengine - INFO - Iter(train) [131400/160000]  lr: 1.7188e-02  eta: 2:59:17  time: 0.3750  data_time: 0.0270  memory: 9884  loss: 1.0854  decode.loss_ohem: 0.7726  decode.acc_seg: 94.6794  aux_0.loss_ce: 0.3128  aux_0.acc_seg: 90.0661
2026/07/27 00:43:10 - mmengine - INFO - Iter(train) [131500/160000]  lr: 1.7134e-02  eta: 2:58:40  time: 0.3749  data_time: 0.0270  memory: 9885  loss: 1.0523  decode.loss_ohem: 0.7305  decode.acc_seg: 93.6502  aux_0.loss_ce: 0.3218  aux_0.acc_seg: 89.4559
2026/07/27 00:43:47 - mmengine - INFO - Iter(train) [131600/160000]  lr: 1.7080e-02  eta: 2:58:02  time: 0.3771  data_time: 0.0285  memory: 9885  loss: 1.0882  decode.loss_ohem: 0.7573  decode.acc_seg: 91.9699  aux_0.loss_ce: 0.3308  aux_0.acc_seg: 86.9910
2026/07/27 00:44:25 - mmengine - INFO - Iter(train) [131700/160000]  lr: 1.7026e-02  eta: 2:57:24  time: 0.3758  data_time: 0.0279  memory: 9885  loss: 1.0710  decode.loss_ohem: 0.7639  decode.acc_seg: 92.5761  aux_0.loss_ce: 0.3071  aux_0.acc_seg: 88.8791
2026/07/27 00:45:02 - mmengine - INFO - Iter(train) [131800/160000]  lr: 1.6972e-02  eta: 2:56:47  time: 0.3733  data_time: 0.0260  memory: 9886  loss: 0.9655  decode.loss_ohem: 0.6964  decode.acc_seg: 93.0553  aux_0.loss_ce: 0.2691  aux_0.acc_seg: 87.9601
2026/07/27 00:45:40 - mmengine - INFO - Iter(train) [131900/160000]  lr: 1.6918e-02  eta: 2:56:09  time: 0.3745  data_time: 0.0267  memory: 9885  loss: 0.9777  decode.loss_ohem: 0.7109  decode.acc_seg: 92.1263  aux_0.loss_ce: 0.2668  aux_0.acc_seg: 88.2674
2026/07/27 00:46:18 - mmengine - INFO - Exp name: dsanet_cityscapes_512x1024_20260726_105256
2026/07/27 00:46:18 - mmengine - INFO - Iter(train) [132000/160000]  lr: 1.6863e-02  eta: 2:55:32  time: 0.3761  data_time: 0.0274  memory: 9885  loss: 1.0154  decode.loss_ohem: 0.6889  decode.acc_seg: 93.7106  aux_0.loss_ce: 0.3265  aux_0.acc_seg: 91.3700
2026/07/27 00:46:55 - mmengine - INFO - Iter(train) [132100/160000]  lr: 1.6809e-02  eta: 2:54:54  time: 0.3774  data_time: 0.0285  memory: 9885  loss: 1.0230  decode.loss_ohem: 0.7253  decode.acc_seg: 93.1765  aux_0.loss_ce: 0.2977  aux_0.acc_seg: 88.8633
2026/07/27 00:47:33 - mmengine - INFO - Iter(train) [132200/160000]  lr: 1.6755e-02  eta: 2:54:16  time: 0.3734  data_time: 0.0261  memory: 9885  loss: 1.0179  decode.loss_ohem: 0.7121  decode.acc_seg: 92.6750  aux_0.loss_ce: 0.3057  aux_0.acc_seg: 87.6699
2026/07/27 00:48:10 - mmengine - INFO - Iter(train) [132300/160000]  lr: 1.6701e-02  eta: 2:53:39  time: 0.3754  data_time: 0.0278  memory: 9885  loss: 1.0166  decode.loss_ohem: 0.7120  decode.acc_seg: 91.4851  aux_0.loss_ce: 0.3046  aux_0.acc_seg: 86.4632
2026/07/27 00:48:48 - mmengine - INFO - Iter(train) [132400/160000]  lr: 1.6647e-02  eta: 2:53:01  time: 0.3789  data_time: 0.0300  memory: 9884  loss: 1.0035  decode.loss_ohem: 0.7258  decode.acc_seg: 92.8248  aux_0.loss_ce: 0.2777  aux_0.acc_seg: 89.8867
2026/07/27 00:49:26 - mmengine - INFO - Iter(train) [132500/160000]  lr: 1.6592e-02  eta: 2:52:23  time: 0.3743  data_time: 0.0269  memory: 9885  loss: 1.0562  decode.loss_ohem: 0.7643  decode.acc_seg: 93.0741  aux_0.loss_ce: 0.2920  aux_0.acc_seg: 89.4209
2026/07/27 00:50:03 - mmengine - INFO - Iter(train) [132600/160000]  lr: 1.6538e-02  eta: 2:51:46  time: 0.3753  data_time: 0.0271  memory: 9885  loss: 1.0193  decode.loss_ohem: 0.7015  decode.acc_seg: 92.6469  aux_0.loss_ce: 0.3178  aux_0.acc_seg: 89.7682
2026/07/27 00:50:41 - mmengine - INFO - Iter(train) [132700/160000]  lr: 1.6484e-02  eta: 2:51:08  time: 0.3747  data_time: 0.0272  memory: 9886  loss: 1.0328  decode.loss_ohem: 0.7268  decode.acc_seg: 91.3463  aux_0.loss_ce: 0.3060  aux_0.acc_seg: 90.6996
2026/07/27 00:51:18 - mmengine - INFO - Iter(train) [132800/160000]  lr: 1.6429e-02  eta: 2:50:31  time: 0.3772  data_time: 0.0282  memory: 9885  loss: 1.0005  decode.loss_ohem: 0.7102  decode.acc_seg: 94.6216  aux_0.loss_ce: 0.2903  aux_0.acc_seg: 90.8360
2026/07/27 00:51:56 - mmengine - INFO - Iter(train) [132900/160000]  lr: 1.6375e-02  eta: 2:49:53  time: 0.3760  data_time: 0.0277  memory: 9885  loss: 0.9938  decode.loss_ohem: 0.6996  decode.acc_seg: 94.1597  aux_0.loss_ce: 0.2943  aux_0.acc_seg: 91.1670
2026/07/27 00:52:33 - mmengine - INFO - Exp name: dsanet_cityscapes_512x1024_20260726_105256
2026/07/27 00:52:33 - mmengine - INFO - Iter(train) [133000/160000]  lr: 1.6321e-02  eta: 2:49:15  time: 0.3756  data_time: 0.0274  memory: 9885  loss: 0.9799  decode.loss_ohem: 0.6933  decode.acc_seg: 94.6447  aux_0.loss_ce: 0.2866  aux_0.acc_seg: 91.5234
2026/07/27 00:53:11 - mmengine - INFO - Iter(train) [133100/160000]  lr: 1.6266e-02  eta: 2:48:38  time: 0.3759  data_time: 0.0271  memory: 9883  loss: 0.9802  decode.loss_ohem: 0.6967  decode.acc_seg: 92.2345  aux_0.loss_ce: 0.2835  aux_0.acc_seg: 89.3996
2026/07/27 00:53:49 - mmengine - INFO - Iter(train) [133200/160000]  lr: 1.6212e-02  eta: 2:48:00  time: 0.3752  data_time: 0.0274  memory: 9885  loss: 0.8805  decode.loss_ohem: 0.6452  decode.acc_seg: 95.6022  aux_0.loss_ce: 0.2353  aux_0.acc_seg: 92.4767
2026/07/27 00:54:26 - mmengine - INFO - Iter(train) [133300/160000]  lr: 1.6158e-02  eta: 2:47:22  time: 0.3744  data_time: 0.0270  memory: 9885  loss: 1.0674  decode.loss_ohem: 0.7592  decode.acc_seg: 93.6814  aux_0.loss_ce: 0.3082  aux_0.acc_seg: 91.2250
2026/07/27 00:55:04 - mmengine - INFO - Iter(train) [133400/160000]  lr: 1.6103e-02  eta: 2:46:45  time: 0.3755  data_time: 0.0273  memory: 9883  loss: 1.0010  decode.loss_ohem: 0.7055  decode.acc_seg: 93.2876  aux_0.loss_ce: 0.2955  aux_0.acc_seg: 87.4768
2026/07/27 00:55:41 - mmengine - INFO - Iter(train) [133500/160000]  lr: 1.6049e-02  eta: 2:46:07  time: 0.3768  data_time: 0.0278  memory: 9885  loss: 0.9747  decode.loss_ohem: 0.6756  decode.acc_seg: 93.0294  aux_0.loss_ce: 0.2990  aux_0.acc_seg: 88.4832
2026/07/27 00:56:19 - mmengine - INFO - Iter(train) [133600/160000]  lr: 1.5994e-02  eta: 2:45:30  time: 0.3755  data_time: 0.0267  memory: 9885  loss: 1.0135  decode.loss_ohem: 0.6956  decode.acc_seg: 93.8714  aux_0.loss_ce: 0.3179  aux_0.acc_seg: 90.1537
2026/07/27 00:56:57 - mmengine - INFO - Iter(train) [133700/160000]  lr: 1.5940e-02  eta: 2:44:52  time: 0.3756  data_time: 0.0269  memory: 9886  loss: 1.0105  decode.loss_ohem: 0.7015  decode.acc_seg: 94.0738  aux_0.loss_ce: 0.3090  aux_0.acc_seg: 85.7815
2026/07/27 00:57:34 - mmengine - INFO - Iter(train) [133800/160000]  lr: 1.5885e-02  eta: 2:44:14  time: 0.3777  data_time: 0.0294  memory: 9885  loss: 1.0107  decode.loss_ohem: 0.7140  decode.acc_seg: 93.6563  aux_0.loss_ce: 0.2967  aux_0.acc_seg: 88.6472
2026/07/27 00:58:12 - mmengine - INFO - Iter(train) [133900/160000]  lr: 1.5831e-02  eta: 2:43:37  time: 0.3785  data_time: 0.0299  memory: 9886  loss: 0.9858  decode.loss_ohem: 0.6928  decode.acc_seg: 93.1565  aux_0.loss_ce: 0.2930  aux_0.acc_seg: 88.2406
2026/07/27 00:58:49 - mmengine - INFO - Exp name: dsanet_cityscapes_512x1024_20260726_105256
2026/07/27 00:58:49 - mmengine - INFO - Iter(train) [134000/160000]  lr: 1.5776e-02  eta: 2:42:59  time: 0.3775  data_time: 0.0284  memory: 9887  loss: 1.0070  decode.loss_ohem: 0.7106  decode.acc_seg: 91.1056  aux_0.loss_ce: 0.2964  aux_0.acc_seg: 89.7741
2026/07/27 00:59:27 - mmengine - INFO - Iter(train) [134100/160000]  lr: 1.5721e-02  eta: 2:42:21  time: 0.3773  data_time: 0.0285  memory: 9884  loss: 0.9699  decode.loss_ohem: 0.6951  decode.acc_seg: 93.3892  aux_0.loss_ce: 0.2748  aux_0.acc_seg: 87.9398
2026/07/27 01:00:05 - mmengine - INFO - Iter(train) [134200/160000]  lr: 1.5667e-02  eta: 2:41:44  time: 0.3754  data_time: 0.0268  memory: 9883  loss: 1.0099  decode.loss_ohem: 0.7030  decode.acc_seg: 93.8146  aux_0.loss_ce: 0.3070  aux_0.acc_seg: 91.4920
2026/07/27 01:00:42 - mmengine - INFO - Iter(train) [134300/160000]  lr: 1.5612e-02  eta: 2:41:06  time: 0.3757  data_time: 0.0278  memory: 9885  loss: 1.1417  decode.loss_ohem: 0.8024  decode.acc_seg: 88.3302  aux_0.loss_ce: 0.3393  aux_0.acc_seg: 86.1938
2026/07/27 01:01:20 - mmengine - INFO - Iter(train) [134400/160000]  lr: 1.5558e-02  eta: 2:40:29  time: 0.3761  data_time: 0.0278  memory: 9884  loss: 1.0122  decode.loss_ohem: 0.7169  decode.acc_seg: 92.6508  aux_0.loss_ce: 0.2953  aux_0.acc_seg: 88.6057
2026/07/27 01:01:58 - mmengine - INFO - Iter(train) [134500/160000]  lr: 1.5503e-02  eta: 2:39:51  time: 0.3763  data_time: 0.0276  memory: 9885  loss: 1.0679  decode.loss_ohem: 0.7507  decode.acc_seg: 90.1032  aux_0.loss_ce: 0.3172  aux_0.acc_seg: 86.4064
2026/07/27 01:02:35 - mmengine - INFO - Iter(train) [134600/160000]  lr: 1.5448e-02  eta: 2:39:13  time: 0.3745  data_time: 0.0268  memory: 9884  loss: 1.0135  decode.loss_ohem: 0.7094  decode.acc_seg: 92.9845  aux_0.loss_ce: 0.3041  aux_0.acc_seg: 88.2900
2026/07/27 01:03:13 - mmengine - INFO - Iter(train) [134700/160000]  lr: 1.5394e-02  eta: 2:38:36  time: 0.3757  data_time: 0.0281  memory: 9884  loss: 0.9461  decode.loss_ohem: 0.6828  decode.acc_seg: 92.0985  aux_0.loss_ce: 0.2633  aux_0.acc_seg: 87.1632
2026/07/27 01:03:50 - mmengine - INFO - Iter(train) [134800/160000]  lr: 1.5339e-02  eta: 2:37:58  time: 0.3753  data_time: 0.0275  memory: 9884  loss: 1.0204  decode.loss_ohem: 0.7180  decode.acc_seg: 93.1894  aux_0.loss_ce: 0.3023  aux_0.acc_seg: 89.6178
2026/07/27 01:04:28 - mmengine - INFO - Iter(train) [134900/160000]  lr: 1.5284e-02  eta: 2:37:21  time: 0.3753  data_time: 0.0273  memory: 9885  loss: 0.9763  decode.loss_ohem: 0.6851  decode.acc_seg: 94.6063  aux_0.loss_ce: 0.2912  aux_0.acc_seg: 90.4209
2026/07/27 01:05:06 - mmengine - INFO - Exp name: dsanet_cityscapes_512x1024_20260726_105256
2026/07/27 01:05:06 - mmengine - INFO - Iter(train) [135000/160000]  lr: 1.5229e-02  eta: 2:36:43  time: 0.3759  data_time: 0.0282  memory: 9884  loss: 1.0746  decode.loss_ohem: 0.7637  decode.acc_seg: 91.9530  aux_0.loss_ce: 0.3110  aux_0.acc_seg: 87.9008
2026/07/27 01:05:06 - mmengine - INFO - Saving checkpoint at 135000 iterations
2026/07/27 01:05:11 - mmengine - INFO - Iter(val) [100/250]    eta: 0:00:07  time: 0.0495  data_time: 0.0105  memory: 729  
2026/07/27 01:05:16 - mmengine - INFO - Iter(val) [200/250]    eta: 0:00:02  time: 0.0482  data_time: 0.0095  memory: 729  
2026/07/27 01:05:18 - mmengine - INFO - per class results:
2026/07/27 01:05:18 - mmengine - INFO - 
+---------------+-------+-------+
|     Class     |  IoU  |  Acc  |
+---------------+-------+-------+
|      road     | 97.84 | 98.69 |
|    sidewalk   | 81.35 | 92.41 |
|    building   | 90.46 | 94.34 |
|      wall     | 53.16 | 65.79 |
|     fence     | 55.19 |  73.0 |
|      pole     |  57.4 | 68.03 |
| traffic light | 60.02 | 73.54 |
|  traffic sign | 70.88 | 80.25 |
|   vegetation  | 90.96 | 96.85 |
|    terrain    |  55.8 | 61.29 |
|      sky      | 93.15 | 96.71 |
|     person    |  76.6 | 88.55 |
|     rider     | 55.66 | 73.21 |
|      car      | 93.35 | 96.77 |
|     truck     | 63.02 |  74.5 |
|      bus      | 81.16 | 89.99 |
|     train     | 72.76 | 76.61 |
|   motorcycle  | 49.83 | 57.25 |
|    bicycle    |  70.6 | 85.28 |
+---------------+-------+-------+
2026/07/27 01:05:18 - mmengine - INFO - Iter(val) [250/250]    aAcc: 95.0500  mIoU: 72.0600  mAcc: 81.2100  data_time: 0.0108  time: 0.0492
2026/07/27 01:05:18 - mmengine - INFO - The previous best checkpoint /root/autodl-tmp/DSANet-main/tools/work_dirs/dsanet_cityscapes_512x1024/best_mIoU_iter_130000.pth is removed
2026/07/27 01:05:19 - mmengine - INFO - The best checkpoint with 72.0600 mIoU at 135000 iter is saved to best_mIoU_iter_135000.pth.
2026/07/27 01:05:57 - mmengine - INFO - Iter(train) [135100/160000]  lr: 1.5174e-02  eta: 2:36:05  time: 0.3761  data_time: 0.0282  memory: 9885  loss: 1.0345  decode.loss_ohem: 0.7312  decode.acc_seg: 91.9971  aux_0.loss_ce: 0.3032  aux_0.acc_seg: 87.7673
2026/07/27 01:06:34 - mmengine - INFO - Iter(train) [135200/160000]  lr: 1.5120e-02  eta: 2:35:28  time: 0.3744  data_time: 0.0273  memory: 9884  loss: 0.9945  decode.loss_ohem: 0.7193  decode.acc_seg: 93.4622  aux_0.loss_ce: 0.2751  aux_0.acc_seg: 89.7312
2026/07/27 01:07:12 - mmengine - INFO - Iter(train) [135300/160000]  lr: 1.5065e-02  eta: 2:34:50  time: 0.3755  data_time: 0.0276  memory: 9884  loss: 1.0157  decode.loss_ohem: 0.7162  decode.acc_seg: 93.5322  aux_0.loss_ce: 0.2995  aux_0.acc_seg: 86.8890
2026/07/27 01:07:49 - mmengine - INFO - Iter(train) [135400/160000]  lr: 1.5010e-02  eta: 2:34:13  time: 0.3753  data_time: 0.0272  memory: 9885  loss: 1.0134  decode.loss_ohem: 0.7106  decode.acc_seg: 93.5618  aux_0.loss_ce: 0.3028  aux_0.acc_seg: 88.6366
2026/07/27 01:08:27 - mmengine - INFO - Iter(train) [135500/160000]  lr: 1.4955e-02  eta: 2:33:35  time: 0.3757  data_time: 0.0279  memory: 9885  loss: 1.0056  decode.loss_ohem: 0.7017  decode.acc_seg: 92.6177  aux_0.loss_ce: 0.3038  aux_0.acc_seg: 84.8048
2026/07/27 01:09:05 - mmengine - INFO - Iter(train) [135600/160000]  lr: 1.4900e-02  eta: 2:32:57  time: 0.3756  data_time: 0.0277  memory: 9885  loss: 0.9917  decode.loss_ohem: 0.7012  decode.acc_seg: 93.3244  aux_0.loss_ce: 0.2904  aux_0.acc_seg: 85.0339
2026/07/27 01:09:42 - mmengine - INFO - Iter(train) [135700/160000]  lr: 1.4845e-02  eta: 2:32:20  time: 0.3755  data_time: 0.0278  memory: 9884  loss: 0.9542  decode.loss_ohem: 0.6906  decode.acc_seg: 94.0267  aux_0.loss_ce: 0.2636  aux_0.acc_seg: 91.1007
2026/07/27 01:10:20 - mmengine - INFO - Iter(train) [135800/160000]  lr: 1.4790e-02  eta: 2:31:42  time: 0.3750  data_time: 0.0267  memory: 9885  loss: 1.1533  decode.loss_ohem: 0.7674  decode.acc_seg: 91.3446  aux_0.loss_ce: 0.3859  aux_0.acc_seg: 83.5109
2026/07/27 01:10:57 - mmengine - INFO - Iter(train) [135900/160000]  lr: 1.4735e-02  eta: 2:31:04  time: 0.3754  data_time: 0.0281  memory: 9885  loss: 0.9293  decode.loss_ohem: 0.6677  decode.acc_seg: 92.5210  aux_0.loss_ce: 0.2616  aux_0.acc_seg: 88.4644
2026/07/27 01:11:35 - mmengine - INFO - Exp name: dsanet_cityscapes_512x1024_20260726_105256
2026/07/27 01:11:35 - mmengine - INFO - Iter(train) [136000/160000]  lr: 1.4680e-02  eta: 2:30:27  time: 0.3767  data_time: 0.0292  memory: 9886  loss: 1.0293  decode.loss_ohem: 0.7426  decode.acc_seg: 88.7848  aux_0.loss_ce: 0.2867  aux_0.acc_seg: 84.8407
2026/07/27 01:12:12 - mmengine - INFO - Iter(train) [136100/160000]  lr: 1.4625e-02  eta: 2:29:49  time: 0.3738  data_time: 0.0262  memory: 9885  loss: 1.0139  decode.loss_ohem: 0.6934  decode.acc_seg: 92.4184  aux_0.loss_ce: 0.3205  aux_0.acc_seg: 87.0506
2026/07/27 01:12:50 - mmengine - INFO - Iter(train) [136200/160000]  lr: 1.4570e-02  eta: 2:29:11  time: 0.3743  data_time: 0.0262  memory: 9885  loss: 1.0163  decode.loss_ohem: 0.6981  decode.acc_seg: 92.2795  aux_0.loss_ce: 0.3182  aux_0.acc_seg: 85.8982
2026/07/27 01:13:27 - mmengine - INFO - Iter(train) [136300/160000]  lr: 1.4515e-02  eta: 2:28:34  time: 0.3757  data_time: 0.0277  memory: 9886  loss: 1.0472  decode.loss_ohem: 0.7586  decode.acc_seg: 92.3091  aux_0.loss_ce: 0.2886  aux_0.acc_seg: 87.8554
2026/07/27 01:14:05 - mmengine - INFO - Iter(train) [136400/160000]  lr: 1.4460e-02  eta: 2:27:56  time: 0.3746  data_time: 0.0270  memory: 9884  loss: 1.0362  decode.loss_ohem: 0.7350  decode.acc_seg: 92.4818  aux_0.loss_ce: 0.3012  aux_0.acc_seg: 89.1720
2026/07/27 01:14:42 - mmengine - INFO - Iter(train) [136500/160000]  lr: 1.4405e-02  eta: 2:27:19  time: 0.3755  data_time: 0.0276  memory: 9885  loss: 0.9711  decode.loss_ohem: 0.7077  decode.acc_seg: 93.9214  aux_0.loss_ce: 0.2634  aux_0.acc_seg: 91.4985
2026/07/27 01:15:20 - mmengine - INFO - Iter(train) [136600/160000]  lr: 1.4350e-02  eta: 2:26:41  time: 0.3738  data_time: 0.0268  memory: 9884  loss: 1.0749  decode.loss_ohem: 0.7835  decode.acc_seg: 95.1385  aux_0.loss_ce: 0.2914  aux_0.acc_seg: 87.6452
2026/07/27 01:15:57 - mmengine - INFO - Iter(train) [136700/160000]  lr: 1.4295e-02  eta: 2:26:03  time: 0.3762  data_time: 0.0286  memory: 9884  loss: 0.9885  decode.loss_ohem: 0.7106  decode.acc_seg: 93.3031  aux_0.loss_ce: 0.2779  aux_0.acc_seg: 90.8867
2026/07/27 01:16:35 - mmengine - INFO - Iter(train) [136800/160000]  lr: 1.4239e-02  eta: 2:25:26  time: 0.3767  data_time: 0.0283  memory: 9885  loss: 1.0051  decode.loss_ohem: 0.6959  decode.acc_seg: 94.2839  aux_0.loss_ce: 0.3092  aux_0.acc_seg: 89.7842
2026/07/27 01:17:12 - mmengine - INFO - Iter(train) [136900/160000]  lr: 1.4184e-02  eta: 2:24:48  time: 0.3735  data_time: 0.0271  memory: 9885  loss: 1.0008  decode.loss_ohem: 0.7219  decode.acc_seg: 95.0531  aux_0.loss_ce: 0.2789  aux_0.acc_seg: 91.2133
2026/07/27 01:17:50 - mmengine - INFO - Exp name: dsanet_cityscapes_512x1024_20260726_105256
2026/07/27 01:17:50 - mmengine - INFO - Iter(train) [137000/160000]  lr: 1.4129e-02  eta: 2:24:10  time: 0.3737  data_time: 0.0268  memory: 9886  loss: 0.9864  decode.loss_ohem: 0.7001  decode.acc_seg: 91.7769  aux_0.loss_ce: 0.2863  aux_0.acc_seg: 86.7031
2026/07/27 01:18:27 - mmengine - INFO - Iter(train) [137100/160000]  lr: 1.4074e-02  eta: 2:23:33  time: 0.3742  data_time: 0.0269  memory: 9885  loss: 1.0078  decode.loss_ohem: 0.7438  decode.acc_seg: 94.2721  aux_0.loss_ce: 0.2640  aux_0.acc_seg: 89.7681
2026/07/27 01:19:05 - mmengine - INFO - Iter(train) [137200/160000]  lr: 1.4018e-02  eta: 2:22:55  time: 0.3745  data_time: 0.0271  memory: 9884  loss: 0.9811  decode.loss_ohem: 0.7173  decode.acc_seg: 93.0106  aux_0.loss_ce: 0.2638  aux_0.acc_seg: 85.1559
2026/07/27 01:19:42 - mmengine - INFO - Iter(train) [137300/160000]  lr: 1.3963e-02  eta: 2:22:18  time: 0.3759  data_time: 0.0279  memory: 9885  loss: 0.9703  decode.loss_ohem: 0.6915  decode.acc_seg: 93.2720  aux_0.loss_ce: 0.2787  aux_0.acc_seg: 90.0268
2026/07/27 01:20:20 - mmengine - INFO - Iter(train) [137400/160000]  lr: 1.3908e-02  eta: 2:21:40  time: 0.3762  data_time: 0.0280  memory: 9885  loss: 1.0183  decode.loss_ohem: 0.7268  decode.acc_seg: 94.9641  aux_0.loss_ce: 0.2915  aux_0.acc_seg: 89.2623
2026/07/27 01:20:58 - mmengine - INFO - Iter(train) [137500/160000]  lr: 1.3852e-02  eta: 2:21:02  time: 0.3742  data_time: 0.0274  memory: 9884  loss: 0.9906  decode.loss_ohem: 0.7142  decode.acc_seg: 94.4240  aux_0.loss_ce: 0.2764  aux_0.acc_seg: 90.0532
2026/07/27 01:21:35 - mmengine - INFO - Iter(train) [137600/160000]  lr: 1.3797e-02  eta: 2:20:25  time: 0.3755  data_time: 0.0277  memory: 9885  loss: 1.0009  decode.loss_ohem: 0.7037  decode.acc_seg: 94.3170  aux_0.loss_ce: 0.2972  aux_0.acc_seg: 89.1370
2026/07/27 01:22:13 - mmengine - INFO - Iter(train) [137700/160000]  lr: 1.3742e-02  eta: 2:19:47  time: 0.3754  data_time: 0.0277  memory: 9884  loss: 1.0146  decode.loss_ohem: 0.7233  decode.acc_seg: 92.1265  aux_0.loss_ce: 0.2913  aux_0.acc_seg: 85.9110
2026/07/27 01:22:50 - mmengine - INFO - Iter(train) [137800/160000]  lr: 1.3686e-02  eta: 2:19:09  time: 0.3760  data_time: 0.0277  memory: 9885  loss: 0.9939  decode.loss_ohem: 0.6959  decode.acc_seg: 93.7777  aux_0.loss_ce: 0.2980  aux_0.acc_seg: 88.3811
2026/07/27 01:23:28 - mmengine - INFO - Iter(train) [137900/160000]  lr: 1.3631e-02  eta: 2:18:32  time: 0.3755  data_time: 0.0274  memory: 9884  loss: 0.9430  decode.loss_ohem: 0.6647  decode.acc_seg: 94.2396  aux_0.loss_ce: 0.2783  aux_0.acc_seg: 90.9628
2026/07/27 01:24:05 - mmengine - INFO - Exp name: dsanet_cityscapes_512x1024_20260726_105256
2026/07/27 01:24:05 - mmengine - INFO - Iter(train) [138000/160000]  lr: 1.3575e-02  eta: 2:17:54  time: 0.3750  data_time: 0.0276  memory: 9885  loss: 0.9946  decode.loss_ohem: 0.7201  decode.acc_seg: 92.8320  aux_0.loss_ce: 0.2745  aux_0.acc_seg: 88.0478
2026/07/27 01:24:43 - mmengine - INFO - Iter(train) [138100/160000]  lr: 1.3520e-02  eta: 2:17:17  time: 0.3757  data_time: 0.0274  memory: 9885  loss: 0.9814  decode.loss_ohem: 0.7054  decode.acc_seg: 93.8246  aux_0.loss_ce: 0.2760  aux_0.acc_seg: 88.2369
2026/07/27 01:25:21 - mmengine - INFO - Iter(train) [138200/160000]  lr: 1.3464e-02  eta: 2:16:39  time: 0.3749  data_time: 0.0274  memory: 9884  loss: 1.0549  decode.loss_ohem: 0.7384  decode.acc_seg: 90.8930  aux_0.loss_ce: 0.3165  aux_0.acc_seg: 84.9286
2026/07/27 01:25:58 - mmengine - INFO - Iter(train) [138300/160000]  lr: 1.3409e-02  eta: 2:16:01  time: 0.3745  data_time: 0.0270  memory: 9884  loss: 0.9326  decode.loss_ohem: 0.6866  decode.acc_seg: 92.2147  aux_0.loss_ce: 0.2461  aux_0.acc_seg: 89.5075
2026/07/27 01:26:36 - mmengine - INFO - Iter(train) [138400/160000]  lr: 1.3353e-02  eta: 2:15:24  time: 0.3749  data_time: 0.0275  memory: 9886  loss: 0.9760  decode.loss_ohem: 0.7068  decode.acc_seg: 94.0247  aux_0.loss_ce: 0.2692  aux_0.acc_seg: 87.8839
2026/07/27 01:27:13 - mmengine - INFO - Iter(train) [138500/160000]  lr: 1.3297e-02  eta: 2:14:46  time: 0.3759  data_time: 0.0278  memory: 9884  loss: 0.9497  decode.loss_ohem: 0.6792  decode.acc_seg: 95.3408  aux_0.loss_ce: 0.2706  aux_0.acc_seg: 91.1353
2026/07/27 01:27:51 - mmengine - INFO - Iter(train) [138600/160000]  lr: 1.3242e-02  eta: 2:14:08  time: 0.3757  data_time: 0.0275  memory: 9885  loss: 1.0376  decode.loss_ohem: 0.7183  decode.acc_seg: 93.4766  aux_0.loss_ce: 0.3193  aux_0.acc_seg: 89.5314
2026/07/27 01:28:28 - mmengine - INFO - Iter(train) [138700/160000]  lr: 1.3186e-02  eta: 2:13:31  time: 0.3771  data_time: 0.0288  memory: 9884  loss: 1.0028  decode.loss_ohem: 0.7235  decode.acc_seg: 93.6303  aux_0.loss_ce: 0.2793  aux_0.acc_seg: 91.1810
2026/07/27 01:29:06 - mmengine - INFO - Iter(train) [138800/160000]  lr: 1.3130e-02  eta: 2:12:53  time: 0.3756  data_time: 0.0273  memory: 9884  loss: 0.9964  decode.loss_ohem: 0.7037  decode.acc_seg: 93.0830  aux_0.loss_ce: 0.2927  aux_0.acc_seg: 90.0388
2026/07/27 01:29:43 - mmengine - INFO - Iter(train) [138900/160000]  lr: 1.3075e-02  eta: 2:12:16  time: 0.3761  data_time: 0.0282  memory: 9883  loss: 1.0145  decode.loss_ohem: 0.7100  decode.acc_seg: 94.4347  aux_0.loss_ce: 0.3044  aux_0.acc_seg: 90.9095
2026/07/27 01:30:21 - mmengine - INFO - Exp name: dsanet_cityscapes_512x1024_20260726_105256
2026/07/27 01:30:21 - mmengine - INFO - Iter(train) [139000/160000]  lr: 1.3019e-02  eta: 2:11:38  time: 0.3743  data_time: 0.0269  memory: 9884  loss: 0.9567  decode.loss_ohem: 0.6839  decode.acc_seg: 94.7488  aux_0.loss_ce: 0.2729  aux_0.acc_seg: 91.3668
2026/07/27 01:30:58 - mmengine - INFO - Iter(train) [139100/160000]  lr: 1.2963e-02  eta: 2:11:00  time: 0.3746  data_time: 0.0272  memory: 9886  loss: 0.9719  decode.loss_ohem: 0.7040  decode.acc_seg: 91.3715  aux_0.loss_ce: 0.2678  aux_0.acc_seg: 86.2386
2026/07/27 01:31:36 - mmengine - INFO - Iter(train) [139200/160000]  lr: 1.2907e-02  eta: 2:10:23  time: 0.3744  data_time: 0.0263  memory: 9884  loss: 1.1063  decode.loss_ohem: 0.7853  decode.acc_seg: 93.8290  aux_0.loss_ce: 0.3209  aux_0.acc_seg: 88.7678
2026/07/27 01:32:13 - mmengine - INFO - Iter(train) [139300/160000]  lr: 1.2852e-02  eta: 2:09:45  time: 0.3756  data_time: 0.0275  memory: 9886  loss: 1.0652  decode.loss_ohem: 0.7403  decode.acc_seg: 93.2294  aux_0.loss_ce: 0.3249  aux_0.acc_seg: 86.0514
2026/07/27 01:32:51 - mmengine - INFO - Iter(train) [139400/160000]  lr: 1.2796e-02  eta: 2:09:07  time: 0.3736  data_time: 0.0267  memory: 9884  loss: 1.0106  decode.loss_ohem: 0.7267  decode.acc_seg: 94.3714  aux_0.loss_ce: 0.2839  aux_0.acc_seg: 90.2441
2026/07/27 01:33:29 - mmengine - INFO - Iter(train) [139500/160000]  lr: 1.2740e-02  eta: 2:08:30  time: 0.3765  data_time: 0.0282  memory: 9884  loss: 0.9594  decode.loss_ohem: 0.6902  decode.acc_seg: 92.9972  aux_0.loss_ce: 0.2692  aux_0.acc_seg: 88.6671
2026/07/27 01:34:06 - mmengine - INFO - Iter(train) [139600/160000]  lr: 1.2684e-02  eta: 2:07:52  time: 0.3746  data_time: 0.0273  memory: 9885  loss: 0.9760  decode.loss_ohem: 0.7012  decode.acc_seg: 94.2801  aux_0.loss_ce: 0.2748  aux_0.acc_seg: 91.2464
2026/07/27 01:34:44 - mmengine - INFO - Iter(train) [139700/160000]  lr: 1.2628e-02  eta: 2:07:15  time: 0.3772  data_time: 0.0293  memory: 9884  loss: 1.0066  decode.loss_ohem: 0.7203  decode.acc_seg: 93.4700  aux_0.loss_ce: 0.2863  aux_0.acc_seg: 87.7376
2026/07/27 01:35:21 - mmengine - INFO - Iter(train) [139800/160000]  lr: 1.2572e-02  eta: 2:06:37  time: 0.3765  data_time: 0.0281  memory: 9884  loss: 0.9927  decode.loss_ohem: 0.7078  decode.acc_seg: 94.2471  aux_0.loss_ce: 0.2848  aux_0.acc_seg: 90.8745
2026/07/27 01:35:59 - mmengine - INFO - Iter(train) [139900/160000]  lr: 1.2516e-02  eta: 2:05:59  time: 0.3758  data_time: 0.0277  memory: 9885  loss: 1.0362  decode.loss_ohem: 0.7218  decode.acc_seg: 93.4706  aux_0.loss_ce: 0.3144  aux_0.acc_seg: 88.4272
2026/07/27 01:36:37 - mmengine - INFO - Exp name: dsanet_cityscapes_512x1024_20260726_105256
2026/07/27 01:36:37 - mmengine - INFO - Iter(train) [140000/160000]  lr: 1.2460e-02  eta: 2:05:22  time: 0.3753  data_time: 0.0275  memory: 9885  loss: 0.9563  decode.loss_ohem: 0.6879  decode.acc_seg: 92.5298  aux_0.loss_ce: 0.2684  aux_0.acc_seg: 89.4204
2026/07/27 01:36:37 - mmengine - INFO - Saving checkpoint at 140000 iterations
2026/07/27 01:36:42 - mmengine - INFO - Iter(val) [100/250]    eta: 0:00:07  time: 0.0485  data_time: 0.0103  memory: 729  
2026/07/27 01:36:47 - mmengine - INFO - Iter(val) [200/250]    eta: 0:00:02  time: 0.0476  data_time: 0.0095  memory: 729  
2026/07/27 01:36:49 - mmengine - INFO - per class results:
2026/07/27 01:36:49 - mmengine - INFO - 
+---------------+-------+-------+
|     Class     |  IoU  |  Acc  |
+---------------+-------+-------+
|      road     | 97.81 | 98.81 |
|    sidewalk   |  83.2 | 90.76 |
|    building   | 91.01 | 95.86 |
|      wall     |  46.4 | 52.94 |
|     fence     | 55.61 | 65.73 |
|      pole     | 59.95 | 70.91 |
| traffic light | 59.66 | 70.15 |
|  traffic sign | 71.92 | 81.01 |
|   vegetation  | 91.39 | 96.19 |
|    terrain    | 63.46 | 73.31 |
|      sky      | 93.44 | 97.41 |
|     person    | 77.78 | 87.92 |
|     rider     | 56.13 | 76.51 |
|      car      | 92.54 | 97.32 |
|     truck     |  48.4 | 54.02 |
|      bus      | 76.89 | 88.55 |
|     train     | 56.03 | 85.76 |
|   motorcycle  | 46.43 | 52.77 |
|    bicycle    | 70.58 |  86.8 |
+---------------+-------+-------+
2026/07/27 01:36:49 - mmengine - INFO - Iter(val) [250/250]    aAcc: 95.2200  mIoU: 70.4500  mAcc: 80.1400  data_time: 0.0108  time: 0.0490
2026/07/27 01:37:27 - mmengine - INFO - Iter(train) [140100/160000]  lr: 1.2404e-02  eta: 2:04:44  time: 0.3755  data_time: 0.0276  memory: 9884  loss: 1.0231  decode.loss_ohem: 0.7410  decode.acc_seg: 92.2952  aux_0.loss_ce: 0.2821  aux_0.acc_seg: 87.7475
2026/07/27 01:38:04 - mmengine - INFO - Iter(train) [140200/160000]  lr: 1.2348e-02  eta: 2:04:06  time: 0.3738  data_time: 0.0264  memory: 9885  loss: 1.0481  decode.loss_ohem: 0.7429  decode.acc_seg: 93.4234  aux_0.loss_ce: 0.3052  aux_0.acc_seg: 89.2442
2026/07/27 01:38:42 - mmengine - INFO - Iter(train) [140300/160000]  lr: 1.2292e-02  eta: 2:03:29  time: 0.3763  data_time: 0.0280  memory: 9885  loss: 1.0734  decode.loss_ohem: 0.7461  decode.acc_seg: 93.4059  aux_0.loss_ce: 0.3273  aux_0.acc_seg: 88.8846
2026/07/27 01:39:20 - mmengine - INFO - Iter(train) [140400/160000]  lr: 1.2236e-02  eta: 2:02:51  time: 0.3767  data_time: 0.0281  memory: 9886  loss: 0.9437  decode.loss_ohem: 0.6935  decode.acc_seg: 95.2061  aux_0.loss_ce: 0.2502  aux_0.acc_seg: 92.4851
2026/07/27 01:39:57 - mmengine - INFO - Iter(train) [140500/160000]  lr: 1.2180e-02  eta: 2:02:14  time: 0.3770  data_time: 0.0284  memory: 9884  loss: 1.0306  decode.loss_ohem: 0.7100  decode.acc_seg: 93.1865  aux_0.loss_ce: 0.3206  aux_0.acc_seg: 87.7917
2026/07/27 01:40:35 - mmengine - INFO - Iter(train) [140600/160000]  lr: 1.2123e-02  eta: 2:01:36  time: 0.3754  data_time: 0.0277  memory: 9884  loss: 1.0155  decode.loss_ohem: 0.7470  decode.acc_seg: 92.4595  aux_0.loss_ce: 0.2685  aux_0.acc_seg: 88.2177
2026/07/27 01:41:12 - mmengine - INFO - Iter(train) [140700/160000]  lr: 1.2067e-02  eta: 2:00:58  time: 0.3739  data_time: 0.0271  memory: 9883  loss: 1.0272  decode.loss_ohem: 0.7488  decode.acc_seg: 91.5264  aux_0.loss_ce: 0.2784  aux_0.acc_seg: 87.0485
2026/07/27 01:41:50 - mmengine - INFO - Iter(train) [140800/160000]  lr: 1.2011e-02  eta: 2:00:21  time: 0.3777  data_time: 0.0285  memory: 9884  loss: 1.0041  decode.loss_ohem: 0.6951  decode.acc_seg: 94.4916  aux_0.loss_ce: 0.3091  aux_0.acc_seg: 88.7008
2026/07/27 01:42:28 - mmengine - INFO - Iter(train) [140900/160000]  lr: 1.1955e-02  eta: 1:59:43  time: 0.3741  data_time: 0.0269  memory: 9885  loss: 0.9318  decode.loss_ohem: 0.6507  decode.acc_seg: 92.1418  aux_0.loss_ce: 0.2811  aux_0.acc_seg: 86.8886
2026/07/27 01:43:05 - mmengine - INFO - Exp name: dsanet_cityscapes_512x1024_20260726_105256
2026/07/27 01:43:05 - mmengine - INFO - Iter(train) [141000/160000]  lr: 1.1898e-02  eta: 1:59:06  time: 0.3759  data_time: 0.0280  memory: 9884  loss: 1.0130  decode.loss_ohem: 0.6902  decode.acc_seg: 93.8826  aux_0.loss_ce: 0.3228  aux_0.acc_seg: 89.7072
2026/07/27 01:43:43 - mmengine - INFO - Iter(train) [141100/160000]  lr: 1.1842e-02  eta: 1:58:28  time: 0.3756  data_time: 0.0276  memory: 9883  loss: 1.1069  decode.loss_ohem: 0.7833  decode.acc_seg: 93.9137  aux_0.loss_ce: 0.3235  aux_0.acc_seg: 85.4195
2026/07/27 01:44:21 - mmengine - INFO - Iter(train) [141200/160000]  lr: 1.1786e-02  eta: 1:57:50  time: 0.3749  data_time: 0.0270  memory: 9885  loss: 0.9996  decode.loss_ohem: 0.6841  decode.acc_seg: 94.0730  aux_0.loss_ce: 0.3155  aux_0.acc_seg: 90.1320
2026/07/27 01:44:58 - mmengine - INFO - Iter(train) [141300/160000]  lr: 1.1729e-02  eta: 1:57:13  time: 0.3760  data_time: 0.0280  memory: 9884  loss: 0.9460  decode.loss_ohem: 0.6891  decode.acc_seg: 92.9241  aux_0.loss_ce: 0.2569  aux_0.acc_seg: 90.4893
2026/07/27 01:45:36 - mmengine - INFO - Iter(train) [141400/160000]  lr: 1.1673e-02  eta: 1:56:35  time: 0.3761  data_time: 0.0282  memory: 9884  loss: 0.9493  decode.loss_ohem: 0.6652  decode.acc_seg: 94.4826  aux_0.loss_ce: 0.2842  aux_0.acc_seg: 92.5000
2026/07/27 01:46:13 - mmengine - INFO - Iter(train) [141500/160000]  lr: 1.1617e-02  eta: 1:55:57  time: 0.3764  data_time: 0.0280  memory: 9886  loss: 0.9842  decode.loss_ohem: 0.7024  decode.acc_seg: 94.6072  aux_0.loss_ce: 0.2818  aux_0.acc_seg: 90.0191
2026/07/27 01:46:51 - mmengine - INFO - Iter(train) [141600/160000]  lr: 1.1560e-02  eta: 1:55:20  time: 0.3753  data_time: 0.0281  memory: 9884  loss: 1.0132  decode.loss_ohem: 0.7207  decode.acc_seg: 92.6069  aux_0.loss_ce: 0.2925  aux_0.acc_seg: 86.0274
2026/07/27 01:47:29 - mmengine - INFO - Iter(train) [141700/160000]  lr: 1.1504e-02  eta: 1:54:42  time: 0.3759  data_time: 0.0277  memory: 9884  loss: 0.9855  decode.loss_ohem: 0.6907  decode.acc_seg: 94.2931  aux_0.loss_ce: 0.2947  aux_0.acc_seg: 90.9353
2026/07/27 01:48:06 - mmengine - INFO - Iter(train) [141800/160000]  lr: 1.1447e-02  eta: 1:54:05  time: 0.3769  data_time: 0.0281  memory: 9884  loss: 0.9596  decode.loss_ohem: 0.6838  decode.acc_seg: 91.8880  aux_0.loss_ce: 0.2758  aux_0.acc_seg: 87.9801
2026/07/27 01:48:44 - mmengine - INFO - Iter(train) [141900/160000]  lr: 1.1390e-02  eta: 1:53:27  time: 0.3733  data_time: 0.0263  memory: 9884  loss: 0.9530  decode.loss_ohem: 0.6964  decode.acc_seg: 95.5075  aux_0.loss_ce: 0.2565  aux_0.acc_seg: 92.5371
2026/07/27 01:49:22 - mmengine - INFO - Exp name: dsanet_cityscapes_512x1024_20260726_105256
2026/07/27 01:49:22 - mmengine - INFO - Iter(train) [142000/160000]  lr: 1.1334e-02  eta: 1:52:49  time: 0.3758  data_time: 0.0277  memory: 9885  loss: 0.9439  decode.loss_ohem: 0.6807  decode.acc_seg: 94.2463  aux_0.loss_ce: 0.2631  aux_0.acc_seg: 89.2818
2026/07/27 01:49:59 - mmengine - INFO - Iter(train) [142100/160000]  lr: 1.1277e-02  eta: 1:52:12  time: 0.3719  data_time: 0.0281  memory: 9883  loss: 0.9916  decode.loss_ohem: 0.6871  decode.acc_seg: 93.3092  aux_0.loss_ce: 0.3045  aux_0.acc_seg: 88.3669
2026/07/27 01:50:37 - mmengine - INFO - Iter(train) [142200/160000]  lr: 1.1220e-02  eta: 1:51:34  time: 0.3768  data_time: 0.0273  memory: 9884  loss: 0.9311  decode.loss_ohem: 0.6646  decode.acc_seg: 93.3969  aux_0.loss_ce: 0.2665  aux_0.acc_seg: 88.8675
2026/07/27 01:51:15 - mmengine - INFO - Iter(train) [142300/160000]  lr: 1.1164e-02  eta: 1:50:57  time: 0.3760  data_time: 0.0281  memory: 9885  loss: 0.9679  decode.loss_ohem: 0.6854  decode.acc_seg: 93.6678  aux_0.loss_ce: 0.2825  aux_0.acc_seg: 86.2116
2026/07/27 01:51:52 - mmengine - INFO - Iter(train) [142400/160000]  lr: 1.1107e-02  eta: 1:50:19  time: 0.3767  data_time: 0.0283  memory: 9885  loss: 1.0044  decode.loss_ohem: 0.7319  decode.acc_seg: 93.7413  aux_0.loss_ce: 0.2725  aux_0.acc_seg: 86.5007
2026/07/27 01:52:30 - mmengine - INFO - Iter(train) [142500/160000]  lr: 1.1050e-02  eta: 1:49:41  time: 0.3823  data_time: 0.0333  memory: 9889  loss: 1.0077  decode.loss_ohem: 0.7376  decode.acc_seg: 95.0909  aux_0.loss_ce: 0.2701  aux_0.acc_seg: 91.3460
2026/07/27 01:53:08 - mmengine - INFO - Iter(train) [142600/160000]  lr: 1.0994e-02  eta: 1:49:04  time: 0.3783  data_time: 0.0284  memory: 9886  loss: 1.0531  decode.loss_ohem: 0.7276  decode.acc_seg: 93.5283  aux_0.loss_ce: 0.3255  aux_0.acc_seg: 89.7565
2026/07/27 01:53:45 - mmengine - INFO - Iter(train) [142700/160000]  lr: 1.0937e-02  eta: 1:48:26  time: 0.3765  data_time: 0.0281  memory: 9884  loss: 0.9774  decode.loss_ohem: 0.7031  decode.acc_seg: 92.4060  aux_0.loss_ce: 0.2744  aux_0.acc_seg: 86.4896
2026/07/27 01:54:23 - mmengine - INFO - Iter(train) [142800/160000]  lr: 1.0880e-02  eta: 1:47:49  time: 0.3756  data_time: 0.0279  memory: 9885  loss: 0.9899  decode.loss_ohem: 0.7025  decode.acc_seg: 95.0213  aux_0.loss_ce: 0.2873  aux_0.acc_seg: 90.7783
2026/07/27 01:55:01 - mmengine - INFO - Iter(train) [142900/160000]  lr: 1.0823e-02  eta: 1:47:11  time: 0.3762  data_time: 0.0277  memory: 9883  loss: 1.0339  decode.loss_ohem: 0.7477  decode.acc_seg: 95.2694  aux_0.loss_ce: 0.2862  aux_0.acc_seg: 90.5888
2026/07/27 01:55:38 - mmengine - INFO - Exp name: dsanet_cityscapes_512x1024_20260726_105256
2026/07/27 01:55:38 - mmengine - INFO - Iter(train) [143000/160000]  lr: 1.0766e-02  eta: 1:46:33  time: 0.3786  data_time: 0.0290  memory: 9884  loss: 1.0278  decode.loss_ohem: 0.7262  decode.acc_seg: 90.6398  aux_0.loss_ce: 0.3017  aux_0.acc_seg: 87.1771
2026/07/27 01:56:16 - mmengine - INFO - Iter(train) [143100/160000]  lr: 1.0709e-02  eta: 1:45:56  time: 0.3753  data_time: 0.0279  memory: 9886  loss: 0.9623  decode.loss_ohem: 0.6968  decode.acc_seg: 94.4349  aux_0.loss_ce: 0.2655  aux_0.acc_seg: 88.3699
2026/07/27 01:56:54 - mmengine - INFO - Iter(train) [143200/160000]  lr: 1.0652e-02  eta: 1:45:18  time: 0.3775  data_time: 0.0292  memory: 9884  loss: 0.9694  decode.loss_ohem: 0.6607  decode.acc_seg: 95.2051  aux_0.loss_ce: 0.3087  aux_0.acc_seg: 91.2380
2026/07/27 01:57:31 - mmengine - INFO - Iter(train) [143300/160000]  lr: 1.0595e-02  eta: 1:44:41  time: 0.3795  data_time: 0.0285  memory: 9885  loss: 1.0108  decode.loss_ohem: 0.7273  decode.acc_seg: 94.3301  aux_0.loss_ce: 0.2834  aux_0.acc_seg: 91.1690
2026/07/27 01:58:09 - mmengine - INFO - Iter(train) [143400/160000]  lr: 1.0538e-02  eta: 1:44:03  time: 0.3748  data_time: 0.0273  memory: 9885  loss: 0.9503  decode.loss_ohem: 0.6833  decode.acc_seg: 94.4901  aux_0.loss_ce: 0.2670  aux_0.acc_seg: 88.7777
2026/07/27 01:58:47 - mmengine - INFO - Iter(train) [143500/160000]  lr: 1.0481e-02  eta: 1:43:25  time: 0.3764  data_time: 0.0271  memory: 9884  loss: 0.9952  decode.loss_ohem: 0.7196  decode.acc_seg: 94.0255  aux_0.loss_ce: 0.2756  aux_0.acc_seg: 90.2733
2026/07/27 01:59:24 - mmengine - INFO - Iter(train) [143600/160000]  lr: 1.0424e-02  eta: 1:42:48  time: 0.3768  data_time: 0.0283  memory: 9883  loss: 0.9620  decode.loss_ohem: 0.6754  decode.acc_seg: 92.0344  aux_0.loss_ce: 0.2865  aux_0.acc_seg: 85.8787
2026/07/27 02:00:02 - mmengine - INFO - Iter(train) [143700/160000]  lr: 1.0367e-02  eta: 1:42:10  time: 0.3771  data_time: 0.0283  memory: 9884  loss: 0.9922  decode.loss_ohem: 0.7139  decode.acc_seg: 94.4748  aux_0.loss_ce: 0.2783  aux_0.acc_seg: 88.1352
2026/07/27 02:00:40 - mmengine - INFO - Iter(train) [143800/160000]  lr: 1.0309e-02  eta: 1:41:33  time: 0.3768  data_time: 0.0284  memory: 9886  loss: 1.0292  decode.loss_ohem: 0.7341  decode.acc_seg: 93.3641  aux_0.loss_ce: 0.2951  aux_0.acc_seg: 89.3850
2026/07/27 02:01:17 - mmengine - INFO - Iter(train) [143900/160000]  lr: 1.0252e-02  eta: 1:40:55  time: 0.3755  data_time: 0.0275  memory: 9885  loss: 0.9447  decode.loss_ohem: 0.6860  decode.acc_seg: 95.2004  aux_0.loss_ce: 0.2587  aux_0.acc_seg: 90.4495
2026/07/27 02:01:55 - mmengine - INFO - Exp name: dsanet_cityscapes_512x1024_20260726_105256
2026/07/27 02:01:55 - mmengine - INFO - Iter(train) [144000/160000]  lr: 1.0195e-02  eta: 1:40:17  time: 0.3765  data_time: 0.0283  memory: 9884  loss: 1.0082  decode.loss_ohem: 0.7116  decode.acc_seg: 92.8850  aux_0.loss_ce: 0.2966  aux_0.acc_seg: 89.1592
2026/07/27 02:02:33 - mmengine - INFO - Iter(train) [144100/160000]  lr: 1.0138e-02  eta: 1:39:40  time: 0.3771  data_time: 0.0286  memory: 9883  loss: 0.9007  decode.loss_ohem: 0.6389  decode.acc_seg: 95.3129  aux_0.loss_ce: 0.2618  aux_0.acc_seg: 92.3817
2026/07/27 02:03:11 - mmengine - INFO - Iter(train) [144200/160000]  lr: 1.0080e-02  eta: 1:39:02  time: 0.3795  data_time: 0.0294  memory: 9884  loss: 0.9590  decode.loss_ohem: 0.6802  decode.acc_seg: 92.9017  aux_0.loss_ce: 0.2788  aux_0.acc_seg: 88.6747
2026/07/27 02:03:48 - mmengine - INFO - Iter(train) [144300/160000]  lr: 1.0023e-02  eta: 1:38:24  time: 0.3758  data_time: 0.0285  memory: 9884  loss: 1.0428  decode.loss_ohem: 0.7413  decode.acc_seg: 91.5530  aux_0.loss_ce: 0.3016  aux_0.acc_seg: 86.1012
2026/07/27 02:04:26 - mmengine - INFO - Iter(train) [144400/160000]  lr: 9.9654e-03  eta: 1:37:47  time: 0.3752  data_time: 0.0277  memory: 9884  loss: 1.0334  decode.loss_ohem: 0.7291  decode.acc_seg: 95.1948  aux_0.loss_ce: 0.3043  aux_0.acc_seg: 90.8123
2026/07/27 02:05:04 - mmengine - INFO - Iter(train) [144500/160000]  lr: 9.9080e-03  eta: 1:37:09  time: 0.3755  data_time: 0.0281  memory: 9884  loss: 0.9050  decode.loss_ohem: 0.6434  decode.acc_seg: 94.5604  aux_0.loss_ce: 0.2616  aux_0.acc_seg: 89.9970
2026/07/27 02:05:41 - mmengine - INFO - Iter(train) [144600/160000]  lr: 9.8505e-03  eta: 1:36:32  time: 0.3744  data_time: 0.0269  memory: 9885  loss: 1.0262  decode.loss_ohem: 0.7425  decode.acc_seg: 92.3406  aux_0.loss_ce: 0.2837  aux_0.acc_seg: 87.1253
2026/07/27 02:06:19 - mmengine - INFO - Iter(train) [144700/160000]  lr: 9.7929e-03  eta: 1:35:54  time: 0.3762  data_time: 0.0284  memory: 9884  loss: 1.0096  decode.loss_ohem: 0.7328  decode.acc_seg: 95.5277  aux_0.loss_ce: 0.2768  aux_0.acc_seg: 90.3375
2026/07/27 02:06:57 - mmengine - INFO - Iter(train) [144800/160000]  lr: 9.7354e-03  eta: 1:35:16  time: 0.3758  data_time: 0.0279  memory: 9885  loss: 1.0245  decode.loss_ohem: 0.7364  decode.acc_seg: 91.5025  aux_0.loss_ce: 0.2882  aux_0.acc_seg: 85.4746
2026/07/27 02:07:34 - mmengine - INFO - Iter(train) [144900/160000]  lr: 9.6778e-03  eta: 1:34:39  time: 0.3762  data_time: 0.0281  memory: 9884  loss: 0.9341  decode.loss_ohem: 0.6771  decode.acc_seg: 94.8720  aux_0.loss_ce: 0.2570  aux_0.acc_seg: 89.9618
2026/07/27 02:08:12 - mmengine - INFO - Exp name: dsanet_cityscapes_512x1024_20260726_105256
2026/07/27 02:08:12 - mmengine - INFO - Iter(train) [145000/160000]  lr: 9.6201e-03  eta: 1:34:01  time: 0.3785  data_time: 0.0285  memory: 9885  loss: 1.0317  decode.loss_ohem: 0.7351  decode.acc_seg: 94.1178  aux_0.loss_ce: 0.2966  aux_0.acc_seg: 89.3774
2026/07/27 02:08:12 - mmengine - INFO - Saving checkpoint at 145000 iterations
2026/07/27 02:08:17 - mmengine - INFO - Iter(val) [100/250]    eta: 0:00:07  time: 0.0502  data_time: 0.0106  memory: 729  
2026/07/27 02:08:22 - mmengine - INFO - Iter(val) [200/250]    eta: 0:00:02  time: 0.0479  data_time: 0.0097  memory: 729  
2026/07/27 02:08:25 - mmengine - INFO - per class results:
2026/07/27 02:08:25 - mmengine - INFO - 
+---------------+-------+-------+
|     Class     |  IoU  |  Acc  |
+---------------+-------+-------+
|      road     | 97.64 | 98.41 |
|    sidewalk   | 81.49 |  92.4 |
|    building   | 90.57 | 94.32 |
|      wall     | 46.62 | 52.55 |
|     fence     | 56.77 | 73.51 |
|      pole     | 58.83 | 75.94 |
| traffic light | 61.01 | 76.44 |
|  traffic sign | 71.45 | 83.04 |
|   vegetation  | 91.16 |  96.6 |
|    terrain    | 59.15 | 65.21 |
|      sky      | 93.71 | 97.23 |
|     person    | 76.58 | 89.21 |
|     rider     | 53.24 | 63.66 |
|      car      | 93.02 | 97.35 |
|     truck     | 60.19 | 63.12 |
|      bus      | 79.43 | 85.69 |
|     train     | 59.58 | 88.55 |
|   motorcycle  | 51.08 | 61.32 |
|    bicycle    | 69.16 | 89.62 |
+---------------+-------+-------+
2026/07/27 02:08:25 - mmengine - INFO - Iter(val) [250/250]    aAcc: 95.0200  mIoU: 71.0900  mAcc: 81.2700  data_time: 0.0111  time: 0.0497
2026/07/27 02:09:03 - mmengine - INFO - Iter(train) [145100/160000]  lr: 9.5624e-03  eta: 1:33:24  time: 0.3779  data_time: 0.0293  memory: 9885  loss: 0.9557  decode.loss_ohem: 0.6954  decode.acc_seg: 94.8040  aux_0.loss_ce: 0.2603  aux_0.acc_seg: 91.3684
2026/07/27 02:09:40 - mmengine - INFO - Iter(train) [145200/160000]  lr: 9.5047e-03  eta: 1:32:46  time: 0.3765  data_time: 0.0280  memory: 9884  loss: 0.9792  decode.loss_ohem: 0.6940  decode.acc_seg: 94.1120  aux_0.loss_ce: 0.2852  aux_0.acc_seg: 90.8986
2026/07/27 02:10:18 - mmengine - INFO - Iter(train) [145300/160000]  lr: 9.4470e-03  eta: 1:32:08  time: 0.3767  data_time: 0.0284  memory: 9884  loss: 0.9720  decode.loss_ohem: 0.6947  decode.acc_seg: 93.3568  aux_0.loss_ce: 0.2773  aux_0.acc_seg: 90.8311
2026/07/27 02:10:56 - mmengine - INFO - Iter(train) [145400/160000]  lr: 9.3892e-03  eta: 1:31:31  time: 0.3746  data_time: 0.0268  memory: 9886  loss: 0.9929  decode.loss_ohem: 0.7373  decode.acc_seg: 95.1828  aux_0.loss_ce: 0.2557  aux_0.acc_seg: 91.6942
2026/07/27 02:11:33 - mmengine - INFO - Iter(train) [145500/160000]  lr: 9.3313e-03  eta: 1:30:53  time: 0.3766  data_time: 0.0274  memory: 9883  loss: 0.9867  decode.loss_ohem: 0.7023  decode.acc_seg: 92.3825  aux_0.loss_ce: 0.2844  aux_0.acc_seg: 87.6421
2026/07/27 02:12:11 - mmengine - INFO - Iter(train) [145600/160000]  lr: 9.2735e-03  eta: 1:30:16  time: 0.3764  data_time: 0.0277  memory: 9884  loss: 1.0948  decode.loss_ohem: 0.7510  decode.acc_seg: 95.0816  aux_0.loss_ce: 0.3437  aux_0.acc_seg: 88.7930
2026/07/27 02:12:49 - mmengine - INFO - Iter(train) [145700/160000]  lr: 9.2155e-03  eta: 1:29:38  time: 0.3757  data_time: 0.0275  memory: 9884  loss: 0.9089  decode.loss_ohem: 0.6345  decode.acc_seg: 95.0249  aux_0.loss_ce: 0.2743  aux_0.acc_seg: 90.2370
2026/07/27 02:13:26 - mmengine - INFO - Iter(train) [145800/160000]  lr: 9.1576e-03  eta: 1:29:00  time: 0.3740  data_time: 0.0275  memory: 9885  loss: 0.9749  decode.loss_ohem: 0.7183  decode.acc_seg: 92.8476  aux_0.loss_ce: 0.2567  aux_0.acc_seg: 89.5512
2026/07/27 02:14:03 - mmengine - INFO - Iter(train) [145900/160000]  lr: 9.0996e-03  eta: 1:28:23  time: 0.3761  data_time: 0.0282  memory: 9884  loss: 0.9725  decode.loss_ohem: 0.6897  decode.acc_seg: 94.5298  aux_0.loss_ce: 0.2828  aux_0.acc_seg: 85.8857
2026/07/27 02:14:41 - mmengine - INFO - Exp name: dsanet_cityscapes_512x1024_20260726_105256
2026/07/27 02:14:41 - mmengine - INFO - Iter(train) [146000/160000]  lr: 9.0415e-03  eta: 1:27:45  time: 0.3773  data_time: 0.0275  memory: 9883  loss: 1.0118  decode.loss_ohem: 0.7335  decode.acc_seg: 93.9757  aux_0.loss_ce: 0.2783  aux_0.acc_seg: 91.8058
2026/07/27 02:15:19 - mmengine - INFO - Iter(train) [146100/160000]  lr: 8.9835e-03  eta: 1:27:07  time: 0.3733  data_time: 0.0275  memory: 9883  loss: 0.9518  decode.loss_ohem: 0.6857  decode.acc_seg: 93.8022  aux_0.loss_ce: 0.2662  aux_0.acc_seg: 88.8946
2026/07/27 02:15:56 - mmengine - INFO - Iter(train) [146200/160000]  lr: 8.9253e-03  eta: 1:26:30  time: 0.3760  data_time: 0.0282  memory: 9884  loss: 0.9528  decode.loss_ohem: 0.6952  decode.acc_seg: 94.5837  aux_0.loss_ce: 0.2576  aux_0.acc_seg: 91.2326
2026/07/27 02:16:34 - mmengine - INFO - Iter(train) [146300/160000]  lr: 8.8672e-03  eta: 1:25:52  time: 0.3745  data_time: 0.0269  memory: 9884  loss: 0.9274  decode.loss_ohem: 0.6569  decode.acc_seg: 94.1958  aux_0.loss_ce: 0.2706  aux_0.acc_seg: 88.5645
2026/07/27 02:17:11 - mmengine - INFO - Iter(train) [146400/160000]  lr: 8.8090e-03  eta: 1:25:15  time: 0.3755  data_time: 0.0276  memory: 9883  loss: 0.9969  decode.loss_ohem: 0.6925  decode.acc_seg: 93.9700  aux_0.loss_ce: 0.3045  aux_0.acc_seg: 89.2137
2026/07/27 02:17:49 - mmengine - INFO - Iter(train) [146500/160000]  lr: 8.7507e-03  eta: 1:24:37  time: 0.3751  data_time: 0.0270  memory: 9886  loss: 1.0592  decode.loss_ohem: 0.7466  decode.acc_seg: 95.1546  aux_0.loss_ce: 0.3126  aux_0.acc_seg: 91.5374
2026/07/27 02:18:26 - mmengine - INFO - Iter(train) [146600/160000]  lr: 8.6924e-03  eta: 1:23:59  time: 0.3762  data_time: 0.0282  memory: 9883  loss: 0.9285  decode.loss_ohem: 0.6712  decode.acc_seg: 94.2843  aux_0.loss_ce: 0.2573  aux_0.acc_seg: 88.6564
2026/07/27 02:19:04 - mmengine - INFO - Iter(train) [146700/160000]  lr: 8.6341e-03  eta: 1:23:22  time: 0.3790  data_time: 0.0298  memory: 9883  loss: 0.9596  decode.loss_ohem: 0.7033  decode.acc_seg: 93.2012  aux_0.loss_ce: 0.2564  aux_0.acc_seg: 86.8654
2026/07/27 02:19:42 - mmengine - INFO - Iter(train) [146800/160000]  lr: 8.5757e-03  eta: 1:22:44  time: 0.3772  data_time: 0.0279  memory: 9883  loss: 1.0002  decode.loss_ohem: 0.7062  decode.acc_seg: 93.3707  aux_0.loss_ce: 0.2940  aux_0.acc_seg: 86.5144
2026/07/27 02:20:19 - mmengine - INFO - Iter(train) [146900/160000]  lr: 8.5173e-03  eta: 1:22:07  time: 0.3750  data_time: 0.0276  memory: 9885  loss: 0.9522  decode.loss_ohem: 0.6814  decode.acc_seg: 95.3301  aux_0.loss_ce: 0.2707  aux_0.acc_seg: 93.1414
2026/07/27 02:20:57 - mmengine - INFO - Exp name: dsanet_cityscapes_512x1024_20260726_105256
2026/07/27 02:20:57 - mmengine - INFO - Iter(train) [147000/160000]  lr: 8.4588e-03  eta: 1:21:29  time: 0.3759  data_time: 0.0273  memory: 9884  loss: 0.9867  decode.loss_ohem: 0.6987  decode.acc_seg: 93.1643  aux_0.loss_ce: 0.2880  aux_0.acc_seg: 85.9474
2026/07/27 02:21:35 - mmengine - INFO - Iter(train) [147100/160000]  lr: 8.4003e-03  eta: 1:20:51  time: 0.3758  data_time: 0.0278  memory: 9883  loss: 0.9588  decode.loss_ohem: 0.6841  decode.acc_seg: 94.1821  aux_0.loss_ce: 0.2747  aux_0.acc_seg: 91.6267
2026/07/27 02:22:12 - mmengine - INFO - Iter(train) [147200/160000]  lr: 8.3417e-03  eta: 1:20:14  time: 0.3767  data_time: 0.0276  memory: 9885  loss: 0.9952  decode.loss_ohem: 0.7130  decode.acc_seg: 93.0499  aux_0.loss_ce: 0.2822  aux_0.acc_seg: 89.7309
2026/07/27 02:22:50 - mmengine - INFO - Iter(train) [147300/160000]  lr: 8.2831e-03  eta: 1:19:36  time: 0.3804  data_time: 0.0272  memory: 9885  loss: 0.9259  decode.loss_ohem: 0.6620  decode.acc_seg: 93.9045  aux_0.loss_ce: 0.2639  aux_0.acc_seg: 89.6556
2026/07/27 02:23:27 - mmengine - INFO - Iter(train) [147400/160000]  lr: 8.2245e-03  eta: 1:18:58  time: 0.3708  data_time: 0.0274  memory: 9883  loss: 0.9672  decode.loss_ohem: 0.7045  decode.acc_seg: 93.8668  aux_0.loss_ce: 0.2628  aux_0.acc_seg: 91.9341
2026/07/27 02:24:05 - mmengine - INFO - Iter(train) [147500/160000]  lr: 8.1658e-03  eta: 1:18:21  time: 0.3764  data_time: 0.0283  memory: 9884  loss: 1.0401  decode.loss_ohem: 0.7467  decode.acc_seg: 93.6633  aux_0.loss_ce: 0.2934  aux_0.acc_seg: 87.3065
2026/07/27 02:24:42 - mmengine - INFO - Iter(train) [147600/160000]  lr: 8.1070e-03  eta: 1:17:43  time: 0.3744  data_time: 0.0273  memory: 9883  loss: 0.9320  decode.loss_ohem: 0.6745  decode.acc_seg: 94.1020  aux_0.loss_ce: 0.2575  aux_0.acc_seg: 90.7817
2026/07/27 02:25:20 - mmengine - INFO - Iter(train) [147700/160000]  lr: 8.0482e-03  eta: 1:17:06  time: 0.3746  data_time: 0.0273  memory: 9884  loss: 0.9612  decode.loss_ohem: 0.6866  decode.acc_seg: 94.8007  aux_0.loss_ce: 0.2746  aux_0.acc_seg: 91.0991
2026/07/27 02:25:57 - mmengine - INFO - Iter(train) [147800/160000]  lr: 7.9894e-03  eta: 1:16:28  time: 0.3748  data_time: 0.0271  memory: 9884  loss: 0.9702  decode.loss_ohem: 0.7075  decode.acc_seg: 95.6027  aux_0.loss_ce: 0.2628  aux_0.acc_seg: 91.9414
2026/07/27 02:26:35 - mmengine - INFO - Iter(train) [147900/160000]  lr: 7.9305e-03  eta: 1:15:50  time: 0.3742  data_time: 0.0273  memory: 9884  loss: 1.0971  decode.loss_ohem: 0.7968  decode.acc_seg: 92.9401  aux_0.loss_ce: 0.3003  aux_0.acc_seg: 87.1433
2026/07/27 02:27:12 - mmengine - INFO - Exp name: dsanet_cityscapes_512x1024_20260726_105256
2026/07/27 02:27:12 - mmengine - INFO - Iter(train) [148000/160000]  lr: 7.8716e-03  eta: 1:15:13  time: 0.3784  data_time: 0.0280  memory: 9884  loss: 1.0059  decode.loss_ohem: 0.7176  decode.acc_seg: 92.2545  aux_0.loss_ce: 0.2883  aux_0.acc_seg: 88.1857
2026/07/27 02:27:50 - mmengine - INFO - Iter(train) [148100/160000]  lr: 7.8126e-03  eta: 1:14:35  time: 0.3751  data_time: 0.0279  memory: 9885  loss: 1.0210  decode.loss_ohem: 0.7057  decode.acc_seg: 93.3412  aux_0.loss_ce: 0.3154  aux_0.acc_seg: 86.7570
2026/07/27 02:28:28 - mmengine - INFO - Iter(train) [148200/160000]  lr: 7.7536e-03  eta: 1:13:58  time: 0.3752  data_time: 0.0276  memory: 9884  loss: 0.9796  decode.loss_ohem: 0.7037  decode.acc_seg: 93.1541  aux_0.loss_ce: 0.2759  aux_0.acc_seg: 89.7489
2026/07/27 02:29:05 - mmengine - INFO - Iter(train) [148300/160000]  lr: 7.6945e-03  eta: 1:13:20  time: 0.3764  data_time: 0.0285  memory: 9884  loss: 0.9685  decode.loss_ohem: 0.6894  decode.acc_seg: 93.1573  aux_0.loss_ce: 0.2791  aux_0.acc_seg: 88.0489
2026/07/27 02:29:43 - mmengine - INFO - Iter(train) [148400/160000]  lr: 7.6353e-03  eta: 1:12:42  time: 0.3773  data_time: 0.0296  memory: 9883  loss: 0.9447  decode.loss_ohem: 0.6813  decode.acc_seg: 91.9576  aux_0.loss_ce: 0.2634  aux_0.acc_seg: 90.0229
2026/07/27 02:30:20 - mmengine - INFO - Iter(train) [148500/160000]  lr: 7.5761e-03  eta: 1:12:05  time: 0.3735  data_time: 0.0266  memory: 9884  loss: 0.9673  decode.loss_ohem: 0.6914  decode.acc_seg: 93.5490  aux_0.loss_ce: 0.2759  aux_0.acc_seg: 87.6465
2026/07/27 02:30:58 - mmengine - INFO - Iter(train) [148600/160000]  lr: 7.5169e-03  eta: 1:11:27  time: 0.3744  data_time: 0.0271  memory: 9883  loss: 1.0639  decode.loss_ohem: 0.7630  decode.acc_seg: 93.2630  aux_0.loss_ce: 0.3010  aux_0.acc_seg: 89.2245
2026/07/27 02:31:35 - mmengine - INFO - Iter(train) [148700/160000]  lr: 7.4576e-03  eta: 1:10:49  time: 0.3742  data_time: 0.0276  memory: 9883  loss: 0.9561  decode.loss_ohem: 0.7005  decode.acc_seg: 95.5764  aux_0.loss_ce: 0.2556  aux_0.acc_seg: 93.3597
2026/07/27 02:32:12 - mmengine - INFO - Iter(train) [148800/160000]  lr: 7.3983e-03  eta: 1:10:12  time: 0.3751  data_time: 0.0279  memory: 9884  loss: 1.0480  decode.loss_ohem: 0.7671  decode.acc_seg: 93.5007  aux_0.loss_ce: 0.2808  aux_0.acc_seg: 88.8769
2026/07/27 02:32:50 - mmengine - INFO - Iter(train) [148900/160000]  lr: 7.3389e-03  eta: 1:09:34  time: 0.3748  data_time: 0.0277  memory: 9884  loss: 0.9882  decode.loss_ohem: 0.7258  decode.acc_seg: 94.2907  aux_0.loss_ce: 0.2624  aux_0.acc_seg: 90.0675
2026/07/27 02:33:28 - mmengine - INFO - Exp name: dsanet_cityscapes_512x1024_20260726_105256
2026/07/27 02:33:28 - mmengine - INFO - Iter(train) [149000/160000]  lr: 7.2794e-03  eta: 1:08:57  time: 0.3748  data_time: 0.0272  memory: 9885  loss: 0.9757  decode.loss_ohem: 0.6755  decode.acc_seg: 92.9551  aux_0.loss_ce: 0.3003  aux_0.acc_seg: 87.8740
2026/07/27 02:34:05 - mmengine - INFO - Iter(train) [149100/160000]  lr: 7.2199e-03  eta: 1:08:19  time: 0.3745  data_time: 0.0279  memory: 9884  loss: 0.9838  decode.loss_ohem: 0.7108  decode.acc_seg: 94.4968  aux_0.loss_ce: 0.2730  aux_0.acc_seg: 90.1692
2026/07/27 02:34:43 - mmengine - INFO - Iter(train) [149200/160000]  lr: 7.1604e-03  eta: 1:07:41  time: 0.3769  data_time: 0.0290  memory: 9884  loss: 0.9444  decode.loss_ohem: 0.6726  decode.acc_seg: 95.7824  aux_0.loss_ce: 0.2718  aux_0.acc_seg: 91.4855
2026/07/27 02:35:20 - mmengine - INFO - Iter(train) [149300/160000]  lr: 7.1008e-03  eta: 1:07:04  time: 0.3754  data_time: 0.0286  memory: 9883  loss: 1.0180  decode.loss_ohem: 0.7341  decode.acc_seg: 91.8533  aux_0.loss_ce: 0.2839  aux_0.acc_seg: 88.4166
2026/07/27 02:35:58 - mmengine - INFO - Iter(train) [149400/160000]  lr: 7.0411e-03  eta: 1:06:26  time: 0.3737  data_time: 0.0268  memory: 9886  loss: 0.9447  decode.loss_ohem: 0.6834  decode.acc_seg: 93.9493  aux_0.loss_ce: 0.2614  aux_0.acc_seg: 92.5099
2026/07/27 02:36:35 - mmengine - INFO - Iter(train) [149500/160000]  lr: 6.9814e-03  eta: 1:05:48  time: 0.3750  data_time: 0.0285  memory: 9885  loss: 0.9569  decode.loss_ohem: 0.6776  decode.acc_seg: 93.9387  aux_0.loss_ce: 0.2793  aux_0.acc_seg: 91.1934
2026/07/27 02:37:13 - mmengine - INFO - Iter(train) [149600/160000]  lr: 6.9216e-03  eta: 1:05:11  time: 0.3773  data_time: 0.0286  memory: 9883  loss: 1.0225  decode.loss_ohem: 0.7237  decode.acc_seg: 92.8746  aux_0.loss_ce: 0.2988  aux_0.acc_seg: 86.3522
2026/07/27 02:37:50 - mmengine - INFO - Iter(train) [149700/160000]  lr: 6.8617e-03  eta: 1:04:33  time: 0.3749  data_time: 0.0269  memory: 9884  loss: 1.0166  decode.loss_ohem: 0.7327  decode.acc_seg: 92.0904  aux_0.loss_ce: 0.2839  aux_0.acc_seg: 89.4628
2026/07/27 02:38:28 - mmengine - INFO - Iter(train) [149800/160000]  lr: 6.8018e-03  eta: 1:03:56  time: 0.3773  data_time: 0.0298  memory: 9884  loss: 0.9886  decode.loss_ohem: 0.6973  decode.acc_seg: 94.8429  aux_0.loss_ce: 0.2913  aux_0.acc_seg: 90.3808
2026/07/27 02:39:05 - mmengine - INFO - Iter(train) [149900/160000]  lr: 6.7419e-03  eta: 1:03:18  time: 0.3738  data_time: 0.0268  memory: 9884  loss: 0.9742  decode.loss_ohem: 0.7138  decode.acc_seg: 94.7601  aux_0.loss_ce: 0.2604  aux_0.acc_seg: 88.3923
2026/07/27 02:39:43 - mmengine - INFO - Exp name: dsanet_cityscapes_512x1024_20260726_105256
2026/07/27 02:39:43 - mmengine - INFO - Iter(train) [150000/160000]  lr: 6.6819e-03  eta: 1:02:40  time: 0.3741  data_time: 0.0270  memory: 9883  loss: 0.9555  decode.loss_ohem: 0.6816  decode.acc_seg: 95.2524  aux_0.loss_ce: 0.2738  aux_0.acc_seg: 92.0617
2026/07/27 02:39:43 - mmengine - INFO - Saving checkpoint at 150000 iterations
2026/07/27 02:39:48 - mmengine - INFO - Iter(val) [100/250]    eta: 0:00:07  time: 0.0475  data_time: 0.0095  memory: 729  
2026/07/27 02:39:53 - mmengine - INFO - Iter(val) [200/250]    eta: 0:00:02  time: 0.0469  data_time: 0.0093  memory: 729  
2026/07/27 02:39:55 - mmengine - INFO - per class results:
2026/07/27 02:39:55 - mmengine - INFO - 
+---------------+-------+-------+
|     Class     |  IoU  |  Acc  |
+---------------+-------+-------+
|      road     | 97.41 | 98.04 |
|    sidewalk   |  79.7 | 93.84 |
|    building   | 90.44 | 95.32 |
|      wall     | 48.99 | 55.68 |
|     fence     | 57.34 | 67.39 |
|      pole     | 57.83 | 69.68 |
| traffic light |  61.6 | 73.98 |
|  traffic sign | 71.74 |  81.5 |
|   vegetation  | 91.71 | 96.38 |
|    terrain    | 54.47 | 59.56 |
|      sky      | 93.67 | 97.63 |
|     person    | 77.37 | 89.14 |
|     rider     |  54.5 | 67.91 |
|      car      | 93.37 | 97.12 |
|     truck     | 58.76 | 66.76 |
|      bus      |  78.1 | 87.23 |
|     train     | 38.85 | 87.17 |
|   motorcycle  | 50.73 |  55.7 |
|    bicycle    | 71.93 | 86.46 |
+---------------+-------+-------+
2026/07/27 02:39:55 - mmengine - INFO - Iter(val) [250/250]    aAcc: 94.9500  mIoU: 69.9200  mAcc: 80.3400  data_time: 0.0105  time: 0.0482
2026/07/27 02:40:33 - mmengine - INFO - Iter(train) [150100/160000]  lr: 6.6218e-03  eta: 1:02:03  time: 0.3759  data_time: 0.0279  memory: 9884  loss: 0.9804  decode.loss_ohem: 0.7068  decode.acc_seg: 92.7458  aux_0.loss_ce: 0.2736  aux_0.acc_seg: 89.4690
2026/07/27 02:41:11 - mmengine - INFO - Iter(train) [150200/160000]  lr: 6.5616e-03  eta: 1:01:25  time: 0.3773  data_time: 0.0281  memory: 9883  loss: 1.0034  decode.loss_ohem: 0.7128  decode.acc_seg: 90.4567  aux_0.loss_ce: 0.2906  aux_0.acc_seg: 89.1809
2026/07/27 02:41:48 - mmengine - INFO - Iter(train) [150300/160000]  lr: 6.5014e-03  eta: 1:00:48  time: 0.3758  data_time: 0.0281  memory: 9883  loss: 0.9357  decode.loss_ohem: 0.6784  decode.acc_seg: 95.6250  aux_0.loss_ce: 0.2573  aux_0.acc_seg: 92.2905
2026/07/27 02:42:26 - mmengine - INFO - Iter(train) [150400/160000]  lr: 6.4412e-03  eta: 1:00:10  time: 0.3747  data_time: 0.0278  memory: 9884  loss: 0.9834  decode.loss_ohem: 0.6984  decode.acc_seg: 95.0834  aux_0.loss_ce: 0.2850  aux_0.acc_seg: 89.7719
2026/07/27 02:43:03 - mmengine - INFO - Iter(train) [150500/160000]  lr: 6.3809e-03  eta: 0:59:32  time: 0.3749  data_time: 0.0279  memory: 9884  loss: 1.0127  decode.loss_ohem: 0.7194  decode.acc_seg: 91.2752  aux_0.loss_ce: 0.2933  aux_0.acc_seg: 85.8976
2026/07/27 02:43:41 - mmengine - INFO - Iter(train) [150600/160000]  lr: 6.3205e-03  eta: 0:58:55  time: 0.3786  data_time: 0.0305  memory: 9883  loss: 0.9548  decode.loss_ohem: 0.6937  decode.acc_seg: 93.6085  aux_0.loss_ce: 0.2611  aux_0.acc_seg: 89.0156
2026/07/27 02:44:19 - mmengine - INFO - Iter(train) [150700/160000]  lr: 6.2600e-03  eta: 0:58:17  time: 0.3753  data_time: 0.0276  memory: 9883  loss: 0.9831  decode.loss_ohem: 0.7217  decode.acc_seg: 95.2549  aux_0.loss_ce: 0.2615  aux_0.acc_seg: 92.1353
2026/07/27 02:44:56 - mmengine - INFO - Iter(train) [150800/160000]  lr: 6.1995e-03  eta: 0:57:40  time: 0.3760  data_time: 0.0276  memory: 9884  loss: 0.9491  decode.loss_ohem: 0.6779  decode.acc_seg: 94.9780  aux_0.loss_ce: 0.2712  aux_0.acc_seg: 89.5182
2026/07/27 02:45:34 - mmengine - INFO - Iter(train) [150900/160000]  lr: 6.1389e-03  eta: 0:57:02  time: 0.3771  data_time: 0.0279  memory: 9883  loss: 1.0718  decode.loss_ohem: 0.7802  decode.acc_seg: 93.7330  aux_0.loss_ce: 0.2916  aux_0.acc_seg: 86.5596
2026/07/27 02:46:12 - mmengine - INFO - Exp name: dsanet_cityscapes_512x1024_20260726_105256
2026/07/27 02:46:12 - mmengine - INFO - Iter(train) [151000/160000]  lr: 6.0783e-03  eta: 0:56:24  time: 0.3761  data_time: 0.0279  memory: 9884  loss: 0.9263  decode.loss_ohem: 0.6862  decode.acc_seg: 93.2441  aux_0.loss_ce: 0.2402  aux_0.acc_seg: 87.4872
2026/07/27 02:46:49 - mmengine - INFO - Iter(train) [151100/160000]  lr: 6.0176e-03  eta: 0:55:47  time: 0.3752  data_time: 0.0278  memory: 9884  loss: 0.9190  decode.loss_ohem: 0.6863  decode.acc_seg: 93.6810  aux_0.loss_ce: 0.2326  aux_0.acc_seg: 87.2079
2026/07/27 02:47:27 - mmengine - INFO - Iter(train) [151200/160000]  lr: 5.9568e-03  eta: 0:55:09  time: 0.3738  data_time: 0.0276  memory: 9883  loss: 0.9657  decode.loss_ohem: 0.6985  decode.acc_seg: 93.2094  aux_0.loss_ce: 0.2672  aux_0.acc_seg: 85.8561
2026/07/27 02:48:04 - mmengine - INFO - Iter(train) [151300/160000]  lr: 5.8959e-03  eta: 0:54:31  time: 0.3749  data_time: 0.0276  memory: 9884  loss: 0.9747  decode.loss_ohem: 0.6882  decode.acc_seg: 93.8960  aux_0.loss_ce: 0.2865  aux_0.acc_seg: 91.0971
2026/07/27 02:48:42 - mmengine - INFO - Iter(train) [151400/160000]  lr: 5.8350e-03  eta: 0:53:54  time: 0.3740  data_time: 0.0273  memory: 9883  loss: 1.0370  decode.loss_ohem: 0.7653  decode.acc_seg: 94.6816  aux_0.loss_ce: 0.2717  aux_0.acc_seg: 92.3954
2026/07/27 02:49:19 - mmengine - INFO - Iter(train) [151500/160000]  lr: 5.7740e-03  eta: 0:53:16  time: 0.3740  data_time: 0.0277  memory: 9883  loss: 1.0415  decode.loss_ohem: 0.7681  decode.acc_seg: 93.3029  aux_0.loss_ce: 0.2733  aux_0.acc_seg: 90.2459
2026/07/27 02:49:57 - mmengine - INFO - Iter(train) [151600/160000]  lr: 5.7129e-03  eta: 0:52:39  time: 0.3747  data_time: 0.0281  memory: 9885  loss: 1.0033  decode.loss_ohem: 0.7306  decode.acc_seg: 93.6179  aux_0.loss_ce: 0.2727  aux_0.acc_seg: 87.1935
2026/07/27 02:50:34 - mmengine - INFO - Iter(train) [151700/160000]  lr: 5.6518e-03  eta: 0:52:01  time: 0.3794  data_time: 0.0307  memory: 9883  loss: 0.9470  decode.loss_ohem: 0.6980  decode.acc_seg: 95.4174  aux_0.loss_ce: 0.2490  aux_0.acc_seg: 91.6412
2026/07/27 02:51:12 - mmengine - INFO - Iter(train) [151800/160000]  lr: 5.5906e-03  eta: 0:51:23  time: 0.3720  data_time: 0.0279  memory: 9883  loss: 0.9754  decode.loss_ohem: 0.7009  decode.acc_seg: 93.3792  aux_0.loss_ce: 0.2745  aux_0.acc_seg: 85.7710
2026/07/27 02:51:50 - mmengine - INFO - Iter(train) [151900/160000]  lr: 5.5293e-03  eta: 0:50:46  time: 0.3760  data_time: 0.0286  memory: 9883  loss: 0.9461  decode.loss_ohem: 0.6951  decode.acc_seg: 92.5533  aux_0.loss_ce: 0.2511  aux_0.acc_seg: 88.3339
2026/07/27 02:52:27 - mmengine - INFO - Exp name: dsanet_cityscapes_512x1024_20260726_105256
2026/07/27 02:52:27 - mmengine - INFO - Iter(train) [152000/160000]  lr: 5.4679e-03  eta: 0:50:08  time: 0.3755  data_time: 0.0282  memory: 9883  loss: 0.9795  decode.loss_ohem: 0.7113  decode.acc_seg: 93.5263  aux_0.loss_ce: 0.2682  aux_0.acc_seg: 90.2323
2026/07/27 02:53:05 - mmengine - INFO - Iter(train) [152100/160000]  lr: 5.4065e-03  eta: 0:49:31  time: 0.3770  data_time: 0.0287  memory: 9883  loss: 0.9840  decode.loss_ohem: 0.7087  decode.acc_seg: 92.9167  aux_0.loss_ce: 0.2753  aux_0.acc_seg: 88.9242
2026/07/27 02:53:42 - mmengine - INFO - Iter(train) [152200/160000]  lr: 5.3450e-03  eta: 0:48:53  time: 0.3770  data_time: 0.0284  memory: 9883  loss: 0.9445  decode.loss_ohem: 0.6701  decode.acc_seg: 94.9590  aux_0.loss_ce: 0.2744  aux_0.acc_seg: 91.4371
2026/07/27 02:54:20 - mmengine - INFO - Iter(train) [152300/160000]  lr: 5.2834e-03  eta: 0:48:15  time: 0.3741  data_time: 0.0266  memory: 9883  loss: 0.9331  decode.loss_ohem: 0.6814  decode.acc_seg: 93.7873  aux_0.loss_ce: 0.2517  aux_0.acc_seg: 90.1815
2026/07/27 02:54:57 - mmengine - INFO - Iter(train) [152400/160000]  lr: 5.2217e-03  eta: 0:47:38  time: 0.3769  data_time: 0.0287  memory: 9886  loss: 0.9324  decode.loss_ohem: 0.6630  decode.acc_seg: 96.1731  aux_0.loss_ce: 0.2694  aux_0.acc_seg: 88.5485
2026/07/27 02:55:35 - mmengine - INFO - Iter(train) [152500/160000]  lr: 5.1599e-03  eta: 0:47:00  time: 0.3749  data_time: 0.0274  memory: 9884  loss: 0.9481  decode.loss_ohem: 0.6802  decode.acc_seg: 94.1140  aux_0.loss_ce: 0.2678  aux_0.acc_seg: 91.6924
2026/07/27 02:56:12 - mmengine - INFO - Iter(train) [152600/160000]  lr: 5.0981e-03  eta: 0:46:22  time: 0.3740  data_time: 0.0275  memory: 9883  loss: 0.9634  decode.loss_ohem: 0.7074  decode.acc_seg: 94.2548  aux_0.loss_ce: 0.2560  aux_0.acc_seg: 88.8867
2026/07/27 02:56:50 - mmengine - INFO - Iter(train) [152700/160000]  lr: 5.0362e-03  eta: 0:45:45  time: 0.3756  data_time: 0.0272  memory: 9883  loss: 0.9094  decode.loss_ohem: 0.6618  decode.acc_seg: 92.3534  aux_0.loss_ce: 0.2476  aux_0.acc_seg: 87.7090
2026/07/27 02:57:28 - mmengine - INFO - Iter(train) [152800/160000]  lr: 4.9742e-03  eta: 0:45:07  time: 0.3739  data_time: 0.0273  memory: 9883  loss: 0.9703  decode.loss_ohem: 0.6943  decode.acc_seg: 93.7338  aux_0.loss_ce: 0.2760  aux_0.acc_seg: 88.2617
2026/07/27 02:58:05 - mmengine - INFO - Iter(train) [152900/160000]  lr: 4.9121e-03  eta: 0:44:30  time: 0.3756  data_time: 0.0274  memory: 9885  loss: 0.8878  decode.loss_ohem: 0.6373  decode.acc_seg: 95.2286  aux_0.loss_ce: 0.2505  aux_0.acc_seg: 91.6670
2026/07/27 02:58:43 - mmengine - INFO - Exp name: dsanet_cityscapes_512x1024_20260726_105256
2026/07/27 02:58:43 - mmengine - INFO - Iter(train) [153000/160000]  lr: 4.8499e-03  eta: 0:43:52  time: 0.3754  data_time: 0.0280  memory: 9883  loss: 0.9385  decode.loss_ohem: 0.6739  decode.acc_seg: 95.1336  aux_0.loss_ce: 0.2645  aux_0.acc_seg: 91.0752
2026/07/27 02:59:20 - mmengine - INFO - Iter(train) [153100/160000]  lr: 4.7876e-03  eta: 0:43:14  time: 0.3766  data_time: 0.0289  memory: 9884  loss: 0.9439  decode.loss_ohem: 0.6881  decode.acc_seg: 93.5684  aux_0.loss_ce: 0.2558  aux_0.acc_seg: 88.8782
2026/07/27 02:59:58 - mmengine - INFO - Iter(train) [153200/160000]  lr: 4.7253e-03  eta: 0:42:37  time: 0.3731  data_time: 0.0260  memory: 9884  loss: 0.9277  decode.loss_ohem: 0.6596  decode.acc_seg: 93.8501  aux_0.loss_ce: 0.2681  aux_0.acc_seg: 84.9593
2026/07/27 03:00:35 - mmengine - INFO - Iter(train) [153300/160000]  lr: 4.6628e-03  eta: 0:41:59  time: 0.3754  data_time: 0.0273  memory: 9884  loss: 0.9654  decode.loss_ohem: 0.6824  decode.acc_seg: 93.1578  aux_0.loss_ce: 0.2830  aux_0.acc_seg: 89.4652
2026/07/27 03:01:13 - mmengine - INFO - Iter(train) [153400/160000]  lr: 4.6002e-03  eta: 0:41:22  time: 0.3755  data_time: 0.0281  memory: 9883  loss: 0.9380  decode.loss_ohem: 0.6823  decode.acc_seg: 92.4474  aux_0.loss_ce: 0.2557  aux_0.acc_seg: 87.1399
2026/07/27 03:01:51 - mmengine - INFO - Iter(train) [153500/160000]  lr: 4.5376e-03  eta: 0:40:44  time: 0.3763  data_time: 0.0274  memory: 9883  loss: 0.9406  decode.loss_ohem: 0.6768  decode.acc_seg: 96.0028  aux_0.loss_ce: 0.2638  aux_0.acc_seg: 89.0642
2026/07/27 03:02:28 - mmengine - INFO - Iter(train) [153600/160000]  lr: 4.4749e-03  eta: 0:40:06  time: 0.3765  data_time: 0.0289  memory: 9884  loss: 0.9749  decode.loss_ohem: 0.7074  decode.acc_seg: 93.5359  aux_0.loss_ce: 0.2675  aux_0.acc_seg: 89.2951
2026/07/27 03:03:06 - mmengine - INFO - Iter(train) [153700/160000]  lr: 4.4120e-03  eta: 0:39:29  time: 0.3739  data_time: 0.0275  memory: 9884  loss: 0.9249  decode.loss_ohem: 0.6643  decode.acc_seg: 95.4565  aux_0.loss_ce: 0.2606  aux_0.acc_seg: 90.9998
2026/07/27 03:03:43 - mmengine - INFO - Iter(train) [153800/160000]  lr: 4.3491e-03  eta: 0:38:51  time: 0.3861  data_time: 0.0291  memory: 9883  loss: 0.9236  decode.loss_ohem: 0.6559  decode.acc_seg: 94.5217  aux_0.loss_ce: 0.2677  aux_0.acc_seg: 90.9144
2026/07/27 03:04:20 - mmengine - INFO - Iter(train) [153900/160000]  lr: 4.2861e-03  eta: 0:38:14  time: 0.3691  data_time: 0.0279  memory: 9884  loss: 0.9723  decode.loss_ohem: 0.7147  decode.acc_seg: 95.7906  aux_0.loss_ce: 0.2576  aux_0.acc_seg: 92.2949
2026/07/27 03:04:58 - mmengine - INFO - Exp name: dsanet_cityscapes_512x1024_20260726_105256
2026/07/27 03:04:58 - mmengine - INFO - Iter(train) [154000/160000]  lr: 4.2229e-03  eta: 0:37:36  time: 0.3757  data_time: 0.0278  memory: 9884  loss: 1.0139  decode.loss_ohem: 0.7367  decode.acc_seg: 94.2469  aux_0.loss_ce: 0.2772  aux_0.acc_seg: 88.5636
2026/07/27 03:05:35 - mmengine - INFO - Iter(train) [154100/160000]  lr: 4.1597e-03  eta: 0:36:58  time: 0.3750  data_time: 0.0269  memory: 9883  loss: 0.9229  decode.loss_ohem: 0.6625  decode.acc_seg: 94.7977  aux_0.loss_ce: 0.2604  aux_0.acc_seg: 92.5375
2026/07/27 03:06:13 - mmengine - INFO - Iter(train) [154200/160000]  lr: 4.0963e-03  eta: 0:36:21  time: 0.3741  data_time: 0.0275  memory: 9883  loss: 0.9766  decode.loss_ohem: 0.7041  decode.acc_seg: 94.7320  aux_0.loss_ce: 0.2725  aux_0.acc_seg: 88.9541
2026/07/27 03:06:51 - mmengine - INFO - Iter(train) [154300/160000]  lr: 4.0329e-03  eta: 0:35:43  time: 0.3743  data_time: 0.0271  memory: 9883  loss: 0.9487  decode.loss_ohem: 0.6933  decode.acc_seg: 94.6948  aux_0.loss_ce: 0.2553  aux_0.acc_seg: 89.8889
2026/07/27 03:07:28 - mmengine - INFO - Iter(train) [154400/160000]  lr: 3.9693e-03  eta: 0:35:05  time: 0.3791  data_time: 0.0288  memory: 9883  loss: 0.9187  decode.loss_ohem: 0.6536  decode.acc_seg: 93.8640  aux_0.loss_ce: 0.2651  aux_0.acc_seg: 88.3471
2026/07/27 03:08:05 - mmengine - INFO - Iter(train) [154500/160000]  lr: 3.9056e-03  eta: 0:34:28  time: 0.3694  data_time: 0.0261  memory: 9883  loss: 1.0031  decode.loss_ohem: 0.7370  decode.acc_seg: 94.8618  aux_0.loss_ce: 0.2661  aux_0.acc_seg: 92.4546
2026/07/27 03:08:43 - mmengine - INFO - Iter(train) [154600/160000]  lr: 3.8418e-03  eta: 0:33:50  time: 0.3764  data_time: 0.0281  memory: 9884  loss: 0.9107  decode.loss_ohem: 0.6593  decode.acc_seg: 95.0096  aux_0.loss_ce: 0.2514  aux_0.acc_seg: 92.2804
2026/07/27 03:09:20 - mmengine - INFO - Iter(train) [154700/160000]  lr: 3.7779e-03  eta: 0:33:13  time: 0.3722  data_time: 0.0258  memory: 9883  loss: 0.9540  decode.loss_ohem: 0.6891  decode.acc_seg: 93.2327  aux_0.loss_ce: 0.2648  aux_0.acc_seg: 89.7666
2026/07/27 03:09:58 - mmengine - INFO - Iter(train) [154800/160000]  lr: 3.7138e-03  eta: 0:32:35  time: 0.3756  data_time: 0.0275  memory: 9883  loss: 0.9333  decode.loss_ohem: 0.6597  decode.acc_seg: 92.9904  aux_0.loss_ce: 0.2736  aux_0.acc_seg: 87.3297
2026/07/27 03:10:36 - mmengine - INFO - Iter(train) [154900/160000]  lr: 3.6497e-03  eta: 0:31:57  time: 0.3740  data_time: 0.0272  memory: 9883  loss: 0.8836  decode.loss_ohem: 0.6525  decode.acc_seg: 93.8832  aux_0.loss_ce: 0.2310  aux_0.acc_seg: 90.2398
2026/07/27 03:11:13 - mmengine - INFO - Exp name: dsanet_cityscapes_512x1024_20260726_105256
2026/07/27 03:11:13 - mmengine - INFO - Iter(train) [155000/160000]  lr: 3.5854e-03  eta: 0:31:20  time: 0.3731  data_time: 0.0267  memory: 9883  loss: 0.9128  decode.loss_ohem: 0.6701  decode.acc_seg: 93.5849  aux_0.loss_ce: 0.2428  aux_0.acc_seg: 89.1343
2026/07/27 03:11:13 - mmengine - INFO - Saving checkpoint at 155000 iterations
2026/07/27 03:11:19 - mmengine - INFO - Iter(val) [100/250]    eta: 0:00:07  time: 0.0467  data_time: 0.0090  memory: 729  
2026/07/27 03:11:23 - mmengine - INFO - Iter(val) [200/250]    eta: 0:00:02  time: 0.0469  data_time: 0.0091  memory: 729  
2026/07/27 03:11:26 - mmengine - INFO - per class results:
2026/07/27 03:11:26 - mmengine - INFO - 
+---------------+-------+-------+
|     Class     |  IoU  |  Acc  |
+---------------+-------+-------+
|      road     | 98.04 | 98.79 |
|    sidewalk   | 84.13 |  91.9 |
|    building   | 91.51 | 96.13 |
|      wall     | 56.39 | 66.55 |
|     fence     |  55.6 | 68.24 |
|      pole     | 61.03 | 71.33 |
| traffic light | 61.38 | 72.36 |
|  traffic sign | 72.37 | 80.52 |
|   vegetation  | 91.88 | 96.15 |
|    terrain    | 63.75 | 74.74 |
|      sky      | 94.09 | 97.71 |
|     person    |  78.3 | 89.48 |
|     rider     | 55.87 | 69.02 |
|      car      | 93.83 | 97.54 |
|     truck     |  72.7 | 78.53 |
|      bus      | 81.83 | 88.78 |
|     train     | 66.58 | 82.12 |
|   motorcycle  | 56.37 | 68.51 |
|    bicycle    | 71.91 | 88.34 |
+---------------+-------+-------+
2026/07/27 03:11:26 - mmengine - INFO - Iter(val) [250/250]    aAcc: 95.5900  mIoU: 74.0800  mAcc: 82.9900  data_time: 0.0103  time: 0.0481
2026/07/27 03:11:26 - mmengine - INFO - The previous best checkpoint /root/autodl-tmp/DSANet-main/tools/work_dirs/dsanet_cityscapes_512x1024/best_mIoU_iter_135000.pth is removed
2026/07/27 03:11:26 - mmengine - INFO - The best checkpoint with 74.0800 mIoU at 155000 iter is saved to best_mIoU_iter_155000.pth.
2026/07/27 03:12:04 - mmengine - INFO - Iter(train) [155100/160000]  lr: 3.5209e-03  eta: 0:30:42  time: 0.3737  data_time: 0.0268  memory: 9883  loss: 0.9038  decode.loss_ohem: 0.6641  decode.acc_seg: 95.3929  aux_0.loss_ce: 0.2397  aux_0.acc_seg: 92.7787
2026/07/27 03:12:42 - mmengine - INFO - Iter(train) [155200/160000]  lr: 3.4564e-03  eta: 0:30:05  time: 0.3755  data_time: 0.0276  memory: 9883  loss: 0.9489  decode.loss_ohem: 0.6990  decode.acc_seg: 94.7454  aux_0.loss_ce: 0.2499  aux_0.acc_seg: 88.0588
2026/07/27 03:13:19 - mmengine - INFO - Iter(train) [155300/160000]  lr: 3.3917e-03  eta: 0:29:27  time: 0.3740  data_time: 0.0260  memory: 9884  loss: 1.0067  decode.loss_ohem: 0.7137  decode.acc_seg: 93.6351  aux_0.loss_ce: 0.2930  aux_0.acc_seg: 86.9372
2026/07/27 03:13:57 - mmengine - INFO - Iter(train) [155400/160000]  lr: 3.3269e-03  eta: 0:28:49  time: 0.3734  data_time: 0.0271  memory: 9883  loss: 0.9052  decode.loss_ohem: 0.6769  decode.acc_seg: 95.2691  aux_0.loss_ce: 0.2283  aux_0.acc_seg: 90.5203
2026/07/27 03:14:34 - mmengine - INFO - Iter(train) [155500/160000]  lr: 3.2619e-03  eta: 0:28:12  time: 0.3753  data_time: 0.0276  memory: 9884  loss: 0.8903  decode.loss_ohem: 0.6351  decode.acc_seg: 95.5380  aux_0.loss_ce: 0.2551  aux_0.acc_seg: 89.8562
2026/07/27 03:15:12 - mmengine - INFO - Iter(train) [155600/160000]  lr: 3.1968e-03  eta: 0:27:34  time: 0.3758  data_time: 0.0280  memory: 9883  loss: 0.9406  decode.loss_ohem: 0.6823  decode.acc_seg: 94.7966  aux_0.loss_ce: 0.2582  aux_0.acc_seg: 88.8477
2026/07/27 03:15:49 - mmengine - INFO - Iter(train) [155700/160000]  lr: 3.1315e-03  eta: 0:26:57  time: 0.3747  data_time: 0.0277  memory: 9883  loss: 0.9185  decode.loss_ohem: 0.6542  decode.acc_seg: 95.8614  aux_0.loss_ce: 0.2643  aux_0.acc_seg: 91.1724
2026/07/27 03:16:27 - mmengine - INFO - Iter(train) [155800/160000]  lr: 3.0661e-03  eta: 0:26:19  time: 0.3749  data_time: 0.0275  memory: 9883  loss: 0.9735  decode.loss_ohem: 0.7118  decode.acc_seg: 93.6241  aux_0.loss_ce: 0.2617  aux_0.acc_seg: 88.1711
2026/07/27 03:17:04 - mmengine - INFO - Iter(train) [155900/160000]  lr: 3.0006e-03  eta: 0:25:41  time: 0.3749  data_time: 0.0279  memory: 9883  loss: 0.9177  decode.loss_ohem: 0.6684  decode.acc_seg: 94.3859  aux_0.loss_ce: 0.2493  aux_0.acc_seg: 91.5487
2026/07/27 03:17:42 - mmengine - INFO - Exp name: dsanet_cityscapes_512x1024_20260726_105256
2026/07/27 03:17:42 - mmengine - INFO - Iter(train) [156000/160000]  lr: 2.9348e-03  eta: 0:25:04  time: 0.3752  data_time: 0.0274  memory: 9884  loss: 0.9698  decode.loss_ohem: 0.7083  decode.acc_seg: 94.9314  aux_0.loss_ce: 0.2615  aux_0.acc_seg: 87.9327
2026/07/27 03:18:19 - mmengine - INFO - Iter(train) [156100/160000]  lr: 2.8689e-03  eta: 0:24:26  time: 0.3806  data_time: 0.0282  memory: 9884  loss: 0.9779  decode.loss_ohem: 0.7039  decode.acc_seg: 93.5572  aux_0.loss_ce: 0.2739  aux_0.acc_seg: 86.6141
2026/07/27 03:18:57 - mmengine - INFO - Iter(train) [156200/160000]  lr: 2.8029e-03  eta: 0:23:49  time: 0.3726  data_time: 0.0273  memory: 9884  loss: 0.9751  decode.loss_ohem: 0.7201  decode.acc_seg: 95.5656  aux_0.loss_ce: 0.2550  aux_0.acc_seg: 93.1274
2026/07/27 03:19:34 - mmengine - INFO - Iter(train) [156300/160000]  lr: 2.7366e-03  eta: 0:23:11  time: 0.3744  data_time: 0.0275  memory: 9884  loss: 0.9593  decode.loss_ohem: 0.7071  decode.acc_seg: 93.3390  aux_0.loss_ce: 0.2522  aux_0.acc_seg: 88.5254
2026/07/27 03:20:12 - mmengine - INFO - Iter(train) [156400/160000]  lr: 2.6702e-03  eta: 0:22:33  time: 0.3757  data_time: 0.0276  memory: 9883  loss: 0.9520  decode.loss_ohem: 0.6996  decode.acc_seg: 93.4375  aux_0.loss_ce: 0.2524  aux_0.acc_seg: 89.7552
2026/07/27 03:20:50 - mmengine - INFO - Iter(train) [156500/160000]  lr: 2.6036e-03  eta: 0:21:56  time: 0.3752  data_time: 0.0277  memory: 9883  loss: 0.9614  decode.loss_ohem: 0.6935  decode.acc_seg: 93.4704  aux_0.loss_ce: 0.2680  aux_0.acc_seg: 89.1978
2026/07/27 03:21:27 - mmengine - INFO - Iter(train) [156600/160000]  lr: 2.5368e-03  eta: 0:21:18  time: 0.3745  data_time: 0.0274  memory: 9883  loss: 0.9320  decode.loss_ohem: 0.6703  decode.acc_seg: 93.9230  aux_0.loss_ce: 0.2617  aux_0.acc_seg: 89.2707
2026/07/27 03:22:05 - mmengine - INFO - Iter(train) [156700/160000]  lr: 2.4699e-03  eta: 0:20:40  time: 0.3760  data_time: 0.0271  memory: 9883  loss: 0.9022  decode.loss_ohem: 0.6533  decode.acc_seg: 94.2913  aux_0.loss_ce: 0.2489  aux_0.acc_seg: 88.6130
2026/07/27 03:22:42 - mmengine - INFO - Iter(train) [156800/160000]  lr: 2.4027e-03  eta: 0:20:03  time: 0.3753  data_time: 0.0275  memory: 9883  loss: 0.9597  decode.loss_ohem: 0.7026  decode.acc_seg: 95.1782  aux_0.loss_ce: 0.2571  aux_0.acc_seg: 90.3091
2026/07/27 03:23:20 - mmengine - INFO - Iter(train) [156900/160000]  lr: 2.3353e-03  eta: 0:19:25  time: 0.3730  data_time: 0.0271  memory: 9883  loss: 0.9951  decode.loss_ohem: 0.7192  decode.acc_seg: 95.4115  aux_0.loss_ce: 0.2759  aux_0.acc_seg: 91.4696
2026/07/27 03:23:57 - mmengine - INFO - Exp name: dsanet_cityscapes_512x1024_20260726_105256
2026/07/27 03:23:57 - mmengine - INFO - Iter(train) [157000/160000]  lr: 2.2676e-03  eta: 0:18:48  time: 0.3742  data_time: 0.0272  memory: 9883  loss: 0.8782  decode.loss_ohem: 0.6452  decode.acc_seg: 94.8769  aux_0.loss_ce: 0.2331  aux_0.acc_seg: 91.8504
2026/07/27 03:24:35 - mmengine - INFO - Iter(train) [157100/160000]  lr: 2.1998e-03  eta: 0:18:10  time: 0.3745  data_time: 0.0276  memory: 9883  loss: 0.9779  decode.loss_ohem: 0.7167  decode.acc_seg: 91.4913  aux_0.loss_ce: 0.2612  aux_0.acc_seg: 85.7363
2026/07/27 03:25:12 - mmengine - INFO - Iter(train) [157200/160000]  lr: 2.1317e-03  eta: 0:17:32  time: 0.3735  data_time: 0.0270  memory: 9883  loss: 1.0157  decode.loss_ohem: 0.7161  decode.acc_seg: 93.1060  aux_0.loss_ce: 0.2996  aux_0.acc_seg: 88.6382
2026/07/27 03:25:50 - mmengine - INFO - Iter(train) [157300/160000]  lr: 2.0634e-03  eta: 0:16:55  time: 0.3699  data_time: 0.0288  memory: 9883  loss: 0.9762  decode.loss_ohem: 0.7098  decode.acc_seg: 94.6846  aux_0.loss_ce: 0.2664  aux_0.acc_seg: 91.7424
2026/07/27 03:26:27 - mmengine - INFO - Iter(train) [157400/160000]  lr: 1.9948e-03  eta: 0:16:17  time: 0.3734  data_time: 0.0277  memory: 9883  loss: 0.9893  decode.loss_ohem: 0.7102  decode.acc_seg: 93.7603  aux_0.loss_ce: 0.2792  aux_0.acc_seg: 89.9493
2026/07/27 03:27:05 - mmengine - INFO - Iter(train) [157500/160000]  lr: 1.9260e-03  eta: 0:15:40  time: 0.3750  data_time: 0.0276  memory: 9883  loss: 0.9642  decode.loss_ohem: 0.7185  decode.acc_seg: 94.2369  aux_0.loss_ce: 0.2457  aux_0.acc_seg: 89.0920
2026/07/27 03:27:42 - mmengine - INFO - Iter(train) [157600/160000]  lr: 1.8569e-03  eta: 0:15:02  time: 0.3739  data_time: 0.0271  memory: 9883  loss: 0.9492  decode.loss_ohem: 0.6849  decode.acc_seg: 95.4114  aux_0.loss_ce: 0.2643  aux_0.acc_seg: 92.6344
2026/07/27 03:28:20 - mmengine - INFO - Iter(train) [157700/160000]  lr: 1.7875e-03  eta: 0:14:24  time: 0.3750  data_time: 0.0276  memory: 9884  loss: 0.9550  decode.loss_ohem: 0.6743  decode.acc_seg: 94.6715  aux_0.loss_ce: 0.2807  aux_0.acc_seg: 88.4018
2026/07/27 03:28:57 - mmengine - INFO - Iter(train) [157800/160000]  lr: 1.7178e-03  eta: 0:13:47  time: 0.3754  data_time: 0.0279  memory: 9883  loss: 0.9504  decode.loss_ohem: 0.6871  decode.acc_seg: 93.5103  aux_0.loss_ce: 0.2634  aux_0.acc_seg: 88.8786
2026/07/27 03:29:35 - mmengine - INFO - Iter(train) [157900/160000]  lr: 1.6477e-03  eta: 0:13:09  time: 0.3739  data_time: 0.0261  memory: 9883  loss: 0.9393  decode.loss_ohem: 0.6686  decode.acc_seg: 94.4557  aux_0.loss_ce: 0.2707  aux_0.acc_seg: 91.9472
2026/07/27 03:30:12 - mmengine - INFO - Exp name: dsanet_cityscapes_512x1024_20260726_105256
2026/07/27 03:30:12 - mmengine - INFO - Iter(train) [158000/160000]  lr: 1.5774e-03  eta: 0:12:32  time: 0.3748  data_time: 0.0264  memory: 9883  loss: 0.9777  decode.loss_ohem: 0.7093  decode.acc_seg: 94.8594  aux_0.loss_ce: 0.2684  aux_0.acc_seg: 88.8024
2026/07/27 03:30:50 - mmengine - INFO - Iter(train) [158100/160000]  lr: 1.5067e-03  eta: 0:11:54  time: 0.3747  data_time: 0.0273  memory: 9884  loss: 0.9461  decode.loss_ohem: 0.6985  decode.acc_seg: 94.0377  aux_0.loss_ce: 0.2476  aux_0.acc_seg: 89.0409
2026/07/27 03:31:27 - mmengine - INFO - Iter(train) [158200/160000]  lr: 1.4356e-03  eta: 0:11:16  time: 0.3735  data_time: 0.0269  memory: 9883  loss: 0.9178  decode.loss_ohem: 0.6822  decode.acc_seg: 96.1620  aux_0.loss_ce: 0.2356  aux_0.acc_seg: 91.8631
2026/07/27 03:32:05 - mmengine - INFO - Iter(train) [158300/160000]  lr: 1.3641e-03  eta: 0:10:39  time: 0.3742  data_time: 0.0275  memory: 9883  loss: 0.9444  decode.loss_ohem: 0.7109  decode.acc_seg: 93.8023  aux_0.loss_ce: 0.2335  aux_0.acc_seg: 91.8201
2026/07/27 03:32:42 - mmengine - INFO - Iter(train) [158400/160000]  lr: 1.2922e-03  eta: 0:10:01  time: 0.3738  data_time: 0.0270  memory: 9883  loss: 0.9470  decode.loss_ohem: 0.6881  decode.acc_seg: 94.4959  aux_0.loss_ce: 0.2589  aux_0.acc_seg: 91.9839
2026/07/27 03:33:20 - mmengine - INFO - Iter(train) [158500/160000]  lr: 1.2198e-03  eta: 0:09:24  time: 0.3748  data_time: 0.0276  memory: 9883  loss: 0.9433  decode.loss_ohem: 0.6871  decode.acc_seg: 93.0196  aux_0.loss_ce: 0.2562  aux_0.acc_seg: 89.8067
2026/07/27 03:33:57 - mmengine - INFO - Iter(train) [158600/160000]  lr: 1.1470e-03  eta: 0:08:46  time: 0.3735  data_time: 0.0273  memory: 9883  loss: 0.9191  decode.loss_ohem: 0.6592  decode.acc_seg: 94.7373  aux_0.loss_ce: 0.2599  aux_0.acc_seg: 88.5763
2026/07/27 03:34:35 - mmengine - INFO - Iter(train) [158700/160000]  lr: 1.0736e-03  eta: 0:08:08  time: 0.3744  data_time: 0.0272  memory: 9883  loss: 0.9789  decode.loss_ohem: 0.6949  decode.acc_seg: 94.6455  aux_0.loss_ce: 0.2840  aux_0.acc_seg: 91.3651
2026/07/27 03:35:12 - mmengine - INFO - Iter(train) [158800/160000]  lr: 9.9971e-04  eta: 0:07:31  time: 0.3755  data_time: 0.0279  memory: 9883  loss: 0.8887  decode.loss_ohem: 0.6425  decode.acc_seg: 93.7101  aux_0.loss_ce: 0.2462  aux_0.acc_seg: 90.9420
2026/07/27 03:35:50 - mmengine - INFO - Iter(train) [158900/160000]  lr: 9.2517e-04  eta: 0:06:53  time: 0.3741  data_time: 0.0274  memory: 9884  loss: 0.9341  decode.loss_ohem: 0.6754  decode.acc_seg: 94.1808  aux_0.loss_ce: 0.2587  aux_0.acc_seg: 86.3935
2026/07/27 03:36:27 - mmengine - INFO - Exp name: dsanet_cityscapes_512x1024_20260726_105256
2026/07/27 03:36:27 - mmengine - INFO - Iter(train) [159000/160000]  lr: 8.4994e-04  eta: 0:06:16  time: 0.3763  data_time: 0.0277  memory: 9884  loss: 0.9435  decode.loss_ohem: 0.6772  decode.acc_seg: 94.9508  aux_0.loss_ce: 0.2663  aux_0.acc_seg: 92.2782
2026/07/27 03:37:05 - mmengine - INFO - Iter(train) [159100/160000]  lr: 7.7395e-04  eta: 0:05:38  time: 0.3768  data_time: 0.0279  memory: 9883  loss: 0.9077  decode.loss_ohem: 0.6421  decode.acc_seg: 93.7203  aux_0.loss_ce: 0.2656  aux_0.acc_seg: 88.0205
2026/07/27 03:37:43 - mmengine - INFO - Iter(train) [159200/160000]  lr: 6.9711e-04  eta: 0:05:00  time: 0.3749  data_time: 0.0269  memory: 9883  loss: 0.9064  decode.loss_ohem: 0.6765  decode.acc_seg: 94.3923  aux_0.loss_ce: 0.2298  aux_0.acc_seg: 90.5071
2026/07/27 03:38:20 - mmengine - INFO - Iter(train) [159300/160000]  lr: 6.1931e-04  eta: 0:04:23  time: 0.3748  data_time: 0.0281  memory: 9882  loss: 0.9941  decode.loss_ohem: 0.7033  decode.acc_seg: 95.7987  aux_0.loss_ce: 0.2908  aux_0.acc_seg: 91.3397
2026/07/27 03:38:58 - mmengine - INFO - Iter(train) [159400/160000]  lr: 5.4037e-04  eta: 0:03:45  time: 0.3743  data_time: 0.0276  memory: 9884  loss: 0.9334  decode.loss_ohem: 0.6870  decode.acc_seg: 94.9670  aux_0.loss_ce: 0.2464  aux_0.acc_seg: 91.7399
2026/07/27 03:39:35 - mmengine - INFO - Iter(train) [159500/160000]  lr: 4.6011e-04  eta: 0:03:08  time: 0.3747  data_time: 0.0272  memory: 9883  loss: 0.9909  decode.loss_ohem: 0.7073  decode.acc_seg: 93.9280  aux_0.loss_ce: 0.2836  aux_0.acc_seg: 88.7457
2026/07/27 03:40:13 - mmengine - INFO - Iter(train) [159600/160000]  lr: 3.7821e-04  eta: 0:02:30  time: 0.3754  data_time: 0.0279  memory: 9883  loss: 0.8562  decode.loss_ohem: 0.6288  decode.acc_seg: 94.3775  aux_0.loss_ce: 0.2274  aux_0.acc_seg: 91.4004
2026/07/27 03:40:50 - mmengine - INFO - Iter(train) [159700/160000]  lr: 2.9422e-04  eta: 0:01:52  time: 0.3748  data_time: 0.0272  memory: 9882  loss: 0.9484  decode.loss_ohem: 0.6998  decode.acc_seg: 95.1536  aux_0.loss_ce: 0.2486  aux_0.acc_seg: 87.0659
2026/07/27 03:41:28 - mmengine - INFO - Iter(train) [159800/160000]  lr: 2.0732e-04  eta: 0:01:15  time: 0.3751  data_time: 0.0273  memory: 9883  loss: 0.9011  decode.loss_ohem: 0.6720  decode.acc_seg: 94.3955  aux_0.loss_ce: 0.2290  aux_0.acc_seg: 90.5215
2026/07/27 03:42:05 - mmengine - INFO - Iter(train) [159900/160000]  lr: 1.1574e-04  eta: 0:00:37  time: 0.3750  data_time: 0.0278  memory: 9883  loss: 0.9846  decode.loss_ohem: 0.7004  decode.acc_seg: 94.7906  aux_0.loss_ce: 0.2842  aux_0.acc_seg: 88.7713
2026/07/27 03:42:43 - mmengine - INFO - Exp name: dsanet_cityscapes_512x1024_20260726_105256
2026/07/27 03:42:43 - mmengine - INFO - Iter(train) [160000/160000]  lr: 1.0000e-05  eta: 0:00:00  time: 0.3741  data_time: 0.0270  memory: 9883  loss: 1.0051  decode.loss_ohem: 0.7270  decode.acc_seg: 94.0284  aux_0.loss_ce: 0.2781  aux_0.acc_seg: 90.8762
2026/07/27 03:42:43 - mmengine - INFO - Saving checkpoint at 160000 iterations
2026/07/27 03:42:49 - mmengine - INFO - Iter(val) [100/250]    eta: 0:00:07  time: 0.0481  data_time: 0.0099  memory: 729  
2026/07/27 03:42:53 - mmengine - INFO - Iter(val) [200/250]    eta: 0:00:02  time: 0.0481  data_time: 0.0098  memory: 729  
2026/07/27 03:42:56 - mmengine - INFO - per class results:
2026/07/27 03:42:56 - mmengine - INFO - 
+---------------+-------+-------+
|     Class     |  IoU  |  Acc  |
+---------------+-------+-------+
|      road     | 98.03 | 98.82 |
|    sidewalk   | 84.18 | 91.85 |
|    building   | 91.52 | 96.03 |
|      wall     | 55.01 | 64.05 |
|     fence     | 56.67 | 67.82 |
|      pole     | 61.33 | 72.91 |
| traffic light | 62.72 | 75.27 |
|  traffic sign | 72.91 | 81.47 |
|   vegetation  | 91.94 | 96.45 |
|    terrain    | 64.31 | 73.31 |
|      sky      | 94.21 | 97.61 |
|     person    | 78.04 | 89.81 |
|     rider     | 55.77 | 70.41 |
|      car      |  94.0 | 97.44 |
|     truck     | 74.34 | 81.13 |
|      bus      | 81.23 | 89.99 |
|     train     | 66.25 | 80.53 |
|   motorcycle  | 56.58 | 65.52 |
|    bicycle    | 72.99 | 87.03 |
+---------------+-------+-------+
2026/07/27 03:42:56 - mmengine - INFO - Iter(val) [250/250]    aAcc: 95.6300  mIoU: 74.3200  mAcc: 83.0200  data_time: 0.0108  time: 0.0492
2026/07/27 03:42:56 - mmengine - INFO - The previous best checkpoint /root/autodl-tmp/DSANet-main/tools/work_dirs/dsanet_cityscapes_512x1024/best_mIoU_iter_155000.pth is removed
2026/07/27 03:42:56 - mmengine - INFO - The best checkpoint with 74.3200 mIoU at 160000 iter is saved to best_mIoU_iter_160000.pth.
