2026/07/23 09:32:34 - mmengine - INFO - 
------------------------------------------------------------
System environment:
    sys.platform: linux
    Python: 3.8.10 (default, Jun  4 2021, 15:09:15) [GCC 7.5.0]
    CUDA available: True
    MUSA available: False
    numpy_random_seed: 1870961787
    GPU 0: NVIDIA GeForce RTX 3090
    CUDA_HOME: /usr/local/cuda
    NVCC: Cuda compilation tools, release 11.8, V11.8.89
    GCC: gcc (Ubuntu 9.4.0-1ubuntu1~20.04.1) 9.4.0
    PyTorch: 2.0.0+cu118
    PyTorch compiling details: PyTorch built with:
  - GCC 9.3
  - C++ Version: 201703
  - Intel(R) oneAPI Math Kernel Library Version 2022.2-Product Build 20220804 for Intel(R) 64 architecture applications
  - Intel(R) MKL-DNN v2.7.3 (Git Hash 6dbeffbae1f23cbbeae17adb7b5b13f1f37c080e)
  - OpenMP 201511 (a.k.a. OpenMP 4.5)
  - LAPACK is enabled (usually provided by MKL)
  - NNPACK is enabled
  - CPU capability usage: AVX2
  - CUDA Runtime 11.8
  - NVCC architecture flags: -gencode;arch=compute_37,code=sm_37;-gencode;arch=compute_50,code=sm_50;-gencode;arch=compute_60,code=sm_60;-gencode;arch=compute_70,code=sm_70;-gencode;arch=compute_75,code=sm_75;-gencode;arch=compute_80,code=sm_80;-gencode;arch=compute_86,code=sm_86;-gencode;arch=compute_90,code=sm_90
  - CuDNN 8.7
  - Magma 2.6.1
  - Build settings: BLAS_INFO=mkl, BUILD_TYPE=Release, CUDA_VERSION=11.8, CUDNN_VERSION=8.7.0, CXX_COMPILER=/opt/rh/devtoolset-9/root/usr/bin/c++, CXX_FLAGS= -D_GLIBCXX_USE_CXX11_ABI=0 -fabi-version=11 -Wno-deprecated -fvisibility-inlines-hidden -DUSE_PTHREADPOOL -DNDEBUG -DUSE_KINETO -DLIBKINETO_NOROCTRACER -DUSE_FBGEMM -DUSE_QNNPACK -DUSE_PYTORCH_QNNPACK -DUSE_XNNPACK -DSYMBOLICATE_MOBILE_DEBUG_HANDLE -O2 -fPIC -Wall -Wextra -Werror=return-type -Werror=non-virtual-dtor -Werror=bool-operation -Wnarrowing -Wno-missing-field-initializers -Wno-type-limits -Wno-array-bounds -Wno-unknown-pragmas -Wunused-local-typedefs -Wno-unused-parameter -Wno-unused-function -Wno-unused-result -Wno-strict-overflow -Wno-strict-aliasing -Wno-error=deprecated-declarations -Wno-stringop-overflow -Wno-psabi -Wno-error=pedantic -Wno-error=redundant-decls -Wno-error=old-style-cast -fdiagnostics-color=always -faligned-new -Wno-unused-but-set-variable -Wno-maybe-uninitialized -fno-math-errno -fno-trapping-math -Werror=format -Werror=cast-function-type -Wno-stringop-overflow, LAPACK_INFO=mkl, PERF_WITH_AVX=1, PERF_WITH_AVX2=1, PERF_WITH_AVX512=1, TORCH_DISABLE_GPU_ASSERTS=ON, TORCH_VERSION=2.0.0, USE_CUDA=ON, USE_CUDNN=ON, USE_EXCEPTION_PTR=1, USE_GFLAGS=OFF, USE_GLOG=OFF, USE_MKL=ON, USE_MKLDNN=ON, USE_MPI=OFF, USE_NCCL=1, USE_NNPACK=ON, USE_OPENMP=ON, USE_ROCM=OFF, 

    TorchVision: 0.15.1+cu118
    OpenCV: 4.13.0
    MMEngine: 0.10.7

Runtime environment:
    cudnn_benchmark: True
    mp_cfg: {'mp_start_method': 'fork', 'opencv_num_threads': 0}
    dist_cfg: {'backend': 'nccl'}
    seed: 1870961787
    Distributed launcher: none
    Distributed training: False
    GPU number: 1
------------------------------------------------------------

2026/07/23 09:32:35 - mmengine - INFO - Config:
act_cfg = dict(type='GELU')
class_weight = [
    0.8373,
    0.918,
    0.866,
    1.0345,
    1.0166,
    0.9969,
    0.9754,
    1.0489,
    0.8786,
    1.0023,
    0.9539,
    0.9843,
    1.1116,
    0.9037,
    1.0865,
    1.0955,
    1.0865,
    1.1529,
    1.0507,
]
crop_size = (
    512,
    1024,
)
data_preprocessor = dict(
    bgr_to_rgb=True,
    mean=[
        123.675,
        116.28,
        103.53,
    ],
    pad_val=0,
    seg_pad_val=255,
    size=(
        512,
        1024,
    ),
    std=[
        58.395,
        57.12,
        57.375,
    ],
    type='SegDataPreProcessor')
data_root = '/root/autodl-tmp/cityscapes'
dataset_type = 'CityscapesDataset'
default_hooks = dict(
    checkpoint=dict(
        by_epoch=False,
        file_client_args=None,
        interval=5000,
        max_keep_ckpts=1,
        save_best='mIoU',
        save_optimizer=False,
        type='CheckpointHook'),
    logger=dict(interval=100, log_metric_by_epoch=False, type='LoggerHook'),
    param_scheduler=dict(type='ParamSchedulerHook'),
    sampler_seed=dict(type='DistSamplerSeedHook'),
    timer=dict(type='IterTimerHook'),
    visualization=dict(type='SegVisualizationHook'))
default_scope = 'mmseg'
env_cfg = dict(
    cudnn_benchmark=True,
    dist_cfg=dict(backend='nccl'),
    mp_cfg=dict(mp_start_method='fork', opencv_num_threads=0))
img_ratios = [
    0.5,
    0.75,
    1.0,
    1.25,
    1.5,
    1.75,
]
iters = 160000
launcher = 'none'
load_from = None
log_level = 'INFO'
log_processor = dict(by_epoch=False)
model = dict(
    auxiliary_head=[
        dict(
            align_corners=False,
            channels=32,
            concat_input=False,
            in_channels=64,
            in_index=0,
            loss_decode=dict(
                loss_weight=1.0, type='CrossEntropyLoss', use_sigmoid=False),
            norm_cfg=dict(requires_grad=True, type='BN'),
            num_classes=19,
            num_convs=1,
            sampler=dict(min_kept=10000, thresh=0.7, type='OHEMPixelSampler'),
            type='FCNHead'),
    ],
    backbone=dict(
        act_cfg=dict(type='GELU'),
        channels=(
            16,
            32,
            64,
            128,
        ),
        in_channels=3,
        init_cfg=None,
        norm_cfg=dict(requires_grad=True, type='BN'),
        type='DSANet'),
    data_preprocessor=dict(
        bgr_to_rgb=True,
        mean=[
            123.675,
            116.28,
            103.53,
        ],
        pad_val=0,
        seg_pad_val=255,
        size=(
            512,
            1024,
        ),
        std=[
            58.395,
            57.12,
            57.375,
        ],
        type='SegDataPreProcessor'),
    decode_head=dict(
        act_cfg=dict(type='GELU'),
        channels=32,
        in_channels=32,
        in_index=1,
        init_cfg=None,
        loss_decode=[
            dict(
                class_weight=[
                    0.8373,
                    0.918,
                    0.866,
                    1.0345,
                    1.0166,
                    0.9969,
                    0.9754,
                    1.0489,
                    0.8786,
                    1.0023,
                    0.9539,
                    0.9843,
                    1.1116,
                    0.9037,
                    1.0865,
                    1.0955,
                    1.0865,
                    1.1529,
                    1.0507,
                ],
                loss_weight=1.0,
                min_kept=131072,
                thres=0.9,
                type='OhemCrossEntropy'),
        ],
        loss_detail_weight=1.0,
        norm_cfg=dict(requires_grad=True, type='BN'),
        num_classes=19,
        type='OHEM_HEAD'),
    pretrained=None,
    test_cfg=dict(mode='whole'),
    train_cfg=dict(),
    type='EncoderDecoder')
norm_cfg = dict(requires_grad=True, type='BN')
num_classes = 19
optim_wrapper = dict(
    clip_grad=None,
    optimizer=dict(lr=0.01, momentum=0.9, type='SGD', weight_decay=0.0005),
    type='OptimWrapper')
optimizer = dict(lr=0.01, momentum=0.9, type='SGD', weight_decay=0.0005)
param_scheduler = [
    dict(
        begin=0,
        by_epoch=False,
        end=2000,
        end_factor=1.0,
        start_factor=0.0001,
        type='LinearLR'),
    dict(
        begin=2000,
        by_epoch=False,
        end=160000,
        eta_min=1e-05,
        power=0.9,
        type='PolyLR'),
]
resume = False
test_cfg = dict(type='TestLoop')
test_dataloader = dict(
    batch_size=1,
    dataset=dict(
        data_prefix=dict(
            img_path='leftImg8bit/val', seg_map_path='gtFine/val'),
        data_root='/root/autodl-tmp/cityscapes',
        pipeline=[
            dict(type='LoadImageFromFile'),
            dict(keep_ratio=True, scale=(
                2048,
                1024,
            ), type='Resize'),
            dict(reduce_zero_label=False, type='LoadAnnotations'),
            dict(type='PackSegInputs'),
        ],
        type='CityscapesDataset'),
    num_workers=4,
    persistent_workers=True,
    sampler=dict(shuffle=False, type='DefaultSampler'))
test_evaluator = dict(
    iou_metrics=[
        'mIoU',
    ], type='IoUMetric')
test_pipeline = [
    dict(type='LoadImageFromFile'),
    dict(keep_ratio=True, scale=(
        2048,
        1024,
    ), type='Resize'),
    dict(reduce_zero_label=False, type='LoadAnnotations'),
    dict(type='PackSegInputs'),
]
train_cfg = dict(
    max_iters=160000, type='IterBasedTrainLoop', val_interval=5000)
train_dataloader = dict(
    batch_size=16,
    dataset=dict(
        data_prefix=dict(
            img_path='leftImg8bit/train', seg_map_path='gtFine/train'),
        data_root='/root/autodl-tmp/cityscapes',
        pipeline=[
            dict(type='LoadImageFromFile'),
            dict(reduce_zero_label=False, type='LoadAnnotations'),
            dict(
                keep_ratio=True,
                ratio_range=(
                    0.5,
                    2.0,
                ),
                scale=(
                    2048,
                    1024,
                ),
                type='RandomResize'),
            dict(
                cat_max_ratio=0.75, crop_size=(
                    512,
                    1024,
                ), type='RandomCrop'),
            dict(prob=0.5, type='RandomFlip'),
            dict(type='PhotoMetricDistortion'),
            dict(type='PackSegInputs'),
        ],
        type='CityscapesDataset'),
    num_workers=8,
    persistent_workers=True,
    sampler=dict(shuffle=True, type='InfiniteSampler'))
train_pipeline = [
    dict(type='LoadImageFromFile'),
    dict(reduce_zero_label=False, type='LoadAnnotations'),
    dict(
        keep_ratio=True,
        ratio_range=(
            0.5,
            2.0,
        ),
        scale=(
            2048,
            1024,
        ),
        type='RandomResize'),
    dict(cat_max_ratio=0.75, crop_size=(
        512,
        1024,
    ), type='RandomCrop'),
    dict(prob=0.5, type='RandomFlip'),
    dict(type='PhotoMetricDistortion'),
    dict(type='PackSegInputs'),
]
tta_model = dict(type='SegTTAModel')
tta_pipeline = [
    dict(backend_args=None, type='LoadImageFromFile'),
    dict(
        transforms=[
            [
                dict(keep_ratio=True, scale_factor=0.5, type='Resize'),
                dict(keep_ratio=True, scale_factor=0.75, type='Resize'),
                dict(keep_ratio=True, scale_factor=1.0, type='Resize'),
                dict(keep_ratio=True, scale_factor=1.25, type='Resize'),
                dict(keep_ratio=True, scale_factor=1.5, type='Resize'),
                dict(keep_ratio=True, scale_factor=1.75, type='Resize'),
            ],
            [
                dict(direction='horizontal', prob=0.0, type='RandomFlip'),
                dict(direction='horizontal', prob=1.0, type='RandomFlip'),
            ],
            [
                dict(type='LoadAnnotations'),
            ],
            [
                dict(type='PackSegInputs'),
            ],
        ],
        type='TestTimeAug'),
]
val_cfg = dict(type='ValLoop')
val_dataloader = dict(
    batch_size=2,
    dataset=dict(
        data_prefix=dict(
            img_path='leftImg8bit/val', seg_map_path='gtFine/val'),
        data_root='/root/autodl-tmp/cityscapes',
        pipeline=[
            dict(type='LoadImageFromFile'),
            dict(keep_ratio=True, scale=(
                2048,
                1024,
            ), type='Resize'),
            dict(reduce_zero_label=False, type='LoadAnnotations'),
            dict(type='PackSegInputs'),
        ],
        type='CityscapesDataset'),
    num_workers=4,
    persistent_workers=True,
    sampler=dict(shuffle=False, type='DefaultSampler'))
val_evaluator = dict(
    iou_metrics=[
        'mIoU',
    ], type='IoUMetric')
val_iters = 5000
val_pipeline = [
    dict(type='LoadImageFromFile'),
    dict(keep_ratio=True, scale=(
        2048,
        1024,
    ), type='Resize'),
    dict(reduce_zero_label=False, type='LoadAnnotations'),
    dict(type='PackSegInputs'),
]
vis_backends = [
    dict(type='LocalVisBackend'),
]
visualizer = dict(
    name='visualizer',
    type='SegLocalVisualizer',
    vis_backends=[
        dict(type='LocalVisBackend'),
    ])
warmup_iters = 2000
work_dir = './work_dirs/dsanet_cityscapes_512x1024'

2026/07/23 09:32:36 - mmengine - INFO - Distributed training is not used, all SyncBatchNorm (SyncBN) layers in the model will be automatically reverted to BatchNormXd layers if they are used.
2026/07/23 09:32:36 - mmengine - INFO - Hooks will be executed in the following order:
before_run:
(VERY_HIGH   ) RuntimeInfoHook                    
(BELOW_NORMAL) LoggerHook                         
 -------------------- 
before_train:
(VERY_HIGH   ) RuntimeInfoHook                    
(NORMAL      ) IterTimerHook                      
(VERY_LOW    ) CheckpointHook                     
 -------------------- 
before_train_epoch:
(VERY_HIGH   ) RuntimeInfoHook                    
(NORMAL      ) IterTimerHook                      
(NORMAL      ) DistSamplerSeedHook                
 -------------------- 
before_train_iter:
(VERY_HIGH   ) RuntimeInfoHook                    
(NORMAL      ) IterTimerHook                      
 -------------------- 
after_train_iter:
(VERY_HIGH   ) RuntimeInfoHook                    
(NORMAL      ) IterTimerHook                      
(BELOW_NORMAL) LoggerHook                         
(LOW         ) ParamSchedulerHook                 
(VERY_LOW    ) CheckpointHook                     
 -------------------- 
after_train_epoch:
(NORMAL      ) IterTimerHook                      
(LOW         ) ParamSchedulerHook                 
(VERY_LOW    ) CheckpointHook                     
 -------------------- 
before_val:
(VERY_HIGH   ) RuntimeInfoHook                    
 -------------------- 
before_val_epoch:
(NORMAL      ) IterTimerHook                      
 -------------------- 
before_val_iter:
(NORMAL      ) IterTimerHook                      
 -------------------- 
after_val_iter:
(NORMAL      ) IterTimerHook                      
(NORMAL      ) SegVisualizationHook               
(BELOW_NORMAL) LoggerHook                         
 -------------------- 
after_val_epoch:
(VERY_HIGH   ) RuntimeInfoHook                    
(NORMAL      ) IterTimerHook                      
(BELOW_NORMAL) LoggerHook                         
(LOW         ) ParamSchedulerHook                 
(VERY_LOW    ) CheckpointHook                     
 -------------------- 
after_val:
(VERY_HIGH   ) RuntimeInfoHook                    
 -------------------- 
after_train:
(VERY_HIGH   ) RuntimeInfoHook                    
(VERY_LOW    ) CheckpointHook                     
 -------------------- 
before_test:
(VERY_HIGH   ) RuntimeInfoHook                    
 -------------------- 
before_test_epoch:
(NORMAL      ) IterTimerHook                      
 -------------------- 
before_test_iter:
(NORMAL      ) IterTimerHook                      
 -------------------- 
after_test_iter:
(NORMAL      ) IterTimerHook                      
(NORMAL      ) SegVisualizationHook               
(BELOW_NORMAL) LoggerHook                         
 -------------------- 
after_test_epoch:
(VERY_HIGH   ) RuntimeInfoHook                    
(NORMAL      ) IterTimerHook                      
(BELOW_NORMAL) LoggerHook                         
 -------------------- 
after_test:
(VERY_HIGH   ) RuntimeInfoHook                    
 -------------------- 
after_run:
(BELOW_NORMAL) LoggerHook                         
 -------------------- 
2026/07/23 09:32:37 - mmengine - WARNING - The prefix is not set in metric class IoUMetric.
Name of parameter - Initialization information

backbone.cnn_stem.0.conv.weight - torch.Size([16, 3, 3, 3]): 
Initialized by user-defined `init_weights` in DSANet  

backbone.cnn_stem.0.bn.weight - torch.Size([16]): 
The value is the same before and after calling `init_weights` of EncoderDecoder  

backbone.cnn_stem.0.bn.bias - torch.Size([16]): 
The value is the same before and after calling `init_weights` of EncoderDecoder  

backbone.cnn_stem.1.conv.weight - torch.Size([16, 16, 1, 1]): 
Initialized by user-defined `init_weights` in DSANet  

backbone.cnn_stem.1.bn.weight - torch.Size([16]): 
The value is the same before and after calling `init_weights` of EncoderDecoder  

backbone.cnn_stem.1.bn.bias - torch.Size([16]): 
The value is the same before and after calling `init_weights` of EncoderDecoder  

backbone.cnn_stem.2.conv.weight - torch.Size([16, 16, 1, 1]): 
Initialized by user-defined `init_weights` in DSANet  

backbone.cnn_stem.2.bn.weight - torch.Size([16]): 
The value is the same before and after calling `init_weights` of EncoderDecoder  

backbone.cnn_stem.2.bn.bias - torch.Size([16]): 
The value is the same before and after calling `init_weights` of EncoderDecoder  

backbone.downsample_layer.0.conv3x3.conv.weight - torch.Size([16, 16, 3, 3]): 
Initialized by user-defined `init_weights` in DSANet  

backbone.downsample_layer.0.conv3x3out.conv.weight - torch.Size([32, 32, 3, 3]): 
Initialized by user-defined `init_weights` in DSANet  

backbone.downsample_layer.0.conv3x3out.bn.weight - torch.Size([32]): 
The value is the same before and after calling `init_weights` of EncoderDecoder  

backbone.downsample_layer.0.conv3x3out.bn.bias - torch.Size([32]): 
The value is the same before and after calling `init_weights` of EncoderDecoder  

backbone.downsample_layer.1.conv3x3.conv.weight - torch.Size([32, 32, 3, 3]): 
Initialized by user-defined `init_weights` in DSANet  

backbone.downsample_layer.1.conv3x3out.conv.weight - torch.Size([64, 64, 3, 3]): 
Initialized by user-defined `init_weights` in DSANet  

backbone.downsample_layer.1.conv3x3out.bn.weight - torch.Size([64]): 
The value is the same before and after calling `init_weights` of EncoderDecoder  

backbone.downsample_layer.1.conv3x3out.bn.bias - torch.Size([64]): 
The value is the same before and after calling `init_weights` of EncoderDecoder  

backbone.downsample_layer.2.conv3x3.conv.weight - torch.Size([64, 64, 3, 3]): 
Initialized by user-defined `init_weights` in DSANet  

backbone.downsample_layer.2.conv3x3out.conv.weight - torch.Size([128, 128, 3, 3]): 
Initialized by user-defined `init_weights` in DSANet  

backbone.downsample_layer.2.conv3x3out.bn.weight - torch.Size([128]): 
The value is the same before and after calling `init_weights` of EncoderDecoder  

backbone.downsample_layer.2.conv3x3out.bn.bias - torch.Size([128]): 
The value is the same before and after calling `init_weights` of EncoderDecoder  

backbone.LACB_layers1.0.aggregate_conv.conv.weight - torch.Size([32, 1, 3, 3]): 
Initialized by user-defined `init_weights` in DSANet  

backbone.LACB_layers1.0.aggregate_conv.bn.weight - torch.Size([32]): 
The value is the same before and after calling `init_weights` of EncoderDecoder  

backbone.LACB_layers1.0.aggregate_conv.bn.bias - torch.Size([32]): 
The value is the same before and after calling `init_weights` of EncoderDecoder  

backbone.LACB_layers1.0.conv3x3.conv.weight - torch.Size([32, 16, 3, 3]): 
Initialized by user-defined `init_weights` in DSANet  

backbone.LACB_layers1.0.conv3x3.bn.weight - torch.Size([32]): 
The value is the same before and after calling `init_weights` of EncoderDecoder  

backbone.LACB_layers1.0.conv3x3.bn.bias - torch.Size([32]): 
The value is the same before and after calling `init_weights` of EncoderDecoder  

backbone.LACB_layers1.0.pwconv.conv.weight - torch.Size([32, 32, 1, 1]): 
Initialized by user-defined `init_weights` in DSANet  

backbone.LACB_layers1.0.pwconv.bn.weight - torch.Size([32]): 
The value is the same before and after calling `init_weights` of EncoderDecoder  

backbone.LACB_layers1.0.pwconv.bn.bias - torch.Size([32]): 
The value is the same before and after calling `init_weights` of EncoderDecoder  

backbone.LACB_layers1.1.aggregate_conv.conv.weight - torch.Size([32, 1, 5, 5]): 
Initialized by user-defined `init_weights` in DSANet  

backbone.LACB_layers1.1.aggregate_conv.bn.weight - torch.Size([32]): 
The value is the same before and after calling `init_weights` of EncoderDecoder  

backbone.LACB_layers1.1.aggregate_conv.bn.bias - torch.Size([32]): 
The value is the same before and after calling `init_weights` of EncoderDecoder  

backbone.LACB_layers1.1.conv3x3.conv.weight - torch.Size([32, 16, 3, 3]): 
Initialized by user-defined `init_weights` in DSANet  

backbone.LACB_layers1.1.conv3x3.bn.weight - torch.Size([32]): 
The value is the same before and after calling `init_weights` of EncoderDecoder  

backbone.LACB_layers1.1.conv3x3.bn.bias - torch.Size([32]): 
The value is the same before and after calling `init_weights` of EncoderDecoder  

backbone.LACB_layers1.1.pwconv.conv.weight - torch.Size([32, 32, 1, 1]): 
Initialized by user-defined `init_weights` in DSANet  

backbone.LACB_layers1.1.pwconv.bn.weight - torch.Size([32]): 
The value is the same before and after calling `init_weights` of EncoderDecoder  

backbone.LACB_layers1.1.pwconv.bn.bias - torch.Size([32]): 
The value is the same before and after calling `init_weights` of EncoderDecoder  

backbone.LACB_layers1.2.aggregate_conv.conv.weight - torch.Size([32, 1, 7, 7]): 
Initialized by user-defined `init_weights` in DSANet  

backbone.LACB_layers1.2.aggregate_conv.bn.weight - torch.Size([32]): 
The value is the same before and after calling `init_weights` of EncoderDecoder  

backbone.LACB_layers1.2.aggregate_conv.bn.bias - torch.Size([32]): 
The value is the same before and after calling `init_weights` of EncoderDecoder  

backbone.LACB_layers1.2.conv3x3.conv.weight - torch.Size([32, 16, 3, 3]): 
Initialized by user-defined `init_weights` in DSANet  

backbone.LACB_layers1.2.conv3x3.bn.weight - torch.Size([32]): 
The value is the same before and after calling `init_weights` of EncoderDecoder  

backbone.LACB_layers1.2.conv3x3.bn.bias - torch.Size([32]): 
The value is the same before and after calling `init_weights` of EncoderDecoder  

backbone.LACB_layers1.2.pwconv.conv.weight - torch.Size([32, 32, 1, 1]): 
Initialized by user-defined `init_weights` in DSANet  

backbone.LACB_layers1.2.pwconv.bn.weight - torch.Size([32]): 
The value is the same before and after calling `init_weights` of EncoderDecoder  

backbone.LACB_layers1.2.pwconv.bn.bias - torch.Size([32]): 
The value is the same before and after calling `init_weights` of EncoderDecoder  

backbone.LACB_layers2.0.aggregate_conv.conv.weight - torch.Size([64, 1, 3, 3]): 
Initialized by user-defined `init_weights` in DSANet  

backbone.LACB_layers2.0.aggregate_conv.bn.weight - torch.Size([64]): 
The value is the same before and after calling `init_weights` of EncoderDecoder  

backbone.LACB_layers2.0.aggregate_conv.bn.bias - torch.Size([64]): 
The value is the same before and after calling `init_weights` of EncoderDecoder  

backbone.LACB_layers2.0.conv3x3.conv.weight - torch.Size([64, 32, 3, 3]): 
Initialized by user-defined `init_weights` in DSANet  

backbone.LACB_layers2.0.conv3x3.bn.weight - torch.Size([64]): 
The value is the same before and after calling `init_weights` of EncoderDecoder  

backbone.LACB_layers2.0.conv3x3.bn.bias - torch.Size([64]): 
The value is the same before and after calling `init_weights` of EncoderDecoder  

backbone.LACB_layers2.0.pwconv.conv.weight - torch.Size([64, 64, 1, 1]): 
Initialized by user-defined `init_weights` in DSANet  

backbone.LACB_layers2.0.pwconv.bn.weight - torch.Size([64]): 
The value is the same before and after calling `init_weights` of EncoderDecoder  

backbone.LACB_layers2.0.pwconv.bn.bias - torch.Size([64]): 
The value is the same before and after calling `init_weights` of EncoderDecoder  

backbone.LACB_layers2.1.aggregate_conv.conv.weight - torch.Size([64, 1, 5, 5]): 
Initialized by user-defined `init_weights` in DSANet  

backbone.LACB_layers2.1.aggregate_conv.bn.weight - torch.Size([64]): 
The value is the same before and after calling `init_weights` of EncoderDecoder  

backbone.LACB_layers2.1.aggregate_conv.bn.bias - torch.Size([64]): 
The value is the same before and after calling `init_weights` of EncoderDecoder  

backbone.LACB_layers2.1.conv3x3.conv.weight - torch.Size([64, 32, 3, 3]): 
Initialized by user-defined `init_weights` in DSANet  

backbone.LACB_layers2.1.conv3x3.bn.weight - torch.Size([64]): 
The value is the same before and after calling `init_weights` of EncoderDecoder  

backbone.LACB_layers2.1.conv3x3.bn.bias - torch.Size([64]): 
The value is the same before and after calling `init_weights` of EncoderDecoder  

backbone.LACB_layers2.1.pwconv.conv.weight - torch.Size([64, 64, 1, 1]): 
Initialized by user-defined `init_weights` in DSANet  

backbone.LACB_layers2.1.pwconv.bn.weight - torch.Size([64]): 
The value is the same before and after calling `init_weights` of EncoderDecoder  

backbone.LACB_layers2.1.pwconv.bn.bias - torch.Size([64]): 
The value is the same before and after calling `init_weights` of EncoderDecoder  

backbone.LACB_layers2.2.aggregate_conv.conv.weight - torch.Size([64, 1, 7, 7]): 
Initialized by user-defined `init_weights` in DSANet  

backbone.LACB_layers2.2.aggregate_conv.bn.weight - torch.Size([64]): 
The value is the same before and after calling `init_weights` of EncoderDecoder  

backbone.LACB_layers2.2.aggregate_conv.bn.bias - torch.Size([64]): 
The value is the same before and after calling `init_weights` of EncoderDecoder  

backbone.LACB_layers2.2.conv3x3.conv.weight - torch.Size([64, 32, 3, 3]): 
Initialized by user-defined `init_weights` in DSANet  

backbone.LACB_layers2.2.conv3x3.bn.weight - torch.Size([64]): 
The value is the same before and after calling `init_weights` of EncoderDecoder  

backbone.LACB_layers2.2.conv3x3.bn.bias - torch.Size([64]): 
The value is the same before and after calling `init_weights` of EncoderDecoder  

backbone.LACB_layers2.2.pwconv.conv.weight - torch.Size([64, 64, 1, 1]): 
Initialized by user-defined `init_weights` in DSANet  

backbone.LACB_layers2.2.pwconv.bn.weight - torch.Size([64]): 
The value is the same before and after calling `init_weights` of EncoderDecoder  

backbone.LACB_layers2.2.pwconv.bn.bias - torch.Size([64]): 
The value is the same before and after calling `init_weights` of EncoderDecoder  

backbone.LACB_layers2.3.aggregate_conv.conv.weight - torch.Size([64, 1, 9, 9]): 
Initialized by user-defined `init_weights` in DSANet  

backbone.LACB_layers2.3.aggregate_conv.bn.weight - torch.Size([64]): 
The value is the same before and after calling `init_weights` of EncoderDecoder  

backbone.LACB_layers2.3.aggregate_conv.bn.bias - torch.Size([64]): 
The value is the same before and after calling `init_weights` of EncoderDecoder  

backbone.LACB_layers2.3.conv3x3.conv.weight - torch.Size([64, 32, 3, 3]): 
Initialized by user-defined `init_weights` in DSANet  

backbone.LACB_layers2.3.conv3x3.bn.weight - torch.Size([64]): 
The value is the same before and after calling `init_weights` of EncoderDecoder  

backbone.LACB_layers2.3.conv3x3.bn.bias - torch.Size([64]): 
The value is the same before and after calling `init_weights` of EncoderDecoder  

backbone.LACB_layers2.3.pwconv.conv.weight - torch.Size([64, 64, 1, 1]): 
Initialized by user-defined `init_weights` in DSANet  

backbone.LACB_layers2.3.pwconv.bn.weight - torch.Size([64]): 
The value is the same before and after calling `init_weights` of EncoderDecoder  

backbone.LACB_layers2.3.pwconv.bn.bias - torch.Size([64]): 
The value is the same before and after calling `init_weights` of EncoderDecoder  

backbone.LACB_layers2.4.aggregate_conv.conv.weight - torch.Size([64, 1, 11, 11]): 
Initialized by user-defined `init_weights` in DSANet  

backbone.LACB_layers2.4.aggregate_conv.bn.weight - torch.Size([64]): 
The value is the same before and after calling `init_weights` of EncoderDecoder  

backbone.LACB_layers2.4.aggregate_conv.bn.bias - torch.Size([64]): 
The value is the same before and after calling `init_weights` of EncoderDecoder  

backbone.LACB_layers2.4.conv3x3.conv.weight - torch.Size([64, 32, 3, 3]): 
Initialized by user-defined `init_weights` in DSANet  

backbone.LACB_layers2.4.conv3x3.bn.weight - torch.Size([64]): 
The value is the same before and after calling `init_weights` of EncoderDecoder  

backbone.LACB_layers2.4.conv3x3.bn.bias - torch.Size([64]): 
The value is the same before and after calling `init_weights` of EncoderDecoder  

backbone.LACB_layers2.4.pwconv.conv.weight - torch.Size([64, 64, 1, 1]): 
Initialized by user-defined `init_weights` in DSANet  

backbone.LACB_layers2.4.pwconv.bn.weight - torch.Size([64]): 
The value is the same before and after calling `init_weights` of EncoderDecoder  

backbone.LACB_layers2.4.pwconv.bn.bias - torch.Size([64]): 
The value is the same before and after calling `init_weights` of EncoderDecoder  

backbone.LACB_layers3.0.aggregate_conv.conv.weight - torch.Size([128, 1, 3, 3]): 
Initialized by user-defined `init_weights` in DSANet  

backbone.LACB_layers3.0.aggregate_conv.bn.weight - torch.Size([128]): 
The value is the same before and after calling `init_weights` of EncoderDecoder  

backbone.LACB_layers3.0.aggregate_conv.bn.bias - torch.Size([128]): 
The value is the same before and after calling `init_weights` of EncoderDecoder  

backbone.LACB_layers3.0.conv3x3.conv.weight - torch.Size([128, 64, 3, 3]): 
Initialized by user-defined `init_weights` in DSANet  

backbone.LACB_layers3.0.conv3x3.bn.weight - torch.Size([128]): 
The value is the same before and after calling `init_weights` of EncoderDecoder  

backbone.LACB_layers3.0.conv3x3.bn.bias - torch.Size([128]): 
The value is the same before and after calling `init_weights` of EncoderDecoder  

backbone.LACB_layers3.0.pwconv.conv.weight - torch.Size([128, 128, 1, 1]): 
Initialized by user-defined `init_weights` in DSANet  

backbone.LACB_layers3.0.pwconv.bn.weight - torch.Size([128]): 
The value is the same before and after calling `init_weights` of EncoderDecoder  

backbone.LACB_layers3.0.pwconv.bn.bias - torch.Size([128]): 
The value is the same before and after calling `init_weights` of EncoderDecoder  

backbone.LACB_layers3.1.aggregate_conv.conv.weight - torch.Size([128, 1, 5, 5]): 
Initialized by user-defined `init_weights` in DSANet  

backbone.LACB_layers3.1.aggregate_conv.bn.weight - torch.Size([128]): 
The value is the same before and after calling `init_weights` of EncoderDecoder  

backbone.LACB_layers3.1.aggregate_conv.bn.bias - torch.Size([128]): 
The value is the same before and after calling `init_weights` of EncoderDecoder  

backbone.LACB_layers3.1.conv3x3.conv.weight - torch.Size([128, 64, 3, 3]): 
Initialized by user-defined `init_weights` in DSANet  

backbone.LACB_layers3.1.conv3x3.bn.weight - torch.Size([128]): 
The value is the same before and after calling `init_weights` of EncoderDecoder  

backbone.LACB_layers3.1.conv3x3.bn.bias - torch.Size([128]): 
The value is the same before and after calling `init_weights` of EncoderDecoder  

backbone.LACB_layers3.1.pwconv.conv.weight - torch.Size([128, 128, 1, 1]): 
Initialized by user-defined `init_weights` in DSANet  

backbone.LACB_layers3.1.pwconv.bn.weight - torch.Size([128]): 
The value is the same before and after calling `init_weights` of EncoderDecoder  

backbone.LACB_layers3.1.pwconv.bn.bias - torch.Size([128]): 
The value is the same before and after calling `init_weights` of EncoderDecoder  

backbone.LACB_layers3.2.aggregate_conv.conv.weight - torch.Size([128, 1, 7, 7]): 
Initialized by user-defined `init_weights` in DSANet  

backbone.LACB_layers3.2.aggregate_conv.bn.weight - torch.Size([128]): 
The value is the same before and after calling `init_weights` of EncoderDecoder  

backbone.LACB_layers3.2.aggregate_conv.bn.bias - torch.Size([128]): 
The value is the same before and after calling `init_weights` of EncoderDecoder  

backbone.LACB_layers3.2.conv3x3.conv.weight - torch.Size([128, 64, 3, 3]): 
Initialized by user-defined `init_weights` in DSANet  

backbone.LACB_layers3.2.conv3x3.bn.weight - torch.Size([128]): 
The value is the same before and after calling `init_weights` of EncoderDecoder  

backbone.LACB_layers3.2.conv3x3.bn.bias - torch.Size([128]): 
The value is the same before and after calling `init_weights` of EncoderDecoder  

backbone.LACB_layers3.2.pwconv.conv.weight - torch.Size([128, 128, 1, 1]): 
Initialized by user-defined `init_weights` in DSANet  

backbone.LACB_layers3.2.pwconv.bn.weight - torch.Size([128]): 
The value is the same before and after calling `init_weights` of EncoderDecoder  

backbone.LACB_layers3.2.pwconv.bn.bias - torch.Size([128]): 
The value is the same before and after calling `init_weights` of EncoderDecoder  

backbone.LACB_layers3.3.aggregate_conv.conv.weight - torch.Size([128, 1, 9, 9]): 
Initialized by user-defined `init_weights` in DSANet  

backbone.LACB_layers3.3.aggregate_conv.bn.weight - torch.Size([128]): 
The value is the same before and after calling `init_weights` of EncoderDecoder  

backbone.LACB_layers3.3.aggregate_conv.bn.bias - torch.Size([128]): 
The value is the same before and after calling `init_weights` of EncoderDecoder  

backbone.LACB_layers3.3.conv3x3.conv.weight - torch.Size([128, 64, 3, 3]): 
Initialized by user-defined `init_weights` in DSANet  

backbone.LACB_layers3.3.conv3x3.bn.weight - torch.Size([128]): 
The value is the same before and after calling `init_weights` of EncoderDecoder  

backbone.LACB_layers3.3.conv3x3.bn.bias - torch.Size([128]): 
The value is the same before and after calling `init_weights` of EncoderDecoder  

backbone.LACB_layers3.3.pwconv.conv.weight - torch.Size([128, 128, 1, 1]): 
Initialized by user-defined `init_weights` in DSANet  

backbone.LACB_layers3.3.pwconv.bn.weight - torch.Size([128]): 
The value is the same before and after calling `init_weights` of EncoderDecoder  

backbone.LACB_layers3.3.pwconv.bn.bias - torch.Size([128]): 
The value is the same before and after calling `init_weights` of EncoderDecoder  

backbone.LACB_layers3.4.aggregate_conv.conv.weight - torch.Size([128, 1, 11, 11]): 
Initialized by user-defined `init_weights` in DSANet  

backbone.LACB_layers3.4.aggregate_conv.bn.weight - torch.Size([128]): 
The value is the same before and after calling `init_weights` of EncoderDecoder  

backbone.LACB_layers3.4.aggregate_conv.bn.bias - torch.Size([128]): 
The value is the same before and after calling `init_weights` of EncoderDecoder  

backbone.LACB_layers3.4.conv3x3.conv.weight - torch.Size([128, 64, 3, 3]): 
Initialized by user-defined `init_weights` in DSANet  

backbone.LACB_layers3.4.conv3x3.bn.weight - torch.Size([128]): 
The value is the same before and after calling `init_weights` of EncoderDecoder  

backbone.LACB_layers3.4.conv3x3.bn.bias - torch.Size([128]): 
The value is the same before and after calling `init_weights` of EncoderDecoder  

backbone.LACB_layers3.4.pwconv.conv.weight - torch.Size([128, 128, 1, 1]): 
Initialized by user-defined `init_weights` in DSANet  

backbone.LACB_layers3.4.pwconv.bn.weight - torch.Size([128]): 
The value is the same before and after calling `init_weights` of EncoderDecoder  

backbone.LACB_layers3.4.pwconv.bn.bias - torch.Size([128]): 
The value is the same before and after calling `init_weights` of EncoderDecoder  

backbone.LACB_layers3.5.aggregate_conv.conv.weight - torch.Size([128, 1, 13, 13]): 
Initialized by user-defined `init_weights` in DSANet  

backbone.LACB_layers3.5.aggregate_conv.bn.weight - torch.Size([128]): 
The value is the same before and after calling `init_weights` of EncoderDecoder  

backbone.LACB_layers3.5.aggregate_conv.bn.bias - torch.Size([128]): 
The value is the same before and after calling `init_weights` of EncoderDecoder  

backbone.LACB_layers3.5.conv3x3.conv.weight - torch.Size([128, 64, 3, 3]): 
Initialized by user-defined `init_weights` in DSANet  

backbone.LACB_layers3.5.conv3x3.bn.weight - torch.Size([128]): 
The value is the same before and after calling `init_weights` of EncoderDecoder  

backbone.LACB_layers3.5.conv3x3.bn.bias - torch.Size([128]): 
The value is the same before and after calling `init_weights` of EncoderDecoder  

backbone.LACB_layers3.5.pwconv.conv.weight - torch.Size([128, 128, 1, 1]): 
Initialized by user-defined `init_weights` in DSANet  

backbone.LACB_layers3.5.pwconv.bn.weight - torch.Size([128]): 
The value is the same before and after calling `init_weights` of EncoderDecoder  

backbone.LACB_layers3.5.pwconv.bn.bias - torch.Size([128]): 
The value is the same before and after calling `init_weights` of EncoderDecoder  

backbone.LACB_layers3.6.aggregate_conv.conv.weight - torch.Size([128, 1, 15, 15]): 
Initialized by user-defined `init_weights` in DSANet  

backbone.LACB_layers3.6.aggregate_conv.bn.weight - torch.Size([128]): 
The value is the same before and after calling `init_weights` of EncoderDecoder  

backbone.LACB_layers3.6.aggregate_conv.bn.bias - torch.Size([128]): 
The value is the same before and after calling `init_weights` of EncoderDecoder  

backbone.LACB_layers3.6.conv3x3.conv.weight - torch.Size([128, 64, 3, 3]): 
Initialized by user-defined `init_weights` in DSANet  

backbone.LACB_layers3.6.conv3x3.bn.weight - torch.Size([128]): 
The value is the same before and after calling `init_weights` of EncoderDecoder  

backbone.LACB_layers3.6.conv3x3.bn.bias - torch.Size([128]): 
The value is the same before and after calling `init_weights` of EncoderDecoder  

backbone.LACB_layers3.6.pwconv.conv.weight - torch.Size([128, 128, 1, 1]): 
Initialized by user-defined `init_weights` in DSANet  

backbone.LACB_layers3.6.pwconv.bn.weight - torch.Size([128]): 
The value is the same before and after calling `init_weights` of EncoderDecoder  

backbone.LACB_layers3.6.pwconv.bn.bias - torch.Size([128]): 
The value is the same before and after calling `init_weights` of EncoderDecoder  

backbone.fpn.conv.weight - torch.Size([32, 128, 1, 1]): 
Initialized by user-defined `init_weights` in DSANet  

backbone.fpn.bn.weight - torch.Size([32]): 
The value is the same before and after calling `init_weights` of EncoderDecoder  

backbone.fpn.bn.bias - torch.Size([32]): 
The value is the same before and after calling `init_weights` of EncoderDecoder  

backbone.GD_FAM.down_h.weight - torch.Size([32, 32, 1, 1]): 
Initialized by user-defined `init_weights` in DSANet  

backbone.GD_FAM.down_l.weight - torch.Size([32, 32, 1, 1]): 
Initialized by user-defined `init_weights` in DSANet  

backbone.GD_FAM.flow_make.weight - torch.Size([4, 64, 3, 3]): 
Initialized by user-defined `init_weights` in DSANet  

backbone.GD_FAM.flow_gate.0.weight - torch.Size([1, 4, 3, 3]): 
Initialized by user-defined `init_weights` in DSANet  

decode_head.conv_seg.weight - torch.Size([19, 32, 1, 1]): 
Initialized by user-defined `init_weights` in OHEM_HEAD  

decode_head.conv_seg.bias - torch.Size([19]): 
The value is the same before and after calling `init_weights` of EncoderDecoder  

decode_head.ohemhead.conv.conv.weight - torch.Size([32, 32, 3, 3]): 
Initialized by user-defined `init_weights` in OHEM_HEAD  

decode_head.ohemhead.conv.bn.weight - torch.Size([32]): 
The value is the same before and after calling `init_weights` of EncoderDecoder  

decode_head.ohemhead.conv.bn.bias - torch.Size([32]): 
The value is the same before and after calling `init_weights` of EncoderDecoder  

decode_head.ohemhead.norm.weight - torch.Size([32]): 
The value is the same before and after calling `init_weights` of EncoderDecoder  

decode_head.ohemhead.norm.bias - torch.Size([32]): 
The value is the same before and after calling `init_weights` of EncoderDecoder  

auxiliary_head.0.conv_seg.weight - torch.Size([19, 32, 1, 1]): 
The value is the same before and after calling `init_weights` of EncoderDecoder  

auxiliary_head.0.conv_seg.bias - torch.Size([19]): 
The value is the same before and after calling `init_weights` of EncoderDecoder  

auxiliary_head.0.convs.0.conv.weight - torch.Size([32, 64, 3, 3]): 
The value is the same before and after calling `init_weights` of EncoderDecoder  

auxiliary_head.0.convs.0.bn.weight - torch.Size([32]): 
The value is the same before and after calling `init_weights` of EncoderDecoder  

auxiliary_head.0.convs.0.bn.bias - torch.Size([32]): 
The value is the same before and after calling `init_weights` of EncoderDecoder  
2026/07/23 09:32:37 - mmengine - WARNING - "FileClient" will be deprecated in future. Please use io functions in https://mmengine.readthedocs.io/en/latest/api/fileio.html#file-io
2026/07/23 09:32:37 - mmengine - WARNING - "HardDiskBackend" is the alias of "LocalBackend" and the former will be deprecated in future.
2026/07/23 09:32:37 - mmengine - INFO - Checkpoints will be saved to /root/autodl-tmp/DSANet-main/tools/work_dirs/dsanet_cityscapes_512x1024.
2026/07/23 09:33:18 - mmengine - INFO - Iter(train) [   100/160000]  lr: 4.9620e-04  eta: 18:16:26  time: 0.3783  data_time: 0.0511  memory: 8879  loss: 5.3071  decode.loss_ohem: 2.6265  decode.acc_seg: 19.3849  aux_0.loss_ce: 2.6806  aux_0.acc_seg: 26.6429
2026/07/23 09:33:50 - mmengine - INFO - Exp name: dsanet_cityscapes_512x1024_20260723_093233
2026/07/23 09:33:56 - mmengine - INFO - Iter(train) [   200/160000]  lr: 9.9640e-04  eta: 17:26:00  time: 0.3745  data_time: 0.0491  memory: 8878  loss: 3.9279  decode.loss_ohem: 1.8088  decode.acc_seg: 53.3919  aux_0.loss_ce: 2.1191  aux_0.acc_seg: 44.8451
2026/07/23 09:34:33 - mmengine - INFO - Iter(train) [   300/160000]  lr: 1.4966e-03  eta: 17:06:25  time: 0.3700  data_time: 0.0482  memory: 8878  loss: 3.1337  decode.loss_ohem: 1.5221  decode.acc_seg: 55.5636  aux_0.loss_ce: 1.6116  aux_0.acc_seg: 50.2047
2026/07/23 09:35:10 - mmengine - INFO - Iter(train) [   400/160000]  lr: 1.9968e-03  eta: 16:56:09  time: 0.3725  data_time: 0.0476  memory: 8879  loss: 2.7853  decode.loss_ohem: 1.3709  decode.acc_seg: 61.3251  aux_0.loss_ce: 1.4144  aux_0.acc_seg: 53.5664
2026/07/23 09:35:47 - mmengine - INFO - Iter(train) [   500/160000]  lr: 2.4970e-03  eta: 16:51:25  time: 0.3740  data_time: 0.0485  memory: 8876  loss: 2.6247  decode.loss_ohem: 1.3755  decode.acc_seg: 66.5026  aux_0.loss_ce: 1.2492  aux_0.acc_seg: 64.9592
2026/07/23 09:36:25 - mmengine - INFO - Iter(train) [   600/160000]  lr: 2.9972e-03  eta: 16:48:19  time: 0.3768  data_time: 0.0478  memory: 8874  loss: 2.4642  decode.loss_ohem: 1.2653  decode.acc_seg: 69.8658  aux_0.loss_ce: 1.1989  aux_0.acc_seg: 66.4355
2026/07/23 09:37:02 - mmengine - INFO - Iter(train) [   700/160000]  lr: 3.4974e-03  eta: 16:45:50  time: 0.3744  data_time: 0.0473  memory: 8874  loss: 2.3207  decode.loss_ohem: 1.2480  decode.acc_seg: 77.2692  aux_0.loss_ce: 1.0726  aux_0.acc_seg: 72.4997
2026/07/23 09:37:40 - mmengine - INFO - Iter(train) [   800/160000]  lr: 3.9976e-03  eta: 16:43:48  time: 0.3755  data_time: 0.0497  memory: 8872  loss: 2.3894  decode.loss_ohem: 1.3031  decode.acc_seg: 69.9571  aux_0.loss_ce: 1.0863  aux_0.acc_seg: 64.7427
2026/07/23 09:38:17 - mmengine - INFO - Iter(train) [   900/160000]  lr: 4.4978e-03  eta: 16:42:28  time: 0.3735  data_time: 0.0478  memory: 8873  loss: 2.3119  decode.loss_ohem: 1.2811  decode.acc_seg: 66.4457  aux_0.loss_ce: 1.0308  aux_0.acc_seg: 65.6274
2026/07/23 09:38:55 - mmengine - INFO - Exp name: dsanet_cityscapes_512x1024_20260723_093233
2026/07/23 09:38:55 - mmengine - INFO - Iter(train) [  1000/160000]  lr: 4.9980e-03  eta: 16:41:04  time: 0.3736  data_time: 0.0477  memory: 8873  loss: 2.1955  decode.loss_ohem: 1.2134  decode.acc_seg: 72.8219  aux_0.loss_ce: 0.9820  aux_0.acc_seg: 69.6540
2026/07/23 09:39:32 - mmengine - INFO - Iter(train) [  1100/160000]  lr: 5.4982e-03  eta: 16:39:01  time: 0.3721  data_time: 0.0479  memory: 8872  loss: 2.0391  decode.loss_ohem: 1.1525  decode.acc_seg: 76.1074  aux_0.loss_ce: 0.8866  aux_0.acc_seg: 71.3218
2026/07/23 09:40:09 - mmengine - INFO - Iter(train) [  1200/160000]  lr: 5.9984e-03  eta: 16:37:06  time: 0.3675  data_time: 0.0446  memory: 8872  loss: 2.0532  decode.loss_ohem: 1.1543  decode.acc_seg: 78.3068  aux_0.loss_ce: 0.8989  aux_0.acc_seg: 74.2131
2026/07/23 09:40:46 - mmengine - INFO - Iter(train) [  1300/160000]  lr: 6.4986e-03  eta: 16:35:26  time: 0.3726  data_time: 0.0469  memory: 8870  loss: 2.0648  decode.loss_ohem: 1.1561  decode.acc_seg: 76.0711  aux_0.loss_ce: 0.9086  aux_0.acc_seg: 74.8760
2026/07/23 09:41:24 - mmengine - INFO - Iter(train) [  1400/160000]  lr: 6.9988e-03  eta: 16:33:58  time: 0.3736  data_time: 0.0481  memory: 8870  loss: 1.9624  decode.loss_ohem: 1.0766  decode.acc_seg: 72.6187  aux_0.loss_ce: 0.8858  aux_0.acc_seg: 67.0294
2026/07/23 09:42:01 - mmengine - INFO - Iter(train) [  1500/160000]  lr: 7.4990e-03  eta: 16:32:58  time: 0.3718  data_time: 0.0460  memory: 8872  loss: 1.8055  decode.loss_ohem: 1.0312  decode.acc_seg: 72.0275  aux_0.loss_ce: 0.7743  aux_0.acc_seg: 68.0796
2026/07/23 09:42:39 - mmengine - INFO - Iter(train) [  1600/160000]  lr: 7.9992e-03  eta: 16:32:31  time: 0.3798  data_time: 0.0504  memory: 8870  loss: 1.8170  decode.loss_ohem: 1.0734  decode.acc_seg: 81.4067  aux_0.loss_ce: 0.7435  aux_0.acc_seg: 78.1656
2026/07/23 09:43:17 - mmengine - INFO - Iter(train) [  1700/160000]  lr: 8.4994e-03  eta: 16:32:25  time: 0.3782  data_time: 0.0494  memory: 8870  loss: 1.9148  decode.loss_ohem: 1.1277  decode.acc_seg: 79.9609  aux_0.loss_ce: 0.7870  aux_0.acc_seg: 77.5009
2026/07/23 09:43:55 - mmengine - INFO - Iter(train) [  1800/160000]  lr: 8.9996e-03  eta: 16:32:07  time: 0.3768  data_time: 0.0486  memory: 8869  loss: 1.9129  decode.loss_ohem: 1.0869  decode.acc_seg: 80.3769  aux_0.loss_ce: 0.8261  aux_0.acc_seg: 74.8676
2026/07/23 09:44:32 - mmengine - INFO - Iter(train) [  1900/160000]  lr: 9.4998e-03  eta: 16:31:31  time: 0.3756  data_time: 0.0487  memory: 8870  loss: 1.9117  decode.loss_ohem: 1.0755  decode.acc_seg: 77.1371  aux_0.loss_ce: 0.8362  aux_0.acc_seg: 73.3379
2026/07/23 09:45:10 - mmengine - INFO - Exp name: dsanet_cityscapes_512x1024_20260723_093233
2026/07/23 09:45:10 - mmengine - INFO - Iter(train) [  2000/160000]  lr: 1.0000e-02  eta: 16:30:48  time: 0.3757  data_time: 0.0487  memory: 8871  loss: 2.0445  decode.loss_ohem: 1.2025  decode.acc_seg: 77.5498  aux_0.loss_ce: 0.8421  aux_0.acc_seg: 73.4388
2026/07/23 09:45:47 - mmengine - INFO - Iter(train) [  2100/160000]  lr: 9.9944e-03  eta: 16:30:08  time: 0.3753  data_time: 0.0476  memory: 8871  loss: 1.7554  decode.loss_ohem: 0.9904  decode.acc_seg: 75.5861  aux_0.loss_ce: 0.7650  aux_0.acc_seg: 72.1827
2026/07/23 09:46:25 - mmengine - INFO - Iter(train) [  2200/160000]  lr: 9.9887e-03  eta: 16:29:31  time: 0.3761  data_time: 0.0479  memory: 8870  loss: 1.7535  decode.loss_ohem: 1.0260  decode.acc_seg: 79.7417  aux_0.loss_ce: 0.7275  aux_0.acc_seg: 75.3479
2026/07/23 09:47:03 - mmengine - INFO - Iter(train) [  2300/160000]  lr: 9.9830e-03  eta: 16:28:54  time: 0.3755  data_time: 0.0472  memory: 8869  loss: 1.7362  decode.loss_ohem: 1.0418  decode.acc_seg: 84.0373  aux_0.loss_ce: 0.6944  aux_0.acc_seg: 81.6425
2026/07/23 09:47:40 - mmengine - INFO - Iter(train) [  2400/160000]  lr: 9.9773e-03  eta: 16:28:14  time: 0.3746  data_time: 0.0471  memory: 8869  loss: 1.6538  decode.loss_ohem: 0.9594  decode.acc_seg: 86.5626  aux_0.loss_ce: 0.6944  aux_0.acc_seg: 82.3118
2026/07/23 09:48:18 - mmengine - INFO - Iter(train) [  2500/160000]  lr: 9.9716e-03  eta: 16:27:26  time: 0.3757  data_time: 0.0479  memory: 8868  loss: 1.6444  decode.loss_ohem: 0.9692  decode.acc_seg: 79.9941  aux_0.loss_ce: 0.6752  aux_0.acc_seg: 78.2911
2026/07/23 09:48:55 - mmengine - INFO - Iter(train) [  2600/160000]  lr: 9.9659e-03  eta: 16:26:38  time: 0.3766  data_time: 0.0479  memory: 8869  loss: 1.7114  decode.loss_ohem: 1.0112  decode.acc_seg: 80.0790  aux_0.loss_ce: 0.7002  aux_0.acc_seg: 74.9676
2026/07/23 09:49:33 - mmengine - INFO - Iter(train) [  2700/160000]  lr: 9.9602e-03  eta: 16:26:17  time: 0.3832  data_time: 0.0515  memory: 8867  loss: 1.6758  decode.loss_ohem: 0.9885  decode.acc_seg: 82.2224  aux_0.loss_ce: 0.6872  aux_0.acc_seg: 77.5153
2026/07/23 09:50:11 - mmengine - INFO - Iter(train) [  2800/160000]  lr: 9.9545e-03  eta: 16:25:56  time: 0.3758  data_time: 0.0486  memory: 8867  loss: 1.6490  decode.loss_ohem: 0.9845  decode.acc_seg: 72.1267  aux_0.loss_ce: 0.6645  aux_0.acc_seg: 69.8586
2026/07/23 09:50:49 - mmengine - INFO - Iter(train) [  2900/160000]  lr: 9.9488e-03  eta: 16:25:31  time: 0.3737  data_time: 0.0466  memory: 8867  loss: 1.5735  decode.loss_ohem: 0.9391  decode.acc_seg: 83.7318  aux_0.loss_ce: 0.6344  aux_0.acc_seg: 78.5984
2026/07/23 09:51:27 - mmengine - INFO - Exp name: dsanet_cityscapes_512x1024_20260723_093233
2026/07/23 09:51:27 - mmengine - INFO - Iter(train) [  3000/160000]  lr: 9.9431e-03  eta: 16:25:23  time: 0.3784  data_time: 0.0491  memory: 8867  loss: 1.5558  decode.loss_ohem: 0.9285  decode.acc_seg: 82.3675  aux_0.loss_ce: 0.6274  aux_0.acc_seg: 80.3258
2026/07/23 09:52:05 - mmengine - INFO - Iter(train) [  3100/160000]  lr: 9.9374e-03  eta: 16:25:09  time: 0.3817  data_time: 0.0498  memory: 8868  loss: 1.6088  decode.loss_ohem: 0.9685  decode.acc_seg: 80.7773  aux_0.loss_ce: 0.6402  aux_0.acc_seg: 77.0404
2026/07/23 09:52:43 - mmengine - INFO - Iter(train) [  3200/160000]  lr: 9.9317e-03  eta: 16:24:51  time: 0.3804  data_time: 0.0488  memory: 8868  loss: 1.6890  decode.loss_ohem: 1.0116  decode.acc_seg: 84.1109  aux_0.loss_ce: 0.6774  aux_0.acc_seg: 80.4294
2026/07/23 09:53:21 - mmengine - INFO - Iter(train) [  3300/160000]  lr: 9.9260e-03  eta: 16:24:25  time: 0.3795  data_time: 0.0487  memory: 8867  loss: 1.5087  decode.loss_ohem: 0.9144  decode.acc_seg: 85.3993  aux_0.loss_ce: 0.5943  aux_0.acc_seg: 82.3215
2026/07/23 09:53:59 - mmengine - INFO - Iter(train) [  3400/160000]  lr: 9.9204e-03  eta: 16:23:54  time: 0.3780  data_time: 0.0478  memory: 8866  loss: 1.5208  decode.loss_ohem: 0.9248  decode.acc_seg: 84.7016  aux_0.loss_ce: 0.5960  aux_0.acc_seg: 82.1509
2026/07/23 09:54:37 - mmengine - INFO - Iter(train) [  3500/160000]  lr: 9.9147e-03  eta: 16:23:25  time: 0.3787  data_time: 0.0481  memory: 8867  loss: 1.5281  decode.loss_ohem: 0.9297  decode.acc_seg: 84.6330  aux_0.loss_ce: 0.5983  aux_0.acc_seg: 76.8440
2026/07/23 09:55:15 - mmengine - INFO - Iter(train) [  3600/160000]  lr: 9.9090e-03  eta: 16:23:00  time: 0.3823  data_time: 0.0502  memory: 8866  loss: 1.4988  decode.loss_ohem: 0.8965  decode.acc_seg: 80.2610  aux_0.loss_ce: 0.6023  aux_0.acc_seg: 72.9014
2026/07/23 09:55:53 - mmengine - INFO - Iter(train) [  3700/160000]  lr: 9.9033e-03  eta: 16:22:29  time: 0.3803  data_time: 0.0493  memory: 8865  loss: 1.6375  decode.loss_ohem: 1.0134  decode.acc_seg: 84.9752  aux_0.loss_ce: 0.6241  aux_0.acc_seg: 78.4161
2026/07/23 09:56:30 - mmengine - INFO - Iter(train) [  3800/160000]  lr: 9.8976e-03  eta: 16:21:53  time: 0.3805  data_time: 0.0495  memory: 8865  loss: 1.5825  decode.loss_ohem: 0.9875  decode.acc_seg: 84.7762  aux_0.loss_ce: 0.5949  aux_0.acc_seg: 81.4136
2026/07/23 09:57:08 - mmengine - INFO - Iter(train) [  3900/160000]  lr: 9.8919e-03  eta: 16:21:19  time: 0.3771  data_time: 0.0476  memory: 8867  loss: 1.5789  decode.loss_ohem: 0.9748  decode.acc_seg: 86.9748  aux_0.loss_ce: 0.6041  aux_0.acc_seg: 81.2014
2026/07/23 09:57:46 - mmengine - INFO - Exp name: dsanet_cityscapes_512x1024_20260723_093233
2026/07/23 09:57:46 - mmengine - INFO - Iter(train) [  4000/160000]  lr: 9.8862e-03  eta: 16:20:41  time: 0.3784  data_time: 0.0476  memory: 8865  loss: 1.5334  decode.loss_ohem: 0.9355  decode.acc_seg: 75.5883  aux_0.loss_ce: 0.5979  aux_0.acc_seg: 72.0377
2026/07/23 09:58:24 - mmengine - INFO - Iter(train) [  4100/160000]  lr: 9.8805e-03  eta: 16:20:03  time: 0.3773  data_time: 0.0477  memory: 8867  loss: 1.5260  decode.loss_ohem: 0.9204  decode.acc_seg: 85.2209  aux_0.loss_ce: 0.6057  aux_0.acc_seg: 79.4872
2026/07/23 09:59:01 - mmengine - INFO - Iter(train) [  4200/160000]  lr: 9.8748e-03  eta: 16:19:23  time: 0.3789  data_time: 0.0486  memory: 8865  loss: 1.5680  decode.loss_ohem: 0.9438  decode.acc_seg: 86.3465  aux_0.loss_ce: 0.6242  aux_0.acc_seg: 84.2706
2026/07/23 09:59:39 - mmengine - INFO - Iter(train) [  4300/160000]  lr: 9.8691e-03  eta: 16:18:45  time: 0.3768  data_time: 0.0474  memory: 8866  loss: 1.5516  decode.loss_ohem: 0.9319  decode.acc_seg: 86.0473  aux_0.loss_ce: 0.6196  aux_0.acc_seg: 82.7756
2026/07/23 10:00:17 - mmengine - INFO - Iter(train) [  4400/160000]  lr: 9.8634e-03  eta: 16:18:07  time: 0.3772  data_time: 0.0475  memory: 8867  loss: 1.5854  decode.loss_ohem: 0.9713  decode.acc_seg: 78.0673  aux_0.loss_ce: 0.6141  aux_0.acc_seg: 72.9818
2026/07/23 10:00:55 - mmengine - INFO - Iter(train) [  4500/160000]  lr: 9.8577e-03  eta: 16:17:29  time: 0.3761  data_time: 0.0472  memory: 8867  loss: 1.5273  decode.loss_ohem: 0.9240  decode.acc_seg: 82.2912  aux_0.loss_ce: 0.6033  aux_0.acc_seg: 76.8437
2026/07/23 10:01:32 - mmengine - INFO - Iter(train) [  4600/160000]  lr: 9.8520e-03  eta: 16:16:51  time: 0.3784  data_time: 0.0479  memory: 8866  loss: 1.5699  decode.loss_ohem: 0.9885  decode.acc_seg: 86.4088  aux_0.loss_ce: 0.5814  aux_0.acc_seg: 80.9617
2026/07/23 10:02:10 - mmengine - INFO - Iter(train) [  4700/160000]  lr: 9.8463e-03  eta: 16:16:07  time: 0.3760  data_time: 0.0467  memory: 8865  loss: 1.4695  decode.loss_ohem: 0.9051  decode.acc_seg: 87.1781  aux_0.loss_ce: 0.5644  aux_0.acc_seg: 85.1992
2026/07/23 10:02:47 - mmengine - INFO - Iter(train) [  4800/160000]  lr: 9.8406e-03  eta: 16:15:26  time: 0.3790  data_time: 0.0483  memory: 8864  loss: 1.6423  decode.loss_ohem: 0.9968  decode.acc_seg: 86.2288  aux_0.loss_ce: 0.6455  aux_0.acc_seg: 81.8469
2026/07/23 10:03:25 - mmengine - INFO - Iter(train) [  4900/160000]  lr: 9.8349e-03  eta: 16:14:44  time: 0.3759  data_time: 0.0471  memory: 8865  loss: 1.4904  decode.loss_ohem: 0.9268  decode.acc_seg: 82.6305  aux_0.loss_ce: 0.5636  aux_0.acc_seg: 76.8254
2026/07/23 10:04:02 - mmengine - INFO - Exp name: dsanet_cityscapes_512x1024_20260723_093233
2026/07/23 10:04:02 - mmengine - INFO - Iter(train) [  5000/160000]  lr: 9.8292e-03  eta: 16:14:00  time: 0.3756  data_time: 0.0465  memory: 8866  loss: 1.4091  decode.loss_ohem: 0.8609  decode.acc_seg: 88.8147  aux_0.loss_ce: 0.5482  aux_0.acc_seg: 86.4160
2026/07/23 10:04:02 - mmengine - INFO - Saving checkpoint at 5000 iterations
2026/07/23 10:04:09 - mmengine - INFO - Iter(val) [100/250]    eta: 0:00:09  time: 0.0529  data_time: 0.0185  memory: 4498  
2026/07/23 10:04:15 - mmengine - INFO - Iter(val) [200/250]    eta: 0:00:03  time: 0.0678  data_time: 0.0190  memory: 728  
2026/07/23 10:04:18 - mmengine - INFO - per class results:
2026/07/23 10:04:18 - mmengine - INFO - 
+---------------+-------+-------+
|     Class     |  IoU  |  Acc  |
+---------------+-------+-------+
|      road     | 94.14 | 97.36 |
|    sidewalk   | 61.43 | 75.88 |
|    building   | 79.93 | 91.93 |
|      wall     |  12.8 | 14.08 |
|     fence     | 17.92 |  21.0 |
|      pole     | 29.16 | 40.51 |
| traffic light |  0.21 |  0.21 |
|  traffic sign | 24.43 | 38.49 |
|   vegetation  | 83.48 | 88.36 |
|    terrain    | 38.47 | 56.35 |
|      sky      | 85.74 | 94.47 |
|     person    | 45.81 |  69.2 |
|     rider     |  0.1  |  0.1  |
|      car      | 75.26 | 96.36 |
|     truck     |  0.17 |  0.17 |
|      bus      |  5.29 |  5.36 |
|     train     |  2.17 |  2.2  |
|   motorcycle  |  0.2  |  0.2  |
|    bicycle    | 39.73 | 50.74 |
+---------------+-------+-------+
2026/07/23 10:04:18 - mmengine - INFO - Iter(val) [250/250]    aAcc: 88.5400  mIoU: 36.6500  mAcc: 44.3700  data_time: 0.0207  time: 0.0597
2026/07/23 10:04:18 - mmengine - INFO - The best checkpoint with 36.6500 mIoU at 5000 iter is saved to best_mIoU_iter_5000.pth.
2026/07/23 10:04:56 - mmengine - INFO - Iter(train) [  5100/160000]  lr: 9.8235e-03  eta: 16:13:41  time: 0.3752  data_time: 0.0470  memory: 8867  loss: 1.4449  decode.loss_ohem: 0.9101  decode.acc_seg: 83.7991  aux_0.loss_ce: 0.5347  aux_0.acc_seg: 81.7291
2026/07/23 10:05:34 - mmengine - INFO - Iter(train) [  5200/160000]  lr: 9.8178e-03  eta: 16:12:58  time: 0.3738  data_time: 0.0455  memory: 8866  loss: 1.5382  decode.loss_ohem: 0.9239  decode.acc_seg: 84.5011  aux_0.loss_ce: 0.6144  aux_0.acc_seg: 81.2276
2026/07/23 10:06:11 - mmengine - INFO - Iter(train) [  5300/160000]  lr: 9.8121e-03  eta: 16:12:08  time: 0.3707  data_time: 0.0438  memory: 8866  loss: 1.4208  decode.loss_ohem: 0.8635  decode.acc_seg: 86.6425  aux_0.loss_ce: 0.5573  aux_0.acc_seg: 82.1797
2026/07/23 10:06:48 - mmengine - INFO - Iter(train) [  5400/160000]  lr: 9.8064e-03  eta: 16:11:15  time: 0.3721  data_time: 0.0449  memory: 8866  loss: 1.4454  decode.loss_ohem: 0.9120  decode.acc_seg: 83.4640  aux_0.loss_ce: 0.5334  aux_0.acc_seg: 77.9107
2026/07/23 10:07:25 - mmengine - INFO - Iter(train) [  5500/160000]  lr: 9.8007e-03  eta: 16:10:23  time: 0.3729  data_time: 0.0446  memory: 8867  loss: 1.4335  decode.loss_ohem: 0.8976  decode.acc_seg: 87.5283  aux_0.loss_ce: 0.5359  aux_0.acc_seg: 83.1178
2026/07/23 10:08:02 - mmengine - INFO - Iter(train) [  5600/160000]  lr: 9.7950e-03  eta: 16:09:27  time: 0.3698  data_time: 0.0437  memory: 8867  loss: 1.4288  decode.loss_ohem: 0.8963  decode.acc_seg: 86.8720  aux_0.loss_ce: 0.5325  aux_0.acc_seg: 83.1150
2026/07/23 10:08:40 - mmengine - INFO - Iter(train) [  5700/160000]  lr: 9.7893e-03  eta: 16:08:38  time: 0.3722  data_time: 0.0452  memory: 8869  loss: 1.4125  decode.loss_ohem: 0.8750  decode.acc_seg: 87.3256  aux_0.loss_ce: 0.5376  aux_0.acc_seg: 83.9330
2026/07/23 10:09:17 - mmengine - INFO - Iter(train) [  5800/160000]  lr: 9.7836e-03  eta: 16:07:49  time: 0.3714  data_time: 0.0443  memory: 8866  loss: 1.4403  decode.loss_ohem: 0.9012  decode.acc_seg: 90.0552  aux_0.loss_ce: 0.5390  aux_0.acc_seg: 85.6367
2026/07/23 10:09:54 - mmengine - INFO - Iter(train) [  5900/160000]  lr: 9.7778e-03  eta: 16:07:00  time: 0.3711  data_time: 0.0443  memory: 8867  loss: 1.5477  decode.loss_ohem: 0.9734  decode.acc_seg: 81.6556  aux_0.loss_ce: 0.5744  aux_0.acc_seg: 75.3975
2026/07/23 10:10:31 - mmengine - INFO - Exp name: dsanet_cityscapes_512x1024_20260723_093233
2026/07/23 10:10:31 - mmengine - INFO - Iter(train) [  6000/160000]  lr: 9.7721e-03  eta: 16:06:08  time: 0.3721  data_time: 0.0449  memory: 8865  loss: 1.5376  decode.loss_ohem: 0.9887  decode.acc_seg: 83.0244  aux_0.loss_ce: 0.5489  aux_0.acc_seg: 79.0341
2026/07/23 10:11:08 - mmengine - INFO - Iter(train) [  6100/160000]  lr: 9.7664e-03  eta: 16:05:16  time: 0.3697  data_time: 0.0430  memory: 8867  loss: 1.4472  decode.loss_ohem: 0.8989  decode.acc_seg: 80.2303  aux_0.loss_ce: 0.5483  aux_0.acc_seg: 75.8314
2026/07/23 10:11:45 - mmengine - INFO - Iter(train) [  6200/160000]  lr: 9.7607e-03  eta: 16:04:25  time: 0.3710  data_time: 0.0442  memory: 8865  loss: 1.4525  decode.loss_ohem: 0.8974  decode.acc_seg: 84.8690  aux_0.loss_ce: 0.5551  aux_0.acc_seg: 81.5182
2026/07/23 10:12:22 - mmengine - INFO - Iter(train) [  6300/160000]  lr: 9.7550e-03  eta: 16:03:31  time: 0.3695  data_time: 0.0430  memory: 8865  loss: 1.5273  decode.loss_ohem: 0.9898  decode.acc_seg: 82.2546  aux_0.loss_ce: 0.5375  aux_0.acc_seg: 76.0007
2026/07/23 10:12:59 - mmengine - INFO - Iter(train) [  6400/160000]  lr: 9.7493e-03  eta: 16:02:38  time: 0.3701  data_time: 0.0445  memory: 8865  loss: 1.4333  decode.loss_ohem: 0.9160  decode.acc_seg: 84.0667  aux_0.loss_ce: 0.5173  aux_0.acc_seg: 79.0159
2026/07/23 10:13:38 - mmengine - INFO - Iter(train) [  6500/160000]  lr: 9.7436e-03  eta: 16:02:21  time: 0.3981  data_time: 0.0649  memory: 8866  loss: 1.4835  decode.loss_ohem: 0.9071  decode.acc_seg: 87.9166  aux_0.loss_ce: 0.5764  aux_0.acc_seg: 81.6813
2026/07/23 10:14:17 - mmengine - INFO - Iter(train) [  6600/160000]  lr: 9.7379e-03  eta: 16:02:22  time: 0.3873  data_time: 0.0506  memory: 8866  loss: 1.3396  decode.loss_ohem: 0.8303  decode.acc_seg: 83.8828  aux_0.loss_ce: 0.5093  aux_0.acc_seg: 80.9760
2026/07/23 10:14:56 - mmengine - INFO - Iter(train) [  6700/160000]  lr: 9.7322e-03  eta: 16:02:15  time: 0.3899  data_time: 0.0529  memory: 8865  loss: 1.5179  decode.loss_ohem: 0.9644  decode.acc_seg: 83.7558  aux_0.loss_ce: 0.5536  aux_0.acc_seg: 80.8241
2026/07/23 10:15:35 - mmengine - INFO - Iter(train) [  6800/160000]  lr: 9.7265e-03  eta: 16:02:08  time: 0.3868  data_time: 0.0533  memory: 8865  loss: 1.3641  decode.loss_ohem: 0.8719  decode.acc_seg: 84.1148  aux_0.loss_ce: 0.4922  aux_0.acc_seg: 81.3231
2026/07/23 10:16:14 - mmengine - INFO - Iter(train) [  6900/160000]  lr: 9.7208e-03  eta: 16:01:57  time: 0.3912  data_time: 0.0581  memory: 8865  loss: 1.3858  decode.loss_ohem: 0.8768  decode.acc_seg: 89.2251  aux_0.loss_ce: 0.5089  aux_0.acc_seg: 83.6980
2026/07/23 10:16:53 - mmengine - INFO - Exp name: dsanet_cityscapes_512x1024_20260723_093233
2026/07/23 10:16:53 - mmengine - INFO - Iter(train) [  7000/160000]  lr: 9.7151e-03  eta: 16:01:51  time: 0.3915  data_time: 0.0561  memory: 8865  loss: 1.5170  decode.loss_ohem: 0.9433  decode.acc_seg: 80.5684  aux_0.loss_ce: 0.5736  aux_0.acc_seg: 76.8348
2026/07/23 10:17:33 - mmengine - INFO - Iter(train) [  7100/160000]  lr: 9.7094e-03  eta: 16:01:56  time: 0.4058  data_time: 0.0579  memory: 8866  loss: 1.4020  decode.loss_ohem: 0.8868  decode.acc_seg: 82.5547  aux_0.loss_ce: 0.5151  aux_0.acc_seg: 79.0088
2026/07/23 10:18:11 - mmengine - INFO - Iter(train) [  7200/160000]  lr: 9.7037e-03  eta: 16:01:23  time: 0.3756  data_time: 0.0472  memory: 8865  loss: 1.3765  decode.loss_ohem: 0.8440  decode.acc_seg: 88.8195  aux_0.loss_ce: 0.5325  aux_0.acc_seg: 80.6703
2026/07/23 10:18:48 - mmengine - INFO - Iter(train) [  7300/160000]  lr: 9.6979e-03  eta: 16:00:42  time: 0.3749  data_time: 0.0470  memory: 8865  loss: 1.4295  decode.loss_ohem: 0.9108  decode.acc_seg: 90.1524  aux_0.loss_ce: 0.5187  aux_0.acc_seg: 85.5431
2026/07/23 10:19:26 - mmengine - INFO - Iter(train) [  7400/160000]  lr: 9.6922e-03  eta: 15:59:57  time: 0.3748  data_time: 0.0465  memory: 8865  loss: 1.3799  decode.loss_ohem: 0.8494  decode.acc_seg: 84.9441  aux_0.loss_ce: 0.5305  aux_0.acc_seg: 80.4531
2026/07/23 10:20:03 - mmengine - INFO - Iter(train) [  7500/160000]  lr: 9.6865e-03  eta: 15:59:09  time: 0.3717  data_time: 0.0441  memory: 8865  loss: 1.4752  decode.loss_ohem: 0.9294  decode.acc_seg: 83.0502  aux_0.loss_ce: 0.5458  aux_0.acc_seg: 79.9555
2026/07/23 10:20:40 - mmengine - INFO - Iter(train) [  7600/160000]  lr: 9.6808e-03  eta: 15:58:20  time: 0.3694  data_time: 0.0429  memory: 8865  loss: 1.3702  decode.loss_ohem: 0.8492  decode.acc_seg: 82.6673  aux_0.loss_ce: 0.5210  aux_0.acc_seg: 78.0001
2026/07/23 10:21:17 - mmengine - INFO - Iter(train) [  7700/160000]  lr: 9.6751e-03  eta: 15:57:32  time: 0.3742  data_time: 0.0463  memory: 8865  loss: 1.4293  decode.loss_ohem: 0.9060  decode.acc_seg: 82.4456  aux_0.loss_ce: 0.5233  aux_0.acc_seg: 77.3324
2026/07/23 10:21:55 - mmengine - INFO - Iter(train) [  7800/160000]  lr: 9.6694e-03  eta: 15:56:47  time: 0.3730  data_time: 0.0460  memory: 8866  loss: 1.3008  decode.loss_ohem: 0.8303  decode.acc_seg: 86.9238  aux_0.loss_ce: 0.4706  aux_0.acc_seg: 83.7214
2026/07/23 10:22:32 - mmengine - INFO - Iter(train) [  7900/160000]  lr: 9.6637e-03  eta: 15:55:58  time: 0.3713  data_time: 0.0444  memory: 8865  loss: 1.3444  decode.loss_ohem: 0.8232  decode.acc_seg: 86.6388  aux_0.loss_ce: 0.5212  aux_0.acc_seg: 82.0610
2026/07/23 10:23:09 - mmengine - INFO - Exp name: dsanet_cityscapes_512x1024_20260723_093233
2026/07/23 10:23:09 - mmengine - INFO - Iter(train) [  8000/160000]  lr: 9.6580e-03  eta: 15:55:10  time: 0.3708  data_time: 0.0446  memory: 8864  loss: 1.2613  decode.loss_ohem: 0.8158  decode.acc_seg: 86.7843  aux_0.loss_ce: 0.4455  aux_0.acc_seg: 84.2120
2026/07/23 10:23:46 - mmengine - INFO - Iter(train) [  8100/160000]  lr: 9.6523e-03  eta: 15:54:21  time: 0.3703  data_time: 0.0434  memory: 8865  loss: 1.2447  decode.loss_ohem: 0.7908  decode.acc_seg: 86.1673  aux_0.loss_ce: 0.4540  aux_0.acc_seg: 83.9390
2026/07/23 10:24:23 - mmengine - INFO - Iter(train) [  8200/160000]  lr: 9.6465e-03  eta: 15:53:31  time: 0.3699  data_time: 0.0443  memory: 8863  loss: 1.4016  decode.loss_ohem: 0.9340  decode.acc_seg: 88.5692  aux_0.loss_ce: 0.4676  aux_0.acc_seg: 85.1704
2026/07/23 10:25:00 - mmengine - INFO - Iter(train) [  8300/160000]  lr: 9.6408e-03  eta: 15:52:40  time: 0.3697  data_time: 0.0433  memory: 8864  loss: 1.2836  decode.loss_ohem: 0.7983  decode.acc_seg: 88.5355  aux_0.loss_ce: 0.4853  aux_0.acc_seg: 84.0197
2026/07/23 10:25:37 - mmengine - INFO - Iter(train) [  8400/160000]  lr: 9.6351e-03  eta: 15:51:49  time: 0.3691  data_time: 0.0436  memory: 8864  loss: 1.2812  decode.loss_ohem: 0.8310  decode.acc_seg: 90.3535  aux_0.loss_ce: 0.4502  aux_0.acc_seg: 87.1625
2026/07/23 10:26:14 - mmengine - INFO - Iter(train) [  8500/160000]  lr: 9.6294e-03  eta: 15:51:06  time: 0.3889  data_time: 0.0592  memory: 8865  loss: 1.4308  decode.loss_ohem: 0.9141  decode.acc_seg: 87.1902  aux_0.loss_ce: 0.5167  aux_0.acc_seg: 81.2114
2026/07/23 10:26:54 - mmengine - INFO - Iter(train) [  8600/160000]  lr: 9.6237e-03  eta: 15:51:08  time: 0.3961  data_time: 0.0524  memory: 8865  loss: 1.4475  decode.loss_ohem: 0.9103  decode.acc_seg: 89.5863  aux_0.loss_ce: 0.5372  aux_0.acc_seg: 84.0913
2026/07/23 10:27:34 - mmengine - INFO - Iter(train) [  8700/160000]  lr: 9.6180e-03  eta: 15:50:57  time: 0.3896  data_time: 0.0546  memory: 8865  loss: 1.3176  decode.loss_ohem: 0.8360  decode.acc_seg: 87.3099  aux_0.loss_ce: 0.4815  aux_0.acc_seg: 84.3576
2026/07/23 10:28:12 - mmengine - INFO - Iter(train) [  8800/160000]  lr: 9.6123e-03  eta: 15:50:40  time: 0.3886  data_time: 0.0515  memory: 8864  loss: 1.4324  decode.loss_ohem: 0.8899  decode.acc_seg: 81.6193  aux_0.loss_ce: 0.5425  aux_0.acc_seg: 82.0552
2026/07/23 10:28:52 - mmengine - INFO - Iter(train) [  8900/160000]  lr: 9.6065e-03  eta: 15:50:25  time: 0.3891  data_time: 0.0500  memory: 8864  loss: 1.4974  decode.loss_ohem: 0.9579  decode.acc_seg: 86.7350  aux_0.loss_ce: 0.5395  aux_0.acc_seg: 82.2886
2026/07/23 10:29:31 - mmengine - INFO - Exp name: dsanet_cityscapes_512x1024_20260723_093233
2026/07/23 10:29:31 - mmengine - INFO - Iter(train) [  9000/160000]  lr: 9.6008e-03  eta: 15:50:12  time: 0.3887  data_time: 0.0519  memory: 8864  loss: 1.3373  decode.loss_ohem: 0.8792  decode.acc_seg: 85.3101  aux_0.loss_ce: 0.4582  aux_0.acc_seg: 77.0861
2026/07/23 10:30:10 - mmengine - INFO - Iter(train) [  9100/160000]  lr: 9.5951e-03  eta: 15:49:59  time: 0.3729  data_time: 0.0459  memory: 8865  loss: 1.4098  decode.loss_ohem: 0.9248  decode.acc_seg: 87.1951  aux_0.loss_ce: 0.4849  aux_0.acc_seg: 82.6031
2026/07/23 10:30:47 - mmengine - INFO - Iter(train) [  9200/160000]  lr: 9.5894e-03  eta: 15:49:15  time: 0.3736  data_time: 0.0457  memory: 8864  loss: 1.3729  decode.loss_ohem: 0.8689  decode.acc_seg: 87.5668  aux_0.loss_ce: 0.5040  aux_0.acc_seg: 84.4302
2026/07/23 10:31:25 - mmengine - INFO - Iter(train) [  9300/160000]  lr: 9.5837e-03  eta: 15:48:32  time: 0.3749  data_time: 0.0463  memory: 8863  loss: 1.3452  decode.loss_ohem: 0.8686  decode.acc_seg: 89.0401  aux_0.loss_ce: 0.4766  aux_0.acc_seg: 84.5824
2026/07/23 10:32:02 - mmengine - INFO - Iter(train) [  9400/160000]  lr: 9.5780e-03  eta: 15:47:48  time: 0.3744  data_time: 0.0461  memory: 8863  loss: 1.3397  decode.loss_ohem: 0.8881  decode.acc_seg: 86.8811  aux_0.loss_ce: 0.4516  aux_0.acc_seg: 82.3441
2026/07/23 10:32:40 - mmengine - INFO - Iter(train) [  9500/160000]  lr: 9.5722e-03  eta: 15:47:06  time: 0.3744  data_time: 0.0463  memory: 8865  loss: 1.3198  decode.loss_ohem: 0.8529  decode.acc_seg: 88.0532  aux_0.loss_ce: 0.4669  aux_0.acc_seg: 85.7909
2026/07/23 10:33:17 - mmengine - INFO - Iter(train) [  9600/160000]  lr: 9.5665e-03  eta: 15:46:24  time: 0.3753  data_time: 0.0471  memory: 8866  loss: 1.2672  decode.loss_ohem: 0.7988  decode.acc_seg: 85.1560  aux_0.loss_ce: 0.4683  aux_0.acc_seg: 82.7674
2026/07/23 10:33:55 - mmengine - INFO - Iter(train) [  9700/160000]  lr: 9.5608e-03  eta: 15:45:42  time: 0.3731  data_time: 0.0452  memory: 8864  loss: 1.2879  decode.loss_ohem: 0.8069  decode.acc_seg: 88.0852  aux_0.loss_ce: 0.4810  aux_0.acc_seg: 85.4587
2026/07/23 10:34:32 - mmengine - INFO - Iter(train) [  9800/160000]  lr: 9.5551e-03  eta: 15:45:00  time: 0.3746  data_time: 0.0472  memory: 8866  loss: 1.3218  decode.loss_ohem: 0.8666  decode.acc_seg: 89.9086  aux_0.loss_ce: 0.4552  aux_0.acc_seg: 87.5623
2026/07/23 10:35:10 - mmengine - INFO - Iter(train) [  9900/160000]  lr: 9.5494e-03  eta: 15:44:16  time: 0.3735  data_time: 0.0455  memory: 8865  loss: 1.3231  decode.loss_ohem: 0.8496  decode.acc_seg: 90.3918  aux_0.loss_ce: 0.4735  aux_0.acc_seg: 86.8866
2026/07/23 10:35:47 - mmengine - INFO - Exp name: dsanet_cityscapes_512x1024_20260723_093233
2026/07/23 10:35:47 - mmengine - INFO - Iter(train) [ 10000/160000]  lr: 9.5436e-03  eta: 15:43:36  time: 0.3751  data_time: 0.0464  memory: 8863  loss: 1.3085  decode.loss_ohem: 0.8369  decode.acc_seg: 83.1403  aux_0.loss_ce: 0.4716  aux_0.acc_seg: 82.0134
2026/07/23 10:35:47 - mmengine - INFO - Saving checkpoint at 10000 iterations
2026/07/23 10:35:53 - mmengine - INFO - Iter(val) [100/250]    eta: 0:00:08  time: 0.0749  data_time: 0.0212  memory: 728  
2026/07/23 10:35:59 - mmengine - INFO - Iter(val) [200/250]    eta: 0:00:02  time: 0.0534  data_time: 0.0190  memory: 728  
2026/07/23 10:36:02 - mmengine - INFO - per class results:
2026/07/23 10:36:02 - mmengine - INFO - 
+---------------+-------+-------+
|     Class     |  IoU  |  Acc  |
+---------------+-------+-------+
|      road     | 95.22 | 97.12 |
|    sidewalk   | 68.11 | 82.74 |
|    building   | 83.11 | 92.29 |
|      wall     | 19.43 | 21.71 |
|     fence     | 28.13 | 41.01 |
|      pole     | 30.45 | 34.44 |
| traffic light | 15.52 | 18.69 |
|  traffic sign | 42.78 | 53.25 |
|   vegetation  | 86.37 | 93.43 |
|    terrain    | 45.92 | 57.99 |
|      sky      | 84.86 | 97.32 |
|     person    | 53.91 | 74.66 |
|     rider     | 22.69 |  33.5 |
|      car      | 83.54 | 95.42 |
|     truck     |  7.45 |  7.97 |
|      bus      | 42.34 | 64.95 |
|     train     |  6.71 | 14.82 |
|   motorcycle  | 10.86 | 14.82 |
|    bicycle    | 50.66 | 61.97 |
+---------------+-------+-------+
2026/07/23 10:36:02 - mmengine - INFO - Iter(val) [250/250]    aAcc: 90.6000  mIoU: 46.2100  mAcc: 55.6900  data_time: 0.0201  time: 0.0571
2026/07/23 10:36:02 - mmengine - INFO - The previous best checkpoint /root/autodl-tmp/DSANet-main/tools/work_dirs/dsanet_cityscapes_512x1024/best_mIoU_iter_5000.pth is removed
2026/07/23 10:36:02 - mmengine - INFO - The best checkpoint with 46.2100 mIoU at 10000 iter is saved to best_mIoU_iter_10000.pth.
2026/07/23 10:36:40 - mmengine - INFO - Iter(train) [ 10100/160000]  lr: 9.5379e-03  eta: 15:43:07  time: 0.3734  data_time: 0.0459  memory: 8865  loss: 1.2606  decode.loss_ohem: 0.7936  decode.acc_seg: 89.9534  aux_0.loss_ce: 0.4669  aux_0.acc_seg: 84.9113
2026/07/23 10:37:17 - mmengine - INFO - Iter(train) [ 10200/160000]  lr: 9.5322e-03  eta: 15:42:22  time: 0.3733  data_time: 0.0457  memory: 8864  loss: 1.4064  decode.loss_ohem: 0.8964  decode.acc_seg: 86.6144  aux_0.loss_ce: 0.5101  aux_0.acc_seg: 80.8303
2026/07/23 10:37:55 - mmengine - INFO - Iter(train) [ 10300/160000]  lr: 9.5265e-03  eta: 15:41:39  time: 0.3744  data_time: 0.0463  memory: 8863  loss: 1.3305  decode.loss_ohem: 0.8803  decode.acc_seg: 86.0938  aux_0.loss_ce: 0.4502  aux_0.acc_seg: 76.3117
2026/07/23 10:38:32 - mmengine - INFO - Iter(train) [ 10400/160000]  lr: 9.5208e-03  eta: 15:40:57  time: 0.3734  data_time: 0.0461  memory: 8864  loss: 1.3868  decode.loss_ohem: 0.8915  decode.acc_seg: 86.2768  aux_0.loss_ce: 0.4953  aux_0.acc_seg: 79.9605
2026/07/23 10:39:10 - mmengine - INFO - Iter(train) [ 10500/160000]  lr: 9.5150e-03  eta: 15:40:13  time: 0.3724  data_time: 0.0457  memory: 8865  loss: 1.2663  decode.loss_ohem: 0.8050  decode.acc_seg: 89.9697  aux_0.loss_ce: 0.4614  aux_0.acc_seg: 87.4601
2026/07/23 10:39:47 - mmengine - INFO - Iter(train) [ 10600/160000]  lr: 9.5093e-03  eta: 15:39:28  time: 0.3712  data_time: 0.0451  memory: 8864  loss: 1.3899  decode.loss_ohem: 0.8895  decode.acc_seg: 86.6231  aux_0.loss_ce: 0.5004  aux_0.acc_seg: 83.9603
2026/07/23 10:40:24 - mmengine - INFO - Iter(train) [ 10700/160000]  lr: 9.5036e-03  eta: 15:38:43  time: 0.3721  data_time: 0.0459  memory: 8865  loss: 1.3212  decode.loss_ohem: 0.8697  decode.acc_seg: 84.5152  aux_0.loss_ce: 0.4515  aux_0.acc_seg: 82.8294
2026/07/23 10:41:01 - mmengine - INFO - Iter(train) [ 10800/160000]  lr: 9.4979e-03  eta: 15:37:57  time: 0.3708  data_time: 0.0450  memory: 8862  loss: 1.2476  decode.loss_ohem: 0.7950  decode.acc_seg: 89.9171  aux_0.loss_ce: 0.4526  aux_0.acc_seg: 82.8727
2026/07/23 10:41:38 - mmengine - INFO - Iter(train) [ 10900/160000]  lr: 9.4921e-03  eta: 15:37:13  time: 0.3715  data_time: 0.0450  memory: 8864  loss: 1.3436  decode.loss_ohem: 0.8729  decode.acc_seg: 85.6329  aux_0.loss_ce: 0.4707  aux_0.acc_seg: 81.4997
2026/07/23 10:42:16 - mmengine - INFO - Exp name: dsanet_cityscapes_512x1024_20260723_093233
2026/07/23 10:42:16 - mmengine - INFO - Iter(train) [ 11000/160000]  lr: 9.4864e-03  eta: 15:36:28  time: 0.3712  data_time: 0.0450  memory: 8864  loss: 1.2933  decode.loss_ohem: 0.8664  decode.acc_seg: 90.2890  aux_0.loss_ce: 0.4269  aux_0.acc_seg: 87.5850
2026/07/23 10:42:53 - mmengine - INFO - Iter(train) [ 11100/160000]  lr: 9.4807e-03  eta: 15:35:43  time: 0.3722  data_time: 0.0453  memory: 8862  loss: 1.3819  decode.loss_ohem: 0.8959  decode.acc_seg: 85.5189  aux_0.loss_ce: 0.4859  aux_0.acc_seg: 80.7212
2026/07/23 10:43:30 - mmengine - INFO - Iter(train) [ 11200/160000]  lr: 9.4750e-03  eta: 15:34:58  time: 0.3696  data_time: 0.0441  memory: 8865  loss: 1.2735  decode.loss_ohem: 0.8350  decode.acc_seg: 84.7808  aux_0.loss_ce: 0.4384  aux_0.acc_seg: 79.8586
2026/07/23 10:44:07 - mmengine - INFO - Iter(train) [ 11300/160000]  lr: 9.4692e-03  eta: 15:34:14  time: 0.3733  data_time: 0.0468  memory: 8864  loss: 1.3155  decode.loss_ohem: 0.8251  decode.acc_seg: 88.3526  aux_0.loss_ce: 0.4905  aux_0.acc_seg: 84.7999
2026/07/23 10:44:44 - mmengine - INFO - Iter(train) [ 11400/160000]  lr: 9.4635e-03  eta: 15:33:29  time: 0.3703  data_time: 0.0444  memory: 8864  loss: 1.2569  decode.loss_ohem: 0.7678  decode.acc_seg: 88.2633  aux_0.loss_ce: 0.4891  aux_0.acc_seg: 84.9767
2026/07/23 10:45:21 - mmengine - INFO - Iter(train) [ 11500/160000]  lr: 9.4578e-03  eta: 15:32:44  time: 0.3715  data_time: 0.0453  memory: 8863  loss: 1.4018  decode.loss_ohem: 0.9211  decode.acc_seg: 86.7086  aux_0.loss_ce: 0.4807  aux_0.acc_seg: 84.4635
2026/07/23 10:45:59 - mmengine - INFO - Iter(train) [ 11600/160000]  lr: 9.4521e-03  eta: 15:32:00  time: 0.3722  data_time: 0.0453  memory: 8863  loss: 1.2506  decode.loss_ohem: 0.8114  decode.acc_seg: 86.5546  aux_0.loss_ce: 0.4392  aux_0.acc_seg: 82.4254
2026/07/23 10:46:36 - mmengine - INFO - Iter(train) [ 11700/160000]  lr: 9.4463e-03  eta: 15:31:16  time: 0.3714  data_time: 0.0453  memory: 8864  loss: 1.3595  decode.loss_ohem: 0.8492  decode.acc_seg: 86.2374  aux_0.loss_ce: 0.5103  aux_0.acc_seg: 82.1949
2026/07/23 10:47:13 - mmengine - INFO - Iter(train) [ 11800/160000]  lr: 9.4406e-03  eta: 15:30:31  time: 0.3728  data_time: 0.0460  memory: 8864  loss: 1.3715  decode.loss_ohem: 0.8773  decode.acc_seg: 87.2960  aux_0.loss_ce: 0.4941  aux_0.acc_seg: 84.3322
2026/07/23 10:47:50 - mmengine - INFO - Iter(train) [ 11900/160000]  lr: 9.4349e-03  eta: 15:29:48  time: 0.3723  data_time: 0.0457  memory: 8864  loss: 1.3807  decode.loss_ohem: 0.8771  decode.acc_seg: 88.7729  aux_0.loss_ce: 0.5036  aux_0.acc_seg: 85.8580
2026/07/23 10:48:27 - mmengine - INFO - Exp name: dsanet_cityscapes_512x1024_20260723_093233
2026/07/23 10:48:27 - mmengine - INFO - Iter(train) [ 12000/160000]  lr: 9.4292e-03  eta: 15:29:05  time: 0.3713  data_time: 0.0451  memory: 8864  loss: 1.2791  decode.loss_ohem: 0.8151  decode.acc_seg: 85.4072  aux_0.loss_ce: 0.4641  aux_0.acc_seg: 80.3886
2026/07/23 10:49:05 - mmengine - INFO - Iter(train) [ 12100/160000]  lr: 9.4234e-03  eta: 15:28:22  time: 0.3715  data_time: 0.0454  memory: 8864  loss: 1.4009  decode.loss_ohem: 0.9162  decode.acc_seg: 87.1508  aux_0.loss_ce: 0.4847  aux_0.acc_seg: 82.1111
2026/07/23 10:49:42 - mmengine - INFO - Iter(train) [ 12200/160000]  lr: 9.4177e-03  eta: 15:27:37  time: 0.3711  data_time: 0.0446  memory: 8864  loss: 1.2719  decode.loss_ohem: 0.8135  decode.acc_seg: 87.8110  aux_0.loss_ce: 0.4585  aux_0.acc_seg: 82.0925
2026/07/23 10:50:19 - mmengine - INFO - Iter(train) [ 12300/160000]  lr: 9.4120e-03  eta: 15:26:53  time: 0.3724  data_time: 0.0456  memory: 8864  loss: 1.3103  decode.loss_ohem: 0.8699  decode.acc_seg: 87.5075  aux_0.loss_ce: 0.4404  aux_0.acc_seg: 84.8026
2026/07/23 10:50:56 - mmengine - INFO - Iter(train) [ 12400/160000]  lr: 9.4062e-03  eta: 15:26:09  time: 0.3725  data_time: 0.0460  memory: 8862  loss: 1.3604  decode.loss_ohem: 0.8749  decode.acc_seg: 84.4727  aux_0.loss_ce: 0.4855  aux_0.acc_seg: 79.0689
2026/07/23 10:51:33 - mmengine - INFO - Iter(train) [ 12500/160000]  lr: 9.4005e-03  eta: 15:25:28  time: 0.3723  data_time: 0.0456  memory: 8864  loss: 1.1973  decode.loss_ohem: 0.7925  decode.acc_seg: 89.7314  aux_0.loss_ce: 0.4048  aux_0.acc_seg: 86.7490
2026/07/23 10:52:10 - mmengine - INFO - Iter(train) [ 12600/160000]  lr: 9.3948e-03  eta: 15:24:45  time: 0.3717  data_time: 0.0458  memory: 8863  loss: 1.2309  decode.loss_ohem: 0.8065  decode.acc_seg: 88.7696  aux_0.loss_ce: 0.4244  aux_0.acc_seg: 86.2268
2026/07/23 10:52:48 - mmengine - INFO - Iter(train) [ 12700/160000]  lr: 9.3891e-03  eta: 15:24:02  time: 0.3718  data_time: 0.0455  memory: 8863  loss: 1.2071  decode.loss_ohem: 0.7645  decode.acc_seg: 90.5202  aux_0.loss_ce: 0.4425  aux_0.acc_seg: 86.9679
2026/07/23 10:53:25 - mmengine - INFO - Iter(train) [ 12800/160000]  lr: 9.3833e-03  eta: 15:23:20  time: 0.3709  data_time: 0.0451  memory: 8864  loss: 1.2008  decode.loss_ohem: 0.7798  decode.acc_seg: 89.4333  aux_0.loss_ce: 0.4210  aux_0.acc_seg: 84.2206
2026/07/23 10:54:02 - mmengine - INFO - Iter(train) [ 12900/160000]  lr: 9.3776e-03  eta: 15:22:38  time: 0.3732  data_time: 0.0462  memory: 8863  loss: 1.4132  decode.loss_ohem: 0.9180  decode.acc_seg: 86.2722  aux_0.loss_ce: 0.4952  aux_0.acc_seg: 80.8684
2026/07/23 10:54:39 - mmengine - INFO - Exp name: dsanet_cityscapes_512x1024_20260723_093233
2026/07/23 10:54:39 - mmengine - INFO - Iter(train) [ 13000/160000]  lr: 9.3719e-03  eta: 15:21:55  time: 0.3732  data_time: 0.0460  memory: 8865  loss: 1.2873  decode.loss_ohem: 0.8189  decode.acc_seg: 88.0947  aux_0.loss_ce: 0.4685  aux_0.acc_seg: 84.8523
2026/07/23 10:55:17 - mmengine - INFO - Iter(train) [ 13100/160000]  lr: 9.3661e-03  eta: 15:21:13  time: 0.3727  data_time: 0.0464  memory: 8863  loss: 1.2331  decode.loss_ohem: 0.7963  decode.acc_seg: 86.0855  aux_0.loss_ce: 0.4369  aux_0.acc_seg: 79.8319
2026/07/23 10:55:54 - mmengine - INFO - Iter(train) [ 13200/160000]  lr: 9.3604e-03  eta: 15:20:31  time: 0.3726  data_time: 0.0457  memory: 8863  loss: 1.2665  decode.loss_ohem: 0.8179  decode.acc_seg: 90.2066  aux_0.loss_ce: 0.4486  aux_0.acc_seg: 87.1969
2026/07/23 10:56:31 - mmengine - INFO - Iter(train) [ 13300/160000]  lr: 9.3547e-03  eta: 15:19:49  time: 0.3738  data_time: 0.0470  memory: 8864  loss: 1.3340  decode.loss_ohem: 0.8650  decode.acc_seg: 86.7191  aux_0.loss_ce: 0.4690  aux_0.acc_seg: 84.9607
2026/07/23 10:57:08 - mmengine - INFO - Iter(train) [ 13400/160000]  lr: 9.3489e-03  eta: 15:19:07  time: 0.3734  data_time: 0.0459  memory: 8863  loss: 1.2785  decode.loss_ohem: 0.8030  decode.acc_seg: 90.0497  aux_0.loss_ce: 0.4755  aux_0.acc_seg: 84.7620
2026/07/23 10:57:45 - mmengine - INFO - Iter(train) [ 13500/160000]  lr: 9.3432e-03  eta: 15:18:24  time: 0.3712  data_time: 0.0452  memory: 8864  loss: 1.3339  decode.loss_ohem: 0.8726  decode.acc_seg: 88.4992  aux_0.loss_ce: 0.4613  aux_0.acc_seg: 85.3085
2026/07/23 10:58:23 - mmengine - INFO - Iter(train) [ 13600/160000]  lr: 9.3375e-03  eta: 15:17:42  time: 0.3708  data_time: 0.0444  memory: 8863  loss: 1.2484  decode.loss_ohem: 0.8074  decode.acc_seg: 86.3308  aux_0.loss_ce: 0.4411  aux_0.acc_seg: 82.4008
2026/07/23 10:59:00 - mmengine - INFO - Iter(train) [ 13700/160000]  lr: 9.3317e-03  eta: 15:16:59  time: 0.3705  data_time: 0.0446  memory: 8863  loss: 1.2208  decode.loss_ohem: 0.7812  decode.acc_seg: 90.6800  aux_0.loss_ce: 0.4396  aux_0.acc_seg: 86.1536
2026/07/23 10:59:37 - mmengine - INFO - Iter(train) [ 13800/160000]  lr: 9.3260e-03  eta: 15:16:17  time: 0.3726  data_time: 0.0466  memory: 8862  loss: 1.2209  decode.loss_ohem: 0.8033  decode.acc_seg: 87.7943  aux_0.loss_ce: 0.4176  aux_0.acc_seg: 81.2545
2026/07/23 11:00:14 - mmengine - INFO - Iter(train) [ 13900/160000]  lr: 9.3203e-03  eta: 15:15:34  time: 0.3710  data_time: 0.0443  memory: 8862  loss: 1.3653  decode.loss_ohem: 0.8813  decode.acc_seg: 89.2257  aux_0.loss_ce: 0.4840  aux_0.acc_seg: 84.9575
2026/07/23 11:00:51 - mmengine - INFO - Exp name: dsanet_cityscapes_512x1024_20260723_093233
2026/07/23 11:00:51 - mmengine - INFO - Iter(train) [ 14000/160000]  lr: 9.3145e-03  eta: 15:14:53  time: 0.3742  data_time: 0.0473  memory: 8862  loss: 1.3097  decode.loss_ohem: 0.8554  decode.acc_seg: 88.3411  aux_0.loss_ce: 0.4543  aux_0.acc_seg: 83.4976
2026/07/23 11:01:28 - mmengine - INFO - Iter(train) [ 14100/160000]  lr: 9.3088e-03  eta: 15:14:12  time: 0.3725  data_time: 0.0461  memory: 8863  loss: 1.3872  decode.loss_ohem: 0.9264  decode.acc_seg: 87.2258  aux_0.loss_ce: 0.4609  aux_0.acc_seg: 82.6213
2026/07/23 11:02:06 - mmengine - INFO - Iter(train) [ 14200/160000]  lr: 9.3031e-03  eta: 15:13:29  time: 0.3723  data_time: 0.0457  memory: 8863  loss: 1.1699  decode.loss_ohem: 0.7372  decode.acc_seg: 86.8835  aux_0.loss_ce: 0.4327  aux_0.acc_seg: 83.6481
2026/07/23 11:02:43 - mmengine - INFO - Iter(train) [ 14300/160000]  lr: 9.2973e-03  eta: 15:12:48  time: 0.3702  data_time: 0.0444  memory: 8862  loss: 1.2539  decode.loss_ohem: 0.8258  decode.acc_seg: 88.2461  aux_0.loss_ce: 0.4281  aux_0.acc_seg: 83.1428
2026/07/23 11:03:20 - mmengine - INFO - Iter(train) [ 14400/160000]  lr: 9.2916e-03  eta: 15:12:07  time: 0.3741  data_time: 0.0459  memory: 8863  loss: 1.2085  decode.loss_ohem: 0.8095  decode.acc_seg: 90.5124  aux_0.loss_ce: 0.3989  aux_0.acc_seg: 87.5944
2026/07/23 11:03:58 - mmengine - INFO - Iter(train) [ 14500/160000]  lr: 9.2858e-03  eta: 15:11:28  time: 0.3759  data_time: 0.0468  memory: 8864  loss: 1.3336  decode.loss_ohem: 0.8460  decode.acc_seg: 85.2394  aux_0.loss_ce: 0.4876  aux_0.acc_seg: 76.2920
2026/07/23 11:04:35 - mmengine - INFO - Iter(train) [ 14600/160000]  lr: 9.2801e-03  eta: 15:10:50  time: 0.3771  data_time: 0.0487  memory: 8862  loss: 1.2085  decode.loss_ohem: 0.7966  decode.acc_seg: 92.4321  aux_0.loss_ce: 0.4119  aux_0.acc_seg: 88.7806
2026/07/23 11:05:12 - mmengine - INFO - Iter(train) [ 14700/160000]  lr: 9.2744e-03  eta: 15:10:11  time: 0.3725  data_time: 0.0460  memory: 8864  loss: 1.2379  decode.loss_ohem: 0.8215  decode.acc_seg: 86.0174  aux_0.loss_ce: 0.4164  aux_0.acc_seg: 84.3221
2026/07/23 11:05:50 - mmengine - INFO - Iter(train) [ 14800/160000]  lr: 9.2686e-03  eta: 15:09:29  time: 0.3722  data_time: 0.0456  memory: 8863  loss: 1.2565  decode.loss_ohem: 0.7907  decode.acc_seg: 88.7281  aux_0.loss_ce: 0.4657  aux_0.acc_seg: 84.4958
2026/07/23 11:06:27 - mmengine - INFO - Iter(train) [ 14900/160000]  lr: 9.2629e-03  eta: 15:08:47  time: 0.3733  data_time: 0.0468  memory: 8862  loss: 1.2008  decode.loss_ohem: 0.7804  decode.acc_seg: 90.6173  aux_0.loss_ce: 0.4205  aux_0.acc_seg: 85.9043
2026/07/23 11:07:04 - mmengine - INFO - Exp name: dsanet_cityscapes_512x1024_20260723_093233
2026/07/23 11:07:04 - mmengine - INFO - Iter(train) [ 15000/160000]  lr: 9.2571e-03  eta: 15:08:05  time: 0.3722  data_time: 0.0456  memory: 8864  loss: 1.3168  decode.loss_ohem: 0.8562  decode.acc_seg: 87.7389  aux_0.loss_ce: 0.4606  aux_0.acc_seg: 83.6730
2026/07/23 11:07:04 - mmengine - INFO - Saving checkpoint at 15000 iterations
2026/07/23 11:07:10 - mmengine - INFO - Iter(val) [100/250]    eta: 0:00:08  time: 0.0536  data_time: 0.0195  memory: 728  
2026/07/23 11:07:16 - mmengine - INFO - Iter(val) [200/250]    eta: 0:00:02  time: 0.0533  data_time: 0.0189  memory: 728  
2026/07/23 11:07:19 - mmengine - INFO - per class results:
2026/07/23 11:07:19 - mmengine - INFO - 
+---------------+-------+-------+
|     Class     |  IoU  |  Acc  |
+---------------+-------+-------+
|      road     | 94.96 | 96.29 |
|    sidewalk   | 68.52 | 87.37 |
|    building   | 84.87 | 93.35 |
|      wall     | 27.02 | 36.89 |
|     fence     | 26.67 | 29.36 |
|      pole     |  38.5 | 44.94 |
| traffic light | 27.92 | 32.02 |
|  traffic sign | 49.34 | 66.99 |
|   vegetation  | 87.47 | 94.33 |
|    terrain    | 46.32 | 53.97 |
|      sky      |  88.6 | 95.68 |
|     person    | 57.93 | 82.22 |
|     rider     | 30.05 | 39.99 |
|      car      | 85.82 | 95.38 |
|     truck     | 23.48 | 26.87 |
|      bus      | 47.71 | 59.27 |
|     train     | 17.41 | 32.07 |
|   motorcycle  |  19.2 | 26.62 |
|    bicycle    | 57.04 | 72.33 |
+---------------+-------+-------+
2026/07/23 11:07:19 - mmengine - INFO - Iter(val) [250/250]    aAcc: 91.3700  mIoU: 51.5200  mAcc: 61.3700  data_time: 0.0204  time: 0.0582
2026/07/23 11:07:19 - mmengine - INFO - The previous best checkpoint /root/autodl-tmp/DSANet-main/tools/work_dirs/dsanet_cityscapes_512x1024/best_mIoU_iter_10000.pth is removed
2026/07/23 11:07:19 - mmengine - INFO - The best checkpoint with 51.5200 mIoU at 15000 iter is saved to best_mIoU_iter_15000.pth.
2026/07/23 11:07:57 - mmengine - INFO - Iter(train) [ 15100/160000]  lr: 9.2514e-03  eta: 15:07:31  time: 0.3715  data_time: 0.0460  memory: 8864  loss: 1.2687  decode.loss_ohem: 0.8410  decode.acc_seg: 89.9553  aux_0.loss_ce: 0.4277  aux_0.acc_seg: 85.9920
2026/07/23 11:08:34 - mmengine - INFO - Iter(train) [ 15200/160000]  lr: 9.2457e-03  eta: 15:06:50  time: 0.3724  data_time: 0.0458  memory: 8863  loss: 1.3072  decode.loss_ohem: 0.8369  decode.acc_seg: 88.2393  aux_0.loss_ce: 0.4703  aux_0.acc_seg: 83.0073
2026/07/23 11:09:11 - mmengine - INFO - Iter(train) [ 15300/160000]  lr: 9.2399e-03  eta: 15:06:10  time: 0.3729  data_time: 0.0458  memory: 8865  loss: 1.2803  decode.loss_ohem: 0.8523  decode.acc_seg: 85.8912  aux_0.loss_ce: 0.4281  aux_0.acc_seg: 81.3011
2026/07/23 11:09:49 - mmengine - INFO - Iter(train) [ 15400/160000]  lr: 9.2342e-03  eta: 15:05:29  time: 0.3726  data_time: 0.0458  memory: 8862  loss: 1.2551  decode.loss_ohem: 0.8407  decode.acc_seg: 90.0923  aux_0.loss_ce: 0.4144  aux_0.acc_seg: 88.5827
2026/07/23 11:10:26 - mmengine - INFO - Iter(train) [ 15500/160000]  lr: 9.2284e-03  eta: 15:04:48  time: 0.3717  data_time: 0.0454  memory: 8863  loss: 1.1269  decode.loss_ohem: 0.7391  decode.acc_seg: 91.8237  aux_0.loss_ce: 0.3877  aux_0.acc_seg: 88.2414
2026/07/23 11:11:03 - mmengine - INFO - Iter(train) [ 15600/160000]  lr: 9.2227e-03  eta: 15:04:07  time: 0.3705  data_time: 0.0442  memory: 8863  loss: 1.2375  decode.loss_ohem: 0.8027  decode.acc_seg: 85.2975  aux_0.loss_ce: 0.4347  aux_0.acc_seg: 78.2871
2026/07/23 11:11:40 - mmengine - INFO - Iter(train) [ 15700/160000]  lr: 9.2170e-03  eta: 15:03:25  time: 0.3724  data_time: 0.0462  memory: 8863  loss: 1.3153  decode.loss_ohem: 0.8724  decode.acc_seg: 89.3396  aux_0.loss_ce: 0.4429  aux_0.acc_seg: 84.3441
2026/07/23 11:12:18 - mmengine - INFO - Iter(train) [ 15800/160000]  lr: 9.2112e-03  eta: 15:02:45  time: 0.3722  data_time: 0.0459  memory: 8864  loss: 1.3025  decode.loss_ohem: 0.8424  decode.acc_seg: 90.5296  aux_0.loss_ce: 0.4601  aux_0.acc_seg: 87.6699
2026/07/23 11:12:55 - mmengine - INFO - Iter(train) [ 15900/160000]  lr: 9.2055e-03  eta: 15:02:04  time: 0.3714  data_time: 0.0458  memory: 8863  loss: 1.1993  decode.loss_ohem: 0.7784  decode.acc_seg: 91.2640  aux_0.loss_ce: 0.4209  aux_0.acc_seg: 87.2190
2026/07/23 11:13:32 - mmengine - INFO - Exp name: dsanet_cityscapes_512x1024_20260723_093233
2026/07/23 11:13:32 - mmengine - INFO - Iter(train) [ 16000/160000]  lr: 9.1997e-03  eta: 15:01:23  time: 0.3717  data_time: 0.0455  memory: 8862  loss: 1.3254  decode.loss_ohem: 0.8718  decode.acc_seg: 90.8450  aux_0.loss_ce: 0.4536  aux_0.acc_seg: 87.1514
2026/07/23 11:14:10 - mmengine - INFO - Iter(train) [ 16100/160000]  lr: 9.1940e-03  eta: 15:00:47  time: 0.3851  data_time: 0.0519  memory: 8862  loss: 1.2399  decode.loss_ohem: 0.8078  decode.acc_seg: 86.2700  aux_0.loss_ce: 0.4322  aux_0.acc_seg: 83.1985
2026/07/23 11:14:48 - mmengine - INFO - Iter(train) [ 16200/160000]  lr: 9.1882e-03  eta: 15:00:15  time: 0.3795  data_time: 0.0504  memory: 8863  loss: 1.1653  decode.loss_ohem: 0.7704  decode.acc_seg: 92.9293  aux_0.loss_ce: 0.3950  aux_0.acc_seg: 89.8497
2026/07/23 11:15:26 - mmengine - INFO - Iter(train) [ 16300/160000]  lr: 9.1825e-03  eta: 14:59:41  time: 0.3807  data_time: 0.0504  memory: 8862  loss: 1.2260  decode.loss_ohem: 0.7755  decode.acc_seg: 91.3363  aux_0.loss_ce: 0.4505  aux_0.acc_seg: 85.8304
2026/07/23 11:16:04 - mmengine - INFO - Iter(train) [ 16400/160000]  lr: 9.1768e-03  eta: 14:59:05  time: 0.3774  data_time: 0.0483  memory: 8864  loss: 1.1503  decode.loss_ohem: 0.7401  decode.acc_seg: 89.7135  aux_0.loss_ce: 0.4102  aux_0.acc_seg: 85.6151
2026/07/23 11:16:41 - mmengine - INFO - Iter(train) [ 16500/160000]  lr: 9.1710e-03  eta: 14:58:29  time: 0.3775  data_time: 0.0487  memory: 8863  loss: 1.2652  decode.loss_ohem: 0.8158  decode.acc_seg: 91.0917  aux_0.loss_ce: 0.4494  aux_0.acc_seg: 87.2445
2026/07/23 11:17:19 - mmengine - INFO - Iter(train) [ 16600/160000]  lr: 9.1653e-03  eta: 14:57:52  time: 0.3774  data_time: 0.0488  memory: 8863  loss: 1.3023  decode.loss_ohem: 0.8588  decode.acc_seg: 90.7179  aux_0.loss_ce: 0.4434  aux_0.acc_seg: 87.1466
2026/07/23 11:17:57 - mmengine - INFO - Iter(train) [ 16700/160000]  lr: 9.1595e-03  eta: 14:57:16  time: 0.3777  data_time: 0.0487  memory: 8863  loss: 1.3290  decode.loss_ohem: 0.8849  decode.acc_seg: 85.2462  aux_0.loss_ce: 0.4442  aux_0.acc_seg: 82.0516
2026/07/23 11:18:35 - mmengine - INFO - Iter(train) [ 16800/160000]  lr: 9.1538e-03  eta: 14:56:41  time: 0.3783  data_time: 0.0484  memory: 8862  loss: 1.2535  decode.loss_ohem: 0.8130  decode.acc_seg: 87.6753  aux_0.loss_ce: 0.4404  aux_0.acc_seg: 84.2151
2026/07/23 11:19:12 - mmengine - INFO - Iter(train) [ 16900/160000]  lr: 9.1480e-03  eta: 14:56:06  time: 0.3780  data_time: 0.0488  memory: 8862  loss: 1.2216  decode.loss_ohem: 0.8273  decode.acc_seg: 88.4256  aux_0.loss_ce: 0.3943  aux_0.acc_seg: 83.2911
2026/07/23 11:19:50 - mmengine - INFO - Exp name: dsanet_cityscapes_512x1024_20260723_093233
2026/07/23 11:19:50 - mmengine - INFO - Iter(train) [ 17000/160000]  lr: 9.1423e-03  eta: 14:55:30  time: 0.3781  data_time: 0.0487  memory: 8863  loss: 1.1939  decode.loss_ohem: 0.7503  decode.acc_seg: 88.4477  aux_0.loss_ce: 0.4436  aux_0.acc_seg: 84.3794
2026/07/23 11:20:28 - mmengine - INFO - Iter(train) [ 17100/160000]  lr: 9.1365e-03  eta: 14:54:53  time: 0.3767  data_time: 0.0481  memory: 8862  loss: 1.2087  decode.loss_ohem: 0.7825  decode.acc_seg: 88.1027  aux_0.loss_ce: 0.4262  aux_0.acc_seg: 81.0788
2026/07/23 11:21:05 - mmengine - INFO - Iter(train) [ 17200/160000]  lr: 9.1308e-03  eta: 14:54:16  time: 0.3764  data_time: 0.0477  memory: 8863  loss: 1.2598  decode.loss_ohem: 0.8206  decode.acc_seg: 90.5327  aux_0.loss_ce: 0.4393  aux_0.acc_seg: 86.6073
2026/07/23 11:21:43 - mmengine - INFO - Iter(train) [ 17300/160000]  lr: 9.1250e-03  eta: 14:53:40  time: 0.3774  data_time: 0.0485  memory: 8865  loss: 1.2855  decode.loss_ohem: 0.8469  decode.acc_seg: 90.5507  aux_0.loss_ce: 0.4386  aux_0.acc_seg: 86.4594
2026/07/23 11:22:21 - mmengine - INFO - Iter(train) [ 17400/160000]  lr: 9.1193e-03  eta: 14:53:02  time: 0.3765  data_time: 0.0477  memory: 8863  loss: 1.1660  decode.loss_ohem: 0.7650  decode.acc_seg: 85.9790  aux_0.loss_ce: 0.4010  aux_0.acc_seg: 82.7326
2026/07/23 11:22:59 - mmengine - INFO - Iter(train) [ 17500/160000]  lr: 9.1135e-03  eta: 14:52:26  time: 0.3781  data_time: 0.0483  memory: 8863  loss: 1.2959  decode.loss_ohem: 0.8501  decode.acc_seg: 91.5815  aux_0.loss_ce: 0.4459  aux_0.acc_seg: 89.0835
2026/07/23 11:23:36 - mmengine - INFO - Iter(train) [ 17600/160000]  lr: 9.1078e-03  eta: 14:51:50  time: 0.3763  data_time: 0.0480  memory: 8862  loss: 1.2589  decode.loss_ohem: 0.8377  decode.acc_seg: 89.1573  aux_0.loss_ce: 0.4212  aux_0.acc_seg: 84.3000
2026/07/23 11:24:14 - mmengine - INFO - Iter(train) [ 17700/160000]  lr: 9.1020e-03  eta: 14:51:13  time: 0.3770  data_time: 0.0483  memory: 8863  loss: 1.2248  decode.loss_ohem: 0.7757  decode.acc_seg: 84.0326  aux_0.loss_ce: 0.4492  aux_0.acc_seg: 79.6781
2026/07/23 11:24:52 - mmengine - INFO - Iter(train) [ 17800/160000]  lr: 9.0963e-03  eta: 14:50:37  time: 0.3779  data_time: 0.0490  memory: 8864  loss: 1.1167  decode.loss_ohem: 0.7492  decode.acc_seg: 91.5061  aux_0.loss_ce: 0.3675  aux_0.acc_seg: 88.0832
2026/07/23 11:25:30 - mmengine - INFO - Iter(train) [ 17900/160000]  lr: 9.0905e-03  eta: 14:50:03  time: 0.3768  data_time: 0.0476  memory: 8862  loss: 1.2633  decode.loss_ohem: 0.8388  decode.acc_seg: 87.6182  aux_0.loss_ce: 0.4245  aux_0.acc_seg: 83.2878
2026/07/23 11:26:08 - mmengine - INFO - Exp name: dsanet_cityscapes_512x1024_20260723_093233
2026/07/23 11:26:08 - mmengine - INFO - Iter(train) [ 18000/160000]  lr: 9.0848e-03  eta: 14:49:26  time: 0.3762  data_time: 0.0480  memory: 8862  loss: 1.1813  decode.loss_ohem: 0.7690  decode.acc_seg: 87.3157  aux_0.loss_ce: 0.4124  aux_0.acc_seg: 82.2522
2026/07/23 11:26:45 - mmengine - INFO - Iter(train) [ 18100/160000]  lr: 9.0790e-03  eta: 14:48:50  time: 0.3772  data_time: 0.0482  memory: 8862  loss: 1.3208  decode.loss_ohem: 0.8725  decode.acc_seg: 90.7063  aux_0.loss_ce: 0.4483  aux_0.acc_seg: 87.0184
2026/07/23 11:27:23 - mmengine - INFO - Iter(train) [ 18200/160000]  lr: 9.0733e-03  eta: 14:48:14  time: 0.3781  data_time: 0.0487  memory: 8863  loss: 1.2744  decode.loss_ohem: 0.8282  decode.acc_seg: 88.8222  aux_0.loss_ce: 0.4462  aux_0.acc_seg: 84.4727
2026/07/23 11:28:01 - mmengine - INFO - Iter(train) [ 18300/160000]  lr: 9.0675e-03  eta: 14:47:38  time: 0.3791  data_time: 0.0488  memory: 8863  loss: 1.1670  decode.loss_ohem: 0.7864  decode.acc_seg: 92.2659  aux_0.loss_ce: 0.3806  aux_0.acc_seg: 89.0235
2026/07/23 11:28:39 - mmengine - INFO - Iter(train) [ 18400/160000]  lr: 9.0618e-03  eta: 14:47:01  time: 0.3774  data_time: 0.0479  memory: 8861  loss: 1.1855  decode.loss_ohem: 0.7750  decode.acc_seg: 87.2990  aux_0.loss_ce: 0.4105  aux_0.acc_seg: 82.4489
2026/07/23 11:29:16 - mmengine - INFO - Iter(train) [ 18500/160000]  lr: 9.0560e-03  eta: 14:46:24  time: 0.3765  data_time: 0.0482  memory: 8863  loss: 1.3080  decode.loss_ohem: 0.8558  decode.acc_seg: 85.6530  aux_0.loss_ce: 0.4522  aux_0.acc_seg: 79.9023
2026/07/23 11:29:54 - mmengine - INFO - Iter(train) [ 18600/160000]  lr: 9.0503e-03  eta: 14:45:47  time: 0.3766  data_time: 0.0479  memory: 8863  loss: 1.2905  decode.loss_ohem: 0.8298  decode.acc_seg: 89.7511  aux_0.loss_ce: 0.4607  aux_0.acc_seg: 83.9922
2026/07/23 11:30:32 - mmengine - INFO - Iter(train) [ 18700/160000]  lr: 9.0445e-03  eta: 14:45:10  time: 0.3763  data_time: 0.0475  memory: 8862  loss: 1.1939  decode.loss_ohem: 0.7690  decode.acc_seg: 92.6195  aux_0.loss_ce: 0.4249  aux_0.acc_seg: 90.6674
2026/07/23 11:31:09 - mmengine - INFO - Iter(train) [ 18800/160000]  lr: 9.0388e-03  eta: 14:44:33  time: 0.3760  data_time: 0.0476  memory: 8861  loss: 1.1419  decode.loss_ohem: 0.7617  decode.acc_seg: 89.0611  aux_0.loss_ce: 0.3802  aux_0.acc_seg: 81.2767
2026/07/23 11:31:47 - mmengine - INFO - Iter(train) [ 18900/160000]  lr: 9.0330e-03  eta: 14:43:56  time: 0.3782  data_time: 0.0491  memory: 8862  loss: 1.1938  decode.loss_ohem: 0.7907  decode.acc_seg: 91.2856  aux_0.loss_ce: 0.4031  aux_0.acc_seg: 86.5623
2026/07/23 11:32:24 - mmengine - INFO - Exp name: dsanet_cityscapes_512x1024_20260723_093233
2026/07/23 11:32:24 - mmengine - INFO - Iter(train) [ 19000/160000]  lr: 9.0272e-03  eta: 14:43:19  time: 0.3763  data_time: 0.0477  memory: 8862  loss: 1.2248  decode.loss_ohem: 0.8132  decode.acc_seg: 90.2823  aux_0.loss_ce: 0.4116  aux_0.acc_seg: 85.6939
2026/07/23 11:33:02 - mmengine - INFO - Iter(train) [ 19100/160000]  lr: 9.0215e-03  eta: 14:42:42  time: 0.3757  data_time: 0.0475  memory: 8863  loss: 1.2114  decode.loss_ohem: 0.7956  decode.acc_seg: 86.5291  aux_0.loss_ce: 0.4158  aux_0.acc_seg: 82.0916
2026/07/23 11:33:40 - mmengine - INFO - Iter(train) [ 19200/160000]  lr: 9.0157e-03  eta: 14:42:04  time: 0.3771  data_time: 0.0485  memory: 8863  loss: 1.2555  decode.loss_ohem: 0.8184  decode.acc_seg: 89.8122  aux_0.loss_ce: 0.4371  aux_0.acc_seg: 85.3844
2026/07/23 11:34:17 - mmengine - INFO - Iter(train) [ 19300/160000]  lr: 9.0100e-03  eta: 14:41:27  time: 0.3758  data_time: 0.0467  memory: 8864  loss: 1.2236  decode.loss_ohem: 0.7710  decode.acc_seg: 91.9164  aux_0.loss_ce: 0.4526  aux_0.acc_seg: 88.1699
2026/07/23 11:34:55 - mmengine - INFO - Iter(train) [ 19400/160000]  lr: 9.0042e-03  eta: 14:40:50  time: 0.3779  data_time: 0.0484  memory: 8864  loss: 1.3074  decode.loss_ohem: 0.8697  decode.acc_seg: 87.7686  aux_0.loss_ce: 0.4377  aux_0.acc_seg: 86.4373
2026/07/23 11:35:33 - mmengine - INFO - Iter(train) [ 19500/160000]  lr: 8.9985e-03  eta: 14:40:12  time: 0.3757  data_time: 0.0478  memory: 8862  loss: 1.2131  decode.loss_ohem: 0.8022  decode.acc_seg: 87.5483  aux_0.loss_ce: 0.4110  aux_0.acc_seg: 84.3558
2026/07/23 11:36:10 - mmengine - INFO - Iter(train) [ 19600/160000]  lr: 8.9927e-03  eta: 14:39:34  time: 0.3763  data_time: 0.0481  memory: 8861  loss: 1.2077  decode.loss_ohem: 0.8090  decode.acc_seg: 87.1008  aux_0.loss_ce: 0.3987  aux_0.acc_seg: 82.3699
2026/07/23 11:36:48 - mmengine - INFO - Iter(train) [ 19700/160000]  lr: 8.9869e-03  eta: 14:38:56  time: 0.3769  data_time: 0.0482  memory: 8862  loss: 1.2961  decode.loss_ohem: 0.8398  decode.acc_seg: 90.5711  aux_0.loss_ce: 0.4564  aux_0.acc_seg: 86.4826
2026/07/23 11:37:25 - mmengine - INFO - Iter(train) [ 19800/160000]  lr: 8.9812e-03  eta: 14:38:19  time: 0.3789  data_time: 0.0491  memory: 8862  loss: 1.1631  decode.loss_ohem: 0.7561  decode.acc_seg: 88.7997  aux_0.loss_ce: 0.4070  aux_0.acc_seg: 84.1562
2026/07/23 11:38:03 - mmengine - INFO - Iter(train) [ 19900/160000]  lr: 8.9754e-03  eta: 14:37:42  time: 0.3748  data_time: 0.0468  memory: 8863  loss: 1.1506  decode.loss_ohem: 0.7756  decode.acc_seg: 89.5009  aux_0.loss_ce: 0.3750  aux_0.acc_seg: 86.9887
2026/07/23 11:38:41 - mmengine - INFO - Exp name: dsanet_cityscapes_512x1024_20260723_093233
2026/07/23 11:38:41 - mmengine - INFO - Iter(train) [ 20000/160000]  lr: 8.9697e-03  eta: 14:37:05  time: 0.3772  data_time: 0.0483  memory: 8862  loss: 1.2735  decode.loss_ohem: 0.8115  decode.acc_seg: 88.9588  aux_0.loss_ce: 0.4620  aux_0.acc_seg: 85.7005
2026/07/23 11:38:41 - mmengine - INFO - Saving checkpoint at 20000 iterations
2026/07/23 11:38:48 - mmengine - INFO - Iter(val) [100/250]    eta: 0:00:09  time: 0.0577  data_time: 0.0209  memory: 728  
2026/07/23 11:38:54 - mmengine - INFO - Iter(val) [200/250]    eta: 0:00:03  time: 0.0590  data_time: 0.0216  memory: 728  
2026/07/23 11:38:57 - mmengine - INFO - per class results:
2026/07/23 11:38:57 - mmengine - INFO - 
+---------------+-------+-------+
|     Class     |  IoU  |  Acc  |
+---------------+-------+-------+
|      road     | 94.15 |  96.7 |
|    sidewalk   | 65.65 |  77.7 |
|    building   | 79.31 | 95.15 |
|      wall     | 15.09 | 16.53 |
|     fence     | 40.72 | 58.85 |
|      pole     | 35.33 | 48.64 |
| traffic light | 17.77 | 19.18 |
|  traffic sign | 50.94 | 58.38 |
|   vegetation  | 81.29 |  85.7 |
|    terrain    | 46.21 | 59.56 |
|      sky      | 86.23 | 95.78 |
|     person    | 59.18 | 77.97 |
|     rider     | 29.27 | 33.58 |
|      car      | 85.07 | 90.56 |
|     truck     | 16.51 | 21.23 |
|      bus      | 38.62 | 46.47 |
|     train     | 19.36 | 32.52 |
|   motorcycle  |  8.95 |  9.36 |
|    bicycle    | 56.76 | 77.05 |
+---------------+-------+-------+
2026/07/23 11:38:57 - mmengine - INFO - Iter(val) [250/250]    aAcc: 89.5900  mIoU: 48.7600  mAcc: 57.9400  data_time: 0.0225  time: 0.0632
2026/07/23 11:39:35 - mmengine - INFO - Iter(train) [ 20100/160000]  lr: 8.9639e-03  eta: 14:36:27  time: 0.3753  data_time: 0.0477  memory: 8862  loss: 1.1476  decode.loss_ohem: 0.7408  decode.acc_seg: 88.1067  aux_0.loss_ce: 0.4068  aux_0.acc_seg: 85.0316
2026/07/23 11:40:12 - mmengine - INFO - Iter(train) [ 20200/160000]  lr: 8.9581e-03  eta: 14:35:50  time: 0.3769  data_time: 0.0481  memory: 8862  loss: 1.2332  decode.loss_ohem: 0.8442  decode.acc_seg: 85.0555  aux_0.loss_ce: 0.3890  aux_0.acc_seg: 77.1340
2026/07/23 11:40:50 - mmengine - INFO - Iter(train) [ 20300/160000]  lr: 8.9524e-03  eta: 14:35:14  time: 0.3776  data_time: 0.0490  memory: 8864  loss: 1.2459  decode.loss_ohem: 0.7965  decode.acc_seg: 92.8063  aux_0.loss_ce: 0.4494  aux_0.acc_seg: 87.9669
2026/07/23 11:41:28 - mmengine - INFO - Iter(train) [ 20400/160000]  lr: 8.9466e-03  eta: 14:34:39  time: 0.3815  data_time: 0.0522  memory: 8861  loss: 1.1876  decode.loss_ohem: 0.7975  decode.acc_seg: 87.7381  aux_0.loss_ce: 0.3901  aux_0.acc_seg: 85.7526
2026/07/23 11:42:06 - mmengine - INFO - Iter(train) [ 20500/160000]  lr: 8.9409e-03  eta: 14:34:04  time: 0.3789  data_time: 0.0491  memory: 8863  loss: 1.2613  decode.loss_ohem: 0.8199  decode.acc_seg: 91.3320  aux_0.loss_ce: 0.4415  aux_0.acc_seg: 88.6020
2026/07/23 11:42:44 - mmengine - INFO - Iter(train) [ 20600/160000]  lr: 8.9351e-03  eta: 14:33:28  time: 0.3782  data_time: 0.0495  memory: 8864  loss: 1.1869  decode.loss_ohem: 0.8119  decode.acc_seg: 90.8313  aux_0.loss_ce: 0.3750  aux_0.acc_seg: 88.7189
2026/07/23 11:43:22 - mmengine - INFO - Iter(train) [ 20700/160000]  lr: 8.9293e-03  eta: 14:32:52  time: 0.3810  data_time: 0.0507  memory: 8862  loss: 1.3165  decode.loss_ohem: 0.8602  decode.acc_seg: 90.9230  aux_0.loss_ce: 0.4563  aux_0.acc_seg: 89.2247
2026/07/23 11:44:00 - mmengine - INFO - Iter(train) [ 20800/160000]  lr: 8.9236e-03  eta: 14:32:16  time: 0.3778  data_time: 0.0488  memory: 8862  loss: 1.2887  decode.loss_ohem: 0.8417  decode.acc_seg: 88.0087  aux_0.loss_ce: 0.4470  aux_0.acc_seg: 83.3175
2026/07/23 11:44:38 - mmengine - INFO - Iter(train) [ 20900/160000]  lr: 8.9178e-03  eta: 14:31:41  time: 0.3787  data_time: 0.0489  memory: 8862  loss: 1.1894  decode.loss_ohem: 0.7860  decode.acc_seg: 90.6428  aux_0.loss_ce: 0.4034  aux_0.acc_seg: 87.2454
2026/07/23 11:45:15 - mmengine - INFO - Exp name: dsanet_cityscapes_512x1024_20260723_093233
2026/07/23 11:45:15 - mmengine - INFO - Iter(train) [ 21000/160000]  lr: 8.9120e-03  eta: 14:31:03  time: 0.3778  data_time: 0.0490  memory: 8864  loss: 1.2835  decode.loss_ohem: 0.8544  decode.acc_seg: 92.6766  aux_0.loss_ce: 0.4291  aux_0.acc_seg: 88.4060
2026/07/23 11:45:53 - mmengine - INFO - Iter(train) [ 21100/160000]  lr: 8.9063e-03  eta: 14:30:25  time: 0.3745  data_time: 0.0465  memory: 8862  loss: 1.2406  decode.loss_ohem: 0.8266  decode.acc_seg: 90.9265  aux_0.loss_ce: 0.4140  aux_0.acc_seg: 87.2943
2026/07/23 11:46:30 - mmengine - INFO - Iter(train) [ 21200/160000]  lr: 8.9005e-03  eta: 14:29:47  time: 0.3756  data_time: 0.0468  memory: 8862  loss: 1.3208  decode.loss_ohem: 0.8486  decode.acc_seg: 86.6456  aux_0.loss_ce: 0.4722  aux_0.acc_seg: 81.2045
2026/07/23 11:47:08 - mmengine - INFO - Iter(train) [ 21300/160000]  lr: 8.8948e-03  eta: 14:29:09  time: 0.3743  data_time: 0.0467  memory: 8862  loss: 1.2960  decode.loss_ohem: 0.8616  decode.acc_seg: 90.9917  aux_0.loss_ce: 0.4344  aux_0.acc_seg: 87.0876
2026/07/23 11:47:45 - mmengine - INFO - Iter(train) [ 21400/160000]  lr: 8.8890e-03  eta: 14:28:31  time: 0.3756  data_time: 0.0472  memory: 8863  loss: 1.3008  decode.loss_ohem: 0.8447  decode.acc_seg: 83.9208  aux_0.loss_ce: 0.4561  aux_0.acc_seg: 76.9126
2026/07/23 11:48:23 - mmengine - INFO - Iter(train) [ 21500/160000]  lr: 8.8832e-03  eta: 14:27:53  time: 0.3739  data_time: 0.0463  memory: 8861  loss: 1.3472  decode.loss_ohem: 0.8998  decode.acc_seg: 85.6840  aux_0.loss_ce: 0.4474  aux_0.acc_seg: 82.7071
2026/07/23 11:49:00 - mmengine - INFO - Iter(train) [ 21600/160000]  lr: 8.8775e-03  eta: 14:27:15  time: 0.3742  data_time: 0.0464  memory: 8862  loss: 1.1659  decode.loss_ohem: 0.8074  decode.acc_seg: 92.3658  aux_0.loss_ce: 0.3585  aux_0.acc_seg: 89.5796
2026/07/23 11:49:38 - mmengine - INFO - Iter(train) [ 21700/160000]  lr: 8.8717e-03  eta: 14:26:36  time: 0.3744  data_time: 0.0468  memory: 8862  loss: 1.1376  decode.loss_ohem: 0.7371  decode.acc_seg: 89.0208  aux_0.loss_ce: 0.4006  aux_0.acc_seg: 84.3546
2026/07/23 11:50:15 - mmengine - INFO - Iter(train) [ 21800/160000]  lr: 8.8659e-03  eta: 14:25:59  time: 0.3751  data_time: 0.0468  memory: 8862  loss: 1.1428  decode.loss_ohem: 0.7723  decode.acc_seg: 90.1099  aux_0.loss_ce: 0.3705  aux_0.acc_seg: 88.2089
2026/07/23 11:50:53 - mmengine - INFO - Iter(train) [ 21900/160000]  lr: 8.8602e-03  eta: 14:25:21  time: 0.3780  data_time: 0.0483  memory: 8861  loss: 1.2751  decode.loss_ohem: 0.8565  decode.acc_seg: 86.8406  aux_0.loss_ce: 0.4186  aux_0.acc_seg: 83.2953
2026/07/23 11:51:30 - mmengine - INFO - Exp name: dsanet_cityscapes_512x1024_20260723_093233
2026/07/23 11:51:30 - mmengine - INFO - Iter(train) [ 22000/160000]  lr: 8.8544e-03  eta: 14:24:42  time: 0.3748  data_time: 0.0464  memory: 8862  loss: 1.1290  decode.loss_ohem: 0.7388  decode.acc_seg: 89.1899  aux_0.loss_ce: 0.3901  aux_0.acc_seg: 85.3227
2026/07/23 11:52:08 - mmengine - INFO - Iter(train) [ 22100/160000]  lr: 8.8486e-03  eta: 14:24:04  time: 0.3765  data_time: 0.0483  memory: 8861  loss: 1.2787  decode.loss_ohem: 0.8616  decode.acc_seg: 84.7407  aux_0.loss_ce: 0.4171  aux_0.acc_seg: 83.9624
2026/07/23 11:52:46 - mmengine - INFO - Iter(train) [ 22200/160000]  lr: 8.8429e-03  eta: 14:23:27  time: 0.3751  data_time: 0.0466  memory: 8861  loss: 1.2285  decode.loss_ohem: 0.7934  decode.acc_seg: 90.5165  aux_0.loss_ce: 0.4351  aux_0.acc_seg: 84.6453
2026/07/23 11:53:23 - mmengine - INFO - Iter(train) [ 22300/160000]  lr: 8.8371e-03  eta: 14:22:49  time: 0.3747  data_time: 0.0472  memory: 8862  loss: 1.2313  decode.loss_ohem: 0.8384  decode.acc_seg: 88.6076  aux_0.loss_ce: 0.3929  aux_0.acc_seg: 84.4210
2026/07/23 11:54:01 - mmengine - INFO - Iter(train) [ 22400/160000]  lr: 8.8313e-03  eta: 14:22:10  time: 0.3751  data_time: 0.0467  memory: 8863  loss: 1.2612  decode.loss_ohem: 0.8106  decode.acc_seg: 90.8672  aux_0.loss_ce: 0.4505  aux_0.acc_seg: 83.2394
2026/07/23 11:54:38 - mmengine - INFO - Iter(train) [ 22500/160000]  lr: 8.8255e-03  eta: 14:21:33  time: 0.3758  data_time: 0.0479  memory: 8862  loss: 1.2072  decode.loss_ohem: 0.7879  decode.acc_seg: 84.5449  aux_0.loss_ce: 0.4194  aux_0.acc_seg: 80.3619
2026/07/23 11:55:16 - mmengine - INFO - Iter(train) [ 22600/160000]  lr: 8.8198e-03  eta: 14:20:56  time: 0.3740  data_time: 0.0467  memory: 8863  loss: 1.2023  decode.loss_ohem: 0.7921  decode.acc_seg: 88.4881  aux_0.loss_ce: 0.4102  aux_0.acc_seg: 82.0158
2026/07/23 11:55:53 - mmengine - INFO - Iter(train) [ 22700/160000]  lr: 8.8140e-03  eta: 14:20:18  time: 0.3739  data_time: 0.0462  memory: 8861  loss: 1.3017  decode.loss_ohem: 0.8455  decode.acc_seg: 86.2695  aux_0.loss_ce: 0.4562  aux_0.acc_seg: 82.1862
2026/07/23 11:56:31 - mmengine - INFO - Iter(train) [ 22800/160000]  lr: 8.8082e-03  eta: 14:19:40  time: 0.3742  data_time: 0.0462  memory: 8861  loss: 1.1853  decode.loss_ohem: 0.8092  decode.acc_seg: 91.3320  aux_0.loss_ce: 0.3761  aux_0.acc_seg: 86.5017
2026/07/23 11:57:09 - mmengine - INFO - Iter(train) [ 22900/160000]  lr: 8.8025e-03  eta: 14:19:03  time: 0.3748  data_time: 0.0468  memory: 8862  loss: 1.1879  decode.loss_ohem: 0.7754  decode.acc_seg: 89.0586  aux_0.loss_ce: 0.4125  aux_0.acc_seg: 86.9175
2026/07/23 11:57:46 - mmengine - INFO - Exp name: dsanet_cityscapes_512x1024_20260723_093233
2026/07/23 11:57:46 - mmengine - INFO - Iter(train) [ 23000/160000]  lr: 8.7967e-03  eta: 14:18:24  time: 0.3733  data_time: 0.0455  memory: 8861  loss: 1.3024  decode.loss_ohem: 0.8661  decode.acc_seg: 88.1614  aux_0.loss_ce: 0.4362  aux_0.acc_seg: 85.8308
2026/07/23 11:58:24 - mmengine - INFO - Iter(train) [ 23100/160000]  lr: 8.7909e-03  eta: 14:17:46  time: 0.3769  data_time: 0.0478  memory: 8862  loss: 1.1680  decode.loss_ohem: 0.7599  decode.acc_seg: 92.5587  aux_0.loss_ce: 0.4081  aux_0.acc_seg: 88.4183
2026/07/23 11:59:01 - mmengine - INFO - Iter(train) [ 23200/160000]  lr: 8.7851e-03  eta: 14:17:09  time: 0.3766  data_time: 0.0478  memory: 8861  loss: 1.1692  decode.loss_ohem: 0.7622  decode.acc_seg: 91.6745  aux_0.loss_ce: 0.4070  aux_0.acc_seg: 85.2886
2026/07/23 11:59:39 - mmengine - INFO - Iter(train) [ 23300/160000]  lr: 8.7794e-03  eta: 14:16:31  time: 0.3771  data_time: 0.0477  memory: 8863  loss: 1.1713  decode.loss_ohem: 0.7588  decode.acc_seg: 87.5379  aux_0.loss_ce: 0.4125  aux_0.acc_seg: 83.6031
2026/07/23 12:00:16 - mmengine - INFO - Iter(train) [ 23400/160000]  lr: 8.7736e-03  eta: 14:15:53  time: 0.3730  data_time: 0.0457  memory: 8861  loss: 1.2072  decode.loss_ohem: 0.7763  decode.acc_seg: 89.1155  aux_0.loss_ce: 0.4309  aux_0.acc_seg: 83.5516
2026/07/23 12:00:54 - mmengine - INFO - Iter(train) [ 23500/160000]  lr: 8.7678e-03  eta: 14:15:14  time: 0.3764  data_time: 0.0475  memory: 8861  loss: 1.2558  decode.loss_ohem: 0.8137  decode.acc_seg: 91.5384  aux_0.loss_ce: 0.4421  aux_0.acc_seg: 87.2309
2026/07/23 12:01:31 - mmengine - INFO - Iter(train) [ 23600/160000]  lr: 8.7620e-03  eta: 14:14:36  time: 0.3726  data_time: 0.0453  memory: 8862  loss: 1.1522  decode.loss_ohem: 0.7586  decode.acc_seg: 91.8435  aux_0.loss_ce: 0.3936  aux_0.acc_seg: 84.9154
2026/07/23 12:02:09 - mmengine - INFO - Iter(train) [ 23700/160000]  lr: 8.7563e-03  eta: 14:13:58  time: 0.3757  data_time: 0.0470  memory: 8862  loss: 1.1872  decode.loss_ohem: 0.7673  decode.acc_seg: 89.2322  aux_0.loss_ce: 0.4199  aux_0.acc_seg: 85.1737
2026/07/23 12:02:46 - mmengine - INFO - Iter(train) [ 23800/160000]  lr: 8.7505e-03  eta: 14:13:20  time: 0.3743  data_time: 0.0467  memory: 8862  loss: 1.2689  decode.loss_ohem: 0.8508  decode.acc_seg: 86.3983  aux_0.loss_ce: 0.4181  aux_0.acc_seg: 83.3395
2026/07/23 12:03:24 - mmengine - INFO - Iter(train) [ 23900/160000]  lr: 8.7447e-03  eta: 14:12:42  time: 0.3741  data_time: 0.0472  memory: 8863  loss: 1.2335  decode.loss_ohem: 0.8041  decode.acc_seg: 87.4869  aux_0.loss_ce: 0.4294  aux_0.acc_seg: 86.0680
2026/07/23 12:04:01 - mmengine - INFO - Exp name: dsanet_cityscapes_512x1024_20260723_093233
2026/07/23 12:04:01 - mmengine - INFO - Iter(train) [ 24000/160000]  lr: 8.7389e-03  eta: 14:12:04  time: 0.3739  data_time: 0.0462  memory: 8863  loss: 1.1776  decode.loss_ohem: 0.7870  decode.acc_seg: 87.4859  aux_0.loss_ce: 0.3906  aux_0.acc_seg: 81.3485
2026/07/23 12:04:39 - mmengine - INFO - Iter(train) [ 24100/160000]  lr: 8.7332e-03  eta: 14:11:26  time: 0.3784  data_time: 0.0484  memory: 8862  loss: 1.0779  decode.loss_ohem: 0.7093  decode.acc_seg: 90.3943  aux_0.loss_ce: 0.3686  aux_0.acc_seg: 86.4917
2026/07/23 12:05:16 - mmengine - INFO - Iter(train) [ 24200/160000]  lr: 8.7274e-03  eta: 14:10:48  time: 0.3744  data_time: 0.0463  memory: 8864  loss: 1.0973  decode.loss_ohem: 0.7359  decode.acc_seg: 92.3484  aux_0.loss_ce: 0.3614  aux_0.acc_seg: 87.9495
2026/07/23 12:05:54 - mmengine - INFO - Iter(train) [ 24300/160000]  lr: 8.7216e-03  eta: 14:10:10  time: 0.3750  data_time: 0.0471  memory: 8860  loss: 1.1953  decode.loss_ohem: 0.8104  decode.acc_seg: 93.1084  aux_0.loss_ce: 0.3849  aux_0.acc_seg: 90.7763
2026/07/23 12:06:31 - mmengine - INFO - Iter(train) [ 24400/160000]  lr: 8.7158e-03  eta: 14:09:31  time: 0.3739  data_time: 0.0463  memory: 8863  loss: 1.1679  decode.loss_ohem: 0.7701  decode.acc_seg: 89.9672  aux_0.loss_ce: 0.3978  aux_0.acc_seg: 84.9135
2026/07/23 12:07:09 - mmengine - INFO - Iter(train) [ 24500/160000]  lr: 8.7101e-03  eta: 14:08:53  time: 0.3736  data_time: 0.0470  memory: 8862  loss: 1.1671  decode.loss_ohem: 0.7938  decode.acc_seg: 91.3852  aux_0.loss_ce: 0.3732  aux_0.acc_seg: 87.8286
2026/07/23 12:07:46 - mmengine - INFO - Iter(train) [ 24600/160000]  lr: 8.7043e-03  eta: 14:08:14  time: 0.3788  data_time: 0.0484  memory: 8861  loss: 1.1587  decode.loss_ohem: 0.7575  decode.acc_seg: 89.7685  aux_0.loss_ce: 0.4011  aux_0.acc_seg: 87.8501
2026/07/23 12:08:24 - mmengine - INFO - Iter(train) [ 24700/160000]  lr: 8.6985e-03  eta: 14:07:35  time: 0.3739  data_time: 0.0459  memory: 8862  loss: 1.1956  decode.loss_ohem: 0.8089  decode.acc_seg: 90.5386  aux_0.loss_ce: 0.3867  aux_0.acc_seg: 87.0742
2026/07/23 12:09:01 - mmengine - INFO - Iter(train) [ 24800/160000]  lr: 8.6927e-03  eta: 14:06:58  time: 0.3759  data_time: 0.0469  memory: 8861  loss: 1.2103  decode.loss_ohem: 0.8238  decode.acc_seg: 89.6810  aux_0.loss_ce: 0.3865  aux_0.acc_seg: 86.4967
2026/07/23 12:09:39 - mmengine - INFO - Iter(train) [ 24900/160000]  lr: 8.6869e-03  eta: 14:06:20  time: 0.3734  data_time: 0.0456  memory: 8862  loss: 1.1824  decode.loss_ohem: 0.7910  decode.acc_seg: 88.8051  aux_0.loss_ce: 0.3914  aux_0.acc_seg: 82.2560
2026/07/23 12:10:16 - mmengine - INFO - Exp name: dsanet_cityscapes_512x1024_20260723_093233
2026/07/23 12:10:16 - mmengine - INFO - Iter(train) [ 25000/160000]  lr: 8.6812e-03  eta: 14:05:42  time: 0.3754  data_time: 0.0454  memory: 8861  loss: 1.2813  decode.loss_ohem: 0.8713  decode.acc_seg: 89.8489  aux_0.loss_ce: 0.4100  aux_0.acc_seg: 86.4231
2026/07/23 12:10:16 - mmengine - INFO - Saving checkpoint at 25000 iterations
2026/07/23 12:10:23 - mmengine - INFO - Iter(val) [100/250]    eta: 0:00:08  time: 0.0513  data_time: 0.0176  memory: 728  
2026/07/23 12:10:28 - mmengine - INFO - Iter(val) [200/250]    eta: 0:00:02  time: 0.0529  data_time: 0.0185  memory: 728  
2026/07/23 12:10:31 - mmengine - INFO - per class results:
2026/07/23 12:10:31 - mmengine - INFO - 
+---------------+-------+-------+
|     Class     |  IoU  |  Acc  |
+---------------+-------+-------+
|      road     |  96.3 | 98.19 |
|    sidewalk   |  72.8 | 84.87 |
|    building   | 86.21 |  95.3 |
|      wall     | 21.77 | 23.35 |
|     fence     | 40.49 | 47.77 |
|      pole     | 43.42 | 52.03 |
| traffic light | 38.85 | 43.26 |
|  traffic sign | 59.34 | 71.39 |
|   vegetation  | 88.48 | 94.07 |
|    terrain    | 52.08 | 60.93 |
|      sky      | 87.16 | 89.86 |
|     person    | 65.04 | 83.03 |
|     rider     |  40.8 | 56.71 |
|      car      |  88.6 | 96.41 |
|     truck     | 39.13 | 46.43 |
|      bus      | 53.85 | 67.35 |
|     train     | 29.26 | 41.61 |
|   motorcycle  | 23.37 | 26.13 |
|    bicycle    |  61.2 |  77.1 |
+---------------+-------+-------+
2026/07/23 12:10:31 - mmengine - INFO - Iter(val) [250/250]    aAcc: 92.6500  mIoU: 57.2700  mAcc: 66.0900  data_time: 0.0197  time: 0.0567
2026/07/23 12:10:31 - mmengine - INFO - The previous best checkpoint /root/autodl-tmp/DSANet-main/tools/work_dirs/dsanet_cityscapes_512x1024/best_mIoU_iter_15000.pth is removed
2026/07/23 12:10:31 - mmengine - INFO - The best checkpoint with 57.2700 mIoU at 25000 iter is saved to best_mIoU_iter_25000.pth.
2026/07/23 12:11:09 - mmengine - INFO - Iter(train) [ 25100/160000]  lr: 8.6754e-03  eta: 14:05:08  time: 0.3759  data_time: 0.0467  memory: 8862  loss: 1.1933  decode.loss_ohem: 0.7701  decode.acc_seg: 90.0345  aux_0.loss_ce: 0.4232  aux_0.acc_seg: 86.0219
2026/07/23 12:11:47 - mmengine - INFO - Iter(train) [ 25200/160000]  lr: 8.6696e-03  eta: 14:04:31  time: 0.3748  data_time: 0.0452  memory: 8863  loss: 1.2372  decode.loss_ohem: 0.8236  decode.acc_seg: 88.3808  aux_0.loss_ce: 0.4136  aux_0.acc_seg: 83.4462
2026/07/23 12:12:25 - mmengine - INFO - Iter(train) [ 25300/160000]  lr: 8.6638e-03  eta: 14:03:54  time: 0.3771  data_time: 0.0457  memory: 8861  loss: 1.1249  decode.loss_ohem: 0.7418  decode.acc_seg: 89.4445  aux_0.loss_ce: 0.3831  aux_0.acc_seg: 87.2865
2026/07/23 12:13:02 - mmengine - INFO - Iter(train) [ 25400/160000]  lr: 8.6580e-03  eta: 14:03:17  time: 0.3757  data_time: 0.0466  memory: 8862  loss: 1.1159  decode.loss_ohem: 0.7294  decode.acc_seg: 89.8788  aux_0.loss_ce: 0.3865  aux_0.acc_seg: 86.2830
2026/07/23 12:13:40 - mmengine - INFO - Iter(train) [ 25500/160000]  lr: 8.6522e-03  eta: 14:02:39  time: 0.3778  data_time: 0.0476  memory: 8861  loss: 1.2785  decode.loss_ohem: 0.8655  decode.acc_seg: 90.1421  aux_0.loss_ce: 0.4130  aux_0.acc_seg: 86.2568
2026/07/23 12:14:18 - mmengine - INFO - Iter(train) [ 25600/160000]  lr: 8.6465e-03  eta: 14:02:02  time: 0.3806  data_time: 0.0485  memory: 8863  loss: 1.1994  decode.loss_ohem: 0.8017  decode.acc_seg: 89.1825  aux_0.loss_ce: 0.3977  aux_0.acc_seg: 83.3959
2026/07/23 12:14:55 - mmengine - INFO - Iter(train) [ 25700/160000]  lr: 8.6407e-03  eta: 14:01:26  time: 0.3771  data_time: 0.0465  memory: 8862  loss: 1.1293  decode.loss_ohem: 0.7563  decode.acc_seg: 90.6419  aux_0.loss_ce: 0.3730  aux_0.acc_seg: 86.9591
2026/07/23 12:15:33 - mmengine - INFO - Iter(train) [ 25800/160000]  lr: 8.6349e-03  eta: 14:00:50  time: 0.3763  data_time: 0.0473  memory: 8862  loss: 1.1407  decode.loss_ohem: 0.7688  decode.acc_seg: 89.6206  aux_0.loss_ce: 0.3719  aux_0.acc_seg: 86.4318
2026/07/23 12:16:11 - mmengine - INFO - Iter(train) [ 25900/160000]  lr: 8.6291e-03  eta: 14:00:13  time: 0.3778  data_time: 0.0478  memory: 8863  loss: 1.1761  decode.loss_ohem: 0.7879  decode.acc_seg: 91.7096  aux_0.loss_ce: 0.3882  aux_0.acc_seg: 85.3887
2026/07/23 12:16:49 - mmengine - INFO - Exp name: dsanet_cityscapes_512x1024_20260723_093233
2026/07/23 12:16:49 - mmengine - INFO - Iter(train) [ 26000/160000]  lr: 8.6233e-03  eta: 13:59:37  time: 0.3779  data_time: 0.0482  memory: 8862  loss: 1.2632  decode.loss_ohem: 0.8547  decode.acc_seg: 91.6630  aux_0.loss_ce: 0.4085  aux_0.acc_seg: 85.6133
2026/07/23 12:17:27 - mmengine - INFO - Iter(train) [ 26100/160000]  lr: 8.6175e-03  eta: 13:59:00  time: 0.3777  data_time: 0.0477  memory: 8863  loss: 1.1423  decode.loss_ohem: 0.7670  decode.acc_seg: 87.7895  aux_0.loss_ce: 0.3754  aux_0.acc_seg: 83.7391
2026/07/23 12:18:05 - mmengine - INFO - Iter(train) [ 26200/160000]  lr: 8.6118e-03  eta: 13:58:24  time: 0.3815  data_time: 0.0489  memory: 8862  loss: 1.1850  decode.loss_ohem: 0.7519  decode.acc_seg: 89.9609  aux_0.loss_ce: 0.4331  aux_0.acc_seg: 86.6637
2026/07/23 12:18:42 - mmengine - INFO - Iter(train) [ 26300/160000]  lr: 8.6060e-03  eta: 13:57:45  time: 0.3737  data_time: 0.0459  memory: 8862  loss: 1.2153  decode.loss_ohem: 0.8095  decode.acc_seg: 89.7603  aux_0.loss_ce: 0.4058  aux_0.acc_seg: 83.6582
2026/07/23 12:19:19 - mmengine - INFO - Iter(train) [ 26400/160000]  lr: 8.6002e-03  eta: 13:57:06  time: 0.3715  data_time: 0.0452  memory: 8862  loss: 1.1748  decode.loss_ohem: 0.7889  decode.acc_seg: 90.1638  aux_0.loss_ce: 0.3859  aux_0.acc_seg: 85.6784
2026/07/23 12:19:57 - mmengine - INFO - Iter(train) [ 26500/160000]  lr: 8.5944e-03  eta: 13:56:26  time: 0.3728  data_time: 0.0450  memory: 8861  loss: 1.2211  decode.loss_ohem: 0.8169  decode.acc_seg: 92.5776  aux_0.loss_ce: 0.4042  aux_0.acc_seg: 88.7861
2026/07/23 12:20:34 - mmengine - INFO - Iter(train) [ 26600/160000]  lr: 8.5886e-03  eta: 13:55:47  time: 0.3712  data_time: 0.0453  memory: 8863  loss: 1.1365  decode.loss_ohem: 0.7812  decode.acc_seg: 91.1985  aux_0.loss_ce: 0.3553  aux_0.acc_seg: 87.7037
2026/07/23 12:21:11 - mmengine - INFO - Iter(train) [ 26700/160000]  lr: 8.5828e-03  eta: 13:55:08  time: 0.3716  data_time: 0.0451  memory: 8861  loss: 1.1175  decode.loss_ohem: 0.7533  decode.acc_seg: 88.0600  aux_0.loss_ce: 0.3642  aux_0.acc_seg: 83.5759
2026/07/23 12:21:48 - mmengine - INFO - Iter(train) [ 26800/160000]  lr: 8.5770e-03  eta: 13:54:28  time: 0.3723  data_time: 0.0450  memory: 8862  loss: 1.2130  decode.loss_ohem: 0.7906  decode.acc_seg: 88.7160  aux_0.loss_ce: 0.4224  aux_0.acc_seg: 81.9997
2026/07/23 12:22:25 - mmengine - INFO - Iter(train) [ 26900/160000]  lr: 8.5712e-03  eta: 13:53:48  time: 0.3712  data_time: 0.0448  memory: 8863  loss: 1.1446  decode.loss_ohem: 0.7575  decode.acc_seg: 89.9422  aux_0.loss_ce: 0.3871  aux_0.acc_seg: 85.7972
2026/07/23 12:23:02 - mmengine - INFO - Exp name: dsanet_cityscapes_512x1024_20260723_093233
2026/07/23 12:23:02 - mmengine - INFO - Iter(train) [ 27000/160000]  lr: 8.5655e-03  eta: 13:53:08  time: 0.3710  data_time: 0.0453  memory: 8862  loss: 1.1747  decode.loss_ohem: 0.7713  decode.acc_seg: 91.9472  aux_0.loss_ce: 0.4034  aux_0.acc_seg: 86.2695
2026/07/23 12:23:39 - mmengine - INFO - Iter(train) [ 27100/160000]  lr: 8.5597e-03  eta: 13:52:28  time: 0.3711  data_time: 0.0449  memory: 8861  loss: 1.1655  decode.loss_ohem: 0.7908  decode.acc_seg: 85.8611  aux_0.loss_ce: 0.3747  aux_0.acc_seg: 82.1942
2026/07/23 12:24:17 - mmengine - INFO - Iter(train) [ 27200/160000]  lr: 8.5539e-03  eta: 13:51:48  time: 0.3713  data_time: 0.0449  memory: 8862  loss: 1.3590  decode.loss_ohem: 0.9148  decode.acc_seg: 88.3328  aux_0.loss_ce: 0.4442  aux_0.acc_seg: 86.6160
2026/07/23 12:24:54 - mmengine - INFO - Iter(train) [ 27300/160000]  lr: 8.5481e-03  eta: 13:51:08  time: 0.3703  data_time: 0.0446  memory: 8862  loss: 1.1537  decode.loss_ohem: 0.7670  decode.acc_seg: 90.7542  aux_0.loss_ce: 0.3867  aux_0.acc_seg: 88.2922
2026/07/23 12:25:31 - mmengine - INFO - Iter(train) [ 27400/160000]  lr: 8.5423e-03  eta: 13:50:28  time: 0.3700  data_time: 0.0443  memory: 8862  loss: 1.0965  decode.loss_ohem: 0.7240  decode.acc_seg: 90.5242  aux_0.loss_ce: 0.3725  aux_0.acc_seg: 87.0474
2026/07/23 12:26:08 - mmengine - INFO - Iter(train) [ 27500/160000]  lr: 8.5365e-03  eta: 13:49:48  time: 0.3712  data_time: 0.0448  memory: 8863  loss: 1.2290  decode.loss_ohem: 0.8020  decode.acc_seg: 85.9348  aux_0.loss_ce: 0.4271  aux_0.acc_seg: 82.7269
2026/07/23 12:26:45 - mmengine - INFO - Iter(train) [ 27600/160000]  lr: 8.5307e-03  eta: 13:49:07  time: 0.3689  data_time: 0.0440  memory: 8862  loss: 1.1848  decode.loss_ohem: 0.7894  decode.acc_seg: 91.5551  aux_0.loss_ce: 0.3954  aux_0.acc_seg: 87.8663
2026/07/23 12:27:22 - mmengine - INFO - Iter(train) [ 27700/160000]  lr: 8.5249e-03  eta: 13:48:27  time: 0.3688  data_time: 0.0437  memory: 8863  loss: 1.1601  decode.loss_ohem: 0.7846  decode.acc_seg: 92.5763  aux_0.loss_ce: 0.3755  aux_0.acc_seg: 90.6155
2026/07/23 12:27:59 - mmengine - INFO - Iter(train) [ 27800/160000]  lr: 8.5191e-03  eta: 13:47:46  time: 0.3682  data_time: 0.0431  memory: 8862  loss: 1.1471  decode.loss_ohem: 0.7478  decode.acc_seg: 90.5243  aux_0.loss_ce: 0.3993  aux_0.acc_seg: 86.3879
2026/07/23 12:28:36 - mmengine - INFO - Iter(train) [ 27900/160000]  lr: 8.5133e-03  eta: 13:47:06  time: 0.3696  data_time: 0.0444  memory: 8862  loss: 1.1896  decode.loss_ohem: 0.7775  decode.acc_seg: 90.1831  aux_0.loss_ce: 0.4121  aux_0.acc_seg: 86.8239
2026/07/23 12:29:13 - mmengine - INFO - Exp name: dsanet_cityscapes_512x1024_20260723_093233
2026/07/23 12:29:13 - mmengine - INFO - Iter(train) [ 28000/160000]  lr: 8.5075e-03  eta: 13:46:25  time: 0.3688  data_time: 0.0436  memory: 8863  loss: 1.1384  decode.loss_ohem: 0.7677  decode.acc_seg: 88.0570  aux_0.loss_ce: 0.3707  aux_0.acc_seg: 83.7077
2026/07/23 12:29:50 - mmengine - INFO - Iter(train) [ 28100/160000]  lr: 8.5017e-03  eta: 13:45:45  time: 0.3697  data_time: 0.0439  memory: 8862  loss: 1.1868  decode.loss_ohem: 0.7791  decode.acc_seg: 90.2969  aux_0.loss_ce: 0.4077  aux_0.acc_seg: 86.0415
2026/07/23 12:30:27 - mmengine - INFO - Iter(train) [ 28200/160000]  lr: 8.4959e-03  eta: 13:45:05  time: 0.3694  data_time: 0.0445  memory: 8862  loss: 1.3110  decode.loss_ohem: 0.8724  decode.acc_seg: 83.8028  aux_0.loss_ce: 0.4385  aux_0.acc_seg: 79.9555
2026/07/23 12:31:03 - mmengine - INFO - Iter(train) [ 28300/160000]  lr: 8.4902e-03  eta: 13:44:24  time: 0.3699  data_time: 0.0447  memory: 8863  loss: 1.2010  decode.loss_ohem: 0.7929  decode.acc_seg: 88.8917  aux_0.loss_ce: 0.4080  aux_0.acc_seg: 85.8486
2026/07/23 12:31:40 - mmengine - INFO - Iter(train) [ 28400/160000]  lr: 8.4844e-03  eta: 13:43:44  time: 0.3695  data_time: 0.0444  memory: 8862  loss: 1.1829  decode.loss_ohem: 0.7684  decode.acc_seg: 91.8497  aux_0.loss_ce: 0.4145  aux_0.acc_seg: 88.2714
2026/07/23 12:32:17 - mmengine - INFO - Iter(train) [ 28500/160000]  lr: 8.4786e-03  eta: 13:43:03  time: 0.3695  data_time: 0.0445  memory: 8862  loss: 1.1657  decode.loss_ohem: 0.7962  decode.acc_seg: 91.7759  aux_0.loss_ce: 0.3695  aux_0.acc_seg: 89.1139
2026/07/23 12:32:54 - mmengine - INFO - Iter(train) [ 28600/160000]  lr: 8.4728e-03  eta: 13:42:23  time: 0.3692  data_time: 0.0437  memory: 8861  loss: 1.1488  decode.loss_ohem: 0.7417  decode.acc_seg: 90.5051  aux_0.loss_ce: 0.4072  aux_0.acc_seg: 85.5406
2026/07/23 12:33:32 - mmengine - INFO - Iter(train) [ 28700/160000]  lr: 8.4670e-03  eta: 13:41:44  time: 0.3694  data_time: 0.0443  memory: 8862  loss: 1.2422  decode.loss_ohem: 0.8476  decode.acc_seg: 89.0471  aux_0.loss_ce: 0.3946  aux_0.acc_seg: 85.1558
2026/07/23 12:34:09 - mmengine - INFO - Iter(train) [ 28800/160000]  lr: 8.4612e-03  eta: 13:41:04  time: 0.3699  data_time: 0.0443  memory: 8861  loss: 1.1021  decode.loss_ohem: 0.7300  decode.acc_seg: 89.0025  aux_0.loss_ce: 0.3721  aux_0.acc_seg: 84.7588
2026/07/23 12:34:46 - mmengine - INFO - Iter(train) [ 28900/160000]  lr: 8.4554e-03  eta: 13:40:24  time: 0.3683  data_time: 0.0442  memory: 8861  loss: 1.1437  decode.loss_ohem: 0.7740  decode.acc_seg: 88.8823  aux_0.loss_ce: 0.3696  aux_0.acc_seg: 85.9799
2026/07/23 12:35:23 - mmengine - INFO - Exp name: dsanet_cityscapes_512x1024_20260723_093233
2026/07/23 12:35:23 - mmengine - INFO - Iter(train) [ 29000/160000]  lr: 8.4496e-03  eta: 13:39:44  time: 0.3711  data_time: 0.0449  memory: 8862  loss: 1.1183  decode.loss_ohem: 0.7368  decode.acc_seg: 91.0017  aux_0.loss_ce: 0.3815  aux_0.acc_seg: 83.2321
2026/07/23 12:36:00 - mmengine - INFO - Iter(train) [ 29100/160000]  lr: 8.4438e-03  eta: 13:39:04  time: 0.3695  data_time: 0.0448  memory: 8861  loss: 1.1989  decode.loss_ohem: 0.7939  decode.acc_seg: 90.0578  aux_0.loss_ce: 0.4050  aux_0.acc_seg: 85.5787
2026/07/23 12:36:37 - mmengine - INFO - Iter(train) [ 29200/160000]  lr: 8.4380e-03  eta: 13:38:24  time: 0.3708  data_time: 0.0447  memory: 8862  loss: 1.1874  decode.loss_ohem: 0.7933  decode.acc_seg: 87.1588  aux_0.loss_ce: 0.3941  aux_0.acc_seg: 83.8829
2026/07/23 12:37:14 - mmengine - INFO - Iter(train) [ 29300/160000]  lr: 8.4322e-03  eta: 13:37:44  time: 0.3722  data_time: 0.0463  memory: 8861  loss: 1.2159  decode.loss_ohem: 0.8020  decode.acc_seg: 88.8480  aux_0.loss_ce: 0.4139  aux_0.acc_seg: 84.1811
2026/07/23 12:37:51 - mmengine - INFO - Iter(train) [ 29400/160000]  lr: 8.4264e-03  eta: 13:37:05  time: 0.3708  data_time: 0.0460  memory: 8860  loss: 1.2549  decode.loss_ohem: 0.8402  decode.acc_seg: 90.9150  aux_0.loss_ce: 0.4147  aux_0.acc_seg: 88.5277
2026/07/23 12:38:28 - mmengine - INFO - Iter(train) [ 29500/160000]  lr: 8.4206e-03  eta: 13:36:25  time: 0.3708  data_time: 0.0455  memory: 8861  loss: 1.2595  decode.loss_ohem: 0.8399  decode.acc_seg: 90.8739  aux_0.loss_ce: 0.4196  aux_0.acc_seg: 85.1807
2026/07/23 12:39:05 - mmengine - INFO - Iter(train) [ 29600/160000]  lr: 8.4148e-03  eta: 13:35:46  time: 0.3730  data_time: 0.0463  memory: 8862  loss: 1.1719  decode.loss_ohem: 0.7645  decode.acc_seg: 89.7074  aux_0.loss_ce: 0.4073  aux_0.acc_seg: 84.7848
2026/07/23 12:39:42 - mmengine - INFO - Iter(train) [ 29700/160000]  lr: 8.4090e-03  eta: 13:35:07  time: 0.3706  data_time: 0.0448  memory: 8862  loss: 1.1461  decode.loss_ohem: 0.7682  decode.acc_seg: 90.4799  aux_0.loss_ce: 0.3779  aux_0.acc_seg: 87.2902
2026/07/23 12:40:19 - mmengine - INFO - Iter(train) [ 29800/160000]  lr: 8.4032e-03  eta: 13:34:28  time: 0.3712  data_time: 0.0461  memory: 8861  loss: 1.0968  decode.loss_ohem: 0.7429  decode.acc_seg: 91.0555  aux_0.loss_ce: 0.3538  aux_0.acc_seg: 87.4338
2026/07/23 12:40:57 - mmengine - INFO - Iter(train) [ 29900/160000]  lr: 8.3974e-03  eta: 13:33:48  time: 0.3700  data_time: 0.0451  memory: 8863  loss: 1.2139  decode.loss_ohem: 0.8036  decode.acc_seg: 91.1069  aux_0.loss_ce: 0.4103  aux_0.acc_seg: 88.6620
2026/07/23 12:41:34 - mmengine - INFO - Exp name: dsanet_cityscapes_512x1024_20260723_093233
2026/07/23 12:41:34 - mmengine - INFO - Iter(train) [ 30000/160000]  lr: 8.3916e-03  eta: 13:33:09  time: 0.3711  data_time: 0.0454  memory: 8861  loss: 1.1573  decode.loss_ohem: 0.7776  decode.acc_seg: 90.9194  aux_0.loss_ce: 0.3797  aux_0.acc_seg: 88.5029
2026/07/23 12:41:34 - mmengine - INFO - Saving checkpoint at 30000 iterations
2026/07/23 12:41:40 - mmengine - INFO - Iter(val) [100/250]    eta: 0:00:08  time: 0.0526  data_time: 0.0188  memory: 728  
2026/07/23 12:41:46 - mmengine - INFO - Iter(val) [200/250]    eta: 0:00:02  time: 0.0535  data_time: 0.0191  memory: 728  
2026/07/23 12:41:49 - mmengine - INFO - per class results:
2026/07/23 12:41:49 - mmengine - INFO - 
+---------------+-------+-------+
|     Class     |  IoU  |  Acc  |
+---------------+-------+-------+
|      road     | 96.57 | 97.87 |
|    sidewalk   | 74.47 | 89.54 |
|    building   | 87.25 | 94.82 |
|      wall     | 36.78 | 42.87 |
|     fence     |  43.1 | 60.89 |
|      pole     | 44.08 | 52.19 |
| traffic light |  38.7 | 48.22 |
|  traffic sign | 58.84 | 72.45 |
|   vegetation  | 88.89 | 93.62 |
|    terrain    | 52.01 | 64.77 |
|      sky      | 91.73 | 96.79 |
|     person    | 66.79 | 84.42 |
|     rider     | 39.78 | 47.08 |
|      car      | 89.86 |  94.6 |
|     truck     | 39.77 | 51.65 |
|      bus      | 56.73 | 76.82 |
|     train     | 26.67 | 37.36 |
|   motorcycle  | 30.91 | 34.79 |
|    bicycle    | 62.62 | 77.35 |
+---------------+-------+-------+
2026/07/23 12:41:49 - mmengine - INFO - Iter(val) [250/250]    aAcc: 93.0700  mIoU: 59.2400  mAcc: 69.3700  data_time: 0.0200  time: 0.0573
2026/07/23 12:41:49 - mmengine - INFO - The previous best checkpoint /root/autodl-tmp/DSANet-main/tools/work_dirs/dsanet_cityscapes_512x1024/best_mIoU_iter_25000.pth is removed
2026/07/23 12:41:49 - mmengine - INFO - The best checkpoint with 59.2400 mIoU at 30000 iter is saved to best_mIoU_iter_30000.pth.
2026/07/23 12:42:26 - mmengine - INFO - Iter(train) [ 30100/160000]  lr: 8.3858e-03  eta: 13:32:34  time: 0.3717  data_time: 0.0467  memory: 8863  loss: 1.1032  decode.loss_ohem: 0.7341  decode.acc_seg: 87.6801  aux_0.loss_ce: 0.3691  aux_0.acc_seg: 82.5118
2026/07/23 12:43:04 - mmengine - INFO - Iter(train) [ 30200/160000]  lr: 8.3800e-03  eta: 13:31:54  time: 0.3734  data_time: 0.0463  memory: 8861  loss: 1.0651  decode.loss_ohem: 0.7086  decode.acc_seg: 90.6270  aux_0.loss_ce: 0.3564  aux_0.acc_seg: 87.1561
2026/07/23 12:43:41 - mmengine - INFO - Iter(train) [ 30300/160000]  lr: 8.3742e-03  eta: 13:31:15  time: 0.3704  data_time: 0.0451  memory: 8861  loss: 1.1915  decode.loss_ohem: 0.7829  decode.acc_seg: 88.7408  aux_0.loss_ce: 0.4086  aux_0.acc_seg: 81.9319
2026/07/23 12:44:18 - mmengine - INFO - Iter(train) [ 30400/160000]  lr: 8.3684e-03  eta: 13:30:36  time: 0.3721  data_time: 0.0456  memory: 8862  loss: 1.0979  decode.loss_ohem: 0.7388  decode.acc_seg: 91.5809  aux_0.loss_ce: 0.3590  aux_0.acc_seg: 89.0368
2026/07/23 12:44:55 - mmengine - INFO - Iter(train) [ 30500/160000]  lr: 8.3626e-03  eta: 13:29:57  time: 0.3729  data_time: 0.0458  memory: 8862  loss: 1.1651  decode.loss_ohem: 0.7910  decode.acc_seg: 86.8776  aux_0.loss_ce: 0.3741  aux_0.acc_seg: 83.6048
2026/07/23 12:45:32 - mmengine - INFO - Iter(train) [ 30600/160000]  lr: 8.3568e-03  eta: 13:29:18  time: 0.3710  data_time: 0.0450  memory: 8861  loss: 1.2555  decode.loss_ohem: 0.8370  decode.acc_seg: 88.5477  aux_0.loss_ce: 0.4186  aux_0.acc_seg: 83.0187
2026/07/23 12:46:09 - mmengine - INFO - Iter(train) [ 30700/160000]  lr: 8.3509e-03  eta: 13:28:39  time: 0.3735  data_time: 0.0464  memory: 8861  loss: 1.1844  decode.loss_ohem: 0.8213  decode.acc_seg: 90.4316  aux_0.loss_ce: 0.3631  aux_0.acc_seg: 88.2843
2026/07/23 12:46:47 - mmengine - INFO - Iter(train) [ 30800/160000]  lr: 8.3451e-03  eta: 13:28:00  time: 0.3731  data_time: 0.0458  memory: 8861  loss: 1.2337  decode.loss_ohem: 0.8288  decode.acc_seg: 85.8607  aux_0.loss_ce: 0.4049  aux_0.acc_seg: 82.4894
2026/07/23 12:47:24 - mmengine - INFO - Iter(train) [ 30900/160000]  lr: 8.3393e-03  eta: 13:27:21  time: 0.3709  data_time: 0.0445  memory: 8862  loss: 1.2051  decode.loss_ohem: 0.8037  decode.acc_seg: 92.4342  aux_0.loss_ce: 0.4013  aux_0.acc_seg: 90.1980
2026/07/23 12:48:01 - mmengine - INFO - Exp name: dsanet_cityscapes_512x1024_20260723_093233
2026/07/23 12:48:01 - mmengine - INFO - Iter(train) [ 31000/160000]  lr: 8.3335e-03  eta: 13:26:43  time: 0.3754  data_time: 0.0481  memory: 8863  loss: 1.2310  decode.loss_ohem: 0.8222  decode.acc_seg: 91.9514  aux_0.loss_ce: 0.4089  aux_0.acc_seg: 87.8738
2026/07/23 12:48:38 - mmengine - INFO - Iter(train) [ 31100/160000]  lr: 8.3277e-03  eta: 13:26:04  time: 0.3711  data_time: 0.0446  memory: 8862  loss: 1.3055  decode.loss_ohem: 0.8888  decode.acc_seg: 90.1245  aux_0.loss_ce: 0.4167  aux_0.acc_seg: 86.9639
2026/07/23 12:49:16 - mmengine - INFO - Iter(train) [ 31200/160000]  lr: 8.3219e-03  eta: 13:25:25  time: 0.3705  data_time: 0.0441  memory: 8862  loss: 1.1265  decode.loss_ohem: 0.7559  decode.acc_seg: 89.7364  aux_0.loss_ce: 0.3706  aux_0.acc_seg: 85.1872
2026/07/23 12:49:53 - mmengine - INFO - Iter(train) [ 31300/160000]  lr: 8.3161e-03  eta: 13:24:46  time: 0.3718  data_time: 0.0446  memory: 8862  loss: 1.2205  decode.loss_ohem: 0.7884  decode.acc_seg: 91.2288  aux_0.loss_ce: 0.4321  aux_0.acc_seg: 87.0559
2026/07/23 12:50:30 - mmengine - INFO - Iter(train) [ 31400/160000]  lr: 8.3103e-03  eta: 13:24:07  time: 0.3698  data_time: 0.0436  memory: 8863  loss: 1.1049  decode.loss_ohem: 0.7347  decode.acc_seg: 90.3291  aux_0.loss_ce: 0.3702  aux_0.acc_seg: 86.2464
2026/07/23 12:51:07 - mmengine - INFO - Iter(train) [ 31500/160000]  lr: 8.3045e-03  eta: 13:23:28  time: 0.3712  data_time: 0.0456  memory: 8860  loss: 1.2718  decode.loss_ohem: 0.8415  decode.acc_seg: 91.2817  aux_0.loss_ce: 0.4303  aux_0.acc_seg: 89.7141
2026/07/23 12:51:44 - mmengine - INFO - Iter(train) [ 31600/160000]  lr: 8.2987e-03  eta: 13:22:50  time: 0.3729  data_time: 0.0459  memory: 8861  loss: 1.1866  decode.loss_ohem: 0.7968  decode.acc_seg: 88.9497  aux_0.loss_ce: 0.3899  aux_0.acc_seg: 80.7456
2026/07/23 12:52:22 - mmengine - INFO - Iter(train) [ 31700/160000]  lr: 8.2929e-03  eta: 13:22:11  time: 0.3721  data_time: 0.0446  memory: 8862  loss: 1.2046  decode.loss_ohem: 0.7941  decode.acc_seg: 88.7083  aux_0.loss_ce: 0.4104  aux_0.acc_seg: 84.4076
2026/07/23 12:52:59 - mmengine - INFO - Iter(train) [ 31800/160000]  lr: 8.2871e-03  eta: 13:21:32  time: 0.3714  data_time: 0.0446  memory: 8862  loss: 1.1526  decode.loss_ohem: 0.7621  decode.acc_seg: 91.3128  aux_0.loss_ce: 0.3905  aux_0.acc_seg: 86.0604
2026/07/23 12:53:36 - mmengine - INFO - Iter(train) [ 31900/160000]  lr: 8.2812e-03  eta: 13:20:53  time: 0.3711  data_time: 0.0452  memory: 8861  loss: 1.2207  decode.loss_ohem: 0.8311  decode.acc_seg: 89.3221  aux_0.loss_ce: 0.3896  aux_0.acc_seg: 86.9880
2026/07/23 12:54:13 - mmengine - INFO - Exp name: dsanet_cityscapes_512x1024_20260723_093233
2026/07/23 12:54:13 - mmengine - INFO - Iter(train) [ 32000/160000]  lr: 8.2754e-03  eta: 13:20:14  time: 0.3708  data_time: 0.0442  memory: 8861  loss: 1.1543  decode.loss_ohem: 0.7685  decode.acc_seg: 92.2445  aux_0.loss_ce: 0.3858  aux_0.acc_seg: 87.8076
2026/07/23 12:54:50 - mmengine - INFO - Iter(train) [ 32100/160000]  lr: 8.2696e-03  eta: 13:19:35  time: 0.3727  data_time: 0.0452  memory: 8862  loss: 1.1417  decode.loss_ohem: 0.7808  decode.acc_seg: 91.8807  aux_0.loss_ce: 0.3609  aux_0.acc_seg: 88.8378
2026/07/23 12:55:28 - mmengine - INFO - Iter(train) [ 32200/160000]  lr: 8.2638e-03  eta: 13:18:57  time: 0.3754  data_time: 0.0469  memory: 8862  loss: 1.1997  decode.loss_ohem: 0.7912  decode.acc_seg: 86.6408  aux_0.loss_ce: 0.4085  aux_0.acc_seg: 82.9335
2026/07/23 12:56:05 - mmengine - INFO - Iter(train) [ 32300/160000]  lr: 8.2580e-03  eta: 13:18:19  time: 0.3748  data_time: 0.0475  memory: 8862  loss: 1.1695  decode.loss_ohem: 0.7824  decode.acc_seg: 88.9483  aux_0.loss_ce: 0.3871  aux_0.acc_seg: 83.4785
2026/07/23 12:56:42 - mmengine - INFO - Iter(train) [ 32400/160000]  lr: 8.2522e-03  eta: 13:17:41  time: 0.3732  data_time: 0.0457  memory: 8862  loss: 1.1738  decode.loss_ohem: 0.7814  decode.acc_seg: 89.4094  aux_0.loss_ce: 0.3924  aux_0.acc_seg: 85.5058
2026/07/23 12:57:19 - mmengine - INFO - Iter(train) [ 32500/160000]  lr: 8.2464e-03  eta: 13:17:02  time: 0.3690  data_time: 0.0436  memory: 8861  loss: 1.1812  decode.loss_ohem: 0.8023  decode.acc_seg: 91.4076  aux_0.loss_ce: 0.3790  aux_0.acc_seg: 87.6258
2026/07/23 12:57:57 - mmengine - INFO - Iter(train) [ 32600/160000]  lr: 8.2406e-03  eta: 13:16:23  time: 0.3693  data_time: 0.0435  memory: 8861  loss: 1.1066  decode.loss_ohem: 0.7468  decode.acc_seg: 87.7007  aux_0.loss_ce: 0.3598  aux_0.acc_seg: 80.7340
2026/07/23 12:58:34 - mmengine - INFO - Iter(train) [ 32700/160000]  lr: 8.2347e-03  eta: 13:15:45  time: 0.3761  data_time: 0.0467  memory: 8862  loss: 1.1465  decode.loss_ohem: 0.7879  decode.acc_seg: 93.1037  aux_0.loss_ce: 0.3587  aux_0.acc_seg: 89.5511
2026/07/23 12:59:11 - mmengine - INFO - Iter(train) [ 32800/160000]  lr: 8.2289e-03  eta: 13:15:07  time: 0.3710  data_time: 0.0446  memory: 8862  loss: 1.2055  decode.loss_ohem: 0.7958  decode.acc_seg: 88.4123  aux_0.loss_ce: 0.4097  aux_0.acc_seg: 87.4346
2026/07/23 12:59:48 - mmengine - INFO - Iter(train) [ 32900/160000]  lr: 8.2231e-03  eta: 13:14:28  time: 0.3723  data_time: 0.0456  memory: 8862  loss: 1.2113  decode.loss_ohem: 0.8132  decode.acc_seg: 89.6901  aux_0.loss_ce: 0.3981  aux_0.acc_seg: 83.7673
2026/07/23 13:00:25 - mmengine - INFO - Exp name: dsanet_cityscapes_512x1024_20260723_093233
2026/07/23 13:00:25 - mmengine - INFO - Iter(train) [ 33000/160000]  lr: 8.2173e-03  eta: 13:13:47  time: 0.3720  data_time: 0.0450  memory: 8865  loss: 1.0950  decode.loss_ohem: 0.7153  decode.acc_seg: 89.4742  aux_0.loss_ce: 0.3796  aux_0.acc_seg: 86.0264
2026/07/23 13:01:03 - mmengine - INFO - Iter(train) [ 33100/160000]  lr: 8.2115e-03  eta: 13:13:09  time: 0.3708  data_time: 0.0439  memory: 8862  loss: 1.2083  decode.loss_ohem: 0.7850  decode.acc_seg: 91.7633  aux_0.loss_ce: 0.4232  aux_0.acc_seg: 86.9119
2026/07/23 13:01:39 - mmengine - INFO - Iter(train) [ 33200/160000]  lr: 8.2057e-03  eta: 13:12:29  time: 0.3695  data_time: 0.0447  memory: 8862  loss: 1.1896  decode.loss_ohem: 0.8195  decode.acc_seg: 89.8237  aux_0.loss_ce: 0.3701  aux_0.acc_seg: 86.8264
2026/07/23 13:02:16 - mmengine - INFO - Iter(train) [ 33300/160000]  lr: 8.1998e-03  eta: 13:11:50  time: 0.3692  data_time: 0.0435  memory: 8863  loss: 1.1629  decode.loss_ohem: 0.7978  decode.acc_seg: 90.7185  aux_0.loss_ce: 0.3651  aux_0.acc_seg: 84.4211
2026/07/23 13:02:54 - mmengine - INFO - Iter(train) [ 33400/160000]  lr: 8.1940e-03  eta: 13:11:11  time: 0.3768  data_time: 0.0452  memory: 8861  loss: 1.1423  decode.loss_ohem: 0.7701  decode.acc_seg: 91.8488  aux_0.loss_ce: 0.3723  aux_0.acc_seg: 88.4896
2026/07/23 13:03:31 - mmengine - INFO - Iter(train) [ 33500/160000]  lr: 8.1882e-03  eta: 13:10:33  time: 0.3673  data_time: 0.0446  memory: 8862  loss: 1.1423  decode.loss_ohem: 0.7627  decode.acc_seg: 88.1136  aux_0.loss_ce: 0.3796  aux_0.acc_seg: 83.5534
2026/07/23 13:04:08 - mmengine - INFO - Iter(train) [ 33600/160000]  lr: 8.1824e-03  eta: 13:09:54  time: 0.3736  data_time: 0.0460  memory: 8862  loss: 1.2281  decode.loss_ohem: 0.8133  decode.acc_seg: 88.8744  aux_0.loss_ce: 0.4149  aux_0.acc_seg: 84.8749
2026/07/23 13:04:45 - mmengine - INFO - Iter(train) [ 33700/160000]  lr: 8.1766e-03  eta: 13:09:16  time: 0.3708  data_time: 0.0442  memory: 8861  loss: 1.1604  decode.loss_ohem: 0.7698  decode.acc_seg: 92.0428  aux_0.loss_ce: 0.3906  aux_0.acc_seg: 84.5480
2026/07/23 13:05:23 - mmengine - INFO - Iter(train) [ 33800/160000]  lr: 8.1707e-03  eta: 13:08:39  time: 0.3747  data_time: 0.0461  memory: 8861  loss: 1.2166  decode.loss_ohem: 0.8204  decode.acc_seg: 90.0525  aux_0.loss_ce: 0.3962  aux_0.acc_seg: 87.4820
2026/07/23 13:06:00 - mmengine - INFO - Iter(train) [ 33900/160000]  lr: 8.1649e-03  eta: 13:08:00  time: 0.3731  data_time: 0.0453  memory: 8861  loss: 1.1256  decode.loss_ohem: 0.7306  decode.acc_seg: 91.3428  aux_0.loss_ce: 0.3951  aux_0.acc_seg: 89.9049
2026/07/23 13:06:37 - mmengine - INFO - Exp name: dsanet_cityscapes_512x1024_20260723_093233
2026/07/23 13:06:37 - mmengine - INFO - Iter(train) [ 34000/160000]  lr: 8.1591e-03  eta: 13:07:22  time: 0.3744  data_time: 0.0459  memory: 8862  loss: 1.1515  decode.loss_ohem: 0.7660  decode.acc_seg: 91.9248  aux_0.loss_ce: 0.3855  aux_0.acc_seg: 86.3176
2026/07/23 13:07:15 - mmengine - INFO - Iter(train) [ 34100/160000]  lr: 8.1533e-03  eta: 13:06:44  time: 0.3739  data_time: 0.0454  memory: 8862  loss: 1.2041  decode.loss_ohem: 0.8052  decode.acc_seg: 89.7042  aux_0.loss_ce: 0.3989  aux_0.acc_seg: 86.0971
2026/07/23 13:07:52 - mmengine - INFO - Iter(train) [ 34200/160000]  lr: 8.1475e-03  eta: 13:06:06  time: 0.3743  data_time: 0.0458  memory: 8862  loss: 1.1602  decode.loss_ohem: 0.7769  decode.acc_seg: 89.9995  aux_0.loss_ce: 0.3833  aux_0.acc_seg: 86.1712
2026/07/23 13:08:30 - mmengine - INFO - Iter(train) [ 34300/160000]  lr: 8.1416e-03  eta: 13:05:28  time: 0.3730  data_time: 0.0443  memory: 8864  loss: 1.1703  decode.loss_ohem: 0.7757  decode.acc_seg: 89.7232  aux_0.loss_ce: 0.3945  aux_0.acc_seg: 85.7562
2026/07/23 13:09:07 - mmengine - INFO - Iter(train) [ 34400/160000]  lr: 8.1358e-03  eta: 13:04:51  time: 0.3742  data_time: 0.0451  memory: 8864  loss: 1.1841  decode.loss_ohem: 0.7798  decode.acc_seg: 90.5956  aux_0.loss_ce: 0.4043  aux_0.acc_seg: 87.3796
2026/07/23 13:09:45 - mmengine - INFO - Iter(train) [ 34500/160000]  lr: 8.1300e-03  eta: 13:04:13  time: 0.3730  data_time: 0.0449  memory: 8862  loss: 1.1491  decode.loss_ohem: 0.7786  decode.acc_seg: 89.8966  aux_0.loss_ce: 0.3705  aux_0.acc_seg: 84.9852
2026/07/23 13:10:22 - mmengine - INFO - Iter(train) [ 34600/160000]  lr: 8.1242e-03  eta: 13:03:35  time: 0.3775  data_time: 0.0454  memory: 8861  loss: 1.1864  decode.loss_ohem: 0.7827  decode.acc_seg: 91.7946  aux_0.loss_ce: 0.4037  aux_0.acc_seg: 88.1519
2026/07/23 13:10:59 - mmengine - INFO - Iter(train) [ 34700/160000]  lr: 8.1184e-03  eta: 13:02:57  time: 0.3710  data_time: 0.0437  memory: 8861  loss: 1.1777  decode.loss_ohem: 0.7882  decode.acc_seg: 90.1540  aux_0.loss_ce: 0.3895  aux_0.acc_seg: 82.2546
2026/07/23 13:11:37 - mmengine - INFO - Iter(train) [ 34800/160000]  lr: 8.1125e-03  eta: 13:02:19  time: 0.3603  data_time: 0.0424  memory: 8861  loss: 1.1427  decode.loss_ohem: 0.7646  decode.acc_seg: 90.6082  aux_0.loss_ce: 0.3782  aux_0.acc_seg: 82.4891
2026/07/23 13:12:14 - mmengine - INFO - Iter(train) [ 34900/160000]  lr: 8.1067e-03  eta: 13:01:40  time: 0.3755  data_time: 0.0460  memory: 8862  loss: 1.1282  decode.loss_ohem: 0.7665  decode.acc_seg: 90.5381  aux_0.loss_ce: 0.3617  aux_0.acc_seg: 86.5947
2026/07/23 13:12:51 - mmengine - INFO - Exp name: dsanet_cityscapes_512x1024_20260723_093233
2026/07/23 13:12:51 - mmengine - INFO - Iter(train) [ 35000/160000]  lr: 8.1009e-03  eta: 13:01:02  time: 0.3713  data_time: 0.0451  memory: 8864  loss: 1.1269  decode.loss_ohem: 0.7829  decode.acc_seg: 91.7945  aux_0.loss_ce: 0.3440  aux_0.acc_seg: 88.6027
2026/07/23 13:12:51 - mmengine - INFO - Saving checkpoint at 35000 iterations
2026/07/23 13:12:57 - mmengine - INFO - Iter(val) [100/250]    eta: 0:00:08  time: 0.0628  data_time: 0.0191  memory: 728  
2026/07/23 13:13:03 - mmengine - INFO - Iter(val) [200/250]    eta: 0:00:02  time: 0.0527  data_time: 0.0183  memory: 728  
2026/07/23 13:13:06 - mmengine - INFO - per class results:
2026/07/23 13:13:06 - mmengine - INFO - 
+---------------+-------+-------+
|     Class     |  IoU  |  Acc  |
+---------------+-------+-------+
|      road     | 96.73 | 98.75 |
|    sidewalk   | 74.76 | 83.72 |
|    building   | 86.05 | 90.49 |
|      wall     | 29.94 | 49.13 |
|     fence     | 44.14 | 58.16 |
|      pole     | 45.81 | 55.37 |
| traffic light | 40.73 | 45.63 |
|  traffic sign | 59.95 | 77.39 |
|   vegetation  | 87.79 | 96.88 |
|    terrain    | 49.03 | 53.69 |
|      sky      | 91.56 | 95.49 |
|     person    | 67.12 | 84.59 |
|     rider     | 42.24 | 54.74 |
|      car      | 89.28 | 96.96 |
|     truck     | 46.25 | 57.59 |
|      bus      | 58.01 | 69.15 |
|     train     | 28.92 | 30.47 |
|   motorcycle  | 26.73 | 33.52 |
|    bicycle    | 62.98 | 79.74 |
+---------------+-------+-------+
2026/07/23 13:13:06 - mmengine - INFO - Iter(val) [250/250]    aAcc: 92.8400  mIoU: 59.3700  mAcc: 69.0300  data_time: 0.0196  time: 0.0572
2026/07/23 13:13:06 - mmengine - INFO - The previous best checkpoint /root/autodl-tmp/DSANet-main/tools/work_dirs/dsanet_cityscapes_512x1024/best_mIoU_iter_30000.pth is removed
2026/07/23 13:13:06 - mmengine - INFO - The best checkpoint with 59.3700 mIoU at 35000 iter is saved to best_mIoU_iter_35000.pth.
2026/07/23 13:13:44 - mmengine - INFO - Iter(train) [ 35100/160000]  lr: 8.0951e-03  eta: 13:00:27  time: 0.3702  data_time: 0.0445  memory: 8862  loss: 1.1704  decode.loss_ohem: 0.8084  decode.acc_seg: 88.3763  aux_0.loss_ce: 0.3620  aux_0.acc_seg: 84.6260
2026/07/23 13:14:21 - mmengine - INFO - Iter(train) [ 35200/160000]  lr: 8.0892e-03  eta: 12:59:49  time: 0.3741  data_time: 0.0457  memory: 8861  loss: 1.2488  decode.loss_ohem: 0.8698  decode.acc_seg: 91.5076  aux_0.loss_ce: 0.3790  aux_0.acc_seg: 88.5506
2026/07/23 13:14:59 - mmengine - INFO - Iter(train) [ 35300/160000]  lr: 8.0834e-03  eta: 12:59:11  time: 0.3701  data_time: 0.0438  memory: 8861  loss: 1.2570  decode.loss_ohem: 0.8750  decode.acc_seg: 90.8153  aux_0.loss_ce: 0.3820  aux_0.acc_seg: 85.5029
2026/07/23 13:15:36 - mmengine - INFO - Iter(train) [ 35400/160000]  lr: 8.0776e-03  eta: 12:58:32  time: 0.3721  data_time: 0.0451  memory: 8861  loss: 1.2483  decode.loss_ohem: 0.8241  decode.acc_seg: 90.8287  aux_0.loss_ce: 0.4242  aux_0.acc_seg: 84.6923
2026/07/23 13:16:13 - mmengine - INFO - Iter(train) [ 35500/160000]  lr: 8.0717e-03  eta: 12:57:54  time: 0.3725  data_time: 0.0451  memory: 8862  loss: 1.1868  decode.loss_ohem: 0.7783  decode.acc_seg: 88.8189  aux_0.loss_ce: 0.4085  aux_0.acc_seg: 85.1538
2026/07/23 13:16:50 - mmengine - INFO - Iter(train) [ 35600/160000]  lr: 8.0659e-03  eta: 12:57:16  time: 0.3697  data_time: 0.0434  memory: 8862  loss: 1.0880  decode.loss_ohem: 0.7156  decode.acc_seg: 90.0493  aux_0.loss_ce: 0.3724  aux_0.acc_seg: 84.9911
2026/07/23 13:17:28 - mmengine - INFO - Iter(train) [ 35700/160000]  lr: 8.0601e-03  eta: 12:56:37  time: 0.3717  data_time: 0.0449  memory: 8861  loss: 1.1568  decode.loss_ohem: 0.7610  decode.acc_seg: 89.8016  aux_0.loss_ce: 0.3958  aux_0.acc_seg: 87.5736
2026/07/23 13:18:05 - mmengine - INFO - Iter(train) [ 35800/160000]  lr: 8.0543e-03  eta: 12:55:59  time: 0.3725  data_time: 0.0454  memory: 8860  loss: 1.0851  decode.loss_ohem: 0.7133  decode.acc_seg: 91.7668  aux_0.loss_ce: 0.3718  aux_0.acc_seg: 85.6092
2026/07/23 13:18:42 - mmengine - INFO - Iter(train) [ 35900/160000]  lr: 8.0484e-03  eta: 12:55:20  time: 0.3731  data_time: 0.0459  memory: 8862  loss: 1.0455  decode.loss_ohem: 0.6998  decode.acc_seg: 93.6994  aux_0.loss_ce: 0.3457  aux_0.acc_seg: 89.4890
2026/07/23 13:19:19 - mmengine - INFO - Exp name: dsanet_cityscapes_512x1024_20260723_093233
2026/07/23 13:19:19 - mmengine - INFO - Iter(train) [ 36000/160000]  lr: 8.0426e-03  eta: 12:54:42  time: 0.3713  data_time: 0.0449  memory: 8861  loss: 1.1483  decode.loss_ohem: 0.7819  decode.acc_seg: 91.4831  aux_0.loss_ce: 0.3663  aux_0.acc_seg: 86.5810
2026/07/23 13:19:57 - mmengine - INFO - Iter(train) [ 36100/160000]  lr: 8.0368e-03  eta: 12:54:03  time: 0.3760  data_time: 0.0466  memory: 8863  loss: 1.1096  decode.loss_ohem: 0.7315  decode.acc_seg: 87.9137  aux_0.loss_ce: 0.3782  aux_0.acc_seg: 83.2201
2026/07/23 13:20:34 - mmengine - INFO - Iter(train) [ 36200/160000]  lr: 8.0309e-03  eta: 12:53:25  time: 0.3701  data_time: 0.0439  memory: 8862  loss: 1.0887  decode.loss_ohem: 0.7355  decode.acc_seg: 87.5281  aux_0.loss_ce: 0.3533  aux_0.acc_seg: 81.3097
2026/07/23 13:21:11 - mmengine - INFO - Iter(train) [ 36300/160000]  lr: 8.0251e-03  eta: 12:52:46  time: 0.3741  data_time: 0.0442  memory: 8861  loss: 1.1164  decode.loss_ohem: 0.7405  decode.acc_seg: 90.6263  aux_0.loss_ce: 0.3760  aux_0.acc_seg: 86.9969
2026/07/23 13:21:48 - mmengine - INFO - Iter(train) [ 36400/160000]  lr: 8.0193e-03  eta: 12:52:08  time: 0.3717  data_time: 0.0450  memory: 8862  loss: 1.1442  decode.loss_ohem: 0.7828  decode.acc_seg: 91.6059  aux_0.loss_ce: 0.3614  aux_0.acc_seg: 89.3839
2026/07/23 13:22:26 - mmengine - INFO - Iter(train) [ 36500/160000]  lr: 8.0134e-03  eta: 12:51:30  time: 0.3719  data_time: 0.0451  memory: 8861  loss: 1.1863  decode.loss_ohem: 0.8024  decode.acc_seg: 89.0015  aux_0.loss_ce: 0.3839  aux_0.acc_seg: 85.8344
2026/07/23 13:23:03 - mmengine - INFO - Iter(train) [ 36600/160000]  lr: 8.0076e-03  eta: 12:50:52  time: 0.3703  data_time: 0.0439  memory: 8862  loss: 1.3014  decode.loss_ohem: 0.8782  decode.acc_seg: 86.2802  aux_0.loss_ce: 0.4232  aux_0.acc_seg: 83.8181
2026/07/23 13:23:40 - mmengine - INFO - Iter(train) [ 36700/160000]  lr: 8.0018e-03  eta: 12:50:14  time: 0.3729  data_time: 0.0459  memory: 8861  loss: 1.1767  decode.loss_ohem: 0.8360  decode.acc_seg: 92.8386  aux_0.loss_ce: 0.3406  aux_0.acc_seg: 89.7051
2026/07/23 13:24:17 - mmengine - INFO - Iter(train) [ 36800/160000]  lr: 7.9959e-03  eta: 12:49:36  time: 0.3718  data_time: 0.0438  memory: 8862  loss: 1.1844  decode.loss_ohem: 0.7697  decode.acc_seg: 92.0129  aux_0.loss_ce: 0.4147  aux_0.acc_seg: 88.2684
2026/07/23 13:24:55 - mmengine - INFO - Iter(train) [ 36900/160000]  lr: 7.9901e-03  eta: 12:48:58  time: 0.3731  data_time: 0.0460  memory: 8860  loss: 1.1261  decode.loss_ohem: 0.7501  decode.acc_seg: 89.8645  aux_0.loss_ce: 0.3760  aux_0.acc_seg: 86.8927
2026/07/23 13:25:32 - mmengine - INFO - Exp name: dsanet_cityscapes_512x1024_20260723_093233
2026/07/23 13:25:32 - mmengine - INFO - Iter(train) [ 37000/160000]  lr: 7.9843e-03  eta: 12:48:21  time: 0.3722  data_time: 0.0439  memory: 8861  loss: 1.1021  decode.loss_ohem: 0.7468  decode.acc_seg: 90.8675  aux_0.loss_ce: 0.3553  aux_0.acc_seg: 88.2380
2026/07/23 13:26:10 - mmengine - INFO - Iter(train) [ 37100/160000]  lr: 7.9784e-03  eta: 12:47:42  time: 0.3725  data_time: 0.0452  memory: 8862  loss: 1.1132  decode.loss_ohem: 0.7643  decode.acc_seg: 91.6778  aux_0.loss_ce: 0.3488  aux_0.acc_seg: 88.7606
2026/07/23 13:26:47 - mmengine - INFO - Iter(train) [ 37200/160000]  lr: 7.9726e-03  eta: 12:47:04  time: 0.3727  data_time: 0.0449  memory: 8862  loss: 1.1018  decode.loss_ohem: 0.7350  decode.acc_seg: 89.4376  aux_0.loss_ce: 0.3668  aux_0.acc_seg: 84.0189
2026/07/23 13:27:24 - mmengine - INFO - Iter(train) [ 37300/160000]  lr: 7.9668e-03  eta: 12:46:27  time: 0.3746  data_time: 0.0448  memory: 8860  loss: 1.0915  decode.loss_ohem: 0.7532  decode.acc_seg: 92.8039  aux_0.loss_ce: 0.3383  aux_0.acc_seg: 91.3316
2026/07/23 13:28:02 - mmengine - INFO - Iter(train) [ 37400/160000]  lr: 7.9609e-03  eta: 12:45:49  time: 0.3719  data_time: 0.0448  memory: 8862  loss: 1.1786  decode.loss_ohem: 0.8068  decode.acc_seg: 91.1245  aux_0.loss_ce: 0.3718  aux_0.acc_seg: 88.3398
2026/07/23 13:28:39 - mmengine - INFO - Iter(train) [ 37500/160000]  lr: 7.9551e-03  eta: 12:45:11  time: 0.3767  data_time: 0.0462  memory: 8861  loss: 1.1272  decode.loss_ohem: 0.7453  decode.acc_seg: 85.1062  aux_0.loss_ce: 0.3819  aux_0.acc_seg: 81.5673
2026/07/23 13:29:16 - mmengine - INFO - Iter(train) [ 37600/160000]  lr: 7.9493e-03  eta: 12:44:32  time: 0.3728  data_time: 0.0461  memory: 8862  loss: 1.2035  decode.loss_ohem: 0.8294  decode.acc_seg: 89.2510  aux_0.loss_ce: 0.3741  aux_0.acc_seg: 86.1637
2026/07/23 13:29:54 - mmengine - INFO - Iter(train) [ 37700/160000]  lr: 7.9434e-03  eta: 12:43:54  time: 0.3743  data_time: 0.0459  memory: 8862  loss: 1.1991  decode.loss_ohem: 0.8049  decode.acc_seg: 92.7383  aux_0.loss_ce: 0.3942  aux_0.acc_seg: 89.6064
2026/07/23 13:30:31 - mmengine - INFO - Iter(train) [ 37800/160000]  lr: 7.9376e-03  eta: 12:43:17  time: 0.3725  data_time: 0.0449  memory: 8861  loss: 1.1275  decode.loss_ohem: 0.7594  decode.acc_seg: 89.2366  aux_0.loss_ce: 0.3680  aux_0.acc_seg: 86.0068
2026/07/23 13:31:08 - mmengine - INFO - Iter(train) [ 37900/160000]  lr: 7.9317e-03  eta: 12:42:39  time: 0.3735  data_time: 0.0462  memory: 8861  loss: 1.2021  decode.loss_ohem: 0.7990  decode.acc_seg: 91.1600  aux_0.loss_ce: 0.4030  aux_0.acc_seg: 85.9607
2026/07/23 13:31:45 - mmengine - INFO - Exp name: dsanet_cityscapes_512x1024_20260723_093233
2026/07/23 13:31:45 - mmengine - INFO - Iter(train) [ 38000/160000]  lr: 7.9259e-03  eta: 12:42:00  time: 0.3719  data_time: 0.0454  memory: 8863  loss: 1.1162  decode.loss_ohem: 0.7560  decode.acc_seg: 91.3899  aux_0.loss_ce: 0.3602  aux_0.acc_seg: 87.7991
2026/07/23 13:32:23 - mmengine - INFO - Iter(train) [ 38100/160000]  lr: 7.9201e-03  eta: 12:41:22  time: 0.3733  data_time: 0.0455  memory: 8863  loss: 1.1724  decode.loss_ohem: 0.7974  decode.acc_seg: 91.5579  aux_0.loss_ce: 0.3750  aux_0.acc_seg: 88.1988
2026/07/23 13:33:00 - mmengine - INFO - Iter(train) [ 38200/160000]  lr: 7.9142e-03  eta: 12:40:44  time: 0.3735  data_time: 0.0458  memory: 8862  loss: 1.1907  decode.loss_ohem: 0.8099  decode.acc_seg: 90.4217  aux_0.loss_ce: 0.3808  aux_0.acc_seg: 86.3232
2026/07/23 13:33:37 - mmengine - INFO - Iter(train) [ 38300/160000]  lr: 7.9084e-03  eta: 12:40:06  time: 0.3725  data_time: 0.0450  memory: 8861  loss: 1.1870  decode.loss_ohem: 0.8010  decode.acc_seg: 91.1958  aux_0.loss_ce: 0.3859  aux_0.acc_seg: 88.6448
2026/07/23 13:34:15 - mmengine - INFO - Iter(train) [ 38400/160000]  lr: 7.9025e-03  eta: 12:39:28  time: 0.3735  data_time: 0.0457  memory: 8862  loss: 1.1463  decode.loss_ohem: 0.7765  decode.acc_seg: 89.7130  aux_0.loss_ce: 0.3697  aux_0.acc_seg: 84.4525
2026/07/23 13:34:52 - mmengine - INFO - Iter(train) [ 38500/160000]  lr: 7.8967e-03  eta: 12:38:50  time: 0.3740  data_time: 0.0458  memory: 8861  loss: 1.1303  decode.loss_ohem: 0.7585  decode.acc_seg: 92.2280  aux_0.loss_ce: 0.3717  aux_0.acc_seg: 87.7426
2026/07/23 13:35:29 - mmengine - INFO - Iter(train) [ 38600/160000]  lr: 7.8909e-03  eta: 12:38:12  time: 0.3725  data_time: 0.0455  memory: 8862  loss: 1.2482  decode.loss_ohem: 0.8518  decode.acc_seg: 89.0300  aux_0.loss_ce: 0.3964  aux_0.acc_seg: 84.7248
2026/07/23 13:36:07 - mmengine - INFO - Iter(train) [ 38700/160000]  lr: 7.8850e-03  eta: 12:37:34  time: 0.3739  data_time: 0.0462  memory: 8861  loss: 1.2732  decode.loss_ohem: 0.8356  decode.acc_seg: 89.8696  aux_0.loss_ce: 0.4377  aux_0.acc_seg: 82.3102
2026/07/23 13:36:44 - mmengine - INFO - Iter(train) [ 38800/160000]  lr: 7.8792e-03  eta: 12:36:56  time: 0.3741  data_time: 0.0459  memory: 8862  loss: 1.2594  decode.loss_ohem: 0.8252  decode.acc_seg: 93.9463  aux_0.loss_ce: 0.4342  aux_0.acc_seg: 90.5720
2026/07/23 13:37:21 - mmengine - INFO - Iter(train) [ 38900/160000]  lr: 7.8733e-03  eta: 12:36:18  time: 0.3722  data_time: 0.0444  memory: 8862  loss: 1.1284  decode.loss_ohem: 0.7475  decode.acc_seg: 91.4545  aux_0.loss_ce: 0.3809  aux_0.acc_seg: 86.6825
2026/07/23 13:37:58 - mmengine - INFO - Exp name: dsanet_cityscapes_512x1024_20260723_093233
2026/07/23 13:37:58 - mmengine - INFO - Iter(train) [ 39000/160000]  lr: 7.8675e-03  eta: 12:35:39  time: 0.3696  data_time: 0.0437  memory: 8863  loss: 1.2018  decode.loss_ohem: 0.8026  decode.acc_seg: 91.1382  aux_0.loss_ce: 0.3991  aux_0.acc_seg: 86.9595
2026/07/23 13:38:35 - mmengine - INFO - Iter(train) [ 39100/160000]  lr: 7.8616e-03  eta: 12:35:01  time: 0.3708  data_time: 0.0437  memory: 8862  loss: 1.1307  decode.loss_ohem: 0.7647  decode.acc_seg: 90.6355  aux_0.loss_ce: 0.3660  aux_0.acc_seg: 86.3245
2026/07/23 13:39:13 - mmengine - INFO - Iter(train) [ 39200/160000]  lr: 7.8558e-03  eta: 12:34:23  time: 0.3720  data_time: 0.0433  memory: 8862  loss: 1.1533  decode.loss_ohem: 0.7731  decode.acc_seg: 90.7103  aux_0.loss_ce: 0.3802  aux_0.acc_seg: 87.6022
2026/07/23 13:39:50 - mmengine - INFO - Iter(train) [ 39300/160000]  lr: 7.8499e-03  eta: 12:33:44  time: 0.3724  data_time: 0.0456  memory: 8860  loss: 1.1573  decode.loss_ohem: 0.8060  decode.acc_seg: 88.7363  aux_0.loss_ce: 0.3513  aux_0.acc_seg: 85.9983
2026/07/23 13:40:27 - mmengine - INFO - Iter(train) [ 39400/160000]  lr: 7.8441e-03  eta: 12:33:06  time: 0.3724  data_time: 0.0448  memory: 8862  loss: 1.2162  decode.loss_ohem: 0.7989  decode.acc_seg: 90.9737  aux_0.loss_ce: 0.4173  aux_0.acc_seg: 88.1725
2026/07/23 13:41:04 - mmengine - INFO - Iter(train) [ 39500/160000]  lr: 7.8383e-03  eta: 12:32:28  time: 0.3720  data_time: 0.0452  memory: 8861  loss: 1.1633  decode.loss_ohem: 0.7829  decode.acc_seg: 89.2890  aux_0.loss_ce: 0.3804  aux_0.acc_seg: 83.4846
2026/07/23 13:41:42 - mmengine - INFO - Iter(train) [ 39600/160000]  lr: 7.8324e-03  eta: 12:31:50  time: 0.3726  data_time: 0.0450  memory: 8861  loss: 1.1004  decode.loss_ohem: 0.7164  decode.acc_seg: 90.6262  aux_0.loss_ce: 0.3840  aux_0.acc_seg: 86.8014
2026/07/23 13:42:19 - mmengine - INFO - Iter(train) [ 39700/160000]  lr: 7.8266e-03  eta: 12:31:11  time: 0.3712  data_time: 0.0448  memory: 8861  loss: 1.1482  decode.loss_ohem: 0.7861  decode.acc_seg: 89.8404  aux_0.loss_ce: 0.3622  aux_0.acc_seg: 85.8762
2026/07/23 13:42:56 - mmengine - INFO - Iter(train) [ 39800/160000]  lr: 7.8207e-03  eta: 12:30:33  time: 0.3725  data_time: 0.0453  memory: 8861  loss: 1.1523  decode.loss_ohem: 0.7827  decode.acc_seg: 92.5240  aux_0.loss_ce: 0.3696  aux_0.acc_seg: 90.1931
2026/07/23 13:43:33 - mmengine - INFO - Iter(train) [ 39900/160000]  lr: 7.8149e-03  eta: 12:29:55  time: 0.3725  data_time: 0.0464  memory: 8861  loss: 1.1112  decode.loss_ohem: 0.7677  decode.acc_seg: 90.9181  aux_0.loss_ce: 0.3436  aux_0.acc_seg: 87.6904
2026/07/23 13:44:10 - mmengine - INFO - Exp name: dsanet_cityscapes_512x1024_20260723_093233
2026/07/23 13:44:10 - mmengine - INFO - Iter(train) [ 40000/160000]  lr: 7.8090e-03  eta: 12:29:17  time: 0.3725  data_time: 0.0455  memory: 8861  loss: 1.1901  decode.loss_ohem: 0.8040  decode.acc_seg: 86.5524  aux_0.loss_ce: 0.3862  aux_0.acc_seg: 78.8190
2026/07/23 13:44:10 - mmengine - INFO - Saving checkpoint at 40000 iterations
2026/07/23 13:44:17 - mmengine - INFO - Iter(val) [100/250]    eta: 0:00:09  time: 0.0571  data_time: 0.0175  memory: 728  
2026/07/23 13:44:22 - mmengine - INFO - Iter(val) [200/250]    eta: 0:00:02  time: 0.0546  data_time: 0.0190  memory: 728  
2026/07/23 13:44:25 - mmengine - INFO - per class results:
2026/07/23 13:44:25 - mmengine - INFO - 
+---------------+-------+-------+
|     Class     |  IoU  |  Acc  |
+---------------+-------+-------+
|      road     | 96.26 |  98.3 |
|    sidewalk   | 73.08 | 83.43 |
|    building   | 86.37 | 93.02 |
|      wall     | 29.33 | 32.63 |
|     fence     | 41.71 | 50.52 |
|      pole     | 42.55 | 62.81 |
| traffic light | 43.18 |  58.0 |
|  traffic sign | 58.58 | 66.53 |
|   vegetation  | 88.29 | 94.04 |
|    terrain    | 53.21 |  70.4 |
|      sky      |  90.3 | 95.55 |
|     person    | 65.97 | 88.33 |
|     rider     | 37.67 | 43.35 |
|      car      | 89.11 | 95.41 |
|     truck     | 43.51 | 50.92 |
|      bus      | 58.19 |  67.1 |
|     train     | 40.96 | 65.23 |
|   motorcycle  | 31.79 | 42.28 |
|    bicycle    |  63.5 | 82.28 |
+---------------+-------+-------+
2026/07/23 13:44:25 - mmengine - INFO - Iter(val) [250/250]    aAcc: 92.6900  mIoU: 59.6600  mAcc: 70.5300  data_time: 0.0196  time: 0.0574
2026/07/23 13:44:25 - mmengine - INFO - The previous best checkpoint /root/autodl-tmp/DSANet-main/tools/work_dirs/dsanet_cityscapes_512x1024/best_mIoU_iter_35000.pth is removed
2026/07/23 13:44:26 - mmengine - INFO - The best checkpoint with 59.6600 mIoU at 40000 iter is saved to best_mIoU_iter_40000.pth.
2026/07/23 13:45:04 - mmengine - INFO - Iter(train) [ 40100/160000]  lr: 7.8032e-03  eta: 12:28:42  time: 0.3747  data_time: 0.0447  memory: 8862  loss: 1.1618  decode.loss_ohem: 0.7678  decode.acc_seg: 88.2965  aux_0.loss_ce: 0.3940  aux_0.acc_seg: 86.8145
2026/07/23 13:45:41 - mmengine - INFO - Iter(train) [ 40200/160000]  lr: 7.7973e-03  eta: 12:28:04  time: 0.3713  data_time: 0.0447  memory: 8860  loss: 1.1210  decode.loss_ohem: 0.7811  decode.acc_seg: 92.4636  aux_0.loss_ce: 0.3399  aux_0.acc_seg: 91.0262
2026/07/23 13:46:18 - mmengine - INFO - Iter(train) [ 40300/160000]  lr: 7.7915e-03  eta: 12:27:25  time: 0.3736  data_time: 0.0459  memory: 8859  loss: 1.1317  decode.loss_ohem: 0.7707  decode.acc_seg: 88.8264  aux_0.loss_ce: 0.3610  aux_0.acc_seg: 83.6366
2026/07/23 13:46:55 - mmengine - INFO - Iter(train) [ 40400/160000]  lr: 7.7856e-03  eta: 12:26:47  time: 0.3730  data_time: 0.0458  memory: 8861  loss: 1.0764  decode.loss_ohem: 0.7125  decode.acc_seg: 87.5302  aux_0.loss_ce: 0.3639  aux_0.acc_seg: 83.4902
2026/07/23 13:47:33 - mmengine - INFO - Iter(train) [ 40500/160000]  lr: 7.7798e-03  eta: 12:26:10  time: 0.3749  data_time: 0.0467  memory: 8862  loss: 1.1103  decode.loss_ohem: 0.7474  decode.acc_seg: 89.3775  aux_0.loss_ce: 0.3629  aux_0.acc_seg: 86.9897
2026/07/23 13:48:10 - mmengine - INFO - Iter(train) [ 40600/160000]  lr: 7.7739e-03  eta: 12:25:32  time: 0.3729  data_time: 0.0461  memory: 8861  loss: 1.1196  decode.loss_ohem: 0.7851  decode.acc_seg: 90.3271  aux_0.loss_ce: 0.3346  aux_0.acc_seg: 86.0825
2026/07/23 13:48:47 - mmengine - INFO - Iter(train) [ 40700/160000]  lr: 7.7681e-03  eta: 12:24:54  time: 0.3744  data_time: 0.0472  memory: 8862  loss: 1.1634  decode.loss_ohem: 0.7693  decode.acc_seg: 89.3403  aux_0.loss_ce: 0.3941  aux_0.acc_seg: 87.0038
2026/07/23 13:49:25 - mmengine - INFO - Iter(train) [ 40800/160000]  lr: 7.7622e-03  eta: 12:24:16  time: 0.3733  data_time: 0.0460  memory: 8862  loss: 1.0566  decode.loss_ohem: 0.7259  decode.acc_seg: 91.0086  aux_0.loss_ce: 0.3307  aux_0.acc_seg: 87.3939
2026/07/23 13:50:02 - mmengine - INFO - Iter(train) [ 40900/160000]  lr: 7.7564e-03  eta: 12:23:38  time: 0.3725  data_time: 0.0457  memory: 8862  loss: 1.1189  decode.loss_ohem: 0.7641  decode.acc_seg: 90.9883  aux_0.loss_ce: 0.3548  aux_0.acc_seg: 84.9368
2026/07/23 13:50:39 - mmengine - INFO - Exp name: dsanet_cityscapes_512x1024_20260723_093233
2026/07/23 13:50:39 - mmengine - INFO - Iter(train) [ 41000/160000]  lr: 7.7505e-03  eta: 12:23:00  time: 0.3714  data_time: 0.0448  memory: 8861  loss: 1.2441  decode.loss_ohem: 0.8260  decode.acc_seg: 89.2642  aux_0.loss_ce: 0.4181  aux_0.acc_seg: 86.4748
2026/07/23 13:51:16 - mmengine - INFO - Iter(train) [ 41100/160000]  lr: 7.7446e-03  eta: 12:22:22  time: 0.3733  data_time: 0.0459  memory: 8862  loss: 1.0600  decode.loss_ohem: 0.7112  decode.acc_seg: 91.3608  aux_0.loss_ce: 0.3488  aux_0.acc_seg: 85.7275
2026/07/23 13:51:54 - mmengine - INFO - Iter(train) [ 41200/160000]  lr: 7.7388e-03  eta: 12:21:44  time: 0.3745  data_time: 0.0463  memory: 8862  loss: 1.1945  decode.loss_ohem: 0.7912  decode.acc_seg: 87.7151  aux_0.loss_ce: 0.4034  aux_0.acc_seg: 84.6408
2026/07/23 13:52:31 - mmengine - INFO - Iter(train) [ 41300/160000]  lr: 7.7329e-03  eta: 12:21:06  time: 0.3732  data_time: 0.0461  memory: 8862  loss: 1.1870  decode.loss_ohem: 0.8094  decode.acc_seg: 92.1313  aux_0.loss_ce: 0.3775  aux_0.acc_seg: 86.4243
2026/07/23 13:53:08 - mmengine - INFO - Iter(train) [ 41400/160000]  lr: 7.7271e-03  eta: 12:20:28  time: 0.3755  data_time: 0.0483  memory: 8861  loss: 1.2122  decode.loss_ohem: 0.8243  decode.acc_seg: 90.8059  aux_0.loss_ce: 0.3879  aux_0.acc_seg: 87.9861
2026/07/23 13:53:46 - mmengine - INFO - Iter(train) [ 41500/160000]  lr: 7.7212e-03  eta: 12:19:50  time: 0.3739  data_time: 0.0469  memory: 8862  loss: 1.1974  decode.loss_ohem: 0.8108  decode.acc_seg: 92.7137  aux_0.loss_ce: 0.3866  aux_0.acc_seg: 89.3111
2026/07/23 13:54:23 - mmengine - INFO - Iter(train) [ 41600/160000]  lr: 7.7154e-03  eta: 12:19:12  time: 0.3711  data_time: 0.0451  memory: 8862  loss: 1.1200  decode.loss_ohem: 0.7600  decode.acc_seg: 88.4509  aux_0.loss_ce: 0.3600  aux_0.acc_seg: 84.6038
2026/07/23 13:55:00 - mmengine - INFO - Iter(train) [ 41700/160000]  lr: 7.7095e-03  eta: 12:18:34  time: 0.3712  data_time: 0.0449  memory: 8861  loss: 1.1191  decode.loss_ohem: 0.7487  decode.acc_seg: 87.0620  aux_0.loss_ce: 0.3703  aux_0.acc_seg: 83.2532
2026/07/23 13:55:37 - mmengine - INFO - Iter(train) [ 41800/160000]  lr: 7.7036e-03  eta: 12:17:56  time: 0.3721  data_time: 0.0461  memory: 8861  loss: 1.1558  decode.loss_ohem: 0.7945  decode.acc_seg: 90.9323  aux_0.loss_ce: 0.3613  aux_0.acc_seg: 86.2919
2026/07/23 13:56:15 - mmengine - INFO - Iter(train) [ 41900/160000]  lr: 7.6978e-03  eta: 12:17:17  time: 0.3734  data_time: 0.0469  memory: 8862  loss: 1.0630  decode.loss_ohem: 0.7278  decode.acc_seg: 87.8289  aux_0.loss_ce: 0.3351  aux_0.acc_seg: 85.0053
2026/07/23 13:56:52 - mmengine - INFO - Exp name: dsanet_cityscapes_512x1024_20260723_093233
2026/07/23 13:56:52 - mmengine - INFO - Iter(train) [ 42000/160000]  lr: 7.6919e-03  eta: 12:16:39  time: 0.3727  data_time: 0.0455  memory: 8861  loss: 1.1719  decode.loss_ohem: 0.7816  decode.acc_seg: 91.5828  aux_0.loss_ce: 0.3903  aux_0.acc_seg: 89.2218
2026/07/23 13:57:29 - mmengine - INFO - Iter(train) [ 42100/160000]  lr: 7.6861e-03  eta: 12:16:01  time: 0.3728  data_time: 0.0459  memory: 8861  loss: 1.1561  decode.loss_ohem: 0.7762  decode.acc_seg: 90.5565  aux_0.loss_ce: 0.3799  aux_0.acc_seg: 85.1148
2026/07/23 13:58:06 - mmengine - INFO - Iter(train) [ 42200/160000]  lr: 7.6802e-03  eta: 12:15:23  time: 0.3718  data_time: 0.0456  memory: 8862  loss: 1.1519  decode.loss_ohem: 0.7730  decode.acc_seg: 89.2887  aux_0.loss_ce: 0.3789  aux_0.acc_seg: 85.0696
2026/07/23 13:58:44 - mmengine - INFO - Iter(train) [ 42300/160000]  lr: 7.6744e-03  eta: 12:14:45  time: 0.3712  data_time: 0.0462  memory: 8860  loss: 1.1286  decode.loss_ohem: 0.7804  decode.acc_seg: 93.2005  aux_0.loss_ce: 0.3481  aux_0.acc_seg: 86.1384
2026/07/23 13:59:21 - mmengine - INFO - Iter(train) [ 42400/160000]  lr: 7.6685e-03  eta: 12:14:07  time: 0.3714  data_time: 0.0460  memory: 8861  loss: 1.0302  decode.loss_ohem: 0.7031  decode.acc_seg: 93.7536  aux_0.loss_ce: 0.3271  aux_0.acc_seg: 89.9128
2026/07/23 13:59:58 - mmengine - INFO - Iter(train) [ 42500/160000]  lr: 7.6626e-03  eta: 12:13:29  time: 0.3724  data_time: 0.0462  memory: 8860  loss: 1.0786  decode.loss_ohem: 0.7464  decode.acc_seg: 92.7251  aux_0.loss_ce: 0.3322  aux_0.acc_seg: 90.1219
2026/07/23 14:00:35 - mmengine - INFO - Iter(train) [ 42600/160000]  lr: 7.6568e-03  eta: 12:12:51  time: 0.3742  data_time: 0.0467  memory: 8861  loss: 1.1841  decode.loss_ohem: 0.8015  decode.acc_seg: 87.9520  aux_0.loss_ce: 0.3826  aux_0.acc_seg: 83.7854
2026/07/23 14:01:13 - mmengine - INFO - Iter(train) [ 42700/160000]  lr: 7.6509e-03  eta: 12:12:13  time: 0.3732  data_time: 0.0462  memory: 8862  loss: 1.0399  decode.loss_ohem: 0.7041  decode.acc_seg: 93.2686  aux_0.loss_ce: 0.3358  aux_0.acc_seg: 88.3859
2026/07/23 14:01:50 - mmengine - INFO - Iter(train) [ 42800/160000]  lr: 7.6450e-03  eta: 12:11:35  time: 0.3708  data_time: 0.0454  memory: 8861  loss: 1.1490  decode.loss_ohem: 0.7904  decode.acc_seg: 89.3250  aux_0.loss_ce: 0.3586  aux_0.acc_seg: 85.7788
2026/07/23 14:02:27 - mmengine - INFO - Iter(train) [ 42900/160000]  lr: 7.6392e-03  eta: 12:10:57  time: 0.3711  data_time: 0.0445  memory: 8861  loss: 1.1796  decode.loss_ohem: 0.7915  decode.acc_seg: 89.5841  aux_0.loss_ce: 0.3881  aux_0.acc_seg: 86.2113
2026/07/23 14:03:04 - mmengine - INFO - Exp name: dsanet_cityscapes_512x1024_20260723_093233
2026/07/23 14:03:04 - mmengine - INFO - Iter(train) [ 43000/160000]  lr: 7.6333e-03  eta: 12:10:19  time: 0.3717  data_time: 0.0454  memory: 8861  loss: 1.2111  decode.loss_ohem: 0.8267  decode.acc_seg: 89.1445  aux_0.loss_ce: 0.3844  aux_0.acc_seg: 85.8612
2026/07/23 14:03:41 - mmengine - INFO - Iter(train) [ 43100/160000]  lr: 7.6275e-03  eta: 12:09:40  time: 0.3701  data_time: 0.0448  memory: 8861  loss: 1.1254  decode.loss_ohem: 0.7520  decode.acc_seg: 90.9149  aux_0.loss_ce: 0.3734  aux_0.acc_seg: 87.8479
2026/07/23 14:04:19 - mmengine - INFO - Iter(train) [ 43200/160000]  lr: 7.6216e-03  eta: 12:09:02  time: 0.3755  data_time: 0.0465  memory: 8863  loss: 1.1151  decode.loss_ohem: 0.7360  decode.acc_seg: 91.2179  aux_0.loss_ce: 0.3790  aux_0.acc_seg: 87.2260
2026/07/23 14:04:56 - mmengine - INFO - Iter(train) [ 43300/160000]  lr: 7.6157e-03  eta: 12:08:24  time: 0.3732  data_time: 0.0467  memory: 8861  loss: 1.1268  decode.loss_ohem: 0.7462  decode.acc_seg: 92.5037  aux_0.loss_ce: 0.3807  aux_0.acc_seg: 88.2831
2026/07/23 14:05:33 - mmengine - INFO - Iter(train) [ 43400/160000]  lr: 7.6099e-03  eta: 12:07:46  time: 0.3714  data_time: 0.0453  memory: 8864  loss: 1.1836  decode.loss_ohem: 0.8212  decode.acc_seg: 84.8673  aux_0.loss_ce: 0.3624  aux_0.acc_seg: 78.9846
2026/07/23 14:06:10 - mmengine - INFO - Iter(train) [ 43500/160000]  lr: 7.6040e-03  eta: 12:07:08  time: 0.3697  data_time: 0.0441  memory: 8861  loss: 1.1768  decode.loss_ohem: 0.8221  decode.acc_seg: 91.3706  aux_0.loss_ce: 0.3547  aux_0.acc_seg: 88.9066
2026/07/23 14:06:47 - mmengine - INFO - Iter(train) [ 43600/160000]  lr: 7.5981e-03  eta: 12:06:29  time: 0.3728  data_time: 0.0462  memory: 8861  loss: 1.1478  decode.loss_ohem: 0.7540  decode.acc_seg: 90.3134  aux_0.loss_ce: 0.3938  aux_0.acc_seg: 87.9363
2026/07/23 14:07:25 - mmengine - INFO - Iter(train) [ 43700/160000]  lr: 7.5923e-03  eta: 12:05:51  time: 0.3729  data_time: 0.0464  memory: 8861  loss: 1.1526  decode.loss_ohem: 0.7969  decode.acc_seg: 90.1385  aux_0.loss_ce: 0.3557  aux_0.acc_seg: 86.7269
2026/07/23 14:08:02 - mmengine - INFO - Iter(train) [ 43800/160000]  lr: 7.5864e-03  eta: 12:05:13  time: 0.3719  data_time: 0.0456  memory: 8861  loss: 1.1806  decode.loss_ohem: 0.8183  decode.acc_seg: 86.9347  aux_0.loss_ce: 0.3624  aux_0.acc_seg: 84.9379
2026/07/23 14:08:39 - mmengine - INFO - Iter(train) [ 43900/160000]  lr: 7.5805e-03  eta: 12:04:35  time: 0.3727  data_time: 0.0458  memory: 8862  loss: 1.0383  decode.loss_ohem: 0.6789  decode.acc_seg: 90.7449  aux_0.loss_ce: 0.3594  aux_0.acc_seg: 89.4201
2026/07/23 14:09:16 - mmengine - INFO - Exp name: dsanet_cityscapes_512x1024_20260723_093233
2026/07/23 14:09:16 - mmengine - INFO - Iter(train) [ 44000/160000]  lr: 7.5746e-03  eta: 12:03:57  time: 0.3725  data_time: 0.0455  memory: 8862  loss: 1.0865  decode.loss_ohem: 0.7234  decode.acc_seg: 90.0313  aux_0.loss_ce: 0.3631  aux_0.acc_seg: 87.3112
2026/07/23 14:09:53 - mmengine - INFO - Iter(train) [ 44100/160000]  lr: 7.5688e-03  eta: 12:03:19  time: 0.3719  data_time: 0.0454  memory: 8861  loss: 1.2293  decode.loss_ohem: 0.8689  decode.acc_seg: 93.5309  aux_0.loss_ce: 0.3605  aux_0.acc_seg: 90.7973
2026/07/23 14:10:31 - mmengine - INFO - Iter(train) [ 44200/160000]  lr: 7.5629e-03  eta: 12:02:41  time: 0.3726  data_time: 0.0455  memory: 8861  loss: 1.1254  decode.loss_ohem: 0.7423  decode.acc_seg: 90.7317  aux_0.loss_ce: 0.3832  aux_0.acc_seg: 84.1340
2026/07/23 14:11:08 - mmengine - INFO - Iter(train) [ 44300/160000]  lr: 7.5570e-03  eta: 12:02:03  time: 0.3721  data_time: 0.0457  memory: 8861  loss: 1.2384  decode.loss_ohem: 0.8644  decode.acc_seg: 91.4395  aux_0.loss_ce: 0.3740  aux_0.acc_seg: 87.1177
2026/07/23 14:11:45 - mmengine - INFO - Iter(train) [ 44400/160000]  lr: 7.5512e-03  eta: 12:01:25  time: 0.3711  data_time: 0.0447  memory: 8862  loss: 1.1646  decode.loss_ohem: 0.7779  decode.acc_seg: 88.9165  aux_0.loss_ce: 0.3868  aux_0.acc_seg: 81.0769
2026/07/23 14:12:22 - mmengine - INFO - Iter(train) [ 44500/160000]  lr: 7.5453e-03  eta: 12:00:47  time: 0.3716  data_time: 0.0459  memory: 8861  loss: 1.0367  decode.loss_ohem: 0.7221  decode.acc_seg: 93.2089  aux_0.loss_ce: 0.3146  aux_0.acc_seg: 89.6507
2026/07/23 14:13:00 - mmengine - INFO - Iter(train) [ 44600/160000]  lr: 7.5394e-03  eta: 12:00:09  time: 0.3720  data_time: 0.0453  memory: 8860  loss: 1.1214  decode.loss_ohem: 0.7530  decode.acc_seg: 91.4022  aux_0.loss_ce: 0.3684  aux_0.acc_seg: 85.8037
2026/07/23 14:13:37 - mmengine - INFO - Iter(train) [ 44700/160000]  lr: 7.5336e-03  eta: 11:59:31  time: 0.3723  data_time: 0.0454  memory: 8862  loss: 1.1114  decode.loss_ohem: 0.7501  decode.acc_seg: 92.6515  aux_0.loss_ce: 0.3613  aux_0.acc_seg: 88.0027
2026/07/23 14:14:14 - mmengine - INFO - Iter(train) [ 44800/160000]  lr: 7.5277e-03  eta: 11:58:52  time: 0.3711  data_time: 0.0447  memory: 8861  loss: 1.1130  decode.loss_ohem: 0.7443  decode.acc_seg: 90.8015  aux_0.loss_ce: 0.3686  aux_0.acc_seg: 85.2202
2026/07/23 14:14:51 - mmengine - INFO - Iter(train) [ 44900/160000]  lr: 7.5218e-03  eta: 11:58:14  time: 0.3709  data_time: 0.0454  memory: 8861  loss: 1.1301  decode.loss_ohem: 0.7822  decode.acc_seg: 85.4652  aux_0.loss_ce: 0.3479  aux_0.acc_seg: 82.4520
2026/07/23 14:15:28 - mmengine - INFO - Exp name: dsanet_cityscapes_512x1024_20260723_093233
2026/07/23 14:15:28 - mmengine - INFO - Iter(train) [ 45000/160000]  lr: 7.5159e-03  eta: 11:57:36  time: 0.3719  data_time: 0.0454  memory: 8861  loss: 1.2910  decode.loss_ohem: 0.8642  decode.acc_seg: 87.2084  aux_0.loss_ce: 0.4268  aux_0.acc_seg: 85.8697
2026/07/23 14:15:28 - mmengine - INFO - Saving checkpoint at 45000 iterations
2026/07/23 14:15:35 - mmengine - INFO - Iter(val) [100/250]    eta: 0:00:08  time: 0.0560  data_time: 0.0199  memory: 728  
2026/07/23 14:15:41 - mmengine - INFO - Iter(val) [200/250]    eta: 0:00:02  time: 0.0570  data_time: 0.0206  memory: 728  
2026/07/23 14:15:44 - mmengine - INFO - per class results:
2026/07/23 14:15:44 - mmengine - INFO - 
+---------------+-------+-------+
|     Class     |  IoU  |  Acc  |
+---------------+-------+-------+
|      road     | 96.08 | 97.42 |
|    sidewalk   | 72.35 |  85.4 |
|    building   | 76.46 | 83.16 |
|      wall     | 27.09 | 37.13 |
|     fence     | 30.06 | 78.13 |
|      pole     | 38.74 |  46.0 |
| traffic light |  31.0 | 33.56 |
|  traffic sign | 51.89 |  57.0 |
|   vegetation  | 88.13 | 92.77 |
|    terrain    | 53.32 | 69.29 |
|      sky      |  90.4 | 93.72 |
|     person    | 60.56 | 77.17 |
|     rider     | 30.15 | 34.46 |
|      car      | 87.03 | 94.61 |
|     truck     | 32.39 | 57.71 |
|      bus      | 30.13 | 73.12 |
|     train     |  3.49 | 65.27 |
|   motorcycle  |  2.72 |  2.72 |
|    bicycle    | 54.12 | 59.14 |
+---------------+-------+-------+
2026/07/23 14:15:44 - mmengine - INFO - Iter(val) [250/250]    aAcc: 89.5500  mIoU: 50.3200  mAcc: 65.1500  data_time: 0.0209  time: 0.0592
2026/07/23 14:16:21 - mmengine - INFO - Iter(train) [ 45100/160000]  lr: 7.5101e-03  eta: 11:56:58  time: 0.3739  data_time: 0.0460  memory: 8862  loss: 1.1709  decode.loss_ohem: 0.7744  decode.acc_seg: 95.2360  aux_0.loss_ce: 0.3964  aux_0.acc_seg: 92.4734
2026/07/23 14:16:58 - mmengine - INFO - Iter(train) [ 45200/160000]  lr: 7.5042e-03  eta: 11:56:20  time: 0.3720  data_time: 0.0460  memory: 8860  loss: 1.0702  decode.loss_ohem: 0.7244  decode.acc_seg: 92.3209  aux_0.loss_ce: 0.3458  aux_0.acc_seg: 89.1732
2026/07/23 14:17:35 - mmengine - INFO - Iter(train) [ 45300/160000]  lr: 7.4983e-03  eta: 11:55:42  time: 0.3711  data_time: 0.0447  memory: 8862  loss: 1.0284  decode.loss_ohem: 0.6957  decode.acc_seg: 92.1439  aux_0.loss_ce: 0.3327  aux_0.acc_seg: 89.7445
2026/07/23 14:18:12 - mmengine - INFO - Iter(train) [ 45400/160000]  lr: 7.4924e-03  eta: 11:55:04  time: 0.3742  data_time: 0.0469  memory: 8861  loss: 1.0934  decode.loss_ohem: 0.7358  decode.acc_seg: 90.9683  aux_0.loss_ce: 0.3575  aux_0.acc_seg: 88.8100
2026/07/23 14:18:50 - mmengine - INFO - Iter(train) [ 45500/160000]  lr: 7.4866e-03  eta: 11:54:26  time: 0.3724  data_time: 0.0454  memory: 8861  loss: 1.1204  decode.loss_ohem: 0.7468  decode.acc_seg: 91.7033  aux_0.loss_ce: 0.3736  aux_0.acc_seg: 85.4657
2026/07/23 14:19:27 - mmengine - INFO - Iter(train) [ 45600/160000]  lr: 7.4807e-03  eta: 11:53:48  time: 0.3731  data_time: 0.0459  memory: 8862  loss: 1.0862  decode.loss_ohem: 0.7139  decode.acc_seg: 92.0812  aux_0.loss_ce: 0.3723  aux_0.acc_seg: 88.4094
2026/07/23 14:20:04 - mmengine - INFO - Iter(train) [ 45700/160000]  lr: 7.4748e-03  eta: 11:53:10  time: 0.3737  data_time: 0.0469  memory: 8861  loss: 1.1225  decode.loss_ohem: 0.7591  decode.acc_seg: 90.1470  aux_0.loss_ce: 0.3634  aux_0.acc_seg: 84.8239
2026/07/23 14:20:41 - mmengine - INFO - Iter(train) [ 45800/160000]  lr: 7.4689e-03  eta: 11:52:32  time: 0.3709  data_time: 0.0450  memory: 8862  loss: 1.1456  decode.loss_ohem: 0.7762  decode.acc_seg: 89.6407  aux_0.loss_ce: 0.3694  aux_0.acc_seg: 85.8509
2026/07/23 14:21:19 - mmengine - INFO - Iter(train) [ 45900/160000]  lr: 7.4630e-03  eta: 11:51:54  time: 0.3777  data_time: 0.0468  memory: 8863  loss: 1.1332  decode.loss_ohem: 0.7759  decode.acc_seg: 91.4511  aux_0.loss_ce: 0.3573  aux_0.acc_seg: 87.8554
2026/07/23 14:21:56 - mmengine - INFO - Exp name: dsanet_cityscapes_512x1024_20260723_093233
2026/07/23 14:21:56 - mmengine - INFO - Iter(train) [ 46000/160000]  lr: 7.4572e-03  eta: 11:51:16  time: 0.3722  data_time: 0.0461  memory: 8862  loss: 1.1629  decode.loss_ohem: 0.7986  decode.acc_seg: 91.3308  aux_0.loss_ce: 0.3643  aux_0.acc_seg: 89.5887
2026/07/23 14:22:32 - mmengine - INFO - Iter(train) [ 46100/160000]  lr: 7.4513e-03  eta: 11:50:36  time: 0.3704  data_time: 0.0452  memory: 8860  loss: 1.1558  decode.loss_ohem: 0.8026  decode.acc_seg: 86.1548  aux_0.loss_ce: 0.3533  aux_0.acc_seg: 83.7600
2026/07/23 14:23:09 - mmengine - INFO - Iter(train) [ 46200/160000]  lr: 7.4454e-03  eta: 11:49:58  time: 0.3725  data_time: 0.0460  memory: 8860  loss: 1.0634  decode.loss_ohem: 0.7432  decode.acc_seg: 89.5039  aux_0.loss_ce: 0.3203  aux_0.acc_seg: 87.5213
2026/07/23 14:23:46 - mmengine - INFO - Iter(train) [ 46300/160000]  lr: 7.4395e-03  eta: 11:49:20  time: 0.3715  data_time: 0.0451  memory: 8861  loss: 1.2874  decode.loss_ohem: 0.8868  decode.acc_seg: 89.2277  aux_0.loss_ce: 0.4005  aux_0.acc_seg: 82.9590
2026/07/23 14:24:24 - mmengine - INFO - Iter(train) [ 46400/160000]  lr: 7.4336e-03  eta: 11:48:41  time: 0.3711  data_time: 0.0455  memory: 8860  loss: 1.1046  decode.loss_ohem: 0.7278  decode.acc_seg: 93.8571  aux_0.loss_ce: 0.3768  aux_0.acc_seg: 89.7537
2026/07/23 14:25:01 - mmengine - INFO - Iter(train) [ 46500/160000]  lr: 7.4278e-03  eta: 11:48:04  time: 0.3719  data_time: 0.0450  memory: 8862  loss: 1.1551  decode.loss_ohem: 0.7823  decode.acc_seg: 93.9513  aux_0.loss_ce: 0.3728  aux_0.acc_seg: 90.5109
2026/07/23 14:25:38 - mmengine - INFO - Iter(train) [ 46600/160000]  lr: 7.4219e-03  eta: 11:47:26  time: 0.3737  data_time: 0.0470  memory: 8861  loss: 1.2089  decode.loss_ohem: 0.8079  decode.acc_seg: 92.3250  aux_0.loss_ce: 0.4010  aux_0.acc_seg: 89.9777
2026/07/23 14:26:15 - mmengine - INFO - Iter(train) [ 46700/160000]  lr: 7.4160e-03  eta: 11:46:48  time: 0.3706  data_time: 0.0451  memory: 8861  loss: 1.0795  decode.loss_ohem: 0.7535  decode.acc_seg: 92.5075  aux_0.loss_ce: 0.3260  aux_0.acc_seg: 90.2053
2026/07/23 14:26:52 - mmengine - INFO - Iter(train) [ 46800/160000]  lr: 7.4101e-03  eta: 11:46:09  time: 0.3706  data_time: 0.0448  memory: 8862  loss: 1.1700  decode.loss_ohem: 0.7991  decode.acc_seg: 90.5726  aux_0.loss_ce: 0.3710  aux_0.acc_seg: 87.7044
2026/07/23 14:27:29 - mmengine - INFO - Iter(train) [ 46900/160000]  lr: 7.4042e-03  eta: 11:45:31  time: 0.3708  data_time: 0.0451  memory: 8861  loss: 1.1081  decode.loss_ohem: 0.7268  decode.acc_seg: 93.0111  aux_0.loss_ce: 0.3813  aux_0.acc_seg: 90.5360
2026/07/23 14:28:06 - mmengine - INFO - Exp name: dsanet_cityscapes_512x1024_20260723_093233
2026/07/23 14:28:06 - mmengine - INFO - Iter(train) [ 47000/160000]  lr: 7.3983e-03  eta: 11:44:53  time: 0.3745  data_time: 0.0453  memory: 8862  loss: 1.0872  decode.loss_ohem: 0.7349  decode.acc_seg: 86.3712  aux_0.loss_ce: 0.3523  aux_0.acc_seg: 84.4181
2026/07/23 14:28:44 - mmengine - INFO - Iter(train) [ 47100/160000]  lr: 7.3925e-03  eta: 11:44:14  time: 0.3693  data_time: 0.0436  memory: 8862  loss: 1.1864  decode.loss_ohem: 0.7908  decode.acc_seg: 90.8783  aux_0.loss_ce: 0.3956  aux_0.acc_seg: 87.1477
2026/07/23 14:29:20 - mmengine - INFO - Iter(train) [ 47200/160000]  lr: 7.3866e-03  eta: 11:43:36  time: 0.3673  data_time: 0.0431  memory: 8861  loss: 1.1242  decode.loss_ohem: 0.7646  decode.acc_seg: 91.1528  aux_0.loss_ce: 0.3596  aux_0.acc_seg: 88.4304
2026/07/23 14:29:57 - mmengine - INFO - Iter(train) [ 47300/160000]  lr: 7.3807e-03  eta: 11:42:57  time: 0.3668  data_time: 0.0426  memory: 8862  loss: 1.1154  decode.loss_ohem: 0.7763  decode.acc_seg: 91.8154  aux_0.loss_ce: 0.3392  aux_0.acc_seg: 88.2131
2026/07/23 14:30:34 - mmengine - INFO - Iter(train) [ 47400/160000]  lr: 7.3748e-03  eta: 11:42:18  time: 0.3674  data_time: 0.0428  memory: 8861  loss: 1.1461  decode.loss_ohem: 0.7656  decode.acc_seg: 89.6379  aux_0.loss_ce: 0.3805  aux_0.acc_seg: 84.9046
2026/07/23 14:31:11 - mmengine - INFO - Iter(train) [ 47500/160000]  lr: 7.3689e-03  eta: 11:41:39  time: 0.3690  data_time: 0.0444  memory: 8862  loss: 1.1315  decode.loss_ohem: 0.7739  decode.acc_seg: 88.7227  aux_0.loss_ce: 0.3575  aux_0.acc_seg: 86.5891
2026/07/23 14:31:48 - mmengine - INFO - Iter(train) [ 47600/160000]  lr: 7.3630e-03  eta: 11:41:01  time: 0.3686  data_time: 0.0443  memory: 8861  loss: 1.1664  decode.loss_ohem: 0.8006  decode.acc_seg: 89.6539  aux_0.loss_ce: 0.3657  aux_0.acc_seg: 84.2519
2026/07/23 14:32:25 - mmengine - INFO - Iter(train) [ 47700/160000]  lr: 7.3571e-03  eta: 11:40:22  time: 0.3715  data_time: 0.0454  memory: 8860  loss: 1.0808  decode.loss_ohem: 0.7238  decode.acc_seg: 90.7184  aux_0.loss_ce: 0.3570  aux_0.acc_seg: 86.7913
2026/07/23 14:33:02 - mmengine - INFO - Iter(train) [ 47800/160000]  lr: 7.3513e-03  eta: 11:39:44  time: 0.3713  data_time: 0.0451  memory: 8862  loss: 1.1428  decode.loss_ohem: 0.7616  decode.acc_seg: 88.5574  aux_0.loss_ce: 0.3812  aux_0.acc_seg: 86.1121
2026/07/23 14:33:39 - mmengine - INFO - Iter(train) [ 47900/160000]  lr: 7.3454e-03  eta: 11:39:06  time: 0.3712  data_time: 0.0454  memory: 8862  loss: 1.2089  decode.loss_ohem: 0.8216  decode.acc_seg: 92.4084  aux_0.loss_ce: 0.3873  aux_0.acc_seg: 89.3535
2026/07/23 14:34:16 - mmengine - INFO - Exp name: dsanet_cityscapes_512x1024_20260723_093233
2026/07/23 14:34:16 - mmengine - INFO - Iter(train) [ 48000/160000]  lr: 7.3395e-03  eta: 11:38:27  time: 0.3697  data_time: 0.0443  memory: 8861  loss: 1.1560  decode.loss_ohem: 0.8050  decode.acc_seg: 91.0859  aux_0.loss_ce: 0.3510  aux_0.acc_seg: 88.0192
2026/07/23 14:34:53 - mmengine - INFO - Iter(train) [ 48100/160000]  lr: 7.3336e-03  eta: 11:37:49  time: 0.3708  data_time: 0.0448  memory: 8861  loss: 1.1547  decode.loss_ohem: 0.7646  decode.acc_seg: 90.8907  aux_0.loss_ce: 0.3901  aux_0.acc_seg: 85.6705
2026/07/23 14:35:30 - mmengine - INFO - Iter(train) [ 48200/160000]  lr: 7.3277e-03  eta: 11:37:11  time: 0.3708  data_time: 0.0453  memory: 8861  loss: 1.0681  decode.loss_ohem: 0.7528  decode.acc_seg: 93.1341  aux_0.loss_ce: 0.3154  aux_0.acc_seg: 89.5400
2026/07/23 14:36:07 - mmengine - INFO - Iter(train) [ 48300/160000]  lr: 7.3218e-03  eta: 11:36:33  time: 0.3708  data_time: 0.0454  memory: 8862  loss: 1.0976  decode.loss_ohem: 0.7356  decode.acc_seg: 90.4615  aux_0.loss_ce: 0.3621  aux_0.acc_seg: 85.6962
2026/07/23 14:36:44 - mmengine - INFO - Iter(train) [ 48400/160000]  lr: 7.3159e-03  eta: 11:35:55  time: 0.3710  data_time: 0.0444  memory: 8861  loss: 1.0846  decode.loss_ohem: 0.7356  decode.acc_seg: 90.7169  aux_0.loss_ce: 0.3490  aux_0.acc_seg: 86.4789
2026/07/23 14:37:22 - mmengine - INFO - Iter(train) [ 48500/160000]  lr: 7.3100e-03  eta: 11:35:17  time: 0.3707  data_time: 0.0447  memory: 8861  loss: 1.1922  decode.loss_ohem: 0.8198  decode.acc_seg: 90.1777  aux_0.loss_ce: 0.3724  aux_0.acc_seg: 85.9668
2026/07/23 14:37:58 - mmengine - INFO - Iter(train) [ 48600/160000]  lr: 7.3041e-03  eta: 11:34:38  time: 0.3702  data_time: 0.0447  memory: 8860  loss: 1.1431  decode.loss_ohem: 0.7801  decode.acc_seg: 84.6773  aux_0.loss_ce: 0.3630  aux_0.acc_seg: 81.6822
2026/07/23 14:38:36 - mmengine - INFO - Iter(train) [ 48700/160000]  lr: 7.2982e-03  eta: 11:34:00  time: 0.3719  data_time: 0.0451  memory: 8862  loss: 1.1121  decode.loss_ohem: 0.7690  decode.acc_seg: 88.7717  aux_0.loss_ce: 0.3432  aux_0.acc_seg: 86.9907
2026/07/23 14:39:13 - mmengine - INFO - Iter(train) [ 48800/160000]  lr: 7.2923e-03  eta: 11:33:21  time: 0.3703  data_time: 0.0455  memory: 8862  loss: 1.0676  decode.loss_ohem: 0.7271  decode.acc_seg: 93.1960  aux_0.loss_ce: 0.3405  aux_0.acc_seg: 90.3782
2026/07/23 14:39:50 - mmengine - INFO - Iter(train) [ 48900/160000]  lr: 7.2864e-03  eta: 11:32:44  time: 0.3720  data_time: 0.0451  memory: 8860  loss: 1.1181  decode.loss_ohem: 0.7491  decode.acc_seg: 91.8368  aux_0.loss_ce: 0.3690  aux_0.acc_seg: 85.9673
2026/07/23 14:40:27 - mmengine - INFO - Exp name: dsanet_cityscapes_512x1024_20260723_093233
2026/07/23 14:40:27 - mmengine - INFO - Iter(train) [ 49000/160000]  lr: 7.2805e-03  eta: 11:32:06  time: 0.3779  data_time: 0.0451  memory: 8861  loss: 1.0706  decode.loss_ohem: 0.7557  decode.acc_seg: 89.2548  aux_0.loss_ce: 0.3150  aux_0.acc_seg: 83.3495
2026/07/23 14:41:04 - mmengine - INFO - Iter(train) [ 49100/160000]  lr: 7.2747e-03  eta: 11:31:28  time: 0.3648  data_time: 0.0453  memory: 8859  loss: 1.1096  decode.loss_ohem: 0.7577  decode.acc_seg: 90.2495  aux_0.loss_ce: 0.3519  aux_0.acc_seg: 87.2337
2026/07/23 14:41:41 - mmengine - INFO - Iter(train) [ 49200/160000]  lr: 7.2688e-03  eta: 11:30:50  time: 0.3704  data_time: 0.0450  memory: 8861  loss: 1.1624  decode.loss_ohem: 0.8050  decode.acc_seg: 92.1242  aux_0.loss_ce: 0.3574  aux_0.acc_seg: 87.4029
2026/07/23 14:42:18 - mmengine - INFO - Iter(train) [ 49300/160000]  lr: 7.2629e-03  eta: 11:30:12  time: 0.3717  data_time: 0.0452  memory: 8862  loss: 1.1624  decode.loss_ohem: 0.7804  decode.acc_seg: 90.2692  aux_0.loss_ce: 0.3819  aux_0.acc_seg: 87.6030
2026/07/23 14:42:56 - mmengine - INFO - Iter(train) [ 49400/160000]  lr: 7.2570e-03  eta: 11:29:34  time: 0.3719  data_time: 0.0445  memory: 8861  loss: 1.1059  decode.loss_ohem: 0.7611  decode.acc_seg: 90.7005  aux_0.loss_ce: 0.3447  aux_0.acc_seg: 86.7915
2026/07/23 14:43:33 - mmengine - INFO - Iter(train) [ 49500/160000]  lr: 7.2511e-03  eta: 11:28:56  time: 0.3740  data_time: 0.0467  memory: 8862  loss: 1.0623  decode.loss_ohem: 0.7260  decode.acc_seg: 92.4553  aux_0.loss_ce: 0.3363  aux_0.acc_seg: 90.0072
2026/07/23 14:44:10 - mmengine - INFO - Iter(train) [ 49600/160000]  lr: 7.2452e-03  eta: 11:28:18  time: 0.3744  data_time: 0.0469  memory: 8860  loss: 1.1010  decode.loss_ohem: 0.7645  decode.acc_seg: 92.3522  aux_0.loss_ce: 0.3365  aux_0.acc_seg: 89.9263
2026/07/23 14:44:47 - mmengine - INFO - Iter(train) [ 49700/160000]  lr: 7.2393e-03  eta: 11:27:40  time: 0.3714  data_time: 0.0454  memory: 8861  loss: 1.2335  decode.loss_ohem: 0.8366  decode.acc_seg: 91.8292  aux_0.loss_ce: 0.3969  aux_0.acc_seg: 86.7476
2026/07/23 14:45:25 - mmengine - INFO - Iter(train) [ 49800/160000]  lr: 7.2334e-03  eta: 11:27:02  time: 0.3716  data_time: 0.0455  memory: 8860  loss: 1.0706  decode.loss_ohem: 0.7290  decode.acc_seg: 92.1634  aux_0.loss_ce: 0.3416  aux_0.acc_seg: 89.3756
2026/07/23 14:46:02 - mmengine - INFO - Iter(train) [ 49900/160000]  lr: 7.2275e-03  eta: 11:26:24  time: 0.3709  data_time: 0.0449  memory: 8860  loss: 1.1256  decode.loss_ohem: 0.7582  decode.acc_seg: 92.4091  aux_0.loss_ce: 0.3674  aux_0.acc_seg: 89.0565
2026/07/23 14:46:39 - mmengine - INFO - Exp name: dsanet_cityscapes_512x1024_20260723_093233
2026/07/23 14:46:39 - mmengine - INFO - Iter(train) [ 50000/160000]  lr: 7.2216e-03  eta: 11:25:47  time: 0.3721  data_time: 0.0452  memory: 8861  loss: 1.1185  decode.loss_ohem: 0.7608  decode.acc_seg: 92.0974  aux_0.loss_ce: 0.3578  aux_0.acc_seg: 88.0816
2026/07/23 14:46:39 - mmengine - INFO - Saving checkpoint at 50000 iterations
2026/07/23 14:46:45 - mmengine - INFO - Iter(val) [100/250]    eta: 0:00:08  time: 0.0550  data_time: 0.0194  memory: 728  
2026/07/23 14:46:51 - mmengine - INFO - Iter(val) [200/250]    eta: 0:00:02  time: 0.0576  data_time: 0.0207  memory: 728  
2026/07/23 14:46:54 - mmengine - INFO - per class results:
2026/07/23 14:46:54 - mmengine - INFO - 
+---------------+-------+-------+
|     Class     |  IoU  |  Acc  |
+---------------+-------+-------+
|      road     | 96.77 | 98.09 |
|    sidewalk   | 76.29 | 89.64 |
|    building   |  88.6 | 94.62 |
|      wall     | 23.96 | 25.51 |
|     fence     | 43.56 | 60.93 |
|      pole     | 48.17 | 57.74 |
| traffic light | 43.21 | 49.81 |
|  traffic sign | 62.88 | 70.88 |
|   vegetation  | 89.46 | 95.54 |
|    terrain    | 49.63 | 56.57 |
|      sky      | 92.35 | 96.81 |
|     person    | 69.06 | 86.51 |
|     rider     |  45.3 |  66.3 |
|      car      | 90.19 | 96.28 |
|     truck     | 48.47 | 60.24 |
|      bus      | 63.23 | 70.07 |
|     train     |  51.7 | 65.05 |
|   motorcycle  | 40.22 | 53.96 |
|    bicycle    | 64.31 | 81.78 |
+---------------+-------+-------+
2026/07/23 14:46:54 - mmengine - INFO - Iter(val) [250/250]    aAcc: 93.5800  mIoU: 62.4900  mAcc: 72.4400  data_time: 0.0210  time: 0.0572
2026/07/23 14:46:54 - mmengine - INFO - The previous best checkpoint /root/autodl-tmp/DSANet-main/tools/work_dirs/dsanet_cityscapes_512x1024/best_mIoU_iter_40000.pth is removed
2026/07/23 14:46:54 - mmengine - INFO - The best checkpoint with 62.4900 mIoU at 50000 iter is saved to best_mIoU_iter_50000.pth.
2026/07/23 14:47:32 - mmengine - INFO - Iter(train) [ 50100/160000]  lr: 7.2157e-03  eta: 11:25:11  time: 0.3732  data_time: 0.0467  memory: 8862  loss: 1.0962  decode.loss_ohem: 0.7314  decode.acc_seg: 92.2117  aux_0.loss_ce: 0.3648  aux_0.acc_seg: 88.3535
2026/07/23 14:48:09 - mmengine - INFO - Iter(train) [ 50200/160000]  lr: 7.2098e-03  eta: 11:24:33  time: 0.3708  data_time: 0.0451  memory: 8861  loss: 1.0569  decode.loss_ohem: 0.7179  decode.acc_seg: 91.9128  aux_0.loss_ce: 0.3391  aux_0.acc_seg: 88.9575
2026/07/23 14:48:47 - mmengine - INFO - Iter(train) [ 50300/160000]  lr: 7.2039e-03  eta: 11:23:55  time: 0.3715  data_time: 0.0451  memory: 8861  loss: 1.1685  decode.loss_ohem: 0.8029  decode.acc_seg: 89.5482  aux_0.loss_ce: 0.3656  aux_0.acc_seg: 86.8055
2026/07/23 14:49:24 - mmengine - INFO - Iter(train) [ 50400/160000]  lr: 7.1980e-03  eta: 11:23:17  time: 0.3723  data_time: 0.0460  memory: 8862  loss: 1.1146  decode.loss_ohem: 0.7672  decode.acc_seg: 92.3051  aux_0.loss_ce: 0.3474  aux_0.acc_seg: 89.1563
2026/07/23 14:50:01 - mmengine - INFO - Iter(train) [ 50500/160000]  lr: 7.1921e-03  eta: 11:22:40  time: 0.3721  data_time: 0.0454  memory: 8860  loss: 1.1771  decode.loss_ohem: 0.8028  decode.acc_seg: 92.8039  aux_0.loss_ce: 0.3743  aux_0.acc_seg: 89.1695
2026/07/23 14:50:38 - mmengine - INFO - Iter(train) [ 50600/160000]  lr: 7.1862e-03  eta: 11:22:02  time: 0.3711  data_time: 0.0458  memory: 8859  loss: 1.1122  decode.loss_ohem: 0.7615  decode.acc_seg: 91.3096  aux_0.loss_ce: 0.3507  aux_0.acc_seg: 86.8689
2026/07/23 14:51:15 - mmengine - INFO - Iter(train) [ 50700/160000]  lr: 7.1803e-03  eta: 11:21:24  time: 0.3720  data_time: 0.0453  memory: 8862  loss: 1.0525  decode.loss_ohem: 0.7142  decode.acc_seg: 88.5850  aux_0.loss_ce: 0.3382  aux_0.acc_seg: 85.5356
2026/07/23 14:51:53 - mmengine - INFO - Iter(train) [ 50800/160000]  lr: 7.1744e-03  eta: 11:20:46  time: 0.3735  data_time: 0.0464  memory: 8862  loss: 1.0798  decode.loss_ohem: 0.7302  decode.acc_seg: 92.5827  aux_0.loss_ce: 0.3496  aux_0.acc_seg: 88.8018
2026/07/23 14:52:30 - mmengine - INFO - Iter(train) [ 50900/160000]  lr: 7.1684e-03  eta: 11:20:08  time: 0.3721  data_time: 0.0452  memory: 8860  loss: 1.0858  decode.loss_ohem: 0.7312  decode.acc_seg: 92.0190  aux_0.loss_ce: 0.3547  aux_0.acc_seg: 88.6643
2026/07/23 14:53:07 - mmengine - INFO - Exp name: dsanet_cityscapes_512x1024_20260723_093233
2026/07/23 14:53:07 - mmengine - INFO - Iter(train) [ 51000/160000]  lr: 7.1625e-03  eta: 11:19:30  time: 0.3724  data_time: 0.0454  memory: 8860  loss: 1.0756  decode.loss_ohem: 0.7044  decode.acc_seg: 90.9707  aux_0.loss_ce: 0.3713  aux_0.acc_seg: 88.7867
2026/07/23 14:53:44 - mmengine - INFO - Iter(train) [ 51100/160000]  lr: 7.1566e-03  eta: 11:18:52  time: 0.3718  data_time: 0.0456  memory: 8862  loss: 1.2124  decode.loss_ohem: 0.8172  decode.acc_seg: 89.2395  aux_0.loss_ce: 0.3953  aux_0.acc_seg: 86.1693
2026/07/23 14:54:22 - mmengine - INFO - Iter(train) [ 51200/160000]  lr: 7.1507e-03  eta: 11:18:15  time: 0.3731  data_time: 0.0458  memory: 8861  loss: 1.2127  decode.loss_ohem: 0.8268  decode.acc_seg: 91.7544  aux_0.loss_ce: 0.3859  aux_0.acc_seg: 89.9116
2026/07/23 14:54:59 - mmengine - INFO - Iter(train) [ 51300/160000]  lr: 7.1448e-03  eta: 11:17:37  time: 0.3717  data_time: 0.0457  memory: 8860  loss: 1.0715  decode.loss_ohem: 0.7544  decode.acc_seg: 94.0424  aux_0.loss_ce: 0.3170  aux_0.acc_seg: 91.3095
2026/07/23 14:55:36 - mmengine - INFO - Iter(train) [ 51400/160000]  lr: 7.1389e-03  eta: 11:16:59  time: 0.3735  data_time: 0.0434  memory: 8861  loss: 1.1794  decode.loss_ohem: 0.8200  decode.acc_seg: 89.1214  aux_0.loss_ce: 0.3595  aux_0.acc_seg: 83.6694
2026/07/23 14:56:13 - mmengine - INFO - Iter(train) [ 51500/160000]  lr: 7.1330e-03  eta: 11:16:21  time: 0.3692  data_time: 0.0440  memory: 8859  loss: 1.1484  decode.loss_ohem: 0.7935  decode.acc_seg: 91.0795  aux_0.loss_ce: 0.3549  aux_0.acc_seg: 86.7313
2026/07/23 14:56:50 - mmengine - INFO - Iter(train) [ 51600/160000]  lr: 7.1271e-03  eta: 11:15:43  time: 0.3697  data_time: 0.0443  memory: 8860  loss: 1.1246  decode.loss_ohem: 0.7665  decode.acc_seg: 90.4298  aux_0.loss_ce: 0.3582  aux_0.acc_seg: 86.3807
2026/07/23 14:57:27 - mmengine - INFO - Iter(train) [ 51700/160000]  lr: 7.1212e-03  eta: 11:15:04  time: 0.3691  data_time: 0.0447  memory: 8862  loss: 1.1228  decode.loss_ohem: 0.7802  decode.acc_seg: 91.8060  aux_0.loss_ce: 0.3425  aux_0.acc_seg: 89.1007
2026/07/23 14:58:04 - mmengine - INFO - Iter(train) [ 51800/160000]  lr: 7.1153e-03  eta: 11:14:26  time: 0.3711  data_time: 0.0452  memory: 8859  loss: 1.1171  decode.loss_ohem: 0.7818  decode.acc_seg: 91.0760  aux_0.loss_ce: 0.3353  aux_0.acc_seg: 86.2103
2026/07/23 14:58:41 - mmengine - INFO - Iter(train) [ 51900/160000]  lr: 7.1094e-03  eta: 11:13:48  time: 0.3730  data_time: 0.0463  memory: 8860  loss: 1.0550  decode.loss_ohem: 0.7225  decode.acc_seg: 88.2053  aux_0.loss_ce: 0.3325  aux_0.acc_seg: 84.4059
2026/07/23 14:59:18 - mmengine - INFO - Exp name: dsanet_cityscapes_512x1024_20260723_093233
2026/07/23 14:59:18 - mmengine - INFO - Iter(train) [ 52000/160000]  lr: 7.1035e-03  eta: 11:13:10  time: 0.3719  data_time: 0.0456  memory: 8861  loss: 1.0883  decode.loss_ohem: 0.7258  decode.acc_seg: 91.7895  aux_0.loss_ce: 0.3625  aux_0.acc_seg: 88.7420
2026/07/23 14:59:55 - mmengine - INFO - Iter(train) [ 52100/160000]  lr: 7.0975e-03  eta: 11:12:32  time: 0.3706  data_time: 0.0453  memory: 8860  loss: 1.1356  decode.loss_ohem: 0.7797  decode.acc_seg: 91.2327  aux_0.loss_ce: 0.3559  aux_0.acc_seg: 88.7541
2026/07/23 15:00:32 - mmengine - INFO - Iter(train) [ 52200/160000]  lr: 7.0916e-03  eta: 11:11:54  time: 0.3708  data_time: 0.0452  memory: 8861  loss: 1.1495  decode.loss_ohem: 0.7727  decode.acc_seg: 93.3329  aux_0.loss_ce: 0.3768  aux_0.acc_seg: 90.6641
2026/07/23 15:01:10 - mmengine - INFO - Iter(train) [ 52300/160000]  lr: 7.0857e-03  eta: 11:11:16  time: 0.3719  data_time: 0.0449  memory: 8861  loss: 1.0967  decode.loss_ohem: 0.7340  decode.acc_seg: 91.4582  aux_0.loss_ce: 0.3627  aux_0.acc_seg: 87.7340
2026/07/23 15:01:47 - mmengine - INFO - Iter(train) [ 52400/160000]  lr: 7.0798e-03  eta: 11:10:39  time: 0.3720  data_time: 0.0452  memory: 8860  loss: 1.0996  decode.loss_ohem: 0.7435  decode.acc_seg: 90.1175  aux_0.loss_ce: 0.3562  aux_0.acc_seg: 85.2765
2026/07/23 15:02:24 - mmengine - INFO - Iter(train) [ 52500/160000]  lr: 7.0739e-03  eta: 11:10:01  time: 0.3712  data_time: 0.0456  memory: 8859  loss: 1.2350  decode.loss_ohem: 0.8474  decode.acc_seg: 88.1171  aux_0.loss_ce: 0.3876  aux_0.acc_seg: 82.2942
2026/07/23 15:03:01 - mmengine - INFO - Iter(train) [ 52600/160000]  lr: 7.0680e-03  eta: 11:09:23  time: 0.3705  data_time: 0.0448  memory: 8859  loss: 1.1588  decode.loss_ohem: 0.7940  decode.acc_seg: 92.0844  aux_0.loss_ce: 0.3649  aux_0.acc_seg: 90.6261
2026/07/23 15:03:38 - mmengine - INFO - Iter(train) [ 52700/160000]  lr: 7.0621e-03  eta: 11:08:45  time: 0.3750  data_time: 0.0476  memory: 8860  loss: 1.2287  decode.loss_ohem: 0.8225  decode.acc_seg: 85.3043  aux_0.loss_ce: 0.4062  aux_0.acc_seg: 81.1661
2026/07/23 15:04:16 - mmengine - INFO - Iter(train) [ 52800/160000]  lr: 7.0562e-03  eta: 11:08:07  time: 0.3722  data_time: 0.0459  memory: 8860  loss: 1.0530  decode.loss_ohem: 0.7192  decode.acc_seg: 93.0449  aux_0.loss_ce: 0.3338  aux_0.acc_seg: 86.3174
2026/07/23 15:04:53 - mmengine - INFO - Iter(train) [ 52900/160000]  lr: 7.0502e-03  eta: 11:07:30  time: 0.3790  data_time: 0.0456  memory: 8860  loss: 1.1158  decode.loss_ohem: 0.7459  decode.acc_seg: 89.4767  aux_0.loss_ce: 0.3699  aux_0.acc_seg: 86.7518
2026/07/23 15:05:30 - mmengine - INFO - Exp name: dsanet_cityscapes_512x1024_20260723_093233
2026/07/23 15:05:30 - mmengine - INFO - Iter(train) [ 53000/160000]  lr: 7.0443e-03  eta: 11:06:52  time: 0.3717  data_time: 0.0455  memory: 8861  loss: 1.1791  decode.loss_ohem: 0.8163  decode.acc_seg: 91.4994  aux_0.loss_ce: 0.3628  aux_0.acc_seg: 83.9466
2026/07/23 15:06:07 - mmengine - INFO - Iter(train) [ 53100/160000]  lr: 7.0384e-03  eta: 11:06:14  time: 0.3714  data_time: 0.0463  memory: 8862  loss: 1.1126  decode.loss_ohem: 0.7790  decode.acc_seg: 92.0788  aux_0.loss_ce: 0.3336  aux_0.acc_seg: 89.9150
2026/07/23 15:06:45 - mmengine - INFO - Iter(train) [ 53200/160000]  lr: 7.0325e-03  eta: 11:05:36  time: 0.3717  data_time: 0.0461  memory: 8859  loss: 1.1018  decode.loss_ohem: 0.7559  decode.acc_seg: 93.2214  aux_0.loss_ce: 0.3460  aux_0.acc_seg: 89.1448
2026/07/23 15:07:22 - mmengine - INFO - Iter(train) [ 53300/160000]  lr: 7.0266e-03  eta: 11:04:59  time: 0.3709  data_time: 0.0448  memory: 8861  loss: 1.0765  decode.loss_ohem: 0.7103  decode.acc_seg: 91.4289  aux_0.loss_ce: 0.3662  aux_0.acc_seg: 88.4879
2026/07/23 15:07:59 - mmengine - INFO - Iter(train) [ 53400/160000]  lr: 7.0206e-03  eta: 11:04:21  time: 0.3717  data_time: 0.0453  memory: 8861  loss: 1.0738  decode.loss_ohem: 0.7338  decode.acc_seg: 90.4856  aux_0.loss_ce: 0.3400  aux_0.acc_seg: 88.8461
2026/07/23 15:08:36 - mmengine - INFO - Iter(train) [ 53500/160000]  lr: 7.0147e-03  eta: 11:03:43  time: 0.3725  data_time: 0.0459  memory: 8861  loss: 1.1965  decode.loss_ohem: 0.8085  decode.acc_seg: 89.9856  aux_0.loss_ce: 0.3880  aux_0.acc_seg: 85.5878
2026/07/23 15:09:13 - mmengine - INFO - Iter(train) [ 53600/160000]  lr: 7.0088e-03  eta: 11:03:05  time: 0.3718  data_time: 0.0453  memory: 8860  loss: 1.1576  decode.loss_ohem: 0.7889  decode.acc_seg: 91.7578  aux_0.loss_ce: 0.3687  aux_0.acc_seg: 88.4252
2026/07/23 15:09:51 - mmengine - INFO - Iter(train) [ 53700/160000]  lr: 7.0029e-03  eta: 11:02:28  time: 0.3724  data_time: 0.0454  memory: 8861  loss: 1.2470  decode.loss_ohem: 0.8283  decode.acc_seg: 90.1133  aux_0.loss_ce: 0.4188  aux_0.acc_seg: 79.7572
2026/07/23 15:10:28 - mmengine - INFO - Iter(train) [ 53800/160000]  lr: 6.9970e-03  eta: 11:01:50  time: 0.3707  data_time: 0.0455  memory: 8862  loss: 1.1394  decode.loss_ohem: 0.8128  decode.acc_seg: 92.8800  aux_0.loss_ce: 0.3267  aux_0.acc_seg: 89.6025
2026/07/23 15:11:05 - mmengine - INFO - Iter(train) [ 53900/160000]  lr: 6.9910e-03  eta: 11:01:12  time: 0.3749  data_time: 0.0468  memory: 8860  loss: 1.2357  decode.loss_ohem: 0.8376  decode.acc_seg: 85.3483  aux_0.loss_ce: 0.3981  aux_0.acc_seg: 80.7985
2026/07/23 15:11:42 - mmengine - INFO - Exp name: dsanet_cityscapes_512x1024_20260723_093233
2026/07/23 15:11:42 - mmengine - INFO - Iter(train) [ 54000/160000]  lr: 6.9851e-03  eta: 11:00:34  time: 0.3725  data_time: 0.0450  memory: 8861  loss: 1.1389  decode.loss_ohem: 0.7578  decode.acc_seg: 92.2474  aux_0.loss_ce: 0.3811  aux_0.acc_seg: 88.5665
2026/07/23 15:12:19 - mmengine - INFO - Iter(train) [ 54100/160000]  lr: 6.9792e-03  eta: 10:59:56  time: 0.3720  data_time: 0.0455  memory: 8860  loss: 1.1415  decode.loss_ohem: 0.7898  decode.acc_seg: 91.3583  aux_0.loss_ce: 0.3517  aux_0.acc_seg: 88.3803
2026/07/23 15:12:57 - mmengine - INFO - Iter(train) [ 54200/160000]  lr: 6.9733e-03  eta: 10:59:19  time: 0.3732  data_time: 0.0463  memory: 8860  loss: 1.2308  decode.loss_ohem: 0.8146  decode.acc_seg: 91.4437  aux_0.loss_ce: 0.4162  aux_0.acc_seg: 88.1249
2026/07/23 15:13:34 - mmengine - INFO - Iter(train) [ 54300/160000]  lr: 6.9674e-03  eta: 10:58:41  time: 0.3703  data_time: 0.0449  memory: 8861  loss: 1.0848  decode.loss_ohem: 0.7351  decode.acc_seg: 94.1686  aux_0.loss_ce: 0.3497  aux_0.acc_seg: 91.6486
2026/07/23 15:14:11 - mmengine - INFO - Iter(train) [ 54400/160000]  lr: 6.9614e-03  eta: 10:58:03  time: 0.3712  data_time: 0.0456  memory: 8861  loss: 1.1502  decode.loss_ohem: 0.7914  decode.acc_seg: 88.7245  aux_0.loss_ce: 0.3589  aux_0.acc_seg: 83.8535
2026/07/23 15:14:48 - mmengine - INFO - Iter(train) [ 54500/160000]  lr: 6.9555e-03  eta: 10:57:25  time: 0.3697  data_time: 0.0448  memory: 8860  loss: 1.1062  decode.loss_ohem: 0.7628  decode.acc_seg: 91.0013  aux_0.loss_ce: 0.3434  aux_0.acc_seg: 87.0902
2026/07/23 15:15:25 - mmengine - INFO - Iter(train) [ 54600/160000]  lr: 6.9496e-03  eta: 10:56:47  time: 0.3718  data_time: 0.0453  memory: 8860  loss: 1.0688  decode.loss_ohem: 0.7382  decode.acc_seg: 93.4761  aux_0.loss_ce: 0.3305  aux_0.acc_seg: 90.7966
2026/07/23 15:16:02 - mmengine - INFO - Iter(train) [ 54700/160000]  lr: 6.9437e-03  eta: 10:56:10  time: 0.3721  data_time: 0.0455  memory: 8860  loss: 1.1135  decode.loss_ohem: 0.7593  decode.acc_seg: 92.5916  aux_0.loss_ce: 0.3541  aux_0.acc_seg: 88.4384
2026/07/23 15:16:40 - mmengine - INFO - Iter(train) [ 54800/160000]  lr: 6.9377e-03  eta: 10:55:32  time: 0.3752  data_time: 0.0456  memory: 8859  loss: 1.1651  decode.loss_ohem: 0.7924  decode.acc_seg: 91.8166  aux_0.loss_ce: 0.3727  aux_0.acc_seg: 88.7972
2026/07/23 15:17:17 - mmengine - INFO - Iter(train) [ 54900/160000]  lr: 6.9318e-03  eta: 10:54:54  time: 0.3712  data_time: 0.0461  memory: 8862  loss: 1.0649  decode.loss_ohem: 0.7374  decode.acc_seg: 87.9792  aux_0.loss_ce: 0.3275  aux_0.acc_seg: 84.0858
2026/07/23 15:17:54 - mmengine - INFO - Exp name: dsanet_cityscapes_512x1024_20260723_093233
2026/07/23 15:17:54 - mmengine - INFO - Iter(train) [ 55000/160000]  lr: 6.9259e-03  eta: 10:54:17  time: 0.3753  data_time: 0.0474  memory: 8861  loss: 1.0567  decode.loss_ohem: 0.7221  decode.acc_seg: 92.1977  aux_0.loss_ce: 0.3345  aux_0.acc_seg: 87.6829
2026/07/23 15:17:54 - mmengine - INFO - Saving checkpoint at 55000 iterations
2026/07/23 15:18:01 - mmengine - INFO - Iter(val) [100/250]    eta: 0:00:08  time: 0.0528  data_time: 0.0186  memory: 728  
2026/07/23 15:18:06 - mmengine - INFO - Iter(val) [200/250]    eta: 0:00:02  time: 0.0566  data_time: 0.0202  memory: 728  
2026/07/23 15:18:09 - mmengine - INFO - per class results:
2026/07/23 15:18:09 - mmengine - INFO - 
+---------------+-------+-------+
|     Class     |  IoU  |  Acc  |
+---------------+-------+-------+
|      road     | 96.71 |  97.9 |
|    sidewalk   | 75.83 |  89.1 |
|    building   |  87.9 | 93.17 |
|      wall     | 27.59 | 29.16 |
|     fence     | 42.79 |  53.5 |
|      pole     |  48.3 | 57.71 |
| traffic light | 45.03 | 51.05 |
|  traffic sign | 62.31 | 69.37 |
|   vegetation  | 88.99 | 96.71 |
|    terrain    |  55.9 | 72.12 |
|      sky      | 90.64 | 96.04 |
|     person    | 69.11 | 88.54 |
|     rider     | 44.36 | 57.78 |
|      car      | 90.64 | 96.89 |
|     truck     | 51.47 | 63.97 |
|      bus      | 68.03 | 77.19 |
|     train     | 49.06 | 72.12 |
|   motorcycle  | 29.78 | 32.42 |
|    bicycle    | 65.04 | 78.43 |
+---------------+-------+-------+
2026/07/23 15:18:09 - mmengine - INFO - Iter(val) [250/250]    aAcc: 93.4800  mIoU: 62.6000  mAcc: 72.2700  data_time: 0.0203  time: 0.0555
2026/07/23 15:18:09 - mmengine - INFO - The previous best checkpoint /root/autodl-tmp/DSANet-main/tools/work_dirs/dsanet_cityscapes_512x1024/best_mIoU_iter_50000.pth is removed
2026/07/23 15:18:09 - mmengine - INFO - The best checkpoint with 62.6000 mIoU at 55000 iter is saved to best_mIoU_iter_55000.pth.
2026/07/23 15:18:47 - mmengine - INFO - Iter(train) [ 55100/160000]  lr: 6.9199e-03  eta: 10:53:41  time: 0.3796  data_time: 0.0481  memory: 8862  loss: 1.0521  decode.loss_ohem: 0.7212  decode.acc_seg: 92.1313  aux_0.loss_ce: 0.3308  aux_0.acc_seg: 87.6198
2026/07/23 15:19:24 - mmengine - INFO - Iter(train) [ 55200/160000]  lr: 6.9140e-03  eta: 10:53:03  time: 0.3755  data_time: 0.0465  memory: 8861  loss: 1.0593  decode.loss_ohem: 0.7190  decode.acc_seg: 90.5786  aux_0.loss_ce: 0.3404  aux_0.acc_seg: 86.1278
2026/07/23 15:20:01 - mmengine - INFO - Iter(train) [ 55300/160000]  lr: 6.9081e-03  eta: 10:52:25  time: 0.3724  data_time: 0.0474  memory: 8861  loss: 1.1387  decode.loss_ohem: 0.7582  decode.acc_seg: 90.3542  aux_0.loss_ce: 0.3805  aux_0.acc_seg: 85.6709
2026/07/23 15:20:39 - mmengine - INFO - Iter(train) [ 55400/160000]  lr: 6.9022e-03  eta: 10:51:48  time: 0.3731  data_time: 0.0461  memory: 8861  loss: 1.1690  decode.loss_ohem: 0.8239  decode.acc_seg: 85.5162  aux_0.loss_ce: 0.3450  aux_0.acc_seg: 80.2413
2026/07/23 15:21:16 - mmengine - INFO - Iter(train) [ 55500/160000]  lr: 6.8962e-03  eta: 10:51:10  time: 0.3730  data_time: 0.0466  memory: 8860  loss: 1.1608  decode.loss_ohem: 0.7839  decode.acc_seg: 92.2762  aux_0.loss_ce: 0.3769  aux_0.acc_seg: 89.7453
2026/07/23 15:21:53 - mmengine - INFO - Iter(train) [ 55600/160000]  lr: 6.8903e-03  eta: 10:50:33  time: 0.3734  data_time: 0.0464  memory: 8861  loss: 1.1246  decode.loss_ohem: 0.7896  decode.acc_seg: 90.1857  aux_0.loss_ce: 0.3350  aux_0.acc_seg: 87.4612
2026/07/23 15:22:31 - mmengine - INFO - Iter(train) [ 55700/160000]  lr: 6.8844e-03  eta: 10:49:55  time: 0.3718  data_time: 0.0460  memory: 8861  loss: 1.1303  decode.loss_ohem: 0.7708  decode.acc_seg: 89.0398  aux_0.loss_ce: 0.3594  aux_0.acc_seg: 84.9759
2026/07/23 15:23:08 - mmengine - INFO - Iter(train) [ 55800/160000]  lr: 6.8784e-03  eta: 10:49:17  time: 0.3723  data_time: 0.0460  memory: 8862  loss: 1.1385  decode.loss_ohem: 0.7803  decode.acc_seg: 90.2317  aux_0.loss_ce: 0.3582  aux_0.acc_seg: 87.5756
2026/07/23 15:23:45 - mmengine - INFO - Iter(train) [ 55900/160000]  lr: 6.8725e-03  eta: 10:48:39  time: 0.3705  data_time: 0.0453  memory: 8860  loss: 1.1962  decode.loss_ohem: 0.8145  decode.acc_seg: 89.9197  aux_0.loss_ce: 0.3817  aux_0.acc_seg: 86.9020
2026/07/23 15:24:22 - mmengine - INFO - Exp name: dsanet_cityscapes_512x1024_20260723_093233
2026/07/23 15:24:22 - mmengine - INFO - Iter(train) [ 56000/160000]  lr: 6.8666e-03  eta: 10:48:01  time: 0.3702  data_time: 0.0451  memory: 8861  loss: 1.1520  decode.loss_ohem: 0.7983  decode.acc_seg: 92.8466  aux_0.loss_ce: 0.3538  aux_0.acc_seg: 89.7285
2026/07/23 15:25:00 - mmengine - INFO - Iter(train) [ 56100/160000]  lr: 6.8606e-03  eta: 10:47:24  time: 0.3747  data_time: 0.0470  memory: 8860  loss: 1.1478  decode.loss_ohem: 0.7973  decode.acc_seg: 91.6925  aux_0.loss_ce: 0.3506  aux_0.acc_seg: 89.1031
2026/07/23 15:25:37 - mmengine - INFO - Iter(train) [ 56200/160000]  lr: 6.8547e-03  eta: 10:46:46  time: 0.3714  data_time: 0.0452  memory: 8860  loss: 1.1174  decode.loss_ohem: 0.7902  decode.acc_seg: 94.1106  aux_0.loss_ce: 0.3272  aux_0.acc_seg: 90.6383
2026/07/23 15:26:14 - mmengine - INFO - Iter(train) [ 56300/160000]  lr: 6.8488e-03  eta: 10:46:08  time: 0.3718  data_time: 0.0450  memory: 8861  loss: 1.2316  decode.loss_ohem: 0.7879  decode.acc_seg: 87.7901  aux_0.loss_ce: 0.4437  aux_0.acc_seg: 81.8096
2026/07/23 15:26:51 - mmengine - INFO - Iter(train) [ 56400/160000]  lr: 6.8428e-03  eta: 10:45:31  time: 0.3705  data_time: 0.0450  memory: 8862  loss: 1.0584  decode.loss_ohem: 0.7234  decode.acc_seg: 92.1999  aux_0.loss_ce: 0.3351  aux_0.acc_seg: 88.8689
2026/07/23 15:27:28 - mmengine - INFO - Iter(train) [ 56500/160000]  lr: 6.8369e-03  eta: 10:44:53  time: 0.3718  data_time: 0.0449  memory: 8861  loss: 1.0605  decode.loss_ohem: 0.7028  decode.acc_seg: 91.4133  aux_0.loss_ce: 0.3578  aux_0.acc_seg: 88.0936
2026/07/23 15:28:05 - mmengine - INFO - Iter(train) [ 56600/160000]  lr: 6.8310e-03  eta: 10:44:15  time: 0.3672  data_time: 0.0438  memory: 8861  loss: 1.1074  decode.loss_ohem: 0.7745  decode.acc_seg: 89.7419  aux_0.loss_ce: 0.3329  aux_0.acc_seg: 85.9606
2026/07/23 15:28:42 - mmengine - INFO - Iter(train) [ 56700/160000]  lr: 6.8250e-03  eta: 10:43:37  time: 0.3712  data_time: 0.0450  memory: 8862  loss: 1.1629  decode.loss_ohem: 0.7826  decode.acc_seg: 91.0836  aux_0.loss_ce: 0.3804  aux_0.acc_seg: 86.9736
2026/07/23 15:29:20 - mmengine - INFO - Iter(train) [ 56800/160000]  lr: 6.8191e-03  eta: 10:43:00  time: 0.3732  data_time: 0.0459  memory: 8860  loss: 1.1263  decode.loss_ohem: 0.7883  decode.acc_seg: 91.3796  aux_0.loss_ce: 0.3380  aux_0.acc_seg: 88.5396
2026/07/23 15:29:57 - mmengine - INFO - Iter(train) [ 56900/160000]  lr: 6.8131e-03  eta: 10:42:22  time: 0.3700  data_time: 0.0452  memory: 8860  loss: 1.1153  decode.loss_ohem: 0.7707  decode.acc_seg: 90.4823  aux_0.loss_ce: 0.3446  aux_0.acc_seg: 84.5285
2026/07/23 15:30:34 - mmengine - INFO - Exp name: dsanet_cityscapes_512x1024_20260723_093233
2026/07/23 15:30:34 - mmengine - INFO - Iter(train) [ 57000/160000]  lr: 6.8072e-03  eta: 10:41:44  time: 0.3700  data_time: 0.0449  memory: 8862  loss: 1.0931  decode.loss_ohem: 0.7504  decode.acc_seg: 90.8990  aux_0.loss_ce: 0.3428  aux_0.acc_seg: 85.0564
2026/07/23 15:31:11 - mmengine - INFO - Iter(train) [ 57100/160000]  lr: 6.8013e-03  eta: 10:41:06  time: 0.3729  data_time: 0.0470  memory: 8861  loss: 1.0817  decode.loss_ohem: 0.7520  decode.acc_seg: 91.7629  aux_0.loss_ce: 0.3297  aux_0.acc_seg: 88.9649
2026/07/23 15:31:48 - mmengine - INFO - Iter(train) [ 57200/160000]  lr: 6.7953e-03  eta: 10:40:28  time: 0.3701  data_time: 0.0440  memory: 8862  loss: 1.1223  decode.loss_ohem: 0.7406  decode.acc_seg: 91.3016  aux_0.loss_ce: 0.3817  aux_0.acc_seg: 86.7396
2026/07/23 15:32:25 - mmengine - INFO - Iter(train) [ 57300/160000]  lr: 6.7894e-03  eta: 10:39:50  time: 0.3711  data_time: 0.0453  memory: 8860  loss: 1.1382  decode.loss_ohem: 0.7593  decode.acc_seg: 90.2277  aux_0.loss_ce: 0.3789  aux_0.acc_seg: 89.8535
2026/07/23 15:33:02 - mmengine - INFO - Iter(train) [ 57400/160000]  lr: 6.7834e-03  eta: 10:39:12  time: 0.3717  data_time: 0.0459  memory: 8860  loss: 1.1055  decode.loss_ohem: 0.7595  decode.acc_seg: 93.0387  aux_0.loss_ce: 0.3459  aux_0.acc_seg: 90.9284
2026/07/23 15:33:40 - mmengine - INFO - Iter(train) [ 57500/160000]  lr: 6.7775e-03  eta: 10:38:35  time: 0.3743  data_time: 0.0464  memory: 8860  loss: 1.1269  decode.loss_ohem: 0.7576  decode.acc_seg: 91.8579  aux_0.loss_ce: 0.3693  aux_0.acc_seg: 84.2597
2026/07/23 15:34:17 - mmengine - INFO - Iter(train) [ 57600/160000]  lr: 6.7716e-03  eta: 10:37:57  time: 0.3728  data_time: 0.0460  memory: 8861  loss: 1.1931  decode.loss_ohem: 0.7900  decode.acc_seg: 90.7898  aux_0.loss_ce: 0.4031  aux_0.acc_seg: 86.4108
2026/07/23 15:34:54 - mmengine - INFO - Iter(train) [ 57700/160000]  lr: 6.7656e-03  eta: 10:37:19  time: 0.3732  data_time: 0.0469  memory: 8860  loss: 1.0935  decode.loss_ohem: 0.7362  decode.acc_seg: 87.1123  aux_0.loss_ce: 0.3573  aux_0.acc_seg: 82.6424
2026/07/23 15:35:31 - mmengine - INFO - Iter(train) [ 57800/160000]  lr: 6.7597e-03  eta: 10:36:42  time: 0.3728  data_time: 0.0446  memory: 8862  loss: 1.0322  decode.loss_ohem: 0.7206  decode.acc_seg: 91.7923  aux_0.loss_ce: 0.3115  aux_0.acc_seg: 88.9535
2026/07/23 15:36:08 - mmengine - INFO - Iter(train) [ 57900/160000]  lr: 6.7537e-03  eta: 10:36:04  time: 0.3658  data_time: 0.0448  memory: 8860  loss: 1.0635  decode.loss_ohem: 0.7401  decode.acc_seg: 93.2341  aux_0.loss_ce: 0.3234  aux_0.acc_seg: 88.3088
2026/07/23 15:36:46 - mmengine - INFO - Exp name: dsanet_cityscapes_512x1024_20260723_093233
2026/07/23 15:36:46 - mmengine - INFO - Iter(train) [ 58000/160000]  lr: 6.7478e-03  eta: 10:35:26  time: 0.3722  data_time: 0.0453  memory: 8861  loss: 1.1440  decode.loss_ohem: 0.8071  decode.acc_seg: 88.5990  aux_0.loss_ce: 0.3369  aux_0.acc_seg: 85.1771
2026/07/23 15:37:23 - mmengine - INFO - Iter(train) [ 58100/160000]  lr: 6.7418e-03  eta: 10:34:48  time: 0.3743  data_time: 0.0466  memory: 8860  loss: 1.1478  decode.loss_ohem: 0.7826  decode.acc_seg: 90.9849  aux_0.loss_ce: 0.3652  aux_0.acc_seg: 85.4428
2026/07/23 15:38:00 - mmengine - INFO - Iter(train) [ 58200/160000]  lr: 6.7359e-03  eta: 10:34:10  time: 0.3687  data_time: 0.0438  memory: 8861  loss: 1.1919  decode.loss_ohem: 0.7998  decode.acc_seg: 87.4372  aux_0.loss_ce: 0.3921  aux_0.acc_seg: 83.3579
2026/07/23 15:38:37 - mmengine - INFO - Iter(train) [ 58300/160000]  lr: 6.7299e-03  eta: 10:33:32  time: 0.3709  data_time: 0.0454  memory: 8860  loss: 1.0771  decode.loss_ohem: 0.7411  decode.acc_seg: 93.5453  aux_0.loss_ce: 0.3360  aux_0.acc_seg: 89.5367
2026/07/23 15:39:14 - mmengine - INFO - Iter(train) [ 58400/160000]  lr: 6.7240e-03  eta: 10:32:54  time: 0.3706  data_time: 0.0450  memory: 8860  loss: 1.0599  decode.loss_ohem: 0.7213  decode.acc_seg: 93.4556  aux_0.loss_ce: 0.3386  aux_0.acc_seg: 88.9988
2026/07/23 15:39:51 - mmengine - INFO - Iter(train) [ 58500/160000]  lr: 6.7180e-03  eta: 10:32:17  time: 0.3659  data_time: 0.0440  memory: 8859  loss: 1.1391  decode.loss_ohem: 0.7715  decode.acc_seg: 89.8492  aux_0.loss_ce: 0.3676  aux_0.acc_seg: 84.2479
2026/07/23 15:40:28 - mmengine - INFO - Iter(train) [ 58600/160000]  lr: 6.7121e-03  eta: 10:31:39  time: 0.3720  data_time: 0.0448  memory: 8861  loss: 1.1195  decode.loss_ohem: 0.7519  decode.acc_seg: 88.8557  aux_0.loss_ce: 0.3676  aux_0.acc_seg: 87.2602
2026/07/23 15:41:05 - mmengine - INFO - Iter(train) [ 58700/160000]  lr: 6.7061e-03  eta: 10:31:01  time: 0.3701  data_time: 0.0462  memory: 8861  loss: 1.1413  decode.loss_ohem: 0.7745  decode.acc_seg: 91.2998  aux_0.loss_ce: 0.3669  aux_0.acc_seg: 84.4617
2026/07/23 15:41:43 - mmengine - INFO - Iter(train) [ 58800/160000]  lr: 6.7002e-03  eta: 10:30:23  time: 0.3712  data_time: 0.0451  memory: 8859  loss: 1.1760  decode.loss_ohem: 0.8144  decode.acc_seg: 87.2952  aux_0.loss_ce: 0.3615  aux_0.acc_seg: 85.2892
2026/07/23 15:42:20 - mmengine - INFO - Iter(train) [ 58900/160000]  lr: 6.6942e-03  eta: 10:29:46  time: 0.3704  data_time: 0.0454  memory: 8860  loss: 1.1513  decode.loss_ohem: 0.7992  decode.acc_seg: 91.6162  aux_0.loss_ce: 0.3521  aux_0.acc_seg: 85.2374
2026/07/23 15:42:57 - mmengine - INFO - Exp name: dsanet_cityscapes_512x1024_20260723_093233
2026/07/23 15:42:57 - mmengine - INFO - Iter(train) [ 59000/160000]  lr: 6.6883e-03  eta: 10:29:08  time: 0.3728  data_time: 0.0464  memory: 8861  loss: 1.2163  decode.loss_ohem: 0.8521  decode.acc_seg: 91.2877  aux_0.loss_ce: 0.3642  aux_0.acc_seg: 87.8377
2026/07/23 15:43:34 - mmengine - INFO - Iter(train) [ 59100/160000]  lr: 6.6823e-03  eta: 10:28:30  time: 0.3709  data_time: 0.0449  memory: 8861  loss: 1.1539  decode.loss_ohem: 0.7884  decode.acc_seg: 93.4158  aux_0.loss_ce: 0.3655  aux_0.acc_seg: 84.4529
2026/07/23 15:44:11 - mmengine - INFO - Iter(train) [ 59200/160000]  lr: 6.6764e-03  eta: 10:27:53  time: 0.3707  data_time: 0.0448  memory: 8860  loss: 1.1452  decode.loss_ohem: 0.7841  decode.acc_seg: 89.1133  aux_0.loss_ce: 0.3611  aux_0.acc_seg: 83.5951
2026/07/23 15:44:49 - mmengine - INFO - Iter(train) [ 59300/160000]  lr: 6.6704e-03  eta: 10:27:15  time: 0.3729  data_time: 0.0463  memory: 8860  loss: 1.1114  decode.loss_ohem: 0.7580  decode.acc_seg: 89.5023  aux_0.loss_ce: 0.3534  aux_0.acc_seg: 84.2216
2026/07/23 15:45:26 - mmengine - INFO - Iter(train) [ 59400/160000]  lr: 6.6645e-03  eta: 10:26:37  time: 0.3719  data_time: 0.0458  memory: 8863  loss: 1.0449  decode.loss_ohem: 0.7269  decode.acc_seg: 89.7750  aux_0.loss_ce: 0.3180  aux_0.acc_seg: 86.8839
2026/07/23 15:46:03 - mmengine - INFO - Iter(train) [ 59500/160000]  lr: 6.6585e-03  eta: 10:25:59  time: 0.3664  data_time: 0.0429  memory: 8860  loss: 1.1346  decode.loss_ohem: 0.8090  decode.acc_seg: 92.5516  aux_0.loss_ce: 0.3257  aux_0.acc_seg: 87.4142
2026/07/23 15:46:40 - mmengine - INFO - Iter(train) [ 59600/160000]  lr: 6.6526e-03  eta: 10:25:21  time: 0.3749  data_time: 0.0488  memory: 8861  loss: 1.0568  decode.loss_ohem: 0.7341  decode.acc_seg: 92.7640  aux_0.loss_ce: 0.3226  aux_0.acc_seg: 90.0409
2026/07/23 15:47:17 - mmengine - INFO - Iter(train) [ 59700/160000]  lr: 6.6466e-03  eta: 10:24:43  time: 0.3708  data_time: 0.0450  memory: 8860  loss: 1.1261  decode.loss_ohem: 0.7638  decode.acc_seg: 90.4590  aux_0.loss_ce: 0.3622  aux_0.acc_seg: 84.7189
2026/07/23 15:47:54 - mmengine - INFO - Iter(train) [ 59800/160000]  lr: 6.6407e-03  eta: 10:24:05  time: 0.3708  data_time: 0.0458  memory: 8861  loss: 1.1769  decode.loss_ohem: 0.8103  decode.acc_seg: 93.1476  aux_0.loss_ce: 0.3666  aux_0.acc_seg: 89.5994
2026/07/23 15:48:31 - mmengine - INFO - Iter(train) [ 59900/160000]  lr: 6.6347e-03  eta: 10:23:27  time: 0.3690  data_time: 0.0447  memory: 8861  loss: 1.0956  decode.loss_ohem: 0.7707  decode.acc_seg: 92.6116  aux_0.loss_ce: 0.3249  aux_0.acc_seg: 89.1285
2026/07/23 15:49:08 - mmengine - INFO - Exp name: dsanet_cityscapes_512x1024_20260723_093233
2026/07/23 15:49:08 - mmengine - INFO - Iter(train) [ 60000/160000]  lr: 6.6288e-03  eta: 10:22:49  time: 0.3715  data_time: 0.0461  memory: 8861  loss: 1.0721  decode.loss_ohem: 0.7158  decode.acc_seg: 90.4167  aux_0.loss_ce: 0.3564  aux_0.acc_seg: 86.5596
2026/07/23 15:49:08 - mmengine - INFO - Saving checkpoint at 60000 iterations
2026/07/23 15:49:14 - mmengine - INFO - Iter(val) [100/250]    eta: 0:00:08  time: 0.0519  data_time: 0.0179  memory: 728  
2026/07/23 15:49:20 - mmengine - INFO - Iter(val) [200/250]    eta: 0:00:02  time: 0.0684  data_time: 0.0199  memory: 728  
2026/07/23 15:49:22 - mmengine - INFO - per class results:
2026/07/23 15:49:22 - mmengine - INFO - 
+---------------+-------+-------+
|     Class     |  IoU  |  Acc  |
+---------------+-------+-------+
|      road     | 97.03 | 98.17 |
|    sidewalk   | 76.88 | 89.95 |
|    building   | 87.61 | 93.15 |
|      wall     |  38.5 | 54.07 |
|     fence     |  44.9 | 73.51 |
|      pole     | 49.07 | 63.21 |
| traffic light | 45.52 |  52.5 |
|  traffic sign |  63.3 |  72.2 |
|   vegetation  | 89.44 | 93.79 |
|    terrain    |  54.3 | 64.41 |
|      sky      | 92.01 | 95.06 |
|     person    | 66.87 | 90.11 |
|     rider     | 44.81 |  54.3 |
|      car      | 90.37 | 95.06 |
|     truck     | 46.41 | 57.99 |
|      bus      | 53.21 | 86.07 |
|     train     | 19.52 | 27.57 |
|   motorcycle  | 31.87 | 49.77 |
|    bicycle    | 65.98 | 81.29 |
+---------------+-------+-------+
2026/07/23 15:49:22 - mmengine - INFO - Iter(val) [250/250]    aAcc: 93.3700  mIoU: 60.9300  mAcc: 73.2700  data_time: 0.0191  time: 0.0549
2026/07/23 15:49:59 - mmengine - INFO - Iter(train) [ 60100/160000]  lr: 6.6228e-03  eta: 10:22:12  time: 0.3685  data_time: 0.0437  memory: 8860  loss: 1.0651  decode.loss_ohem: 0.7139  decode.acc_seg: 92.3822  aux_0.loss_ce: 0.3512  aux_0.acc_seg: 88.6601
2026/07/23 15:50:36 - mmengine - INFO - Iter(train) [ 60200/160000]  lr: 6.6168e-03  eta: 10:21:34  time: 0.3705  data_time: 0.0451  memory: 8861  loss: 1.1641  decode.loss_ohem: 0.8294  decode.acc_seg: 89.6573  aux_0.loss_ce: 0.3348  aux_0.acc_seg: 86.4147
2026/07/23 15:51:13 - mmengine - INFO - Iter(train) [ 60300/160000]  lr: 6.6109e-03  eta: 10:20:56  time: 0.3681  data_time: 0.0434  memory: 8859  loss: 1.0765  decode.loss_ohem: 0.7550  decode.acc_seg: 90.6047  aux_0.loss_ce: 0.3215  aux_0.acc_seg: 85.9586
2026/07/23 15:51:51 - mmengine - INFO - Iter(train) [ 60400/160000]  lr: 6.6049e-03  eta: 10:20:18  time: 0.3709  data_time: 0.0455  memory: 8860  loss: 1.0998  decode.loss_ohem: 0.7631  decode.acc_seg: 92.7610  aux_0.loss_ce: 0.3368  aux_0.acc_seg: 89.2472
2026/07/23 15:52:28 - mmengine - INFO - Iter(train) [ 60500/160000]  lr: 6.5990e-03  eta: 10:19:40  time: 0.3732  data_time: 0.0460  memory: 8860  loss: 1.1369  decode.loss_ohem: 0.7772  decode.acc_seg: 89.5791  aux_0.loss_ce: 0.3596  aux_0.acc_seg: 85.2433
2026/07/23 15:53:05 - mmengine - INFO - Iter(train) [ 60600/160000]  lr: 6.5930e-03  eta: 10:19:03  time: 0.3729  data_time: 0.0459  memory: 8861  loss: 1.1260  decode.loss_ohem: 0.7880  decode.acc_seg: 89.7675  aux_0.loss_ce: 0.3379  aux_0.acc_seg: 86.6884
2026/07/23 15:53:42 - mmengine - INFO - Iter(train) [ 60700/160000]  lr: 6.5870e-03  eta: 10:18:25  time: 0.3727  data_time: 0.0463  memory: 8861  loss: 1.1120  decode.loss_ohem: 0.7594  decode.acc_seg: 90.2006  aux_0.loss_ce: 0.3526  aux_0.acc_seg: 86.5490
2026/07/23 15:54:19 - mmengine - INFO - Iter(train) [ 60800/160000]  lr: 6.5811e-03  eta: 10:17:47  time: 0.3694  data_time: 0.0443  memory: 8860  loss: 1.1084  decode.loss_ohem: 0.7468  decode.acc_seg: 89.9688  aux_0.loss_ce: 0.3616  aux_0.acc_seg: 83.7435
2026/07/23 15:54:56 - mmengine - INFO - Iter(train) [ 60900/160000]  lr: 6.5751e-03  eta: 10:17:10  time: 0.3697  data_time: 0.0450  memory: 8861  loss: 1.1545  decode.loss_ohem: 0.8131  decode.acc_seg: 92.2339  aux_0.loss_ce: 0.3413  aux_0.acc_seg: 89.9410
2026/07/23 15:55:34 - mmengine - INFO - Exp name: dsanet_cityscapes_512x1024_20260723_093233
2026/07/23 15:55:34 - mmengine - INFO - Iter(train) [ 61000/160000]  lr: 6.5692e-03  eta: 10:16:32  time: 0.3696  data_time: 0.0439  memory: 8859  loss: 1.2127  decode.loss_ohem: 0.8242  decode.acc_seg: 89.2355  aux_0.loss_ce: 0.3885  aux_0.acc_seg: 86.1234
2026/07/23 15:56:11 - mmengine - INFO - Iter(train) [ 61100/160000]  lr: 6.5632e-03  eta: 10:15:54  time: 0.3718  data_time: 0.0454  memory: 8861  loss: 1.1096  decode.loss_ohem: 0.7534  decode.acc_seg: 91.2789  aux_0.loss_ce: 0.3562  aux_0.acc_seg: 86.9498
2026/07/23 15:56:48 - mmengine - INFO - Iter(train) [ 61200/160000]  lr: 6.5572e-03  eta: 10:15:16  time: 0.3715  data_time: 0.0458  memory: 8860  loss: 1.1589  decode.loss_ohem: 0.7796  decode.acc_seg: 89.4547  aux_0.loss_ce: 0.3793  aux_0.acc_seg: 83.3792
2026/07/23 15:57:25 - mmengine - INFO - Iter(train) [ 61300/160000]  lr: 6.5513e-03  eta: 10:14:38  time: 0.3696  data_time: 0.0444  memory: 8860  loss: 1.1757  decode.loss_ohem: 0.8055  decode.acc_seg: 91.3682  aux_0.loss_ce: 0.3703  aux_0.acc_seg: 86.9969
2026/07/23 15:58:02 - mmengine - INFO - Iter(train) [ 61400/160000]  lr: 6.5453e-03  eta: 10:14:01  time: 0.3700  data_time: 0.0447  memory: 8860  loss: 1.1851  decode.loss_ohem: 0.8223  decode.acc_seg: 90.7933  aux_0.loss_ce: 0.3628  aux_0.acc_seg: 87.9662
2026/07/23 15:58:39 - mmengine - INFO - Iter(train) [ 61500/160000]  lr: 6.5393e-03  eta: 10:13:23  time: 0.3710  data_time: 0.0449  memory: 8862  loss: 1.1107  decode.loss_ohem: 0.7788  decode.acc_seg: 90.7933  aux_0.loss_ce: 0.3319  aux_0.acc_seg: 88.9140
2026/07/23 15:59:16 - mmengine - INFO - Iter(train) [ 61600/160000]  lr: 6.5334e-03  eta: 10:12:45  time: 0.3704  data_time: 0.0445  memory: 8861  loss: 1.1208  decode.loss_ohem: 0.7453  decode.acc_seg: 90.4878  aux_0.loss_ce: 0.3755  aux_0.acc_seg: 85.6484
2026/07/23 15:59:53 - mmengine - INFO - Iter(train) [ 61700/160000]  lr: 6.5274e-03  eta: 10:12:07  time: 0.3699  data_time: 0.0438  memory: 8862  loss: 1.2131  decode.loss_ohem: 0.8463  decode.acc_seg: 89.5405  aux_0.loss_ce: 0.3668  aux_0.acc_seg: 85.8169
2026/07/23 16:00:30 - mmengine - INFO - Iter(train) [ 61800/160000]  lr: 6.5214e-03  eta: 10:11:30  time: 0.3702  data_time: 0.0448  memory: 8859  loss: 1.0449  decode.loss_ohem: 0.7197  decode.acc_seg: 92.5385  aux_0.loss_ce: 0.3251  aux_0.acc_seg: 88.5348
2026/07/23 16:01:08 - mmengine - INFO - Iter(train) [ 61900/160000]  lr: 6.5155e-03  eta: 10:10:52  time: 0.3698  data_time: 0.0448  memory: 8860  loss: 1.1134  decode.loss_ohem: 0.7588  decode.acc_seg: 89.3943  aux_0.loss_ce: 0.3546  aux_0.acc_seg: 84.4841
2026/07/23 16:01:45 - mmengine - INFO - Exp name: dsanet_cityscapes_512x1024_20260723_093233
2026/07/23 16:01:45 - mmengine - INFO - Iter(train) [ 62000/160000]  lr: 6.5095e-03  eta: 10:10:14  time: 0.3735  data_time: 0.0450  memory: 8860  loss: 1.0567  decode.loss_ohem: 0.7232  decode.acc_seg: 92.0484  aux_0.loss_ce: 0.3336  aux_0.acc_seg: 88.2530
2026/07/23 16:02:22 - mmengine - INFO - Iter(train) [ 62100/160000]  lr: 6.5035e-03  eta: 10:09:36  time: 0.3715  data_time: 0.0449  memory: 8860  loss: 1.2002  decode.loss_ohem: 0.8292  decode.acc_seg: 89.4247  aux_0.loss_ce: 0.3710  aux_0.acc_seg: 85.5482
2026/07/23 16:02:59 - mmengine - INFO - Iter(train) [ 62200/160000]  lr: 6.4976e-03  eta: 10:08:59  time: 0.3819  data_time: 0.0476  memory: 8861  loss: 1.1202  decode.loss_ohem: 0.7734  decode.acc_seg: 87.3713  aux_0.loss_ce: 0.3468  aux_0.acc_seg: 83.4485
2026/07/23 16:03:37 - mmengine - INFO - Iter(train) [ 62300/160000]  lr: 6.4916e-03  eta: 10:08:21  time: 0.3701  data_time: 0.0453  memory: 8860  loss: 1.1353  decode.loss_ohem: 0.7968  decode.acc_seg: 92.5749  aux_0.loss_ce: 0.3384  aux_0.acc_seg: 89.8046
2026/07/23 16:04:14 - mmengine - INFO - Iter(train) [ 62400/160000]  lr: 6.4856e-03  eta: 10:07:44  time: 0.3708  data_time: 0.0462  memory: 8860  loss: 1.1456  decode.loss_ohem: 0.7829  decode.acc_seg: 93.3321  aux_0.loss_ce: 0.3627  aux_0.acc_seg: 90.2948
2026/07/23 16:04:51 - mmengine - INFO - Iter(train) [ 62500/160000]  lr: 6.4796e-03  eta: 10:07:06  time: 0.3687  data_time: 0.0444  memory: 8861  loss: 1.1142  decode.loss_ohem: 0.7912  decode.acc_seg: 91.6875  aux_0.loss_ce: 0.3230  aux_0.acc_seg: 87.7607
2026/07/23 16:05:28 - mmengine - INFO - Iter(train) [ 62600/160000]  lr: 6.4737e-03  eta: 10:06:28  time: 0.3700  data_time: 0.0441  memory: 8862  loss: 1.0665  decode.loss_ohem: 0.7478  decode.acc_seg: 91.5498  aux_0.loss_ce: 0.3187  aux_0.acc_seg: 89.0588
2026/07/23 16:06:05 - mmengine - INFO - Iter(train) [ 62700/160000]  lr: 6.4677e-03  eta: 10:05:50  time: 0.3704  data_time: 0.0444  memory: 8860  loss: 1.1499  decode.loss_ohem: 0.7503  decode.acc_seg: 93.0020  aux_0.loss_ce: 0.3996  aux_0.acc_seg: 87.4555
2026/07/23 16:06:42 - mmengine - INFO - Iter(train) [ 62800/160000]  lr: 6.4617e-03  eta: 10:05:12  time: 0.3735  data_time: 0.0463  memory: 8860  loss: 1.1014  decode.loss_ohem: 0.7755  decode.acc_seg: 93.4592  aux_0.loss_ce: 0.3258  aux_0.acc_seg: 91.1458
2026/07/23 16:07:19 - mmengine - INFO - Iter(train) [ 62900/160000]  lr: 6.4558e-03  eta: 10:04:35  time: 0.3720  data_time: 0.0461  memory: 8860  loss: 1.1482  decode.loss_ohem: 0.7739  decode.acc_seg: 90.4427  aux_0.loss_ce: 0.3743  aux_0.acc_seg: 86.6874
2026/07/23 16:07:56 - mmengine - INFO - Exp name: dsanet_cityscapes_512x1024_20260723_093233
2026/07/23 16:07:56 - mmengine - INFO - Iter(train) [ 63000/160000]  lr: 6.4498e-03  eta: 10:03:57  time: 0.3765  data_time: 0.0460  memory: 8862  loss: 1.1124  decode.loss_ohem: 0.7610  decode.acc_seg: 92.6891  aux_0.loss_ce: 0.3514  aux_0.acc_seg: 87.8574
2026/07/23 16:08:34 - mmengine - INFO - Iter(train) [ 63100/160000]  lr: 6.4438e-03  eta: 10:03:20  time: 0.3704  data_time: 0.0452  memory: 8860  loss: 1.0930  decode.loss_ohem: 0.7698  decode.acc_seg: 92.8476  aux_0.loss_ce: 0.3232  aux_0.acc_seg: 89.4352
2026/07/23 16:09:11 - mmengine - INFO - Iter(train) [ 63200/160000]  lr: 6.4378e-03  eta: 10:02:42  time: 0.3722  data_time: 0.0456  memory: 8860  loss: 1.1845  decode.loss_ohem: 0.8065  decode.acc_seg: 90.6789  aux_0.loss_ce: 0.3780  aux_0.acc_seg: 85.2083
2026/07/23 16:09:48 - mmengine - INFO - Iter(train) [ 63300/160000]  lr: 6.4319e-03  eta: 10:02:04  time: 0.3698  data_time: 0.0448  memory: 8861  loss: 1.0864  decode.loss_ohem: 0.7717  decode.acc_seg: 92.5690  aux_0.loss_ce: 0.3146  aux_0.acc_seg: 89.3327
2026/07/23 16:10:25 - mmengine - INFO - Iter(train) [ 63400/160000]  lr: 6.4259e-03  eta: 10:01:27  time: 0.3717  data_time: 0.0461  memory: 8861  loss: 1.0644  decode.loss_ohem: 0.7369  decode.acc_seg: 89.9823  aux_0.loss_ce: 0.3275  aux_0.acc_seg: 87.5842
2026/07/23 16:11:02 - mmengine - INFO - Iter(train) [ 63500/160000]  lr: 6.4199e-03  eta: 10:00:49  time: 0.3686  data_time: 0.0442  memory: 8860  loss: 1.1000  decode.loss_ohem: 0.7711  decode.acc_seg: 91.2853  aux_0.loss_ce: 0.3289  aux_0.acc_seg: 88.3908
2026/07/23 16:11:39 - mmengine - INFO - Iter(train) [ 63600/160000]  lr: 6.4139e-03  eta: 10:00:11  time: 0.3694  data_time: 0.0443  memory: 8860  loss: 1.0919  decode.loss_ohem: 0.7185  decode.acc_seg: 92.9096  aux_0.loss_ce: 0.3734  aux_0.acc_seg: 87.9730
2026/07/23 16:12:16 - mmengine - INFO - Iter(train) [ 63700/160000]  lr: 6.4079e-03  eta: 9:59:33  time: 0.3716  data_time: 0.0453  memory: 8859  loss: 1.1855  decode.loss_ohem: 0.8216  decode.acc_seg: 92.3225  aux_0.loss_ce: 0.3639  aux_0.acc_seg: 89.3794
2026/07/23 16:12:53 - mmengine - INFO - Iter(train) [ 63800/160000]  lr: 6.4020e-03  eta: 9:58:55  time: 0.3705  data_time: 0.0450  memory: 8860  loss: 1.1098  decode.loss_ohem: 0.7576  decode.acc_seg: 91.0889  aux_0.loss_ce: 0.3522  aux_0.acc_seg: 85.3646
2026/07/23 16:13:30 - mmengine - INFO - Iter(train) [ 63900/160000]  lr: 6.3960e-03  eta: 9:58:18  time: 0.3701  data_time: 0.0445  memory: 8862  loss: 1.0570  decode.loss_ohem: 0.7285  decode.acc_seg: 92.2663  aux_0.loss_ce: 0.3285  aux_0.acc_seg: 87.9080
2026/07/23 16:14:07 - mmengine - INFO - Exp name: dsanet_cityscapes_512x1024_20260723_093233
2026/07/23 16:14:07 - mmengine - INFO - Iter(train) [ 64000/160000]  lr: 6.3900e-03  eta: 9:57:40  time: 0.3682  data_time: 0.0438  memory: 8860  loss: 1.0817  decode.loss_ohem: 0.7526  decode.acc_seg: 91.1810  aux_0.loss_ce: 0.3291  aux_0.acc_seg: 87.4964
2026/07/23 16:14:44 - mmengine - INFO - Iter(train) [ 64100/160000]  lr: 6.3840e-03  eta: 9:57:02  time: 0.3710  data_time: 0.0458  memory: 8862  loss: 1.1121  decode.loss_ohem: 0.7529  decode.acc_seg: 92.3477  aux_0.loss_ce: 0.3593  aux_0.acc_seg: 86.9898
2026/07/23 16:15:21 - mmengine - INFO - Iter(train) [ 64200/160000]  lr: 6.3780e-03  eta: 9:56:24  time: 0.3695  data_time: 0.0447  memory: 8859  loss: 1.0836  decode.loss_ohem: 0.7301  decode.acc_seg: 88.3614  aux_0.loss_ce: 0.3535  aux_0.acc_seg: 84.8003
2026/07/23 16:15:58 - mmengine - INFO - Iter(train) [ 64300/160000]  lr: 6.3721e-03  eta: 9:55:46  time: 0.3712  data_time: 0.0456  memory: 8860  loss: 1.1322  decode.loss_ohem: 0.7506  decode.acc_seg: 88.7335  aux_0.loss_ce: 0.3816  aux_0.acc_seg: 79.0203
2026/07/23 16:16:36 - mmengine - INFO - Iter(train) [ 64400/160000]  lr: 6.3661e-03  eta: 9:55:08  time: 0.3708  data_time: 0.0449  memory: 8859  loss: 1.1826  decode.loss_ohem: 0.8091  decode.acc_seg: 89.7614  aux_0.loss_ce: 0.3736  aux_0.acc_seg: 85.3931
2026/07/23 16:17:13 - mmengine - INFO - Iter(train) [ 64500/160000]  lr: 6.3601e-03  eta: 9:54:31  time: 0.3717  data_time: 0.0460  memory: 8860  loss: 1.1320  decode.loss_ohem: 0.7864  decode.acc_seg: 91.9234  aux_0.loss_ce: 0.3455  aux_0.acc_seg: 86.0724
2026/07/23 16:17:50 - mmengine - INFO - Iter(train) [ 64600/160000]  lr: 6.3541e-03  eta: 9:53:53  time: 0.3717  data_time: 0.0452  memory: 8862  loss: 1.0659  decode.loss_ohem: 0.7303  decode.acc_seg: 93.0525  aux_0.loss_ce: 0.3357  aux_0.acc_seg: 89.5564
2026/07/23 16:18:27 - mmengine - INFO - Iter(train) [ 64700/160000]  lr: 6.3481e-03  eta: 9:53:15  time: 0.3693  data_time: 0.0444  memory: 8860  loss: 1.0892  decode.loss_ohem: 0.7557  decode.acc_seg: 94.3748  aux_0.loss_ce: 0.3335  aux_0.acc_seg: 87.3590
2026/07/23 16:19:04 - mmengine - INFO - Iter(train) [ 64800/160000]  lr: 6.3421e-03  eta: 9:52:37  time: 0.3708  data_time: 0.0458  memory: 8862  loss: 1.0480  decode.loss_ohem: 0.7245  decode.acc_seg: 88.1823  aux_0.loss_ce: 0.3235  aux_0.acc_seg: 84.0853
2026/07/23 16:19:41 - mmengine - INFO - Iter(train) [ 64900/160000]  lr: 6.3361e-03  eta: 9:51:59  time: 0.3715  data_time: 0.0458  memory: 8862  loss: 1.1210  decode.loss_ohem: 0.7613  decode.acc_seg: 87.0012  aux_0.loss_ce: 0.3597  aux_0.acc_seg: 84.4331
2026/07/23 16:20:18 - mmengine - INFO - Exp name: dsanet_cityscapes_512x1024_20260723_093233
2026/07/23 16:20:18 - mmengine - INFO - Iter(train) [ 65000/160000]  lr: 6.3302e-03  eta: 9:51:22  time: 0.3704  data_time: 0.0449  memory: 8859  loss: 1.1399  decode.loss_ohem: 0.7675  decode.acc_seg: 91.0542  aux_0.loss_ce: 0.3724  aux_0.acc_seg: 87.3134
2026/07/23 16:20:18 - mmengine - INFO - Saving checkpoint at 65000 iterations
2026/07/23 16:20:24 - mmengine - INFO - Iter(val) [100/250]    eta: 0:00:08  time: 0.0533  data_time: 0.0189  memory: 728  
2026/07/23 16:20:29 - mmengine - INFO - Iter(val) [200/250]    eta: 0:00:02  time: 0.0533  data_time: 0.0189  memory: 728  
2026/07/23 16:20:32 - mmengine - INFO - per class results:
2026/07/23 16:20:32 - mmengine - INFO - 
+---------------+-------+-------+
|     Class     |  IoU  |  Acc  |
+---------------+-------+-------+
|      road     | 96.84 | 98.97 |
|    sidewalk   | 75.14 | 83.59 |
|    building   |  88.1 | 93.61 |
|      wall     | 41.53 | 49.58 |
|     fence     | 48.46 | 57.74 |
|      pole     | 48.87 | 60.32 |
| traffic light | 45.94 |  51.8 |
|  traffic sign | 61.26 | 78.72 |
|   vegetation  | 89.74 | 94.61 |
|    terrain    | 58.12 | 72.11 |
|      sky      | 91.35 |  97.1 |
|     person    | 62.08 | 86.67 |
|     rider     | 47.23 | 64.32 |
|      car      |  89.1 |  94.2 |
|     truck     | 47.39 |  52.9 |
|      bus      | 67.94 | 83.26 |
|     train     | 59.27 | 73.92 |
|   motorcycle  | 20.44 | 55.12 |
|    bicycle    | 64.92 | 84.69 |
+---------------+-------+-------+
2026/07/23 16:20:32 - mmengine - INFO - Iter(val) [250/250]    aAcc: 93.5100  mIoU: 63.3500  mAcc: 75.4300  data_time: 0.0193  time: 0.0531
2026/07/23 16:20:32 - mmengine - INFO - The previous best checkpoint /root/autodl-tmp/DSANet-main/tools/work_dirs/dsanet_cityscapes_512x1024/best_mIoU_iter_55000.pth is removed
2026/07/23 16:20:32 - mmengine - INFO - The best checkpoint with 63.3500 mIoU at 65000 iter is saved to best_mIoU_iter_65000.pth.
2026/07/23 16:21:10 - mmengine - INFO - Iter(train) [ 65100/160000]  lr: 6.3242e-03  eta: 9:50:45  time: 0.3697  data_time: 0.0449  memory: 8860  loss: 1.0608  decode.loss_ohem: 0.7244  decode.acc_seg: 93.2409  aux_0.loss_ce: 0.3364  aux_0.acc_seg: 90.4897
2026/07/23 16:21:47 - mmengine - INFO - Iter(train) [ 65200/160000]  lr: 6.3182e-03  eta: 9:50:07  time: 0.3698  data_time: 0.0442  memory: 8862  loss: 1.1291  decode.loss_ohem: 0.7720  decode.acc_seg: 93.2945  aux_0.loss_ce: 0.3571  aux_0.acc_seg: 89.8380
2026/07/23 16:22:24 - mmengine - INFO - Iter(train) [ 65300/160000]  lr: 6.3122e-03  eta: 9:49:29  time: 0.3687  data_time: 0.0438  memory: 8860  loss: 1.0359  decode.loss_ohem: 0.7135  decode.acc_seg: 92.2059  aux_0.loss_ce: 0.3224  aux_0.acc_seg: 88.0955
2026/07/23 16:23:01 - mmengine - INFO - Iter(train) [ 65400/160000]  lr: 6.3062e-03  eta: 9:48:51  time: 0.3690  data_time: 0.0441  memory: 8860  loss: 1.1446  decode.loss_ohem: 0.8006  decode.acc_seg: 89.9096  aux_0.loss_ce: 0.3440  aux_0.acc_seg: 85.5044
2026/07/23 16:23:38 - mmengine - INFO - Iter(train) [ 65500/160000]  lr: 6.3002e-03  eta: 9:48:14  time: 0.3696  data_time: 0.0445  memory: 8860  loss: 1.1580  decode.loss_ohem: 0.8008  decode.acc_seg: 92.6766  aux_0.loss_ce: 0.3572  aux_0.acc_seg: 90.6405
2026/07/23 16:24:15 - mmengine - INFO - Iter(train) [ 65600/160000]  lr: 6.2942e-03  eta: 9:47:36  time: 0.3694  data_time: 0.0451  memory: 8861  loss: 1.1129  decode.loss_ohem: 0.7842  decode.acc_seg: 92.9047  aux_0.loss_ce: 0.3287  aux_0.acc_seg: 89.1462
2026/07/23 16:24:52 - mmengine - INFO - Iter(train) [ 65700/160000]  lr: 6.2882e-03  eta: 9:46:58  time: 0.3759  data_time: 0.0463  memory: 8861  loss: 1.1056  decode.loss_ohem: 0.7717  decode.acc_seg: 93.7965  aux_0.loss_ce: 0.3338  aux_0.acc_seg: 90.9541
2026/07/23 16:25:29 - mmengine - INFO - Iter(train) [ 65800/160000]  lr: 6.2822e-03  eta: 9:46:20  time: 0.3711  data_time: 0.0464  memory: 8861  loss: 1.1580  decode.loss_ohem: 0.8127  decode.acc_seg: 92.9317  aux_0.loss_ce: 0.3453  aux_0.acc_seg: 90.5256
2026/07/23 16:26:06 - mmengine - INFO - Iter(train) [ 65900/160000]  lr: 6.2762e-03  eta: 9:45:42  time: 0.3683  data_time: 0.0439  memory: 8863  loss: 1.0775  decode.loss_ohem: 0.7334  decode.acc_seg: 89.4970  aux_0.loss_ce: 0.3441  aux_0.acc_seg: 88.0286
2026/07/23 16:26:43 - mmengine - INFO - Exp name: dsanet_cityscapes_512x1024_20260723_093233
2026/07/23 16:26:43 - mmengine - INFO - Iter(train) [ 66000/160000]  lr: 6.2702e-03  eta: 9:45:04  time: 0.3702  data_time: 0.0452  memory: 8859  loss: 1.1533  decode.loss_ohem: 0.7869  decode.acc_seg: 90.8270  aux_0.loss_ce: 0.3664  aux_0.acc_seg: 87.0466
2026/07/23 16:27:20 - mmengine - INFO - Iter(train) [ 66100/160000]  lr: 6.2643e-03  eta: 9:44:27  time: 0.3690  data_time: 0.0445  memory: 8860  loss: 1.0989  decode.loss_ohem: 0.7619  decode.acc_seg: 91.0594  aux_0.loss_ce: 0.3371  aux_0.acc_seg: 87.8295
2026/07/23 16:27:57 - mmengine - INFO - Iter(train) [ 66200/160000]  lr: 6.2583e-03  eta: 9:43:49  time: 0.3697  data_time: 0.0448  memory: 8860  loss: 1.0883  decode.loss_ohem: 0.7509  decode.acc_seg: 90.3963  aux_0.loss_ce: 0.3373  aux_0.acc_seg: 87.1486
2026/07/23 16:28:34 - mmengine - INFO - Iter(train) [ 66300/160000]  lr: 6.2523e-03  eta: 9:43:11  time: 0.3689  data_time: 0.0440  memory: 8861  loss: 1.1500  decode.loss_ohem: 0.7941  decode.acc_seg: 89.8659  aux_0.loss_ce: 0.3559  aux_0.acc_seg: 85.6357
2026/07/23 16:29:11 - mmengine - INFO - Iter(train) [ 66400/160000]  lr: 6.2463e-03  eta: 9:42:33  time: 0.3688  data_time: 0.0443  memory: 8859  loss: 1.0595  decode.loss_ohem: 0.7276  decode.acc_seg: 92.0806  aux_0.loss_ce: 0.3319  aux_0.acc_seg: 89.9468
2026/07/23 16:29:48 - mmengine - INFO - Iter(train) [ 66500/160000]  lr: 6.2403e-03  eta: 9:41:55  time: 0.3688  data_time: 0.0442  memory: 8859  loss: 1.0227  decode.loss_ohem: 0.6901  decode.acc_seg: 91.9700  aux_0.loss_ce: 0.3326  aux_0.acc_seg: 89.5048
2026/07/23 16:30:25 - mmengine - INFO - Iter(train) [ 66600/160000]  lr: 6.2343e-03  eta: 9:41:17  time: 0.3723  data_time: 0.0460  memory: 8859  loss: 1.1077  decode.loss_ohem: 0.7448  decode.acc_seg: 91.9918  aux_0.loss_ce: 0.3629  aux_0.acc_seg: 85.9564
2026/07/23 16:31:02 - mmengine - INFO - Iter(train) [ 66700/160000]  lr: 6.2283e-03  eta: 9:40:40  time: 0.3711  data_time: 0.0458  memory: 8861  loss: 1.1565  decode.loss_ohem: 0.7990  decode.acc_seg: 91.9845  aux_0.loss_ce: 0.3575  aux_0.acc_seg: 86.8224
2026/07/23 16:31:39 - mmengine - INFO - Iter(train) [ 66800/160000]  lr: 6.2223e-03  eta: 9:40:02  time: 0.3695  data_time: 0.0446  memory: 8860  loss: 1.0754  decode.loss_ohem: 0.7335  decode.acc_seg: 89.2639  aux_0.loss_ce: 0.3419  aux_0.acc_seg: 86.0905
2026/07/23 16:32:16 - mmengine - INFO - Iter(train) [ 66900/160000]  lr: 6.2163e-03  eta: 9:39:24  time: 0.3702  data_time: 0.0448  memory: 8862  loss: 1.0549  decode.loss_ohem: 0.7325  decode.acc_seg: 92.7886  aux_0.loss_ce: 0.3224  aux_0.acc_seg: 88.9855
2026/07/23 16:32:53 - mmengine - INFO - Exp name: dsanet_cityscapes_512x1024_20260723_093233
2026/07/23 16:32:53 - mmengine - INFO - Iter(train) [ 67000/160000]  lr: 6.2103e-03  eta: 9:38:46  time: 0.3688  data_time: 0.0444  memory: 8859  loss: 1.1020  decode.loss_ohem: 0.7488  decode.acc_seg: 92.4024  aux_0.loss_ce: 0.3533  aux_0.acc_seg: 89.4259
2026/07/23 16:33:30 - mmengine - INFO - Iter(train) [ 67100/160000]  lr: 6.2043e-03  eta: 9:38:09  time: 0.3774  data_time: 0.0463  memory: 8862  loss: 1.1722  decode.loss_ohem: 0.8052  decode.acc_seg: 94.5708  aux_0.loss_ce: 0.3669  aux_0.acc_seg: 91.9669
2026/07/23 16:34:07 - mmengine - INFO - Iter(train) [ 67200/160000]  lr: 6.1983e-03  eta: 9:37:31  time: 0.3699  data_time: 0.0456  memory: 8861  loss: 1.1158  decode.loss_ohem: 0.8009  decode.acc_seg: 93.4004  aux_0.loss_ce: 0.3149  aux_0.acc_seg: 89.4193
2026/07/23 16:34:44 - mmengine - INFO - Iter(train) [ 67300/160000]  lr: 6.1923e-03  eta: 9:36:53  time: 0.3686  data_time: 0.0442  memory: 8860  loss: 1.1206  decode.loss_ohem: 0.7480  decode.acc_seg: 91.0786  aux_0.loss_ce: 0.3727  aux_0.acc_seg: 83.1137
2026/07/23 16:35:21 - mmengine - INFO - Iter(train) [ 67400/160000]  lr: 6.1863e-03  eta: 9:36:15  time: 0.3688  data_time: 0.0443  memory: 8860  loss: 1.0486  decode.loss_ohem: 0.7265  decode.acc_seg: 83.7140  aux_0.loss_ce: 0.3222  aux_0.acc_seg: 79.6049
2026/07/23 16:35:58 - mmengine - INFO - Iter(train) [ 67500/160000]  lr: 6.1803e-03  eta: 9:35:38  time: 0.3706  data_time: 0.0452  memory: 8860  loss: 1.0574  decode.loss_ohem: 0.7238  decode.acc_seg: 93.3338  aux_0.loss_ce: 0.3335  aux_0.acc_seg: 89.3588
2026/07/23 16:36:35 - mmengine - INFO - Iter(train) [ 67600/160000]  lr: 6.1743e-03  eta: 9:35:00  time: 0.3687  data_time: 0.0442  memory: 8861  loss: 1.1323  decode.loss_ohem: 0.7899  decode.acc_seg: 92.2690  aux_0.loss_ce: 0.3424  aux_0.acc_seg: 87.0406
2026/07/23 16:37:12 - mmengine - INFO - Iter(train) [ 67700/160000]  lr: 6.1683e-03  eta: 9:34:22  time: 0.3689  data_time: 0.0439  memory: 8861  loss: 1.0735  decode.loss_ohem: 0.7363  decode.acc_seg: 93.6309  aux_0.loss_ce: 0.3373  aux_0.acc_seg: 90.3235
2026/07/23 16:37:50 - mmengine - INFO - Iter(train) [ 67800/160000]  lr: 6.1623e-03  eta: 9:33:44  time: 0.3701  data_time: 0.0454  memory: 8860  loss: 1.0138  decode.loss_ohem: 0.6996  decode.acc_seg: 89.5300  aux_0.loss_ce: 0.3142  aux_0.acc_seg: 88.7871
2026/07/23 16:38:27 - mmengine - INFO - Iter(train) [ 67900/160000]  lr: 6.1563e-03  eta: 9:33:07  time: 0.3716  data_time: 0.0459  memory: 8861  loss: 1.0887  decode.loss_ohem: 0.7351  decode.acc_seg: 91.7552  aux_0.loss_ce: 0.3536  aux_0.acc_seg: 87.1626
2026/07/23 16:39:04 - mmengine - INFO - Exp name: dsanet_cityscapes_512x1024_20260723_093233
2026/07/23 16:39:04 - mmengine - INFO - Iter(train) [ 68000/160000]  lr: 6.1502e-03  eta: 9:32:29  time: 0.3712  data_time: 0.0453  memory: 8861  loss: 1.1429  decode.loss_ohem: 0.7494  decode.acc_seg: 90.6639  aux_0.loss_ce: 0.3935  aux_0.acc_seg: 84.7161
2026/07/23 16:39:41 - mmengine - INFO - Iter(train) [ 68100/160000]  lr: 6.1442e-03  eta: 9:31:51  time: 0.3697  data_time: 0.0442  memory: 8860  loss: 1.0420  decode.loss_ohem: 0.7220  decode.acc_seg: 94.0423  aux_0.loss_ce: 0.3199  aux_0.acc_seg: 89.5883
2026/07/23 16:40:18 - mmengine - INFO - Iter(train) [ 68200/160000]  lr: 6.1382e-03  eta: 9:31:13  time: 0.3698  data_time: 0.0446  memory: 8862  loss: 1.1515  decode.loss_ohem: 0.7719  decode.acc_seg: 90.1207  aux_0.loss_ce: 0.3796  aux_0.acc_seg: 86.6607
2026/07/23 16:40:55 - mmengine - INFO - Iter(train) [ 68300/160000]  lr: 6.1322e-03  eta: 9:30:36  time: 0.3696  data_time: 0.0442  memory: 8862  loss: 1.1523  decode.loss_ohem: 0.7743  decode.acc_seg: 92.0136  aux_0.loss_ce: 0.3780  aux_0.acc_seg: 89.4586
2026/07/23 16:41:32 - mmengine - INFO - Iter(train) [ 68400/160000]  lr: 6.1262e-03  eta: 9:29:58  time: 0.3710  data_time: 0.0456  memory: 8862  loss: 1.0557  decode.loss_ohem: 0.6961  decode.acc_seg: 92.2089  aux_0.loss_ce: 0.3596  aux_0.acc_seg: 86.8546
2026/07/23 16:42:09 - mmengine - INFO - Iter(train) [ 68500/160000]  lr: 6.1202e-03  eta: 9:29:21  time: 0.3711  data_time: 0.0456  memory: 8861  loss: 1.0845  decode.loss_ohem: 0.7412  decode.acc_seg: 91.6425  aux_0.loss_ce: 0.3434  aux_0.acc_seg: 87.6055
2026/07/23 16:42:46 - mmengine - INFO - Iter(train) [ 68600/160000]  lr: 6.1142e-03  eta: 9:28:43  time: 0.3708  data_time: 0.0459  memory: 8860  loss: 1.1732  decode.loss_ohem: 0.8011  decode.acc_seg: 89.7387  aux_0.loss_ce: 0.3721  aux_0.acc_seg: 82.6825
2026/07/23 16:43:23 - mmengine - INFO - Iter(train) [ 68700/160000]  lr: 6.1082e-03  eta: 9:28:05  time: 0.3701  data_time: 0.0446  memory: 8862  loss: 1.1512  decode.loss_ohem: 0.7952  decode.acc_seg: 87.4143  aux_0.loss_ce: 0.3560  aux_0.acc_seg: 84.4363
2026/07/23 16:44:00 - mmengine - INFO - Iter(train) [ 68800/160000]  lr: 6.1022e-03  eta: 9:27:28  time: 0.3702  data_time: 0.0447  memory: 8860  loss: 1.1765  decode.loss_ohem: 0.8050  decode.acc_seg: 87.1135  aux_0.loss_ce: 0.3715  aux_0.acc_seg: 78.6859
2026/07/23 16:44:37 - mmengine - INFO - Iter(train) [ 68900/160000]  lr: 6.0962e-03  eta: 9:26:50  time: 0.3705  data_time: 0.0455  memory: 8860  loss: 1.1249  decode.loss_ohem: 0.7953  decode.acc_seg: 91.0557  aux_0.loss_ce: 0.3296  aux_0.acc_seg: 88.5730
2026/07/23 16:45:14 - mmengine - INFO - Exp name: dsanet_cityscapes_512x1024_20260723_093233
2026/07/23 16:45:14 - mmengine - INFO - Iter(train) [ 69000/160000]  lr: 6.0901e-03  eta: 9:26:12  time: 0.3698  data_time: 0.0450  memory: 8860  loss: 1.0917  decode.loss_ohem: 0.7645  decode.acc_seg: 93.2508  aux_0.loss_ce: 0.3272  aux_0.acc_seg: 90.9057
2026/07/23 16:45:52 - mmengine - INFO - Iter(train) [ 69100/160000]  lr: 6.0841e-03  eta: 9:25:34  time: 0.3697  data_time: 0.0441  memory: 8862  loss: 1.1348  decode.loss_ohem: 0.7961  decode.acc_seg: 88.7078  aux_0.loss_ce: 0.3387  aux_0.acc_seg: 86.3097
2026/07/23 16:46:29 - mmengine - INFO - Iter(train) [ 69200/160000]  lr: 6.0781e-03  eta: 9:24:57  time: 0.3712  data_time: 0.0451  memory: 8860  loss: 1.1288  decode.loss_ohem: 0.7753  decode.acc_seg: 92.2462  aux_0.loss_ce: 0.3535  aux_0.acc_seg: 88.4686
2026/07/23 16:47:06 - mmengine - INFO - Iter(train) [ 69300/160000]  lr: 6.0721e-03  eta: 9:24:19  time: 0.3733  data_time: 0.0474  memory: 8862  loss: 1.0166  decode.loss_ohem: 0.7097  decode.acc_seg: 94.1886  aux_0.loss_ce: 0.3069  aux_0.acc_seg: 90.3462
2026/07/23 16:47:43 - mmengine - INFO - Iter(train) [ 69400/160000]  lr: 6.0661e-03  eta: 9:23:41  time: 0.3692  data_time: 0.0442  memory: 8861  loss: 1.0099  decode.loss_ohem: 0.6891  decode.acc_seg: 92.7360  aux_0.loss_ce: 0.3208  aux_0.acc_seg: 87.9755
2026/07/23 16:48:20 - mmengine - INFO - Iter(train) [ 69500/160000]  lr: 6.0601e-03  eta: 9:23:03  time: 0.3698  data_time: 0.0452  memory: 8860  loss: 1.0572  decode.loss_ohem: 0.7394  decode.acc_seg: 92.5164  aux_0.loss_ce: 0.3179  aux_0.acc_seg: 88.1529
2026/07/23 16:48:57 - mmengine - INFO - Iter(train) [ 69600/160000]  lr: 6.0541e-03  eta: 9:22:26  time: 0.3706  data_time: 0.0451  memory: 8859  loss: 1.0185  decode.loss_ohem: 0.6975  decode.acc_seg: 90.2576  aux_0.loss_ce: 0.3210  aux_0.acc_seg: 86.9386
2026/07/23 16:49:34 - mmengine - INFO - Iter(train) [ 69700/160000]  lr: 6.0480e-03  eta: 9:21:48  time: 0.3726  data_time: 0.0460  memory: 8859  loss: 1.1421  decode.loss_ohem: 0.8044  decode.acc_seg: 91.9695  aux_0.loss_ce: 0.3377  aux_0.acc_seg: 87.6527
2026/07/23 16:50:11 - mmengine - INFO - Iter(train) [ 69800/160000]  lr: 6.0420e-03  eta: 9:21:10  time: 0.3773  data_time: 0.0457  memory: 8860  loss: 1.1770  decode.loss_ohem: 0.8508  decode.acc_seg: 91.7550  aux_0.loss_ce: 0.3262  aux_0.acc_seg: 88.3945
2026/07/23 16:50:48 - mmengine - INFO - Iter(train) [ 69900/160000]  lr: 6.0360e-03  eta: 9:20:33  time: 0.3709  data_time: 0.0455  memory: 8860  loss: 1.0042  decode.loss_ohem: 0.6949  decode.acc_seg: 93.5153  aux_0.loss_ce: 0.3093  aux_0.acc_seg: 90.3282
2026/07/23 16:51:25 - mmengine - INFO - Exp name: dsanet_cityscapes_512x1024_20260723_093233
2026/07/23 16:51:25 - mmengine - INFO - Iter(train) [ 70000/160000]  lr: 6.0300e-03  eta: 9:19:55  time: 0.3684  data_time: 0.0437  memory: 8861  loss: 1.1820  decode.loss_ohem: 0.8257  decode.acc_seg: 89.7609  aux_0.loss_ce: 0.3563  aux_0.acc_seg: 86.3564
2026/07/23 16:51:25 - mmengine - INFO - Saving checkpoint at 70000 iterations
2026/07/23 16:51:31 - mmengine - INFO - Iter(val) [100/250]    eta: 0:00:08  time: 0.0516  data_time: 0.0181  memory: 728  
2026/07/23 16:51:36 - mmengine - INFO - Iter(val) [200/250]    eta: 0:00:02  time: 0.0524  data_time: 0.0183  memory: 728  
2026/07/23 16:51:39 - mmengine - INFO - per class results:
2026/07/23 16:51:39 - mmengine - INFO - 
+---------------+-------+-------+
|     Class     |  IoU  |  Acc  |
+---------------+-------+-------+
|      road     | 97.19 |  98.8 |
|    sidewalk   | 78.07 | 86.69 |
|    building   | 89.21 | 94.71 |
|      wall     | 44.89 | 51.26 |
|     fence     | 46.72 |  53.9 |
|      pole     | 49.41 | 58.78 |
| traffic light | 49.04 | 60.71 |
|  traffic sign | 64.48 | 74.37 |
|   vegetation  | 89.73 | 95.79 |
|    terrain    | 55.54 | 63.73 |
|      sky      | 92.53 | 97.49 |
|     person    | 71.67 | 85.06 |
|     rider     | 47.21 |  67.5 |
|      car      | 90.95 | 96.39 |
|     truck     | 27.99 | 28.71 |
|      bus      | 56.78 | 92.09 |
|     train     | 24.47 |  38.6 |
|   motorcycle  | 39.77 | 66.18 |
|    bicycle    | 66.34 | 84.85 |
+---------------+-------+-------+
2026/07/23 16:51:39 - mmengine - INFO - Iter(val) [250/250]    aAcc: 94.0100  mIoU: 62.2100  mAcc: 73.4500  data_time: 0.0193  time: 0.0531
2026/07/23 16:52:16 - mmengine - INFO - Iter(train) [ 70100/160000]  lr: 6.0240e-03  eta: 9:19:17  time: 0.3698  data_time: 0.0448  memory: 8859  loss: 1.1101  decode.loss_ohem: 0.7598  decode.acc_seg: 90.5765  aux_0.loss_ce: 0.3503  aux_0.acc_seg: 87.3174
2026/07/23 16:52:53 - mmengine - INFO - Iter(train) [ 70200/160000]  lr: 6.0179e-03  eta: 9:18:40  time: 0.3681  data_time: 0.0434  memory: 8859  loss: 1.0780  decode.loss_ohem: 0.7267  decode.acc_seg: 92.6713  aux_0.loss_ce: 0.3513  aux_0.acc_seg: 88.9122
2026/07/23 16:53:30 - mmengine - INFO - Iter(train) [ 70300/160000]  lr: 6.0119e-03  eta: 9:18:02  time: 0.3700  data_time: 0.0443  memory: 8859  loss: 1.0610  decode.loss_ohem: 0.7060  decode.acc_seg: 88.7984  aux_0.loss_ce: 0.3550  aux_0.acc_seg: 84.2497
2026/07/23 16:54:07 - mmengine - INFO - Iter(train) [ 70400/160000]  lr: 6.0059e-03  eta: 9:17:24  time: 0.3715  data_time: 0.0456  memory: 8859  loss: 1.1366  decode.loss_ohem: 0.7861  decode.acc_seg: 88.7475  aux_0.loss_ce: 0.3506  aux_0.acc_seg: 81.8433
2026/07/23 16:54:44 - mmengine - INFO - Iter(train) [ 70500/160000]  lr: 5.9999e-03  eta: 9:16:47  time: 0.3699  data_time: 0.0444  memory: 8860  loss: 1.0610  decode.loss_ohem: 0.7252  decode.acc_seg: 91.8575  aux_0.loss_ce: 0.3357  aux_0.acc_seg: 90.1002
2026/07/23 16:55:21 - mmengine - INFO - Iter(train) [ 70600/160000]  lr: 5.9938e-03  eta: 9:16:09  time: 0.3695  data_time: 0.0446  memory: 8860  loss: 1.0744  decode.loss_ohem: 0.7546  decode.acc_seg: 91.8927  aux_0.loss_ce: 0.3199  aux_0.acc_seg: 88.4843
2026/07/23 16:55:58 - mmengine - INFO - Iter(train) [ 70700/160000]  lr: 5.9878e-03  eta: 9:15:31  time: 0.3698  data_time: 0.0441  memory: 8859  loss: 1.1104  decode.loss_ohem: 0.7669  decode.acc_seg: 91.0707  aux_0.loss_ce: 0.3435  aux_0.acc_seg: 88.2652
2026/07/23 16:56:35 - mmengine - INFO - Iter(train) [ 70800/160000]  lr: 5.9818e-03  eta: 9:14:53  time: 0.3700  data_time: 0.0452  memory: 8860  loss: 1.0655  decode.loss_ohem: 0.7413  decode.acc_seg: 92.7279  aux_0.loss_ce: 0.3242  aux_0.acc_seg: 87.7332
2026/07/23 16:57:12 - mmengine - INFO - Iter(train) [ 70900/160000]  lr: 5.9758e-03  eta: 9:14:16  time: 0.3717  data_time: 0.0457  memory: 8862  loss: 1.2253  decode.loss_ohem: 0.8548  decode.acc_seg: 89.5975  aux_0.loss_ce: 0.3705  aux_0.acc_seg: 88.4029
2026/07/23 16:57:49 - mmengine - INFO - Exp name: dsanet_cityscapes_512x1024_20260723_093233
2026/07/23 16:57:49 - mmengine - INFO - Iter(train) [ 71000/160000]  lr: 5.9697e-03  eta: 9:13:38  time: 0.3695  data_time: 0.0444  memory: 8862  loss: 1.0618  decode.loss_ohem: 0.7435  decode.acc_seg: 94.7300  aux_0.loss_ce: 0.3184  aux_0.acc_seg: 93.0272
2026/07/23 16:58:26 - mmengine - INFO - Iter(train) [ 71100/160000]  lr: 5.9637e-03  eta: 9:13:01  time: 0.3746  data_time: 0.0479  memory: 8860  loss: 1.0688  decode.loss_ohem: 0.7449  decode.acc_seg: 93.2048  aux_0.loss_ce: 0.3239  aux_0.acc_seg: 89.0390
2026/07/23 16:59:04 - mmengine - INFO - Iter(train) [ 71200/160000]  lr: 5.9577e-03  eta: 9:12:24  time: 0.3708  data_time: 0.0452  memory: 8861  loss: 1.0664  decode.loss_ohem: 0.7396  decode.acc_seg: 92.1609  aux_0.loss_ce: 0.3268  aux_0.acc_seg: 88.5617
2026/07/23 16:59:41 - mmengine - INFO - Iter(train) [ 71300/160000]  lr: 5.9517e-03  eta: 9:11:46  time: 0.3703  data_time: 0.0452  memory: 8860  loss: 1.1556  decode.loss_ohem: 0.7747  decode.acc_seg: 87.1158  aux_0.loss_ce: 0.3809  aux_0.acc_seg: 84.3277
2026/07/23 17:00:18 - mmengine - INFO - Iter(train) [ 71400/160000]  lr: 5.9456e-03  eta: 9:11:08  time: 0.3702  data_time: 0.0452  memory: 8860  loss: 1.1309  decode.loss_ohem: 0.7709  decode.acc_seg: 85.8872  aux_0.loss_ce: 0.3600  aux_0.acc_seg: 79.9560
2026/07/23 17:00:55 - mmengine - INFO - Iter(train) [ 71500/160000]  lr: 5.9396e-03  eta: 9:10:31  time: 0.3717  data_time: 0.0462  memory: 8859  loss: 1.0230  decode.loss_ohem: 0.7032  decode.acc_seg: 91.8795  aux_0.loss_ce: 0.3198  aux_0.acc_seg: 84.8832
2026/07/23 17:01:32 - mmengine - INFO - Iter(train) [ 71600/160000]  lr: 5.9336e-03  eta: 9:09:53  time: 0.3719  data_time: 0.0454  memory: 8860  loss: 1.0698  decode.loss_ohem: 0.7132  decode.acc_seg: 93.2001  aux_0.loss_ce: 0.3566  aux_0.acc_seg: 88.7181
2026/07/23 17:02:09 - mmengine - INFO - Iter(train) [ 71700/160000]  lr: 5.9275e-03  eta: 9:09:15  time: 0.3697  data_time: 0.0446  memory: 8860  loss: 1.1339  decode.loss_ohem: 0.7943  decode.acc_seg: 94.2601  aux_0.loss_ce: 0.3397  aux_0.acc_seg: 89.5810
2026/07/23 17:02:47 - mmengine - INFO - Iter(train) [ 71800/160000]  lr: 5.9215e-03  eta: 9:08:38  time: 0.3727  data_time: 0.0468  memory: 8861  loss: 1.0912  decode.loss_ohem: 0.7410  decode.acc_seg: 93.0838  aux_0.loss_ce: 0.3502  aux_0.acc_seg: 90.9576
2026/07/23 17:03:24 - mmengine - INFO - Iter(train) [ 71900/160000]  lr: 5.9155e-03  eta: 9:08:00  time: 0.3706  data_time: 0.0449  memory: 8860  loss: 1.2121  decode.loss_ohem: 0.8283  decode.acc_seg: 91.5873  aux_0.loss_ce: 0.3839  aux_0.acc_seg: 84.2681
2026/07/23 17:04:01 - mmengine - INFO - Exp name: dsanet_cityscapes_512x1024_20260723_093233
2026/07/23 17:04:01 - mmengine - INFO - Iter(train) [ 72000/160000]  lr: 5.9094e-03  eta: 9:07:23  time: 0.3711  data_time: 0.0450  memory: 8860  loss: 1.0905  decode.loss_ohem: 0.7412  decode.acc_seg: 89.2806  aux_0.loss_ce: 0.3493  aux_0.acc_seg: 86.0854
2026/07/23 17:04:38 - mmengine - INFO - Iter(train) [ 72100/160000]  lr: 5.9034e-03  eta: 9:06:45  time: 0.3716  data_time: 0.0452  memory: 8860  loss: 1.0636  decode.loss_ohem: 0.7004  decode.acc_seg: 93.0427  aux_0.loss_ce: 0.3632  aux_0.acc_seg: 90.4974
2026/07/23 17:05:15 - mmengine - INFO - Iter(train) [ 72200/160000]  lr: 5.8974e-03  eta: 9:06:07  time: 0.3700  data_time: 0.0447  memory: 8862  loss: 1.1212  decode.loss_ohem: 0.7531  decode.acc_seg: 92.9941  aux_0.loss_ce: 0.3680  aux_0.acc_seg: 85.7068
2026/07/23 17:05:52 - mmengine - INFO - Iter(train) [ 72300/160000]  lr: 5.8913e-03  eta: 9:05:30  time: 0.3697  data_time: 0.0447  memory: 8860  loss: 1.1215  decode.loss_ohem: 0.7778  decode.acc_seg: 90.3207  aux_0.loss_ce: 0.3437  aux_0.acc_seg: 87.1453
2026/07/23 17:06:29 - mmengine - INFO - Iter(train) [ 72400/160000]  lr: 5.8853e-03  eta: 9:04:52  time: 0.3714  data_time: 0.0455  memory: 8860  loss: 1.0529  decode.loss_ohem: 0.7282  decode.acc_seg: 92.2037  aux_0.loss_ce: 0.3247  aux_0.acc_seg: 89.7457
2026/07/23 17:07:06 - mmengine - INFO - Iter(train) [ 72500/160000]  lr: 5.8793e-03  eta: 9:04:15  time: 0.3782  data_time: 0.0458  memory: 8860  loss: 1.1199  decode.loss_ohem: 0.7789  decode.acc_seg: 89.4873  aux_0.loss_ce: 0.3409  aux_0.acc_seg: 85.2418
2026/07/23 17:07:43 - mmengine - INFO - Iter(train) [ 72600/160000]  lr: 5.8732e-03  eta: 9:03:37  time: 0.3680  data_time: 0.0437  memory: 8861  loss: 1.1234  decode.loss_ohem: 0.7799  decode.acc_seg: 91.3536  aux_0.loss_ce: 0.3435  aux_0.acc_seg: 88.6457
2026/07/23 17:08:20 - mmengine - INFO - Iter(train) [ 72700/160000]  lr: 5.8672e-03  eta: 9:02:59  time: 0.3696  data_time: 0.0447  memory: 8862  loss: 1.0794  decode.loss_ohem: 0.7429  decode.acc_seg: 93.9590  aux_0.loss_ce: 0.3365  aux_0.acc_seg: 91.3348
2026/07/23 17:08:58 - mmengine - INFO - Iter(train) [ 72800/160000]  lr: 5.8612e-03  eta: 9:02:22  time: 0.3716  data_time: 0.0458  memory: 8861  loss: 1.1464  decode.loss_ohem: 0.7999  decode.acc_seg: 88.5587  aux_0.loss_ce: 0.3465  aux_0.acc_seg: 85.6901
2026/07/23 17:09:35 - mmengine - INFO - Iter(train) [ 72900/160000]  lr: 5.8551e-03  eta: 9:01:44  time: 0.3719  data_time: 0.0461  memory: 8859  loss: 1.1714  decode.loss_ohem: 0.7925  decode.acc_seg: 89.1914  aux_0.loss_ce: 0.3789  aux_0.acc_seg: 87.7796
2026/07/23 17:10:12 - mmengine - INFO - Exp name: dsanet_cityscapes_512x1024_20260723_093233
2026/07/23 17:10:12 - mmengine - INFO - Iter(train) [ 73000/160000]  lr: 5.8491e-03  eta: 9:01:07  time: 0.3697  data_time: 0.0448  memory: 8861  loss: 1.0702  decode.loss_ohem: 0.7292  decode.acc_seg: 91.1143  aux_0.loss_ce: 0.3410  aux_0.acc_seg: 86.9404
2026/07/23 17:10:49 - mmengine - INFO - Iter(train) [ 73100/160000]  lr: 5.8430e-03  eta: 9:00:29  time: 0.3710  data_time: 0.0454  memory: 8861  loss: 1.0782  decode.loss_ohem: 0.7253  decode.acc_seg: 91.2298  aux_0.loss_ce: 0.3530  aux_0.acc_seg: 88.4816
2026/07/23 17:11:26 - mmengine - INFO - Iter(train) [ 73200/160000]  lr: 5.8370e-03  eta: 8:59:52  time: 0.3716  data_time: 0.0457  memory: 8862  loss: 0.9623  decode.loss_ohem: 0.6695  decode.acc_seg: 90.1384  aux_0.loss_ce: 0.2928  aux_0.acc_seg: 86.9520
2026/07/23 17:12:03 - mmengine - INFO - Iter(train) [ 73300/160000]  lr: 5.8309e-03  eta: 8:59:14  time: 0.3718  data_time: 0.0460  memory: 8859  loss: 1.0574  decode.loss_ohem: 0.7149  decode.acc_seg: 89.4260  aux_0.loss_ce: 0.3425  aux_0.acc_seg: 83.5160
2026/07/23 17:12:41 - mmengine - INFO - Iter(train) [ 73400/160000]  lr: 5.8249e-03  eta: 8:58:37  time: 0.3720  data_time: 0.0464  memory: 8859  loss: 1.1074  decode.loss_ohem: 0.7897  decode.acc_seg: 90.7972  aux_0.loss_ce: 0.3178  aux_0.acc_seg: 87.9564
2026/07/23 17:13:18 - mmengine - INFO - Iter(train) [ 73500/160000]  lr: 5.8189e-03  eta: 8:57:59  time: 0.3732  data_time: 0.0464  memory: 8861  loss: 1.1863  decode.loss_ohem: 0.7853  decode.acc_seg: 85.3638  aux_0.loss_ce: 0.4010  aux_0.acc_seg: 79.5618
2026/07/23 17:13:55 - mmengine - INFO - Iter(train) [ 73600/160000]  lr: 5.8128e-03  eta: 8:57:22  time: 0.3703  data_time: 0.0448  memory: 8860  loss: 1.1052  decode.loss_ohem: 0.7723  decode.acc_seg: 91.9665  aux_0.loss_ce: 0.3329  aux_0.acc_seg: 89.0481
2026/07/23 17:14:32 - mmengine - INFO - Iter(train) [ 73700/160000]  lr: 5.8068e-03  eta: 8:56:44  time: 0.3699  data_time: 0.0448  memory: 8861  loss: 1.1151  decode.loss_ohem: 0.7677  decode.acc_seg: 91.4570  aux_0.loss_ce: 0.3474  aux_0.acc_seg: 87.9577
2026/07/23 17:15:09 - mmengine - INFO - Iter(train) [ 73800/160000]  lr: 5.8007e-03  eta: 8:56:07  time: 0.3723  data_time: 0.0467  memory: 8859  loss: 1.0436  decode.loss_ohem: 0.7331  decode.acc_seg: 92.3337  aux_0.loss_ce: 0.3105  aux_0.acc_seg: 88.2596
2026/07/23 17:15:47 - mmengine - INFO - Iter(train) [ 73900/160000]  lr: 5.7947e-03  eta: 8:55:30  time: 0.3731  data_time: 0.0471  memory: 8860  loss: 1.1147  decode.loss_ohem: 0.7472  decode.acc_seg: 91.9225  aux_0.loss_ce: 0.3675  aux_0.acc_seg: 87.7406
2026/07/23 17:16:24 - mmengine - INFO - Exp name: dsanet_cityscapes_512x1024_20260723_093233
2026/07/23 17:16:24 - mmengine - INFO - Iter(train) [ 74000/160000]  lr: 5.7886e-03  eta: 8:54:52  time: 0.3693  data_time: 0.0447  memory: 8860  loss: 1.1322  decode.loss_ohem: 0.7857  decode.acc_seg: 93.3732  aux_0.loss_ce: 0.3465  aux_0.acc_seg: 88.7514
2026/07/23 17:17:01 - mmengine - INFO - Iter(train) [ 74100/160000]  lr: 5.7826e-03  eta: 8:54:14  time: 0.3711  data_time: 0.0461  memory: 8860  loss: 1.1258  decode.loss_ohem: 0.7880  decode.acc_seg: 87.7431  aux_0.loss_ce: 0.3378  aux_0.acc_seg: 85.1568
2026/07/23 17:17:38 - mmengine - INFO - Iter(train) [ 74200/160000]  lr: 5.7765e-03  eta: 8:53:37  time: 0.3703  data_time: 0.0449  memory: 8862  loss: 1.1173  decode.loss_ohem: 0.7731  decode.acc_seg: 93.7530  aux_0.loss_ce: 0.3442  aux_0.acc_seg: 90.4536
2026/07/23 17:18:15 - mmengine - INFO - Iter(train) [ 74300/160000]  lr: 5.7705e-03  eta: 8:52:59  time: 0.3727  data_time: 0.0467  memory: 8860  loss: 1.0907  decode.loss_ohem: 0.7474  decode.acc_seg: 89.0324  aux_0.loss_ce: 0.3432  aux_0.acc_seg: 84.3504
2026/07/23 17:18:52 - mmengine - INFO - Iter(train) [ 74400/160000]  lr: 5.7644e-03  eta: 8:52:22  time: 0.3704  data_time: 0.0446  memory: 8862  loss: 1.0686  decode.loss_ohem: 0.7340  decode.acc_seg: 92.0743  aux_0.loss_ce: 0.3346  aux_0.acc_seg: 88.4039
2026/07/23 17:19:29 - mmengine - INFO - Iter(train) [ 74500/160000]  lr: 5.7584e-03  eta: 8:51:44  time: 0.3712  data_time: 0.0458  memory: 8859  loss: 1.1201  decode.loss_ohem: 0.7813  decode.acc_seg: 92.5471  aux_0.loss_ce: 0.3388  aux_0.acc_seg: 88.6117
2026/07/23 17:20:06 - mmengine - INFO - Iter(train) [ 74600/160000]  lr: 5.7523e-03  eta: 8:51:06  time: 0.3713  data_time: 0.0456  memory: 8860  loss: 1.1060  decode.loss_ohem: 0.7596  decode.acc_seg: 90.5004  aux_0.loss_ce: 0.3465  aux_0.acc_seg: 86.1820
2026/07/23 17:20:44 - mmengine - INFO - Iter(train) [ 74700/160000]  lr: 5.7463e-03  eta: 8:50:29  time: 0.3706  data_time: 0.0449  memory: 8860  loss: 1.0721  decode.loss_ohem: 0.7353  decode.acc_seg: 88.9851  aux_0.loss_ce: 0.3368  aux_0.acc_seg: 84.2299
2026/07/23 17:21:21 - mmengine - INFO - Iter(train) [ 74800/160000]  lr: 5.7402e-03  eta: 8:49:51  time: 0.3708  data_time: 0.0453  memory: 8862  loss: 1.1284  decode.loss_ohem: 0.7936  decode.acc_seg: 89.5553  aux_0.loss_ce: 0.3348  aux_0.acc_seg: 84.7654
2026/07/23 17:21:58 - mmengine - INFO - Iter(train) [ 74900/160000]  lr: 5.7342e-03  eta: 8:49:14  time: 0.3708  data_time: 0.0453  memory: 8862  loss: 1.0226  decode.loss_ohem: 0.6829  decode.acc_seg: 91.1199  aux_0.loss_ce: 0.3397  aux_0.acc_seg: 84.4439
2026/07/23 17:22:35 - mmengine - INFO - Exp name: dsanet_cityscapes_512x1024_20260723_093233
2026/07/23 17:22:35 - mmengine - INFO - Iter(train) [ 75000/160000]  lr: 5.7281e-03  eta: 8:48:36  time: 0.3698  data_time: 0.0447  memory: 8861  loss: 1.1305  decode.loss_ohem: 0.7806  decode.acc_seg: 90.3510  aux_0.loss_ce: 0.3499  aux_0.acc_seg: 84.4549
2026/07/23 17:22:35 - mmengine - INFO - Saving checkpoint at 75000 iterations
2026/07/23 17:22:41 - mmengine - INFO - Iter(val) [100/250]    eta: 0:00:08  time: 0.0521  data_time: 0.0185  memory: 728  
2026/07/23 17:22:46 - mmengine - INFO - Iter(val) [200/250]    eta: 0:00:02  time: 0.0526  data_time: 0.0187  memory: 728  
2026/07/23 17:22:49 - mmengine - INFO - per class results:
2026/07/23 17:22:49 - mmengine - INFO - 
+---------------+-------+-------+
|     Class     |  IoU  |  Acc  |
+---------------+-------+-------+
|      road     | 96.61 | 97.65 |
|    sidewalk   | 75.54 | 90.35 |
|    building   | 87.81 | 95.37 |
|      wall     | 35.83 | 39.68 |
|     fence     | 46.66 | 53.77 |
|      pole     | 46.35 | 54.34 |
| traffic light |  46.9 | 55.87 |
|  traffic sign | 62.26 | 71.68 |
|   vegetation  | 88.82 |  94.3 |
|    terrain    | 55.17 | 63.87 |
|      sky      | 92.04 | 96.45 |
|     person    | 71.46 | 86.29 |
|     rider     | 48.58 | 64.49 |
|      car      |  89.7 | 97.48 |
|     truck     | 55.11 | 65.29 |
|      bus      | 57.73 | 60.18 |
|     train     | 51.37 |  79.0 |
|   motorcycle  | 40.54 | 48.76 |
|    bicycle    | 65.69 | 78.25 |
+---------------+-------+-------+
2026/07/23 17:22:49 - mmengine - INFO - Iter(val) [250/250]    aAcc: 93.5000  mIoU: 63.9000  mAcc: 73.3200  data_time: 0.0195  time: 0.0533
2026/07/23 17:22:49 - mmengine - INFO - The previous best checkpoint /root/autodl-tmp/DSANet-main/tools/work_dirs/dsanet_cityscapes_512x1024/best_mIoU_iter_65000.pth is removed
2026/07/23 17:22:49 - mmengine - INFO - The best checkpoint with 63.9000 mIoU at 75000 iter is saved to best_mIoU_iter_75000.pth.
2026/07/23 17:23:27 - mmengine - INFO - Iter(train) [ 75100/160000]  lr: 5.7221e-03  eta: 8:48:00  time: 0.3722  data_time: 0.0464  memory: 8859  loss: 1.1319  decode.loss_ohem: 0.7957  decode.acc_seg: 86.8273  aux_0.loss_ce: 0.3362  aux_0.acc_seg: 82.2279
2026/07/23 17:24:04 - mmengine - INFO - Iter(train) [ 75200/160000]  lr: 5.7160e-03  eta: 8:47:23  time: 0.3744  data_time: 0.0445  memory: 8860  loss: 1.0610  decode.loss_ohem: 0.7266  decode.acc_seg: 89.7696  aux_0.loss_ce: 0.3343  aux_0.acc_seg: 87.6163
2026/07/23 17:24:41 - mmengine - INFO - Iter(train) [ 75300/160000]  lr: 5.7100e-03  eta: 8:46:45  time: 0.3701  data_time: 0.0444  memory: 8860  loss: 1.1694  decode.loss_ohem: 0.7965  decode.acc_seg: 90.4388  aux_0.loss_ce: 0.3729  aux_0.acc_seg: 84.8451
2026/07/23 17:25:19 - mmengine - INFO - Iter(train) [ 75400/160000]  lr: 5.7039e-03  eta: 8:46:08  time: 0.3726  data_time: 0.0469  memory: 8862  loss: 1.0842  decode.loss_ohem: 0.7345  decode.acc_seg: 90.3443  aux_0.loss_ce: 0.3497  aux_0.acc_seg: 85.2110
2026/07/23 17:25:56 - mmengine - INFO - Iter(train) [ 75500/160000]  lr: 5.6978e-03  eta: 8:45:30  time: 0.3727  data_time: 0.0464  memory: 8860  loss: 1.0526  decode.loss_ohem: 0.7235  decode.acc_seg: 89.7873  aux_0.loss_ce: 0.3291  aux_0.acc_seg: 86.3078
2026/07/23 17:26:33 - mmengine - INFO - Iter(train) [ 75600/160000]  lr: 5.6918e-03  eta: 8:44:52  time: 0.3716  data_time: 0.0450  memory: 8861  loss: 1.0676  decode.loss_ohem: 0.7342  decode.acc_seg: 92.1274  aux_0.loss_ce: 0.3334  aux_0.acc_seg: 89.4942
2026/07/23 17:27:10 - mmengine - INFO - Iter(train) [ 75700/160000]  lr: 5.6857e-03  eta: 8:44:15  time: 0.3708  data_time: 0.0449  memory: 8861  loss: 1.1467  decode.loss_ohem: 0.7888  decode.acc_seg: 90.1529  aux_0.loss_ce: 0.3579  aux_0.acc_seg: 87.9026
2026/07/23 17:27:47 - mmengine - INFO - Iter(train) [ 75800/160000]  lr: 5.6797e-03  eta: 8:43:38  time: 0.3720  data_time: 0.0459  memory: 8859  loss: 1.1115  decode.loss_ohem: 0.7785  decode.acc_seg: 90.8082  aux_0.loss_ce: 0.3330  aux_0.acc_seg: 88.4238
2026/07/23 17:28:24 - mmengine - INFO - Iter(train) [ 75900/160000]  lr: 5.6736e-03  eta: 8:43:00  time: 0.3703  data_time: 0.0455  memory: 8859  loss: 1.0667  decode.loss_ohem: 0.7278  decode.acc_seg: 88.5242  aux_0.loss_ce: 0.3389  aux_0.acc_seg: 85.2575
2026/07/23 17:29:01 - mmengine - INFO - Exp name: dsanet_cityscapes_512x1024_20260723_093233
2026/07/23 17:29:01 - mmengine - INFO - Iter(train) [ 76000/160000]  lr: 5.6675e-03  eta: 8:42:23  time: 0.3703  data_time: 0.0455  memory: 8862  loss: 1.0491  decode.loss_ohem: 0.6901  decode.acc_seg: 93.5649  aux_0.loss_ce: 0.3590  aux_0.acc_seg: 89.8868
2026/07/23 17:29:39 - mmengine - INFO - Iter(train) [ 76100/160000]  lr: 5.6615e-03  eta: 8:41:45  time: 0.3719  data_time: 0.0460  memory: 8859  loss: 1.0875  decode.loss_ohem: 0.7626  decode.acc_seg: 91.2655  aux_0.loss_ce: 0.3249  aux_0.acc_seg: 88.0154
2026/07/23 17:30:16 - mmengine - INFO - Iter(train) [ 76200/160000]  lr: 5.6554e-03  eta: 8:41:08  time: 0.3697  data_time: 0.0447  memory: 8859  loss: 1.1180  decode.loss_ohem: 0.7904  decode.acc_seg: 90.3849  aux_0.loss_ce: 0.3275  aux_0.acc_seg: 88.7790
2026/07/23 17:30:53 - mmengine - INFO - Iter(train) [ 76300/160000]  lr: 5.6494e-03  eta: 8:40:30  time: 0.3717  data_time: 0.0460  memory: 8860  loss: 1.1209  decode.loss_ohem: 0.7754  decode.acc_seg: 90.0085  aux_0.loss_ce: 0.3455  aux_0.acc_seg: 89.5349
2026/07/23 17:31:30 - mmengine - INFO - Iter(train) [ 76400/160000]  lr: 5.6433e-03  eta: 8:39:53  time: 0.3712  data_time: 0.0449  memory: 8860  loss: 1.0785  decode.loss_ohem: 0.7359  decode.acc_seg: 88.0547  aux_0.loss_ce: 0.3426  aux_0.acc_seg: 84.9171
2026/07/23 17:32:07 - mmengine - INFO - Iter(train) [ 76500/160000]  lr: 5.6372e-03  eta: 8:39:15  time: 0.3714  data_time: 0.0460  memory: 8860  loss: 1.1402  decode.loss_ohem: 0.7707  decode.acc_seg: 91.1558  aux_0.loss_ce: 0.3695  aux_0.acc_seg: 87.8759
2026/07/23 17:32:45 - mmengine - INFO - Iter(train) [ 76600/160000]  lr: 5.6312e-03  eta: 8:38:38  time: 0.3707  data_time: 0.0446  memory: 8860  loss: 1.0432  decode.loss_ohem: 0.7244  decode.acc_seg: 93.4918  aux_0.loss_ce: 0.3188  aux_0.acc_seg: 88.8174
2026/07/23 17:33:22 - mmengine - INFO - Iter(train) [ 76700/160000]  lr: 5.6251e-03  eta: 8:38:00  time: 0.3715  data_time: 0.0458  memory: 8862  loss: 1.1199  decode.loss_ohem: 0.7533  decode.acc_seg: 91.0115  aux_0.loss_ce: 0.3666  aux_0.acc_seg: 87.4121
2026/07/23 17:33:59 - mmengine - INFO - Iter(train) [ 76800/160000]  lr: 5.6190e-03  eta: 8:37:23  time: 0.3703  data_time: 0.0444  memory: 8862  loss: 0.9993  decode.loss_ohem: 0.6602  decode.acc_seg: 92.6642  aux_0.loss_ce: 0.3391  aux_0.acc_seg: 90.6629
2026/07/23 17:34:36 - mmengine - INFO - Iter(train) [ 76900/160000]  lr: 5.6130e-03  eta: 8:36:45  time: 0.3722  data_time: 0.0462  memory: 8862  loss: 1.1050  decode.loss_ohem: 0.7570  decode.acc_seg: 90.7610  aux_0.loss_ce: 0.3479  aux_0.acc_seg: 88.5642
2026/07/23 17:35:13 - mmengine - INFO - Exp name: dsanet_cityscapes_512x1024_20260723_093233
2026/07/23 17:35:13 - mmengine - INFO - Iter(train) [ 77000/160000]  lr: 5.6069e-03  eta: 8:36:08  time: 0.3705  data_time: 0.0450  memory: 8859  loss: 0.9707  decode.loss_ohem: 0.6914  decode.acc_seg: 93.1219  aux_0.loss_ce: 0.2793  aux_0.acc_seg: 90.3329
2026/07/23 17:35:50 - mmengine - INFO - Iter(train) [ 77100/160000]  lr: 5.6008e-03  eta: 8:35:30  time: 0.3715  data_time: 0.0461  memory: 8861  loss: 1.1647  decode.loss_ohem: 0.7902  decode.acc_seg: 92.7973  aux_0.loss_ce: 0.3745  aux_0.acc_seg: 87.7382
2026/07/23 17:36:27 - mmengine - INFO - Iter(train) [ 77200/160000]  lr: 5.5948e-03  eta: 8:34:53  time: 0.3680  data_time: 0.0452  memory: 8861  loss: 1.0946  decode.loss_ohem: 0.7734  decode.acc_seg: 93.8869  aux_0.loss_ce: 0.3212  aux_0.acc_seg: 91.6784
2026/07/23 17:37:05 - mmengine - INFO - Iter(train) [ 77300/160000]  lr: 5.5887e-03  eta: 8:34:15  time: 0.3724  data_time: 0.0449  memory: 8860  loss: 1.0984  decode.loss_ohem: 0.7562  decode.acc_seg: 91.6629  aux_0.loss_ce: 0.3423  aux_0.acc_seg: 88.8368
2026/07/23 17:37:42 - mmengine - INFO - Iter(train) [ 77400/160000]  lr: 5.5826e-03  eta: 8:33:38  time: 0.3707  data_time: 0.0452  memory: 8860  loss: 1.0408  decode.loss_ohem: 0.6981  decode.acc_seg: 90.1707  aux_0.loss_ce: 0.3426  aux_0.acc_seg: 85.7139
2026/07/23 17:38:19 - mmengine - INFO - Iter(train) [ 77500/160000]  lr: 5.5765e-03  eta: 8:33:00  time: 0.3726  data_time: 0.0460  memory: 8860  loss: 1.1724  decode.loss_ohem: 0.7908  decode.acc_seg: 89.9743  aux_0.loss_ce: 0.3817  aux_0.acc_seg: 87.7266
2026/07/23 17:38:56 - mmengine - INFO - Iter(train) [ 77600/160000]  lr: 5.5705e-03  eta: 8:32:23  time: 0.3735  data_time: 0.0471  memory: 8863  loss: 1.0866  decode.loss_ohem: 0.7452  decode.acc_seg: 91.8652  aux_0.loss_ce: 0.3414  aux_0.acc_seg: 86.1711
2026/07/23 17:39:33 - mmengine - INFO - Iter(train) [ 77700/160000]  lr: 5.5644e-03  eta: 8:31:45  time: 0.3728  data_time: 0.0462  memory: 8860  loss: 1.0209  decode.loss_ohem: 0.6967  decode.acc_seg: 91.8935  aux_0.loss_ce: 0.3242  aux_0.acc_seg: 85.1406
2026/07/23 17:40:10 - mmengine - INFO - Iter(train) [ 77800/160000]  lr: 5.5583e-03  eta: 8:31:08  time: 0.3714  data_time: 0.0457  memory: 8859  loss: 1.1634  decode.loss_ohem: 0.8228  decode.acc_seg: 90.9364  aux_0.loss_ce: 0.3406  aux_0.acc_seg: 83.5856
2026/07/23 17:40:47 - mmengine - INFO - Iter(train) [ 77900/160000]  lr: 5.5522e-03  eta: 8:30:30  time: 0.3736  data_time: 0.0462  memory: 8859  loss: 1.1390  decode.loss_ohem: 0.7835  decode.acc_seg: 89.6681  aux_0.loss_ce: 0.3556  aux_0.acc_seg: 87.3794
2026/07/23 17:41:25 - mmengine - INFO - Exp name: dsanet_cityscapes_512x1024_20260723_093233
2026/07/23 17:41:25 - mmengine - INFO - Iter(train) [ 78000/160000]  lr: 5.5462e-03  eta: 8:29:53  time: 0.3705  data_time: 0.0449  memory: 8862  loss: 1.0591  decode.loss_ohem: 0.6965  decode.acc_seg: 92.9216  aux_0.loss_ce: 0.3626  aux_0.acc_seg: 90.1013
2026/07/23 17:42:02 - mmengine - INFO - Iter(train) [ 78100/160000]  lr: 5.5401e-03  eta: 8:29:16  time: 0.3700  data_time: 0.0452  memory: 8860  loss: 1.1809  decode.loss_ohem: 0.8055  decode.acc_seg: 91.3678  aux_0.loss_ce: 0.3754  aux_0.acc_seg: 86.5821
2026/07/23 17:42:39 - mmengine - INFO - Iter(train) [ 78200/160000]  lr: 5.5340e-03  eta: 8:28:38  time: 0.3725  data_time: 0.0464  memory: 8859  loss: 1.1575  decode.loss_ohem: 0.7929  decode.acc_seg: 90.9965  aux_0.loss_ce: 0.3646  aux_0.acc_seg: 87.2342
2026/07/23 17:43:16 - mmengine - INFO - Iter(train) [ 78300/160000]  lr: 5.5279e-03  eta: 8:28:01  time: 0.3716  data_time: 0.0457  memory: 8859  loss: 1.0847  decode.loss_ohem: 0.7493  decode.acc_seg: 93.5078  aux_0.loss_ce: 0.3354  aux_0.acc_seg: 91.6251
2026/07/23 17:43:53 - mmengine - INFO - Iter(train) [ 78400/160000]  lr: 5.5219e-03  eta: 8:27:23  time: 0.3671  data_time: 0.0456  memory: 8861  loss: 1.1275  decode.loss_ohem: 0.7484  decode.acc_seg: 92.7837  aux_0.loss_ce: 0.3792  aux_0.acc_seg: 88.3404
2026/07/23 17:44:31 - mmengine - INFO - Iter(train) [ 78500/160000]  lr: 5.5158e-03  eta: 8:26:46  time: 0.3768  data_time: 0.0466  memory: 8860  loss: 1.0639  decode.loss_ohem: 0.7298  decode.acc_seg: 92.0736  aux_0.loss_ce: 0.3340  aux_0.acc_seg: 86.3227
2026/07/23 17:45:08 - mmengine - INFO - Iter(train) [ 78600/160000]  lr: 5.5097e-03  eta: 8:26:08  time: 0.3709  data_time: 0.0453  memory: 8860  loss: 1.0581  decode.loss_ohem: 0.7084  decode.acc_seg: 92.6890  aux_0.loss_ce: 0.3496  aux_0.acc_seg: 90.2947
2026/07/23 17:45:45 - mmengine - INFO - Iter(train) [ 78700/160000]  lr: 5.5036e-03  eta: 8:25:31  time: 0.3715  data_time: 0.0458  memory: 8861  loss: 1.0092  decode.loss_ohem: 0.7005  decode.acc_seg: 92.2482  aux_0.loss_ce: 0.3087  aux_0.acc_seg: 88.7311
2026/07/23 17:46:22 - mmengine - INFO - Iter(train) [ 78800/160000]  lr: 5.4975e-03  eta: 8:24:53  time: 0.3720  data_time: 0.0467  memory: 8861  loss: 1.0258  decode.loss_ohem: 0.6811  decode.acc_seg: 89.4506  aux_0.loss_ce: 0.3446  aux_0.acc_seg: 84.8814
2026/07/23 17:46:59 - mmengine - INFO - Iter(train) [ 78900/160000]  lr: 5.4914e-03  eta: 8:24:16  time: 0.3711  data_time: 0.0461  memory: 8859  loss: 1.0457  decode.loss_ohem: 0.7360  decode.acc_seg: 93.6609  aux_0.loss_ce: 0.3097  aux_0.acc_seg: 90.6127
2026/07/23 17:47:36 - mmengine - INFO - Exp name: dsanet_cityscapes_512x1024_20260723_093233
2026/07/23 17:47:36 - mmengine - INFO - Iter(train) [ 79000/160000]  lr: 5.4854e-03  eta: 8:23:38  time: 0.3708  data_time: 0.0450  memory: 8860  loss: 1.1336  decode.loss_ohem: 0.7923  decode.acc_seg: 87.4164  aux_0.loss_ce: 0.3413  aux_0.acc_seg: 83.6658
2026/07/23 17:48:14 - mmengine - INFO - Iter(train) [ 79100/160000]  lr: 5.4793e-03  eta: 8:23:01  time: 0.3697  data_time: 0.0445  memory: 8860  loss: 0.9947  decode.loss_ohem: 0.6856  decode.acc_seg: 91.3096  aux_0.loss_ce: 0.3091  aux_0.acc_seg: 89.5999
2026/07/23 17:48:51 - mmengine - INFO - Iter(train) [ 79200/160000]  lr: 5.4732e-03  eta: 8:22:23  time: 0.3718  data_time: 0.0456  memory: 8860  loss: 1.0245  decode.loss_ohem: 0.7218  decode.acc_seg: 88.4974  aux_0.loss_ce: 0.3026  aux_0.acc_seg: 86.4330
2026/07/23 17:49:28 - mmengine - INFO - Iter(train) [ 79300/160000]  lr: 5.4671e-03  eta: 8:21:46  time: 0.3748  data_time: 0.0467  memory: 8861  loss: 1.1259  decode.loss_ohem: 0.7669  decode.acc_seg: 91.2345  aux_0.loss_ce: 0.3590  aux_0.acc_seg: 86.3499
2026/07/23 17:50:05 - mmengine - INFO - Iter(train) [ 79400/160000]  lr: 5.4610e-03  eta: 8:21:08  time: 0.3690  data_time: 0.0447  memory: 8862  loss: 1.0363  decode.loss_ohem: 0.7029  decode.acc_seg: 90.6246  aux_0.loss_ce: 0.3335  aux_0.acc_seg: 86.3728
2026/07/23 17:50:42 - mmengine - INFO - Iter(train) [ 79500/160000]  lr: 5.4549e-03  eta: 8:20:31  time: 0.3697  data_time: 0.0449  memory: 8859  loss: 1.0727  decode.loss_ohem: 0.7352  decode.acc_seg: 93.7501  aux_0.loss_ce: 0.3375  aux_0.acc_seg: 89.2216
2026/07/23 17:51:19 - mmengine - INFO - Iter(train) [ 79600/160000]  lr: 5.4488e-03  eta: 8:19:53  time: 0.3703  data_time: 0.0450  memory: 8860  loss: 1.0874  decode.loss_ohem: 0.7274  decode.acc_seg: 90.4631  aux_0.loss_ce: 0.3600  aux_0.acc_seg: 86.8813
2026/07/23 17:51:56 - mmengine - INFO - Iter(train) [ 79700/160000]  lr: 5.4428e-03  eta: 8:19:16  time: 0.3707  data_time: 0.0448  memory: 8859  loss: 1.1961  decode.loss_ohem: 0.8313  decode.acc_seg: 92.8477  aux_0.loss_ce: 0.3648  aux_0.acc_seg: 89.0196
2026/07/23 17:52:34 - mmengine - INFO - Iter(train) [ 79800/160000]  lr: 5.4367e-03  eta: 8:18:38  time: 0.3692  data_time: 0.0441  memory: 8859  loss: 1.0645  decode.loss_ohem: 0.7448  decode.acc_seg: 93.1143  aux_0.loss_ce: 0.3198  aux_0.acc_seg: 90.1928
2026/07/23 17:53:11 - mmengine - INFO - Iter(train) [ 79900/160000]  lr: 5.4306e-03  eta: 8:18:01  time: 0.3713  data_time: 0.0459  memory: 8861  loss: 1.1182  decode.loss_ohem: 0.7780  decode.acc_seg: 91.0704  aux_0.loss_ce: 0.3402  aux_0.acc_seg: 86.0973
2026/07/23 17:53:48 - mmengine - INFO - Exp name: dsanet_cityscapes_512x1024_20260723_093233
2026/07/23 17:53:48 - mmengine - INFO - Iter(train) [ 80000/160000]  lr: 5.4245e-03  eta: 8:17:23  time: 0.3714  data_time: 0.0462  memory: 8860  loss: 1.1339  decode.loss_ohem: 0.8024  decode.acc_seg: 90.0384  aux_0.loss_ce: 0.3314  aux_0.acc_seg: 84.3480
2026/07/23 17:53:48 - mmengine - INFO - Saving checkpoint at 80000 iterations
2026/07/23 17:53:54 - mmengine - INFO - Iter(val) [100/250]    eta: 0:00:08  time: 0.0518  data_time: 0.0184  memory: 728  
2026/07/23 17:53:59 - mmengine - INFO - Iter(val) [200/250]    eta: 0:00:02  time: 0.0524  data_time: 0.0187  memory: 728  
2026/07/23 17:54:01 - mmengine - INFO - per class results:
2026/07/23 17:54:01 - mmengine - INFO - 
+---------------+-------+-------+
|     Class     |  IoU  |  Acc  |
+---------------+-------+-------+
|      road     | 97.15 | 98.39 |
|    sidewalk   | 79.15 | 88.78 |
|    building   | 88.94 | 94.32 |
|      wall     |  40.4 | 53.44 |
|     fence     | 47.77 | 56.25 |
|      pole     | 50.91 | 62.19 |
| traffic light | 50.63 | 61.91 |
|  traffic sign | 64.86 | 77.23 |
|   vegetation  | 89.91 | 95.81 |
|    terrain    |  58.2 | 67.48 |
|      sky      |  92.6 | 96.54 |
|     person    | 66.77 | 91.11 |
|     rider     | 40.29 | 49.27 |
|      car      | 90.51 | 97.29 |
|     truck     | 48.28 | 52.74 |
|      bus      | 69.09 |  82.1 |
|     train     | 42.81 | 57.17 |
|   motorcycle  |  16.0 | 16.54 |
|    bicycle    | 63.43 | 71.19 |
+---------------+-------+-------+
2026/07/23 17:54:01 - mmengine - INFO - Iter(val) [250/250]    aAcc: 94.0100  mIoU: 63.0400  mAcc: 72.0900  data_time: 0.0195  time: 0.0533
2026/07/23 17:54:39 - mmengine - INFO - Iter(train) [ 80100/160000]  lr: 5.4184e-03  eta: 8:16:46  time: 0.3707  data_time: 0.0451  memory: 8859  loss: 1.1390  decode.loss_ohem: 0.7685  decode.acc_seg: 92.2842  aux_0.loss_ce: 0.3704  aux_0.acc_seg: 88.0321
2026/07/23 17:55:16 - mmengine - INFO - Iter(train) [ 80200/160000]  lr: 5.4123e-03  eta: 8:16:09  time: 0.3721  data_time: 0.0464  memory: 8860  loss: 1.1471  decode.loss_ohem: 0.8125  decode.acc_seg: 91.3647  aux_0.loss_ce: 0.3346  aux_0.acc_seg: 87.9220
2026/07/23 17:55:53 - mmengine - INFO - Iter(train) [ 80300/160000]  lr: 5.4062e-03  eta: 8:15:31  time: 0.3819  data_time: 0.0468  memory: 8858  loss: 1.1142  decode.loss_ohem: 0.7891  decode.acc_seg: 88.2167  aux_0.loss_ce: 0.3252  aux_0.acc_seg: 86.0855
2026/07/23 17:56:30 - mmengine - INFO - Iter(train) [ 80400/160000]  lr: 5.4001e-03  eta: 8:14:54  time: 0.3721  data_time: 0.0466  memory: 8859  loss: 1.0892  decode.loss_ohem: 0.7677  decode.acc_seg: 91.4957  aux_0.loss_ce: 0.3216  aux_0.acc_seg: 88.7688
2026/07/23 17:57:08 - mmengine - INFO - Iter(train) [ 80500/160000]  lr: 5.3940e-03  eta: 8:14:16  time: 0.3728  data_time: 0.0464  memory: 8859  loss: 1.0636  decode.loss_ohem: 0.7228  decode.acc_seg: 87.6279  aux_0.loss_ce: 0.3408  aux_0.acc_seg: 81.9157
2026/07/23 17:57:45 - mmengine - INFO - Iter(train) [ 80600/160000]  lr: 5.3879e-03  eta: 8:13:39  time: 0.3724  data_time: 0.0457  memory: 8860  loss: 1.0541  decode.loss_ohem: 0.7432  decode.acc_seg: 92.5820  aux_0.loss_ce: 0.3110  aux_0.acc_seg: 86.0007
2026/07/23 17:58:23 - mmengine - INFO - Iter(train) [ 80700/160000]  lr: 5.3818e-03  eta: 8:13:02  time: 0.3831  data_time: 0.0455  memory: 8859  loss: 1.1924  decode.loss_ohem: 0.8172  decode.acc_seg: 86.5222  aux_0.loss_ce: 0.3752  aux_0.acc_seg: 79.2460
2026/07/23 17:59:00 - mmengine - INFO - Iter(train) [ 80800/160000]  lr: 5.3757e-03  eta: 8:12:25  time: 0.3693  data_time: 0.0450  memory: 8860  loss: 1.1287  decode.loss_ohem: 0.7775  decode.acc_seg: 92.2989  aux_0.loss_ce: 0.3512  aux_0.acc_seg: 87.8915
2026/07/23 17:59:37 - mmengine - INFO - Iter(train) [ 80900/160000]  lr: 5.3696e-03  eta: 8:11:47  time: 0.3695  data_time: 0.0444  memory: 8860  loss: 1.1141  decode.loss_ohem: 0.7650  decode.acc_seg: 93.2818  aux_0.loss_ce: 0.3490  aux_0.acc_seg: 90.6130
2026/07/23 18:00:14 - mmengine - INFO - Exp name: dsanet_cityscapes_512x1024_20260723_093233
2026/07/23 18:00:14 - mmengine - INFO - Iter(train) [ 81000/160000]  lr: 5.3635e-03  eta: 8:11:10  time: 0.3705  data_time: 0.0444  memory: 8860  loss: 1.0588  decode.loss_ohem: 0.7140  decode.acc_seg: 90.7298  aux_0.loss_ce: 0.3448  aux_0.acc_seg: 88.3744
2026/07/23 18:00:51 - mmengine - INFO - Iter(train) [ 81100/160000]  lr: 5.3574e-03  eta: 8:10:32  time: 0.3710  data_time: 0.0455  memory: 8859  loss: 1.1239  decode.loss_ohem: 0.7907  decode.acc_seg: 91.6968  aux_0.loss_ce: 0.3333  aux_0.acc_seg: 87.6230
2026/07/23 18:01:28 - mmengine - INFO - Iter(train) [ 81200/160000]  lr: 5.3513e-03  eta: 8:09:55  time: 0.3709  data_time: 0.0459  memory: 8863  loss: 0.9888  decode.loss_ohem: 0.6918  decode.acc_seg: 93.6790  aux_0.loss_ce: 0.2970  aux_0.acc_seg: 91.0065
2026/07/23 18:02:06 - mmengine - INFO - Iter(train) [ 81300/160000]  lr: 5.3452e-03  eta: 8:09:17  time: 0.3731  data_time: 0.0467  memory: 8859  loss: 1.1837  decode.loss_ohem: 0.8224  decode.acc_seg: 92.1514  aux_0.loss_ce: 0.3614  aux_0.acc_seg: 89.1448
2026/07/23 18:02:43 - mmengine - INFO - Iter(train) [ 81400/160000]  lr: 5.3391e-03  eta: 8:08:40  time: 0.3718  data_time: 0.0458  memory: 8860  loss: 1.0140  decode.loss_ohem: 0.7092  decode.acc_seg: 91.5690  aux_0.loss_ce: 0.3048  aux_0.acc_seg: 87.5420
2026/07/23 18:03:20 - mmengine - INFO - Iter(train) [ 81500/160000]  lr: 5.3330e-03  eta: 8:08:02  time: 0.3717  data_time: 0.0456  memory: 8862  loss: 1.0302  decode.loss_ohem: 0.6936  decode.acc_seg: 91.4766  aux_0.loss_ce: 0.3367  aux_0.acc_seg: 85.7277
2026/07/23 18:03:57 - mmengine - INFO - Iter(train) [ 81600/160000]  lr: 5.3269e-03  eta: 8:07:25  time: 0.3724  data_time: 0.0466  memory: 8860  loss: 0.9976  decode.loss_ohem: 0.7171  decode.acc_seg: 88.9720  aux_0.loss_ce: 0.2805  aux_0.acc_seg: 88.6474
2026/07/23 18:04:34 - mmengine - INFO - Iter(train) [ 81700/160000]  lr: 5.3208e-03  eta: 8:06:48  time: 0.3720  data_time: 0.0462  memory: 8860  loss: 1.0699  decode.loss_ohem: 0.7419  decode.acc_seg: 91.4262  aux_0.loss_ce: 0.3280  aux_0.acc_seg: 86.1217
2026/07/23 18:05:12 - mmengine - INFO - Iter(train) [ 81800/160000]  lr: 5.3147e-03  eta: 8:06:10  time: 0.3716  data_time: 0.0459  memory: 8859  loss: 1.0465  decode.loss_ohem: 0.7173  decode.acc_seg: 93.5290  aux_0.loss_ce: 0.3292  aux_0.acc_seg: 89.8035
2026/07/23 18:05:49 - mmengine - INFO - Iter(train) [ 81900/160000]  lr: 5.3086e-03  eta: 8:05:33  time: 0.3718  data_time: 0.0454  memory: 8861  loss: 1.0829  decode.loss_ohem: 0.7425  decode.acc_seg: 92.7388  aux_0.loss_ce: 0.3404  aux_0.acc_seg: 89.6905
2026/07/23 18:06:26 - mmengine - INFO - Exp name: dsanet_cityscapes_512x1024_20260723_093233
2026/07/23 18:06:26 - mmengine - INFO - Iter(train) [ 82000/160000]  lr: 5.3025e-03  eta: 8:04:55  time: 0.3723  data_time: 0.0452  memory: 8860  loss: 1.0480  decode.loss_ohem: 0.7101  decode.acc_seg: 91.7709  aux_0.loss_ce: 0.3379  aux_0.acc_seg: 86.6403
2026/07/23 18:07:04 - mmengine - INFO - Iter(train) [ 82100/160000]  lr: 5.2964e-03  eta: 8:04:18  time: 0.3810  data_time: 0.0459  memory: 8859  loss: 1.1431  decode.loss_ohem: 0.7760  decode.acc_seg: 93.3407  aux_0.loss_ce: 0.3672  aux_0.acc_seg: 88.1845
2026/07/23 18:07:41 - mmengine - INFO - Iter(train) [ 82200/160000]  lr: 5.2903e-03  eta: 8:03:41  time: 0.3697  data_time: 0.0453  memory: 8861  loss: 1.0185  decode.loss_ohem: 0.7046  decode.acc_seg: 94.3652  aux_0.loss_ce: 0.3139  aux_0.acc_seg: 88.0920
2026/07/23 18:08:18 - mmengine - INFO - Iter(train) [ 82300/160000]  lr: 5.2842e-03  eta: 8:03:03  time: 0.3677  data_time: 0.0435  memory: 8861  loss: 1.2176  decode.loss_ohem: 0.8304  decode.acc_seg: 92.1172  aux_0.loss_ce: 0.3872  aux_0.acc_seg: 89.1044
2026/07/23 18:08:55 - mmengine - INFO - Iter(train) [ 82400/160000]  lr: 5.2781e-03  eta: 8:02:26  time: 0.3723  data_time: 0.0468  memory: 8859  loss: 0.9700  decode.loss_ohem: 0.6703  decode.acc_seg: 91.4568  aux_0.loss_ce: 0.2997  aux_0.acc_seg: 85.2893
2026/07/23 18:09:32 - mmengine - INFO - Iter(train) [ 82500/160000]  lr: 5.2720e-03  eta: 8:01:48  time: 0.3704  data_time: 0.0457  memory: 8859  loss: 1.0707  decode.loss_ohem: 0.7321  decode.acc_seg: 92.9935  aux_0.loss_ce: 0.3386  aux_0.acc_seg: 84.3049
2026/07/23 18:10:09 - mmengine - INFO - Iter(train) [ 82600/160000]  lr: 5.2659e-03  eta: 8:01:11  time: 0.3705  data_time: 0.0452  memory: 8860  loss: 1.0395  decode.loss_ohem: 0.7283  decode.acc_seg: 93.3054  aux_0.loss_ce: 0.3112  aux_0.acc_seg: 88.4316
2026/07/23 18:10:46 - mmengine - INFO - Iter(train) [ 82700/160000]  lr: 5.2597e-03  eta: 8:00:33  time: 0.3711  data_time: 0.0452  memory: 8859  loss: 1.1466  decode.loss_ohem: 0.8064  decode.acc_seg: 87.0093  aux_0.loss_ce: 0.3402  aux_0.acc_seg: 82.4732
2026/07/23 18:11:23 - mmengine - INFO - Iter(train) [ 82800/160000]  lr: 5.2536e-03  eta: 7:59:56  time: 0.3676  data_time: 0.0457  memory: 8860  loss: 1.1524  decode.loss_ohem: 0.7866  decode.acc_seg: 90.6245  aux_0.loss_ce: 0.3658  aux_0.acc_seg: 88.9344
2026/07/23 18:12:00 - mmengine - INFO - Iter(train) [ 82900/160000]  lr: 5.2475e-03  eta: 7:59:18  time: 0.3667  data_time: 0.0440  memory: 8860  loss: 1.0644  decode.loss_ohem: 0.7508  decode.acc_seg: 90.2587  aux_0.loss_ce: 0.3136  aux_0.acc_seg: 88.2299
2026/07/23 18:12:37 - mmengine - INFO - Exp name: dsanet_cityscapes_512x1024_20260723_093233
2026/07/23 18:12:37 - mmengine - INFO - Iter(train) [ 83000/160000]  lr: 5.2414e-03  eta: 7:58:41  time: 0.3703  data_time: 0.0446  memory: 8861  loss: 1.0048  decode.loss_ohem: 0.6878  decode.acc_seg: 91.3817  aux_0.loss_ce: 0.3170  aux_0.acc_seg: 87.4551
2026/07/23 18:13:14 - mmengine - INFO - Iter(train) [ 83100/160000]  lr: 5.2353e-03  eta: 7:58:03  time: 0.3694  data_time: 0.0444  memory: 8860  loss: 1.0256  decode.loss_ohem: 0.6904  decode.acc_seg: 93.0483  aux_0.loss_ce: 0.3351  aux_0.acc_seg: 87.6897
2026/07/23 18:13:52 - mmengine - INFO - Iter(train) [ 83200/160000]  lr: 5.2292e-03  eta: 7:57:26  time: 0.3695  data_time: 0.0446  memory: 8860  loss: 1.0373  decode.loss_ohem: 0.7368  decode.acc_seg: 92.0033  aux_0.loss_ce: 0.3004  aux_0.acc_seg: 89.4593
2026/07/23 18:14:28 - mmengine - INFO - Iter(train) [ 83300/160000]  lr: 5.2231e-03  eta: 7:56:48  time: 0.3701  data_time: 0.0454  memory: 8859  loss: 1.0375  decode.loss_ohem: 0.7227  decode.acc_seg: 93.1165  aux_0.loss_ce: 0.3148  aux_0.acc_seg: 87.1559
2026/07/23 18:15:06 - mmengine - INFO - Iter(train) [ 83400/160000]  lr: 5.2169e-03  eta: 7:56:11  time: 0.3655  data_time: 0.0450  memory: 8860  loss: 1.0123  decode.loss_ohem: 0.7093  decode.acc_seg: 92.2985  aux_0.loss_ce: 0.3030  aux_0.acc_seg: 88.4461
2026/07/23 18:15:43 - mmengine - INFO - Iter(train) [ 83500/160000]  lr: 5.2108e-03  eta: 7:55:33  time: 0.3764  data_time: 0.0452  memory: 8859  loss: 1.1034  decode.loss_ohem: 0.7681  decode.acc_seg: 89.7249  aux_0.loss_ce: 0.3353  aux_0.acc_seg: 85.9792
2026/07/23 18:16:20 - mmengine - INFO - Iter(train) [ 83600/160000]  lr: 5.2047e-03  eta: 7:54:56  time: 0.3693  data_time: 0.0450  memory: 8858  loss: 1.0503  decode.loss_ohem: 0.7097  decode.acc_seg: 92.3681  aux_0.loss_ce: 0.3406  aux_0.acc_seg: 86.1967
2026/07/23 18:16:57 - mmengine - INFO - Iter(train) [ 83700/160000]  lr: 5.1986e-03  eta: 7:54:18  time: 0.3702  data_time: 0.0448  memory: 8859  loss: 1.0599  decode.loss_ohem: 0.7198  decode.acc_seg: 89.9731  aux_0.loss_ce: 0.3401  aux_0.acc_seg: 83.6195
2026/07/23 18:17:34 - mmengine - INFO - Iter(train) [ 83800/160000]  lr: 5.1925e-03  eta: 7:53:41  time: 0.3716  data_time: 0.0456  memory: 8859  loss: 1.0099  decode.loss_ohem: 0.6937  decode.acc_seg: 90.9611  aux_0.loss_ce: 0.3161  aux_0.acc_seg: 87.6621
2026/07/23 18:18:11 - mmengine - INFO - Iter(train) [ 83900/160000]  lr: 5.1863e-03  eta: 7:53:03  time: 0.3727  data_time: 0.0466  memory: 8860  loss: 1.0647  decode.loss_ohem: 0.7199  decode.acc_seg: 92.0256  aux_0.loss_ce: 0.3448  aux_0.acc_seg: 89.2416
2026/07/23 18:18:48 - mmengine - INFO - Exp name: dsanet_cityscapes_512x1024_20260723_093233
2026/07/23 18:18:48 - mmengine - INFO - Iter(train) [ 84000/160000]  lr: 5.1802e-03  eta: 7:52:26  time: 0.3711  data_time: 0.0460  memory: 8859  loss: 1.1057  decode.loss_ohem: 0.7648  decode.acc_seg: 91.7809  aux_0.loss_ce: 0.3410  aux_0.acc_seg: 87.5156
2026/07/23 18:19:26 - mmengine - INFO - Iter(train) [ 84100/160000]  lr: 5.1741e-03  eta: 7:51:48  time: 0.3697  data_time: 0.0449  memory: 8860  loss: 1.0734  decode.loss_ohem: 0.7481  decode.acc_seg: 91.3272  aux_0.loss_ce: 0.3253  aux_0.acc_seg: 87.6840
2026/07/23 18:20:03 - mmengine - INFO - Iter(train) [ 84200/160000]  lr: 5.1680e-03  eta: 7:51:11  time: 0.3719  data_time: 0.0466  memory: 8861  loss: 1.0615  decode.loss_ohem: 0.7314  decode.acc_seg: 93.5892  aux_0.loss_ce: 0.3301  aux_0.acc_seg: 88.8361
2026/07/23 18:20:40 - mmengine - INFO - Iter(train) [ 84300/160000]  lr: 5.1618e-03  eta: 7:50:33  time: 0.3709  data_time: 0.0458  memory: 8859  loss: 0.9649  decode.loss_ohem: 0.6868  decode.acc_seg: 93.5595  aux_0.loss_ce: 0.2780  aux_0.acc_seg: 90.4237
2026/07/23 18:21:17 - mmengine - INFO - Iter(train) [ 84400/160000]  lr: 5.1557e-03  eta: 7:49:56  time: 0.3719  data_time: 0.0465  memory: 8859  loss: 1.0489  decode.loss_ohem: 0.7211  decode.acc_seg: 92.1477  aux_0.loss_ce: 0.3278  aux_0.acc_seg: 87.2248
2026/07/23 18:21:54 - mmengine - INFO - Iter(train) [ 84500/160000]  lr: 5.1496e-03  eta: 7:49:19  time: 0.3729  data_time: 0.0462  memory: 8861  loss: 1.0165  decode.loss_ohem: 0.7021  decode.acc_seg: 93.9186  aux_0.loss_ce: 0.3144  aux_0.acc_seg: 90.8946
2026/07/23 18:22:31 - mmengine - INFO - Iter(train) [ 84600/160000]  lr: 5.1435e-03  eta: 7:48:41  time: 0.3708  data_time: 0.0453  memory: 8859  loss: 1.1706  decode.loss_ohem: 0.8175  decode.acc_seg: 87.9011  aux_0.loss_ce: 0.3531  aux_0.acc_seg: 86.4151
2026/07/23 18:23:08 - mmengine - INFO - Iter(train) [ 84700/160000]  lr: 5.1373e-03  eta: 7:48:04  time: 0.3758  data_time: 0.0463  memory: 8861  loss: 1.0939  decode.loss_ohem: 0.7834  decode.acc_seg: 88.4113  aux_0.loss_ce: 0.3105  aux_0.acc_seg: 81.8188
2026/07/23 18:23:46 - mmengine - INFO - Iter(train) [ 84800/160000]  lr: 5.1312e-03  eta: 7:47:26  time: 0.3659  data_time: 0.0453  memory: 8860  loss: 1.0861  decode.loss_ohem: 0.7434  decode.acc_seg: 89.3711  aux_0.loss_ce: 0.3428  aux_0.acc_seg: 86.1600
2026/07/23 18:24:23 - mmengine - INFO - Iter(train) [ 84900/160000]  lr: 5.1251e-03  eta: 7:46:49  time: 0.3774  data_time: 0.0450  memory: 8859  loss: 1.0817  decode.loss_ohem: 0.7345  decode.acc_seg: 93.5584  aux_0.loss_ce: 0.3471  aux_0.acc_seg: 86.6489
2026/07/23 18:25:00 - mmengine - INFO - Exp name: dsanet_cityscapes_512x1024_20260723_093233
2026/07/23 18:25:00 - mmengine - INFO - Iter(train) [ 85000/160000]  lr: 5.1190e-03  eta: 7:46:12  time: 0.3716  data_time: 0.0454  memory: 8859  loss: 1.0222  decode.loss_ohem: 0.7203  decode.acc_seg: 91.8240  aux_0.loss_ce: 0.3019  aux_0.acc_seg: 89.9458
2026/07/23 18:25:00 - mmengine - INFO - Saving checkpoint at 85000 iterations
2026/07/23 18:25:06 - mmengine - INFO - Iter(val) [100/250]    eta: 0:00:08  time: 0.0550  data_time: 0.0195  memory: 728  
2026/07/23 18:25:12 - mmengine - INFO - Iter(val) [200/250]    eta: 0:00:02  time: 0.0557  data_time: 0.0196  memory: 728  
2026/07/23 18:25:15 - mmengine - INFO - per class results:
2026/07/23 18:25:15 - mmengine - INFO - 
+---------------+-------+-------+
|     Class     |  IoU  |  Acc  |
+---------------+-------+-------+
|      road     | 97.13 |  98.6 |
|    sidewalk   | 77.88 |  86.7 |
|    building   | 89.54 | 95.35 |
|      wall     | 50.51 | 58.43 |
|     fence     | 46.96 | 56.12 |
|      pole     | 51.89 | 66.74 |
| traffic light | 51.96 | 59.92 |
|  traffic sign | 66.03 | 76.59 |
|   vegetation  | 90.38 |  95.2 |
|    terrain    | 59.04 | 66.25 |
|      sky      | 93.08 | 96.37 |
|     person    |  72.2 | 86.88 |
|     rider     | 49.62 |  69.9 |
|      car      | 92.03 | 97.19 |
|     truck     | 53.36 | 58.21 |
|      bus      | 70.14 | 88.82 |
|     train     | 42.21 | 52.93 |
|   motorcycle  | 42.93 | 48.26 |
|    bicycle    | 66.12 | 85.36 |
+---------------+-------+-------+
2026/07/23 18:25:15 - mmengine - INFO - Iter(val) [250/250]    aAcc: 94.3200  mIoU: 66.4700  mAcc: 75.9900  data_time: 0.0200  time: 0.0548
2026/07/23 18:25:15 - mmengine - INFO - The previous best checkpoint /root/autodl-tmp/DSANet-main/tools/work_dirs/dsanet_cityscapes_512x1024/best_mIoU_iter_75000.pth is removed
2026/07/23 18:25:15 - mmengine - INFO - The best checkpoint with 66.4700 mIoU at 85000 iter is saved to best_mIoU_iter_85000.pth.
2026/07/23 18:25:53 - mmengine - INFO - Iter(train) [ 85100/160000]  lr: 5.1128e-03  eta: 7:45:35  time: 0.3799  data_time: 0.0495  memory: 8859  loss: 1.0948  decode.loss_ohem: 0.7473  decode.acc_seg: 90.7223  aux_0.loss_ce: 0.3475  aux_0.acc_seg: 87.9665
2026/07/23 18:26:31 - mmengine - INFO - Iter(train) [ 85200/160000]  lr: 5.1067e-03  eta: 7:44:58  time: 0.3737  data_time: 0.0473  memory: 8859  loss: 1.1170  decode.loss_ohem: 0.7847  decode.acc_seg: 87.5945  aux_0.loss_ce: 0.3323  aux_0.acc_seg: 86.0087
2026/07/23 18:27:08 - mmengine - INFO - Iter(train) [ 85300/160000]  lr: 5.1006e-03  eta: 7:44:21  time: 0.3731  data_time: 0.0460  memory: 8861  loss: 1.0315  decode.loss_ohem: 0.7448  decode.acc_seg: 92.7544  aux_0.loss_ce: 0.2867  aux_0.acc_seg: 89.8448
2026/07/23 18:27:45 - mmengine - INFO - Iter(train) [ 85400/160000]  lr: 5.0944e-03  eta: 7:43:44  time: 0.3741  data_time: 0.0470  memory: 8859  loss: 1.0301  decode.loss_ohem: 0.7047  decode.acc_seg: 93.0956  aux_0.loss_ce: 0.3254  aux_0.acc_seg: 87.7981
2026/07/23 18:28:23 - mmengine - INFO - Iter(train) [ 85500/160000]  lr: 5.0883e-03  eta: 7:43:07  time: 0.3723  data_time: 0.0461  memory: 8860  loss: 1.1283  decode.loss_ohem: 0.7669  decode.acc_seg: 92.3780  aux_0.loss_ce: 0.3614  aux_0.acc_seg: 89.3945
2026/07/23 18:29:00 - mmengine - INFO - Iter(train) [ 85600/160000]  lr: 5.0822e-03  eta: 7:42:29  time: 0.3735  data_time: 0.0460  memory: 8859  loss: 1.1026  decode.loss_ohem: 0.7772  decode.acc_seg: 91.5713  aux_0.loss_ce: 0.3254  aux_0.acc_seg: 86.9847
2026/07/23 18:29:37 - mmengine - INFO - Iter(train) [ 85700/160000]  lr: 5.0760e-03  eta: 7:41:52  time: 0.3717  data_time: 0.0449  memory: 8859  loss: 1.1098  decode.loss_ohem: 0.7528  decode.acc_seg: 91.7777  aux_0.loss_ce: 0.3570  aux_0.acc_seg: 86.1252
2026/07/23 18:30:14 - mmengine - INFO - Iter(train) [ 85800/160000]  lr: 5.0699e-03  eta: 7:41:15  time: 0.3717  data_time: 0.0453  memory: 8861  loss: 1.0733  decode.loss_ohem: 0.7358  decode.acc_seg: 88.3303  aux_0.loss_ce: 0.3374  aux_0.acc_seg: 84.0672
2026/07/23 18:30:52 - mmengine - INFO - Iter(train) [ 85900/160000]  lr: 5.0637e-03  eta: 7:40:37  time: 0.3705  data_time: 0.0446  memory: 8859  loss: 1.1335  decode.loss_ohem: 0.7825  decode.acc_seg: 90.1085  aux_0.loss_ce: 0.3510  aux_0.acc_seg: 88.6656
2026/07/23 18:31:29 - mmengine - INFO - Exp name: dsanet_cityscapes_512x1024_20260723_093233
2026/07/23 18:31:29 - mmengine - INFO - Iter(train) [ 86000/160000]  lr: 5.0576e-03  eta: 7:40:00  time: 0.3706  data_time: 0.0448  memory: 8859  loss: 1.1112  decode.loss_ohem: 0.7833  decode.acc_seg: 87.7538  aux_0.loss_ce: 0.3280  aux_0.acc_seg: 84.3185
2026/07/23 18:32:06 - mmengine - INFO - Iter(train) [ 86100/160000]  lr: 5.0515e-03  eta: 7:39:22  time: 0.3708  data_time: 0.0453  memory: 8859  loss: 1.0423  decode.loss_ohem: 0.7264  decode.acc_seg: 91.8380  aux_0.loss_ce: 0.3159  aux_0.acc_seg: 87.7037
2026/07/23 18:32:43 - mmengine - INFO - Iter(train) [ 86200/160000]  lr: 5.0453e-03  eta: 7:38:45  time: 0.3760  data_time: 0.0458  memory: 8860  loss: 1.0055  decode.loss_ohem: 0.6826  decode.acc_seg: 91.3564  aux_0.loss_ce: 0.3229  aux_0.acc_seg: 87.2029
2026/07/23 18:33:21 - mmengine - INFO - Iter(train) [ 86300/160000]  lr: 5.0392e-03  eta: 7:38:08  time: 0.3738  data_time: 0.0463  memory: 8860  loss: 1.0563  decode.loss_ohem: 0.7323  decode.acc_seg: 92.4212  aux_0.loss_ce: 0.3239  aux_0.acc_seg: 87.7249
2026/07/23 18:33:58 - mmengine - INFO - Iter(train) [ 86400/160000]  lr: 5.0330e-03  eta: 7:37:30  time: 0.3721  data_time: 0.0457  memory: 8860  loss: 1.0761  decode.loss_ohem: 0.7613  decode.acc_seg: 93.9319  aux_0.loss_ce: 0.3149  aux_0.acc_seg: 91.8822
2026/07/23 18:34:35 - mmengine - INFO - Iter(train) [ 86500/160000]  lr: 5.0269e-03  eta: 7:36:53  time: 0.3717  data_time: 0.0453  memory: 8861  loss: 0.9904  decode.loss_ohem: 0.6753  decode.acc_seg: 93.2440  aux_0.loss_ce: 0.3151  aux_0.acc_seg: 85.9782
2026/07/23 18:35:12 - mmengine - INFO - Iter(train) [ 86600/160000]  lr: 5.0208e-03  eta: 7:36:16  time: 0.3719  data_time: 0.0452  memory: 8859  loss: 1.1063  decode.loss_ohem: 0.7630  decode.acc_seg: 91.5490  aux_0.loss_ce: 0.3433  aux_0.acc_seg: 86.0135
2026/07/23 18:35:49 - mmengine - INFO - Iter(train) [ 86700/160000]  lr: 5.0146e-03  eta: 7:35:38  time: 0.3725  data_time: 0.0464  memory: 8859  loss: 1.0491  decode.loss_ohem: 0.7287  decode.acc_seg: 91.2894  aux_0.loss_ce: 0.3204  aux_0.acc_seg: 87.4815
2026/07/23 18:36:26 - mmengine - INFO - Iter(train) [ 86800/160000]  lr: 5.0085e-03  eta: 7:35:01  time: 0.3738  data_time: 0.0462  memory: 8859  loss: 1.0405  decode.loss_ohem: 0.6982  decode.acc_seg: 93.0815  aux_0.loss_ce: 0.3423  aux_0.acc_seg: 87.1452
2026/07/23 18:37:04 - mmengine - INFO - Iter(train) [ 86900/160000]  lr: 5.0023e-03  eta: 7:34:23  time: 0.3711  data_time: 0.0451  memory: 8860  loss: 1.1071  decode.loss_ohem: 0.7619  decode.acc_seg: 87.4707  aux_0.loss_ce: 0.3452  aux_0.acc_seg: 83.7147
2026/07/23 18:37:41 - mmengine - INFO - Exp name: dsanet_cityscapes_512x1024_20260723_093233
2026/07/23 18:37:41 - mmengine - INFO - Iter(train) [ 87000/160000]  lr: 4.9962e-03  eta: 7:33:46  time: 0.3729  data_time: 0.0452  memory: 8861  loss: 1.0819  decode.loss_ohem: 0.7387  decode.acc_seg: 92.4927  aux_0.loss_ce: 0.3431  aux_0.acc_seg: 89.6854
2026/07/23 18:38:18 - mmengine - INFO - Iter(train) [ 87100/160000]  lr: 4.9900e-03  eta: 7:33:09  time: 0.3721  data_time: 0.0457  memory: 8858  loss: 1.0811  decode.loss_ohem: 0.7411  decode.acc_seg: 92.5705  aux_0.loss_ce: 0.3400  aux_0.acc_seg: 87.1807
2026/07/23 18:38:56 - mmengine - INFO - Iter(train) [ 87200/160000]  lr: 4.9839e-03  eta: 7:32:31  time: 0.3732  data_time: 0.0466  memory: 8860  loss: 1.0311  decode.loss_ohem: 0.7039  decode.acc_seg: 90.1517  aux_0.loss_ce: 0.3271  aux_0.acc_seg: 85.3838
2026/07/23 18:39:33 - mmengine - INFO - Iter(train) [ 87300/160000]  lr: 4.9777e-03  eta: 7:31:54  time: 0.3725  data_time: 0.0464  memory: 8860  loss: 1.0725  decode.loss_ohem: 0.7342  decode.acc_seg: 93.3361  aux_0.loss_ce: 0.3383  aux_0.acc_seg: 87.8582
2026/07/23 18:40:10 - mmengine - INFO - Iter(train) [ 87400/160000]  lr: 4.9716e-03  eta: 7:31:17  time: 0.3722  data_time: 0.0455  memory: 8859  loss: 1.1049  decode.loss_ohem: 0.7781  decode.acc_seg: 93.2358  aux_0.loss_ce: 0.3268  aux_0.acc_seg: 88.4067
2026/07/23 18:40:47 - mmengine - INFO - Iter(train) [ 87500/160000]  lr: 4.9654e-03  eta: 7:30:39  time: 0.3722  data_time: 0.0457  memory: 8863  loss: 1.0937  decode.loss_ohem: 0.7506  decode.acc_seg: 91.3220  aux_0.loss_ce: 0.3431  aux_0.acc_seg: 88.7513
2026/07/23 18:41:25 - mmengine - INFO - Iter(train) [ 87600/160000]  lr: 4.9593e-03  eta: 7:30:02  time: 0.3785  data_time: 0.0450  memory: 8860  loss: 1.0615  decode.loss_ohem: 0.7251  decode.acc_seg: 93.9019  aux_0.loss_ce: 0.3364  aux_0.acc_seg: 90.6482
2026/07/23 18:42:02 - mmengine - INFO - Iter(train) [ 87700/160000]  lr: 4.9531e-03  eta: 7:29:25  time: 0.3731  data_time: 0.0464  memory: 8862  loss: 1.0598  decode.loss_ohem: 0.7205  decode.acc_seg: 90.9135  aux_0.loss_ce: 0.3393  aux_0.acc_seg: 87.2133
2026/07/23 18:42:39 - mmengine - INFO - Iter(train) [ 87800/160000]  lr: 4.9470e-03  eta: 7:28:48  time: 0.3727  data_time: 0.0454  memory: 8859  loss: 1.0804  decode.loss_ohem: 0.7621  decode.acc_seg: 90.3911  aux_0.loss_ce: 0.3183  aux_0.acc_seg: 82.7743
2026/07/23 18:43:17 - mmengine - INFO - Iter(train) [ 87900/160000]  lr: 4.9408e-03  eta: 7:28:10  time: 0.3728  data_time: 0.0461  memory: 8859  loss: 1.1071  decode.loss_ohem: 0.7563  decode.acc_seg: 94.3685  aux_0.loss_ce: 0.3508  aux_0.acc_seg: 88.6801
2026/07/23 18:43:54 - mmengine - INFO - Exp name: dsanet_cityscapes_512x1024_20260723_093233
2026/07/23 18:43:54 - mmengine - INFO - Iter(train) [ 88000/160000]  lr: 4.9347e-03  eta: 7:27:33  time: 0.3776  data_time: 0.0488  memory: 8859  loss: 1.0433  decode.loss_ohem: 0.7209  decode.acc_seg: 92.3738  aux_0.loss_ce: 0.3224  aux_0.acc_seg: 91.6748
2026/07/23 18:44:32 - mmengine - INFO - Iter(train) [ 88100/160000]  lr: 4.9285e-03  eta: 7:26:56  time: 0.3721  data_time: 0.0469  memory: 8859  loss: 1.0402  decode.loss_ohem: 0.7178  decode.acc_seg: 89.9364  aux_0.loss_ce: 0.3224  aux_0.acc_seg: 87.8411
2026/07/23 18:45:09 - mmengine - INFO - Iter(train) [ 88200/160000]  lr: 4.9223e-03  eta: 7:26:19  time: 0.3748  data_time: 0.0482  memory: 8859  loss: 1.0560  decode.loss_ohem: 0.7231  decode.acc_seg: 91.2184  aux_0.loss_ce: 0.3329  aux_0.acc_seg: 84.8343
2026/07/23 18:45:47 - mmengine - INFO - Iter(train) [ 88300/160000]  lr: 4.9162e-03  eta: 7:25:42  time: 0.3803  data_time: 0.0506  memory: 8859  loss: 1.1181  decode.loss_ohem: 0.7665  decode.acc_seg: 93.2289  aux_0.loss_ce: 0.3516  aux_0.acc_seg: 89.7994
2026/07/23 18:46:25 - mmengine - INFO - Iter(train) [ 88400/160000]  lr: 4.9100e-03  eta: 7:25:05  time: 0.3628  data_time: 0.0467  memory: 8859  loss: 1.0908  decode.loss_ohem: 0.7624  decode.acc_seg: 90.0199  aux_0.loss_ce: 0.3284  aux_0.acc_seg: 86.9303
2026/07/23 18:47:02 - mmengine - INFO - Iter(train) [ 88500/160000]  lr: 4.9039e-03  eta: 7:24:28  time: 0.3828  data_time: 0.0511  memory: 8859  loss: 1.0980  decode.loss_ohem: 0.7708  decode.acc_seg: 93.1777  aux_0.loss_ce: 0.3272  aux_0.acc_seg: 88.8937
2026/07/23 18:47:40 - mmengine - INFO - Iter(train) [ 88600/160000]  lr: 4.8977e-03  eta: 7:23:51  time: 0.3736  data_time: 0.0480  memory: 8859  loss: 1.1805  decode.loss_ohem: 0.8046  decode.acc_seg: 91.2641  aux_0.loss_ce: 0.3759  aux_0.acc_seg: 86.9228
2026/07/23 18:48:18 - mmengine - INFO - Iter(train) [ 88700/160000]  lr: 4.8915e-03  eta: 7:23:14  time: 0.3773  data_time: 0.0492  memory: 8860  loss: 1.1399  decode.loss_ohem: 0.7916  decode.acc_seg: 91.5777  aux_0.loss_ce: 0.3483  aux_0.acc_seg: 88.9443
2026/07/23 18:48:56 - mmengine - INFO - Iter(train) [ 88800/160000]  lr: 4.8854e-03  eta: 7:22:37  time: 0.3767  data_time: 0.0485  memory: 8861  loss: 1.1043  decode.loss_ohem: 0.7497  decode.acc_seg: 93.5920  aux_0.loss_ce: 0.3546  aux_0.acc_seg: 89.5086
2026/07/23 18:49:34 - mmengine - INFO - Iter(train) [ 88900/160000]  lr: 4.8792e-03  eta: 7:22:00  time: 0.3773  data_time: 0.0490  memory: 8859  loss: 1.0749  decode.loss_ohem: 0.7282  decode.acc_seg: 93.0383  aux_0.loss_ce: 0.3468  aux_0.acc_seg: 90.2343
2026/07/23 18:50:12 - mmengine - INFO - Exp name: dsanet_cityscapes_512x1024_20260723_093233
2026/07/23 18:50:12 - mmengine - INFO - Iter(train) [ 89000/160000]  lr: 4.8731e-03  eta: 7:21:23  time: 0.3797  data_time: 0.0480  memory: 8859  loss: 1.0188  decode.loss_ohem: 0.7120  decode.acc_seg: 92.4918  aux_0.loss_ce: 0.3069  aux_0.acc_seg: 90.1106
2026/07/23 18:50:49 - mmengine - INFO - Iter(train) [ 89100/160000]  lr: 4.8669e-03  eta: 7:20:46  time: 0.3753  data_time: 0.0475  memory: 8861  loss: 1.0734  decode.loss_ohem: 0.7583  decode.acc_seg: 91.2682  aux_0.loss_ce: 0.3151  aux_0.acc_seg: 87.3872
2026/07/23 18:51:27 - mmengine - INFO - Iter(train) [ 89200/160000]  lr: 4.8607e-03  eta: 7:20:09  time: 0.3763  data_time: 0.0471  memory: 8861  loss: 0.9949  decode.loss_ohem: 0.6822  decode.acc_seg: 92.5052  aux_0.loss_ce: 0.3127  aux_0.acc_seg: 88.5499
2026/07/23 18:52:05 - mmengine - INFO - Iter(train) [ 89300/160000]  lr: 4.8546e-03  eta: 7:19:32  time: 0.3738  data_time: 0.0468  memory: 8860  loss: 1.0002  decode.loss_ohem: 0.6783  decode.acc_seg: 92.8664  aux_0.loss_ce: 0.3219  aux_0.acc_seg: 87.5399
2026/07/23 18:52:42 - mmengine - INFO - Iter(train) [ 89400/160000]  lr: 4.8484e-03  eta: 7:18:55  time: 0.3747  data_time: 0.0476  memory: 8859  loss: 1.1028  decode.loss_ohem: 0.7521  decode.acc_seg: 91.8119  aux_0.loss_ce: 0.3507  aux_0.acc_seg: 86.3673
2026/07/23 18:53:19 - mmengine - INFO - Iter(train) [ 89500/160000]  lr: 4.8422e-03  eta: 7:18:18  time: 0.3712  data_time: 0.0450  memory: 8861  loss: 1.1428  decode.loss_ohem: 0.7879  decode.acc_seg: 90.0525  aux_0.loss_ce: 0.3549  aux_0.acc_seg: 86.6019
2026/07/23 18:53:57 - mmengine - INFO - Iter(train) [ 89600/160000]  lr: 4.8361e-03  eta: 7:17:40  time: 0.3701  data_time: 0.0441  memory: 8859  loss: 0.9995  decode.loss_ohem: 0.7121  decode.acc_seg: 93.7094  aux_0.loss_ce: 0.2874  aux_0.acc_seg: 91.9043
2026/07/23 18:54:34 - mmengine - INFO - Iter(train) [ 89700/160000]  lr: 4.8299e-03  eta: 7:17:03  time: 0.3592  data_time: 0.0437  memory: 8859  loss: 1.0145  decode.loss_ohem: 0.7117  decode.acc_seg: 92.2253  aux_0.loss_ce: 0.3028  aux_0.acc_seg: 89.4249
2026/07/23 18:55:11 - mmengine - INFO - Iter(train) [ 89800/160000]  lr: 4.8237e-03  eta: 7:16:25  time: 0.3683  data_time: 0.0447  memory: 8859  loss: 1.1096  decode.loss_ohem: 0.7878  decode.acc_seg: 89.1882  aux_0.loss_ce: 0.3218  aux_0.acc_seg: 84.1757
2026/07/23 18:55:48 - mmengine - INFO - Iter(train) [ 89900/160000]  lr: 4.8175e-03  eta: 7:15:48  time: 0.3696  data_time: 0.0446  memory: 8861  loss: 1.1146  decode.loss_ohem: 0.7792  decode.acc_seg: 93.2765  aux_0.loss_ce: 0.3354  aux_0.acc_seg: 89.2488
2026/07/23 18:56:25 - mmengine - INFO - Exp name: dsanet_cityscapes_512x1024_20260723_093233
2026/07/23 18:56:25 - mmengine - INFO - Iter(train) [ 90000/160000]  lr: 4.8114e-03  eta: 7:15:10  time: 0.3701  data_time: 0.0442  memory: 8859  loss: 1.0163  decode.loss_ohem: 0.7253  decode.acc_seg: 91.8578  aux_0.loss_ce: 0.2910  aux_0.acc_seg: 86.9893
2026/07/23 18:56:25 - mmengine - INFO - Saving checkpoint at 90000 iterations
2026/07/23 18:56:31 - mmengine - INFO - Iter(val) [100/250]    eta: 0:00:08  time: 0.0547  data_time: 0.0195  memory: 728  
2026/07/23 18:56:36 - mmengine - INFO - Iter(val) [200/250]    eta: 0:00:02  time: 0.0553  data_time: 0.0197  memory: 728  
2026/07/23 18:56:39 - mmengine - INFO - per class results:
2026/07/23 18:56:39 - mmengine - INFO - 
+---------------+-------+-------+
|     Class     |  IoU  |  Acc  |
+---------------+-------+-------+
|      road     | 96.93 | 98.32 |
|    sidewalk   | 78.57 | 86.78 |
|    building   | 89.06 | 94.18 |
|      wall     | 31.54 | 34.47 |
|     fence     | 47.45 |  67.9 |
|      pole     | 51.55 | 64.47 |
| traffic light | 47.83 | 53.14 |
|  traffic sign | 65.71 | 74.93 |
|   vegetation  | 90.16 | 95.73 |
|    terrain    | 58.97 | 67.52 |
|      sky      | 92.52 | 97.05 |
|     person    | 71.09 | 88.74 |
|     rider     | 49.24 | 61.55 |
|      car      | 88.67 | 96.57 |
|     truck     | 55.87 |  81.7 |
|      bus      | 63.73 | 67.13 |
|     train     | 51.57 | 70.39 |
|   motorcycle  | 38.51 | 47.95 |
|    bicycle    |  64.0 | 87.05 |
+---------------+-------+-------+
2026/07/23 18:56:39 - mmengine - INFO - Iter(val) [250/250]    aAcc: 93.9400  mIoU: 64.8900  mAcc: 75.5600  data_time: 0.0204  time: 0.0557
2026/07/23 18:57:16 - mmengine - INFO - Iter(train) [ 90100/160000]  lr: 4.8052e-03  eta: 7:14:33  time: 0.3703  data_time: 0.0453  memory: 8861  loss: 1.2287  decode.loss_ohem: 0.8601  decode.acc_seg: 91.5301  aux_0.loss_ce: 0.3686  aux_0.acc_seg: 86.2254
2026/07/23 18:57:53 - mmengine - INFO - Iter(train) [ 90200/160000]  lr: 4.7990e-03  eta: 7:13:55  time: 0.3883  data_time: 0.0438  memory: 8860  loss: 1.0703  decode.loss_ohem: 0.7432  decode.acc_seg: 92.0100  aux_0.loss_ce: 0.3271  aux_0.acc_seg: 88.4756
2026/07/23 18:58:31 - mmengine - INFO - Iter(train) [ 90300/160000]  lr: 4.7928e-03  eta: 7:13:18  time: 0.3838  data_time: 0.0473  memory: 8860  loss: 1.1078  decode.loss_ohem: 0.7586  decode.acc_seg: 91.9259  aux_0.loss_ce: 0.3492  aux_0.acc_seg: 85.7466
2026/07/23 18:59:08 - mmengine - INFO - Iter(train) [ 90400/160000]  lr: 4.7867e-03  eta: 7:12:41  time: 0.3706  data_time: 0.0450  memory: 8858  loss: 1.0860  decode.loss_ohem: 0.7546  decode.acc_seg: 89.8792  aux_0.loss_ce: 0.3314  aux_0.acc_seg: 86.2562
2026/07/23 18:59:45 - mmengine - INFO - Iter(train) [ 90500/160000]  lr: 4.7805e-03  eta: 7:12:03  time: 0.3710  data_time: 0.0453  memory: 8859  loss: 1.0686  decode.loss_ohem: 0.7101  decode.acc_seg: 90.8192  aux_0.loss_ce: 0.3585  aux_0.acc_seg: 85.4106
2026/07/23 19:00:22 - mmengine - INFO - Iter(train) [ 90600/160000]  lr: 4.7743e-03  eta: 7:11:26  time: 0.3712  data_time: 0.0454  memory: 8860  loss: 1.0578  decode.loss_ohem: 0.7256  decode.acc_seg: 92.6659  aux_0.loss_ce: 0.3322  aux_0.acc_seg: 90.7156
2026/07/23 19:00:59 - mmengine - INFO - Iter(train) [ 90700/160000]  lr: 4.7681e-03  eta: 7:10:48  time: 0.3711  data_time: 0.0459  memory: 8858  loss: 1.0981  decode.loss_ohem: 0.7770  decode.acc_seg: 90.9720  aux_0.loss_ce: 0.3211  aux_0.acc_seg: 87.4816
2026/07/23 19:01:36 - mmengine - INFO - Iter(train) [ 90800/160000]  lr: 4.7620e-03  eta: 7:10:11  time: 0.3718  data_time: 0.0453  memory: 8861  loss: 1.0581  decode.loss_ohem: 0.7514  decode.acc_seg: 92.3993  aux_0.loss_ce: 0.3068  aux_0.acc_seg: 89.9871
2026/07/23 19:02:13 - mmengine - INFO - Iter(train) [ 90900/160000]  lr: 4.7558e-03  eta: 7:09:33  time: 0.3698  data_time: 0.0443  memory: 8859  loss: 1.0723  decode.loss_ohem: 0.7476  decode.acc_seg: 91.5616  aux_0.loss_ce: 0.3247  aux_0.acc_seg: 87.1225
2026/07/23 19:02:51 - mmengine - INFO - Exp name: dsanet_cityscapes_512x1024_20260723_093233
2026/07/23 19:02:51 - mmengine - INFO - Iter(train) [ 91000/160000]  lr: 4.7496e-03  eta: 7:08:56  time: 0.3693  data_time: 0.0436  memory: 8862  loss: 1.0341  decode.loss_ohem: 0.7064  decode.acc_seg: 90.4591  aux_0.loss_ce: 0.3277  aux_0.acc_seg: 87.1201
2026/07/23 19:03:28 - mmengine - INFO - Iter(train) [ 91100/160000]  lr: 4.7434e-03  eta: 7:08:18  time: 0.3720  data_time: 0.0453  memory: 8859  loss: 1.0030  decode.loss_ohem: 0.6826  decode.acc_seg: 93.3889  aux_0.loss_ce: 0.3204  aux_0.acc_seg: 91.0762
2026/07/23 19:04:05 - mmengine - INFO - Iter(train) [ 91200/160000]  lr: 4.7372e-03  eta: 7:07:41  time: 0.3715  data_time: 0.0459  memory: 8859  loss: 0.9817  decode.loss_ohem: 0.6733  decode.acc_seg: 93.1400  aux_0.loss_ce: 0.3084  aux_0.acc_seg: 88.8522
2026/07/23 19:04:42 - mmengine - INFO - Iter(train) [ 91300/160000]  lr: 4.7310e-03  eta: 7:07:04  time: 0.3726  data_time: 0.0461  memory: 8860  loss: 1.0760  decode.loss_ohem: 0.7294  decode.acc_seg: 90.8564  aux_0.loss_ce: 0.3466  aux_0.acc_seg: 86.6262
2026/07/23 19:05:19 - mmengine - INFO - Iter(train) [ 91400/160000]  lr: 4.7249e-03  eta: 7:06:26  time: 0.3697  data_time: 0.0445  memory: 8860  loss: 1.0593  decode.loss_ohem: 0.7284  decode.acc_seg: 91.8477  aux_0.loss_ce: 0.3309  aux_0.acc_seg: 85.1063
2026/07/23 19:05:56 - mmengine - INFO - Iter(train) [ 91500/160000]  lr: 4.7187e-03  eta: 7:05:48  time: 0.3678  data_time: 0.0434  memory: 8859  loss: 0.9939  decode.loss_ohem: 0.7005  decode.acc_seg: 93.9474  aux_0.loss_ce: 0.2934  aux_0.acc_seg: 90.7463
2026/07/23 19:06:33 - mmengine - INFO - Iter(train) [ 91600/160000]  lr: 4.7125e-03  eta: 7:05:11  time: 0.3698  data_time: 0.0440  memory: 8860  loss: 1.0733  decode.loss_ohem: 0.7420  decode.acc_seg: 92.1007  aux_0.loss_ce: 0.3313  aux_0.acc_seg: 90.1919
2026/07/23 19:07:10 - mmengine - INFO - Iter(train) [ 91700/160000]  lr: 4.7063e-03  eta: 7:04:34  time: 0.3751  data_time: 0.0467  memory: 8859  loss: 1.0945  decode.loss_ohem: 0.7476  decode.acc_seg: 94.5346  aux_0.loss_ce: 0.3470  aux_0.acc_seg: 91.1330
2026/07/23 19:07:47 - mmengine - INFO - Iter(train) [ 91800/160000]  lr: 4.7001e-03  eta: 7:03:56  time: 0.3715  data_time: 0.0450  memory: 8862  loss: 1.1113  decode.loss_ohem: 0.7681  decode.acc_seg: 92.9913  aux_0.loss_ce: 0.3432  aux_0.acc_seg: 90.8298
2026/07/23 19:08:25 - mmengine - INFO - Iter(train) [ 91900/160000]  lr: 4.6939e-03  eta: 7:03:19  time: 0.3727  data_time: 0.0470  memory: 8860  loss: 1.0451  decode.loss_ohem: 0.7351  decode.acc_seg: 91.1885  aux_0.loss_ce: 0.3100  aux_0.acc_seg: 86.3522
2026/07/23 19:09:02 - mmengine - INFO - Exp name: dsanet_cityscapes_512x1024_20260723_093233
2026/07/23 19:09:02 - mmengine - INFO - Iter(train) [ 92000/160000]  lr: 4.6877e-03  eta: 7:02:41  time: 0.3722  data_time: 0.0455  memory: 8861  loss: 1.0921  decode.loss_ohem: 0.7460  decode.acc_seg: 91.8194  aux_0.loss_ce: 0.3461  aux_0.acc_seg: 86.2816
2026/07/23 19:09:39 - mmengine - INFO - Iter(train) [ 92100/160000]  lr: 4.6815e-03  eta: 7:02:04  time: 0.3745  data_time: 0.0472  memory: 8860  loss: 1.1384  decode.loss_ohem: 0.7919  decode.acc_seg: 92.8695  aux_0.loss_ce: 0.3465  aux_0.acc_seg: 90.3889
2026/07/23 19:10:16 - mmengine - INFO - Iter(train) [ 92200/160000]  lr: 4.6753e-03  eta: 7:01:27  time: 0.3700  data_time: 0.0446  memory: 8861  loss: 1.0053  decode.loss_ohem: 0.7069  decode.acc_seg: 91.5555  aux_0.loss_ce: 0.2985  aux_0.acc_seg: 85.3875
2026/07/23 19:10:53 - mmengine - INFO - Iter(train) [ 92300/160000]  lr: 4.6691e-03  eta: 7:00:49  time: 0.3725  data_time: 0.0462  memory: 8861  loss: 1.0041  decode.loss_ohem: 0.6701  decode.acc_seg: 91.1354  aux_0.loss_ce: 0.3340  aux_0.acc_seg: 86.9391
2026/07/23 19:11:30 - mmengine - INFO - Iter(train) [ 92400/160000]  lr: 4.6630e-03  eta: 7:00:12  time: 0.3689  data_time: 0.0435  memory: 8861  loss: 1.1028  decode.loss_ohem: 0.7585  decode.acc_seg: 93.3329  aux_0.loss_ce: 0.3443  aux_0.acc_seg: 89.1560
2026/07/23 19:12:08 - mmengine - INFO - Iter(train) [ 92500/160000]  lr: 4.6568e-03  eta: 6:59:35  time: 0.3745  data_time: 0.0476  memory: 8862  loss: 1.0819  decode.loss_ohem: 0.7368  decode.acc_seg: 91.7910  aux_0.loss_ce: 0.3451  aux_0.acc_seg: 88.1737
2026/07/23 19:12:45 - mmengine - INFO - Iter(train) [ 92600/160000]  lr: 4.6506e-03  eta: 6:58:57  time: 0.3769  data_time: 0.0486  memory: 8862  loss: 1.1250  decode.loss_ohem: 0.7840  decode.acc_seg: 94.4003  aux_0.loss_ce: 0.3410  aux_0.acc_seg: 92.1069
2026/07/23 19:13:23 - mmengine - INFO - Iter(train) [ 92700/160000]  lr: 4.6444e-03  eta: 6:58:20  time: 0.3750  data_time: 0.0475  memory: 8860  loss: 1.0604  decode.loss_ohem: 0.7282  decode.acc_seg: 93.0750  aux_0.loss_ce: 0.3322  aux_0.acc_seg: 90.2844
2026/07/23 19:14:00 - mmengine - INFO - Iter(train) [ 92800/160000]  lr: 4.6382e-03  eta: 6:57:43  time: 0.3736  data_time: 0.0466  memory: 8860  loss: 1.0161  decode.loss_ohem: 0.7076  decode.acc_seg: 91.8437  aux_0.loss_ce: 0.3085  aux_0.acc_seg: 87.1327
2026/07/23 19:14:38 - mmengine - INFO - Iter(train) [ 92900/160000]  lr: 4.6320e-03  eta: 6:57:06  time: 0.3741  data_time: 0.0468  memory: 8860  loss: 1.1063  decode.loss_ohem: 0.7665  decode.acc_seg: 89.9022  aux_0.loss_ce: 0.3398  aux_0.acc_seg: 85.8244
2026/07/23 19:15:15 - mmengine - INFO - Exp name: dsanet_cityscapes_512x1024_20260723_093233
2026/07/23 19:15:15 - mmengine - INFO - Iter(train) [ 93000/160000]  lr: 4.6258e-03  eta: 6:56:29  time: 0.3731  data_time: 0.0463  memory: 8861  loss: 1.0472  decode.loss_ohem: 0.7242  decode.acc_seg: 92.9830  aux_0.loss_ce: 0.3230  aux_0.acc_seg: 90.1760
2026/07/23 19:15:53 - mmengine - INFO - Iter(train) [ 93100/160000]  lr: 4.6196e-03  eta: 6:55:52  time: 0.3754  data_time: 0.0475  memory: 8862  loss: 1.0748  decode.loss_ohem: 0.7491  decode.acc_seg: 92.8270  aux_0.loss_ce: 0.3258  aux_0.acc_seg: 89.6444
2026/07/23 19:16:30 - mmengine - INFO - Iter(train) [ 93200/160000]  lr: 4.6134e-03  eta: 6:55:14  time: 0.3735  data_time: 0.0458  memory: 8861  loss: 1.0677  decode.loss_ohem: 0.7213  decode.acc_seg: 88.0303  aux_0.loss_ce: 0.3465  aux_0.acc_seg: 83.4358
2026/07/23 19:17:07 - mmengine - INFO - Iter(train) [ 93300/160000]  lr: 4.6072e-03  eta: 6:54:37  time: 0.3741  data_time: 0.0472  memory: 8861  loss: 1.1560  decode.loss_ohem: 0.7639  decode.acc_seg: 92.6063  aux_0.loss_ce: 0.3921  aux_0.acc_seg: 86.8963
2026/07/23 19:17:45 - mmengine - INFO - Iter(train) [ 93400/160000]  lr: 4.6010e-03  eta: 6:54:00  time: 0.3750  data_time: 0.0479  memory: 8860  loss: 1.0091  decode.loss_ohem: 0.7145  decode.acc_seg: 92.7308  aux_0.loss_ce: 0.2946  aux_0.acc_seg: 87.5771
2026/07/23 19:18:22 - mmengine - INFO - Iter(train) [ 93500/160000]  lr: 4.5948e-03  eta: 6:53:23  time: 0.3749  data_time: 0.0476  memory: 8858  loss: 1.0286  decode.loss_ohem: 0.7079  decode.acc_seg: 91.5674  aux_0.loss_ce: 0.3207  aux_0.acc_seg: 82.5998
2026/07/23 19:19:00 - mmengine - INFO - Iter(train) [ 93600/160000]  lr: 4.5885e-03  eta: 6:52:46  time: 0.3759  data_time: 0.0476  memory: 8859  loss: 1.1001  decode.loss_ohem: 0.7611  decode.acc_seg: 89.3428  aux_0.loss_ce: 0.3390  aux_0.acc_seg: 83.9328
2026/07/23 19:19:38 - mmengine - INFO - Iter(train) [ 93700/160000]  lr: 4.5823e-03  eta: 6:52:09  time: 0.3724  data_time: 0.0456  memory: 8859  loss: 1.0397  decode.loss_ohem: 0.7072  decode.acc_seg: 90.1590  aux_0.loss_ce: 0.3325  aux_0.acc_seg: 87.1558
2026/07/23 19:20:15 - mmengine - INFO - Iter(train) [ 93800/160000]  lr: 4.5761e-03  eta: 6:51:31  time: 0.3695  data_time: 0.0451  memory: 8860  loss: 0.9823  decode.loss_ohem: 0.6939  decode.acc_seg: 92.6364  aux_0.loss_ce: 0.2884  aux_0.acc_seg: 89.3002
2026/07/23 19:20:52 - mmengine - INFO - Iter(train) [ 93900/160000]  lr: 4.5699e-03  eta: 6:50:54  time: 0.3774  data_time: 0.0475  memory: 8859  loss: 1.0244  decode.loss_ohem: 0.7104  decode.acc_seg: 92.8788  aux_0.loss_ce: 0.3140  aux_0.acc_seg: 88.7154
2026/07/23 19:21:30 - mmengine - INFO - Exp name: dsanet_cityscapes_512x1024_20260723_093233
2026/07/23 19:21:30 - mmengine - INFO - Iter(train) [ 94000/160000]  lr: 4.5637e-03  eta: 6:50:17  time: 0.3699  data_time: 0.0456  memory: 8861  loss: 1.0717  decode.loss_ohem: 0.7701  decode.acc_seg: 90.8782  aux_0.loss_ce: 0.3016  aux_0.acc_seg: 87.8965
2026/07/23 19:22:07 - mmengine - INFO - Iter(train) [ 94100/160000]  lr: 4.5575e-03  eta: 6:49:40  time: 0.3765  data_time: 0.0475  memory: 8862  loss: 1.0121  decode.loss_ohem: 0.6917  decode.acc_seg: 92.6459  aux_0.loss_ce: 0.3204  aux_0.acc_seg: 86.2843
2026/07/23 19:22:44 - mmengine - INFO - Iter(train) [ 94200/160000]  lr: 4.5513e-03  eta: 6:49:02  time: 0.3726  data_time: 0.0465  memory: 8860  loss: 0.9833  decode.loss_ohem: 0.6983  decode.acc_seg: 92.9948  aux_0.loss_ce: 0.2850  aux_0.acc_seg: 89.5790
2026/07/23 19:23:22 - mmengine - INFO - Iter(train) [ 94300/160000]  lr: 4.5451e-03  eta: 6:48:25  time: 0.3719  data_time: 0.0459  memory: 8859  loss: 1.0301  decode.loss_ohem: 0.7247  decode.acc_seg: 92.0412  aux_0.loss_ce: 0.3054  aux_0.acc_seg: 87.9810
2026/07/23 19:23:59 - mmengine - INFO - Iter(train) [ 94400/160000]  lr: 4.5389e-03  eta: 6:47:48  time: 0.3718  data_time: 0.0449  memory: 8861  loss: 1.0267  decode.loss_ohem: 0.7012  decode.acc_seg: 92.5003  aux_0.loss_ce: 0.3255  aux_0.acc_seg: 88.0132
2026/07/23 19:24:36 - mmengine - INFO - Iter(train) [ 94500/160000]  lr: 4.5327e-03  eta: 6:47:10  time: 0.3725  data_time: 0.0467  memory: 8859  loss: 1.0208  decode.loss_ohem: 0.7182  decode.acc_seg: 93.0631  aux_0.loss_ce: 0.3026  aux_0.acc_seg: 87.8150
2026/07/23 19:25:14 - mmengine - INFO - Iter(train) [ 94600/160000]  lr: 4.5264e-03  eta: 6:46:33  time: 0.3727  data_time: 0.0456  memory: 8859  loss: 1.1185  decode.loss_ohem: 0.7813  decode.acc_seg: 91.5432  aux_0.loss_ce: 0.3372  aux_0.acc_seg: 86.7654
2026/07/23 19:25:51 - mmengine - INFO - Iter(train) [ 94700/160000]  lr: 4.5202e-03  eta: 6:45:56  time: 0.3755  data_time: 0.0473  memory: 8859  loss: 1.0954  decode.loss_ohem: 0.7601  decode.acc_seg: 93.0933  aux_0.loss_ce: 0.3353  aux_0.acc_seg: 87.8771
2026/07/23 19:26:28 - mmengine - INFO - Iter(train) [ 94800/160000]  lr: 4.5140e-03  eta: 6:45:18  time: 0.3715  data_time: 0.0448  memory: 8860  loss: 1.1267  decode.loss_ohem: 0.8042  decode.acc_seg: 92.5035  aux_0.loss_ce: 0.3225  aux_0.acc_seg: 87.6870
2026/07/23 19:27:06 - mmengine - INFO - Iter(train) [ 94900/160000]  lr: 4.5078e-03  eta: 6:44:41  time: 0.3728  data_time: 0.0466  memory: 8859  loss: 0.9849  decode.loss_ohem: 0.6766  decode.acc_seg: 93.2875  aux_0.loss_ce: 0.3083  aux_0.acc_seg: 89.3316
2026/07/23 19:27:43 - mmengine - INFO - Exp name: dsanet_cityscapes_512x1024_20260723_093233
2026/07/23 19:27:43 - mmengine - INFO - Iter(train) [ 95000/160000]  lr: 4.5016e-03  eta: 6:44:04  time: 0.3711  data_time: 0.0456  memory: 8859  loss: 0.9703  decode.loss_ohem: 0.6627  decode.acc_seg: 92.1243  aux_0.loss_ce: 0.3076  aux_0.acc_seg: 88.1037
2026/07/23 19:27:43 - mmengine - INFO - Saving checkpoint at 95000 iterations
2026/07/23 19:27:49 - mmengine - INFO - Iter(val) [100/250]    eta: 0:00:08  time: 0.0548  data_time: 0.0194  memory: 728  
2026/07/23 19:27:54 - mmengine - INFO - Iter(val) [200/250]    eta: 0:00:02  time: 0.0551  data_time: 0.0194  memory: 728  
2026/07/23 19:27:57 - mmengine - INFO - per class results:
2026/07/23 19:27:57 - mmengine - INFO - 
+---------------+-------+-------+
|     Class     |  IoU  |  Acc  |
+---------------+-------+-------+
|      road     | 97.01 | 97.92 |
|    sidewalk   | 77.82 | 90.36 |
|    building   | 89.02 | 94.67 |
|      wall     | 37.04 | 40.49 |
|     fence     | 50.82 | 69.53 |
|      pole     | 50.73 | 60.14 |
| traffic light | 52.34 |  63.4 |
|  traffic sign | 67.14 |  76.5 |
|   vegetation  | 90.46 | 96.01 |
|    terrain    | 59.37 | 66.89 |
|      sky      | 92.36 | 96.93 |
|     person    | 73.12 |  86.0 |
|     rider     |  50.1 | 64.26 |
|      car      | 91.57 | 97.04 |
|     truck     |  53.1 | 61.46 |
|      bus      | 73.19 | 89.56 |
|     train     | 45.33 | 79.26 |
|   motorcycle  | 36.46 | 41.55 |
|    bicycle    | 67.68 | 85.58 |
+---------------+-------+-------+
2026/07/23 19:27:57 - mmengine - INFO - Iter(val) [250/250]    aAcc: 94.1700  mIoU: 66.0300  mAcc: 76.7100  data_time: 0.0201  time: 0.0554
2026/07/23 19:28:35 - mmengine - INFO - Iter(train) [ 95100/160000]  lr: 4.4954e-03  eta: 6:43:27  time: 0.3745  data_time: 0.0468  memory: 8860  loss: 1.0502  decode.loss_ohem: 0.7376  decode.acc_seg: 93.9793  aux_0.loss_ce: 0.3127  aux_0.acc_seg: 91.5613
2026/07/23 19:29:12 - mmengine - INFO - Iter(train) [ 95200/160000]  lr: 4.4891e-03  eta: 6:42:49  time: 0.3739  data_time: 0.0467  memory: 8861  loss: 1.1437  decode.loss_ohem: 0.7806  decode.acc_seg: 91.2682  aux_0.loss_ce: 0.3632  aux_0.acc_seg: 85.0967
2026/07/23 19:29:50 - mmengine - INFO - Iter(train) [ 95300/160000]  lr: 4.4829e-03  eta: 6:42:12  time: 0.3728  data_time: 0.0467  memory: 8859  loss: 1.0071  decode.loss_ohem: 0.6892  decode.acc_seg: 92.1721  aux_0.loss_ce: 0.3179  aux_0.acc_seg: 85.0352
2026/07/23 19:30:27 - mmengine - INFO - Iter(train) [ 95400/160000]  lr: 4.4767e-03  eta: 6:41:35  time: 0.3731  data_time: 0.0460  memory: 8859  loss: 1.0725  decode.loss_ohem: 0.7503  decode.acc_seg: 93.6865  aux_0.loss_ce: 0.3223  aux_0.acc_seg: 89.7773
2026/07/23 19:31:04 - mmengine - INFO - Iter(train) [ 95500/160000]  lr: 4.4705e-03  eta: 6:40:57  time: 0.3768  data_time: 0.0472  memory: 8858  loss: 1.0141  decode.loss_ohem: 0.7091  decode.acc_seg: 91.7057  aux_0.loss_ce: 0.3050  aux_0.acc_seg: 88.4067
2026/07/23 19:31:41 - mmengine - INFO - Iter(train) [ 95600/160000]  lr: 4.4642e-03  eta: 6:40:20  time: 0.3668  data_time: 0.0445  memory: 8860  loss: 1.0682  decode.loss_ohem: 0.7605  decode.acc_seg: 93.2097  aux_0.loss_ce: 0.3076  aux_0.acc_seg: 88.9156
2026/07/23 19:32:18 - mmengine - INFO - Iter(train) [ 95700/160000]  lr: 4.4580e-03  eta: 6:39:43  time: 0.3692  data_time: 0.0448  memory: 8859  loss: 1.0962  decode.loss_ohem: 0.7481  decode.acc_seg: 89.4404  aux_0.loss_ce: 0.3481  aux_0.acc_seg: 81.1914
2026/07/23 19:32:56 - mmengine - INFO - Iter(train) [ 95800/160000]  lr: 4.4518e-03  eta: 6:39:05  time: 0.3721  data_time: 0.0443  memory: 8859  loss: 1.0643  decode.loss_ohem: 0.7293  decode.acc_seg: 90.0348  aux_0.loss_ce: 0.3350  aux_0.acc_seg: 87.6787
2026/07/23 19:33:33 - mmengine - INFO - Iter(train) [ 95900/160000]  lr: 4.4456e-03  eta: 6:38:28  time: 0.3724  data_time: 0.0462  memory: 8860  loss: 1.0936  decode.loss_ohem: 0.7629  decode.acc_seg: 92.8920  aux_0.loss_ce: 0.3306  aux_0.acc_seg: 88.0701
2026/07/23 19:34:10 - mmengine - INFO - Exp name: dsanet_cityscapes_512x1024_20260723_093233
2026/07/23 19:34:10 - mmengine - INFO - Iter(train) [ 96000/160000]  lr: 4.4393e-03  eta: 6:37:50  time: 0.3719  data_time: 0.0456  memory: 8859  loss: 1.0069  decode.loss_ohem: 0.6933  decode.acc_seg: 93.0630  aux_0.loss_ce: 0.3136  aux_0.acc_seg: 87.3930
2026/07/23 19:34:47 - mmengine - INFO - Iter(train) [ 96100/160000]  lr: 4.4331e-03  eta: 6:37:13  time: 0.3724  data_time: 0.0456  memory: 8859  loss: 1.0244  decode.loss_ohem: 0.7038  decode.acc_seg: 93.6620  aux_0.loss_ce: 0.3206  aux_0.acc_seg: 88.4552
2026/07/23 19:35:24 - mmengine - INFO - Iter(train) [ 96200/160000]  lr: 4.4269e-03  eta: 6:36:36  time: 0.3689  data_time: 0.0449  memory: 8858  loss: 1.0501  decode.loss_ohem: 0.7397  decode.acc_seg: 92.1747  aux_0.loss_ce: 0.3104  aux_0.acc_seg: 89.5820
2026/07/23 19:36:01 - mmengine - INFO - Iter(train) [ 96300/160000]  lr: 4.4206e-03  eta: 6:35:58  time: 0.3810  data_time: 0.0462  memory: 8859  loss: 1.0592  decode.loss_ohem: 0.7432  decode.acc_seg: 92.6446  aux_0.loss_ce: 0.3160  aux_0.acc_seg: 88.2825
2026/07/23 19:36:38 - mmengine - INFO - Iter(train) [ 96400/160000]  lr: 4.4144e-03  eta: 6:35:21  time: 0.3647  data_time: 0.0439  memory: 8860  loss: 1.0561  decode.loss_ohem: 0.7420  decode.acc_seg: 93.1569  aux_0.loss_ce: 0.3141  aux_0.acc_seg: 90.9046
2026/07/23 19:37:16 - mmengine - INFO - Iter(train) [ 96500/160000]  lr: 4.4082e-03  eta: 6:34:43  time: 0.3725  data_time: 0.0454  memory: 8860  loss: 1.0515  decode.loss_ohem: 0.7417  decode.acc_seg: 86.2012  aux_0.loss_ce: 0.3098  aux_0.acc_seg: 83.0636
2026/07/23 19:37:53 - mmengine - INFO - Iter(train) [ 96600/160000]  lr: 4.4019e-03  eta: 6:34:06  time: 0.3711  data_time: 0.0449  memory: 8861  loss: 1.0503  decode.loss_ohem: 0.7116  decode.acc_seg: 91.1029  aux_0.loss_ce: 0.3387  aux_0.acc_seg: 79.9255
2026/07/23 19:38:30 - mmengine - INFO - Iter(train) [ 96700/160000]  lr: 4.3957e-03  eta: 6:33:28  time: 0.3706  data_time: 0.0446  memory: 8859  loss: 1.1470  decode.loss_ohem: 0.8092  decode.acc_seg: 93.9555  aux_0.loss_ce: 0.3378  aux_0.acc_seg: 90.5186
2026/07/23 19:39:07 - mmengine - INFO - Iter(train) [ 96800/160000]  lr: 4.3895e-03  eta: 6:32:51  time: 0.3702  data_time: 0.0444  memory: 8859  loss: 1.1448  decode.loss_ohem: 0.7909  decode.acc_seg: 91.0930  aux_0.loss_ce: 0.3539  aux_0.acc_seg: 88.0521
2026/07/23 19:39:44 - mmengine - INFO - Iter(train) [ 96900/160000]  lr: 4.3832e-03  eta: 6:32:14  time: 0.3765  data_time: 0.0458  memory: 8858  loss: 1.0430  decode.loss_ohem: 0.7371  decode.acc_seg: 94.3561  aux_0.loss_ce: 0.3059  aux_0.acc_seg: 92.9344
2026/07/23 19:40:21 - mmengine - INFO - Exp name: dsanet_cityscapes_512x1024_20260723_093233
2026/07/23 19:40:21 - mmengine - INFO - Iter(train) [ 97000/160000]  lr: 4.3770e-03  eta: 6:31:36  time: 0.3759  data_time: 0.0470  memory: 8859  loss: 1.0499  decode.loss_ohem: 0.7223  decode.acc_seg: 92.1513  aux_0.loss_ce: 0.3276  aux_0.acc_seg: 87.8266
2026/07/23 19:40:59 - mmengine - INFO - Iter(train) [ 97100/160000]  lr: 4.3708e-03  eta: 6:30:59  time: 0.3801  data_time: 0.0495  memory: 8862  loss: 1.1024  decode.loss_ohem: 0.7597  decode.acc_seg: 91.8983  aux_0.loss_ce: 0.3426  aux_0.acc_seg: 88.8493
2026/07/23 19:41:37 - mmengine - INFO - Iter(train) [ 97200/160000]  lr: 4.3645e-03  eta: 6:30:22  time: 0.3771  data_time: 0.0479  memory: 8859  loss: 1.0571  decode.loss_ohem: 0.7408  decode.acc_seg: 92.0906  aux_0.loss_ce: 0.3163  aux_0.acc_seg: 88.1677
2026/07/23 19:42:15 - mmengine - INFO - Iter(train) [ 97300/160000]  lr: 4.3583e-03  eta: 6:29:46  time: 0.3807  data_time: 0.0493  memory: 8859  loss: 1.0714  decode.loss_ohem: 0.7596  decode.acc_seg: 90.9530  aux_0.loss_ce: 0.3117  aux_0.acc_seg: 84.8163
2026/07/23 19:42:53 - mmengine - INFO - Iter(train) [ 97400/160000]  lr: 4.3520e-03  eta: 6:29:09  time: 0.3800  data_time: 0.0489  memory: 8860  loss: 1.1069  decode.loss_ohem: 0.7282  decode.acc_seg: 94.3182  aux_0.loss_ce: 0.3786  aux_0.acc_seg: 91.3601
2026/07/23 19:43:31 - mmengine - INFO - Iter(train) [ 97500/160000]  lr: 4.3458e-03  eta: 6:28:32  time: 0.3804  data_time: 0.0493  memory: 8859  loss: 1.0848  decode.loss_ohem: 0.7490  decode.acc_seg: 92.6217  aux_0.loss_ce: 0.3358  aux_0.acc_seg: 89.3248
2026/07/23 19:44:09 - mmengine - INFO - Iter(train) [ 97600/160000]  lr: 4.3395e-03  eta: 6:27:55  time: 0.3816  data_time: 0.0503  memory: 8860  loss: 1.0195  decode.loss_ohem: 0.6882  decode.acc_seg: 93.3762  aux_0.loss_ce: 0.3313  aux_0.acc_seg: 85.9626
2026/07/23 19:44:48 - mmengine - INFO - Iter(train) [ 97700/160000]  lr: 4.3333e-03  eta: 6:27:18  time: 0.3779  data_time: 0.0481  memory: 8859  loss: 0.9817  decode.loss_ohem: 0.6838  decode.acc_seg: 93.2586  aux_0.loss_ce: 0.2979  aux_0.acc_seg: 90.1026
2026/07/23 19:45:26 - mmengine - INFO - Iter(train) [ 97800/160000]  lr: 4.3271e-03  eta: 6:26:42  time: 0.3880  data_time: 0.0451  memory: 8860  loss: 1.0782  decode.loss_ohem: 0.7271  decode.acc_seg: 90.9059  aux_0.loss_ce: 0.3512  aux_0.acc_seg: 85.9730
2026/07/23 19:46:03 - mmengine - INFO - Iter(train) [ 97900/160000]  lr: 4.3208e-03  eta: 6:26:04  time: 0.3737  data_time: 0.0468  memory: 8859  loss: 1.0545  decode.loss_ohem: 0.7173  decode.acc_seg: 91.5710  aux_0.loss_ce: 0.3372  aux_0.acc_seg: 84.9648
2026/07/23 19:46:41 - mmengine - INFO - Exp name: dsanet_cityscapes_512x1024_20260723_093233
2026/07/23 19:46:41 - mmengine - INFO - Iter(train) [ 98000/160000]  lr: 4.3146e-03  eta: 6:25:27  time: 0.3765  data_time: 0.0472  memory: 8858  loss: 1.0537  decode.loss_ohem: 0.7247  decode.acc_seg: 93.6775  aux_0.loss_ce: 0.3290  aux_0.acc_seg: 86.8928
2026/07/23 19:47:19 - mmengine - INFO - Iter(train) [ 98100/160000]  lr: 4.3083e-03  eta: 6:24:50  time: 0.3767  data_time: 0.0476  memory: 8859  loss: 1.0176  decode.loss_ohem: 0.7060  decode.acc_seg: 92.6247  aux_0.loss_ce: 0.3116  aux_0.acc_seg: 88.4012
2026/07/23 19:47:56 - mmengine - INFO - Iter(train) [ 98200/160000]  lr: 4.3021e-03  eta: 6:24:13  time: 0.3758  data_time: 0.0471  memory: 8859  loss: 1.0418  decode.loss_ohem: 0.7355  decode.acc_seg: 89.9491  aux_0.loss_ce: 0.3062  aux_0.acc_seg: 86.4666
2026/07/23 19:48:34 - mmengine - INFO - Iter(train) [ 98300/160000]  lr: 4.2958e-03  eta: 6:23:36  time: 0.3777  data_time: 0.0484  memory: 8859  loss: 0.9581  decode.loss_ohem: 0.6736  decode.acc_seg: 93.0879  aux_0.loss_ce: 0.2845  aux_0.acc_seg: 89.0823
2026/07/23 19:49:11 - mmengine - INFO - Iter(train) [ 98400/160000]  lr: 4.2896e-03  eta: 6:22:59  time: 0.3738  data_time: 0.0467  memory: 8860  loss: 1.0388  decode.loss_ohem: 0.7386  decode.acc_seg: 94.7391  aux_0.loss_ce: 0.3002  aux_0.acc_seg: 91.7316
2026/07/23 19:49:49 - mmengine - INFO - Iter(train) [ 98500/160000]  lr: 4.2833e-03  eta: 6:22:22  time: 0.3756  data_time: 0.0476  memory: 8859  loss: 1.2538  decode.loss_ohem: 0.8856  decode.acc_seg: 92.5016  aux_0.loss_ce: 0.3682  aux_0.acc_seg: 87.4081
2026/07/23 19:50:27 - mmengine - INFO - Iter(train) [ 98600/160000]  lr: 4.2771e-03  eta: 6:21:45  time: 0.3765  data_time: 0.0488  memory: 8860  loss: 1.1142  decode.loss_ohem: 0.7603  decode.acc_seg: 94.9715  aux_0.loss_ce: 0.3539  aux_0.acc_seg: 86.8762
2026/07/23 19:51:05 - mmengine - INFO - Iter(train) [ 98700/160000]  lr: 4.2708e-03  eta: 6:21:08  time: 0.3791  data_time: 0.0493  memory: 8858  loss: 1.0145  decode.loss_ohem: 0.7006  decode.acc_seg: 93.2148  aux_0.loss_ce: 0.3139  aux_0.acc_seg: 89.5520
2026/07/23 19:51:43 - mmengine - INFO - Iter(train) [ 98800/160000]  lr: 4.2645e-03  eta: 6:20:31  time: 0.3780  data_time: 0.0490  memory: 8857  loss: 1.0767  decode.loss_ohem: 0.7663  decode.acc_seg: 90.1465  aux_0.loss_ce: 0.3104  aux_0.acc_seg: 87.2284
2026/07/23 19:52:21 - mmengine - INFO - Iter(train) [ 98900/160000]  lr: 4.2583e-03  eta: 6:19:54  time: 0.3817  data_time: 0.0508  memory: 8858  loss: 1.0245  decode.loss_ohem: 0.7064  decode.acc_seg: 93.0158  aux_0.loss_ce: 0.3181  aux_0.acc_seg: 90.8294
2026/07/23 19:52:59 - mmengine - INFO - Exp name: dsanet_cityscapes_512x1024_20260723_093233
2026/07/23 19:52:59 - mmengine - INFO - Iter(train) [ 99000/160000]  lr: 4.2520e-03  eta: 6:19:17  time: 0.3850  data_time: 0.0527  memory: 8861  loss: 1.0690  decode.loss_ohem: 0.7174  decode.acc_seg: 93.1466  aux_0.loss_ce: 0.3516  aux_0.acc_seg: 90.8297
2026/07/23 19:53:37 - mmengine - INFO - Iter(train) [ 99100/160000]  lr: 4.2458e-03  eta: 6:18:40  time: 0.3790  data_time: 0.0489  memory: 8860  loss: 1.0828  decode.loss_ohem: 0.7375  decode.acc_seg: 88.8380  aux_0.loss_ce: 0.3453  aux_0.acc_seg: 81.6469
2026/07/23 19:54:16 - mmengine - INFO - Iter(train) [ 99200/160000]  lr: 4.2395e-03  eta: 6:18:04  time: 0.3834  data_time: 0.0514  memory: 8859  loss: 1.0549  decode.loss_ohem: 0.7243  decode.acc_seg: 90.9113  aux_0.loss_ce: 0.3306  aux_0.acc_seg: 87.6901
2026/07/23 19:54:54 - mmengine - INFO - Iter(train) [ 99300/160000]  lr: 4.2332e-03  eta: 6:17:27  time: 0.3840  data_time: 0.0511  memory: 8859  loss: 1.1955  decode.loss_ohem: 0.8157  decode.acc_seg: 89.6716  aux_0.loss_ce: 0.3798  aux_0.acc_seg: 83.0479
2026/07/23 19:55:32 - mmengine - INFO - Iter(train) [ 99400/160000]  lr: 4.2270e-03  eta: 6:16:50  time: 0.3775  data_time: 0.0486  memory: 8860  loss: 1.0693  decode.loss_ohem: 0.7334  decode.acc_seg: 87.1574  aux_0.loss_ce: 0.3359  aux_0.acc_seg: 82.9249
2026/07/23 19:56:09 - mmengine - INFO - Iter(train) [ 99500/160000]  lr: 4.2207e-03  eta: 6:16:13  time: 0.3771  data_time: 0.0480  memory: 8861  loss: 1.1577  decode.loss_ohem: 0.7891  decode.acc_seg: 88.0535  aux_0.loss_ce: 0.3686  aux_0.acc_seg: 85.2231
2026/07/23 19:56:47 - mmengine - INFO - Iter(train) [ 99600/160000]  lr: 4.2145e-03  eta: 6:15:36  time: 0.3770  data_time: 0.0477  memory: 8859  loss: 0.9845  decode.loss_ohem: 0.6640  decode.acc_seg: 93.5355  aux_0.loss_ce: 0.3204  aux_0.acc_seg: 89.9683
2026/07/23 19:57:25 - mmengine - INFO - Iter(train) [ 99700/160000]  lr: 4.2082e-03  eta: 6:14:59  time: 0.3780  data_time: 0.0487  memory: 8859  loss: 1.0658  decode.loss_ohem: 0.7371  decode.acc_seg: 92.4046  aux_0.loss_ce: 0.3287  aux_0.acc_seg: 89.4985
2026/07/23 19:58:02 - mmengine - INFO - Iter(train) [ 99800/160000]  lr: 4.2019e-03  eta: 6:14:22  time: 0.3773  data_time: 0.0480  memory: 8861  loss: 1.0888  decode.loss_ohem: 0.7639  decode.acc_seg: 89.6339  aux_0.loss_ce: 0.3249  aux_0.acc_seg: 82.7993
2026/07/23 19:58:40 - mmengine - INFO - Iter(train) [ 99900/160000]  lr: 4.1957e-03  eta: 6:13:44  time: 0.3747  data_time: 0.0467  memory: 8860  loss: 1.0420  decode.loss_ohem: 0.7328  decode.acc_seg: 90.6776  aux_0.loss_ce: 0.3092  aux_0.acc_seg: 86.7607
2026/07/23 19:59:18 - mmengine - INFO - Exp name: dsanet_cityscapes_512x1024_20260723_093233
2026/07/23 19:59:18 - mmengine - INFO - Iter(train) [100000/160000]  lr: 4.1894e-03  eta: 6:13:07  time: 0.3772  data_time: 0.0480  memory: 8858  loss: 1.0436  decode.loss_ohem: 0.7052  decode.acc_seg: 93.7292  aux_0.loss_ce: 0.3384  aux_0.acc_seg: 90.4433
2026/07/23 19:59:18 - mmengine - INFO - Saving checkpoint at 100000 iterations
2026/07/23 19:59:24 - mmengine - INFO - Iter(val) [100/250]    eta: 0:00:08  time: 0.0565  data_time: 0.0206  memory: 728  
2026/07/23 19:59:30 - mmengine - INFO - Iter(val) [200/250]    eta: 0:00:02  time: 0.0582  data_time: 0.0209  memory: 728  
2026/07/23 19:59:33 - mmengine - INFO - per class results:
2026/07/23 19:59:33 - mmengine - INFO - 
+---------------+-------+-------+
|     Class     |  IoU  |  Acc  |
+---------------+-------+-------+
|      road     | 97.51 | 98.54 |
|    sidewalk   |  80.4 | 89.06 |
|    building   | 88.59 | 94.73 |
|      wall     |  44.6 | 55.41 |
|     fence     |  48.8 | 68.64 |
|      pole     | 52.05 |  63.9 |
| traffic light | 53.13 | 63.92 |
|  traffic sign | 65.67 | 78.13 |
|   vegetation  | 89.85 | 95.15 |
|    terrain    | 56.08 | 64.69 |
|      sky      | 88.67 | 90.88 |
|     person    | 69.54 | 89.97 |
|     rider     | 44.05 | 55.81 |
|      car      |  92.0 | 96.17 |
|     truck     | 54.03 | 85.72 |
|      bus      | 74.35 | 82.42 |
|     train     | 58.96 | 72.54 |
|   motorcycle  |  45.0 | 53.01 |
|    bicycle    | 68.23 | 80.34 |
+---------------+-------+-------+
2026/07/23 19:59:33 - mmengine - INFO - Iter(val) [250/250]    aAcc: 94.1300  mIoU: 66.9200  mAcc: 77.8500  data_time: 0.0210  time: 0.0569
2026/07/23 19:59:33 - mmengine - INFO - The previous best checkpoint /root/autodl-tmp/DSANet-main/tools/work_dirs/dsanet_cityscapes_512x1024/best_mIoU_iter_85000.pth is removed
2026/07/23 19:59:33 - mmengine - INFO - The best checkpoint with 66.9200 mIoU at 100000 iter is saved to best_mIoU_iter_100000.pth.
2026/07/23 20:00:11 - mmengine - INFO - Iter(train) [100100/160000]  lr: 4.1831e-03  eta: 6:12:31  time: 0.3759  data_time: 0.0487  memory: 8859  loss: 1.0474  decode.loss_ohem: 0.7300  decode.acc_seg: 93.1459  aux_0.loss_ce: 0.3175  aux_0.acc_seg: 88.6223
2026/07/23 20:00:49 - mmengine - INFO - Iter(train) [100200/160000]  lr: 4.1768e-03  eta: 6:11:54  time: 0.3813  data_time: 0.0506  memory: 8858  loss: 1.1933  decode.loss_ohem: 0.8309  decode.acc_seg: 83.0040  aux_0.loss_ce: 0.3624  aux_0.acc_seg: 75.8740
2026/07/23 20:01:27 - mmengine - INFO - Iter(train) [100300/160000]  lr: 4.1706e-03  eta: 6:11:17  time: 0.3785  data_time: 0.0489  memory: 8859  loss: 1.1014  decode.loss_ohem: 0.7610  decode.acc_seg: 91.7669  aux_0.loss_ce: 0.3404  aux_0.acc_seg: 88.3362
2026/07/23 20:02:05 - mmengine - INFO - Iter(train) [100400/160000]  lr: 4.1643e-03  eta: 6:10:40  time: 0.3757  data_time: 0.0472  memory: 8859  loss: 1.1171  decode.loss_ohem: 0.7901  decode.acc_seg: 88.5254  aux_0.loss_ce: 0.3271  aux_0.acc_seg: 85.4452
2026/07/23 20:02:44 - mmengine - INFO - Iter(train) [100500/160000]  lr: 4.1580e-03  eta: 6:10:03  time: 0.3858  data_time: 0.0489  memory: 8859  loss: 0.9810  decode.loss_ohem: 0.7175  decode.acc_seg: 93.2286  aux_0.loss_ce: 0.2635  aux_0.acc_seg: 91.1532
2026/07/23 20:03:21 - mmengine - INFO - Iter(train) [100600/160000]  lr: 4.1518e-03  eta: 6:09:26  time: 0.3750  data_time: 0.0480  memory: 8858  loss: 1.1029  decode.loss_ohem: 0.7787  decode.acc_seg: 91.4390  aux_0.loss_ce: 0.3242  aux_0.acc_seg: 87.6123
2026/07/23 20:03:59 - mmengine - INFO - Iter(train) [100700/160000]  lr: 4.1455e-03  eta: 6:08:49  time: 0.3773  data_time: 0.0488  memory: 8859  loss: 1.0561  decode.loss_ohem: 0.7288  decode.acc_seg: 91.6846  aux_0.loss_ce: 0.3274  aux_0.acc_seg: 86.7540
2026/07/23 20:04:37 - mmengine - INFO - Iter(train) [100800/160000]  lr: 4.1392e-03  eta: 6:08:12  time: 0.3789  data_time: 0.0493  memory: 8860  loss: 1.0946  decode.loss_ohem: 0.7377  decode.acc_seg: 93.7766  aux_0.loss_ce: 0.3568  aux_0.acc_seg: 91.9987
2026/07/23 20:05:15 - mmengine - INFO - Iter(train) [100900/160000]  lr: 4.1329e-03  eta: 6:07:35  time: 0.3770  data_time: 0.0479  memory: 8859  loss: 1.0833  decode.loss_ohem: 0.7533  decode.acc_seg: 94.4101  aux_0.loss_ce: 0.3301  aux_0.acc_seg: 91.6670
2026/07/23 20:05:52 - mmengine - INFO - Exp name: dsanet_cityscapes_512x1024_20260723_093233
2026/07/23 20:05:52 - mmengine - INFO - Iter(train) [101000/160000]  lr: 4.1266e-03  eta: 6:06:58  time: 0.3757  data_time: 0.0477  memory: 8862  loss: 1.0200  decode.loss_ohem: 0.7202  decode.acc_seg: 93.2519  aux_0.loss_ce: 0.2998  aux_0.acc_seg: 89.5748
2026/07/23 20:06:30 - mmengine - INFO - Iter(train) [101100/160000]  lr: 4.1204e-03  eta: 6:06:21  time: 0.3808  data_time: 0.0493  memory: 8858  loss: 1.1392  decode.loss_ohem: 0.7794  decode.acc_seg: 90.2994  aux_0.loss_ce: 0.3598  aux_0.acc_seg: 82.5351
2026/07/23 20:07:08 - mmengine - INFO - Iter(train) [101200/160000]  lr: 4.1141e-03  eta: 6:05:44  time: 0.3761  data_time: 0.0475  memory: 8859  loss: 1.1170  decode.loss_ohem: 0.7669  decode.acc_seg: 90.6515  aux_0.loss_ce: 0.3502  aux_0.acc_seg: 85.2824
2026/07/23 20:07:45 - mmengine - INFO - Iter(train) [101300/160000]  lr: 4.1078e-03  eta: 6:05:06  time: 0.3764  data_time: 0.0472  memory: 8859  loss: 1.0397  decode.loss_ohem: 0.7246  decode.acc_seg: 92.2622  aux_0.loss_ce: 0.3151  aux_0.acc_seg: 85.7404
2026/07/23 20:08:23 - mmengine - INFO - Iter(train) [101400/160000]  lr: 4.1015e-03  eta: 6:04:29  time: 0.3741  data_time: 0.0461  memory: 8859  loss: 1.0528  decode.loss_ohem: 0.7298  decode.acc_seg: 93.3776  aux_0.loss_ce: 0.3229  aux_0.acc_seg: 87.9692
2026/07/23 20:09:00 - mmengine - INFO - Iter(train) [101500/160000]  lr: 4.0952e-03  eta: 6:03:52  time: 0.3761  data_time: 0.0486  memory: 8859  loss: 1.0594  decode.loss_ohem: 0.7344  decode.acc_seg: 94.9649  aux_0.loss_ce: 0.3251  aux_0.acc_seg: 93.2364
2026/07/23 20:09:37 - mmengine - INFO - Iter(train) [101600/160000]  lr: 4.0889e-03  eta: 6:03:14  time: 0.3746  data_time: 0.0463  memory: 8859  loss: 1.0515  decode.loss_ohem: 0.7478  decode.acc_seg: 91.1600  aux_0.loss_ce: 0.3037  aux_0.acc_seg: 87.2811
2026/07/23 20:10:15 - mmengine - INFO - Iter(train) [101700/160000]  lr: 4.0827e-03  eta: 6:02:37  time: 0.3743  data_time: 0.0473  memory: 8860  loss: 0.9933  decode.loss_ohem: 0.7040  decode.acc_seg: 93.4734  aux_0.loss_ce: 0.2893  aux_0.acc_seg: 86.7629
2026/07/23 20:10:52 - mmengine - INFO - Iter(train) [101800/160000]  lr: 4.0764e-03  eta: 6:02:00  time: 0.3750  data_time: 0.0469  memory: 8860  loss: 1.0362  decode.loss_ohem: 0.7217  decode.acc_seg: 91.8701  aux_0.loss_ce: 0.3146  aux_0.acc_seg: 87.9280
2026/07/23 20:11:31 - mmengine - INFO - Iter(train) [101900/160000]  lr: 4.0701e-03  eta: 6:01:23  time: 0.3739  data_time: 0.0469  memory: 8859  loss: 1.0501  decode.loss_ohem: 0.7167  decode.acc_seg: 91.1466  aux_0.loss_ce: 0.3334  aux_0.acc_seg: 85.2817
2026/07/23 20:12:08 - mmengine - INFO - Exp name: dsanet_cityscapes_512x1024_20260723_093233
2026/07/23 20:12:08 - mmengine - INFO - Iter(train) [102000/160000]  lr: 4.0638e-03  eta: 6:00:46  time: 0.3749  data_time: 0.0480  memory: 8859  loss: 1.0023  decode.loss_ohem: 0.6990  decode.acc_seg: 92.2930  aux_0.loss_ce: 0.3033  aux_0.acc_seg: 89.0297
2026/07/23 20:12:46 - mmengine - INFO - Iter(train) [102100/160000]  lr: 4.0575e-03  eta: 6:00:09  time: 0.3759  data_time: 0.0477  memory: 8860  loss: 1.0112  decode.loss_ohem: 0.7050  decode.acc_seg: 91.9220  aux_0.loss_ce: 0.3062  aux_0.acc_seg: 87.9324
2026/07/23 20:13:24 - mmengine - INFO - Iter(train) [102200/160000]  lr: 4.0512e-03  eta: 5:59:32  time: 0.3779  data_time: 0.0491  memory: 8861  loss: 1.0320  decode.loss_ohem: 0.7185  decode.acc_seg: 92.1177  aux_0.loss_ce: 0.3135  aux_0.acc_seg: 87.6009
2026/07/23 20:14:02 - mmengine - INFO - Iter(train) [102300/160000]  lr: 4.0449e-03  eta: 5:58:55  time: 0.3803  data_time: 0.0508  memory: 8859  loss: 1.0819  decode.loss_ohem: 0.7695  decode.acc_seg: 90.8978  aux_0.loss_ce: 0.3125  aux_0.acc_seg: 85.6510
2026/07/23 20:14:40 - mmengine - INFO - Iter(train) [102400/160000]  lr: 4.0386e-03  eta: 5:58:18  time: 0.3784  data_time: 0.0502  memory: 8859  loss: 1.0350  decode.loss_ohem: 0.7208  decode.acc_seg: 91.4752  aux_0.loss_ce: 0.3141  aux_0.acc_seg: 88.2555
2026/07/23 20:15:17 - mmengine - INFO - Iter(train) [102500/160000]  lr: 4.0323e-03  eta: 5:57:41  time: 0.3785  data_time: 0.0493  memory: 8859  loss: 1.1002  decode.loss_ohem: 0.7604  decode.acc_seg: 93.0425  aux_0.loss_ce: 0.3397  aux_0.acc_seg: 87.9641
2026/07/23 20:15:56 - mmengine - INFO - Iter(train) [102600/160000]  lr: 4.0260e-03  eta: 5:57:04  time: 0.3832  data_time: 0.0519  memory: 8861  loss: 0.9939  decode.loss_ohem: 0.6837  decode.acc_seg: 94.1627  aux_0.loss_ce: 0.3102  aux_0.acc_seg: 89.3879
2026/07/23 20:16:34 - mmengine - INFO - Iter(train) [102700/160000]  lr: 4.0197e-03  eta: 5:56:27  time: 0.3809  data_time: 0.0506  memory: 8858  loss: 1.0609  decode.loss_ohem: 0.7318  decode.acc_seg: 91.5966  aux_0.loss_ce: 0.3291  aux_0.acc_seg: 88.3315
2026/07/23 20:17:12 - mmengine - INFO - Iter(train) [102800/160000]  lr: 4.0134e-03  eta: 5:55:50  time: 0.3779  data_time: 0.0489  memory: 8860  loss: 1.0242  decode.loss_ohem: 0.7103  decode.acc_seg: 92.9381  aux_0.loss_ce: 0.3139  aux_0.acc_seg: 88.7858
2026/07/23 20:17:50 - mmengine - INFO - Iter(train) [102900/160000]  lr: 4.0071e-03  eta: 5:55:13  time: 0.3754  data_time: 0.0480  memory: 8860  loss: 1.0131  decode.loss_ohem: 0.7418  decode.acc_seg: 92.5221  aux_0.loss_ce: 0.2713  aux_0.acc_seg: 89.9753
2026/07/23 20:18:27 - mmengine - INFO - Exp name: dsanet_cityscapes_512x1024_20260723_093233
2026/07/23 20:18:27 - mmengine - INFO - Iter(train) [103000/160000]  lr: 4.0008e-03  eta: 5:54:36  time: 0.3782  data_time: 0.0486  memory: 8859  loss: 1.0880  decode.loss_ohem: 0.7425  decode.acc_seg: 90.3750  aux_0.loss_ce: 0.3455  aux_0.acc_seg: 84.9448
2026/07/23 20:19:05 - mmengine - INFO - Iter(train) [103100/160000]  lr: 3.9945e-03  eta: 5:53:59  time: 0.3747  data_time: 0.0470  memory: 8859  loss: 1.1302  decode.loss_ohem: 0.7969  decode.acc_seg: 90.7398  aux_0.loss_ce: 0.3333  aux_0.acc_seg: 86.1710
2026/07/23 20:19:43 - mmengine - INFO - Iter(train) [103200/160000]  lr: 3.9882e-03  eta: 5:53:22  time: 0.3913  data_time: 0.0499  memory: 8860  loss: 0.9906  decode.loss_ohem: 0.6811  decode.acc_seg: 92.6686  aux_0.loss_ce: 0.3095  aux_0.acc_seg: 88.3521
2026/07/23 20:20:21 - mmengine - INFO - Iter(train) [103300/160000]  lr: 3.9819e-03  eta: 5:52:45  time: 0.3760  data_time: 0.0474  memory: 8858  loss: 1.0263  decode.loss_ohem: 0.7157  decode.acc_seg: 93.4249  aux_0.loss_ce: 0.3106  aux_0.acc_seg: 88.4158
2026/07/23 20:20:59 - mmengine - INFO - Iter(train) [103400/160000]  lr: 3.9756e-03  eta: 5:52:08  time: 0.3753  data_time: 0.0472  memory: 8860  loss: 1.0570  decode.loss_ohem: 0.7274  decode.acc_seg: 92.4036  aux_0.loss_ce: 0.3296  aux_0.acc_seg: 90.0763
2026/07/23 20:21:36 - mmengine - INFO - Iter(train) [103500/160000]  lr: 3.9693e-03  eta: 5:51:30  time: 0.3760  data_time: 0.0481  memory: 8858  loss: 1.1063  decode.loss_ohem: 0.7674  decode.acc_seg: 93.5496  aux_0.loss_ce: 0.3389  aux_0.acc_seg: 91.0415
2026/07/23 20:22:14 - mmengine - INFO - Iter(train) [103600/160000]  lr: 3.9630e-03  eta: 5:50:53  time: 0.3772  data_time: 0.0479  memory: 8860  loss: 1.1099  decode.loss_ohem: 0.7758  decode.acc_seg: 91.9121  aux_0.loss_ce: 0.3341  aux_0.acc_seg: 85.2286
2026/07/23 20:22:51 - mmengine - INFO - Iter(train) [103700/160000]  lr: 3.9567e-03  eta: 5:50:16  time: 0.3751  data_time: 0.0475  memory: 8859  loss: 1.0367  decode.loss_ohem: 0.7236  decode.acc_seg: 92.4154  aux_0.loss_ce: 0.3131  aux_0.acc_seg: 89.0992
2026/07/23 20:23:29 - mmengine - INFO - Iter(train) [103800/160000]  lr: 3.9504e-03  eta: 5:49:39  time: 0.3767  data_time: 0.0484  memory: 8859  loss: 1.0037  decode.loss_ohem: 0.6986  decode.acc_seg: 93.9608  aux_0.loss_ce: 0.3051  aux_0.acc_seg: 92.4908
2026/07/23 20:24:07 - mmengine - INFO - Iter(train) [103900/160000]  lr: 3.9441e-03  eta: 5:49:02  time: 0.3743  data_time: 0.0467  memory: 8858  loss: 1.0123  decode.loss_ohem: 0.6945  decode.acc_seg: 94.4921  aux_0.loss_ce: 0.3178  aux_0.acc_seg: 91.9488
2026/07/23 20:24:44 - mmengine - INFO - Exp name: dsanet_cityscapes_512x1024_20260723_093233
2026/07/23 20:24:44 - mmengine - INFO - Iter(train) [104000/160000]  lr: 3.9378e-03  eta: 5:48:24  time: 0.3737  data_time: 0.0472  memory: 8858  loss: 1.0954  decode.loss_ohem: 0.7433  decode.acc_seg: 91.7170  aux_0.loss_ce: 0.3521  aux_0.acc_seg: 88.8459
2026/07/23 20:25:22 - mmengine - INFO - Iter(train) [104100/160000]  lr: 3.9315e-03  eta: 5:47:47  time: 0.3758  data_time: 0.0478  memory: 8860  loss: 1.0274  decode.loss_ohem: 0.7322  decode.acc_seg: 92.6093  aux_0.loss_ce: 0.2952  aux_0.acc_seg: 89.9455
2026/07/23 20:25:59 - mmengine - INFO - Iter(train) [104200/160000]  lr: 3.9251e-03  eta: 5:47:10  time: 0.3754  data_time: 0.0476  memory: 8859  loss: 1.1578  decode.loss_ohem: 0.7916  decode.acc_seg: 92.4537  aux_0.loss_ce: 0.3662  aux_0.acc_seg: 88.1475
2026/07/23 20:26:37 - mmengine - INFO - Iter(train) [104300/160000]  lr: 3.9188e-03  eta: 5:46:33  time: 0.3732  data_time: 0.0462  memory: 8859  loss: 1.0733  decode.loss_ohem: 0.7430  decode.acc_seg: 94.8652  aux_0.loss_ce: 0.3303  aux_0.acc_seg: 89.5449
2026/07/23 20:27:14 - mmengine - INFO - Iter(train) [104400/160000]  lr: 3.9125e-03  eta: 5:45:55  time: 0.3721  data_time: 0.0457  memory: 8860  loss: 1.0085  decode.loss_ohem: 0.7001  decode.acc_seg: 92.3603  aux_0.loss_ce: 0.3084  aux_0.acc_seg: 89.8060
2026/07/23 20:27:51 - mmengine - INFO - Iter(train) [104500/160000]  lr: 3.9062e-03  eta: 5:45:18  time: 0.3749  data_time: 0.0471  memory: 8859  loss: 1.0728  decode.loss_ohem: 0.7585  decode.acc_seg: 90.5761  aux_0.loss_ce: 0.3143  aux_0.acc_seg: 87.1578
2026/07/23 20:28:30 - mmengine - INFO - Iter(train) [104600/160000]  lr: 3.8999e-03  eta: 5:44:41  time: 0.3801  data_time: 0.0471  memory: 8859  loss: 1.1417  decode.loss_ohem: 0.7922  decode.acc_seg: 92.5568  aux_0.loss_ce: 0.3495  aux_0.acc_seg: 88.2019
2026/07/23 20:29:07 - mmengine - INFO - Iter(train) [104700/160000]  lr: 3.8936e-03  eta: 5:44:04  time: 0.3757  data_time: 0.0476  memory: 8861  loss: 1.0573  decode.loss_ohem: 0.7463  decode.acc_seg: 90.0709  aux_0.loss_ce: 0.3110  aux_0.acc_seg: 85.6431
2026/07/23 20:29:45 - mmengine - INFO - Iter(train) [104800/160000]  lr: 3.8872e-03  eta: 5:43:27  time: 0.3756  data_time: 0.0475  memory: 8858  loss: 1.0342  decode.loss_ohem: 0.7126  decode.acc_seg: 93.4421  aux_0.loss_ce: 0.3216  aux_0.acc_seg: 90.8242
2026/07/23 20:30:22 - mmengine - INFO - Iter(train) [104900/160000]  lr: 3.8809e-03  eta: 5:42:49  time: 0.3741  data_time: 0.0466  memory: 8859  loss: 1.0023  decode.loss_ohem: 0.6837  decode.acc_seg: 93.0433  aux_0.loss_ce: 0.3186  aux_0.acc_seg: 90.4313
2026/07/23 20:31:00 - mmengine - INFO - Exp name: dsanet_cityscapes_512x1024_20260723_093233
2026/07/23 20:31:00 - mmengine - INFO - Iter(train) [105000/160000]  lr: 3.8746e-03  eta: 5:42:12  time: 0.3770  data_time: 0.0470  memory: 8859  loss: 1.0002  decode.loss_ohem: 0.6752  decode.acc_seg: 93.1736  aux_0.loss_ce: 0.3250  aux_0.acc_seg: 88.1597
2026/07/23 20:31:00 - mmengine - INFO - Saving checkpoint at 105000 iterations
2026/07/23 20:31:06 - mmengine - INFO - Iter(val) [100/250]    eta: 0:00:08  time: 0.0561  data_time: 0.0203  memory: 728  
2026/07/23 20:31:12 - mmengine - INFO - Iter(val) [200/250]    eta: 0:00:02  time: 0.0564  data_time: 0.0202  memory: 728  
2026/07/23 20:31:14 - mmengine - INFO - per class results:
2026/07/23 20:31:14 - mmengine - INFO - 
+---------------+-------+-------+
|     Class     |  IoU  |  Acc  |
+---------------+-------+-------+
|      road     |  97.4 | 98.56 |
|    sidewalk   | 79.27 | 88.21 |
|    building   | 89.34 | 95.26 |
|      wall     |  48.9 | 55.76 |
|     fence     | 52.28 | 65.74 |
|      pole     | 52.09 |  63.1 |
| traffic light | 54.01 | 63.75 |
|  traffic sign | 67.85 | 78.83 |
|   vegetation  | 89.79 | 94.82 |
|    terrain    | 54.33 | 69.83 |
|      sky      | 92.45 | 96.93 |
|     person    | 73.17 | 86.97 |
|     rider     | 51.86 | 68.73 |
|      car      | 91.64 | 96.61 |
|     truck     | 59.52 | 71.28 |
|      bus      | 73.92 | 85.54 |
|     train     | 58.05 | 72.16 |
|   motorcycle  | 45.08 | 57.35 |
|    bicycle    | 67.68 | 81.28 |
+---------------+-------+-------+
2026/07/23 20:31:14 - mmengine - INFO - Iter(val) [250/250]    aAcc: 94.3700  mIoU: 68.3500  mAcc: 78.4600  data_time: 0.0209  time: 0.0567
2026/07/23 20:31:14 - mmengine - INFO - The previous best checkpoint /root/autodl-tmp/DSANet-main/tools/work_dirs/dsanet_cityscapes_512x1024/best_mIoU_iter_100000.pth is removed
2026/07/23 20:31:15 - mmengine - INFO - The best checkpoint with 68.3500 mIoU at 105000 iter is saved to best_mIoU_iter_105000.pth.
2026/07/23 20:31:53 - mmengine - INFO - Iter(train) [105100/160000]  lr: 3.8683e-03  eta: 5:41:36  time: 0.3748  data_time: 0.0472  memory: 8860  loss: 1.0831  decode.loss_ohem: 0.7661  decode.acc_seg: 93.0848  aux_0.loss_ce: 0.3170  aux_0.acc_seg: 90.9573
2026/07/23 20:32:31 - mmengine - INFO - Iter(train) [105200/160000]  lr: 3.8619e-03  eta: 5:40:58  time: 0.3758  data_time: 0.0478  memory: 8859  loss: 1.0921  decode.loss_ohem: 0.7618  decode.acc_seg: 90.6466  aux_0.loss_ce: 0.3302  aux_0.acc_seg: 87.2703
2026/07/23 20:33:08 - mmengine - INFO - Iter(train) [105300/160000]  lr: 3.8556e-03  eta: 5:40:21  time: 0.3701  data_time: 0.0458  memory: 8859  loss: 1.0154  decode.loss_ohem: 0.7028  decode.acc_seg: 94.0227  aux_0.loss_ce: 0.3126  aux_0.acc_seg: 91.4798
2026/07/23 20:33:45 - mmengine - INFO - Iter(train) [105400/160000]  lr: 3.8493e-03  eta: 5:39:44  time: 0.3739  data_time: 0.0474  memory: 8858  loss: 1.1462  decode.loss_ohem: 0.7880  decode.acc_seg: 90.6543  aux_0.loss_ce: 0.3582  aux_0.acc_seg: 89.6228
2026/07/23 20:34:22 - mmengine - INFO - Iter(train) [105500/160000]  lr: 3.8430e-03  eta: 5:39:06  time: 0.3731  data_time: 0.0460  memory: 8858  loss: 1.0575  decode.loss_ohem: 0.7338  decode.acc_seg: 88.3689  aux_0.loss_ce: 0.3238  aux_0.acc_seg: 86.3743
2026/07/23 20:35:00 - mmengine - INFO - Iter(train) [105600/160000]  lr: 3.8366e-03  eta: 5:38:29  time: 0.3737  data_time: 0.0465  memory: 8861  loss: 1.0732  decode.loss_ohem: 0.7519  decode.acc_seg: 92.7450  aux_0.loss_ce: 0.3213  aux_0.acc_seg: 89.0923
2026/07/23 20:35:37 - mmengine - INFO - Iter(train) [105700/160000]  lr: 3.8303e-03  eta: 5:37:52  time: 0.3754  data_time: 0.0475  memory: 8858  loss: 1.0332  decode.loss_ohem: 0.6905  decode.acc_seg: 92.8567  aux_0.loss_ce: 0.3428  aux_0.acc_seg: 89.8429
2026/07/23 20:36:15 - mmengine - INFO - Iter(train) [105800/160000]  lr: 3.8240e-03  eta: 5:37:14  time: 0.3805  data_time: 0.0485  memory: 8860  loss: 1.0006  decode.loss_ohem: 0.7057  decode.acc_seg: 94.4326  aux_0.loss_ce: 0.2949  aux_0.acc_seg: 92.9851
2026/07/23 20:36:52 - mmengine - INFO - Iter(train) [105900/160000]  lr: 3.8176e-03  eta: 5:36:37  time: 0.3832  data_time: 0.0467  memory: 8859  loss: 1.0537  decode.loss_ohem: 0.7105  decode.acc_seg: 93.3629  aux_0.loss_ce: 0.3432  aux_0.acc_seg: 88.2580
2026/07/23 20:37:30 - mmengine - INFO - Exp name: dsanet_cityscapes_512x1024_20260723_093233
2026/07/23 20:37:30 - mmengine - INFO - Iter(train) [106000/160000]  lr: 3.8113e-03  eta: 5:36:00  time: 0.3809  data_time: 0.0477  memory: 8859  loss: 1.0667  decode.loss_ohem: 0.7333  decode.acc_seg: 91.7909  aux_0.loss_ce: 0.3334  aux_0.acc_seg: 87.9069
2026/07/23 20:38:07 - mmengine - INFO - Iter(train) [106100/160000]  lr: 3.8050e-03  eta: 5:35:23  time: 0.3738  data_time: 0.0464  memory: 8858  loss: 0.9839  decode.loss_ohem: 0.6789  decode.acc_seg: 94.5339  aux_0.loss_ce: 0.3050  aux_0.acc_seg: 91.8604
2026/07/23 20:38:45 - mmengine - INFO - Iter(train) [106200/160000]  lr: 3.7986e-03  eta: 5:34:45  time: 0.3744  data_time: 0.0471  memory: 8859  loss: 1.0512  decode.loss_ohem: 0.7231  decode.acc_seg: 94.8316  aux_0.loss_ce: 0.3281  aux_0.acc_seg: 90.2654
2026/07/23 20:39:22 - mmengine - INFO - Iter(train) [106300/160000]  lr: 3.7923e-03  eta: 5:34:08  time: 0.3755  data_time: 0.0475  memory: 8859  loss: 1.0659  decode.loss_ohem: 0.7589  decode.acc_seg: 93.5111  aux_0.loss_ce: 0.3070  aux_0.acc_seg: 90.9212
2026/07/23 20:40:00 - mmengine - INFO - Iter(train) [106400/160000]  lr: 3.7859e-03  eta: 5:33:31  time: 0.3791  data_time: 0.0480  memory: 8858  loss: 1.0768  decode.loss_ohem: 0.7410  decode.acc_seg: 89.6904  aux_0.loss_ce: 0.3358  aux_0.acc_seg: 85.2313
2026/07/23 20:40:37 - mmengine - INFO - Iter(train) [106500/160000]  lr: 3.7796e-03  eta: 5:32:54  time: 0.3736  data_time: 0.0458  memory: 8858  loss: 1.0609  decode.loss_ohem: 0.7519  decode.acc_seg: 92.5493  aux_0.loss_ce: 0.3090  aux_0.acc_seg: 86.3775
2026/07/23 20:41:15 - mmengine - INFO - Iter(train) [106600/160000]  lr: 3.7733e-03  eta: 5:32:16  time: 0.3699  data_time: 0.0459  memory: 8861  loss: 1.0527  decode.loss_ohem: 0.7342  decode.acc_seg: 89.4642  aux_0.loss_ce: 0.3185  aux_0.acc_seg: 86.1532
2026/07/23 20:41:52 - mmengine - INFO - Iter(train) [106700/160000]  lr: 3.7669e-03  eta: 5:31:39  time: 0.3757  data_time: 0.0477  memory: 8858  loss: 1.0293  decode.loss_ohem: 0.7095  decode.acc_seg: 90.6255  aux_0.loss_ce: 0.3198  aux_0.acc_seg: 86.3987
2026/07/23 20:42:29 - mmengine - INFO - Iter(train) [106800/160000]  lr: 3.7606e-03  eta: 5:31:02  time: 0.3730  data_time: 0.0462  memory: 8859  loss: 1.0355  decode.loss_ohem: 0.7092  decode.acc_seg: 93.1206  aux_0.loss_ce: 0.3264  aux_0.acc_seg: 88.6556
2026/07/23 20:43:07 - mmengine - INFO - Iter(train) [106900/160000]  lr: 3.7542e-03  eta: 5:30:24  time: 0.3751  data_time: 0.0481  memory: 8859  loss: 1.0486  decode.loss_ohem: 0.7187  decode.acc_seg: 90.6311  aux_0.loss_ce: 0.3300  aux_0.acc_seg: 84.2391
2026/07/23 20:43:44 - mmengine - INFO - Exp name: dsanet_cityscapes_512x1024_20260723_093233
2026/07/23 20:43:44 - mmengine - INFO - Iter(train) [107000/160000]  lr: 3.7479e-03  eta: 5:29:47  time: 0.3730  data_time: 0.0465  memory: 8860  loss: 1.0452  decode.loss_ohem: 0.7090  decode.acc_seg: 93.3716  aux_0.loss_ce: 0.3362  aux_0.acc_seg: 87.0833
2026/07/23 20:44:22 - mmengine - INFO - Iter(train) [107100/160000]  lr: 3.7415e-03  eta: 5:29:10  time: 0.3781  data_time: 0.0466  memory: 8859  loss: 1.0317  decode.loss_ohem: 0.7250  decode.acc_seg: 93.3460  aux_0.loss_ce: 0.3067  aux_0.acc_seg: 90.6166
2026/07/23 20:44:59 - mmengine - INFO - Iter(train) [107200/160000]  lr: 3.7352e-03  eta: 5:28:33  time: 0.3667  data_time: 0.0448  memory: 8860  loss: 1.0302  decode.loss_ohem: 0.7195  decode.acc_seg: 92.8472  aux_0.loss_ce: 0.3106  aux_0.acc_seg: 85.9992
2026/07/23 20:45:37 - mmengine - INFO - Iter(train) [107300/160000]  lr: 3.7288e-03  eta: 5:27:55  time: 0.3754  data_time: 0.0475  memory: 8860  loss: 1.0765  decode.loss_ohem: 0.7454  decode.acc_seg: 92.1002  aux_0.loss_ce: 0.3311  aux_0.acc_seg: 88.3148
2026/07/23 20:46:15 - mmengine - INFO - Iter(train) [107400/160000]  lr: 3.7225e-03  eta: 5:27:18  time: 0.3750  data_time: 0.0468  memory: 8858  loss: 1.1310  decode.loss_ohem: 0.7759  decode.acc_seg: 90.0036  aux_0.loss_ce: 0.3551  aux_0.acc_seg: 83.5823
2026/07/23 20:46:52 - mmengine - INFO - Iter(train) [107500/160000]  lr: 3.7161e-03  eta: 5:26:41  time: 0.3730  data_time: 0.0465  memory: 8859  loss: 1.0509  decode.loss_ohem: 0.7325  decode.acc_seg: 90.7176  aux_0.loss_ce: 0.3184  aux_0.acc_seg: 88.5023
2026/07/23 20:47:29 - mmengine - INFO - Iter(train) [107600/160000]  lr: 3.7098e-03  eta: 5:26:03  time: 0.3733  data_time: 0.0469  memory: 8859  loss: 1.1148  decode.loss_ohem: 0.7775  decode.acc_seg: 93.2576  aux_0.loss_ce: 0.3373  aux_0.acc_seg: 88.1731
2026/07/23 20:48:07 - mmengine - INFO - Iter(train) [107700/160000]  lr: 3.7034e-03  eta: 5:25:26  time: 0.3748  data_time: 0.0469  memory: 8859  loss: 0.9918  decode.loss_ohem: 0.7078  decode.acc_seg: 90.9216  aux_0.loss_ce: 0.2840  aux_0.acc_seg: 86.5861
2026/07/23 20:48:44 - mmengine - INFO - Iter(train) [107800/160000]  lr: 3.6971e-03  eta: 5:24:49  time: 0.3714  data_time: 0.0461  memory: 8858  loss: 1.1548  decode.loss_ohem: 0.8199  decode.acc_seg: 94.5292  aux_0.loss_ce: 0.3349  aux_0.acc_seg: 88.8529
2026/07/23 20:49:21 - mmengine - INFO - Iter(train) [107900/160000]  lr: 3.6907e-03  eta: 5:24:12  time: 0.3725  data_time: 0.0453  memory: 8858  loss: 1.0352  decode.loss_ohem: 0.7353  decode.acc_seg: 94.0442  aux_0.loss_ce: 0.2999  aux_0.acc_seg: 90.7832
2026/07/23 20:49:59 - mmengine - INFO - Exp name: dsanet_cityscapes_512x1024_20260723_093233
2026/07/23 20:49:59 - mmengine - INFO - Iter(train) [108000/160000]  lr: 3.6843e-03  eta: 5:23:34  time: 0.3747  data_time: 0.0468  memory: 8859  loss: 1.0462  decode.loss_ohem: 0.7293  decode.acc_seg: 92.1793  aux_0.loss_ce: 0.3169  aux_0.acc_seg: 89.0428
2026/07/23 20:50:36 - mmengine - INFO - Iter(train) [108100/160000]  lr: 3.6780e-03  eta: 5:22:57  time: 0.3715  data_time: 0.0447  memory: 8862  loss: 1.1407  decode.loss_ohem: 0.7833  decode.acc_seg: 92.8765  aux_0.loss_ce: 0.3575  aux_0.acc_seg: 89.0627
2026/07/23 20:51:13 - mmengine - INFO - Iter(train) [108200/160000]  lr: 3.6716e-03  eta: 5:22:19  time: 0.3732  data_time: 0.0466  memory: 8860  loss: 1.1198  decode.loss_ohem: 0.7736  decode.acc_seg: 92.0009  aux_0.loss_ce: 0.3461  aux_0.acc_seg: 85.1676
2026/07/23 20:51:51 - mmengine - INFO - Iter(train) [108300/160000]  lr: 3.6653e-03  eta: 5:21:42  time: 0.3753  data_time: 0.0479  memory: 8860  loss: 1.0854  decode.loss_ohem: 0.7718  decode.acc_seg: 93.6694  aux_0.loss_ce: 0.3137  aux_0.acc_seg: 88.7420
2026/07/23 20:52:28 - mmengine - INFO - Iter(train) [108400/160000]  lr: 3.6589e-03  eta: 5:21:05  time: 0.3733  data_time: 0.0462  memory: 8859  loss: 1.0062  decode.loss_ohem: 0.6841  decode.acc_seg: 94.5916  aux_0.loss_ce: 0.3221  aux_0.acc_seg: 92.2195
2026/07/23 20:53:06 - mmengine - INFO - Iter(train) [108500/160000]  lr: 3.6525e-03  eta: 5:20:28  time: 0.3740  data_time: 0.0463  memory: 8859  loss: 1.0198  decode.loss_ohem: 0.7020  decode.acc_seg: 92.1108  aux_0.loss_ce: 0.3177  aux_0.acc_seg: 88.8673
2026/07/23 20:53:43 - mmengine - INFO - Iter(train) [108600/160000]  lr: 3.6462e-03  eta: 5:19:50  time: 0.3803  data_time: 0.0478  memory: 8859  loss: 1.0515  decode.loss_ohem: 0.7380  decode.acc_seg: 93.4779  aux_0.loss_ce: 0.3135  aux_0.acc_seg: 88.3591
2026/07/23 20:54:21 - mmengine - INFO - Iter(train) [108700/160000]  lr: 3.6398e-03  eta: 5:19:13  time: 0.3745  data_time: 0.0465  memory: 8860  loss: 0.9902  decode.loss_ohem: 0.6751  decode.acc_seg: 90.9220  aux_0.loss_ce: 0.3151  aux_0.acc_seg: 84.4887
2026/07/23 20:54:58 - mmengine - INFO - Iter(train) [108800/160000]  lr: 3.6334e-03  eta: 5:18:36  time: 0.3746  data_time: 0.0469  memory: 8859  loss: 1.0755  decode.loss_ohem: 0.7343  decode.acc_seg: 91.4933  aux_0.loss_ce: 0.3412  aux_0.acc_seg: 87.4623
2026/07/23 20:55:36 - mmengine - INFO - Iter(train) [108900/160000]  lr: 3.6271e-03  eta: 5:17:58  time: 0.3718  data_time: 0.0452  memory: 8859  loss: 1.0146  decode.loss_ohem: 0.6955  decode.acc_seg: 93.6872  aux_0.loss_ce: 0.3191  aux_0.acc_seg: 88.9436
2026/07/23 20:56:13 - mmengine - INFO - Exp name: dsanet_cityscapes_512x1024_20260723_093233
2026/07/23 20:56:13 - mmengine - INFO - Iter(train) [109000/160000]  lr: 3.6207e-03  eta: 5:17:21  time: 0.3751  data_time: 0.0461  memory: 8861  loss: 1.0095  decode.loss_ohem: 0.6806  decode.acc_seg: 92.6966  aux_0.loss_ce: 0.3289  aux_0.acc_seg: 87.6985
2026/07/23 20:56:50 - mmengine - INFO - Iter(train) [109100/160000]  lr: 3.6143e-03  eta: 5:16:44  time: 0.3736  data_time: 0.0451  memory: 8859  loss: 0.9746  decode.loss_ohem: 0.6541  decode.acc_seg: 93.2918  aux_0.loss_ce: 0.3205  aux_0.acc_seg: 88.7452
2026/07/23 20:57:28 - mmengine - INFO - Iter(train) [109200/160000]  lr: 3.6079e-03  eta: 5:16:06  time: 0.3752  data_time: 0.0465  memory: 8859  loss: 0.9991  decode.loss_ohem: 0.6939  decode.acc_seg: 92.9857  aux_0.loss_ce: 0.3052  aux_0.acc_seg: 89.3109
2026/07/23 20:58:05 - mmengine - INFO - Iter(train) [109300/160000]  lr: 3.6016e-03  eta: 5:15:29  time: 0.3754  data_time: 0.0461  memory: 8858  loss: 1.0669  decode.loss_ohem: 0.7230  decode.acc_seg: 91.3559  aux_0.loss_ce: 0.3439  aux_0.acc_seg: 87.9863
2026/07/23 20:58:43 - mmengine - INFO - Iter(train) [109400/160000]  lr: 3.5952e-03  eta: 5:14:52  time: 0.3786  data_time: 0.0479  memory: 8859  loss: 1.0559  decode.loss_ohem: 0.7525  decode.acc_seg: 92.4740  aux_0.loss_ce: 0.3034  aux_0.acc_seg: 86.3202
2026/07/23 20:59:21 - mmengine - INFO - Iter(train) [109500/160000]  lr: 3.5888e-03  eta: 5:14:15  time: 0.3803  data_time: 0.0495  memory: 8858  loss: 1.0787  decode.loss_ohem: 0.7809  decode.acc_seg: 92.8529  aux_0.loss_ce: 0.2978  aux_0.acc_seg: 90.6374
2026/07/23 20:59:59 - mmengine - INFO - Iter(train) [109600/160000]  lr: 3.5824e-03  eta: 5:13:38  time: 0.3784  data_time: 0.0477  memory: 8859  loss: 1.0429  decode.loss_ohem: 0.7423  decode.acc_seg: 92.3735  aux_0.loss_ce: 0.3006  aux_0.acc_seg: 88.6341
2026/07/23 21:00:37 - mmengine - INFO - Iter(train) [109700/160000]  lr: 3.5761e-03  eta: 5:13:01  time: 0.3773  data_time: 0.0477  memory: 8859  loss: 1.0341  decode.loss_ohem: 0.6975  decode.acc_seg: 90.3968  aux_0.loss_ce: 0.3365  aux_0.acc_seg: 79.7310
2026/07/23 21:01:14 - mmengine - INFO - Iter(train) [109800/160000]  lr: 3.5697e-03  eta: 5:12:23  time: 0.3759  data_time: 0.0475  memory: 8860  loss: 1.0287  decode.loss_ohem: 0.7362  decode.acc_seg: 91.4650  aux_0.loss_ce: 0.2925  aux_0.acc_seg: 87.8063
2026/07/23 21:01:52 - mmengine - INFO - Iter(train) [109900/160000]  lr: 3.5633e-03  eta: 5:11:46  time: 0.3731  data_time: 0.0459  memory: 8859  loss: 1.0671  decode.loss_ohem: 0.7266  decode.acc_seg: 91.4544  aux_0.loss_ce: 0.3406  aux_0.acc_seg: 89.7272
2026/07/23 21:02:29 - mmengine - INFO - Exp name: dsanet_cityscapes_512x1024_20260723_093233
2026/07/23 21:02:29 - mmengine - INFO - Iter(train) [110000/160000]  lr: 3.5569e-03  eta: 5:11:09  time: 0.3869  data_time: 0.0469  memory: 8859  loss: 1.0702  decode.loss_ohem: 0.7316  decode.acc_seg: 92.1787  aux_0.loss_ce: 0.3386  aux_0.acc_seg: 88.6196
2026/07/23 21:02:29 - mmengine - INFO - Saving checkpoint at 110000 iterations
2026/07/23 21:02:36 - mmengine - INFO - Iter(val) [100/250]    eta: 0:00:09  time: 0.0570  data_time: 0.0199  memory: 728  
2026/07/23 21:02:42 - mmengine - INFO - Iter(val) [200/250]    eta: 0:00:02  time: 0.0547  data_time: 0.0194  memory: 728  
2026/07/23 21:02:45 - mmengine - INFO - per class results:
2026/07/23 21:02:45 - mmengine - INFO - 
+---------------+-------+-------+
|     Class     |  IoU  |  Acc  |
+---------------+-------+-------+
|      road     | 96.62 | 97.45 |
|    sidewalk   | 76.54 | 91.24 |
|    building   | 88.96 | 94.27 |
|      wall     | 46.47 | 56.83 |
|     fence     | 50.25 | 62.82 |
|      pole     | 52.44 | 69.66 |
| traffic light | 46.04 | 50.74 |
|  traffic sign | 66.77 | 75.14 |
|   vegetation  | 89.84 | 94.88 |
|    terrain    | 58.64 | 75.14 |
|      sky      | 92.62 | 96.04 |
|     person    | 72.11 | 88.23 |
|     rider     | 47.32 | 57.68 |
|      car      | 91.98 | 97.04 |
|     truck     | 58.98 | 69.58 |
|      bus      | 75.74 | 87.53 |
|     train     | 48.62 | 80.71 |
|   motorcycle  | 28.28 |  30.6 |
|    bicycle    | 68.52 | 84.58 |
+---------------+-------+-------+
2026/07/23 21:02:45 - mmengine - INFO - Iter(val) [250/250]    aAcc: 93.9900  mIoU: 66.1400  mAcc: 76.8500  data_time: 0.0210  time: 0.0581
2026/07/23 21:03:22 - mmengine - INFO - Iter(train) [110100/160000]  lr: 3.5505e-03  eta: 5:10:32  time: 0.3746  data_time: 0.0480  memory: 8858  loss: 0.9108  decode.loss_ohem: 0.6327  decode.acc_seg: 93.2597  aux_0.loss_ce: 0.2781  aux_0.acc_seg: 90.8274
2026/07/23 21:03:59 - mmengine - INFO - Iter(train) [110200/160000]  lr: 3.5441e-03  eta: 5:09:54  time: 0.3724  data_time: 0.0458  memory: 8858  loss: 1.0714  decode.loss_ohem: 0.7603  decode.acc_seg: 90.0092  aux_0.loss_ce: 0.3111  aux_0.acc_seg: 87.0488
2026/07/23 21:04:37 - mmengine - INFO - Iter(train) [110300/160000]  lr: 3.5377e-03  eta: 5:09:17  time: 0.3723  data_time: 0.0465  memory: 8859  loss: 1.0544  decode.loss_ohem: 0.7321  decode.acc_seg: 93.7354  aux_0.loss_ce: 0.3223  aux_0.acc_seg: 90.3097
2026/07/23 21:05:14 - mmengine - INFO - Iter(train) [110400/160000]  lr: 3.5314e-03  eta: 5:08:40  time: 0.3723  data_time: 0.0460  memory: 8860  loss: 1.0488  decode.loss_ohem: 0.7157  decode.acc_seg: 93.4056  aux_0.loss_ce: 0.3331  aux_0.acc_seg: 89.6132
2026/07/23 21:05:51 - mmengine - INFO - Iter(train) [110500/160000]  lr: 3.5250e-03  eta: 5:08:02  time: 0.3726  data_time: 0.0460  memory: 8858  loss: 0.9915  decode.loss_ohem: 0.6861  decode.acc_seg: 90.9504  aux_0.loss_ce: 0.3053  aux_0.acc_seg: 88.6667
2026/07/23 21:06:29 - mmengine - INFO - Iter(train) [110600/160000]  lr: 3.5186e-03  eta: 5:07:25  time: 0.3766  data_time: 0.0477  memory: 8859  loss: 1.0032  decode.loss_ohem: 0.6841  decode.acc_seg: 91.3411  aux_0.loss_ce: 0.3191  aux_0.acc_seg: 90.2920
2026/07/23 21:07:06 - mmengine - INFO - Iter(train) [110700/160000]  lr: 3.5122e-03  eta: 5:06:48  time: 0.3742  data_time: 0.0458  memory: 8859  loss: 1.0722  decode.loss_ohem: 0.7591  decode.acc_seg: 90.8984  aux_0.loss_ce: 0.3131  aux_0.acc_seg: 88.0291
2026/07/23 21:07:43 - mmengine - INFO - Iter(train) [110800/160000]  lr: 3.5058e-03  eta: 5:06:10  time: 0.3721  data_time: 0.0452  memory: 8859  loss: 1.0168  decode.loss_ohem: 0.7081  decode.acc_seg: 93.3188  aux_0.loss_ce: 0.3087  aux_0.acc_seg: 87.9878
2026/07/23 21:08:21 - mmengine - INFO - Iter(train) [110900/160000]  lr: 3.4994e-03  eta: 5:05:33  time: 0.3711  data_time: 0.0452  memory: 8858  loss: 1.0164  decode.loss_ohem: 0.7140  decode.acc_seg: 92.7406  aux_0.loss_ce: 0.3024  aux_0.acc_seg: 89.0490
2026/07/23 21:08:58 - mmengine - INFO - Exp name: dsanet_cityscapes_512x1024_20260723_093233
2026/07/23 21:08:58 - mmengine - INFO - Iter(train) [111000/160000]  lr: 3.4930e-03  eta: 5:04:56  time: 0.3726  data_time: 0.0456  memory: 8859  loss: 1.0616  decode.loss_ohem: 0.7318  decode.acc_seg: 93.7395  aux_0.loss_ce: 0.3299  aux_0.acc_seg: 89.0071
2026/07/23 21:09:35 - mmengine - INFO - Iter(train) [111100/160000]  lr: 3.4866e-03  eta: 5:04:18  time: 0.3715  data_time: 0.0454  memory: 8859  loss: 1.0206  decode.loss_ohem: 0.7263  decode.acc_seg: 90.6103  aux_0.loss_ce: 0.2943  aux_0.acc_seg: 87.4203
2026/07/23 21:10:12 - mmengine - INFO - Iter(train) [111200/160000]  lr: 3.4802e-03  eta: 5:03:41  time: 0.3738  data_time: 0.0468  memory: 8859  loss: 1.0203  decode.loss_ohem: 0.6997  decode.acc_seg: 91.0413  aux_0.loss_ce: 0.3206  aux_0.acc_seg: 86.1476
2026/07/23 21:10:50 - mmengine - INFO - Iter(train) [111300/160000]  lr: 3.4738e-03  eta: 5:03:03  time: 0.3722  data_time: 0.0456  memory: 8859  loss: 1.0297  decode.loss_ohem: 0.7169  decode.acc_seg: 91.9959  aux_0.loss_ce: 0.3128  aux_0.acc_seg: 84.4063
2026/07/23 21:11:27 - mmengine - INFO - Iter(train) [111400/160000]  lr: 3.4674e-03  eta: 5:02:26  time: 0.3729  data_time: 0.0458  memory: 8859  loss: 1.0706  decode.loss_ohem: 0.7517  decode.acc_seg: 92.7363  aux_0.loss_ce: 0.3189  aux_0.acc_seg: 88.3567
2026/07/23 21:12:05 - mmengine - INFO - Iter(train) [111500/160000]  lr: 3.4610e-03  eta: 5:01:49  time: 0.3718  data_time: 0.0459  memory: 8858  loss: 0.9801  decode.loss_ohem: 0.6892  decode.acc_seg: 94.4426  aux_0.loss_ce: 0.2908  aux_0.acc_seg: 91.4994
2026/07/23 21:12:42 - mmengine - INFO - Iter(train) [111600/160000]  lr: 3.4546e-03  eta: 5:01:11  time: 0.3717  data_time: 0.0452  memory: 8859  loss: 1.0250  decode.loss_ohem: 0.7163  decode.acc_seg: 92.3989  aux_0.loss_ce: 0.3087  aux_0.acc_seg: 88.9652
2026/07/23 21:13:19 - mmengine - INFO - Iter(train) [111700/160000]  lr: 3.4482e-03  eta: 5:00:34  time: 0.3725  data_time: 0.0463  memory: 8859  loss: 1.0573  decode.loss_ohem: 0.7527  decode.acc_seg: 91.4007  aux_0.loss_ce: 0.3047  aux_0.acc_seg: 88.4219
2026/07/23 21:13:56 - mmengine - INFO - Iter(train) [111800/160000]  lr: 3.4418e-03  eta: 4:59:57  time: 0.3718  data_time: 0.0452  memory: 8858  loss: 0.9727  decode.loss_ohem: 0.6790  decode.acc_seg: 93.5957  aux_0.loss_ce: 0.2937  aux_0.acc_seg: 88.8984
2026/07/23 21:14:33 - mmengine - INFO - Iter(train) [111900/160000]  lr: 3.4354e-03  eta: 4:59:19  time: 0.3717  data_time: 0.0452  memory: 8859  loss: 1.0467  decode.loss_ohem: 0.7181  decode.acc_seg: 91.9558  aux_0.loss_ce: 0.3286  aux_0.acc_seg: 88.4644
2026/07/23 21:15:11 - mmengine - INFO - Exp name: dsanet_cityscapes_512x1024_20260723_093233
2026/07/23 21:15:11 - mmengine - INFO - Iter(train) [112000/160000]  lr: 3.4290e-03  eta: 4:58:42  time: 0.3707  data_time: 0.0446  memory: 8859  loss: 1.0568  decode.loss_ohem: 0.7376  decode.acc_seg: 95.3877  aux_0.loss_ce: 0.3192  aux_0.acc_seg: 91.0968
2026/07/23 21:15:48 - mmengine - INFO - Iter(train) [112100/160000]  lr: 3.4225e-03  eta: 4:58:04  time: 0.3721  data_time: 0.0464  memory: 8858  loss: 0.9958  decode.loss_ohem: 0.7062  decode.acc_seg: 90.9487  aux_0.loss_ce: 0.2896  aux_0.acc_seg: 87.2363
2026/07/23 21:16:25 - mmengine - INFO - Iter(train) [112200/160000]  lr: 3.4161e-03  eta: 4:57:27  time: 0.3728  data_time: 0.0461  memory: 8858  loss: 0.9748  decode.loss_ohem: 0.6792  decode.acc_seg: 93.7536  aux_0.loss_ce: 0.2956  aux_0.acc_seg: 90.8935
2026/07/23 21:17:02 - mmengine - INFO - Iter(train) [112300/160000]  lr: 3.4097e-03  eta: 4:56:50  time: 0.3728  data_time: 0.0463  memory: 8860  loss: 1.0195  decode.loss_ohem: 0.7035  decode.acc_seg: 92.0930  aux_0.loss_ce: 0.3160  aux_0.acc_seg: 87.1958
2026/07/23 21:17:39 - mmengine - INFO - Iter(train) [112400/160000]  lr: 3.4033e-03  eta: 4:56:12  time: 0.3718  data_time: 0.0455  memory: 8859  loss: 0.9529  decode.loss_ohem: 0.6822  decode.acc_seg: 94.6051  aux_0.loss_ce: 0.2707  aux_0.acc_seg: 90.2210
2026/07/23 21:18:17 - mmengine - INFO - Iter(train) [112500/160000]  lr: 3.3969e-03  eta: 4:55:35  time: 0.3705  data_time: 0.0449  memory: 8859  loss: 0.9974  decode.loss_ohem: 0.7208  decode.acc_seg: 92.3367  aux_0.loss_ce: 0.2766  aux_0.acc_seg: 88.1738
2026/07/23 21:18:54 - mmengine - INFO - Iter(train) [112600/160000]  lr: 3.3905e-03  eta: 4:54:57  time: 0.3717  data_time: 0.0455  memory: 8858  loss: 1.0385  decode.loss_ohem: 0.7252  decode.acc_seg: 91.5094  aux_0.loss_ce: 0.3134  aux_0.acc_seg: 83.2422
2026/07/23 21:19:31 - mmengine - INFO - Iter(train) [112700/160000]  lr: 3.3841e-03  eta: 4:54:20  time: 0.3736  data_time: 0.0459  memory: 8858  loss: 1.0455  decode.loss_ohem: 0.7162  decode.acc_seg: 93.7483  aux_0.loss_ce: 0.3293  aux_0.acc_seg: 91.4728
2026/07/23 21:20:09 - mmengine - INFO - Iter(train) [112800/160000]  lr: 3.3776e-03  eta: 4:53:43  time: 0.3755  data_time: 0.0471  memory: 8860  loss: 1.0812  decode.loss_ohem: 0.7487  decode.acc_seg: 93.1362  aux_0.loss_ce: 0.3325  aux_0.acc_seg: 86.5540
2026/07/23 21:20:46 - mmengine - INFO - Iter(train) [112900/160000]  lr: 3.3712e-03  eta: 4:53:05  time: 0.3722  data_time: 0.0460  memory: 8858  loss: 1.0902  decode.loss_ohem: 0.7805  decode.acc_seg: 92.9105  aux_0.loss_ce: 0.3097  aux_0.acc_seg: 89.3198
2026/07/23 21:21:24 - mmengine - INFO - Exp name: dsanet_cityscapes_512x1024_20260723_093233
2026/07/23 21:21:24 - mmengine - INFO - Iter(train) [113000/160000]  lr: 3.3648e-03  eta: 4:52:28  time: 0.3783  data_time: 0.0476  memory: 8858  loss: 1.0361  decode.loss_ohem: 0.7099  decode.acc_seg: 91.2083  aux_0.loss_ce: 0.3262  aux_0.acc_seg: 86.6285
2026/07/23 21:22:01 - mmengine - INFO - Iter(train) [113100/160000]  lr: 3.3584e-03  eta: 4:51:51  time: 0.3711  data_time: 0.0453  memory: 8859  loss: 1.0403  decode.loss_ohem: 0.7362  decode.acc_seg: 94.1294  aux_0.loss_ce: 0.3041  aux_0.acc_seg: 92.3379
2026/07/23 21:22:39 - mmengine - INFO - Iter(train) [113200/160000]  lr: 3.3519e-03  eta: 4:51:14  time: 0.3750  data_time: 0.0474  memory: 8858  loss: 1.0255  decode.loss_ohem: 0.7262  decode.acc_seg: 91.4652  aux_0.loss_ce: 0.2993  aux_0.acc_seg: 88.9483
2026/07/23 21:23:16 - mmengine - INFO - Iter(train) [113300/160000]  lr: 3.3455e-03  eta: 4:50:36  time: 0.3751  data_time: 0.0477  memory: 8859  loss: 1.0067  decode.loss_ohem: 0.7081  decode.acc_seg: 92.0746  aux_0.loss_ce: 0.2985  aux_0.acc_seg: 85.7513
2026/07/23 21:23:53 - mmengine - INFO - Iter(train) [113400/160000]  lr: 3.3391e-03  eta: 4:49:59  time: 0.3749  data_time: 0.0471  memory: 8860  loss: 1.0082  decode.loss_ohem: 0.7053  decode.acc_seg: 92.7491  aux_0.loss_ce: 0.3030  aux_0.acc_seg: 89.6624
2026/07/23 21:24:31 - mmengine - INFO - Iter(train) [113500/160000]  lr: 3.3326e-03  eta: 4:49:22  time: 0.3733  data_time: 0.0471  memory: 8858  loss: 1.0440  decode.loss_ohem: 0.7571  decode.acc_seg: 93.2076  aux_0.loss_ce: 0.2869  aux_0.acc_seg: 89.4913
2026/07/23 21:25:08 - mmengine - INFO - Iter(train) [113600/160000]  lr: 3.3262e-03  eta: 4:48:44  time: 0.3730  data_time: 0.0462  memory: 8860  loss: 1.0437  decode.loss_ohem: 0.7265  decode.acc_seg: 92.1459  aux_0.loss_ce: 0.3172  aux_0.acc_seg: 89.4215
2026/07/23 21:25:46 - mmengine - INFO - Iter(train) [113700/160000]  lr: 3.3198e-03  eta: 4:48:07  time: 0.3736  data_time: 0.0465  memory: 8858  loss: 1.0507  decode.loss_ohem: 0.7390  decode.acc_seg: 92.7944  aux_0.loss_ce: 0.3117  aux_0.acc_seg: 87.7127
2026/07/23 21:26:23 - mmengine - INFO - Iter(train) [113800/160000]  lr: 3.3133e-03  eta: 4:47:30  time: 0.3736  data_time: 0.0467  memory: 8860  loss: 0.9649  decode.loss_ohem: 0.6674  decode.acc_seg: 91.4556  aux_0.loss_ce: 0.2974  aux_0.acc_seg: 86.8979
2026/07/23 21:27:00 - mmengine - INFO - Iter(train) [113900/160000]  lr: 3.3069e-03  eta: 4:46:52  time: 0.3748  data_time: 0.0481  memory: 8859  loss: 1.0541  decode.loss_ohem: 0.7535  decode.acc_seg: 92.4979  aux_0.loss_ce: 0.3005  aux_0.acc_seg: 87.6631
2026/07/23 21:27:38 - mmengine - INFO - Exp name: dsanet_cityscapes_512x1024_20260723_093233
2026/07/23 21:27:38 - mmengine - INFO - Iter(train) [114000/160000]  lr: 3.3005e-03  eta: 4:46:15  time: 0.3725  data_time: 0.0460  memory: 8859  loss: 0.9633  decode.loss_ohem: 0.6726  decode.acc_seg: 94.0060  aux_0.loss_ce: 0.2907  aux_0.acc_seg: 90.7423
2026/07/23 21:28:15 - mmengine - INFO - Iter(train) [114100/160000]  lr: 3.2940e-03  eta: 4:45:38  time: 0.3730  data_time: 0.0459  memory: 8859  loss: 1.0321  decode.loss_ohem: 0.7283  decode.acc_seg: 90.3023  aux_0.loss_ce: 0.3038  aux_0.acc_seg: 86.0145
2026/07/23 21:28:52 - mmengine - INFO - Iter(train) [114200/160000]  lr: 3.2876e-03  eta: 4:45:00  time: 0.3733  data_time: 0.0461  memory: 8860  loss: 1.0761  decode.loss_ohem: 0.7535  decode.acc_seg: 90.7679  aux_0.loss_ce: 0.3226  aux_0.acc_seg: 82.7435
2026/07/23 21:29:30 - mmengine - INFO - Iter(train) [114300/160000]  lr: 3.2812e-03  eta: 4:44:23  time: 0.3700  data_time: 0.0438  memory: 8859  loss: 1.0425  decode.loss_ohem: 0.7249  decode.acc_seg: 92.4319  aux_0.loss_ce: 0.3175  aux_0.acc_seg: 85.5693
2026/07/23 21:30:07 - mmengine - INFO - Iter(train) [114400/160000]  lr: 3.2747e-03  eta: 4:43:46  time: 0.3739  data_time: 0.0465  memory: 8858  loss: 1.0433  decode.loss_ohem: 0.7266  decode.acc_seg: 93.4723  aux_0.loss_ce: 0.3168  aux_0.acc_seg: 89.4545
2026/07/23 21:30:44 - mmengine - INFO - Iter(train) [114500/160000]  lr: 3.2683e-03  eta: 4:43:08  time: 0.3727  data_time: 0.0465  memory: 8858  loss: 1.0388  decode.loss_ohem: 0.7167  decode.acc_seg: 92.2068  aux_0.loss_ce: 0.3221  aux_0.acc_seg: 87.5931
2026/07/23 21:31:22 - mmengine - INFO - Iter(train) [114600/160000]  lr: 3.2618e-03  eta: 4:42:31  time: 0.3713  data_time: 0.0454  memory: 8858  loss: 1.0017  decode.loss_ohem: 0.7206  decode.acc_seg: 93.7940  aux_0.loss_ce: 0.2812  aux_0.acc_seg: 89.0984
2026/07/23 21:31:59 - mmengine - INFO - Iter(train) [114700/160000]  lr: 3.2554e-03  eta: 4:41:54  time: 0.3741  data_time: 0.0469  memory: 8859  loss: 1.0542  decode.loss_ohem: 0.7347  decode.acc_seg: 92.6171  aux_0.loss_ce: 0.3195  aux_0.acc_seg: 90.1950
2026/07/23 21:32:36 - mmengine - INFO - Iter(train) [114800/160000]  lr: 3.2489e-03  eta: 4:41:16  time: 0.3743  data_time: 0.0468  memory: 8859  loss: 1.0140  decode.loss_ohem: 0.6974  decode.acc_seg: 93.5838  aux_0.loss_ce: 0.3166  aux_0.acc_seg: 90.4799
2026/07/23 21:33:14 - mmengine - INFO - Iter(train) [114900/160000]  lr: 3.2425e-03  eta: 4:40:39  time: 0.3733  data_time: 0.0464  memory: 8862  loss: 1.0235  decode.loss_ohem: 0.7171  decode.acc_seg: 92.8535  aux_0.loss_ce: 0.3064  aux_0.acc_seg: 88.0216
2026/07/23 21:33:51 - mmengine - INFO - Exp name: dsanet_cityscapes_512x1024_20260723_093233
2026/07/23 21:33:51 - mmengine - INFO - Iter(train) [115000/160000]  lr: 3.2360e-03  eta: 4:40:02  time: 0.3731  data_time: 0.0465  memory: 8859  loss: 1.0809  decode.loss_ohem: 0.7445  decode.acc_seg: 88.4304  aux_0.loss_ce: 0.3364  aux_0.acc_seg: 84.6135
2026/07/23 21:33:51 - mmengine - INFO - Saving checkpoint at 115000 iterations
2026/07/23 21:33:57 - mmengine - INFO - Iter(val) [100/250]    eta: 0:00:08  time: 0.0572  data_time: 0.0207  memory: 728  
2026/07/23 21:34:03 - mmengine - INFO - Iter(val) [200/250]    eta: 0:00:02  time: 0.0571  data_time: 0.0207  memory: 728  
2026/07/23 21:34:06 - mmengine - INFO - per class results:
2026/07/23 21:34:06 - mmengine - INFO - 
+---------------+-------+-------+
|     Class     |  IoU  |  Acc  |
+---------------+-------+-------+
|      road     | 97.16 | 97.92 |
|    sidewalk   | 79.47 | 90.36 |
|    building   |  89.6 |  93.8 |
|      wall     | 52.83 | 71.05 |
|     fence     | 53.95 |  71.4 |
|      pole     | 53.72 | 69.03 |
| traffic light | 54.91 | 66.17 |
|  traffic sign | 67.85 | 78.01 |
|   vegetation  | 90.47 | 95.74 |
|    terrain    | 58.83 | 68.36 |
|      sky      | 92.65 | 96.77 |
|     person    |  72.3 | 87.03 |
|     rider     | 51.08 | 63.79 |
|      car      |  91.1 | 97.35 |
|     truck     | 59.19 | 68.59 |
|      bus      | 73.73 | 79.32 |
|     train     | 64.96 | 77.07 |
|   motorcycle  | 41.96 | 70.57 |
|    bicycle    | 65.18 | 89.12 |
+---------------+-------+-------+
2026/07/23 21:34:06 - mmengine - INFO - Iter(val) [250/250]    aAcc: 94.3900  mIoU: 69.0000  mAcc: 80.6000  data_time: 0.0218  time: 0.0584
2026/07/23 21:34:06 - mmengine - INFO - The previous best checkpoint /root/autodl-tmp/DSANet-main/tools/work_dirs/dsanet_cityscapes_512x1024/best_mIoU_iter_105000.pth is removed
2026/07/23 21:34:07 - mmengine - INFO - The best checkpoint with 69.0000 mIoU at 115000 iter is saved to best_mIoU_iter_115000.pth.
2026/07/23 21:34:45 - mmengine - INFO - Iter(train) [115100/160000]  lr: 3.2296e-03  eta: 4:39:25  time: 0.3777  data_time: 0.0495  memory: 8859  loss: 0.9804  decode.loss_ohem: 0.6670  decode.acc_seg: 93.6167  aux_0.loss_ce: 0.3134  aux_0.acc_seg: 91.3957
2026/07/23 21:35:23 - mmengine - INFO - Iter(train) [115200/160000]  lr: 3.2231e-03  eta: 4:38:48  time: 0.3763  data_time: 0.0482  memory: 8859  loss: 1.2181  decode.loss_ohem: 0.8361  decode.acc_seg: 89.5499  aux_0.loss_ce: 0.3820  aux_0.acc_seg: 84.3971
2026/07/23 21:36:01 - mmengine - INFO - Iter(train) [115300/160000]  lr: 3.2167e-03  eta: 4:38:10  time: 0.3767  data_time: 0.0482  memory: 8859  loss: 0.9781  decode.loss_ohem: 0.6684  decode.acc_seg: 92.7997  aux_0.loss_ce: 0.3098  aux_0.acc_seg: 88.0899
2026/07/23 21:36:38 - mmengine - INFO - Iter(train) [115400/160000]  lr: 3.2102e-03  eta: 4:37:33  time: 0.3772  data_time: 0.0488  memory: 8859  loss: 1.0310  decode.loss_ohem: 0.7085  decode.acc_seg: 93.6251  aux_0.loss_ce: 0.3225  aux_0.acc_seg: 90.0564
2026/07/23 21:37:16 - mmengine - INFO - Iter(train) [115500/160000]  lr: 3.2037e-03  eta: 4:36:56  time: 0.3763  data_time: 0.0480  memory: 8858  loss: 0.9922  decode.loss_ohem: 0.7206  decode.acc_seg: 93.8392  aux_0.loss_ce: 0.2715  aux_0.acc_seg: 91.8367
2026/07/23 21:37:54 - mmengine - INFO - Iter(train) [115600/160000]  lr: 3.1973e-03  eta: 4:36:19  time: 0.3773  data_time: 0.0489  memory: 8857  loss: 1.0214  decode.loss_ohem: 0.7128  decode.acc_seg: 93.9350  aux_0.loss_ce: 0.3086  aux_0.acc_seg: 88.1500
2026/07/23 21:38:31 - mmengine - INFO - Iter(train) [115700/160000]  lr: 3.1908e-03  eta: 4:35:42  time: 0.3768  data_time: 0.0483  memory: 8859  loss: 1.0292  decode.loss_ohem: 0.7228  decode.acc_seg: 93.8807  aux_0.loss_ce: 0.3065  aux_0.acc_seg: 91.5713
2026/07/23 21:39:09 - mmengine - INFO - Iter(train) [115800/160000]  lr: 3.1844e-03  eta: 4:35:04  time: 0.3774  data_time: 0.0486  memory: 8859  loss: 1.0725  decode.loss_ohem: 0.7202  decode.acc_seg: 90.0073  aux_0.loss_ce: 0.3524  aux_0.acc_seg: 86.4313
2026/07/23 21:39:47 - mmengine - INFO - Iter(train) [115900/160000]  lr: 3.1779e-03  eta: 4:34:27  time: 0.3746  data_time: 0.0472  memory: 8859  loss: 0.9456  decode.loss_ohem: 0.6453  decode.acc_seg: 93.0510  aux_0.loss_ce: 0.3002  aux_0.acc_seg: 89.4750
2026/07/23 21:40:24 - mmengine - INFO - Exp name: dsanet_cityscapes_512x1024_20260723_093233
2026/07/23 21:40:24 - mmengine - INFO - Iter(train) [116000/160000]  lr: 3.1714e-03  eta: 4:33:50  time: 0.3797  data_time: 0.0483  memory: 8858  loss: 1.0491  decode.loss_ohem: 0.7483  decode.acc_seg: 91.6277  aux_0.loss_ce: 0.3008  aux_0.acc_seg: 87.8922
2026/07/23 21:41:02 - mmengine - INFO - Iter(train) [116100/160000]  lr: 3.1650e-03  eta: 4:33:13  time: 0.3761  data_time: 0.0477  memory: 8858  loss: 1.2049  decode.loss_ohem: 0.8416  decode.acc_seg: 86.2102  aux_0.loss_ce: 0.3633  aux_0.acc_seg: 86.0797
2026/07/23 21:41:40 - mmengine - INFO - Iter(train) [116200/160000]  lr: 3.1585e-03  eta: 4:32:36  time: 0.3775  data_time: 0.0490  memory: 8859  loss: 0.9814  decode.loss_ohem: 0.6997  decode.acc_seg: 92.4452  aux_0.loss_ce: 0.2818  aux_0.acc_seg: 88.5659
2026/07/23 21:42:18 - mmengine - INFO - Iter(train) [116300/160000]  lr: 3.1520e-03  eta: 4:31:58  time: 0.3758  data_time: 0.0478  memory: 8858  loss: 1.1221  decode.loss_ohem: 0.8004  decode.acc_seg: 93.4998  aux_0.loss_ce: 0.3217  aux_0.acc_seg: 91.5000
2026/07/23 21:42:55 - mmengine - INFO - Iter(train) [116400/160000]  lr: 3.1456e-03  eta: 4:31:21  time: 0.3747  data_time: 0.0466  memory: 8859  loss: 1.1118  decode.loss_ohem: 0.7691  decode.acc_seg: 92.0232  aux_0.loss_ce: 0.3427  aux_0.acc_seg: 86.9644
2026/07/23 21:43:32 - mmengine - INFO - Iter(train) [116500/160000]  lr: 3.1391e-03  eta: 4:30:44  time: 0.3740  data_time: 0.0468  memory: 8858  loss: 1.0378  decode.loss_ohem: 0.7184  decode.acc_seg: 92.7977  aux_0.loss_ce: 0.3194  aux_0.acc_seg: 88.7176
2026/07/23 21:44:10 - mmengine - INFO - Iter(train) [116600/160000]  lr: 3.1326e-03  eta: 4:30:06  time: 0.3724  data_time: 0.0461  memory: 8859  loss: 1.0830  decode.loss_ohem: 0.7710  decode.acc_seg: 93.1877  aux_0.loss_ce: 0.3121  aux_0.acc_seg: 90.7751
2026/07/23 21:44:47 - mmengine - INFO - Iter(train) [116700/160000]  lr: 3.1261e-03  eta: 4:29:29  time: 0.3720  data_time: 0.0453  memory: 8859  loss: 1.0329  decode.loss_ohem: 0.7162  decode.acc_seg: 92.2170  aux_0.loss_ce: 0.3167  aux_0.acc_seg: 84.1036
2026/07/23 21:45:24 - mmengine - INFO - Iter(train) [116800/160000]  lr: 3.1197e-03  eta: 4:28:52  time: 0.3734  data_time: 0.0466  memory: 8859  loss: 0.9795  decode.loss_ohem: 0.6691  decode.acc_seg: 93.8745  aux_0.loss_ce: 0.3103  aux_0.acc_seg: 89.6911
2026/07/23 21:46:01 - mmengine - INFO - Iter(train) [116900/160000]  lr: 3.1132e-03  eta: 4:28:14  time: 0.3735  data_time: 0.0468  memory: 8858  loss: 1.0460  decode.loss_ohem: 0.7343  decode.acc_seg: 93.4479  aux_0.loss_ce: 0.3117  aux_0.acc_seg: 90.0293
2026/07/23 21:46:39 - mmengine - INFO - Exp name: dsanet_cityscapes_512x1024_20260723_093233
2026/07/23 21:46:39 - mmengine - INFO - Iter(train) [117000/160000]  lr: 3.1067e-03  eta: 4:27:37  time: 0.3714  data_time: 0.0450  memory: 8858  loss: 1.0422  decode.loss_ohem: 0.7364  decode.acc_seg: 93.3412  aux_0.loss_ce: 0.3058  aux_0.acc_seg: 89.1154
2026/07/23 21:47:16 - mmengine - INFO - Iter(train) [117100/160000]  lr: 3.1002e-03  eta: 4:26:59  time: 0.3730  data_time: 0.0456  memory: 8862  loss: 0.9813  decode.loss_ohem: 0.6818  decode.acc_seg: 92.1935  aux_0.loss_ce: 0.2995  aux_0.acc_seg: 89.2658
2026/07/23 21:47:53 - mmengine - INFO - Iter(train) [117200/160000]  lr: 3.0937e-03  eta: 4:26:22  time: 0.3710  data_time: 0.0447  memory: 8859  loss: 1.0545  decode.loss_ohem: 0.7225  decode.acc_seg: 93.5452  aux_0.loss_ce: 0.3320  aux_0.acc_seg: 89.6505
2026/07/23 21:48:30 - mmengine - INFO - Iter(train) [117300/160000]  lr: 3.0872e-03  eta: 4:25:45  time: 0.3708  data_time: 0.0454  memory: 8858  loss: 1.0796  decode.loss_ohem: 0.7679  decode.acc_seg: 93.3642  aux_0.loss_ce: 0.3117  aux_0.acc_seg: 90.9477
2026/07/23 21:49:08 - mmengine - INFO - Iter(train) [117400/160000]  lr: 3.0808e-03  eta: 4:25:07  time: 0.3725  data_time: 0.0458  memory: 8858  loss: 0.9969  decode.loss_ohem: 0.6948  decode.acc_seg: 90.4741  aux_0.loss_ce: 0.3020  aux_0.acc_seg: 87.4026
2026/07/23 21:49:45 - mmengine - INFO - Iter(train) [117500/160000]  lr: 3.0743e-03  eta: 4:24:30  time: 0.3728  data_time: 0.0464  memory: 8858  loss: 1.0270  decode.loss_ohem: 0.7204  decode.acc_seg: 89.6023  aux_0.loss_ce: 0.3066  aux_0.acc_seg: 86.4040
2026/07/23 21:50:22 - mmengine - INFO - Iter(train) [117600/160000]  lr: 3.0678e-03  eta: 4:23:52  time: 0.3723  data_time: 0.0460  memory: 8858  loss: 0.9856  decode.loss_ohem: 0.6723  decode.acc_seg: 93.9516  aux_0.loss_ce: 0.3133  aux_0.acc_seg: 91.5976
2026/07/23 21:50:59 - mmengine - INFO - Iter(train) [117700/160000]  lr: 3.0613e-03  eta: 4:23:15  time: 0.3730  data_time: 0.0466  memory: 8858  loss: 0.9723  decode.loss_ohem: 0.6948  decode.acc_seg: 92.2275  aux_0.loss_ce: 0.2775  aux_0.acc_seg: 88.7534
2026/07/23 21:51:37 - mmengine - INFO - Iter(train) [117800/160000]  lr: 3.0548e-03  eta: 4:22:38  time: 0.3721  data_time: 0.0458  memory: 8860  loss: 1.0366  decode.loss_ohem: 0.7134  decode.acc_seg: 90.4693  aux_0.loss_ce: 0.3232  aux_0.acc_seg: 85.6876
2026/07/23 21:52:14 - mmengine - INFO - Iter(train) [117900/160000]  lr: 3.0483e-03  eta: 4:22:00  time: 0.3714  data_time: 0.0454  memory: 8859  loss: 0.9871  decode.loss_ohem: 0.6864  decode.acc_seg: 93.5074  aux_0.loss_ce: 0.3007  aux_0.acc_seg: 89.4769
2026/07/23 21:52:51 - mmengine - INFO - Exp name: dsanet_cityscapes_512x1024_20260723_093233
2026/07/23 21:52:51 - mmengine - INFO - Iter(train) [118000/160000]  lr: 3.0418e-03  eta: 4:21:23  time: 0.3735  data_time: 0.0468  memory: 8859  loss: 1.0306  decode.loss_ohem: 0.7067  decode.acc_seg: 94.1307  aux_0.loss_ce: 0.3239  aux_0.acc_seg: 89.0725
2026/07/23 21:53:28 - mmengine - INFO - Iter(train) [118100/160000]  lr: 3.0353e-03  eta: 4:20:46  time: 0.3742  data_time: 0.0475  memory: 8859  loss: 1.0231  decode.loss_ohem: 0.7172  decode.acc_seg: 91.7542  aux_0.loss_ce: 0.3059  aux_0.acc_seg: 87.7257
2026/07/23 21:54:06 - mmengine - INFO - Iter(train) [118200/160000]  lr: 3.0288e-03  eta: 4:20:08  time: 0.3712  data_time: 0.0457  memory: 8859  loss: 1.0114  decode.loss_ohem: 0.7212  decode.acc_seg: 92.6730  aux_0.loss_ce: 0.2903  aux_0.acc_seg: 88.4884
2026/07/23 21:54:43 - mmengine - INFO - Iter(train) [118300/160000]  lr: 3.0223e-03  eta: 4:19:31  time: 0.3723  data_time: 0.0457  memory: 8859  loss: 1.0257  decode.loss_ohem: 0.7078  decode.acc_seg: 90.9466  aux_0.loss_ce: 0.3179  aux_0.acc_seg: 86.1298
2026/07/23 21:55:20 - mmengine - INFO - Iter(train) [118400/160000]  lr: 3.0158e-03  eta: 4:18:53  time: 0.3719  data_time: 0.0459  memory: 8859  loss: 1.0473  decode.loss_ohem: 0.7226  decode.acc_seg: 90.9016  aux_0.loss_ce: 0.3247  aux_0.acc_seg: 87.3384
2026/07/23 21:55:57 - mmengine - INFO - Iter(train) [118500/160000]  lr: 3.0093e-03  eta: 4:18:16  time: 0.3737  data_time: 0.0470  memory: 8858  loss: 1.0263  decode.loss_ohem: 0.7255  decode.acc_seg: 92.2599  aux_0.loss_ce: 0.3008  aux_0.acc_seg: 88.2242
2026/07/23 21:56:35 - mmengine - INFO - Iter(train) [118600/160000]  lr: 3.0028e-03  eta: 4:17:39  time: 0.3724  data_time: 0.0461  memory: 8859  loss: 1.0714  decode.loss_ohem: 0.7566  decode.acc_seg: 93.1710  aux_0.loss_ce: 0.3148  aux_0.acc_seg: 90.6199
2026/07/23 21:57:12 - mmengine - INFO - Iter(train) [118700/160000]  lr: 2.9963e-03  eta: 4:17:01  time: 0.3726  data_time: 0.0460  memory: 8858  loss: 1.0247  decode.loss_ohem: 0.7017  decode.acc_seg: 94.0199  aux_0.loss_ce: 0.3230  aux_0.acc_seg: 89.0616
2026/07/23 21:57:49 - mmengine - INFO - Iter(train) [118800/160000]  lr: 2.9898e-03  eta: 4:16:24  time: 0.3727  data_time: 0.0467  memory: 8857  loss: 1.1122  decode.loss_ohem: 0.7908  decode.acc_seg: 86.7054  aux_0.loss_ce: 0.3214  aux_0.acc_seg: 81.2563
2026/07/23 21:58:26 - mmengine - INFO - Iter(train) [118900/160000]  lr: 2.9833e-03  eta: 4:15:47  time: 0.3730  data_time: 0.0465  memory: 8859  loss: 1.0442  decode.loss_ohem: 0.7028  decode.acc_seg: 90.8654  aux_0.loss_ce: 0.3414  aux_0.acc_seg: 89.2853
2026/07/23 21:59:04 - mmengine - INFO - Exp name: dsanet_cityscapes_512x1024_20260723_093233
2026/07/23 21:59:04 - mmengine - INFO - Iter(train) [119000/160000]  lr: 2.9768e-03  eta: 4:15:09  time: 0.3725  data_time: 0.0460  memory: 8858  loss: 1.0833  decode.loss_ohem: 0.7545  decode.acc_seg: 93.9277  aux_0.loss_ce: 0.3288  aux_0.acc_seg: 90.0233
2026/07/23 21:59:41 - mmengine - INFO - Iter(train) [119100/160000]  lr: 2.9702e-03  eta: 4:14:32  time: 0.3722  data_time: 0.0460  memory: 8858  loss: 0.9955  decode.loss_ohem: 0.6907  decode.acc_seg: 92.5555  aux_0.loss_ce: 0.3047  aux_0.acc_seg: 85.6485
2026/07/23 22:00:18 - mmengine - INFO - Iter(train) [119200/160000]  lr: 2.9637e-03  eta: 4:13:54  time: 0.3712  data_time: 0.0458  memory: 8858  loss: 1.0995  decode.loss_ohem: 0.7804  decode.acc_seg: 93.0163  aux_0.loss_ce: 0.3190  aux_0.acc_seg: 90.3646
2026/07/23 22:00:56 - mmengine - INFO - Iter(train) [119300/160000]  lr: 2.9572e-03  eta: 4:13:17  time: 0.3721  data_time: 0.0459  memory: 8859  loss: 1.0528  decode.loss_ohem: 0.7399  decode.acc_seg: 91.9771  aux_0.loss_ce: 0.3129  aux_0.acc_seg: 88.3982
2026/07/23 22:01:33 - mmengine - INFO - Iter(train) [119400/160000]  lr: 2.9507e-03  eta: 4:12:40  time: 0.3736  data_time: 0.0475  memory: 8859  loss: 1.0291  decode.loss_ohem: 0.7120  decode.acc_seg: 92.7902  aux_0.loss_ce: 0.3171  aux_0.acc_seg: 88.6467
2026/07/23 22:02:10 - mmengine - INFO - Iter(train) [119500/160000]  lr: 2.9442e-03  eta: 4:12:02  time: 0.3711  data_time: 0.0449  memory: 8859  loss: 0.9937  decode.loss_ohem: 0.6711  decode.acc_seg: 94.2706  aux_0.loss_ce: 0.3227  aux_0.acc_seg: 86.7564
2026/07/23 22:02:47 - mmengine - INFO - Iter(train) [119600/160000]  lr: 2.9377e-03  eta: 4:11:25  time: 0.3703  data_time: 0.0447  memory: 8859  loss: 1.0046  decode.loss_ohem: 0.7152  decode.acc_seg: 94.2409  aux_0.loss_ce: 0.2894  aux_0.acc_seg: 90.9499
2026/07/23 22:03:24 - mmengine - INFO - Iter(train) [119700/160000]  lr: 2.9311e-03  eta: 4:10:48  time: 0.3727  data_time: 0.0462  memory: 8857  loss: 1.0257  decode.loss_ohem: 0.7130  decode.acc_seg: 93.3507  aux_0.loss_ce: 0.3127  aux_0.acc_seg: 87.3997
2026/07/23 22:04:02 - mmengine - INFO - Iter(train) [119800/160000]  lr: 2.9246e-03  eta: 4:10:10  time: 0.3700  data_time: 0.0443  memory: 8859  loss: 0.9630  decode.loss_ohem: 0.6690  decode.acc_seg: 91.9481  aux_0.loss_ce: 0.2940  aux_0.acc_seg: 88.9283
2026/07/23 22:04:39 - mmengine - INFO - Iter(train) [119900/160000]  lr: 2.9181e-03  eta: 4:09:33  time: 0.3723  data_time: 0.0460  memory: 8862  loss: 0.9721  decode.loss_ohem: 0.6693  decode.acc_seg: 92.3835  aux_0.loss_ce: 0.3028  aux_0.acc_seg: 87.4070
2026/07/23 22:05:16 - mmengine - INFO - Exp name: dsanet_cityscapes_512x1024_20260723_093233
2026/07/23 22:05:16 - mmengine - INFO - Iter(train) [120000/160000]  lr: 2.9116e-03  eta: 4:08:55  time: 0.3702  data_time: 0.0442  memory: 8858  loss: 1.0302  decode.loss_ohem: 0.7117  decode.acc_seg: 91.9189  aux_0.loss_ce: 0.3185  aux_0.acc_seg: 86.5441
2026/07/23 22:05:16 - mmengine - INFO - Saving checkpoint at 120000 iterations
2026/07/23 22:05:23 - mmengine - INFO - Iter(val) [100/250]    eta: 0:00:08  time: 0.0574  data_time: 0.0208  memory: 728  
2026/07/23 22:05:28 - mmengine - INFO - Iter(val) [200/250]    eta: 0:00:02  time: 0.0574  data_time: 0.0208  memory: 728  
2026/07/23 22:05:31 - mmengine - INFO - per class results:
2026/07/23 22:05:31 - mmengine - INFO - 
+---------------+-------+-------+
|     Class     |  IoU  |  Acc  |
+---------------+-------+-------+
|      road     |  97.5 | 98.37 |
|    sidewalk   | 80.25 | 90.82 |
|    building   | 89.72 |  95.2 |
|      wall     | 35.98 | 38.94 |
|     fence     | 53.28 | 67.04 |
|      pole     | 53.66 | 68.91 |
| traffic light |  50.8 | 57.61 |
|  traffic sign | 66.44 | 80.49 |
|   vegetation  | 90.08 |  95.6 |
|    terrain    |  61.7 | 72.46 |
|      sky      | 93.35 | 97.04 |
|     person    | 74.07 | 87.62 |
|     rider     | 50.77 | 64.53 |
|      car      | 92.45 | 96.27 |
|     truck     | 62.98 | 73.33 |
|      bus      | 68.95 | 78.49 |
|     train     | 53.48 | 87.18 |
|   motorcycle  | 47.55 | 57.19 |
|    bicycle    | 69.63 |  81.4 |
+---------------+-------+-------+
2026/07/23 22:05:31 - mmengine - INFO - Iter(val) [250/250]    aAcc: 94.5300  mIoU: 68.0300  mAcc: 78.3400  data_time: 0.0216  time: 0.0585
2026/07/23 22:06:09 - mmengine - INFO - Iter(train) [120100/160000]  lr: 2.9050e-03  eta: 4:08:18  time: 0.3697  data_time: 0.0434  memory: 8859  loss: 1.0393  decode.loss_ohem: 0.7000  decode.acc_seg: 93.3349  aux_0.loss_ce: 0.3392  aux_0.acc_seg: 90.3051
2026/07/23 22:06:46 - mmengine - INFO - Iter(train) [120200/160000]  lr: 2.8985e-03  eta: 4:07:41  time: 0.3713  data_time: 0.0456  memory: 8860  loss: 0.9612  decode.loss_ohem: 0.6855  decode.acc_seg: 92.7363  aux_0.loss_ce: 0.2757  aux_0.acc_seg: 89.7765
2026/07/23 22:07:23 - mmengine - INFO - Iter(train) [120300/160000]  lr: 2.8920e-03  eta: 4:07:03  time: 0.3756  data_time: 0.0484  memory: 8859  loss: 1.0810  decode.loss_ohem: 0.7428  decode.acc_seg: 93.0609  aux_0.loss_ce: 0.3381  aux_0.acc_seg: 86.9584
2026/07/23 22:08:01 - mmengine - INFO - Iter(train) [120400/160000]  lr: 2.8854e-03  eta: 4:06:26  time: 0.3744  data_time: 0.0466  memory: 8859  loss: 1.0816  decode.loss_ohem: 0.7318  decode.acc_seg: 94.7091  aux_0.loss_ce: 0.3498  aux_0.acc_seg: 88.1755
2026/07/23 22:08:38 - mmengine - INFO - Iter(train) [120500/160000]  lr: 2.8789e-03  eta: 4:05:49  time: 0.3735  data_time: 0.0468  memory: 8858  loss: 1.0570  decode.loss_ohem: 0.7323  decode.acc_seg: 89.7419  aux_0.loss_ce: 0.3247  aux_0.acc_seg: 86.5161
2026/07/23 22:09:15 - mmengine - INFO - Iter(train) [120600/160000]  lr: 2.8724e-03  eta: 4:05:11  time: 0.3707  data_time: 0.0441  memory: 8858  loss: 0.9910  decode.loss_ohem: 0.6963  decode.acc_seg: 92.3632  aux_0.loss_ce: 0.2947  aux_0.acc_seg: 86.9089
2026/07/23 22:09:53 - mmengine - INFO - Iter(train) [120700/160000]  lr: 2.8658e-03  eta: 4:04:34  time: 0.3757  data_time: 0.0459  memory: 8858  loss: 1.0027  decode.loss_ohem: 0.6816  decode.acc_seg: 91.6287  aux_0.loss_ce: 0.3212  aux_0.acc_seg: 88.3949
2026/07/23 22:10:30 - mmengine - INFO - Iter(train) [120800/160000]  lr: 2.8593e-03  eta: 4:03:57  time: 0.3720  data_time: 0.0449  memory: 8859  loss: 1.0782  decode.loss_ohem: 0.7518  decode.acc_seg: 90.8354  aux_0.loss_ce: 0.3264  aux_0.acc_seg: 86.6727
2026/07/23 22:11:08 - mmengine - INFO - Iter(train) [120900/160000]  lr: 2.8527e-03  eta: 4:03:19  time: 0.3739  data_time: 0.0462  memory: 8859  loss: 1.0888  decode.loss_ohem: 0.7680  decode.acc_seg: 92.1199  aux_0.loss_ce: 0.3208  aux_0.acc_seg: 89.3852
2026/07/23 22:11:45 - mmengine - INFO - Exp name: dsanet_cityscapes_512x1024_20260723_093233
2026/07/23 22:11:45 - mmengine - INFO - Iter(train) [121000/160000]  lr: 2.8462e-03  eta: 4:02:42  time: 0.3732  data_time: 0.0459  memory: 8859  loss: 1.0058  decode.loss_ohem: 0.6890  decode.acc_seg: 91.0089  aux_0.loss_ce: 0.3169  aux_0.acc_seg: 88.4080
2026/07/23 22:12:22 - mmengine - INFO - Iter(train) [121100/160000]  lr: 2.8396e-03  eta: 4:02:05  time: 0.3732  data_time: 0.0465  memory: 8858  loss: 1.0056  decode.loss_ohem: 0.6979  decode.acc_seg: 88.7593  aux_0.loss_ce: 0.3076  aux_0.acc_seg: 86.5791
2026/07/23 22:13:00 - mmengine - INFO - Iter(train) [121200/160000]  lr: 2.8331e-03  eta: 4:01:27  time: 0.3725  data_time: 0.0450  memory: 8859  loss: 1.0179  decode.loss_ohem: 0.7160  decode.acc_seg: 94.4554  aux_0.loss_ce: 0.3019  aux_0.acc_seg: 90.5374
2026/07/23 22:13:37 - mmengine - INFO - Iter(train) [121300/160000]  lr: 2.8265e-03  eta: 4:00:50  time: 0.3735  data_time: 0.0464  memory: 8859  loss: 0.9778  decode.loss_ohem: 0.6896  decode.acc_seg: 93.7840  aux_0.loss_ce: 0.2882  aux_0.acc_seg: 91.0747
2026/07/23 22:14:14 - mmengine - INFO - Iter(train) [121400/160000]  lr: 2.8200e-03  eta: 4:00:13  time: 0.3814  data_time: 0.0500  memory: 8860  loss: 0.9925  decode.loss_ohem: 0.6687  decode.acc_seg: 94.2738  aux_0.loss_ce: 0.3238  aux_0.acc_seg: 90.5061
2026/07/23 22:14:53 - mmengine - INFO - Iter(train) [121500/160000]  lr: 2.8134e-03  eta: 3:59:36  time: 0.3862  data_time: 0.0536  memory: 8860  loss: 1.0175  decode.loss_ohem: 0.7254  decode.acc_seg: 92.5490  aux_0.loss_ce: 0.2921  aux_0.acc_seg: 90.1072
2026/07/23 22:15:31 - mmengine - INFO - Iter(train) [121600/160000]  lr: 2.8069e-03  eta: 3:58:59  time: 0.3841  data_time: 0.0515  memory: 8859  loss: 1.1008  decode.loss_ohem: 0.7670  decode.acc_seg: 92.0214  aux_0.loss_ce: 0.3338  aux_0.acc_seg: 88.5674
2026/07/23 22:16:10 - mmengine - INFO - Iter(train) [121700/160000]  lr: 2.8003e-03  eta: 3:58:22  time: 0.3819  data_time: 0.0505  memory: 8859  loss: 1.0011  decode.loss_ohem: 0.6847  decode.acc_seg: 93.8093  aux_0.loss_ce: 0.3164  aux_0.acc_seg: 84.2958
2026/07/23 22:16:48 - mmengine - INFO - Iter(train) [121800/160000]  lr: 2.7938e-03  eta: 3:57:44  time: 0.3759  data_time: 0.0485  memory: 8858  loss: 1.0939  decode.loss_ohem: 0.7652  decode.acc_seg: 91.1443  aux_0.loss_ce: 0.3287  aux_0.acc_seg: 85.5416
2026/07/23 22:17:26 - mmengine - INFO - Iter(train) [121900/160000]  lr: 2.7872e-03  eta: 3:57:07  time: 0.3799  data_time: 0.0510  memory: 8859  loss: 1.0721  decode.loss_ohem: 0.7371  decode.acc_seg: 92.9994  aux_0.loss_ce: 0.3350  aux_0.acc_seg: 87.2259
2026/07/23 22:18:04 - mmengine - INFO - Exp name: dsanet_cityscapes_512x1024_20260723_093233
2026/07/23 22:18:04 - mmengine - INFO - Iter(train) [122000/160000]  lr: 2.7807e-03  eta: 3:56:30  time: 0.3804  data_time: 0.0507  memory: 8858  loss: 0.9972  decode.loss_ohem: 0.6740  decode.acc_seg: 90.2238  aux_0.loss_ce: 0.3232  aux_0.acc_seg: 82.3542
2026/07/23 22:18:42 - mmengine - INFO - Iter(train) [122100/160000]  lr: 2.7741e-03  eta: 3:55:53  time: 0.3804  data_time: 0.0501  memory: 8860  loss: 0.9892  decode.loss_ohem: 0.7205  decode.acc_seg: 92.8314  aux_0.loss_ce: 0.2687  aux_0.acc_seg: 92.1029
2026/07/23 22:19:20 - mmengine - INFO - Iter(train) [122200/160000]  lr: 2.7675e-03  eta: 3:55:16  time: 0.3765  data_time: 0.0497  memory: 8861  loss: 0.9850  decode.loss_ohem: 0.6953  decode.acc_seg: 93.7710  aux_0.loss_ce: 0.2897  aux_0.acc_seg: 88.9563
2026/07/23 22:19:58 - mmengine - INFO - Iter(train) [122300/160000]  lr: 2.7610e-03  eta: 3:54:39  time: 0.3762  data_time: 0.0479  memory: 8858  loss: 0.9976  decode.loss_ohem: 0.6900  decode.acc_seg: 92.4081  aux_0.loss_ce: 0.3075  aux_0.acc_seg: 86.7257
2026/07/23 22:20:35 - mmengine - INFO - Iter(train) [122400/160000]  lr: 2.7544e-03  eta: 3:54:01  time: 0.3757  data_time: 0.0472  memory: 8859  loss: 1.0947  decode.loss_ohem: 0.7832  decode.acc_seg: 90.8477  aux_0.loss_ce: 0.3115  aux_0.acc_seg: 88.0577
2026/07/23 22:21:13 - mmengine - INFO - Iter(train) [122500/160000]  lr: 2.7478e-03  eta: 3:53:24  time: 0.3753  data_time: 0.0472  memory: 8859  loss: 1.0158  decode.loss_ohem: 0.7008  decode.acc_seg: 94.1878  aux_0.loss_ce: 0.3150  aux_0.acc_seg: 90.2791
2026/07/23 22:21:51 - mmengine - INFO - Iter(train) [122600/160000]  lr: 2.7412e-03  eta: 3:52:47  time: 0.3777  data_time: 0.0472  memory: 8858  loss: 1.0654  decode.loss_ohem: 0.7513  decode.acc_seg: 91.4419  aux_0.loss_ce: 0.3142  aux_0.acc_seg: 87.2465
2026/07/23 22:22:29 - mmengine - INFO - Iter(train) [122700/160000]  lr: 2.7347e-03  eta: 3:52:10  time: 0.3770  data_time: 0.0473  memory: 8859  loss: 1.0900  decode.loss_ohem: 0.7791  decode.acc_seg: 92.7879  aux_0.loss_ce: 0.3109  aux_0.acc_seg: 87.7164
2026/07/23 22:23:07 - mmengine - INFO - Iter(train) [122800/160000]  lr: 2.7281e-03  eta: 3:51:33  time: 0.3768  data_time: 0.0470  memory: 8859  loss: 1.0355  decode.loss_ohem: 0.7273  decode.acc_seg: 92.3791  aux_0.loss_ce: 0.3082  aux_0.acc_seg: 86.2913
2026/07/23 22:23:44 - mmengine - INFO - Iter(train) [122900/160000]  lr: 2.7215e-03  eta: 3:50:55  time: 0.3778  data_time: 0.0485  memory: 8859  loss: 1.0174  decode.loss_ohem: 0.6946  decode.acc_seg: 92.7192  aux_0.loss_ce: 0.3228  aux_0.acc_seg: 86.9017
2026/07/23 22:24:22 - mmengine - INFO - Exp name: dsanet_cityscapes_512x1024_20260723_093233
2026/07/23 22:24:22 - mmengine - INFO - Iter(train) [123000/160000]  lr: 2.7149e-03  eta: 3:50:18  time: 0.3774  data_time: 0.0472  memory: 8859  loss: 0.9838  decode.loss_ohem: 0.6805  decode.acc_seg: 94.4154  aux_0.loss_ce: 0.3033  aux_0.acc_seg: 89.4347
2026/07/23 22:25:00 - mmengine - INFO - Iter(train) [123100/160000]  lr: 2.7084e-03  eta: 3:49:41  time: 0.3784  data_time: 0.0489  memory: 8859  loss: 0.9659  decode.loss_ohem: 0.6519  decode.acc_seg: 90.7475  aux_0.loss_ce: 0.3141  aux_0.acc_seg: 85.9427
2026/07/23 22:25:37 - mmengine - INFO - Iter(train) [123200/160000]  lr: 2.7018e-03  eta: 3:49:04  time: 0.3751  data_time: 0.0463  memory: 8857  loss: 1.0366  decode.loss_ohem: 0.7226  decode.acc_seg: 91.2999  aux_0.loss_ce: 0.3139  aux_0.acc_seg: 86.6157
2026/07/23 22:26:15 - mmengine - INFO - Iter(train) [123300/160000]  lr: 2.6952e-03  eta: 3:48:26  time: 0.3734  data_time: 0.0453  memory: 8858  loss: 0.9607  decode.loss_ohem: 0.6650  decode.acc_seg: 94.7688  aux_0.loss_ce: 0.2957  aux_0.acc_seg: 86.9207
2026/07/23 22:26:52 - mmengine - INFO - Iter(train) [123400/160000]  lr: 2.6886e-03  eta: 3:47:49  time: 0.3778  data_time: 0.0490  memory: 8859  loss: 1.0966  decode.loss_ohem: 0.7922  decode.acc_seg: 92.2120  aux_0.loss_ce: 0.3044  aux_0.acc_seg: 88.6975
2026/07/23 22:27:30 - mmengine - INFO - Iter(train) [123500/160000]  lr: 2.6820e-03  eta: 3:47:12  time: 0.3763  data_time: 0.0474  memory: 8859  loss: 1.0184  decode.loss_ohem: 0.7220  decode.acc_seg: 89.5391  aux_0.loss_ce: 0.2964  aux_0.acc_seg: 86.6021
2026/07/23 22:28:08 - mmengine - INFO - Iter(train) [123600/160000]  lr: 2.6754e-03  eta: 3:46:34  time: 0.3744  data_time: 0.0462  memory: 8859  loss: 0.9854  decode.loss_ohem: 0.6931  decode.acc_seg: 92.4609  aux_0.loss_ce: 0.2923  aux_0.acc_seg: 87.8806
2026/07/23 22:28:45 - mmengine - INFO - Iter(train) [123700/160000]  lr: 2.6688e-03  eta: 3:45:57  time: 0.3771  data_time: 0.0481  memory: 8860  loss: 0.9535  decode.loss_ohem: 0.6606  decode.acc_seg: 92.2141  aux_0.loss_ce: 0.2929  aux_0.acc_seg: 87.6812
2026/07/23 22:29:23 - mmengine - INFO - Iter(train) [123800/160000]  lr: 2.6622e-03  eta: 3:45:20  time: 0.3769  data_time: 0.0467  memory: 8858  loss: 1.0259  decode.loss_ohem: 0.7120  decode.acc_seg: 93.3937  aux_0.loss_ce: 0.3139  aux_0.acc_seg: 90.0769
2026/07/23 22:30:01 - mmengine - INFO - Iter(train) [123900/160000]  lr: 2.6557e-03  eta: 3:44:43  time: 0.3774  data_time: 0.0488  memory: 8859  loss: 0.9947  decode.loss_ohem: 0.6890  decode.acc_seg: 93.1772  aux_0.loss_ce: 0.3057  aux_0.acc_seg: 88.2156
2026/07/23 22:30:39 - mmengine - INFO - Exp name: dsanet_cityscapes_512x1024_20260723_093233
2026/07/23 22:30:39 - mmengine - INFO - Iter(train) [124000/160000]  lr: 2.6491e-03  eta: 3:44:05  time: 0.3760  data_time: 0.0470  memory: 8858  loss: 1.0057  decode.loss_ohem: 0.7076  decode.acc_seg: 94.4215  aux_0.loss_ce: 0.2981  aux_0.acc_seg: 90.8454
2026/07/23 22:31:16 - mmengine - INFO - Iter(train) [124100/160000]  lr: 2.6425e-03  eta: 3:43:28  time: 0.3763  data_time: 0.0480  memory: 8859  loss: 1.0182  decode.loss_ohem: 0.7045  decode.acc_seg: 93.2302  aux_0.loss_ce: 0.3138  aux_0.acc_seg: 91.2879
2026/07/23 22:31:54 - mmengine - INFO - Iter(train) [124200/160000]  lr: 2.6359e-03  eta: 3:42:51  time: 0.3805  data_time: 0.0495  memory: 8859  loss: 1.0939  decode.loss_ohem: 0.7645  decode.acc_seg: 90.1320  aux_0.loss_ce: 0.3294  aux_0.acc_seg: 88.3418
2026/07/23 22:32:32 - mmengine - INFO - Iter(train) [124300/160000]  lr: 2.6293e-03  eta: 3:42:14  time: 0.3768  data_time: 0.0469  memory: 8858  loss: 1.0241  decode.loss_ohem: 0.7243  decode.acc_seg: 92.5905  aux_0.loss_ce: 0.2998  aux_0.acc_seg: 90.6236
2026/07/23 22:33:09 - mmengine - INFO - Iter(train) [124400/160000]  lr: 2.6227e-03  eta: 3:41:36  time: 0.3730  data_time: 0.0452  memory: 8859  loss: 1.0565  decode.loss_ohem: 0.7286  decode.acc_seg: 94.5309  aux_0.loss_ce: 0.3279  aux_0.acc_seg: 89.6462
2026/07/23 22:33:47 - mmengine - INFO - Iter(train) [124500/160000]  lr: 2.6160e-03  eta: 3:40:59  time: 0.3757  data_time: 0.0472  memory: 8859  loss: 0.9813  decode.loss_ohem: 0.6922  decode.acc_seg: 93.8828  aux_0.loss_ce: 0.2891  aux_0.acc_seg: 90.1135
2026/07/23 22:34:24 - mmengine - INFO - Iter(train) [124600/160000]  lr: 2.6094e-03  eta: 3:40:22  time: 0.3747  data_time: 0.0463  memory: 8858  loss: 1.1096  decode.loss_ohem: 0.7760  decode.acc_seg: 93.5444  aux_0.loss_ce: 0.3336  aux_0.acc_seg: 89.8119
2026/07/23 22:35:02 - mmengine - INFO - Iter(train) [124700/160000]  lr: 2.6028e-03  eta: 3:39:45  time: 0.3762  data_time: 0.0466  memory: 8860  loss: 0.9783  decode.loss_ohem: 0.6858  decode.acc_seg: 93.1620  aux_0.loss_ce: 0.2925  aux_0.acc_seg: 90.0494
2026/07/23 22:35:40 - mmengine - INFO - Iter(train) [124800/160000]  lr: 2.5962e-03  eta: 3:39:07  time: 0.3767  data_time: 0.0485  memory: 8857  loss: 0.9548  decode.loss_ohem: 0.6832  decode.acc_seg: 92.0682  aux_0.loss_ce: 0.2716  aux_0.acc_seg: 89.3096
2026/07/23 22:36:18 - mmengine - INFO - Iter(train) [124900/160000]  lr: 2.5896e-03  eta: 3:38:30  time: 0.3783  data_time: 0.0494  memory: 8858  loss: 1.0719  decode.loss_ohem: 0.7490  decode.acc_seg: 92.9821  aux_0.loss_ce: 0.3229  aux_0.acc_seg: 85.6135
2026/07/23 22:36:55 - mmengine - INFO - Exp name: dsanet_cityscapes_512x1024_20260723_093233
2026/07/23 22:36:55 - mmengine - INFO - Iter(train) [125000/160000]  lr: 2.5830e-03  eta: 3:37:53  time: 0.3759  data_time: 0.0478  memory: 8857  loss: 0.9910  decode.loss_ohem: 0.7194  decode.acc_seg: 94.2551  aux_0.loss_ce: 0.2716  aux_0.acc_seg: 91.5561
2026/07/23 22:36:55 - mmengine - INFO - Saving checkpoint at 125000 iterations
2026/07/23 22:37:02 - mmengine - INFO - Iter(val) [100/250]    eta: 0:00:08  time: 0.0568  data_time: 0.0197  memory: 728  
2026/07/23 22:37:07 - mmengine - INFO - Iter(val) [200/250]    eta: 0:00:02  time: 0.0559  data_time: 0.0196  memory: 728  
2026/07/23 22:37:10 - mmengine - INFO - per class results:
2026/07/23 22:37:10 - mmengine - INFO - 
+---------------+-------+-------+
|     Class     |  IoU  |  Acc  |
+---------------+-------+-------+
|      road     | 97.61 | 98.72 |
|    sidewalk   | 80.82 | 89.47 |
|    building   | 90.11 | 94.41 |
|      wall     | 44.83 | 53.28 |
|     fence     | 54.62 | 69.45 |
|      pole     | 53.76 | 65.13 |
| traffic light | 54.39 | 67.78 |
|  traffic sign | 68.04 | 77.84 |
|   vegetation  | 90.38 | 96.21 |
|    terrain    | 59.05 | 66.44 |
|      sky      | 93.05 |  96.6 |
|     person    | 71.53 | 91.52 |
|     rider     | 50.61 | 67.13 |
|      car      | 92.37 | 96.88 |
|     truck     |  56.8 | 62.33 |
|      bus      | 67.56 | 88.63 |
|     train     | 51.38 |  85.4 |
|   motorcycle  | 45.43 | 51.06 |
|    bicycle    | 69.31 | 84.19 |
+---------------+-------+-------+
2026/07/23 22:37:10 - mmengine - INFO - Iter(val) [250/250]    aAcc: 94.6400  mIoU: 67.9800  mAcc: 79.0800  data_time: 0.0207  time: 0.0586
2026/07/23 22:37:48 - mmengine - INFO - Iter(train) [125100/160000]  lr: 2.5764e-03  eta: 3:37:15  time: 0.3754  data_time: 0.0467  memory: 8858  loss: 1.0397  decode.loss_ohem: 0.7391  decode.acc_seg: 91.0857  aux_0.loss_ce: 0.3006  aux_0.acc_seg: 84.7269
2026/07/23 22:38:26 - mmengine - INFO - Iter(train) [125200/160000]  lr: 2.5698e-03  eta: 3:36:38  time: 0.3780  data_time: 0.0475  memory: 8861  loss: 1.0337  decode.loss_ohem: 0.7189  decode.acc_seg: 93.1606  aux_0.loss_ce: 0.3148  aux_0.acc_seg: 89.2325
2026/07/23 22:39:03 - mmengine - INFO - Iter(train) [125300/160000]  lr: 2.5631e-03  eta: 3:36:01  time: 0.3750  data_time: 0.0470  memory: 8858  loss: 1.0147  decode.loss_ohem: 0.6936  decode.acc_seg: 92.5341  aux_0.loss_ce: 0.3211  aux_0.acc_seg: 88.8588
2026/07/23 22:39:41 - mmengine - INFO - Iter(train) [125400/160000]  lr: 2.5565e-03  eta: 3:35:24  time: 0.3779  data_time: 0.0488  memory: 8860  loss: 1.1502  decode.loss_ohem: 0.7916  decode.acc_seg: 93.9808  aux_0.loss_ce: 0.3586  aux_0.acc_seg: 90.2602
2026/07/23 22:40:19 - mmengine - INFO - Iter(train) [125500/160000]  lr: 2.5499e-03  eta: 3:34:46  time: 0.3759  data_time: 0.0471  memory: 8858  loss: 1.0645  decode.loss_ohem: 0.7734  decode.acc_seg: 93.3384  aux_0.loss_ce: 0.2911  aux_0.acc_seg: 91.2283
2026/07/23 22:40:56 - mmengine - INFO - Iter(train) [125600/160000]  lr: 2.5433e-03  eta: 3:34:09  time: 0.3781  data_time: 0.0487  memory: 8859  loss: 0.9971  decode.loss_ohem: 0.7119  decode.acc_seg: 93.0980  aux_0.loss_ce: 0.2851  aux_0.acc_seg: 89.9715
2026/07/23 22:41:34 - mmengine - INFO - Iter(train) [125700/160000]  lr: 2.5366e-03  eta: 3:33:32  time: 0.3754  data_time: 0.0463  memory: 8859  loss: 1.0485  decode.loss_ohem: 0.7289  decode.acc_seg: 94.3535  aux_0.loss_ce: 0.3196  aux_0.acc_seg: 90.8447
2026/07/23 22:42:11 - mmengine - INFO - Iter(train) [125800/160000]  lr: 2.5300e-03  eta: 3:32:54  time: 0.3763  data_time: 0.0461  memory: 8858  loss: 1.0510  decode.loss_ohem: 0.7230  decode.acc_seg: 92.8239  aux_0.loss_ce: 0.3280  aux_0.acc_seg: 89.2984
2026/07/23 22:42:49 - mmengine - INFO - Iter(train) [125900/160000]  lr: 2.5234e-03  eta: 3:32:17  time: 0.3787  data_time: 0.0492  memory: 8860  loss: 1.0173  decode.loss_ohem: 0.7175  decode.acc_seg: 89.4058  aux_0.loss_ce: 0.2998  aux_0.acc_seg: 86.0001
2026/07/23 22:43:27 - mmengine - INFO - Exp name: dsanet_cityscapes_512x1024_20260723_093233
2026/07/23 22:43:27 - mmengine - INFO - Iter(train) [126000/160000]  lr: 2.5167e-03  eta: 3:31:40  time: 0.3783  data_time: 0.0489  memory: 8858  loss: 1.1453  decode.loss_ohem: 0.7707  decode.acc_seg: 88.9415  aux_0.loss_ce: 0.3746  aux_0.acc_seg: 84.9995
2026/07/23 22:44:05 - mmengine - INFO - Iter(train) [126100/160000]  lr: 2.5101e-03  eta: 3:31:03  time: 0.3764  data_time: 0.0473  memory: 8858  loss: 1.0351  decode.loss_ohem: 0.7419  decode.acc_seg: 90.1462  aux_0.loss_ce: 0.2931  aux_0.acc_seg: 86.0194
2026/07/23 22:44:42 - mmengine - INFO - Iter(train) [126200/160000]  lr: 2.5035e-03  eta: 3:30:25  time: 0.3746  data_time: 0.0473  memory: 8859  loss: 1.0185  decode.loss_ohem: 0.7313  decode.acc_seg: 91.5351  aux_0.loss_ce: 0.2872  aux_0.acc_seg: 87.6619
2026/07/23 22:45:20 - mmengine - INFO - Iter(train) [126300/160000]  lr: 2.4968e-03  eta: 3:29:48  time: 0.3795  data_time: 0.0501  memory: 8858  loss: 0.9788  decode.loss_ohem: 0.6723  decode.acc_seg: 93.2349  aux_0.loss_ce: 0.3065  aux_0.acc_seg: 86.5663
2026/07/23 22:45:58 - mmengine - INFO - Iter(train) [126400/160000]  lr: 2.4902e-03  eta: 3:29:11  time: 0.3777  data_time: 0.0483  memory: 8858  loss: 1.0631  decode.loss_ohem: 0.7501  decode.acc_seg: 94.3413  aux_0.loss_ce: 0.3130  aux_0.acc_seg: 89.8145
2026/07/23 22:46:35 - mmengine - INFO - Iter(train) [126500/160000]  lr: 2.4835e-03  eta: 3:28:34  time: 0.3777  data_time: 0.0472  memory: 8858  loss: 1.0831  decode.loss_ohem: 0.7339  decode.acc_seg: 92.8507  aux_0.loss_ce: 0.3491  aux_0.acc_seg: 86.5607
2026/07/23 22:47:13 - mmengine - INFO - Iter(train) [126600/160000]  lr: 2.4769e-03  eta: 3:27:56  time: 0.3758  data_time: 0.0465  memory: 8857  loss: 0.9923  decode.loss_ohem: 0.6939  decode.acc_seg: 93.4185  aux_0.loss_ce: 0.2985  aux_0.acc_seg: 89.2769
2026/07/23 22:47:51 - mmengine - INFO - Iter(train) [126700/160000]  lr: 2.4702e-03  eta: 3:27:19  time: 0.3761  data_time: 0.0477  memory: 8858  loss: 1.1242  decode.loss_ohem: 0.7988  decode.acc_seg: 92.9083  aux_0.loss_ce: 0.3254  aux_0.acc_seg: 88.5991
2026/07/23 22:48:29 - mmengine - INFO - Iter(train) [126800/160000]  lr: 2.4636e-03  eta: 3:26:42  time: 0.3797  data_time: 0.0498  memory: 8858  loss: 1.0321  decode.loss_ohem: 0.7229  decode.acc_seg: 94.0335  aux_0.loss_ce: 0.3092  aux_0.acc_seg: 90.1505
2026/07/23 22:49:06 - mmengine - INFO - Iter(train) [126900/160000]  lr: 2.4569e-03  eta: 3:26:05  time: 0.3766  data_time: 0.0476  memory: 8858  loss: 1.0075  decode.loss_ohem: 0.7330  decode.acc_seg: 91.7087  aux_0.loss_ce: 0.2746  aux_0.acc_seg: 87.9784
2026/07/23 22:49:44 - mmengine - INFO - Exp name: dsanet_cityscapes_512x1024_20260723_093233
2026/07/23 22:49:44 - mmengine - INFO - Iter(train) [127000/160000]  lr: 2.4503e-03  eta: 3:25:27  time: 0.3770  data_time: 0.0472  memory: 8858  loss: 1.1202  decode.loss_ohem: 0.7897  decode.acc_seg: 90.6272  aux_0.loss_ce: 0.3305  aux_0.acc_seg: 88.8207
2026/07/23 22:50:22 - mmengine - INFO - Iter(train) [127100/160000]  lr: 2.4436e-03  eta: 3:24:50  time: 0.3778  data_time: 0.0486  memory: 8861  loss: 1.0407  decode.loss_ohem: 0.7277  decode.acc_seg: 92.1081  aux_0.loss_ce: 0.3129  aux_0.acc_seg: 89.2536
2026/07/23 22:50:59 - mmengine - INFO - Iter(train) [127200/160000]  lr: 2.4370e-03  eta: 3:24:13  time: 0.3790  data_time: 0.0487  memory: 8858  loss: 0.9793  decode.loss_ohem: 0.6789  decode.acc_seg: 92.8226  aux_0.loss_ce: 0.3004  aux_0.acc_seg: 88.2246
2026/07/23 22:51:37 - mmengine - INFO - Iter(train) [127300/160000]  lr: 2.4303e-03  eta: 3:23:35  time: 0.3751  data_time: 0.0465  memory: 8858  loss: 1.0091  decode.loss_ohem: 0.6954  decode.acc_seg: 89.3309  aux_0.loss_ce: 0.3137  aux_0.acc_seg: 78.4044
2026/07/23 22:52:15 - mmengine - INFO - Iter(train) [127400/160000]  lr: 2.4236e-03  eta: 3:22:58  time: 0.3762  data_time: 0.0472  memory: 8857  loss: 1.0304  decode.loss_ohem: 0.7386  decode.acc_seg: 92.6836  aux_0.loss_ce: 0.2918  aux_0.acc_seg: 90.5285
2026/07/23 22:52:53 - mmengine - INFO - Iter(train) [127500/160000]  lr: 2.4170e-03  eta: 3:22:21  time: 0.3762  data_time: 0.0486  memory: 8858  loss: 1.0352  decode.loss_ohem: 0.7501  decode.acc_seg: 90.1873  aux_0.loss_ce: 0.2851  aux_0.acc_seg: 87.7079
2026/07/23 22:53:31 - mmengine - INFO - Iter(train) [127600/160000]  lr: 2.4103e-03  eta: 3:21:44  time: 0.3783  data_time: 0.0480  memory: 8859  loss: 0.9505  decode.loss_ohem: 0.6715  decode.acc_seg: 92.2319  aux_0.loss_ce: 0.2791  aux_0.acc_seg: 84.4965
2026/07/23 22:54:09 - mmengine - INFO - Iter(train) [127700/160000]  lr: 2.4036e-03  eta: 3:21:06  time: 0.3797  data_time: 0.0475  memory: 8858  loss: 0.9691  decode.loss_ohem: 0.6889  decode.acc_seg: 94.6222  aux_0.loss_ce: 0.2802  aux_0.acc_seg: 93.2134
2026/07/23 22:54:46 - mmengine - INFO - Iter(train) [127800/160000]  lr: 2.3970e-03  eta: 3:20:29  time: 0.3680  data_time: 0.0432  memory: 8857  loss: 1.0340  decode.loss_ohem: 0.7265  decode.acc_seg: 92.6191  aux_0.loss_ce: 0.3075  aux_0.acc_seg: 88.1811
2026/07/23 22:55:24 - mmengine - INFO - Iter(train) [127900/160000]  lr: 2.3903e-03  eta: 3:19:52  time: 0.3720  data_time: 0.0446  memory: 8857  loss: 1.0630  decode.loss_ohem: 0.7426  decode.acc_seg: 89.3276  aux_0.loss_ce: 0.3204  aux_0.acc_seg: 84.8084
2026/07/23 22:56:01 - mmengine - INFO - Exp name: dsanet_cityscapes_512x1024_20260723_093233
2026/07/23 22:56:01 - mmengine - INFO - Iter(train) [128000/160000]  lr: 2.3836e-03  eta: 3:19:14  time: 0.3736  data_time: 0.0454  memory: 8858  loss: 1.0873  decode.loss_ohem: 0.7683  decode.acc_seg: 91.9411  aux_0.loss_ce: 0.3190  aux_0.acc_seg: 86.6007
2026/07/23 22:56:39 - mmengine - INFO - Iter(train) [128100/160000]  lr: 2.3769e-03  eta: 3:18:37  time: 0.3747  data_time: 0.0456  memory: 8859  loss: 0.9824  decode.loss_ohem: 0.6906  decode.acc_seg: 93.3748  aux_0.loss_ce: 0.2918  aux_0.acc_seg: 90.4678
2026/07/23 22:57:16 - mmengine - INFO - Iter(train) [128200/160000]  lr: 2.3703e-03  eta: 3:18:00  time: 0.3762  data_time: 0.0469  memory: 8859  loss: 0.9817  decode.loss_ohem: 0.6970  decode.acc_seg: 91.7674  aux_0.loss_ce: 0.2847  aux_0.acc_seg: 88.5318
2026/07/23 22:57:54 - mmengine - INFO - Iter(train) [128300/160000]  lr: 2.3636e-03  eta: 3:17:23  time: 0.3759  data_time: 0.0483  memory: 8858  loss: 1.0667  decode.loss_ohem: 0.7785  decode.acc_seg: 93.6369  aux_0.loss_ce: 0.2881  aux_0.acc_seg: 90.8994
2026/07/23 22:58:32 - mmengine - INFO - Iter(train) [128400/160000]  lr: 2.3569e-03  eta: 3:16:45  time: 0.3715  data_time: 0.0452  memory: 8857  loss: 1.0482  decode.loss_ohem: 0.7262  decode.acc_seg: 91.5458  aux_0.loss_ce: 0.3220  aux_0.acc_seg: 85.4153
2026/07/23 22:59:09 - mmengine - INFO - Iter(train) [128500/160000]  lr: 2.3502e-03  eta: 3:16:08  time: 0.3749  data_time: 0.0468  memory: 8859  loss: 1.0971  decode.loss_ohem: 0.7525  decode.acc_seg: 94.7153  aux_0.loss_ce: 0.3446  aux_0.acc_seg: 90.6811
2026/07/23 22:59:47 - mmengine - INFO - Iter(train) [128600/160000]  lr: 2.3435e-03  eta: 3:15:31  time: 0.3772  data_time: 0.0479  memory: 8857  loss: 0.9839  decode.loss_ohem: 0.7247  decode.acc_seg: 93.9755  aux_0.loss_ce: 0.2591  aux_0.acc_seg: 92.0052
2026/07/23 23:00:24 - mmengine - INFO - Iter(train) [128700/160000]  lr: 2.3368e-03  eta: 3:14:53  time: 0.3695  data_time: 0.0458  memory: 8858  loss: 1.0236  decode.loss_ohem: 0.7087  decode.acc_seg: 93.7893  aux_0.loss_ce: 0.3148  aux_0.acc_seg: 85.2989
2026/07/23 23:01:02 - mmengine - INFO - Iter(train) [128800/160000]  lr: 2.3301e-03  eta: 3:14:16  time: 0.3701  data_time: 0.0436  memory: 8859  loss: 1.0303  decode.loss_ohem: 0.7077  decode.acc_seg: 91.6098  aux_0.loss_ce: 0.3226  aux_0.acc_seg: 88.3228
2026/07/23 23:01:38 - mmengine - INFO - Iter(train) [128900/160000]  lr: 2.3235e-03  eta: 3:13:38  time: 0.3685  data_time: 0.0423  memory: 8860  loss: 0.9978  decode.loss_ohem: 0.7044  decode.acc_seg: 93.5535  aux_0.loss_ce: 0.2934  aux_0.acc_seg: 88.2139
2026/07/23 23:02:16 - mmengine - INFO - Exp name: dsanet_cityscapes_512x1024_20260723_093233
2026/07/23 23:02:16 - mmengine - INFO - Iter(train) [129000/160000]  lr: 2.3168e-03  eta: 3:13:01  time: 0.3780  data_time: 0.0481  memory: 8859  loss: 1.0293  decode.loss_ohem: 0.7005  decode.acc_seg: 91.5500  aux_0.loss_ce: 0.3288  aux_0.acc_seg: 90.2180
2026/07/23 23:02:53 - mmengine - INFO - Iter(train) [129100/160000]  lr: 2.3101e-03  eta: 3:12:24  time: 0.3693  data_time: 0.0438  memory: 8858  loss: 0.9791  decode.loss_ohem: 0.6842  decode.acc_seg: 93.1985  aux_0.loss_ce: 0.2948  aux_0.acc_seg: 88.0941
2026/07/23 23:03:31 - mmengine - INFO - Iter(train) [129200/160000]  lr: 2.3034e-03  eta: 3:11:46  time: 0.3719  data_time: 0.0449  memory: 8858  loss: 1.0253  decode.loss_ohem: 0.7198  decode.acc_seg: 93.1444  aux_0.loss_ce: 0.3055  aux_0.acc_seg: 90.4807
2026/07/23 23:04:08 - mmengine - INFO - Iter(train) [129300/160000]  lr: 2.2967e-03  eta: 3:11:09  time: 0.3704  data_time: 0.0440  memory: 8859  loss: 0.9916  decode.loss_ohem: 0.6809  decode.acc_seg: 94.0503  aux_0.loss_ce: 0.3106  aux_0.acc_seg: 90.9985
2026/07/23 23:04:44 - mmengine - INFO - Iter(train) [129400/160000]  lr: 2.2900e-03  eta: 3:10:31  time: 0.3677  data_time: 0.0424  memory: 8859  loss: 1.0520  decode.loss_ohem: 0.7461  decode.acc_seg: 92.3661  aux_0.loss_ce: 0.3059  aux_0.acc_seg: 88.6490
2026/07/23 23:05:21 - mmengine - INFO - Iter(train) [129500/160000]  lr: 2.2832e-03  eta: 3:09:54  time: 0.3677  data_time: 0.0434  memory: 8858  loss: 1.0042  decode.loss_ohem: 0.6907  decode.acc_seg: 93.6750  aux_0.loss_ce: 0.3135  aux_0.acc_seg: 91.6412
2026/07/23 23:05:58 - mmengine - INFO - Iter(train) [129600/160000]  lr: 2.2765e-03  eta: 3:09:16  time: 0.3680  data_time: 0.0435  memory: 8858  loss: 1.0039  decode.loss_ohem: 0.6920  decode.acc_seg: 94.6348  aux_0.loss_ce: 0.3119  aux_0.acc_seg: 88.4956
2026/07/23 23:06:35 - mmengine - INFO - Iter(train) [129700/160000]  lr: 2.2698e-03  eta: 3:08:39  time: 0.3826  data_time: 0.0500  memory: 8859  loss: 1.0543  decode.loss_ohem: 0.7472  decode.acc_seg: 92.9056  aux_0.loss_ce: 0.3071  aux_0.acc_seg: 90.6053
2026/07/23 23:07:13 - mmengine - INFO - Iter(train) [129800/160000]  lr: 2.2631e-03  eta: 3:08:02  time: 0.3810  data_time: 0.0502  memory: 8858  loss: 1.0364  decode.loss_ohem: 0.7323  decode.acc_seg: 95.1280  aux_0.loss_ce: 0.3040  aux_0.acc_seg: 91.2955
2026/07/23 23:07:51 - mmengine - INFO - Iter(train) [129900/160000]  lr: 2.2564e-03  eta: 3:07:24  time: 0.3774  data_time: 0.0487  memory: 8859  loss: 1.1096  decode.loss_ohem: 0.7724  decode.acc_seg: 90.9581  aux_0.loss_ce: 0.3372  aux_0.acc_seg: 86.0578
2026/07/23 23:08:28 - mmengine - INFO - Exp name: dsanet_cityscapes_512x1024_20260723_093233
2026/07/23 23:08:28 - mmengine - INFO - Iter(train) [130000/160000]  lr: 2.2497e-03  eta: 3:06:47  time: 0.3767  data_time: 0.0483  memory: 8857  loss: 1.1331  decode.loss_ohem: 0.7856  decode.acc_seg: 93.3689  aux_0.loss_ce: 0.3475  aux_0.acc_seg: 88.1611
2026/07/23 23:08:28 - mmengine - INFO - Saving checkpoint at 130000 iterations
2026/07/23 23:08:35 - mmengine - INFO - Iter(val) [100/250]    eta: 0:00:08  time: 0.0564  data_time: 0.0206  memory: 728  
2026/07/23 23:08:41 - mmengine - INFO - Iter(val) [200/250]    eta: 0:00:02  time: 0.0573  data_time: 0.0207  memory: 728  
2026/07/23 23:08:44 - mmengine - INFO - per class results:
2026/07/23 23:08:44 - mmengine - INFO - 
+---------------+-------+-------+
|     Class     |  IoU  |  Acc  |
+---------------+-------+-------+
|      road     |  97.6 | 98.72 |
|    sidewalk   |  81.0 | 88.75 |
|    building   | 89.67 | 94.35 |
|      wall     | 42.71 | 46.96 |
|     fence     | 49.88 | 59.82 |
|      pole     | 54.09 | 70.55 |
| traffic light | 56.72 | 72.29 |
|  traffic sign | 68.57 | 78.39 |
|   vegetation  | 90.13 | 96.04 |
|    terrain    | 60.88 |  78.3 |
|      sky      | 93.36 | 96.55 |
|     person    | 74.35 | 88.44 |
|     rider     | 52.14 | 61.84 |
|      car      | 92.03 | 97.63 |
|     truck     | 63.24 |  70.8 |
|      bus      | 78.94 | 85.27 |
|     train     | 57.07 | 80.27 |
|   motorcycle  | 46.88 | 69.79 |
|    bicycle    | 69.33 | 81.14 |
+---------------+-------+-------+
2026/07/23 23:08:44 - mmengine - INFO - Iter(val) [250/250]    aAcc: 94.6300  mIoU: 69.4000  mAcc: 79.7800  data_time: 0.0215  time: 0.0579
2026/07/23 23:08:44 - mmengine - INFO - The previous best checkpoint /root/autodl-tmp/DSANet-main/tools/work_dirs/dsanet_cityscapes_512x1024/best_mIoU_iter_115000.pth is removed
2026/07/23 23:08:44 - mmengine - INFO - The best checkpoint with 69.4000 mIoU at 130000 iter is saved to best_mIoU_iter_130000.pth.
2026/07/23 23:09:22 - mmengine - INFO - Iter(train) [130100/160000]  lr: 2.2430e-03  eta: 3:06:10  time: 0.3754  data_time: 0.0473  memory: 8859  loss: 0.9907  decode.loss_ohem: 0.6821  decode.acc_seg: 93.8057  aux_0.loss_ce: 0.3086  aux_0.acc_seg: 90.9642
2026/07/23 23:10:00 - mmengine - INFO - Iter(train) [130200/160000]  lr: 2.2362e-03  eta: 3:05:33  time: 0.3763  data_time: 0.0481  memory: 8857  loss: 1.0231  decode.loss_ohem: 0.7250  decode.acc_seg: 91.7779  aux_0.loss_ce: 0.2981  aux_0.acc_seg: 84.8473
2026/07/23 23:10:38 - mmengine - INFO - Iter(train) [130300/160000]  lr: 2.2295e-03  eta: 3:04:56  time: 0.3755  data_time: 0.0473  memory: 8858  loss: 1.0343  decode.loss_ohem: 0.7343  decode.acc_seg: 90.6450  aux_0.loss_ce: 0.3000  aux_0.acc_seg: 87.2002
2026/07/23 23:11:16 - mmengine - INFO - Iter(train) [130400/160000]  lr: 2.2228e-03  eta: 3:04:18  time: 0.3768  data_time: 0.0489  memory: 8859  loss: 1.0113  decode.loss_ohem: 0.7154  decode.acc_seg: 94.2346  aux_0.loss_ce: 0.2960  aux_0.acc_seg: 91.0833
2026/07/23 23:11:53 - mmengine - INFO - Iter(train) [130500/160000]  lr: 2.2161e-03  eta: 3:03:41  time: 0.3781  data_time: 0.0490  memory: 8859  loss: 1.0023  decode.loss_ohem: 0.6859  decode.acc_seg: 92.5914  aux_0.loss_ce: 0.3164  aux_0.acc_seg: 89.1914
2026/07/23 23:12:31 - mmengine - INFO - Iter(train) [130600/160000]  lr: 2.2093e-03  eta: 3:03:04  time: 0.3776  data_time: 0.0488  memory: 8858  loss: 0.9722  decode.loss_ohem: 0.6782  decode.acc_seg: 94.3829  aux_0.loss_ce: 0.2940  aux_0.acc_seg: 89.1935
2026/07/23 23:13:09 - mmengine - INFO - Iter(train) [130700/160000]  lr: 2.2026e-03  eta: 3:02:26  time: 0.3774  data_time: 0.0485  memory: 8858  loss: 0.9603  decode.loss_ohem: 0.6449  decode.acc_seg: 94.6467  aux_0.loss_ce: 0.3154  aux_0.acc_seg: 90.7218
2026/07/23 23:13:46 - mmengine - INFO - Iter(train) [130800/160000]  lr: 2.1959e-03  eta: 3:01:49  time: 0.3763  data_time: 0.0475  memory: 8857  loss: 0.9562  decode.loss_ohem: 0.6719  decode.acc_seg: 91.9971  aux_0.loss_ce: 0.2843  aux_0.acc_seg: 84.4229
2026/07/23 23:14:24 - mmengine - INFO - Iter(train) [130900/160000]  lr: 2.1891e-03  eta: 3:01:12  time: 0.3769  data_time: 0.0478  memory: 8860  loss: 1.0429  decode.loss_ohem: 0.7247  decode.acc_seg: 93.7118  aux_0.loss_ce: 0.3182  aux_0.acc_seg: 89.5164
2026/07/23 23:15:02 - mmengine - INFO - Exp name: dsanet_cityscapes_512x1024_20260723_093233
2026/07/23 23:15:02 - mmengine - INFO - Iter(train) [131000/160000]  lr: 2.1824e-03  eta: 3:00:35  time: 0.3768  data_time: 0.0484  memory: 8858  loss: 0.9976  decode.loss_ohem: 0.7219  decode.acc_seg: 92.9252  aux_0.loss_ce: 0.2757  aux_0.acc_seg: 89.7122
2026/07/23 23:15:40 - mmengine - INFO - Iter(train) [131100/160000]  lr: 2.1756e-03  eta: 2:59:57  time: 0.3764  data_time: 0.0481  memory: 8857  loss: 0.9179  decode.loss_ohem: 0.6441  decode.acc_seg: 94.8568  aux_0.loss_ce: 0.2738  aux_0.acc_seg: 92.4309
2026/07/23 23:16:17 - mmengine - INFO - Iter(train) [131200/160000]  lr: 2.1689e-03  eta: 2:59:20  time: 0.3784  data_time: 0.0486  memory: 8858  loss: 0.9646  decode.loss_ohem: 0.6802  decode.acc_seg: 93.3340  aux_0.loss_ce: 0.2844  aux_0.acc_seg: 88.5368
2026/07/23 23:16:55 - mmengine - INFO - Iter(train) [131300/160000]  lr: 2.1621e-03  eta: 2:58:43  time: 0.3770  data_time: 0.0483  memory: 8859  loss: 1.0788  decode.loss_ohem: 0.7667  decode.acc_seg: 91.0420  aux_0.loss_ce: 0.3121  aux_0.acc_seg: 86.6079
2026/07/23 23:17:33 - mmengine - INFO - Iter(train) [131400/160000]  lr: 2.1554e-03  eta: 2:58:05  time: 0.3783  data_time: 0.0492  memory: 8858  loss: 0.9972  decode.loss_ohem: 0.7000  decode.acc_seg: 91.1786  aux_0.loss_ce: 0.2972  aux_0.acc_seg: 86.4420
2026/07/23 23:18:11 - mmengine - INFO - Iter(train) [131500/160000]  lr: 2.1486e-03  eta: 2:57:28  time: 0.3767  data_time: 0.0484  memory: 8858  loss: 0.9590  decode.loss_ohem: 0.6595  decode.acc_seg: 94.7940  aux_0.loss_ce: 0.2996  aux_0.acc_seg: 90.1242
2026/07/23 23:18:48 - mmengine - INFO - Iter(train) [131600/160000]  lr: 2.1419e-03  eta: 2:56:51  time: 0.3774  data_time: 0.0493  memory: 8858  loss: 1.1077  decode.loss_ohem: 0.7561  decode.acc_seg: 91.9430  aux_0.loss_ce: 0.3516  aux_0.acc_seg: 88.1658
2026/07/23 23:19:26 - mmengine - INFO - Iter(train) [131700/160000]  lr: 2.1351e-03  eta: 2:56:13  time: 0.3760  data_time: 0.0483  memory: 8858  loss: 1.1050  decode.loss_ohem: 0.7847  decode.acc_seg: 92.5989  aux_0.loss_ce: 0.3203  aux_0.acc_seg: 90.1134
2026/07/23 23:20:03 - mmengine - INFO - Iter(train) [131800/160000]  lr: 2.1284e-03  eta: 2:55:36  time: 0.3780  data_time: 0.0491  memory: 8859  loss: 1.0083  decode.loss_ohem: 0.7147  decode.acc_seg: 95.0092  aux_0.loss_ce: 0.2936  aux_0.acc_seg: 89.3183
2026/07/23 23:20:41 - mmengine - INFO - Iter(train) [131900/160000]  lr: 2.1216e-03  eta: 2:54:59  time: 0.3772  data_time: 0.0491  memory: 8858  loss: 0.9936  decode.loss_ohem: 0.7053  decode.acc_seg: 93.6493  aux_0.loss_ce: 0.2883  aux_0.acc_seg: 91.5634
2026/07/23 23:21:19 - mmengine - INFO - Exp name: dsanet_cityscapes_512x1024_20260723_093233
2026/07/23 23:21:19 - mmengine - INFO - Iter(train) [132000/160000]  lr: 2.1148e-03  eta: 2:54:22  time: 0.3778  data_time: 0.0497  memory: 8858  loss: 1.0695  decode.loss_ohem: 0.7692  decode.acc_seg: 90.6504  aux_0.loss_ce: 0.3003  aux_0.acc_seg: 88.1233
2026/07/23 23:21:56 - mmengine - INFO - Iter(train) [132100/160000]  lr: 2.1081e-03  eta: 2:53:44  time: 0.3759  data_time: 0.0478  memory: 8859  loss: 0.9930  decode.loss_ohem: 0.7006  decode.acc_seg: 94.1419  aux_0.loss_ce: 0.2924  aux_0.acc_seg: 90.7282
2026/07/23 23:22:34 - mmengine - INFO - Iter(train) [132200/160000]  lr: 2.1013e-03  eta: 2:53:07  time: 0.3769  data_time: 0.0481  memory: 8860  loss: 1.0002  decode.loss_ohem: 0.6937  decode.acc_seg: 94.7333  aux_0.loss_ce: 0.3066  aux_0.acc_seg: 91.7702
2026/07/23 23:23:12 - mmengine - INFO - Iter(train) [132300/160000]  lr: 2.0945e-03  eta: 2:52:30  time: 0.3746  data_time: 0.0468  memory: 8859  loss: 1.0498  decode.loss_ohem: 0.7536  decode.acc_seg: 94.6895  aux_0.loss_ce: 0.2962  aux_0.acc_seg: 92.1165
2026/07/23 23:23:49 - mmengine - INFO - Iter(train) [132400/160000]  lr: 2.0878e-03  eta: 2:51:52  time: 0.3764  data_time: 0.0478  memory: 8857  loss: 0.9428  decode.loss_ohem: 0.6563  decode.acc_seg: 94.1351  aux_0.loss_ce: 0.2865  aux_0.acc_seg: 89.1140
2026/07/23 23:24:27 - mmengine - INFO - Iter(train) [132500/160000]  lr: 2.0810e-03  eta: 2:51:15  time: 0.3774  data_time: 0.0483  memory: 8858  loss: 1.0110  decode.loss_ohem: 0.7119  decode.acc_seg: 93.7420  aux_0.loss_ce: 0.2990  aux_0.acc_seg: 88.0019
2026/07/23 23:25:05 - mmengine - INFO - Iter(train) [132600/160000]  lr: 2.0742e-03  eta: 2:50:38  time: 0.3763  data_time: 0.0484  memory: 8858  loss: 0.9787  decode.loss_ohem: 0.7028  decode.acc_seg: 94.9808  aux_0.loss_ce: 0.2760  aux_0.acc_seg: 91.6576
2026/07/23 23:25:42 - mmengine - INFO - Iter(train) [132700/160000]  lr: 2.0674e-03  eta: 2:50:00  time: 0.3772  data_time: 0.0483  memory: 8859  loss: 0.9537  decode.loss_ohem: 0.6789  decode.acc_seg: 94.6062  aux_0.loss_ce: 0.2748  aux_0.acc_seg: 90.5572
2026/07/23 23:26:20 - mmengine - INFO - Iter(train) [132800/160000]  lr: 2.0606e-03  eta: 2:49:23  time: 0.3762  data_time: 0.0475  memory: 8858  loss: 1.0023  decode.loss_ohem: 0.7040  decode.acc_seg: 92.1910  aux_0.loss_ce: 0.2983  aux_0.acc_seg: 88.5920
2026/07/23 23:26:58 - mmengine - INFO - Iter(train) [132900/160000]  lr: 2.0538e-03  eta: 2:48:46  time: 0.3774  data_time: 0.0491  memory: 8858  loss: 1.1023  decode.loss_ohem: 0.7709  decode.acc_seg: 92.6155  aux_0.loss_ce: 0.3314  aux_0.acc_seg: 89.9356
2026/07/23 23:27:35 - mmengine - INFO - Exp name: dsanet_cityscapes_512x1024_20260723_093233
2026/07/23 23:27:35 - mmengine - INFO - Iter(train) [133000/160000]  lr: 2.0471e-03  eta: 2:48:08  time: 0.3764  data_time: 0.0483  memory: 8860  loss: 1.0511  decode.loss_ohem: 0.7296  decode.acc_seg: 92.3663  aux_0.loss_ce: 0.3214  aux_0.acc_seg: 87.8007
2026/07/23 23:28:13 - mmengine - INFO - Iter(train) [133100/160000]  lr: 2.0403e-03  eta: 2:47:31  time: 0.3754  data_time: 0.0474  memory: 8858  loss: 1.0231  decode.loss_ohem: 0.7385  decode.acc_seg: 91.3370  aux_0.loss_ce: 0.2846  aux_0.acc_seg: 87.7426
2026/07/23 23:28:51 - mmengine - INFO - Iter(train) [133200/160000]  lr: 2.0335e-03  eta: 2:46:54  time: 0.3780  data_time: 0.0485  memory: 8858  loss: 0.9953  decode.loss_ohem: 0.6954  decode.acc_seg: 94.2788  aux_0.loss_ce: 0.2999  aux_0.acc_seg: 90.6454
2026/07/23 23:29:28 - mmengine - INFO - Iter(train) [133300/160000]  lr: 2.0267e-03  eta: 2:46:16  time: 0.3754  data_time: 0.0469  memory: 8859  loss: 0.9716  decode.loss_ohem: 0.6917  decode.acc_seg: 94.1219  aux_0.loss_ce: 0.2799  aux_0.acc_seg: 90.5584
2026/07/23 23:30:06 - mmengine - INFO - Iter(train) [133400/160000]  lr: 2.0199e-03  eta: 2:45:39  time: 0.3733  data_time: 0.0480  memory: 8859  loss: 0.9344  decode.loss_ohem: 0.6528  decode.acc_seg: 93.3967  aux_0.loss_ce: 0.2816  aux_0.acc_seg: 87.5783
2026/07/23 23:30:43 - mmengine - INFO - Iter(train) [133500/160000]  lr: 2.0131e-03  eta: 2:45:02  time: 0.3752  data_time: 0.0469  memory: 8858  loss: 1.0587  decode.loss_ohem: 0.7488  decode.acc_seg: 92.7512  aux_0.loss_ce: 0.3099  aux_0.acc_seg: 86.7343
2026/07/23 23:31:21 - mmengine - INFO - Iter(train) [133600/160000]  lr: 2.0063e-03  eta: 2:44:25  time: 0.3763  data_time: 0.0475  memory: 8858  loss: 1.0424  decode.loss_ohem: 0.7404  decode.acc_seg: 92.6087  aux_0.loss_ce: 0.3020  aux_0.acc_seg: 86.6781
2026/07/23 23:31:59 - mmengine - INFO - Iter(train) [133700/160000]  lr: 1.9995e-03  eta: 2:43:47  time: 0.3762  data_time: 0.0464  memory: 8858  loss: 0.9436  decode.loss_ohem: 0.6739  decode.acc_seg: 92.2248  aux_0.loss_ce: 0.2697  aux_0.acc_seg: 86.4259
2026/07/23 23:32:37 - mmengine - INFO - Iter(train) [133800/160000]  lr: 1.9927e-03  eta: 2:43:10  time: 0.3748  data_time: 0.0468  memory: 8858  loss: 0.9605  decode.loss_ohem: 0.6851  decode.acc_seg: 94.4844  aux_0.loss_ce: 0.2755  aux_0.acc_seg: 91.4434
2026/07/23 23:33:14 - mmengine - INFO - Iter(train) [133900/160000]  lr: 1.9858e-03  eta: 2:42:33  time: 0.3760  data_time: 0.0478  memory: 8859  loss: 1.0009  decode.loss_ohem: 0.6950  decode.acc_seg: 94.1470  aux_0.loss_ce: 0.3060  aux_0.acc_seg: 90.0725
2026/07/23 23:33:52 - mmengine - INFO - Exp name: dsanet_cityscapes_512x1024_20260723_093233
2026/07/23 23:33:52 - mmengine - INFO - Iter(train) [134000/160000]  lr: 1.9790e-03  eta: 2:41:55  time: 0.3784  data_time: 0.0495  memory: 8859  loss: 1.0473  decode.loss_ohem: 0.7148  decode.acc_seg: 93.0038  aux_0.loss_ce: 0.3325  aux_0.acc_seg: 89.7433
2026/07/23 23:34:29 - mmengine - INFO - Iter(train) [134100/160000]  lr: 1.9722e-03  eta: 2:41:18  time: 0.3767  data_time: 0.0473  memory: 8858  loss: 0.9659  decode.loss_ohem: 0.6795  decode.acc_seg: 92.4760  aux_0.loss_ce: 0.2864  aux_0.acc_seg: 89.0862
2026/07/23 23:35:07 - mmengine - INFO - Iter(train) [134200/160000]  lr: 1.9654e-03  eta: 2:40:41  time: 0.3766  data_time: 0.0479  memory: 8857  loss: 1.0695  decode.loss_ohem: 0.7625  decode.acc_seg: 91.5730  aux_0.loss_ce: 0.3070  aux_0.acc_seg: 88.6372
2026/07/23 23:35:45 - mmengine - INFO - Iter(train) [134300/160000]  lr: 1.9586e-03  eta: 2:40:03  time: 0.3755  data_time: 0.0469  memory: 8858  loss: 1.0708  decode.loss_ohem: 0.7299  decode.acc_seg: 93.2633  aux_0.loss_ce: 0.3409  aux_0.acc_seg: 88.8170
2026/07/23 23:36:23 - mmengine - INFO - Iter(train) [134400/160000]  lr: 1.9517e-03  eta: 2:39:26  time: 0.3794  data_time: 0.0489  memory: 8859  loss: 0.9953  decode.loss_ohem: 0.7057  decode.acc_seg: 92.5340  aux_0.loss_ce: 0.2896  aux_0.acc_seg: 89.4821
2026/07/23 23:37:00 - mmengine - INFO - Iter(train) [134500/160000]  lr: 1.9449e-03  eta: 2:38:49  time: 0.3767  data_time: 0.0469  memory: 8858  loss: 1.0401  decode.loss_ohem: 0.7261  decode.acc_seg: 92.4552  aux_0.loss_ce: 0.3140  aux_0.acc_seg: 86.1512
2026/07/23 23:37:38 - mmengine - INFO - Iter(train) [134600/160000]  lr: 1.9381e-03  eta: 2:38:11  time: 0.3784  data_time: 0.0482  memory: 8858  loss: 1.0490  decode.loss_ohem: 0.7363  decode.acc_seg: 91.3499  aux_0.loss_ce: 0.3127  aux_0.acc_seg: 80.7678
2026/07/23 23:38:16 - mmengine - INFO - Iter(train) [134700/160000]  lr: 1.9313e-03  eta: 2:37:34  time: 0.3745  data_time: 0.0465  memory: 8857  loss: 1.0902  decode.loss_ohem: 0.7508  decode.acc_seg: 93.4348  aux_0.loss_ce: 0.3394  aux_0.acc_seg: 87.2531
2026/07/23 23:38:53 - mmengine - INFO - Iter(train) [134800/160000]  lr: 1.9244e-03  eta: 2:36:57  time: 0.3756  data_time: 0.0471  memory: 8858  loss: 1.0156  decode.loss_ohem: 0.7158  decode.acc_seg: 90.4258  aux_0.loss_ce: 0.2998  aux_0.acc_seg: 87.5591
2026/07/23 23:39:31 - mmengine - INFO - Iter(train) [134900/160000]  lr: 1.9176e-03  eta: 2:36:19  time: 0.3734  data_time: 0.0474  memory: 8857  loss: 1.0337  decode.loss_ohem: 0.7223  decode.acc_seg: 91.2686  aux_0.loss_ce: 0.3114  aux_0.acc_seg: 87.3284
2026/07/23 23:40:08 - mmengine - INFO - Exp name: dsanet_cityscapes_512x1024_20260723_093233
2026/07/23 23:40:08 - mmengine - INFO - Iter(train) [135000/160000]  lr: 1.9107e-03  eta: 2:35:42  time: 0.3764  data_time: 0.0481  memory: 8859  loss: 0.9460  decode.loss_ohem: 0.6671  decode.acc_seg: 92.7471  aux_0.loss_ce: 0.2789  aux_0.acc_seg: 87.6379
2026/07/23 23:40:08 - mmengine - INFO - Saving checkpoint at 135000 iterations
2026/07/23 23:40:15 - mmengine - INFO - Iter(val) [100/250]    eta: 0:00:08  time: 0.0541  data_time: 0.0191  memory: 728  
2026/07/23 23:40:20 - mmengine - INFO - Iter(val) [200/250]    eta: 0:00:02  time: 0.0547  data_time: 0.0193  memory: 728  
2026/07/23 23:40:23 - mmengine - INFO - per class results:
2026/07/23 23:40:23 - mmengine - INFO - 
+---------------+-------+-------+
|     Class     |  IoU  |  Acc  |
+---------------+-------+-------+
|      road     | 97.66 | 98.58 |
|    sidewalk   | 81.43 | 90.56 |
|    building   | 90.16 | 94.43 |
|      wall     | 50.92 | 58.73 |
|     fence     | 54.18 | 70.29 |
|      pole     | 54.22 | 69.38 |
| traffic light | 56.18 | 68.94 |
|  traffic sign | 65.45 | 79.51 |
|   vegetation  | 90.44 | 95.68 |
|    terrain    | 58.32 | 75.09 |
|      sky      | 93.51 | 96.67 |
|     person    | 74.95 | 88.95 |
|     rider     | 51.16 | 62.15 |
|      car      | 92.78 | 96.97 |
|     truck     | 64.17 | 87.18 |
|      bus      |  63.5 | 66.92 |
|     train     | 63.94 |  78.0 |
|   motorcycle  | 48.95 | 69.39 |
|    bicycle    | 68.63 | 86.44 |
+---------------+-------+-------+
2026/07/23 23:40:23 - mmengine - INFO - Iter(val) [250/250]    aAcc: 94.7300  mIoU: 69.5000  mAcc: 80.7300  data_time: 0.0203  time: 0.0555
2026/07/23 23:40:23 - mmengine - INFO - The previous best checkpoint /root/autodl-tmp/DSANet-main/tools/work_dirs/dsanet_cityscapes_512x1024/best_mIoU_iter_130000.pth is removed
2026/07/23 23:40:24 - mmengine - INFO - The best checkpoint with 69.5000 mIoU at 135000 iter is saved to best_mIoU_iter_135000.pth.
2026/07/23 23:41:02 - mmengine - INFO - Iter(train) [135100/160000]  lr: 1.9039e-03  eta: 2:35:05  time: 0.3834  data_time: 0.0519  memory: 8858  loss: 0.9802  decode.loss_ohem: 0.6848  decode.acc_seg: 94.8120  aux_0.loss_ce: 0.2954  aux_0.acc_seg: 91.6244
2026/07/23 23:41:40 - mmengine - INFO - Iter(train) [135200/160000]  lr: 1.8970e-03  eta: 2:34:28  time: 0.3807  data_time: 0.0495  memory: 8859  loss: 1.0173  decode.loss_ohem: 0.7086  decode.acc_seg: 93.8692  aux_0.loss_ce: 0.3087  aux_0.acc_seg: 88.9243
2026/07/23 23:42:19 - mmengine - INFO - Iter(train) [135300/160000]  lr: 1.8902e-03  eta: 2:33:51  time: 0.3809  data_time: 0.0511  memory: 8858  loss: 1.1040  decode.loss_ohem: 0.7887  decode.acc_seg: 93.8100  aux_0.loss_ce: 0.3154  aux_0.acc_seg: 90.0549
2026/07/23 23:42:57 - mmengine - INFO - Iter(train) [135400/160000]  lr: 1.8833e-03  eta: 2:33:13  time: 0.3795  data_time: 0.0506  memory: 8858  loss: 1.0179  decode.loss_ohem: 0.7212  decode.acc_seg: 94.2030  aux_0.loss_ce: 0.2967  aux_0.acc_seg: 90.2790
2026/07/23 23:43:34 - mmengine - INFO - Iter(train) [135500/160000]  lr: 1.8765e-03  eta: 2:32:36  time: 0.3785  data_time: 0.0494  memory: 8859  loss: 1.0746  decode.loss_ohem: 0.7765  decode.acc_seg: 93.2502  aux_0.loss_ce: 0.2981  aux_0.acc_seg: 90.4576
2026/07/23 23:44:12 - mmengine - INFO - Iter(train) [135600/160000]  lr: 1.8696e-03  eta: 2:31:59  time: 0.3773  data_time: 0.0492  memory: 8858  loss: 0.9502  decode.loss_ohem: 0.6427  decode.acc_seg: 93.5343  aux_0.loss_ce: 0.3075  aux_0.acc_seg: 90.6658
2026/07/23 23:44:50 - mmengine - INFO - Iter(train) [135700/160000]  lr: 1.8628e-03  eta: 2:31:21  time: 0.3784  data_time: 0.0492  memory: 8858  loss: 0.9586  decode.loss_ohem: 0.6776  decode.acc_seg: 93.3424  aux_0.loss_ce: 0.2810  aux_0.acc_seg: 90.1450
2026/07/23 23:45:28 - mmengine - INFO - Iter(train) [135800/160000]  lr: 1.8559e-03  eta: 2:30:44  time: 0.3777  data_time: 0.0486  memory: 8858  loss: 1.0325  decode.loss_ohem: 0.7060  decode.acc_seg: 93.4901  aux_0.loss_ce: 0.3265  aux_0.acc_seg: 89.8119
2026/07/23 23:46:06 - mmengine - INFO - Iter(train) [135900/160000]  lr: 1.8490e-03  eta: 2:30:07  time: 0.3784  data_time: 0.0493  memory: 8859  loss: 1.0354  decode.loss_ohem: 0.7187  decode.acc_seg: 93.6493  aux_0.loss_ce: 0.3167  aux_0.acc_seg: 89.6619
2026/07/23 23:46:43 - mmengine - INFO - Exp name: dsanet_cityscapes_512x1024_20260723_093233
2026/07/23 23:46:43 - mmengine - INFO - Iter(train) [136000/160000]  lr: 1.8422e-03  eta: 2:29:30  time: 0.3765  data_time: 0.0477  memory: 8858  loss: 0.9741  decode.loss_ohem: 0.6983  decode.acc_seg: 94.6548  aux_0.loss_ce: 0.2758  aux_0.acc_seg: 93.3158
2026/07/23 23:47:21 - mmengine - INFO - Iter(train) [136100/160000]  lr: 1.8353e-03  eta: 2:28:52  time: 0.3784  data_time: 0.0492  memory: 8858  loss: 1.0583  decode.loss_ohem: 0.7238  decode.acc_seg: 90.8017  aux_0.loss_ce: 0.3345  aux_0.acc_seg: 85.3871
2026/07/23 23:47:59 - mmengine - INFO - Iter(train) [136200/160000]  lr: 1.8284e-03  eta: 2:28:15  time: 0.3750  data_time: 0.0477  memory: 8857  loss: 0.9905  decode.loss_ohem: 0.7041  decode.acc_seg: 95.4342  aux_0.loss_ce: 0.2865  aux_0.acc_seg: 92.6198
2026/07/23 23:48:37 - mmengine - INFO - Iter(train) [136300/160000]  lr: 1.8215e-03  eta: 2:27:38  time: 0.3784  data_time: 0.0493  memory: 8859  loss: 1.0747  decode.loss_ohem: 0.7683  decode.acc_seg: 93.3565  aux_0.loss_ce: 0.3064  aux_0.acc_seg: 90.9231
2026/07/23 23:49:15 - mmengine - INFO - Iter(train) [136400/160000]  lr: 1.8147e-03  eta: 2:27:00  time: 0.3773  data_time: 0.0485  memory: 8859  loss: 0.9920  decode.loss_ohem: 0.7035  decode.acc_seg: 92.8977  aux_0.loss_ce: 0.2885  aux_0.acc_seg: 88.1812
2026/07/23 23:49:52 - mmengine - INFO - Iter(train) [136500/160000]  lr: 1.8078e-03  eta: 2:26:23  time: 0.3742  data_time: 0.0479  memory: 8860  loss: 1.0056  decode.loss_ohem: 0.7061  decode.acc_seg: 92.2725  aux_0.loss_ce: 0.2995  aux_0.acc_seg: 86.0094
2026/07/23 23:50:30 - mmengine - INFO - Iter(train) [136600/160000]  lr: 1.8009e-03  eta: 2:25:46  time: 0.3771  data_time: 0.0476  memory: 8859  loss: 0.9987  decode.loss_ohem: 0.7055  decode.acc_seg: 90.4027  aux_0.loss_ce: 0.2933  aux_0.acc_seg: 86.8984
2026/07/23 23:51:08 - mmengine - INFO - Iter(train) [136700/160000]  lr: 1.7940e-03  eta: 2:25:08  time: 0.3803  data_time: 0.0498  memory: 8857  loss: 0.9706  decode.loss_ohem: 0.6846  decode.acc_seg: 93.4775  aux_0.loss_ce: 0.2860  aux_0.acc_seg: 87.1820
2026/07/23 23:51:46 - mmengine - INFO - Iter(train) [136800/160000]  lr: 1.7871e-03  eta: 2:24:31  time: 0.3777  data_time: 0.0481  memory: 8860  loss: 1.0157  decode.loss_ohem: 0.6996  decode.acc_seg: 92.6985  aux_0.loss_ce: 0.3161  aux_0.acc_seg: 86.9911
2026/07/23 23:52:23 - mmengine - INFO - Iter(train) [136900/160000]  lr: 1.7802e-03  eta: 2:23:54  time: 0.3758  data_time: 0.0471  memory: 8857  loss: 1.0389  decode.loss_ohem: 0.7082  decode.acc_seg: 88.9691  aux_0.loss_ce: 0.3307  aux_0.acc_seg: 80.6636
2026/07/23 23:53:01 - mmengine - INFO - Exp name: dsanet_cityscapes_512x1024_20260723_093233
2026/07/23 23:53:01 - mmengine - INFO - Iter(train) [137000/160000]  lr: 1.7733e-03  eta: 2:23:16  time: 0.3755  data_time: 0.0480  memory: 8858  loss: 0.9801  decode.loss_ohem: 0.7037  decode.acc_seg: 92.3686  aux_0.loss_ce: 0.2764  aux_0.acc_seg: 87.5229
2026/07/23 23:53:38 - mmengine - INFO - Iter(train) [137100/160000]  lr: 1.7664e-03  eta: 2:22:39  time: 0.3743  data_time: 0.0474  memory: 8858  loss: 1.0045  decode.loss_ohem: 0.7138  decode.acc_seg: 94.2665  aux_0.loss_ce: 0.2908  aux_0.acc_seg: 91.2607
2026/07/23 23:54:15 - mmengine - INFO - Iter(train) [137200/160000]  lr: 1.7595e-03  eta: 2:22:02  time: 0.3772  data_time: 0.0467  memory: 8857  loss: 1.0043  decode.loss_ohem: 0.6921  decode.acc_seg: 94.6633  aux_0.loss_ce: 0.3122  aux_0.acc_seg: 91.5188
2026/07/23 23:54:53 - mmengine - INFO - Iter(train) [137300/160000]  lr: 1.7526e-03  eta: 2:21:24  time: 0.3765  data_time: 0.0475  memory: 8858  loss: 1.0042  decode.loss_ohem: 0.6976  decode.acc_seg: 93.4927  aux_0.loss_ce: 0.3066  aux_0.acc_seg: 89.4905
2026/07/23 23:55:30 - mmengine - INFO - Iter(train) [137400/160000]  lr: 1.7457e-03  eta: 2:20:47  time: 0.3714  data_time: 0.0458  memory: 8858  loss: 0.9927  decode.loss_ohem: 0.7171  decode.acc_seg: 92.8439  aux_0.loss_ce: 0.2757  aux_0.acc_seg: 88.4403
2026/07/23 23:56:08 - mmengine - INFO - Iter(train) [137500/160000]  lr: 1.7388e-03  eta: 2:20:09  time: 0.3748  data_time: 0.0473  memory: 8859  loss: 0.9309  decode.loss_ohem: 0.6418  decode.acc_seg: 95.2567  aux_0.loss_ce: 0.2892  aux_0.acc_seg: 91.0688
2026/07/23 23:56:45 - mmengine - INFO - Iter(train) [137600/160000]  lr: 1.7319e-03  eta: 2:19:32  time: 0.3737  data_time: 0.0470  memory: 8857  loss: 0.9938  decode.loss_ohem: 0.7079  decode.acc_seg: 92.1762  aux_0.loss_ce: 0.2859  aux_0.acc_seg: 88.7016
2026/07/23 23:57:22 - mmengine - INFO - Iter(train) [137700/160000]  lr: 1.7249e-03  eta: 2:18:55  time: 0.3739  data_time: 0.0462  memory: 8858  loss: 1.0432  decode.loss_ohem: 0.7178  decode.acc_seg: 93.4735  aux_0.loss_ce: 0.3254  aux_0.acc_seg: 90.2667
2026/07/23 23:58:00 - mmengine - INFO - Iter(train) [137800/160000]  lr: 1.7180e-03  eta: 2:18:17  time: 0.3751  data_time: 0.0475  memory: 8857  loss: 0.9992  decode.loss_ohem: 0.7027  decode.acc_seg: 93.9973  aux_0.loss_ce: 0.2964  aux_0.acc_seg: 90.0709
2026/07/23 23:58:37 - mmengine - INFO - Iter(train) [137900/160000]  lr: 1.7111e-03  eta: 2:17:40  time: 0.3733  data_time: 0.0465  memory: 8857  loss: 1.0438  decode.loss_ohem: 0.7723  decode.acc_seg: 90.9849  aux_0.loss_ce: 0.2714  aux_0.acc_seg: 88.5505
2026/07/23 23:59:14 - mmengine - INFO - Exp name: dsanet_cityscapes_512x1024_20260723_093233
2026/07/23 23:59:14 - mmengine - INFO - Iter(train) [138000/160000]  lr: 1.7042e-03  eta: 2:17:03  time: 0.3741  data_time: 0.0460  memory: 8861  loss: 0.9085  decode.loss_ohem: 0.6331  decode.acc_seg: 93.8500  aux_0.loss_ce: 0.2754  aux_0.acc_seg: 92.0621
2026/07/23 23:59:52 - mmengine - INFO - Iter(train) [138100/160000]  lr: 1.6972e-03  eta: 2:16:25  time: 0.3735  data_time: 0.0460  memory: 8859  loss: 1.0164  decode.loss_ohem: 0.7137  decode.acc_seg: 94.3053  aux_0.loss_ce: 0.3026  aux_0.acc_seg: 89.8231
2026/07/24 00:00:29 - mmengine - INFO - Iter(train) [138200/160000]  lr: 1.6903e-03  eta: 2:15:48  time: 0.3743  data_time: 0.0478  memory: 8859  loss: 1.0327  decode.loss_ohem: 0.7138  decode.acc_seg: 92.6376  aux_0.loss_ce: 0.3188  aux_0.acc_seg: 89.0717
2026/07/24 00:01:06 - mmengine - INFO - Iter(train) [138300/160000]  lr: 1.6834e-03  eta: 2:15:10  time: 0.3728  data_time: 0.0470  memory: 8857  loss: 0.9848  decode.loss_ohem: 0.6832  decode.acc_seg: 92.5690  aux_0.loss_ce: 0.3016  aux_0.acc_seg: 86.7484
2026/07/24 00:01:44 - mmengine - INFO - Iter(train) [138400/160000]  lr: 1.6764e-03  eta: 2:14:33  time: 0.3730  data_time: 0.0459  memory: 8858  loss: 0.9831  decode.loss_ohem: 0.6927  decode.acc_seg: 94.6618  aux_0.loss_ce: 0.2904  aux_0.acc_seg: 92.2822
2026/07/24 00:02:21 - mmengine - INFO - Iter(train) [138500/160000]  lr: 1.6695e-03  eta: 2:13:56  time: 0.3715  data_time: 0.0462  memory: 8858  loss: 0.9587  decode.loss_ohem: 0.6503  decode.acc_seg: 92.7519  aux_0.loss_ce: 0.3084  aux_0.acc_seg: 87.2421
2026/07/24 00:02:59 - mmengine - INFO - Iter(train) [138600/160000]  lr: 1.6625e-03  eta: 2:13:18  time: 0.3733  data_time: 0.0468  memory: 8857  loss: 1.0138  decode.loss_ohem: 0.7145  decode.acc_seg: 93.1283  aux_0.loss_ce: 0.2992  aux_0.acc_seg: 87.6417
2026/07/24 00:03:36 - mmengine - INFO - Iter(train) [138700/160000]  lr: 1.6556e-03  eta: 2:12:41  time: 0.3726  data_time: 0.0462  memory: 8858  loss: 0.9576  decode.loss_ohem: 0.6782  decode.acc_seg: 92.7566  aux_0.loss_ce: 0.2794  aux_0.acc_seg: 91.0230
2026/07/24 00:04:13 - mmengine - INFO - Iter(train) [138800/160000]  lr: 1.6486e-03  eta: 2:12:03  time: 0.3725  data_time: 0.0460  memory: 8858  loss: 0.9882  decode.loss_ohem: 0.6944  decode.acc_seg: 89.5342  aux_0.loss_ce: 0.2938  aux_0.acc_seg: 84.7845
2026/07/24 00:04:50 - mmengine - INFO - Iter(train) [138900/160000]  lr: 1.6417e-03  eta: 2:11:26  time: 0.3721  data_time: 0.0459  memory: 8857  loss: 0.8980  decode.loss_ohem: 0.6430  decode.acc_seg: 95.0606  aux_0.loss_ce: 0.2549  aux_0.acc_seg: 92.9898
2026/07/24 00:05:28 - mmengine - INFO - Exp name: dsanet_cityscapes_512x1024_20260723_093233
2026/07/24 00:05:28 - mmengine - INFO - Iter(train) [139000/160000]  lr: 1.6347e-03  eta: 2:10:49  time: 0.3778  data_time: 0.0461  memory: 8857  loss: 0.9912  decode.loss_ohem: 0.6974  decode.acc_seg: 94.1011  aux_0.loss_ce: 0.2938  aux_0.acc_seg: 91.0911
2026/07/24 00:06:05 - mmengine - INFO - Iter(train) [139100/160000]  lr: 1.6277e-03  eta: 2:10:11  time: 0.3737  data_time: 0.0465  memory: 8857  loss: 0.9593  decode.loss_ohem: 0.6533  decode.acc_seg: 94.6044  aux_0.loss_ce: 0.3060  aux_0.acc_seg: 90.2544
2026/07/24 00:06:42 - mmengine - INFO - Iter(train) [139200/160000]  lr: 1.6208e-03  eta: 2:09:34  time: 0.3740  data_time: 0.0473  memory: 8858  loss: 0.9971  decode.loss_ohem: 0.6931  decode.acc_seg: 95.1066  aux_0.loss_ce: 0.3041  aux_0.acc_seg: 91.8344
2026/07/24 00:07:20 - mmengine - INFO - Iter(train) [139300/160000]  lr: 1.6138e-03  eta: 2:08:57  time: 0.3731  data_time: 0.0462  memory: 8859  loss: 1.0305  decode.loss_ohem: 0.7237  decode.acc_seg: 92.5308  aux_0.loss_ce: 0.3068  aux_0.acc_seg: 84.9038
2026/07/24 00:07:57 - mmengine - INFO - Iter(train) [139400/160000]  lr: 1.6068e-03  eta: 2:08:19  time: 0.3604  data_time: 0.0445  memory: 8857  loss: 1.0243  decode.loss_ohem: 0.7434  decode.acc_seg: 93.2211  aux_0.loss_ce: 0.2808  aux_0.acc_seg: 88.0677
2026/07/24 00:08:34 - mmengine - INFO - Iter(train) [139500/160000]  lr: 1.5998e-03  eta: 2:07:42  time: 0.3730  data_time: 0.0461  memory: 8857  loss: 1.0647  decode.loss_ohem: 0.7704  decode.acc_seg: 91.1599  aux_0.loss_ce: 0.2943  aux_0.acc_seg: 88.8326
2026/07/24 00:09:11 - mmengine - INFO - Iter(train) [139600/160000]  lr: 1.5929e-03  eta: 2:07:04  time: 0.3728  data_time: 0.0463  memory: 8858  loss: 0.9324  decode.loss_ohem: 0.6626  decode.acc_seg: 94.0567  aux_0.loss_ce: 0.2698  aux_0.acc_seg: 88.9575
2026/07/24 00:09:49 - mmengine - INFO - Iter(train) [139700/160000]  lr: 1.5859e-03  eta: 2:06:27  time: 0.3739  data_time: 0.0471  memory: 8857  loss: 1.0143  decode.loss_ohem: 0.7145  decode.acc_seg: 94.6392  aux_0.loss_ce: 0.2998  aux_0.acc_seg: 91.4205
2026/07/24 00:10:26 - mmengine - INFO - Iter(train) [139800/160000]  lr: 1.5789e-03  eta: 2:05:50  time: 0.3725  data_time: 0.0458  memory: 8858  loss: 1.0415  decode.loss_ohem: 0.7433  decode.acc_seg: 91.1935  aux_0.loss_ce: 0.2982  aux_0.acc_seg: 87.1610
2026/07/24 00:11:03 - mmengine - INFO - Iter(train) [139900/160000]  lr: 1.5719e-03  eta: 2:05:12  time: 0.3724  data_time: 0.0462  memory: 8858  loss: 0.9853  decode.loss_ohem: 0.7001  decode.acc_seg: 94.5602  aux_0.loss_ce: 0.2852  aux_0.acc_seg: 89.9699
2026/07/24 00:11:41 - mmengine - INFO - Exp name: dsanet_cityscapes_512x1024_20260723_093233
2026/07/24 00:11:41 - mmengine - INFO - Iter(train) [140000/160000]  lr: 1.5649e-03  eta: 2:04:35  time: 0.3723  data_time: 0.0461  memory: 8857  loss: 1.0169  decode.loss_ohem: 0.7189  decode.acc_seg: 93.6174  aux_0.loss_ce: 0.2980  aux_0.acc_seg: 90.5608
2026/07/24 00:11:41 - mmengine - INFO - Saving checkpoint at 140000 iterations
2026/07/24 00:11:47 - mmengine - INFO - Iter(val) [100/250]    eta: 0:00:08  time: 0.0551  data_time: 0.0195  memory: 728  
2026/07/24 00:11:52 - mmengine - INFO - Iter(val) [200/250]    eta: 0:00:02  time: 0.0550  data_time: 0.0195  memory: 728  
2026/07/24 00:11:55 - mmengine - INFO - per class results:
2026/07/24 00:11:55 - mmengine - INFO - 
+---------------+-------+-------+
|     Class     |  IoU  |  Acc  |
+---------------+-------+-------+
|      road     | 97.43 | 98.27 |
|    sidewalk   | 79.44 | 89.51 |
|    building   | 90.23 | 95.13 |
|      wall     | 47.08 | 53.83 |
|     fence     | 55.66 | 73.21 |
|      pole     | 53.19 | 63.84 |
| traffic light | 55.93 | 66.73 |
|  traffic sign | 68.72 | 77.55 |
|   vegetation  |  90.6 | 96.27 |
|    terrain    | 60.62 | 69.29 |
|      sky      | 93.49 | 96.37 |
|     person    |  73.9 | 90.52 |
|     rider     | 52.21 | 64.47 |
|      car      | 92.55 | 96.96 |
|     truck     | 66.54 | 84.96 |
|      bus      |  74.0 | 80.77 |
|     train     | 62.08 | 76.59 |
|   motorcycle  |  52.3 | 69.61 |
|    bicycle    | 69.67 | 85.91 |
+---------------+-------+-------+
2026/07/24 00:11:55 - mmengine - INFO - Iter(val) [250/250]    aAcc: 94.7200  mIoU: 70.3000  mAcc: 80.5200  data_time: 0.0206  time: 0.0560
2026/07/24 00:11:55 - mmengine - INFO - The previous best checkpoint /root/autodl-tmp/DSANet-main/tools/work_dirs/dsanet_cityscapes_512x1024/best_mIoU_iter_135000.pth is removed
2026/07/24 00:11:56 - mmengine - INFO - The best checkpoint with 70.3000 mIoU at 140000 iter is saved to best_mIoU_iter_140000.pth.
2026/07/24 00:12:34 - mmengine - INFO - Iter(train) [140100/160000]  lr: 1.5579e-03  eta: 2:03:58  time: 0.3731  data_time: 0.0460  memory: 8858  loss: 0.8988  decode.loss_ohem: 0.6319  decode.acc_seg: 93.8921  aux_0.loss_ce: 0.2669  aux_0.acc_seg: 89.5600
2026/07/24 00:13:11 - mmengine - INFO - Iter(train) [140200/160000]  lr: 1.5509e-03  eta: 2:03:20  time: 0.3728  data_time: 0.0463  memory: 8858  loss: 0.9774  decode.loss_ohem: 0.6675  decode.acc_seg: 94.0212  aux_0.loss_ce: 0.3099  aux_0.acc_seg: 90.3348
2026/07/24 00:13:48 - mmengine - INFO - Iter(train) [140300/160000]  lr: 1.5439e-03  eta: 2:02:43  time: 0.3712  data_time: 0.0457  memory: 8857  loss: 0.9617  decode.loss_ohem: 0.6882  decode.acc_seg: 93.2927  aux_0.loss_ce: 0.2735  aux_0.acc_seg: 89.2649
2026/07/24 00:14:26 - mmengine - INFO - Iter(train) [140400/160000]  lr: 1.5369e-03  eta: 2:02:05  time: 0.3747  data_time: 0.0478  memory: 8857  loss: 0.9660  decode.loss_ohem: 0.6724  decode.acc_seg: 92.2108  aux_0.loss_ce: 0.2936  aux_0.acc_seg: 84.2093
2026/07/24 00:15:03 - mmengine - INFO - Iter(train) [140500/160000]  lr: 1.5299e-03  eta: 2:01:28  time: 0.3732  data_time: 0.0470  memory: 8859  loss: 1.0103  decode.loss_ohem: 0.6955  decode.acc_seg: 93.3115  aux_0.loss_ce: 0.3148  aux_0.acc_seg: 88.1388
2026/07/24 00:15:40 - mmengine - INFO - Iter(train) [140600/160000]  lr: 1.5229e-03  eta: 2:00:51  time: 0.3741  data_time: 0.0470  memory: 8857  loss: 1.0067  decode.loss_ohem: 0.7280  decode.acc_seg: 93.1107  aux_0.loss_ce: 0.2787  aux_0.acc_seg: 90.1591
2026/07/24 00:16:18 - mmengine - INFO - Iter(train) [140700/160000]  lr: 1.5158e-03  eta: 2:00:13  time: 0.3732  data_time: 0.0464  memory: 8858  loss: 1.1120  decode.loss_ohem: 0.8011  decode.acc_seg: 92.8477  aux_0.loss_ce: 0.3108  aux_0.acc_seg: 90.0090
2026/07/24 00:16:55 - mmengine - INFO - Iter(train) [140800/160000]  lr: 1.5088e-03  eta: 1:59:36  time: 0.3740  data_time: 0.0464  memory: 8857  loss: 0.9540  decode.loss_ohem: 0.6715  decode.acc_seg: 94.1857  aux_0.loss_ce: 0.2826  aux_0.acc_seg: 90.1013
2026/07/24 00:17:32 - mmengine - INFO - Iter(train) [140900/160000]  lr: 1.5018e-03  eta: 1:58:58  time: 0.3733  data_time: 0.0471  memory: 8859  loss: 0.9844  decode.loss_ohem: 0.6915  decode.acc_seg: 94.9671  aux_0.loss_ce: 0.2928  aux_0.acc_seg: 90.3960
2026/07/24 00:18:10 - mmengine - INFO - Exp name: dsanet_cityscapes_512x1024_20260723_093233
2026/07/24 00:18:10 - mmengine - INFO - Iter(train) [141000/160000]  lr: 1.4948e-03  eta: 1:58:21  time: 0.3707  data_time: 0.0467  memory: 8857  loss: 0.9913  decode.loss_ohem: 0.6824  decode.acc_seg: 91.6736  aux_0.loss_ce: 0.3089  aux_0.acc_seg: 86.2896
2026/07/24 00:18:47 - mmengine - INFO - Iter(train) [141100/160000]  lr: 1.4877e-03  eta: 1:57:44  time: 0.3725  data_time: 0.0462  memory: 8857  loss: 1.0339  decode.loss_ohem: 0.7209  decode.acc_seg: 93.1015  aux_0.loss_ce: 0.3130  aux_0.acc_seg: 87.8830
2026/07/24 00:19:24 - mmengine - INFO - Iter(train) [141200/160000]  lr: 1.4807e-03  eta: 1:57:06  time: 0.3738  data_time: 0.0472  memory: 8858  loss: 0.9960  decode.loss_ohem: 0.6906  decode.acc_seg: 92.1148  aux_0.loss_ce: 0.3055  aux_0.acc_seg: 87.5949
2026/07/24 00:20:02 - mmengine - INFO - Iter(train) [141300/160000]  lr: 1.4736e-03  eta: 1:56:29  time: 0.3743  data_time: 0.0472  memory: 8858  loss: 0.9805  decode.loss_ohem: 0.6970  decode.acc_seg: 95.1580  aux_0.loss_ce: 0.2835  aux_0.acc_seg: 91.9455
2026/07/24 00:20:39 - mmengine - INFO - Iter(train) [141400/160000]  lr: 1.4666e-03  eta: 1:55:52  time: 0.3742  data_time: 0.0471  memory: 8857  loss: 0.9699  decode.loss_ohem: 0.7013  decode.acc_seg: 93.0245  aux_0.loss_ce: 0.2686  aux_0.acc_seg: 91.1415
2026/07/24 00:21:17 - mmengine - INFO - Iter(train) [141500/160000]  lr: 1.4595e-03  eta: 1:55:14  time: 0.3741  data_time: 0.0466  memory: 8857  loss: 1.0244  decode.loss_ohem: 0.7328  decode.acc_seg: 91.9819  aux_0.loss_ce: 0.2916  aux_0.acc_seg: 87.5585
2026/07/24 00:21:54 - mmengine - INFO - Iter(train) [141600/160000]  lr: 1.4525e-03  eta: 1:54:37  time: 0.3746  data_time: 0.0477  memory: 8859  loss: 0.9853  decode.loss_ohem: 0.6905  decode.acc_seg: 91.5756  aux_0.loss_ce: 0.2948  aux_0.acc_seg: 87.8300
2026/07/24 00:22:31 - mmengine - INFO - Iter(train) [141700/160000]  lr: 1.4454e-03  eta: 1:53:59  time: 0.3723  data_time: 0.0460  memory: 8858  loss: 1.0279  decode.loss_ohem: 0.7353  decode.acc_seg: 94.2080  aux_0.loss_ce: 0.2926  aux_0.acc_seg: 90.0018
2026/07/24 00:23:09 - mmengine - INFO - Iter(train) [141800/160000]  lr: 1.4384e-03  eta: 1:53:22  time: 0.3733  data_time: 0.0464  memory: 8858  loss: 0.9924  decode.loss_ohem: 0.6874  decode.acc_seg: 93.5027  aux_0.loss_ce: 0.3050  aux_0.acc_seg: 88.4573
2026/07/24 00:23:46 - mmengine - INFO - Iter(train) [141900/160000]  lr: 1.4313e-03  eta: 1:52:45  time: 0.3736  data_time: 0.0462  memory: 8857  loss: 0.9449  decode.loss_ohem: 0.6603  decode.acc_seg: 92.4063  aux_0.loss_ce: 0.2847  aux_0.acc_seg: 87.2521
2026/07/24 00:24:23 - mmengine - INFO - Exp name: dsanet_cityscapes_512x1024_20260723_093233
2026/07/24 00:24:23 - mmengine - INFO - Iter(train) [142000/160000]  lr: 1.4242e-03  eta: 1:52:07  time: 0.3747  data_time: 0.0468  memory: 8859  loss: 0.9402  decode.loss_ohem: 0.6562  decode.acc_seg: 94.3522  aux_0.loss_ce: 0.2840  aux_0.acc_seg: 85.3792
2026/07/24 00:25:01 - mmengine - INFO - Iter(train) [142100/160000]  lr: 1.4172e-03  eta: 1:51:30  time: 0.3750  data_time: 0.0474  memory: 8859  loss: 0.9596  decode.loss_ohem: 0.6741  decode.acc_seg: 92.9068  aux_0.loss_ce: 0.2855  aux_0.acc_seg: 89.7083
2026/07/24 00:25:38 - mmengine - INFO - Iter(train) [142200/160000]  lr: 1.4101e-03  eta: 1:50:53  time: 0.3733  data_time: 0.0464  memory: 8857  loss: 1.0617  decode.loss_ohem: 0.7293  decode.acc_seg: 93.5711  aux_0.loss_ce: 0.3324  aux_0.acc_seg: 85.3891
2026/07/24 00:26:15 - mmengine - INFO - Iter(train) [142300/160000]  lr: 1.4030e-03  eta: 1:50:15  time: 0.3723  data_time: 0.0459  memory: 8857  loss: 1.0106  decode.loss_ohem: 0.7130  decode.acc_seg: 94.2481  aux_0.loss_ce: 0.2976  aux_0.acc_seg: 90.8183
2026/07/24 00:26:53 - mmengine - INFO - Iter(train) [142400/160000]  lr: 1.3959e-03  eta: 1:49:38  time: 0.3731  data_time: 0.0465  memory: 8859  loss: 1.0389  decode.loss_ohem: 0.7414  decode.acc_seg: 94.5553  aux_0.loss_ce: 0.2974  aux_0.acc_seg: 93.0880
2026/07/24 00:27:30 - mmengine - INFO - Iter(train) [142500/160000]  lr: 1.3888e-03  eta: 1:49:00  time: 0.3724  data_time: 0.0456  memory: 8860  loss: 1.0340  decode.loss_ohem: 0.7005  decode.acc_seg: 93.1591  aux_0.loss_ce: 0.3335  aux_0.acc_seg: 89.1062
2026/07/24 00:28:07 - mmengine - INFO - Iter(train) [142600/160000]  lr: 1.3817e-03  eta: 1:48:23  time: 0.3703  data_time: 0.0443  memory: 8858  loss: 0.9450  decode.loss_ohem: 0.6675  decode.acc_seg: 94.8249  aux_0.loss_ce: 0.2775  aux_0.acc_seg: 92.9919
2026/07/24 00:28:44 - mmengine - INFO - Iter(train) [142700/160000]  lr: 1.3746e-03  eta: 1:47:46  time: 0.3731  data_time: 0.0471  memory: 8858  loss: 0.9881  decode.loss_ohem: 0.6813  decode.acc_seg: 93.0172  aux_0.loss_ce: 0.3069  aux_0.acc_seg: 88.1292
2026/07/24 00:29:22 - mmengine - INFO - Iter(train) [142800/160000]  lr: 1.3675e-03  eta: 1:47:08  time: 0.3719  data_time: 0.0461  memory: 8859  loss: 0.9949  decode.loss_ohem: 0.7175  decode.acc_seg: 94.0732  aux_0.loss_ce: 0.2774  aux_0.acc_seg: 89.3945
2026/07/24 00:29:59 - mmengine - INFO - Iter(train) [142900/160000]  lr: 1.3604e-03  eta: 1:46:31  time: 0.3715  data_time: 0.0452  memory: 8858  loss: 0.9780  decode.loss_ohem: 0.7047  decode.acc_seg: 92.4080  aux_0.loss_ce: 0.2733  aux_0.acc_seg: 86.2063
2026/07/24 00:30:36 - mmengine - INFO - Exp name: dsanet_cityscapes_512x1024_20260723_093233
2026/07/24 00:30:36 - mmengine - INFO - Iter(train) [143000/160000]  lr: 1.3533e-03  eta: 1:45:53  time: 0.3724  data_time: 0.0465  memory: 8858  loss: 0.9602  decode.loss_ohem: 0.6926  decode.acc_seg: 94.4794  aux_0.loss_ce: 0.2676  aux_0.acc_seg: 91.7541
2026/07/24 00:31:13 - mmengine - INFO - Iter(train) [143100/160000]  lr: 1.3462e-03  eta: 1:45:16  time: 0.3724  data_time: 0.0464  memory: 8857  loss: 0.9731  decode.loss_ohem: 0.6655  decode.acc_seg: 93.3819  aux_0.loss_ce: 0.3075  aux_0.acc_seg: 90.1218
2026/07/24 00:31:51 - mmengine - INFO - Iter(train) [143200/160000]  lr: 1.3391e-03  eta: 1:44:39  time: 0.3725  data_time: 0.0461  memory: 8858  loss: 0.9781  decode.loss_ohem: 0.6910  decode.acc_seg: 93.5249  aux_0.loss_ce: 0.2871  aux_0.acc_seg: 90.9532
2026/07/24 00:32:28 - mmengine - INFO - Iter(train) [143300/160000]  lr: 1.3320e-03  eta: 1:44:01  time: 0.3729  data_time: 0.0466  memory: 8858  loss: 1.0307  decode.loss_ohem: 0.7366  decode.acc_seg: 93.2522  aux_0.loss_ce: 0.2941  aux_0.acc_seg: 88.3740
2026/07/24 00:33:05 - mmengine - INFO - Iter(train) [143400/160000]  lr: 1.3248e-03  eta: 1:43:24  time: 0.3738  data_time: 0.0470  memory: 8858  loss: 0.9345  decode.loss_ohem: 0.6608  decode.acc_seg: 94.6347  aux_0.loss_ce: 0.2737  aux_0.acc_seg: 90.9292
2026/07/24 00:33:42 - mmengine - INFO - Iter(train) [143500/160000]  lr: 1.3177e-03  eta: 1:42:46  time: 0.3724  data_time: 0.0464  memory: 8858  loss: 0.9798  decode.loss_ohem: 0.6701  decode.acc_seg: 91.6843  aux_0.loss_ce: 0.3097  aux_0.acc_seg: 87.1934
2026/07/24 00:34:19 - mmengine - INFO - Iter(train) [143600/160000]  lr: 1.3106e-03  eta: 1:42:09  time: 0.3709  data_time: 0.0455  memory: 8859  loss: 0.9540  decode.loss_ohem: 0.6779  decode.acc_seg: 94.6316  aux_0.loss_ce: 0.2761  aux_0.acc_seg: 92.2618
2026/07/24 00:34:57 - mmengine - INFO - Iter(train) [143700/160000]  lr: 1.3034e-03  eta: 1:41:32  time: 0.3715  data_time: 0.0457  memory: 8859  loss: 0.9668  decode.loss_ohem: 0.6890  decode.acc_seg: 93.0820  aux_0.loss_ce: 0.2777  aux_0.acc_seg: 86.5929
2026/07/24 00:35:34 - mmengine - INFO - Iter(train) [143800/160000]  lr: 1.2963e-03  eta: 1:40:54  time: 0.3725  data_time: 0.0462  memory: 8858  loss: 0.9743  decode.loss_ohem: 0.6884  decode.acc_seg: 94.6610  aux_0.loss_ce: 0.2858  aux_0.acc_seg: 92.3899
2026/07/24 00:36:11 - mmengine - INFO - Iter(train) [143900/160000]  lr: 1.2891e-03  eta: 1:40:17  time: 0.3723  data_time: 0.0461  memory: 8857  loss: 0.9628  decode.loss_ohem: 0.6838  decode.acc_seg: 92.7636  aux_0.loss_ce: 0.2790  aux_0.acc_seg: 90.5330
2026/07/24 00:36:48 - mmengine - INFO - Exp name: dsanet_cityscapes_512x1024_20260723_093233
2026/07/24 00:36:48 - mmengine - INFO - Iter(train) [144000/160000]  lr: 1.2820e-03  eta: 1:39:39  time: 0.3714  data_time: 0.0459  memory: 8857  loss: 1.0484  decode.loss_ohem: 0.7313  decode.acc_seg: 93.1802  aux_0.loss_ce: 0.3171  aux_0.acc_seg: 85.8107
2026/07/24 00:37:26 - mmengine - INFO - Iter(train) [144100/160000]  lr: 1.2748e-03  eta: 1:39:02  time: 0.3706  data_time: 0.0455  memory: 8858  loss: 0.9708  decode.loss_ohem: 0.6997  decode.acc_seg: 94.1004  aux_0.loss_ce: 0.2710  aux_0.acc_seg: 90.5044
2026/07/24 00:38:03 - mmengine - INFO - Iter(train) [144200/160000]  lr: 1.2677e-03  eta: 1:38:25  time: 0.3711  data_time: 0.0462  memory: 8857  loss: 0.9633  decode.loss_ohem: 0.6885  decode.acc_seg: 94.5777  aux_0.loss_ce: 0.2748  aux_0.acc_seg: 91.7370
2026/07/24 00:38:40 - mmengine - INFO - Iter(train) [144300/160000]  lr: 1.2605e-03  eta: 1:37:47  time: 0.3725  data_time: 0.0460  memory: 8857  loss: 1.0296  decode.loss_ohem: 0.7096  decode.acc_seg: 94.2760  aux_0.loss_ce: 0.3200  aux_0.acc_seg: 89.6812
2026/07/24 00:39:17 - mmengine - INFO - Iter(train) [144400/160000]  lr: 1.2533e-03  eta: 1:37:10  time: 0.3721  data_time: 0.0462  memory: 8858  loss: 1.0120  decode.loss_ohem: 0.7308  decode.acc_seg: 94.9585  aux_0.loss_ce: 0.2812  aux_0.acc_seg: 91.1326
2026/07/24 00:39:55 - mmengine - INFO - Iter(train) [144500/160000]  lr: 1.2462e-03  eta: 1:36:32  time: 0.3730  data_time: 0.0465  memory: 8857  loss: 1.0198  decode.loss_ohem: 0.7316  decode.acc_seg: 93.7230  aux_0.loss_ce: 0.2882  aux_0.acc_seg: 92.2017
2026/07/24 00:40:32 - mmengine - INFO - Iter(train) [144600/160000]  lr: 1.2390e-03  eta: 1:35:55  time: 0.3714  data_time: 0.0458  memory: 8859  loss: 1.0440  decode.loss_ohem: 0.7519  decode.acc_seg: 92.1951  aux_0.loss_ce: 0.2921  aux_0.acc_seg: 87.2937
2026/07/24 00:41:09 - mmengine - INFO - Iter(train) [144700/160000]  lr: 1.2318e-03  eta: 1:35:18  time: 0.3726  data_time: 0.0465  memory: 8858  loss: 0.9660  decode.loss_ohem: 0.7061  decode.acc_seg: 92.7519  aux_0.loss_ce: 0.2599  aux_0.acc_seg: 90.4818
2026/07/24 00:41:46 - mmengine - INFO - Iter(train) [144800/160000]  lr: 1.2246e-03  eta: 1:34:40  time: 0.3717  data_time: 0.0458  memory: 8858  loss: 1.0256  decode.loss_ohem: 0.7148  decode.acc_seg: 93.5296  aux_0.loss_ce: 0.3109  aux_0.acc_seg: 91.2961
2026/07/24 00:42:24 - mmengine - INFO - Iter(train) [144900/160000]  lr: 1.2174e-03  eta: 1:34:03  time: 0.3722  data_time: 0.0459  memory: 8858  loss: 0.8936  decode.loss_ohem: 0.6313  decode.acc_seg: 95.3637  aux_0.loss_ce: 0.2624  aux_0.acc_seg: 91.4267
2026/07/24 00:43:01 - mmengine - INFO - Exp name: dsanet_cityscapes_512x1024_20260723_093233
2026/07/24 00:43:01 - mmengine - INFO - Iter(train) [145000/160000]  lr: 1.2102e-03  eta: 1:33:25  time: 0.3756  data_time: 0.0480  memory: 8858  loss: 0.9743  decode.loss_ohem: 0.6949  decode.acc_seg: 91.9669  aux_0.loss_ce: 0.2793  aux_0.acc_seg: 90.3347
2026/07/24 00:43:01 - mmengine - INFO - Saving checkpoint at 145000 iterations
2026/07/24 00:43:07 - mmengine - INFO - Iter(val) [100/250]    eta: 0:00:08  time: 0.0554  data_time: 0.0199  memory: 728  
2026/07/24 00:43:13 - mmengine - INFO - Iter(val) [200/250]    eta: 0:00:02  time: 0.0552  data_time: 0.0196  memory: 728  
2026/07/24 00:43:15 - mmengine - INFO - per class results:
2026/07/24 00:43:15 - mmengine - INFO - 
+---------------+-------+-------+
|     Class     |  IoU  |  Acc  |
+---------------+-------+-------+
|      road     | 97.58 | 98.32 |
|    sidewalk   | 80.96 | 90.72 |
|    building   | 90.72 | 95.52 |
|      wall     | 52.28 | 58.38 |
|     fence     | 55.95 | 73.38 |
|      pole     | 54.72 | 66.38 |
| traffic light | 57.17 | 68.91 |
|  traffic sign | 69.99 | 79.12 |
|   vegetation  | 91.02 | 96.23 |
|    terrain    | 60.41 | 66.65 |
|      sky      | 93.65 | 96.88 |
|     person    | 74.41 | 89.86 |
|     rider     | 51.89 | 65.01 |
|      car      | 92.29 | 97.68 |
|     truck     | 57.81 | 64.56 |
|      bus      | 77.41 | 85.16 |
|     train     | 64.64 | 84.44 |
|   motorcycle  | 46.96 | 59.55 |
|    bicycle    |  69.9 | 84.43 |
+---------------+-------+-------+
2026/07/24 00:43:15 - mmengine - INFO - Iter(val) [250/250]    aAcc: 94.9500  mIoU: 70.5100  mAcc: 80.0600  data_time: 0.0210  time: 0.0566
2026/07/24 00:43:16 - mmengine - INFO - The previous best checkpoint /root/autodl-tmp/DSANet-main/tools/work_dirs/dsanet_cityscapes_512x1024/best_mIoU_iter_140000.pth is removed
2026/07/24 00:43:16 - mmengine - INFO - The best checkpoint with 70.5100 mIoU at 145000 iter is saved to best_mIoU_iter_145000.pth.
2026/07/24 00:43:54 - mmengine - INFO - Iter(train) [145100/160000]  lr: 1.2030e-03  eta: 1:32:48  time: 0.3730  data_time: 0.0461  memory: 8858  loss: 1.0124  decode.loss_ohem: 0.7406  decode.acc_seg: 93.4277  aux_0.loss_ce: 0.2718  aux_0.acc_seg: 91.5380
2026/07/24 00:44:31 - mmengine - INFO - Iter(train) [145200/160000]  lr: 1.1958e-03  eta: 1:32:11  time: 0.3729  data_time: 0.0463  memory: 8858  loss: 1.0338  decode.loss_ohem: 0.7152  decode.acc_seg: 93.0791  aux_0.loss_ce: 0.3186  aux_0.acc_seg: 89.8954
2026/07/24 00:45:09 - mmengine - INFO - Iter(train) [145300/160000]  lr: 1.1886e-03  eta: 1:31:33  time: 0.3730  data_time: 0.0462  memory: 8857  loss: 1.0161  decode.loss_ohem: 0.7180  decode.acc_seg: 93.1840  aux_0.loss_ce: 0.2981  aux_0.acc_seg: 84.1558
2026/07/24 00:45:46 - mmengine - INFO - Iter(train) [145400/160000]  lr: 1.1814e-03  eta: 1:30:56  time: 0.3718  data_time: 0.0457  memory: 8857  loss: 0.9134  decode.loss_ohem: 0.6481  decode.acc_seg: 95.6769  aux_0.loss_ce: 0.2653  aux_0.acc_seg: 91.9862
2026/07/24 00:46:23 - mmengine - INFO - Iter(train) [145500/160000]  lr: 1.1741e-03  eta: 1:30:19  time: 0.3718  data_time: 0.0458  memory: 8857  loss: 1.0070  decode.loss_ohem: 0.7079  decode.acc_seg: 93.6410  aux_0.loss_ce: 0.2991  aux_0.acc_seg: 88.3890
2026/07/24 00:47:00 - mmengine - INFO - Iter(train) [145600/160000]  lr: 1.1669e-03  eta: 1:29:41  time: 0.3719  data_time: 0.0456  memory: 8858  loss: 1.0171  decode.loss_ohem: 0.7092  decode.acc_seg: 93.7885  aux_0.loss_ce: 0.3079  aux_0.acc_seg: 90.2612
2026/07/24 00:47:38 - mmengine - INFO - Iter(train) [145700/160000]  lr: 1.1597e-03  eta: 1:29:04  time: 0.3726  data_time: 0.0466  memory: 8857  loss: 0.9349  decode.loss_ohem: 0.6742  decode.acc_seg: 94.3479  aux_0.loss_ce: 0.2607  aux_0.acc_seg: 89.8441
2026/07/24 00:48:15 - mmengine - INFO - Iter(train) [145800/160000]  lr: 1.1524e-03  eta: 1:28:27  time: 0.3718  data_time: 0.0460  memory: 8857  loss: 0.9273  decode.loss_ohem: 0.6538  decode.acc_seg: 94.3631  aux_0.loss_ce: 0.2735  aux_0.acc_seg: 88.7185
2026/07/24 00:48:52 - mmengine - INFO - Iter(train) [145900/160000]  lr: 1.1452e-03  eta: 1:27:49  time: 0.3729  data_time: 0.0465  memory: 8859  loss: 1.0259  decode.loss_ohem: 0.7282  decode.acc_seg: 91.8687  aux_0.loss_ce: 0.2978  aux_0.acc_seg: 88.4492
2026/07/24 00:49:29 - mmengine - INFO - Exp name: dsanet_cityscapes_512x1024_20260723_093233
2026/07/24 00:49:29 - mmengine - INFO - Iter(train) [146000/160000]  lr: 1.1380e-03  eta: 1:27:12  time: 0.3720  data_time: 0.0464  memory: 8858  loss: 0.9796  decode.loss_ohem: 0.7058  decode.acc_seg: 93.9328  aux_0.loss_ce: 0.2738  aux_0.acc_seg: 90.5817
2026/07/24 00:50:07 - mmengine - INFO - Iter(train) [146100/160000]  lr: 1.1307e-03  eta: 1:26:34  time: 0.3714  data_time: 0.0458  memory: 8858  loss: 0.9672  decode.loss_ohem: 0.6911  decode.acc_seg: 93.9922  aux_0.loss_ce: 0.2761  aux_0.acc_seg: 89.4528
2026/07/24 00:50:44 - mmengine - INFO - Iter(train) [146200/160000]  lr: 1.1234e-03  eta: 1:25:57  time: 0.3723  data_time: 0.0456  memory: 8859  loss: 0.9992  decode.loss_ohem: 0.6957  decode.acc_seg: 93.7376  aux_0.loss_ce: 0.3035  aux_0.acc_seg: 89.9569
2026/07/24 00:51:21 - mmengine - INFO - Iter(train) [146300/160000]  lr: 1.1162e-03  eta: 1:25:20  time: 0.3802  data_time: 0.0473  memory: 8858  loss: 0.9297  decode.loss_ohem: 0.6696  decode.acc_seg: 94.3295  aux_0.loss_ce: 0.2601  aux_0.acc_seg: 90.7226
2026/07/24 00:51:59 - mmengine - INFO - Iter(train) [146400/160000]  lr: 1.1089e-03  eta: 1:24:42  time: 0.3723  data_time: 0.0463  memory: 8858  loss: 0.9563  decode.loss_ohem: 0.6646  decode.acc_seg: 94.6962  aux_0.loss_ce: 0.2917  aux_0.acc_seg: 88.6764
2026/07/24 00:52:36 - mmengine - INFO - Iter(train) [146500/160000]  lr: 1.1016e-03  eta: 1:24:05  time: 0.3696  data_time: 0.0454  memory: 8857  loss: 0.9848  decode.loss_ohem: 0.6893  decode.acc_seg: 93.3931  aux_0.loss_ce: 0.2955  aux_0.acc_seg: 86.1989
2026/07/24 00:53:13 - mmengine - INFO - Iter(train) [146600/160000]  lr: 1.0944e-03  eta: 1:23:27  time: 0.3736  data_time: 0.0467  memory: 8857  loss: 1.0000  decode.loss_ohem: 0.7332  decode.acc_seg: 93.2006  aux_0.loss_ce: 0.2668  aux_0.acc_seg: 90.3077
2026/07/24 00:53:51 - mmengine - INFO - Iter(train) [146700/160000]  lr: 1.0871e-03  eta: 1:22:50  time: 0.3729  data_time: 0.0466  memory: 8858  loss: 0.9990  decode.loss_ohem: 0.7232  decode.acc_seg: 93.9008  aux_0.loss_ce: 0.2758  aux_0.acc_seg: 88.8244
2026/07/24 00:54:28 - mmengine - INFO - Iter(train) [146800/160000]  lr: 1.0798e-03  eta: 1:22:13  time: 0.3717  data_time: 0.0462  memory: 8858  loss: 1.0032  decode.loss_ohem: 0.6912  decode.acc_seg: 88.6311  aux_0.loss_ce: 0.3120  aux_0.acc_seg: 86.0067
2026/07/24 00:55:05 - mmengine - INFO - Iter(train) [146900/160000]  lr: 1.0725e-03  eta: 1:21:35  time: 0.3725  data_time: 0.0469  memory: 8858  loss: 0.9839  decode.loss_ohem: 0.6977  decode.acc_seg: 93.9077  aux_0.loss_ce: 0.2862  aux_0.acc_seg: 89.9617
2026/07/24 00:55:42 - mmengine - INFO - Exp name: dsanet_cityscapes_512x1024_20260723_093233
2026/07/24 00:55:42 - mmengine - INFO - Iter(train) [147000/160000]  lr: 1.0652e-03  eta: 1:20:58  time: 0.3785  data_time: 0.0458  memory: 8858  loss: 0.9753  decode.loss_ohem: 0.6981  decode.acc_seg: 93.7196  aux_0.loss_ce: 0.2772  aux_0.acc_seg: 89.2299
2026/07/24 00:56:20 - mmengine - INFO - Iter(train) [147100/160000]  lr: 1.0579e-03  eta: 1:20:21  time: 0.3733  data_time: 0.0455  memory: 8857  loss: 0.9281  decode.loss_ohem: 0.6770  decode.acc_seg: 94.7883  aux_0.loss_ce: 0.2512  aux_0.acc_seg: 91.3350
2026/07/24 00:56:57 - mmengine - INFO - Iter(train) [147200/160000]  lr: 1.0506e-03  eta: 1:19:43  time: 0.3716  data_time: 0.0454  memory: 8858  loss: 0.9310  decode.loss_ohem: 0.6755  decode.acc_seg: 94.2487  aux_0.loss_ce: 0.2555  aux_0.acc_seg: 90.4292
2026/07/24 00:57:34 - mmengine - INFO - Iter(train) [147300/160000]  lr: 1.0432e-03  eta: 1:19:06  time: 0.3723  data_time: 0.0468  memory: 8858  loss: 0.9594  decode.loss_ohem: 0.6836  decode.acc_seg: 92.9695  aux_0.loss_ce: 0.2758  aux_0.acc_seg: 87.4131
2026/07/24 00:58:12 - mmengine - INFO - Iter(train) [147400/160000]  lr: 1.0359e-03  eta: 1:18:28  time: 0.3712  data_time: 0.0454  memory: 8858  loss: 1.0463  decode.loss_ohem: 0.7508  decode.acc_seg: 92.8846  aux_0.loss_ce: 0.2954  aux_0.acc_seg: 90.4120
2026/07/24 00:58:49 - mmengine - INFO - Iter(train) [147500/160000]  lr: 1.0286e-03  eta: 1:17:51  time: 0.3747  data_time: 0.0469  memory: 8857  loss: 0.9852  decode.loss_ohem: 0.7152  decode.acc_seg: 95.3422  aux_0.loss_ce: 0.2700  aux_0.acc_seg: 92.1965
2026/07/24 00:59:26 - mmengine - INFO - Iter(train) [147600/160000]  lr: 1.0212e-03  eta: 1:17:14  time: 0.3721  data_time: 0.0456  memory: 8858  loss: 1.0055  decode.loss_ohem: 0.7096  decode.acc_seg: 93.3150  aux_0.loss_ce: 0.2959  aux_0.acc_seg: 89.2850
2026/07/24 01:00:03 - mmengine - INFO - Iter(train) [147700/160000]  lr: 1.0139e-03  eta: 1:16:36  time: 0.3728  data_time: 0.0463  memory: 8857  loss: 0.9158  decode.loss_ohem: 0.6508  decode.acc_seg: 93.5349  aux_0.loss_ce: 0.2650  aux_0.acc_seg: 89.8259
2026/07/24 01:00:41 - mmengine - INFO - Iter(train) [147800/160000]  lr: 1.0066e-03  eta: 1:15:59  time: 0.3776  data_time: 0.0476  memory: 8857  loss: 0.9527  decode.loss_ohem: 0.6868  decode.acc_seg: 93.8952  aux_0.loss_ce: 0.2658  aux_0.acc_seg: 92.6716
2026/07/24 01:01:18 - mmengine - INFO - Iter(train) [147900/160000]  lr: 9.9920e-04  eta: 1:15:22  time: 0.3690  data_time: 0.0450  memory: 8858  loss: 0.9951  decode.loss_ohem: 0.6965  decode.acc_seg: 94.3609  aux_0.loss_ce: 0.2986  aux_0.acc_seg: 91.9566
2026/07/24 01:01:55 - mmengine - INFO - Exp name: dsanet_cityscapes_512x1024_20260723_093233
2026/07/24 01:01:55 - mmengine - INFO - Iter(train) [148000/160000]  lr: 9.9184e-04  eta: 1:14:44  time: 0.3724  data_time: 0.0453  memory: 8857  loss: 1.0361  decode.loss_ohem: 0.7572  decode.acc_seg: 90.6454  aux_0.loss_ce: 0.2789  aux_0.acc_seg: 86.6561
2026/07/24 01:02:32 - mmengine - INFO - Iter(train) [148100/160000]  lr: 9.8447e-04  eta: 1:14:07  time: 0.3723  data_time: 0.0457  memory: 8857  loss: 1.0029  decode.loss_ohem: 0.6900  decode.acc_seg: 91.1838  aux_0.loss_ce: 0.3129  aux_0.acc_seg: 85.5980
2026/07/24 01:03:10 - mmengine - INFO - Iter(train) [148200/160000]  lr: 9.7710e-04  eta: 1:13:29  time: 0.3729  data_time: 0.0468  memory: 8858  loss: 0.9757  decode.loss_ohem: 0.6950  decode.acc_seg: 94.3451  aux_0.loss_ce: 0.2808  aux_0.acc_seg: 90.7331
2026/07/24 01:03:47 - mmengine - INFO - Iter(train) [148300/160000]  lr: 9.6972e-04  eta: 1:12:52  time: 0.3723  data_time: 0.0461  memory: 8856  loss: 0.9213  decode.loss_ohem: 0.6539  decode.acc_seg: 92.3965  aux_0.loss_ce: 0.2673  aux_0.acc_seg: 87.5096
2026/07/24 01:04:24 - mmengine - INFO - Iter(train) [148400/160000]  lr: 9.6233e-04  eta: 1:12:15  time: 0.3723  data_time: 0.0463  memory: 8858  loss: 1.0073  decode.loss_ohem: 0.7389  decode.acc_seg: 94.6370  aux_0.loss_ce: 0.2685  aux_0.acc_seg: 90.3718
2026/07/24 01:05:02 - mmengine - INFO - Iter(train) [148500/160000]  lr: 9.5494e-04  eta: 1:11:37  time: 0.3744  data_time: 0.0458  memory: 8856  loss: 0.9434  decode.loss_ohem: 0.6727  decode.acc_seg: 93.0292  aux_0.loss_ce: 0.2707  aux_0.acc_seg: 88.4423
2026/07/24 01:05:39 - mmengine - INFO - Iter(train) [148600/160000]  lr: 9.4754e-04  eta: 1:11:00  time: 0.3732  data_time: 0.0459  memory: 8856  loss: 0.9447  decode.loss_ohem: 0.6741  decode.acc_seg: 92.9107  aux_0.loss_ce: 0.2706  aux_0.acc_seg: 86.8989
2026/07/24 01:06:16 - mmengine - INFO - Iter(train) [148700/160000]  lr: 9.4014e-04  eta: 1:10:22  time: 0.3718  data_time: 0.0461  memory: 8857  loss: 1.0220  decode.loss_ohem: 0.7162  decode.acc_seg: 92.8242  aux_0.loss_ce: 0.3058  aux_0.acc_seg: 89.7309
2026/07/24 01:06:53 - mmengine - INFO - Iter(train) [148800/160000]  lr: 9.3273e-04  eta: 1:09:45  time: 0.3720  data_time: 0.0457  memory: 8858  loss: 0.9276  decode.loss_ohem: 0.6735  decode.acc_seg: 92.6711  aux_0.loss_ce: 0.2541  aux_0.acc_seg: 87.7407
2026/07/24 01:07:31 - mmengine - INFO - Iter(train) [148900/160000]  lr: 9.2531e-04  eta: 1:09:08  time: 0.3729  data_time: 0.0464  memory: 8859  loss: 0.9213  decode.loss_ohem: 0.6614  decode.acc_seg: 93.5574  aux_0.loss_ce: 0.2599  aux_0.acc_seg: 87.9420
2026/07/24 01:08:08 - mmengine - INFO - Exp name: dsanet_cityscapes_512x1024_20260723_093233
2026/07/24 01:08:08 - mmengine - INFO - Iter(train) [149000/160000]  lr: 9.1788e-04  eta: 1:08:30  time: 0.3736  data_time: 0.0468  memory: 8857  loss: 1.0182  decode.loss_ohem: 0.7156  decode.acc_seg: 93.1442  aux_0.loss_ce: 0.3026  aux_0.acc_seg: 90.4341
2026/07/24 01:08:45 - mmengine - INFO - Iter(train) [149100/160000]  lr: 9.1045e-04  eta: 1:07:53  time: 0.3719  data_time: 0.0457  memory: 8857  loss: 1.0017  decode.loss_ohem: 0.7137  decode.acc_seg: 91.7328  aux_0.loss_ce: 0.2880  aux_0.acc_seg: 86.6574
2026/07/24 01:09:23 - mmengine - INFO - Iter(train) [149200/160000]  lr: 9.0301e-04  eta: 1:07:16  time: 0.3720  data_time: 0.0455  memory: 8858  loss: 0.9617  decode.loss_ohem: 0.6488  decode.acc_seg: 92.0588  aux_0.loss_ce: 0.3129  aux_0.acc_seg: 83.0440
2026/07/24 01:10:00 - mmengine - INFO - Iter(train) [149300/160000]  lr: 8.9557e-04  eta: 1:06:38  time: 0.3720  data_time: 0.0458  memory: 8857  loss: 0.9861  decode.loss_ohem: 0.6964  decode.acc_seg: 92.2845  aux_0.loss_ce: 0.2897  aux_0.acc_seg: 86.1050
2026/07/24 01:10:37 - mmengine - INFO - Iter(train) [149400/160000]  lr: 8.8812e-04  eta: 1:06:01  time: 0.3720  data_time: 0.0457  memory: 8857  loss: 0.9663  decode.loss_ohem: 0.6847  decode.acc_seg: 92.9348  aux_0.loss_ce: 0.2816  aux_0.acc_seg: 86.4281
2026/07/24 01:11:14 - mmengine - INFO - Iter(train) [149500/160000]  lr: 8.8066e-04  eta: 1:05:23  time: 0.3724  data_time: 0.0460  memory: 8857  loss: 0.9902  decode.loss_ohem: 0.7062  decode.acc_seg: 92.7618  aux_0.loss_ce: 0.2840  aux_0.acc_seg: 88.5263
2026/07/24 01:11:51 - mmengine - INFO - Iter(train) [149600/160000]  lr: 8.7319e-04  eta: 1:04:46  time: 0.3727  data_time: 0.0457  memory: 8857  loss: 0.9690  decode.loss_ohem: 0.6949  decode.acc_seg: 93.3128  aux_0.loss_ce: 0.2740  aux_0.acc_seg: 88.4866
2026/07/24 01:12:29 - mmengine - INFO - Iter(train) [149700/160000]  lr: 8.6572e-04  eta: 1:04:09  time: 0.3723  data_time: 0.0453  memory: 8857  loss: 0.9898  decode.loss_ohem: 0.7093  decode.acc_seg: 94.2372  aux_0.loss_ce: 0.2805  aux_0.acc_seg: 90.4789
2026/07/24 01:13:06 - mmengine - INFO - Iter(train) [149800/160000]  lr: 8.5824e-04  eta: 1:03:31  time: 0.3734  data_time: 0.0464  memory: 8857  loss: 0.9887  decode.loss_ohem: 0.6871  decode.acc_seg: 93.6796  aux_0.loss_ce: 0.3016  aux_0.acc_seg: 88.6630
2026/07/24 01:13:43 - mmengine - INFO - Iter(train) [149900/160000]  lr: 8.5075e-04  eta: 1:02:54  time: 0.3723  data_time: 0.0454  memory: 8858  loss: 0.9631  decode.loss_ohem: 0.6861  decode.acc_seg: 94.4683  aux_0.loss_ce: 0.2771  aux_0.acc_seg: 92.0920
2026/07/24 01:14:21 - mmengine - INFO - Exp name: dsanet_cityscapes_512x1024_20260723_093233
2026/07/24 01:14:21 - mmengine - INFO - Iter(train) [150000/160000]  lr: 8.4325e-04  eta: 1:02:17  time: 0.3731  data_time: 0.0462  memory: 8857  loss: 0.9278  decode.loss_ohem: 0.6595  decode.acc_seg: 93.7964  aux_0.loss_ce: 0.2683  aux_0.acc_seg: 89.3083
2026/07/24 01:14:21 - mmengine - INFO - Saving checkpoint at 150000 iterations
2026/07/24 01:14:27 - mmengine - INFO - Iter(val) [100/250]    eta: 0:00:08  time: 0.0545  data_time: 0.0193  memory: 728  
2026/07/24 01:14:32 - mmengine - INFO - Iter(val) [200/250]    eta: 0:00:02  time: 0.0537  data_time: 0.0191  memory: 728  
2026/07/24 01:14:35 - mmengine - INFO - per class results:
2026/07/24 01:14:35 - mmengine - INFO - 
+---------------+-------+-------+
|     Class     |  IoU  |  Acc  |
+---------------+-------+-------+
|      road     | 97.76 | 98.58 |
|    sidewalk   | 82.24 | 91.39 |
|    building   | 90.78 | 95.66 |
|      wall     | 58.32 | 72.77 |
|     fence     |  54.6 | 65.25 |
|      pole     | 55.13 | 65.04 |
| traffic light | 58.95 | 73.46 |
|  traffic sign | 70.87 | 77.94 |
|   vegetation  |  91.2 | 95.74 |
|    terrain    | 63.12 | 71.73 |
|      sky      | 93.26 | 96.91 |
|     person    | 75.03 | 89.65 |
|     rider     | 52.38 |  67.3 |
|      car      |  92.8 | 97.22 |
|     truck     |  63.4 | 76.12 |
|      bus      | 75.64 | 89.33 |
|     train     | 56.59 | 87.33 |
|   motorcycle  | 51.41 | 63.86 |
|    bicycle    | 70.55 | 82.96 |
+---------------+-------+-------+
2026/07/24 01:14:35 - mmengine - INFO - Iter(val) [250/250]    aAcc: 95.1100  mIoU: 71.2600  mAcc: 82.0100  data_time: 0.0205  time: 0.0556
2026/07/24 01:14:35 - mmengine - INFO - The previous best checkpoint /root/autodl-tmp/DSANet-main/tools/work_dirs/dsanet_cityscapes_512x1024/best_mIoU_iter_145000.pth is removed
2026/07/24 01:14:36 - mmengine - INFO - The best checkpoint with 71.2600 mIoU at 150000 iter is saved to best_mIoU_iter_150000.pth.
2026/07/24 01:15:13 - mmengine - INFO - Iter(train) [150100/160000]  lr: 8.3575e-04  eta: 1:01:39  time: 0.3718  data_time: 0.0461  memory: 8857  loss: 1.0076  decode.loss_ohem: 0.7194  decode.acc_seg: 95.0009  aux_0.loss_ce: 0.2881  aux_0.acc_seg: 91.9829
2026/07/24 01:15:51 - mmengine - INFO - Iter(train) [150200/160000]  lr: 8.2824e-04  eta: 1:01:02  time: 0.3767  data_time: 0.0485  memory: 8857  loss: 0.9319  decode.loss_ohem: 0.6699  decode.acc_seg: 94.1076  aux_0.loss_ce: 0.2620  aux_0.acc_seg: 90.8906
2026/07/24 01:16:28 - mmengine - INFO - Iter(train) [150300/160000]  lr: 8.2072e-04  eta: 1:00:24  time: 0.3717  data_time: 0.0460  memory: 8858  loss: 0.9786  decode.loss_ohem: 0.6623  decode.acc_seg: 93.0928  aux_0.loss_ce: 0.3163  aux_0.acc_seg: 85.8378
2026/07/24 01:17:05 - mmengine - INFO - Iter(train) [150400/160000]  lr: 8.1319e-04  eta: 0:59:47  time: 0.3713  data_time: 0.0454  memory: 8857  loss: 0.9490  decode.loss_ohem: 0.6609  decode.acc_seg: 95.8203  aux_0.loss_ce: 0.2881  aux_0.acc_seg: 92.5711
2026/07/24 01:17:42 - mmengine - INFO - Iter(train) [150500/160000]  lr: 8.0566e-04  eta: 0:59:10  time: 0.3698  data_time: 0.0436  memory: 8858  loss: 0.9630  decode.loss_ohem: 0.6951  decode.acc_seg: 95.1637  aux_0.loss_ce: 0.2680  aux_0.acc_seg: 90.8251
2026/07/24 01:18:20 - mmengine - INFO - Iter(train) [150600/160000]  lr: 7.9812e-04  eta: 0:58:32  time: 0.3736  data_time: 0.0469  memory: 8857  loss: 0.9409  decode.loss_ohem: 0.6701  decode.acc_seg: 93.1616  aux_0.loss_ce: 0.2708  aux_0.acc_seg: 90.0175
2026/07/24 01:18:57 - mmengine - INFO - Iter(train) [150700/160000]  lr: 7.9057e-04  eta: 0:57:55  time: 0.3707  data_time: 0.0457  memory: 8858  loss: 0.9743  decode.loss_ohem: 0.6820  decode.acc_seg: 94.3421  aux_0.loss_ce: 0.2923  aux_0.acc_seg: 91.8810
2026/07/24 01:19:34 - mmengine - INFO - Iter(train) [150800/160000]  lr: 7.8301e-04  eta: 0:57:18  time: 0.3710  data_time: 0.0451  memory: 8856  loss: 0.9364  decode.loss_ohem: 0.6748  decode.acc_seg: 93.4742  aux_0.loss_ce: 0.2615  aux_0.acc_seg: 89.3587
2026/07/24 01:20:11 - mmengine - INFO - Iter(train) [150900/160000]  lr: 7.7544e-04  eta: 0:56:40  time: 0.3728  data_time: 0.0460  memory: 8857  loss: 0.9947  decode.loss_ohem: 0.7016  decode.acc_seg: 89.9696  aux_0.loss_ce: 0.2931  aux_0.acc_seg: 86.6699
2026/07/24 01:20:49 - mmengine - INFO - Exp name: dsanet_cityscapes_512x1024_20260723_093233
2026/07/24 01:20:49 - mmengine - INFO - Iter(train) [151000/160000]  lr: 7.6787e-04  eta: 0:56:03  time: 0.3727  data_time: 0.0461  memory: 8857  loss: 1.0179  decode.loss_ohem: 0.7006  decode.acc_seg: 94.6167  aux_0.loss_ce: 0.3173  aux_0.acc_seg: 91.9591
2026/07/24 01:21:26 - mmengine - INFO - Iter(train) [151100/160000]  lr: 7.6029e-04  eta: 0:55:25  time: 0.3722  data_time: 0.0460  memory: 8857  loss: 0.9882  decode.loss_ohem: 0.7053  decode.acc_seg: 94.0159  aux_0.loss_ce: 0.2829  aux_0.acc_seg: 89.3218
2026/07/24 01:22:03 - mmengine - INFO - Iter(train) [151200/160000]  lr: 7.5270e-04  eta: 0:54:48  time: 0.3720  data_time: 0.0456  memory: 8857  loss: 0.9594  decode.loss_ohem: 0.6782  decode.acc_seg: 94.5274  aux_0.loss_ce: 0.2812  aux_0.acc_seg: 91.0092
2026/07/24 01:22:40 - mmengine - INFO - Iter(train) [151300/160000]  lr: 7.4510e-04  eta: 0:54:11  time: 0.3730  data_time: 0.0463  memory: 8858  loss: 0.9886  decode.loss_ohem: 0.7045  decode.acc_seg: 94.5679  aux_0.loss_ce: 0.2841  aux_0.acc_seg: 90.4648
2026/07/24 01:23:18 - mmengine - INFO - Iter(train) [151400/160000]  lr: 7.3749e-04  eta: 0:53:33  time: 0.3738  data_time: 0.0464  memory: 8858  loss: 0.9959  decode.loss_ohem: 0.7122  decode.acc_seg: 94.0020  aux_0.loss_ce: 0.2836  aux_0.acc_seg: 89.9883
2026/07/24 01:23:55 - mmengine - INFO - Iter(train) [151500/160000]  lr: 7.2987e-04  eta: 0:52:56  time: 0.3730  data_time: 0.0467  memory: 8858  loss: 0.9731  decode.loss_ohem: 0.6846  decode.acc_seg: 94.0438  aux_0.loss_ce: 0.2885  aux_0.acc_seg: 86.3503
2026/07/24 01:24:32 - mmengine - INFO - Iter(train) [151600/160000]  lr: 7.2224e-04  eta: 0:52:19  time: 0.3710  data_time: 0.0449  memory: 8857  loss: 0.9412  decode.loss_ohem: 0.6600  decode.acc_seg: 94.7748  aux_0.loss_ce: 0.2813  aux_0.acc_seg: 89.8736
2026/07/24 01:25:09 - mmengine - INFO - Iter(train) [151700/160000]  lr: 7.1461e-04  eta: 0:51:41  time: 0.3719  data_time: 0.0459  memory: 8856  loss: 0.9426  decode.loss_ohem: 0.6760  decode.acc_seg: 95.6983  aux_0.loss_ce: 0.2666  aux_0.acc_seg: 92.5331
2026/07/24 01:25:46 - mmengine - INFO - Iter(train) [151800/160000]  lr: 7.0696e-04  eta: 0:51:04  time: 0.3720  data_time: 0.0464  memory: 8857  loss: 1.0339  decode.loss_ohem: 0.7315  decode.acc_seg: 91.1769  aux_0.loss_ce: 0.3024  aux_0.acc_seg: 86.2130
2026/07/24 01:26:24 - mmengine - INFO - Iter(train) [151900/160000]  lr: 6.9931e-04  eta: 0:50:26  time: 0.3717  data_time: 0.0458  memory: 8857  loss: 0.9589  decode.loss_ohem: 0.6883  decode.acc_seg: 93.7597  aux_0.loss_ce: 0.2705  aux_0.acc_seg: 90.7798
2026/07/24 01:27:01 - mmengine - INFO - Exp name: dsanet_cityscapes_512x1024_20260723_093233
2026/07/24 01:27:01 - mmengine - INFO - Iter(train) [152000/160000]  lr: 6.9164e-04  eta: 0:49:49  time: 0.3719  data_time: 0.0459  memory: 8857  loss: 0.9613  decode.loss_ohem: 0.6717  decode.acc_seg: 93.2397  aux_0.loss_ce: 0.2896  aux_0.acc_seg: 89.9619
2026/07/24 01:27:38 - mmengine - INFO - Iter(train) [152100/160000]  lr: 6.8397e-04  eta: 0:49:12  time: 0.3718  data_time: 0.0461  memory: 8857  loss: 0.9536  decode.loss_ohem: 0.6803  decode.acc_seg: 93.4392  aux_0.loss_ce: 0.2734  aux_0.acc_seg: 90.4041
2026/07/24 01:28:15 - mmengine - INFO - Iter(train) [152200/160000]  lr: 6.7629e-04  eta: 0:48:34  time: 0.3726  data_time: 0.0462  memory: 8857  loss: 0.9540  decode.loss_ohem: 0.6828  decode.acc_seg: 94.0307  aux_0.loss_ce: 0.2711  aux_0.acc_seg: 89.4545
2026/07/24 01:28:53 - mmengine - INFO - Iter(train) [152300/160000]  lr: 6.6859e-04  eta: 0:47:57  time: 0.3725  data_time: 0.0463  memory: 8856  loss: 1.0127  decode.loss_ohem: 0.7012  decode.acc_seg: 93.3354  aux_0.loss_ce: 0.3114  aux_0.acc_seg: 88.8957
2026/07/24 01:29:31 - mmengine - INFO - Iter(train) [152400/160000]  lr: 6.6089e-04  eta: 0:47:20  time: 0.3851  data_time: 0.0539  memory: 8857  loss: 0.9460  decode.loss_ohem: 0.6873  decode.acc_seg: 92.8413  aux_0.loss_ce: 0.2587  aux_0.acc_seg: 89.6355
2026/07/24 01:30:09 - mmengine - INFO - Iter(train) [152500/160000]  lr: 6.5318e-04  eta: 0:46:42  time: 0.3847  data_time: 0.0522  memory: 8857  loss: 0.9536  decode.loss_ohem: 0.6739  decode.acc_seg: 93.0323  aux_0.loss_ce: 0.2797  aux_0.acc_seg: 88.5414
2026/07/24 01:30:48 - mmengine - INFO - Iter(train) [152600/160000]  lr: 6.4546e-04  eta: 0:46:05  time: 0.3826  data_time: 0.0511  memory: 8857  loss: 1.0443  decode.loss_ohem: 0.7443  decode.acc_seg: 91.4347  aux_0.loss_ce: 0.2999  aux_0.acc_seg: 86.3485
2026/07/24 01:31:26 - mmengine - INFO - Iter(train) [152700/160000]  lr: 6.3772e-04  eta: 0:45:28  time: 0.3785  data_time: 0.0481  memory: 8857  loss: 0.9432  decode.loss_ohem: 0.6819  decode.acc_seg: 95.1899  aux_0.loss_ce: 0.2613  aux_0.acc_seg: 91.6093
2026/07/24 01:32:04 - mmengine - INFO - Iter(train) [152800/160000]  lr: 6.2998e-04  eta: 0:44:50  time: 0.3800  data_time: 0.0497  memory: 8857  loss: 1.0659  decode.loss_ohem: 0.7776  decode.acc_seg: 93.6674  aux_0.loss_ce: 0.2883  aux_0.acc_seg: 90.0382
2026/07/24 01:32:41 - mmengine - INFO - Iter(train) [152900/160000]  lr: 6.2222e-04  eta: 0:44:13  time: 0.3785  data_time: 0.0486  memory: 8859  loss: 0.9756  decode.loss_ohem: 0.6908  decode.acc_seg: 94.9517  aux_0.loss_ce: 0.2849  aux_0.acc_seg: 91.7235
2026/07/24 01:33:19 - mmengine - INFO - Exp name: dsanet_cityscapes_512x1024_20260723_093233
2026/07/24 01:33:19 - mmengine - INFO - Iter(train) [153000/160000]  lr: 6.1446e-04  eta: 0:43:36  time: 0.3759  data_time: 0.0466  memory: 8858  loss: 0.9671  decode.loss_ohem: 0.6794  decode.acc_seg: 92.7471  aux_0.loss_ce: 0.2877  aux_0.acc_seg: 88.5481
2026/07/24 01:33:57 - mmengine - INFO - Iter(train) [153100/160000]  lr: 6.0668e-04  eta: 0:42:58  time: 0.3815  data_time: 0.0496  memory: 8858  loss: 0.9846  decode.loss_ohem: 0.7004  decode.acc_seg: 93.6064  aux_0.loss_ce: 0.2843  aux_0.acc_seg: 88.7220
2026/07/24 01:34:35 - mmengine - INFO - Iter(train) [153200/160000]  lr: 5.9889e-04  eta: 0:42:21  time: 0.3785  data_time: 0.0484  memory: 8856  loss: 0.8788  decode.loss_ohem: 0.6400  decode.acc_seg: 95.3727  aux_0.loss_ce: 0.2388  aux_0.acc_seg: 92.3517
2026/07/24 01:35:13 - mmengine - INFO - Iter(train) [153300/160000]  lr: 5.9109e-04  eta: 0:41:43  time: 0.3777  data_time: 0.0480  memory: 8858  loss: 1.0316  decode.loss_ohem: 0.7245  decode.acc_seg: 94.2433  aux_0.loss_ce: 0.3071  aux_0.acc_seg: 87.7042
2026/07/24 01:35:51 - mmengine - INFO - Iter(train) [153400/160000]  lr: 5.8328e-04  eta: 0:41:06  time: 0.3798  data_time: 0.0494  memory: 8857  loss: 0.9701  decode.loss_ohem: 0.6983  decode.acc_seg: 92.6398  aux_0.loss_ce: 0.2718  aux_0.acc_seg: 90.3110
2026/07/24 01:36:29 - mmengine - INFO - Iter(train) [153500/160000]  lr: 5.7546e-04  eta: 0:40:29  time: 0.3754  data_time: 0.0463  memory: 8858  loss: 0.9738  decode.loss_ohem: 0.7121  decode.acc_seg: 94.4460  aux_0.loss_ce: 0.2617  aux_0.acc_seg: 89.7534
2026/07/24 01:37:07 - mmengine - INFO - Iter(train) [153600/160000]  lr: 5.6762e-04  eta: 0:39:51  time: 0.3795  data_time: 0.0494  memory: 8857  loss: 0.9490  decode.loss_ohem: 0.6685  decode.acc_seg: 95.2813  aux_0.loss_ce: 0.2805  aux_0.acc_seg: 92.0674
2026/07/24 01:37:44 - mmengine - INFO - Iter(train) [153700/160000]  lr: 5.5977e-04  eta: 0:39:14  time: 0.3773  data_time: 0.0471  memory: 8858  loss: 0.9701  decode.loss_ohem: 0.6936  decode.acc_seg: 92.8175  aux_0.loss_ce: 0.2765  aux_0.acc_seg: 89.0988
2026/07/24 01:38:22 - mmengine - INFO - Iter(train) [153800/160000]  lr: 5.5191e-04  eta: 0:38:37  time: 0.3788  data_time: 0.0486  memory: 8858  loss: 0.9740  decode.loss_ohem: 0.7023  decode.acc_seg: 92.9172  aux_0.loss_ce: 0.2717  aux_0.acc_seg: 89.3917
2026/07/24 01:39:00 - mmengine - INFO - Iter(train) [153900/160000]  lr: 5.4404e-04  eta: 0:37:59  time: 0.3790  data_time: 0.0481  memory: 8858  loss: 0.9378  decode.loss_ohem: 0.6581  decode.acc_seg: 93.5181  aux_0.loss_ce: 0.2798  aux_0.acc_seg: 88.7434
2026/07/24 01:39:38 - mmengine - INFO - Exp name: dsanet_cityscapes_512x1024_20260723_093233
2026/07/24 01:39:38 - mmengine - INFO - Iter(train) [154000/160000]  lr: 5.3615e-04  eta: 0:37:22  time: 0.3797  data_time: 0.0487  memory: 8857  loss: 1.0103  decode.loss_ohem: 0.7260  decode.acc_seg: 92.8568  aux_0.loss_ce: 0.2843  aux_0.acc_seg: 89.4131
2026/07/24 01:40:16 - mmengine - INFO - Iter(train) [154100/160000]  lr: 5.2825e-04  eta: 0:36:45  time: 0.3801  data_time: 0.0491  memory: 8857  loss: 0.9493  decode.loss_ohem: 0.6612  decode.acc_seg: 94.4912  aux_0.loss_ce: 0.2881  aux_0.acc_seg: 89.5156
2026/07/24 01:40:54 - mmengine - INFO - Iter(train) [154200/160000]  lr: 5.2034e-04  eta: 0:36:07  time: 0.3799  data_time: 0.0492  memory: 8858  loss: 0.9932  decode.loss_ohem: 0.7169  decode.acc_seg: 93.7845  aux_0.loss_ce: 0.2763  aux_0.acc_seg: 89.0686
2026/07/24 01:41:32 - mmengine - INFO - Iter(train) [154300/160000]  lr: 5.1242e-04  eta: 0:35:30  time: 0.3810  data_time: 0.0496  memory: 8857  loss: 0.9866  decode.loss_ohem: 0.6839  decode.acc_seg: 91.7225  aux_0.loss_ce: 0.3027  aux_0.acc_seg: 86.1441
2026/07/24 01:42:10 - mmengine - INFO - Iter(train) [154400/160000]  lr: 5.0448e-04  eta: 0:34:53  time: 0.3784  data_time: 0.0485  memory: 8858  loss: 0.9938  decode.loss_ohem: 0.6991  decode.acc_seg: 92.8086  aux_0.loss_ce: 0.2947  aux_0.acc_seg: 85.4971
2026/07/24 01:42:47 - mmengine - INFO - Iter(train) [154500/160000]  lr: 4.9652e-04  eta: 0:34:15  time: 0.3801  data_time: 0.0491  memory: 8856  loss: 1.0304  decode.loss_ohem: 0.7359  decode.acc_seg: 93.9882  aux_0.loss_ce: 0.2945  aux_0.acc_seg: 90.5769
2026/07/24 01:43:25 - mmengine - INFO - Iter(train) [154600/160000]  lr: 4.8855e-04  eta: 0:33:38  time: 0.3804  data_time: 0.0496  memory: 8858  loss: 0.9740  decode.loss_ohem: 0.6823  decode.acc_seg: 93.2027  aux_0.loss_ce: 0.2917  aux_0.acc_seg: 89.6846
2026/07/24 01:44:03 - mmengine - INFO - Iter(train) [154700/160000]  lr: 4.8057e-04  eta: 0:33:00  time: 0.3784  data_time: 0.0488  memory: 8857  loss: 0.9882  decode.loss_ohem: 0.7127  decode.acc_seg: 94.8977  aux_0.loss_ce: 0.2754  aux_0.acc_seg: 90.3468
2026/07/24 01:44:41 - mmengine - INFO - Iter(train) [154800/160000]  lr: 4.7257e-04  eta: 0:32:23  time: 0.3771  data_time: 0.0489  memory: 8856  loss: 0.9654  decode.loss_ohem: 0.6768  decode.acc_seg: 94.3334  aux_0.loss_ce: 0.2886  aux_0.acc_seg: 91.2558
2026/07/24 01:45:19 - mmengine - INFO - Iter(train) [154900/160000]  lr: 4.6456e-04  eta: 0:31:46  time: 0.3780  data_time: 0.0482  memory: 8857  loss: 0.9153  decode.loss_ohem: 0.6556  decode.acc_seg: 95.7722  aux_0.loss_ce: 0.2597  aux_0.acc_seg: 90.0960
2026/07/24 01:45:57 - mmengine - INFO - Exp name: dsanet_cityscapes_512x1024_20260723_093233
2026/07/24 01:45:57 - mmengine - INFO - Iter(train) [155000/160000]  lr: 4.5653e-04  eta: 0:31:08  time: 0.3796  data_time: 0.0494  memory: 8858  loss: 1.0668  decode.loss_ohem: 0.7428  decode.acc_seg: 94.8611  aux_0.loss_ce: 0.3240  aux_0.acc_seg: 92.7108
2026/07/24 01:45:57 - mmengine - INFO - Saving checkpoint at 155000 iterations
2026/07/24 01:46:03 - mmengine - INFO - Iter(val) [100/250]    eta: 0:00:08  time: 0.0535  data_time: 0.0187  memory: 728  
2026/07/24 01:46:09 - mmengine - INFO - Iter(val) [200/250]    eta: 0:00:02  time: 0.0547  data_time: 0.0195  memory: 728  
2026/07/24 01:46:11 - mmengine - INFO - per class results:
2026/07/24 01:46:11 - mmengine - INFO - 
+---------------+-------+-------+
|     Class     |  IoU  |  Acc  |
+---------------+-------+-------+
|      road     | 97.79 | 98.66 |
|    sidewalk   | 81.97 | 91.04 |
|    building   | 91.04 | 95.73 |
|      wall     | 57.73 | 66.84 |
|     fence     | 56.98 | 72.28 |
|      pole     | 56.11 | 66.95 |
| traffic light | 59.08 | 71.35 |
|  traffic sign | 70.92 | 79.45 |
|   vegetation  | 91.25 | 95.72 |
|    terrain    | 61.73 | 72.88 |
|      sky      | 93.69 | 97.26 |
|     person    | 75.83 | 88.78 |
|     rider     | 52.79 | 66.39 |
|      car      | 93.32 | 96.99 |
|     truck     | 71.56 | 87.39 |
|      bus      |  77.6 | 88.24 |
|     train     | 55.07 | 68.49 |
|   motorcycle  | 52.23 | 66.02 |
|    bicycle    | 70.66 | 86.67 |
+---------------+-------+-------+
2026/07/24 01:46:11 - mmengine - INFO - Iter(val) [250/250]    aAcc: 95.2100  mIoU: 71.9700  mAcc: 81.9500  data_time: 0.0202  time: 0.0553
2026/07/24 01:46:11 - mmengine - INFO - The previous best checkpoint /root/autodl-tmp/DSANet-main/tools/work_dirs/dsanet_cityscapes_512x1024/best_mIoU_iter_150000.pth is removed
2026/07/24 01:46:12 - mmengine - INFO - The best checkpoint with 71.9700 mIoU at 155000 iter is saved to best_mIoU_iter_155000.pth.
2026/07/24 01:46:51 - mmengine - INFO - Iter(train) [155100/160000]  lr: 4.4848e-04  eta: 0:30:31  time: 0.3827  data_time: 0.0499  memory: 8857  loss: 0.9468  decode.loss_ohem: 0.6703  decode.acc_seg: 93.8748  aux_0.loss_ce: 0.2765  aux_0.acc_seg: 89.6344
2026/07/24 01:47:29 - mmengine - INFO - Iter(train) [155200/160000]  lr: 4.4042e-04  eta: 0:29:54  time: 0.3800  data_time: 0.0490  memory: 8857  loss: 0.8931  decode.loss_ohem: 0.6443  decode.acc_seg: 95.7441  aux_0.loss_ce: 0.2487  aux_0.acc_seg: 93.4543
2026/07/24 01:48:07 - mmengine - INFO - Iter(train) [155300/160000]  lr: 4.3234e-04  eta: 0:29:16  time: 0.3766  data_time: 0.0471  memory: 8857  loss: 0.9388  decode.loss_ohem: 0.6745  decode.acc_seg: 94.1131  aux_0.loss_ce: 0.2643  aux_0.acc_seg: 90.5547
2026/07/24 01:48:45 - mmengine - INFO - Iter(train) [155400/160000]  lr: 4.2425e-04  eta: 0:28:39  time: 0.3782  data_time: 0.0489  memory: 8858  loss: 0.9861  decode.loss_ohem: 0.7059  decode.acc_seg: 93.0431  aux_0.loss_ce: 0.2801  aux_0.acc_seg: 87.9009
2026/07/24 01:49:23 - mmengine - INFO - Iter(train) [155500/160000]  lr: 4.1613e-04  eta: 0:28:02  time: 0.3782  data_time: 0.0482  memory: 8856  loss: 0.9079  decode.loss_ohem: 0.6702  decode.acc_seg: 93.2863  aux_0.loss_ce: 0.2377  aux_0.acc_seg: 89.2133
2026/07/24 01:50:01 - mmengine - INFO - Iter(train) [155600/160000]  lr: 4.0800e-04  eta: 0:27:24  time: 0.3782  data_time: 0.0487  memory: 8856  loss: 0.9870  decode.loss_ohem: 0.7110  decode.acc_seg: 95.1201  aux_0.loss_ce: 0.2760  aux_0.acc_seg: 92.2066
2026/07/24 01:50:38 - mmengine - INFO - Iter(train) [155700/160000]  lr: 3.9985e-04  eta: 0:26:47  time: 0.3785  data_time: 0.0488  memory: 8856  loss: 0.9385  decode.loss_ohem: 0.6869  decode.acc_seg: 93.3812  aux_0.loss_ce: 0.2516  aux_0.acc_seg: 87.5279
2026/07/24 01:51:16 - mmengine - INFO - Iter(train) [155800/160000]  lr: 3.9168e-04  eta: 0:26:10  time: 0.3820  data_time: 0.0501  memory: 8856  loss: 0.9111  decode.loss_ohem: 0.6463  decode.acc_seg: 93.2140  aux_0.loss_ce: 0.2648  aux_0.acc_seg: 90.3456
2026/07/24 01:51:54 - mmengine - INFO - Iter(train) [155900/160000]  lr: 3.8349e-04  eta: 0:25:32  time: 0.3787  data_time: 0.0486  memory: 8857  loss: 0.9823  decode.loss_ohem: 0.7031  decode.acc_seg: 93.8920  aux_0.loss_ce: 0.2792  aux_0.acc_seg: 90.4614
2026/07/24 01:52:32 - mmengine - INFO - Exp name: dsanet_cityscapes_512x1024_20260723_093233
2026/07/24 01:52:32 - mmengine - INFO - Iter(train) [156000/160000]  lr: 3.7528e-04  eta: 0:24:55  time: 0.3788  data_time: 0.0484  memory: 8857  loss: 0.9370  decode.loss_ohem: 0.6537  decode.acc_seg: 94.5107  aux_0.loss_ce: 0.2833  aux_0.acc_seg: 90.9054
2026/07/24 01:53:10 - mmengine - INFO - Iter(train) [156100/160000]  lr: 3.6705e-04  eta: 0:24:17  time: 0.3788  data_time: 0.0488  memory: 8856  loss: 0.9369  decode.loss_ohem: 0.6685  decode.acc_seg: 95.1572  aux_0.loss_ce: 0.2684  aux_0.acc_seg: 91.8806
2026/07/24 01:53:48 - mmengine - INFO - Iter(train) [156200/160000]  lr: 3.5880e-04  eta: 0:23:40  time: 0.3799  data_time: 0.0489  memory: 8856  loss: 0.9422  decode.loss_ohem: 0.6694  decode.acc_seg: 94.9630  aux_0.loss_ce: 0.2728  aux_0.acc_seg: 91.2668
2026/07/24 01:54:26 - mmengine - INFO - Iter(train) [156300/160000]  lr: 3.5053e-04  eta: 0:23:03  time: 0.3781  data_time: 0.0481  memory: 8859  loss: 0.9664  decode.loss_ohem: 0.6895  decode.acc_seg: 94.9694  aux_0.loss_ce: 0.2769  aux_0.acc_seg: 88.9830
2026/07/24 01:55:04 - mmengine - INFO - Iter(train) [156400/160000]  lr: 3.4224e-04  eta: 0:22:25  time: 0.3793  data_time: 0.0486  memory: 8857  loss: 0.9176  decode.loss_ohem: 0.6532  decode.acc_seg: 94.6983  aux_0.loss_ce: 0.2644  aux_0.acc_seg: 89.8122
2026/07/24 01:55:42 - mmengine - INFO - Iter(train) [156500/160000]  lr: 3.3392e-04  eta: 0:21:48  time: 0.3791  data_time: 0.0485  memory: 8856  loss: 0.9512  decode.loss_ohem: 0.6791  decode.acc_seg: 90.7116  aux_0.loss_ce: 0.2722  aux_0.acc_seg: 87.5407
2026/07/24 01:56:20 - mmengine - INFO - Iter(train) [156600/160000]  lr: 3.2558e-04  eta: 0:21:11  time: 0.3794  data_time: 0.0493  memory: 8857  loss: 0.9347  decode.loss_ohem: 0.6668  decode.acc_seg: 94.2559  aux_0.loss_ce: 0.2679  aux_0.acc_seg: 89.4885
2026/07/24 01:56:58 - mmengine - INFO - Iter(train) [156700/160000]  lr: 3.1721e-04  eta: 0:20:33  time: 0.3798  data_time: 0.0493  memory: 8858  loss: 0.9555  decode.loss_ohem: 0.6919  decode.acc_seg: 94.5614  aux_0.loss_ce: 0.2636  aux_0.acc_seg: 89.4185
2026/07/24 01:57:36 - mmengine - INFO - Iter(train) [156800/160000]  lr: 3.0882e-04  eta: 0:19:56  time: 0.3803  data_time: 0.0492  memory: 8858  loss: 0.9308  decode.loss_ohem: 0.6598  decode.acc_seg: 94.6724  aux_0.loss_ce: 0.2710  aux_0.acc_seg: 92.1174
2026/07/24 01:58:14 - mmengine - INFO - Iter(train) [156900/160000]  lr: 3.0040e-04  eta: 0:19:18  time: 0.3803  data_time: 0.0496  memory: 8857  loss: 1.0213  decode.loss_ohem: 0.7317  decode.acc_seg: 93.4429  aux_0.loss_ce: 0.2896  aux_0.acc_seg: 89.6103
2026/07/24 01:58:51 - mmengine - INFO - Exp name: dsanet_cityscapes_512x1024_20260723_093233
2026/07/24 01:58:51 - mmengine - INFO - Iter(train) [157000/160000]  lr: 2.9196e-04  eta: 0:18:41  time: 0.3785  data_time: 0.0486  memory: 8858  loss: 0.9600  decode.loss_ohem: 0.7038  decode.acc_seg: 94.9326  aux_0.loss_ce: 0.2562  aux_0.acc_seg: 92.5031
2026/07/24 01:59:29 - mmengine - INFO - Iter(train) [157100/160000]  lr: 2.8349e-04  eta: 0:18:04  time: 0.3768  data_time: 0.0470  memory: 8857  loss: 0.8998  decode.loss_ohem: 0.6576  decode.acc_seg: 95.6276  aux_0.loss_ce: 0.2422  aux_0.acc_seg: 93.0648
2026/07/24 02:00:07 - mmengine - INFO - Iter(train) [157200/160000]  lr: 2.7498e-04  eta: 0:17:26  time: 0.3799  data_time: 0.0495  memory: 8858  loss: 0.9117  decode.loss_ohem: 0.6412  decode.acc_seg: 93.8995  aux_0.loss_ce: 0.2706  aux_0.acc_seg: 89.7211
2026/07/24 02:00:45 - mmengine - INFO - Iter(train) [157300/160000]  lr: 2.6645e-04  eta: 0:16:49  time: 0.3798  data_time: 0.0491  memory: 8857  loss: 1.0158  decode.loss_ohem: 0.7241  decode.acc_seg: 93.0764  aux_0.loss_ce: 0.2917  aux_0.acc_seg: 89.5976
2026/07/24 02:01:23 - mmengine - INFO - Iter(train) [157400/160000]  lr: 2.5789e-04  eta: 0:16:12  time: 0.3794  data_time: 0.0495  memory: 8856  loss: 1.0040  decode.loss_ohem: 0.7310  decode.acc_seg: 93.7932  aux_0.loss_ce: 0.2730  aux_0.acc_seg: 89.8902
2026/07/24 02:02:01 - mmengine - INFO - Iter(train) [157500/160000]  lr: 2.4929e-04  eta: 0:15:34  time: 0.3784  data_time: 0.0481  memory: 8857  loss: 0.9238  decode.loss_ohem: 0.6669  decode.acc_seg: 92.7413  aux_0.loss_ce: 0.2569  aux_0.acc_seg: 89.4754
2026/07/24 02:02:39 - mmengine - INFO - Iter(train) [157600/160000]  lr: 2.4066e-04  eta: 0:14:57  time: 0.3803  data_time: 0.0497  memory: 8857  loss: 0.9869  decode.loss_ohem: 0.6963  decode.acc_seg: 94.1121  aux_0.loss_ce: 0.2906  aux_0.acc_seg: 87.2298
2026/07/24 02:03:17 - mmengine - INFO - Iter(train) [157700/160000]  lr: 2.3199e-04  eta: 0:14:19  time: 0.3789  data_time: 0.0485  memory: 8856  loss: 0.9495  decode.loss_ohem: 0.6732  decode.acc_seg: 93.6299  aux_0.loss_ce: 0.2763  aux_0.acc_seg: 88.7716
2026/07/24 02:03:55 - mmengine - INFO - Iter(train) [157800/160000]  lr: 2.2328e-04  eta: 0:13:42  time: 0.3786  data_time: 0.0490  memory: 8857  loss: 0.9418  decode.loss_ohem: 0.6868  decode.acc_seg: 93.5161  aux_0.loss_ce: 0.2550  aux_0.acc_seg: 90.2963
2026/07/24 02:04:33 - mmengine - INFO - Iter(train) [157900/160000]  lr: 2.1454e-04  eta: 0:13:05  time: 0.3864  data_time: 0.0494  memory: 8856  loss: 1.0281  decode.loss_ohem: 0.7375  decode.acc_seg: 90.8980  aux_0.loss_ce: 0.2906  aux_0.acc_seg: 86.9676
2026/07/24 02:05:11 - mmengine - INFO - Exp name: dsanet_cityscapes_512x1024_20260723_093233
2026/07/24 02:05:11 - mmengine - INFO - Iter(train) [158000/160000]  lr: 2.0575e-04  eta: 0:12:27  time: 0.3814  data_time: 0.0504  memory: 8857  loss: 0.9264  decode.loss_ohem: 0.6539  decode.acc_seg: 94.9758  aux_0.loss_ce: 0.2725  aux_0.acc_seg: 91.0410
2026/07/24 02:05:49 - mmengine - INFO - Iter(train) [158100/160000]  lr: 1.9692e-04  eta: 0:11:50  time: 0.3807  data_time: 0.0495  memory: 8857  loss: 0.9519  decode.loss_ohem: 0.6885  decode.acc_seg: 93.9005  aux_0.loss_ce: 0.2635  aux_0.acc_seg: 90.8440
2026/07/24 02:06:27 - mmengine - INFO - Iter(train) [158200/160000]  lr: 1.8804e-04  eta: 0:11:13  time: 0.3802  data_time: 0.0492  memory: 8856  loss: 0.9583  decode.loss_ohem: 0.6825  decode.acc_seg: 93.2009  aux_0.loss_ce: 0.2758  aux_0.acc_seg: 89.8638
2026/07/24 02:07:05 - mmengine - INFO - Iter(train) [158300/160000]  lr: 1.7911e-04  eta: 0:10:35  time: 0.3770  data_time: 0.0471  memory: 8856  loss: 0.9511  decode.loss_ohem: 0.6809  decode.acc_seg: 95.2473  aux_0.loss_ce: 0.2702  aux_0.acc_seg: 93.0422
2026/07/24 02:07:43 - mmengine - INFO - Iter(train) [158400/160000]  lr: 1.7013e-04  eta: 0:09:58  time: 0.3810  data_time: 0.0501  memory: 8856  loss: 0.9276  decode.loss_ohem: 0.6588  decode.acc_seg: 93.3135  aux_0.loss_ce: 0.2688  aux_0.acc_seg: 85.4919
2026/07/24 02:08:20 - mmengine - INFO - Iter(train) [158500/160000]  lr: 1.6110e-04  eta: 0:09:20  time: 0.3770  data_time: 0.0485  memory: 8857  loss: 0.9416  decode.loss_ohem: 0.6866  decode.acc_seg: 94.1762  aux_0.loss_ce: 0.2549  aux_0.acc_seg: 90.5669
2026/07/24 02:08:58 - mmengine - INFO - Iter(train) [158600/160000]  lr: 1.5200e-04  eta: 0:08:43  time: 0.3790  data_time: 0.0481  memory: 8859  loss: 0.9562  decode.loss_ohem: 0.6670  decode.acc_seg: 93.5430  aux_0.loss_ce: 0.2892  aux_0.acc_seg: 90.2423
2026/07/24 02:09:36 - mmengine - INFO - Iter(train) [158700/160000]  lr: 1.4284e-04  eta: 0:08:06  time: 0.3788  data_time: 0.0484  memory: 8857  loss: 0.9385  decode.loss_ohem: 0.6731  decode.acc_seg: 94.4983  aux_0.loss_ce: 0.2654  aux_0.acc_seg: 90.7241
2026/07/24 02:10:14 - mmengine - INFO - Iter(train) [158800/160000]  lr: 1.3361e-04  eta: 0:07:28  time: 0.3803  data_time: 0.0491  memory: 8856  loss: 0.9189  decode.loss_ohem: 0.6655  decode.acc_seg: 94.6413  aux_0.loss_ce: 0.2534  aux_0.acc_seg: 88.8431
2026/07/24 02:10:52 - mmengine - INFO - Iter(train) [158900/160000]  lr: 1.2430e-04  eta: 0:06:51  time: 0.3809  data_time: 0.0494  memory: 8857  loss: 1.0127  decode.loss_ohem: 0.7030  decode.acc_seg: 94.7725  aux_0.loss_ce: 0.3097  aux_0.acc_seg: 90.9946
2026/07/24 02:11:30 - mmengine - INFO - Exp name: dsanet_cityscapes_512x1024_20260723_093233
2026/07/24 02:11:30 - mmengine - INFO - Iter(train) [159000/160000]  lr: 1.1490e-04  eta: 0:06:13  time: 0.3792  data_time: 0.0493  memory: 8857  loss: 0.9430  decode.loss_ohem: 0.6675  decode.acc_seg: 93.7678  aux_0.loss_ce: 0.2756  aux_0.acc_seg: 89.8713
2026/07/24 02:12:08 - mmengine - INFO - Iter(train) [159100/160000]  lr: 1.0541e-04  eta: 0:05:36  time: 0.3777  data_time: 0.0483  memory: 8856  loss: 0.9870  decode.loss_ohem: 0.7108  decode.acc_seg: 93.6851  aux_0.loss_ce: 0.2762  aux_0.acc_seg: 87.8283
2026/07/24 02:12:46 - mmengine - INFO - Iter(train) [159200/160000]  lr: 9.5814e-05  eta: 0:04:59  time: 0.3795  data_time: 0.0495  memory: 8856  loss: 0.9390  decode.loss_ohem: 0.6887  decode.acc_seg: 94.2624  aux_0.loss_ce: 0.2502  aux_0.acc_seg: 91.2565
2026/07/24 02:13:24 - mmengine - INFO - Iter(train) [159300/160000]  lr: 8.6097e-05  eta: 0:04:21  time: 0.3776  data_time: 0.0477  memory: 8856  loss: 0.9638  decode.loss_ohem: 0.6994  decode.acc_seg: 92.9261  aux_0.loss_ce: 0.2643  aux_0.acc_seg: 89.8504
2026/07/24 02:14:01 - mmengine - INFO - Iter(train) [159400/160000]  lr: 7.6239e-05  eta: 0:03:44  time: 0.3813  data_time: 0.0497  memory: 8856  loss: 0.9412  decode.loss_ohem: 0.6683  decode.acc_seg: 94.6294  aux_0.loss_ce: 0.2729  aux_0.acc_seg: 90.4588
2026/07/24 02:14:39 - mmengine - INFO - Iter(train) [159500/160000]  lr: 6.6215e-05  eta: 0:03:06  time: 0.3797  data_time: 0.0492  memory: 8858  loss: 0.9332  decode.loss_ohem: 0.6770  decode.acc_seg: 92.8741  aux_0.loss_ce: 0.2563  aux_0.acc_seg: 89.1042
2026/07/24 02:15:17 - mmengine - INFO - Iter(train) [159600/160000]  lr: 5.5987e-05  eta: 0:02:29  time: 0.3783  data_time: 0.0478  memory: 8857  loss: 0.9068  decode.loss_ohem: 0.6459  decode.acc_seg: 94.2227  aux_0.loss_ce: 0.2609  aux_0.acc_seg: 92.5101
2026/07/24 02:15:55 - mmengine - INFO - Iter(train) [159700/160000]  lr: 4.5497e-05  eta: 0:01:52  time: 0.3802  data_time: 0.0496  memory: 8857  loss: 0.9198  decode.loss_ohem: 0.6446  decode.acc_seg: 94.4091  aux_0.loss_ce: 0.2752  aux_0.acc_seg: 87.0240
2026/07/24 02:16:33 - mmengine - INFO - Iter(train) [159800/160000]  lr: 3.4644e-05  eta: 0:01:14  time: 0.3793  data_time: 0.0484  memory: 8857  loss: 0.9829  decode.loss_ohem: 0.7028  decode.acc_seg: 94.7681  aux_0.loss_ce: 0.2801  aux_0.acc_seg: 91.1552
2026/07/24 02:17:11 - mmengine - INFO - Iter(train) [159900/160000]  lr: 2.3206e-05  eta: 0:00:37  time: 0.3785  data_time: 0.0479  memory: 8856  loss: 0.9612  decode.loss_ohem: 0.6984  decode.acc_seg: 94.9902  aux_0.loss_ce: 0.2628  aux_0.acc_seg: 90.2479
2026/07/24 02:17:49 - mmengine - INFO - Exp name: dsanet_cityscapes_512x1024_20260723_093233
2026/07/24 02:17:49 - mmengine - INFO - Iter(train) [160000/160000]  lr: 1.0000e-05  eta: 0:00:00  time: 0.3867  data_time: 0.0492  memory: 8857  loss: 0.9439  decode.loss_ohem: 0.6898  decode.acc_seg: 93.5527  aux_0.loss_ce: 0.2541  aux_0.acc_seg: 90.0060
2026/07/24 02:17:49 - mmengine - INFO - Saving checkpoint at 160000 iterations
2026/07/24 02:17:55 - mmengine - INFO - Iter(val) [100/250]    eta: 0:00:08  time: 0.0555  data_time: 0.0195  memory: 728  
2026/07/24 02:18:01 - mmengine - INFO - Iter(val) [200/250]    eta: 0:00:02  time: 0.0554  data_time: 0.0196  memory: 728  
2026/07/24 02:18:04 - mmengine - INFO - per class results:
2026/07/24 02:18:04 - mmengine - INFO - 
+---------------+-------+-------+
|     Class     |  IoU  |  Acc  |
+---------------+-------+-------+
|      road     | 97.78 | 98.55 |
|    sidewalk   |  82.4 | 91.44 |
|    building   | 91.16 | 95.58 |
|      wall     | 55.38 | 61.84 |
|     fence     | 57.09 | 72.02 |
|      pole     | 56.92 | 69.37 |
| traffic light | 59.74 | 72.53 |
|  traffic sign | 70.96 | 79.84 |
|   vegetation  |  91.3 | 96.28 |
|    terrain    | 63.63 | 72.08 |
|      sky      | 93.81 | 97.32 |
|     person    | 76.09 | 89.54 |
|     rider     | 54.03 |  69.4 |
|      car      | 93.47 | 97.37 |
|     truck     | 75.55 | 86.61 |
|      bus      | 81.44 | 87.19 |
|     train     | 69.12 | 86.13 |
|   motorcycle  | 53.59 | 68.78 |
|    bicycle    | 71.04 | 85.12 |
+---------------+-------+-------+
2026/07/24 02:18:04 - mmengine - INFO - Iter(val) [250/250]    aAcc: 95.2900  mIoU: 73.3900  mAcc: 83.0000  data_time: 0.0212  time: 0.0575
2026/07/24 02:18:04 - mmengine - INFO - The previous best checkpoint /root/autodl-tmp/DSANet-main/tools/work_dirs/dsanet_cityscapes_512x1024/best_mIoU_iter_155000.pth is removed
2026/07/24 02:18:04 - mmengine - INFO - The best checkpoint with 73.3900 mIoU at 160000 iter is saved to best_mIoU_iter_160000.pth.
