2026/07/25 06:37:42 - mmengine - INFO - 
------------------------------------------------------------
System environment:
    sys.platform: linux
    Python: 3.8.10 (default, Jun  4 2021, 15:09:15) [GCC 7.5.0]
    CUDA available: True
    MUSA available: False
    numpy_random_seed: 375806719
    GPU 0: NVIDIA GeForce RTX 3090
    CUDA_HOME: /usr/local/cuda
    NVCC: Cuda compilation tools, release 11.8, V11.8.89
    GCC: gcc (Ubuntu 9.4.0-1ubuntu1~20.04.1) 9.4.0
    PyTorch: 2.0.0+cu118
    PyTorch compiling details: PyTorch built with:
  - GCC 9.3
  - C++ Version: 201703
  - Intel(R) oneAPI Math Kernel Library Version 2022.2-Product Build 20220804 for Intel(R) 64 architecture applications
  - Intel(R) MKL-DNN v2.7.3 (Git Hash 6dbeffbae1f23cbbeae17adb7b5b13f1f37c080e)
  - OpenMP 201511 (a.k.a. OpenMP 4.5)
  - LAPACK is enabled (usually provided by MKL)
  - NNPACK is enabled
  - CPU capability usage: AVX2
  - CUDA Runtime 11.8
  - NVCC architecture flags: -gencode;arch=compute_37,code=sm_37;-gencode;arch=compute_50,code=sm_50;-gencode;arch=compute_60,code=sm_60;-gencode;arch=compute_70,code=sm_70;-gencode;arch=compute_75,code=sm_75;-gencode;arch=compute_80,code=sm_80;-gencode;arch=compute_86,code=sm_86;-gencode;arch=compute_90,code=sm_90
  - CuDNN 8.7
  - Magma 2.6.1
  - Build settings: BLAS_INFO=mkl, BUILD_TYPE=Release, CUDA_VERSION=11.8, CUDNN_VERSION=8.7.0, CXX_COMPILER=/opt/rh/devtoolset-9/root/usr/bin/c++, CXX_FLAGS= -D_GLIBCXX_USE_CXX11_ABI=0 -fabi-version=11 -Wno-deprecated -fvisibility-inlines-hidden -DUSE_PTHREADPOOL -DNDEBUG -DUSE_KINETO -DLIBKINETO_NOROCTRACER -DUSE_FBGEMM -DUSE_QNNPACK -DUSE_PYTORCH_QNNPACK -DUSE_XNNPACK -DSYMBOLICATE_MOBILE_DEBUG_HANDLE -O2 -fPIC -Wall -Wextra -Werror=return-type -Werror=non-virtual-dtor -Werror=bool-operation -Wnarrowing -Wno-missing-field-initializers -Wno-type-limits -Wno-array-bounds -Wno-unknown-pragmas -Wunused-local-typedefs -Wno-unused-parameter -Wno-unused-function -Wno-unused-result -Wno-strict-overflow -Wno-strict-aliasing -Wno-error=deprecated-declarations -Wno-stringop-overflow -Wno-psabi -Wno-error=pedantic -Wno-error=redundant-decls -Wno-error=old-style-cast -fdiagnostics-color=always -faligned-new -Wno-unused-but-set-variable -Wno-maybe-uninitialized -fno-math-errno -fno-trapping-math -Werror=format -Werror=cast-function-type -Wno-stringop-overflow, LAPACK_INFO=mkl, PERF_WITH_AVX=1, PERF_WITH_AVX2=1, PERF_WITH_AVX512=1, TORCH_DISABLE_GPU_ASSERTS=ON, TORCH_VERSION=2.0.0, USE_CUDA=ON, USE_CUDNN=ON, USE_EXCEPTION_PTR=1, USE_GFLAGS=OFF, USE_GLOG=OFF, USE_MKL=ON, USE_MKLDNN=ON, USE_MPI=OFF, USE_NCCL=1, USE_NNPACK=ON, USE_OPENMP=ON, USE_ROCM=OFF, 

    TorchVision: 0.15.1+cu118
    OpenCV: 4.13.0
    MMEngine: 0.10.7

Runtime environment:
    cudnn_benchmark: True
    mp_cfg: {'mp_start_method': 'fork', 'opencv_num_threads': 0}
    dist_cfg: {'backend': 'nccl'}
    seed: 375806719
    Distributed launcher: none
    Distributed training: False
    GPU number: 1
------------------------------------------------------------

2026/07/25 06:37:42 - mmengine - INFO - Config:
act_cfg = dict(type='GELU')
class_weight = [
    0.8373,
    0.918,
    0.866,
    1.0345,
    1.0166,
    0.9969,
    0.9754,
    1.0489,
    0.8786,
    1.0023,
    0.9539,
    0.9843,
    1.1116,
    0.9037,
    1.0865,
    1.0955,
    1.0865,
    1.1529,
    1.0507,
]
crop_size = (
    512,
    1024,
)
data_preprocessor = dict(
    bgr_to_rgb=True,
    mean=[
        123.675,
        116.28,
        103.53,
    ],
    pad_val=0,
    seg_pad_val=255,
    size=(
        512,
        1024,
    ),
    std=[
        58.395,
        57.12,
        57.375,
    ],
    type='SegDataPreProcessor')
data_root = '/root/autodl-tmp/cityscapes'
dataset_type = 'CityscapesDataset'
default_hooks = dict(
    checkpoint=dict(
        by_epoch=False,
        file_client_args=None,
        interval=5000,
        max_keep_ckpts=1,
        save_best='mIoU',
        save_optimizer=False,
        type='CheckpointHook'),
    logger=dict(interval=100, log_metric_by_epoch=False, type='LoggerHook'),
    param_scheduler=dict(type='ParamSchedulerHook'),
    sampler_seed=dict(type='DistSamplerSeedHook'),
    timer=dict(type='IterTimerHook'),
    visualization=dict(type='SegVisualizationHook'))
default_scope = 'mmseg'
env_cfg = dict(
    cudnn_benchmark=True,
    dist_cfg=dict(backend='nccl'),
    mp_cfg=dict(mp_start_method='fork', opencv_num_threads=0))
img_ratios = [
    0.5,
    0.75,
    1.0,
    1.25,
    1.5,
    1.75,
]
iters = 160000
launcher = 'none'
load_from = None
log_level = 'INFO'
log_processor = dict(by_epoch=False)
model = dict(
    auxiliary_head=[
        dict(
            align_corners=False,
            channels=32,
            concat_input=False,
            in_channels=64,
            in_index=0,
            loss_decode=dict(
                loss_weight=1.0, type='CrossEntropyLoss', use_sigmoid=False),
            norm_cfg=dict(requires_grad=True, type='BN'),
            num_classes=19,
            num_convs=1,
            sampler=dict(min_kept=10000, thresh=0.7, type='OHEMPixelSampler'),
            type='FCNHead'),
    ],
    backbone=dict(
        act_cfg=dict(type='GELU'),
        channels=(
            16,
            32,
            64,
            128,
        ),
        in_channels=3,
        init_cfg=None,
        norm_cfg=dict(requires_grad=True, type='BN'),
        type='DSANet'),
    data_preprocessor=dict(
        bgr_to_rgb=True,
        mean=[
            123.675,
            116.28,
            103.53,
        ],
        pad_val=0,
        seg_pad_val=255,
        size=(
            512,
            1024,
        ),
        std=[
            58.395,
            57.12,
            57.375,
        ],
        type='SegDataPreProcessor'),
    decode_head=dict(
        act_cfg=dict(type='GELU'),
        channels=32,
        in_channels=32,
        in_index=1,
        init_cfg=None,
        loss_decode=[
            dict(
                class_weight=[
                    0.8373,
                    0.918,
                    0.866,
                    1.0345,
                    1.0166,
                    0.9969,
                    0.9754,
                    1.0489,
                    0.8786,
                    1.0023,
                    0.9539,
                    0.9843,
                    1.1116,
                    0.9037,
                    1.0865,
                    1.0955,
                    1.0865,
                    1.1529,
                    1.0507,
                ],
                loss_weight=1.0,
                min_kept=131072,
                thres=0.9,
                type='OhemCrossEntropy'),
        ],
        loss_detail_weight=1.0,
        norm_cfg=dict(requires_grad=True, type='BN'),
        num_classes=19,
        type='OHEM_HEAD'),
    pretrained=None,
    test_cfg=dict(mode='whole'),
    train_cfg=dict(),
    type='EncoderDecoder')
norm_cfg = dict(requires_grad=True, type='BN')
num_classes = 19
optim_wrapper = dict(
    clip_grad=None,
    optimizer=dict(lr=0.08, momentum=0.9, type='SGD', weight_decay=0.0001),
    type='OptimWrapper')
optimizer = dict(lr=0.08, momentum=0.9, type='SGD', weight_decay=0.0001)
param_scheduler = [
    dict(
        begin=0,
        by_epoch=False,
        end=2000,
        end_factor=1.0,
        start_factor=0.0001,
        type='LinearLR'),
    dict(
        begin=2000,
        by_epoch=False,
        end=160000,
        eta_min=1e-05,
        power=0.9,
        type='PolyLR'),
]
resume = False
test_cfg = dict(type='TestLoop')
test_dataloader = dict(
    batch_size=1,
    dataset=dict(
        data_prefix=dict(
            img_path='leftImg8bit/val', seg_map_path='gtFine/val'),
        data_root='/root/autodl-tmp/cityscapes',
        pipeline=[
            dict(type='LoadImageFromFile'),
            dict(keep_ratio=True, scale=(
                2048,
                1024,
            ), type='Resize'),
            dict(reduce_zero_label=False, type='LoadAnnotations'),
            dict(type='PackSegInputs'),
        ],
        type='CityscapesDataset'),
    num_workers=4,
    persistent_workers=True,
    sampler=dict(shuffle=False, type='DefaultSampler'))
test_evaluator = dict(
    iou_metrics=[
        'mIoU',
    ], type='IoUMetric')
test_pipeline = [
    dict(type='LoadImageFromFile'),
    dict(keep_ratio=True, scale=(
        2048,
        1024,
    ), type='Resize'),
    dict(reduce_zero_label=False, type='LoadAnnotations'),
    dict(type='PackSegInputs'),
]
train_cfg = dict(
    max_iters=160000, type='IterBasedTrainLoop', val_interval=5000)
train_dataloader = dict(
    batch_size=16,
    dataset=dict(
        data_prefix=dict(
            img_path='leftImg8bit/train', seg_map_path='gtFine/train'),
        data_root='/root/autodl-tmp/cityscapes',
        pipeline=[
            dict(type='LoadImageFromFile'),
            dict(reduce_zero_label=False, type='LoadAnnotations'),
            dict(
                keep_ratio=True,
                ratio_range=(
                    0.5,
                    2.0,
                ),
                scale=(
                    2048,
                    1024,
                ),
                type='RandomResize'),
            dict(
                cat_max_ratio=0.75, crop_size=(
                    512,
                    1024,
                ), type='RandomCrop'),
            dict(prob=0.5, type='RandomFlip'),
            dict(type='PhotoMetricDistortion'),
            dict(type='PackSegInputs'),
        ],
        type='CityscapesDataset'),
    num_workers=8,
    persistent_workers=True,
    sampler=dict(shuffle=True, type='InfiniteSampler'))
train_pipeline = [
    dict(type='LoadImageFromFile'),
    dict(reduce_zero_label=False, type='LoadAnnotations'),
    dict(
        keep_ratio=True,
        ratio_range=(
            0.5,
            2.0,
        ),
        scale=(
            2048,
            1024,
        ),
        type='RandomResize'),
    dict(cat_max_ratio=0.75, crop_size=(
        512,
        1024,
    ), type='RandomCrop'),
    dict(prob=0.5, type='RandomFlip'),
    dict(type='PhotoMetricDistortion'),
    dict(type='PackSegInputs'),
]
tta_model = dict(type='SegTTAModel')
tta_pipeline = [
    dict(backend_args=None, type='LoadImageFromFile'),
    dict(
        transforms=[
            [
                dict(keep_ratio=True, scale_factor=0.5, type='Resize'),
                dict(keep_ratio=True, scale_factor=0.75, type='Resize'),
                dict(keep_ratio=True, scale_factor=1.0, type='Resize'),
                dict(keep_ratio=True, scale_factor=1.25, type='Resize'),
                dict(keep_ratio=True, scale_factor=1.5, type='Resize'),
                dict(keep_ratio=True, scale_factor=1.75, type='Resize'),
            ],
            [
                dict(direction='horizontal', prob=0.0, type='RandomFlip'),
                dict(direction='horizontal', prob=1.0, type='RandomFlip'),
            ],
            [
                dict(type='LoadAnnotations'),
            ],
            [
                dict(type='PackSegInputs'),
            ],
        ],
        type='TestTimeAug'),
]
val_cfg = dict(type='ValLoop')
val_dataloader = dict(
    batch_size=2,
    dataset=dict(
        data_prefix=dict(
            img_path='leftImg8bit/val', seg_map_path='gtFine/val'),
        data_root='/root/autodl-tmp/cityscapes',
        pipeline=[
            dict(type='LoadImageFromFile'),
            dict(keep_ratio=True, scale=(
                2048,
                1024,
            ), type='Resize'),
            dict(reduce_zero_label=False, type='LoadAnnotations'),
            dict(type='PackSegInputs'),
        ],
        type='CityscapesDataset'),
    num_workers=4,
    persistent_workers=True,
    sampler=dict(shuffle=False, type='DefaultSampler'))
val_evaluator = dict(
    iou_metrics=[
        'mIoU',
    ], type='IoUMetric')
val_iters = 5000
val_pipeline = [
    dict(type='LoadImageFromFile'),
    dict(keep_ratio=True, scale=(
        2048,
        1024,
    ), type='Resize'),
    dict(reduce_zero_label=False, type='LoadAnnotations'),
    dict(type='PackSegInputs'),
]
vis_backends = [
    dict(type='LocalVisBackend'),
]
visualizer = dict(
    name='visualizer',
    type='SegLocalVisualizer',
    vis_backends=[
        dict(type='LocalVisBackend'),
    ])
warmup_iters = 2000
work_dir = './work_dirs/dsanet_cityscapes_512x1024'

2026/07/25 06:37:43 - mmengine - INFO - Distributed training is not used, all SyncBatchNorm (SyncBN) layers in the model will be automatically reverted to BatchNormXd layers if they are used.
2026/07/25 06:37:43 - mmengine - INFO - Hooks will be executed in the following order:
before_run:
(VERY_HIGH   ) RuntimeInfoHook                    
(BELOW_NORMAL) LoggerHook                         
 -------------------- 
before_train:
(VERY_HIGH   ) RuntimeInfoHook                    
(NORMAL      ) IterTimerHook                      
(VERY_LOW    ) CheckpointHook                     
 -------------------- 
before_train_epoch:
(VERY_HIGH   ) RuntimeInfoHook                    
(NORMAL      ) IterTimerHook                      
(NORMAL      ) DistSamplerSeedHook                
 -------------------- 
before_train_iter:
(VERY_HIGH   ) RuntimeInfoHook                    
(NORMAL      ) IterTimerHook                      
 -------------------- 
after_train_iter:
(VERY_HIGH   ) RuntimeInfoHook                    
(NORMAL      ) IterTimerHook                      
(BELOW_NORMAL) LoggerHook                         
(LOW         ) ParamSchedulerHook                 
(VERY_LOW    ) CheckpointHook                     
 -------------------- 
after_train_epoch:
(NORMAL      ) IterTimerHook                      
(LOW         ) ParamSchedulerHook                 
(VERY_LOW    ) CheckpointHook                     
 -------------------- 
before_val:
(VERY_HIGH   ) RuntimeInfoHook                    
 -------------------- 
before_val_epoch:
(NORMAL      ) IterTimerHook                      
 -------------------- 
before_val_iter:
(NORMAL      ) IterTimerHook                      
 -------------------- 
after_val_iter:
(NORMAL      ) IterTimerHook                      
(NORMAL      ) SegVisualizationHook               
(BELOW_NORMAL) LoggerHook                         
 -------------------- 
after_val_epoch:
(VERY_HIGH   ) RuntimeInfoHook                    
(NORMAL      ) IterTimerHook                      
(BELOW_NORMAL) LoggerHook                         
(LOW         ) ParamSchedulerHook                 
(VERY_LOW    ) CheckpointHook                     
 -------------------- 
after_val:
(VERY_HIGH   ) RuntimeInfoHook                    
 -------------------- 
after_train:
(VERY_HIGH   ) RuntimeInfoHook                    
(VERY_LOW    ) CheckpointHook                     
 -------------------- 
before_test:
(VERY_HIGH   ) RuntimeInfoHook                    
 -------------------- 
before_test_epoch:
(NORMAL      ) IterTimerHook                      
 -------------------- 
before_test_iter:
(NORMAL      ) IterTimerHook                      
 -------------------- 
after_test_iter:
(NORMAL      ) IterTimerHook                      
(NORMAL      ) SegVisualizationHook               
(BELOW_NORMAL) LoggerHook                         
 -------------------- 
after_test_epoch:
(VERY_HIGH   ) RuntimeInfoHook                    
(NORMAL      ) IterTimerHook                      
(BELOW_NORMAL) LoggerHook                         
 -------------------- 
after_test:
(VERY_HIGH   ) RuntimeInfoHook                    
 -------------------- 
after_run:
(BELOW_NORMAL) LoggerHook                         
 -------------------- 
2026/07/25 06:37:44 - mmengine - WARNING - The prefix is not set in metric class IoUMetric.
Name of parameter - Initialization information

backbone.cnn_stem.0.conv.weight - torch.Size([16, 3, 3, 3]): 
Initialized by user-defined `init_weights` in DSANet  

backbone.cnn_stem.0.bn.weight - torch.Size([16]): 
The value is the same before and after calling `init_weights` of EncoderDecoder  

backbone.cnn_stem.0.bn.bias - torch.Size([16]): 
The value is the same before and after calling `init_weights` of EncoderDecoder  

backbone.cnn_stem.1.conv.weight - torch.Size([16, 16, 1, 1]): 
Initialized by user-defined `init_weights` in DSANet  

backbone.cnn_stem.1.bn.weight - torch.Size([16]): 
The value is the same before and after calling `init_weights` of EncoderDecoder  

backbone.cnn_stem.1.bn.bias - torch.Size([16]): 
The value is the same before and after calling `init_weights` of EncoderDecoder  

backbone.cnn_stem.2.conv.weight - torch.Size([16, 16, 1, 1]): 
Initialized by user-defined `init_weights` in DSANet  

backbone.cnn_stem.2.bn.weight - torch.Size([16]): 
The value is the same before and after calling `init_weights` of EncoderDecoder  

backbone.cnn_stem.2.bn.bias - torch.Size([16]): 
The value is the same before and after calling `init_weights` of EncoderDecoder  

backbone.downsample_layer.0.conv3x3.conv.weight - torch.Size([16, 16, 3, 3]): 
Initialized by user-defined `init_weights` in DSANet  

backbone.downsample_layer.0.conv3x3out.conv.weight - torch.Size([32, 32, 3, 3]): 
Initialized by user-defined `init_weights` in DSANet  

backbone.downsample_layer.0.conv3x3out.bn.weight - torch.Size([32]): 
The value is the same before and after calling `init_weights` of EncoderDecoder  

backbone.downsample_layer.0.conv3x3out.bn.bias - torch.Size([32]): 
The value is the same before and after calling `init_weights` of EncoderDecoder  

backbone.downsample_layer.1.conv3x3.conv.weight - torch.Size([32, 32, 3, 3]): 
Initialized by user-defined `init_weights` in DSANet  

backbone.downsample_layer.1.conv3x3out.conv.weight - torch.Size([64, 64, 3, 3]): 
Initialized by user-defined `init_weights` in DSANet  

backbone.downsample_layer.1.conv3x3out.bn.weight - torch.Size([64]): 
The value is the same before and after calling `init_weights` of EncoderDecoder  

backbone.downsample_layer.1.conv3x3out.bn.bias - torch.Size([64]): 
The value is the same before and after calling `init_weights` of EncoderDecoder  

backbone.downsample_layer.2.conv3x3.conv.weight - torch.Size([64, 64, 3, 3]): 
Initialized by user-defined `init_weights` in DSANet  

backbone.downsample_layer.2.conv3x3out.conv.weight - torch.Size([128, 128, 3, 3]): 
Initialized by user-defined `init_weights` in DSANet  

backbone.downsample_layer.2.conv3x3out.bn.weight - torch.Size([128]): 
The value is the same before and after calling `init_weights` of EncoderDecoder  

backbone.downsample_layer.2.conv3x3out.bn.bias - torch.Size([128]): 
The value is the same before and after calling `init_weights` of EncoderDecoder  

backbone.LACB_layers1.0.aggregate_conv.conv.weight - torch.Size([32, 1, 3, 3]): 
Initialized by user-defined `init_weights` in DSANet  

backbone.LACB_layers1.0.aggregate_conv.bn.weight - torch.Size([32]): 
The value is the same before and after calling `init_weights` of EncoderDecoder  

backbone.LACB_layers1.0.aggregate_conv.bn.bias - torch.Size([32]): 
The value is the same before and after calling `init_weights` of EncoderDecoder  

backbone.LACB_layers1.0.conv3x3.conv.weight - torch.Size([32, 16, 3, 3]): 
Initialized by user-defined `init_weights` in DSANet  

backbone.LACB_layers1.0.conv3x3.bn.weight - torch.Size([32]): 
The value is the same before and after calling `init_weights` of EncoderDecoder  

backbone.LACB_layers1.0.conv3x3.bn.bias - torch.Size([32]): 
The value is the same before and after calling `init_weights` of EncoderDecoder  

backbone.LACB_layers1.0.pwconv.conv.weight - torch.Size([32, 32, 1, 1]): 
Initialized by user-defined `init_weights` in DSANet  

backbone.LACB_layers1.0.pwconv.bn.weight - torch.Size([32]): 
The value is the same before and after calling `init_weights` of EncoderDecoder  

backbone.LACB_layers1.0.pwconv.bn.bias - torch.Size([32]): 
The value is the same before and after calling `init_weights` of EncoderDecoder  

backbone.LACB_layers1.1.aggregate_conv.conv.weight - torch.Size([32, 1, 5, 5]): 
Initialized by user-defined `init_weights` in DSANet  

backbone.LACB_layers1.1.aggregate_conv.bn.weight - torch.Size([32]): 
The value is the same before and after calling `init_weights` of EncoderDecoder  

backbone.LACB_layers1.1.aggregate_conv.bn.bias - torch.Size([32]): 
The value is the same before and after calling `init_weights` of EncoderDecoder  

backbone.LACB_layers1.1.conv3x3.conv.weight - torch.Size([32, 16, 3, 3]): 
Initialized by user-defined `init_weights` in DSANet  

backbone.LACB_layers1.1.conv3x3.bn.weight - torch.Size([32]): 
The value is the same before and after calling `init_weights` of EncoderDecoder  

backbone.LACB_layers1.1.conv3x3.bn.bias - torch.Size([32]): 
The value is the same before and after calling `init_weights` of EncoderDecoder  

backbone.LACB_layers1.1.pwconv.conv.weight - torch.Size([32, 32, 1, 1]): 
Initialized by user-defined `init_weights` in DSANet  

backbone.LACB_layers1.1.pwconv.bn.weight - torch.Size([32]): 
The value is the same before and after calling `init_weights` of EncoderDecoder  

backbone.LACB_layers1.1.pwconv.bn.bias - torch.Size([32]): 
The value is the same before and after calling `init_weights` of EncoderDecoder  

backbone.LACB_layers1.2.aggregate_conv.conv.weight - torch.Size([32, 1, 7, 7]): 
Initialized by user-defined `init_weights` in DSANet  

backbone.LACB_layers1.2.aggregate_conv.bn.weight - torch.Size([32]): 
The value is the same before and after calling `init_weights` of EncoderDecoder  

backbone.LACB_layers1.2.aggregate_conv.bn.bias - torch.Size([32]): 
The value is the same before and after calling `init_weights` of EncoderDecoder  

backbone.LACB_layers1.2.conv3x3.conv.weight - torch.Size([32, 16, 3, 3]): 
Initialized by user-defined `init_weights` in DSANet  

backbone.LACB_layers1.2.conv3x3.bn.weight - torch.Size([32]): 
The value is the same before and after calling `init_weights` of EncoderDecoder  

backbone.LACB_layers1.2.conv3x3.bn.bias - torch.Size([32]): 
The value is the same before and after calling `init_weights` of EncoderDecoder  

backbone.LACB_layers1.2.pwconv.conv.weight - torch.Size([32, 32, 1, 1]): 
Initialized by user-defined `init_weights` in DSANet  

backbone.LACB_layers1.2.pwconv.bn.weight - torch.Size([32]): 
The value is the same before and after calling `init_weights` of EncoderDecoder  

backbone.LACB_layers1.2.pwconv.bn.bias - torch.Size([32]): 
The value is the same before and after calling `init_weights` of EncoderDecoder  

backbone.LACB_layers2.0.aggregate_conv.conv.weight - torch.Size([64, 1, 3, 3]): 
Initialized by user-defined `init_weights` in DSANet  

backbone.LACB_layers2.0.aggregate_conv.bn.weight - torch.Size([64]): 
The value is the same before and after calling `init_weights` of EncoderDecoder  

backbone.LACB_layers2.0.aggregate_conv.bn.bias - torch.Size([64]): 
The value is the same before and after calling `init_weights` of EncoderDecoder  

backbone.LACB_layers2.0.conv3x3.conv.weight - torch.Size([64, 32, 3, 3]): 
Initialized by user-defined `init_weights` in DSANet  

backbone.LACB_layers2.0.conv3x3.bn.weight - torch.Size([64]): 
The value is the same before and after calling `init_weights` of EncoderDecoder  

backbone.LACB_layers2.0.conv3x3.bn.bias - torch.Size([64]): 
The value is the same before and after calling `init_weights` of EncoderDecoder  

backbone.LACB_layers2.0.pwconv.conv.weight - torch.Size([64, 64, 1, 1]): 
Initialized by user-defined `init_weights` in DSANet  

backbone.LACB_layers2.0.pwconv.bn.weight - torch.Size([64]): 
The value is the same before and after calling `init_weights` of EncoderDecoder  

backbone.LACB_layers2.0.pwconv.bn.bias - torch.Size([64]): 
The value is the same before and after calling `init_weights` of EncoderDecoder  

backbone.LACB_layers2.1.aggregate_conv.conv.weight - torch.Size([64, 1, 5, 5]): 
Initialized by user-defined `init_weights` in DSANet  

backbone.LACB_layers2.1.aggregate_conv.bn.weight - torch.Size([64]): 
The value is the same before and after calling `init_weights` of EncoderDecoder  

backbone.LACB_layers2.1.aggregate_conv.bn.bias - torch.Size([64]): 
The value is the same before and after calling `init_weights` of EncoderDecoder  

backbone.LACB_layers2.1.conv3x3.conv.weight - torch.Size([64, 32, 3, 3]): 
Initialized by user-defined `init_weights` in DSANet  

backbone.LACB_layers2.1.conv3x3.bn.weight - torch.Size([64]): 
The value is the same before and after calling `init_weights` of EncoderDecoder  

backbone.LACB_layers2.1.conv3x3.bn.bias - torch.Size([64]): 
The value is the same before and after calling `init_weights` of EncoderDecoder  

backbone.LACB_layers2.1.pwconv.conv.weight - torch.Size([64, 64, 1, 1]): 
Initialized by user-defined `init_weights` in DSANet  

backbone.LACB_layers2.1.pwconv.bn.weight - torch.Size([64]): 
The value is the same before and after calling `init_weights` of EncoderDecoder  

backbone.LACB_layers2.1.pwconv.bn.bias - torch.Size([64]): 
The value is the same before and after calling `init_weights` of EncoderDecoder  

backbone.LACB_layers2.2.aggregate_conv.conv.weight - torch.Size([64, 1, 7, 7]): 
Initialized by user-defined `init_weights` in DSANet  

backbone.LACB_layers2.2.aggregate_conv.bn.weight - torch.Size([64]): 
The value is the same before and after calling `init_weights` of EncoderDecoder  

backbone.LACB_layers2.2.aggregate_conv.bn.bias - torch.Size([64]): 
The value is the same before and after calling `init_weights` of EncoderDecoder  

backbone.LACB_layers2.2.conv3x3.conv.weight - torch.Size([64, 32, 3, 3]): 
Initialized by user-defined `init_weights` in DSANet  

backbone.LACB_layers2.2.conv3x3.bn.weight - torch.Size([64]): 
The value is the same before and after calling `init_weights` of EncoderDecoder  

backbone.LACB_layers2.2.conv3x3.bn.bias - torch.Size([64]): 
The value is the same before and after calling `init_weights` of EncoderDecoder  

backbone.LACB_layers2.2.pwconv.conv.weight - torch.Size([64, 64, 1, 1]): 
Initialized by user-defined `init_weights` in DSANet  

backbone.LACB_layers2.2.pwconv.bn.weight - torch.Size([64]): 
The value is the same before and after calling `init_weights` of EncoderDecoder  

backbone.LACB_layers2.2.pwconv.bn.bias - torch.Size([64]): 
The value is the same before and after calling `init_weights` of EncoderDecoder  

backbone.LACB_layers2.3.aggregate_conv.conv.weight - torch.Size([64, 1, 9, 9]): 
Initialized by user-defined `init_weights` in DSANet  

backbone.LACB_layers2.3.aggregate_conv.bn.weight - torch.Size([64]): 
The value is the same before and after calling `init_weights` of EncoderDecoder  

backbone.LACB_layers2.3.aggregate_conv.bn.bias - torch.Size([64]): 
The value is the same before and after calling `init_weights` of EncoderDecoder  

backbone.LACB_layers2.3.conv3x3.conv.weight - torch.Size([64, 32, 3, 3]): 
Initialized by user-defined `init_weights` in DSANet  

backbone.LACB_layers2.3.conv3x3.bn.weight - torch.Size([64]): 
The value is the same before and after calling `init_weights` of EncoderDecoder  

backbone.LACB_layers2.3.conv3x3.bn.bias - torch.Size([64]): 
The value is the same before and after calling `init_weights` of EncoderDecoder  

backbone.LACB_layers2.3.pwconv.conv.weight - torch.Size([64, 64, 1, 1]): 
Initialized by user-defined `init_weights` in DSANet  

backbone.LACB_layers2.3.pwconv.bn.weight - torch.Size([64]): 
The value is the same before and after calling `init_weights` of EncoderDecoder  

backbone.LACB_layers2.3.pwconv.bn.bias - torch.Size([64]): 
The value is the same before and after calling `init_weights` of EncoderDecoder  

backbone.LACB_layers2.4.aggregate_conv.conv.weight - torch.Size([64, 1, 11, 11]): 
Initialized by user-defined `init_weights` in DSANet  

backbone.LACB_layers2.4.aggregate_conv.bn.weight - torch.Size([64]): 
The value is the same before and after calling `init_weights` of EncoderDecoder  

backbone.LACB_layers2.4.aggregate_conv.bn.bias - torch.Size([64]): 
The value is the same before and after calling `init_weights` of EncoderDecoder  

backbone.LACB_layers2.4.conv3x3.conv.weight - torch.Size([64, 32, 3, 3]): 
Initialized by user-defined `init_weights` in DSANet  

backbone.LACB_layers2.4.conv3x3.bn.weight - torch.Size([64]): 
The value is the same before and after calling `init_weights` of EncoderDecoder  

backbone.LACB_layers2.4.conv3x3.bn.bias - torch.Size([64]): 
The value is the same before and after calling `init_weights` of EncoderDecoder  

backbone.LACB_layers2.4.pwconv.conv.weight - torch.Size([64, 64, 1, 1]): 
Initialized by user-defined `init_weights` in DSANet  

backbone.LACB_layers2.4.pwconv.bn.weight - torch.Size([64]): 
The value is the same before and after calling `init_weights` of EncoderDecoder  

backbone.LACB_layers2.4.pwconv.bn.bias - torch.Size([64]): 
The value is the same before and after calling `init_weights` of EncoderDecoder  

backbone.LACB_layers3.0.aggregate_conv.conv.weight - torch.Size([128, 1, 3, 3]): 
Initialized by user-defined `init_weights` in DSANet  

backbone.LACB_layers3.0.aggregate_conv.bn.weight - torch.Size([128]): 
The value is the same before and after calling `init_weights` of EncoderDecoder  

backbone.LACB_layers3.0.aggregate_conv.bn.bias - torch.Size([128]): 
The value is the same before and after calling `init_weights` of EncoderDecoder  

backbone.LACB_layers3.0.conv3x3.conv.weight - torch.Size([128, 64, 3, 3]): 
Initialized by user-defined `init_weights` in DSANet  

backbone.LACB_layers3.0.conv3x3.bn.weight - torch.Size([128]): 
The value is the same before and after calling `init_weights` of EncoderDecoder  

backbone.LACB_layers3.0.conv3x3.bn.bias - torch.Size([128]): 
The value is the same before and after calling `init_weights` of EncoderDecoder  

backbone.LACB_layers3.0.pwconv.conv.weight - torch.Size([128, 128, 1, 1]): 
Initialized by user-defined `init_weights` in DSANet  

backbone.LACB_layers3.0.pwconv.bn.weight - torch.Size([128]): 
The value is the same before and after calling `init_weights` of EncoderDecoder  

backbone.LACB_layers3.0.pwconv.bn.bias - torch.Size([128]): 
The value is the same before and after calling `init_weights` of EncoderDecoder  

backbone.LACB_layers3.1.aggregate_conv.conv.weight - torch.Size([128, 1, 5, 5]): 
Initialized by user-defined `init_weights` in DSANet  

backbone.LACB_layers3.1.aggregate_conv.bn.weight - torch.Size([128]): 
The value is the same before and after calling `init_weights` of EncoderDecoder  

backbone.LACB_layers3.1.aggregate_conv.bn.bias - torch.Size([128]): 
The value is the same before and after calling `init_weights` of EncoderDecoder  

backbone.LACB_layers3.1.conv3x3.conv.weight - torch.Size([128, 64, 3, 3]): 
Initialized by user-defined `init_weights` in DSANet  

backbone.LACB_layers3.1.conv3x3.bn.weight - torch.Size([128]): 
The value is the same before and after calling `init_weights` of EncoderDecoder  

backbone.LACB_layers3.1.conv3x3.bn.bias - torch.Size([128]): 
The value is the same before and after calling `init_weights` of EncoderDecoder  

backbone.LACB_layers3.1.pwconv.conv.weight - torch.Size([128, 128, 1, 1]): 
Initialized by user-defined `init_weights` in DSANet  

backbone.LACB_layers3.1.pwconv.bn.weight - torch.Size([128]): 
The value is the same before and after calling `init_weights` of EncoderDecoder  

backbone.LACB_layers3.1.pwconv.bn.bias - torch.Size([128]): 
The value is the same before and after calling `init_weights` of EncoderDecoder  

backbone.LACB_layers3.2.aggregate_conv.conv.weight - torch.Size([128, 1, 7, 7]): 
Initialized by user-defined `init_weights` in DSANet  

backbone.LACB_layers3.2.aggregate_conv.bn.weight - torch.Size([128]): 
The value is the same before and after calling `init_weights` of EncoderDecoder  

backbone.LACB_layers3.2.aggregate_conv.bn.bias - torch.Size([128]): 
The value is the same before and after calling `init_weights` of EncoderDecoder  

backbone.LACB_layers3.2.conv3x3.conv.weight - torch.Size([128, 64, 3, 3]): 
Initialized by user-defined `init_weights` in DSANet  

backbone.LACB_layers3.2.conv3x3.bn.weight - torch.Size([128]): 
The value is the same before and after calling `init_weights` of EncoderDecoder  

backbone.LACB_layers3.2.conv3x3.bn.bias - torch.Size([128]): 
The value is the same before and after calling `init_weights` of EncoderDecoder  

backbone.LACB_layers3.2.pwconv.conv.weight - torch.Size([128, 128, 1, 1]): 
Initialized by user-defined `init_weights` in DSANet  

backbone.LACB_layers3.2.pwconv.bn.weight - torch.Size([128]): 
The value is the same before and after calling `init_weights` of EncoderDecoder  

backbone.LACB_layers3.2.pwconv.bn.bias - torch.Size([128]): 
The value is the same before and after calling `init_weights` of EncoderDecoder  

backbone.LACB_layers3.3.aggregate_conv.conv.weight - torch.Size([128, 1, 9, 9]): 
Initialized by user-defined `init_weights` in DSANet  

backbone.LACB_layers3.3.aggregate_conv.bn.weight - torch.Size([128]): 
The value is the same before and after calling `init_weights` of EncoderDecoder  

backbone.LACB_layers3.3.aggregate_conv.bn.bias - torch.Size([128]): 
The value is the same before and after calling `init_weights` of EncoderDecoder  

backbone.LACB_layers3.3.conv3x3.conv.weight - torch.Size([128, 64, 3, 3]): 
Initialized by user-defined `init_weights` in DSANet  

backbone.LACB_layers3.3.conv3x3.bn.weight - torch.Size([128]): 
The value is the same before and after calling `init_weights` of EncoderDecoder  

backbone.LACB_layers3.3.conv3x3.bn.bias - torch.Size([128]): 
The value is the same before and after calling `init_weights` of EncoderDecoder  

backbone.LACB_layers3.3.pwconv.conv.weight - torch.Size([128, 128, 1, 1]): 
Initialized by user-defined `init_weights` in DSANet  

backbone.LACB_layers3.3.pwconv.bn.weight - torch.Size([128]): 
The value is the same before and after calling `init_weights` of EncoderDecoder  

backbone.LACB_layers3.3.pwconv.bn.bias - torch.Size([128]): 
The value is the same before and after calling `init_weights` of EncoderDecoder  

backbone.LACB_layers3.4.aggregate_conv.conv.weight - torch.Size([128, 1, 11, 11]): 
Initialized by user-defined `init_weights` in DSANet  

backbone.LACB_layers3.4.aggregate_conv.bn.weight - torch.Size([128]): 
The value is the same before and after calling `init_weights` of EncoderDecoder  

backbone.LACB_layers3.4.aggregate_conv.bn.bias - torch.Size([128]): 
The value is the same before and after calling `init_weights` of EncoderDecoder  

backbone.LACB_layers3.4.conv3x3.conv.weight - torch.Size([128, 64, 3, 3]): 
Initialized by user-defined `init_weights` in DSANet  

backbone.LACB_layers3.4.conv3x3.bn.weight - torch.Size([128]): 
The value is the same before and after calling `init_weights` of EncoderDecoder  

backbone.LACB_layers3.4.conv3x3.bn.bias - torch.Size([128]): 
The value is the same before and after calling `init_weights` of EncoderDecoder  

backbone.LACB_layers3.4.pwconv.conv.weight - torch.Size([128, 128, 1, 1]): 
Initialized by user-defined `init_weights` in DSANet  

backbone.LACB_layers3.4.pwconv.bn.weight - torch.Size([128]): 
The value is the same before and after calling `init_weights` of EncoderDecoder  

backbone.LACB_layers3.4.pwconv.bn.bias - torch.Size([128]): 
The value is the same before and after calling `init_weights` of EncoderDecoder  

backbone.LACB_layers3.5.aggregate_conv.conv.weight - torch.Size([128, 1, 13, 13]): 
Initialized by user-defined `init_weights` in DSANet  

backbone.LACB_layers3.5.aggregate_conv.bn.weight - torch.Size([128]): 
The value is the same before and after calling `init_weights` of EncoderDecoder  

backbone.LACB_layers3.5.aggregate_conv.bn.bias - torch.Size([128]): 
The value is the same before and after calling `init_weights` of EncoderDecoder  

backbone.LACB_layers3.5.conv3x3.conv.weight - torch.Size([128, 64, 3, 3]): 
Initialized by user-defined `init_weights` in DSANet  

backbone.LACB_layers3.5.conv3x3.bn.weight - torch.Size([128]): 
The value is the same before and after calling `init_weights` of EncoderDecoder  

backbone.LACB_layers3.5.conv3x3.bn.bias - torch.Size([128]): 
The value is the same before and after calling `init_weights` of EncoderDecoder  

backbone.LACB_layers3.5.pwconv.conv.weight - torch.Size([128, 128, 1, 1]): 
Initialized by user-defined `init_weights` in DSANet  

backbone.LACB_layers3.5.pwconv.bn.weight - torch.Size([128]): 
The value is the same before and after calling `init_weights` of EncoderDecoder  

backbone.LACB_layers3.5.pwconv.bn.bias - torch.Size([128]): 
The value is the same before and after calling `init_weights` of EncoderDecoder  

backbone.LACB_layers3.6.aggregate_conv.conv.weight - torch.Size([128, 1, 15, 15]): 
Initialized by user-defined `init_weights` in DSANet  

backbone.LACB_layers3.6.aggregate_conv.bn.weight - torch.Size([128]): 
The value is the same before and after calling `init_weights` of EncoderDecoder  

backbone.LACB_layers3.6.aggregate_conv.bn.bias - torch.Size([128]): 
The value is the same before and after calling `init_weights` of EncoderDecoder  

backbone.LACB_layers3.6.conv3x3.conv.weight - torch.Size([128, 64, 3, 3]): 
Initialized by user-defined `init_weights` in DSANet  

backbone.LACB_layers3.6.conv3x3.bn.weight - torch.Size([128]): 
The value is the same before and after calling `init_weights` of EncoderDecoder  

backbone.LACB_layers3.6.conv3x3.bn.bias - torch.Size([128]): 
The value is the same before and after calling `init_weights` of EncoderDecoder  

backbone.LACB_layers3.6.pwconv.conv.weight - torch.Size([128, 128, 1, 1]): 
Initialized by user-defined `init_weights` in DSANet  

backbone.LACB_layers3.6.pwconv.bn.weight - torch.Size([128]): 
The value is the same before and after calling `init_weights` of EncoderDecoder  

backbone.LACB_layers3.6.pwconv.bn.bias - torch.Size([128]): 
The value is the same before and after calling `init_weights` of EncoderDecoder  

backbone.DSFA.upconv_1.conv.weight - torch.Size([32, 64, 1, 1]): 
Initialized by user-defined `init_weights` in DSANet  

backbone.DSFA.upconv_1.bn.weight - torch.Size([32]): 
The value is the same before and after calling `init_weights` of EncoderDecoder  

backbone.DSFA.upconv_1.bn.bias - torch.Size([32]): 
The value is the same before and after calling `init_weights` of EncoderDecoder  

backbone.DSFA.upconv_2.conv.weight - torch.Size([32, 128, 1, 1]): 
Initialized by user-defined `init_weights` in DSANet  

backbone.DSFA.upconv_2.bn.weight - torch.Size([32]): 
The value is the same before and after calling `init_weights` of EncoderDecoder  

backbone.DSFA.upconv_2.bn.bias - torch.Size([32]): 
The value is the same before and after calling `init_weights` of EncoderDecoder  

backbone.DSFA.DAM.conv_h.weight - torch.Size([32, 1, 3, 3]): 
Initialized by user-defined `init_weights` in DSANet  

backbone.DSFA.DAM.conv_l.weight - torch.Size([32, 1, 3, 3]): 
Initialized by user-defined `init_weights` in DSANet  

backbone.DSFA.DAM.flow_make_detail.weight - torch.Size([128, 32, 3, 3]): 
Initialized by user-defined `init_weights` in DSANet  

backbone.DSFA.DAM.flow_gate.0.weight - torch.Size([1, 4, 3, 3]): 
Initialized by user-defined `init_weights` in DSANet  

backbone.DSFA.SAM.down_h.weight - torch.Size([32, 32, 1, 1]): 
Initialized by user-defined `init_weights` in DSANet  

backbone.DSFA.SAM.down_l.weight - torch.Size([32, 32, 1, 1]): 
Initialized by user-defined `init_weights` in DSANet  

backbone.DSFA.SAM.flow_make.weight - torch.Size([4, 64, 3, 3]): 
Initialized by user-defined `init_weights` in DSANet  

backbone.DSFA.SAM.flow_gate.0.weight - torch.Size([1, 4, 3, 3]): 
Initialized by user-defined `init_weights` in DSANet  

backbone.DSFA.out_conv.conv.weight - torch.Size([32, 96, 1, 1]): 
Initialized by user-defined `init_weights` in DSANet  

backbone.DSFA.out_conv.bn.weight - torch.Size([32]): 
The value is the same before and after calling `init_weights` of EncoderDecoder  

backbone.DSFA.out_conv.bn.bias - torch.Size([32]): 
The value is the same before and after calling `init_weights` of EncoderDecoder  

decode_head.conv_seg.weight - torch.Size([19, 32, 1, 1]): 
Initialized by user-defined `init_weights` in OHEM_HEAD  

decode_head.conv_seg.bias - torch.Size([19]): 
The value is the same before and after calling `init_weights` of EncoderDecoder  

decode_head.ohemhead.conv.conv.weight - torch.Size([32, 32, 3, 3]): 
Initialized by user-defined `init_weights` in OHEM_HEAD  

decode_head.ohemhead.conv.bn.weight - torch.Size([32]): 
The value is the same before and after calling `init_weights` of EncoderDecoder  

decode_head.ohemhead.conv.bn.bias - torch.Size([32]): 
The value is the same before and after calling `init_weights` of EncoderDecoder  

decode_head.ohemhead.norm.weight - torch.Size([32]): 
The value is the same before and after calling `init_weights` of EncoderDecoder  

decode_head.ohemhead.norm.bias - torch.Size([32]): 
The value is the same before and after calling `init_weights` of EncoderDecoder  

auxiliary_head.0.conv_seg.weight - torch.Size([19, 32, 1, 1]): 
The value is the same before and after calling `init_weights` of EncoderDecoder  

auxiliary_head.0.conv_seg.bias - torch.Size([19]): 
The value is the same before and after calling `init_weights` of EncoderDecoder  

auxiliary_head.0.convs.0.conv.weight - torch.Size([32, 64, 3, 3]): 
The value is the same before and after calling `init_weights` of EncoderDecoder  

auxiliary_head.0.convs.0.bn.weight - torch.Size([32]): 
The value is the same before and after calling `init_weights` of EncoderDecoder  

auxiliary_head.0.convs.0.bn.bias - torch.Size([32]): 
The value is the same before and after calling `init_weights` of EncoderDecoder  
2026/07/25 06:37:44 - mmengine - WARNING - "FileClient" will be deprecated in future. Please use io functions in https://mmengine.readthedocs.io/en/latest/api/fileio.html#file-io
2026/07/25 06:37:44 - mmengine - WARNING - "HardDiskBackend" is the alias of "LocalBackend" and the former will be deprecated in future.
2026/07/25 06:37:44 - mmengine - INFO - Checkpoints will be saved to /root/autodl-tmp/DSANet-main/tools/work_dirs/dsanet_cityscapes_512x1024.
2026/07/25 06:38:25 - mmengine - INFO - Iter(train) [   100/160000]  lr: 3.9696e-03  eta: 18:06:44  time: 0.3646  data_time: 0.0261  memory: 9907  loss: 3.5491  decode.loss_ohem: 1.7679  decode.acc_seg: 55.1745  aux_0.loss_ce: 1.7812  aux_0.acc_seg: 50.4524
2026/07/25 06:38:56 - mmengine - INFO - Exp name: dsanet_cityscapes_512x1024_20260725_063741
2026/07/25 06:39:01 - mmengine - INFO - Iter(train) [   200/160000]  lr: 7.9712e-03  eta: 17:08:14  time: 0.3713  data_time: 0.0274  memory: 9906  loss: 2.9508  decode.loss_ohem: 1.5360  decode.acc_seg: 54.2640  aux_0.loss_ce: 1.4149  aux_0.acc_seg: 54.3375
2026/07/25 06:39:39 - mmengine - INFO - Iter(train) [   300/160000]  lr: 1.1973e-02  eta: 16:55:25  time: 0.3718  data_time: 0.0260  memory: 9903  loss: 2.4789  decode.loss_ohem: 1.2986  decode.acc_seg: 60.4595  aux_0.loss_ce: 1.1803  aux_0.acc_seg: 61.4718
2026/07/25 06:40:16 - mmengine - INFO - Iter(train) [   400/160000]  lr: 1.5974e-02  eta: 16:49:26  time: 0.3730  data_time: 0.0265  memory: 9902  loss: 2.2038  decode.loss_ohem: 1.1729  decode.acc_seg: 68.2493  aux_0.loss_ce: 1.0309  aux_0.acc_seg: 64.4022
2026/07/25 06:40:53 - mmengine - INFO - Iter(train) [   500/160000]  lr: 1.9976e-02  eta: 16:45:45  time: 0.3752  data_time: 0.0276  memory: 9903  loss: 2.1543  decode.loss_ohem: 1.1722  decode.acc_seg: 70.1653  aux_0.loss_ce: 0.9820  aux_0.acc_seg: 66.8698
2026/07/25 06:41:31 - mmengine - INFO - Iter(train) [   600/160000]  lr: 2.3978e-02  eta: 16:43:07  time: 0.3741  data_time: 0.0262  memory: 9901  loss: 2.0828  decode.loss_ohem: 1.1435  decode.acc_seg: 76.5001  aux_0.loss_ce: 0.9393  aux_0.acc_seg: 76.3981
2026/07/25 06:42:08 - mmengine - INFO - Iter(train) [   700/160000]  lr: 2.7979e-02  eta: 16:40:54  time: 0.3730  data_time: 0.0253  memory: 9902  loss: 2.0027  decode.loss_ohem: 1.0674  decode.acc_seg: 71.8039  aux_0.loss_ce: 0.9353  aux_0.acc_seg: 69.0587
2026/07/25 06:42:45 - mmengine - INFO - Iter(train) [   800/160000]  lr: 3.1981e-02  eta: 16:39:03  time: 0.3734  data_time: 0.0260  memory: 9900  loss: 1.8453  decode.loss_ohem: 1.0145  decode.acc_seg: 73.7290  aux_0.loss_ce: 0.8308  aux_0.acc_seg: 70.6309
2026/07/25 06:43:23 - mmengine - INFO - Iter(train) [   900/160000]  lr: 3.5982e-02  eta: 16:37:35  time: 0.3730  data_time: 0.0251  memory: 9900  loss: 2.0290  decode.loss_ohem: 1.1714  decode.acc_seg: 75.5518  aux_0.loss_ce: 0.8576  aux_0.acc_seg: 72.4036
2026/07/25 06:44:00 - mmengine - INFO - Exp name: dsanet_cityscapes_512x1024_20260725_063741
2026/07/25 06:44:00 - mmengine - INFO - Iter(train) [  1000/160000]  lr: 3.9984e-02  eta: 16:36:19  time: 0.3744  data_time: 0.0269  memory: 9901  loss: 1.8791  decode.loss_ohem: 1.0634  decode.acc_seg: 75.4397  aux_0.loss_ce: 0.8157  aux_0.acc_seg: 70.4316
2026/07/25 06:44:38 - mmengine - INFO - Iter(train) [  1100/160000]  lr: 4.3986e-02  eta: 16:35:27  time: 0.3751  data_time: 0.0269  memory: 9897  loss: 1.8234  decode.loss_ohem: 1.0420  decode.acc_seg: 79.6276  aux_0.loss_ce: 0.7815  aux_0.acc_seg: 76.2423
2026/07/25 06:45:15 - mmengine - INFO - Iter(train) [  1200/160000]  lr: 4.7987e-02  eta: 16:34:39  time: 0.3754  data_time: 0.0263  memory: 9899  loss: 1.8106  decode.loss_ohem: 1.0062  decode.acc_seg: 78.5858  aux_0.loss_ce: 0.8044  aux_0.acc_seg: 73.8208
2026/07/25 06:45:53 - mmengine - INFO - Iter(train) [  1300/160000]  lr: 5.1989e-02  eta: 16:33:53  time: 0.3742  data_time: 0.0255  memory: 9900  loss: 1.9633  decode.loss_ohem: 1.1397  decode.acc_seg: 70.7537  aux_0.loss_ce: 0.8235  aux_0.acc_seg: 68.9717
2026/07/25 06:46:30 - mmengine - INFO - Iter(train) [  1400/160000]  lr: 5.5990e-02  eta: 16:33:11  time: 0.3750  data_time: 0.0264  memory: 9898  loss: 1.7182  decode.loss_ohem: 0.9974  decode.acc_seg: 82.1513  aux_0.loss_ce: 0.7208  aux_0.acc_seg: 77.8168
2026/07/25 06:47:08 - mmengine - INFO - Iter(train) [  1500/160000]  lr: 5.9992e-02  eta: 16:32:27  time: 0.3747  data_time: 0.0263  memory: 9897  loss: 1.6810  decode.loss_ohem: 0.9692  decode.acc_seg: 79.3348  aux_0.loss_ce: 0.7118  aux_0.acc_seg: 78.2413
2026/07/25 06:47:45 - mmengine - INFO - Iter(train) [  1600/160000]  lr: 6.3994e-02  eta: 16:31:45  time: 0.3752  data_time: 0.0269  memory: 9897  loss: 1.6194  decode.loss_ohem: 0.9448  decode.acc_seg: 85.7880  aux_0.loss_ce: 0.6746  aux_0.acc_seg: 82.5387
2026/07/25 06:48:23 - mmengine - INFO - Iter(train) [  1700/160000]  lr: 6.7995e-02  eta: 16:31:06  time: 0.3743  data_time: 0.0263  memory: 9896  loss: 1.6897  decode.loss_ohem: 1.0040  decode.acc_seg: 80.5903  aux_0.loss_ce: 0.6857  aux_0.acc_seg: 76.9593
2026/07/25 06:49:00 - mmengine - INFO - Iter(train) [  1800/160000]  lr: 7.1997e-02  eta: 16:30:30  time: 0.3748  data_time: 0.0262  memory: 9895  loss: 1.6338  decode.loss_ohem: 0.9663  decode.acc_seg: 78.8132  aux_0.loss_ce: 0.6675  aux_0.acc_seg: 73.4542
2026/07/25 06:49:38 - mmengine - INFO - Iter(train) [  1900/160000]  lr: 7.5998e-02  eta: 16:29:51  time: 0.3753  data_time: 0.0266  memory: 9897  loss: 1.6063  decode.loss_ohem: 0.9440  decode.acc_seg: 83.3197  aux_0.loss_ce: 0.6623  aux_0.acc_seg: 78.3143
2026/07/25 06:50:16 - mmengine - INFO - Exp name: dsanet_cityscapes_512x1024_20260725_063741
2026/07/25 06:50:16 - mmengine - INFO - Iter(train) [  2000/160000]  lr: 8.0000e-02  eta: 16:29:12  time: 0.3753  data_time: 0.0263  memory: 9897  loss: 1.7734  decode.loss_ohem: 1.0340  decode.acc_seg: 82.4916  aux_0.loss_ce: 0.7394  aux_0.acc_seg: 78.1328
2026/07/25 06:50:53 - mmengine - INFO - Iter(train) [  2100/160000]  lr: 7.9955e-02  eta: 16:28:28  time: 0.3742  data_time: 0.0267  memory: 9895  loss: 1.5827  decode.loss_ohem: 0.9935  decode.acc_seg: 86.2083  aux_0.loss_ce: 0.5892  aux_0.acc_seg: 82.3245
2026/07/25 06:51:31 - mmengine - INFO - Iter(train) [  2200/160000]  lr: 7.9909e-02  eta: 16:27:44  time: 0.3759  data_time: 0.0278  memory: 9894  loss: 1.6377  decode.loss_ohem: 0.9921  decode.acc_seg: 88.0782  aux_0.loss_ce: 0.6457  aux_0.acc_seg: 83.4445
2026/07/25 06:52:08 - mmengine - INFO - Iter(train) [  2300/160000]  lr: 7.9864e-02  eta: 16:27:04  time: 0.3767  data_time: 0.0282  memory: 9895  loss: 1.6135  decode.loss_ohem: 1.0032  decode.acc_seg: 86.5018  aux_0.loss_ce: 0.6103  aux_0.acc_seg: 82.7698
2026/07/25 06:52:46 - mmengine - INFO - Iter(train) [  2400/160000]  lr: 7.9818e-02  eta: 16:26:34  time: 0.3862  data_time: 0.0297  memory: 9894  loss: 1.5747  decode.loss_ohem: 0.9747  decode.acc_seg: 81.9368  aux_0.loss_ce: 0.6000  aux_0.acc_seg: 78.0528
2026/07/25 06:53:23 - mmengine - INFO - Iter(train) [  2500/160000]  lr: 7.9773e-02  eta: 16:26:04  time: 0.3737  data_time: 0.0255  memory: 9895  loss: 1.5491  decode.loss_ohem: 0.9724  decode.acc_seg: 84.7373  aux_0.loss_ce: 0.5768  aux_0.acc_seg: 81.0278
2026/07/25 06:54:01 - mmengine - INFO - Iter(train) [  2600/160000]  lr: 7.9727e-02  eta: 16:25:17  time: 0.3746  data_time: 0.0259  memory: 9894  loss: 1.5207  decode.loss_ohem: 0.9308  decode.acc_seg: 89.0883  aux_0.loss_ce: 0.5899  aux_0.acc_seg: 84.2654
2026/07/25 06:54:38 - mmengine - INFO - Iter(train) [  2700/160000]  lr: 7.9681e-02  eta: 16:24:27  time: 0.3723  data_time: 0.0261  memory: 9894  loss: 1.4905  decode.loss_ohem: 0.9052  decode.acc_seg: 83.6053  aux_0.loss_ce: 0.5853  aux_0.acc_seg: 78.7672
2026/07/25 06:55:16 - mmengine - INFO - Iter(train) [  2800/160000]  lr: 7.9636e-02  eta: 16:23:48  time: 0.3757  data_time: 0.0268  memory: 9895  loss: 1.4058  decode.loss_ohem: 0.9003  decode.acc_seg: 83.5950  aux_0.loss_ce: 0.5055  aux_0.acc_seg: 79.9517
2026/07/25 06:55:53 - mmengine - INFO - Iter(train) [  2900/160000]  lr: 7.9590e-02  eta: 16:23:14  time: 0.3760  data_time: 0.0268  memory: 9893  loss: 1.3947  decode.loss_ohem: 0.8742  decode.acc_seg: 82.5695  aux_0.loss_ce: 0.5205  aux_0.acc_seg: 79.6776
2026/07/25 06:56:31 - mmengine - INFO - Exp name: dsanet_cityscapes_512x1024_20260725_063741
2026/07/25 06:56:31 - mmengine - INFO - Iter(train) [  3000/160000]  lr: 7.9545e-02  eta: 16:22:42  time: 0.3763  data_time: 0.0272  memory: 9894  loss: 1.4643  decode.loss_ohem: 0.8992  decode.acc_seg: 86.2362  aux_0.loss_ce: 0.5651  aux_0.acc_seg: 82.7650
2026/07/25 06:57:08 - mmengine - INFO - Iter(train) [  3100/160000]  lr: 7.9499e-02  eta: 16:22:01  time: 0.3769  data_time: 0.0281  memory: 9893  loss: 1.4523  decode.loss_ohem: 0.8961  decode.acc_seg: 89.5072  aux_0.loss_ce: 0.5561  aux_0.acc_seg: 84.1897
2026/07/25 06:57:46 - mmengine - INFO - Iter(train) [  3200/160000]  lr: 7.9453e-02  eta: 16:21:24  time: 0.3778  data_time: 0.0257  memory: 9893  loss: 1.4406  decode.loss_ohem: 0.9140  decode.acc_seg: 88.4676  aux_0.loss_ce: 0.5265  aux_0.acc_seg: 86.3505
2026/07/25 06:58:24 - mmengine - INFO - Iter(train) [  3300/160000]  lr: 7.9408e-02  eta: 16:20:50  time: 0.3742  data_time: 0.0271  memory: 9893  loss: 1.4244  decode.loss_ohem: 0.8993  decode.acc_seg: 87.8634  aux_0.loss_ce: 0.5251  aux_0.acc_seg: 84.2766
2026/07/25 06:59:01 - mmengine - INFO - Iter(train) [  3400/160000]  lr: 7.9362e-02  eta: 16:20:09  time: 0.3745  data_time: 0.0273  memory: 9894  loss: 1.3579  decode.loss_ohem: 0.8569  decode.acc_seg: 85.3158  aux_0.loss_ce: 0.5010  aux_0.acc_seg: 83.5232
2026/07/25 06:59:39 - mmengine - INFO - Iter(train) [  3500/160000]  lr: 7.9317e-02  eta: 16:19:24  time: 0.3734  data_time: 0.0265  memory: 9894  loss: 1.4715  decode.loss_ohem: 0.9744  decode.acc_seg: 89.4165  aux_0.loss_ce: 0.4971  aux_0.acc_seg: 86.6271
2026/07/25 07:00:16 - mmengine - INFO - Iter(train) [  3600/160000]  lr: 7.9271e-02  eta: 16:18:50  time: 0.3745  data_time: 0.0266  memory: 9895  loss: 1.4669  decode.loss_ohem: 0.9313  decode.acc_seg: 81.5497  aux_0.loss_ce: 0.5356  aux_0.acc_seg: 77.5501
2026/07/25 07:00:54 - mmengine - INFO - Iter(train) [  3700/160000]  lr: 7.9225e-02  eta: 16:18:03  time: 0.3754  data_time: 0.0270  memory: 9894  loss: 1.4249  decode.loss_ohem: 0.8809  decode.acc_seg: 85.4694  aux_0.loss_ce: 0.5440  aux_0.acc_seg: 83.2468
2026/07/25 07:01:31 - mmengine - INFO - Iter(train) [  3800/160000]  lr: 7.9180e-02  eta: 16:17:27  time: 0.3746  data_time: 0.0261  memory: 9892  loss: 1.4817  decode.loss_ohem: 0.9492  decode.acc_seg: 86.3199  aux_0.loss_ce: 0.5325  aux_0.acc_seg: 82.7980
2026/07/25 07:02:09 - mmengine - INFO - Iter(train) [  3900/160000]  lr: 7.9134e-02  eta: 16:16:46  time: 0.3739  data_time: 0.0263  memory: 9893  loss: 1.4626  decode.loss_ohem: 0.9468  decode.acc_seg: 83.5024  aux_0.loss_ce: 0.5157  aux_0.acc_seg: 78.8048
2026/07/25 07:02:46 - mmengine - INFO - Exp name: dsanet_cityscapes_512x1024_20260725_063741
2026/07/25 07:02:46 - mmengine - INFO - Iter(train) [  4000/160000]  lr: 7.9089e-02  eta: 16:16:04  time: 0.3732  data_time: 0.0250  memory: 9892  loss: 1.4453  decode.loss_ohem: 0.9005  decode.acc_seg: 82.8021  aux_0.loss_ce: 0.5449  aux_0.acc_seg: 81.3942
2026/07/25 07:03:23 - mmengine - INFO - Iter(train) [  4100/160000]  lr: 7.9043e-02  eta: 16:15:19  time: 0.3732  data_time: 0.0251  memory: 9893  loss: 1.4163  decode.loss_ohem: 0.8801  decode.acc_seg: 84.7052  aux_0.loss_ce: 0.5362  aux_0.acc_seg: 84.0613
2026/07/25 07:04:01 - mmengine - INFO - Iter(train) [  4200/160000]  lr: 7.8997e-02  eta: 16:14:37  time: 0.3721  data_time: 0.0241  memory: 9893  loss: 1.3944  decode.loss_ohem: 0.8810  decode.acc_seg: 84.1776  aux_0.loss_ce: 0.5134  aux_0.acc_seg: 82.4584
2026/07/25 07:04:38 - mmengine - INFO - Iter(train) [  4300/160000]  lr: 7.8952e-02  eta: 16:13:56  time: 0.3743  data_time: 0.0260  memory: 9891  loss: 1.5020  decode.loss_ohem: 0.9442  decode.acc_seg: 83.4426  aux_0.loss_ce: 0.5578  aux_0.acc_seg: 80.1205
2026/07/25 07:05:16 - mmengine - INFO - Iter(train) [  4400/160000]  lr: 7.8906e-02  eta: 16:13:12  time: 0.3747  data_time: 0.0261  memory: 9891  loss: 1.3565  decode.loss_ohem: 0.8365  decode.acc_seg: 83.2529  aux_0.loss_ce: 0.5200  aux_0.acc_seg: 80.2481
2026/07/25 07:05:53 - mmengine - INFO - Iter(train) [  4500/160000]  lr: 7.8860e-02  eta: 16:12:32  time: 0.3754  data_time: 0.0275  memory: 9893  loss: 1.3213  decode.loss_ohem: 0.8434  decode.acc_seg: 90.4025  aux_0.loss_ce: 0.4779  aux_0.acc_seg: 87.5196
2026/07/25 07:06:30 - mmengine - INFO - Iter(train) [  4600/160000]  lr: 7.8815e-02  eta: 16:11:50  time: 0.3759  data_time: 0.0273  memory: 9892  loss: 1.3818  decode.loss_ohem: 0.8745  decode.acc_seg: 83.1648  aux_0.loss_ce: 0.5073  aux_0.acc_seg: 78.7538
2026/07/25 07:07:08 - mmengine - INFO - Iter(train) [  4700/160000]  lr: 7.8769e-02  eta: 16:11:10  time: 0.3742  data_time: 0.0265  memory: 9891  loss: 1.5380  decode.loss_ohem: 0.9512  decode.acc_seg: 85.4183  aux_0.loss_ce: 0.5867  aux_0.acc_seg: 81.7605
2026/07/25 07:07:45 - mmengine - INFO - Iter(train) [  4800/160000]  lr: 7.8724e-02  eta: 16:10:28  time: 0.3748  data_time: 0.0264  memory: 9893  loss: 1.3281  decode.loss_ohem: 0.8068  decode.acc_seg: 85.3441  aux_0.loss_ce: 0.5213  aux_0.acc_seg: 83.6021
2026/07/25 07:08:23 - mmengine - INFO - Iter(train) [  4900/160000]  lr: 7.8678e-02  eta: 16:09:48  time: 0.3749  data_time: 0.0268  memory: 9893  loss: 1.4732  decode.loss_ohem: 0.9510  decode.acc_seg: 80.2576  aux_0.loss_ce: 0.5222  aux_0.acc_seg: 74.9451
2026/07/25 07:09:00 - mmengine - INFO - Exp name: dsanet_cityscapes_512x1024_20260725_063741
2026/07/25 07:09:00 - mmengine - INFO - Iter(train) [  5000/160000]  lr: 7.8632e-02  eta: 16:09:07  time: 0.3733  data_time: 0.0253  memory: 9892  loss: 1.3511  decode.loss_ohem: 0.8689  decode.acc_seg: 86.6040  aux_0.loss_ce: 0.4822  aux_0.acc_seg: 82.4114
2026/07/25 07:09:00 - mmengine - INFO - Saving checkpoint at 5000 iterations
2026/07/25 07:09:06 - mmengine - INFO - Iter(val) [100/250]    eta: 0:00:08  time: 0.0471  data_time: 0.0094  memory: 4499  
2026/07/25 07:09:11 - mmengine - INFO - Iter(val) [200/250]    eta: 0:00:02  time: 0.0472  data_time: 0.0093  memory: 729  
2026/07/25 07:09:13 - mmengine - INFO - per class results:
2026/07/25 07:09:13 - mmengine - INFO - 
+---------------+-------+-------+
|     Class     |  IoU  |  Acc  |
+---------------+-------+-------+
|      road     | 94.92 | 97.71 |
|    sidewalk   |  67.0 | 77.78 |
|    building   |  79.6 | 86.35 |
|      wall     |  1.94 |  1.95 |
|     fence     | 31.05 | 43.01 |
|      pole     | 37.69 | 55.79 |
| traffic light |  2.01 |  2.1  |
|  traffic sign | 33.02 | 51.18 |
|   vegetation  | 84.92 | 93.03 |
|    terrain    | 40.17 | 47.91 |
|      sky      | 76.91 | 97.49 |
|     person    | 41.12 | 84.57 |
|     rider     |  0.7  |  0.71 |
|      car      | 78.64 | 96.28 |
|     truck     |  0.18 |  0.18 |
|      bus      | 27.17 | 33.68 |
|     train     | 11.26 | 15.77 |
|   motorcycle  |  9.98 | 12.94 |
|    bicycle    | 29.12 | 31.26 |
+---------------+-------+-------+
2026/07/25 07:09:13 - mmengine - INFO - Iter(val) [250/250]    aAcc: 88.9900  mIoU: 39.3400  mAcc: 48.9300  data_time: 0.0109  time: 0.0508
2026/07/25 07:09:13 - mmengine - INFO - The best checkpoint with 39.3400 mIoU at 5000 iter is saved to best_mIoU_iter_5000.pth.
2026/07/25 07:09:51 - mmengine - INFO - Iter(train) [  5100/160000]  lr: 7.8587e-02  eta: 16:08:46  time: 0.3735  data_time: 0.0263  memory: 9893  loss: 1.4134  decode.loss_ohem: 0.9336  decode.acc_seg: 81.6413  aux_0.loss_ce: 0.4798  aux_0.acc_seg: 80.1955
2026/07/25 07:10:29 - mmengine - INFO - Iter(train) [  5200/160000]  lr: 7.8541e-02  eta: 16:08:07  time: 0.3739  data_time: 0.0260  memory: 9894  loss: 1.3597  decode.loss_ohem: 0.8934  decode.acc_seg: 87.1603  aux_0.loss_ce: 0.4662  aux_0.acc_seg: 82.3346
2026/07/25 07:11:06 - mmengine - INFO - Iter(train) [  5300/160000]  lr: 7.8495e-02  eta: 16:07:29  time: 0.3757  data_time: 0.0264  memory: 9894  loss: 1.2289  decode.loss_ohem: 0.7507  decode.acc_seg: 89.0495  aux_0.loss_ce: 0.4783  aux_0.acc_seg: 83.6517
2026/07/25 07:11:44 - mmengine - INFO - Iter(train) [  5400/160000]  lr: 7.8450e-02  eta: 16:06:49  time: 0.3750  data_time: 0.0268  memory: 9893  loss: 1.2062  decode.loss_ohem: 0.7928  decode.acc_seg: 87.0953  aux_0.loss_ce: 0.4134  aux_0.acc_seg: 83.2605
2026/07/25 07:12:21 - mmengine - INFO - Iter(train) [  5500/160000]  lr: 7.8404e-02  eta: 16:06:14  time: 0.3743  data_time: 0.0264  memory: 9895  loss: 1.3558  decode.loss_ohem: 0.8687  decode.acc_seg: 83.8095  aux_0.loss_ce: 0.4871  aux_0.acc_seg: 81.0526
2026/07/25 07:12:59 - mmengine - INFO - Iter(train) [  5600/160000]  lr: 7.8358e-02  eta: 16:05:36  time: 0.3751  data_time: 0.0268  memory: 9893  loss: 1.3271  decode.loss_ohem: 0.8638  decode.acc_seg: 85.2320  aux_0.loss_ce: 0.4633  aux_0.acc_seg: 80.6897
2026/07/25 07:13:36 - mmengine - INFO - Iter(train) [  5700/160000]  lr: 7.8313e-02  eta: 16:04:59  time: 0.3737  data_time: 0.0265  memory: 9894  loss: 1.3536  decode.loss_ohem: 0.8542  decode.acc_seg: 86.4889  aux_0.loss_ce: 0.4994  aux_0.acc_seg: 83.7149
2026/07/25 07:14:14 - mmengine - INFO - Iter(train) [  5800/160000]  lr: 7.8267e-02  eta: 16:04:19  time: 0.3745  data_time: 0.0265  memory: 9894  loss: 1.4895  decode.loss_ohem: 0.9464  decode.acc_seg: 85.5637  aux_0.loss_ce: 0.5430  aux_0.acc_seg: 79.6391
2026/07/25 07:14:51 - mmengine - INFO - Iter(train) [  5900/160000]  lr: 7.8221e-02  eta: 16:03:42  time: 0.3764  data_time: 0.0270  memory: 9894  loss: 1.4748  decode.loss_ohem: 0.9584  decode.acc_seg: 86.9677  aux_0.loss_ce: 0.5163  aux_0.acc_seg: 81.9733
2026/07/25 07:15:29 - mmengine - INFO - Exp name: dsanet_cityscapes_512x1024_20260725_063741
2026/07/25 07:15:29 - mmengine - INFO - Iter(train) [  6000/160000]  lr: 7.8176e-02  eta: 16:03:06  time: 0.3765  data_time: 0.0273  memory: 9894  loss: 1.3661  decode.loss_ohem: 0.8556  decode.acc_seg: 87.5689  aux_0.loss_ce: 0.5105  aux_0.acc_seg: 84.4039
2026/07/25 07:16:06 - mmengine - INFO - Iter(train) [  6100/160000]  lr: 7.8130e-02  eta: 16:02:30  time: 0.3769  data_time: 0.0279  memory: 9893  loss: 1.4113  decode.loss_ohem: 0.8892  decode.acc_seg: 88.5934  aux_0.loss_ce: 0.5221  aux_0.acc_seg: 76.6783
2026/07/25 07:16:44 - mmengine - INFO - Iter(train) [  6200/160000]  lr: 7.8084e-02  eta: 16:01:51  time: 0.3748  data_time: 0.0262  memory: 9894  loss: 1.2809  decode.loss_ohem: 0.8142  decode.acc_seg: 87.6272  aux_0.loss_ce: 0.4667  aux_0.acc_seg: 83.3685
2026/07/25 07:17:21 - mmengine - INFO - Iter(train) [  6300/160000]  lr: 7.8039e-02  eta: 16:01:14  time: 0.3758  data_time: 0.0266  memory: 9894  loss: 1.3622  decode.loss_ohem: 0.8613  decode.acc_seg: 88.3264  aux_0.loss_ce: 0.5008  aux_0.acc_seg: 86.6329
2026/07/25 07:17:59 - mmengine - INFO - Iter(train) [  6400/160000]  lr: 7.7993e-02  eta: 16:00:37  time: 0.3749  data_time: 0.0263  memory: 9895  loss: 1.1903  decode.loss_ohem: 0.7532  decode.acc_seg: 90.4929  aux_0.loss_ce: 0.4371  aux_0.acc_seg: 86.3624
2026/07/25 07:18:36 - mmengine - INFO - Iter(train) [  6500/160000]  lr: 7.7947e-02  eta: 15:59:58  time: 0.3755  data_time: 0.0270  memory: 9893  loss: 1.3605  decode.loss_ohem: 0.9104  decode.acc_seg: 87.6140  aux_0.loss_ce: 0.4502  aux_0.acc_seg: 83.4706
2026/07/25 07:19:14 - mmengine - INFO - Iter(train) [  6600/160000]  lr: 7.7901e-02  eta: 15:59:20  time: 0.3756  data_time: 0.0268  memory: 9893  loss: 1.3452  decode.loss_ohem: 0.8606  decode.acc_seg: 91.1287  aux_0.loss_ce: 0.4846  aux_0.acc_seg: 86.1626
2026/07/25 07:19:51 - mmengine - INFO - Iter(train) [  6700/160000]  lr: 7.7856e-02  eta: 15:58:41  time: 0.3761  data_time: 0.0270  memory: 9895  loss: 1.4403  decode.loss_ohem: 0.9490  decode.acc_seg: 86.2257  aux_0.loss_ce: 0.4913  aux_0.acc_seg: 81.0231
2026/07/25 07:20:29 - mmengine - INFO - Iter(train) [  6800/160000]  lr: 7.7810e-02  eta: 15:58:01  time: 0.3746  data_time: 0.0263  memory: 9895  loss: 1.3603  decode.loss_ohem: 0.8641  decode.acc_seg: 89.7975  aux_0.loss_ce: 0.4962  aux_0.acc_seg: 85.4617
2026/07/25 07:21:06 - mmengine - INFO - Iter(train) [  6900/160000]  lr: 7.7764e-02  eta: 15:57:20  time: 0.3748  data_time: 0.0261  memory: 9894  loss: 1.2768  decode.loss_ohem: 0.8361  decode.acc_seg: 82.4145  aux_0.loss_ce: 0.4407  aux_0.acc_seg: 79.8863
2026/07/25 07:21:44 - mmengine - INFO - Exp name: dsanet_cityscapes_512x1024_20260725_063741
2026/07/25 07:21:44 - mmengine - INFO - Iter(train) [  7000/160000]  lr: 7.7719e-02  eta: 15:56:42  time: 0.3751  data_time: 0.0254  memory: 9894  loss: 1.4620  decode.loss_ohem: 0.9076  decode.acc_seg: 84.0094  aux_0.loss_ce: 0.5544  aux_0.acc_seg: 76.9856
2026/07/25 07:22:21 - mmengine - INFO - Iter(train) [  7100/160000]  lr: 7.7673e-02  eta: 15:56:03  time: 0.3759  data_time: 0.0271  memory: 9894  loss: 1.5700  decode.loss_ohem: 0.9819  decode.acc_seg: 82.8408  aux_0.loss_ce: 0.5881  aux_0.acc_seg: 78.9968
2026/07/25 07:22:59 - mmengine - INFO - Iter(train) [  7200/160000]  lr: 7.7627e-02  eta: 15:55:26  time: 0.3748  data_time: 0.0265  memory: 9893  loss: 1.3554  decode.loss_ohem: 0.8963  decode.acc_seg: 85.5951  aux_0.loss_ce: 0.4591  aux_0.acc_seg: 83.6817
2026/07/25 07:23:36 - mmengine - INFO - Iter(train) [  7300/160000]  lr: 7.7581e-02  eta: 15:54:49  time: 0.3760  data_time: 0.0273  memory: 9893  loss: 1.2830  decode.loss_ohem: 0.8159  decode.acc_seg: 87.8960  aux_0.loss_ce: 0.4671  aux_0.acc_seg: 84.6760
2026/07/25 07:24:14 - mmengine - INFO - Iter(train) [  7400/160000]  lr: 7.7536e-02  eta: 15:54:12  time: 0.3749  data_time: 0.0272  memory: 9895  loss: 1.2496  decode.loss_ohem: 0.8323  decode.acc_seg: 89.7486  aux_0.loss_ce: 0.4173  aux_0.acc_seg: 85.6972
2026/07/25 07:24:51 - mmengine - INFO - Iter(train) [  7500/160000]  lr: 7.7490e-02  eta: 15:53:34  time: 0.3751  data_time: 0.0267  memory: 9893  loss: 1.2343  decode.loss_ohem: 0.8190  decode.acc_seg: 89.1623  aux_0.loss_ce: 0.4153  aux_0.acc_seg: 85.4258
2026/07/25 07:25:29 - mmengine - INFO - Iter(train) [  7600/160000]  lr: 7.7444e-02  eta: 15:52:57  time: 0.3749  data_time: 0.0266  memory: 9894  loss: 1.4543  decode.loss_ohem: 0.9381  decode.acc_seg: 87.6429  aux_0.loss_ce: 0.5163  aux_0.acc_seg: 83.9440
2026/07/25 07:26:06 - mmengine - INFO - Iter(train) [  7700/160000]  lr: 7.7399e-02  eta: 15:52:19  time: 0.3756  data_time: 0.0260  memory: 9896  loss: 1.1560  decode.loss_ohem: 0.7278  decode.acc_seg: 87.6940  aux_0.loss_ce: 0.4283  aux_0.acc_seg: 83.0629
2026/07/25 07:26:44 - mmengine - INFO - Iter(train) [  7800/160000]  lr: 7.7353e-02  eta: 15:51:40  time: 0.3741  data_time: 0.0268  memory: 9894  loss: 1.2657  decode.loss_ohem: 0.8324  decode.acc_seg: 82.4760  aux_0.loss_ce: 0.4333  aux_0.acc_seg: 77.4044
2026/07/25 07:27:21 - mmengine - INFO - Iter(train) [  7900/160000]  lr: 7.7307e-02  eta: 15:51:01  time: 0.3767  data_time: 0.0276  memory: 9892  loss: 1.4058  decode.loss_ohem: 0.9222  decode.acc_seg: 85.4952  aux_0.loss_ce: 0.4836  aux_0.acc_seg: 83.0314
2026/07/25 07:27:58 - mmengine - INFO - Exp name: dsanet_cityscapes_512x1024_20260725_063741
2026/07/25 07:27:58 - mmengine - INFO - Iter(train) [  8000/160000]  lr: 7.7261e-02  eta: 15:50:20  time: 0.3707  data_time: 0.0266  memory: 9894  loss: 1.3237  decode.loss_ohem: 0.8201  decode.acc_seg: 86.2591  aux_0.loss_ce: 0.5035  aux_0.acc_seg: 80.9372
2026/07/25 07:28:36 - mmengine - INFO - Iter(train) [  8100/160000]  lr: 7.7216e-02  eta: 15:49:44  time: 0.3768  data_time: 0.0275  memory: 9892  loss: 1.2941  decode.loss_ohem: 0.8387  decode.acc_seg: 90.6541  aux_0.loss_ce: 0.4554  aux_0.acc_seg: 89.0708
2026/07/25 07:29:13 - mmengine - INFO - Iter(train) [  8200/160000]  lr: 7.7170e-02  eta: 15:49:05  time: 0.3732  data_time: 0.0263  memory: 9893  loss: 1.2969  decode.loss_ohem: 0.8666  decode.acc_seg: 86.1674  aux_0.loss_ce: 0.4302  aux_0.acc_seg: 83.7998
2026/07/25 07:29:51 - mmengine - INFO - Iter(train) [  8300/160000]  lr: 7.7124e-02  eta: 15:48:26  time: 0.3743  data_time: 0.0268  memory: 9894  loss: 1.4163  decode.loss_ohem: 0.9547  decode.acc_seg: 83.4905  aux_0.loss_ce: 0.4616  aux_0.acc_seg: 81.7267
2026/07/25 07:30:29 - mmengine - INFO - Iter(train) [  8400/160000]  lr: 7.7078e-02  eta: 15:47:52  time: 0.3757  data_time: 0.0268  memory: 9892  loss: 1.3396  decode.loss_ohem: 0.9028  decode.acc_seg: 82.4151  aux_0.loss_ce: 0.4368  aux_0.acc_seg: 78.3280
2026/07/25 07:31:06 - mmengine - INFO - Iter(train) [  8500/160000]  lr: 7.7033e-02  eta: 15:47:14  time: 0.3758  data_time: 0.0267  memory: 9893  loss: 1.2688  decode.loss_ohem: 0.8243  decode.acc_seg: 86.0922  aux_0.loss_ce: 0.4445  aux_0.acc_seg: 82.6469
2026/07/25 07:31:44 - mmengine - INFO - Iter(train) [  8600/160000]  lr: 7.6987e-02  eta: 15:46:36  time: 0.3730  data_time: 0.0255  memory: 9895  loss: 1.2811  decode.loss_ohem: 0.8614  decode.acc_seg: 89.5479  aux_0.loss_ce: 0.4197  aux_0.acc_seg: 85.6609
2026/07/25 07:32:21 - mmengine - INFO - Iter(train) [  8700/160000]  lr: 7.6941e-02  eta: 15:45:58  time: 0.3748  data_time: 0.0269  memory: 9894  loss: 1.3016  decode.loss_ohem: 0.8547  decode.acc_seg: 91.0404  aux_0.loss_ce: 0.4469  aux_0.acc_seg: 86.7845
2026/07/25 07:32:59 - mmengine - INFO - Iter(train) [  8800/160000]  lr: 7.6895e-02  eta: 15:45:20  time: 0.3751  data_time: 0.0271  memory: 9892  loss: 1.2923  decode.loss_ohem: 0.8649  decode.acc_seg: 87.2869  aux_0.loss_ce: 0.4274  aux_0.acc_seg: 83.0990
2026/07/25 07:33:36 - mmengine - INFO - Iter(train) [  8900/160000]  lr: 7.6850e-02  eta: 15:44:41  time: 0.3736  data_time: 0.0252  memory: 9892  loss: 1.3697  decode.loss_ohem: 0.8984  decode.acc_seg: 84.3395  aux_0.loss_ce: 0.4713  aux_0.acc_seg: 83.6701
2026/07/25 07:34:13 - mmengine - INFO - Exp name: dsanet_cityscapes_512x1024_20260725_063741
2026/07/25 07:34:13 - mmengine - INFO - Iter(train) [  9000/160000]  lr: 7.6804e-02  eta: 15:44:02  time: 0.3750  data_time: 0.0262  memory: 9891  loss: 1.3049  decode.loss_ohem: 0.8514  decode.acc_seg: 86.2432  aux_0.loss_ce: 0.4535  aux_0.acc_seg: 82.3646
2026/07/25 07:34:51 - mmengine - INFO - Iter(train) [  9100/160000]  lr: 7.6758e-02  eta: 15:43:23  time: 0.3754  data_time: 0.0265  memory: 9893  loss: 1.3268  decode.loss_ohem: 0.8462  decode.acc_seg: 87.3050  aux_0.loss_ce: 0.4807  aux_0.acc_seg: 82.2474
2026/07/25 07:35:28 - mmengine - INFO - Iter(train) [  9200/160000]  lr: 7.6712e-02  eta: 15:42:45  time: 0.3760  data_time: 0.0272  memory: 9894  loss: 1.2578  decode.loss_ohem: 0.7817  decode.acc_seg: 85.9038  aux_0.loss_ce: 0.4761  aux_0.acc_seg: 81.7793
2026/07/25 07:36:06 - mmengine - INFO - Iter(train) [  9300/160000]  lr: 7.6666e-02  eta: 15:42:06  time: 0.3743  data_time: 0.0266  memory: 9892  loss: 1.2905  decode.loss_ohem: 0.8466  decode.acc_seg: 84.7918  aux_0.loss_ce: 0.4439  aux_0.acc_seg: 81.5676
2026/07/25 07:36:43 - mmengine - INFO - Iter(train) [  9400/160000]  lr: 7.6621e-02  eta: 15:41:31  time: 0.3771  data_time: 0.0261  memory: 9893  loss: 1.4058  decode.loss_ohem: 0.9177  decode.acc_seg: 89.7110  aux_0.loss_ce: 0.4881  aux_0.acc_seg: 85.4533
2026/07/25 07:37:21 - mmengine - INFO - Iter(train) [  9500/160000]  lr: 7.6575e-02  eta: 15:40:51  time: 0.3757  data_time: 0.0277  memory: 9893  loss: 1.2893  decode.loss_ohem: 0.8466  decode.acc_seg: 85.5197  aux_0.loss_ce: 0.4427  aux_0.acc_seg: 81.9076
2026/07/25 07:37:58 - mmengine - INFO - Iter(train) [  9600/160000]  lr: 7.6529e-02  eta: 15:40:14  time: 0.3763  data_time: 0.0272  memory: 9892  loss: 1.2724  decode.loss_ohem: 0.8198  decode.acc_seg: 88.6143  aux_0.loss_ce: 0.4526  aux_0.acc_seg: 85.7373
2026/07/25 07:38:36 - mmengine - INFO - Iter(train) [  9700/160000]  lr: 7.6483e-02  eta: 15:39:33  time: 0.3744  data_time: 0.0262  memory: 9892  loss: 1.3355  decode.loss_ohem: 0.8668  decode.acc_seg: 88.4292  aux_0.loss_ce: 0.4686  aux_0.acc_seg: 84.1928
2026/07/25 07:39:13 - mmengine - INFO - Iter(train) [  9800/160000]  lr: 7.6438e-02  eta: 15:38:57  time: 0.3740  data_time: 0.0269  memory: 9893  loss: 1.2442  decode.loss_ohem: 0.8218  decode.acc_seg: 90.5024  aux_0.loss_ce: 0.4223  aux_0.acc_seg: 86.8761
2026/07/25 07:39:51 - mmengine - INFO - Iter(train) [  9900/160000]  lr: 7.6392e-02  eta: 15:38:18  time: 0.3765  data_time: 0.0274  memory: 9892  loss: 1.1721  decode.loss_ohem: 0.7500  decode.acc_seg: 88.6439  aux_0.loss_ce: 0.4220  aux_0.acc_seg: 82.0209
2026/07/25 07:40:28 - mmengine - INFO - Exp name: dsanet_cityscapes_512x1024_20260725_063741
2026/07/25 07:40:28 - mmengine - INFO - Iter(train) [ 10000/160000]  lr: 7.6346e-02  eta: 15:37:40  time: 0.3750  data_time: 0.0270  memory: 9892  loss: 1.3038  decode.loss_ohem: 0.8672  decode.acc_seg: 86.6851  aux_0.loss_ce: 0.4366  aux_0.acc_seg: 78.2752
2026/07/25 07:40:28 - mmengine - INFO - Saving checkpoint at 10000 iterations
2026/07/25 07:40:33 - mmengine - INFO - Iter(val) [100/250]    eta: 0:00:07  time: 0.0461  data_time: 0.0091  memory: 729  
2026/07/25 07:40:38 - mmengine - INFO - Iter(val) [200/250]    eta: 0:00:02  time: 0.0467  data_time: 0.0094  memory: 729  
2026/07/25 07:40:40 - mmengine - INFO - per class results:
2026/07/25 07:40:40 - mmengine - INFO - 
+---------------+-------+-------+
|     Class     |  IoU  |  Acc  |
+---------------+-------+-------+
|      road     | 95.57 | 98.67 |
|    sidewalk   | 69.14 | 75.57 |
|    building   | 85.06 | 93.75 |
|      wall     | 27.69 | 32.88 |
|     fence     | 32.11 |  45.3 |
|      pole     | 42.31 | 49.76 |
| traffic light | 16.36 | 17.41 |
|  traffic sign | 47.04 | 52.12 |
|   vegetation  | 87.38 |  93.6 |
|    terrain    | 46.25 | 79.63 |
|      sky      | 91.03 |  95.8 |
|     person    | 60.19 | 74.77 |
|     rider     | 18.63 | 20.01 |
|      car      | 87.09 | 93.85 |
|     truck     | 22.92 | 35.14 |
|      bus      | 12.41 |  13.7 |
|     train     |  14.6 | 72.64 |
|   motorcycle  |  2.31 |  2.34 |
|    bicycle    | 57.01 |  74.5 |
+---------------+-------+-------+
2026/07/25 07:40:40 - mmengine - INFO - Iter(val) [250/250]    aAcc: 91.5000  mIoU: 48.1600  mAcc: 59.0200  data_time: 0.0102  time: 0.0473
2026/07/25 07:40:40 - mmengine - INFO - The previous best checkpoint /root/autodl-tmp/DSANet-main/tools/work_dirs/dsanet_cityscapes_512x1024/best_mIoU_iter_5000.pth is removed
2026/07/25 07:40:41 - mmengine - INFO - The best checkpoint with 48.1600 mIoU at 10000 iter is saved to best_mIoU_iter_10000.pth.
2026/07/25 07:41:18 - mmengine - INFO - Iter(train) [ 10100/160000]  lr: 7.6300e-02  eta: 15:37:11  time: 0.3740  data_time: 0.0262  memory: 9894  loss: 1.2658  decode.loss_ohem: 0.8137  decode.acc_seg: 87.5091  aux_0.loss_ce: 0.4521  aux_0.acc_seg: 85.0300
2026/07/25 07:41:56 - mmengine - INFO - Iter(train) [ 10200/160000]  lr: 7.6254e-02  eta: 15:36:33  time: 0.3739  data_time: 0.0266  memory: 9892  loss: 1.2112  decode.loss_ohem: 0.7905  decode.acc_seg: 90.0467  aux_0.loss_ce: 0.4206  aux_0.acc_seg: 84.7886
2026/07/25 07:42:33 - mmengine - INFO - Iter(train) [ 10300/160000]  lr: 7.6208e-02  eta: 15:35:54  time: 0.3741  data_time: 0.0263  memory: 9892  loss: 1.1969  decode.loss_ohem: 0.8091  decode.acc_seg: 86.1761  aux_0.loss_ce: 0.3878  aux_0.acc_seg: 83.3542
2026/07/25 07:43:11 - mmengine - INFO - Iter(train) [ 10400/160000]  lr: 7.6163e-02  eta: 15:35:17  time: 0.3771  data_time: 0.0259  memory: 9893  loss: 1.2882  decode.loss_ohem: 0.8400  decode.acc_seg: 88.7858  aux_0.loss_ce: 0.4481  aux_0.acc_seg: 82.8818
2026/07/25 07:43:48 - mmengine - INFO - Iter(train) [ 10500/160000]  lr: 7.6117e-02  eta: 15:34:39  time: 0.3760  data_time: 0.0276  memory: 9894  loss: 1.3579  decode.loss_ohem: 0.8994  decode.acc_seg: 85.1908  aux_0.loss_ce: 0.4584  aux_0.acc_seg: 79.8517
2026/07/25 07:44:26 - mmengine - INFO - Iter(train) [ 10600/160000]  lr: 7.6071e-02  eta: 15:34:01  time: 0.3752  data_time: 0.0269  memory: 9892  loss: 1.1889  decode.loss_ohem: 0.7798  decode.acc_seg: 89.4859  aux_0.loss_ce: 0.4092  aux_0.acc_seg: 81.0864
2026/07/25 07:45:03 - mmengine - INFO - Iter(train) [ 10700/160000]  lr: 7.6025e-02  eta: 15:33:19  time: 0.3732  data_time: 0.0259  memory: 9893  loss: 1.2529  decode.loss_ohem: 0.8191  decode.acc_seg: 85.0590  aux_0.loss_ce: 0.4338  aux_0.acc_seg: 81.8042
2026/07/25 07:45:41 - mmengine - INFO - Iter(train) [ 10800/160000]  lr: 7.5979e-02  eta: 15:32:42  time: 0.3747  data_time: 0.0267  memory: 9894  loss: 1.2198  decode.loss_ohem: 0.8141  decode.acc_seg: 91.6641  aux_0.loss_ce: 0.4058  aux_0.acc_seg: 89.0793
2026/07/25 07:46:18 - mmengine - INFO - Iter(train) [ 10900/160000]  lr: 7.5934e-02  eta: 15:32:03  time: 0.3755  data_time: 0.0271  memory: 9894  loss: 1.3329  decode.loss_ohem: 0.8890  decode.acc_seg: 88.5890  aux_0.loss_ce: 0.4439  aux_0.acc_seg: 83.1944
2026/07/25 07:46:56 - mmengine - INFO - Exp name: dsanet_cityscapes_512x1024_20260725_063741
2026/07/25 07:46:56 - mmengine - INFO - Iter(train) [ 11000/160000]  lr: 7.5888e-02  eta: 15:31:26  time: 0.3756  data_time: 0.0271  memory: 9892  loss: 1.2390  decode.loss_ohem: 0.8193  decode.acc_seg: 88.3436  aux_0.loss_ce: 0.4197  aux_0.acc_seg: 84.3196
2026/07/25 07:47:33 - mmengine - INFO - Iter(train) [ 11100/160000]  lr: 7.5842e-02  eta: 15:30:48  time: 0.3740  data_time: 0.0256  memory: 9893  loss: 1.3375  decode.loss_ohem: 0.9126  decode.acc_seg: 88.2202  aux_0.loss_ce: 0.4248  aux_0.acc_seg: 83.5166
2026/07/25 07:48:10 - mmengine - INFO - Iter(train) [ 11200/160000]  lr: 7.5796e-02  eta: 15:30:07  time: 0.3730  data_time: 0.0262  memory: 9893  loss: 1.2360  decode.loss_ohem: 0.8029  decode.acc_seg: 87.2840  aux_0.loss_ce: 0.4331  aux_0.acc_seg: 82.1838
2026/07/25 07:48:48 - mmengine - INFO - Iter(train) [ 11300/160000]  lr: 7.5750e-02  eta: 15:29:31  time: 0.3753  data_time: 0.0263  memory: 9892  loss: 1.2614  decode.loss_ohem: 0.8374  decode.acc_seg: 83.1773  aux_0.loss_ce: 0.4240  aux_0.acc_seg: 80.1330
2026/07/25 07:49:25 - mmengine - INFO - Iter(train) [ 11400/160000]  lr: 7.5704e-02  eta: 15:28:54  time: 0.3759  data_time: 0.0269  memory: 9892  loss: 1.2640  decode.loss_ohem: 0.8129  decode.acc_seg: 88.5056  aux_0.loss_ce: 0.4511  aux_0.acc_seg: 86.0191
2026/07/25 07:50:03 - mmengine - INFO - Iter(train) [ 11500/160000]  lr: 7.5659e-02  eta: 15:28:16  time: 0.3725  data_time: 0.0267  memory: 9894  loss: 1.3654  decode.loss_ohem: 0.9002  decode.acc_seg: 81.1081  aux_0.loss_ce: 0.4651  aux_0.acc_seg: 78.7172
2026/07/25 07:50:40 - mmengine - INFO - Iter(train) [ 11600/160000]  lr: 7.5613e-02  eta: 15:27:38  time: 0.3754  data_time: 0.0274  memory: 9893  loss: 1.2692  decode.loss_ohem: 0.8751  decode.acc_seg: 87.7164  aux_0.loss_ce: 0.3941  aux_0.acc_seg: 84.5243
2026/07/25 07:51:18 - mmengine - INFO - Iter(train) [ 11700/160000]  lr: 7.5567e-02  eta: 15:27:00  time: 0.3750  data_time: 0.0271  memory: 9892  loss: 1.2081  decode.loss_ohem: 0.8024  decode.acc_seg: 89.6034  aux_0.loss_ce: 0.4057  aux_0.acc_seg: 84.0200
2026/07/25 07:51:55 - mmengine - INFO - Iter(train) [ 11800/160000]  lr: 7.5521e-02  eta: 15:26:23  time: 0.3754  data_time: 0.0265  memory: 9893  loss: 1.2193  decode.loss_ohem: 0.7907  decode.acc_seg: 86.8138  aux_0.loss_ce: 0.4286  aux_0.acc_seg: 83.2001
2026/07/25 07:52:33 - mmengine - INFO - Iter(train) [ 11900/160000]  lr: 7.5475e-02  eta: 15:25:44  time: 0.3739  data_time: 0.0264  memory: 9892  loss: 1.3028  decode.loss_ohem: 0.8718  decode.acc_seg: 90.6600  aux_0.loss_ce: 0.4310  aux_0.acc_seg: 85.6071
2026/07/25 07:53:10 - mmengine - INFO - Exp name: dsanet_cityscapes_512x1024_20260725_063741
2026/07/25 07:53:10 - mmengine - INFO - Iter(train) [ 12000/160000]  lr: 7.5429e-02  eta: 15:25:07  time: 0.3748  data_time: 0.0259  memory: 9891  loss: 1.2208  decode.loss_ohem: 0.8112  decode.acc_seg: 86.6432  aux_0.loss_ce: 0.4096  aux_0.acc_seg: 85.9332
2026/07/25 07:53:48 - mmengine - INFO - Iter(train) [ 12100/160000]  lr: 7.5383e-02  eta: 15:24:30  time: 0.3741  data_time: 0.0267  memory: 9894  loss: 1.2618  decode.loss_ohem: 0.8483  decode.acc_seg: 87.7587  aux_0.loss_ce: 0.4134  aux_0.acc_seg: 82.5967
2026/07/25 07:54:25 - mmengine - INFO - Iter(train) [ 12200/160000]  lr: 7.5338e-02  eta: 15:23:51  time: 0.3743  data_time: 0.0268  memory: 9893  loss: 1.2330  decode.loss_ohem: 0.8305  decode.acc_seg: 91.3268  aux_0.loss_ce: 0.4026  aux_0.acc_seg: 88.1340
2026/07/25 07:55:03 - mmengine - INFO - Iter(train) [ 12300/160000]  lr: 7.5292e-02  eta: 15:23:14  time: 0.3771  data_time: 0.0280  memory: 9892  loss: 1.3058  decode.loss_ohem: 0.8596  decode.acc_seg: 85.6681  aux_0.loss_ce: 0.4462  aux_0.acc_seg: 79.9343
2026/07/25 07:55:40 - mmengine - INFO - Iter(train) [ 12400/160000]  lr: 7.5246e-02  eta: 15:22:36  time: 0.3759  data_time: 0.0267  memory: 9891  loss: 1.2283  decode.loss_ohem: 0.7745  decode.acc_seg: 92.2630  aux_0.loss_ce: 0.4538  aux_0.acc_seg: 88.4618
2026/07/25 07:56:18 - mmengine - INFO - Iter(train) [ 12500/160000]  lr: 7.5200e-02  eta: 15:21:58  time: 0.3749  data_time: 0.0265  memory: 9893  loss: 1.1450  decode.loss_ohem: 0.7438  decode.acc_seg: 89.5612  aux_0.loss_ce: 0.4012  aux_0.acc_seg: 87.1831
2026/07/25 07:56:55 - mmengine - INFO - Iter(train) [ 12600/160000]  lr: 7.5154e-02  eta: 15:21:20  time: 0.3748  data_time: 0.0269  memory: 9893  loss: 1.3069  decode.loss_ohem: 0.8935  decode.acc_seg: 88.5291  aux_0.loss_ce: 0.4134  aux_0.acc_seg: 83.0979
2026/07/25 07:57:33 - mmengine - INFO - Iter(train) [ 12700/160000]  lr: 7.5108e-02  eta: 15:20:42  time: 0.3756  data_time: 0.0276  memory: 9892  loss: 1.3039  decode.loss_ohem: 0.8456  decode.acc_seg: 89.7778  aux_0.loss_ce: 0.4583  aux_0.acc_seg: 82.7145
2026/07/25 07:58:10 - mmengine - INFO - Iter(train) [ 12800/160000]  lr: 7.5062e-02  eta: 15:20:04  time: 0.3752  data_time: 0.0268  memory: 9893  loss: 1.2675  decode.loss_ohem: 0.8251  decode.acc_seg: 82.5842  aux_0.loss_ce: 0.4424  aux_0.acc_seg: 83.5091
2026/07/25 07:58:48 - mmengine - INFO - Iter(train) [ 12900/160000]  lr: 7.5016e-02  eta: 15:19:26  time: 0.3747  data_time: 0.0265  memory: 9893  loss: 1.2695  decode.loss_ohem: 0.8463  decode.acc_seg: 90.5227  aux_0.loss_ce: 0.4231  aux_0.acc_seg: 85.7554
2026/07/25 07:59:25 - mmengine - INFO - Exp name: dsanet_cityscapes_512x1024_20260725_063741
2026/07/25 07:59:25 - mmengine - INFO - Iter(train) [ 13000/160000]  lr: 7.4970e-02  eta: 15:18:47  time: 0.3742  data_time: 0.0259  memory: 9892  loss: 1.2423  decode.loss_ohem: 0.8181  decode.acc_seg: 89.2436  aux_0.loss_ce: 0.4242  aux_0.acc_seg: 85.2255
2026/07/25 08:00:02 - mmengine - INFO - Iter(train) [ 13100/160000]  lr: 7.4925e-02  eta: 15:18:09  time: 0.3752  data_time: 0.0265  memory: 9892  loss: 1.2466  decode.loss_ohem: 0.8079  decode.acc_seg: 91.2178  aux_0.loss_ce: 0.4387  aux_0.acc_seg: 83.4792
2026/07/25 08:00:40 - mmengine - INFO - Iter(train) [ 13200/160000]  lr: 7.4879e-02  eta: 15:17:32  time: 0.3761  data_time: 0.0272  memory: 9892  loss: 1.2498  decode.loss_ohem: 0.7884  decode.acc_seg: 89.6587  aux_0.loss_ce: 0.4615  aux_0.acc_seg: 87.0806
2026/07/25 08:01:18 - mmengine - INFO - Iter(train) [ 13300/160000]  lr: 7.4833e-02  eta: 15:16:55  time: 0.3768  data_time: 0.0277  memory: 9891  loss: 1.3185  decode.loss_ohem: 0.8595  decode.acc_seg: 86.4159  aux_0.loss_ce: 0.4590  aux_0.acc_seg: 81.3945
2026/07/25 08:01:55 - mmengine - INFO - Iter(train) [ 13400/160000]  lr: 7.4787e-02  eta: 15:16:17  time: 0.3746  data_time: 0.0267  memory: 9892  loss: 1.2014  decode.loss_ohem: 0.7917  decode.acc_seg: 88.2933  aux_0.loss_ce: 0.4097  aux_0.acc_seg: 86.6711
2026/07/25 08:02:33 - mmengine - INFO - Iter(train) [ 13500/160000]  lr: 7.4741e-02  eta: 15:15:40  time: 0.3767  data_time: 0.0282  memory: 9892  loss: 1.2165  decode.loss_ohem: 0.8079  decode.acc_seg: 89.1311  aux_0.loss_ce: 0.4086  aux_0.acc_seg: 87.2972
2026/07/25 08:03:10 - mmengine - INFO - Iter(train) [ 13600/160000]  lr: 7.4695e-02  eta: 15:15:02  time: 0.3744  data_time: 0.0270  memory: 9894  loss: 1.2938  decode.loss_ohem: 0.8574  decode.acc_seg: 89.9122  aux_0.loss_ce: 0.4364  aux_0.acc_seg: 83.7334
2026/07/25 08:03:47 - mmengine - INFO - Iter(train) [ 13700/160000]  lr: 7.4649e-02  eta: 15:14:23  time: 0.3733  data_time: 0.0256  memory: 9893  loss: 1.2699  decode.loss_ohem: 0.8370  decode.acc_seg: 87.0833  aux_0.loss_ce: 0.4329  aux_0.acc_seg: 85.7758
2026/07/25 08:04:25 - mmengine - INFO - Iter(train) [ 13800/160000]  lr: 7.4603e-02  eta: 15:13:45  time: 0.3695  data_time: 0.0212  memory: 9892  loss: 1.2159  decode.loss_ohem: 0.8044  decode.acc_seg: 89.5108  aux_0.loss_ce: 0.4115  aux_0.acc_seg: 82.6114
2026/07/25 08:05:02 - mmengine - INFO - Iter(train) [ 13900/160000]  lr: 7.4557e-02  eta: 15:13:07  time: 0.3742  data_time: 0.0263  memory: 9891  loss: 1.2547  decode.loss_ohem: 0.8842  decode.acc_seg: 88.7530  aux_0.loss_ce: 0.3704  aux_0.acc_seg: 85.4754
2026/07/25 08:05:40 - mmengine - INFO - Exp name: dsanet_cityscapes_512x1024_20260725_063741
2026/07/25 08:05:40 - mmengine - INFO - Iter(train) [ 14000/160000]  lr: 7.4511e-02  eta: 15:12:29  time: 0.3747  data_time: 0.0267  memory: 9893  loss: 1.2972  decode.loss_ohem: 0.8772  decode.acc_seg: 90.1784  aux_0.loss_ce: 0.4199  aux_0.acc_seg: 84.7707
2026/07/25 08:06:17 - mmengine - INFO - Iter(train) [ 14100/160000]  lr: 7.4465e-02  eta: 15:11:51  time: 0.3741  data_time: 0.0260  memory: 9893  loss: 1.2599  decode.loss_ohem: 0.8549  decode.acc_seg: 90.6391  aux_0.loss_ce: 0.4051  aux_0.acc_seg: 87.7155
2026/07/25 08:06:55 - mmengine - INFO - Iter(train) [ 14200/160000]  lr: 7.4420e-02  eta: 15:11:13  time: 0.3749  data_time: 0.0265  memory: 9893  loss: 1.3074  decode.loss_ohem: 0.8601  decode.acc_seg: 86.1651  aux_0.loss_ce: 0.4473  aux_0.acc_seg: 79.9776
2026/07/25 08:07:32 - mmengine - INFO - Iter(train) [ 14300/160000]  lr: 7.4374e-02  eta: 15:10:35  time: 0.3742  data_time: 0.0263  memory: 9893  loss: 1.2170  decode.loss_ohem: 0.7924  decode.acc_seg: 87.9228  aux_0.loss_ce: 0.4246  aux_0.acc_seg: 80.2309
2026/07/25 08:08:10 - mmengine - INFO - Iter(train) [ 14400/160000]  lr: 7.4328e-02  eta: 15:09:57  time: 0.3740  data_time: 0.0267  memory: 9890  loss: 1.2735  decode.loss_ohem: 0.8473  decode.acc_seg: 86.9198  aux_0.loss_ce: 0.4262  aux_0.acc_seg: 81.9761
2026/07/25 08:08:47 - mmengine - INFO - Iter(train) [ 14500/160000]  lr: 7.4282e-02  eta: 15:09:19  time: 0.3771  data_time: 0.0276  memory: 9891  loss: 1.2305  decode.loss_ohem: 0.7945  decode.acc_seg: 87.2003  aux_0.loss_ce: 0.4359  aux_0.acc_seg: 83.4459
2026/07/25 08:09:25 - mmengine - INFO - Iter(train) [ 14600/160000]  lr: 7.4236e-02  eta: 15:08:41  time: 0.3741  data_time: 0.0262  memory: 9891  loss: 1.2414  decode.loss_ohem: 0.8141  decode.acc_seg: 87.9779  aux_0.loss_ce: 0.4274  aux_0.acc_seg: 84.1742
2026/07/25 08:10:02 - mmengine - INFO - Iter(train) [ 14700/160000]  lr: 7.4190e-02  eta: 15:08:03  time: 0.3733  data_time: 0.0260  memory: 9892  loss: 1.2871  decode.loss_ohem: 0.8730  decode.acc_seg: 89.9283  aux_0.loss_ce: 0.4140  aux_0.acc_seg: 86.6010
2026/07/25 08:10:39 - mmengine - INFO - Iter(train) [ 14800/160000]  lr: 7.4144e-02  eta: 15:07:24  time: 0.3738  data_time: 0.0257  memory: 9891  loss: 1.2664  decode.loss_ohem: 0.8478  decode.acc_seg: 88.0096  aux_0.loss_ce: 0.4186  aux_0.acc_seg: 85.6094
2026/07/25 08:11:17 - mmengine - INFO - Iter(train) [ 14900/160000]  lr: 7.4098e-02  eta: 15:06:46  time: 0.3747  data_time: 0.0264  memory: 9891  loss: 1.3341  decode.loss_ohem: 0.8926  decode.acc_seg: 90.0538  aux_0.loss_ce: 0.4415  aux_0.acc_seg: 85.3228
2026/07/25 08:11:54 - mmengine - INFO - Exp name: dsanet_cityscapes_512x1024_20260725_063741
2026/07/25 08:11:54 - mmengine - INFO - Iter(train) [ 15000/160000]  lr: 7.4052e-02  eta: 15:06:08  time: 0.3748  data_time: 0.0264  memory: 9892  loss: 1.2012  decode.loss_ohem: 0.7744  decode.acc_seg: 90.0519  aux_0.loss_ce: 0.4267  aux_0.acc_seg: 86.0509
2026/07/25 08:11:54 - mmengine - INFO - Saving checkpoint at 15000 iterations
2026/07/25 08:11:59 - mmengine - INFO - Iter(val) [100/250]    eta: 0:00:07  time: 0.0461  data_time: 0.0089  memory: 729  
2026/07/25 08:12:04 - mmengine - INFO - Iter(val) [200/250]    eta: 0:00:02  time: 0.0460  data_time: 0.0089  memory: 729  
2026/07/25 08:12:06 - mmengine - INFO - per class results:
2026/07/25 08:12:06 - mmengine - INFO - 
+---------------+-------+-------+
|     Class     |  IoU  |  Acc  |
+---------------+-------+-------+
|      road     | 95.78 | 98.71 |
|    sidewalk   | 70.29 | 75.18 |
|    building   | 86.37 | 94.66 |
|      wall     | 19.33 | 20.84 |
|     fence     | 33.49 | 46.77 |
|      pole     | 47.15 | 58.68 |
| traffic light | 37.26 | 49.96 |
|  traffic sign | 56.15 | 64.47 |
|   vegetation  | 88.15 | 94.08 |
|    terrain    | 50.64 | 66.12 |
|      sky      | 90.09 | 93.54 |
|     person    |  63.6 |  84.7 |
|     rider     | 30.68 | 33.69 |
|      car      | 88.22 | 94.66 |
|     truck     | 30.85 | 45.23 |
|      bus      | 54.65 | 73.32 |
|     train     | 21.82 | 28.02 |
|   motorcycle  | 10.63 | 12.19 |
|    bicycle    | 57.13 | 86.16 |
+---------------+-------+-------+
2026/07/25 08:12:06 - mmengine - INFO - Iter(val) [250/250]    aAcc: 92.3100  mIoU: 54.3300  mAcc: 64.2600  data_time: 0.0100  time: 0.0469
2026/07/25 08:12:06 - mmengine - INFO - The previous best checkpoint /root/autodl-tmp/DSANet-main/tools/work_dirs/dsanet_cityscapes_512x1024/best_mIoU_iter_10000.pth is removed
2026/07/25 08:12:07 - mmengine - INFO - The best checkpoint with 54.3300 mIoU at 15000 iter is saved to best_mIoU_iter_15000.pth.
2026/07/25 08:12:44 - mmengine - INFO - Iter(train) [ 15100/160000]  lr: 7.4006e-02  eta: 15:05:36  time: 0.3752  data_time: 0.0268  memory: 9892  loss: 1.2949  decode.loss_ohem: 0.8622  decode.acc_seg: 83.2897  aux_0.loss_ce: 0.4327  aux_0.acc_seg: 80.1074
2026/07/25 08:13:22 - mmengine - INFO - Iter(train) [ 15200/160000]  lr: 7.3960e-02  eta: 15:04:58  time: 0.3737  data_time: 0.0264  memory: 9891  loss: 1.2199  decode.loss_ohem: 0.8437  decode.acc_seg: 90.7499  aux_0.loss_ce: 0.3762  aux_0.acc_seg: 87.3122
2026/07/25 08:13:59 - mmengine - INFO - Iter(train) [ 15300/160000]  lr: 7.3914e-02  eta: 15:04:21  time: 0.3767  data_time: 0.0279  memory: 9892  loss: 1.2878  decode.loss_ohem: 0.8457  decode.acc_seg: 89.1877  aux_0.loss_ce: 0.4421  aux_0.acc_seg: 85.3622
2026/07/25 08:14:37 - mmengine - INFO - Iter(train) [ 15400/160000]  lr: 7.3868e-02  eta: 15:03:43  time: 0.3759  data_time: 0.0276  memory: 9890  loss: 1.2732  decode.loss_ohem: 0.8475  decode.acc_seg: 89.5321  aux_0.loss_ce: 0.4256  aux_0.acc_seg: 85.7561
2026/07/25 08:15:14 - mmengine - INFO - Iter(train) [ 15500/160000]  lr: 7.3822e-02  eta: 15:03:06  time: 0.3756  data_time: 0.0271  memory: 9892  loss: 1.1524  decode.loss_ohem: 0.7673  decode.acc_seg: 90.5463  aux_0.loss_ce: 0.3852  aux_0.acc_seg: 85.7173
2026/07/25 08:15:52 - mmengine - INFO - Iter(train) [ 15600/160000]  lr: 7.3776e-02  eta: 15:02:28  time: 0.3750  data_time: 0.0268  memory: 9892  loss: 1.2242  decode.loss_ohem: 0.7988  decode.acc_seg: 92.1708  aux_0.loss_ce: 0.4255  aux_0.acc_seg: 87.9227
2026/07/25 08:16:29 - mmengine - INFO - Iter(train) [ 15700/160000]  lr: 7.3730e-02  eta: 15:01:50  time: 0.3743  data_time: 0.0260  memory: 9891  loss: 1.2779  decode.loss_ohem: 0.8328  decode.acc_seg: 88.0650  aux_0.loss_ce: 0.4451  aux_0.acc_seg: 86.5298
2026/07/25 08:17:07 - mmengine - INFO - Iter(train) [ 15800/160000]  lr: 7.3684e-02  eta: 15:01:13  time: 0.3740  data_time: 0.0265  memory: 9891  loss: 1.3270  decode.loss_ohem: 0.8578  decode.acc_seg: 88.2385  aux_0.loss_ce: 0.4692  aux_0.acc_seg: 82.4325
2026/07/25 08:17:44 - mmengine - INFO - Iter(train) [ 15900/160000]  lr: 7.3638e-02  eta: 15:00:35  time: 0.3729  data_time: 0.0252  memory: 9891  loss: 1.2223  decode.loss_ohem: 0.8162  decode.acc_seg: 82.2134  aux_0.loss_ce: 0.4061  aux_0.acc_seg: 76.5513
2026/07/25 08:18:22 - mmengine - INFO - Exp name: dsanet_cityscapes_512x1024_20260725_063741
2026/07/25 08:18:22 - mmengine - INFO - Iter(train) [ 16000/160000]  lr: 7.3592e-02  eta: 14:59:56  time: 0.3736  data_time: 0.0257  memory: 9891  loss: 1.2396  decode.loss_ohem: 0.8231  decode.acc_seg: 90.1338  aux_0.loss_ce: 0.4165  aux_0.acc_seg: 85.3436
2026/07/25 08:18:59 - mmengine - INFO - Iter(train) [ 16100/160000]  lr: 7.3546e-02  eta: 14:59:17  time: 0.3735  data_time: 0.0256  memory: 9892  loss: 1.2249  decode.loss_ohem: 0.8024  decode.acc_seg: 90.1553  aux_0.loss_ce: 0.4225  aux_0.acc_seg: 88.1766
2026/07/25 08:19:36 - mmengine - INFO - Iter(train) [ 16200/160000]  lr: 7.3500e-02  eta: 14:58:39  time: 0.3735  data_time: 0.0265  memory: 9891  loss: 1.2351  decode.loss_ohem: 0.8393  decode.acc_seg: 91.5175  aux_0.loss_ce: 0.3958  aux_0.acc_seg: 85.8388
2026/07/25 08:20:14 - mmengine - INFO - Iter(train) [ 16300/160000]  lr: 7.3454e-02  eta: 14:58:01  time: 0.3755  data_time: 0.0275  memory: 9892  loss: 1.1861  decode.loss_ohem: 0.8113  decode.acc_seg: 87.5578  aux_0.loss_ce: 0.3748  aux_0.acc_seg: 84.0265
2026/07/25 08:20:51 - mmengine - INFO - Iter(train) [ 16400/160000]  lr: 7.3408e-02  eta: 14:57:24  time: 0.3742  data_time: 0.0266  memory: 9891  loss: 1.2153  decode.loss_ohem: 0.8185  decode.acc_seg: 90.2909  aux_0.loss_ce: 0.3969  aux_0.acc_seg: 87.4889
2026/07/25 08:21:29 - mmengine - INFO - Iter(train) [ 16500/160000]  lr: 7.3362e-02  eta: 14:56:46  time: 0.3742  data_time: 0.0263  memory: 9891  loss: 1.2117  decode.loss_ohem: 0.7923  decode.acc_seg: 92.1659  aux_0.loss_ce: 0.4194  aux_0.acc_seg: 89.1122
2026/07/25 08:22:06 - mmengine - INFO - Iter(train) [ 16600/160000]  lr: 7.3316e-02  eta: 14:56:08  time: 0.3760  data_time: 0.0275  memory: 9891  loss: 1.2516  decode.loss_ohem: 0.8439  decode.acc_seg: 90.4550  aux_0.loss_ce: 0.4077  aux_0.acc_seg: 85.0972
2026/07/25 08:22:44 - mmengine - INFO - Iter(train) [ 16700/160000]  lr: 7.3270e-02  eta: 14:55:30  time: 0.3739  data_time: 0.0258  memory: 9892  loss: 1.3522  decode.loss_ohem: 0.9088  decode.acc_seg: 88.6988  aux_0.loss_ce: 0.4434  aux_0.acc_seg: 85.6029
2026/07/25 08:23:21 - mmengine - INFO - Iter(train) [ 16800/160000]  lr: 7.3224e-02  eta: 14:54:51  time: 0.3739  data_time: 0.0261  memory: 9890  loss: 1.1763  decode.loss_ohem: 0.8032  decode.acc_seg: 89.5011  aux_0.loss_ce: 0.3731  aux_0.acc_seg: 86.7741
2026/07/25 08:23:58 - mmengine - INFO - Iter(train) [ 16900/160000]  lr: 7.3178e-02  eta: 14:54:13  time: 0.3731  data_time: 0.0252  memory: 9893  loss: 1.1043  decode.loss_ohem: 0.7222  decode.acc_seg: 92.4567  aux_0.loss_ce: 0.3821  aux_0.acc_seg: 88.1202
2026/07/25 08:24:36 - mmengine - INFO - Exp name: dsanet_cityscapes_512x1024_20260725_063741
2026/07/25 08:24:36 - mmengine - INFO - Iter(train) [ 17000/160000]  lr: 7.3132e-02  eta: 14:53:35  time: 0.3760  data_time: 0.0274  memory: 9892  loss: 1.2570  decode.loss_ohem: 0.8386  decode.acc_seg: 90.1414  aux_0.loss_ce: 0.4184  aux_0.acc_seg: 86.7775
2026/07/25 08:25:13 - mmengine - INFO - Iter(train) [ 17100/160000]  lr: 7.3086e-02  eta: 14:52:57  time: 0.3748  data_time: 0.0268  memory: 9891  loss: 1.1888  decode.loss_ohem: 0.7988  decode.acc_seg: 88.0347  aux_0.loss_ce: 0.3900  aux_0.acc_seg: 83.0426
2026/07/25 08:25:51 - mmengine - INFO - Iter(train) [ 17200/160000]  lr: 7.3040e-02  eta: 14:52:20  time: 0.3753  data_time: 0.0272  memory: 9892  loss: 1.2208  decode.loss_ohem: 0.7922  decode.acc_seg: 87.3168  aux_0.loss_ce: 0.4287  aux_0.acc_seg: 79.5340
2026/07/25 08:26:28 - mmengine - INFO - Iter(train) [ 17300/160000]  lr: 7.2994e-02  eta: 14:51:42  time: 0.3744  data_time: 0.0267  memory: 9893  loss: 1.1420  decode.loss_ohem: 0.7905  decode.acc_seg: 91.9617  aux_0.loss_ce: 0.3515  aux_0.acc_seg: 89.2980
2026/07/25 08:27:06 - mmengine - INFO - Iter(train) [ 17400/160000]  lr: 7.2948e-02  eta: 14:51:05  time: 0.3745  data_time: 0.0261  memory: 9891  loss: 1.2361  decode.loss_ohem: 0.8348  decode.acc_seg: 86.8817  aux_0.loss_ce: 0.4012  aux_0.acc_seg: 81.3211
2026/07/25 08:27:43 - mmengine - INFO - Iter(train) [ 17500/160000]  lr: 7.2902e-02  eta: 14:50:27  time: 0.3738  data_time: 0.0262  memory: 9892  loss: 1.2196  decode.loss_ohem: 0.8106  decode.acc_seg: 85.2933  aux_0.loss_ce: 0.4090  aux_0.acc_seg: 79.1150
2026/07/25 08:28:21 - mmengine - INFO - Iter(train) [ 17600/160000]  lr: 7.2856e-02  eta: 14:49:50  time: 0.3751  data_time: 0.0271  memory: 9892  loss: 1.1897  decode.loss_ohem: 0.7962  decode.acc_seg: 90.0429  aux_0.loss_ce: 0.3935  aux_0.acc_seg: 84.8568
2026/07/25 08:28:58 - mmengine - INFO - Iter(train) [ 17700/160000]  lr: 7.2810e-02  eta: 14:49:13  time: 0.3742  data_time: 0.0264  memory: 9894  loss: 1.1659  decode.loss_ohem: 0.7530  decode.acc_seg: 82.9444  aux_0.loss_ce: 0.4129  aux_0.acc_seg: 79.5691
2026/07/25 08:29:36 - mmengine - INFO - Iter(train) [ 17800/160000]  lr: 7.2764e-02  eta: 14:48:35  time: 0.3745  data_time: 0.0264  memory: 9891  loss: 1.1439  decode.loss_ohem: 0.7735  decode.acc_seg: 89.4286  aux_0.loss_ce: 0.3704  aux_0.acc_seg: 86.7947
2026/07/25 08:30:13 - mmengine - INFO - Iter(train) [ 17900/160000]  lr: 7.2718e-02  eta: 14:47:57  time: 0.3749  data_time: 0.0268  memory: 9892  loss: 1.2564  decode.loss_ohem: 0.8473  decode.acc_seg: 85.8916  aux_0.loss_ce: 0.4092  aux_0.acc_seg: 82.0792
2026/07/25 08:30:51 - mmengine - INFO - Exp name: dsanet_cityscapes_512x1024_20260725_063741
2026/07/25 08:30:51 - mmengine - INFO - Iter(train) [ 18000/160000]  lr: 7.2672e-02  eta: 14:47:19  time: 0.3749  data_time: 0.0265  memory: 9891  loss: 1.3074  decode.loss_ohem: 0.8726  decode.acc_seg: 90.4526  aux_0.loss_ce: 0.4347  aux_0.acc_seg: 86.8564
2026/07/25 08:31:28 - mmengine - INFO - Iter(train) [ 18100/160000]  lr: 7.2626e-02  eta: 14:46:41  time: 0.3732  data_time: 0.0255  memory: 9893  loss: 1.2139  decode.loss_ohem: 0.8285  decode.acc_seg: 87.5099  aux_0.loss_ce: 0.3853  aux_0.acc_seg: 83.3406
2026/07/25 08:32:06 - mmengine - INFO - Iter(train) [ 18200/160000]  lr: 7.2580e-02  eta: 14:46:05  time: 0.3755  data_time: 0.0265  memory: 9893  loss: 1.2748  decode.loss_ohem: 0.8554  decode.acc_seg: 90.8543  aux_0.loss_ce: 0.4195  aux_0.acc_seg: 85.6661
2026/07/25 08:32:43 - mmengine - INFO - Iter(train) [ 18300/160000]  lr: 7.2534e-02  eta: 14:45:26  time: 0.3753  data_time: 0.0271  memory: 9892  loss: 1.2278  decode.loss_ohem: 0.8107  decode.acc_seg: 89.0263  aux_0.loss_ce: 0.4172  aux_0.acc_seg: 85.4312
2026/07/25 08:33:21 - mmengine - INFO - Iter(train) [ 18400/160000]  lr: 7.2488e-02  eta: 14:44:49  time: 0.3741  data_time: 0.0264  memory: 9891  loss: 1.2805  decode.loss_ohem: 0.8534  decode.acc_seg: 86.2625  aux_0.loss_ce: 0.4272  aux_0.acc_seg: 82.6093
2026/07/25 08:33:58 - mmengine - INFO - Iter(train) [ 18500/160000]  lr: 7.2442e-02  eta: 14:44:11  time: 0.3729  data_time: 0.0261  memory: 9892  loss: 1.2115  decode.loss_ohem: 0.8471  decode.acc_seg: 91.3286  aux_0.loss_ce: 0.3644  aux_0.acc_seg: 85.8164
2026/07/25 08:34:36 - mmengine - INFO - Iter(train) [ 18600/160000]  lr: 7.2395e-02  eta: 14:43:33  time: 0.3747  data_time: 0.0259  memory: 9891  loss: 1.2624  decode.loss_ohem: 0.8211  decode.acc_seg: 90.3427  aux_0.loss_ce: 0.4414  aux_0.acc_seg: 84.4259
2026/07/25 08:35:13 - mmengine - INFO - Iter(train) [ 18700/160000]  lr: 7.2349e-02  eta: 14:42:56  time: 0.3746  data_time: 0.0267  memory: 9891  loss: 1.2154  decode.loss_ohem: 0.8242  decode.acc_seg: 91.1515  aux_0.loss_ce: 0.3912  aux_0.acc_seg: 84.6434
2026/07/25 08:35:51 - mmengine - INFO - Iter(train) [ 18800/160000]  lr: 7.2303e-02  eta: 14:42:18  time: 0.3749  data_time: 0.0268  memory: 9891  loss: 1.1964  decode.loss_ohem: 0.8044  decode.acc_seg: 89.5816  aux_0.loss_ce: 0.3920  aux_0.acc_seg: 86.0455
2026/07/25 08:36:28 - mmengine - INFO - Iter(train) [ 18900/160000]  lr: 7.2257e-02  eta: 14:41:41  time: 0.3737  data_time: 0.0262  memory: 9891  loss: 1.1445  decode.loss_ohem: 0.7795  decode.acc_seg: 90.2951  aux_0.loss_ce: 0.3650  aux_0.acc_seg: 86.5994
2026/07/25 08:37:06 - mmengine - INFO - Exp name: dsanet_cityscapes_512x1024_20260725_063741
2026/07/25 08:37:06 - mmengine - INFO - Iter(train) [ 19000/160000]  lr: 7.2211e-02  eta: 14:41:03  time: 0.3748  data_time: 0.0262  memory: 9891  loss: 1.2757  decode.loss_ohem: 0.8424  decode.acc_seg: 88.7689  aux_0.loss_ce: 0.4333  aux_0.acc_seg: 87.2909
2026/07/25 08:37:43 - mmengine - INFO - Iter(train) [ 19100/160000]  lr: 7.2165e-02  eta: 14:40:25  time: 0.3758  data_time: 0.0273  memory: 9892  loss: 1.1648  decode.loss_ohem: 0.7516  decode.acc_seg: 91.6993  aux_0.loss_ce: 0.4131  aux_0.acc_seg: 86.5345
2026/07/25 08:38:21 - mmengine - INFO - Iter(train) [ 19200/160000]  lr: 7.2119e-02  eta: 14:39:48  time: 0.3757  data_time: 0.0271  memory: 9890  loss: 1.2358  decode.loss_ohem: 0.8275  decode.acc_seg: 88.2969  aux_0.loss_ce: 0.4083  aux_0.acc_seg: 84.0435
2026/07/25 08:38:58 - mmengine - INFO - Iter(train) [ 19300/160000]  lr: 7.2073e-02  eta: 14:39:10  time: 0.3739  data_time: 0.0266  memory: 9893  loss: 1.2033  decode.loss_ohem: 0.8182  decode.acc_seg: 91.9025  aux_0.loss_ce: 0.3851  aux_0.acc_seg: 89.6860
2026/07/25 08:39:36 - mmengine - INFO - Iter(train) [ 19400/160000]  lr: 7.2027e-02  eta: 14:38:33  time: 0.3745  data_time: 0.0268  memory: 9891  loss: 1.2043  decode.loss_ohem: 0.8241  decode.acc_seg: 89.0651  aux_0.loss_ce: 0.3802  aux_0.acc_seg: 82.2719
2026/07/25 08:40:13 - mmengine - INFO - Iter(train) [ 19500/160000]  lr: 7.1981e-02  eta: 14:37:56  time: 0.3791  data_time: 0.0281  memory: 9891  loss: 1.3034  decode.loss_ohem: 0.8767  decode.acc_seg: 89.7897  aux_0.loss_ce: 0.4267  aux_0.acc_seg: 86.0455
2026/07/25 08:40:51 - mmengine - INFO - Iter(train) [ 19600/160000]  lr: 7.1935e-02  eta: 14:37:18  time: 0.3741  data_time: 0.0251  memory: 9891  loss: 1.2009  decode.loss_ohem: 0.8102  decode.acc_seg: 91.6481  aux_0.loss_ce: 0.3907  aux_0.acc_seg: 88.2249
2026/07/25 08:41:28 - mmengine - INFO - Iter(train) [ 19700/160000]  lr: 7.1888e-02  eta: 14:36:40  time: 0.3741  data_time: 0.0247  memory: 9892  loss: 1.2298  decode.loss_ohem: 0.8369  decode.acc_seg: 88.9806  aux_0.loss_ce: 0.3929  aux_0.acc_seg: 86.4478
2026/07/25 08:42:06 - mmengine - INFO - Iter(train) [ 19800/160000]  lr: 7.1842e-02  eta: 14:36:05  time: 0.3779  data_time: 0.0272  memory: 9891  loss: 1.1946  decode.loss_ohem: 0.7812  decode.acc_seg: 87.1319  aux_0.loss_ce: 0.4134  aux_0.acc_seg: 85.7199
2026/07/25 08:42:44 - mmengine - INFO - Iter(train) [ 19900/160000]  lr: 7.1796e-02  eta: 14:35:29  time: 0.3773  data_time: 0.0260  memory: 9893  loss: 1.2277  decode.loss_ohem: 0.7921  decode.acc_seg: 91.8987  aux_0.loss_ce: 0.4356  aux_0.acc_seg: 89.2952
2026/07/25 08:43:21 - mmengine - INFO - Exp name: dsanet_cityscapes_512x1024_20260725_063741
2026/07/25 08:43:21 - mmengine - INFO - Iter(train) [ 20000/160000]  lr: 7.1750e-02  eta: 14:34:53  time: 0.3768  data_time: 0.0263  memory: 9890  loss: 1.2306  decode.loss_ohem: 0.8096  decode.acc_seg: 89.5578  aux_0.loss_ce: 0.4210  aux_0.acc_seg: 81.2151
2026/07/25 08:43:21 - mmengine - INFO - Saving checkpoint at 20000 iterations
2026/07/25 08:43:27 - mmengine - INFO - Iter(val) [100/250]    eta: 0:00:07  time: 0.0467  data_time: 0.0085  memory: 729  
2026/07/25 08:43:32 - mmengine - INFO - Iter(val) [200/250]    eta: 0:00:02  time: 0.0486  data_time: 0.0098  memory: 729  
2026/07/25 08:43:34 - mmengine - INFO - per class results:
2026/07/25 08:43:34 - mmengine - INFO - 
+---------------+-------+-------+
|     Class     |  IoU  |  Acc  |
+---------------+-------+-------+
|      road     |  96.1 | 97.97 |
|    sidewalk   | 74.11 |  86.0 |
|    building   | 86.59 | 93.05 |
|      wall     |  29.8 |  32.0 |
|     fence     | 43.28 | 55.09 |
|      pole     | 49.63 | 59.07 |
| traffic light | 39.99 | 45.84 |
|  traffic sign | 59.82 | 72.66 |
|   vegetation  | 88.72 | 95.98 |
|    terrain    | 49.44 | 54.57 |
|      sky      | 87.33 | 96.19 |
|     person    | 66.24 | 83.52 |
|     rider     | 28.98 | 31.44 |
|      car      | 89.87 | 95.59 |
|     truck     | 39.43 | 56.24 |
|      bus      | 52.67 |  85.0 |
|     train     |  5.13 |  8.94 |
|   motorcycle  | 12.88 | 14.55 |
|    bicycle    | 62.64 | 75.59 |
+---------------+-------+-------+
2026/07/25 08:43:34 - mmengine - INFO - Iter(val) [250/250]    aAcc: 92.8100  mIoU: 55.9300  mAcc: 65.2300  data_time: 0.0103  time: 0.0490
2026/07/25 08:43:34 - mmengine - INFO - The previous best checkpoint /root/autodl-tmp/DSANet-main/tools/work_dirs/dsanet_cityscapes_512x1024/best_mIoU_iter_15000.pth is removed
2026/07/25 08:43:34 - mmengine - INFO - The best checkpoint with 55.9300 mIoU at 20000 iter is saved to best_mIoU_iter_20000.pth.
2026/07/25 08:44:12 - mmengine - INFO - Iter(train) [ 20100/160000]  lr: 7.1704e-02  eta: 14:34:21  time: 0.3781  data_time: 0.0267  memory: 9892  loss: 1.2094  decode.loss_ohem: 0.7948  decode.acc_seg: 91.3659  aux_0.loss_ce: 0.4146  aux_0.acc_seg: 88.2696
2026/07/25 08:44:50 - mmengine - INFO - Iter(train) [ 20200/160000]  lr: 7.1658e-02  eta: 14:33:45  time: 0.3781  data_time: 0.0277  memory: 9891  loss: 1.1333  decode.loss_ohem: 0.7560  decode.acc_seg: 89.5402  aux_0.loss_ce: 0.3774  aux_0.acc_seg: 86.2512
2026/07/25 08:45:28 - mmengine - INFO - Iter(train) [ 20300/160000]  lr: 7.1612e-02  eta: 14:33:11  time: 0.3801  data_time: 0.0285  memory: 9891  loss: 1.4059  decode.loss_ohem: 0.9626  decode.acc_seg: 86.2018  aux_0.loss_ce: 0.4433  aux_0.acc_seg: 82.3953
2026/07/25 08:46:06 - mmengine - INFO - Iter(train) [ 20400/160000]  lr: 7.1566e-02  eta: 14:32:37  time: 0.3811  data_time: 0.0287  memory: 9893  loss: 1.3458  decode.loss_ohem: 0.8483  decode.acc_seg: 91.0838  aux_0.loss_ce: 0.4976  aux_0.acc_seg: 87.1901
2026/07/25 08:46:44 - mmengine - INFO - Iter(train) [ 20500/160000]  lr: 7.1519e-02  eta: 14:32:03  time: 0.3763  data_time: 0.0275  memory: 9892  loss: 1.1090  decode.loss_ohem: 0.7301  decode.acc_seg: 90.1768  aux_0.loss_ce: 0.3789  aux_0.acc_seg: 87.2911
2026/07/25 08:47:22 - mmengine - INFO - Iter(train) [ 20600/160000]  lr: 7.1473e-02  eta: 14:31:25  time: 0.3743  data_time: 0.0259  memory: 9890  loss: 1.2443  decode.loss_ohem: 0.8339  decode.acc_seg: 90.1966  aux_0.loss_ce: 0.4105  aux_0.acc_seg: 86.6392
2026/07/25 08:47:59 - mmengine - INFO - Iter(train) [ 20700/160000]  lr: 7.1427e-02  eta: 14:30:47  time: 0.3748  data_time: 0.0264  memory: 9891  loss: 1.0271  decode.loss_ohem: 0.6502  decode.acc_seg: 91.5264  aux_0.loss_ce: 0.3769  aux_0.acc_seg: 87.2724
2026/07/25 08:48:36 - mmengine - INFO - Iter(train) [ 20800/160000]  lr: 7.1381e-02  eta: 14:30:09  time: 0.3744  data_time: 0.0257  memory: 9891  loss: 1.1552  decode.loss_ohem: 0.7538  decode.acc_seg: 85.3838  aux_0.loss_ce: 0.4014  aux_0.acc_seg: 79.7893
2026/07/25 08:49:14 - mmengine - INFO - Iter(train) [ 20900/160000]  lr: 7.1335e-02  eta: 14:29:31  time: 0.3752  data_time: 0.0267  memory: 9893  loss: 1.2295  decode.loss_ohem: 0.8184  decode.acc_seg: 88.8332  aux_0.loss_ce: 0.4111  aux_0.acc_seg: 84.1141
2026/07/25 08:49:52 - mmengine - INFO - Exp name: dsanet_cityscapes_512x1024_20260725_063741
2026/07/25 08:49:52 - mmengine - INFO - Iter(train) [ 21000/160000]  lr: 7.1289e-02  eta: 14:28:55  time: 0.3759  data_time: 0.0272  memory: 9891  loss: 1.3402  decode.loss_ohem: 0.8960  decode.acc_seg: 87.6733  aux_0.loss_ce: 0.4442  aux_0.acc_seg: 87.0672
2026/07/25 08:50:29 - mmengine - INFO - Iter(train) [ 21100/160000]  lr: 7.1243e-02  eta: 14:28:17  time: 0.3744  data_time: 0.0267  memory: 9891  loss: 1.1888  decode.loss_ohem: 0.8076  decode.acc_seg: 90.7295  aux_0.loss_ce: 0.3812  aux_0.acc_seg: 87.4055
2026/07/25 08:51:06 - mmengine - INFO - Iter(train) [ 21200/160000]  lr: 7.1196e-02  eta: 14:27:39  time: 0.3737  data_time: 0.0260  memory: 9892  loss: 1.2896  decode.loss_ohem: 0.8599  decode.acc_seg: 87.3066  aux_0.loss_ce: 0.4297  aux_0.acc_seg: 77.5239
2026/07/25 08:51:44 - mmengine - INFO - Iter(train) [ 21300/160000]  lr: 7.1150e-02  eta: 14:27:01  time: 0.3759  data_time: 0.0272  memory: 9893  loss: 1.1805  decode.loss_ohem: 0.7835  decode.acc_seg: 93.0898  aux_0.loss_ce: 0.3970  aux_0.acc_seg: 88.3978
2026/07/25 08:52:21 - mmengine - INFO - Iter(train) [ 21400/160000]  lr: 7.1104e-02  eta: 14:26:24  time: 0.3763  data_time: 0.0273  memory: 9891  loss: 1.2152  decode.loss_ohem: 0.8256  decode.acc_seg: 91.5750  aux_0.loss_ce: 0.3896  aux_0.acc_seg: 89.4406
2026/07/25 08:52:59 - mmengine - INFO - Iter(train) [ 21500/160000]  lr: 7.1058e-02  eta: 14:25:47  time: 0.3767  data_time: 0.0270  memory: 9892  loss: 1.2415  decode.loss_ohem: 0.7921  decode.acc_seg: 86.5332  aux_0.loss_ce: 0.4494  aux_0.acc_seg: 81.8805
2026/07/25 08:53:37 - mmengine - INFO - Iter(train) [ 21600/160000]  lr: 7.1012e-02  eta: 14:25:09  time: 0.3747  data_time: 0.0262  memory: 9893  loss: 1.3055  decode.loss_ohem: 0.8446  decode.acc_seg: 86.5131  aux_0.loss_ce: 0.4608  aux_0.acc_seg: 81.4793
2026/07/25 08:54:14 - mmengine - INFO - Iter(train) [ 21700/160000]  lr: 7.0966e-02  eta: 14:24:32  time: 0.3750  data_time: 0.0270  memory: 9892  loss: 1.3920  decode.loss_ohem: 0.9367  decode.acc_seg: 84.9431  aux_0.loss_ce: 0.4553  aux_0.acc_seg: 80.0808
2026/07/25 08:54:52 - mmengine - INFO - Iter(train) [ 21800/160000]  lr: 7.0919e-02  eta: 14:23:54  time: 0.3769  data_time: 0.0281  memory: 9892  loss: 1.2264  decode.loss_ohem: 0.8231  decode.acc_seg: 89.6663  aux_0.loss_ce: 0.4033  aux_0.acc_seg: 84.3128
2026/07/25 08:55:29 - mmengine - INFO - Iter(train) [ 21900/160000]  lr: 7.0873e-02  eta: 14:23:17  time: 0.3761  data_time: 0.0275  memory: 9892  loss: 1.2585  decode.loss_ohem: 0.8385  decode.acc_seg: 90.0649  aux_0.loss_ce: 0.4200  aux_0.acc_seg: 86.8582
2026/07/25 08:56:07 - mmengine - INFO - Exp name: dsanet_cityscapes_512x1024_20260725_063741
2026/07/25 08:56:07 - mmengine - INFO - Iter(train) [ 22000/160000]  lr: 7.0827e-02  eta: 14:22:40  time: 0.3750  data_time: 0.0267  memory: 9893  loss: 1.1554  decode.loss_ohem: 0.7803  decode.acc_seg: 88.7591  aux_0.loss_ce: 0.3750  aux_0.acc_seg: 86.5705
2026/07/25 08:56:44 - mmengine - INFO - Iter(train) [ 22100/160000]  lr: 7.0781e-02  eta: 14:22:03  time: 0.3759  data_time: 0.0271  memory: 9892  loss: 1.1781  decode.loss_ohem: 0.7860  decode.acc_seg: 89.9383  aux_0.loss_ce: 0.3921  aux_0.acc_seg: 86.8323
2026/07/25 08:57:22 - mmengine - INFO - Iter(train) [ 22200/160000]  lr: 7.0735e-02  eta: 14:21:25  time: 0.3746  data_time: 0.0268  memory: 9892  loss: 1.1237  decode.loss_ohem: 0.7638  decode.acc_seg: 90.9980  aux_0.loss_ce: 0.3599  aux_0.acc_seg: 84.4012
2026/07/25 08:57:59 - mmengine - INFO - Iter(train) [ 22300/160000]  lr: 7.0689e-02  eta: 14:20:48  time: 0.3752  data_time: 0.0266  memory: 9891  loss: 1.2585  decode.loss_ohem: 0.8241  decode.acc_seg: 89.8562  aux_0.loss_ce: 0.4344  aux_0.acc_seg: 86.8873
2026/07/25 08:58:37 - mmengine - INFO - Iter(train) [ 22400/160000]  lr: 7.0642e-02  eta: 14:20:10  time: 0.3746  data_time: 0.0273  memory: 9891  loss: 1.2661  decode.loss_ohem: 0.8757  decode.acc_seg: 88.7481  aux_0.loss_ce: 0.3904  aux_0.acc_seg: 87.2426
2026/07/25 08:59:14 - mmengine - INFO - Iter(train) [ 22500/160000]  lr: 7.0596e-02  eta: 14:19:32  time: 0.3736  data_time: 0.0263  memory: 9891  loss: 1.2801  decode.loss_ohem: 0.8693  decode.acc_seg: 88.3680  aux_0.loss_ce: 0.4109  aux_0.acc_seg: 81.6921
2026/07/25 08:59:52 - mmengine - INFO - Iter(train) [ 22600/160000]  lr: 7.0550e-02  eta: 14:18:54  time: 0.3758  data_time: 0.0271  memory: 9890  loss: 1.2679  decode.loss_ohem: 0.8368  decode.acc_seg: 87.4333  aux_0.loss_ce: 0.4311  aux_0.acc_seg: 78.6795
2026/07/25 09:00:29 - mmengine - INFO - Iter(train) [ 22700/160000]  lr: 7.0504e-02  eta: 14:18:16  time: 0.3737  data_time: 0.0262  memory: 9892  loss: 1.2012  decode.loss_ohem: 0.8367  decode.acc_seg: 92.1693  aux_0.loss_ce: 0.3645  aux_0.acc_seg: 89.6564
2026/07/25 09:01:07 - mmengine - INFO - Iter(train) [ 22800/160000]  lr: 7.0457e-02  eta: 14:17:39  time: 0.3748  data_time: 0.0268  memory: 9891  loss: 1.3940  decode.loss_ohem: 0.9632  decode.acc_seg: 88.7991  aux_0.loss_ce: 0.4308  aux_0.acc_seg: 84.6186
2026/07/25 09:01:44 - mmengine - INFO - Iter(train) [ 22900/160000]  lr: 7.0411e-02  eta: 14:17:01  time: 0.3751  data_time: 0.0262  memory: 9890  loss: 1.1989  decode.loss_ohem: 0.7859  decode.acc_seg: 90.7142  aux_0.loss_ce: 0.4130  aux_0.acc_seg: 87.1142
2026/07/25 09:02:22 - mmengine - INFO - Exp name: dsanet_cityscapes_512x1024_20260725_063741
2026/07/25 09:02:22 - mmengine - INFO - Iter(train) [ 23000/160000]  lr: 7.0365e-02  eta: 14:16:23  time: 0.3746  data_time: 0.0263  memory: 9891  loss: 1.1120  decode.loss_ohem: 0.7521  decode.acc_seg: 91.3020  aux_0.loss_ce: 0.3599  aux_0.acc_seg: 83.7597
2026/07/25 09:02:59 - mmengine - INFO - Iter(train) [ 23100/160000]  lr: 7.0319e-02  eta: 14:15:46  time: 0.3714  data_time: 0.0229  memory: 9889  loss: 1.1537  decode.loss_ohem: 0.7677  decode.acc_seg: 88.5631  aux_0.loss_ce: 0.3860  aux_0.acc_seg: 86.7704
2026/07/25 09:03:37 - mmengine - INFO - Iter(train) [ 23200/160000]  lr: 7.0273e-02  eta: 14:15:09  time: 0.3757  data_time: 0.0272  memory: 9891  loss: 1.2586  decode.loss_ohem: 0.8533  decode.acc_seg: 89.8141  aux_0.loss_ce: 0.4053  aux_0.acc_seg: 85.8149
2026/07/25 09:04:14 - mmengine - INFO - Iter(train) [ 23300/160000]  lr: 7.0226e-02  eta: 14:14:32  time: 0.3758  data_time: 0.0273  memory: 9891  loss: 1.0492  decode.loss_ohem: 0.7084  decode.acc_seg: 92.2106  aux_0.loss_ce: 0.3408  aux_0.acc_seg: 90.3849
2026/07/25 09:04:52 - mmengine - INFO - Iter(train) [ 23400/160000]  lr: 7.0180e-02  eta: 14:13:54  time: 0.3752  data_time: 0.0267  memory: 9892  loss: 1.1140  decode.loss_ohem: 0.7438  decode.acc_seg: 92.1607  aux_0.loss_ce: 0.3702  aux_0.acc_seg: 88.9275
2026/07/25 09:05:29 - mmengine - INFO - Iter(train) [ 23500/160000]  lr: 7.0134e-02  eta: 14:13:17  time: 0.3764  data_time: 0.0268  memory: 9890  loss: 1.2147  decode.loss_ohem: 0.8164  decode.acc_seg: 92.9675  aux_0.loss_ce: 0.3983  aux_0.acc_seg: 89.6321
2026/07/25 09:06:07 - mmengine - INFO - Iter(train) [ 23600/160000]  lr: 7.0088e-02  eta: 14:12:40  time: 0.3764  data_time: 0.0273  memory: 9891  loss: 1.2315  decode.loss_ohem: 0.8437  decode.acc_seg: 89.2804  aux_0.loss_ce: 0.3878  aux_0.acc_seg: 84.4123
2026/07/25 09:06:45 - mmengine - INFO - Iter(train) [ 23700/160000]  lr: 7.0041e-02  eta: 14:12:04  time: 0.3760  data_time: 0.0266  memory: 9891  loss: 1.1541  decode.loss_ohem: 0.8029  decode.acc_seg: 91.4970  aux_0.loss_ce: 0.3511  aux_0.acc_seg: 87.6184
2026/07/25 09:07:22 - mmengine - INFO - Iter(train) [ 23800/160000]  lr: 6.9995e-02  eta: 14:11:27  time: 0.3760  data_time: 0.0269  memory: 9891  loss: 1.3337  decode.loss_ohem: 0.8874  decode.acc_seg: 84.5023  aux_0.loss_ce: 0.4463  aux_0.acc_seg: 80.3745
2026/07/25 09:08:00 - mmengine - INFO - Iter(train) [ 23900/160000]  lr: 6.9949e-02  eta: 14:10:50  time: 0.3762  data_time: 0.0268  memory: 9893  loss: 1.2253  decode.loss_ohem: 0.8019  decode.acc_seg: 88.1265  aux_0.loss_ce: 0.4233  aux_0.acc_seg: 84.0518
2026/07/25 09:08:37 - mmengine - INFO - Exp name: dsanet_cityscapes_512x1024_20260725_063741
2026/07/25 09:08:37 - mmengine - INFO - Iter(train) [ 24000/160000]  lr: 6.9903e-02  eta: 14:10:13  time: 0.3758  data_time: 0.0271  memory: 9891  loss: 1.1664  decode.loss_ohem: 0.8040  decode.acc_seg: 90.8404  aux_0.loss_ce: 0.3623  aux_0.acc_seg: 85.6676
2026/07/25 09:09:15 - mmengine - INFO - Iter(train) [ 24100/160000]  lr: 6.9856e-02  eta: 14:09:36  time: 0.3754  data_time: 0.0262  memory: 9890  loss: 1.1624  decode.loss_ohem: 0.7762  decode.acc_seg: 90.9965  aux_0.loss_ce: 0.3862  aux_0.acc_seg: 87.5154
2026/07/25 09:09:53 - mmengine - INFO - Iter(train) [ 24200/160000]  lr: 6.9810e-02  eta: 14:08:58  time: 0.3745  data_time: 0.0258  memory: 9890  loss: 1.1741  decode.loss_ohem: 0.7982  decode.acc_seg: 88.5711  aux_0.loss_ce: 0.3759  aux_0.acc_seg: 80.1811
2026/07/25 09:10:30 - mmengine - INFO - Iter(train) [ 24300/160000]  lr: 6.9764e-02  eta: 14:08:19  time: 0.3748  data_time: 0.0270  memory: 9890  loss: 1.1729  decode.loss_ohem: 0.7881  decode.acc_seg: 90.6682  aux_0.loss_ce: 0.3847  aux_0.acc_seg: 88.4043
2026/07/25 09:11:07 - mmengine - INFO - Iter(train) [ 24400/160000]  lr: 6.9718e-02  eta: 14:07:42  time: 0.3760  data_time: 0.0275  memory: 9890  loss: 1.2473  decode.loss_ohem: 0.8444  decode.acc_seg: 89.0683  aux_0.loss_ce: 0.4030  aux_0.acc_seg: 87.6621
2026/07/25 09:11:45 - mmengine - INFO - Iter(train) [ 24500/160000]  lr: 6.9671e-02  eta: 14:07:05  time: 0.3757  data_time: 0.0267  memory: 9890  loss: 1.3484  decode.loss_ohem: 0.9008  decode.acc_seg: 84.1099  aux_0.loss_ce: 0.4476  aux_0.acc_seg: 82.5801
2026/07/25 09:12:23 - mmengine - INFO - Iter(train) [ 24600/160000]  lr: 6.9625e-02  eta: 14:06:28  time: 0.3763  data_time: 0.0263  memory: 9891  loss: 1.1620  decode.loss_ohem: 0.7817  decode.acc_seg: 93.5642  aux_0.loss_ce: 0.3803  aux_0.acc_seg: 88.4498
2026/07/25 09:13:00 - mmengine - INFO - Iter(train) [ 24700/160000]  lr: 6.9579e-02  eta: 14:05:50  time: 0.3751  data_time: 0.0263  memory: 9890  loss: 1.1979  decode.loss_ohem: 0.8144  decode.acc_seg: 91.7036  aux_0.loss_ce: 0.3834  aux_0.acc_seg: 88.9958
2026/07/25 09:13:38 - mmengine - INFO - Iter(train) [ 24800/160000]  lr: 6.9533e-02  eta: 14:05:13  time: 0.3761  data_time: 0.0271  memory: 9890  loss: 1.2224  decode.loss_ohem: 0.8194  decode.acc_seg: 90.1593  aux_0.loss_ce: 0.4030  aux_0.acc_seg: 85.5719
2026/07/25 09:14:15 - mmengine - INFO - Iter(train) [ 24900/160000]  lr: 6.9486e-02  eta: 14:04:36  time: 0.3748  data_time: 0.0259  memory: 9891  loss: 1.1482  decode.loss_ohem: 0.7771  decode.acc_seg: 84.8526  aux_0.loss_ce: 0.3710  aux_0.acc_seg: 80.2888
2026/07/25 09:14:53 - mmengine - INFO - Exp name: dsanet_cityscapes_512x1024_20260725_063741
2026/07/25 09:14:53 - mmengine - INFO - Iter(train) [ 25000/160000]  lr: 6.9440e-02  eta: 14:03:58  time: 0.3744  data_time: 0.0264  memory: 9890  loss: 1.1552  decode.loss_ohem: 0.7748  decode.acc_seg: 90.6905  aux_0.loss_ce: 0.3805  aux_0.acc_seg: 86.9272
2026/07/25 09:14:53 - mmengine - INFO - Saving checkpoint at 25000 iterations
2026/07/25 09:14:58 - mmengine - INFO - Iter(val) [100/250]    eta: 0:00:07  time: 0.0464  data_time: 0.0092  memory: 729  
2026/07/25 09:15:03 - mmengine - INFO - Iter(val) [200/250]    eta: 0:00:02  time: 0.0463  data_time: 0.0091  memory: 729  
2026/07/25 09:15:05 - mmengine - INFO - per class results:
2026/07/25 09:15:05 - mmengine - INFO - 
+---------------+-------+-------+
|     Class     |  IoU  |  Acc  |
+---------------+-------+-------+
|      road     | 96.08 | 98.47 |
|    sidewalk   | 72.09 | 81.44 |
|    building   | 86.99 | 95.56 |
|      wall     | 27.72 | 30.04 |
|     fence     | 39.56 | 46.89 |
|      pole     | 48.39 | 60.95 |
| traffic light | 41.57 | 61.15 |
|  traffic sign | 59.87 | 70.58 |
|   vegetation  | 88.82 | 94.13 |
|    terrain    | 50.71 | 63.37 |
|      sky      | 91.33 | 95.19 |
|     person    | 67.19 |  82.5 |
|     rider     | 41.26 | 49.43 |
|      car      | 88.57 | 95.31 |
|     truck     |  0.61 |  0.61 |
|      bus      | 58.74 | 69.02 |
|     train     | 30.81 | 57.13 |
|   motorcycle  |  5.66 |  5.71 |
|    bicycle    | 63.88 | 79.61 |
+---------------+-------+-------+
2026/07/25 09:15:05 - mmengine - INFO - Iter(val) [250/250]    aAcc: 92.8400  mIoU: 55.7800  mAcc: 65.1100  data_time: 0.0103  time: 0.0474
2026/07/25 09:15:42 - mmengine - INFO - Iter(train) [ 25100/160000]  lr: 6.9394e-02  eta: 14:03:20  time: 0.3791  data_time: 0.0275  memory: 9890  loss: 1.2122  decode.loss_ohem: 0.8120  decode.acc_seg: 85.4198  aux_0.loss_ce: 0.4002  aux_0.acc_seg: 81.3343
2026/07/25 09:16:20 - mmengine - INFO - Iter(train) [ 25200/160000]  lr: 6.9347e-02  eta: 14:02:43  time: 0.3738  data_time: 0.0269  memory: 9891  loss: 1.1345  decode.loss_ohem: 0.7486  decode.acc_seg: 93.2141  aux_0.loss_ce: 0.3859  aux_0.acc_seg: 87.5969
2026/07/25 09:16:57 - mmengine - INFO - Iter(train) [ 25300/160000]  lr: 6.9301e-02  eta: 14:02:05  time: 0.3754  data_time: 0.0271  memory: 9892  loss: 1.1244  decode.loss_ohem: 0.7419  decode.acc_seg: 91.9686  aux_0.loss_ce: 0.3824  aux_0.acc_seg: 89.6729
2026/07/25 09:17:35 - mmengine - INFO - Iter(train) [ 25400/160000]  lr: 6.9255e-02  eta: 14:01:27  time: 0.3753  data_time: 0.0271  memory: 9893  loss: 1.2730  decode.loss_ohem: 0.8494  decode.acc_seg: 89.2612  aux_0.loss_ce: 0.4236  aux_0.acc_seg: 83.4557
2026/07/25 09:18:13 - mmengine - INFO - Iter(train) [ 25500/160000]  lr: 6.9209e-02  eta: 14:00:51  time: 0.3771  data_time: 0.0276  memory: 9891  loss: 1.2243  decode.loss_ohem: 0.8399  decode.acc_seg: 89.1013  aux_0.loss_ce: 0.3844  aux_0.acc_seg: 83.1332
2026/07/25 09:18:50 - mmengine - INFO - Iter(train) [ 25600/160000]  lr: 6.9162e-02  eta: 14:00:14  time: 0.3733  data_time: 0.0262  memory: 9890  loss: 1.2620  decode.loss_ohem: 0.8628  decode.acc_seg: 88.5179  aux_0.loss_ce: 0.3992  aux_0.acc_seg: 84.0161
2026/07/25 09:19:28 - mmengine - INFO - Iter(train) [ 25700/160000]  lr: 6.9116e-02  eta: 13:59:36  time: 0.3749  data_time: 0.0266  memory: 9890  loss: 1.1983  decode.loss_ohem: 0.7975  decode.acc_seg: 88.3460  aux_0.loss_ce: 0.4007  aux_0.acc_seg: 84.9852
2026/07/25 09:20:05 - mmengine - INFO - Iter(train) [ 25800/160000]  lr: 6.9070e-02  eta: 13:58:59  time: 0.3760  data_time: 0.0266  memory: 9891  loss: 1.2115  decode.loss_ohem: 0.8115  decode.acc_seg: 90.9337  aux_0.loss_ce: 0.4001  aux_0.acc_seg: 87.0196
2026/07/25 09:20:43 - mmengine - INFO - Iter(train) [ 25900/160000]  lr: 6.9023e-02  eta: 13:58:22  time: 0.3754  data_time: 0.0268  memory: 9889  loss: 1.2174  decode.loss_ohem: 0.8218  decode.acc_seg: 88.2108  aux_0.loss_ce: 0.3955  aux_0.acc_seg: 85.4179
2026/07/25 09:21:20 - mmengine - INFO - Exp name: dsanet_cityscapes_512x1024_20260725_063741
2026/07/25 09:21:20 - mmengine - INFO - Iter(train) [ 26000/160000]  lr: 6.8977e-02  eta: 13:57:44  time: 0.3747  data_time: 0.0265  memory: 9890  loss: 1.1744  decode.loss_ohem: 0.7988  decode.acc_seg: 91.3016  aux_0.loss_ce: 0.3756  aux_0.acc_seg: 87.1129
2026/07/25 09:21:58 - mmengine - INFO - Iter(train) [ 26100/160000]  lr: 6.8931e-02  eta: 13:57:07  time: 0.3757  data_time: 0.0271  memory: 9891  loss: 1.1840  decode.loss_ohem: 0.8090  decode.acc_seg: 91.3864  aux_0.loss_ce: 0.3750  aux_0.acc_seg: 89.6974
2026/07/25 09:22:35 - mmengine - INFO - Iter(train) [ 26200/160000]  lr: 6.8884e-02  eta: 13:56:30  time: 0.3754  data_time: 0.0267  memory: 9891  loss: 1.1234  decode.loss_ohem: 0.7430  decode.acc_seg: 89.3152  aux_0.loss_ce: 0.3804  aux_0.acc_seg: 84.7653
2026/07/25 09:23:13 - mmengine - INFO - Iter(train) [ 26300/160000]  lr: 6.8838e-02  eta: 13:55:53  time: 0.3765  data_time: 0.0275  memory: 9890  loss: 1.1861  decode.loss_ohem: 0.7963  decode.acc_seg: 91.4725  aux_0.loss_ce: 0.3898  aux_0.acc_seg: 87.6521
2026/07/25 09:23:51 - mmengine - INFO - Iter(train) [ 26400/160000]  lr: 6.8792e-02  eta: 13:55:16  time: 0.3759  data_time: 0.0272  memory: 9892  loss: 1.3413  decode.loss_ohem: 0.8862  decode.acc_seg: 90.7388  aux_0.loss_ce: 0.4550  aux_0.acc_seg: 85.7896
2026/07/25 09:24:28 - mmengine - INFO - Iter(train) [ 26500/160000]  lr: 6.8745e-02  eta: 13:54:38  time: 0.3760  data_time: 0.0270  memory: 9891  loss: 1.0923  decode.loss_ohem: 0.7069  decode.acc_seg: 90.4866  aux_0.loss_ce: 0.3854  aux_0.acc_seg: 86.7748
2026/07/25 09:25:06 - mmengine - INFO - Iter(train) [ 26600/160000]  lr: 6.8699e-02  eta: 13:54:01  time: 0.3748  data_time: 0.0272  memory: 9889  loss: 1.0915  decode.loss_ohem: 0.7299  decode.acc_seg: 87.3066  aux_0.loss_ce: 0.3616  aux_0.acc_seg: 81.6927
2026/07/25 09:25:43 - mmengine - INFO - Iter(train) [ 26700/160000]  lr: 6.8653e-02  eta: 13:53:23  time: 0.3741  data_time: 0.0256  memory: 9890  loss: 1.2443  decode.loss_ohem: 0.8362  decode.acc_seg: 90.5964  aux_0.loss_ce: 0.4081  aux_0.acc_seg: 87.6269
2026/07/25 09:26:21 - mmengine - INFO - Iter(train) [ 26800/160000]  lr: 6.8606e-02  eta: 13:52:45  time: 0.3745  data_time: 0.0272  memory: 9890  loss: 1.2551  decode.loss_ohem: 0.8633  decode.acc_seg: 87.7320  aux_0.loss_ce: 0.3918  aux_0.acc_seg: 85.0390
2026/07/25 09:26:58 - mmengine - INFO - Iter(train) [ 26900/160000]  lr: 6.8560e-02  eta: 13:52:08  time: 0.3747  data_time: 0.0262  memory: 9891  loss: 1.2312  decode.loss_ohem: 0.8288  decode.acc_seg: 87.6929  aux_0.loss_ce: 0.4024  aux_0.acc_seg: 83.5926
2026/07/25 09:27:36 - mmengine - INFO - Exp name: dsanet_cityscapes_512x1024_20260725_063741
2026/07/25 09:27:36 - mmengine - INFO - Iter(train) [ 27000/160000]  lr: 6.8514e-02  eta: 13:51:30  time: 0.3733  data_time: 0.0261  memory: 9891  loss: 1.1869  decode.loss_ohem: 0.8263  decode.acc_seg: 90.4214  aux_0.loss_ce: 0.3607  aux_0.acc_seg: 87.9457
2026/07/25 09:28:13 - mmengine - INFO - Iter(train) [ 27100/160000]  lr: 6.8467e-02  eta: 13:50:52  time: 0.3748  data_time: 0.0272  memory: 9891  loss: 1.1490  decode.loss_ohem: 0.7875  decode.acc_seg: 88.4773  aux_0.loss_ce: 0.3614  aux_0.acc_seg: 84.3651
2026/07/25 09:28:50 - mmengine - INFO - Iter(train) [ 27200/160000]  lr: 6.8421e-02  eta: 13:50:14  time: 0.3752  data_time: 0.0256  memory: 9891  loss: 1.1650  decode.loss_ohem: 0.7531  decode.acc_seg: 92.0489  aux_0.loss_ce: 0.4120  aux_0.acc_seg: 87.5564
2026/07/25 09:29:28 - mmengine - INFO - Iter(train) [ 27300/160000]  lr: 6.8374e-02  eta: 13:49:36  time: 0.3750  data_time: 0.0269  memory: 9889  loss: 1.1744  decode.loss_ohem: 0.7983  decode.acc_seg: 90.0788  aux_0.loss_ce: 0.3760  aux_0.acc_seg: 88.5581
2026/07/25 09:30:05 - mmengine - INFO - Iter(train) [ 27400/160000]  lr: 6.8328e-02  eta: 13:48:58  time: 0.3746  data_time: 0.0265  memory: 9890  loss: 1.1747  decode.loss_ohem: 0.7950  decode.acc_seg: 87.9945  aux_0.loss_ce: 0.3797  aux_0.acc_seg: 81.1622
2026/07/25 09:30:43 - mmengine - INFO - Iter(train) [ 27500/160000]  lr: 6.8282e-02  eta: 13:48:21  time: 0.3750  data_time: 0.0268  memory: 9891  loss: 1.2782  decode.loss_ohem: 0.8394  decode.acc_seg: 90.6603  aux_0.loss_ce: 0.4387  aux_0.acc_seg: 85.7864
2026/07/25 09:31:20 - mmengine - INFO - Iter(train) [ 27600/160000]  lr: 6.8235e-02  eta: 13:47:43  time: 0.3747  data_time: 0.0268  memory: 9892  loss: 1.2223  decode.loss_ohem: 0.8538  decode.acc_seg: 93.4412  aux_0.loss_ce: 0.3685  aux_0.acc_seg: 89.7693
2026/07/25 09:31:58 - mmengine - INFO - Iter(train) [ 27700/160000]  lr: 6.8189e-02  eta: 13:47:06  time: 0.3768  data_time: 0.0274  memory: 9891  loss: 1.2621  decode.loss_ohem: 0.8659  decode.acc_seg: 84.0448  aux_0.loss_ce: 0.3961  aux_0.acc_seg: 81.1363
2026/07/25 09:32:36 - mmengine - INFO - Iter(train) [ 27800/160000]  lr: 6.8143e-02  eta: 13:46:29  time: 0.3756  data_time: 0.0270  memory: 9891  loss: 1.2761  decode.loss_ohem: 0.8806  decode.acc_seg: 91.5584  aux_0.loss_ce: 0.3955  aux_0.acc_seg: 88.0856
2026/07/25 09:33:13 - mmengine - INFO - Iter(train) [ 27900/160000]  lr: 6.8096e-02  eta: 13:45:52  time: 0.3758  data_time: 0.0273  memory: 9891  loss: 1.1582  decode.loss_ohem: 0.7778  decode.acc_seg: 89.6260  aux_0.loss_ce: 0.3804  aux_0.acc_seg: 84.0239
2026/07/25 09:33:51 - mmengine - INFO - Exp name: dsanet_cityscapes_512x1024_20260725_063741
2026/07/25 09:33:51 - mmengine - INFO - Iter(train) [ 28000/160000]  lr: 6.8050e-02  eta: 13:45:15  time: 0.3758  data_time: 0.0268  memory: 9891  loss: 1.1966  decode.loss_ohem: 0.8255  decode.acc_seg: 88.2189  aux_0.loss_ce: 0.3711  aux_0.acc_seg: 86.4063
2026/07/25 09:34:28 - mmengine - INFO - Iter(train) [ 28100/160000]  lr: 6.8003e-02  eta: 13:44:37  time: 0.3742  data_time: 0.0266  memory: 9891  loss: 1.1693  decode.loss_ohem: 0.7935  decode.acc_seg: 91.0443  aux_0.loss_ce: 0.3758  aux_0.acc_seg: 86.3811
2026/07/25 09:35:06 - mmengine - INFO - Iter(train) [ 28200/160000]  lr: 6.7957e-02  eta: 13:44:00  time: 0.3748  data_time: 0.0263  memory: 9889  loss: 1.2307  decode.loss_ohem: 0.8330  decode.acc_seg: 89.3209  aux_0.loss_ce: 0.3977  aux_0.acc_seg: 83.0177
2026/07/25 09:35:43 - mmengine - INFO - Iter(train) [ 28300/160000]  lr: 6.7911e-02  eta: 13:43:22  time: 0.3748  data_time: 0.0263  memory: 9892  loss: 1.2014  decode.loss_ohem: 0.8119  decode.acc_seg: 92.5874  aux_0.loss_ce: 0.3895  aux_0.acc_seg: 89.4823
2026/07/25 09:36:21 - mmengine - INFO - Iter(train) [ 28400/160000]  lr: 6.7864e-02  eta: 13:42:45  time: 0.3758  data_time: 0.0270  memory: 9892  loss: 1.1937  decode.loss_ohem: 0.8017  decode.acc_seg: 89.2912  aux_0.loss_ce: 0.3920  aux_0.acc_seg: 86.2407
2026/07/25 09:36:58 - mmengine - INFO - Iter(train) [ 28500/160000]  lr: 6.7818e-02  eta: 13:42:07  time: 0.3751  data_time: 0.0270  memory: 9890  loss: 1.2085  decode.loss_ohem: 0.8320  decode.acc_seg: 90.9945  aux_0.loss_ce: 0.3764  aux_0.acc_seg: 87.1408
2026/07/25 09:37:36 - mmengine - INFO - Iter(train) [ 28600/160000]  lr: 6.7771e-02  eta: 13:41:30  time: 0.3751  data_time: 0.0264  memory: 9891  loss: 1.0887  decode.loss_ohem: 0.7256  decode.acc_seg: 89.5965  aux_0.loss_ce: 0.3630  aux_0.acc_seg: 86.5822
2026/07/25 09:38:13 - mmengine - INFO - Iter(train) [ 28700/160000]  lr: 6.7725e-02  eta: 13:40:52  time: 0.3711  data_time: 0.0274  memory: 9890  loss: 1.2157  decode.loss_ohem: 0.8059  decode.acc_seg: 88.9093  aux_0.loss_ce: 0.4099  aux_0.acc_seg: 86.9437
2026/07/25 09:38:51 - mmengine - INFO - Iter(train) [ 28800/160000]  lr: 6.7679e-02  eta: 13:40:15  time: 0.3770  data_time: 0.0269  memory: 9892  loss: 1.1968  decode.loss_ohem: 0.7885  decode.acc_seg: 90.8741  aux_0.loss_ce: 0.4083  aux_0.acc_seg: 85.9370
2026/07/25 09:39:29 - mmengine - INFO - Iter(train) [ 28900/160000]  lr: 6.7632e-02  eta: 13:39:39  time: 0.3778  data_time: 0.0288  memory: 9890  loss: 1.1431  decode.loss_ohem: 0.7712  decode.acc_seg: 90.8086  aux_0.loss_ce: 0.3719  aux_0.acc_seg: 87.4545
2026/07/25 09:40:07 - mmengine - INFO - Exp name: dsanet_cityscapes_512x1024_20260725_063741
2026/07/25 09:40:07 - mmengine - INFO - Iter(train) [ 29000/160000]  lr: 6.7586e-02  eta: 13:39:02  time: 0.3776  data_time: 0.0277  memory: 9893  loss: 1.3082  decode.loss_ohem: 0.8622  decode.acc_seg: 86.5319  aux_0.loss_ce: 0.4460  aux_0.acc_seg: 81.7159
2026/07/25 09:40:45 - mmengine - INFO - Iter(train) [ 29100/160000]  lr: 6.7539e-02  eta: 13:38:27  time: 0.3774  data_time: 0.0278  memory: 9890  loss: 1.2530  decode.loss_ohem: 0.8495  decode.acc_seg: 88.2078  aux_0.loss_ce: 0.4034  aux_0.acc_seg: 85.1394
2026/07/25 09:41:22 - mmengine - INFO - Iter(train) [ 29200/160000]  lr: 6.7493e-02  eta: 13:37:51  time: 0.3783  data_time: 0.0290  memory: 9891  loss: 1.1324  decode.loss_ohem: 0.7534  decode.acc_seg: 91.3310  aux_0.loss_ce: 0.3790  aux_0.acc_seg: 89.2535
2026/07/25 09:42:00 - mmengine - INFO - Iter(train) [ 29300/160000]  lr: 6.7446e-02  eta: 13:37:15  time: 0.3832  data_time: 0.0287  memory: 9890  loss: 1.0713  decode.loss_ohem: 0.6999  decode.acc_seg: 91.0396  aux_0.loss_ce: 0.3715  aux_0.acc_seg: 84.8296
2026/07/25 09:42:38 - mmengine - INFO - Iter(train) [ 29400/160000]  lr: 6.7400e-02  eta: 13:36:39  time: 0.3753  data_time: 0.0271  memory: 9891  loss: 1.0976  decode.loss_ohem: 0.7426  decode.acc_seg: 91.3369  aux_0.loss_ce: 0.3550  aux_0.acc_seg: 87.8961
2026/07/25 09:43:16 - mmengine - INFO - Iter(train) [ 29500/160000]  lr: 6.7354e-02  eta: 13:36:02  time: 0.3785  data_time: 0.0282  memory: 9890  loss: 1.2862  decode.loss_ohem: 0.8604  decode.acc_seg: 91.5179  aux_0.loss_ce: 0.4258  aux_0.acc_seg: 86.4175
2026/07/25 09:43:54 - mmengine - INFO - Iter(train) [ 29600/160000]  lr: 6.7307e-02  eta: 13:35:26  time: 0.3797  data_time: 0.0292  memory: 9891  loss: 1.2087  decode.loss_ohem: 0.8214  decode.acc_seg: 91.1286  aux_0.loss_ce: 0.3873  aux_0.acc_seg: 86.5666
2026/07/25 09:44:32 - mmengine - INFO - Iter(train) [ 29700/160000]  lr: 6.7261e-02  eta: 13:34:50  time: 0.3803  data_time: 0.0290  memory: 9891  loss: 1.1400  decode.loss_ohem: 0.7538  decode.acc_seg: 93.0919  aux_0.loss_ce: 0.3862  aux_0.acc_seg: 88.7365
2026/07/25 09:45:10 - mmengine - INFO - Iter(train) [ 29800/160000]  lr: 6.7214e-02  eta: 13:34:15  time: 0.3810  data_time: 0.0303  memory: 9891  loss: 1.2047  decode.loss_ohem: 0.8162  decode.acc_seg: 89.1595  aux_0.loss_ce: 0.3885  aux_0.acc_seg: 82.2123
2026/07/25 09:45:47 - mmengine - INFO - Iter(train) [ 29900/160000]  lr: 6.7168e-02  eta: 13:33:38  time: 0.3784  data_time: 0.0285  memory: 9891  loss: 1.1734  decode.loss_ohem: 0.7911  decode.acc_seg: 90.3399  aux_0.loss_ce: 0.3823  aux_0.acc_seg: 84.4049
2026/07/25 09:46:25 - mmengine - INFO - Exp name: dsanet_cityscapes_512x1024_20260725_063741
2026/07/25 09:46:25 - mmengine - INFO - Iter(train) [ 30000/160000]  lr: 6.7121e-02  eta: 13:33:02  time: 0.3788  data_time: 0.0283  memory: 9891  loss: 1.2470  decode.loss_ohem: 0.8212  decode.acc_seg: 89.1033  aux_0.loss_ce: 0.4259  aux_0.acc_seg: 82.2421
2026/07/25 09:46:25 - mmengine - INFO - Saving checkpoint at 30000 iterations
2026/07/25 09:46:31 - mmengine - INFO - Iter(val) [100/250]    eta: 0:00:07  time: 0.0469  data_time: 0.0095  memory: 729  
2026/07/25 09:46:35 - mmengine - INFO - Iter(val) [200/250]    eta: 0:00:02  time: 0.0471  data_time: 0.0096  memory: 729  
2026/07/25 09:46:38 - mmengine - INFO - per class results:
2026/07/25 09:46:38 - mmengine - INFO - 
+---------------+-------+-------+
|     Class     |  IoU  |  Acc  |
+---------------+-------+-------+
|      road     | 95.46 | 96.49 |
|    sidewalk   | 70.99 | 89.85 |
|    building   | 87.13 | 93.88 |
|      wall     | 22.21 | 24.72 |
|     fence     | 39.76 | 66.07 |
|      pole     | 48.08 | 57.75 |
| traffic light | 42.22 | 49.57 |
|  traffic sign | 54.96 | 58.56 |
|   vegetation  | 88.15 |  94.0 |
|    terrain    | 49.74 | 73.54 |
|      sky      | 91.54 |  96.2 |
|     person    | 66.27 | 85.68 |
|     rider     | 44.19 |  55.5 |
|      car      | 88.42 | 93.45 |
|     truck     |  37.0 | 43.87 |
|      bus      | 52.29 | 78.44 |
|     train     | 24.48 | 41.55 |
|   motorcycle  |  22.8 | 50.44 |
|    bicycle    | 62.55 | 77.19 |
+---------------+-------+-------+
2026/07/25 09:46:38 - mmengine - INFO - Iter(val) [250/250]    aAcc: 92.3400  mIoU: 57.2800  mAcc: 69.8300  data_time: 0.0110  time: 0.0488
2026/07/25 09:46:38 - mmengine - INFO - The previous best checkpoint /root/autodl-tmp/DSANet-main/tools/work_dirs/dsanet_cityscapes_512x1024/best_mIoU_iter_20000.pth is removed
2026/07/25 09:46:38 - mmengine - INFO - The best checkpoint with 57.2800 mIoU at 30000 iter is saved to best_mIoU_iter_30000.pth.
2026/07/25 09:47:16 - mmengine - INFO - Iter(train) [ 30100/160000]  lr: 6.7075e-02  eta: 13:32:28  time: 0.3769  data_time: 0.0277  memory: 9892  loss: 1.1352  decode.loss_ohem: 0.7553  decode.acc_seg: 92.7745  aux_0.loss_ce: 0.3798  aux_0.acc_seg: 89.0412
2026/07/25 09:47:54 - mmengine - INFO - Iter(train) [ 30200/160000]  lr: 6.7028e-02  eta: 13:31:52  time: 0.3777  data_time: 0.0281  memory: 9890  loss: 1.1575  decode.loss_ohem: 0.7794  decode.acc_seg: 92.6802  aux_0.loss_ce: 0.3782  aux_0.acc_seg: 88.2914
2026/07/25 09:48:32 - mmengine - INFO - Iter(train) [ 30300/160000]  lr: 6.6982e-02  eta: 13:31:15  time: 0.3779  data_time: 0.0283  memory: 9890  loss: 1.1805  decode.loss_ohem: 0.7918  decode.acc_seg: 89.9052  aux_0.loss_ce: 0.3888  aux_0.acc_seg: 82.6816
2026/07/25 09:49:10 - mmengine - INFO - Iter(train) [ 30400/160000]  lr: 6.6935e-02  eta: 13:30:39  time: 0.3784  data_time: 0.0287  memory: 9890  loss: 1.1746  decode.loss_ohem: 0.7791  decode.acc_seg: 91.1435  aux_0.loss_ce: 0.3955  aux_0.acc_seg: 87.0287
2026/07/25 09:49:47 - mmengine - INFO - Iter(train) [ 30500/160000]  lr: 6.6889e-02  eta: 13:30:03  time: 0.3779  data_time: 0.0278  memory: 9891  loss: 1.1832  decode.loss_ohem: 0.8150  decode.acc_seg: 90.9000  aux_0.loss_ce: 0.3682  aux_0.acc_seg: 87.0296
2026/07/25 09:50:25 - mmengine - INFO - Iter(train) [ 30600/160000]  lr: 6.6842e-02  eta: 13:29:26  time: 0.3784  data_time: 0.0284  memory: 9890  loss: 1.2071  decode.loss_ohem: 0.8317  decode.acc_seg: 91.7059  aux_0.loss_ce: 0.3754  aux_0.acc_seg: 89.4685
2026/07/25 09:51:03 - mmengine - INFO - Iter(train) [ 30700/160000]  lr: 6.6796e-02  eta: 13:28:50  time: 0.3766  data_time: 0.0274  memory: 9889  loss: 1.1693  decode.loss_ohem: 0.7923  decode.acc_seg: 89.9566  aux_0.loss_ce: 0.3770  aux_0.acc_seg: 86.1221
2026/07/25 09:51:41 - mmengine - INFO - Iter(train) [ 30800/160000]  lr: 6.6750e-02  eta: 13:28:14  time: 0.3758  data_time: 0.0270  memory: 9890  loss: 1.1437  decode.loss_ohem: 0.8001  decode.acc_seg: 90.4931  aux_0.loss_ce: 0.3436  aux_0.acc_seg: 84.7192
2026/07/25 09:52:19 - mmengine - INFO - Iter(train) [ 30900/160000]  lr: 6.6703e-02  eta: 13:27:38  time: 0.3779  data_time: 0.0281  memory: 9891  loss: 1.2247  decode.loss_ohem: 0.8213  decode.acc_seg: 89.3865  aux_0.loss_ce: 0.4034  aux_0.acc_seg: 84.1120
2026/07/25 09:52:57 - mmengine - INFO - Exp name: dsanet_cityscapes_512x1024_20260725_063741
2026/07/25 09:52:57 - mmengine - INFO - Iter(train) [ 31000/160000]  lr: 6.6657e-02  eta: 13:27:02  time: 0.3798  data_time: 0.0288  memory: 9891  loss: 1.1639  decode.loss_ohem: 0.7679  decode.acc_seg: 89.9181  aux_0.loss_ce: 0.3959  aux_0.acc_seg: 84.7230
2026/07/25 09:53:35 - mmengine - INFO - Iter(train) [ 31100/160000]  lr: 6.6610e-02  eta: 13:26:25  time: 0.3780  data_time: 0.0276  memory: 9890  loss: 1.2605  decode.loss_ohem: 0.8520  decode.acc_seg: 88.9368  aux_0.loss_ce: 0.4085  aux_0.acc_seg: 85.1354
2026/07/25 09:54:12 - mmengine - INFO - Iter(train) [ 31200/160000]  lr: 6.6564e-02  eta: 13:25:49  time: 0.3777  data_time: 0.0269  memory: 9890  loss: 1.1704  decode.loss_ohem: 0.7616  decode.acc_seg: 91.1917  aux_0.loss_ce: 0.4088  aux_0.acc_seg: 83.6917
2026/07/25 09:54:50 - mmengine - INFO - Iter(train) [ 31300/160000]  lr: 6.6517e-02  eta: 13:25:13  time: 0.3775  data_time: 0.0281  memory: 9890  loss: 1.1226  decode.loss_ohem: 0.7625  decode.acc_seg: 92.5098  aux_0.loss_ce: 0.3601  aux_0.acc_seg: 88.3102
2026/07/25 09:55:28 - mmengine - INFO - Iter(train) [ 31400/160000]  lr: 6.6471e-02  eta: 13:24:36  time: 0.3840  data_time: 0.0283  memory: 9893  loss: 1.2785  decode.loss_ohem: 0.9030  decode.acc_seg: 88.3094  aux_0.loss_ce: 0.3755  aux_0.acc_seg: 83.0698
2026/07/25 09:56:06 - mmengine - INFO - Iter(train) [ 31500/160000]  lr: 6.6424e-02  eta: 13:24:01  time: 0.3771  data_time: 0.0269  memory: 9890  loss: 1.2024  decode.loss_ohem: 0.8102  decode.acc_seg: 89.7812  aux_0.loss_ce: 0.3922  aux_0.acc_seg: 87.0351
2026/07/25 09:56:44 - mmengine - INFO - Iter(train) [ 31600/160000]  lr: 6.6377e-02  eta: 13:23:25  time: 0.3806  data_time: 0.0283  memory: 9890  loss: 1.2652  decode.loss_ohem: 0.8537  decode.acc_seg: 88.6362  aux_0.loss_ce: 0.4115  aux_0.acc_seg: 87.2229
2026/07/25 09:57:22 - mmengine - INFO - Iter(train) [ 31700/160000]  lr: 6.6331e-02  eta: 13:22:48  time: 0.3770  data_time: 0.0277  memory: 9890  loss: 1.2367  decode.loss_ohem: 0.7961  decode.acc_seg: 89.2947  aux_0.loss_ce: 0.4407  aux_0.acc_seg: 85.3684
2026/07/25 09:57:59 - mmengine - INFO - Iter(train) [ 31800/160000]  lr: 6.6284e-02  eta: 13:22:11  time: 0.3764  data_time: 0.0272  memory: 9890  loss: 1.1857  decode.loss_ohem: 0.7933  decode.acc_seg: 89.7142  aux_0.loss_ce: 0.3924  aux_0.acc_seg: 84.0441
2026/07/25 09:58:37 - mmengine - INFO - Iter(train) [ 31900/160000]  lr: 6.6238e-02  eta: 13:21:34  time: 0.3776  data_time: 0.0278  memory: 9891  loss: 1.2241  decode.loss_ohem: 0.8264  decode.acc_seg: 88.9777  aux_0.loss_ce: 0.3977  aux_0.acc_seg: 84.2528
2026/07/25 09:59:15 - mmengine - INFO - Exp name: dsanet_cityscapes_512x1024_20260725_063741
2026/07/25 09:59:15 - mmengine - INFO - Iter(train) [ 32000/160000]  lr: 6.6191e-02  eta: 13:20:57  time: 0.3754  data_time: 0.0269  memory: 9890  loss: 1.1213  decode.loss_ohem: 0.7575  decode.acc_seg: 88.9796  aux_0.loss_ce: 0.3637  aux_0.acc_seg: 83.5573
2026/07/25 09:59:53 - mmengine - INFO - Iter(train) [ 32100/160000]  lr: 6.6145e-02  eta: 13:20:20  time: 0.3727  data_time: 0.0234  memory: 9889  loss: 1.1765  decode.loss_ohem: 0.8056  decode.acc_seg: 92.5916  aux_0.loss_ce: 0.3709  aux_0.acc_seg: 86.4979
2026/07/25 10:00:30 - mmengine - INFO - Iter(train) [ 32200/160000]  lr: 6.6098e-02  eta: 13:19:43  time: 0.3779  data_time: 0.0282  memory: 9889  loss: 1.3091  decode.loss_ohem: 0.8935  decode.acc_seg: 89.5213  aux_0.loss_ce: 0.4155  aux_0.acc_seg: 86.4424
2026/07/25 10:01:08 - mmengine - INFO - Iter(train) [ 32300/160000]  lr: 6.6052e-02  eta: 13:19:06  time: 0.3784  data_time: 0.0280  memory: 9892  loss: 1.2107  decode.loss_ohem: 0.7959  decode.acc_seg: 88.3273  aux_0.loss_ce: 0.4148  aux_0.acc_seg: 84.8793
2026/07/25 10:01:46 - mmengine - INFO - Iter(train) [ 32400/160000]  lr: 6.6005e-02  eta: 13:18:29  time: 0.3768  data_time: 0.0270  memory: 9892  loss: 1.2087  decode.loss_ohem: 0.7658  decode.acc_seg: 91.9012  aux_0.loss_ce: 0.4429  aux_0.acc_seg: 85.6972
2026/07/25 10:02:23 - mmengine - INFO - Iter(train) [ 32500/160000]  lr: 6.5959e-02  eta: 13:17:52  time: 0.3757  data_time: 0.0269  memory: 9889  loss: 1.2677  decode.loss_ohem: 0.8676  decode.acc_seg: 85.9879  aux_0.loss_ce: 0.4001  aux_0.acc_seg: 79.5227
2026/07/25 10:03:01 - mmengine - INFO - Iter(train) [ 32600/160000]  lr: 6.5912e-02  eta: 13:17:15  time: 0.3786  data_time: 0.0286  memory: 9890  loss: 1.2061  decode.loss_ohem: 0.7988  decode.acc_seg: 91.2303  aux_0.loss_ce: 0.4073  aux_0.acc_seg: 85.8101
2026/07/25 10:03:39 - mmengine - INFO - Iter(train) [ 32700/160000]  lr: 6.5866e-02  eta: 13:16:39  time: 0.3765  data_time: 0.0276  memory: 9889  loss: 1.1389  decode.loss_ohem: 0.7570  decode.acc_seg: 92.1499  aux_0.loss_ce: 0.3819  aux_0.acc_seg: 87.4994
2026/07/25 10:04:17 - mmengine - INFO - Iter(train) [ 32800/160000]  lr: 6.5819e-02  eta: 13:16:02  time: 0.3781  data_time: 0.0282  memory: 9890  loss: 1.2208  decode.loss_ohem: 0.8370  decode.acc_seg: 89.8379  aux_0.loss_ce: 0.3838  aux_0.acc_seg: 84.8746
2026/07/25 10:04:55 - mmengine - INFO - Iter(train) [ 32900/160000]  lr: 6.5772e-02  eta: 13:15:26  time: 0.3794  data_time: 0.0283  memory: 9891  loss: 1.1887  decode.loss_ohem: 0.8131  decode.acc_seg: 88.6477  aux_0.loss_ce: 0.3756  aux_0.acc_seg: 84.9308
2026/07/25 10:05:33 - mmengine - INFO - Exp name: dsanet_cityscapes_512x1024_20260725_063741
2026/07/25 10:05:33 - mmengine - INFO - Iter(train) [ 33000/160000]  lr: 6.5726e-02  eta: 13:14:50  time: 0.3831  data_time: 0.0309  memory: 9894  loss: 1.3092  decode.loss_ohem: 0.8546  decode.acc_seg: 90.5572  aux_0.loss_ce: 0.4546  aux_0.acc_seg: 84.7559
2026/07/25 10:06:10 - mmengine - INFO - Iter(train) [ 33100/160000]  lr: 6.5679e-02  eta: 13:14:13  time: 0.3797  data_time: 0.0276  memory: 9891  loss: 1.1281  decode.loss_ohem: 0.7779  decode.acc_seg: 91.0677  aux_0.loss_ce: 0.3502  aux_0.acc_seg: 88.7908
2026/07/25 10:06:48 - mmengine - INFO - Iter(train) [ 33200/160000]  lr: 6.5633e-02  eta: 13:13:37  time: 0.3753  data_time: 0.0282  memory: 9891  loss: 1.2825  decode.loss_ohem: 0.8575  decode.acc_seg: 85.6664  aux_0.loss_ce: 0.4250  aux_0.acc_seg: 83.3239
2026/07/25 10:07:26 - mmengine - INFO - Iter(train) [ 33300/160000]  lr: 6.5586e-02  eta: 13:13:00  time: 0.3777  data_time: 0.0278  memory: 9890  loss: 1.0818  decode.loss_ohem: 0.7317  decode.acc_seg: 90.8996  aux_0.loss_ce: 0.3501  aux_0.acc_seg: 86.3958
2026/07/25 10:08:04 - mmengine - INFO - Iter(train) [ 33400/160000]  lr: 6.5540e-02  eta: 13:12:24  time: 0.3780  data_time: 0.0285  memory: 9891  loss: 1.1672  decode.loss_ohem: 0.7877  decode.acc_seg: 91.3915  aux_0.loss_ce: 0.3795  aux_0.acc_seg: 87.4491
2026/07/25 10:08:42 - mmengine - INFO - Iter(train) [ 33500/160000]  lr: 6.5493e-02  eta: 13:11:47  time: 0.3794  data_time: 0.0284  memory: 9890  loss: 1.1761  decode.loss_ohem: 0.7918  decode.acc_seg: 91.8719  aux_0.loss_ce: 0.3843  aux_0.acc_seg: 84.4100
2026/07/25 10:09:19 - mmengine - INFO - Iter(train) [ 33600/160000]  lr: 6.5446e-02  eta: 13:11:10  time: 0.3779  data_time: 0.0278  memory: 9890  loss: 1.1996  decode.loss_ohem: 0.8054  decode.acc_seg: 89.7051  aux_0.loss_ce: 0.3942  aux_0.acc_seg: 82.2709
2026/07/25 10:09:57 - mmengine - INFO - Iter(train) [ 33700/160000]  lr: 6.5400e-02  eta: 13:10:34  time: 0.3778  data_time: 0.0280  memory: 9892  loss: 1.2566  decode.loss_ohem: 0.8781  decode.acc_seg: 87.7789  aux_0.loss_ce: 0.3785  aux_0.acc_seg: 81.8172
2026/07/25 10:10:35 - mmengine - INFO - Iter(train) [ 33800/160000]  lr: 6.5353e-02  eta: 13:09:57  time: 0.3762  data_time: 0.0271  memory: 9891  loss: 1.2104  decode.loss_ohem: 0.8258  decode.acc_seg: 89.5735  aux_0.loss_ce: 0.3846  aux_0.acc_seg: 84.7488
2026/07/25 10:11:13 - mmengine - INFO - Iter(train) [ 33900/160000]  lr: 6.5307e-02  eta: 13:09:20  time: 0.3768  data_time: 0.0272  memory: 9891  loss: 1.1602  decode.loss_ohem: 0.7883  decode.acc_seg: 88.2346  aux_0.loss_ce: 0.3719  aux_0.acc_seg: 85.0933
2026/07/25 10:11:51 - mmengine - INFO - Exp name: dsanet_cityscapes_512x1024_20260725_063741
2026/07/25 10:11:51 - mmengine - INFO - Iter(train) [ 34000/160000]  lr: 6.5260e-02  eta: 13:08:44  time: 0.3802  data_time: 0.0281  memory: 9892  loss: 1.2094  decode.loss_ohem: 0.7765  decode.acc_seg: 93.7248  aux_0.loss_ce: 0.4329  aux_0.acc_seg: 90.1532
2026/07/25 10:12:29 - mmengine - INFO - Iter(train) [ 34100/160000]  lr: 6.5213e-02  eta: 13:08:07  time: 0.3777  data_time: 0.0276  memory: 9890  loss: 1.2287  decode.loss_ohem: 0.8538  decode.acc_seg: 90.5454  aux_0.loss_ce: 0.3749  aux_0.acc_seg: 85.7490
2026/07/25 10:13:06 - mmengine - INFO - Iter(train) [ 34200/160000]  lr: 6.5167e-02  eta: 13:07:31  time: 0.3786  data_time: 0.0277  memory: 9891  loss: 1.1428  decode.loss_ohem: 0.7638  decode.acc_seg: 87.6000  aux_0.loss_ce: 0.3791  aux_0.acc_seg: 81.2863
2026/07/25 10:13:44 - mmengine - INFO - Iter(train) [ 34300/160000]  lr: 6.5120e-02  eta: 13:06:54  time: 0.3786  data_time: 0.0276  memory: 9892  loss: 1.1296  decode.loss_ohem: 0.7260  decode.acc_seg: 91.9706  aux_0.loss_ce: 0.4037  aux_0.acc_seg: 86.2021
2026/07/25 10:14:22 - mmengine - INFO - Iter(train) [ 34400/160000]  lr: 6.5074e-02  eta: 13:06:18  time: 0.3788  data_time: 0.0286  memory: 9890  loss: 1.1416  decode.loss_ohem: 0.7926  decode.acc_seg: 92.0054  aux_0.loss_ce: 0.3490  aux_0.acc_seg: 89.0622
2026/07/25 10:15:00 - mmengine - INFO - Iter(train) [ 34500/160000]  lr: 6.5027e-02  eta: 13:05:41  time: 0.3777  data_time: 0.0276  memory: 9891  loss: 1.2798  decode.loss_ohem: 0.8885  decode.acc_seg: 89.4228  aux_0.loss_ce: 0.3914  aux_0.acc_seg: 83.5040
2026/07/25 10:15:38 - mmengine - INFO - Iter(train) [ 34600/160000]  lr: 6.4980e-02  eta: 13:05:05  time: 0.3774  data_time: 0.0276  memory: 9889  loss: 1.1869  decode.loss_ohem: 0.8120  decode.acc_seg: 91.5022  aux_0.loss_ce: 0.3749  aux_0.acc_seg: 86.4206
2026/07/25 10:16:16 - mmengine - INFO - Iter(train) [ 34700/160000]  lr: 6.4934e-02  eta: 13:04:28  time: 0.3805  data_time: 0.0296  memory: 9892  loss: 1.1152  decode.loss_ohem: 0.7719  decode.acc_seg: 93.1693  aux_0.loss_ce: 0.3433  aux_0.acc_seg: 90.5644
2026/07/25 10:16:53 - mmengine - INFO - Iter(train) [ 34800/160000]  lr: 6.4887e-02  eta: 13:03:51  time: 0.3787  data_time: 0.0283  memory: 9890  loss: 1.1930  decode.loss_ohem: 0.7950  decode.acc_seg: 90.4677  aux_0.loss_ce: 0.3980  aux_0.acc_seg: 86.6275
2026/07/25 10:17:31 - mmengine - INFO - Iter(train) [ 34900/160000]  lr: 6.4840e-02  eta: 13:03:14  time: 0.3767  data_time: 0.0270  memory: 9890  loss: 1.1188  decode.loss_ohem: 0.7418  decode.acc_seg: 92.6943  aux_0.loss_ce: 0.3769  aux_0.acc_seg: 88.5111
2026/07/25 10:18:09 - mmengine - INFO - Exp name: dsanet_cityscapes_512x1024_20260725_063741
2026/07/25 10:18:09 - mmengine - INFO - Iter(train) [ 35000/160000]  lr: 6.4794e-02  eta: 13:02:37  time: 0.3766  data_time: 0.0269  memory: 9891  loss: 1.1864  decode.loss_ohem: 0.7826  decode.acc_seg: 91.0687  aux_0.loss_ce: 0.4038  aux_0.acc_seg: 87.1520
2026/07/25 10:18:09 - mmengine - INFO - Saving checkpoint at 35000 iterations
2026/07/25 10:18:14 - mmengine - INFO - Iter(val) [100/250]    eta: 0:00:07  time: 0.0478  data_time: 0.0097  memory: 729  
2026/07/25 10:18:19 - mmengine - INFO - Iter(val) [200/250]    eta: 0:00:02  time: 0.0489  data_time: 0.0106  memory: 729  
2026/07/25 10:18:22 - mmengine - INFO - per class results:
2026/07/25 10:18:22 - mmengine - INFO - 
+---------------+-------+-------+
|     Class     |  IoU  |  Acc  |
+---------------+-------+-------+
|      road     | 95.42 | 97.83 |
|    sidewalk   |  74.1 | 83.47 |
|    building   | 87.84 | 93.42 |
|      wall     | 33.55 | 40.37 |
|     fence     | 45.64 |  54.2 |
|      pole     | 50.79 | 63.15 |
| traffic light | 39.21 | 46.97 |
|  traffic sign | 58.65 | 67.07 |
|   vegetation  | 89.34 | 94.83 |
|    terrain    | 53.81 | 72.73 |
|      sky      | 83.36 | 97.24 |
|     person    | 67.79 | 80.69 |
|     rider     | 44.65 | 55.97 |
|      car      | 89.29 | 96.91 |
|     truck     | 39.59 | 45.91 |
|      bus      | 56.64 | 78.72 |
|     train     | 20.92 | 30.96 |
|   motorcycle  | 25.66 | 29.19 |
|    bicycle    | 59.76 | 81.04 |
+---------------+-------+-------+
2026/07/25 10:18:22 - mmengine - INFO - Iter(val) [250/250]    aAcc: 92.8900  mIoU: 58.7400  mAcc: 68.9800  data_time: 0.0112  time: 0.0494
2026/07/25 10:18:22 - mmengine - INFO - The previous best checkpoint /root/autodl-tmp/DSANet-main/tools/work_dirs/dsanet_cityscapes_512x1024/best_mIoU_iter_30000.pth is removed
2026/07/25 10:18:22 - mmengine - INFO - The best checkpoint with 58.7400 mIoU at 35000 iter is saved to best_mIoU_iter_35000.pth.
2026/07/25 10:19:00 - mmengine - INFO - Iter(train) [ 35100/160000]  lr: 6.4747e-02  eta: 13:02:03  time: 0.3782  data_time: 0.0280  memory: 9892  loss: 1.2681  decode.loss_ohem: 0.8420  decode.acc_seg: 87.4997  aux_0.loss_ce: 0.4262  aux_0.acc_seg: 84.2710
2026/07/25 10:19:38 - mmengine - INFO - Iter(train) [ 35200/160000]  lr: 6.4700e-02  eta: 13:01:26  time: 0.3780  data_time: 0.0285  memory: 9889  loss: 1.1120  decode.loss_ohem: 0.7412  decode.acc_seg: 90.9536  aux_0.loss_ce: 0.3708  aux_0.acc_seg: 87.1292
2026/07/25 10:20:16 - mmengine - INFO - Iter(train) [ 35300/160000]  lr: 6.4654e-02  eta: 13:00:50  time: 0.3777  data_time: 0.0275  memory: 9890  loss: 1.1643  decode.loss_ohem: 0.8001  decode.acc_seg: 91.4254  aux_0.loss_ce: 0.3642  aux_0.acc_seg: 87.6217
2026/07/25 10:20:54 - mmengine - INFO - Iter(train) [ 35400/160000]  lr: 6.4607e-02  eta: 13:00:13  time: 0.3785  data_time: 0.0284  memory: 9890  loss: 1.1838  decode.loss_ohem: 0.8220  decode.acc_seg: 88.4062  aux_0.loss_ce: 0.3618  aux_0.acc_seg: 86.1419
2026/07/25 10:21:31 - mmengine - INFO - Iter(train) [ 35500/160000]  lr: 6.4560e-02  eta: 12:59:36  time: 0.3769  data_time: 0.0280  memory: 9890  loss: 1.1813  decode.loss_ohem: 0.7999  decode.acc_seg: 85.6751  aux_0.loss_ce: 0.3814  aux_0.acc_seg: 77.3754
2026/07/25 10:22:09 - mmengine - INFO - Iter(train) [ 35600/160000]  lr: 6.4514e-02  eta: 12:59:00  time: 0.3818  data_time: 0.0317  memory: 9891  loss: 1.2202  decode.loss_ohem: 0.8586  decode.acc_seg: 89.1985  aux_0.loss_ce: 0.3616  aux_0.acc_seg: 88.0359
2026/07/25 10:22:47 - mmengine - INFO - Iter(train) [ 35700/160000]  lr: 6.4467e-02  eta: 12:58:23  time: 0.3782  data_time: 0.0270  memory: 9891  loss: 1.1617  decode.loss_ohem: 0.7620  decode.acc_seg: 91.6330  aux_0.loss_ce: 0.3997  aux_0.acc_seg: 88.9391
2026/07/25 10:23:25 - mmengine - INFO - Iter(train) [ 35800/160000]  lr: 6.4420e-02  eta: 12:57:47  time: 0.3770  data_time: 0.0263  memory: 9891  loss: 1.1335  decode.loss_ohem: 0.8009  decode.acc_seg: 92.5358  aux_0.loss_ce: 0.3326  aux_0.acc_seg: 89.7111
2026/07/25 10:24:03 - mmengine - INFO - Iter(train) [ 35900/160000]  lr: 6.4374e-02  eta: 12:57:10  time: 0.3782  data_time: 0.0285  memory: 9890  loss: 1.0733  decode.loss_ohem: 0.7340  decode.acc_seg: 91.9834  aux_0.loss_ce: 0.3394  aux_0.acc_seg: 87.8528
2026/07/25 10:24:41 - mmengine - INFO - Exp name: dsanet_cityscapes_512x1024_20260725_063741
2026/07/25 10:24:41 - mmengine - INFO - Iter(train) [ 36000/160000]  lr: 6.4327e-02  eta: 12:56:34  time: 0.3779  data_time: 0.0280  memory: 9889  loss: 1.1946  decode.loss_ohem: 0.8091  decode.acc_seg: 91.0531  aux_0.loss_ce: 0.3855  aux_0.acc_seg: 87.4159
2026/07/25 10:25:19 - mmengine - INFO - Iter(train) [ 36100/160000]  lr: 6.4280e-02  eta: 12:55:57  time: 0.3781  data_time: 0.0275  memory: 9889  loss: 1.1653  decode.loss_ohem: 0.7726  decode.acc_seg: 91.9331  aux_0.loss_ce: 0.3927  aux_0.acc_seg: 84.3358
2026/07/25 10:25:56 - mmengine - INFO - Iter(train) [ 36200/160000]  lr: 6.4234e-02  eta: 12:55:20  time: 0.3776  data_time: 0.0277  memory: 9890  loss: 1.1997  decode.loss_ohem: 0.8372  decode.acc_seg: 91.1040  aux_0.loss_ce: 0.3626  aux_0.acc_seg: 88.5777
2026/07/25 10:26:34 - mmengine - INFO - Iter(train) [ 36300/160000]  lr: 6.4187e-02  eta: 12:54:44  time: 0.3817  data_time: 0.0277  memory: 9889  loss: 1.3056  decode.loss_ohem: 0.9032  decode.acc_seg: 88.3147  aux_0.loss_ce: 0.4025  aux_0.acc_seg: 84.8100
2026/07/25 10:27:12 - mmengine - INFO - Iter(train) [ 36400/160000]  lr: 6.4140e-02  eta: 12:54:07  time: 0.3782  data_time: 0.0274  memory: 9890  loss: 1.1549  decode.loss_ohem: 0.7749  decode.acc_seg: 89.2164  aux_0.loss_ce: 0.3800  aux_0.acc_seg: 85.5193
2026/07/25 10:27:50 - mmengine - INFO - Iter(train) [ 36500/160000]  lr: 6.4094e-02  eta: 12:53:30  time: 0.3800  data_time: 0.0291  memory: 9890  loss: 1.1317  decode.loss_ohem: 0.7580  decode.acc_seg: 89.2479  aux_0.loss_ce: 0.3738  aux_0.acc_seg: 81.6434
2026/07/25 10:28:28 - mmengine - INFO - Iter(train) [ 36600/160000]  lr: 6.4047e-02  eta: 12:52:54  time: 0.3787  data_time: 0.0285  memory: 9891  loss: 1.2078  decode.loss_ohem: 0.7902  decode.acc_seg: 91.7132  aux_0.loss_ce: 0.4176  aux_0.acc_seg: 87.8476
2026/07/25 10:29:06 - mmengine - INFO - Iter(train) [ 36700/160000]  lr: 6.4000e-02  eta: 12:52:17  time: 0.3790  data_time: 0.0276  memory: 9890  loss: 1.2138  decode.loss_ohem: 0.8260  decode.acc_seg: 90.8846  aux_0.loss_ce: 0.3878  aux_0.acc_seg: 86.8644
2026/07/25 10:29:44 - mmengine - INFO - Iter(train) [ 36800/160000]  lr: 6.3954e-02  eta: 12:51:40  time: 0.3784  data_time: 0.0276  memory: 9890  loss: 1.1357  decode.loss_ohem: 0.7833  decode.acc_seg: 90.7424  aux_0.loss_ce: 0.3523  aux_0.acc_seg: 87.2112
2026/07/25 10:30:22 - mmengine - INFO - Iter(train) [ 36900/160000]  lr: 6.3907e-02  eta: 12:51:04  time: 0.3796  data_time: 0.0279  memory: 9890  loss: 1.0065  decode.loss_ohem: 0.6597  decode.acc_seg: 92.2109  aux_0.loss_ce: 0.3468  aux_0.acc_seg: 83.4348
2026/07/25 10:30:59 - mmengine - INFO - Exp name: dsanet_cityscapes_512x1024_20260725_063741
2026/07/25 10:30:59 - mmengine - INFO - Iter(train) [ 37000/160000]  lr: 6.3860e-02  eta: 12:50:27  time: 0.3803  data_time: 0.0292  memory: 9890  loss: 1.1122  decode.loss_ohem: 0.7358  decode.acc_seg: 88.8720  aux_0.loss_ce: 0.3764  aux_0.acc_seg: 82.8161
2026/07/25 10:31:37 - mmengine - INFO - Iter(train) [ 37100/160000]  lr: 6.3813e-02  eta: 12:49:50  time: 0.3795  data_time: 0.0279  memory: 9891  loss: 1.0827  decode.loss_ohem: 0.7206  decode.acc_seg: 90.6232  aux_0.loss_ce: 0.3621  aux_0.acc_seg: 84.9895
2026/07/25 10:32:15 - mmengine - INFO - Iter(train) [ 37200/160000]  lr: 6.3767e-02  eta: 12:49:14  time: 0.3801  data_time: 0.0295  memory: 9891  loss: 1.1756  decode.loss_ohem: 0.7975  decode.acc_seg: 92.3679  aux_0.loss_ce: 0.3781  aux_0.acc_seg: 89.0504
2026/07/25 10:32:53 - mmengine - INFO - Iter(train) [ 37300/160000]  lr: 6.3720e-02  eta: 12:48:37  time: 0.3779  data_time: 0.0278  memory: 9891  loss: 1.1261  decode.loss_ohem: 0.7902  decode.acc_seg: 89.7329  aux_0.loss_ce: 0.3359  aux_0.acc_seg: 85.2381
2026/07/25 10:33:31 - mmengine - INFO - Iter(train) [ 37400/160000]  lr: 6.3673e-02  eta: 12:48:00  time: 0.3766  data_time: 0.0271  memory: 9891  loss: 1.1810  decode.loss_ohem: 0.8172  decode.acc_seg: 91.0409  aux_0.loss_ce: 0.3638  aux_0.acc_seg: 87.9327
2026/07/25 10:34:08 - mmengine - INFO - Iter(train) [ 37500/160000]  lr: 6.3626e-02  eta: 12:47:23  time: 0.3760  data_time: 0.0271  memory: 9891  loss: 1.1511  decode.loss_ohem: 0.7681  decode.acc_seg: 89.2096  aux_0.loss_ce: 0.3831  aux_0.acc_seg: 85.0671
2026/07/25 10:34:46 - mmengine - INFO - Iter(train) [ 37600/160000]  lr: 6.3580e-02  eta: 12:46:46  time: 0.3780  data_time: 0.0287  memory: 9891  loss: 1.2076  decode.loss_ohem: 0.8405  decode.acc_seg: 86.6320  aux_0.loss_ce: 0.3671  aux_0.acc_seg: 83.3698
2026/07/25 10:35:24 - mmengine - INFO - Iter(train) [ 37700/160000]  lr: 6.3533e-02  eta: 12:46:08  time: 0.3774  data_time: 0.0273  memory: 9890  loss: 1.1833  decode.loss_ohem: 0.8040  decode.acc_seg: 90.4328  aux_0.loss_ce: 0.3793  aux_0.acc_seg: 88.4485
2026/07/25 10:36:02 - mmengine - INFO - Iter(train) [ 37800/160000]  lr: 6.3486e-02  eta: 12:45:31  time: 0.3775  data_time: 0.0277  memory: 9890  loss: 1.1371  decode.loss_ohem: 0.7857  decode.acc_seg: 90.3507  aux_0.loss_ce: 0.3514  aux_0.acc_seg: 88.6330
2026/07/25 10:36:39 - mmengine - INFO - Iter(train) [ 37900/160000]  lr: 6.3439e-02  eta: 12:44:54  time: 0.3782  data_time: 0.0282  memory: 9891  loss: 1.1318  decode.loss_ohem: 0.7740  decode.acc_seg: 92.1026  aux_0.loss_ce: 0.3578  aux_0.acc_seg: 85.6976
2026/07/25 10:37:17 - mmengine - INFO - Exp name: dsanet_cityscapes_512x1024_20260725_063741
2026/07/25 10:37:17 - mmengine - INFO - Iter(train) [ 38000/160000]  lr: 6.3393e-02  eta: 12:44:18  time: 0.3783  data_time: 0.0280  memory: 9891  loss: 1.3564  decode.loss_ohem: 0.8637  decode.acc_seg: 91.0833  aux_0.loss_ce: 0.4927  aux_0.acc_seg: 85.9301
2026/07/25 10:37:55 - mmengine - INFO - Iter(train) [ 38100/160000]  lr: 6.3346e-02  eta: 12:43:41  time: 0.3768  data_time: 0.0277  memory: 9891  loss: 1.1679  decode.loss_ohem: 0.7993  decode.acc_seg: 89.9162  aux_0.loss_ce: 0.3685  aux_0.acc_seg: 87.4359
2026/07/25 10:38:33 - mmengine - INFO - Iter(train) [ 38200/160000]  lr: 6.3299e-02  eta: 12:43:04  time: 0.3790  data_time: 0.0272  memory: 9889  loss: 1.1736  decode.loss_ohem: 0.7697  decode.acc_seg: 92.8902  aux_0.loss_ce: 0.4039  aux_0.acc_seg: 88.5679
2026/07/25 10:39:11 - mmengine - INFO - Iter(train) [ 38300/160000]  lr: 6.3252e-02  eta: 12:42:27  time: 0.3782  data_time: 0.0279  memory: 9891  loss: 1.1552  decode.loss_ohem: 0.7580  decode.acc_seg: 90.9141  aux_0.loss_ce: 0.3971  aux_0.acc_seg: 88.0751
2026/07/25 10:39:49 - mmengine - INFO - Iter(train) [ 38400/160000]  lr: 6.3206e-02  eta: 12:41:51  time: 0.3792  data_time: 0.0283  memory: 9890  loss: 1.1953  decode.loss_ohem: 0.8098  decode.acc_seg: 89.3807  aux_0.loss_ce: 0.3855  aux_0.acc_seg: 87.2240
2026/07/25 10:40:26 - mmengine - INFO - Iter(train) [ 38500/160000]  lr: 6.3159e-02  eta: 12:41:13  time: 0.3771  data_time: 0.0283  memory: 9890  loss: 1.1452  decode.loss_ohem: 0.7952  decode.acc_seg: 89.8952  aux_0.loss_ce: 0.3500  aux_0.acc_seg: 85.6834
2026/07/25 10:41:04 - mmengine - INFO - Iter(train) [ 38600/160000]  lr: 6.3112e-02  eta: 12:40:36  time: 0.3784  data_time: 0.0274  memory: 9890  loss: 1.1877  decode.loss_ohem: 0.7988  decode.acc_seg: 87.9422  aux_0.loss_ce: 0.3890  aux_0.acc_seg: 83.7320
2026/07/25 10:41:42 - mmengine - INFO - Iter(train) [ 38700/160000]  lr: 6.3065e-02  eta: 12:39:59  time: 0.3787  data_time: 0.0284  memory: 9890  loss: 1.1898  decode.loss_ohem: 0.8104  decode.acc_seg: 90.6263  aux_0.loss_ce: 0.3794  aux_0.acc_seg: 88.4420
2026/07/25 10:42:20 - mmengine - INFO - Iter(train) [ 38800/160000]  lr: 6.3019e-02  eta: 12:39:23  time: 0.3800  data_time: 0.0286  memory: 9890  loss: 1.1455  decode.loss_ohem: 0.7766  decode.acc_seg: 91.0807  aux_0.loss_ce: 0.3689  aux_0.acc_seg: 86.5113
2026/07/25 10:42:58 - mmengine - INFO - Iter(train) [ 38900/160000]  lr: 6.2972e-02  eta: 12:38:46  time: 0.3785  data_time: 0.0277  memory: 9890  loss: 1.1406  decode.loss_ohem: 0.7761  decode.acc_seg: 92.1915  aux_0.loss_ce: 0.3645  aux_0.acc_seg: 87.4044
2026/07/25 10:43:35 - mmengine - INFO - Exp name: dsanet_cityscapes_512x1024_20260725_063741
2026/07/25 10:43:35 - mmengine - INFO - Iter(train) [ 39000/160000]  lr: 6.2925e-02  eta: 12:38:08  time: 0.3773  data_time: 0.0276  memory: 9890  loss: 1.1090  decode.loss_ohem: 0.7553  decode.acc_seg: 89.6912  aux_0.loss_ce: 0.3538  aux_0.acc_seg: 81.5041
2026/07/25 10:44:13 - mmengine - INFO - Iter(train) [ 39100/160000]  lr: 6.2878e-02  eta: 12:37:31  time: 0.3760  data_time: 0.0270  memory: 9890  loss: 1.2227  decode.loss_ohem: 0.8510  decode.acc_seg: 86.6982  aux_0.loss_ce: 0.3716  aux_0.acc_seg: 84.1660
2026/07/25 10:44:51 - mmengine - INFO - Iter(train) [ 39200/160000]  lr: 6.2831e-02  eta: 12:36:55  time: 0.3750  data_time: 0.0268  memory: 9891  loss: 1.1558  decode.loss_ohem: 0.7831  decode.acc_seg: 92.8632  aux_0.loss_ce: 0.3728  aux_0.acc_seg: 88.8380
2026/07/25 10:45:29 - mmengine - INFO - Iter(train) [ 39300/160000]  lr: 6.2785e-02  eta: 12:36:18  time: 0.3776  data_time: 0.0280  memory: 9890  loss: 1.2224  decode.loss_ohem: 0.8171  decode.acc_seg: 89.9441  aux_0.loss_ce: 0.4052  aux_0.acc_seg: 84.7973
2026/07/25 10:46:07 - mmengine - INFO - Iter(train) [ 39400/160000]  lr: 6.2738e-02  eta: 12:35:41  time: 0.3779  data_time: 0.0274  memory: 9890  loss: 1.1683  decode.loss_ohem: 0.8223  decode.acc_seg: 89.4558  aux_0.loss_ce: 0.3460  aux_0.acc_seg: 85.3936
2026/07/25 10:46:44 - mmengine - INFO - Iter(train) [ 39500/160000]  lr: 6.2691e-02  eta: 12:35:04  time: 0.3774  data_time: 0.0285  memory: 9890  loss: 1.2691  decode.loss_ohem: 0.8782  decode.acc_seg: 89.7747  aux_0.loss_ce: 0.3909  aux_0.acc_seg: 83.2168
2026/07/25 10:47:22 - mmengine - INFO - Iter(train) [ 39600/160000]  lr: 6.2644e-02  eta: 12:34:27  time: 0.3775  data_time: 0.0278  memory: 9890  loss: 1.1158  decode.loss_ohem: 0.7546  decode.acc_seg: 93.3768  aux_0.loss_ce: 0.3612  aux_0.acc_seg: 85.0991
2026/07/25 10:48:00 - mmengine - INFO - Iter(train) [ 39700/160000]  lr: 6.2597e-02  eta: 12:33:50  time: 0.3784  data_time: 0.0286  memory: 9890  loss: 1.1210  decode.loss_ohem: 0.7801  decode.acc_seg: 90.6168  aux_0.loss_ce: 0.3408  aux_0.acc_seg: 86.3288
2026/07/25 10:48:38 - mmengine - INFO - Iter(train) [ 39800/160000]  lr: 6.2550e-02  eta: 12:33:14  time: 0.3772  data_time: 0.0280  memory: 9890  loss: 1.0824  decode.loss_ohem: 0.7423  decode.acc_seg: 89.5855  aux_0.loss_ce: 0.3402  aux_0.acc_seg: 85.9875
2026/07/25 10:49:16 - mmengine - INFO - Iter(train) [ 39900/160000]  lr: 6.2504e-02  eta: 12:32:37  time: 0.3794  data_time: 0.0284  memory: 9892  loss: 1.1285  decode.loss_ohem: 0.7620  decode.acc_seg: 91.1811  aux_0.loss_ce: 0.3665  aux_0.acc_seg: 86.5314
2026/07/25 10:49:54 - mmengine - INFO - Exp name: dsanet_cityscapes_512x1024_20260725_063741
2026/07/25 10:49:54 - mmengine - INFO - Iter(train) [ 40000/160000]  lr: 6.2457e-02  eta: 12:32:01  time: 0.3788  data_time: 0.0264  memory: 9890  loss: 1.1392  decode.loss_ohem: 0.7252  decode.acc_seg: 90.7731  aux_0.loss_ce: 0.4140  aux_0.acc_seg: 88.8223
2026/07/25 10:49:54 - mmengine - INFO - Saving checkpoint at 40000 iterations
2026/07/25 10:50:00 - mmengine - INFO - Iter(val) [100/250]    eta: 0:00:07  time: 0.0488  data_time: 0.0103  memory: 729  
2026/07/25 10:50:04 - mmengine - INFO - Iter(val) [200/250]    eta: 0:00:02  time: 0.0483  data_time: 0.0097  memory: 729  
2026/07/25 10:50:07 - mmengine - INFO - per class results:
2026/07/25 10:50:07 - mmengine - INFO - 
+---------------+-------+-------+
|     Class     |  IoU  |  Acc  |
+---------------+-------+-------+
|      road     | 96.47 | 98.55 |
|    sidewalk   | 74.22 | 83.56 |
|    building   | 85.76 | 90.06 |
|      wall     | 31.84 |  42.5 |
|     fence     | 41.69 | 47.03 |
|      pole     | 48.22 | 70.23 |
| traffic light | 43.44 | 55.82 |
|  traffic sign | 62.55 | 75.08 |
|   vegetation  | 87.54 | 96.06 |
|    terrain    | 51.95 | 61.58 |
|      sky      | 85.89 |  98.4 |
|     person    | 68.49 | 81.97 |
|     rider     | 43.37 | 68.46 |
|      car      | 89.63 | 96.27 |
|     truck     | 37.08 | 46.58 |
|      bus      | 50.59 | 57.46 |
|     train     |  38.1 | 46.52 |
|   motorcycle  | 34.94 | 45.62 |
|    bicycle    | 61.78 | 77.35 |
+---------------+-------+-------+
2026/07/25 10:50:07 - mmengine - INFO - Iter(val) [250/250]    aAcc: 92.6400  mIoU: 59.6600  mAcc: 70.4800  data_time: 0.0112  time: 0.0497
2026/07/25 10:50:07 - mmengine - INFO - The previous best checkpoint /root/autodl-tmp/DSANet-main/tools/work_dirs/dsanet_cityscapes_512x1024/best_mIoU_iter_35000.pth is removed
2026/07/25 10:50:07 - mmengine - INFO - The best checkpoint with 59.6600 mIoU at 40000 iter is saved to best_mIoU_iter_40000.pth.
2026/07/25 10:50:45 - mmengine - INFO - Iter(train) [ 40100/160000]  lr: 6.2410e-02  eta: 12:31:25  time: 0.3793  data_time: 0.0289  memory: 9891  loss: 1.1070  decode.loss_ohem: 0.7779  decode.acc_seg: 92.6548  aux_0.loss_ce: 0.3292  aux_0.acc_seg: 86.5139
2026/07/25 10:51:23 - mmengine - INFO - Iter(train) [ 40200/160000]  lr: 6.2363e-02  eta: 12:30:49  time: 0.3802  data_time: 0.0288  memory: 9890  loss: 1.1789  decode.loss_ohem: 0.7878  decode.acc_seg: 91.8422  aux_0.loss_ce: 0.3911  aux_0.acc_seg: 88.2318
2026/07/25 10:52:01 - mmengine - INFO - Iter(train) [ 40300/160000]  lr: 6.2316e-02  eta: 12:30:12  time: 0.3800  data_time: 0.0288  memory: 9891  loss: 1.2163  decode.loss_ohem: 0.7967  decode.acc_seg: 89.6683  aux_0.loss_ce: 0.4196  aux_0.acc_seg: 83.3752
2026/07/25 10:52:39 - mmengine - INFO - Iter(train) [ 40400/160000]  lr: 6.2269e-02  eta: 12:29:35  time: 0.3793  data_time: 0.0282  memory: 9890  loss: 1.1463  decode.loss_ohem: 0.7910  decode.acc_seg: 92.9340  aux_0.loss_ce: 0.3553  aux_0.acc_seg: 89.0948
2026/07/25 10:53:17 - mmengine - INFO - Iter(train) [ 40500/160000]  lr: 6.2223e-02  eta: 12:28:59  time: 0.3764  data_time: 0.0273  memory: 9890  loss: 1.1905  decode.loss_ohem: 0.8090  decode.acc_seg: 89.6621  aux_0.loss_ce: 0.3815  aux_0.acc_seg: 84.8239
2026/07/25 10:53:55 - mmengine - INFO - Iter(train) [ 40600/160000]  lr: 6.2176e-02  eta: 12:28:21  time: 0.3759  data_time: 0.0260  memory: 9890  loss: 1.1246  decode.loss_ohem: 0.7491  decode.acc_seg: 91.7048  aux_0.loss_ce: 0.3754  aux_0.acc_seg: 87.7370
2026/07/25 10:54:32 - mmengine - INFO - Iter(train) [ 40700/160000]  lr: 6.2129e-02  eta: 12:27:43  time: 0.3786  data_time: 0.0292  memory: 9891  loss: 1.1313  decode.loss_ohem: 0.7425  decode.acc_seg: 91.7542  aux_0.loss_ce: 0.3888  aux_0.acc_seg: 86.8086
2026/07/25 10:55:10 - mmengine - INFO - Iter(train) [ 40800/160000]  lr: 6.2082e-02  eta: 12:27:07  time: 0.3800  data_time: 0.0286  memory: 9890  loss: 1.1161  decode.loss_ohem: 0.7572  decode.acc_seg: 90.0237  aux_0.loss_ce: 0.3589  aux_0.acc_seg: 82.1277
2026/07/25 10:55:48 - mmengine - INFO - Iter(train) [ 40900/160000]  lr: 6.2035e-02  eta: 12:26:30  time: 0.3793  data_time: 0.0283  memory: 9891  loss: 1.2644  decode.loss_ohem: 0.8614  decode.acc_seg: 83.5089  aux_0.loss_ce: 0.4030  aux_0.acc_seg: 77.7718
2026/07/25 10:56:26 - mmengine - INFO - Exp name: dsanet_cityscapes_512x1024_20260725_063741
2026/07/25 10:56:26 - mmengine - INFO - Iter(train) [ 41000/160000]  lr: 6.1988e-02  eta: 12:25:53  time: 0.3789  data_time: 0.0285  memory: 9890  loss: 1.0695  decode.loss_ohem: 0.7185  decode.acc_seg: 90.1531  aux_0.loss_ce: 0.3511  aux_0.acc_seg: 87.0834
2026/07/25 10:57:04 - mmengine - INFO - Iter(train) [ 41100/160000]  lr: 6.1941e-02  eta: 12:25:16  time: 0.3785  data_time: 0.0288  memory: 9890  loss: 1.2732  decode.loss_ohem: 0.8835  decode.acc_seg: 90.4015  aux_0.loss_ce: 0.3897  aux_0.acc_seg: 85.3498
2026/07/25 10:57:42 - mmengine - INFO - Iter(train) [ 41200/160000]  lr: 6.1894e-02  eta: 12:24:39  time: 0.3779  data_time: 0.0270  memory: 9890  loss: 1.2584  decode.loss_ohem: 0.8612  decode.acc_seg: 90.6091  aux_0.loss_ce: 0.3972  aux_0.acc_seg: 87.3331
2026/07/25 10:58:20 - mmengine - INFO - Iter(train) [ 41300/160000]  lr: 6.1848e-02  eta: 12:24:03  time: 0.3799  data_time: 0.0285  memory: 9891  loss: 1.2269  decode.loss_ohem: 0.7965  decode.acc_seg: 92.6956  aux_0.loss_ce: 0.4304  aux_0.acc_seg: 88.8096
2026/07/25 10:58:58 - mmengine - INFO - Iter(train) [ 41400/160000]  lr: 6.1801e-02  eta: 12:23:26  time: 0.3809  data_time: 0.0298  memory: 9892  loss: 1.1653  decode.loss_ohem: 0.8056  decode.acc_seg: 91.8526  aux_0.loss_ce: 0.3597  aux_0.acc_seg: 86.6990
2026/07/25 10:59:35 - mmengine - INFO - Iter(train) [ 41500/160000]  lr: 6.1754e-02  eta: 12:22:49  time: 0.3799  data_time: 0.0295  memory: 9889  loss: 1.1680  decode.loss_ohem: 0.8091  decode.acc_seg: 92.4353  aux_0.loss_ce: 0.3589  aux_0.acc_seg: 89.1462
2026/07/25 11:00:13 - mmengine - INFO - Iter(train) [ 41600/160000]  lr: 6.1707e-02  eta: 12:22:12  time: 0.3795  data_time: 0.0285  memory: 9890  loss: 1.1538  decode.loss_ohem: 0.7890  decode.acc_seg: 87.8253  aux_0.loss_ce: 0.3647  aux_0.acc_seg: 85.4623
2026/07/25 11:00:51 - mmengine - INFO - Iter(train) [ 41700/160000]  lr: 6.1660e-02  eta: 12:21:36  time: 0.3797  data_time: 0.0282  memory: 9889  loss: 1.1984  decode.loss_ohem: 0.8255  decode.acc_seg: 87.7838  aux_0.loss_ce: 0.3729  aux_0.acc_seg: 82.7912
2026/07/25 11:01:29 - mmengine - INFO - Iter(train) [ 41800/160000]  lr: 6.1613e-02  eta: 12:20:59  time: 0.3777  data_time: 0.0281  memory: 9890  loss: 1.1049  decode.loss_ohem: 0.7480  decode.acc_seg: 90.7200  aux_0.loss_ce: 0.3569  aux_0.acc_seg: 86.0783
2026/07/25 11:02:07 - mmengine - INFO - Iter(train) [ 41900/160000]  lr: 6.1566e-02  eta: 12:20:23  time: 0.3795  data_time: 0.0289  memory: 9891  loss: 1.1706  decode.loss_ohem: 0.7896  decode.acc_seg: 91.7038  aux_0.loss_ce: 0.3811  aux_0.acc_seg: 84.9680
2026/07/25 11:02:45 - mmengine - INFO - Exp name: dsanet_cityscapes_512x1024_20260725_063741
2026/07/25 11:02:45 - mmengine - INFO - Iter(train) [ 42000/160000]  lr: 6.1519e-02  eta: 12:19:46  time: 0.3758  data_time: 0.0269  memory: 9889  loss: 1.1020  decode.loss_ohem: 0.7530  decode.acc_seg: 91.8386  aux_0.loss_ce: 0.3490  aux_0.acc_seg: 87.0552
2026/07/25 11:03:23 - mmengine - INFO - Iter(train) [ 42100/160000]  lr: 6.1472e-02  eta: 12:19:08  time: 0.3759  data_time: 0.0258  memory: 9890  loss: 1.1383  decode.loss_ohem: 0.7819  decode.acc_seg: 90.2395  aux_0.loss_ce: 0.3564  aux_0.acc_seg: 87.1221
2026/07/25 11:04:01 - mmengine - INFO - Iter(train) [ 42200/160000]  lr: 6.1425e-02  eta: 12:18:31  time: 0.3765  data_time: 0.0269  memory: 9891  loss: 1.1795  decode.loss_ohem: 0.8154  decode.acc_seg: 90.6845  aux_0.loss_ce: 0.3641  aux_0.acc_seg: 87.7842
2026/07/25 11:04:39 - mmengine - INFO - Iter(train) [ 42300/160000]  lr: 6.1379e-02  eta: 12:17:54  time: 0.3822  data_time: 0.0309  memory: 9891  loss: 1.1726  decode.loss_ohem: 0.7739  decode.acc_seg: 89.8841  aux_0.loss_ce: 0.3987  aux_0.acc_seg: 79.9922
2026/07/25 11:05:16 - mmengine - INFO - Iter(train) [ 42400/160000]  lr: 6.1332e-02  eta: 12:17:17  time: 0.3786  data_time: 0.0282  memory: 9891  loss: 1.2251  decode.loss_ohem: 0.8370  decode.acc_seg: 91.4869  aux_0.loss_ce: 0.3881  aux_0.acc_seg: 87.8491
2026/07/25 11:05:54 - mmengine - INFO - Iter(train) [ 42500/160000]  lr: 6.1285e-02  eta: 12:16:40  time: 0.3796  data_time: 0.0277  memory: 9890  loss: 1.1795  decode.loss_ohem: 0.7907  decode.acc_seg: 88.6464  aux_0.loss_ce: 0.3888  aux_0.acc_seg: 86.8023
2026/07/25 11:06:32 - mmengine - INFO - Iter(train) [ 42600/160000]  lr: 6.1238e-02  eta: 12:16:04  time: 0.3792  data_time: 0.0281  memory: 9890  loss: 1.0828  decode.loss_ohem: 0.7513  decode.acc_seg: 89.2735  aux_0.loss_ce: 0.3315  aux_0.acc_seg: 83.3529
2026/07/25 11:07:10 - mmengine - INFO - Iter(train) [ 42700/160000]  lr: 6.1191e-02  eta: 12:15:27  time: 0.3779  data_time: 0.0276  memory: 9890  loss: 1.2887  decode.loss_ohem: 0.8463  decode.acc_seg: 88.9962  aux_0.loss_ce: 0.4424  aux_0.acc_seg: 85.1767
2026/07/25 11:07:48 - mmengine - INFO - Iter(train) [ 42800/160000]  lr: 6.1144e-02  eta: 12:14:50  time: 0.3823  data_time: 0.0308  memory: 9890  loss: 1.1388  decode.loss_ohem: 0.7714  decode.acc_seg: 92.2753  aux_0.loss_ce: 0.3674  aux_0.acc_seg: 88.2760
2026/07/25 11:08:26 - mmengine - INFO - Iter(train) [ 42900/160000]  lr: 6.1097e-02  eta: 12:14:13  time: 0.3799  data_time: 0.0282  memory: 9889  loss: 1.1324  decode.loss_ohem: 0.7712  decode.acc_seg: 94.3724  aux_0.loss_ce: 0.3613  aux_0.acc_seg: 91.6316
2026/07/25 11:09:04 - mmengine - INFO - Exp name: dsanet_cityscapes_512x1024_20260725_063741
2026/07/25 11:09:04 - mmengine - INFO - Iter(train) [ 43000/160000]  lr: 6.1050e-02  eta: 12:13:36  time: 0.3813  data_time: 0.0295  memory: 9890  loss: 1.1589  decode.loss_ohem: 0.7865  decode.acc_seg: 92.3363  aux_0.loss_ce: 0.3724  aux_0.acc_seg: 86.5709
2026/07/25 11:09:42 - mmengine - INFO - Iter(train) [ 43100/160000]  lr: 6.1003e-02  eta: 12:13:00  time: 0.3810  data_time: 0.0288  memory: 9891  loss: 1.1037  decode.loss_ohem: 0.7296  decode.acc_seg: 90.1603  aux_0.loss_ce: 0.3741  aux_0.acc_seg: 82.5180
2026/07/25 11:10:20 - mmengine - INFO - Iter(train) [ 43200/160000]  lr: 6.0956e-02  eta: 12:12:23  time: 0.3813  data_time: 0.0290  memory: 9890  loss: 1.1139  decode.loss_ohem: 0.7324  decode.acc_seg: 91.2728  aux_0.loss_ce: 0.3816  aux_0.acc_seg: 88.7863
2026/07/25 11:10:58 - mmengine - INFO - Iter(train) [ 43300/160000]  lr: 6.0909e-02  eta: 12:11:46  time: 0.3801  data_time: 0.0288  memory: 9891  loss: 1.2204  decode.loss_ohem: 0.8129  decode.acc_seg: 87.1804  aux_0.loss_ce: 0.4076  aux_0.acc_seg: 83.2955
2026/07/25 11:11:36 - mmengine - INFO - Iter(train) [ 43400/160000]  lr: 6.0862e-02  eta: 12:11:09  time: 0.3780  data_time: 0.0264  memory: 9890  loss: 1.1822  decode.loss_ohem: 0.8179  decode.acc_seg: 89.4720  aux_0.loss_ce: 0.3644  aux_0.acc_seg: 82.0869
2026/07/25 11:12:14 - mmengine - INFO - Iter(train) [ 43500/160000]  lr: 6.0815e-02  eta: 12:10:33  time: 0.3787  data_time: 0.0283  memory: 9889  loss: 1.0951  decode.loss_ohem: 0.7558  decode.acc_seg: 90.2712  aux_0.loss_ce: 0.3393  aux_0.acc_seg: 87.6303
2026/07/25 11:12:52 - mmengine - INFO - Iter(train) [ 43600/160000]  lr: 6.0768e-02  eta: 12:09:56  time: 0.3776  data_time: 0.0277  memory: 9889  loss: 1.1994  decode.loss_ohem: 0.8392  decode.acc_seg: 90.7887  aux_0.loss_ce: 0.3603  aux_0.acc_seg: 86.7818
2026/07/25 11:13:30 - mmengine - INFO - Iter(train) [ 43700/160000]  lr: 6.0721e-02  eta: 12:09:19  time: 0.3796  data_time: 0.0277  memory: 9889  loss: 1.2991  decode.loss_ohem: 0.8876  decode.acc_seg: 90.8261  aux_0.loss_ce: 0.4116  aux_0.acc_seg: 87.3097
2026/07/25 11:14:08 - mmengine - INFO - Iter(train) [ 43800/160000]  lr: 6.0674e-02  eta: 12:08:42  time: 0.3795  data_time: 0.0279  memory: 9890  loss: 1.0648  decode.loss_ohem: 0.7069  decode.acc_seg: 92.0467  aux_0.loss_ce: 0.3579  aux_0.acc_seg: 84.7800
2026/07/25 11:14:46 - mmengine - INFO - Iter(train) [ 43900/160000]  lr: 6.0627e-02  eta: 12:08:05  time: 0.3786  data_time: 0.0279  memory: 9891  loss: 1.1042  decode.loss_ohem: 0.7583  decode.acc_seg: 89.4087  aux_0.loss_ce: 0.3459  aux_0.acc_seg: 86.2576
2026/07/25 11:15:24 - mmengine - INFO - Exp name: dsanet_cityscapes_512x1024_20260725_063741
2026/07/25 11:15:24 - mmengine - INFO - Iter(train) [ 44000/160000]  lr: 6.0580e-02  eta: 12:07:29  time: 0.3813  data_time: 0.0290  memory: 9889  loss: 1.1777  decode.loss_ohem: 0.7992  decode.acc_seg: 91.3792  aux_0.loss_ce: 0.3785  aux_0.acc_seg: 84.9146
2026/07/25 11:16:02 - mmengine - INFO - Iter(train) [ 44100/160000]  lr: 6.0533e-02  eta: 12:06:52  time: 0.3797  data_time: 0.0282  memory: 9891  loss: 1.1928  decode.loss_ohem: 0.7794  decode.acc_seg: 92.1285  aux_0.loss_ce: 0.4134  aux_0.acc_seg: 87.9961
2026/07/25 11:16:40 - mmengine - INFO - Iter(train) [ 44200/160000]  lr: 6.0486e-02  eta: 12:06:16  time: 0.3794  data_time: 0.0276  memory: 9891  loss: 1.1291  decode.loss_ohem: 0.7390  decode.acc_seg: 91.3377  aux_0.loss_ce: 0.3901  aux_0.acc_seg: 86.9442
2026/07/25 11:17:18 - mmengine - INFO - Iter(train) [ 44300/160000]  lr: 6.0439e-02  eta: 12:05:39  time: 0.3802  data_time: 0.0297  memory: 9889  loss: 1.1818  decode.loss_ohem: 0.8053  decode.acc_seg: 84.7109  aux_0.loss_ce: 0.3765  aux_0.acc_seg: 83.1439
2026/07/25 11:17:56 - mmengine - INFO - Iter(train) [ 44400/160000]  lr: 6.0392e-02  eta: 12:05:03  time: 0.3827  data_time: 0.0303  memory: 9890  loss: 1.2060  decode.loss_ohem: 0.7965  decode.acc_seg: 87.5179  aux_0.loss_ce: 0.4095  aux_0.acc_seg: 82.2395
2026/07/25 11:18:34 - mmengine - INFO - Iter(train) [ 44500/160000]  lr: 6.0345e-02  eta: 12:04:26  time: 0.3789  data_time: 0.0280  memory: 9892  loss: 1.1919  decode.loss_ohem: 0.8097  decode.acc_seg: 93.2557  aux_0.loss_ce: 0.3821  aux_0.acc_seg: 91.1219
2026/07/25 11:19:12 - mmengine - INFO - Iter(train) [ 44600/160000]  lr: 6.0298e-02  eta: 12:03:49  time: 0.3807  data_time: 0.0286  memory: 9891  loss: 1.0961  decode.loss_ohem: 0.7074  decode.acc_seg: 92.8789  aux_0.loss_ce: 0.3887  aux_0.acc_seg: 89.0054
2026/07/25 11:19:50 - mmengine - INFO - Iter(train) [ 44700/160000]  lr: 6.0251e-02  eta: 12:03:13  time: 0.3799  data_time: 0.0278  memory: 9889  loss: 1.1661  decode.loss_ohem: 0.7874  decode.acc_seg: 87.4974  aux_0.loss_ce: 0.3786  aux_0.acc_seg: 83.6625
2026/07/25 11:20:28 - mmengine - INFO - Iter(train) [ 44800/160000]  lr: 6.0204e-02  eta: 12:02:36  time: 0.3770  data_time: 0.0274  memory: 9890  loss: 1.1740  decode.loss_ohem: 0.8077  decode.acc_seg: 88.2428  aux_0.loss_ce: 0.3663  aux_0.acc_seg: 83.8937
2026/07/25 11:21:06 - mmengine - INFO - Iter(train) [ 44900/160000]  lr: 6.0157e-02  eta: 12:01:59  time: 0.3788  data_time: 0.0278  memory: 9891  loss: 1.1602  decode.loss_ohem: 0.7941  decode.acc_seg: 92.3756  aux_0.loss_ce: 0.3661  aux_0.acc_seg: 89.4363
2026/07/25 11:21:44 - mmengine - INFO - Exp name: dsanet_cityscapes_512x1024_20260725_063741
2026/07/25 11:21:44 - mmengine - INFO - Iter(train) [ 45000/160000]  lr: 6.0110e-02  eta: 12:01:22  time: 0.3785  data_time: 0.0275  memory: 9890  loss: 1.1347  decode.loss_ohem: 0.7499  decode.acc_seg: 90.6035  aux_0.loss_ce: 0.3848  aux_0.acc_seg: 84.6087
2026/07/25 11:21:44 - mmengine - INFO - Saving checkpoint at 45000 iterations
2026/07/25 11:21:49 - mmengine - INFO - Iter(val) [100/250]    eta: 0:00:07  time: 0.0466  data_time: 0.0092  memory: 729  
2026/07/25 11:21:54 - mmengine - INFO - Iter(val) [200/250]    eta: 0:00:02  time: 0.0474  data_time: 0.0094  memory: 729  
2026/07/25 11:21:56 - mmengine - INFO - per class results:
2026/07/25 11:21:56 - mmengine - INFO - 
+---------------+-------+-------+
|     Class     |  IoU  |  Acc  |
+---------------+-------+-------+
|      road     | 94.42 | 95.12 |
|    sidewalk   | 66.23 | 92.31 |
|    building   | 87.75 | 95.83 |
|      wall     | 34.49 | 39.24 |
|     fence     | 38.52 | 41.53 |
|      pole     | 50.46 | 59.84 |
| traffic light |  46.9 | 58.95 |
|  traffic sign | 58.44 | 65.18 |
|   vegetation  | 89.43 | 95.29 |
|    terrain    | 46.17 |  50.4 |
|      sky      | 90.56 | 93.33 |
|     person    | 70.29 |  85.9 |
|     rider     | 45.11 | 56.91 |
|      car      | 90.13 | 94.87 |
|     truck     | 41.41 | 58.99 |
|      bus      | 56.24 | 76.72 |
|     train     | 37.51 | 68.91 |
|   motorcycle  | 33.96 | 51.96 |
|    bicycle    |  64.1 | 75.56 |
+---------------+-------+-------+
2026/07/25 11:21:56 - mmengine - INFO - Iter(val) [250/250]    aAcc: 92.4700  mIoU: 60.1100  mAcc: 71.4100  data_time: 0.0105  time: 0.0485
2026/07/25 11:21:56 - mmengine - INFO - The previous best checkpoint /root/autodl-tmp/DSANet-main/tools/work_dirs/dsanet_cityscapes_512x1024/best_mIoU_iter_40000.pth is removed
2026/07/25 11:21:56 - mmengine - INFO - The best checkpoint with 60.1100 mIoU at 45000 iter is saved to best_mIoU_iter_45000.pth.
2026/07/25 11:22:35 - mmengine - INFO - Iter(train) [ 45100/160000]  lr: 6.0063e-02  eta: 12:00:47  time: 0.3789  data_time: 0.0286  memory: 9891  loss: 1.0388  decode.loss_ohem: 0.7249  decode.acc_seg: 93.1937  aux_0.loss_ce: 0.3139  aux_0.acc_seg: 87.5322
2026/07/25 11:23:13 - mmengine - INFO - Iter(train) [ 45200/160000]  lr: 6.0016e-02  eta: 12:00:10  time: 0.3769  data_time: 0.0268  memory: 9890  loss: 1.2132  decode.loss_ohem: 0.8309  decode.acc_seg: 86.6078  aux_0.loss_ce: 0.3824  aux_0.acc_seg: 81.0374
2026/07/25 11:23:51 - mmengine - INFO - Iter(train) [ 45300/160000]  lr: 5.9969e-02  eta: 11:59:33  time: 0.3790  data_time: 0.0284  memory: 9890  loss: 1.1314  decode.loss_ohem: 0.7853  decode.acc_seg: 92.2735  aux_0.loss_ce: 0.3461  aux_0.acc_seg: 88.9670
2026/07/25 11:24:29 - mmengine - INFO - Iter(train) [ 45400/160000]  lr: 5.9922e-02  eta: 11:58:56  time: 0.3797  data_time: 0.0283  memory: 9889  loss: 1.0805  decode.loss_ohem: 0.7394  decode.acc_seg: 89.1565  aux_0.loss_ce: 0.3411  aux_0.acc_seg: 83.7373
2026/07/25 11:25:06 - mmengine - INFO - Iter(train) [ 45500/160000]  lr: 5.9875e-02  eta: 11:58:19  time: 0.3780  data_time: 0.0274  memory: 9889  loss: 1.0370  decode.loss_ohem: 0.7096  decode.acc_seg: 92.2848  aux_0.loss_ce: 0.3274  aux_0.acc_seg: 89.1987
2026/07/25 11:25:44 - mmengine - INFO - Iter(train) [ 45600/160000]  lr: 5.9828e-02  eta: 11:57:42  time: 0.3797  data_time: 0.0290  memory: 9889  loss: 1.1648  decode.loss_ohem: 0.8182  decode.acc_seg: 89.1101  aux_0.loss_ce: 0.3466  aux_0.acc_seg: 87.0183
2026/07/25 11:26:22 - mmengine - INFO - Iter(train) [ 45700/160000]  lr: 5.9781e-02  eta: 11:57:05  time: 0.3795  data_time: 0.0286  memory: 9889  loss: 1.1633  decode.loss_ohem: 0.7923  decode.acc_seg: 90.9387  aux_0.loss_ce: 0.3710  aux_0.acc_seg: 85.7890
2026/07/25 11:27:00 - mmengine - INFO - Iter(train) [ 45800/160000]  lr: 5.9734e-02  eta: 11:56:28  time: 0.3781  data_time: 0.0281  memory: 9891  loss: 1.1436  decode.loss_ohem: 0.7877  decode.acc_seg: 91.3680  aux_0.loss_ce: 0.3559  aux_0.acc_seg: 86.5892
2026/07/25 11:27:38 - mmengine - INFO - Iter(train) [ 45900/160000]  lr: 5.9687e-02  eta: 11:55:51  time: 0.3781  data_time: 0.0280  memory: 9892  loss: 1.2607  decode.loss_ohem: 0.8407  decode.acc_seg: 91.1784  aux_0.loss_ce: 0.4201  aux_0.acc_seg: 85.1040
2026/07/25 11:28:16 - mmengine - INFO - Exp name: dsanet_cityscapes_512x1024_20260725_063741
2026/07/25 11:28:16 - mmengine - INFO - Iter(train) [ 46000/160000]  lr: 5.9639e-02  eta: 11:55:14  time: 0.3774  data_time: 0.0267  memory: 9890  loss: 1.1551  decode.loss_ohem: 0.7615  decode.acc_seg: 89.9453  aux_0.loss_ce: 0.3937  aux_0.acc_seg: 83.4595
2026/07/25 11:28:54 - mmengine - INFO - Iter(train) [ 46100/160000]  lr: 5.9592e-02  eta: 11:54:37  time: 0.3782  data_time: 0.0273  memory: 9893  loss: 1.0559  decode.loss_ohem: 0.7159  decode.acc_seg: 93.2511  aux_0.loss_ce: 0.3399  aux_0.acc_seg: 89.0822
2026/07/25 11:29:32 - mmengine - INFO - Iter(train) [ 46200/160000]  lr: 5.9545e-02  eta: 11:54:00  time: 0.3818  data_time: 0.0298  memory: 9890  loss: 1.1389  decode.loss_ohem: 0.7555  decode.acc_seg: 91.8722  aux_0.loss_ce: 0.3834  aux_0.acc_seg: 86.3615
2026/07/25 11:30:10 - mmengine - INFO - Iter(train) [ 46300/160000]  lr: 5.9498e-02  eta: 11:53:22  time: 0.3759  data_time: 0.0261  memory: 9891  loss: 1.0873  decode.loss_ohem: 0.7406  decode.acc_seg: 93.3724  aux_0.loss_ce: 0.3467  aux_0.acc_seg: 89.7518
2026/07/25 11:30:48 - mmengine - INFO - Iter(train) [ 46400/160000]  lr: 5.9451e-02  eta: 11:52:46  time: 0.3818  data_time: 0.0296  memory: 9890  loss: 1.1768  decode.loss_ohem: 0.8085  decode.acc_seg: 90.7924  aux_0.loss_ce: 0.3683  aux_0.acc_seg: 84.9891
2026/07/25 11:31:26 - mmengine - INFO - Iter(train) [ 46500/160000]  lr: 5.9404e-02  eta: 11:52:09  time: 0.3787  data_time: 0.0281  memory: 9890  loss: 1.2071  decode.loss_ohem: 0.8345  decode.acc_seg: 88.8416  aux_0.loss_ce: 0.3726  aux_0.acc_seg: 84.8762
2026/07/25 11:32:04 - mmengine - INFO - Iter(train) [ 46600/160000]  lr: 5.9357e-02  eta: 11:51:32  time: 0.3825  data_time: 0.0305  memory: 9891  loss: 1.0571  decode.loss_ohem: 0.7007  decode.acc_seg: 90.6909  aux_0.loss_ce: 0.3563  aux_0.acc_seg: 85.8099
2026/07/25 11:32:41 - mmengine - INFO - Iter(train) [ 46700/160000]  lr: 5.9310e-02  eta: 11:50:55  time: 0.3773  data_time: 0.0273  memory: 9890  loss: 1.1015  decode.loss_ohem: 0.7520  decode.acc_seg: 93.0719  aux_0.loss_ce: 0.3495  aux_0.acc_seg: 89.0065
2026/07/25 11:33:19 - mmengine - INFO - Iter(train) [ 46800/160000]  lr: 5.9263e-02  eta: 11:50:18  time: 0.3784  data_time: 0.0281  memory: 9890  loss: 1.1549  decode.loss_ohem: 0.7579  decode.acc_seg: 90.0220  aux_0.loss_ce: 0.3969  aux_0.acc_seg: 84.2913
2026/07/25 11:33:57 - mmengine - INFO - Iter(train) [ 46900/160000]  lr: 5.9216e-02  eta: 11:49:41  time: 0.3804  data_time: 0.0288  memory: 9889  loss: 1.1516  decode.loss_ohem: 0.7790  decode.acc_seg: 91.1054  aux_0.loss_ce: 0.3726  aux_0.acc_seg: 86.0461
2026/07/25 11:34:35 - mmengine - INFO - Exp name: dsanet_cityscapes_512x1024_20260725_063741
2026/07/25 11:34:35 - mmengine - INFO - Iter(train) [ 47000/160000]  lr: 5.9169e-02  eta: 11:49:04  time: 0.3778  data_time: 0.0273  memory: 9891  loss: 1.1607  decode.loss_ohem: 0.7889  decode.acc_seg: 88.2088  aux_0.loss_ce: 0.3718  aux_0.acc_seg: 86.1477
2026/07/25 11:35:13 - mmengine - INFO - Iter(train) [ 47100/160000]  lr: 5.9121e-02  eta: 11:48:27  time: 0.3823  data_time: 0.0305  memory: 9888  loss: 1.0387  decode.loss_ohem: 0.6925  decode.acc_seg: 89.9700  aux_0.loss_ce: 0.3462  aux_0.acc_seg: 88.3600
2026/07/25 11:35:51 - mmengine - INFO - Iter(train) [ 47200/160000]  lr: 5.9074e-02  eta: 11:47:50  time: 0.3798  data_time: 0.0286  memory: 9891  loss: 1.2305  decode.loss_ohem: 0.8475  decode.acc_seg: 89.7265  aux_0.loss_ce: 0.3830  aux_0.acc_seg: 84.4605
2026/07/25 11:36:29 - mmengine - INFO - Iter(train) [ 47300/160000]  lr: 5.9027e-02  eta: 11:47:13  time: 0.3818  data_time: 0.0303  memory: 9890  loss: 1.1688  decode.loss_ohem: 0.7672  decode.acc_seg: 90.4941  aux_0.loss_ce: 0.4016  aux_0.acc_seg: 86.4414
2026/07/25 11:37:07 - mmengine - INFO - Iter(train) [ 47400/160000]  lr: 5.8980e-02  eta: 11:46:36  time: 0.3787  data_time: 0.0281  memory: 9890  loss: 1.1521  decode.loss_ohem: 0.7726  decode.acc_seg: 92.0886  aux_0.loss_ce: 0.3794  aux_0.acc_seg: 87.5160
2026/07/25 11:37:45 - mmengine - INFO - Iter(train) [ 47500/160000]  lr: 5.8933e-02  eta: 11:45:59  time: 0.3782  data_time: 0.0276  memory: 9890  loss: 1.0450  decode.loss_ohem: 0.7016  decode.acc_seg: 91.7355  aux_0.loss_ce: 0.3433  aux_0.acc_seg: 86.7842
2026/07/25 11:38:23 - mmengine - INFO - Iter(train) [ 47600/160000]  lr: 5.8886e-02  eta: 11:45:22  time: 0.3788  data_time: 0.0286  memory: 9891  loss: 1.0329  decode.loss_ohem: 0.7225  decode.acc_seg: 93.2913  aux_0.loss_ce: 0.3104  aux_0.acc_seg: 89.5768
2026/07/25 11:39:01 - mmengine - INFO - Iter(train) [ 47700/160000]  lr: 5.8839e-02  eta: 11:44:45  time: 0.3783  data_time: 0.0272  memory: 9891  loss: 1.1273  decode.loss_ohem: 0.7561  decode.acc_seg: 91.1507  aux_0.loss_ce: 0.3712  aux_0.acc_seg: 87.4115
2026/07/25 11:39:39 - mmengine - INFO - Iter(train) [ 47800/160000]  lr: 5.8791e-02  eta: 11:44:08  time: 0.3793  data_time: 0.0285  memory: 9889  loss: 1.0918  decode.loss_ohem: 0.7382  decode.acc_seg: 86.3056  aux_0.loss_ce: 0.3536  aux_0.acc_seg: 83.0670
2026/07/25 11:40:17 - mmengine - INFO - Iter(train) [ 47900/160000]  lr: 5.8744e-02  eta: 11:43:31  time: 0.3827  data_time: 0.0309  memory: 9890  loss: 1.1216  decode.loss_ohem: 0.7693  decode.acc_seg: 91.4418  aux_0.loss_ce: 0.3523  aux_0.acc_seg: 87.7579
2026/07/25 11:40:55 - mmengine - INFO - Exp name: dsanet_cityscapes_512x1024_20260725_063741
2026/07/25 11:40:55 - mmengine - INFO - Iter(train) [ 48000/160000]  lr: 5.8697e-02  eta: 11:42:54  time: 0.3794  data_time: 0.0280  memory: 9890  loss: 1.1685  decode.loss_ohem: 0.7990  decode.acc_seg: 93.3500  aux_0.loss_ce: 0.3695  aux_0.acc_seg: 86.7533
2026/07/25 11:41:33 - mmengine - INFO - Iter(train) [ 48100/160000]  lr: 5.8650e-02  eta: 11:42:17  time: 0.3785  data_time: 0.0283  memory: 9890  loss: 1.1662  decode.loss_ohem: 0.8172  decode.acc_seg: 90.6168  aux_0.loss_ce: 0.3490  aux_0.acc_seg: 85.7497
2026/07/25 11:42:10 - mmengine - INFO - Iter(train) [ 48200/160000]  lr: 5.8603e-02  eta: 11:41:40  time: 0.3810  data_time: 0.0288  memory: 9890  loss: 1.2025  decode.loss_ohem: 0.8277  decode.acc_seg: 89.3524  aux_0.loss_ce: 0.3748  aux_0.acc_seg: 84.4546
2026/07/25 11:42:49 - mmengine - INFO - Iter(train) [ 48300/160000]  lr: 5.8556e-02  eta: 11:41:03  time: 0.3825  data_time: 0.0305  memory: 9890  loss: 1.2572  decode.loss_ohem: 0.8817  decode.acc_seg: 91.0765  aux_0.loss_ce: 0.3754  aux_0.acc_seg: 86.3070
2026/07/25 11:43:26 - mmengine - INFO - Iter(train) [ 48400/160000]  lr: 5.8508e-02  eta: 11:40:26  time: 0.3760  data_time: 0.0260  memory: 9889  loss: 1.1628  decode.loss_ohem: 0.8044  decode.acc_seg: 92.2930  aux_0.loss_ce: 0.3584  aux_0.acc_seg: 88.5817
2026/07/25 11:44:04 - mmengine - INFO - Iter(train) [ 48500/160000]  lr: 5.8461e-02  eta: 11:39:49  time: 0.3765  data_time: 0.0261  memory: 9891  loss: 1.2084  decode.loss_ohem: 0.8125  decode.acc_seg: 91.5194  aux_0.loss_ce: 0.3959  aux_0.acc_seg: 88.6317
2026/07/25 11:44:42 - mmengine - INFO - Iter(train) [ 48600/160000]  lr: 5.8414e-02  eta: 11:39:12  time: 0.3776  data_time: 0.0263  memory: 9890  loss: 1.2550  decode.loss_ohem: 0.8356  decode.acc_seg: 89.7117  aux_0.loss_ce: 0.4194  aux_0.acc_seg: 88.6837
2026/07/25 11:45:20 - mmengine - INFO - Iter(train) [ 48700/160000]  lr: 5.8367e-02  eta: 11:38:35  time: 0.3788  data_time: 0.0282  memory: 9891  loss: 1.1018  decode.loss_ohem: 0.7211  decode.acc_seg: 86.9789  aux_0.loss_ce: 0.3807  aux_0.acc_seg: 79.9162
2026/07/25 11:45:58 - mmengine - INFO - Iter(train) [ 48800/160000]  lr: 5.8320e-02  eta: 11:37:58  time: 0.3792  data_time: 0.0289  memory: 9891  loss: 1.2737  decode.loss_ohem: 0.8852  decode.acc_seg: 90.5460  aux_0.loss_ce: 0.3884  aux_0.acc_seg: 86.2060
2026/07/25 11:46:36 - mmengine - INFO - Iter(train) [ 48900/160000]  lr: 5.8273e-02  eta: 11:37:20  time: 0.3797  data_time: 0.0281  memory: 9890  loss: 1.2241  decode.loss_ohem: 0.8048  decode.acc_seg: 89.4654  aux_0.loss_ce: 0.4193  aux_0.acc_seg: 83.9718
2026/07/25 11:47:14 - mmengine - INFO - Exp name: dsanet_cityscapes_512x1024_20260725_063741
2026/07/25 11:47:14 - mmengine - INFO - Iter(train) [ 49000/160000]  lr: 5.8225e-02  eta: 11:36:43  time: 0.3784  data_time: 0.0286  memory: 9890  loss: 1.1106  decode.loss_ohem: 0.7863  decode.acc_seg: 93.7485  aux_0.loss_ce: 0.3243  aux_0.acc_seg: 91.1387
2026/07/25 11:47:52 - mmengine - INFO - Iter(train) [ 49100/160000]  lr: 5.8178e-02  eta: 11:36:06  time: 0.3799  data_time: 0.0282  memory: 9891  loss: 1.2749  decode.loss_ohem: 0.8912  decode.acc_seg: 90.9090  aux_0.loss_ce: 0.3837  aux_0.acc_seg: 85.9697
2026/07/25 11:48:30 - mmengine - INFO - Iter(train) [ 49200/160000]  lr: 5.8131e-02  eta: 11:35:29  time: 0.3778  data_time: 0.0276  memory: 9890  loss: 1.1215  decode.loss_ohem: 0.7865  decode.acc_seg: 89.6042  aux_0.loss_ce: 0.3351  aux_0.acc_seg: 86.7216
2026/07/25 11:49:08 - mmengine - INFO - Iter(train) [ 49300/160000]  lr: 5.8084e-02  eta: 11:34:52  time: 0.3796  data_time: 0.0289  memory: 9891  loss: 1.0572  decode.loss_ohem: 0.7323  decode.acc_seg: 94.1520  aux_0.loss_ce: 0.3249  aux_0.acc_seg: 90.7979
2026/07/25 11:49:45 - mmengine - INFO - Iter(train) [ 49400/160000]  lr: 5.8037e-02  eta: 11:34:15  time: 0.3778  data_time: 0.0277  memory: 9889  loss: 1.2079  decode.loss_ohem: 0.8306  decode.acc_seg: 93.7345  aux_0.loss_ce: 0.3773  aux_0.acc_seg: 88.2417
2026/07/25 11:50:23 - mmengine - INFO - Iter(train) [ 49500/160000]  lr: 5.7989e-02  eta: 11:33:38  time: 0.3792  data_time: 0.0275  memory: 9891  loss: 1.1531  decode.loss_ohem: 0.7717  decode.acc_seg: 87.7347  aux_0.loss_ce: 0.3815  aux_0.acc_seg: 85.4862
2026/07/25 11:51:02 - mmengine - INFO - Iter(train) [ 49600/160000]  lr: 5.7942e-02  eta: 11:33:01  time: 0.3788  data_time: 0.0285  memory: 9889  loss: 1.1365  decode.loss_ohem: 0.7901  decode.acc_seg: 90.7004  aux_0.loss_ce: 0.3464  aux_0.acc_seg: 87.2371
2026/07/25 11:51:39 - mmengine - INFO - Iter(train) [ 49700/160000]  lr: 5.7895e-02  eta: 11:32:24  time: 0.3771  data_time: 0.0269  memory: 9889  loss: 1.1069  decode.loss_ohem: 0.7832  decode.acc_seg: 90.9376  aux_0.loss_ce: 0.3237  aux_0.acc_seg: 87.1510
2026/07/25 11:52:17 - mmengine - INFO - Iter(train) [ 49800/160000]  lr: 5.7848e-02  eta: 11:31:47  time: 0.3800  data_time: 0.0286  memory: 9891  loss: 1.1740  decode.loss_ohem: 0.7686  decode.acc_seg: 89.5897  aux_0.loss_ce: 0.4054  aux_0.acc_seg: 85.2601
2026/07/25 11:52:55 - mmengine - INFO - Iter(train) [ 49900/160000]  lr: 5.7800e-02  eta: 11:31:09  time: 0.3779  data_time: 0.0274  memory: 9889  loss: 1.2374  decode.loss_ohem: 0.8468  decode.acc_seg: 92.4721  aux_0.loss_ce: 0.3906  aux_0.acc_seg: 89.0394
2026/07/25 11:53:33 - mmengine - INFO - Exp name: dsanet_cityscapes_512x1024_20260725_063741
2026/07/25 11:53:33 - mmengine - INFO - Iter(train) [ 50000/160000]  lr: 5.7753e-02  eta: 11:30:33  time: 0.3812  data_time: 0.0300  memory: 9890  loss: 1.1242  decode.loss_ohem: 0.7644  decode.acc_seg: 92.8697  aux_0.loss_ce: 0.3599  aux_0.acc_seg: 88.7363
2026/07/25 11:53:33 - mmengine - INFO - Saving checkpoint at 50000 iterations
2026/07/25 11:53:39 - mmengine - INFO - Iter(val) [100/250]    eta: 0:00:07  time: 0.0474  data_time: 0.0094  memory: 729  
2026/07/25 11:53:43 - mmengine - INFO - Iter(val) [200/250]    eta: 0:00:02  time: 0.0479  data_time: 0.0098  memory: 729  
2026/07/25 11:53:46 - mmengine - INFO - per class results:
2026/07/25 11:53:46 - mmengine - INFO - 
+---------------+-------+-------+
|     Class     |  IoU  |  Acc  |
+---------------+-------+-------+
|      road     |  95.5 | 97.84 |
|    sidewalk   | 74.27 | 80.29 |
|    building   | 88.06 | 93.12 |
|      wall     | 18.69 | 19.49 |
|     fence     | 40.75 |  76.8 |
|      pole     | 52.86 | 63.83 |
| traffic light | 50.56 | 64.69 |
|  traffic sign | 63.35 |  79.5 |
|   vegetation  | 87.66 | 91.97 |
|    terrain    | 41.29 | 77.06 |
|      sky      | 89.98 | 97.04 |
|     person    | 69.54 | 89.26 |
|     rider     |  47.5 |  68.6 |
|      car      | 85.13 | 96.61 |
|     truck     | 46.47 | 55.77 |
|      bus      | 69.65 | 80.34 |
|     train     | 49.29 | 57.25 |
|   motorcycle  | 31.92 |  40.1 |
|    bicycle    | 63.62 | 81.97 |
+---------------+-------+-------+
2026/07/25 11:53:46 - mmengine - INFO - Iter(val) [250/250]    aAcc: 92.5500  mIoU: 61.3700  mAcc: 74.2900  data_time: 0.0106  time: 0.0487
2026/07/25 11:53:46 - mmengine - INFO - The previous best checkpoint /root/autodl-tmp/DSANet-main/tools/work_dirs/dsanet_cityscapes_512x1024/best_mIoU_iter_45000.pth is removed
2026/07/25 11:53:46 - mmengine - INFO - The best checkpoint with 61.3700 mIoU at 50000 iter is saved to best_mIoU_iter_50000.pth.
2026/07/25 11:54:25 - mmengine - INFO - Iter(train) [ 50100/160000]  lr: 5.7706e-02  eta: 11:29:57  time: 0.3819  data_time: 0.0301  memory: 9889  loss: 1.2580  decode.loss_ohem: 0.8929  decode.acc_seg: 86.0617  aux_0.loss_ce: 0.3651  aux_0.acc_seg: 80.7323
2026/07/25 11:55:03 - mmengine - INFO - Iter(train) [ 50200/160000]  lr: 5.7659e-02  eta: 11:29:20  time: 0.3788  data_time: 0.0286  memory: 9891  loss: 1.0915  decode.loss_ohem: 0.7205  decode.acc_seg: 91.9541  aux_0.loss_ce: 0.3710  aux_0.acc_seg: 82.5973
2026/07/25 11:55:40 - mmengine - INFO - Iter(train) [ 50300/160000]  lr: 5.7611e-02  eta: 11:28:43  time: 0.3785  data_time: 0.0280  memory: 9891  loss: 1.1581  decode.loss_ohem: 0.7859  decode.acc_seg: 89.5813  aux_0.loss_ce: 0.3722  aux_0.acc_seg: 86.7884
2026/07/25 11:56:18 - mmengine - INFO - Iter(train) [ 50400/160000]  lr: 5.7564e-02  eta: 11:28:06  time: 0.3800  data_time: 0.0296  memory: 9890  loss: 1.1135  decode.loss_ohem: 0.7884  decode.acc_seg: 93.2508  aux_0.loss_ce: 0.3250  aux_0.acc_seg: 91.2589
2026/07/25 11:56:56 - mmengine - INFO - Iter(train) [ 50500/160000]  lr: 5.7517e-02  eta: 11:27:29  time: 0.3782  data_time: 0.0273  memory: 9890  loss: 1.1252  decode.loss_ohem: 0.7635  decode.acc_seg: 91.1986  aux_0.loss_ce: 0.3617  aux_0.acc_seg: 90.0154
2026/07/25 11:57:34 - mmengine - INFO - Iter(train) [ 50600/160000]  lr: 5.7470e-02  eta: 11:26:52  time: 0.3809  data_time: 0.0297  memory: 9890  loss: 1.2207  decode.loss_ohem: 0.8413  decode.acc_seg: 94.0152  aux_0.loss_ce: 0.3794  aux_0.acc_seg: 90.3047
2026/07/25 11:58:12 - mmengine - INFO - Iter(train) [ 50700/160000]  lr: 5.7422e-02  eta: 11:26:15  time: 0.3836  data_time: 0.0318  memory: 9889  loss: 1.1072  decode.loss_ohem: 0.7727  decode.acc_seg: 93.3087  aux_0.loss_ce: 0.3344  aux_0.acc_seg: 89.4007
2026/07/25 11:58:50 - mmengine - INFO - Iter(train) [ 50800/160000]  lr: 5.7375e-02  eta: 11:25:37  time: 0.3793  data_time: 0.0275  memory: 9891  loss: 1.0866  decode.loss_ohem: 0.7436  decode.acc_seg: 92.3277  aux_0.loss_ce: 0.3430  aux_0.acc_seg: 89.2086
2026/07/25 11:59:28 - mmengine - INFO - Iter(train) [ 50900/160000]  lr: 5.7328e-02  eta: 11:25:00  time: 0.3785  data_time: 0.0278  memory: 9890  loss: 1.2038  decode.loss_ohem: 0.7835  decode.acc_seg: 90.6043  aux_0.loss_ce: 0.4203  aux_0.acc_seg: 84.1748
2026/07/25 12:00:06 - mmengine - INFO - Exp name: dsanet_cityscapes_512x1024_20260725_063741
2026/07/25 12:00:06 - mmengine - INFO - Iter(train) [ 51000/160000]  lr: 5.7280e-02  eta: 11:24:23  time: 0.3783  data_time: 0.0270  memory: 9891  loss: 1.0865  decode.loss_ohem: 0.7456  decode.acc_seg: 90.9953  aux_0.loss_ce: 0.3409  aux_0.acc_seg: 88.6522
2026/07/25 12:00:44 - mmengine - INFO - Iter(train) [ 51100/160000]  lr: 5.7233e-02  eta: 11:23:46  time: 0.3790  data_time: 0.0287  memory: 9888  loss: 1.0837  decode.loss_ohem: 0.7461  decode.acc_seg: 94.6105  aux_0.loss_ce: 0.3376  aux_0.acc_seg: 87.7549
2026/07/25 12:01:22 - mmengine - INFO - Iter(train) [ 51200/160000]  lr: 5.7186e-02  eta: 11:23:09  time: 0.3792  data_time: 0.0283  memory: 9890  loss: 1.1593  decode.loss_ohem: 0.7438  decode.acc_seg: 87.9345  aux_0.loss_ce: 0.4155  aux_0.acc_seg: 82.9034
2026/07/25 12:02:00 - mmengine - INFO - Iter(train) [ 51300/160000]  lr: 5.7139e-02  eta: 11:22:31  time: 0.3780  data_time: 0.0272  memory: 9892  loss: 1.1710  decode.loss_ohem: 0.8110  decode.acc_seg: 87.4009  aux_0.loss_ce: 0.3599  aux_0.acc_seg: 81.7628
2026/07/25 12:02:37 - mmengine - INFO - Iter(train) [ 51400/160000]  lr: 5.7091e-02  eta: 11:21:54  time: 0.3786  data_time: 0.0281  memory: 9891  loss: 1.1708  decode.loss_ohem: 0.8089  decode.acc_seg: 91.9217  aux_0.loss_ce: 0.3618  aux_0.acc_seg: 86.7064
2026/07/25 12:03:15 - mmengine - INFO - Iter(train) [ 51500/160000]  lr: 5.7044e-02  eta: 11:21:17  time: 0.3765  data_time: 0.0262  memory: 9890  loss: 1.1846  decode.loss_ohem: 0.8264  decode.acc_seg: 91.2641  aux_0.loss_ce: 0.3582  aux_0.acc_seg: 87.5529
2026/07/25 12:03:53 - mmengine - INFO - Iter(train) [ 51600/160000]  lr: 5.6997e-02  eta: 11:20:40  time: 0.3797  data_time: 0.0292  memory: 9890  loss: 1.2512  decode.loss_ohem: 0.8785  decode.acc_seg: 85.9029  aux_0.loss_ce: 0.3726  aux_0.acc_seg: 81.9114
2026/07/25 12:04:31 - mmengine - INFO - Iter(train) [ 51700/160000]  lr: 5.6949e-02  eta: 11:20:02  time: 0.3779  data_time: 0.0281  memory: 9891  loss: 1.1319  decode.loss_ohem: 0.7764  decode.acc_seg: 91.6486  aux_0.loss_ce: 0.3556  aux_0.acc_seg: 87.8462
2026/07/25 12:05:09 - mmengine - INFO - Iter(train) [ 51800/160000]  lr: 5.6902e-02  eta: 11:19:25  time: 0.3772  data_time: 0.0264  memory: 9889  loss: 1.1573  decode.loss_ohem: 0.7684  decode.acc_seg: 89.1301  aux_0.loss_ce: 0.3889  aux_0.acc_seg: 84.8312
2026/07/25 12:05:47 - mmengine - INFO - Iter(train) [ 51900/160000]  lr: 5.6855e-02  eta: 11:18:48  time: 0.3795  data_time: 0.0282  memory: 9890  loss: 1.1777  decode.loss_ohem: 0.8135  decode.acc_seg: 88.6937  aux_0.loss_ce: 0.3642  aux_0.acc_seg: 83.5636
2026/07/25 12:06:25 - mmengine - INFO - Exp name: dsanet_cityscapes_512x1024_20260725_063741
2026/07/25 12:06:25 - mmengine - INFO - Iter(train) [ 52000/160000]  lr: 5.6807e-02  eta: 11:18:11  time: 0.3779  data_time: 0.0278  memory: 9889  loss: 1.1193  decode.loss_ohem: 0.7650  decode.acc_seg: 91.5755  aux_0.loss_ce: 0.3543  aux_0.acc_seg: 88.2926
2026/07/25 12:07:03 - mmengine - INFO - Iter(train) [ 52100/160000]  lr: 5.6760e-02  eta: 11:17:34  time: 0.3816  data_time: 0.0296  memory: 9890  loss: 1.0760  decode.loss_ohem: 0.7378  decode.acc_seg: 91.3736  aux_0.loss_ce: 0.3382  aux_0.acc_seg: 87.2433
2026/07/25 12:07:41 - mmengine - INFO - Iter(train) [ 52200/160000]  lr: 5.6713e-02  eta: 11:16:57  time: 0.3807  data_time: 0.0293  memory: 9890  loss: 1.0380  decode.loss_ohem: 0.6993  decode.acc_seg: 94.4300  aux_0.loss_ce: 0.3387  aux_0.acc_seg: 89.4247
2026/07/25 12:08:19 - mmengine - INFO - Iter(train) [ 52300/160000]  lr: 5.6665e-02  eta: 11:16:20  time: 0.3801  data_time: 0.0290  memory: 9889  loss: 1.1031  decode.loss_ohem: 0.7654  decode.acc_seg: 90.8730  aux_0.loss_ce: 0.3377  aux_0.acc_seg: 86.8050
2026/07/25 12:08:57 - mmengine - INFO - Iter(train) [ 52400/160000]  lr: 5.6618e-02  eta: 11:15:43  time: 0.3821  data_time: 0.0305  memory: 9890  loss: 1.1264  decode.loss_ohem: 0.7707  decode.acc_seg: 89.7154  aux_0.loss_ce: 0.3557  aux_0.acc_seg: 85.2021
2026/07/25 12:09:35 - mmengine - INFO - Iter(train) [ 52500/160000]  lr: 5.6571e-02  eta: 11:15:06  time: 0.3795  data_time: 0.0280  memory: 9890  loss: 1.1083  decode.loss_ohem: 0.7620  decode.acc_seg: 90.7695  aux_0.loss_ce: 0.3463  aux_0.acc_seg: 84.1124
2026/07/25 12:10:13 - mmengine - INFO - Iter(train) [ 52600/160000]  lr: 5.6523e-02  eta: 11:14:29  time: 0.3830  data_time: 0.0289  memory: 9890  loss: 1.1167  decode.loss_ohem: 0.7605  decode.acc_seg: 90.8937  aux_0.loss_ce: 0.3562  aux_0.acc_seg: 86.4156
2026/07/25 12:10:51 - mmengine - INFO - Iter(train) [ 52700/160000]  lr: 5.6476e-02  eta: 11:13:51  time: 0.3782  data_time: 0.0282  memory: 9889  loss: 1.1751  decode.loss_ohem: 0.7953  decode.acc_seg: 93.0791  aux_0.loss_ce: 0.3798  aux_0.acc_seg: 89.8956
2026/07/25 12:11:29 - mmengine - INFO - Iter(train) [ 52800/160000]  lr: 5.6429e-02  eta: 11:13:14  time: 0.3787  data_time: 0.0282  memory: 9889  loss: 1.1880  decode.loss_ohem: 0.8022  decode.acc_seg: 90.2376  aux_0.loss_ce: 0.3858  aux_0.acc_seg: 83.1058
2026/07/25 12:12:07 - mmengine - INFO - Iter(train) [ 52900/160000]  lr: 5.6381e-02  eta: 11:12:37  time: 0.3822  data_time: 0.0298  memory: 9889  loss: 1.1786  decode.loss_ohem: 0.8042  decode.acc_seg: 92.0464  aux_0.loss_ce: 0.3744  aux_0.acc_seg: 88.1937
2026/07/25 12:12:45 - mmengine - INFO - Exp name: dsanet_cityscapes_512x1024_20260725_063741
2026/07/25 12:12:45 - mmengine - INFO - Iter(train) [ 53000/160000]  lr: 5.6334e-02  eta: 11:12:00  time: 0.3792  data_time: 0.0285  memory: 9892  loss: 1.0897  decode.loss_ohem: 0.7397  decode.acc_seg: 89.7882  aux_0.loss_ce: 0.3500  aux_0.acc_seg: 85.7122
2026/07/25 12:13:23 - mmengine - INFO - Iter(train) [ 53100/160000]  lr: 5.6286e-02  eta: 11:11:23  time: 0.3802  data_time: 0.0287  memory: 9889  loss: 1.1162  decode.loss_ohem: 0.7680  decode.acc_seg: 91.7528  aux_0.loss_ce: 0.3482  aux_0.acc_seg: 89.5350
2026/07/25 12:14:01 - mmengine - INFO - Iter(train) [ 53200/160000]  lr: 5.6239e-02  eta: 11:10:46  time: 0.3800  data_time: 0.0290  memory: 9893  loss: 1.0603  decode.loss_ohem: 0.7366  decode.acc_seg: 89.7307  aux_0.loss_ce: 0.3237  aux_0.acc_seg: 86.6065
2026/07/25 12:14:39 - mmengine - INFO - Iter(train) [ 53300/160000]  lr: 5.6192e-02  eta: 11:10:08  time: 0.3783  data_time: 0.0274  memory: 9891  loss: 1.1541  decode.loss_ohem: 0.7882  decode.acc_seg: 88.2820  aux_0.loss_ce: 0.3659  aux_0.acc_seg: 84.4100
2026/07/25 12:15:16 - mmengine - INFO - Iter(train) [ 53400/160000]  lr: 5.6144e-02  eta: 11:09:31  time: 0.3775  data_time: 0.0268  memory: 9891  loss: 1.0601  decode.loss_ohem: 0.7157  decode.acc_seg: 91.5559  aux_0.loss_ce: 0.3444  aux_0.acc_seg: 87.5879
2026/07/25 12:15:54 - mmengine - INFO - Iter(train) [ 53500/160000]  lr: 5.6097e-02  eta: 11:08:54  time: 0.3779  data_time: 0.0282  memory: 9889  loss: 1.1054  decode.loss_ohem: 0.7599  decode.acc_seg: 90.7890  aux_0.loss_ce: 0.3455  aux_0.acc_seg: 85.9084
2026/07/25 12:16:32 - mmengine - INFO - Iter(train) [ 53600/160000]  lr: 5.6050e-02  eta: 11:08:17  time: 0.3793  data_time: 0.0287  memory: 9889  loss: 1.1197  decode.loss_ohem: 0.7793  decode.acc_seg: 87.8122  aux_0.loss_ce: 0.3404  aux_0.acc_seg: 83.4423
2026/07/25 12:17:10 - mmengine - INFO - Iter(train) [ 53700/160000]  lr: 5.6002e-02  eta: 11:07:39  time: 0.3793  data_time: 0.0283  memory: 9889  loss: 1.0835  decode.loss_ohem: 0.7493  decode.acc_seg: 90.4602  aux_0.loss_ce: 0.3342  aux_0.acc_seg: 86.7932
2026/07/25 12:17:48 - mmengine - INFO - Iter(train) [ 53800/160000]  lr: 5.5955e-02  eta: 11:07:02  time: 0.3760  data_time: 0.0266  memory: 9889  loss: 1.1910  decode.loss_ohem: 0.8085  decode.acc_seg: 92.2460  aux_0.loss_ce: 0.3825  aux_0.acc_seg: 85.7235
2026/07/25 12:18:26 - mmengine - INFO - Iter(train) [ 53900/160000]  lr: 5.5907e-02  eta: 11:06:25  time: 0.3771  data_time: 0.0281  memory: 9891  loss: 1.1464  decode.loss_ohem: 0.8015  decode.acc_seg: 92.7891  aux_0.loss_ce: 0.3449  aux_0.acc_seg: 88.6007
2026/07/25 12:19:04 - mmengine - INFO - Exp name: dsanet_cityscapes_512x1024_20260725_063741
2026/07/25 12:19:04 - mmengine - INFO - Iter(train) [ 54000/160000]  lr: 5.5860e-02  eta: 11:05:47  time: 0.3785  data_time: 0.0284  memory: 9890  loss: 1.2816  decode.loss_ohem: 0.8792  decode.acc_seg: 90.8705  aux_0.loss_ce: 0.4024  aux_0.acc_seg: 85.2272
2026/07/25 12:19:42 - mmengine - INFO - Iter(train) [ 54100/160000]  lr: 5.5812e-02  eta: 11:05:10  time: 0.3790  data_time: 0.0280  memory: 9890  loss: 1.1191  decode.loss_ohem: 0.7790  decode.acc_seg: 85.7428  aux_0.loss_ce: 0.3401  aux_0.acc_seg: 81.3242
2026/07/25 12:20:20 - mmengine - INFO - Iter(train) [ 54200/160000]  lr: 5.5765e-02  eta: 11:04:33  time: 0.3769  data_time: 0.0272  memory: 9890  loss: 1.2144  decode.loss_ohem: 0.8347  decode.acc_seg: 89.8765  aux_0.loss_ce: 0.3797  aux_0.acc_seg: 87.5654
2026/07/25 12:20:58 - mmengine - INFO - Iter(train) [ 54300/160000]  lr: 5.5718e-02  eta: 11:03:56  time: 0.3772  data_time: 0.0276  memory: 9890  loss: 1.1539  decode.loss_ohem: 0.8192  decode.acc_seg: 90.4094  aux_0.loss_ce: 0.3348  aux_0.acc_seg: 87.7703
2026/07/25 12:21:35 - mmengine - INFO - Iter(train) [ 54400/160000]  lr: 5.5670e-02  eta: 11:03:18  time: 0.3773  data_time: 0.0265  memory: 9891  loss: 1.1210  decode.loss_ohem: 0.7375  decode.acc_seg: 92.4851  aux_0.loss_ce: 0.3834  aux_0.acc_seg: 86.3583
2026/07/25 12:22:13 - mmengine - INFO - Iter(train) [ 54500/160000]  lr: 5.5623e-02  eta: 11:02:41  time: 0.3791  data_time: 0.0280  memory: 9889  loss: 1.0913  decode.loss_ohem: 0.7547  decode.acc_seg: 90.1633  aux_0.loss_ce: 0.3367  aux_0.acc_seg: 86.4726
2026/07/25 12:22:51 - mmengine - INFO - Iter(train) [ 54600/160000]  lr: 5.5575e-02  eta: 11:02:04  time: 0.3782  data_time: 0.0270  memory: 9891  loss: 1.1465  decode.loss_ohem: 0.7562  decode.acc_seg: 91.9979  aux_0.loss_ce: 0.3903  aux_0.acc_seg: 89.6572
2026/07/25 12:23:29 - mmengine - INFO - Iter(train) [ 54700/160000]  lr: 5.5528e-02  eta: 11:01:27  time: 0.3799  data_time: 0.0281  memory: 9890  loss: 1.0838  decode.loss_ohem: 0.7276  decode.acc_seg: 90.7958  aux_0.loss_ce: 0.3561  aux_0.acc_seg: 84.3065
2026/07/25 12:24:07 - mmengine - INFO - Iter(train) [ 54800/160000]  lr: 5.5480e-02  eta: 11:00:50  time: 0.3818  data_time: 0.0302  memory: 9890  loss: 1.1466  decode.loss_ohem: 0.7958  decode.acc_seg: 91.5853  aux_0.loss_ce: 0.3508  aux_0.acc_seg: 86.0894
2026/07/25 12:24:45 - mmengine - INFO - Iter(train) [ 54900/160000]  lr: 5.5433e-02  eta: 11:00:13  time: 0.3802  data_time: 0.0296  memory: 9889  loss: 1.1844  decode.loss_ohem: 0.7861  decode.acc_seg: 90.0998  aux_0.loss_ce: 0.3984  aux_0.acc_seg: 85.6642
2026/07/25 12:25:23 - mmengine - INFO - Exp name: dsanet_cityscapes_512x1024_20260725_063741
2026/07/25 12:25:23 - mmengine - INFO - Iter(train) [ 55000/160000]  lr: 5.5385e-02  eta: 10:59:35  time: 0.3793  data_time: 0.0285  memory: 9890  loss: 1.0515  decode.loss_ohem: 0.7321  decode.acc_seg: 92.4686  aux_0.loss_ce: 0.3194  aux_0.acc_seg: 89.7200
2026/07/25 12:25:23 - mmengine - INFO - Saving checkpoint at 55000 iterations
2026/07/25 12:25:29 - mmengine - INFO - Iter(val) [100/250]    eta: 0:00:07  time: 0.0481  data_time: 0.0099  memory: 729  
2026/07/25 12:25:34 - mmengine - INFO - Iter(val) [200/250]    eta: 0:00:02  time: 0.0481  data_time: 0.0100  memory: 729  
2026/07/25 12:25:36 - mmengine - INFO - per class results:
2026/07/25 12:25:36 - mmengine - INFO - 
+---------------+-------+-------+
|     Class     |  IoU  |  Acc  |
+---------------+-------+-------+
|      road     | 96.78 | 98.97 |
|    sidewalk   | 76.68 |  83.5 |
|    building   | 88.43 | 93.45 |
|      wall     | 19.02 | 19.56 |
|     fence     | 49.62 | 72.12 |
|      pole     | 54.98 | 71.58 |
| traffic light |  48.1 | 62.64 |
|  traffic sign | 64.07 | 70.87 |
|   vegetation  | 89.75 | 95.94 |
|    terrain    | 58.39 | 67.08 |
|      sky      | 90.15 | 97.37 |
|     person    | 72.21 | 85.38 |
|     rider     | 49.37 | 65.07 |
|      car      | 90.49 | 96.38 |
|     truck     | 41.79 | 44.88 |
|      bus      | 65.47 | 81.22 |
|     train     | 53.07 | 72.84 |
|   motorcycle  | 26.77 | 34.16 |
|    bicycle    | 66.98 | 84.05 |
+---------------+-------+-------+
2026/07/25 12:25:36 - mmengine - INFO - Iter(val) [250/250]    aAcc: 93.7800  mIoU: 63.2700  mAcc: 73.5300  data_time: 0.0112  time: 0.0495
2026/07/25 12:25:36 - mmengine - INFO - The previous best checkpoint /root/autodl-tmp/DSANet-main/tools/work_dirs/dsanet_cityscapes_512x1024/best_mIoU_iter_50000.pth is removed
2026/07/25 12:25:37 - mmengine - INFO - The best checkpoint with 63.2700 mIoU at 55000 iter is saved to best_mIoU_iter_55000.pth.
2026/07/25 12:26:15 - mmengine - INFO - Iter(train) [ 55100/160000]  lr: 5.5338e-02  eta: 10:58:59  time: 0.3796  data_time: 0.0288  memory: 9889  loss: 1.1338  decode.loss_ohem: 0.7968  decode.acc_seg: 91.7577  aux_0.loss_ce: 0.3370  aux_0.acc_seg: 87.1004
2026/07/25 12:26:53 - mmengine - INFO - Iter(train) [ 55200/160000]  lr: 5.5290e-02  eta: 10:58:22  time: 0.3794  data_time: 0.0286  memory: 9890  loss: 1.0771  decode.loss_ohem: 0.7168  decode.acc_seg: 91.1357  aux_0.loss_ce: 0.3602  aux_0.acc_seg: 86.4715
2026/07/25 12:27:31 - mmengine - INFO - Iter(train) [ 55300/160000]  lr: 5.5243e-02  eta: 10:57:45  time: 0.3803  data_time: 0.0287  memory: 9890  loss: 1.1704  decode.loss_ohem: 0.7999  decode.acc_seg: 92.5589  aux_0.loss_ce: 0.3704  aux_0.acc_seg: 89.6228
2026/07/25 12:28:09 - mmengine - INFO - Iter(train) [ 55400/160000]  lr: 5.5196e-02  eta: 10:57:08  time: 0.3820  data_time: 0.0306  memory: 9890  loss: 1.1402  decode.loss_ohem: 0.7684  decode.acc_seg: 92.8059  aux_0.loss_ce: 0.3717  aux_0.acc_seg: 88.9496
2026/07/25 12:28:47 - mmengine - INFO - Iter(train) [ 55500/160000]  lr: 5.5148e-02  eta: 10:56:31  time: 0.3819  data_time: 0.0300  memory: 9890  loss: 1.0320  decode.loss_ohem: 0.7176  decode.acc_seg: 91.9166  aux_0.loss_ce: 0.3144  aux_0.acc_seg: 89.3841
2026/07/25 12:29:25 - mmengine - INFO - Iter(train) [ 55600/160000]  lr: 5.5101e-02  eta: 10:55:53  time: 0.3800  data_time: 0.0285  memory: 9890  loss: 1.1541  decode.loss_ohem: 0.7651  decode.acc_seg: 92.2645  aux_0.loss_ce: 0.3890  aux_0.acc_seg: 86.1711
2026/07/25 12:30:03 - mmengine - INFO - Iter(train) [ 55700/160000]  lr: 5.5053e-02  eta: 10:55:16  time: 0.3773  data_time: 0.0260  memory: 9890  loss: 1.0857  decode.loss_ohem: 0.7471  decode.acc_seg: 92.0402  aux_0.loss_ce: 0.3386  aux_0.acc_seg: 89.4574
2026/07/25 12:30:40 - mmengine - INFO - Iter(train) [ 55800/160000]  lr: 5.5006e-02  eta: 10:54:39  time: 0.3798  data_time: 0.0275  memory: 9889  loss: 1.0991  decode.loss_ohem: 0.7722  decode.acc_seg: 92.6195  aux_0.loss_ce: 0.3269  aux_0.acc_seg: 89.2753
2026/07/25 12:31:18 - mmengine - INFO - Iter(train) [ 55900/160000]  lr: 5.4958e-02  eta: 10:54:01  time: 0.3787  data_time: 0.0272  memory: 9890  loss: 1.1904  decode.loss_ohem: 0.7978  decode.acc_seg: 92.1305  aux_0.loss_ce: 0.3925  aux_0.acc_seg: 89.8575
2026/07/25 12:31:56 - mmengine - INFO - Exp name: dsanet_cityscapes_512x1024_20260725_063741
2026/07/25 12:31:56 - mmengine - INFO - Iter(train) [ 56000/160000]  lr: 5.4911e-02  eta: 10:53:24  time: 0.3802  data_time: 0.0276  memory: 9891  loss: 1.2315  decode.loss_ohem: 0.8389  decode.acc_seg: 87.1613  aux_0.loss_ce: 0.3926  aux_0.acc_seg: 84.7390
2026/07/25 12:32:34 - mmengine - INFO - Iter(train) [ 56100/160000]  lr: 5.4863e-02  eta: 10:52:47  time: 0.3791  data_time: 0.0273  memory: 9893  loss: 1.2156  decode.loss_ohem: 0.8153  decode.acc_seg: 89.4365  aux_0.loss_ce: 0.4003  aux_0.acc_seg: 85.5175
2026/07/25 12:33:12 - mmengine - INFO - Iter(train) [ 56200/160000]  lr: 5.4816e-02  eta: 10:52:10  time: 0.3788  data_time: 0.0279  memory: 9890  loss: 1.1932  decode.loss_ohem: 0.8373  decode.acc_seg: 92.0848  aux_0.loss_ce: 0.3559  aux_0.acc_seg: 88.5166
2026/07/25 12:33:50 - mmengine - INFO - Iter(train) [ 56300/160000]  lr: 5.4768e-02  eta: 10:51:33  time: 0.3790  data_time: 0.0276  memory: 9890  loss: 1.1681  decode.loss_ohem: 0.7862  decode.acc_seg: 91.5492  aux_0.loss_ce: 0.3819  aux_0.acc_seg: 85.1702
2026/07/25 12:34:28 - mmengine - INFO - Iter(train) [ 56400/160000]  lr: 5.4720e-02  eta: 10:50:55  time: 0.3821  data_time: 0.0294  memory: 9891  loss: 1.1120  decode.loss_ohem: 0.7775  decode.acc_seg: 89.9241  aux_0.loss_ce: 0.3344  aux_0.acc_seg: 83.2940
2026/07/25 12:35:06 - mmengine - INFO - Iter(train) [ 56500/160000]  lr: 5.4673e-02  eta: 10:50:18  time: 0.3796  data_time: 0.0279  memory: 9890  loss: 1.1487  decode.loss_ohem: 0.7859  decode.acc_seg: 90.5781  aux_0.loss_ce: 0.3628  aux_0.acc_seg: 87.9623
2026/07/25 12:35:44 - mmengine - INFO - Iter(train) [ 56600/160000]  lr: 5.4625e-02  eta: 10:49:41  time: 0.3804  data_time: 0.0283  memory: 9890  loss: 1.0713  decode.loss_ohem: 0.7284  decode.acc_seg: 89.7075  aux_0.loss_ce: 0.3429  aux_0.acc_seg: 84.4926
2026/07/25 12:36:22 - mmengine - INFO - Iter(train) [ 56700/160000]  lr: 5.4578e-02  eta: 10:49:04  time: 0.3791  data_time: 0.0276  memory: 9892  loss: 1.1462  decode.loss_ohem: 0.7735  decode.acc_seg: 89.3388  aux_0.loss_ce: 0.3727  aux_0.acc_seg: 84.6646
2026/07/25 12:37:00 - mmengine - INFO - Iter(train) [ 56800/160000]  lr: 5.4530e-02  eta: 10:48:27  time: 0.3790  data_time: 0.0276  memory: 9889  loss: 1.0992  decode.loss_ohem: 0.7625  decode.acc_seg: 88.1605  aux_0.loss_ce: 0.3367  aux_0.acc_seg: 83.9403
2026/07/25 12:37:39 - mmengine - INFO - Iter(train) [ 56900/160000]  lr: 5.4483e-02  eta: 10:47:50  time: 0.3839  data_time: 0.0310  memory: 9891  loss: 1.2083  decode.loss_ohem: 0.7922  decode.acc_seg: 90.4478  aux_0.loss_ce: 0.4161  aux_0.acc_seg: 86.6242
2026/07/25 12:38:17 - mmengine - INFO - Exp name: dsanet_cityscapes_512x1024_20260725_063741
2026/07/25 12:38:17 - mmengine - INFO - Iter(train) [ 57000/160000]  lr: 5.4435e-02  eta: 10:47:13  time: 0.3797  data_time: 0.0286  memory: 9894  loss: 1.2152  decode.loss_ohem: 0.8493  decode.acc_seg: 89.0605  aux_0.loss_ce: 0.3659  aux_0.acc_seg: 85.5339
2026/07/25 12:38:54 - mmengine - INFO - Iter(train) [ 57100/160000]  lr: 5.4388e-02  eta: 10:46:35  time: 0.3778  data_time: 0.0260  memory: 9890  loss: 1.1621  decode.loss_ohem: 0.7639  decode.acc_seg: 91.8820  aux_0.loss_ce: 0.3982  aux_0.acc_seg: 87.2605
2026/07/25 12:39:32 - mmengine - INFO - Iter(train) [ 57200/160000]  lr: 5.4340e-02  eta: 10:45:57  time: 0.3756  data_time: 0.0252  memory: 9889  loss: 1.0680  decode.loss_ohem: 0.7206  decode.acc_seg: 89.1196  aux_0.loss_ce: 0.3474  aux_0.acc_seg: 81.5292
2026/07/25 12:40:10 - mmengine - INFO - Iter(train) [ 57300/160000]  lr: 5.4293e-02  eta: 10:45:19  time: 0.3806  data_time: 0.0294  memory: 9890  loss: 1.1082  decode.loss_ohem: 0.7384  decode.acc_seg: 89.3720  aux_0.loss_ce: 0.3698  aux_0.acc_seg: 83.7975
2026/07/25 12:40:47 - mmengine - INFO - Iter(train) [ 57400/160000]  lr: 5.4245e-02  eta: 10:44:42  time: 0.3774  data_time: 0.0270  memory: 9891  loss: 1.1331  decode.loss_ohem: 0.7609  decode.acc_seg: 88.7760  aux_0.loss_ce: 0.3722  aux_0.acc_seg: 81.3063
2026/07/25 12:41:25 - mmengine - INFO - Iter(train) [ 57500/160000]  lr: 5.4197e-02  eta: 10:44:04  time: 0.3794  data_time: 0.0277  memory: 9889  loss: 1.1595  decode.loss_ohem: 0.7822  decode.acc_seg: 88.7757  aux_0.loss_ce: 0.3773  aux_0.acc_seg: 83.8725
2026/07/25 12:42:03 - mmengine - INFO - Iter(train) [ 57600/160000]  lr: 5.4150e-02  eta: 10:43:27  time: 0.3788  data_time: 0.0283  memory: 9890  loss: 1.1813  decode.loss_ohem: 0.8179  decode.acc_seg: 91.7210  aux_0.loss_ce: 0.3633  aux_0.acc_seg: 88.6872
2026/07/25 12:42:41 - mmengine - INFO - Iter(train) [ 57700/160000]  lr: 5.4102e-02  eta: 10:42:50  time: 0.3763  data_time: 0.0267  memory: 9891  loss: 1.1150  decode.loss_ohem: 0.7569  decode.acc_seg: 91.7622  aux_0.loss_ce: 0.3582  aux_0.acc_seg: 88.8874
2026/07/25 12:43:19 - mmengine - INFO - Iter(train) [ 57800/160000]  lr: 5.4055e-02  eta: 10:42:12  time: 0.3783  data_time: 0.0271  memory: 9889  loss: 1.0902  decode.loss_ohem: 0.7625  decode.acc_seg: 91.1493  aux_0.loss_ce: 0.3277  aux_0.acc_seg: 86.5920
2026/07/25 12:43:57 - mmengine - INFO - Iter(train) [ 57900/160000]  lr: 5.4007e-02  eta: 10:41:35  time: 0.3784  data_time: 0.0281  memory: 9890  loss: 1.0787  decode.loss_ohem: 0.7551  decode.acc_seg: 92.8684  aux_0.loss_ce: 0.3236  aux_0.acc_seg: 89.8958
2026/07/25 12:44:34 - mmengine - INFO - Exp name: dsanet_cityscapes_512x1024_20260725_063741
2026/07/25 12:44:34 - mmengine - INFO - Iter(train) [ 58000/160000]  lr: 5.3959e-02  eta: 10:40:57  time: 0.3794  data_time: 0.0287  memory: 9892  loss: 1.1337  decode.loss_ohem: 0.7779  decode.acc_seg: 87.8144  aux_0.loss_ce: 0.3557  aux_0.acc_seg: 82.3115
2026/07/25 12:45:12 - mmengine - INFO - Iter(train) [ 58100/160000]  lr: 5.3912e-02  eta: 10:40:20  time: 0.3775  data_time: 0.0267  memory: 9888  loss: 1.0964  decode.loss_ohem: 0.7493  decode.acc_seg: 92.0792  aux_0.loss_ce: 0.3471  aux_0.acc_seg: 87.5083
2026/07/25 12:45:50 - mmengine - INFO - Iter(train) [ 58200/160000]  lr: 5.3864e-02  eta: 10:39:42  time: 0.3797  data_time: 0.0286  memory: 9889  loss: 1.1240  decode.loss_ohem: 0.7761  decode.acc_seg: 91.5141  aux_0.loss_ce: 0.3479  aux_0.acc_seg: 87.6776
2026/07/25 12:46:28 - mmengine - INFO - Iter(train) [ 58300/160000]  lr: 5.3817e-02  eta: 10:39:05  time: 0.3790  data_time: 0.0282  memory: 9890  loss: 1.2180  decode.loss_ohem: 0.8553  decode.acc_seg: 86.9103  aux_0.loss_ce: 0.3626  aux_0.acc_seg: 84.0114
2026/07/25 12:47:06 - mmengine - INFO - Iter(train) [ 58400/160000]  lr: 5.3769e-02  eta: 10:38:28  time: 0.3796  data_time: 0.0281  memory: 9890  loss: 1.0823  decode.loss_ohem: 0.7497  decode.acc_seg: 93.9426  aux_0.loss_ce: 0.3326  aux_0.acc_seg: 88.7535
2026/07/25 12:47:44 - mmengine - INFO - Iter(train) [ 58500/160000]  lr: 5.3721e-02  eta: 10:37:50  time: 0.3767  data_time: 0.0252  memory: 9889  loss: 1.1408  decode.loss_ohem: 0.7808  decode.acc_seg: 93.3375  aux_0.loss_ce: 0.3600  aux_0.acc_seg: 88.8211
2026/07/25 12:48:22 - mmengine - INFO - Iter(train) [ 58600/160000]  lr: 5.3674e-02  eta: 10:37:12  time: 0.3769  data_time: 0.0271  memory: 9890  loss: 1.1252  decode.loss_ohem: 0.7537  decode.acc_seg: 92.7220  aux_0.loss_ce: 0.3715  aux_0.acc_seg: 87.0048
2026/07/25 12:48:59 - mmengine - INFO - Iter(train) [ 58700/160000]  lr: 5.3626e-02  eta: 10:36:35  time: 0.3771  data_time: 0.0266  memory: 9891  loss: 1.0811  decode.loss_ohem: 0.7383  decode.acc_seg: 89.9302  aux_0.loss_ce: 0.3428  aux_0.acc_seg: 86.3144
2026/07/25 12:49:37 - mmengine - INFO - Iter(train) [ 58800/160000]  lr: 5.3578e-02  eta: 10:35:57  time: 0.3802  data_time: 0.0291  memory: 9888  loss: 1.0842  decode.loss_ohem: 0.7507  decode.acc_seg: 94.1014  aux_0.loss_ce: 0.3334  aux_0.acc_seg: 91.2604
2026/07/25 12:50:15 - mmengine - INFO - Iter(train) [ 58900/160000]  lr: 5.3531e-02  eta: 10:35:19  time: 0.3756  data_time: 0.0260  memory: 9889  loss: 1.1829  decode.loss_ohem: 0.8409  decode.acc_seg: 89.0574  aux_0.loss_ce: 0.3420  aux_0.acc_seg: 87.1444
2026/07/25 12:50:53 - mmengine - INFO - Exp name: dsanet_cityscapes_512x1024_20260725_063741
2026/07/25 12:50:53 - mmengine - INFO - Iter(train) [ 59000/160000]  lr: 5.3483e-02  eta: 10:34:42  time: 0.3763  data_time: 0.0263  memory: 9889  loss: 1.0109  decode.loss_ohem: 0.6969  decode.acc_seg: 93.2215  aux_0.loss_ce: 0.3140  aux_0.acc_seg: 90.7032
2026/07/25 12:51:30 - mmengine - INFO - Iter(train) [ 59100/160000]  lr: 5.3436e-02  eta: 10:34:04  time: 0.3784  data_time: 0.0279  memory: 9889  loss: 1.0948  decode.loss_ohem: 0.7348  decode.acc_seg: 90.1853  aux_0.loss_ce: 0.3600  aux_0.acc_seg: 88.5530
2026/07/25 12:52:08 - mmengine - INFO - Iter(train) [ 59200/160000]  lr: 5.3388e-02  eta: 10:33:27  time: 0.3799  data_time: 0.0289  memory: 9891  loss: 1.1962  decode.loss_ohem: 0.8233  decode.acc_seg: 90.9107  aux_0.loss_ce: 0.3728  aux_0.acc_seg: 87.2132
2026/07/25 12:52:46 - mmengine - INFO - Iter(train) [ 59300/160000]  lr: 5.3340e-02  eta: 10:32:50  time: 0.3785  data_time: 0.0278  memory: 9890  loss: 1.1084  decode.loss_ohem: 0.7710  decode.acc_seg: 90.4080  aux_0.loss_ce: 0.3374  aux_0.acc_seg: 88.9782
2026/07/25 12:53:24 - mmengine - INFO - Iter(train) [ 59400/160000]  lr: 5.3293e-02  eta: 10:32:13  time: 0.3789  data_time: 0.0276  memory: 9890  loss: 1.0625  decode.loss_ohem: 0.7361  decode.acc_seg: 90.6801  aux_0.loss_ce: 0.3264  aux_0.acc_seg: 85.6214
2026/07/25 12:54:02 - mmengine - INFO - Iter(train) [ 59500/160000]  lr: 5.3245e-02  eta: 10:31:35  time: 0.3803  data_time: 0.0286  memory: 9889  loss: 1.0090  decode.loss_ohem: 0.6924  decode.acc_seg: 91.9757  aux_0.loss_ce: 0.3166  aux_0.acc_seg: 88.2778
2026/07/25 12:54:40 - mmengine - INFO - Iter(train) [ 59600/160000]  lr: 5.3197e-02  eta: 10:30:58  time: 0.3793  data_time: 0.0280  memory: 9890  loss: 1.1197  decode.loss_ohem: 0.7488  decode.acc_seg: 88.6982  aux_0.loss_ce: 0.3709  aux_0.acc_seg: 85.1760
2026/07/25 12:55:18 - mmengine - INFO - Iter(train) [ 59700/160000]  lr: 5.3150e-02  eta: 10:30:21  time: 0.3802  data_time: 0.0284  memory: 9892  loss: 1.2308  decode.loss_ohem: 0.8356  decode.acc_seg: 86.9809  aux_0.loss_ce: 0.3953  aux_0.acc_seg: 80.3814
2026/07/25 12:55:56 - mmengine - INFO - Iter(train) [ 59800/160000]  lr: 5.3102e-02  eta: 10:29:43  time: 0.3821  data_time: 0.0297  memory: 9891  loss: 1.0752  decode.loss_ohem: 0.7211  decode.acc_seg: 92.5792  aux_0.loss_ce: 0.3542  aux_0.acc_seg: 89.1129
2026/07/25 12:56:34 - mmengine - INFO - Iter(train) [ 59900/160000]  lr: 5.3054e-02  eta: 10:29:06  time: 0.3802  data_time: 0.0295  memory: 9889  loss: 1.2338  decode.loss_ohem: 0.8587  decode.acc_seg: 92.1341  aux_0.loss_ce: 0.3751  aux_0.acc_seg: 88.2180
2026/07/25 12:57:12 - mmengine - INFO - Exp name: dsanet_cityscapes_512x1024_20260725_063741
2026/07/25 12:57:12 - mmengine - INFO - Iter(train) [ 60000/160000]  lr: 5.3006e-02  eta: 10:28:29  time: 0.3829  data_time: 0.0309  memory: 9889  loss: 1.0664  decode.loss_ohem: 0.7529  decode.acc_seg: 93.3983  aux_0.loss_ce: 0.3135  aux_0.acc_seg: 87.8547
2026/07/25 12:57:12 - mmengine - INFO - Saving checkpoint at 60000 iterations
2026/07/25 12:57:18 - mmengine - INFO - Iter(val) [100/250]    eta: 0:00:07  time: 0.0476  data_time: 0.0096  memory: 729  
2026/07/25 12:57:23 - mmengine - INFO - Iter(val) [200/250]    eta: 0:00:02  time: 0.0479  data_time: 0.0098  memory: 729  
2026/07/25 12:57:25 - mmengine - INFO - per class results:
2026/07/25 12:57:25 - mmengine - INFO - 
+---------------+-------+-------+
|     Class     |  IoU  |  Acc  |
+---------------+-------+-------+
|      road     | 96.66 | 97.84 |
|    sidewalk   |  76.8 | 89.12 |
|    building   | 87.54 | 92.76 |
|      wall     | 37.15 | 42.38 |
|     fence     | 48.68 |  63.7 |
|      pole     | 53.89 | 75.63 |
| traffic light | 49.08 | 59.19 |
|  traffic sign | 66.07 | 79.41 |
|   vegetation  | 89.63 | 93.81 |
|    terrain    | 56.83 | 67.92 |
|      sky      |  82.4 | 99.24 |
|     person    | 72.73 | 87.22 |
|     rider     |  49.7 | 65.84 |
|      car      | 91.52 |  97.4 |
|     truck     | 46.37 |  60.6 |
|      bus      |  65.0 | 79.89 |
|     train     | 39.12 | 43.66 |
|   motorcycle  |  37.7 | 47.32 |
|    bicycle    | 67.06 | 79.38 |
+---------------+-------+-------+
2026/07/25 12:57:25 - mmengine - INFO - Iter(val) [250/250]    aAcc: 93.4900  mIoU: 63.8900  mAcc: 74.8600  data_time: 0.0107  time: 0.0487
2026/07/25 12:57:25 - mmengine - INFO - The previous best checkpoint /root/autodl-tmp/DSANet-main/tools/work_dirs/dsanet_cityscapes_512x1024/best_mIoU_iter_55000.pth is removed
2026/07/25 12:57:25 - mmengine - INFO - The best checkpoint with 63.8900 mIoU at 60000 iter is saved to best_mIoU_iter_60000.pth.
2026/07/25 12:58:04 - mmengine - INFO - Iter(train) [ 60100/160000]  lr: 5.2959e-02  eta: 10:27:53  time: 0.3848  data_time: 0.0308  memory: 9888  loss: 1.1790  decode.loss_ohem: 0.7971  decode.acc_seg: 91.5380  aux_0.loss_ce: 0.3819  aux_0.acc_seg: 89.2736
2026/07/25 12:58:42 - mmengine - INFO - Iter(train) [ 60200/160000]  lr: 5.2911e-02  eta: 10:27:16  time: 0.3805  data_time: 0.0289  memory: 9888  loss: 1.2088  decode.loss_ohem: 0.8381  decode.acc_seg: 86.9227  aux_0.loss_ce: 0.3707  aux_0.acc_seg: 80.9997
2026/07/25 12:59:20 - mmengine - INFO - Iter(train) [ 60300/160000]  lr: 5.2863e-02  eta: 10:26:38  time: 0.3790  data_time: 0.0283  memory: 9889  loss: 1.1183  decode.loss_ohem: 0.7901  decode.acc_seg: 93.2044  aux_0.loss_ce: 0.3282  aux_0.acc_seg: 90.1426
2026/07/25 12:59:58 - mmengine - INFO - Iter(train) [ 60400/160000]  lr: 5.2816e-02  eta: 10:26:01  time: 0.3799  data_time: 0.0289  memory: 9889  loss: 1.0882  decode.loss_ohem: 0.7228  decode.acc_seg: 91.1661  aux_0.loss_ce: 0.3653  aux_0.acc_seg: 87.8537
2026/07/25 13:00:36 - mmengine - INFO - Iter(train) [ 60500/160000]  lr: 5.2768e-02  eta: 10:25:24  time: 0.3809  data_time: 0.0292  memory: 9890  loss: 1.0918  decode.loss_ohem: 0.7355  decode.acc_seg: 86.7503  aux_0.loss_ce: 0.3563  aux_0.acc_seg: 83.3472
2026/07/25 13:01:14 - mmengine - INFO - Iter(train) [ 60600/160000]  lr: 5.2720e-02  eta: 10:24:46  time: 0.3780  data_time: 0.0269  memory: 9891  loss: 1.1431  decode.loss_ohem: 0.7889  decode.acc_seg: 91.7664  aux_0.loss_ce: 0.3542  aux_0.acc_seg: 88.6529
2026/07/25 13:01:52 - mmengine - INFO - Iter(train) [ 60700/160000]  lr: 5.2672e-02  eta: 10:24:09  time: 0.3815  data_time: 0.0294  memory: 9889  loss: 1.1026  decode.loss_ohem: 0.7563  decode.acc_seg: 91.2191  aux_0.loss_ce: 0.3463  aux_0.acc_seg: 87.1228
2026/07/25 13:02:30 - mmengine - INFO - Iter(train) [ 60800/160000]  lr: 5.2625e-02  eta: 10:23:32  time: 0.3795  data_time: 0.0275  memory: 9889  loss: 1.0311  decode.loss_ohem: 0.7105  decode.acc_seg: 91.2535  aux_0.loss_ce: 0.3206  aux_0.acc_seg: 87.4206
2026/07/25 13:03:08 - mmengine - INFO - Iter(train) [ 60900/160000]  lr: 5.2577e-02  eta: 10:22:55  time: 0.3846  data_time: 0.0300  memory: 9890  loss: 1.1467  decode.loss_ohem: 0.7952  decode.acc_seg: 93.7235  aux_0.loss_ce: 0.3515  aux_0.acc_seg: 89.7738
2026/07/25 13:03:46 - mmengine - INFO - Exp name: dsanet_cityscapes_512x1024_20260725_063741
2026/07/25 13:03:46 - mmengine - INFO - Iter(train) [ 61000/160000]  lr: 5.2529e-02  eta: 10:22:17  time: 0.3807  data_time: 0.0291  memory: 9890  loss: 1.1438  decode.loss_ohem: 0.7686  decode.acc_seg: 90.2694  aux_0.loss_ce: 0.3752  aux_0.acc_seg: 84.8257
2026/07/25 13:04:24 - mmengine - INFO - Iter(train) [ 61100/160000]  lr: 5.2481e-02  eta: 10:21:40  time: 0.3781  data_time: 0.0272  memory: 9889  loss: 1.1491  decode.loss_ohem: 0.7781  decode.acc_seg: 91.3612  aux_0.loss_ce: 0.3709  aux_0.acc_seg: 84.5557
2026/07/25 13:05:02 - mmengine - INFO - Iter(train) [ 61200/160000]  lr: 5.2434e-02  eta: 10:21:03  time: 0.3782  data_time: 0.0274  memory: 9891  loss: 1.1555  decode.loss_ohem: 0.7921  decode.acc_seg: 91.4328  aux_0.loss_ce: 0.3634  aux_0.acc_seg: 85.4096
2026/07/25 13:05:40 - mmengine - INFO - Iter(train) [ 61300/160000]  lr: 5.2386e-02  eta: 10:20:26  time: 0.3819  data_time: 0.0299  memory: 9890  loss: 1.2168  decode.loss_ohem: 0.8180  decode.acc_seg: 90.2792  aux_0.loss_ce: 0.3987  aux_0.acc_seg: 85.4476
2026/07/25 13:06:18 - mmengine - INFO - Iter(train) [ 61400/160000]  lr: 5.2338e-02  eta: 10:19:48  time: 0.3818  data_time: 0.0299  memory: 9891  loss: 1.1427  decode.loss_ohem: 0.7960  decode.acc_seg: 91.2125  aux_0.loss_ce: 0.3467  aux_0.acc_seg: 88.4488
2026/07/25 13:06:56 - mmengine - INFO - Iter(train) [ 61500/160000]  lr: 5.2290e-02  eta: 10:19:11  time: 0.3816  data_time: 0.0299  memory: 9889  loss: 1.0964  decode.loss_ohem: 0.7358  decode.acc_seg: 90.6826  aux_0.loss_ce: 0.3606  aux_0.acc_seg: 84.6619
2026/07/25 13:07:33 - mmengine - INFO - Iter(train) [ 61600/160000]  lr: 5.2243e-02  eta: 10:18:33  time: 0.3765  data_time: 0.0265  memory: 9890  loss: 1.0968  decode.loss_ohem: 0.7659  decode.acc_seg: 91.3860  aux_0.loss_ce: 0.3310  aux_0.acc_seg: 87.4817
2026/07/25 13:08:11 - mmengine - INFO - Iter(train) [ 61700/160000]  lr: 5.2195e-02  eta: 10:17:56  time: 0.3800  data_time: 0.0286  memory: 9889  loss: 1.1669  decode.loss_ohem: 0.7842  decode.acc_seg: 92.0494  aux_0.loss_ce: 0.3827  aux_0.acc_seg: 87.4285
2026/07/25 13:08:49 - mmengine - INFO - Iter(train) [ 61800/160000]  lr: 5.2147e-02  eta: 10:17:18  time: 0.3748  data_time: 0.0277  memory: 9889  loss: 1.1571  decode.loss_ohem: 0.7838  decode.acc_seg: 92.5343  aux_0.loss_ce: 0.3733  aux_0.acc_seg: 88.0341
2026/07/25 13:09:27 - mmengine - INFO - Iter(train) [ 61900/160000]  lr: 5.2099e-02  eta: 10:16:41  time: 0.3796  data_time: 0.0285  memory: 9890  loss: 1.0659  decode.loss_ohem: 0.7388  decode.acc_seg: 92.8275  aux_0.loss_ce: 0.3271  aux_0.acc_seg: 87.6410
2026/07/25 13:10:05 - mmengine - INFO - Exp name: dsanet_cityscapes_512x1024_20260725_063741
2026/07/25 13:10:05 - mmengine - INFO - Iter(train) [ 62000/160000]  lr: 5.2052e-02  eta: 10:16:03  time: 0.3795  data_time: 0.0268  memory: 9889  loss: 1.0570  decode.loss_ohem: 0.7137  decode.acc_seg: 90.8395  aux_0.loss_ce: 0.3432  aux_0.acc_seg: 85.0615
2026/07/25 13:10:43 - mmengine - INFO - Iter(train) [ 62100/160000]  lr: 5.2004e-02  eta: 10:15:26  time: 0.3803  data_time: 0.0286  memory: 9889  loss: 1.1575  decode.loss_ohem: 0.7915  decode.acc_seg: 90.7036  aux_0.loss_ce: 0.3659  aux_0.acc_seg: 85.7575
2026/07/25 13:11:21 - mmengine - INFO - Iter(train) [ 62200/160000]  lr: 5.1956e-02  eta: 10:14:49  time: 0.3768  data_time: 0.0263  memory: 9889  loss: 1.0854  decode.loss_ohem: 0.7512  decode.acc_seg: 92.9046  aux_0.loss_ce: 0.3342  aux_0.acc_seg: 89.3224
2026/07/25 13:11:59 - mmengine - INFO - Iter(train) [ 62300/160000]  lr: 5.1908e-02  eta: 10:14:11  time: 0.3751  data_time: 0.0259  memory: 9890  loss: 1.1121  decode.loss_ohem: 0.7551  decode.acc_seg: 90.9581  aux_0.loss_ce: 0.3570  aux_0.acc_seg: 88.1576
2026/07/25 13:12:36 - mmengine - INFO - Iter(train) [ 62400/160000]  lr: 5.1860e-02  eta: 10:13:33  time: 0.3789  data_time: 0.0284  memory: 9890  loss: 1.1009  decode.loss_ohem: 0.7507  decode.acc_seg: 89.6310  aux_0.loss_ce: 0.3502  aux_0.acc_seg: 86.9501
2026/07/25 13:13:14 - mmengine - INFO - Iter(train) [ 62500/160000]  lr: 5.1813e-02  eta: 10:12:56  time: 0.3813  data_time: 0.0293  memory: 9890  loss: 1.1614  decode.loss_ohem: 0.8156  decode.acc_seg: 90.5438  aux_0.loss_ce: 0.3458  aux_0.acc_seg: 85.6717
2026/07/25 13:13:52 - mmengine - INFO - Iter(train) [ 62600/160000]  lr: 5.1765e-02  eta: 10:12:18  time: 0.3782  data_time: 0.0276  memory: 9892  loss: 1.1553  decode.loss_ohem: 0.7892  decode.acc_seg: 93.6998  aux_0.loss_ce: 0.3661  aux_0.acc_seg: 90.0909
2026/07/25 13:14:30 - mmengine - INFO - Iter(train) [ 62700/160000]  lr: 5.1717e-02  eta: 10:11:41  time: 0.3767  data_time: 0.0267  memory: 9888  loss: 1.1241  decode.loss_ohem: 0.7913  decode.acc_seg: 90.9792  aux_0.loss_ce: 0.3328  aux_0.acc_seg: 84.4310
2026/07/25 13:15:08 - mmengine - INFO - Iter(train) [ 62800/160000]  lr: 5.1669e-02  eta: 10:11:03  time: 0.3797  data_time: 0.0281  memory: 9888  loss: 1.1819  decode.loss_ohem: 0.7958  decode.acc_seg: 93.7371  aux_0.loss_ce: 0.3861  aux_0.acc_seg: 88.8776
2026/07/25 13:15:46 - mmengine - INFO - Iter(train) [ 62900/160000]  lr: 5.1621e-02  eta: 10:10:26  time: 0.3779  data_time: 0.0280  memory: 9891  loss: 1.0718  decode.loss_ohem: 0.7346  decode.acc_seg: 94.1235  aux_0.loss_ce: 0.3372  aux_0.acc_seg: 89.8376
2026/07/25 13:16:24 - mmengine - INFO - Exp name: dsanet_cityscapes_512x1024_20260725_063741
2026/07/25 13:16:24 - mmengine - INFO - Iter(train) [ 63000/160000]  lr: 5.1573e-02  eta: 10:09:48  time: 0.3848  data_time: 0.0314  memory: 9889  loss: 1.1816  decode.loss_ohem: 0.7991  decode.acc_seg: 85.9828  aux_0.loss_ce: 0.3825  aux_0.acc_seg: 82.0432
2026/07/25 13:17:02 - mmengine - INFO - Iter(train) [ 63100/160000]  lr: 5.1526e-02  eta: 10:09:11  time: 0.3801  data_time: 0.0279  memory: 9890  loss: 1.1225  decode.loss_ohem: 0.7512  decode.acc_seg: 93.8695  aux_0.loss_ce: 0.3713  aux_0.acc_seg: 88.0126
2026/07/25 13:17:40 - mmengine - INFO - Iter(train) [ 63200/160000]  lr: 5.1478e-02  eta: 10:08:34  time: 0.3815  data_time: 0.0295  memory: 9891  loss: 1.0880  decode.loss_ohem: 0.7545  decode.acc_seg: 92.6064  aux_0.loss_ce: 0.3335  aux_0.acc_seg: 87.1915
2026/07/25 13:18:18 - mmengine - INFO - Iter(train) [ 63300/160000]  lr: 5.1430e-02  eta: 10:07:56  time: 0.3781  data_time: 0.0270  memory: 9891  loss: 1.1530  decode.loss_ohem: 0.8076  decode.acc_seg: 90.9990  aux_0.loss_ce: 0.3454  aux_0.acc_seg: 88.8944
2026/07/25 13:18:55 - mmengine - INFO - Iter(train) [ 63400/160000]  lr: 5.1382e-02  eta: 10:07:19  time: 0.3793  data_time: 0.0274  memory: 9889  loss: 1.1664  decode.loss_ohem: 0.7981  decode.acc_seg: 86.8496  aux_0.loss_ce: 0.3683  aux_0.acc_seg: 83.6429
2026/07/25 13:19:33 - mmengine - INFO - Iter(train) [ 63500/160000]  lr: 5.1334e-02  eta: 10:06:41  time: 0.3814  data_time: 0.0283  memory: 9890  loss: 1.0860  decode.loss_ohem: 0.6800  decode.acc_seg: 91.3035  aux_0.loss_ce: 0.4060  aux_0.acc_seg: 89.6494
2026/07/25 13:20:11 - mmengine - INFO - Iter(train) [ 63600/160000]  lr: 5.1286e-02  eta: 10:06:04  time: 0.3790  data_time: 0.0281  memory: 9890  loss: 1.1812  decode.loss_ohem: 0.8162  decode.acc_seg: 93.8057  aux_0.loss_ce: 0.3649  aux_0.acc_seg: 89.9388
2026/07/25 13:20:49 - mmengine - INFO - Iter(train) [ 63700/160000]  lr: 5.1238e-02  eta: 10:05:27  time: 0.3796  data_time: 0.0274  memory: 9889  loss: 1.1632  decode.loss_ohem: 0.7952  decode.acc_seg: 89.3812  aux_0.loss_ce: 0.3679  aux_0.acc_seg: 84.9661
2026/07/25 13:21:27 - mmengine - INFO - Iter(train) [ 63800/160000]  lr: 5.1190e-02  eta: 10:04:49  time: 0.3786  data_time: 0.0280  memory: 9890  loss: 1.2242  decode.loss_ohem: 0.8251  decode.acc_seg: 92.2604  aux_0.loss_ce: 0.3992  aux_0.acc_seg: 89.1913
2026/07/25 13:22:05 - mmengine - INFO - Iter(train) [ 63900/160000]  lr: 5.1143e-02  eta: 10:04:12  time: 0.3783  data_time: 0.0272  memory: 9890  loss: 1.1446  decode.loss_ohem: 0.7855  decode.acc_seg: 90.8944  aux_0.loss_ce: 0.3591  aux_0.acc_seg: 88.5937
2026/07/25 13:22:43 - mmengine - INFO - Exp name: dsanet_cityscapes_512x1024_20260725_063741
2026/07/25 13:22:43 - mmengine - INFO - Iter(train) [ 64000/160000]  lr: 5.1095e-02  eta: 10:03:34  time: 0.3791  data_time: 0.0273  memory: 9890  loss: 1.0137  decode.loss_ohem: 0.6978  decode.acc_seg: 92.3010  aux_0.loss_ce: 0.3159  aux_0.acc_seg: 88.1953
2026/07/25 13:23:21 - mmengine - INFO - Iter(train) [ 64100/160000]  lr: 5.1047e-02  eta: 10:02:57  time: 0.3779  data_time: 0.0265  memory: 9891  loss: 1.1810  decode.loss_ohem: 0.8151  decode.acc_seg: 92.2102  aux_0.loss_ce: 0.3660  aux_0.acc_seg: 86.7473
2026/07/25 13:23:59 - mmengine - INFO - Iter(train) [ 64200/160000]  lr: 5.0999e-02  eta: 10:02:20  time: 0.3843  data_time: 0.0331  memory: 9890  loss: 1.1582  decode.loss_ohem: 0.7961  decode.acc_seg: 90.3573  aux_0.loss_ce: 0.3621  aux_0.acc_seg: 87.7314
2026/07/25 13:24:37 - mmengine - INFO - Iter(train) [ 64300/160000]  lr: 5.0951e-02  eta: 10:01:42  time: 0.3781  data_time: 0.0275  memory: 9890  loss: 1.1352  decode.loss_ohem: 0.8007  decode.acc_seg: 91.2206  aux_0.loss_ce: 0.3345  aux_0.acc_seg: 87.1362
2026/07/25 13:25:15 - mmengine - INFO - Iter(train) [ 64400/160000]  lr: 5.0903e-02  eta: 10:01:05  time: 0.3764  data_time: 0.0261  memory: 9891  loss: 1.0276  decode.loss_ohem: 0.7099  decode.acc_seg: 91.2373  aux_0.loss_ce: 0.3177  aux_0.acc_seg: 86.0860
2026/07/25 13:25:53 - mmengine - INFO - Iter(train) [ 64500/160000]  lr: 5.0855e-02  eta: 10:00:27  time: 0.3772  data_time: 0.0269  memory: 9889  loss: 1.1803  decode.loss_ohem: 0.7972  decode.acc_seg: 90.3840  aux_0.loss_ce: 0.3831  aux_0.acc_seg: 86.7257
2026/07/25 13:26:31 - mmengine - INFO - Iter(train) [ 64600/160000]  lr: 5.0807e-02  eta: 9:59:50  time: 0.3792  data_time: 0.0279  memory: 9891  loss: 1.0871  decode.loss_ohem: 0.7424  decode.acc_seg: 90.1718  aux_0.loss_ce: 0.3447  aux_0.acc_seg: 82.9690
2026/07/25 13:27:09 - mmengine - INFO - Iter(train) [ 64700/160000]  lr: 5.0759e-02  eta: 9:59:12  time: 0.3802  data_time: 0.0286  memory: 9891  loss: 1.1192  decode.loss_ohem: 0.7753  decode.acc_seg: 93.3314  aux_0.loss_ce: 0.3440  aux_0.acc_seg: 90.6438
2026/07/25 13:27:47 - mmengine - INFO - Iter(train) [ 64800/160000]  lr: 5.0711e-02  eta: 9:58:35  time: 0.3760  data_time: 0.0258  memory: 9889  loss: 1.0790  decode.loss_ohem: 0.7709  decode.acc_seg: 91.2340  aux_0.loss_ce: 0.3081  aux_0.acc_seg: 88.1359
2026/07/25 13:28:24 - mmengine - INFO - Iter(train) [ 64900/160000]  lr: 5.0663e-02  eta: 9:57:57  time: 0.3773  data_time: 0.0268  memory: 9889  loss: 1.2073  decode.loss_ohem: 0.8272  decode.acc_seg: 90.0394  aux_0.loss_ce: 0.3801  aux_0.acc_seg: 84.8813
2026/07/25 13:29:02 - mmengine - INFO - Exp name: dsanet_cityscapes_512x1024_20260725_063741
2026/07/25 13:29:02 - mmengine - INFO - Iter(train) [ 65000/160000]  lr: 5.0616e-02  eta: 9:57:20  time: 0.3768  data_time: 0.0266  memory: 9890  loss: 1.0341  decode.loss_ohem: 0.7336  decode.acc_seg: 91.7658  aux_0.loss_ce: 0.3004  aux_0.acc_seg: 89.0003
2026/07/25 13:29:02 - mmengine - INFO - Saving checkpoint at 65000 iterations
2026/07/25 13:29:08 - mmengine - INFO - Iter(val) [100/250]    eta: 0:00:07  time: 0.0476  data_time: 0.0092  memory: 729  
2026/07/25 13:29:12 - mmengine - INFO - Iter(val) [200/250]    eta: 0:00:02  time: 0.0491  data_time: 0.0107  memory: 729  
2026/07/25 13:29:15 - mmengine - INFO - per class results:
2026/07/25 13:29:15 - mmengine - INFO - 
+---------------+-------+-------+
|     Class     |  IoU  |  Acc  |
+---------------+-------+-------+
|      road     | 96.89 | 98.25 |
|    sidewalk   |  76.8 | 88.43 |
|    building   | 89.48 |  95.4 |
|      wall     | 33.87 | 37.22 |
|     fence     | 50.35 | 69.44 |
|      pole     | 54.71 | 64.25 |
| traffic light | 52.64 | 64.88 |
|  traffic sign | 66.31 | 75.05 |
|   vegetation  |  90.1 |  94.4 |
|    terrain    | 52.87 |  62.8 |
|      sky      | 92.29 | 97.64 |
|     person    | 72.64 | 87.96 |
|     rider     | 49.57 | 67.76 |
|      car      | 91.23 | 97.61 |
|     truck     | 45.89 | 49.97 |
|      bus      | 70.44 | 87.53 |
|     train     |  52.2 | 68.55 |
|   motorcycle  | 41.52 | 70.85 |
|    bicycle    | 66.51 | 79.47 |
+---------------+-------+-------+
2026/07/25 13:29:15 - mmengine - INFO - Iter(val) [250/250]    aAcc: 94.0900  mIoU: 65.6000  mAcc: 76.7100  data_time: 0.0105  time: 0.0486
2026/07/25 13:29:15 - mmengine - INFO - The previous best checkpoint /root/autodl-tmp/DSANet-main/tools/work_dirs/dsanet_cityscapes_512x1024/best_mIoU_iter_60000.pth is removed
2026/07/25 13:29:15 - mmengine - INFO - The best checkpoint with 65.6000 mIoU at 65000 iter is saved to best_mIoU_iter_65000.pth.
2026/07/25 13:29:54 - mmengine - INFO - Iter(train) [ 65100/160000]  lr: 5.0568e-02  eta: 9:56:43  time: 0.3788  data_time: 0.0282  memory: 9888  loss: 1.2035  decode.loss_ohem: 0.8124  decode.acc_seg: 91.4735  aux_0.loss_ce: 0.3911  aux_0.acc_seg: 86.2186
2026/07/25 13:30:32 - mmengine - INFO - Iter(train) [ 65200/160000]  lr: 5.0520e-02  eta: 9:56:06  time: 0.3803  data_time: 0.0285  memory: 9889  loss: 1.1181  decode.loss_ohem: 0.7601  decode.acc_seg: 93.1681  aux_0.loss_ce: 0.3581  aux_0.acc_seg: 88.5009
2026/07/25 13:31:09 - mmengine - INFO - Iter(train) [ 65300/160000]  lr: 5.0472e-02  eta: 9:55:29  time: 0.3757  data_time: 0.0246  memory: 9889  loss: 1.2086  decode.loss_ohem: 0.8004  decode.acc_seg: 92.4764  aux_0.loss_ce: 0.4082  aux_0.acc_seg: 89.1573
2026/07/25 13:31:47 - mmengine - INFO - Iter(train) [ 65400/160000]  lr: 5.0424e-02  eta: 9:54:51  time: 0.3776  data_time: 0.0265  memory: 9890  loss: 1.1671  decode.loss_ohem: 0.8002  decode.acc_seg: 90.6186  aux_0.loss_ce: 0.3669  aux_0.acc_seg: 85.5413
2026/07/25 13:32:25 - mmengine - INFO - Iter(train) [ 65500/160000]  lr: 5.0376e-02  eta: 9:54:13  time: 0.3843  data_time: 0.0258  memory: 9888  loss: 1.1430  decode.loss_ohem: 0.7747  decode.acc_seg: 90.3848  aux_0.loss_ce: 0.3684  aux_0.acc_seg: 84.7785
2026/07/25 13:33:03 - mmengine - INFO - Iter(train) [ 65600/160000]  lr: 5.0328e-02  eta: 9:53:36  time: 0.3762  data_time: 0.0260  memory: 9891  loss: 1.1443  decode.loss_ohem: 0.7835  decode.acc_seg: 93.2754  aux_0.loss_ce: 0.3607  aux_0.acc_seg: 88.1226
2026/07/25 13:33:41 - mmengine - INFO - Iter(train) [ 65700/160000]  lr: 5.0280e-02  eta: 9:52:58  time: 0.3768  data_time: 0.0258  memory: 9889  loss: 1.1599  decode.loss_ohem: 0.7863  decode.acc_seg: 92.5708  aux_0.loss_ce: 0.3735  aux_0.acc_seg: 87.3876
2026/07/25 13:34:19 - mmengine - INFO - Iter(train) [ 65800/160000]  lr: 5.0232e-02  eta: 9:52:21  time: 0.3814  data_time: 0.0277  memory: 9890  loss: 1.0956  decode.loss_ohem: 0.7370  decode.acc_seg: 91.6407  aux_0.loss_ce: 0.3586  aux_0.acc_seg: 86.7180
2026/07/25 13:34:56 - mmengine - INFO - Iter(train) [ 65900/160000]  lr: 5.0184e-02  eta: 9:51:43  time: 0.3769  data_time: 0.0267  memory: 9890  loss: 1.0720  decode.loss_ohem: 0.7613  decode.acc_seg: 93.7471  aux_0.loss_ce: 0.3107  aux_0.acc_seg: 90.8639
2026/07/25 13:35:34 - mmengine - INFO - Exp name: dsanet_cityscapes_512x1024_20260725_063741
2026/07/25 13:35:34 - mmengine - INFO - Iter(train) [ 66000/160000]  lr: 5.0136e-02  eta: 9:51:05  time: 0.3774  data_time: 0.0271  memory: 9889  loss: 1.1794  decode.loss_ohem: 0.7967  decode.acc_seg: 84.4712  aux_0.loss_ce: 0.3827  aux_0.acc_seg: 76.5869
2026/07/25 13:36:13 - mmengine - INFO - Iter(train) [ 66100/160000]  lr: 5.0088e-02  eta: 9:50:28  time: 0.3839  data_time: 0.0302  memory: 9889  loss: 1.1188  decode.loss_ohem: 0.7847  decode.acc_seg: 93.4333  aux_0.loss_ce: 0.3341  aux_0.acc_seg: 89.7957
2026/07/25 13:36:51 - mmengine - INFO - Iter(train) [ 66200/160000]  lr: 5.0040e-02  eta: 9:49:51  time: 0.3817  data_time: 0.0285  memory: 9889  loss: 1.1407  decode.loss_ohem: 0.7982  decode.acc_seg: 94.2524  aux_0.loss_ce: 0.3425  aux_0.acc_seg: 90.9623
2026/07/25 13:37:29 - mmengine - INFO - Iter(train) [ 66300/160000]  lr: 4.9992e-02  eta: 9:49:15  time: 0.3841  data_time: 0.0294  memory: 9890  loss: 1.0738  decode.loss_ohem: 0.7033  decode.acc_seg: 93.6740  aux_0.loss_ce: 0.3704  aux_0.acc_seg: 89.8753
2026/07/25 13:38:08 - mmengine - INFO - Iter(train) [ 66400/160000]  lr: 4.9944e-02  eta: 9:48:38  time: 0.3841  data_time: 0.0285  memory: 9890  loss: 1.1805  decode.loss_ohem: 0.7702  decode.acc_seg: 92.6490  aux_0.loss_ce: 0.4104  aux_0.acc_seg: 88.0200
2026/07/25 13:38:46 - mmengine - INFO - Iter(train) [ 66500/160000]  lr: 4.9896e-02  eta: 9:48:01  time: 0.3877  data_time: 0.0311  memory: 9890  loss: 1.0660  decode.loss_ohem: 0.7402  decode.acc_seg: 90.4831  aux_0.loss_ce: 0.3258  aux_0.acc_seg: 88.0882
2026/07/25 13:39:25 - mmengine - INFO - Iter(train) [ 66600/160000]  lr: 4.9848e-02  eta: 9:47:25  time: 0.3829  data_time: 0.0278  memory: 9889  loss: 1.1170  decode.loss_ohem: 0.7564  decode.acc_seg: 90.3727  aux_0.loss_ce: 0.3606  aux_0.acc_seg: 87.8274
2026/07/25 13:40:03 - mmengine - INFO - Iter(train) [ 66700/160000]  lr: 4.9800e-02  eta: 9:46:48  time: 0.3827  data_time: 0.0281  memory: 9888  loss: 1.0847  decode.loss_ohem: 0.7396  decode.acc_seg: 88.9005  aux_0.loss_ce: 0.3450  aux_0.acc_seg: 82.0466
2026/07/25 13:40:42 - mmengine - INFO - Iter(train) [ 66800/160000]  lr: 4.9752e-02  eta: 9:46:11  time: 0.3828  data_time: 0.0288  memory: 9888  loss: 1.1012  decode.loss_ohem: 0.7452  decode.acc_seg: 92.2303  aux_0.loss_ce: 0.3561  aux_0.acc_seg: 87.0259
2026/07/25 13:41:20 - mmengine - INFO - Iter(train) [ 66900/160000]  lr: 4.9704e-02  eta: 9:45:34  time: 0.3809  data_time: 0.0279  memory: 9888  loss: 1.1484  decode.loss_ohem: 0.8064  decode.acc_seg: 88.8398  aux_0.loss_ce: 0.3419  aux_0.acc_seg: 84.1096
2026/07/25 13:41:59 - mmengine - INFO - Exp name: dsanet_cityscapes_512x1024_20260725_063741
2026/07/25 13:41:59 - mmengine - INFO - Iter(train) [ 67000/160000]  lr: 4.9656e-02  eta: 9:44:57  time: 0.3837  data_time: 0.0290  memory: 9889  loss: 1.0373  decode.loss_ohem: 0.6932  decode.acc_seg: 92.9901  aux_0.loss_ce: 0.3441  aux_0.acc_seg: 89.6824
2026/07/25 13:42:37 - mmengine - INFO - Iter(train) [ 67100/160000]  lr: 4.9608e-02  eta: 9:44:21  time: 0.3837  data_time: 0.0282  memory: 9890  loss: 1.1558  decode.loss_ohem: 0.7864  decode.acc_seg: 88.6201  aux_0.loss_ce: 0.3693  aux_0.acc_seg: 83.0646
2026/07/25 13:43:16 - mmengine - INFO - Iter(train) [ 67200/160000]  lr: 4.9560e-02  eta: 9:43:44  time: 0.3828  data_time: 0.0283  memory: 9888  loss: 1.2649  decode.loss_ohem: 0.8719  decode.acc_seg: 91.2287  aux_0.loss_ce: 0.3930  aux_0.acc_seg: 87.3672
2026/07/25 13:43:54 - mmengine - INFO - Iter(train) [ 67300/160000]  lr: 4.9512e-02  eta: 9:43:07  time: 0.3821  data_time: 0.0272  memory: 9892  loss: 1.3396  decode.loss_ohem: 0.9370  decode.acc_seg: 91.5954  aux_0.loss_ce: 0.4026  aux_0.acc_seg: 86.8348
2026/07/25 13:44:33 - mmengine - INFO - Iter(train) [ 67400/160000]  lr: 4.9463e-02  eta: 9:42:31  time: 0.3850  data_time: 0.0307  memory: 9891  loss: 1.1238  decode.loss_ohem: 0.7715  decode.acc_seg: 90.7850  aux_0.loss_ce: 0.3523  aux_0.acc_seg: 87.3614
2026/07/25 13:45:11 - mmengine - INFO - Iter(train) [ 67500/160000]  lr: 4.9415e-02  eta: 9:41:54  time: 0.3845  data_time: 0.0295  memory: 9890  loss: 1.0810  decode.loss_ohem: 0.7558  decode.acc_seg: 87.5967  aux_0.loss_ce: 0.3253  aux_0.acc_seg: 80.4487
2026/07/25 13:45:50 - mmengine - INFO - Iter(train) [ 67600/160000]  lr: 4.9367e-02  eta: 9:41:17  time: 0.3845  data_time: 0.0282  memory: 9889  loss: 1.0509  decode.loss_ohem: 0.7270  decode.acc_seg: 91.3630  aux_0.loss_ce: 0.3239  aux_0.acc_seg: 87.2330
2026/07/25 13:46:28 - mmengine - INFO - Iter(train) [ 67700/160000]  lr: 4.9319e-02  eta: 9:40:40  time: 0.3867  data_time: 0.0302  memory: 9889  loss: 1.2814  decode.loss_ohem: 0.8917  decode.acc_seg: 88.1642  aux_0.loss_ce: 0.3897  aux_0.acc_seg: 85.1147
2026/07/25 13:47:07 - mmengine - INFO - Iter(train) [ 67800/160000]  lr: 4.9271e-02  eta: 9:40:04  time: 0.3874  data_time: 0.0308  memory: 9892  loss: 1.0626  decode.loss_ohem: 0.7472  decode.acc_seg: 91.8699  aux_0.loss_ce: 0.3154  aux_0.acc_seg: 87.4328
2026/07/25 13:47:45 - mmengine - INFO - Iter(train) [ 67900/160000]  lr: 4.9223e-02  eta: 9:39:27  time: 0.3806  data_time: 0.0278  memory: 9889  loss: 1.1187  decode.loss_ohem: 0.7471  decode.acc_seg: 90.5004  aux_0.loss_ce: 0.3716  aux_0.acc_seg: 84.3862
2026/07/25 13:48:23 - mmengine - INFO - Exp name: dsanet_cityscapes_512x1024_20260725_063741
2026/07/25 13:48:23 - mmengine - INFO - Iter(train) [ 68000/160000]  lr: 4.9175e-02  eta: 9:38:50  time: 0.3790  data_time: 0.0276  memory: 9890  loss: 1.1483  decode.loss_ohem: 0.7682  decode.acc_seg: 87.8778  aux_0.loss_ce: 0.3801  aux_0.acc_seg: 82.7058
2026/07/25 13:49:02 - mmengine - INFO - Iter(train) [ 68100/160000]  lr: 4.9127e-02  eta: 9:38:13  time: 0.3820  data_time: 0.0297  memory: 9889  loss: 1.1648  decode.loss_ohem: 0.8070  decode.acc_seg: 89.5061  aux_0.loss_ce: 0.3578  aux_0.acc_seg: 86.9133
2026/07/25 13:49:40 - mmengine - INFO - Iter(train) [ 68200/160000]  lr: 4.9079e-02  eta: 9:37:35  time: 0.3812  data_time: 0.0288  memory: 9889  loss: 1.1142  decode.loss_ohem: 0.7588  decode.acc_seg: 92.2230  aux_0.loss_ce: 0.3554  aux_0.acc_seg: 87.0622
2026/07/25 13:50:17 - mmengine - INFO - Iter(train) [ 68300/160000]  lr: 4.9031e-02  eta: 9:36:57  time: 0.3749  data_time: 0.0262  memory: 9889  loss: 1.0803  decode.loss_ohem: 0.7613  decode.acc_seg: 92.8498  aux_0.loss_ce: 0.3190  aux_0.acc_seg: 89.1655
2026/07/25 13:50:55 - mmengine - INFO - Iter(train) [ 68400/160000]  lr: 4.8983e-02  eta: 9:36:19  time: 0.3763  data_time: 0.0269  memory: 9890  loss: 1.0325  decode.loss_ohem: 0.7052  decode.acc_seg: 93.5655  aux_0.loss_ce: 0.3273  aux_0.acc_seg: 89.9242
2026/07/25 13:51:33 - mmengine - INFO - Iter(train) [ 68500/160000]  lr: 4.8934e-02  eta: 9:35:42  time: 0.3760  data_time: 0.0261  memory: 9888  loss: 1.1108  decode.loss_ohem: 0.7741  decode.acc_seg: 93.0567  aux_0.loss_ce: 0.3368  aux_0.acc_seg: 89.9925
2026/07/25 13:52:10 - mmengine - INFO - Iter(train) [ 68600/160000]  lr: 4.8886e-02  eta: 9:35:04  time: 0.3768  data_time: 0.0262  memory: 9892  loss: 1.1446  decode.loss_ohem: 0.7760  decode.acc_seg: 90.7071  aux_0.loss_ce: 0.3686  aux_0.acc_seg: 86.2431
2026/07/25 13:52:48 - mmengine - INFO - Iter(train) [ 68700/160000]  lr: 4.8838e-02  eta: 9:34:26  time: 0.3797  data_time: 0.0281  memory: 9890  loss: 1.1157  decode.loss_ohem: 0.7616  decode.acc_seg: 93.1735  aux_0.loss_ce: 0.3542  aux_0.acc_seg: 90.7862
2026/07/25 13:53:26 - mmengine - INFO - Iter(train) [ 68800/160000]  lr: 4.8790e-02  eta: 9:33:49  time: 0.3769  data_time: 0.0268  memory: 9890  loss: 1.0962  decode.loss_ohem: 0.7556  decode.acc_seg: 92.2725  aux_0.loss_ce: 0.3406  aux_0.acc_seg: 89.9093
2026/07/25 13:54:04 - mmengine - INFO - Iter(train) [ 68900/160000]  lr: 4.8742e-02  eta: 9:33:11  time: 0.3786  data_time: 0.0273  memory: 9888  loss: 1.1158  decode.loss_ohem: 0.7705  decode.acc_seg: 93.6264  aux_0.loss_ce: 0.3453  aux_0.acc_seg: 90.9235
2026/07/25 13:54:42 - mmengine - INFO - Exp name: dsanet_cityscapes_512x1024_20260725_063741
2026/07/25 13:54:42 - mmengine - INFO - Iter(train) [ 69000/160000]  lr: 4.8694e-02  eta: 9:32:34  time: 0.3783  data_time: 0.0267  memory: 9889  loss: 1.0970  decode.loss_ohem: 0.7598  decode.acc_seg: 92.9252  aux_0.loss_ce: 0.3372  aux_0.acc_seg: 87.3373
2026/07/25 13:55:20 - mmengine - INFO - Iter(train) [ 69100/160000]  lr: 4.8646e-02  eta: 9:31:56  time: 0.3786  data_time: 0.0276  memory: 9891  loss: 1.0935  decode.loss_ohem: 0.7644  decode.acc_seg: 91.8251  aux_0.loss_ce: 0.3291  aux_0.acc_seg: 89.2303
2026/07/25 13:55:58 - mmengine - INFO - Iter(train) [ 69200/160000]  lr: 4.8597e-02  eta: 9:31:19  time: 0.3789  data_time: 0.0273  memory: 9890  loss: 1.1561  decode.loss_ohem: 0.7828  decode.acc_seg: 92.9547  aux_0.loss_ce: 0.3732  aux_0.acc_seg: 90.4106
2026/07/25 13:56:36 - mmengine - INFO - Iter(train) [ 69300/160000]  lr: 4.8549e-02  eta: 9:30:41  time: 0.3787  data_time: 0.0268  memory: 9890  loss: 1.0557  decode.loss_ohem: 0.7128  decode.acc_seg: 93.8232  aux_0.loss_ce: 0.3430  aux_0.acc_seg: 89.8500
2026/07/25 13:57:14 - mmengine - INFO - Iter(train) [ 69400/160000]  lr: 4.8501e-02  eta: 9:30:03  time: 0.3776  data_time: 0.0268  memory: 9889  loss: 1.0923  decode.loss_ohem: 0.7410  decode.acc_seg: 92.8461  aux_0.loss_ce: 0.3512  aux_0.acc_seg: 87.5143
2026/07/25 13:57:52 - mmengine - INFO - Iter(train) [ 69500/160000]  lr: 4.8453e-02  eta: 9:29:26  time: 0.3815  data_time: 0.0297  memory: 9891  loss: 1.1766  decode.loss_ohem: 0.8041  decode.acc_seg: 89.8520  aux_0.loss_ce: 0.3725  aux_0.acc_seg: 85.9525
2026/07/25 13:58:29 - mmengine - INFO - Iter(train) [ 69600/160000]  lr: 4.8405e-02  eta: 9:28:48  time: 0.3777  data_time: 0.0265  memory: 9891  loss: 1.1226  decode.loss_ohem: 0.7598  decode.acc_seg: 92.9499  aux_0.loss_ce: 0.3628  aux_0.acc_seg: 86.0573
2026/07/25 13:59:07 - mmengine - INFO - Iter(train) [ 69700/160000]  lr: 4.8357e-02  eta: 9:28:10  time: 0.3774  data_time: 0.0267  memory: 9889  loss: 1.2177  decode.loss_ohem: 0.8560  decode.acc_seg: 86.5462  aux_0.loss_ce: 0.3617  aux_0.acc_seg: 84.4433
2026/07/25 13:59:45 - mmengine - INFO - Iter(train) [ 69800/160000]  lr: 4.8308e-02  eta: 9:27:33  time: 0.3772  data_time: 0.0269  memory: 9889  loss: 1.1055  decode.loss_ohem: 0.7736  decode.acc_seg: 88.5765  aux_0.loss_ce: 0.3319  aux_0.acc_seg: 86.4031
2026/07/25 14:00:23 - mmengine - INFO - Iter(train) [ 69900/160000]  lr: 4.8260e-02  eta: 9:26:55  time: 0.3781  data_time: 0.0279  memory: 9889  loss: 1.1162  decode.loss_ohem: 0.7985  decode.acc_seg: 90.5759  aux_0.loss_ce: 0.3177  aux_0.acc_seg: 84.1285
2026/07/25 14:01:01 - mmengine - INFO - Exp name: dsanet_cityscapes_512x1024_20260725_063741
2026/07/25 14:01:01 - mmengine - INFO - Iter(train) [ 70000/160000]  lr: 4.8212e-02  eta: 9:26:17  time: 0.3771  data_time: 0.0263  memory: 9889  loss: 1.0768  decode.loss_ohem: 0.7326  decode.acc_seg: 88.0325  aux_0.loss_ce: 0.3442  aux_0.acc_seg: 83.4526
2026/07/25 14:01:01 - mmengine - INFO - Saving checkpoint at 70000 iterations
2026/07/25 14:01:06 - mmengine - INFO - Iter(val) [100/250]    eta: 0:00:07  time: 0.0468  data_time: 0.0092  memory: 729  
2026/07/25 14:01:11 - mmengine - INFO - Iter(val) [200/250]    eta: 0:00:02  time: 0.0471  data_time: 0.0091  memory: 729  
2026/07/25 14:01:14 - mmengine - INFO - per class results:
2026/07/25 14:01:14 - mmengine - INFO - 
+---------------+-------+-------+
|     Class     |  IoU  |  Acc  |
+---------------+-------+-------+
|      road     |  96.8 | 98.91 |
|    sidewalk   | 76.14 | 84.73 |
|    building   | 89.21 |  95.2 |
|      wall     | 25.08 | 28.41 |
|     fence     | 48.28 | 72.03 |
|      pole     | 51.88 |  59.7 |
| traffic light | 48.82 | 64.71 |
|  traffic sign | 63.45 | 76.32 |
|   vegetation  | 90.18 |  95.0 |
|    terrain    |  51.8 | 58.35 |
|      sky      | 92.18 | 95.17 |
|     person    |  71.6 | 86.23 |
|     rider     | 47.34 |  59.5 |
|      car      | 90.79 | 97.24 |
|     truck     | 46.11 | 49.13 |
|      bus      | 65.43 | 82.38 |
|     train     | 46.96 | 66.84 |
|   motorcycle  | 39.94 | 47.01 |
|    bicycle    | 67.84 | 83.88 |
+---------------+-------+-------+
2026/07/25 14:01:14 - mmengine - INFO - Iter(val) [250/250]    aAcc: 93.9000  mIoU: 63.6800  mAcc: 73.7200  data_time: 0.0104  time: 0.0493
2026/07/25 14:01:51 - mmengine - INFO - Iter(train) [ 70100/160000]  lr: 4.8164e-02  eta: 9:25:40  time: 0.3800  data_time: 0.0279  memory: 9889  loss: 1.1040  decode.loss_ohem: 0.7411  decode.acc_seg: 92.4225  aux_0.loss_ce: 0.3629  aux_0.acc_seg: 88.5678
2026/07/25 14:02:29 - mmengine - INFO - Iter(train) [ 70200/160000]  lr: 4.8116e-02  eta: 9:25:02  time: 0.3774  data_time: 0.0265  memory: 9889  loss: 1.0448  decode.loss_ohem: 0.7277  decode.acc_seg: 93.1813  aux_0.loss_ce: 0.3172  aux_0.acc_seg: 87.3078
2026/07/25 14:03:07 - mmengine - INFO - Iter(train) [ 70300/160000]  lr: 4.8067e-02  eta: 9:24:25  time: 0.3774  data_time: 0.0266  memory: 9889  loss: 1.2101  decode.loss_ohem: 0.8223  decode.acc_seg: 91.5406  aux_0.loss_ce: 0.3878  aux_0.acc_seg: 88.8759
2026/07/25 14:03:45 - mmengine - INFO - Iter(train) [ 70400/160000]  lr: 4.8019e-02  eta: 9:23:47  time: 0.3799  data_time: 0.0289  memory: 9890  loss: 1.0519  decode.loss_ohem: 0.7490  decode.acc_seg: 93.3965  aux_0.loss_ce: 0.3029  aux_0.acc_seg: 87.3324
2026/07/25 14:04:23 - mmengine - INFO - Iter(train) [ 70500/160000]  lr: 4.7971e-02  eta: 9:23:09  time: 0.3784  data_time: 0.0264  memory: 9889  loss: 1.0561  decode.loss_ohem: 0.7468  decode.acc_seg: 93.3056  aux_0.loss_ce: 0.3093  aux_0.acc_seg: 89.4315
2026/07/25 14:05:01 - mmengine - INFO - Iter(train) [ 70600/160000]  lr: 4.7923e-02  eta: 9:22:32  time: 0.3775  data_time: 0.0271  memory: 9889  loss: 1.1085  decode.loss_ohem: 0.7825  decode.acc_seg: 91.3371  aux_0.loss_ce: 0.3260  aux_0.acc_seg: 88.5272
2026/07/25 14:05:39 - mmengine - INFO - Iter(train) [ 70700/160000]  lr: 4.7874e-02  eta: 9:21:54  time: 0.3796  data_time: 0.0284  memory: 9890  loss: 1.1656  decode.loss_ohem: 0.8001  decode.acc_seg: 89.2553  aux_0.loss_ce: 0.3656  aux_0.acc_seg: 83.7670
2026/07/25 14:06:16 - mmengine - INFO - Iter(train) [ 70800/160000]  lr: 4.7826e-02  eta: 9:21:16  time: 0.3772  data_time: 0.0273  memory: 9890  loss: 1.1644  decode.loss_ohem: 0.7908  decode.acc_seg: 91.8762  aux_0.loss_ce: 0.3736  aux_0.acc_seg: 86.6570
2026/07/25 14:06:54 - mmengine - INFO - Iter(train) [ 70900/160000]  lr: 4.7778e-02  eta: 9:20:39  time: 0.3770  data_time: 0.0268  memory: 9888  loss: 1.1182  decode.loss_ohem: 0.7847  decode.acc_seg: 92.2363  aux_0.loss_ce: 0.3335  aux_0.acc_seg: 87.4359
2026/07/25 14:07:32 - mmengine - INFO - Exp name: dsanet_cityscapes_512x1024_20260725_063741
2026/07/25 14:07:32 - mmengine - INFO - Iter(train) [ 71000/160000]  lr: 4.7730e-02  eta: 9:20:01  time: 0.3790  data_time: 0.0286  memory: 9889  loss: 1.2011  decode.loss_ohem: 0.8374  decode.acc_seg: 92.5911  aux_0.loss_ce: 0.3636  aux_0.acc_seg: 85.6757
2026/07/25 14:08:10 - mmengine - INFO - Iter(train) [ 71100/160000]  lr: 4.7681e-02  eta: 9:19:23  time: 0.3778  data_time: 0.0268  memory: 9889  loss: 1.1074  decode.loss_ohem: 0.7551  decode.acc_seg: 90.3040  aux_0.loss_ce: 0.3523  aux_0.acc_seg: 85.4893
2026/07/25 14:08:48 - mmengine - INFO - Iter(train) [ 71200/160000]  lr: 4.7633e-02  eta: 9:18:45  time: 0.3787  data_time: 0.0279  memory: 9890  loss: 1.0986  decode.loss_ohem: 0.7555  decode.acc_seg: 90.9511  aux_0.loss_ce: 0.3431  aux_0.acc_seg: 84.9090
2026/07/25 14:09:25 - mmengine - INFO - Iter(train) [ 71300/160000]  lr: 4.7585e-02  eta: 9:18:08  time: 0.3762  data_time: 0.0264  memory: 9889  loss: 1.1034  decode.loss_ohem: 0.7659  decode.acc_seg: 92.3737  aux_0.loss_ce: 0.3376  aux_0.acc_seg: 86.4278
2026/07/25 14:10:03 - mmengine - INFO - Iter(train) [ 71400/160000]  lr: 4.7537e-02  eta: 9:17:30  time: 0.3783  data_time: 0.0273  memory: 9891  loss: 1.0379  decode.loss_ohem: 0.7160  decode.acc_seg: 94.5270  aux_0.loss_ce: 0.3219  aux_0.acc_seg: 91.1906
2026/07/25 14:10:41 - mmengine - INFO - Iter(train) [ 71500/160000]  lr: 4.7488e-02  eta: 9:16:52  time: 0.3810  data_time: 0.0291  memory: 9889  loss: 1.0988  decode.loss_ohem: 0.7789  decode.acc_seg: 94.1118  aux_0.loss_ce: 0.3200  aux_0.acc_seg: 89.7659
2026/07/25 14:11:19 - mmengine - INFO - Iter(train) [ 71600/160000]  lr: 4.7440e-02  eta: 9:16:15  time: 0.3766  data_time: 0.0266  memory: 9890  loss: 1.0934  decode.loss_ohem: 0.7454  decode.acc_seg: 91.3310  aux_0.loss_ce: 0.3480  aux_0.acc_seg: 87.7877
2026/07/25 14:11:57 - mmengine - INFO - Iter(train) [ 71700/160000]  lr: 4.7392e-02  eta: 9:15:37  time: 0.3791  data_time: 0.0278  memory: 9891  loss: 1.2511  decode.loss_ohem: 0.8623  decode.acc_seg: 92.5037  aux_0.loss_ce: 0.3888  aux_0.acc_seg: 89.6275
2026/07/25 14:12:35 - mmengine - INFO - Iter(train) [ 71800/160000]  lr: 4.7343e-02  eta: 9:14:59  time: 0.3761  data_time: 0.0261  memory: 9890  loss: 1.1234  decode.loss_ohem: 0.7949  decode.acc_seg: 90.1570  aux_0.loss_ce: 0.3285  aux_0.acc_seg: 85.9155
2026/07/25 14:13:12 - mmengine - INFO - Iter(train) [ 71900/160000]  lr: 4.7295e-02  eta: 9:14:22  time: 0.3782  data_time: 0.0280  memory: 9890  loss: 1.0974  decode.loss_ohem: 0.7715  decode.acc_seg: 94.3594  aux_0.loss_ce: 0.3259  aux_0.acc_seg: 90.9341
2026/07/25 14:13:50 - mmengine - INFO - Exp name: dsanet_cityscapes_512x1024_20260725_063741
2026/07/25 14:13:50 - mmengine - INFO - Iter(train) [ 72000/160000]  lr: 4.7247e-02  eta: 9:13:44  time: 0.3787  data_time: 0.0278  memory: 9890  loss: 1.1139  decode.loss_ohem: 0.7703  decode.acc_seg: 91.6449  aux_0.loss_ce: 0.3437  aux_0.acc_seg: 88.7863
2026/07/25 14:14:28 - mmengine - INFO - Iter(train) [ 72100/160000]  lr: 4.7199e-02  eta: 9:13:06  time: 0.3791  data_time: 0.0277  memory: 9889  loss: 1.0991  decode.loss_ohem: 0.7621  decode.acc_seg: 93.0999  aux_0.loss_ce: 0.3370  aux_0.acc_seg: 90.2089
2026/07/25 14:15:06 - mmengine - INFO - Iter(train) [ 72200/160000]  lr: 4.7150e-02  eta: 9:12:28  time: 0.3801  data_time: 0.0285  memory: 9890  loss: 1.0987  decode.loss_ohem: 0.7493  decode.acc_seg: 90.7715  aux_0.loss_ce: 0.3494  aux_0.acc_seg: 87.8144
2026/07/25 14:15:44 - mmengine - INFO - Iter(train) [ 72300/160000]  lr: 4.7102e-02  eta: 9:11:51  time: 0.3786  data_time: 0.0278  memory: 9891  loss: 1.0860  decode.loss_ohem: 0.7575  decode.acc_seg: 90.1151  aux_0.loss_ce: 0.3285  aux_0.acc_seg: 85.0997
2026/07/25 14:16:21 - mmengine - INFO - Iter(train) [ 72400/160000]  lr: 4.7054e-02  eta: 9:11:13  time: 0.3760  data_time: 0.0256  memory: 9891  loss: 1.0895  decode.loss_ohem: 0.7459  decode.acc_seg: 89.6175  aux_0.loss_ce: 0.3436  aux_0.acc_seg: 84.6976
2026/07/25 14:16:59 - mmengine - INFO - Iter(train) [ 72500/160000]  lr: 4.7005e-02  eta: 9:10:35  time: 0.3765  data_time: 0.0263  memory: 9889  loss: 1.1753  decode.loss_ohem: 0.8269  decode.acc_seg: 85.2845  aux_0.loss_ce: 0.3484  aux_0.acc_seg: 78.3310
2026/07/25 14:17:37 - mmengine - INFO - Iter(train) [ 72600/160000]  lr: 4.6957e-02  eta: 9:09:58  time: 0.3805  data_time: 0.0284  memory: 9890  loss: 1.0951  decode.loss_ohem: 0.7653  decode.acc_seg: 93.8022  aux_0.loss_ce: 0.3298  aux_0.acc_seg: 89.3225
2026/07/25 14:18:15 - mmengine - INFO - Iter(train) [ 72700/160000]  lr: 4.6909e-02  eta: 9:09:20  time: 0.3764  data_time: 0.0268  memory: 9889  loss: 1.1179  decode.loss_ohem: 0.7845  decode.acc_seg: 92.6022  aux_0.loss_ce: 0.3334  aux_0.acc_seg: 87.0402
2026/07/25 14:18:52 - mmengine - INFO - Iter(train) [ 72800/160000]  lr: 4.6860e-02  eta: 9:08:42  time: 0.3756  data_time: 0.0255  memory: 9888  loss: 1.1794  decode.loss_ohem: 0.8297  decode.acc_seg: 92.9921  aux_0.loss_ce: 0.3496  aux_0.acc_seg: 89.5847
2026/07/25 14:19:30 - mmengine - INFO - Iter(train) [ 72900/160000]  lr: 4.6812e-02  eta: 9:08:04  time: 0.3780  data_time: 0.0269  memory: 9891  loss: 1.1599  decode.loss_ohem: 0.7974  decode.acc_seg: 88.0028  aux_0.loss_ce: 0.3625  aux_0.acc_seg: 85.3232
2026/07/25 14:20:08 - mmengine - INFO - Exp name: dsanet_cityscapes_512x1024_20260725_063741
2026/07/25 14:20:08 - mmengine - INFO - Iter(train) [ 73000/160000]  lr: 4.6763e-02  eta: 9:07:27  time: 0.3784  data_time: 0.0271  memory: 9889  loss: 1.0372  decode.loss_ohem: 0.7133  decode.acc_seg: 95.1024  aux_0.loss_ce: 0.3239  aux_0.acc_seg: 90.8430
2026/07/25 14:20:46 - mmengine - INFO - Iter(train) [ 73100/160000]  lr: 4.6715e-02  eta: 9:06:49  time: 0.3794  data_time: 0.0276  memory: 9889  loss: 1.0286  decode.loss_ohem: 0.7159  decode.acc_seg: 92.8158  aux_0.loss_ce: 0.3127  aux_0.acc_seg: 86.1150
2026/07/25 14:21:24 - mmengine - INFO - Iter(train) [ 73200/160000]  lr: 4.6667e-02  eta: 9:06:12  time: 0.3809  data_time: 0.0283  memory: 9890  loss: 1.1614  decode.loss_ohem: 0.7886  decode.acc_seg: 91.2696  aux_0.loss_ce: 0.3728  aux_0.acc_seg: 88.3958
2026/07/25 14:22:02 - mmengine - INFO - Iter(train) [ 73300/160000]  lr: 4.6618e-02  eta: 9:05:34  time: 0.3800  data_time: 0.0281  memory: 9891  loss: 1.0919  decode.loss_ohem: 0.7183  decode.acc_seg: 91.4660  aux_0.loss_ce: 0.3736  aux_0.acc_seg: 86.4777
2026/07/25 14:22:40 - mmengine - INFO - Iter(train) [ 73400/160000]  lr: 4.6570e-02  eta: 9:04:57  time: 0.3800  data_time: 0.0286  memory: 9889  loss: 1.0831  decode.loss_ohem: 0.7336  decode.acc_seg: 92.3980  aux_0.loss_ce: 0.3495  aux_0.acc_seg: 87.6205
2026/07/25 14:23:18 - mmengine - INFO - Iter(train) [ 73500/160000]  lr: 4.6522e-02  eta: 9:04:19  time: 0.3790  data_time: 0.0273  memory: 9889  loss: 1.0478  decode.loss_ohem: 0.7019  decode.acc_seg: 92.4792  aux_0.loss_ce: 0.3459  aux_0.acc_seg: 90.4357
2026/07/25 14:23:56 - mmengine - INFO - Iter(train) [ 73600/160000]  lr: 4.6473e-02  eta: 9:03:41  time: 0.3783  data_time: 0.0279  memory: 9889  loss: 1.0918  decode.loss_ohem: 0.7531  decode.acc_seg: 92.0616  aux_0.loss_ce: 0.3387  aux_0.acc_seg: 89.2706
2026/07/25 14:24:34 - mmengine - INFO - Iter(train) [ 73700/160000]  lr: 4.6425e-02  eta: 9:03:04  time: 0.3794  data_time: 0.0287  memory: 9889  loss: 1.2035  decode.loss_ohem: 0.7983  decode.acc_seg: 88.8322  aux_0.loss_ce: 0.4052  aux_0.acc_seg: 85.4862
2026/07/25 14:25:12 - mmengine - INFO - Iter(train) [ 73800/160000]  lr: 4.6376e-02  eta: 9:02:26  time: 0.3777  data_time: 0.0270  memory: 9889  loss: 1.1162  decode.loss_ohem: 0.7800  decode.acc_seg: 93.1498  aux_0.loss_ce: 0.3363  aux_0.acc_seg: 89.0589
2026/07/25 14:25:50 - mmengine - INFO - Iter(train) [ 73900/160000]  lr: 4.6328e-02  eta: 9:01:49  time: 0.3816  data_time: 0.0293  memory: 9889  loss: 1.1148  decode.loss_ohem: 0.7652  decode.acc_seg: 93.1023  aux_0.loss_ce: 0.3496  aux_0.acc_seg: 87.9075
2026/07/25 14:26:28 - mmengine - INFO - Exp name: dsanet_cityscapes_512x1024_20260725_063741
2026/07/25 14:26:28 - mmengine - INFO - Iter(train) [ 74000/160000]  lr: 4.6280e-02  eta: 9:01:11  time: 0.3844  data_time: 0.0314  memory: 9889  loss: 1.1898  decode.loss_ohem: 0.8421  decode.acc_seg: 89.9656  aux_0.loss_ce: 0.3477  aux_0.acc_seg: 86.9515
2026/07/25 14:27:06 - mmengine - INFO - Iter(train) [ 74100/160000]  lr: 4.6231e-02  eta: 9:00:34  time: 0.3796  data_time: 0.0269  memory: 9889  loss: 1.1083  decode.loss_ohem: 0.7661  decode.acc_seg: 89.3429  aux_0.loss_ce: 0.3422  aux_0.acc_seg: 84.6735
2026/07/25 14:27:44 - mmengine - INFO - Iter(train) [ 74200/160000]  lr: 4.6183e-02  eta: 8:59:56  time: 0.3772  data_time: 0.0266  memory: 9891  loss: 0.9976  decode.loss_ohem: 0.6774  decode.acc_seg: 93.3175  aux_0.loss_ce: 0.3202  aux_0.acc_seg: 88.4069
2026/07/25 14:28:22 - mmengine - INFO - Iter(train) [ 74300/160000]  lr: 4.6134e-02  eta: 8:59:19  time: 0.3784  data_time: 0.0280  memory: 9888  loss: 1.1121  decode.loss_ohem: 0.7647  decode.acc_seg: 89.1576  aux_0.loss_ce: 0.3474  aux_0.acc_seg: 86.4651
2026/07/25 14:29:00 - mmengine - INFO - Iter(train) [ 74400/160000]  lr: 4.6086e-02  eta: 8:58:41  time: 0.3806  data_time: 0.0290  memory: 9889  loss: 1.0713  decode.loss_ohem: 0.7240  decode.acc_seg: 89.7398  aux_0.loss_ce: 0.3473  aux_0.acc_seg: 86.9121
2026/07/25 14:29:37 - mmengine - INFO - Iter(train) [ 74500/160000]  lr: 4.6037e-02  eta: 8:58:04  time: 0.3815  data_time: 0.0280  memory: 9888  loss: 1.1068  decode.loss_ohem: 0.7745  decode.acc_seg: 91.9685  aux_0.loss_ce: 0.3323  aux_0.acc_seg: 88.0562
2026/07/25 14:30:15 - mmengine - INFO - Iter(train) [ 74600/160000]  lr: 4.5989e-02  eta: 8:57:26  time: 0.3810  data_time: 0.0284  memory: 9889  loss: 1.2457  decode.loss_ohem: 0.8661  decode.acc_seg: 89.8506  aux_0.loss_ce: 0.3796  aux_0.acc_seg: 85.4802
2026/07/25 14:30:54 - mmengine - INFO - Iter(train) [ 74700/160000]  lr: 4.5940e-02  eta: 8:56:49  time: 0.3807  data_time: 0.0285  memory: 9890  loss: 1.0799  decode.loss_ohem: 0.7524  decode.acc_seg: 93.1461  aux_0.loss_ce: 0.3275  aux_0.acc_seg: 89.0200
2026/07/25 14:31:32 - mmengine - INFO - Iter(train) [ 74800/160000]  lr: 4.5892e-02  eta: 8:56:11  time: 0.3819  data_time: 0.0296  memory: 9888  loss: 1.0865  decode.loss_ohem: 0.7635  decode.acc_seg: 92.8095  aux_0.loss_ce: 0.3231  aux_0.acc_seg: 89.1543
2026/07/25 14:32:10 - mmengine - INFO - Iter(train) [ 74900/160000]  lr: 4.5844e-02  eta: 8:55:34  time: 0.3783  data_time: 0.0272  memory: 9889  loss: 1.1172  decode.loss_ohem: 0.7970  decode.acc_seg: 92.6217  aux_0.loss_ce: 0.3202  aux_0.acc_seg: 86.6057
2026/07/25 14:32:48 - mmengine - INFO - Exp name: dsanet_cityscapes_512x1024_20260725_063741
2026/07/25 14:32:48 - mmengine - INFO - Iter(train) [ 75000/160000]  lr: 4.5795e-02  eta: 8:54:56  time: 0.3799  data_time: 0.0283  memory: 9888  loss: 1.1204  decode.loss_ohem: 0.7676  decode.acc_seg: 91.9334  aux_0.loss_ce: 0.3528  aux_0.acc_seg: 87.9383
2026/07/25 14:32:48 - mmengine - INFO - Saving checkpoint at 75000 iterations
2026/07/25 14:32:53 - mmengine - INFO - Iter(val) [100/250]    eta: 0:00:07  time: 0.0493  data_time: 0.0110  memory: 729  
2026/07/25 14:32:58 - mmengine - INFO - Iter(val) [200/250]    eta: 0:00:02  time: 0.0484  data_time: 0.0101  memory: 729  
2026/07/25 14:33:01 - mmengine - INFO - per class results:
2026/07/25 14:33:01 - mmengine - INFO - 
+---------------+-------+-------+
|     Class     |  IoU  |  Acc  |
+---------------+-------+-------+
|      road     | 96.42 | 97.71 |
|    sidewalk   |  77.4 | 87.96 |
|    building   | 88.35 | 95.78 |
|      wall     | 29.84 | 32.97 |
|     fence     | 46.08 | 59.79 |
|      pole     | 53.86 | 63.23 |
| traffic light | 49.09 | 63.53 |
|  traffic sign | 63.72 |  71.2 |
|   vegetation  | 89.87 | 94.47 |
|    terrain    | 55.52 | 69.44 |
|      sky      | 92.85 | 97.72 |
|     person    | 66.89 | 92.14 |
|     rider     | 45.12 | 61.78 |
|      car      |  91.3 | 95.97 |
|     truck     | 47.71 | 54.36 |
|      bus      | 56.84 | 88.94 |
|     train     | 14.37 | 14.55 |
|   motorcycle  | 43.74 | 52.41 |
|    bicycle    | 62.81 | 70.04 |
+---------------+-------+-------+
2026/07/25 14:33:01 - mmengine - INFO - Iter(val) [250/250]    aAcc: 93.6700  mIoU: 61.6700  mAcc: 71.7900  data_time: 0.0111  time: 0.0494
2026/07/25 14:33:39 - mmengine - INFO - Iter(train) [ 75100/160000]  lr: 4.5747e-02  eta: 8:54:19  time: 0.3806  data_time: 0.0286  memory: 9889  loss: 1.1091  decode.loss_ohem: 0.7319  decode.acc_seg: 92.3931  aux_0.loss_ce: 0.3772  aux_0.acc_seg: 86.8551
2026/07/25 14:34:17 - mmengine - INFO - Iter(train) [ 75200/160000]  lr: 4.5698e-02  eta: 8:53:41  time: 0.3780  data_time: 0.0273  memory: 9890  loss: 1.0714  decode.loss_ohem: 0.7711  decode.acc_seg: 92.2212  aux_0.loss_ce: 0.3004  aux_0.acc_seg: 91.0744
2026/07/25 14:34:55 - mmengine - INFO - Iter(train) [ 75300/160000]  lr: 4.5650e-02  eta: 8:53:04  time: 0.3788  data_time: 0.0276  memory: 9889  loss: 1.1041  decode.loss_ohem: 0.7801  decode.acc_seg: 91.2196  aux_0.loss_ce: 0.3240  aux_0.acc_seg: 88.9111
2026/07/25 14:35:33 - mmengine - INFO - Iter(train) [ 75400/160000]  lr: 4.5601e-02  eta: 8:52:26  time: 0.3837  data_time: 0.0310  memory: 9892  loss: 1.0965  decode.loss_ohem: 0.7261  decode.acc_seg: 90.6201  aux_0.loss_ce: 0.3704  aux_0.acc_seg: 84.6284
2026/07/25 14:36:11 - mmengine - INFO - Iter(train) [ 75500/160000]  lr: 4.5553e-02  eta: 8:51:49  time: 0.3800  data_time: 0.0287  memory: 9888  loss: 1.1079  decode.loss_ohem: 0.7699  decode.acc_seg: 92.4191  aux_0.loss_ce: 0.3380  aux_0.acc_seg: 88.7294
2026/07/25 14:36:49 - mmengine - INFO - Iter(train) [ 75600/160000]  lr: 4.5504e-02  eta: 8:51:11  time: 0.3798  data_time: 0.0283  memory: 9890  loss: 1.1430  decode.loss_ohem: 0.7836  decode.acc_seg: 90.4298  aux_0.loss_ce: 0.3593  aux_0.acc_seg: 86.4557
2026/07/25 14:37:26 - mmengine - INFO - Iter(train) [ 75700/160000]  lr: 4.5456e-02  eta: 8:50:34  time: 0.3784  data_time: 0.0276  memory: 9889  loss: 1.0215  decode.loss_ohem: 0.7216  decode.acc_seg: 94.2105  aux_0.loss_ce: 0.2999  aux_0.acc_seg: 89.9141
2026/07/25 14:38:04 - mmengine - INFO - Iter(train) [ 75800/160000]  lr: 4.5407e-02  eta: 8:49:56  time: 0.3814  data_time: 0.0293  memory: 9889  loss: 1.1057  decode.loss_ohem: 0.7633  decode.acc_seg: 93.1145  aux_0.loss_ce: 0.3424  aux_0.acc_seg: 90.4084
2026/07/25 14:38:42 - mmengine - INFO - Iter(train) [ 75900/160000]  lr: 4.5359e-02  eta: 8:49:18  time: 0.3805  data_time: 0.0287  memory: 9891  loss: 1.0859  decode.loss_ohem: 0.7329  decode.acc_seg: 93.3212  aux_0.loss_ce: 0.3530  aux_0.acc_seg: 86.4933
2026/07/25 14:39:20 - mmengine - INFO - Exp name: dsanet_cityscapes_512x1024_20260725_063741
2026/07/25 14:39:20 - mmengine - INFO - Iter(train) [ 76000/160000]  lr: 4.5310e-02  eta: 8:48:41  time: 0.3799  data_time: 0.0291  memory: 9889  loss: 1.0422  decode.loss_ohem: 0.7354  decode.acc_seg: 92.5293  aux_0.loss_ce: 0.3068  aux_0.acc_seg: 89.3567
2026/07/25 14:39:58 - mmengine - INFO - Iter(train) [ 76100/160000]  lr: 4.5261e-02  eta: 8:48:03  time: 0.3762  data_time: 0.0256  memory: 9890  loss: 1.1459  decode.loss_ohem: 0.7819  decode.acc_seg: 93.5075  aux_0.loss_ce: 0.3641  aux_0.acc_seg: 91.0137
2026/07/25 14:40:36 - mmengine - INFO - Iter(train) [ 76200/160000]  lr: 4.5213e-02  eta: 8:47:25  time: 0.3811  data_time: 0.0296  memory: 9889  loss: 1.1393  decode.loss_ohem: 0.8143  decode.acc_seg: 90.0526  aux_0.loss_ce: 0.3250  aux_0.acc_seg: 86.8501
2026/07/25 14:41:14 - mmengine - INFO - Iter(train) [ 76300/160000]  lr: 4.5164e-02  eta: 8:46:48  time: 0.3791  data_time: 0.0270  memory: 9888  loss: 1.1204  decode.loss_ohem: 0.7469  decode.acc_seg: 92.9536  aux_0.loss_ce: 0.3735  aux_0.acc_seg: 87.7925
2026/07/25 14:41:52 - mmengine - INFO - Iter(train) [ 76400/160000]  lr: 4.5116e-02  eta: 8:46:10  time: 0.3823  data_time: 0.0302  memory: 9889  loss: 1.0341  decode.loss_ohem: 0.7248  decode.acc_seg: 91.1114  aux_0.loss_ce: 0.3092  aux_0.acc_seg: 87.3047
2026/07/25 14:42:30 - mmengine - INFO - Iter(train) [ 76500/160000]  lr: 4.5067e-02  eta: 8:45:32  time: 0.3792  data_time: 0.0273  memory: 9889  loss: 1.1119  decode.loss_ohem: 0.7647  decode.acc_seg: 92.5304  aux_0.loss_ce: 0.3472  aux_0.acc_seg: 87.0050
2026/07/25 14:43:08 - mmengine - INFO - Iter(train) [ 76600/160000]  lr: 4.5019e-02  eta: 8:44:55  time: 0.3771  data_time: 0.0262  memory: 9890  loss: 1.0896  decode.loss_ohem: 0.7393  decode.acc_seg: 92.6474  aux_0.loss_ce: 0.3503  aux_0.acc_seg: 88.4847
2026/07/25 14:43:46 - mmengine - INFO - Iter(train) [ 76700/160000]  lr: 4.4970e-02  eta: 8:44:17  time: 0.3797  data_time: 0.0275  memory: 9890  loss: 1.0705  decode.loss_ohem: 0.7321  decode.acc_seg: 90.7925  aux_0.loss_ce: 0.3384  aux_0.acc_seg: 86.9953
2026/07/25 14:44:23 - mmengine - INFO - Iter(train) [ 76800/160000]  lr: 4.4922e-02  eta: 8:43:40  time: 0.3782  data_time: 0.0274  memory: 9889  loss: 1.0076  decode.loss_ohem: 0.6906  decode.acc_seg: 94.7451  aux_0.loss_ce: 0.3170  aux_0.acc_seg: 89.3860
2026/07/25 14:45:01 - mmengine - INFO - Iter(train) [ 76900/160000]  lr: 4.4873e-02  eta: 8:43:02  time: 0.3777  data_time: 0.0266  memory: 9888  loss: 1.2273  decode.loss_ohem: 0.8672  decode.acc_seg: 88.8115  aux_0.loss_ce: 0.3600  aux_0.acc_seg: 83.7196
2026/07/25 14:45:39 - mmengine - INFO - Exp name: dsanet_cityscapes_512x1024_20260725_063741
2026/07/25 14:45:39 - mmengine - INFO - Iter(train) [ 77000/160000]  lr: 4.4824e-02  eta: 8:42:24  time: 0.3794  data_time: 0.0278  memory: 9889  loss: 1.1082  decode.loss_ohem: 0.7609  decode.acc_seg: 88.9085  aux_0.loss_ce: 0.3474  aux_0.acc_seg: 85.3407
2026/07/25 14:46:17 - mmengine - INFO - Iter(train) [ 77100/160000]  lr: 4.4776e-02  eta: 8:41:47  time: 0.3779  data_time: 0.0267  memory: 9890  loss: 1.1040  decode.loss_ohem: 0.7663  decode.acc_seg: 91.5492  aux_0.loss_ce: 0.3377  aux_0.acc_seg: 86.3537
2026/07/25 14:46:55 - mmengine - INFO - Iter(train) [ 77200/160000]  lr: 4.4727e-02  eta: 8:41:09  time: 0.3791  data_time: 0.0277  memory: 9892  loss: 1.1687  decode.loss_ohem: 0.7956  decode.acc_seg: 89.9925  aux_0.loss_ce: 0.3731  aux_0.acc_seg: 85.1664
2026/07/25 14:47:33 - mmengine - INFO - Iter(train) [ 77300/160000]  lr: 4.4679e-02  eta: 8:40:32  time: 0.3824  data_time: 0.0300  memory: 9889  loss: 1.0640  decode.loss_ohem: 0.7244  decode.acc_seg: 93.1536  aux_0.loss_ce: 0.3396  aux_0.acc_seg: 90.5369
2026/07/25 14:48:11 - mmengine - INFO - Iter(train) [ 77400/160000]  lr: 4.4630e-02  eta: 8:39:54  time: 0.3829  data_time: 0.0299  memory: 9890  loss: 1.1670  decode.loss_ohem: 0.8165  decode.acc_seg: 91.5960  aux_0.loss_ce: 0.3505  aux_0.acc_seg: 86.8489
2026/07/25 14:48:49 - mmengine - INFO - Iter(train) [ 77500/160000]  lr: 4.4581e-02  eta: 8:39:17  time: 0.3789  data_time: 0.0271  memory: 9888  loss: 1.1369  decode.loss_ohem: 0.7619  decode.acc_seg: 93.3753  aux_0.loss_ce: 0.3750  aux_0.acc_seg: 88.9202
2026/07/25 14:49:27 - mmengine - INFO - Iter(train) [ 77600/160000]  lr: 4.4533e-02  eta: 8:38:39  time: 0.3789  data_time: 0.0270  memory: 9890  loss: 1.1629  decode.loss_ohem: 0.8101  decode.acc_seg: 89.5965  aux_0.loss_ce: 0.3528  aux_0.acc_seg: 86.6500
2026/07/25 14:50:05 - mmengine - INFO - Iter(train) [ 77700/160000]  lr: 4.4484e-02  eta: 8:38:01  time: 0.3783  data_time: 0.0274  memory: 9890  loss: 0.9814  decode.loss_ohem: 0.6774  decode.acc_seg: 93.2956  aux_0.loss_ce: 0.3041  aux_0.acc_seg: 87.7890
2026/07/25 14:50:43 - mmengine - INFO - Iter(train) [ 77800/160000]  lr: 4.4435e-02  eta: 8:37:23  time: 0.3796  data_time: 0.0269  memory: 9890  loss: 1.0736  decode.loss_ohem: 0.7421  decode.acc_seg: 94.0690  aux_0.loss_ce: 0.3315  aux_0.acc_seg: 88.4243
2026/07/25 14:51:21 - mmengine - INFO - Iter(train) [ 77900/160000]  lr: 4.4387e-02  eta: 8:36:46  time: 0.3777  data_time: 0.0264  memory: 9891  loss: 1.1250  decode.loss_ohem: 0.7693  decode.acc_seg: 90.4204  aux_0.loss_ce: 0.3557  aux_0.acc_seg: 89.1801
2026/07/25 14:51:58 - mmengine - INFO - Exp name: dsanet_cityscapes_512x1024_20260725_063741
2026/07/25 14:51:58 - mmengine - INFO - Iter(train) [ 78000/160000]  lr: 4.4338e-02  eta: 8:36:08  time: 0.3791  data_time: 0.0280  memory: 9890  loss: 1.1382  decode.loss_ohem: 0.8030  decode.acc_seg: 89.7176  aux_0.loss_ce: 0.3352  aux_0.acc_seg: 85.5579
2026/07/25 14:52:36 - mmengine - INFO - Iter(train) [ 78100/160000]  lr: 4.4289e-02  eta: 8:35:30  time: 0.3801  data_time: 0.0275  memory: 9890  loss: 1.1398  decode.loss_ohem: 0.7848  decode.acc_seg: 92.9136  aux_0.loss_ce: 0.3550  aux_0.acc_seg: 89.2190
2026/07/25 14:53:14 - mmengine - INFO - Iter(train) [ 78200/160000]  lr: 4.4241e-02  eta: 8:34:53  time: 0.3835  data_time: 0.0291  memory: 9889  loss: 1.1004  decode.loss_ohem: 0.7760  decode.acc_seg: 93.7147  aux_0.loss_ce: 0.3244  aux_0.acc_seg: 88.0482
2026/07/25 14:53:52 - mmengine - INFO - Iter(train) [ 78300/160000]  lr: 4.4192e-02  eta: 8:34:15  time: 0.3765  data_time: 0.0278  memory: 9890  loss: 1.0731  decode.loss_ohem: 0.7508  decode.acc_seg: 93.4521  aux_0.loss_ce: 0.3224  aux_0.acc_seg: 92.1957
2026/07/25 14:54:30 - mmengine - INFO - Iter(train) [ 78400/160000]  lr: 4.4143e-02  eta: 8:33:37  time: 0.3811  data_time: 0.0284  memory: 9888  loss: 1.0897  decode.loss_ohem: 0.7526  decode.acc_seg: 92.0187  aux_0.loss_ce: 0.3371  aux_0.acc_seg: 88.3896
2026/07/25 14:55:08 - mmengine - INFO - Iter(train) [ 78500/160000]  lr: 4.4095e-02  eta: 8:33:00  time: 0.3783  data_time: 0.0280  memory: 9889  loss: 1.1259  decode.loss_ohem: 0.7984  decode.acc_seg: 93.0818  aux_0.loss_ce: 0.3276  aux_0.acc_seg: 90.3637
2026/07/25 14:55:46 - mmengine - INFO - Iter(train) [ 78600/160000]  lr: 4.4046e-02  eta: 8:32:22  time: 0.3770  data_time: 0.0266  memory: 9889  loss: 1.0265  decode.loss_ohem: 0.7175  decode.acc_seg: 91.9508  aux_0.loss_ce: 0.3090  aux_0.acc_seg: 86.5189
2026/07/25 14:56:24 - mmengine - INFO - Iter(train) [ 78700/160000]  lr: 4.3997e-02  eta: 8:31:44  time: 0.3795  data_time: 0.0277  memory: 9888  loss: 1.0431  decode.loss_ohem: 0.7053  decode.acc_seg: 90.8583  aux_0.loss_ce: 0.3378  aux_0.acc_seg: 85.4258
2026/07/25 14:57:01 - mmengine - INFO - Iter(train) [ 78800/160000]  lr: 4.3949e-02  eta: 8:31:07  time: 0.3785  data_time: 0.0273  memory: 9889  loss: 1.1175  decode.loss_ohem: 0.7888  decode.acc_seg: 92.7288  aux_0.loss_ce: 0.3287  aux_0.acc_seg: 87.9421
2026/07/25 14:57:39 - mmengine - INFO - Iter(train) [ 78900/160000]  lr: 4.3900e-02  eta: 8:30:29  time: 0.3793  data_time: 0.0288  memory: 9888  loss: 1.0586  decode.loss_ohem: 0.7305  decode.acc_seg: 93.8575  aux_0.loss_ce: 0.3282  aux_0.acc_seg: 91.3480
2026/07/25 14:58:17 - mmengine - INFO - Exp name: dsanet_cityscapes_512x1024_20260725_063741
2026/07/25 14:58:17 - mmengine - INFO - Iter(train) [ 79000/160000]  lr: 4.3851e-02  eta: 8:29:51  time: 0.3779  data_time: 0.0267  memory: 9890  loss: 1.1255  decode.loss_ohem: 0.7819  decode.acc_seg: 89.4413  aux_0.loss_ce: 0.3436  aux_0.acc_seg: 82.9141
2026/07/25 14:58:55 - mmengine - INFO - Iter(train) [ 79100/160000]  lr: 4.3803e-02  eta: 8:29:14  time: 0.3774  data_time: 0.0271  memory: 9888  loss: 1.0593  decode.loss_ohem: 0.7485  decode.acc_seg: 91.4301  aux_0.loss_ce: 0.3108  aux_0.acc_seg: 86.3606
2026/07/25 14:59:33 - mmengine - INFO - Iter(train) [ 79200/160000]  lr: 4.3754e-02  eta: 8:28:36  time: 0.3772  data_time: 0.0268  memory: 9888  loss: 1.2214  decode.loss_ohem: 0.8474  decode.acc_seg: 93.2431  aux_0.loss_ce: 0.3740  aux_0.acc_seg: 89.2815
2026/07/25 15:00:11 - mmengine - INFO - Iter(train) [ 79300/160000]  lr: 4.3705e-02  eta: 8:27:58  time: 0.3793  data_time: 0.0280  memory: 9888  loss: 1.0349  decode.loss_ohem: 0.7065  decode.acc_seg: 91.9198  aux_0.loss_ce: 0.3284  aux_0.acc_seg: 85.0641
2026/07/25 15:00:49 - mmengine - INFO - Iter(train) [ 79400/160000]  lr: 4.3656e-02  eta: 8:27:20  time: 0.3802  data_time: 0.0262  memory: 9889  loss: 1.0641  decode.loss_ohem: 0.7345  decode.acc_seg: 93.7793  aux_0.loss_ce: 0.3296  aux_0.acc_seg: 89.4344
2026/07/25 15:01:27 - mmengine - INFO - Iter(train) [ 79500/160000]  lr: 4.3608e-02  eta: 8:26:43  time: 0.3834  data_time: 0.0304  memory: 9888  loss: 1.1567  decode.loss_ohem: 0.8173  decode.acc_seg: 84.1286  aux_0.loss_ce: 0.3394  aux_0.acc_seg: 80.9117
2026/07/25 15:02:05 - mmengine - INFO - Iter(train) [ 79600/160000]  lr: 4.3559e-02  eta: 8:26:06  time: 0.3891  data_time: 0.0336  memory: 9889  loss: 1.1953  decode.loss_ohem: 0.8349  decode.acc_seg: 91.9576  aux_0.loss_ce: 0.3603  aux_0.acc_seg: 86.3336
2026/07/25 15:02:44 - mmengine - INFO - Iter(train) [ 79700/160000]  lr: 4.3510e-02  eta: 8:25:29  time: 0.3843  data_time: 0.0284  memory: 9890  loss: 1.1425  decode.loss_ohem: 0.7873  decode.acc_seg: 92.4877  aux_0.loss_ce: 0.3552  aux_0.acc_seg: 88.6318
2026/07/25 15:03:22 - mmengine - INFO - Iter(train) [ 79800/160000]  lr: 4.3461e-02  eta: 8:24:52  time: 0.3848  data_time: 0.0302  memory: 9888  loss: 1.1206  decode.loss_ohem: 0.7548  decode.acc_seg: 90.4363  aux_0.loss_ce: 0.3657  aux_0.acc_seg: 84.5976
2026/07/25 15:04:01 - mmengine - INFO - Iter(train) [ 79900/160000]  lr: 4.3413e-02  eta: 8:24:15  time: 0.3882  data_time: 0.0305  memory: 9889  loss: 1.0625  decode.loss_ohem: 0.7426  decode.acc_seg: 92.2544  aux_0.loss_ce: 0.3199  aux_0.acc_seg: 88.9040
2026/07/25 15:04:39 - mmengine - INFO - Exp name: dsanet_cityscapes_512x1024_20260725_063741
2026/07/25 15:04:39 - mmengine - INFO - Iter(train) [ 80000/160000]  lr: 4.3364e-02  eta: 8:23:38  time: 0.3846  data_time: 0.0288  memory: 9889  loss: 1.1647  decode.loss_ohem: 0.8116  decode.acc_seg: 89.6309  aux_0.loss_ce: 0.3531  aux_0.acc_seg: 83.5747
2026/07/25 15:04:39 - mmengine - INFO - Saving checkpoint at 80000 iterations
2026/07/25 15:04:45 - mmengine - INFO - Iter(val) [100/250]    eta: 0:00:07  time: 0.0473  data_time: 0.0098  memory: 729  
2026/07/25 15:04:50 - mmengine - INFO - Iter(val) [200/250]    eta: 0:00:02  time: 0.0486  data_time: 0.0101  memory: 729  
2026/07/25 15:04:52 - mmengine - INFO - per class results:
2026/07/25 15:04:52 - mmengine - INFO - 
+---------------+-------+-------+
|     Class     |  IoU  |  Acc  |
+---------------+-------+-------+
|      road     | 95.12 | 98.95 |
|    sidewalk   | 66.96 | 70.88 |
|    building   | 87.89 | 95.89 |
|      wall     | 28.38 | 30.64 |
|     fence     | 47.59 |  69.2 |
|      pole     | 50.37 | 57.24 |
| traffic light | 46.82 | 55.84 |
|  traffic sign | 59.41 | 63.41 |
|   vegetation  | 89.29 | 94.02 |
|    terrain    |  54.9 | 69.83 |
|      sky      | 89.05 | 96.74 |
|     person    | 70.91 | 85.37 |
|     rider     | 45.38 | 54.57 |
|      car      | 89.86 | 96.01 |
|     truck     | 42.81 | 48.44 |
|      bus      | 59.92 | 65.55 |
|     train     | 50.59 | 61.07 |
|   motorcycle  | 28.06 | 31.09 |
|    bicycle    |  64.9 | 83.68 |
+---------------+-------+-------+
2026/07/25 15:04:52 - mmengine - INFO - Iter(val) [250/250]    aAcc: 92.9600  mIoU: 61.4900  mAcc: 69.9200  data_time: 0.0109  time: 0.0489
2026/07/25 15:05:31 - mmengine - INFO - Iter(train) [ 80100/160000]  lr: 4.3315e-02  eta: 8:23:01  time: 0.3851  data_time: 0.0310  memory: 9888  loss: 1.0623  decode.loss_ohem: 0.7432  decode.acc_seg: 90.1994  aux_0.loss_ce: 0.3190  aux_0.acc_seg: 84.7994
2026/07/25 15:06:10 - mmengine - INFO - Iter(train) [ 80200/160000]  lr: 4.3266e-02  eta: 8:22:24  time: 0.3916  data_time: 0.0298  memory: 9888  loss: 1.0214  decode.loss_ohem: 0.7082  decode.acc_seg: 93.1522  aux_0.loss_ce: 0.3131  aux_0.acc_seg: 90.2679
2026/07/25 15:06:48 - mmengine - INFO - Iter(train) [ 80300/160000]  lr: 4.3218e-02  eta: 8:21:47  time: 0.3839  data_time: 0.0291  memory: 9891  loss: 1.1713  decode.loss_ohem: 0.7968  decode.acc_seg: 92.2290  aux_0.loss_ce: 0.3745  aux_0.acc_seg: 89.4813
2026/07/25 15:07:27 - mmengine - INFO - Iter(train) [ 80400/160000]  lr: 4.3169e-02  eta: 8:21:10  time: 0.3868  data_time: 0.0314  memory: 9889  loss: 1.0833  decode.loss_ohem: 0.7384  decode.acc_seg: 92.6032  aux_0.loss_ce: 0.3449  aux_0.acc_seg: 89.5110
2026/07/25 15:08:05 - mmengine - INFO - Iter(train) [ 80500/160000]  lr: 4.3120e-02  eta: 8:20:33  time: 0.3850  data_time: 0.0293  memory: 9890  loss: 1.1301  decode.loss_ohem: 0.7749  decode.acc_seg: 90.6465  aux_0.loss_ce: 0.3552  aux_0.acc_seg: 85.2713
2026/07/25 15:08:43 - mmengine - INFO - Iter(train) [ 80600/160000]  lr: 4.3071e-02  eta: 8:19:56  time: 0.3864  data_time: 0.0317  memory: 9889  loss: 1.1925  decode.loss_ohem: 0.8116  decode.acc_seg: 92.2031  aux_0.loss_ce: 0.3809  aux_0.acc_seg: 87.7726
2026/07/25 15:09:21 - mmengine - INFO - Iter(train) [ 80700/160000]  lr: 4.3022e-02  eta: 8:19:18  time: 0.3793  data_time: 0.0273  memory: 9891  loss: 1.0526  decode.loss_ohem: 0.7196  decode.acc_seg: 93.3124  aux_0.loss_ce: 0.3330  aux_0.acc_seg: 88.2442
2026/07/25 15:09:59 - mmengine - INFO - Iter(train) [ 80800/160000]  lr: 4.2973e-02  eta: 8:18:40  time: 0.3799  data_time: 0.0279  memory: 9889  loss: 1.0841  decode.loss_ohem: 0.7547  decode.acc_seg: 92.9636  aux_0.loss_ce: 0.3294  aux_0.acc_seg: 87.2939
2026/07/25 15:10:37 - mmengine - INFO - Iter(train) [ 80900/160000]  lr: 4.2925e-02  eta: 8:18:03  time: 0.3800  data_time: 0.0286  memory: 9888  loss: 1.1125  decode.loss_ohem: 0.7695  decode.acc_seg: 92.4914  aux_0.loss_ce: 0.3429  aux_0.acc_seg: 88.8193
2026/07/25 15:11:15 - mmengine - INFO - Exp name: dsanet_cityscapes_512x1024_20260725_063741
2026/07/25 15:11:15 - mmengine - INFO - Iter(train) [ 81000/160000]  lr: 4.2876e-02  eta: 8:17:25  time: 0.3780  data_time: 0.0262  memory: 9889  loss: 1.1465  decode.loss_ohem: 0.7765  decode.acc_seg: 89.3012  aux_0.loss_ce: 0.3700  aux_0.acc_seg: 86.5726
2026/07/25 15:11:53 - mmengine - INFO - Iter(train) [ 81100/160000]  lr: 4.2827e-02  eta: 8:16:48  time: 0.3795  data_time: 0.0266  memory: 9888  loss: 1.0089  decode.loss_ohem: 0.7101  decode.acc_seg: 91.7262  aux_0.loss_ce: 0.2988  aux_0.acc_seg: 88.6348
2026/07/25 15:12:31 - mmengine - INFO - Iter(train) [ 81200/160000]  lr: 4.2778e-02  eta: 8:16:10  time: 0.3767  data_time: 0.0271  memory: 9891  loss: 1.1612  decode.loss_ohem: 0.7930  decode.acc_seg: 89.3333  aux_0.loss_ce: 0.3682  aux_0.acc_seg: 82.6164
2026/07/25 15:13:09 - mmengine - INFO - Iter(train) [ 81300/160000]  lr: 4.2729e-02  eta: 8:15:32  time: 0.3801  data_time: 0.0265  memory: 9889  loss: 1.0326  decode.loss_ohem: 0.7317  decode.acc_seg: 92.9373  aux_0.loss_ce: 0.3009  aux_0.acc_seg: 90.0658
2026/07/25 15:13:47 - mmengine - INFO - Iter(train) [ 81400/160000]  lr: 4.2680e-02  eta: 8:14:55  time: 0.3702  data_time: 0.0269  memory: 9889  loss: 1.0183  decode.loss_ohem: 0.7127  decode.acc_seg: 91.9463  aux_0.loss_ce: 0.3056  aux_0.acc_seg: 88.2606
2026/07/25 15:14:25 - mmengine - INFO - Iter(train) [ 81500/160000]  lr: 4.2632e-02  eta: 8:14:17  time: 0.3807  data_time: 0.0277  memory: 9889  loss: 1.0289  decode.loss_ohem: 0.6756  decode.acc_seg: 90.8719  aux_0.loss_ce: 0.3532  aux_0.acc_seg: 88.0883
2026/07/25 15:15:03 - mmengine - INFO - Iter(train) [ 81600/160000]  lr: 4.2583e-02  eta: 8:13:39  time: 0.3784  data_time: 0.0278  memory: 9889  loss: 1.1757  decode.loss_ohem: 0.8219  decode.acc_seg: 92.4919  aux_0.loss_ce: 0.3538  aux_0.acc_seg: 87.8776
2026/07/25 15:15:41 - mmengine - INFO - Iter(train) [ 81700/160000]  lr: 4.2534e-02  eta: 8:13:02  time: 0.3794  data_time: 0.0278  memory: 9890  loss: 1.0334  decode.loss_ohem: 0.7001  decode.acc_seg: 93.5163  aux_0.loss_ce: 0.3333  aux_0.acc_seg: 90.6111
2026/07/25 15:16:19 - mmengine - INFO - Iter(train) [ 81800/160000]  lr: 4.2485e-02  eta: 8:12:24  time: 0.3792  data_time: 0.0276  memory: 9889  loss: 1.0531  decode.loss_ohem: 0.7543  decode.acc_seg: 93.7222  aux_0.loss_ce: 0.2988  aux_0.acc_seg: 87.1751
2026/07/25 15:16:57 - mmengine - INFO - Iter(train) [ 81900/160000]  lr: 4.2436e-02  eta: 8:11:46  time: 0.3729  data_time: 0.0265  memory: 9888  loss: 1.1217  decode.loss_ohem: 0.7711  decode.acc_seg: 89.2934  aux_0.loss_ce: 0.3506  aux_0.acc_seg: 86.3841
2026/07/25 15:17:34 - mmengine - INFO - Exp name: dsanet_cityscapes_512x1024_20260725_063741
2026/07/25 15:17:34 - mmengine - INFO - Iter(train) [ 82000/160000]  lr: 4.2387e-02  eta: 8:11:08  time: 0.3821  data_time: 0.0286  memory: 9889  loss: 1.1780  decode.loss_ohem: 0.7935  decode.acc_seg: 91.2859  aux_0.loss_ce: 0.3845  aux_0.acc_seg: 85.9279
2026/07/25 15:18:12 - mmengine - INFO - Iter(train) [ 82100/160000]  lr: 4.2338e-02  eta: 8:10:31  time: 0.3788  data_time: 0.0275  memory: 9889  loss: 1.1699  decode.loss_ohem: 0.8062  decode.acc_seg: 89.4981  aux_0.loss_ce: 0.3637  aux_0.acc_seg: 83.3583
2026/07/25 15:18:50 - mmengine - INFO - Iter(train) [ 82200/160000]  lr: 4.2289e-02  eta: 8:09:53  time: 0.3793  data_time: 0.0277  memory: 9890  loss: 1.1354  decode.loss_ohem: 0.7836  decode.acc_seg: 90.8652  aux_0.loss_ce: 0.3518  aux_0.acc_seg: 86.8589
2026/07/25 15:19:28 - mmengine - INFO - Iter(train) [ 82300/160000]  lr: 4.2240e-02  eta: 8:09:15  time: 0.3759  data_time: 0.0260  memory: 9889  loss: 1.0613  decode.loss_ohem: 0.7348  decode.acc_seg: 92.9103  aux_0.loss_ce: 0.3264  aux_0.acc_seg: 86.0777
2026/07/25 15:20:06 - mmengine - INFO - Iter(train) [ 82400/160000]  lr: 4.2192e-02  eta: 8:08:37  time: 0.3777  data_time: 0.0268  memory: 9889  loss: 1.0802  decode.loss_ohem: 0.7356  decode.acc_seg: 90.4995  aux_0.loss_ce: 0.3446  aux_0.acc_seg: 87.5587
2026/07/25 15:20:43 - mmengine - INFO - Iter(train) [ 82500/160000]  lr: 4.2143e-02  eta: 8:08:00  time: 0.3791  data_time: 0.0268  memory: 9888  loss: 1.0846  decode.loss_ohem: 0.7444  decode.acc_seg: 88.4106  aux_0.loss_ce: 0.3402  aux_0.acc_seg: 84.0711
2026/07/25 15:21:21 - mmengine - INFO - Iter(train) [ 82600/160000]  lr: 4.2094e-02  eta: 8:07:22  time: 0.3784  data_time: 0.0267  memory: 9889  loss: 1.0250  decode.loss_ohem: 0.7085  decode.acc_seg: 93.3386  aux_0.loss_ce: 0.3165  aux_0.acc_seg: 89.4324
2026/07/25 15:21:59 - mmengine - INFO - Iter(train) [ 82700/160000]  lr: 4.2045e-02  eta: 8:06:44  time: 0.3792  data_time: 0.0275  memory: 9889  loss: 0.9905  decode.loss_ohem: 0.6672  decode.acc_seg: 93.0479  aux_0.loss_ce: 0.3233  aux_0.acc_seg: 90.2905
2026/07/25 15:22:37 - mmengine - INFO - Iter(train) [ 82800/160000]  lr: 4.1996e-02  eta: 8:06:06  time: 0.3779  data_time: 0.0276  memory: 9890  loss: 1.0680  decode.loss_ohem: 0.7666  decode.acc_seg: 92.5576  aux_0.loss_ce: 0.3014  aux_0.acc_seg: 88.7813
2026/07/25 15:23:15 - mmengine - INFO - Iter(train) [ 82900/160000]  lr: 4.1947e-02  eta: 8:05:29  time: 0.3791  data_time: 0.0270  memory: 9890  loss: 1.1415  decode.loss_ohem: 0.7557  decode.acc_seg: 91.2524  aux_0.loss_ce: 0.3858  aux_0.acc_seg: 86.8327
2026/07/25 15:23:53 - mmengine - INFO - Exp name: dsanet_cityscapes_512x1024_20260725_063741
2026/07/25 15:23:53 - mmengine - INFO - Iter(train) [ 83000/160000]  lr: 4.1898e-02  eta: 8:04:51  time: 0.3776  data_time: 0.0269  memory: 9889  loss: 1.0508  decode.loss_ohem: 0.7233  decode.acc_seg: 91.6761  aux_0.loss_ce: 0.3275  aux_0.acc_seg: 88.3204
2026/07/25 15:24:31 - mmengine - INFO - Iter(train) [ 83100/160000]  lr: 4.1849e-02  eta: 8:04:13  time: 0.3778  data_time: 0.0264  memory: 9889  loss: 1.0748  decode.loss_ohem: 0.7428  decode.acc_seg: 93.2481  aux_0.loss_ce: 0.3320  aux_0.acc_seg: 87.5146
2026/07/25 15:25:09 - mmengine - INFO - Iter(train) [ 83200/160000]  lr: 4.1800e-02  eta: 8:03:36  time: 0.3782  data_time: 0.0272  memory: 9890  loss: 1.0429  decode.loss_ohem: 0.7148  decode.acc_seg: 92.3494  aux_0.loss_ce: 0.3282  aux_0.acc_seg: 88.9829
2026/07/25 15:25:47 - mmengine - INFO - Iter(train) [ 83300/160000]  lr: 4.1751e-02  eta: 8:02:58  time: 0.3789  data_time: 0.0274  memory: 9888  loss: 1.0924  decode.loss_ohem: 0.7359  decode.acc_seg: 92.9432  aux_0.loss_ce: 0.3565  aux_0.acc_seg: 87.1347
2026/07/25 15:26:24 - mmengine - INFO - Iter(train) [ 83400/160000]  lr: 4.1702e-02  eta: 8:02:20  time: 0.3805  data_time: 0.0277  memory: 9891  loss: 1.0703  decode.loss_ohem: 0.7065  decode.acc_seg: 91.5028  aux_0.loss_ce: 0.3638  aux_0.acc_seg: 87.7749
2026/07/25 15:27:02 - mmengine - INFO - Iter(train) [ 83500/160000]  lr: 4.1653e-02  eta: 8:01:43  time: 0.3773  data_time: 0.0269  memory: 9889  loss: 1.1593  decode.loss_ohem: 0.8000  decode.acc_seg: 90.8743  aux_0.loss_ce: 0.3593  aux_0.acc_seg: 86.6234
2026/07/25 15:27:40 - mmengine - INFO - Iter(train) [ 83600/160000]  lr: 4.1604e-02  eta: 8:01:05  time: 0.3793  data_time: 0.0278  memory: 9890  loss: 1.0627  decode.loss_ohem: 0.7031  decode.acc_seg: 94.2048  aux_0.loss_ce: 0.3596  aux_0.acc_seg: 88.5526
2026/07/25 15:28:18 - mmengine - INFO - Iter(train) [ 83700/160000]  lr: 4.1555e-02  eta: 8:00:27  time: 0.3791  data_time: 0.0277  memory: 9889  loss: 1.0630  decode.loss_ohem: 0.7371  decode.acc_seg: 92.3851  aux_0.loss_ce: 0.3259  aux_0.acc_seg: 86.4076
2026/07/25 15:28:56 - mmengine - INFO - Iter(train) [ 83800/160000]  lr: 4.1506e-02  eta: 7:59:50  time: 0.3776  data_time: 0.0268  memory: 9889  loss: 1.0522  decode.loss_ohem: 0.7277  decode.acc_seg: 93.7954  aux_0.loss_ce: 0.3245  aux_0.acc_seg: 90.1386
2026/07/25 15:29:34 - mmengine - INFO - Iter(train) [ 83900/160000]  lr: 4.1457e-02  eta: 7:59:12  time: 0.3790  data_time: 0.0276  memory: 9889  loss: 1.0682  decode.loss_ohem: 0.7249  decode.acc_seg: 92.5499  aux_0.loss_ce: 0.3433  aux_0.acc_seg: 90.9332
2026/07/25 15:30:12 - mmengine - INFO - Exp name: dsanet_cityscapes_512x1024_20260725_063741
2026/07/25 15:30:12 - mmengine - INFO - Iter(train) [ 84000/160000]  lr: 4.1408e-02  eta: 7:58:34  time: 0.3772  data_time: 0.0260  memory: 9889  loss: 1.0213  decode.loss_ohem: 0.6867  decode.acc_seg: 91.3794  aux_0.loss_ce: 0.3347  aux_0.acc_seg: 86.9854
2026/07/25 15:30:50 - mmengine - INFO - Iter(train) [ 84100/160000]  lr: 4.1359e-02  eta: 7:57:56  time: 0.3802  data_time: 0.0288  memory: 9890  loss: 1.0857  decode.loss_ohem: 0.6941  decode.acc_seg: 92.0711  aux_0.loss_ce: 0.3916  aux_0.acc_seg: 85.0417
2026/07/25 15:31:27 - mmengine - INFO - Iter(train) [ 84200/160000]  lr: 4.1310e-02  eta: 7:57:19  time: 0.3793  data_time: 0.0276  memory: 9891  loss: 1.0193  decode.loss_ohem: 0.6815  decode.acc_seg: 93.0564  aux_0.loss_ce: 0.3379  aux_0.acc_seg: 91.2244
2026/07/25 15:32:05 - mmengine - INFO - Iter(train) [ 84300/160000]  lr: 4.1261e-02  eta: 7:56:41  time: 0.3776  data_time: 0.0272  memory: 9889  loss: 1.0287  decode.loss_ohem: 0.7179  decode.acc_seg: 91.5029  aux_0.loss_ce: 0.3108  aux_0.acc_seg: 89.4116
2026/07/25 15:32:43 - mmengine - INFO - Iter(train) [ 84400/160000]  lr: 4.1212e-02  eta: 7:56:03  time: 0.3818  data_time: 0.0298  memory: 9889  loss: 1.1996  decode.loss_ohem: 0.8092  decode.acc_seg: 92.5532  aux_0.loss_ce: 0.3905  aux_0.acc_seg: 82.5832
2026/07/25 15:33:21 - mmengine - INFO - Iter(train) [ 84500/160000]  lr: 4.1163e-02  eta: 7:55:26  time: 0.3794  data_time: 0.0286  memory: 9889  loss: 1.0313  decode.loss_ohem: 0.7014  decode.acc_seg: 88.8597  aux_0.loss_ce: 0.3299  aux_0.acc_seg: 85.2782
2026/07/25 15:33:59 - mmengine - INFO - Iter(train) [ 84600/160000]  lr: 4.1114e-02  eta: 7:54:48  time: 0.3774  data_time: 0.0268  memory: 9889  loss: 1.1353  decode.loss_ohem: 0.7858  decode.acc_seg: 91.9394  aux_0.loss_ce: 0.3495  aux_0.acc_seg: 88.2218
2026/07/25 15:34:37 - mmengine - INFO - Iter(train) [ 84700/160000]  lr: 4.1065e-02  eta: 7:54:10  time: 0.3800  data_time: 0.0288  memory: 9889  loss: 1.0591  decode.loss_ohem: 0.7413  decode.acc_seg: 91.0274  aux_0.loss_ce: 0.3178  aux_0.acc_seg: 88.1589
2026/07/25 15:35:15 - mmengine - INFO - Iter(train) [ 84800/160000]  lr: 4.1016e-02  eta: 7:53:32  time: 0.3783  data_time: 0.0272  memory: 9890  loss: 1.1208  decode.loss_ohem: 0.7957  decode.acc_seg: 89.9207  aux_0.loss_ce: 0.3250  aux_0.acc_seg: 85.5706
2026/07/25 15:35:53 - mmengine - INFO - Iter(train) [ 84900/160000]  lr: 4.0966e-02  eta: 7:52:55  time: 0.3806  data_time: 0.0273  memory: 9891  loss: 1.0141  decode.loss_ohem: 0.6732  decode.acc_seg: 92.3045  aux_0.loss_ce: 0.3408  aux_0.acc_seg: 87.1446
2026/07/25 15:36:31 - mmengine - INFO - Exp name: dsanet_cityscapes_512x1024_20260725_063741
2026/07/25 15:36:31 - mmengine - INFO - Iter(train) [ 85000/160000]  lr: 4.0917e-02  eta: 7:52:17  time: 0.3776  data_time: 0.0266  memory: 9889  loss: 1.1742  decode.loss_ohem: 0.8096  decode.acc_seg: 92.4667  aux_0.loss_ce: 0.3645  aux_0.acc_seg: 88.4848
2026/07/25 15:36:31 - mmengine - INFO - Saving checkpoint at 85000 iterations
2026/07/25 15:36:36 - mmengine - INFO - Iter(val) [100/250]    eta: 0:00:07  time: 0.0472  data_time: 0.0094  memory: 729  
2026/07/25 15:36:41 - mmengine - INFO - Iter(val) [200/250]    eta: 0:00:02  time: 0.0473  data_time: 0.0093  memory: 729  
2026/07/25 15:36:43 - mmengine - INFO - per class results:
2026/07/25 15:36:43 - mmengine - INFO - 
+---------------+-------+-------+
|     Class     |  IoU  |  Acc  |
+---------------+-------+-------+
|      road     | 95.13 | 95.79 |
|    sidewalk   | 69.83 | 92.36 |
|    building   | 89.08 | 95.11 |
|      wall     | 36.21 | 42.37 |
|     fence     | 49.88 | 61.86 |
|      pole     | 54.52 | 62.51 |
| traffic light | 52.28 | 63.32 |
|  traffic sign | 65.01 | 75.31 |
|   vegetation  | 90.01 | 95.93 |
|    terrain    | 52.86 | 59.97 |
|      sky      | 92.91 | 96.36 |
|     person    | 72.83 | 88.14 |
|     rider     | 48.42 | 63.92 |
|      car      | 91.41 | 96.29 |
|     truck     |  45.6 | 52.25 |
|      bus      | 65.32 | 88.06 |
|     train     | 48.74 | 71.65 |
|   motorcycle  | 40.28 | 47.99 |
|    bicycle    | 66.46 |  80.2 |
+---------------+-------+-------+
2026/07/25 15:36:43 - mmengine - INFO - Iter(val) [250/250]    aAcc: 93.3700  mIoU: 64.5700  mAcc: 75.2300  data_time: 0.0106  time: 0.0484
2026/07/25 15:37:21 - mmengine - INFO - Iter(train) [ 85100/160000]  lr: 4.0868e-02  eta: 7:51:39  time: 0.3799  data_time: 0.0284  memory: 9889  loss: 1.1111  decode.loss_ohem: 0.7798  decode.acc_seg: 91.0144  aux_0.loss_ce: 0.3313  aux_0.acc_seg: 86.9953
2026/07/25 15:37:59 - mmengine - INFO - Iter(train) [ 85200/160000]  lr: 4.0819e-02  eta: 7:51:02  time: 0.3778  data_time: 0.0266  memory: 9891  loss: 1.0984  decode.loss_ohem: 0.7478  decode.acc_seg: 90.9707  aux_0.loss_ce: 0.3506  aux_0.acc_seg: 88.2512
2026/07/25 15:38:37 - mmengine - INFO - Iter(train) [ 85300/160000]  lr: 4.0770e-02  eta: 7:50:24  time: 0.3771  data_time: 0.0269  memory: 9888  loss: 1.0456  decode.loss_ohem: 0.7376  decode.acc_seg: 90.8166  aux_0.loss_ce: 0.3081  aux_0.acc_seg: 88.0732
2026/07/25 15:39:15 - mmengine - INFO - Iter(train) [ 85400/160000]  lr: 4.0721e-02  eta: 7:49:46  time: 0.3779  data_time: 0.0270  memory: 9891  loss: 0.9703  decode.loss_ohem: 0.6405  decode.acc_seg: 94.1570  aux_0.loss_ce: 0.3298  aux_0.acc_seg: 90.1541
2026/07/25 15:39:53 - mmengine - INFO - Iter(train) [ 85500/160000]  lr: 4.0672e-02  eta: 7:49:09  time: 0.3786  data_time: 0.0275  memory: 9888  loss: 1.0740  decode.loss_ohem: 0.7380  decode.acc_seg: 89.5071  aux_0.loss_ce: 0.3359  aux_0.acc_seg: 86.7291
2026/07/25 15:40:31 - mmengine - INFO - Iter(train) [ 85600/160000]  lr: 4.0623e-02  eta: 7:48:31  time: 0.3808  data_time: 0.0284  memory: 9888  loss: 1.0924  decode.loss_ohem: 0.7323  decode.acc_seg: 92.9963  aux_0.loss_ce: 0.3601  aux_0.acc_seg: 88.4742
2026/07/25 15:41:09 - mmengine - INFO - Iter(train) [ 85700/160000]  lr: 4.0574e-02  eta: 7:47:53  time: 0.3715  data_time: 0.0263  memory: 9888  loss: 1.1866  decode.loss_ohem: 0.7967  decode.acc_seg: 88.8466  aux_0.loss_ce: 0.3899  aux_0.acc_seg: 82.7937
2026/07/25 15:41:46 - mmengine - INFO - Iter(train) [ 85800/160000]  lr: 4.0524e-02  eta: 7:47:15  time: 0.3811  data_time: 0.0278  memory: 9889  loss: 1.1163  decode.loss_ohem: 0.7739  decode.acc_seg: 88.0870  aux_0.loss_ce: 0.3424  aux_0.acc_seg: 81.2300
2026/07/25 15:42:24 - mmengine - INFO - Iter(train) [ 85900/160000]  lr: 4.0475e-02  eta: 7:46:38  time: 0.3789  data_time: 0.0285  memory: 9888  loss: 1.0480  decode.loss_ohem: 0.7447  decode.acc_seg: 92.2532  aux_0.loss_ce: 0.3033  aux_0.acc_seg: 85.3388
2026/07/25 15:43:02 - mmengine - INFO - Exp name: dsanet_cityscapes_512x1024_20260725_063741
2026/07/25 15:43:02 - mmengine - INFO - Iter(train) [ 86000/160000]  lr: 4.0426e-02  eta: 7:46:00  time: 0.3795  data_time: 0.0284  memory: 9888  loss: 1.0941  decode.loss_ohem: 0.7656  decode.acc_seg: 93.3896  aux_0.loss_ce: 0.3285  aux_0.acc_seg: 91.0745
2026/07/25 15:43:40 - mmengine - INFO - Iter(train) [ 86100/160000]  lr: 4.0377e-02  eta: 7:45:22  time: 0.3813  data_time: 0.0288  memory: 9888  loss: 1.0572  decode.loss_ohem: 0.7434  decode.acc_seg: 92.1841  aux_0.loss_ce: 0.3138  aux_0.acc_seg: 87.7636
2026/07/25 15:44:18 - mmengine - INFO - Iter(train) [ 86200/160000]  lr: 4.0328e-02  eta: 7:44:44  time: 0.3704  data_time: 0.0265  memory: 9891  loss: 1.1478  decode.loss_ohem: 0.7842  decode.acc_seg: 92.4299  aux_0.loss_ce: 0.3636  aux_0.acc_seg: 87.3494
2026/07/25 15:44:56 - mmengine - INFO - Iter(train) [ 86300/160000]  lr: 4.0279e-02  eta: 7:44:07  time: 0.3767  data_time: 0.0264  memory: 9887  loss: 1.0609  decode.loss_ohem: 0.7526  decode.acc_seg: 92.5620  aux_0.loss_ce: 0.3082  aux_0.acc_seg: 89.8918
2026/07/25 15:45:33 - mmengine - INFO - Iter(train) [ 86400/160000]  lr: 4.0230e-02  eta: 7:43:29  time: 0.3782  data_time: 0.0264  memory: 9890  loss: 1.0421  decode.loss_ohem: 0.7340  decode.acc_seg: 94.2799  aux_0.loss_ce: 0.3081  aux_0.acc_seg: 91.1557
2026/07/25 15:46:12 - mmengine - INFO - Iter(train) [ 86500/160000]  lr: 4.0180e-02  eta: 7:42:51  time: 0.3906  data_time: 0.0305  memory: 9889  loss: 1.1374  decode.loss_ohem: 0.7591  decode.acc_seg: 92.2132  aux_0.loss_ce: 0.3783  aux_0.acc_seg: 90.5465
2026/07/25 15:46:50 - mmengine - INFO - Iter(train) [ 86600/160000]  lr: 4.0131e-02  eta: 7:42:14  time: 0.3808  data_time: 0.0280  memory: 9888  loss: 1.0287  decode.loss_ohem: 0.7094  decode.acc_seg: 92.4627  aux_0.loss_ce: 0.3193  aux_0.acc_seg: 87.2956
2026/07/25 15:47:28 - mmengine - INFO - Iter(train) [ 86700/160000]  lr: 4.0082e-02  eta: 7:41:37  time: 0.3887  data_time: 0.0335  memory: 9891  loss: 1.0444  decode.loss_ohem: 0.7211  decode.acc_seg: 88.4168  aux_0.loss_ce: 0.3233  aux_0.acc_seg: 82.5707
2026/07/25 15:48:06 - mmengine - INFO - Iter(train) [ 86800/160000]  lr: 4.0033e-02  eta: 7:40:59  time: 0.3789  data_time: 0.0277  memory: 9888  loss: 1.0803  decode.loss_ohem: 0.7534  decode.acc_seg: 93.8030  aux_0.loss_ce: 0.3269  aux_0.acc_seg: 89.6010
2026/07/25 15:48:44 - mmengine - INFO - Iter(train) [ 86900/160000]  lr: 3.9984e-02  eta: 7:40:22  time: 0.3778  data_time: 0.0273  memory: 9892  loss: 1.0370  decode.loss_ohem: 0.6985  decode.acc_seg: 90.2863  aux_0.loss_ce: 0.3385  aux_0.acc_seg: 83.6720
2026/07/25 15:49:22 - mmengine - INFO - Exp name: dsanet_cityscapes_512x1024_20260725_063741
2026/07/25 15:49:22 - mmengine - INFO - Iter(train) [ 87000/160000]  lr: 3.9934e-02  eta: 7:39:44  time: 0.3818  data_time: 0.0300  memory: 9889  loss: 1.0370  decode.loss_ohem: 0.7184  decode.acc_seg: 91.7229  aux_0.loss_ce: 0.3186  aux_0.acc_seg: 87.2047
2026/07/25 15:50:00 - mmengine - INFO - Iter(train) [ 87100/160000]  lr: 3.9885e-02  eta: 7:39:06  time: 0.3777  data_time: 0.0270  memory: 9890  loss: 1.1290  decode.loss_ohem: 0.7790  decode.acc_seg: 91.0628  aux_0.loss_ce: 0.3500  aux_0.acc_seg: 86.2172
2026/07/25 15:50:38 - mmengine - INFO - Iter(train) [ 87200/160000]  lr: 3.9836e-02  eta: 7:38:29  time: 0.3787  data_time: 0.0276  memory: 9889  loss: 1.0847  decode.loss_ohem: 0.7482  decode.acc_seg: 93.8783  aux_0.loss_ce: 0.3365  aux_0.acc_seg: 90.5116
2026/07/25 15:51:16 - mmengine - INFO - Iter(train) [ 87300/160000]  lr: 3.9787e-02  eta: 7:37:51  time: 0.3817  data_time: 0.0289  memory: 9892  loss: 1.0459  decode.loss_ohem: 0.7402  decode.acc_seg: 93.2220  aux_0.loss_ce: 0.3057  aux_0.acc_seg: 88.8944
2026/07/25 15:51:54 - mmengine - INFO - Iter(train) [ 87400/160000]  lr: 3.9737e-02  eta: 7:37:13  time: 0.3810  data_time: 0.0293  memory: 9889  loss: 1.1145  decode.loss_ohem: 0.7769  decode.acc_seg: 92.2553  aux_0.loss_ce: 0.3376  aux_0.acc_seg: 90.6271
2026/07/25 15:52:32 - mmengine - INFO - Iter(train) [ 87500/160000]  lr: 3.9688e-02  eta: 7:36:36  time: 0.3774  data_time: 0.0264  memory: 9889  loss: 1.0729  decode.loss_ohem: 0.7356  decode.acc_seg: 93.5721  aux_0.loss_ce: 0.3373  aux_0.acc_seg: 88.6802
2026/07/25 15:53:10 - mmengine - INFO - Iter(train) [ 87600/160000]  lr: 3.9639e-02  eta: 7:35:58  time: 0.3785  data_time: 0.0281  memory: 9891  loss: 1.0882  decode.loss_ohem: 0.7302  decode.acc_seg: 93.7265  aux_0.loss_ce: 0.3580  aux_0.acc_seg: 90.5411
2026/07/25 15:53:48 - mmengine - INFO - Iter(train) [ 87700/160000]  lr: 3.9590e-02  eta: 7:35:20  time: 0.3769  data_time: 0.0263  memory: 9890  loss: 1.1025  decode.loss_ohem: 0.7461  decode.acc_seg: 91.9066  aux_0.loss_ce: 0.3564  aux_0.acc_seg: 88.4221
2026/07/25 15:54:26 - mmengine - INFO - Iter(train) [ 87800/160000]  lr: 3.9540e-02  eta: 7:34:42  time: 0.3782  data_time: 0.0274  memory: 9889  loss: 1.0724  decode.loss_ohem: 0.7387  decode.acc_seg: 91.4974  aux_0.loss_ce: 0.3337  aux_0.acc_seg: 87.6254
2026/07/25 15:55:04 - mmengine - INFO - Iter(train) [ 87900/160000]  lr: 3.9491e-02  eta: 7:34:05  time: 0.3766  data_time: 0.0260  memory: 9890  loss: 1.0639  decode.loss_ohem: 0.6930  decode.acc_seg: 92.1827  aux_0.loss_ce: 0.3709  aux_0.acc_seg: 84.1239
2026/07/25 15:55:41 - mmengine - INFO - Exp name: dsanet_cityscapes_512x1024_20260725_063741
2026/07/25 15:55:41 - mmengine - INFO - Iter(train) [ 88000/160000]  lr: 3.9442e-02  eta: 7:33:27  time: 0.3811  data_time: 0.0283  memory: 9889  loss: 1.0960  decode.loss_ohem: 0.7318  decode.acc_seg: 88.8856  aux_0.loss_ce: 0.3642  aux_0.acc_seg: 83.5047
2026/07/25 15:56:19 - mmengine - INFO - Iter(train) [ 88100/160000]  lr: 3.9392e-02  eta: 7:32:49  time: 0.3803  data_time: 0.0282  memory: 9888  loss: 1.0948  decode.loss_ohem: 0.7545  decode.acc_seg: 90.8915  aux_0.loss_ce: 0.3402  aux_0.acc_seg: 89.3430
2026/07/25 15:56:57 - mmengine - INFO - Iter(train) [ 88200/160000]  lr: 3.9343e-02  eta: 7:32:11  time: 0.3811  data_time: 0.0295  memory: 9889  loss: 1.0998  decode.loss_ohem: 0.7537  decode.acc_seg: 92.2063  aux_0.loss_ce: 0.3460  aux_0.acc_seg: 89.2294
2026/07/25 15:57:35 - mmengine - INFO - Iter(train) [ 88300/160000]  lr: 3.9294e-02  eta: 7:31:34  time: 0.3776  data_time: 0.0266  memory: 9888  loss: 1.0266  decode.loss_ohem: 0.7163  decode.acc_seg: 92.3793  aux_0.loss_ce: 0.3103  aux_0.acc_seg: 89.2632
2026/07/25 15:58:13 - mmengine - INFO - Iter(train) [ 88400/160000]  lr: 3.9245e-02  eta: 7:30:56  time: 0.3765  data_time: 0.0262  memory: 9890  loss: 1.1700  decode.loss_ohem: 0.8122  decode.acc_seg: 90.4499  aux_0.loss_ce: 0.3578  aux_0.acc_seg: 87.7737
2026/07/25 15:58:51 - mmengine - INFO - Iter(train) [ 88500/160000]  lr: 3.9195e-02  eta: 7:30:18  time: 0.3781  data_time: 0.0274  memory: 9888  loss: 1.1109  decode.loss_ohem: 0.7673  decode.acc_seg: 92.6172  aux_0.loss_ce: 0.3436  aux_0.acc_seg: 85.6368
2026/07/25 15:59:29 - mmengine - INFO - Iter(train) [ 88600/160000]  lr: 3.9146e-02  eta: 7:29:40  time: 0.3789  data_time: 0.0279  memory: 9890  loss: 1.0937  decode.loss_ohem: 0.7697  decode.acc_seg: 91.2513  aux_0.loss_ce: 0.3240  aux_0.acc_seg: 85.2919
2026/07/25 16:00:06 - mmengine - INFO - Iter(train) [ 88700/160000]  lr: 3.9097e-02  eta: 7:29:02  time: 0.3807  data_time: 0.0291  memory: 9888  loss: 1.0800  decode.loss_ohem: 0.7515  decode.acc_seg: 94.1768  aux_0.loss_ce: 0.3285  aux_0.acc_seg: 90.7131
2026/07/25 16:00:45 - mmengine - INFO - Iter(train) [ 88800/160000]  lr: 3.9047e-02  eta: 7:28:25  time: 0.3790  data_time: 0.0275  memory: 9889  loss: 1.0979  decode.loss_ohem: 0.7768  decode.acc_seg: 94.1731  aux_0.loss_ce: 0.3212  aux_0.acc_seg: 90.4399
2026/07/25 16:01:23 - mmengine - INFO - Iter(train) [ 88900/160000]  lr: 3.8998e-02  eta: 7:27:47  time: 0.3819  data_time: 0.0295  memory: 9890  loss: 0.9997  decode.loss_ohem: 0.6838  decode.acc_seg: 92.0172  aux_0.loss_ce: 0.3158  aux_0.acc_seg: 86.9236
2026/07/25 16:02:00 - mmengine - INFO - Exp name: dsanet_cityscapes_512x1024_20260725_063741
2026/07/25 16:02:00 - mmengine - INFO - Iter(train) [ 89000/160000]  lr: 3.8949e-02  eta: 7:27:10  time: 0.3798  data_time: 0.0282  memory: 9889  loss: 1.0396  decode.loss_ohem: 0.7095  decode.acc_seg: 89.9456  aux_0.loss_ce: 0.3301  aux_0.acc_seg: 85.6329
2026/07/25 16:02:38 - mmengine - INFO - Iter(train) [ 89100/160000]  lr: 3.8899e-02  eta: 7:26:32  time: 0.3702  data_time: 0.0255  memory: 9887  loss: 1.0735  decode.loss_ohem: 0.7199  decode.acc_seg: 93.0410  aux_0.loss_ce: 0.3536  aux_0.acc_seg: 87.2387
2026/07/25 16:03:16 - mmengine - INFO - Iter(train) [ 89200/160000]  lr: 3.8850e-02  eta: 7:25:54  time: 0.3768  data_time: 0.0266  memory: 9889  loss: 1.0736  decode.loss_ohem: 0.7433  decode.acc_seg: 90.9556  aux_0.loss_ce: 0.3303  aux_0.acc_seg: 86.5325
2026/07/25 16:03:54 - mmengine - INFO - Iter(train) [ 89300/160000]  lr: 3.8800e-02  eta: 7:25:16  time: 0.3793  data_time: 0.0278  memory: 9889  loss: 1.0881  decode.loss_ohem: 0.7252  decode.acc_seg: 89.8249  aux_0.loss_ce: 0.3630  aux_0.acc_seg: 87.2329
2026/07/25 16:04:32 - mmengine - INFO - Iter(train) [ 89400/160000]  lr: 3.8751e-02  eta: 7:24:38  time: 0.3793  data_time: 0.0268  memory: 9889  loss: 1.0556  decode.loss_ohem: 0.7447  decode.acc_seg: 93.6562  aux_0.loss_ce: 0.3109  aux_0.acc_seg: 88.4664
2026/07/25 16:05:09 - mmengine - INFO - Iter(train) [ 89500/160000]  lr: 3.8702e-02  eta: 7:24:01  time: 0.3802  data_time: 0.0280  memory: 9889  loss: 1.1028  decode.loss_ohem: 0.7502  decode.acc_seg: 91.6826  aux_0.loss_ce: 0.3526  aux_0.acc_seg: 88.0053
2026/07/25 16:05:47 - mmengine - INFO - Iter(train) [ 89600/160000]  lr: 3.8652e-02  eta: 7:23:23  time: 0.3798  data_time: 0.0280  memory: 9889  loss: 1.1018  decode.loss_ohem: 0.7667  decode.acc_seg: 92.5750  aux_0.loss_ce: 0.3352  aux_0.acc_seg: 86.3641
2026/07/25 16:06:25 - mmengine - INFO - Iter(train) [ 89700/160000]  lr: 3.8603e-02  eta: 7:22:45  time: 0.3726  data_time: 0.0273  memory: 9889  loss: 1.1020  decode.loss_ohem: 0.7665  decode.acc_seg: 94.6767  aux_0.loss_ce: 0.3355  aux_0.acc_seg: 92.6581
2026/07/25 16:07:03 - mmengine - INFO - Iter(train) [ 89800/160000]  lr: 3.8553e-02  eta: 7:22:07  time: 0.3771  data_time: 0.0276  memory: 9888  loss: 1.0656  decode.loss_ohem: 0.7266  decode.acc_seg: 89.9506  aux_0.loss_ce: 0.3390  aux_0.acc_seg: 87.1283
2026/07/25 16:07:41 - mmengine - INFO - Iter(train) [ 89900/160000]  lr: 3.8504e-02  eta: 7:21:29  time: 0.3756  data_time: 0.0264  memory: 9889  loss: 1.0693  decode.loss_ohem: 0.7656  decode.acc_seg: 90.9332  aux_0.loss_ce: 0.3037  aux_0.acc_seg: 82.9331
2026/07/25 16:08:19 - mmengine - INFO - Exp name: dsanet_cityscapes_512x1024_20260725_063741
2026/07/25 16:08:19 - mmengine - INFO - Iter(train) [ 90000/160000]  lr: 3.8455e-02  eta: 7:20:52  time: 0.3779  data_time: 0.0269  memory: 9888  loss: 1.0458  decode.loss_ohem: 0.7152  decode.acc_seg: 91.0144  aux_0.loss_ce: 0.3306  aux_0.acc_seg: 86.5252
2026/07/25 16:08:19 - mmengine - INFO - Saving checkpoint at 90000 iterations
2026/07/25 16:08:24 - mmengine - INFO - Iter(val) [100/250]    eta: 0:00:07  time: 0.0464  data_time: 0.0093  memory: 729  
2026/07/25 16:08:29 - mmengine - INFO - Iter(val) [200/250]    eta: 0:00:02  time: 0.0475  data_time: 0.0098  memory: 729  
2026/07/25 16:08:31 - mmengine - INFO - per class results:
2026/07/25 16:08:31 - mmengine - INFO - 
+---------------+-------+-------+
|     Class     |  IoU  |  Acc  |
+---------------+-------+-------+
|      road     | 96.68 | 97.33 |
|    sidewalk   | 77.13 | 92.18 |
|    building   | 89.86 | 95.37 |
|      wall     | 41.83 | 53.76 |
|     fence     | 51.71 | 76.85 |
|      pole     | 56.75 |  66.4 |
| traffic light | 54.31 | 65.27 |
|  traffic sign | 66.37 | 75.37 |
|   vegetation  | 90.03 | 94.22 |
|    terrain    | 57.41 | 75.71 |
|      sky      | 92.64 |  95.9 |
|     person    | 74.79 | 88.82 |
|     rider     | 52.46 | 63.29 |
|      car      | 91.94 | 97.29 |
|     truck     | 50.12 | 56.92 |
|      bus      | 72.06 | 85.49 |
|     train     |  50.5 | 67.26 |
|   motorcycle  | 43.98 | 54.58 |
|    bicycle    | 68.75 | 83.27 |
+---------------+-------+-------+
2026/07/25 16:08:31 - mmengine - INFO - Iter(val) [250/250]    aAcc: 94.1800  mIoU: 67.3300  mAcc: 78.1700  data_time: 0.0111  time: 0.0486
2026/07/25 16:08:31 - mmengine - INFO - The previous best checkpoint /root/autodl-tmp/DSANet-main/tools/work_dirs/dsanet_cityscapes_512x1024/best_mIoU_iter_65000.pth is removed
2026/07/25 16:08:31 - mmengine - INFO - The best checkpoint with 67.3300 mIoU at 90000 iter is saved to best_mIoU_iter_90000.pth.
2026/07/25 16:09:10 - mmengine - INFO - Iter(train) [ 90100/160000]  lr: 3.8405e-02  eta: 7:20:15  time: 0.3788  data_time: 0.0271  memory: 9889  loss: 1.0160  decode.loss_ohem: 0.7145  decode.acc_seg: 91.5169  aux_0.loss_ce: 0.3014  aux_0.acc_seg: 87.1580
2026/07/25 16:09:48 - mmengine - INFO - Iter(train) [ 90200/160000]  lr: 3.8356e-02  eta: 7:19:37  time: 0.3752  data_time: 0.0262  memory: 9891  loss: 1.0946  decode.loss_ohem: 0.7538  decode.acc_seg: 93.2929  aux_0.loss_ce: 0.3409  aux_0.acc_seg: 90.5314
2026/07/25 16:10:26 - mmengine - INFO - Iter(train) [ 90300/160000]  lr: 3.8306e-02  eta: 7:18:59  time: 0.3772  data_time: 0.0265  memory: 9890  loss: 1.0800  decode.loss_ohem: 0.7271  decode.acc_seg: 93.9126  aux_0.loss_ce: 0.3530  aux_0.acc_seg: 89.4494
2026/07/25 16:11:04 - mmengine - INFO - Iter(train) [ 90400/160000]  lr: 3.8257e-02  eta: 7:18:22  time: 0.3777  data_time: 0.0269  memory: 9887  loss: 1.1450  decode.loss_ohem: 0.7816  decode.acc_seg: 88.9025  aux_0.loss_ce: 0.3633  aux_0.acc_seg: 86.1951
2026/07/25 16:11:42 - mmengine - INFO - Iter(train) [ 90500/160000]  lr: 3.8207e-02  eta: 7:17:44  time: 0.3772  data_time: 0.0264  memory: 9890  loss: 1.1126  decode.loss_ohem: 0.7548  decode.acc_seg: 93.4784  aux_0.loss_ce: 0.3578  aux_0.acc_seg: 87.6942
2026/07/25 16:12:19 - mmengine - INFO - Iter(train) [ 90600/160000]  lr: 3.8158e-02  eta: 7:17:06  time: 0.3791  data_time: 0.0274  memory: 9891  loss: 1.0980  decode.loss_ohem: 0.7661  decode.acc_seg: 90.7989  aux_0.loss_ce: 0.3320  aux_0.acc_seg: 86.2278
2026/07/25 16:12:57 - mmengine - INFO - Iter(train) [ 90700/160000]  lr: 3.8108e-02  eta: 7:16:28  time: 0.3718  data_time: 0.0255  memory: 9888  loss: 1.1087  decode.loss_ohem: 0.7826  decode.acc_seg: 92.1731  aux_0.loss_ce: 0.3261  aux_0.acc_seg: 87.7571
2026/07/25 16:13:35 - mmengine - INFO - Iter(train) [ 90800/160000]  lr: 3.8059e-02  eta: 7:15:50  time: 0.3787  data_time: 0.0282  memory: 9887  loss: 1.0413  decode.loss_ohem: 0.7112  decode.acc_seg: 92.5691  aux_0.loss_ce: 0.3301  aux_0.acc_seg: 88.4440
2026/07/25 16:14:13 - mmengine - INFO - Iter(train) [ 90900/160000]  lr: 3.8009e-02  eta: 7:15:13  time: 0.3784  data_time: 0.0267  memory: 9888  loss: 1.1678  decode.loss_ohem: 0.8207  decode.acc_seg: 90.9091  aux_0.loss_ce: 0.3471  aux_0.acc_seg: 85.7440
2026/07/25 16:14:50 - mmengine - INFO - Exp name: dsanet_cityscapes_512x1024_20260725_063741
2026/07/25 16:14:50 - mmengine - INFO - Iter(train) [ 91000/160000]  lr: 3.7960e-02  eta: 7:14:35  time: 0.3780  data_time: 0.0268  memory: 9888  loss: 1.1286  decode.loss_ohem: 0.7777  decode.acc_seg: 92.1447  aux_0.loss_ce: 0.3509  aux_0.acc_seg: 88.5108
2026/07/25 16:15:28 - mmengine - INFO - Iter(train) [ 91100/160000]  lr: 3.7910e-02  eta: 7:13:57  time: 0.3801  data_time: 0.0291  memory: 9888  loss: 1.0980  decode.loss_ohem: 0.7856  decode.acc_seg: 88.9355  aux_0.loss_ce: 0.3124  aux_0.acc_seg: 84.3141
2026/07/25 16:16:06 - mmengine - INFO - Iter(train) [ 91200/160000]  lr: 3.7861e-02  eta: 7:13:19  time: 0.3814  data_time: 0.0283  memory: 9889  loss: 1.0739  decode.loss_ohem: 0.7557  decode.acc_seg: 93.3309  aux_0.loss_ce: 0.3182  aux_0.acc_seg: 89.8818
2026/07/25 16:16:44 - mmengine - INFO - Iter(train) [ 91300/160000]  lr: 3.7811e-02  eta: 7:12:42  time: 0.3794  data_time: 0.0281  memory: 9889  loss: 1.0999  decode.loss_ohem: 0.7652  decode.acc_seg: 88.7279  aux_0.loss_ce: 0.3347  aux_0.acc_seg: 81.9069
2026/07/25 16:17:22 - mmengine - INFO - Iter(train) [ 91400/160000]  lr: 3.7762e-02  eta: 7:12:04  time: 0.3786  data_time: 0.0272  memory: 9889  loss: 1.0903  decode.loss_ohem: 0.7422  decode.acc_seg: 89.6558  aux_0.loss_ce: 0.3481  aux_0.acc_seg: 82.1458
2026/07/25 16:18:00 - mmengine - INFO - Iter(train) [ 91500/160000]  lr: 3.7712e-02  eta: 7:11:26  time: 0.3778  data_time: 0.0275  memory: 9889  loss: 1.2227  decode.loss_ohem: 0.8340  decode.acc_seg: 84.1433  aux_0.loss_ce: 0.3886  aux_0.acc_seg: 82.3905
2026/07/25 16:18:38 - mmengine - INFO - Iter(train) [ 91600/160000]  lr: 3.7663e-02  eta: 7:10:48  time: 0.3783  data_time: 0.0279  memory: 9888  loss: 1.0400  decode.loss_ohem: 0.7377  decode.acc_seg: 94.0294  aux_0.loss_ce: 0.3023  aux_0.acc_seg: 90.6509
2026/07/25 16:19:16 - mmengine - INFO - Iter(train) [ 91700/160000]  lr: 3.7613e-02  eta: 7:10:11  time: 0.3813  data_time: 0.0285  memory: 9890  loss: 0.9995  decode.loss_ohem: 0.6972  decode.acc_seg: 93.8157  aux_0.loss_ce: 0.3023  aux_0.acc_seg: 91.7098
2026/07/25 16:19:54 - mmengine - INFO - Iter(train) [ 91800/160000]  lr: 3.7564e-02  eta: 7:09:33  time: 0.3805  data_time: 0.0287  memory: 9888  loss: 1.0443  decode.loss_ohem: 0.7291  decode.acc_seg: 92.9482  aux_0.loss_ce: 0.3151  aux_0.acc_seg: 88.7533
2026/07/25 16:20:31 - mmengine - INFO - Iter(train) [ 91900/160000]  lr: 3.7514e-02  eta: 7:08:55  time: 0.3776  data_time: 0.0280  memory: 9889  loss: 1.1334  decode.loss_ohem: 0.8203  decode.acc_seg: 89.8554  aux_0.loss_ce: 0.3131  aux_0.acc_seg: 85.9161
2026/07/25 16:21:09 - mmengine - INFO - Exp name: dsanet_cityscapes_512x1024_20260725_063741
2026/07/25 16:21:09 - mmengine - INFO - Iter(train) [ 92000/160000]  lr: 3.7465e-02  eta: 7:08:18  time: 0.3768  data_time: 0.0257  memory: 9890  loss: 1.0364  decode.loss_ohem: 0.7091  decode.acc_seg: 92.2231  aux_0.loss_ce: 0.3273  aux_0.acc_seg: 86.1126
2026/07/25 16:21:47 - mmengine - INFO - Iter(train) [ 92100/160000]  lr: 3.7415e-02  eta: 7:07:40  time: 0.3777  data_time: 0.0286  memory: 9890  loss: 1.1015  decode.loss_ohem: 0.7534  decode.acc_seg: 93.5649  aux_0.loss_ce: 0.3480  aux_0.acc_seg: 88.4755
2026/07/25 16:22:25 - mmengine - INFO - Iter(train) [ 92200/160000]  lr: 3.7365e-02  eta: 7:07:02  time: 0.3804  data_time: 0.0276  memory: 9888  loss: 1.0383  decode.loss_ohem: 0.7177  decode.acc_seg: 91.9426  aux_0.loss_ce: 0.3206  aux_0.acc_seg: 87.7183
2026/07/25 16:23:03 - mmengine - INFO - Iter(train) [ 92300/160000]  lr: 3.7316e-02  eta: 7:06:24  time: 0.3791  data_time: 0.0283  memory: 9889  loss: 1.0337  decode.loss_ohem: 0.7286  decode.acc_seg: 93.4400  aux_0.loss_ce: 0.3051  aux_0.acc_seg: 88.8260
2026/07/25 16:23:41 - mmengine - INFO - Iter(train) [ 92400/160000]  lr: 3.7266e-02  eta: 7:05:46  time: 0.3816  data_time: 0.0292  memory: 9888  loss: 1.0807  decode.loss_ohem: 0.7510  decode.acc_seg: 93.1564  aux_0.loss_ce: 0.3296  aux_0.acc_seg: 86.6652
2026/07/25 16:24:19 - mmengine - INFO - Iter(train) [ 92500/160000]  lr: 3.7217e-02  eta: 7:05:09  time: 0.3781  data_time: 0.0270  memory: 9888  loss: 1.1494  decode.loss_ohem: 0.7930  decode.acc_seg: 91.0443  aux_0.loss_ce: 0.3564  aux_0.acc_seg: 88.2028
2026/07/25 16:24:57 - mmengine - INFO - Iter(train) [ 92600/160000]  lr: 3.7167e-02  eta: 7:04:31  time: 0.3797  data_time: 0.0284  memory: 9889  loss: 1.1184  decode.loss_ohem: 0.7633  decode.acc_seg: 92.0033  aux_0.loss_ce: 0.3551  aux_0.acc_seg: 84.5643
2026/07/25 16:25:34 - mmengine - INFO - Iter(train) [ 92700/160000]  lr: 3.7117e-02  eta: 7:03:53  time: 0.3779  data_time: 0.0271  memory: 9889  loss: 1.0263  decode.loss_ohem: 0.7005  decode.acc_seg: 92.1453  aux_0.loss_ce: 0.3258  aux_0.acc_seg: 82.5256
2026/07/25 16:26:12 - mmengine - INFO - Iter(train) [ 92800/160000]  lr: 3.7068e-02  eta: 7:03:16  time: 0.3807  data_time: 0.0286  memory: 9888  loss: 1.1749  decode.loss_ohem: 0.8097  decode.acc_seg: 91.6017  aux_0.loss_ce: 0.3652  aux_0.acc_seg: 89.0865
2026/07/25 16:26:50 - mmengine - INFO - Iter(train) [ 92900/160000]  lr: 3.7018e-02  eta: 7:02:38  time: 0.3783  data_time: 0.0268  memory: 9891  loss: 1.0949  decode.loss_ohem: 0.7950  decode.acc_seg: 93.2592  aux_0.loss_ce: 0.2999  aux_0.acc_seg: 89.0157
2026/07/25 16:27:28 - mmengine - INFO - Exp name: dsanet_cityscapes_512x1024_20260725_063741
2026/07/25 16:27:28 - mmengine - INFO - Iter(train) [ 93000/160000]  lr: 3.6968e-02  eta: 7:02:00  time: 0.3789  data_time: 0.0275  memory: 9888  loss: 1.0543  decode.loss_ohem: 0.7283  decode.acc_seg: 91.2651  aux_0.loss_ce: 0.3260  aux_0.acc_seg: 84.6812
2026/07/25 16:28:06 - mmengine - INFO - Iter(train) [ 93100/160000]  lr: 3.6919e-02  eta: 7:01:22  time: 0.3795  data_time: 0.0279  memory: 9888  loss: 1.0806  decode.loss_ohem: 0.7349  decode.acc_seg: 91.5139  aux_0.loss_ce: 0.3456  aux_0.acc_seg: 87.3812
2026/07/25 16:28:44 - mmengine - INFO - Iter(train) [ 93200/160000]  lr: 3.6869e-02  eta: 7:00:45  time: 0.3771  data_time: 0.0260  memory: 9888  loss: 1.0534  decode.loss_ohem: 0.7382  decode.acc_seg: 93.6403  aux_0.loss_ce: 0.3152  aux_0.acc_seg: 89.1332
2026/07/25 16:29:22 - mmengine - INFO - Iter(train) [ 93300/160000]  lr: 3.6820e-02  eta: 7:00:07  time: 0.3814  data_time: 0.0287  memory: 9890  loss: 1.1870  decode.loss_ohem: 0.8230  decode.acc_seg: 93.7070  aux_0.loss_ce: 0.3640  aux_0.acc_seg: 87.5217
2026/07/25 16:30:00 - mmengine - INFO - Iter(train) [ 93400/160000]  lr: 3.6770e-02  eta: 6:59:29  time: 0.3774  data_time: 0.0258  memory: 9890  loss: 1.0977  decode.loss_ohem: 0.7242  decode.acc_seg: 94.2947  aux_0.loss_ce: 0.3735  aux_0.acc_seg: 91.3703
2026/07/25 16:30:38 - mmengine - INFO - Iter(train) [ 93500/160000]  lr: 3.6720e-02  eta: 6:58:51  time: 0.3772  data_time: 0.0265  memory: 9890  loss: 1.1068  decode.loss_ohem: 0.7598  decode.acc_seg: 93.6125  aux_0.loss_ce: 0.3470  aux_0.acc_seg: 87.4497
2026/07/25 16:31:15 - mmengine - INFO - Iter(train) [ 93600/160000]  lr: 3.6670e-02  eta: 6:58:13  time: 0.3749  data_time: 0.0259  memory: 9888  loss: 1.1135  decode.loss_ohem: 0.7766  decode.acc_seg: 89.9563  aux_0.loss_ce: 0.3370  aux_0.acc_seg: 84.4947
2026/07/25 16:31:53 - mmengine - INFO - Iter(train) [ 93700/160000]  lr: 3.6621e-02  eta: 6:57:36  time: 0.3769  data_time: 0.0260  memory: 9890  loss: 0.9910  decode.loss_ohem: 0.6589  decode.acc_seg: 92.1324  aux_0.loss_ce: 0.3321  aux_0.acc_seg: 88.1832
2026/07/25 16:32:31 - mmengine - INFO - Iter(train) [ 93800/160000]  lr: 3.6571e-02  eta: 6:56:58  time: 0.3810  data_time: 0.0293  memory: 9888  loss: 1.0808  decode.loss_ohem: 0.7627  decode.acc_seg: 92.8356  aux_0.loss_ce: 0.3182  aux_0.acc_seg: 88.8747
2026/07/25 16:33:09 - mmengine - INFO - Iter(train) [ 93900/160000]  lr: 3.6521e-02  eta: 6:56:20  time: 0.3737  data_time: 0.0264  memory: 9889  loss: 1.0207  decode.loss_ohem: 0.7161  decode.acc_seg: 93.2325  aux_0.loss_ce: 0.3046  aux_0.acc_seg: 85.7425
2026/07/25 16:33:47 - mmengine - INFO - Exp name: dsanet_cityscapes_512x1024_20260725_063741
2026/07/25 16:33:47 - mmengine - INFO - Iter(train) [ 94000/160000]  lr: 3.6472e-02  eta: 6:55:42  time: 0.3830  data_time: 0.0283  memory: 9889  loss: 1.0284  decode.loss_ohem: 0.6926  decode.acc_seg: 90.2761  aux_0.loss_ce: 0.3358  aux_0.acc_seg: 85.0484
2026/07/25 16:34:24 - mmengine - INFO - Iter(train) [ 94100/160000]  lr: 3.6422e-02  eta: 6:55:04  time: 0.3768  data_time: 0.0281  memory: 9888  loss: 1.0892  decode.loss_ohem: 0.7433  decode.acc_seg: 92.1098  aux_0.loss_ce: 0.3459  aux_0.acc_seg: 84.0082
2026/07/25 16:35:02 - mmengine - INFO - Iter(train) [ 94200/160000]  lr: 3.6372e-02  eta: 6:54:27  time: 0.3841  data_time: 0.0311  memory: 9889  loss: 1.1490  decode.loss_ohem: 0.7932  decode.acc_seg: 88.1296  aux_0.loss_ce: 0.3558  aux_0.acc_seg: 83.0586
2026/07/25 16:35:40 - mmengine - INFO - Iter(train) [ 94300/160000]  lr: 3.6322e-02  eta: 6:53:49  time: 0.3777  data_time: 0.0269  memory: 9888  loss: 1.0695  decode.loss_ohem: 0.7488  decode.acc_seg: 89.4842  aux_0.loss_ce: 0.3207  aux_0.acc_seg: 84.9382
2026/07/25 16:36:18 - mmengine - INFO - Iter(train) [ 94400/160000]  lr: 3.6273e-02  eta: 6:53:11  time: 0.3780  data_time: 0.0270  memory: 9889  loss: 1.0348  decode.loss_ohem: 0.6941  decode.acc_seg: 92.4953  aux_0.loss_ce: 0.3407  aux_0.acc_seg: 86.6761
2026/07/25 16:36:56 - mmengine - INFO - Iter(train) [ 94500/160000]  lr: 3.6223e-02  eta: 6:52:33  time: 0.3768  data_time: 0.0254  memory: 9889  loss: 1.1262  decode.loss_ohem: 0.7847  decode.acc_seg: 92.5502  aux_0.loss_ce: 0.3415  aux_0.acc_seg: 84.2223
2026/07/25 16:37:34 - mmengine - INFO - Iter(train) [ 94600/160000]  lr: 3.6173e-02  eta: 6:51:56  time: 0.3763  data_time: 0.0265  memory: 9888  loss: 1.0591  decode.loss_ohem: 0.7299  decode.acc_seg: 93.8471  aux_0.loss_ce: 0.3292  aux_0.acc_seg: 91.0403
2026/07/25 16:38:12 - mmengine - INFO - Iter(train) [ 94700/160000]  lr: 3.6123e-02  eta: 6:51:18  time: 0.3790  data_time: 0.0268  memory: 9888  loss: 1.1183  decode.loss_ohem: 0.7755  decode.acc_seg: 91.2146  aux_0.loss_ce: 0.3428  aux_0.acc_seg: 89.1215
2026/07/25 16:38:50 - mmengine - INFO - Iter(train) [ 94800/160000]  lr: 3.6074e-02  eta: 6:50:40  time: 0.3789  data_time: 0.0276  memory: 9890  loss: 1.0729  decode.loss_ohem: 0.7241  decode.acc_seg: 93.4016  aux_0.loss_ce: 0.3488  aux_0.acc_seg: 89.0343
2026/07/25 16:39:27 - mmengine - INFO - Iter(train) [ 94900/160000]  lr: 3.6024e-02  eta: 6:50:03  time: 0.3778  data_time: 0.0264  memory: 9888  loss: 1.0531  decode.loss_ohem: 0.7544  decode.acc_seg: 92.2060  aux_0.loss_ce: 0.2987  aux_0.acc_seg: 89.8947
2026/07/25 16:40:05 - mmengine - INFO - Exp name: dsanet_cityscapes_512x1024_20260725_063741
2026/07/25 16:40:05 - mmengine - INFO - Iter(train) [ 95000/160000]  lr: 3.5974e-02  eta: 6:49:25  time: 0.3831  data_time: 0.0307  memory: 9890  loss: 1.0773  decode.loss_ohem: 0.7365  decode.acc_seg: 92.4571  aux_0.loss_ce: 0.3407  aux_0.acc_seg: 87.9257
2026/07/25 16:40:05 - mmengine - INFO - Saving checkpoint at 95000 iterations
2026/07/25 16:40:11 - mmengine - INFO - Iter(val) [100/250]    eta: 0:00:07  time: 0.0470  data_time: 0.0095  memory: 729  
2026/07/25 16:40:16 - mmengine - INFO - Iter(val) [200/250]    eta: 0:00:02  time: 0.0469  data_time: 0.0093  memory: 729  
2026/07/25 16:40:18 - mmengine - INFO - per class results:
2026/07/25 16:40:18 - mmengine - INFO - 
+---------------+-------+-------+
|     Class     |  IoU  |  Acc  |
+---------------+-------+-------+
|      road     | 97.36 | 98.62 |
|    sidewalk   |  79.9 | 89.19 |
|    building   | 90.07 | 95.63 |
|      wall     | 45.19 | 56.48 |
|     fence     | 54.94 | 72.41 |
|      pole     | 56.09 | 69.35 |
| traffic light | 53.18 | 65.17 |
|  traffic sign | 66.49 | 77.22 |
|   vegetation  | 90.71 | 94.66 |
|    terrain    | 58.63 | 68.67 |
|      sky      | 93.52 | 96.68 |
|     person    | 74.66 | 87.02 |
|     rider     | 50.03 | 62.36 |
|      car      |  91.3 | 97.33 |
|     truck     | 46.65 | 53.72 |
|      bus      | 69.14 | 84.63 |
|     train     | 50.08 | 52.81 |
|   motorcycle  | 34.31 | 38.88 |
|    bicycle    | 67.81 | 82.04 |
+---------------+-------+-------+
2026/07/25 16:40:18 - mmengine - INFO - Iter(val) [250/250]    aAcc: 94.5700  mIoU: 66.8500  mAcc: 75.9400  data_time: 0.0107  time: 0.0485
2026/07/25 16:40:56 - mmengine - INFO - Iter(train) [ 95100/160000]  lr: 3.5924e-02  eta: 6:48:47  time: 0.3797  data_time: 0.0282  memory: 9889  loss: 1.1156  decode.loss_ohem: 0.7610  decode.acc_seg: 93.2403  aux_0.loss_ce: 0.3546  aux_0.acc_seg: 85.2416
2026/07/25 16:41:34 - mmengine - INFO - Iter(train) [ 95200/160000]  lr: 3.5874e-02  eta: 6:48:10  time: 0.3852  data_time: 0.0316  memory: 9889  loss: 1.1035  decode.loss_ohem: 0.7634  decode.acc_seg: 90.2995  aux_0.loss_ce: 0.3402  aux_0.acc_seg: 87.1654
2026/07/25 16:42:12 - mmengine - INFO - Iter(train) [ 95300/160000]  lr: 3.5825e-02  eta: 6:47:32  time: 0.3790  data_time: 0.0272  memory: 9892  loss: 1.0854  decode.loss_ohem: 0.7546  decode.acc_seg: 92.4260  aux_0.loss_ce: 0.3308  aux_0.acc_seg: 89.2671
2026/07/25 16:42:50 - mmengine - INFO - Iter(train) [ 95400/160000]  lr: 3.5775e-02  eta: 6:46:54  time: 0.3739  data_time: 0.0264  memory: 9890  loss: 0.9887  decode.loss_ohem: 0.6736  decode.acc_seg: 93.2055  aux_0.loss_ce: 0.3151  aux_0.acc_seg: 89.3772
2026/07/25 16:43:28 - mmengine - INFO - Iter(train) [ 95500/160000]  lr: 3.5725e-02  eta: 6:46:16  time: 0.3788  data_time: 0.0264  memory: 9889  loss: 1.0417  decode.loss_ohem: 0.7144  decode.acc_seg: 92.5453  aux_0.loss_ce: 0.3274  aux_0.acc_seg: 90.1074
2026/07/25 16:44:06 - mmengine - INFO - Iter(train) [ 95600/160000]  lr: 3.5675e-02  eta: 6:45:39  time: 0.3795  data_time: 0.0274  memory: 9888  loss: 1.0921  decode.loss_ohem: 0.7752  decode.acc_seg: 92.1768  aux_0.loss_ce: 0.3169  aux_0.acc_seg: 88.5205
2026/07/25 16:44:44 - mmengine - INFO - Iter(train) [ 95700/160000]  lr: 3.5625e-02  eta: 6:45:01  time: 0.3789  data_time: 0.0280  memory: 9888  loss: 1.0554  decode.loss_ohem: 0.7781  decode.acc_seg: 94.8233  aux_0.loss_ce: 0.2773  aux_0.acc_seg: 92.1878
2026/07/25 16:45:22 - mmengine - INFO - Iter(train) [ 95800/160000]  lr: 3.5575e-02  eta: 6:44:24  time: 0.3779  data_time: 0.0280  memory: 9889  loss: 1.1056  decode.loss_ohem: 0.7755  decode.acc_seg: 92.1705  aux_0.loss_ce: 0.3301  aux_0.acc_seg: 88.2592
2026/07/25 16:46:00 - mmengine - INFO - Iter(train) [ 95900/160000]  lr: 3.5526e-02  eta: 6:43:46  time: 0.3813  data_time: 0.0291  memory: 9888  loss: 1.0079  decode.loss_ohem: 0.6925  decode.acc_seg: 93.2632  aux_0.loss_ce: 0.3154  aux_0.acc_seg: 88.7141
2026/07/25 16:46:38 - mmengine - INFO - Exp name: dsanet_cityscapes_512x1024_20260725_063741
2026/07/25 16:46:38 - mmengine - INFO - Iter(train) [ 96000/160000]  lr: 3.5476e-02  eta: 6:43:08  time: 0.3801  data_time: 0.0273  memory: 9888  loss: 1.1334  decode.loss_ohem: 0.7766  decode.acc_seg: 92.0549  aux_0.loss_ce: 0.3568  aux_0.acc_seg: 88.6702
2026/07/25 16:47:16 - mmengine - INFO - Iter(train) [ 96100/160000]  lr: 3.5426e-02  eta: 6:42:31  time: 0.3811  data_time: 0.0288  memory: 9888  loss: 1.1085  decode.loss_ohem: 0.7775  decode.acc_seg: 89.1698  aux_0.loss_ce: 0.3310  aux_0.acc_seg: 85.1977
2026/07/25 16:47:54 - mmengine - INFO - Iter(train) [ 96200/160000]  lr: 3.5376e-02  eta: 6:41:53  time: 0.3795  data_time: 0.0277  memory: 9888  loss: 0.9898  decode.loss_ohem: 0.6637  decode.acc_seg: 93.4102  aux_0.loss_ce: 0.3260  aux_0.acc_seg: 88.7998
2026/07/25 16:48:32 - mmengine - INFO - Iter(train) [ 96300/160000]  lr: 3.5326e-02  eta: 6:41:15  time: 0.3782  data_time: 0.0272  memory: 9889  loss: 1.0934  decode.loss_ohem: 0.7775  decode.acc_seg: 90.1888  aux_0.loss_ce: 0.3159  aux_0.acc_seg: 85.8000
2026/07/25 16:49:10 - mmengine - INFO - Iter(train) [ 96400/160000]  lr: 3.5276e-02  eta: 6:40:38  time: 0.3802  data_time: 0.0279  memory: 9888  loss: 1.0856  decode.loss_ohem: 0.7404  decode.acc_seg: 91.6883  aux_0.loss_ce: 0.3452  aux_0.acc_seg: 87.3786
2026/07/25 16:49:48 - mmengine - INFO - Iter(train) [ 96500/160000]  lr: 3.5226e-02  eta: 6:40:00  time: 0.3789  data_time: 0.0277  memory: 9889  loss: 1.0572  decode.loss_ohem: 0.7365  decode.acc_seg: 93.0367  aux_0.loss_ce: 0.3207  aux_0.acc_seg: 87.1968
2026/07/25 16:50:26 - mmengine - INFO - Iter(train) [ 96600/160000]  lr: 3.5176e-02  eta: 6:39:22  time: 0.3799  data_time: 0.0278  memory: 9890  loss: 1.0952  decode.loss_ohem: 0.7519  decode.acc_seg: 92.4761  aux_0.loss_ce: 0.3433  aux_0.acc_seg: 87.8005
2026/07/25 16:51:04 - mmengine - INFO - Iter(train) [ 96700/160000]  lr: 3.5126e-02  eta: 6:38:44  time: 0.3792  data_time: 0.0273  memory: 9889  loss: 1.2034  decode.loss_ohem: 0.8256  decode.acc_seg: 91.4299  aux_0.loss_ce: 0.3778  aux_0.acc_seg: 86.4955
2026/07/25 16:51:42 - mmengine - INFO - Iter(train) [ 96800/160000]  lr: 3.5076e-02  eta: 6:38:07  time: 0.3816  data_time: 0.0289  memory: 9889  loss: 1.0928  decode.loss_ohem: 0.7633  decode.acc_seg: 93.2554  aux_0.loss_ce: 0.3294  aux_0.acc_seg: 86.0671
2026/07/25 16:52:20 - mmengine - INFO - Iter(train) [ 96900/160000]  lr: 3.5027e-02  eta: 6:37:29  time: 0.3781  data_time: 0.0268  memory: 9888  loss: 1.0828  decode.loss_ohem: 0.7545  decode.acc_seg: 91.6502  aux_0.loss_ce: 0.3283  aux_0.acc_seg: 86.4599
2026/07/25 16:52:58 - mmengine - INFO - Exp name: dsanet_cityscapes_512x1024_20260725_063741
2026/07/25 16:52:58 - mmengine - INFO - Iter(train) [ 97000/160000]  lr: 3.4977e-02  eta: 6:36:51  time: 0.3815  data_time: 0.0288  memory: 9889  loss: 1.0850  decode.loss_ohem: 0.7390  decode.acc_seg: 92.2875  aux_0.loss_ce: 0.3460  aux_0.acc_seg: 88.6383
2026/07/25 16:53:35 - mmengine - INFO - Iter(train) [ 97100/160000]  lr: 3.4927e-02  eta: 6:36:13  time: 0.3819  data_time: 0.0291  memory: 9891  loss: 1.2187  decode.loss_ohem: 0.8482  decode.acc_seg: 92.5373  aux_0.loss_ce: 0.3706  aux_0.acc_seg: 87.1024
2026/07/25 16:54:13 - mmengine - INFO - Iter(train) [ 97200/160000]  lr: 3.4877e-02  eta: 6:35:36  time: 0.3833  data_time: 0.0302  memory: 9889  loss: 1.1871  decode.loss_ohem: 0.8389  decode.acc_seg: 94.6235  aux_0.loss_ce: 0.3482  aux_0.acc_seg: 90.3935
2026/07/25 16:54:51 - mmengine - INFO - Iter(train) [ 97300/160000]  lr: 3.4827e-02  eta: 6:34:58  time: 0.3788  data_time: 0.0272  memory: 9889  loss: 1.0375  decode.loss_ohem: 0.7072  decode.acc_seg: 94.8355  aux_0.loss_ce: 0.3302  aux_0.acc_seg: 90.5721
2026/07/25 16:55:29 - mmengine - INFO - Iter(train) [ 97400/160000]  lr: 3.4777e-02  eta: 6:34:20  time: 0.3768  data_time: 0.0260  memory: 9888  loss: 1.0403  decode.loss_ohem: 0.7217  decode.acc_seg: 92.5047  aux_0.loss_ce: 0.3186  aux_0.acc_seg: 86.8515
2026/07/25 16:56:07 - mmengine - INFO - Iter(train) [ 97500/160000]  lr: 3.4727e-02  eta: 6:33:42  time: 0.3781  data_time: 0.0267  memory: 9888  loss: 1.0987  decode.loss_ohem: 0.7504  decode.acc_seg: 91.4092  aux_0.loss_ce: 0.3483  aux_0.acc_seg: 86.8174
2026/07/25 16:56:45 - mmengine - INFO - Iter(train) [ 97600/160000]  lr: 3.4677e-02  eta: 6:33:05  time: 0.3760  data_time: 0.0261  memory: 9889  loss: 1.0408  decode.loss_ohem: 0.7218  decode.acc_seg: 93.0309  aux_0.loss_ce: 0.3190  aux_0.acc_seg: 89.8831
2026/07/25 16:57:23 - mmengine - INFO - Iter(train) [ 97700/160000]  lr: 3.4627e-02  eta: 6:32:27  time: 0.3766  data_time: 0.0262  memory: 9887  loss: 1.0985  decode.loss_ohem: 0.7652  decode.acc_seg: 92.2733  aux_0.loss_ce: 0.3333  aux_0.acc_seg: 90.2512
2026/07/25 16:58:01 - mmengine - INFO - Iter(train) [ 97800/160000]  lr: 3.4577e-02  eta: 6:31:49  time: 0.3817  data_time: 0.0284  memory: 9887  loss: 1.1845  decode.loss_ohem: 0.8312  decode.acc_seg: 90.4989  aux_0.loss_ce: 0.3533  aux_0.acc_seg: 84.2218
2026/07/25 16:58:39 - mmengine - INFO - Iter(train) [ 97900/160000]  lr: 3.4527e-02  eta: 6:31:11  time: 0.3801  data_time: 0.0285  memory: 9888  loss: 0.9807  decode.loss_ohem: 0.6796  decode.acc_seg: 94.9436  aux_0.loss_ce: 0.3011  aux_0.acc_seg: 91.7882
2026/07/25 16:59:17 - mmengine - INFO - Exp name: dsanet_cityscapes_512x1024_20260725_063741
2026/07/25 16:59:17 - mmengine - INFO - Iter(train) [ 98000/160000]  lr: 3.4477e-02  eta: 6:30:34  time: 0.3779  data_time: 0.0256  memory: 9888  loss: 1.1563  decode.loss_ohem: 0.7843  decode.acc_seg: 89.0986  aux_0.loss_ce: 0.3720  aux_0.acc_seg: 83.8557
2026/07/25 16:59:55 - mmengine - INFO - Iter(train) [ 98100/160000]  lr: 3.4427e-02  eta: 6:29:56  time: 0.3810  data_time: 0.0286  memory: 9888  loss: 1.0362  decode.loss_ohem: 0.7136  decode.acc_seg: 92.8469  aux_0.loss_ce: 0.3227  aux_0.acc_seg: 87.7019
2026/07/25 17:00:33 - mmengine - INFO - Iter(train) [ 98200/160000]  lr: 3.4377e-02  eta: 6:29:18  time: 0.3779  data_time: 0.0264  memory: 9888  loss: 1.0381  decode.loss_ohem: 0.7312  decode.acc_seg: 91.6592  aux_0.loss_ce: 0.3069  aux_0.acc_seg: 83.8891
2026/07/25 17:01:11 - mmengine - INFO - Iter(train) [ 98300/160000]  lr: 3.4327e-02  eta: 6:28:41  time: 0.3810  data_time: 0.0282  memory: 9888  loss: 1.1251  decode.loss_ohem: 0.8007  decode.acc_seg: 93.3451  aux_0.loss_ce: 0.3244  aux_0.acc_seg: 90.6382
2026/07/25 17:01:49 - mmengine - INFO - Iter(train) [ 98400/160000]  lr: 3.4276e-02  eta: 6:28:03  time: 0.3797  data_time: 0.0280  memory: 9890  loss: 0.9643  decode.loss_ohem: 0.6743  decode.acc_seg: 91.5722  aux_0.loss_ce: 0.2900  aux_0.acc_seg: 86.2382
2026/07/25 17:02:26 - mmengine - INFO - Iter(train) [ 98500/160000]  lr: 3.4226e-02  eta: 6:27:25  time: 0.3772  data_time: 0.0266  memory: 9888  loss: 1.0089  decode.loss_ohem: 0.6988  decode.acc_seg: 92.5538  aux_0.loss_ce: 0.3100  aux_0.acc_seg: 90.6433
2026/07/25 17:03:04 - mmengine - INFO - Iter(train) [ 98600/160000]  lr: 3.4176e-02  eta: 6:26:47  time: 0.3776  data_time: 0.0272  memory: 9889  loss: 1.0886  decode.loss_ohem: 0.7466  decode.acc_seg: 92.3004  aux_0.loss_ce: 0.3421  aux_0.acc_seg: 88.8719
2026/07/25 17:03:42 - mmengine - INFO - Iter(train) [ 98700/160000]  lr: 3.4126e-02  eta: 6:26:10  time: 0.3797  data_time: 0.0281  memory: 9888  loss: 1.1244  decode.loss_ohem: 0.8020  decode.acc_seg: 92.5985  aux_0.loss_ce: 0.3224  aux_0.acc_seg: 86.6455
2026/07/25 17:04:20 - mmengine - INFO - Iter(train) [ 98800/160000]  lr: 3.4076e-02  eta: 6:25:32  time: 0.3800  data_time: 0.0288  memory: 9889  loss: 1.1143  decode.loss_ohem: 0.7767  decode.acc_seg: 91.1391  aux_0.loss_ce: 0.3376  aux_0.acc_seg: 89.8061
2026/07/25 17:04:58 - mmengine - INFO - Iter(train) [ 98900/160000]  lr: 3.4026e-02  eta: 6:24:54  time: 0.3794  data_time: 0.0275  memory: 9890  loss: 1.0254  decode.loss_ohem: 0.7074  decode.acc_seg: 91.1761  aux_0.loss_ce: 0.3180  aux_0.acc_seg: 88.3389
2026/07/25 17:05:36 - mmengine - INFO - Exp name: dsanet_cityscapes_512x1024_20260725_063741
2026/07/25 17:05:36 - mmengine - INFO - Iter(train) [ 99000/160000]  lr: 3.3976e-02  eta: 6:24:16  time: 0.3759  data_time: 0.0255  memory: 9888  loss: 1.0548  decode.loss_ohem: 0.7528  decode.acc_seg: 94.0983  aux_0.loss_ce: 0.3020  aux_0.acc_seg: 90.6186
2026/07/25 17:06:14 - mmengine - INFO - Iter(train) [ 99100/160000]  lr: 3.3926e-02  eta: 6:23:39  time: 0.3813  data_time: 0.0292  memory: 9890  loss: 1.0416  decode.loss_ohem: 0.7112  decode.acc_seg: 93.1641  aux_0.loss_ce: 0.3304  aux_0.acc_seg: 90.1897
2026/07/25 17:06:52 - mmengine - INFO - Iter(train) [ 99200/160000]  lr: 3.3876e-02  eta: 6:23:01  time: 0.3768  data_time: 0.0264  memory: 9889  loss: 1.1160  decode.loss_ohem: 0.7701  decode.acc_seg: 92.7371  aux_0.loss_ce: 0.3458  aux_0.acc_seg: 87.5531
2026/07/25 17:07:30 - mmengine - INFO - Iter(train) [ 99300/160000]  lr: 3.3826e-02  eta: 6:22:23  time: 0.3811  data_time: 0.0299  memory: 9887  loss: 1.0859  decode.loss_ohem: 0.7472  decode.acc_seg: 90.2486  aux_0.loss_ce: 0.3387  aux_0.acc_seg: 85.6450
2026/07/25 17:08:08 - mmengine - INFO - Iter(train) [ 99400/160000]  lr: 3.3775e-02  eta: 6:21:45  time: 0.3801  data_time: 0.0283  memory: 9889  loss: 1.0740  decode.loss_ohem: 0.7496  decode.acc_seg: 91.9131  aux_0.loss_ce: 0.3244  aux_0.acc_seg: 85.5133
2026/07/25 17:08:46 - mmengine - INFO - Iter(train) [ 99500/160000]  lr: 3.3725e-02  eta: 6:21:08  time: 0.3791  data_time: 0.0268  memory: 9889  loss: 1.1376  decode.loss_ohem: 0.7819  decode.acc_seg: 92.3039  aux_0.loss_ce: 0.3557  aux_0.acc_seg: 88.5363
2026/07/25 17:09:24 - mmengine - INFO - Iter(train) [ 99600/160000]  lr: 3.3675e-02  eta: 6:20:30  time: 0.3766  data_time: 0.0259  memory: 9889  loss: 1.0646  decode.loss_ohem: 0.7356  decode.acc_seg: 91.3155  aux_0.loss_ce: 0.3290  aux_0.acc_seg: 86.1759
2026/07/25 17:10:02 - mmengine - INFO - Iter(train) [ 99700/160000]  lr: 3.3625e-02  eta: 6:19:52  time: 0.3774  data_time: 0.0271  memory: 9888  loss: 0.9950  decode.loss_ohem: 0.6887  decode.acc_seg: 92.8929  aux_0.loss_ce: 0.3063  aux_0.acc_seg: 88.4586
2026/07/25 17:10:39 - mmengine - INFO - Iter(train) [ 99800/160000]  lr: 3.3575e-02  eta: 6:19:15  time: 0.3779  data_time: 0.0271  memory: 9888  loss: 1.0448  decode.loss_ohem: 0.7450  decode.acc_seg: 91.5605  aux_0.loss_ce: 0.2998  aux_0.acc_seg: 86.1460
2026/07/25 17:11:17 - mmengine - INFO - Iter(train) [ 99900/160000]  lr: 3.3525e-02  eta: 6:18:37  time: 0.3774  data_time: 0.0260  memory: 9889  loss: 0.9872  decode.loss_ohem: 0.6678  decode.acc_seg: 94.4809  aux_0.loss_ce: 0.3194  aux_0.acc_seg: 89.8261
2026/07/25 17:11:55 - mmengine - INFO - Exp name: dsanet_cityscapes_512x1024_20260725_063741
2026/07/25 17:11:55 - mmengine - INFO - Iter(train) [100000/160000]  lr: 3.3474e-02  eta: 6:17:59  time: 0.3760  data_time: 0.0248  memory: 9888  loss: 1.0836  decode.loss_ohem: 0.7534  decode.acc_seg: 92.3956  aux_0.loss_ce: 0.3302  aux_0.acc_seg: 88.7357
2026/07/25 17:11:55 - mmengine - INFO - Saving checkpoint at 100000 iterations
2026/07/25 17:12:01 - mmengine - INFO - Iter(val) [100/250]    eta: 0:00:07  time: 0.0463  data_time: 0.0089  memory: 729  
2026/07/25 17:12:05 - mmengine - INFO - Iter(val) [200/250]    eta: 0:00:02  time: 0.0466  data_time: 0.0090  memory: 729  
2026/07/25 17:12:08 - mmengine - INFO - per class results:
2026/07/25 17:12:08 - mmengine - INFO - 
+---------------+-------+-------+
|     Class     |  IoU  |  Acc  |
+---------------+-------+-------+
|      road     | 97.37 | 98.79 |
|    sidewalk   | 79.24 | 89.45 |
|    building   | 89.06 | 95.29 |
|      wall     | 33.57 | 37.62 |
|     fence     | 47.29 | 57.55 |
|      pole     | 55.27 | 67.03 |
| traffic light | 47.58 | 55.13 |
|  traffic sign | 65.85 | 71.44 |
|   vegetation  | 90.09 | 94.96 |
|    terrain    | 53.99 | 63.05 |
|      sky      |  90.7 | 98.15 |
|     person    | 70.94 | 90.16 |
|     rider     | 43.72 | 51.73 |
|      car      | 89.96 | 93.15 |
|     truck     | 47.52 | 68.67 |
|      bus      | 59.76 | 87.03 |
|     train     | 49.33 | 72.24 |
|   motorcycle  | 29.23 | 30.75 |
|    bicycle    |  68.3 | 80.96 |
+---------------+-------+-------+
2026/07/25 17:12:08 - mmengine - INFO - Iter(val) [250/250]    aAcc: 94.0800  mIoU: 63.6200  mAcc: 73.8500  data_time: 0.0102  time: 0.0479
2026/07/25 17:12:46 - mmengine - INFO - Iter(train) [100100/160000]  lr: 3.3424e-02  eta: 6:17:21  time: 0.3777  data_time: 0.0266  memory: 9888  loss: 1.1311  decode.loss_ohem: 0.7655  decode.acc_seg: 92.1601  aux_0.loss_ce: 0.3656  aux_0.acc_seg: 87.2196
2026/07/25 17:13:23 - mmengine - INFO - Iter(train) [100200/160000]  lr: 3.3374e-02  eta: 6:16:44  time: 0.3781  data_time: 0.0265  memory: 9889  loss: 1.1120  decode.loss_ohem: 0.7606  decode.acc_seg: 91.7173  aux_0.loss_ce: 0.3514  aux_0.acc_seg: 86.8292
2026/07/25 17:14:01 - mmengine - INFO - Iter(train) [100300/160000]  lr: 3.3324e-02  eta: 6:16:06  time: 0.3801  data_time: 0.0271  memory: 9888  loss: 1.0584  decode.loss_ohem: 0.7359  decode.acc_seg: 93.1017  aux_0.loss_ce: 0.3225  aux_0.acc_seg: 90.0791
2026/07/25 17:14:39 - mmengine - INFO - Iter(train) [100400/160000]  lr: 3.3274e-02  eta: 6:15:28  time: 0.3774  data_time: 0.0260  memory: 9888  loss: 1.0813  decode.loss_ohem: 0.7573  decode.acc_seg: 90.9760  aux_0.loss_ce: 0.3240  aux_0.acc_seg: 88.0848
2026/07/25 17:15:17 - mmengine - INFO - Iter(train) [100500/160000]  lr: 3.3223e-02  eta: 6:14:50  time: 0.3844  data_time: 0.0313  memory: 9889  loss: 1.1117  decode.loss_ohem: 0.7994  decode.acc_seg: 94.3329  aux_0.loss_ce: 0.3123  aux_0.acc_seg: 90.8888
2026/07/25 17:15:55 - mmengine - INFO - Iter(train) [100600/160000]  lr: 3.3173e-02  eta: 6:14:13  time: 0.3784  data_time: 0.0260  memory: 9888  loss: 1.0383  decode.loss_ohem: 0.7116  decode.acc_seg: 92.8394  aux_0.loss_ce: 0.3267  aux_0.acc_seg: 87.8747
2026/07/25 17:16:33 - mmengine - INFO - Iter(train) [100700/160000]  lr: 3.3123e-02  eta: 6:13:35  time: 0.3785  data_time: 0.0275  memory: 9889  loss: 1.0756  decode.loss_ohem: 0.7309  decode.acc_seg: 91.9322  aux_0.loss_ce: 0.3447  aux_0.acc_seg: 87.0350
2026/07/25 17:17:11 - mmengine - INFO - Iter(train) [100800/160000]  lr: 3.3073e-02  eta: 6:12:57  time: 0.3782  data_time: 0.0271  memory: 9889  loss: 1.0294  decode.loss_ohem: 0.7088  decode.acc_seg: 93.8399  aux_0.loss_ce: 0.3206  aux_0.acc_seg: 91.9864
2026/07/25 17:17:49 - mmengine - INFO - Iter(train) [100900/160000]  lr: 3.3022e-02  eta: 6:12:20  time: 0.3762  data_time: 0.0254  memory: 9888  loss: 1.0383  decode.loss_ohem: 0.7248  decode.acc_seg: 89.6135  aux_0.loss_ce: 0.3135  aux_0.acc_seg: 84.1275
2026/07/25 17:18:27 - mmengine - INFO - Exp name: dsanet_cityscapes_512x1024_20260725_063741
2026/07/25 17:18:27 - mmengine - INFO - Iter(train) [101000/160000]  lr: 3.2972e-02  eta: 6:11:42  time: 0.3806  data_time: 0.0277  memory: 9888  loss: 0.9783  decode.loss_ohem: 0.6822  decode.acc_seg: 92.3569  aux_0.loss_ce: 0.2961  aux_0.acc_seg: 86.9906
2026/07/25 17:19:05 - mmengine - INFO - Iter(train) [101100/160000]  lr: 3.2922e-02  eta: 6:11:04  time: 0.3788  data_time: 0.0272  memory: 9890  loss: 1.1085  decode.loss_ohem: 0.7731  decode.acc_seg: 92.1487  aux_0.loss_ce: 0.3354  aux_0.acc_seg: 87.6655
2026/07/25 17:19:43 - mmengine - INFO - Iter(train) [101200/160000]  lr: 3.2871e-02  eta: 6:10:26  time: 0.3831  data_time: 0.0300  memory: 9888  loss: 1.0691  decode.loss_ohem: 0.7164  decode.acc_seg: 90.9833  aux_0.loss_ce: 0.3527  aux_0.acc_seg: 85.6771
2026/07/25 17:20:21 - mmengine - INFO - Iter(train) [101300/160000]  lr: 3.2821e-02  eta: 6:09:49  time: 0.3781  data_time: 0.0273  memory: 9888  loss: 1.0604  decode.loss_ohem: 0.7550  decode.acc_seg: 93.6269  aux_0.loss_ce: 0.3055  aux_0.acc_seg: 87.4214
2026/07/25 17:20:59 - mmengine - INFO - Iter(train) [101400/160000]  lr: 3.2771e-02  eta: 6:09:11  time: 0.3809  data_time: 0.0282  memory: 9889  loss: 1.0519  decode.loss_ohem: 0.7300  decode.acc_seg: 93.2571  aux_0.loss_ce: 0.3219  aux_0.acc_seg: 89.6860
2026/07/25 17:21:37 - mmengine - INFO - Iter(train) [101500/160000]  lr: 3.2720e-02  eta: 6:08:33  time: 0.3786  data_time: 0.0277  memory: 9888  loss: 1.0318  decode.loss_ohem: 0.7262  decode.acc_seg: 93.6145  aux_0.loss_ce: 0.3057  aux_0.acc_seg: 90.7461
2026/07/25 17:22:15 - mmengine - INFO - Iter(train) [101600/160000]  lr: 3.2670e-02  eta: 6:07:55  time: 0.3777  data_time: 0.0266  memory: 9889  loss: 1.0587  decode.loss_ohem: 0.7085  decode.acc_seg: 92.5237  aux_0.loss_ce: 0.3501  aux_0.acc_seg: 89.3656
2026/07/25 17:22:53 - mmengine - INFO - Iter(train) [101700/160000]  lr: 3.2620e-02  eta: 6:07:17  time: 0.3810  data_time: 0.0291  memory: 9889  loss: 1.1377  decode.loss_ohem: 0.8218  decode.acc_seg: 88.2447  aux_0.loss_ce: 0.3160  aux_0.acc_seg: 81.0864
2026/07/25 17:23:30 - mmengine - INFO - Iter(train) [101800/160000]  lr: 3.2569e-02  eta: 6:06:40  time: 0.3800  data_time: 0.0282  memory: 9889  loss: 0.9927  decode.loss_ohem: 0.6977  decode.acc_seg: 91.4369  aux_0.loss_ce: 0.2950  aux_0.acc_seg: 85.2164
2026/07/25 17:24:08 - mmengine - INFO - Iter(train) [101900/160000]  lr: 3.2519e-02  eta: 6:06:02  time: 0.3782  data_time: 0.0275  memory: 9889  loss: 0.9814  decode.loss_ohem: 0.7015  decode.acc_seg: 92.7122  aux_0.loss_ce: 0.2799  aux_0.acc_seg: 89.6145
2026/07/25 17:24:46 - mmengine - INFO - Exp name: dsanet_cityscapes_512x1024_20260725_063741
2026/07/25 17:24:46 - mmengine - INFO - Iter(train) [102000/160000]  lr: 3.2469e-02  eta: 6:05:24  time: 0.3792  data_time: 0.0284  memory: 9889  loss: 1.0125  decode.loss_ohem: 0.7219  decode.acc_seg: 93.9848  aux_0.loss_ce: 0.2906  aux_0.acc_seg: 90.9944
2026/07/25 17:25:24 - mmengine - INFO - Iter(train) [102100/160000]  lr: 3.2418e-02  eta: 6:04:47  time: 0.3811  data_time: 0.0275  memory: 9890  loss: 1.0713  decode.loss_ohem: 0.7378  decode.acc_seg: 93.6147  aux_0.loss_ce: 0.3334  aux_0.acc_seg: 89.1919
2026/07/25 17:26:02 - mmengine - INFO - Iter(train) [102200/160000]  lr: 3.2368e-02  eta: 6:04:09  time: 0.3687  data_time: 0.0261  memory: 9890  loss: 1.1365  decode.loss_ohem: 0.7815  decode.acc_seg: 92.6656  aux_0.loss_ce: 0.3551  aux_0.acc_seg: 88.0616
2026/07/25 17:26:40 - mmengine - INFO - Iter(train) [102300/160000]  lr: 3.2318e-02  eta: 6:03:31  time: 0.3799  data_time: 0.0289  memory: 9889  loss: 0.9477  decode.loss_ohem: 0.6632  decode.acc_seg: 94.7375  aux_0.loss_ce: 0.2845  aux_0.acc_seg: 90.6227
2026/07/25 17:27:18 - mmengine - INFO - Iter(train) [102400/160000]  lr: 3.2267e-02  eta: 6:02:53  time: 0.3795  data_time: 0.0275  memory: 9888  loss: 1.0894  decode.loss_ohem: 0.7639  decode.acc_seg: 91.9220  aux_0.loss_ce: 0.3255  aux_0.acc_seg: 84.1135
2026/07/25 17:27:56 - mmengine - INFO - Iter(train) [102500/160000]  lr: 3.2217e-02  eta: 6:02:15  time: 0.3761  data_time: 0.0261  memory: 9887  loss: 1.0450  decode.loss_ohem: 0.7469  decode.acc_seg: 93.9781  aux_0.loss_ce: 0.2981  aux_0.acc_seg: 89.9737
2026/07/25 17:28:34 - mmengine - INFO - Iter(train) [102600/160000]  lr: 3.2166e-02  eta: 6:01:38  time: 0.3787  data_time: 0.0280  memory: 9889  loss: 1.1661  decode.loss_ohem: 0.8116  decode.acc_seg: 93.3475  aux_0.loss_ce: 0.3545  aux_0.acc_seg: 89.9966
2026/07/25 17:29:11 - mmengine - INFO - Iter(train) [102700/160000]  lr: 3.2116e-02  eta: 6:01:00  time: 0.3804  data_time: 0.0291  memory: 9887  loss: 1.0230  decode.loss_ohem: 0.7245  decode.acc_seg: 93.6843  aux_0.loss_ce: 0.2985  aux_0.acc_seg: 91.3635
2026/07/25 17:29:49 - mmengine - INFO - Iter(train) [102800/160000]  lr: 3.2066e-02  eta: 6:00:22  time: 0.3816  data_time: 0.0284  memory: 9889  loss: 1.0564  decode.loss_ohem: 0.7237  decode.acc_seg: 91.0654  aux_0.loss_ce: 0.3327  aux_0.acc_seg: 83.6319
2026/07/25 17:30:27 - mmengine - INFO - Iter(train) [102900/160000]  lr: 3.2015e-02  eta: 5:59:44  time: 0.3782  data_time: 0.0276  memory: 9888  loss: 1.0156  decode.loss_ohem: 0.7294  decode.acc_seg: 94.6703  aux_0.loss_ce: 0.2862  aux_0.acc_seg: 90.6365
2026/07/25 17:31:05 - mmengine - INFO - Exp name: dsanet_cityscapes_512x1024_20260725_063741
2026/07/25 17:31:05 - mmengine - INFO - Iter(train) [103000/160000]  lr: 3.1965e-02  eta: 5:59:07  time: 0.3793  data_time: 0.0277  memory: 9888  loss: 1.0723  decode.loss_ohem: 0.7564  decode.acc_seg: 93.3251  aux_0.loss_ce: 0.3159  aux_0.acc_seg: 90.1378
2026/07/25 17:31:43 - mmengine - INFO - Iter(train) [103100/160000]  lr: 3.1914e-02  eta: 5:58:29  time: 0.3792  data_time: 0.0275  memory: 9887  loss: 1.1496  decode.loss_ohem: 0.8018  decode.acc_seg: 94.5178  aux_0.loss_ce: 0.3478  aux_0.acc_seg: 92.0764
2026/07/25 17:32:21 - mmengine - INFO - Iter(train) [103200/160000]  lr: 3.1864e-02  eta: 5:57:51  time: 0.3774  data_time: 0.0268  memory: 9888  loss: 1.0198  decode.loss_ohem: 0.7239  decode.acc_seg: 93.7930  aux_0.loss_ce: 0.2959  aux_0.acc_seg: 88.8162
2026/07/25 17:32:59 - mmengine - INFO - Iter(train) [103300/160000]  lr: 3.1813e-02  eta: 5:57:13  time: 0.3768  data_time: 0.0268  memory: 9888  loss: 1.0596  decode.loss_ohem: 0.7247  decode.acc_seg: 90.8755  aux_0.loss_ce: 0.3349  aux_0.acc_seg: 86.8168
2026/07/25 17:33:36 - mmengine - INFO - Iter(train) [103400/160000]  lr: 3.1763e-02  eta: 5:56:35  time: 0.3766  data_time: 0.0269  memory: 9888  loss: 0.9984  decode.loss_ohem: 0.7253  decode.acc_seg: 92.9722  aux_0.loss_ce: 0.2731  aux_0.acc_seg: 89.2102
2026/07/25 17:34:14 - mmengine - INFO - Iter(train) [103500/160000]  lr: 3.1712e-02  eta: 5:55:58  time: 0.3804  data_time: 0.0285  memory: 9888  loss: 1.1654  decode.loss_ohem: 0.8147  decode.acc_seg: 90.1256  aux_0.loss_ce: 0.3507  aux_0.acc_seg: 85.1095
2026/07/25 17:34:52 - mmengine - INFO - Iter(train) [103600/160000]  lr: 3.1662e-02  eta: 5:55:20  time: 0.3787  data_time: 0.0274  memory: 9889  loss: 1.0348  decode.loss_ohem: 0.7271  decode.acc_seg: 90.3959  aux_0.loss_ce: 0.3077  aux_0.acc_seg: 85.9115
2026/07/25 17:35:30 - mmengine - INFO - Iter(train) [103700/160000]  lr: 3.1611e-02  eta: 5:54:42  time: 0.3791  data_time: 0.0274  memory: 9889  loss: 1.1283  decode.loss_ohem: 0.7998  decode.acc_seg: 93.1792  aux_0.loss_ce: 0.3284  aux_0.acc_seg: 88.7683
2026/07/25 17:36:08 - mmengine - INFO - Iter(train) [103800/160000]  lr: 3.1561e-02  eta: 5:54:04  time: 0.3794  data_time: 0.0280  memory: 9889  loss: 1.0877  decode.loss_ohem: 0.7427  decode.acc_seg: 91.9244  aux_0.loss_ce: 0.3450  aux_0.acc_seg: 88.3480
2026/07/25 17:36:46 - mmengine - INFO - Iter(train) [103900/160000]  lr: 3.1510e-02  eta: 5:53:26  time: 0.3798  data_time: 0.0269  memory: 9888  loss: 1.1183  decode.loss_ohem: 0.7770  decode.acc_seg: 93.2454  aux_0.loss_ce: 0.3414  aux_0.acc_seg: 88.8137
2026/07/25 17:37:24 - mmengine - INFO - Exp name: dsanet_cityscapes_512x1024_20260725_063741
2026/07/25 17:37:24 - mmengine - INFO - Iter(train) [104000/160000]  lr: 3.1460e-02  eta: 5:52:49  time: 0.3794  data_time: 0.0283  memory: 9888  loss: 1.0827  decode.loss_ohem: 0.7326  decode.acc_seg: 91.6253  aux_0.loss_ce: 0.3501  aux_0.acc_seg: 81.6638
2026/07/25 17:38:02 - mmengine - INFO - Iter(train) [104100/160000]  lr: 3.1409e-02  eta: 5:52:11  time: 0.3771  data_time: 0.0267  memory: 9888  loss: 1.0579  decode.loss_ohem: 0.7491  decode.acc_seg: 93.1767  aux_0.loss_ce: 0.3087  aux_0.acc_seg: 88.9515
2026/07/25 17:38:39 - mmengine - INFO - Iter(train) [104200/160000]  lr: 3.1359e-02  eta: 5:51:33  time: 0.3778  data_time: 0.0272  memory: 9888  loss: 1.0120  decode.loss_ohem: 0.6910  decode.acc_seg: 93.2062  aux_0.loss_ce: 0.3210  aux_0.acc_seg: 86.3631
2026/07/25 17:39:17 - mmengine - INFO - Iter(train) [104300/160000]  lr: 3.1308e-02  eta: 5:50:55  time: 0.3844  data_time: 0.0302  memory: 9888  loss: 1.0634  decode.loss_ohem: 0.7152  decode.acc_seg: 90.4447  aux_0.loss_ce: 0.3483  aux_0.acc_seg: 86.0010
2026/07/25 17:39:55 - mmengine - INFO - Iter(train) [104400/160000]  lr: 3.1257e-02  eta: 5:50:18  time: 0.3772  data_time: 0.0269  memory: 9891  loss: 1.0775  decode.loss_ohem: 0.7544  decode.acc_seg: 93.9725  aux_0.loss_ce: 0.3231  aux_0.acc_seg: 91.4275
2026/07/25 17:40:33 - mmengine - INFO - Iter(train) [104500/160000]  lr: 3.1207e-02  eta: 5:49:40  time: 0.3775  data_time: 0.0270  memory: 9889  loss: 1.0339  decode.loss_ohem: 0.7036  decode.acc_seg: 93.9068  aux_0.loss_ce: 0.3303  aux_0.acc_seg: 90.2829
2026/07/25 17:41:11 - mmengine - INFO - Iter(train) [104600/160000]  lr: 3.1156e-02  eta: 5:49:02  time: 0.3799  data_time: 0.0283  memory: 9889  loss: 1.0917  decode.loss_ohem: 0.7622  decode.acc_seg: 90.4755  aux_0.loss_ce: 0.3295  aux_0.acc_seg: 83.8743
2026/07/25 17:41:49 - mmengine - INFO - Iter(train) [104700/160000]  lr: 3.1106e-02  eta: 5:48:24  time: 0.3811  data_time: 0.0295  memory: 9889  loss: 1.0427  decode.loss_ohem: 0.7174  decode.acc_seg: 94.4922  aux_0.loss_ce: 0.3253  aux_0.acc_seg: 91.0455
2026/07/25 17:42:27 - mmengine - INFO - Iter(train) [104800/160000]  lr: 3.1055e-02  eta: 5:47:47  time: 0.3793  data_time: 0.0282  memory: 9888  loss: 1.0370  decode.loss_ohem: 0.7219  decode.acc_seg: 91.8584  aux_0.loss_ce: 0.3151  aux_0.acc_seg: 87.4497
2026/07/25 17:43:05 - mmengine - INFO - Iter(train) [104900/160000]  lr: 3.1004e-02  eta: 5:47:09  time: 0.3785  data_time: 0.0278  memory: 9888  loss: 1.0515  decode.loss_ohem: 0.7391  decode.acc_seg: 93.2783  aux_0.loss_ce: 0.3123  aux_0.acc_seg: 90.1175
2026/07/25 17:43:42 - mmengine - INFO - Exp name: dsanet_cityscapes_512x1024_20260725_063741
2026/07/25 17:43:42 - mmengine - INFO - Iter(train) [105000/160000]  lr: 3.0954e-02  eta: 5:46:31  time: 0.3785  data_time: 0.0264  memory: 9888  loss: 1.0523  decode.loss_ohem: 0.7114  decode.acc_seg: 92.5606  aux_0.loss_ce: 0.3409  aux_0.acc_seg: 89.0876
2026/07/25 17:43:42 - mmengine - INFO - Saving checkpoint at 105000 iterations
2026/07/25 17:43:48 - mmengine - INFO - Iter(val) [100/250]    eta: 0:00:07  time: 0.0470  data_time: 0.0094  memory: 729  
2026/07/25 17:43:52 - mmengine - INFO - Iter(val) [200/250]    eta: 0:00:02  time: 0.0468  data_time: 0.0092  memory: 729  
2026/07/25 17:43:55 - mmengine - INFO - per class results:
2026/07/25 17:43:55 - mmengine - INFO - 
+---------------+-------+-------+
|     Class     |  IoU  |  Acc  |
+---------------+-------+-------+
|      road     | 97.13 | 98.55 |
|    sidewalk   | 78.86 | 88.51 |
|    building   |  89.6 | 94.48 |
|      wall     | 37.05 | 42.92 |
|     fence     | 52.71 | 61.83 |
|      pole     | 56.79 | 69.81 |
| traffic light | 51.83 | 77.41 |
|  traffic sign | 65.71 | 71.79 |
|   vegetation  | 89.89 | 95.27 |
|    terrain    |  55.3 | 71.27 |
|      sky      | 92.84 | 97.32 |
|     person    |  72.8 | 86.15 |
|     rider     |  48.2 | 79.92 |
|      car      | 92.24 | 96.62 |
|     truck     | 45.16 | 60.17 |
|      bus      |  63.7 | 82.19 |
|     train     | 47.07 | 88.28 |
|   motorcycle  | 32.21 | 34.35 |
|    bicycle    | 68.52 |  82.8 |
+---------------+-------+-------+
2026/07/25 17:43:55 - mmengine - INFO - Iter(val) [250/250]    aAcc: 94.2500  mIoU: 65.1400  mAcc: 77.8800  data_time: 0.0105  time: 0.0480
2026/07/25 17:44:33 - mmengine - INFO - Iter(train) [105100/160000]  lr: 3.0903e-02  eta: 5:45:53  time: 0.3808  data_time: 0.0293  memory: 9888  loss: 0.9877  decode.loss_ohem: 0.7105  decode.acc_seg: 91.2848  aux_0.loss_ce: 0.2772  aux_0.acc_seg: 88.4365
2026/07/25 17:45:11 - mmengine - INFO - Iter(train) [105200/160000]  lr: 3.0852e-02  eta: 5:45:15  time: 0.3771  data_time: 0.0257  memory: 9888  loss: 1.0643  decode.loss_ohem: 0.7560  decode.acc_seg: 92.3353  aux_0.loss_ce: 0.3083  aux_0.acc_seg: 88.5339
2026/07/25 17:45:48 - mmengine - INFO - Iter(train) [105300/160000]  lr: 3.0802e-02  eta: 5:44:38  time: 0.3782  data_time: 0.0273  memory: 9889  loss: 1.0765  decode.loss_ohem: 0.7664  decode.acc_seg: 93.1854  aux_0.loss_ce: 0.3101  aux_0.acc_seg: 90.3599
2026/07/25 17:46:26 - mmengine - INFO - Iter(train) [105400/160000]  lr: 3.0751e-02  eta: 5:44:00  time: 0.3788  data_time: 0.0275  memory: 9888  loss: 1.1228  decode.loss_ohem: 0.7743  decode.acc_seg: 93.9876  aux_0.loss_ce: 0.3485  aux_0.acc_seg: 88.8891
2026/07/25 17:47:04 - mmengine - INFO - Iter(train) [105500/160000]  lr: 3.0700e-02  eta: 5:43:22  time: 0.3797  data_time: 0.0286  memory: 9887  loss: 1.0257  decode.loss_ohem: 0.7305  decode.acc_seg: 92.9223  aux_0.loss_ce: 0.2952  aux_0.acc_seg: 85.1799
2026/07/25 17:47:42 - mmengine - INFO - Iter(train) [105600/160000]  lr: 3.0650e-02  eta: 5:42:44  time: 0.3786  data_time: 0.0279  memory: 9889  loss: 1.0316  decode.loss_ohem: 0.7019  decode.acc_seg: 92.5271  aux_0.loss_ce: 0.3297  aux_0.acc_seg: 89.0320
2026/07/25 17:48:20 - mmengine - INFO - Iter(train) [105700/160000]  lr: 3.0599e-02  eta: 5:42:06  time: 0.3781  data_time: 0.0282  memory: 9888  loss: 1.0055  decode.loss_ohem: 0.7123  decode.acc_seg: 93.1899  aux_0.loss_ce: 0.2932  aux_0.acc_seg: 88.2731
2026/07/25 17:48:58 - mmengine - INFO - Iter(train) [105800/160000]  lr: 3.0548e-02  eta: 5:41:29  time: 0.3781  data_time: 0.0278  memory: 9891  loss: 1.0484  decode.loss_ohem: 0.7224  decode.acc_seg: 94.0109  aux_0.loss_ce: 0.3259  aux_0.acc_seg: 88.4742
2026/07/25 17:49:36 - mmengine - INFO - Iter(train) [105900/160000]  lr: 3.0498e-02  eta: 5:40:51  time: 0.3779  data_time: 0.0271  memory: 9889  loss: 1.0337  decode.loss_ohem: 0.7184  decode.acc_seg: 93.0922  aux_0.loss_ce: 0.3154  aux_0.acc_seg: 86.6029
2026/07/25 17:50:13 - mmengine - INFO - Exp name: dsanet_cityscapes_512x1024_20260725_063741
2026/07/25 17:50:13 - mmengine - INFO - Iter(train) [106000/160000]  lr: 3.0447e-02  eta: 5:40:13  time: 0.3781  data_time: 0.0277  memory: 9888  loss: 1.0578  decode.loss_ohem: 0.7440  decode.acc_seg: 92.4255  aux_0.loss_ce: 0.3138  aux_0.acc_seg: 87.6675
2026/07/25 17:50:51 - mmengine - INFO - Iter(train) [106100/160000]  lr: 3.0396e-02  eta: 5:39:35  time: 0.3760  data_time: 0.0266  memory: 9887  loss: 1.0561  decode.loss_ohem: 0.7498  decode.acc_seg: 92.8391  aux_0.loss_ce: 0.3063  aux_0.acc_seg: 89.5821
2026/07/25 17:51:29 - mmengine - INFO - Iter(train) [106200/160000]  lr: 3.0345e-02  eta: 5:38:57  time: 0.3777  data_time: 0.0277  memory: 9889  loss: 1.0537  decode.loss_ohem: 0.7216  decode.acc_seg: 92.9913  aux_0.loss_ce: 0.3321  aux_0.acc_seg: 90.2919
2026/07/25 17:52:07 - mmengine - INFO - Iter(train) [106300/160000]  lr: 3.0295e-02  eta: 5:38:20  time: 0.3771  data_time: 0.0271  memory: 9888  loss: 1.0326  decode.loss_ohem: 0.7294  decode.acc_seg: 93.2820  aux_0.loss_ce: 0.3031  aux_0.acc_seg: 87.8264
2026/07/25 17:52:45 - mmengine - INFO - Iter(train) [106400/160000]  lr: 3.0244e-02  eta: 5:37:42  time: 0.3757  data_time: 0.0261  memory: 9888  loss: 1.0165  decode.loss_ohem: 0.7076  decode.acc_seg: 92.1611  aux_0.loss_ce: 0.3089  aux_0.acc_seg: 89.4676
2026/07/25 17:53:23 - mmengine - INFO - Iter(train) [106500/160000]  lr: 3.0193e-02  eta: 5:37:04  time: 0.3779  data_time: 0.0278  memory: 9888  loss: 1.0824  decode.loss_ohem: 0.7649  decode.acc_seg: 92.4999  aux_0.loss_ce: 0.3175  aux_0.acc_seg: 88.6189
2026/07/25 17:54:00 - mmengine - INFO - Iter(train) [106600/160000]  lr: 3.0142e-02  eta: 5:36:26  time: 0.3773  data_time: 0.0279  memory: 9891  loss: 1.0677  decode.loss_ohem: 0.7388  decode.acc_seg: 92.4161  aux_0.loss_ce: 0.3288  aux_0.acc_seg: 87.7891
2026/07/25 17:54:38 - mmengine - INFO - Iter(train) [106700/160000]  lr: 3.0092e-02  eta: 5:35:48  time: 0.3761  data_time: 0.0262  memory: 9888  loss: 1.1407  decode.loss_ohem: 0.7867  decode.acc_seg: 92.4276  aux_0.loss_ce: 0.3540  aux_0.acc_seg: 84.0887
2026/07/25 17:55:16 - mmengine - INFO - Iter(train) [106800/160000]  lr: 3.0041e-02  eta: 5:35:11  time: 0.3785  data_time: 0.0275  memory: 9889  loss: 1.0939  decode.loss_ohem: 0.7394  decode.acc_seg: 91.1915  aux_0.loss_ce: 0.3545  aux_0.acc_seg: 86.5104
2026/07/25 17:55:54 - mmengine - INFO - Iter(train) [106900/160000]  lr: 2.9990e-02  eta: 5:34:33  time: 0.3776  data_time: 0.0280  memory: 9888  loss: 1.0730  decode.loss_ohem: 0.7605  decode.acc_seg: 92.9880  aux_0.loss_ce: 0.3125  aux_0.acc_seg: 90.8322
2026/07/25 17:56:32 - mmengine - INFO - Exp name: dsanet_cityscapes_512x1024_20260725_063741
2026/07/25 17:56:32 - mmengine - INFO - Iter(train) [107000/160000]  lr: 2.9939e-02  eta: 5:33:55  time: 0.3791  data_time: 0.0284  memory: 9888  loss: 1.0598  decode.loss_ohem: 0.7359  decode.acc_seg: 93.3200  aux_0.loss_ce: 0.3239  aux_0.acc_seg: 88.5287
2026/07/25 17:57:10 - mmengine - INFO - Iter(train) [107100/160000]  lr: 2.9888e-02  eta: 5:33:17  time: 0.3770  data_time: 0.0265  memory: 9890  loss: 1.2147  decode.loss_ohem: 0.8222  decode.acc_seg: 91.2083  aux_0.loss_ce: 0.3925  aux_0.acc_seg: 88.7232
2026/07/25 17:57:47 - mmengine - INFO - Iter(train) [107200/160000]  lr: 2.9838e-02  eta: 5:32:39  time: 0.3781  data_time: 0.0277  memory: 9888  loss: 1.0044  decode.loss_ohem: 0.6916  decode.acc_seg: 93.8302  aux_0.loss_ce: 0.3128  aux_0.acc_seg: 90.6848
2026/07/25 17:58:25 - mmengine - INFO - Iter(train) [107300/160000]  lr: 2.9787e-02  eta: 5:32:02  time: 0.3787  data_time: 0.0280  memory: 9889  loss: 1.1032  decode.loss_ohem: 0.7764  decode.acc_seg: 89.2259  aux_0.loss_ce: 0.3268  aux_0.acc_seg: 84.1813
2026/07/25 17:59:03 - mmengine - INFO - Iter(train) [107400/160000]  lr: 2.9736e-02  eta: 5:31:24  time: 0.3784  data_time: 0.0277  memory: 9888  loss: 1.1571  decode.loss_ohem: 0.7746  decode.acc_seg: 90.7675  aux_0.loss_ce: 0.3825  aux_0.acc_seg: 86.4537
2026/07/25 17:59:41 - mmengine - INFO - Iter(train) [107500/160000]  lr: 2.9685e-02  eta: 5:30:46  time: 0.3767  data_time: 0.0271  memory: 9888  loss: 1.0515  decode.loss_ohem: 0.7451  decode.acc_seg: 92.5019  aux_0.loss_ce: 0.3064  aux_0.acc_seg: 88.1371
2026/07/25 18:00:19 - mmengine - INFO - Iter(train) [107600/160000]  lr: 2.9634e-02  eta: 5:30:08  time: 0.3780  data_time: 0.0270  memory: 9888  loss: 0.9914  decode.loss_ohem: 0.6971  decode.acc_seg: 93.0255  aux_0.loss_ce: 0.2943  aux_0.acc_seg: 89.2270
2026/07/25 18:00:57 - mmengine - INFO - Iter(train) [107700/160000]  lr: 2.9583e-02  eta: 5:29:30  time: 0.3786  data_time: 0.0279  memory: 9889  loss: 1.0793  decode.loss_ohem: 0.7741  decode.acc_seg: 90.1434  aux_0.loss_ce: 0.3053  aux_0.acc_seg: 85.4536
2026/07/25 18:01:34 - mmengine - INFO - Iter(train) [107800/160000]  lr: 2.9532e-02  eta: 5:28:53  time: 0.3766  data_time: 0.0269  memory: 9887  loss: 1.0762  decode.loss_ohem: 0.7609  decode.acc_seg: 92.4210  aux_0.loss_ce: 0.3153  aux_0.acc_seg: 89.5611
2026/07/25 18:02:12 - mmengine - INFO - Iter(train) [107900/160000]  lr: 2.9481e-02  eta: 5:28:15  time: 0.3803  data_time: 0.0294  memory: 9887  loss: 1.0371  decode.loss_ohem: 0.7258  decode.acc_seg: 92.0059  aux_0.loss_ce: 0.3113  aux_0.acc_seg: 86.2399
2026/07/25 18:02:50 - mmengine - INFO - Exp name: dsanet_cityscapes_512x1024_20260725_063741
2026/07/25 18:02:50 - mmengine - INFO - Iter(train) [108000/160000]  lr: 2.9430e-02  eta: 5:27:37  time: 0.3792  data_time: 0.0281  memory: 9888  loss: 1.2068  decode.loss_ohem: 0.8447  decode.acc_seg: 91.0216  aux_0.loss_ce: 0.3621  aux_0.acc_seg: 88.6652
2026/07/25 18:03:28 - mmengine - INFO - Iter(train) [108100/160000]  lr: 2.9380e-02  eta: 5:26:59  time: 0.3775  data_time: 0.0272  memory: 9889  loss: 1.0923  decode.loss_ohem: 0.7477  decode.acc_seg: 93.1576  aux_0.loss_ce: 0.3447  aux_0.acc_seg: 89.0871
2026/07/25 18:04:06 - mmengine - INFO - Iter(train) [108200/160000]  lr: 2.9329e-02  eta: 5:26:21  time: 0.3772  data_time: 0.0274  memory: 9888  loss: 0.9986  decode.loss_ohem: 0.7158  decode.acc_seg: 92.8031  aux_0.loss_ce: 0.2828  aux_0.acc_seg: 90.4810
2026/07/25 18:04:44 - mmengine - INFO - Iter(train) [108300/160000]  lr: 2.9278e-02  eta: 5:25:44  time: 0.3775  data_time: 0.0274  memory: 9887  loss: 1.0257  decode.loss_ohem: 0.6895  decode.acc_seg: 92.7376  aux_0.loss_ce: 0.3362  aux_0.acc_seg: 87.7442
2026/07/25 18:05:21 - mmengine - INFO - Iter(train) [108400/160000]  lr: 2.9227e-02  eta: 5:25:06  time: 0.3783  data_time: 0.0274  memory: 9888  loss: 1.1255  decode.loss_ohem: 0.7626  decode.acc_seg: 87.4676  aux_0.loss_ce: 0.3629  aux_0.acc_seg: 80.7662
2026/07/25 18:05:59 - mmengine - INFO - Iter(train) [108500/160000]  lr: 2.9176e-02  eta: 5:24:28  time: 0.3796  data_time: 0.0281  memory: 9888  loss: 1.0656  decode.loss_ohem: 0.7677  decode.acc_seg: 89.7468  aux_0.loss_ce: 0.2979  aux_0.acc_seg: 85.9671
2026/07/25 18:06:37 - mmengine - INFO - Iter(train) [108600/160000]  lr: 2.9125e-02  eta: 5:23:50  time: 0.3779  data_time: 0.0277  memory: 9888  loss: 0.9851  decode.loss_ohem: 0.6977  decode.acc_seg: 90.5793  aux_0.loss_ce: 0.2875  aux_0.acc_seg: 87.3869
2026/07/25 18:07:15 - mmengine - INFO - Iter(train) [108700/160000]  lr: 2.9074e-02  eta: 5:23:13  time: 0.3790  data_time: 0.0288  memory: 9888  loss: 1.1044  decode.loss_ohem: 0.7918  decode.acc_seg: 91.0965  aux_0.loss_ce: 0.3125  aux_0.acc_seg: 88.0092
2026/07/25 18:07:53 - mmengine - INFO - Iter(train) [108800/160000]  lr: 2.9023e-02  eta: 5:22:35  time: 0.3784  data_time: 0.0283  memory: 9887  loss: 1.0345  decode.loss_ohem: 0.7487  decode.acc_seg: 92.2137  aux_0.loss_ce: 0.2858  aux_0.acc_seg: 88.7218
2026/07/25 18:08:31 - mmengine - INFO - Iter(train) [108900/160000]  lr: 2.8972e-02  eta: 5:21:57  time: 0.3772  data_time: 0.0273  memory: 9888  loss: 1.0252  decode.loss_ohem: 0.7097  decode.acc_seg: 92.3442  aux_0.loss_ce: 0.3155  aux_0.acc_seg: 87.1885
2026/07/25 18:09:09 - mmengine - INFO - Exp name: dsanet_cityscapes_512x1024_20260725_063741
2026/07/25 18:09:09 - mmengine - INFO - Iter(train) [109000/160000]  lr: 2.8921e-02  eta: 5:21:19  time: 0.3773  data_time: 0.0276  memory: 9890  loss: 1.0958  decode.loss_ohem: 0.7591  decode.acc_seg: 91.5708  aux_0.loss_ce: 0.3367  aux_0.acc_seg: 83.5511
2026/07/25 18:09:47 - mmengine - INFO - Iter(train) [109100/160000]  lr: 2.8870e-02  eta: 5:20:41  time: 0.3787  data_time: 0.0285  memory: 9889  loss: 1.0863  decode.loss_ohem: 0.7783  decode.acc_seg: 94.0379  aux_0.loss_ce: 0.3079  aux_0.acc_seg: 91.2789
2026/07/25 18:10:25 - mmengine - INFO - Iter(train) [109200/160000]  lr: 2.8819e-02  eta: 5:20:04  time: 0.3792  data_time: 0.0281  memory: 9889  loss: 1.0743  decode.loss_ohem: 0.7812  decode.acc_seg: 91.8609  aux_0.loss_ce: 0.2932  aux_0.acc_seg: 89.0775
2026/07/25 18:11:02 - mmengine - INFO - Iter(train) [109300/160000]  lr: 2.8768e-02  eta: 5:19:26  time: 0.3790  data_time: 0.0291  memory: 9889  loss: 0.9786  decode.loss_ohem: 0.6997  decode.acc_seg: 93.1335  aux_0.loss_ce: 0.2789  aux_0.acc_seg: 89.1686
2026/07/25 18:11:40 - mmengine - INFO - Iter(train) [109400/160000]  lr: 2.8717e-02  eta: 5:18:48  time: 0.3730  data_time: 0.0253  memory: 9888  loss: 1.0349  decode.loss_ohem: 0.7159  decode.acc_seg: 92.9862  aux_0.loss_ce: 0.3189  aux_0.acc_seg: 88.2886
2026/07/25 18:12:17 - mmengine - INFO - Iter(train) [109500/160000]  lr: 2.8666e-02  eta: 5:18:10  time: 0.3732  data_time: 0.0241  memory: 9889  loss: 1.0628  decode.loss_ohem: 0.7053  decode.acc_seg: 93.5378  aux_0.loss_ce: 0.3575  aux_0.acc_seg: 89.2113
2026/07/25 18:12:55 - mmengine - INFO - Iter(train) [109600/160000]  lr: 2.8614e-02  eta: 5:17:32  time: 0.3730  data_time: 0.0256  memory: 9889  loss: 1.0608  decode.loss_ohem: 0.7339  decode.acc_seg: 91.6992  aux_0.loss_ce: 0.3269  aux_0.acc_seg: 90.1262
2026/07/25 18:13:32 - mmengine - INFO - Iter(train) [109700/160000]  lr: 2.8563e-02  eta: 5:16:54  time: 0.3794  data_time: 0.0289  memory: 9889  loss: 1.0376  decode.loss_ohem: 0.7420  decode.acc_seg: 93.5511  aux_0.loss_ce: 0.2956  aux_0.acc_seg: 86.8912
2026/07/25 18:14:10 - mmengine - INFO - Iter(train) [109800/160000]  lr: 2.8512e-02  eta: 5:16:16  time: 0.3754  data_time: 0.0262  memory: 9888  loss: 0.9815  decode.loss_ohem: 0.6576  decode.acc_seg: 92.3477  aux_0.loss_ce: 0.3239  aux_0.acc_seg: 88.9214
2026/07/25 18:14:48 - mmengine - INFO - Iter(train) [109900/160000]  lr: 2.8461e-02  eta: 5:15:38  time: 0.3773  data_time: 0.0273  memory: 9889  loss: 1.0599  decode.loss_ohem: 0.7507  decode.acc_seg: 94.0484  aux_0.loss_ce: 0.3093  aux_0.acc_seg: 90.2891
2026/07/25 18:15:25 - mmengine - INFO - Exp name: dsanet_cityscapes_512x1024_20260725_063741
2026/07/25 18:15:25 - mmengine - INFO - Iter(train) [110000/160000]  lr: 2.8410e-02  eta: 5:15:00  time: 0.3760  data_time: 0.0266  memory: 9888  loss: 1.1421  decode.loss_ohem: 0.8051  decode.acc_seg: 88.8662  aux_0.loss_ce: 0.3371  aux_0.acc_seg: 83.7226
2026/07/25 18:15:25 - mmengine - INFO - Saving checkpoint at 110000 iterations
2026/07/25 18:15:31 - mmengine - INFO - Iter(val) [100/250]    eta: 0:00:07  time: 0.0469  data_time: 0.0095  memory: 729  
2026/07/25 18:15:36 - mmengine - INFO - Iter(val) [200/250]    eta: 0:00:02  time: 0.0480  data_time: 0.0099  memory: 729  
2026/07/25 18:15:38 - mmengine - INFO - per class results:
2026/07/25 18:15:38 - mmengine - INFO - 
+---------------+-------+-------+
|     Class     |  IoU  |  Acc  |
+---------------+-------+-------+
|      road     | 97.48 | 98.74 |
|    sidewalk   | 79.98 | 87.15 |
|    building   | 89.67 | 95.64 |
|      wall     | 51.37 | 61.03 |
|     fence     | 54.67 | 71.22 |
|      pole     |  54.9 | 63.05 |
| traffic light | 53.77 | 62.46 |
|  traffic sign | 69.02 | 79.74 |
|   vegetation  | 90.83 | 96.41 |
|    terrain    | 56.82 | 65.58 |
|      sky      | 88.93 | 90.81 |
|     person    | 73.52 | 87.64 |
|     rider     | 52.28 |  72.8 |
|      car      |  92.0 | 96.72 |
|     truck     | 52.04 | 61.75 |
|      bus      | 74.65 | 85.64 |
|     train     | 67.51 | 72.35 |
|   motorcycle  | 48.61 | 56.47 |
|    bicycle    | 68.55 |  84.2 |
+---------------+-------+-------+
2026/07/25 18:15:38 - mmengine - INFO - Iter(val) [250/250]    aAcc: 94.6000  mIoU: 69.3000  mAcc: 78.3900  data_time: 0.0107  time: 0.0484
2026/07/25 18:15:38 - mmengine - INFO - The previous best checkpoint /root/autodl-tmp/DSANet-main/tools/work_dirs/dsanet_cityscapes_512x1024/best_mIoU_iter_90000.pth is removed
2026/07/25 18:15:38 - mmengine - INFO - The best checkpoint with 69.3000 mIoU at 110000 iter is saved to best_mIoU_iter_110000.pth.
2026/07/25 18:16:17 - mmengine - INFO - Iter(train) [110100/160000]  lr: 2.8359e-02  eta: 5:14:23  time: 0.3776  data_time: 0.0284  memory: 9890  loss: 1.1464  decode.loss_ohem: 0.8123  decode.acc_seg: 89.4997  aux_0.loss_ce: 0.3341  aux_0.acc_seg: 85.7653
2026/07/25 18:16:54 - mmengine - INFO - Iter(train) [110200/160000]  lr: 2.8308e-02  eta: 5:13:45  time: 0.3787  data_time: 0.0283  memory: 9889  loss: 1.0978  decode.loss_ohem: 0.7522  decode.acc_seg: 92.3631  aux_0.loss_ce: 0.3455  aux_0.acc_seg: 85.0481
2026/07/25 18:17:33 - mmengine - INFO - Iter(train) [110300/160000]  lr: 2.8257e-02  eta: 5:13:08  time: 0.3804  data_time: 0.0285  memory: 9887  loss: 1.1055  decode.loss_ohem: 0.7490  decode.acc_seg: 90.2711  aux_0.loss_ce: 0.3565  aux_0.acc_seg: 86.5466
2026/07/25 18:18:11 - mmengine - INFO - Iter(train) [110400/160000]  lr: 2.8206e-02  eta: 5:12:30  time: 0.3780  data_time: 0.0272  memory: 9888  loss: 1.0833  decode.loss_ohem: 0.7667  decode.acc_seg: 88.8929  aux_0.loss_ce: 0.3166  aux_0.acc_seg: 84.4263
2026/07/25 18:18:49 - mmengine - INFO - Iter(train) [110500/160000]  lr: 2.8154e-02  eta: 5:11:52  time: 0.3805  data_time: 0.0290  memory: 9887  loss: 1.0624  decode.loss_ohem: 0.7345  decode.acc_seg: 93.8841  aux_0.loss_ce: 0.3278  aux_0.acc_seg: 91.0369
2026/07/25 18:19:27 - mmengine - INFO - Iter(train) [110600/160000]  lr: 2.8103e-02  eta: 5:11:14  time: 0.3779  data_time: 0.0267  memory: 9888  loss: 1.0374  decode.loss_ohem: 0.7094  decode.acc_seg: 93.9566  aux_0.loss_ce: 0.3279  aux_0.acc_seg: 89.9456
2026/07/25 18:20:05 - mmengine - INFO - Iter(train) [110700/160000]  lr: 2.8052e-02  eta: 5:10:37  time: 0.3776  data_time: 0.0264  memory: 9887  loss: 1.0459  decode.loss_ohem: 0.7237  decode.acc_seg: 93.5357  aux_0.loss_ce: 0.3222  aux_0.acc_seg: 90.1869
2026/07/25 18:20:43 - mmengine - INFO - Iter(train) [110800/160000]  lr: 2.8001e-02  eta: 5:09:59  time: 0.3794  data_time: 0.0277  memory: 9889  loss: 1.0164  decode.loss_ohem: 0.7172  decode.acc_seg: 91.6191  aux_0.loss_ce: 0.2992  aux_0.acc_seg: 88.6829
2026/07/25 18:21:21 - mmengine - INFO - Iter(train) [110900/160000]  lr: 2.7950e-02  eta: 5:09:21  time: 0.3802  data_time: 0.0274  memory: 9889  loss: 1.1314  decode.loss_ohem: 0.7779  decode.acc_seg: 92.3032  aux_0.loss_ce: 0.3535  aux_0.acc_seg: 82.5072
2026/07/25 18:21:59 - mmengine - INFO - Exp name: dsanet_cityscapes_512x1024_20260725_063741
2026/07/25 18:21:59 - mmengine - INFO - Iter(train) [111000/160000]  lr: 2.7898e-02  eta: 5:08:44  time: 0.3776  data_time: 0.0266  memory: 9888  loss: 1.0761  decode.loss_ohem: 0.7426  decode.acc_seg: 90.5048  aux_0.loss_ce: 0.3334  aux_0.acc_seg: 88.5157
2026/07/25 18:22:37 - mmengine - INFO - Iter(train) [111100/160000]  lr: 2.7847e-02  eta: 5:08:06  time: 0.3796  data_time: 0.0282  memory: 9887  loss: 1.0571  decode.loss_ohem: 0.7202  decode.acc_seg: 88.6118  aux_0.loss_ce: 0.3369  aux_0.acc_seg: 84.6813
2026/07/25 18:23:15 - mmengine - INFO - Iter(train) [111200/160000]  lr: 2.7796e-02  eta: 5:07:28  time: 0.3818  data_time: 0.0295  memory: 9889  loss: 0.9718  decode.loss_ohem: 0.6708  decode.acc_seg: 93.3557  aux_0.loss_ce: 0.3010  aux_0.acc_seg: 86.1238
2026/07/25 18:23:53 - mmengine - INFO - Iter(train) [111300/160000]  lr: 2.7745e-02  eta: 5:06:51  time: 0.3779  data_time: 0.0274  memory: 9887  loss: 0.9408  decode.loss_ohem: 0.6800  decode.acc_seg: 93.3792  aux_0.loss_ce: 0.2608  aux_0.acc_seg: 88.8227
2026/07/25 18:24:31 - mmengine - INFO - Iter(train) [111400/160000]  lr: 2.7693e-02  eta: 5:06:13  time: 0.3802  data_time: 0.0299  memory: 9888  loss: 0.9748  decode.loss_ohem: 0.6847  decode.acc_seg: 91.1882  aux_0.loss_ce: 0.2900  aux_0.acc_seg: 88.9773
2026/07/25 18:25:09 - mmengine - INFO - Iter(train) [111500/160000]  lr: 2.7642e-02  eta: 5:05:35  time: 0.3796  data_time: 0.0287  memory: 9889  loss: 0.9882  decode.loss_ohem: 0.6952  decode.acc_seg: 92.3727  aux_0.loss_ce: 0.2930  aux_0.acc_seg: 87.0785
2026/07/25 18:25:47 - mmengine - INFO - Iter(train) [111600/160000]  lr: 2.7591e-02  eta: 5:04:57  time: 0.3778  data_time: 0.0284  memory: 9888  loss: 1.0370  decode.loss_ohem: 0.7358  decode.acc_seg: 92.8344  aux_0.loss_ce: 0.3012  aux_0.acc_seg: 86.6641
2026/07/25 18:26:25 - mmengine - INFO - Iter(train) [111700/160000]  lr: 2.7540e-02  eta: 5:04:20  time: 0.3812  data_time: 0.0284  memory: 9888  loss: 1.0572  decode.loss_ohem: 0.7312  decode.acc_seg: 93.9472  aux_0.loss_ce: 0.3260  aux_0.acc_seg: 88.9490
2026/07/25 18:27:03 - mmengine - INFO - Iter(train) [111800/160000]  lr: 2.7488e-02  eta: 5:03:42  time: 0.3777  data_time: 0.0258  memory: 9888  loss: 1.0608  decode.loss_ohem: 0.7404  decode.acc_seg: 91.7726  aux_0.loss_ce: 0.3204  aux_0.acc_seg: 90.0756
2026/07/25 18:27:41 - mmengine - INFO - Iter(train) [111900/160000]  lr: 2.7437e-02  eta: 5:03:04  time: 0.3788  data_time: 0.0279  memory: 9888  loss: 1.0070  decode.loss_ohem: 0.7087  decode.acc_seg: 94.8173  aux_0.loss_ce: 0.2983  aux_0.acc_seg: 87.9770
2026/07/25 18:28:20 - mmengine - INFO - Exp name: dsanet_cityscapes_512x1024_20260725_063741
2026/07/25 18:28:20 - mmengine - INFO - Iter(train) [112000/160000]  lr: 2.7386e-02  eta: 5:02:27  time: 0.3839  data_time: 0.0289  memory: 9887  loss: 1.0968  decode.loss_ohem: 0.7547  decode.acc_seg: 86.9564  aux_0.loss_ce: 0.3421  aux_0.acc_seg: 83.3937
2026/07/25 18:28:58 - mmengine - INFO - Iter(train) [112100/160000]  lr: 2.7334e-02  eta: 5:01:49  time: 0.3770  data_time: 0.0258  memory: 9889  loss: 1.0780  decode.loss_ohem: 0.7424  decode.acc_seg: 90.4480  aux_0.loss_ce: 0.3357  aux_0.acc_seg: 87.7583
2026/07/25 18:29:36 - mmengine - INFO - Iter(train) [112200/160000]  lr: 2.7283e-02  eta: 5:01:11  time: 0.3778  data_time: 0.0264  memory: 9892  loss: 1.0339  decode.loss_ohem: 0.7275  decode.acc_seg: 93.7416  aux_0.loss_ce: 0.3064  aux_0.acc_seg: 90.9743
2026/07/25 18:30:13 - mmengine - INFO - Iter(train) [112300/160000]  lr: 2.7232e-02  eta: 5:00:33  time: 0.3795  data_time: 0.0278  memory: 9890  loss: 1.0435  decode.loss_ohem: 0.7289  decode.acc_seg: 92.5447  aux_0.loss_ce: 0.3146  aux_0.acc_seg: 88.9104
2026/07/25 18:30:52 - mmengine - INFO - Iter(train) [112400/160000]  lr: 2.7180e-02  eta: 4:59:56  time: 0.3804  data_time: 0.0291  memory: 9887  loss: 1.1610  decode.loss_ohem: 0.8316  decode.acc_seg: 92.1490  aux_0.loss_ce: 0.3295  aux_0.acc_seg: 88.5177
2026/07/25 18:31:30 - mmengine - INFO - Iter(train) [112500/160000]  lr: 2.7129e-02  eta: 4:59:18  time: 0.3833  data_time: 0.0288  memory: 9889  loss: 1.0517  decode.loss_ohem: 0.7519  decode.acc_seg: 91.7659  aux_0.loss_ce: 0.2998  aux_0.acc_seg: 86.0711
2026/07/25 18:32:08 - mmengine - INFO - Iter(train) [112600/160000]  lr: 2.7077e-02  eta: 4:58:40  time: 0.3820  data_time: 0.0297  memory: 9889  loss: 1.0710  decode.loss_ohem: 0.7747  decode.acc_seg: 92.7431  aux_0.loss_ce: 0.2963  aux_0.acc_seg: 88.6083
2026/07/25 18:32:46 - mmengine - INFO - Iter(train) [112700/160000]  lr: 2.7026e-02  eta: 4:58:03  time: 0.3783  data_time: 0.0282  memory: 9887  loss: 1.1169  decode.loss_ohem: 0.7535  decode.acc_seg: 93.7966  aux_0.loss_ce: 0.3635  aux_0.acc_seg: 89.3756
2026/07/25 18:33:24 - mmengine - INFO - Iter(train) [112800/160000]  lr: 2.6975e-02  eta: 4:57:25  time: 0.3791  data_time: 0.0284  memory: 9888  loss: 1.0418  decode.loss_ohem: 0.7390  decode.acc_seg: 94.5092  aux_0.loss_ce: 0.3028  aux_0.acc_seg: 89.7973
2026/07/25 18:34:02 - mmengine - INFO - Iter(train) [112900/160000]  lr: 2.6923e-02  eta: 4:56:47  time: 0.3777  data_time: 0.0270  memory: 9890  loss: 1.0614  decode.loss_ohem: 0.7427  decode.acc_seg: 93.8875  aux_0.loss_ce: 0.3187  aux_0.acc_seg: 90.1564
2026/07/25 18:34:40 - mmengine - INFO - Exp name: dsanet_cityscapes_512x1024_20260725_063741
2026/07/25 18:34:40 - mmengine - INFO - Iter(train) [113000/160000]  lr: 2.6872e-02  eta: 4:56:09  time: 0.3799  data_time: 0.0290  memory: 9888  loss: 1.0258  decode.loss_ohem: 0.7395  decode.acc_seg: 94.0076  aux_0.loss_ce: 0.2863  aux_0.acc_seg: 90.5358
2026/07/25 18:35:18 - mmengine - INFO - Iter(train) [113100/160000]  lr: 2.6820e-02  eta: 4:55:31  time: 0.3799  data_time: 0.0294  memory: 9888  loss: 1.0444  decode.loss_ohem: 0.7393  decode.acc_seg: 93.9581  aux_0.loss_ce: 0.3051  aux_0.acc_seg: 88.6874
2026/07/25 18:35:55 - mmengine - INFO - Iter(train) [113200/160000]  lr: 2.6769e-02  eta: 4:54:54  time: 0.3776  data_time: 0.0270  memory: 9888  loss: 1.1478  decode.loss_ohem: 0.8149  decode.acc_seg: 93.3894  aux_0.loss_ce: 0.3329  aux_0.acc_seg: 91.2053
2026/07/25 18:36:33 - mmengine - INFO - Iter(train) [113300/160000]  lr: 2.6717e-02  eta: 4:54:16  time: 0.3782  data_time: 0.0280  memory: 9888  loss: 1.0678  decode.loss_ohem: 0.7491  decode.acc_seg: 91.6011  aux_0.loss_ce: 0.3187  aux_0.acc_seg: 87.4284
2026/07/25 18:37:11 - mmengine - INFO - Iter(train) [113400/160000]  lr: 2.6666e-02  eta: 4:53:38  time: 0.3810  data_time: 0.0294  memory: 9887  loss: 1.0616  decode.loss_ohem: 0.7456  decode.acc_seg: 92.9126  aux_0.loss_ce: 0.3160  aux_0.acc_seg: 86.6188
2026/07/25 18:37:49 - mmengine - INFO - Iter(train) [113500/160000]  lr: 2.6614e-02  eta: 4:53:00  time: 0.3793  data_time: 0.0295  memory: 9888  loss: 0.9920  decode.loss_ohem: 0.6891  decode.acc_seg: 91.8263  aux_0.loss_ce: 0.3029  aux_0.acc_seg: 87.0874
2026/07/25 18:38:27 - mmengine - INFO - Iter(train) [113600/160000]  lr: 2.6563e-02  eta: 4:52:23  time: 0.3777  data_time: 0.0272  memory: 9888  loss: 1.0595  decode.loss_ohem: 0.7371  decode.acc_seg: 93.6394  aux_0.loss_ce: 0.3224  aux_0.acc_seg: 91.6106
2026/07/25 18:39:05 - mmengine - INFO - Iter(train) [113700/160000]  lr: 2.6511e-02  eta: 4:51:45  time: 0.3754  data_time: 0.0261  memory: 9888  loss: 1.0697  decode.loss_ohem: 0.7621  decode.acc_seg: 93.7269  aux_0.loss_ce: 0.3076  aux_0.acc_seg: 87.6179
2026/07/25 18:39:43 - mmengine - INFO - Iter(train) [113800/160000]  lr: 2.6460e-02  eta: 4:51:07  time: 0.3783  data_time: 0.0271  memory: 9887  loss: 1.0935  decode.loss_ohem: 0.7577  decode.acc_seg: 93.5142  aux_0.loss_ce: 0.3358  aux_0.acc_seg: 86.1973
2026/07/25 18:40:21 - mmengine - INFO - Iter(train) [113900/160000]  lr: 2.6408e-02  eta: 4:50:29  time: 0.3773  data_time: 0.0270  memory: 9888  loss: 1.0156  decode.loss_ohem: 0.6985  decode.acc_seg: 93.8480  aux_0.loss_ce: 0.3170  aux_0.acc_seg: 89.7899
2026/07/25 18:40:59 - mmengine - INFO - Exp name: dsanet_cityscapes_512x1024_20260725_063741
2026/07/25 18:40:59 - mmengine - INFO - Iter(train) [114000/160000]  lr: 2.6357e-02  eta: 4:49:51  time: 0.3781  data_time: 0.0279  memory: 9888  loss: 1.1263  decode.loss_ohem: 0.7706  decode.acc_seg: 90.2265  aux_0.loss_ce: 0.3557  aux_0.acc_seg: 80.0520
2026/07/25 18:41:37 - mmengine - INFO - Iter(train) [114100/160000]  lr: 2.6305e-02  eta: 4:49:14  time: 0.3787  data_time: 0.0278  memory: 9890  loss: 1.0376  decode.loss_ohem: 0.7247  decode.acc_seg: 92.3605  aux_0.loss_ce: 0.3129  aux_0.acc_seg: 89.4411
2026/07/25 18:42:14 - mmengine - INFO - Iter(train) [114200/160000]  lr: 2.6254e-02  eta: 4:48:36  time: 0.3792  data_time: 0.0277  memory: 9889  loss: 1.0309  decode.loss_ohem: 0.7007  decode.acc_seg: 92.4712  aux_0.loss_ce: 0.3301  aux_0.acc_seg: 83.2393
2026/07/25 18:42:52 - mmengine - INFO - Iter(train) [114300/160000]  lr: 2.6202e-02  eta: 4:47:58  time: 0.3786  data_time: 0.0281  memory: 9888  loss: 1.0425  decode.loss_ohem: 0.7323  decode.acc_seg: 88.9796  aux_0.loss_ce: 0.3102  aux_0.acc_seg: 86.3518
2026/07/25 18:43:30 - mmengine - INFO - Iter(train) [114400/160000]  lr: 2.6151e-02  eta: 4:47:20  time: 0.3781  data_time: 0.0272  memory: 9887  loss: 1.1018  decode.loss_ohem: 0.7560  decode.acc_seg: 93.0422  aux_0.loss_ce: 0.3458  aux_0.acc_seg: 86.2623
2026/07/25 18:44:08 - mmengine - INFO - Iter(train) [114500/160000]  lr: 2.6099e-02  eta: 4:46:42  time: 0.3795  data_time: 0.0287  memory: 9889  loss: 1.0714  decode.loss_ohem: 0.7660  decode.acc_seg: 92.0549  aux_0.loss_ce: 0.3054  aux_0.acc_seg: 89.7766
2026/07/25 18:44:46 - mmengine - INFO - Iter(train) [114600/160000]  lr: 2.6047e-02  eta: 4:46:05  time: 0.3784  data_time: 0.0280  memory: 9889  loss: 0.9935  decode.loss_ohem: 0.7071  decode.acc_seg: 93.0367  aux_0.loss_ce: 0.2864  aux_0.acc_seg: 90.4844
2026/07/25 18:45:24 - mmengine - INFO - Iter(train) [114700/160000]  lr: 2.5996e-02  eta: 4:45:27  time: 0.3771  data_time: 0.0273  memory: 9888  loss: 1.0494  decode.loss_ohem: 0.7120  decode.acc_seg: 92.5992  aux_0.loss_ce: 0.3374  aux_0.acc_seg: 87.3739
2026/07/25 18:46:02 - mmengine - INFO - Iter(train) [114800/160000]  lr: 2.5944e-02  eta: 4:44:49  time: 0.3787  data_time: 0.0287  memory: 9888  loss: 1.0668  decode.loss_ohem: 0.7320  decode.acc_seg: 94.1750  aux_0.loss_ce: 0.3348  aux_0.acc_seg: 90.7937
2026/07/25 18:46:40 - mmengine - INFO - Iter(train) [114900/160000]  lr: 2.5892e-02  eta: 4:44:11  time: 0.3791  data_time: 0.0277  memory: 9888  loss: 1.0462  decode.loss_ohem: 0.7303  decode.acc_seg: 92.3931  aux_0.loss_ce: 0.3159  aux_0.acc_seg: 85.9710
2026/07/25 18:47:18 - mmengine - INFO - Exp name: dsanet_cityscapes_512x1024_20260725_063741
2026/07/25 18:47:18 - mmengine - INFO - Iter(train) [115000/160000]  lr: 2.5841e-02  eta: 4:43:34  time: 0.3775  data_time: 0.0272  memory: 9888  loss: 0.9945  decode.loss_ohem: 0.7082  decode.acc_seg: 93.7955  aux_0.loss_ce: 0.2863  aux_0.acc_seg: 91.1016
2026/07/25 18:47:18 - mmengine - INFO - Saving checkpoint at 115000 iterations
2026/07/25 18:47:23 - mmengine - INFO - Iter(val) [100/250]    eta: 0:00:07  time: 0.0473  data_time: 0.0096  memory: 729  
2026/07/25 18:47:28 - mmengine - INFO - Iter(val) [200/250]    eta: 0:00:02  time: 0.0469  data_time: 0.0094  memory: 729  
2026/07/25 18:47:30 - mmengine - INFO - per class results:
2026/07/25 18:47:30 - mmengine - INFO - 
+---------------+-------+-------+
|     Class     |  IoU  |  Acc  |
+---------------+-------+-------+
|      road     | 96.73 | 97.64 |
|    sidewalk   | 77.24 | 90.94 |
|    building   | 89.58 | 95.77 |
|      wall     | 38.44 |  45.2 |
|     fence     |  55.8 | 69.79 |
|      pole     | 57.92 | 70.12 |
| traffic light | 53.43 | 62.56 |
|  traffic sign | 68.99 | 79.51 |
|   vegetation  |  89.8 | 94.08 |
|    terrain    | 56.73 | 74.15 |
|      sky      | 93.07 | 98.09 |
|     person    | 74.92 | 87.87 |
|     rider     | 53.35 | 67.88 |
|      car      | 91.66 | 96.95 |
|     truck     | 54.33 | 62.99 |
|      bus      | 65.32 | 67.04 |
|     train     | 58.17 | 69.14 |
|   motorcycle  | 33.81 | 36.84 |
|    bicycle    | 70.47 | 85.11 |
+---------------+-------+-------+
2026/07/25 18:47:30 - mmengine - INFO - Iter(val) [250/250]    aAcc: 94.2300  mIoU: 67.3600  mAcc: 76.4000  data_time: 0.0105  time: 0.0481
2026/07/25 18:48:08 - mmengine - INFO - Iter(train) [115100/160000]  lr: 2.5789e-02  eta: 4:42:56  time: 0.3771  data_time: 0.0265  memory: 9887  loss: 0.9935  decode.loss_ohem: 0.6961  decode.acc_seg: 92.2010  aux_0.loss_ce: 0.2974  aux_0.acc_seg: 87.7339
2026/07/25 18:48:46 - mmengine - INFO - Iter(train) [115200/160000]  lr: 2.5737e-02  eta: 4:42:18  time: 0.3788  data_time: 0.0283  memory: 9889  loss: 1.0318  decode.loss_ohem: 0.7263  decode.acc_seg: 92.9275  aux_0.loss_ce: 0.3055  aux_0.acc_seg: 87.1268
2026/07/25 18:49:24 - mmengine - INFO - Iter(train) [115300/160000]  lr: 2.5686e-02  eta: 4:41:40  time: 0.3786  data_time: 0.0273  memory: 9888  loss: 1.0179  decode.loss_ohem: 0.6902  decode.acc_seg: 91.4780  aux_0.loss_ce: 0.3277  aux_0.acc_seg: 87.7816
2026/07/25 18:50:02 - mmengine - INFO - Iter(train) [115400/160000]  lr: 2.5634e-02  eta: 4:41:03  time: 0.3772  data_time: 0.0272  memory: 9889  loss: 1.0076  decode.loss_ohem: 0.6966  decode.acc_seg: 93.8766  aux_0.loss_ce: 0.3110  aux_0.acc_seg: 88.2263
2026/07/25 18:50:40 - mmengine - INFO - Iter(train) [115500/160000]  lr: 2.5582e-02  eta: 4:40:25  time: 0.3780  data_time: 0.0272  memory: 9888  loss: 1.0402  decode.loss_ohem: 0.7343  decode.acc_seg: 92.0210  aux_0.loss_ce: 0.3059  aux_0.acc_seg: 87.9442
2026/07/25 18:51:18 - mmengine - INFO - Iter(train) [115600/160000]  lr: 2.5531e-02  eta: 4:39:47  time: 0.3789  data_time: 0.0282  memory: 9887  loss: 1.0398  decode.loss_ohem: 0.7379  decode.acc_seg: 92.8520  aux_0.loss_ce: 0.3019  aux_0.acc_seg: 89.0003
2026/07/25 18:51:56 - mmengine - INFO - Iter(train) [115700/160000]  lr: 2.5479e-02  eta: 4:39:09  time: 0.3813  data_time: 0.0295  memory: 9888  loss: 0.9558  decode.loss_ohem: 0.6541  decode.acc_seg: 93.8017  aux_0.loss_ce: 0.3016  aux_0.acc_seg: 90.9330
2026/07/25 18:52:34 - mmengine - INFO - Iter(train) [115800/160000]  lr: 2.5427e-02  eta: 4:38:31  time: 0.3794  data_time: 0.0284  memory: 9889  loss: 1.0955  decode.loss_ohem: 0.7385  decode.acc_seg: 92.4841  aux_0.loss_ce: 0.3570  aux_0.acc_seg: 87.8211
2026/07/25 18:53:12 - mmengine - INFO - Iter(train) [115900/160000]  lr: 2.5375e-02  eta: 4:37:54  time: 0.3771  data_time: 0.0265  memory: 9887  loss: 1.1252  decode.loss_ohem: 0.7892  decode.acc_seg: 93.5906  aux_0.loss_ce: 0.3360  aux_0.acc_seg: 88.0592
2026/07/25 18:53:50 - mmengine - INFO - Exp name: dsanet_cityscapes_512x1024_20260725_063741
2026/07/25 18:53:50 - mmengine - INFO - Iter(train) [116000/160000]  lr: 2.5324e-02  eta: 4:37:16  time: 0.3799  data_time: 0.0290  memory: 9888  loss: 1.0709  decode.loss_ohem: 0.7519  decode.acc_seg: 94.0240  aux_0.loss_ce: 0.3190  aux_0.acc_seg: 92.0449
2026/07/25 18:54:28 - mmengine - INFO - Iter(train) [116100/160000]  lr: 2.5272e-02  eta: 4:36:38  time: 0.3792  data_time: 0.0282  memory: 9887  loss: 1.0504  decode.loss_ohem: 0.7497  decode.acc_seg: 93.6279  aux_0.loss_ce: 0.3007  aux_0.acc_seg: 89.0560
2026/07/25 18:55:06 - mmengine - INFO - Iter(train) [116200/160000]  lr: 2.5220e-02  eta: 4:36:00  time: 0.3778  data_time: 0.0273  memory: 9889  loss: 1.0650  decode.loss_ohem: 0.7551  decode.acc_seg: 92.1651  aux_0.loss_ce: 0.3099  aux_0.acc_seg: 88.8021
2026/07/25 18:55:44 - mmengine - INFO - Iter(train) [116300/160000]  lr: 2.5168e-02  eta: 4:35:23  time: 0.3794  data_time: 0.0286  memory: 9889  loss: 0.9852  decode.loss_ohem: 0.6755  decode.acc_seg: 93.9885  aux_0.loss_ce: 0.3097  aux_0.acc_seg: 90.9381
2026/07/25 18:56:22 - mmengine - INFO - Iter(train) [116400/160000]  lr: 2.5116e-02  eta: 4:34:45  time: 0.3784  data_time: 0.0281  memory: 9888  loss: 0.9501  decode.loss_ohem: 0.6641  decode.acc_seg: 94.4277  aux_0.loss_ce: 0.2859  aux_0.acc_seg: 91.5673
2026/07/25 18:57:00 - mmengine - INFO - Iter(train) [116500/160000]  lr: 2.5065e-02  eta: 4:34:07  time: 0.3786  data_time: 0.0288  memory: 9888  loss: 1.0005  decode.loss_ohem: 0.7212  decode.acc_seg: 93.4478  aux_0.loss_ce: 0.2793  aux_0.acc_seg: 90.0797
2026/07/25 18:57:37 - mmengine - INFO - Iter(train) [116600/160000]  lr: 2.5013e-02  eta: 4:33:29  time: 0.3795  data_time: 0.0284  memory: 9887  loss: 1.0990  decode.loss_ohem: 0.7441  decode.acc_seg: 92.7094  aux_0.loss_ce: 0.3549  aux_0.acc_seg: 89.3655
2026/07/25 18:58:15 - mmengine - INFO - Iter(train) [116700/160000]  lr: 2.4961e-02  eta: 4:32:52  time: 0.3785  data_time: 0.0281  memory: 9889  loss: 1.0271  decode.loss_ohem: 0.7180  decode.acc_seg: 95.1957  aux_0.loss_ce: 0.3091  aux_0.acc_seg: 92.0083
2026/07/25 18:58:53 - mmengine - INFO - Iter(train) [116800/160000]  lr: 2.4909e-02  eta: 4:32:14  time: 0.3791  data_time: 0.0284  memory: 9888  loss: 1.0164  decode.loss_ohem: 0.7260  decode.acc_seg: 92.2947  aux_0.loss_ce: 0.2904  aux_0.acc_seg: 89.2820
2026/07/25 18:59:31 - mmengine - INFO - Iter(train) [116900/160000]  lr: 2.4857e-02  eta: 4:31:36  time: 0.3790  data_time: 0.0284  memory: 9888  loss: 1.1179  decode.loss_ohem: 0.7709  decode.acc_seg: 92.4235  aux_0.loss_ce: 0.3470  aux_0.acc_seg: 89.2193
2026/07/25 19:00:09 - mmengine - INFO - Exp name: dsanet_cityscapes_512x1024_20260725_063741
2026/07/25 19:00:09 - mmengine - INFO - Iter(train) [117000/160000]  lr: 2.4805e-02  eta: 4:30:58  time: 0.3783  data_time: 0.0282  memory: 9887  loss: 1.0481  decode.loss_ohem: 0.7433  decode.acc_seg: 89.8739  aux_0.loss_ce: 0.3048  aux_0.acc_seg: 84.9453
2026/07/25 19:00:47 - mmengine - INFO - Iter(train) [117100/160000]  lr: 2.4753e-02  eta: 4:30:21  time: 0.3789  data_time: 0.0285  memory: 9887  loss: 1.0372  decode.loss_ohem: 0.7368  decode.acc_seg: 92.7073  aux_0.loss_ce: 0.3005  aux_0.acc_seg: 89.3127
2026/07/25 19:01:25 - mmengine - INFO - Iter(train) [117200/160000]  lr: 2.4701e-02  eta: 4:29:43  time: 0.3786  data_time: 0.0284  memory: 9890  loss: 1.0012  decode.loss_ohem: 0.6975  decode.acc_seg: 92.0911  aux_0.loss_ce: 0.3037  aux_0.acc_seg: 87.8982
2026/07/25 19:02:03 - mmengine - INFO - Iter(train) [117300/160000]  lr: 2.4649e-02  eta: 4:29:05  time: 0.3772  data_time: 0.0275  memory: 9888  loss: 1.0057  decode.loss_ohem: 0.7129  decode.acc_seg: 93.5991  aux_0.loss_ce: 0.2928  aux_0.acc_seg: 90.7093
2026/07/25 19:02:41 - mmengine - INFO - Iter(train) [117400/160000]  lr: 2.4598e-02  eta: 4:28:27  time: 0.3789  data_time: 0.0279  memory: 9889  loss: 1.0626  decode.loss_ohem: 0.7537  decode.acc_seg: 93.7048  aux_0.loss_ce: 0.3088  aux_0.acc_seg: 91.3546
2026/07/25 19:03:19 - mmengine - INFO - Iter(train) [117500/160000]  lr: 2.4546e-02  eta: 4:27:49  time: 0.3812  data_time: 0.0293  memory: 9888  loss: 1.1514  decode.loss_ohem: 0.8099  decode.acc_seg: 89.9775  aux_0.loss_ce: 0.3415  aux_0.acc_seg: 84.6088
2026/07/25 19:03:57 - mmengine - INFO - Iter(train) [117600/160000]  lr: 2.4494e-02  eta: 4:27:12  time: 0.3801  data_time: 0.0284  memory: 9888  loss: 1.0858  decode.loss_ohem: 0.7498  decode.acc_seg: 90.9004  aux_0.loss_ce: 0.3360  aux_0.acc_seg: 85.8508
2026/07/25 19:04:35 - mmengine - INFO - Iter(train) [117700/160000]  lr: 2.4442e-02  eta: 4:26:34  time: 0.3784  data_time: 0.0279  memory: 9887  loss: 1.0109  decode.loss_ohem: 0.6885  decode.acc_seg: 92.5344  aux_0.loss_ce: 0.3224  aux_0.acc_seg: 90.1718
2026/07/25 19:05:13 - mmengine - INFO - Iter(train) [117800/160000]  lr: 2.4390e-02  eta: 4:25:56  time: 0.3781  data_time: 0.0279  memory: 9888  loss: 0.9893  decode.loss_ohem: 0.7032  decode.acc_seg: 94.8116  aux_0.loss_ce: 0.2861  aux_0.acc_seg: 90.1996
2026/07/25 19:05:50 - mmengine - INFO - Iter(train) [117900/160000]  lr: 2.4338e-02  eta: 4:25:18  time: 0.3792  data_time: 0.0291  memory: 9888  loss: 1.0261  decode.loss_ohem: 0.7594  decode.acc_seg: 93.7457  aux_0.loss_ce: 0.2667  aux_0.acc_seg: 89.0512
2026/07/25 19:06:28 - mmengine - INFO - Exp name: dsanet_cityscapes_512x1024_20260725_063741
2026/07/25 19:06:28 - mmengine - INFO - Iter(train) [118000/160000]  lr: 2.4286e-02  eta: 4:24:40  time: 0.3777  data_time: 0.0277  memory: 9888  loss: 1.0767  decode.loss_ohem: 0.7516  decode.acc_seg: 93.2746  aux_0.loss_ce: 0.3251  aux_0.acc_seg: 86.8373
2026/07/25 19:07:06 - mmengine - INFO - Iter(train) [118100/160000]  lr: 2.4234e-02  eta: 4:24:03  time: 0.3793  data_time: 0.0288  memory: 9887  loss: 0.9987  decode.loss_ohem: 0.7096  decode.acc_seg: 93.7274  aux_0.loss_ce: 0.2891  aux_0.acc_seg: 87.8952
2026/07/25 19:07:44 - mmengine - INFO - Iter(train) [118200/160000]  lr: 2.4182e-02  eta: 4:23:25  time: 0.3789  data_time: 0.0277  memory: 9888  loss: 1.0353  decode.loss_ohem: 0.7093  decode.acc_seg: 92.2476  aux_0.loss_ce: 0.3260  aux_0.acc_seg: 86.5878
2026/07/25 19:08:22 - mmengine - INFO - Iter(train) [118300/160000]  lr: 2.4130e-02  eta: 4:22:47  time: 0.3785  data_time: 0.0283  memory: 9889  loss: 1.0459  decode.loss_ohem: 0.7459  decode.acc_seg: 92.4146  aux_0.loss_ce: 0.3000  aux_0.acc_seg: 89.8267
2026/07/25 19:09:00 - mmengine - INFO - Iter(train) [118400/160000]  lr: 2.4077e-02  eta: 4:22:09  time: 0.3784  data_time: 0.0273  memory: 9887  loss: 1.1059  decode.loss_ohem: 0.7525  decode.acc_seg: 93.0158  aux_0.loss_ce: 0.3534  aux_0.acc_seg: 89.0483
2026/07/25 19:09:38 - mmengine - INFO - Iter(train) [118500/160000]  lr: 2.4025e-02  eta: 4:21:31  time: 0.3784  data_time: 0.0282  memory: 9887  loss: 0.9668  decode.loss_ohem: 0.6848  decode.acc_seg: 93.6496  aux_0.loss_ce: 0.2820  aux_0.acc_seg: 90.3783
2026/07/25 19:10:16 - mmengine - INFO - Iter(train) [118600/160000]  lr: 2.3973e-02  eta: 4:20:54  time: 0.3792  data_time: 0.0283  memory: 9889  loss: 1.0955  decode.loss_ohem: 0.7561  decode.acc_seg: 92.8938  aux_0.loss_ce: 0.3394  aux_0.acc_seg: 89.6066
2026/07/25 19:10:54 - mmengine - INFO - Iter(train) [118700/160000]  lr: 2.3921e-02  eta: 4:20:16  time: 0.3784  data_time: 0.0273  memory: 9888  loss: 1.0113  decode.loss_ohem: 0.6961  decode.acc_seg: 92.0316  aux_0.loss_ce: 0.3153  aux_0.acc_seg: 87.4587
2026/07/25 19:11:32 - mmengine - INFO - Iter(train) [118800/160000]  lr: 2.3869e-02  eta: 4:19:38  time: 0.3792  data_time: 0.0287  memory: 9889  loss: 1.0436  decode.loss_ohem: 0.7420  decode.acc_seg: 92.5864  aux_0.loss_ce: 0.3016  aux_0.acc_seg: 89.0879
2026/07/25 19:12:09 - mmengine - INFO - Iter(train) [118900/160000]  lr: 2.3817e-02  eta: 4:19:00  time: 0.3787  data_time: 0.0272  memory: 9889  loss: 1.0104  decode.loss_ohem: 0.6781  decode.acc_seg: 92.7695  aux_0.loss_ce: 0.3323  aux_0.acc_seg: 85.8327
2026/07/25 19:12:47 - mmengine - INFO - Exp name: dsanet_cityscapes_512x1024_20260725_063741
2026/07/25 19:12:47 - mmengine - INFO - Iter(train) [119000/160000]  lr: 2.3765e-02  eta: 4:18:23  time: 0.3793  data_time: 0.0281  memory: 9888  loss: 1.0552  decode.loss_ohem: 0.7359  decode.acc_seg: 91.4589  aux_0.loss_ce: 0.3193  aux_0.acc_seg: 87.2206
2026/07/25 19:13:25 - mmengine - INFO - Iter(train) [119100/160000]  lr: 2.3713e-02  eta: 4:17:45  time: 0.3778  data_time: 0.0272  memory: 9888  loss: 1.1039  decode.loss_ohem: 0.7797  decode.acc_seg: 92.1564  aux_0.loss_ce: 0.3243  aux_0.acc_seg: 87.9360
2026/07/25 19:14:03 - mmengine - INFO - Iter(train) [119200/160000]  lr: 2.3661e-02  eta: 4:17:07  time: 0.3793  data_time: 0.0282  memory: 9888  loss: 1.0319  decode.loss_ohem: 0.7163  decode.acc_seg: 94.1577  aux_0.loss_ce: 0.3157  aux_0.acc_seg: 90.0501
2026/07/25 19:14:41 - mmengine - INFO - Iter(train) [119300/160000]  lr: 2.3608e-02  eta: 4:16:29  time: 0.3811  data_time: 0.0294  memory: 9887  loss: 0.9870  decode.loss_ohem: 0.7034  decode.acc_seg: 92.9035  aux_0.loss_ce: 0.2836  aux_0.acc_seg: 90.6074
2026/07/25 19:15:19 - mmengine - INFO - Iter(train) [119400/160000]  lr: 2.3556e-02  eta: 4:15:51  time: 0.3786  data_time: 0.0276  memory: 9888  loss: 1.0515  decode.loss_ohem: 0.7431  decode.acc_seg: 91.9308  aux_0.loss_ce: 0.3084  aux_0.acc_seg: 84.9665
2026/07/25 19:15:57 - mmengine - INFO - Iter(train) [119500/160000]  lr: 2.3504e-02  eta: 4:15:14  time: 0.3792  data_time: 0.0281  memory: 9887  loss: 0.9983  decode.loss_ohem: 0.6956  decode.acc_seg: 91.8885  aux_0.loss_ce: 0.3026  aux_0.acc_seg: 87.3051
2026/07/25 19:16:35 - mmengine - INFO - Iter(train) [119600/160000]  lr: 2.3452e-02  eta: 4:14:36  time: 0.3800  data_time: 0.0298  memory: 9888  loss: 1.0287  decode.loss_ohem: 0.6949  decode.acc_seg: 91.9591  aux_0.loss_ce: 0.3338  aux_0.acc_seg: 87.4467
2026/07/25 19:17:13 - mmengine - INFO - Iter(train) [119700/160000]  lr: 2.3400e-02  eta: 4:13:58  time: 0.3790  data_time: 0.0285  memory: 9887  loss: 1.0006  decode.loss_ohem: 0.7099  decode.acc_seg: 92.4483  aux_0.loss_ce: 0.2907  aux_0.acc_seg: 87.9076
2026/07/25 19:17:51 - mmengine - INFO - Iter(train) [119800/160000]  lr: 2.3347e-02  eta: 4:13:20  time: 0.3794  data_time: 0.0283  memory: 9888  loss: 1.1002  decode.loss_ohem: 0.7640  decode.acc_seg: 90.9021  aux_0.loss_ce: 0.3361  aux_0.acc_seg: 89.2614
2026/07/25 19:18:28 - mmengine - INFO - Iter(train) [119900/160000]  lr: 2.3295e-02  eta: 4:12:42  time: 0.3776  data_time: 0.0271  memory: 9887  loss: 1.1141  decode.loss_ohem: 0.7806  decode.acc_seg: 91.1872  aux_0.loss_ce: 0.3335  aux_0.acc_seg: 86.2816
2026/07/25 19:19:06 - mmengine - INFO - Exp name: dsanet_cityscapes_512x1024_20260725_063741
2026/07/25 19:19:06 - mmengine - INFO - Iter(train) [120000/160000]  lr: 2.3243e-02  eta: 4:12:05  time: 0.3782  data_time: 0.0279  memory: 9887  loss: 1.1063  decode.loss_ohem: 0.7826  decode.acc_seg: 93.4944  aux_0.loss_ce: 0.3237  aux_0.acc_seg: 86.9856
2026/07/25 19:19:06 - mmengine - INFO - Saving checkpoint at 120000 iterations
2026/07/25 19:19:12 - mmengine - INFO - Iter(val) [100/250]    eta: 0:00:07  time: 0.0464  data_time: 0.0094  memory: 729  
2026/07/25 19:19:16 - mmengine - INFO - Iter(val) [200/250]    eta: 0:00:02  time: 0.0474  data_time: 0.0095  memory: 729  
2026/07/25 19:19:19 - mmengine - INFO - per class results:
2026/07/25 19:19:19 - mmengine - INFO - 
+---------------+-------+-------+
|     Class     |  IoU  |  Acc  |
+---------------+-------+-------+
|      road     | 97.42 | 98.26 |
|    sidewalk   | 80.85 |  91.6 |
|    building   | 89.94 | 94.37 |
|      wall     | 41.21 | 47.79 |
|     fence     | 56.66 | 72.74 |
|      pole     | 57.91 | 68.99 |
| traffic light | 56.45 | 74.86 |
|  traffic sign | 68.94 |  76.7 |
|   vegetation  | 90.22 | 96.68 |
|    terrain    | 51.22 | 56.96 |
|      sky      | 92.57 | 95.22 |
|     person    | 74.93 | 90.03 |
|     rider     | 52.35 | 71.03 |
|      car      | 91.61 | 97.38 |
|     truck     |  46.1 | 71.88 |
|      bus      |  63.7 | 75.58 |
|     train     |  38.6 | 39.16 |
|   motorcycle  | 50.85 | 64.69 |
|    bicycle    | 69.48 | 82.45 |
+---------------+-------+-------+
2026/07/25 19:19:19 - mmengine - INFO - Iter(val) [250/250]    aAcc: 94.5300  mIoU: 66.9000  mAcc: 77.1800  data_time: 0.0106  time: 0.0482
2026/07/25 19:19:56 - mmengine - INFO - Iter(train) [120100/160000]  lr: 2.3190e-02  eta: 4:11:27  time: 0.3782  data_time: 0.0276  memory: 9887  loss: 1.0393  decode.loss_ohem: 0.7219  decode.acc_seg: 89.8303  aux_0.loss_ce: 0.3175  aux_0.acc_seg: 86.8594
2026/07/25 19:20:34 - mmengine - INFO - Iter(train) [120200/160000]  lr: 2.3138e-02  eta: 4:10:49  time: 0.3745  data_time: 0.0259  memory: 9889  loss: 0.9881  decode.loss_ohem: 0.7014  decode.acc_seg: 94.0015  aux_0.loss_ce: 0.2866  aux_0.acc_seg: 89.1560
2026/07/25 19:21:12 - mmengine - INFO - Iter(train) [120300/160000]  lr: 2.3086e-02  eta: 4:10:11  time: 0.3749  data_time: 0.0267  memory: 9887  loss: 1.0247  decode.loss_ohem: 0.7318  decode.acc_seg: 93.2008  aux_0.loss_ce: 0.2929  aux_0.acc_seg: 88.1015
2026/07/25 19:21:49 - mmengine - INFO - Iter(train) [120400/160000]  lr: 2.3034e-02  eta: 4:09:33  time: 0.3764  data_time: 0.0264  memory: 9886  loss: 0.9876  decode.loss_ohem: 0.6852  decode.acc_seg: 94.5543  aux_0.loss_ce: 0.3024  aux_0.acc_seg: 91.0062
2026/07/25 19:22:27 - mmengine - INFO - Iter(train) [120500/160000]  lr: 2.2981e-02  eta: 4:08:55  time: 0.3758  data_time: 0.0269  memory: 9887  loss: 1.0116  decode.loss_ohem: 0.7204  decode.acc_seg: 94.3349  aux_0.loss_ce: 0.2912  aux_0.acc_seg: 89.0317
2026/07/25 19:23:04 - mmengine - INFO - Iter(train) [120600/160000]  lr: 2.2929e-02  eta: 4:08:17  time: 0.3748  data_time: 0.0260  memory: 9888  loss: 1.0235  decode.loss_ohem: 0.7291  decode.acc_seg: 93.1949  aux_0.loss_ce: 0.2943  aux_0.acc_seg: 85.5433
2026/07/25 19:23:42 - mmengine - INFO - Iter(train) [120700/160000]  lr: 2.2877e-02  eta: 4:07:39  time: 0.3750  data_time: 0.0267  memory: 9887  loss: 0.9527  decode.loss_ohem: 0.6765  decode.acc_seg: 93.3943  aux_0.loss_ce: 0.2762  aux_0.acc_seg: 90.5653
2026/07/25 19:24:20 - mmengine - INFO - Iter(train) [120800/160000]  lr: 2.2824e-02  eta: 4:07:02  time: 0.3756  data_time: 0.0269  memory: 9887  loss: 1.0000  decode.loss_ohem: 0.7079  decode.acc_seg: 93.0353  aux_0.loss_ce: 0.2921  aux_0.acc_seg: 88.4511
2026/07/25 19:24:57 - mmengine - INFO - Iter(train) [120900/160000]  lr: 2.2772e-02  eta: 4:06:24  time: 0.3760  data_time: 0.0267  memory: 9887  loss: 0.9555  decode.loss_ohem: 0.6650  decode.acc_seg: 93.1667  aux_0.loss_ce: 0.2905  aux_0.acc_seg: 89.9803
2026/07/25 19:25:35 - mmengine - INFO - Exp name: dsanet_cityscapes_512x1024_20260725_063741
2026/07/25 19:25:35 - mmengine - INFO - Iter(train) [121000/160000]  lr: 2.2719e-02  eta: 4:05:46  time: 0.3758  data_time: 0.0267  memory: 9888  loss: 1.0360  decode.loss_ohem: 0.7224  decode.acc_seg: 93.1989  aux_0.loss_ce: 0.3136  aux_0.acc_seg: 89.2812
2026/07/25 19:26:13 - mmengine - INFO - Iter(train) [121100/160000]  lr: 2.2667e-02  eta: 4:05:08  time: 0.3827  data_time: 0.0311  memory: 9888  loss: 1.1189  decode.loss_ohem: 0.8003  decode.acc_seg: 90.5074  aux_0.loss_ce: 0.3186  aux_0.acc_seg: 84.3914
2026/07/25 19:26:51 - mmengine - INFO - Iter(train) [121200/160000]  lr: 2.2615e-02  eta: 4:04:30  time: 0.3775  data_time: 0.0278  memory: 9887  loss: 1.0887  decode.loss_ohem: 0.7718  decode.acc_seg: 92.1622  aux_0.loss_ce: 0.3168  aux_0.acc_seg: 84.9274
2026/07/25 19:27:28 - mmengine - INFO - Iter(train) [121300/160000]  lr: 2.2562e-02  eta: 4:03:52  time: 0.3771  data_time: 0.0276  memory: 9887  loss: 1.0574  decode.loss_ohem: 0.7234  decode.acc_seg: 95.2278  aux_0.loss_ce: 0.3340  aux_0.acc_seg: 89.6609
2026/07/25 19:28:06 - mmengine - INFO - Iter(train) [121400/160000]  lr: 2.2510e-02  eta: 4:03:14  time: 0.3772  data_time: 0.0273  memory: 9888  loss: 1.0537  decode.loss_ohem: 0.7263  decode.acc_seg: 94.9818  aux_0.loss_ce: 0.3274  aux_0.acc_seg: 92.3355
2026/07/25 19:28:44 - mmengine - INFO - Iter(train) [121500/160000]  lr: 2.2457e-02  eta: 4:02:37  time: 0.3770  data_time: 0.0270  memory: 9889  loss: 1.0010  decode.loss_ohem: 0.6925  decode.acc_seg: 92.4954  aux_0.loss_ce: 0.3085  aux_0.acc_seg: 87.7214
2026/07/25 19:29:21 - mmengine - INFO - Iter(train) [121600/160000]  lr: 2.2405e-02  eta: 4:01:59  time: 0.3763  data_time: 0.0273  memory: 9888  loss: 1.0776  decode.loss_ohem: 0.7362  decode.acc_seg: 94.4586  aux_0.loss_ce: 0.3413  aux_0.acc_seg: 90.7934
2026/07/25 19:29:59 - mmengine - INFO - Iter(train) [121700/160000]  lr: 2.2352e-02  eta: 4:01:21  time: 0.3752  data_time: 0.0263  memory: 9887  loss: 0.9686  decode.loss_ohem: 0.6879  decode.acc_seg: 94.7185  aux_0.loss_ce: 0.2807  aux_0.acc_seg: 89.8040
2026/07/25 19:30:37 - mmengine - INFO - Iter(train) [121800/160000]  lr: 2.2300e-02  eta: 4:00:43  time: 0.3768  data_time: 0.0275  memory: 9888  loss: 1.1384  decode.loss_ohem: 0.7847  decode.acc_seg: 93.1274  aux_0.loss_ce: 0.3536  aux_0.acc_seg: 86.1658
2026/07/25 19:31:14 - mmengine - INFO - Iter(train) [121900/160000]  lr: 2.2247e-02  eta: 4:00:05  time: 0.3766  data_time: 0.0276  memory: 9887  loss: 0.9500  decode.loss_ohem: 0.6796  decode.acc_seg: 94.6384  aux_0.loss_ce: 0.2705  aux_0.acc_seg: 90.7258
2026/07/25 19:31:52 - mmengine - INFO - Exp name: dsanet_cityscapes_512x1024_20260725_063741
2026/07/25 19:31:52 - mmengine - INFO - Iter(train) [122000/160000]  lr: 2.2195e-02  eta: 3:59:27  time: 0.3811  data_time: 0.0305  memory: 9887  loss: 1.0404  decode.loss_ohem: 0.7225  decode.acc_seg: 91.3899  aux_0.loss_ce: 0.3179  aux_0.acc_seg: 87.7163
2026/07/25 19:32:30 - mmengine - INFO - Iter(train) [122100/160000]  lr: 2.2142e-02  eta: 3:58:49  time: 0.3753  data_time: 0.0266  memory: 9887  loss: 1.0110  decode.loss_ohem: 0.6930  decode.acc_seg: 93.8483  aux_0.loss_ce: 0.3180  aux_0.acc_seg: 88.3116
2026/07/25 19:33:07 - mmengine - INFO - Iter(train) [122200/160000]  lr: 2.2090e-02  eta: 3:58:11  time: 0.3762  data_time: 0.0268  memory: 9887  loss: 1.0705  decode.loss_ohem: 0.7389  decode.acc_seg: 90.4023  aux_0.loss_ce: 0.3317  aux_0.acc_seg: 85.2140
2026/07/25 19:33:45 - mmengine - INFO - Iter(train) [122300/160000]  lr: 2.2037e-02  eta: 3:57:34  time: 0.3767  data_time: 0.0271  memory: 9888  loss: 1.0096  decode.loss_ohem: 0.6949  decode.acc_seg: 91.3885  aux_0.loss_ce: 0.3147  aux_0.acc_seg: 84.0138
2026/07/25 19:34:23 - mmengine - INFO - Iter(train) [122400/160000]  lr: 2.1984e-02  eta: 3:56:56  time: 0.3771  data_time: 0.0275  memory: 9888  loss: 1.0258  decode.loss_ohem: 0.7330  decode.acc_seg: 93.8704  aux_0.loss_ce: 0.2928  aux_0.acc_seg: 90.0468
2026/07/25 19:35:01 - mmengine - INFO - Iter(train) [122500/160000]  lr: 2.1932e-02  eta: 3:56:18  time: 0.3777  data_time: 0.0278  memory: 9887  loss: 0.9972  decode.loss_ohem: 0.6788  decode.acc_seg: 91.7754  aux_0.loss_ce: 0.3184  aux_0.acc_seg: 87.6761
2026/07/25 19:35:38 - mmengine - INFO - Iter(train) [122600/160000]  lr: 2.1879e-02  eta: 3:55:40  time: 0.3766  data_time: 0.0278  memory: 9887  loss: 1.0305  decode.loss_ohem: 0.7264  decode.acc_seg: 93.4044  aux_0.loss_ce: 0.3041  aux_0.acc_seg: 89.0122
2026/07/25 19:36:16 - mmengine - INFO - Iter(train) [122700/160000]  lr: 2.1826e-02  eta: 3:55:02  time: 0.3772  data_time: 0.0279  memory: 9889  loss: 1.0143  decode.loss_ohem: 0.6870  decode.acc_seg: 93.8945  aux_0.loss_ce: 0.3273  aux_0.acc_seg: 89.5820
2026/07/25 19:36:54 - mmengine - INFO - Iter(train) [122800/160000]  lr: 2.1774e-02  eta: 3:54:24  time: 0.3763  data_time: 0.0269  memory: 9887  loss: 1.0149  decode.loss_ohem: 0.7385  decode.acc_seg: 93.6458  aux_0.loss_ce: 0.2763  aux_0.acc_seg: 90.9676
2026/07/25 19:37:31 - mmengine - INFO - Iter(train) [122900/160000]  lr: 2.1721e-02  eta: 3:53:47  time: 0.3757  data_time: 0.0269  memory: 9887  loss: 1.0684  decode.loss_ohem: 0.7410  decode.acc_seg: 91.7711  aux_0.loss_ce: 0.3274  aux_0.acc_seg: 86.2510
2026/07/25 19:38:09 - mmengine - INFO - Exp name: dsanet_cityscapes_512x1024_20260725_063741
2026/07/25 19:38:09 - mmengine - INFO - Iter(train) [123000/160000]  lr: 2.1668e-02  eta: 3:53:09  time: 0.3774  data_time: 0.0281  memory: 9887  loss: 1.0263  decode.loss_ohem: 0.7341  decode.acc_seg: 94.2906  aux_0.loss_ce: 0.2922  aux_0.acc_seg: 92.9156
2026/07/25 19:38:47 - mmengine - INFO - Iter(train) [123100/160000]  lr: 2.1616e-02  eta: 3:52:31  time: 0.3765  data_time: 0.0273  memory: 9888  loss: 1.0413  decode.loss_ohem: 0.7353  decode.acc_seg: 92.8940  aux_0.loss_ce: 0.3059  aux_0.acc_seg: 87.7772
2026/07/25 19:39:24 - mmengine - INFO - Iter(train) [123200/160000]  lr: 2.1563e-02  eta: 3:51:53  time: 0.3777  data_time: 0.0281  memory: 9887  loss: 1.0396  decode.loss_ohem: 0.7381  decode.acc_seg: 92.4670  aux_0.loss_ce: 0.3015  aux_0.acc_seg: 87.2417
2026/07/25 19:40:02 - mmengine - INFO - Iter(train) [123300/160000]  lr: 2.1510e-02  eta: 3:51:15  time: 0.3775  data_time: 0.0271  memory: 9889  loss: 1.0469  decode.loss_ohem: 0.7070  decode.acc_seg: 90.6212  aux_0.loss_ce: 0.3399  aux_0.acc_seg: 83.1023
2026/07/25 19:40:40 - mmengine - INFO - Iter(train) [123400/160000]  lr: 2.1458e-02  eta: 3:50:37  time: 0.3779  data_time: 0.0277  memory: 9887  loss: 1.1043  decode.loss_ohem: 0.7832  decode.acc_seg: 90.6152  aux_0.loss_ce: 0.3211  aux_0.acc_seg: 85.3251
2026/07/25 19:41:18 - mmengine - INFO - Iter(train) [123500/160000]  lr: 2.1405e-02  eta: 3:50:00  time: 0.3770  data_time: 0.0275  memory: 9888  loss: 1.0466  decode.loss_ohem: 0.7363  decode.acc_seg: 94.8687  aux_0.loss_ce: 0.3103  aux_0.acc_seg: 91.6626
2026/07/25 19:41:55 - mmengine - INFO - Iter(train) [123600/160000]  lr: 2.1352e-02  eta: 3:49:22  time: 0.3763  data_time: 0.0267  memory: 9888  loss: 1.0548  decode.loss_ohem: 0.7447  decode.acc_seg: 89.6400  aux_0.loss_ce: 0.3101  aux_0.acc_seg: 85.5441
2026/07/25 19:42:33 - mmengine - INFO - Iter(train) [123700/160000]  lr: 2.1299e-02  eta: 3:48:44  time: 0.3776  data_time: 0.0280  memory: 9887  loss: 1.0310  decode.loss_ohem: 0.7350  decode.acc_seg: 94.5557  aux_0.loss_ce: 0.2960  aux_0.acc_seg: 91.6987
2026/07/25 19:43:11 - mmengine - INFO - Iter(train) [123800/160000]  lr: 2.1247e-02  eta: 3:48:06  time: 0.3758  data_time: 0.0268  memory: 9888  loss: 0.9984  decode.loss_ohem: 0.7189  decode.acc_seg: 91.6889  aux_0.loss_ce: 0.2795  aux_0.acc_seg: 90.1132
2026/07/25 19:43:49 - mmengine - INFO - Iter(train) [123900/160000]  lr: 2.1194e-02  eta: 3:47:28  time: 0.3764  data_time: 0.0270  memory: 9889  loss: 1.1287  decode.loss_ohem: 0.7837  decode.acc_seg: 90.5026  aux_0.loss_ce: 0.3450  aux_0.acc_seg: 84.1666
2026/07/25 19:44:26 - mmengine - INFO - Exp name: dsanet_cityscapes_512x1024_20260725_063741
2026/07/25 19:44:26 - mmengine - INFO - Iter(train) [124000/160000]  lr: 2.1141e-02  eta: 3:46:50  time: 0.3750  data_time: 0.0268  memory: 9887  loss: 1.0115  decode.loss_ohem: 0.7224  decode.acc_seg: 92.9877  aux_0.loss_ce: 0.2891  aux_0.acc_seg: 90.3811
2026/07/25 19:45:04 - mmengine - INFO - Iter(train) [124100/160000]  lr: 2.1088e-02  eta: 3:46:12  time: 0.3758  data_time: 0.0264  memory: 9887  loss: 0.9896  decode.loss_ohem: 0.7002  decode.acc_seg: 93.6755  aux_0.loss_ce: 0.2894  aux_0.acc_seg: 88.4442
2026/07/25 19:45:42 - mmengine - INFO - Iter(train) [124200/160000]  lr: 2.1035e-02  eta: 3:45:35  time: 0.3765  data_time: 0.0267  memory: 9889  loss: 1.0150  decode.loss_ohem: 0.7208  decode.acc_seg: 93.3305  aux_0.loss_ce: 0.2942  aux_0.acc_seg: 91.0912
2026/07/25 19:46:19 - mmengine - INFO - Iter(train) [124300/160000]  lr: 2.0982e-02  eta: 3:44:57  time: 0.3763  data_time: 0.0265  memory: 9887  loss: 1.0233  decode.loss_ohem: 0.7199  decode.acc_seg: 90.1018  aux_0.loss_ce: 0.3035  aux_0.acc_seg: 87.4900
2026/07/25 19:46:57 - mmengine - INFO - Iter(train) [124400/160000]  lr: 2.0930e-02  eta: 3:44:19  time: 0.3772  data_time: 0.0269  memory: 9887  loss: 0.9932  decode.loss_ohem: 0.6932  decode.acc_seg: 93.0172  aux_0.loss_ce: 0.3000  aux_0.acc_seg: 88.8028
2026/07/25 19:47:35 - mmengine - INFO - Iter(train) [124500/160000]  lr: 2.0877e-02  eta: 3:43:41  time: 0.3768  data_time: 0.0275  memory: 9890  loss: 0.9287  decode.loss_ohem: 0.6317  decode.acc_seg: 93.9898  aux_0.loss_ce: 0.2970  aux_0.acc_seg: 90.4742
2026/07/25 19:48:12 - mmengine - INFO - Iter(train) [124600/160000]  lr: 2.0824e-02  eta: 3:43:03  time: 0.3771  data_time: 0.0264  memory: 9888  loss: 1.0225  decode.loss_ohem: 0.7390  decode.acc_seg: 91.5733  aux_0.loss_ce: 0.2836  aux_0.acc_seg: 88.2462
2026/07/25 19:48:50 - mmengine - INFO - Iter(train) [124700/160000]  lr: 2.0771e-02  eta: 3:42:25  time: 0.3766  data_time: 0.0265  memory: 9887  loss: 0.9828  decode.loss_ohem: 0.6745  decode.acc_seg: 92.2740  aux_0.loss_ce: 0.3083  aux_0.acc_seg: 88.8214
2026/07/25 19:49:28 - mmengine - INFO - Iter(train) [124800/160000]  lr: 2.0718e-02  eta: 3:41:48  time: 0.3747  data_time: 0.0260  memory: 9888  loss: 1.0593  decode.loss_ohem: 0.7617  decode.acc_seg: 93.9575  aux_0.loss_ce: 0.2976  aux_0.acc_seg: 91.6590
2026/07/25 19:50:06 - mmengine - INFO - Iter(train) [124900/160000]  lr: 2.0665e-02  eta: 3:41:10  time: 0.3801  data_time: 0.0289  memory: 9887  loss: 1.0558  decode.loss_ohem: 0.7352  decode.acc_seg: 91.7538  aux_0.loss_ce: 0.3206  aux_0.acc_seg: 86.7628
2026/07/25 19:50:44 - mmengine - INFO - Exp name: dsanet_cityscapes_512x1024_20260725_063741
2026/07/25 19:50:44 - mmengine - INFO - Iter(train) [125000/160000]  lr: 2.0612e-02  eta: 3:40:32  time: 0.3743  data_time: 0.0259  memory: 9888  loss: 1.0753  decode.loss_ohem: 0.7514  decode.acc_seg: 92.0499  aux_0.loss_ce: 0.3239  aux_0.acc_seg: 87.5387
2026/07/25 19:50:44 - mmengine - INFO - Saving checkpoint at 125000 iterations
2026/07/25 19:50:49 - mmengine - INFO - Iter(val) [100/250]    eta: 0:00:07  time: 0.0469  data_time: 0.0095  memory: 729  
2026/07/25 19:50:54 - mmengine - INFO - Iter(val) [200/250]    eta: 0:00:02  time: 0.0476  data_time: 0.0099  memory: 729  
2026/07/25 19:50:56 - mmengine - INFO - per class results:
2026/07/25 19:50:56 - mmengine - INFO - 
+---------------+-------+-------+
|     Class     |  IoU  |  Acc  |
+---------------+-------+-------+
|      road     |  97.6 | 98.78 |
|    sidewalk   |  80.8 | 89.55 |
|    building   | 90.79 | 95.35 |
|      wall     | 44.91 | 51.57 |
|     fence     | 57.24 | 68.69 |
|      pole     | 58.59 | 70.18 |
| traffic light | 56.27 |  71.2 |
|  traffic sign | 69.17 | 75.56 |
|   vegetation  | 90.79 | 96.06 |
|    terrain    | 59.99 |  73.0 |
|      sky      | 93.42 | 96.91 |
|     person    | 74.69 | 85.53 |
|     rider     |  51.9 | 77.03 |
|      car      |  92.5 | 97.58 |
|     truck     | 49.69 | 54.34 |
|      bus      | 70.18 |  87.6 |
|     train     | 62.33 | 66.49 |
|   motorcycle  | 30.64 | 32.03 |
|    bicycle    | 69.08 | 86.58 |
+---------------+-------+-------+
2026/07/25 19:50:56 - mmengine - INFO - Iter(val) [250/250]    aAcc: 94.9000  mIoU: 68.4500  mAcc: 77.5800  data_time: 0.0105  time: 0.0480
2026/07/25 19:51:34 - mmengine - INFO - Iter(train) [125100/160000]  lr: 2.0559e-02  eta: 3:39:54  time: 0.3781  data_time: 0.0281  memory: 9888  loss: 1.0222  decode.loss_ohem: 0.7261  decode.acc_seg: 94.4827  aux_0.loss_ce: 0.2962  aux_0.acc_seg: 91.3421
2026/07/25 19:52:12 - mmengine - INFO - Iter(train) [125200/160000]  lr: 2.0506e-02  eta: 3:39:16  time: 0.3802  data_time: 0.0288  memory: 9887  loss: 1.0749  decode.loss_ohem: 0.7658  decode.acc_seg: 92.9738  aux_0.loss_ce: 0.3090  aux_0.acc_seg: 88.6439
2026/07/25 19:52:49 - mmengine - INFO - Iter(train) [125300/160000]  lr: 2.0453e-02  eta: 3:38:38  time: 0.3733  data_time: 0.0244  memory: 9887  loss: 1.0416  decode.loss_ohem: 0.7328  decode.acc_seg: 93.1562  aux_0.loss_ce: 0.3088  aux_0.acc_seg: 86.7618
2026/07/25 19:53:27 - mmengine - INFO - Iter(train) [125400/160000]  lr: 2.0400e-02  eta: 3:38:01  time: 0.3796  data_time: 0.0284  memory: 9888  loss: 1.0627  decode.loss_ohem: 0.7787  decode.acc_seg: 92.0295  aux_0.loss_ce: 0.2840  aux_0.acc_seg: 88.1616
2026/07/25 19:54:05 - mmengine - INFO - Iter(train) [125500/160000]  lr: 2.0347e-02  eta: 3:37:23  time: 0.3754  data_time: 0.0261  memory: 9888  loss: 1.0010  decode.loss_ohem: 0.6852  decode.acc_seg: 88.8868  aux_0.loss_ce: 0.3158  aux_0.acc_seg: 83.3265
2026/07/25 19:54:42 - mmengine - INFO - Iter(train) [125600/160000]  lr: 2.0294e-02  eta: 3:36:45  time: 0.3791  data_time: 0.0280  memory: 9889  loss: 1.0990  decode.loss_ohem: 0.7635  decode.acc_seg: 90.4752  aux_0.loss_ce: 0.3355  aux_0.acc_seg: 86.4328
2026/07/25 19:55:20 - mmengine - INFO - Iter(train) [125700/160000]  lr: 2.0241e-02  eta: 3:36:07  time: 0.3782  data_time: 0.0276  memory: 9887  loss: 1.0345  decode.loss_ohem: 0.7201  decode.acc_seg: 93.5090  aux_0.loss_ce: 0.3144  aux_0.acc_seg: 87.6756
2026/07/25 19:55:58 - mmengine - INFO - Iter(train) [125800/160000]  lr: 2.0188e-02  eta: 3:35:29  time: 0.3774  data_time: 0.0269  memory: 9887  loss: 1.0139  decode.loss_ohem: 0.7171  decode.acc_seg: 93.3964  aux_0.loss_ce: 0.2968  aux_0.acc_seg: 90.6423
2026/07/25 19:56:36 - mmengine - INFO - Iter(train) [125900/160000]  lr: 2.0135e-02  eta: 3:34:51  time: 0.3741  data_time: 0.0262  memory: 9887  loss: 1.0033  decode.loss_ohem: 0.7277  decode.acc_seg: 92.5204  aux_0.loss_ce: 0.2756  aux_0.acc_seg: 87.5241
2026/07/25 19:57:13 - mmengine - INFO - Exp name: dsanet_cityscapes_512x1024_20260725_063741
2026/07/25 19:57:13 - mmengine - INFO - Iter(train) [126000/160000]  lr: 2.0081e-02  eta: 3:34:14  time: 0.3761  data_time: 0.0260  memory: 9887  loss: 1.0685  decode.loss_ohem: 0.7481  decode.acc_seg: 91.7608  aux_0.loss_ce: 0.3205  aux_0.acc_seg: 86.2859
2026/07/25 19:57:51 - mmengine - INFO - Iter(train) [126100/160000]  lr: 2.0028e-02  eta: 3:33:36  time: 0.3787  data_time: 0.0275  memory: 9890  loss: 1.0249  decode.loss_ohem: 0.7008  decode.acc_seg: 92.7273  aux_0.loss_ce: 0.3241  aux_0.acc_seg: 90.0435
2026/07/25 19:58:29 - mmengine - INFO - Iter(train) [126200/160000]  lr: 1.9975e-02  eta: 3:32:58  time: 0.3789  data_time: 0.0282  memory: 9889  loss: 1.1133  decode.loss_ohem: 0.7701  decode.acc_seg: 86.0514  aux_0.loss_ce: 0.3431  aux_0.acc_seg: 77.3427
2026/07/25 19:59:06 - mmengine - INFO - Iter(train) [126300/160000]  lr: 1.9922e-02  eta: 3:32:20  time: 0.3778  data_time: 0.0277  memory: 9888  loss: 1.0978  decode.loss_ohem: 0.7590  decode.acc_seg: 90.4891  aux_0.loss_ce: 0.3388  aux_0.acc_seg: 88.0796
2026/07/25 19:59:44 - mmengine - INFO - Iter(train) [126400/160000]  lr: 1.9869e-02  eta: 3:31:42  time: 0.3735  data_time: 0.0251  memory: 9887  loss: 1.0851  decode.loss_ohem: 0.7742  decode.acc_seg: 91.9559  aux_0.loss_ce: 0.3109  aux_0.acc_seg: 89.5592
2026/07/25 20:00:22 - mmengine - INFO - Iter(train) [126500/160000]  lr: 1.9816e-02  eta: 3:31:04  time: 0.3760  data_time: 0.0264  memory: 9889  loss: 1.0466  decode.loss_ohem: 0.7203  decode.acc_seg: 93.0033  aux_0.loss_ce: 0.3263  aux_0.acc_seg: 87.2282
2026/07/25 20:00:59 - mmengine - INFO - Iter(train) [126600/160000]  lr: 1.9762e-02  eta: 3:30:27  time: 0.3766  data_time: 0.0276  memory: 9887  loss: 1.0354  decode.loss_ohem: 0.7256  decode.acc_seg: 93.4556  aux_0.loss_ce: 0.3098  aux_0.acc_seg: 87.7349
2026/07/25 20:01:37 - mmengine - INFO - Iter(train) [126700/160000]  lr: 1.9709e-02  eta: 3:29:49  time: 0.3768  data_time: 0.0279  memory: 9887  loss: 1.1185  decode.loss_ohem: 0.8015  decode.acc_seg: 92.5992  aux_0.loss_ce: 0.3170  aux_0.acc_seg: 88.4749
2026/07/25 20:02:15 - mmengine - INFO - Iter(train) [126800/160000]  lr: 1.9656e-02  eta: 3:29:11  time: 0.3752  data_time: 0.0255  memory: 9888  loss: 0.9597  decode.loss_ohem: 0.6796  decode.acc_seg: 94.0318  aux_0.loss_ce: 0.2801  aux_0.acc_seg: 90.7689
2026/07/25 20:02:52 - mmengine - INFO - Iter(train) [126900/160000]  lr: 1.9603e-02  eta: 3:28:33  time: 0.3759  data_time: 0.0266  memory: 9888  loss: 1.0240  decode.loss_ohem: 0.7190  decode.acc_seg: 92.1392  aux_0.loss_ce: 0.3049  aux_0.acc_seg: 87.6742
2026/07/25 20:03:30 - mmengine - INFO - Exp name: dsanet_cityscapes_512x1024_20260725_063741
2026/07/25 20:03:30 - mmengine - INFO - Iter(train) [127000/160000]  lr: 1.9549e-02  eta: 3:27:55  time: 0.3760  data_time: 0.0261  memory: 9890  loss: 1.0685  decode.loss_ohem: 0.7258  decode.acc_seg: 92.0958  aux_0.loss_ce: 0.3427  aux_0.acc_seg: 87.7457
2026/07/25 20:04:08 - mmengine - INFO - Iter(train) [127100/160000]  lr: 1.9496e-02  eta: 3:27:17  time: 0.3772  data_time: 0.0273  memory: 9887  loss: 1.1317  decode.loss_ohem: 0.7779  decode.acc_seg: 92.9332  aux_0.loss_ce: 0.3538  aux_0.acc_seg: 90.1498
2026/07/25 20:04:45 - mmengine - INFO - Iter(train) [127200/160000]  lr: 1.9443e-02  eta: 3:26:39  time: 0.3776  data_time: 0.0275  memory: 9888  loss: 1.0337  decode.loss_ohem: 0.7290  decode.acc_seg: 94.4518  aux_0.loss_ce: 0.3047  aux_0.acc_seg: 90.6991
2026/07/25 20:05:23 - mmengine - INFO - Iter(train) [127300/160000]  lr: 1.9389e-02  eta: 3:26:02  time: 0.3768  data_time: 0.0267  memory: 9887  loss: 1.0119  decode.loss_ohem: 0.7193  decode.acc_seg: 93.2773  aux_0.loss_ce: 0.2926  aux_0.acc_seg: 90.5524
2026/07/25 20:06:01 - mmengine - INFO - Iter(train) [127400/160000]  lr: 1.9336e-02  eta: 3:25:24  time: 0.3767  data_time: 0.0277  memory: 9889  loss: 0.9212  decode.loss_ohem: 0.6702  decode.acc_seg: 94.8850  aux_0.loss_ce: 0.2510  aux_0.acc_seg: 91.9590
2026/07/25 20:06:39 - mmengine - INFO - Iter(train) [127500/160000]  lr: 1.9283e-02  eta: 3:24:46  time: 0.3755  data_time: 0.0263  memory: 9887  loss: 0.9857  decode.loss_ohem: 0.6745  decode.acc_seg: 93.3910  aux_0.loss_ce: 0.3112  aux_0.acc_seg: 89.2280
2026/07/25 20:07:16 - mmengine - INFO - Iter(train) [127600/160000]  lr: 1.9229e-02  eta: 3:24:08  time: 0.3766  data_time: 0.0269  memory: 9888  loss: 1.1363  decode.loss_ohem: 0.7831  decode.acc_seg: 93.8099  aux_0.loss_ce: 0.3532  aux_0.acc_seg: 89.4827
2026/07/25 20:07:54 - mmengine - INFO - Iter(train) [127700/160000]  lr: 1.9176e-02  eta: 3:23:30  time: 0.3755  data_time: 0.0265  memory: 9888  loss: 0.9903  decode.loss_ohem: 0.6875  decode.acc_seg: 94.5941  aux_0.loss_ce: 0.3027  aux_0.acc_seg: 91.6400
2026/07/25 20:08:31 - mmengine - INFO - Iter(train) [127800/160000]  lr: 1.9122e-02  eta: 3:22:52  time: 0.3757  data_time: 0.0263  memory: 9888  loss: 0.9925  decode.loss_ohem: 0.7149  decode.acc_seg: 93.0510  aux_0.loss_ce: 0.2776  aux_0.acc_seg: 89.7826
2026/07/25 20:09:09 - mmengine - INFO - Iter(train) [127900/160000]  lr: 1.9069e-02  eta: 3:22:14  time: 0.3738  data_time: 0.0248  memory: 9889  loss: 1.0097  decode.loss_ohem: 0.6934  decode.acc_seg: 89.6118  aux_0.loss_ce: 0.3163  aux_0.acc_seg: 84.0333
2026/07/25 20:09:46 - mmengine - INFO - Exp name: dsanet_cityscapes_512x1024_20260725_063741
2026/07/25 20:09:46 - mmengine - INFO - Iter(train) [128000/160000]  lr: 1.9016e-02  eta: 3:21:37  time: 0.3764  data_time: 0.0264  memory: 9888  loss: 1.0935  decode.loss_ohem: 0.7402  decode.acc_seg: 91.8850  aux_0.loss_ce: 0.3533  aux_0.acc_seg: 84.1114
2026/07/25 20:10:24 - mmengine - INFO - Iter(train) [128100/160000]  lr: 1.8962e-02  eta: 3:20:59  time: 0.3767  data_time: 0.0273  memory: 9889  loss: 0.9240  decode.loss_ohem: 0.6678  decode.acc_seg: 92.4743  aux_0.loss_ce: 0.2562  aux_0.acc_seg: 89.1066
2026/07/25 20:11:02 - mmengine - INFO - Iter(train) [128200/160000]  lr: 1.8909e-02  eta: 3:20:21  time: 0.3769  data_time: 0.0271  memory: 9888  loss: 1.0873  decode.loss_ohem: 0.7900  decode.acc_seg: 92.8256  aux_0.loss_ce: 0.2973  aux_0.acc_seg: 89.5312
2026/07/25 20:11:39 - mmengine - INFO - Iter(train) [128300/160000]  lr: 1.8855e-02  eta: 3:19:43  time: 0.3747  data_time: 0.0266  memory: 9887  loss: 1.0168  decode.loss_ohem: 0.7313  decode.acc_seg: 90.2447  aux_0.loss_ce: 0.2855  aux_0.acc_seg: 87.3229
2026/07/25 20:12:17 - mmengine - INFO - Iter(train) [128400/160000]  lr: 1.8802e-02  eta: 3:19:05  time: 0.3786  data_time: 0.0278  memory: 9888  loss: 0.9879  decode.loss_ohem: 0.6756  decode.acc_seg: 90.0166  aux_0.loss_ce: 0.3123  aux_0.acc_seg: 84.6002
2026/07/25 20:12:55 - mmengine - INFO - Iter(train) [128500/160000]  lr: 1.8748e-02  eta: 3:18:27  time: 0.3737  data_time: 0.0258  memory: 9887  loss: 1.0706  decode.loss_ohem: 0.7733  decode.acc_seg: 91.1010  aux_0.loss_ce: 0.2973  aux_0.acc_seg: 87.7011
2026/07/25 20:13:32 - mmengine - INFO - Iter(train) [128600/160000]  lr: 1.8695e-02  eta: 3:17:49  time: 0.3748  data_time: 0.0261  memory: 9888  loss: 1.0486  decode.loss_ohem: 0.7301  decode.acc_seg: 91.7644  aux_0.loss_ce: 0.3185  aux_0.acc_seg: 88.2127
2026/07/25 20:14:10 - mmengine - INFO - Iter(train) [128700/160000]  lr: 1.8641e-02  eta: 3:17:12  time: 0.3744  data_time: 0.0267  memory: 9887  loss: 0.9700  decode.loss_ohem: 0.7089  decode.acc_seg: 94.7532  aux_0.loss_ce: 0.2611  aux_0.acc_seg: 91.4767
2026/07/25 20:14:47 - mmengine - INFO - Iter(train) [128800/160000]  lr: 1.8587e-02  eta: 3:16:34  time: 0.3773  data_time: 0.0272  memory: 9887  loss: 0.9444  decode.loss_ohem: 0.6642  decode.acc_seg: 94.3577  aux_0.loss_ce: 0.2802  aux_0.acc_seg: 90.8860
2026/07/25 20:15:25 - mmengine - INFO - Iter(train) [128900/160000]  lr: 1.8534e-02  eta: 3:15:56  time: 0.3745  data_time: 0.0259  memory: 9888  loss: 1.0483  decode.loss_ohem: 0.7305  decode.acc_seg: 94.4512  aux_0.loss_ce: 0.3178  aux_0.acc_seg: 87.3393
2026/07/25 20:16:02 - mmengine - INFO - Exp name: dsanet_cityscapes_512x1024_20260725_063741
2026/07/25 20:16:02 - mmengine - INFO - Iter(train) [129000/160000]  lr: 1.8480e-02  eta: 3:15:18  time: 0.3773  data_time: 0.0278  memory: 9888  loss: 0.9746  decode.loss_ohem: 0.6996  decode.acc_seg: 93.9825  aux_0.loss_ce: 0.2750  aux_0.acc_seg: 90.7959
2026/07/25 20:16:40 - mmengine - INFO - Iter(train) [129100/160000]  lr: 1.8427e-02  eta: 3:14:40  time: 0.3752  data_time: 0.0266  memory: 9888  loss: 0.9448  decode.loss_ohem: 0.6772  decode.acc_seg: 94.7088  aux_0.loss_ce: 0.2677  aux_0.acc_seg: 92.0343
2026/07/25 20:17:18 - mmengine - INFO - Iter(train) [129200/160000]  lr: 1.8373e-02  eta: 3:14:02  time: 0.3748  data_time: 0.0249  memory: 9887  loss: 1.0154  decode.loss_ohem: 0.7023  decode.acc_seg: 91.7718  aux_0.loss_ce: 0.3131  aux_0.acc_seg: 86.0065
2026/07/25 20:17:55 - mmengine - INFO - Iter(train) [129300/160000]  lr: 1.8319e-02  eta: 3:13:24  time: 0.3752  data_time: 0.0263  memory: 9887  loss: 1.0506  decode.loss_ohem: 0.7325  decode.acc_seg: 94.0417  aux_0.loss_ce: 0.3181  aux_0.acc_seg: 87.9729
2026/07/25 20:18:33 - mmengine - INFO - Iter(train) [129400/160000]  lr: 1.8266e-02  eta: 3:12:47  time: 0.3747  data_time: 0.0260  memory: 9887  loss: 1.0119  decode.loss_ohem: 0.7158  decode.acc_seg: 94.2752  aux_0.loss_ce: 0.2961  aux_0.acc_seg: 90.2598
2026/07/25 20:19:10 - mmengine - INFO - Iter(train) [129500/160000]  lr: 1.8212e-02  eta: 3:12:09  time: 0.3756  data_time: 0.0265  memory: 9888  loss: 1.1235  decode.loss_ohem: 0.7793  decode.acc_seg: 84.9541  aux_0.loss_ce: 0.3442  aux_0.acc_seg: 80.8252
2026/07/25 20:19:48 - mmengine - INFO - Iter(train) [129600/160000]  lr: 1.8158e-02  eta: 3:11:31  time: 0.3746  data_time: 0.0256  memory: 9887  loss: 1.0275  decode.loss_ohem: 0.7061  decode.acc_seg: 92.8960  aux_0.loss_ce: 0.3214  aux_0.acc_seg: 90.8209
2026/07/25 20:20:26 - mmengine - INFO - Iter(train) [129700/160000]  lr: 1.8104e-02  eta: 3:10:53  time: 0.3737  data_time: 0.0260  memory: 9887  loss: 1.0246  decode.loss_ohem: 0.7155  decode.acc_seg: 94.4786  aux_0.loss_ce: 0.3091  aux_0.acc_seg: 91.8868
2026/07/25 20:21:03 - mmengine - INFO - Iter(train) [129800/160000]  lr: 1.8051e-02  eta: 3:10:15  time: 0.3753  data_time: 0.0268  memory: 9887  loss: 1.0708  decode.loss_ohem: 0.7563  decode.acc_seg: 90.7842  aux_0.loss_ce: 0.3145  aux_0.acc_seg: 86.1160
2026/07/25 20:21:41 - mmengine - INFO - Iter(train) [129900/160000]  lr: 1.7997e-02  eta: 3:09:37  time: 0.3751  data_time: 0.0269  memory: 9887  loss: 1.0474  decode.loss_ohem: 0.7464  decode.acc_seg: 92.5205  aux_0.loss_ce: 0.3010  aux_0.acc_seg: 86.5385
2026/07/25 20:22:18 - mmengine - INFO - Exp name: dsanet_cityscapes_512x1024_20260725_063741
2026/07/25 20:22:18 - mmengine - INFO - Iter(train) [130000/160000]  lr: 1.7943e-02  eta: 3:08:59  time: 0.3786  data_time: 0.0277  memory: 9887  loss: 1.0483  decode.loss_ohem: 0.7572  decode.acc_seg: 93.9823  aux_0.loss_ce: 0.2911  aux_0.acc_seg: 91.1835
2026/07/25 20:22:18 - mmengine - INFO - Saving checkpoint at 130000 iterations
2026/07/25 20:22:24 - mmengine - INFO - Iter(val) [100/250]    eta: 0:00:07  time: 0.0481  data_time: 0.0100  memory: 729  
2026/07/25 20:22:29 - mmengine - INFO - Iter(val) [200/250]    eta: 0:00:02  time: 0.0481  data_time: 0.0098  memory: 729  
2026/07/25 20:22:31 - mmengine - INFO - per class results:
2026/07/25 20:22:31 - mmengine - INFO - 
+---------------+-------+-------+
|     Class     |  IoU  |  Acc  |
+---------------+-------+-------+
|      road     | 97.63 | 98.41 |
|    sidewalk   |  81.1 | 91.66 |
|    building   | 90.52 | 95.28 |
|      wall     | 30.08 | 31.34 |
|     fence     | 56.75 | 76.36 |
|      pole     | 57.85 | 68.12 |
| traffic light | 57.56 | 65.99 |
|  traffic sign | 68.66 | 76.79 |
|   vegetation  | 90.73 | 96.69 |
|    terrain    | 62.01 | 72.81 |
|      sky      |  93.2 | 95.68 |
|     person    | 76.04 | 89.69 |
|     rider     | 52.28 | 61.76 |
|      car      | 92.57 | 97.38 |
|     truck     | 54.42 | 58.43 |
|      bus      | 74.54 | 87.83 |
|     train     | 55.06 |  60.0 |
|   motorcycle  |  43.2 | 54.13 |
|    bicycle    | 68.11 | 88.07 |
+---------------+-------+-------+
2026/07/25 20:22:31 - mmengine - INFO - Iter(val) [250/250]    aAcc: 94.8500  mIoU: 68.5400  mAcc: 77.1800  data_time: 0.0111  time: 0.0494
2026/07/25 20:23:09 - mmengine - INFO - Iter(train) [130100/160000]  lr: 1.7889e-02  eta: 3:08:22  time: 0.3796  data_time: 0.0283  memory: 9887  loss: 1.0625  decode.loss_ohem: 0.7660  decode.acc_seg: 91.8709  aux_0.loss_ce: 0.2966  aux_0.acc_seg: 87.0624
2026/07/25 20:23:47 - mmengine - INFO - Iter(train) [130200/160000]  lr: 1.7835e-02  eta: 3:07:44  time: 0.3802  data_time: 0.0288  memory: 9887  loss: 0.9987  decode.loss_ohem: 0.7012  decode.acc_seg: 93.9192  aux_0.loss_ce: 0.2975  aux_0.acc_seg: 90.1550
2026/07/25 20:24:25 - mmengine - INFO - Iter(train) [130300/160000]  lr: 1.7782e-02  eta: 3:07:06  time: 0.3795  data_time: 0.0277  memory: 9888  loss: 0.9957  decode.loss_ohem: 0.7171  decode.acc_seg: 92.7485  aux_0.loss_ce: 0.2786  aux_0.acc_seg: 89.6500
2026/07/25 20:25:03 - mmengine - INFO - Iter(train) [130400/160000]  lr: 1.7728e-02  eta: 3:06:28  time: 0.3752  data_time: 0.0261  memory: 9888  loss: 0.9779  decode.loss_ohem: 0.6813  decode.acc_seg: 93.2751  aux_0.loss_ce: 0.2966  aux_0.acc_seg: 89.2987
2026/07/25 20:25:40 - mmengine - INFO - Iter(train) [130500/160000]  lr: 1.7674e-02  eta: 3:05:50  time: 0.3756  data_time: 0.0264  memory: 9888  loss: 0.9740  decode.loss_ohem: 0.6824  decode.acc_seg: 93.8594  aux_0.loss_ce: 0.2916  aux_0.acc_seg: 88.8782
2026/07/25 20:26:18 - mmengine - INFO - Iter(train) [130600/160000]  lr: 1.7620e-02  eta: 3:05:13  time: 0.3760  data_time: 0.0267  memory: 9888  loss: 0.9651  decode.loss_ohem: 0.6907  decode.acc_seg: 92.7271  aux_0.loss_ce: 0.2744  aux_0.acc_seg: 89.6784
2026/07/25 20:26:56 - mmengine - INFO - Iter(train) [130700/160000]  lr: 1.7566e-02  eta: 3:04:35  time: 0.3770  data_time: 0.0269  memory: 9888  loss: 1.0270  decode.loss_ohem: 0.7091  decode.acc_seg: 92.0915  aux_0.loss_ce: 0.3179  aux_0.acc_seg: 88.3482
2026/07/25 20:27:33 - mmengine - INFO - Iter(train) [130800/160000]  lr: 1.7512e-02  eta: 3:03:57  time: 0.3768  data_time: 0.0270  memory: 9886  loss: 1.0140  decode.loss_ohem: 0.7175  decode.acc_seg: 91.9016  aux_0.loss_ce: 0.2965  aux_0.acc_seg: 89.5934
2026/07/25 20:28:11 - mmengine - INFO - Iter(train) [130900/160000]  lr: 1.7458e-02  eta: 3:03:19  time: 0.3774  data_time: 0.0277  memory: 9887  loss: 0.9847  decode.loss_ohem: 0.6937  decode.acc_seg: 93.9553  aux_0.loss_ce: 0.2910  aux_0.acc_seg: 90.1813
2026/07/25 20:28:49 - mmengine - INFO - Exp name: dsanet_cityscapes_512x1024_20260725_063741
2026/07/25 20:28:49 - mmengine - INFO - Iter(train) [131000/160000]  lr: 1.7404e-02  eta: 3:02:41  time: 0.3767  data_time: 0.0273  memory: 9887  loss: 0.9906  decode.loss_ohem: 0.6995  decode.acc_seg: 93.2686  aux_0.loss_ce: 0.2911  aux_0.acc_seg: 87.3125
2026/07/25 20:29:27 - mmengine - INFO - Iter(train) [131100/160000]  lr: 1.7350e-02  eta: 3:02:04  time: 0.3760  data_time: 0.0272  memory: 9887  loss: 1.0155  decode.loss_ohem: 0.7128  decode.acc_seg: 93.3612  aux_0.loss_ce: 0.3027  aux_0.acc_seg: 88.8307
2026/07/25 20:30:04 - mmengine - INFO - Iter(train) [131200/160000]  lr: 1.7296e-02  eta: 3:01:26  time: 0.3782  data_time: 0.0282  memory: 9888  loss: 1.0600  decode.loss_ohem: 0.7392  decode.acc_seg: 93.8765  aux_0.loss_ce: 0.3209  aux_0.acc_seg: 89.4466
2026/07/25 20:30:42 - mmengine - INFO - Iter(train) [131300/160000]  lr: 1.7242e-02  eta: 3:00:48  time: 0.3775  data_time: 0.0272  memory: 9887  loss: 1.1064  decode.loss_ohem: 0.7738  decode.acc_seg: 93.9950  aux_0.loss_ce: 0.3326  aux_0.acc_seg: 90.1842
2026/07/25 20:31:20 - mmengine - INFO - Iter(train) [131400/160000]  lr: 1.7188e-02  eta: 3:00:10  time: 0.3777  data_time: 0.0279  memory: 9888  loss: 1.0568  decode.loss_ohem: 0.7361  decode.acc_seg: 92.9742  aux_0.loss_ce: 0.3207  aux_0.acc_seg: 89.3101
2026/07/25 20:31:58 - mmengine - INFO - Iter(train) [131500/160000]  lr: 1.7134e-02  eta: 2:59:32  time: 0.3773  data_time: 0.0280  memory: 9887  loss: 1.0119  decode.loss_ohem: 0.7252  decode.acc_seg: 94.6302  aux_0.loss_ce: 0.2867  aux_0.acc_seg: 90.7217
2026/07/25 20:32:36 - mmengine - INFO - Iter(train) [131600/160000]  lr: 1.7080e-02  eta: 2:58:54  time: 0.3741  data_time: 0.0257  memory: 9887  loss: 1.0188  decode.loss_ohem: 0.7192  decode.acc_seg: 94.0483  aux_0.loss_ce: 0.2996  aux_0.acc_seg: 91.2224
2026/07/25 20:33:13 - mmengine - INFO - Iter(train) [131700/160000]  lr: 1.7026e-02  eta: 2:58:17  time: 0.3792  data_time: 0.0278  memory: 9888  loss: 1.0644  decode.loss_ohem: 0.7550  decode.acc_seg: 93.0909  aux_0.loss_ce: 0.3094  aux_0.acc_seg: 87.2855
2026/07/25 20:33:51 - mmengine - INFO - Iter(train) [131800/160000]  lr: 1.6972e-02  eta: 2:57:39  time: 0.3730  data_time: 0.0251  memory: 9888  loss: 0.9580  decode.loss_ohem: 0.6745  decode.acc_seg: 92.9816  aux_0.loss_ce: 0.2835  aux_0.acc_seg: 90.0023
2026/07/25 20:34:29 - mmengine - INFO - Iter(train) [131900/160000]  lr: 1.6918e-02  eta: 2:57:01  time: 0.3756  data_time: 0.0265  memory: 9888  loss: 1.1196  decode.loss_ohem: 0.7870  decode.acc_seg: 93.4023  aux_0.loss_ce: 0.3326  aux_0.acc_seg: 89.4788
2026/07/25 20:35:06 - mmengine - INFO - Exp name: dsanet_cityscapes_512x1024_20260725_063741
2026/07/25 20:35:06 - mmengine - INFO - Iter(train) [132000/160000]  lr: 1.6863e-02  eta: 2:56:23  time: 0.3736  data_time: 0.0253  memory: 9888  loss: 0.9742  decode.loss_ohem: 0.6783  decode.acc_seg: 92.4797  aux_0.loss_ce: 0.2959  aux_0.acc_seg: 86.5308
2026/07/25 20:35:44 - mmengine - INFO - Iter(train) [132100/160000]  lr: 1.6809e-02  eta: 2:55:45  time: 0.3751  data_time: 0.0261  memory: 9887  loss: 1.0647  decode.loss_ohem: 0.7181  decode.acc_seg: 92.3878  aux_0.loss_ce: 0.3466  aux_0.acc_seg: 87.2600
2026/07/25 20:36:21 - mmengine - INFO - Iter(train) [132200/160000]  lr: 1.6755e-02  eta: 2:55:07  time: 0.3754  data_time: 0.0264  memory: 9889  loss: 0.9884  decode.loss_ohem: 0.7056  decode.acc_seg: 93.1340  aux_0.loss_ce: 0.2828  aux_0.acc_seg: 88.7789
2026/07/25 20:36:59 - mmengine - INFO - Iter(train) [132300/160000]  lr: 1.6701e-02  eta: 2:54:30  time: 0.3754  data_time: 0.0263  memory: 9887  loss: 0.9612  decode.loss_ohem: 0.6782  decode.acc_seg: 94.9075  aux_0.loss_ce: 0.2830  aux_0.acc_seg: 91.1375
2026/07/25 20:37:36 - mmengine - INFO - Iter(train) [132400/160000]  lr: 1.6647e-02  eta: 2:53:52  time: 0.3759  data_time: 0.0267  memory: 9886  loss: 0.9415  decode.loss_ohem: 0.6414  decode.acc_seg: 94.0984  aux_0.loss_ce: 0.3001  aux_0.acc_seg: 87.3675
2026/07/25 20:38:14 - mmengine - INFO - Iter(train) [132500/160000]  lr: 1.6592e-02  eta: 2:53:14  time: 0.3757  data_time: 0.0263  memory: 9886  loss: 1.0698  decode.loss_ohem: 0.7503  decode.acc_seg: 91.5444  aux_0.loss_ce: 0.3196  aux_0.acc_seg: 83.7976
2026/07/25 20:38:51 - mmengine - INFO - Iter(train) [132600/160000]  lr: 1.6538e-02  eta: 2:52:36  time: 0.3743  data_time: 0.0260  memory: 9889  loss: 0.9878  decode.loss_ohem: 0.7068  decode.acc_seg: 94.5062  aux_0.loss_ce: 0.2810  aux_0.acc_seg: 85.2421
2026/07/25 20:39:29 - mmengine - INFO - Iter(train) [132700/160000]  lr: 1.6484e-02  eta: 2:51:58  time: 0.3757  data_time: 0.0269  memory: 9887  loss: 1.0023  decode.loss_ohem: 0.7042  decode.acc_seg: 90.9895  aux_0.loss_ce: 0.2981  aux_0.acc_seg: 84.8603
2026/07/25 20:40:07 - mmengine - INFO - Iter(train) [132800/160000]  lr: 1.6429e-02  eta: 2:51:20  time: 0.3776  data_time: 0.0277  memory: 9887  loss: 1.0594  decode.loss_ohem: 0.7562  decode.acc_seg: 93.7859  aux_0.loss_ce: 0.3032  aux_0.acc_seg: 89.3252
2026/07/25 20:40:44 - mmengine - INFO - Iter(train) [132900/160000]  lr: 1.6375e-02  eta: 2:50:42  time: 0.3761  data_time: 0.0270  memory: 9887  loss: 0.9677  decode.loss_ohem: 0.6979  decode.acc_seg: 92.5074  aux_0.loss_ce: 0.2698  aux_0.acc_seg: 88.1105
2026/07/25 20:41:22 - mmengine - INFO - Exp name: dsanet_cityscapes_512x1024_20260725_063741
2026/07/25 20:41:22 - mmengine - INFO - Iter(train) [133000/160000]  lr: 1.6321e-02  eta: 2:50:05  time: 0.3745  data_time: 0.0261  memory: 9886  loss: 1.0015  decode.loss_ohem: 0.7080  decode.acc_seg: 95.7018  aux_0.loss_ce: 0.2935  aux_0.acc_seg: 92.7946
2026/07/25 20:42:00 - mmengine - INFO - Iter(train) [133100/160000]  lr: 1.6266e-02  eta: 2:49:27  time: 0.3765  data_time: 0.0266  memory: 9887  loss: 1.0553  decode.loss_ohem: 0.7505  decode.acc_seg: 94.6584  aux_0.loss_ce: 0.3048  aux_0.acc_seg: 90.8803
2026/07/25 20:42:37 - mmengine - INFO - Iter(train) [133200/160000]  lr: 1.6212e-02  eta: 2:48:49  time: 0.3766  data_time: 0.0273  memory: 9887  loss: 1.0087  decode.loss_ohem: 0.7265  decode.acc_seg: 90.4003  aux_0.loss_ce: 0.2822  aux_0.acc_seg: 84.4085
2026/07/25 20:43:15 - mmengine - INFO - Iter(train) [133300/160000]  lr: 1.6158e-02  eta: 2:48:11  time: 0.3759  data_time: 0.0272  memory: 9887  loss: 0.9882  decode.loss_ohem: 0.7177  decode.acc_seg: 93.7983  aux_0.loss_ce: 0.2705  aux_0.acc_seg: 88.5208
2026/07/25 20:43:53 - mmengine - INFO - Iter(train) [133400/160000]  lr: 1.6103e-02  eta: 2:47:33  time: 0.3757  data_time: 0.0262  memory: 9889  loss: 1.0162  decode.loss_ohem: 0.7118  decode.acc_seg: 94.7660  aux_0.loss_ce: 0.3044  aux_0.acc_seg: 89.3258
2026/07/25 20:44:30 - mmengine - INFO - Iter(train) [133500/160000]  lr: 1.6049e-02  eta: 2:46:55  time: 0.3763  data_time: 0.0263  memory: 9888  loss: 1.0335  decode.loss_ohem: 0.7238  decode.acc_seg: 92.8899  aux_0.loss_ce: 0.3097  aux_0.acc_seg: 86.4111
2026/07/25 20:45:08 - mmengine - INFO - Iter(train) [133600/160000]  lr: 1.5994e-02  eta: 2:46:18  time: 0.3763  data_time: 0.0270  memory: 9886  loss: 0.9695  decode.loss_ohem: 0.6814  decode.acc_seg: 92.7595  aux_0.loss_ce: 0.2881  aux_0.acc_seg: 88.6232
2026/07/25 20:45:46 - mmengine - INFO - Iter(train) [133700/160000]  lr: 1.5940e-02  eta: 2:45:40  time: 0.3766  data_time: 0.0264  memory: 9886  loss: 1.0533  decode.loss_ohem: 0.7490  decode.acc_seg: 93.5926  aux_0.loss_ce: 0.3043  aux_0.acc_seg: 92.0381
2026/07/25 20:46:23 - mmengine - INFO - Iter(train) [133800/160000]  lr: 1.5885e-02  eta: 2:45:02  time: 0.3771  data_time: 0.0271  memory: 9888  loss: 0.9853  decode.loss_ohem: 0.7093  decode.acc_seg: 91.8811  aux_0.loss_ce: 0.2760  aux_0.acc_seg: 86.9638
2026/07/25 20:47:01 - mmengine - INFO - Iter(train) [133900/160000]  lr: 1.5831e-02  eta: 2:44:24  time: 0.3769  data_time: 0.0277  memory: 9887  loss: 1.0373  decode.loss_ohem: 0.7444  decode.acc_seg: 94.2326  aux_0.loss_ce: 0.2929  aux_0.acc_seg: 88.5833
2026/07/25 20:47:39 - mmengine - INFO - Exp name: dsanet_cityscapes_512x1024_20260725_063741
2026/07/25 20:47:39 - mmengine - INFO - Iter(train) [134000/160000]  lr: 1.5776e-02  eta: 2:43:46  time: 0.3761  data_time: 0.0270  memory: 9887  loss: 0.9669  decode.loss_ohem: 0.6485  decode.acc_seg: 93.7865  aux_0.loss_ce: 0.3184  aux_0.acc_seg: 83.5661
2026/07/25 20:48:17 - mmengine - INFO - Iter(train) [134100/160000]  lr: 1.5721e-02  eta: 2:43:09  time: 0.3786  data_time: 0.0287  memory: 9887  loss: 1.0079  decode.loss_ohem: 0.7276  decode.acc_seg: 92.8877  aux_0.loss_ce: 0.2804  aux_0.acc_seg: 89.5436
2026/07/25 20:48:54 - mmengine - INFO - Iter(train) [134200/160000]  lr: 1.5667e-02  eta: 2:42:31  time: 0.3758  data_time: 0.0273  memory: 9886  loss: 1.0569  decode.loss_ohem: 0.7827  decode.acc_seg: 95.1539  aux_0.loss_ce: 0.2742  aux_0.acc_seg: 90.4163
2026/07/25 20:49:32 - mmengine - INFO - Iter(train) [134300/160000]  lr: 1.5612e-02  eta: 2:41:53  time: 0.3759  data_time: 0.0264  memory: 9888  loss: 1.0505  decode.loss_ohem: 0.7523  decode.acc_seg: 92.4525  aux_0.loss_ce: 0.2982  aux_0.acc_seg: 89.6842
2026/07/25 20:50:10 - mmengine - INFO - Iter(train) [134400/160000]  lr: 1.5558e-02  eta: 2:41:15  time: 0.3772  data_time: 0.0274  memory: 9889  loss: 1.0330  decode.loss_ohem: 0.7308  decode.acc_seg: 93.7472  aux_0.loss_ce: 0.3022  aux_0.acc_seg: 89.0409
2026/07/25 20:50:48 - mmengine - INFO - Iter(train) [134500/160000]  lr: 1.5503e-02  eta: 2:40:37  time: 0.3779  data_time: 0.0276  memory: 9888  loss: 0.9972  decode.loss_ohem: 0.7227  decode.acc_seg: 94.8659  aux_0.loss_ce: 0.2745  aux_0.acc_seg: 92.2421
2026/07/25 20:51:25 - mmengine - INFO - Iter(train) [134600/160000]  lr: 1.5448e-02  eta: 2:40:00  time: 0.3784  data_time: 0.0282  memory: 9886  loss: 0.9821  decode.loss_ohem: 0.6824  decode.acc_seg: 92.1771  aux_0.loss_ce: 0.2997  aux_0.acc_seg: 86.2133
2026/07/25 20:52:03 - mmengine - INFO - Iter(train) [134700/160000]  lr: 1.5394e-02  eta: 2:39:22  time: 0.3778  data_time: 0.0279  memory: 9888  loss: 0.9886  decode.loss_ohem: 0.7135  decode.acc_seg: 95.2405  aux_0.loss_ce: 0.2752  aux_0.acc_seg: 90.7603
2026/07/25 20:52:41 - mmengine - INFO - Iter(train) [134800/160000]  lr: 1.5339e-02  eta: 2:38:44  time: 0.3789  data_time: 0.0277  memory: 9887  loss: 0.9903  decode.loss_ohem: 0.7031  decode.acc_seg: 92.1220  aux_0.loss_ce: 0.2872  aux_0.acc_seg: 90.3554
2026/07/25 20:53:19 - mmengine - INFO - Iter(train) [134900/160000]  lr: 1.5284e-02  eta: 2:38:06  time: 0.3785  data_time: 0.0283  memory: 9887  loss: 1.0899  decode.loss_ohem: 0.7955  decode.acc_seg: 92.9640  aux_0.loss_ce: 0.2945  aux_0.acc_seg: 89.2473
2026/07/25 20:53:57 - mmengine - INFO - Exp name: dsanet_cityscapes_512x1024_20260725_063741
2026/07/25 20:53:57 - mmengine - INFO - Iter(train) [135000/160000]  lr: 1.5229e-02  eta: 2:37:28  time: 0.3774  data_time: 0.0274  memory: 9888  loss: 0.9579  decode.loss_ohem: 0.6813  decode.acc_seg: 93.5154  aux_0.loss_ce: 0.2766  aux_0.acc_seg: 91.3232
2026/07/25 20:53:57 - mmengine - INFO - Saving checkpoint at 135000 iterations
2026/07/25 20:54:02 - mmengine - INFO - Iter(val) [100/250]    eta: 0:00:07  time: 0.0475  data_time: 0.0101  memory: 729  
2026/07/25 20:54:07 - mmengine - INFO - Iter(val) [200/250]    eta: 0:00:02  time: 0.0466  data_time: 0.0092  memory: 729  
2026/07/25 20:54:10 - mmengine - INFO - per class results:
2026/07/25 20:54:10 - mmengine - INFO - 
+---------------+-------+-------+
|     Class     |  IoU  |  Acc  |
+---------------+-------+-------+
|      road     | 97.56 | 98.31 |
|    sidewalk   | 80.92 | 91.73 |
|    building   | 90.13 | 94.99 |
|      wall     | 33.81 | 36.67 |
|     fence     | 52.58 | 72.24 |
|      pole     | 58.37 | 67.49 |
| traffic light | 57.61 | 72.35 |
|  traffic sign | 68.53 | 74.74 |
|   vegetation  | 91.03 | 96.64 |
|    terrain    | 59.73 | 71.59 |
|      sky      | 93.53 | 97.16 |
|     person    |  76.1 | 87.69 |
|     rider     | 52.55 | 77.88 |
|      car      |  92.7 | 97.38 |
|     truck     | 59.93 | 69.71 |
|      bus      | 77.45 | 84.77 |
|     train     | 57.06 | 81.85 |
|   motorcycle  | 48.04 | 66.07 |
|    bicycle    | 69.18 | 82.13 |
+---------------+-------+-------+
2026/07/25 20:54:10 - mmengine - INFO - Iter(val) [250/250]    aAcc: 94.8100  mIoU: 69.3100  mAcc: 80.0700  data_time: 0.0109  time: 0.0484
2026/07/25 20:54:10 - mmengine - INFO - The previous best checkpoint /root/autodl-tmp/DSANet-main/tools/work_dirs/dsanet_cityscapes_512x1024/best_mIoU_iter_110000.pth is removed
2026/07/25 20:54:10 - mmengine - INFO - The best checkpoint with 69.3100 mIoU at 135000 iter is saved to best_mIoU_iter_135000.pth.
2026/07/25 20:54:48 - mmengine - INFO - Iter(train) [135100/160000]  lr: 1.5174e-02  eta: 2:36:51  time: 0.3770  data_time: 0.0272  memory: 9887  loss: 0.9977  decode.loss_ohem: 0.7263  decode.acc_seg: 95.4762  aux_0.loss_ce: 0.2714  aux_0.acc_seg: 92.5188
2026/07/25 20:55:26 - mmengine - INFO - Iter(train) [135200/160000]  lr: 1.5120e-02  eta: 2:36:13  time: 0.3779  data_time: 0.0273  memory: 9889  loss: 0.9245  decode.loss_ohem: 0.6505  decode.acc_seg: 92.2849  aux_0.loss_ce: 0.2739  aux_0.acc_seg: 87.2551
2026/07/25 20:56:04 - mmengine - INFO - Iter(train) [135300/160000]  lr: 1.5065e-02  eta: 2:35:35  time: 0.3785  data_time: 0.0281  memory: 9887  loss: 1.0464  decode.loss_ohem: 0.7484  decode.acc_seg: 91.8285  aux_0.loss_ce: 0.2980  aux_0.acc_seg: 89.1177
2026/07/25 20:56:42 - mmengine - INFO - Iter(train) [135400/160000]  lr: 1.5010e-02  eta: 2:34:57  time: 0.3772  data_time: 0.0278  memory: 9887  loss: 1.0279  decode.loss_ohem: 0.7220  decode.acc_seg: 92.2313  aux_0.loss_ce: 0.3059  aux_0.acc_seg: 85.9075
2026/07/25 20:57:19 - mmengine - INFO - Iter(train) [135500/160000]  lr: 1.4955e-02  eta: 2:34:20  time: 0.3786  data_time: 0.0274  memory: 9887  loss: 1.0193  decode.loss_ohem: 0.7113  decode.acc_seg: 91.4489  aux_0.loss_ce: 0.3080  aux_0.acc_seg: 88.0558
2026/07/25 20:57:57 - mmengine - INFO - Iter(train) [135600/160000]  lr: 1.4900e-02  eta: 2:33:42  time: 0.3781  data_time: 0.0284  memory: 9887  loss: 0.9474  decode.loss_ohem: 0.6857  decode.acc_seg: 92.5450  aux_0.loss_ce: 0.2617  aux_0.acc_seg: 90.1371
2026/07/25 20:58:35 - mmengine - INFO - Iter(train) [135700/160000]  lr: 1.4845e-02  eta: 2:33:04  time: 0.3779  data_time: 0.0274  memory: 9888  loss: 0.9879  decode.loss_ohem: 0.6912  decode.acc_seg: 92.4988  aux_0.loss_ce: 0.2967  aux_0.acc_seg: 86.8154
2026/07/25 20:59:13 - mmengine - INFO - Iter(train) [135800/160000]  lr: 1.4790e-02  eta: 2:32:26  time: 0.3778  data_time: 0.0280  memory: 9888  loss: 1.1167  decode.loss_ohem: 0.7732  decode.acc_seg: 92.9307  aux_0.loss_ce: 0.3435  aux_0.acc_seg: 88.6895
2026/07/25 20:59:51 - mmengine - INFO - Iter(train) [135900/160000]  lr: 1.4735e-02  eta: 2:31:48  time: 0.3785  data_time: 0.0285  memory: 9888  loss: 0.9743  decode.loss_ohem: 0.7010  decode.acc_seg: 92.2801  aux_0.loss_ce: 0.2733  aux_0.acc_seg: 89.7521
2026/07/25 21:00:29 - mmengine - INFO - Exp name: dsanet_cityscapes_512x1024_20260725_063741
2026/07/25 21:00:29 - mmengine - INFO - Iter(train) [136000/160000]  lr: 1.4680e-02  eta: 2:31:11  time: 0.3767  data_time: 0.0266  memory: 9888  loss: 1.0073  decode.loss_ohem: 0.6963  decode.acc_seg: 93.2383  aux_0.loss_ce: 0.3110  aux_0.acc_seg: 87.2435
2026/07/25 21:01:06 - mmengine - INFO - Iter(train) [136100/160000]  lr: 1.4625e-02  eta: 2:30:33  time: 0.3781  data_time: 0.0273  memory: 9888  loss: 1.0331  decode.loss_ohem: 0.6968  decode.acc_seg: 93.4445  aux_0.loss_ce: 0.3363  aux_0.acc_seg: 89.1927
2026/07/25 21:01:44 - mmengine - INFO - Iter(train) [136200/160000]  lr: 1.4570e-02  eta: 2:29:55  time: 0.3766  data_time: 0.0272  memory: 9887  loss: 0.9631  decode.loss_ohem: 0.6913  decode.acc_seg: 94.2952  aux_0.loss_ce: 0.2718  aux_0.acc_seg: 91.1589
2026/07/25 21:02:22 - mmengine - INFO - Iter(train) [136300/160000]  lr: 1.4515e-02  eta: 2:29:17  time: 0.3788  data_time: 0.0281  memory: 9887  loss: 1.0137  decode.loss_ohem: 0.7222  decode.acc_seg: 93.6606  aux_0.loss_ce: 0.2915  aux_0.acc_seg: 89.4670
2026/07/25 21:03:00 - mmengine - INFO - Iter(train) [136400/160000]  lr: 1.4460e-02  eta: 2:28:39  time: 0.3775  data_time: 0.0273  memory: 9888  loss: 1.0964  decode.loss_ohem: 0.7985  decode.acc_seg: 93.3375  aux_0.loss_ce: 0.2979  aux_0.acc_seg: 89.4886
2026/07/25 21:03:38 - mmengine - INFO - Iter(train) [136500/160000]  lr: 1.4405e-02  eta: 2:28:02  time: 0.3768  data_time: 0.0272  memory: 9890  loss: 0.9988  decode.loss_ohem: 0.7086  decode.acc_seg: 93.8086  aux_0.loss_ce: 0.2902  aux_0.acc_seg: 88.3791
2026/07/25 21:04:15 - mmengine - INFO - Iter(train) [136600/160000]  lr: 1.4350e-02  eta: 2:27:24  time: 0.3775  data_time: 0.0276  memory: 9887  loss: 1.0348  decode.loss_ohem: 0.7256  decode.acc_seg: 94.0110  aux_0.loss_ce: 0.3093  aux_0.acc_seg: 91.2200
2026/07/25 21:04:53 - mmengine - INFO - Iter(train) [136700/160000]  lr: 1.4295e-02  eta: 2:26:46  time: 0.3788  data_time: 0.0287  memory: 9887  loss: 0.9846  decode.loss_ohem: 0.6925  decode.acc_seg: 93.2648  aux_0.loss_ce: 0.2921  aux_0.acc_seg: 88.4554
2026/07/25 21:05:31 - mmengine - INFO - Iter(train) [136800/160000]  lr: 1.4239e-02  eta: 2:26:08  time: 0.3773  data_time: 0.0272  memory: 9887  loss: 0.9668  decode.loss_ohem: 0.6859  decode.acc_seg: 92.5756  aux_0.loss_ce: 0.2809  aux_0.acc_seg: 89.4681
2026/07/25 21:06:09 - mmengine - INFO - Iter(train) [136900/160000]  lr: 1.4184e-02  eta: 2:25:30  time: 0.3788  data_time: 0.0288  memory: 9887  loss: 0.9714  decode.loss_ohem: 0.6868  decode.acc_seg: 93.7560  aux_0.loss_ce: 0.2846  aux_0.acc_seg: 90.6247
2026/07/25 21:06:47 - mmengine - INFO - Exp name: dsanet_cityscapes_512x1024_20260725_063741
2026/07/25 21:06:47 - mmengine - INFO - Iter(train) [137000/160000]  lr: 1.4129e-02  eta: 2:24:53  time: 0.3792  data_time: 0.0281  memory: 9888  loss: 1.0938  decode.loss_ohem: 0.7496  decode.acc_seg: 94.1972  aux_0.loss_ce: 0.3442  aux_0.acc_seg: 88.9445
2026/07/25 21:07:25 - mmengine - INFO - Iter(train) [137100/160000]  lr: 1.4074e-02  eta: 2:24:15  time: 0.3781  data_time: 0.0280  memory: 9887  loss: 0.9594  decode.loss_ohem: 0.6597  decode.acc_seg: 92.8849  aux_0.loss_ce: 0.2997  aux_0.acc_seg: 88.5072
2026/07/25 21:08:02 - mmengine - INFO - Iter(train) [137200/160000]  lr: 1.4018e-02  eta: 2:23:37  time: 0.3788  data_time: 0.0280  memory: 9887  loss: 0.9438  decode.loss_ohem: 0.6494  decode.acc_seg: 92.7929  aux_0.loss_ce: 0.2944  aux_0.acc_seg: 87.5034
2026/07/25 21:08:40 - mmengine - INFO - Iter(train) [137300/160000]  lr: 1.3963e-02  eta: 2:22:59  time: 0.3767  data_time: 0.0275  memory: 9886  loss: 0.9711  decode.loss_ohem: 0.6951  decode.acc_seg: 93.2503  aux_0.loss_ce: 0.2760  aux_0.acc_seg: 87.6017
2026/07/25 21:09:18 - mmengine - INFO - Iter(train) [137400/160000]  lr: 1.3908e-02  eta: 2:22:21  time: 0.3788  data_time: 0.0287  memory: 9888  loss: 1.0105  decode.loss_ohem: 0.7393  decode.acc_seg: 93.2211  aux_0.loss_ce: 0.2713  aux_0.acc_seg: 88.7177
2026/07/25 21:09:56 - mmengine - INFO - Iter(train) [137500/160000]  lr: 1.3852e-02  eta: 2:21:44  time: 0.3777  data_time: 0.0280  memory: 9888  loss: 0.9874  decode.loss_ohem: 0.7266  decode.acc_seg: 94.9667  aux_0.loss_ce: 0.2608  aux_0.acc_seg: 91.5889
2026/07/25 21:10:34 - mmengine - INFO - Iter(train) [137600/160000]  lr: 1.3797e-02  eta: 2:21:06  time: 0.3770  data_time: 0.0276  memory: 9888  loss: 0.9611  decode.loss_ohem: 0.6875  decode.acc_seg: 94.3031  aux_0.loss_ce: 0.2736  aux_0.acc_seg: 90.7953
2026/07/25 21:11:12 - mmengine - INFO - Iter(train) [137700/160000]  lr: 1.3742e-02  eta: 2:20:28  time: 0.3782  data_time: 0.0282  memory: 9887  loss: 0.9948  decode.loss_ohem: 0.7197  decode.acc_seg: 92.1128  aux_0.loss_ce: 0.2751  aux_0.acc_seg: 87.8983
2026/07/25 21:11:49 - mmengine - INFO - Iter(train) [137800/160000]  lr: 1.3686e-02  eta: 2:19:50  time: 0.3810  data_time: 0.0290  memory: 9887  loss: 1.0539  decode.loss_ohem: 0.7443  decode.acc_seg: 94.1551  aux_0.loss_ce: 0.3096  aux_0.acc_seg: 90.9159
2026/07/25 21:12:27 - mmengine - INFO - Iter(train) [137900/160000]  lr: 1.3631e-02  eta: 2:19:12  time: 0.3786  data_time: 0.0279  memory: 9887  loss: 0.9791  decode.loss_ohem: 0.6894  decode.acc_seg: 94.0988  aux_0.loss_ce: 0.2897  aux_0.acc_seg: 86.4047
2026/07/25 21:13:05 - mmengine - INFO - Exp name: dsanet_cityscapes_512x1024_20260725_063741
2026/07/25 21:13:05 - mmengine - INFO - Iter(train) [138000/160000]  lr: 1.3575e-02  eta: 2:18:35  time: 0.3778  data_time: 0.0272  memory: 9888  loss: 1.0076  decode.loss_ohem: 0.7138  decode.acc_seg: 94.0488  aux_0.loss_ce: 0.2938  aux_0.acc_seg: 90.7448
2026/07/25 21:13:43 - mmengine - INFO - Iter(train) [138100/160000]  lr: 1.3520e-02  eta: 2:17:57  time: 0.3759  data_time: 0.0264  memory: 9886  loss: 0.9846  decode.loss_ohem: 0.7061  decode.acc_seg: 93.2751  aux_0.loss_ce: 0.2785  aux_0.acc_seg: 89.6262
2026/07/25 21:14:21 - mmengine - INFO - Iter(train) [138200/160000]  lr: 1.3464e-02  eta: 2:17:19  time: 0.3779  data_time: 0.0281  memory: 9888  loss: 0.9391  decode.loss_ohem: 0.6689  decode.acc_seg: 94.5177  aux_0.loss_ce: 0.2702  aux_0.acc_seg: 91.0996
2026/07/25 21:14:58 - mmengine - INFO - Iter(train) [138300/160000]  lr: 1.3409e-02  eta: 2:16:41  time: 0.3769  data_time: 0.0277  memory: 9887  loss: 1.0089  decode.loss_ohem: 0.7178  decode.acc_seg: 95.1700  aux_0.loss_ce: 0.2911  aux_0.acc_seg: 89.5150
2026/07/25 21:15:36 - mmengine - INFO - Iter(train) [138400/160000]  lr: 1.3353e-02  eta: 2:16:03  time: 0.3777  data_time: 0.0281  memory: 9886  loss: 0.9781  decode.loss_ohem: 0.6914  decode.acc_seg: 93.9840  aux_0.loss_ce: 0.2867  aux_0.acc_seg: 89.3413
2026/07/25 21:16:14 - mmengine - INFO - Iter(train) [138500/160000]  lr: 1.3297e-02  eta: 2:15:26  time: 0.3779  data_time: 0.0277  memory: 9889  loss: 0.9885  decode.loss_ohem: 0.6630  decode.acc_seg: 92.5022  aux_0.loss_ce: 0.3255  aux_0.acc_seg: 87.9467
2026/07/25 21:16:52 - mmengine - INFO - Iter(train) [138600/160000]  lr: 1.3242e-02  eta: 2:14:48  time: 0.3793  data_time: 0.0283  memory: 9886  loss: 1.0152  decode.loss_ohem: 0.7138  decode.acc_seg: 92.7725  aux_0.loss_ce: 0.3014  aux_0.acc_seg: 89.2249
2026/07/25 21:17:30 - mmengine - INFO - Iter(train) [138700/160000]  lr: 1.3186e-02  eta: 2:14:10  time: 0.3781  data_time: 0.0278  memory: 9886  loss: 0.9778  decode.loss_ohem: 0.6932  decode.acc_seg: 91.3329  aux_0.loss_ce: 0.2846  aux_0.acc_seg: 87.2635
2026/07/25 21:18:08 - mmengine - INFO - Iter(train) [138800/160000]  lr: 1.3130e-02  eta: 2:13:32  time: 0.3778  data_time: 0.0273  memory: 9886  loss: 0.9764  decode.loss_ohem: 0.6933  decode.acc_seg: 93.9377  aux_0.loss_ce: 0.2831  aux_0.acc_seg: 89.0745
2026/07/25 21:18:46 - mmengine - INFO - Iter(train) [138900/160000]  lr: 1.3075e-02  eta: 2:12:55  time: 0.3785  data_time: 0.0281  memory: 9888  loss: 0.9939  decode.loss_ohem: 0.6765  decode.acc_seg: 92.6473  aux_0.loss_ce: 0.3174  aux_0.acc_seg: 85.8901
2026/07/25 21:19:23 - mmengine - INFO - Exp name: dsanet_cityscapes_512x1024_20260725_063741
2026/07/25 21:19:23 - mmengine - INFO - Iter(train) [139000/160000]  lr: 1.3019e-02  eta: 2:12:17  time: 0.3770  data_time: 0.0274  memory: 9888  loss: 1.0438  decode.loss_ohem: 0.7508  decode.acc_seg: 90.0332  aux_0.loss_ce: 0.2930  aux_0.acc_seg: 82.9549
2026/07/25 21:20:01 - mmengine - INFO - Iter(train) [139100/160000]  lr: 1.2963e-02  eta: 2:11:39  time: 0.3791  data_time: 0.0286  memory: 9887  loss: 0.9973  decode.loss_ohem: 0.7103  decode.acc_seg: 92.5758  aux_0.loss_ce: 0.2870  aux_0.acc_seg: 88.4313
2026/07/25 21:20:39 - mmengine - INFO - Iter(train) [139200/160000]  lr: 1.2907e-02  eta: 2:11:01  time: 0.3779  data_time: 0.0275  memory: 9886  loss: 0.9689  decode.loss_ohem: 0.6991  decode.acc_seg: 94.2115  aux_0.loss_ce: 0.2699  aux_0.acc_seg: 92.1128
2026/07/25 21:21:17 - mmengine - INFO - Iter(train) [139300/160000]  lr: 1.2852e-02  eta: 2:10:23  time: 0.3782  data_time: 0.0279  memory: 9887  loss: 1.0408  decode.loss_ohem: 0.7600  decode.acc_seg: 94.7359  aux_0.loss_ce: 0.2809  aux_0.acc_seg: 92.0898
2026/07/25 21:21:55 - mmengine - INFO - Iter(train) [139400/160000]  lr: 1.2796e-02  eta: 2:09:46  time: 0.3762  data_time: 0.0266  memory: 9887  loss: 1.0052  decode.loss_ohem: 0.7202  decode.acc_seg: 93.9414  aux_0.loss_ce: 0.2850  aux_0.acc_seg: 88.1240
2026/07/25 21:22:33 - mmengine - INFO - Iter(train) [139500/160000]  lr: 1.2740e-02  eta: 2:09:08  time: 0.3774  data_time: 0.0278  memory: 9886  loss: 1.0655  decode.loss_ohem: 0.7817  decode.acc_seg: 94.3543  aux_0.loss_ce: 0.2838  aux_0.acc_seg: 87.6983
2026/07/25 21:23:10 - mmengine - INFO - Iter(train) [139600/160000]  lr: 1.2684e-02  eta: 2:08:30  time: 0.3767  data_time: 0.0278  memory: 9887  loss: 1.0319  decode.loss_ohem: 0.7611  decode.acc_seg: 91.0385  aux_0.loss_ce: 0.2708  aux_0.acc_seg: 86.4973
2026/07/25 21:23:48 - mmengine - INFO - Iter(train) [139700/160000]  lr: 1.2628e-02  eta: 2:07:52  time: 0.3767  data_time: 0.0263  memory: 9888  loss: 0.9306  decode.loss_ohem: 0.6576  decode.acc_seg: 94.1226  aux_0.loss_ce: 0.2731  aux_0.acc_seg: 86.2425
2026/07/25 21:24:26 - mmengine - INFO - Iter(train) [139800/160000]  lr: 1.2572e-02  eta: 2:07:14  time: 0.3783  data_time: 0.0286  memory: 9886  loss: 0.9910  decode.loss_ohem: 0.7007  decode.acc_seg: 94.1192  aux_0.loss_ce: 0.2903  aux_0.acc_seg: 90.0353
2026/07/25 21:25:04 - mmengine - INFO - Iter(train) [139900/160000]  lr: 1.2516e-02  eta: 2:06:37  time: 0.3767  data_time: 0.0274  memory: 9887  loss: 0.9239  decode.loss_ohem: 0.6636  decode.acc_seg: 93.9543  aux_0.loss_ce: 0.2603  aux_0.acc_seg: 86.6147
2026/07/25 21:25:41 - mmengine - INFO - Exp name: dsanet_cityscapes_512x1024_20260725_063741
2026/07/25 21:25:41 - mmengine - INFO - Iter(train) [140000/160000]  lr: 1.2460e-02  eta: 2:05:59  time: 0.3774  data_time: 0.0276  memory: 9887  loss: 0.9615  decode.loss_ohem: 0.6961  decode.acc_seg: 92.8019  aux_0.loss_ce: 0.2654  aux_0.acc_seg: 89.2455
2026/07/25 21:25:41 - mmengine - INFO - Saving checkpoint at 140000 iterations
2026/07/25 21:25:47 - mmengine - INFO - Iter(val) [100/250]    eta: 0:00:07  time: 0.0468  data_time: 0.0093  memory: 729  
2026/07/25 21:25:52 - mmengine - INFO - Iter(val) [200/250]    eta: 0:00:02  time: 0.0477  data_time: 0.0101  memory: 729  
2026/07/25 21:25:54 - mmengine - INFO - per class results:
2026/07/25 21:25:54 - mmengine - INFO - 
+---------------+-------+-------+
|     Class     |  IoU  |  Acc  |
+---------------+-------+-------+
|      road     | 97.52 | 98.44 |
|    sidewalk   | 80.53 | 90.87 |
|    building   | 90.86 | 95.19 |
|      wall     | 46.14 | 51.26 |
|     fence     | 55.81 |  68.4 |
|      pole     | 59.97 | 71.91 |
| traffic light | 59.72 | 77.17 |
|  traffic sign | 69.09 | 76.72 |
|   vegetation  | 91.08 | 96.64 |
|    terrain    | 57.57 | 63.04 |
|      sky      | 93.79 | 97.25 |
|     person    | 75.85 | 90.51 |
|     rider     | 54.66 | 71.82 |
|      car      | 92.96 | 96.77 |
|     truck     |  59.9 | 74.82 |
|      bus      | 77.18 | 86.25 |
|     train     | 56.88 | 88.77 |
|   motorcycle  | 56.26 | 71.45 |
|    bicycle    | 71.32 | 87.28 |
+---------------+-------+-------+
2026/07/25 21:25:54 - mmengine - INFO - Iter(val) [250/250]    aAcc: 95.0000  mIoU: 70.9000  mAcc: 81.8200  data_time: 0.0108  time: 0.0484
2026/07/25 21:25:54 - mmengine - INFO - The previous best checkpoint /root/autodl-tmp/DSANet-main/tools/work_dirs/dsanet_cityscapes_512x1024/best_mIoU_iter_135000.pth is removed
2026/07/25 21:25:54 - mmengine - INFO - The best checkpoint with 70.9000 mIoU at 140000 iter is saved to best_mIoU_iter_140000.pth.
2026/07/25 21:26:33 - mmengine - INFO - Iter(train) [140100/160000]  lr: 1.2404e-02  eta: 2:05:21  time: 0.3771  data_time: 0.0278  memory: 9887  loss: 1.0573  decode.loss_ohem: 0.7586  decode.acc_seg: 94.1016  aux_0.loss_ce: 0.2987  aux_0.acc_seg: 90.9280
2026/07/25 21:27:10 - mmengine - INFO - Iter(train) [140200/160000]  lr: 1.2348e-02  eta: 2:04:43  time: 0.3791  data_time: 0.0287  memory: 9887  loss: 1.0305  decode.loss_ohem: 0.7095  decode.acc_seg: 94.4834  aux_0.loss_ce: 0.3210  aux_0.acc_seg: 91.7508
2026/07/25 21:27:48 - mmengine - INFO - Iter(train) [140300/160000]  lr: 1.2292e-02  eta: 2:04:05  time: 0.3775  data_time: 0.0275  memory: 9887  loss: 0.9328  decode.loss_ohem: 0.6386  decode.acc_seg: 94.0087  aux_0.loss_ce: 0.2942  aux_0.acc_seg: 88.4072
2026/07/25 21:28:26 - mmengine - INFO - Iter(train) [140400/160000]  lr: 1.2236e-02  eta: 2:03:28  time: 0.3789  data_time: 0.0295  memory: 9886  loss: 1.0044  decode.loss_ohem: 0.7169  decode.acc_seg: 92.9333  aux_0.loss_ce: 0.2875  aux_0.acc_seg: 90.2450
2026/07/25 21:29:04 - mmengine - INFO - Iter(train) [140500/160000]  lr: 1.2180e-02  eta: 2:02:50  time: 0.3785  data_time: 0.0284  memory: 9887  loss: 0.9374  decode.loss_ohem: 0.6578  decode.acc_seg: 93.2730  aux_0.loss_ce: 0.2797  aux_0.acc_seg: 87.4295
2026/07/25 21:29:42 - mmengine - INFO - Iter(train) [140600/160000]  lr: 1.2123e-02  eta: 2:02:12  time: 0.3769  data_time: 0.0276  memory: 9887  loss: 0.9674  decode.loss_ohem: 0.6747  decode.acc_seg: 93.1594  aux_0.loss_ce: 0.2927  aux_0.acc_seg: 85.9071
2026/07/25 21:30:19 - mmengine - INFO - Iter(train) [140700/160000]  lr: 1.2067e-02  eta: 2:01:34  time: 0.3749  data_time: 0.0270  memory: 9887  loss: 0.9670  decode.loss_ohem: 0.6776  decode.acc_seg: 94.1654  aux_0.loss_ce: 0.2895  aux_0.acc_seg: 88.7051
2026/07/25 21:30:57 - mmengine - INFO - Iter(train) [140800/160000]  lr: 1.2011e-02  eta: 2:00:56  time: 0.3754  data_time: 0.0270  memory: 9887  loss: 0.9947  decode.loss_ohem: 0.7107  decode.acc_seg: 95.5563  aux_0.loss_ce: 0.2840  aux_0.acc_seg: 86.1587
2026/07/25 21:31:35 - mmengine - INFO - Iter(train) [140900/160000]  lr: 1.1955e-02  eta: 2:00:19  time: 0.3750  data_time: 0.0266  memory: 9888  loss: 0.9924  decode.loss_ohem: 0.6866  decode.acc_seg: 93.9702  aux_0.loss_ce: 0.3058  aux_0.acc_seg: 91.6716
2026/07/25 21:32:12 - mmengine - INFO - Exp name: dsanet_cityscapes_512x1024_20260725_063741
2026/07/25 21:32:12 - mmengine - INFO - Iter(train) [141000/160000]  lr: 1.1898e-02  eta: 1:59:41  time: 0.3755  data_time: 0.0272  memory: 9889  loss: 0.9338  decode.loss_ohem: 0.6512  decode.acc_seg: 93.6985  aux_0.loss_ce: 0.2825  aux_0.acc_seg: 87.1944
2026/07/25 21:32:50 - mmengine - INFO - Iter(train) [141100/160000]  lr: 1.1842e-02  eta: 1:59:03  time: 0.3755  data_time: 0.0268  memory: 9887  loss: 1.0172  decode.loss_ohem: 0.6924  decode.acc_seg: 95.2445  aux_0.loss_ce: 0.3247  aux_0.acc_seg: 89.2183
2026/07/25 21:33:27 - mmengine - INFO - Iter(train) [141200/160000]  lr: 1.1786e-02  eta: 1:58:25  time: 0.3773  data_time: 0.0277  memory: 9888  loss: 0.9540  decode.loss_ohem: 0.6640  decode.acc_seg: 94.0305  aux_0.loss_ce: 0.2899  aux_0.acc_seg: 90.2855
2026/07/25 21:34:05 - mmengine - INFO - Iter(train) [141300/160000]  lr: 1.1729e-02  eta: 1:57:47  time: 0.3743  data_time: 0.0262  memory: 9887  loss: 1.0221  decode.loss_ohem: 0.7144  decode.acc_seg: 93.2397  aux_0.loss_ce: 0.3078  aux_0.acc_seg: 88.1706
2026/07/25 21:34:42 - mmengine - INFO - Iter(train) [141400/160000]  lr: 1.1673e-02  eta: 1:57:09  time: 0.3762  data_time: 0.0275  memory: 9887  loss: 0.9582  decode.loss_ohem: 0.6985  decode.acc_seg: 93.1718  aux_0.loss_ce: 0.2598  aux_0.acc_seg: 89.5082
2026/07/25 21:35:20 - mmengine - INFO - Iter(train) [141500/160000]  lr: 1.1617e-02  eta: 1:56:32  time: 0.3736  data_time: 0.0256  memory: 9886  loss: 0.9667  decode.loss_ohem: 0.6924  decode.acc_seg: 92.8534  aux_0.loss_ce: 0.2743  aux_0.acc_seg: 85.2703
2026/07/25 21:35:57 - mmengine - INFO - Iter(train) [141600/160000]  lr: 1.1560e-02  eta: 1:55:54  time: 0.3739  data_time: 0.0261  memory: 9887  loss: 1.0100  decode.loss_ohem: 0.7229  decode.acc_seg: 92.2195  aux_0.loss_ce: 0.2871  aux_0.acc_seg: 88.8834
2026/07/25 21:36:35 - mmengine - INFO - Iter(train) [141700/160000]  lr: 1.1504e-02  eta: 1:55:16  time: 0.3797  data_time: 0.0303  memory: 9887  loss: 1.0296  decode.loss_ohem: 0.7522  decode.acc_seg: 93.0280  aux_0.loss_ce: 0.2773  aux_0.acc_seg: 88.8200
2026/07/25 21:37:12 - mmengine - INFO - Iter(train) [141800/160000]  lr: 1.1447e-02  eta: 1:54:38  time: 0.3747  data_time: 0.0268  memory: 9886  loss: 0.9934  decode.loss_ohem: 0.6909  decode.acc_seg: 93.6789  aux_0.loss_ce: 0.3025  aux_0.acc_seg: 88.1756
2026/07/25 21:37:50 - mmengine - INFO - Iter(train) [141900/160000]  lr: 1.1390e-02  eta: 1:54:00  time: 0.3759  data_time: 0.0270  memory: 9886  loss: 0.9853  decode.loss_ohem: 0.6958  decode.acc_seg: 94.0546  aux_0.loss_ce: 0.2894  aux_0.acc_seg: 89.1686
2026/07/25 21:38:28 - mmengine - INFO - Exp name: dsanet_cityscapes_512x1024_20260725_063741
2026/07/25 21:38:28 - mmengine - INFO - Iter(train) [142000/160000]  lr: 1.1334e-02  eta: 1:53:22  time: 0.3747  data_time: 0.0262  memory: 9888  loss: 0.9504  decode.loss_ohem: 0.6884  decode.acc_seg: 94.2416  aux_0.loss_ce: 0.2620  aux_0.acc_seg: 90.6819
2026/07/25 21:39:05 - mmengine - INFO - Iter(train) [142100/160000]  lr: 1.1277e-02  eta: 1:52:45  time: 0.3732  data_time: 0.0256  memory: 9888  loss: 0.9857  decode.loss_ohem: 0.7048  decode.acc_seg: 94.8413  aux_0.loss_ce: 0.2809  aux_0.acc_seg: 88.8424
2026/07/25 21:39:43 - mmengine - INFO - Iter(train) [142200/160000]  lr: 1.1220e-02  eta: 1:52:07  time: 0.3765  data_time: 0.0264  memory: 9888  loss: 1.0083  decode.loss_ohem: 0.7242  decode.acc_seg: 94.4039  aux_0.loss_ce: 0.2841  aux_0.acc_seg: 91.7715
2026/07/25 21:40:20 - mmengine - INFO - Iter(train) [142300/160000]  lr: 1.1164e-02  eta: 1:51:29  time: 0.3751  data_time: 0.0268  memory: 9886  loss: 0.9527  decode.loss_ohem: 0.6679  decode.acc_seg: 93.2996  aux_0.loss_ce: 0.2848  aux_0.acc_seg: 90.0351
2026/07/25 21:40:58 - mmengine - INFO - Iter(train) [142400/160000]  lr: 1.1107e-02  eta: 1:50:51  time: 0.3736  data_time: 0.0250  memory: 9886  loss: 0.9435  decode.loss_ohem: 0.6617  decode.acc_seg: 94.2055  aux_0.loss_ce: 0.2818  aux_0.acc_seg: 90.4956
2026/07/25 21:41:35 - mmengine - INFO - Iter(train) [142500/160000]  lr: 1.1050e-02  eta: 1:50:13  time: 0.3747  data_time: 0.0255  memory: 9888  loss: 0.9945  decode.loss_ohem: 0.7040  decode.acc_seg: 91.6226  aux_0.loss_ce: 0.2905  aux_0.acc_seg: 88.7299
2026/07/25 21:42:13 - mmengine - INFO - Iter(train) [142600/160000]  lr: 1.0994e-02  eta: 1:49:35  time: 0.3754  data_time: 0.0271  memory: 9887  loss: 0.9668  decode.loss_ohem: 0.6960  decode.acc_seg: 93.6062  aux_0.loss_ce: 0.2708  aux_0.acc_seg: 88.2227
2026/07/25 21:42:50 - mmengine - INFO - Iter(train) [142700/160000]  lr: 1.0937e-02  eta: 1:48:58  time: 0.3718  data_time: 0.0243  memory: 9887  loss: 1.0150  decode.loss_ohem: 0.7173  decode.acc_seg: 93.0364  aux_0.loss_ce: 0.2977  aux_0.acc_seg: 89.4375
2026/07/25 21:43:27 - mmengine - INFO - Iter(train) [142800/160000]  lr: 1.0880e-02  eta: 1:48:20  time: 0.3751  data_time: 0.0267  memory: 9886  loss: 0.9358  decode.loss_ohem: 0.6775  decode.acc_seg: 94.2955  aux_0.loss_ce: 0.2583  aux_0.acc_seg: 90.3233
2026/07/25 21:44:05 - mmengine - INFO - Iter(train) [142900/160000]  lr: 1.0823e-02  eta: 1:47:42  time: 0.3740  data_time: 0.0261  memory: 9889  loss: 0.9626  decode.loss_ohem: 0.6909  decode.acc_seg: 95.4392  aux_0.loss_ce: 0.2717  aux_0.acc_seg: 91.7680
2026/07/25 21:44:42 - mmengine - INFO - Exp name: dsanet_cityscapes_512x1024_20260725_063741
2026/07/25 21:44:42 - mmengine - INFO - Iter(train) [143000/160000]  lr: 1.0766e-02  eta: 1:47:04  time: 0.3738  data_time: 0.0260  memory: 9887  loss: 0.9951  decode.loss_ohem: 0.7080  decode.acc_seg: 93.3906  aux_0.loss_ce: 0.2872  aux_0.acc_seg: 88.4417
2026/07/25 21:45:20 - mmengine - INFO - Iter(train) [143100/160000]  lr: 1.0709e-02  eta: 1:46:26  time: 0.3748  data_time: 0.0262  memory: 9887  loss: 1.0661  decode.loss_ohem: 0.7659  decode.acc_seg: 93.1719  aux_0.loss_ce: 0.3002  aux_0.acc_seg: 88.9744
2026/07/25 21:45:57 - mmengine - INFO - Iter(train) [143200/160000]  lr: 1.0652e-02  eta: 1:45:48  time: 0.3728  data_time: 0.0252  memory: 9887  loss: 1.0333  decode.loss_ohem: 0.7341  decode.acc_seg: 92.6331  aux_0.loss_ce: 0.2992  aux_0.acc_seg: 84.8728
2026/07/25 21:46:35 - mmengine - INFO - Iter(train) [143300/160000]  lr: 1.0595e-02  eta: 1:45:11  time: 0.3736  data_time: 0.0258  memory: 9887  loss: 0.9783  decode.loss_ohem: 0.6866  decode.acc_seg: 93.7023  aux_0.loss_ce: 0.2918  aux_0.acc_seg: 90.3232
2026/07/25 21:47:12 - mmengine - INFO - Iter(train) [143400/160000]  lr: 1.0538e-02  eta: 1:44:33  time: 0.3752  data_time: 0.0270  memory: 9887  loss: 0.9865  decode.loss_ohem: 0.7080  decode.acc_seg: 93.2238  aux_0.loss_ce: 0.2785  aux_0.acc_seg: 91.5324
2026/07/25 21:47:50 - mmengine - INFO - Iter(train) [143500/160000]  lr: 1.0481e-02  eta: 1:43:55  time: 0.3753  data_time: 0.0266  memory: 9889  loss: 1.0460  decode.loss_ohem: 0.7241  decode.acc_seg: 93.9387  aux_0.loss_ce: 0.3218  aux_0.acc_seg: 89.2558
2026/07/25 21:48:27 - mmengine - INFO - Iter(train) [143600/160000]  lr: 1.0424e-02  eta: 1:43:17  time: 0.3746  data_time: 0.0263  memory: 9886  loss: 1.0242  decode.loss_ohem: 0.7405  decode.acc_seg: 92.9070  aux_0.loss_ce: 0.2837  aux_0.acc_seg: 88.0639
2026/07/25 21:49:05 - mmengine - INFO - Iter(train) [143700/160000]  lr: 1.0367e-02  eta: 1:42:39  time: 0.3740  data_time: 0.0262  memory: 9886  loss: 0.9035  decode.loss_ohem: 0.6598  decode.acc_seg: 93.0740  aux_0.loss_ce: 0.2437  aux_0.acc_seg: 90.2802
2026/07/25 21:49:42 - mmengine - INFO - Iter(train) [143800/160000]  lr: 1.0309e-02  eta: 1:42:01  time: 0.3738  data_time: 0.0261  memory: 9887  loss: 0.9675  decode.loss_ohem: 0.6855  decode.acc_seg: 92.3026  aux_0.loss_ce: 0.2820  aux_0.acc_seg: 87.1177
2026/07/25 21:50:20 - mmengine - INFO - Iter(train) [143900/160000]  lr: 1.0252e-02  eta: 1:41:24  time: 0.3747  data_time: 0.0267  memory: 9888  loss: 0.9292  decode.loss_ohem: 0.6658  decode.acc_seg: 94.1777  aux_0.loss_ce: 0.2634  aux_0.acc_seg: 90.5737
2026/07/25 21:50:57 - mmengine - INFO - Exp name: dsanet_cityscapes_512x1024_20260725_063741
2026/07/25 21:50:57 - mmengine - INFO - Iter(train) [144000/160000]  lr: 1.0195e-02  eta: 1:40:46  time: 0.3755  data_time: 0.0266  memory: 9886  loss: 0.9366  decode.loss_ohem: 0.6917  decode.acc_seg: 89.6811  aux_0.loss_ce: 0.2449  aux_0.acc_seg: 87.4163
2026/07/25 21:51:35 - mmengine - INFO - Iter(train) [144100/160000]  lr: 1.0138e-02  eta: 1:40:08  time: 0.3799  data_time: 0.0291  memory: 9886  loss: 0.9417  decode.loss_ohem: 0.6601  decode.acc_seg: 94.5910  aux_0.loss_ce: 0.2816  aux_0.acc_seg: 90.7558
2026/07/25 21:52:13 - mmengine - INFO - Iter(train) [144200/160000]  lr: 1.0080e-02  eta: 1:39:30  time: 0.3758  data_time: 0.0266  memory: 9886  loss: 0.9942  decode.loss_ohem: 0.7138  decode.acc_seg: 93.7168  aux_0.loss_ce: 0.2804  aux_0.acc_seg: 89.3695
2026/07/25 21:52:50 - mmengine - INFO - Iter(train) [144300/160000]  lr: 1.0023e-02  eta: 1:38:52  time: 0.3736  data_time: 0.0249  memory: 9887  loss: 1.1201  decode.loss_ohem: 0.7808  decode.acc_seg: 90.8234  aux_0.loss_ce: 0.3394  aux_0.acc_seg: 85.8710
2026/07/25 21:53:28 - mmengine - INFO - Iter(train) [144400/160000]  lr: 9.9654e-03  eta: 1:38:15  time: 0.3738  data_time: 0.0264  memory: 9887  loss: 1.0456  decode.loss_ohem: 0.7465  decode.acc_seg: 91.5452  aux_0.loss_ce: 0.2991  aux_0.acc_seg: 85.3227
2026/07/25 21:54:05 - mmengine - INFO - Iter(train) [144500/160000]  lr: 9.9080e-03  eta: 1:37:37  time: 0.3751  data_time: 0.0263  memory: 9886  loss: 0.9717  decode.loss_ohem: 0.6938  decode.acc_seg: 93.8029  aux_0.loss_ce: 0.2779  aux_0.acc_seg: 89.4729
2026/07/25 21:54:43 - mmengine - INFO - Iter(train) [144600/160000]  lr: 9.8505e-03  eta: 1:36:59  time: 0.3757  data_time: 0.0258  memory: 9886  loss: 1.0071  decode.loss_ohem: 0.7255  decode.acc_seg: 94.1856  aux_0.loss_ce: 0.2816  aux_0.acc_seg: 88.4851
2026/07/25 21:55:21 - mmengine - INFO - Iter(train) [144700/160000]  lr: 9.7929e-03  eta: 1:36:21  time: 0.3774  data_time: 0.0272  memory: 9886  loss: 0.9006  decode.loss_ohem: 0.6463  decode.acc_seg: 93.4142  aux_0.loss_ce: 0.2544  aux_0.acc_seg: 89.7567
2026/07/25 21:55:58 - mmengine - INFO - Iter(train) [144800/160000]  lr: 9.7354e-03  eta: 1:35:43  time: 0.3757  data_time: 0.0272  memory: 9886  loss: 0.9058  decode.loss_ohem: 0.6619  decode.acc_seg: 94.2821  aux_0.loss_ce: 0.2438  aux_0.acc_seg: 91.5475
2026/07/25 21:56:36 - mmengine - INFO - Iter(train) [144900/160000]  lr: 9.6778e-03  eta: 1:35:06  time: 0.3783  data_time: 0.0283  memory: 9886  loss: 0.8981  decode.loss_ohem: 0.6460  decode.acc_seg: 94.4755  aux_0.loss_ce: 0.2521  aux_0.acc_seg: 90.0352
2026/07/25 21:57:14 - mmengine - INFO - Exp name: dsanet_cityscapes_512x1024_20260725_063741
2026/07/25 21:57:14 - mmengine - INFO - Iter(train) [145000/160000]  lr: 9.6201e-03  eta: 1:34:28  time: 0.3777  data_time: 0.0277  memory: 9886  loss: 0.9518  decode.loss_ohem: 0.6782  decode.acc_seg: 93.1691  aux_0.loss_ce: 0.2735  aux_0.acc_seg: 89.6987
2026/07/25 21:57:14 - mmengine - INFO - Saving checkpoint at 145000 iterations
2026/07/25 21:57:19 - mmengine - INFO - Iter(val) [100/250]    eta: 0:00:07  time: 0.0473  data_time: 0.0097  memory: 729  
2026/07/25 21:57:24 - mmengine - INFO - Iter(val) [200/250]    eta: 0:00:02  time: 0.0469  data_time: 0.0095  memory: 729  
2026/07/25 21:57:26 - mmengine - INFO - per class results:
2026/07/25 21:57:26 - mmengine - INFO - 
+---------------+-------+-------+
|     Class     |  IoU  |  Acc  |
+---------------+-------+-------+
|      road     | 97.63 | 98.57 |
|    sidewalk   | 81.36 | 90.09 |
|    building   |  90.9 | 95.12 |
|      wall     | 50.85 | 56.94 |
|     fence     | 55.52 | 73.67 |
|      pole     | 56.61 |  72.7 |
| traffic light | 58.81 | 71.19 |
|  traffic sign | 70.04 | 78.18 |
|   vegetation  | 90.66 | 95.45 |
|    terrain    | 58.27 | 69.97 |
|      sky      | 93.55 |  97.7 |
|     person    | 76.27 | 89.31 |
|     rider     | 55.05 |  69.4 |
|      car      | 92.55 | 97.69 |
|     truck     |  52.7 | 56.07 |
|      bus      | 74.12 | 90.24 |
|     train     | 66.57 | 86.06 |
|   motorcycle  | 50.61 | 66.16 |
|    bicycle    | 70.05 | 86.97 |
+---------------+-------+-------+
2026/07/25 21:57:26 - mmengine - INFO - Iter(val) [250/250]    aAcc: 94.9400  mIoU: 70.6400  mAcc: 81.1300  data_time: 0.0106  time: 0.0483
2026/07/25 21:58:04 - mmengine - INFO - Iter(train) [145100/160000]  lr: 9.5624e-03  eta: 1:33:50  time: 0.3762  data_time: 0.0275  memory: 9885  loss: 0.9830  decode.loss_ohem: 0.7252  decode.acc_seg: 94.5440  aux_0.loss_ce: 0.2577  aux_0.acc_seg: 91.0096
2026/07/25 21:58:42 - mmengine - INFO - Iter(train) [145200/160000]  lr: 9.5047e-03  eta: 1:33:12  time: 0.3799  data_time: 0.0294  memory: 9886  loss: 1.0191  decode.loss_ohem: 0.7139  decode.acc_seg: 94.1167  aux_0.loss_ce: 0.3052  aux_0.acc_seg: 91.8182
2026/07/25 21:59:20 - mmengine - INFO - Iter(train) [145300/160000]  lr: 9.4470e-03  eta: 1:32:34  time: 0.3791  data_time: 0.0295  memory: 9887  loss: 0.9968  decode.loss_ohem: 0.7252  decode.acc_seg: 94.6446  aux_0.loss_ce: 0.2716  aux_0.acc_seg: 89.9604
2026/07/25 21:59:57 - mmengine - INFO - Iter(train) [145400/160000]  lr: 9.3892e-03  eta: 1:31:57  time: 0.3774  data_time: 0.0277  memory: 9887  loss: 1.0029  decode.loss_ohem: 0.7009  decode.acc_seg: 93.1078  aux_0.loss_ce: 0.3020  aux_0.acc_seg: 90.0163
2026/07/25 22:00:35 - mmengine - INFO - Iter(train) [145500/160000]  lr: 9.3313e-03  eta: 1:31:19  time: 0.3773  data_time: 0.0278  memory: 9886  loss: 0.9589  decode.loss_ohem: 0.6660  decode.acc_seg: 93.3327  aux_0.loss_ce: 0.2929  aux_0.acc_seg: 88.0693
2026/07/25 22:01:13 - mmengine - INFO - Iter(train) [145600/160000]  lr: 9.2735e-03  eta: 1:30:41  time: 0.3770  data_time: 0.0282  memory: 9887  loss: 0.9117  decode.loss_ohem: 0.6545  decode.acc_seg: 94.2938  aux_0.loss_ce: 0.2572  aux_0.acc_seg: 86.1423
2026/07/25 22:01:51 - mmengine - INFO - Iter(train) [145700/160000]  lr: 9.2155e-03  eta: 1:30:03  time: 0.3780  data_time: 0.0280  memory: 9886  loss: 1.0182  decode.loss_ohem: 0.7405  decode.acc_seg: 94.1990  aux_0.loss_ce: 0.2777  aux_0.acc_seg: 89.0468
2026/07/25 22:02:29 - mmengine - INFO - Iter(train) [145800/160000]  lr: 9.1576e-03  eta: 1:29:25  time: 0.3759  data_time: 0.0257  memory: 9886  loss: 0.9543  decode.loss_ohem: 0.6852  decode.acc_seg: 94.6823  aux_0.loss_ce: 0.2691  aux_0.acc_seg: 91.4595
2026/07/25 22:03:06 - mmengine - INFO - Iter(train) [145900/160000]  lr: 9.0996e-03  eta: 1:28:48  time: 0.3763  data_time: 0.0262  memory: 9886  loss: 0.9789  decode.loss_ohem: 0.6964  decode.acc_seg: 94.3022  aux_0.loss_ce: 0.2826  aux_0.acc_seg: 89.5523
2026/07/25 22:03:44 - mmengine - INFO - Exp name: dsanet_cityscapes_512x1024_20260725_063741
2026/07/25 22:03:44 - mmengine - INFO - Iter(train) [146000/160000]  lr: 9.0415e-03  eta: 1:28:10  time: 0.3771  data_time: 0.0277  memory: 9887  loss: 1.0133  decode.loss_ohem: 0.7176  decode.acc_seg: 93.1790  aux_0.loss_ce: 0.2957  aux_0.acc_seg: 88.2715
2026/07/25 22:04:22 - mmengine - INFO - Iter(train) [146100/160000]  lr: 8.9835e-03  eta: 1:27:32  time: 0.3795  data_time: 0.0284  memory: 9886  loss: 0.9143  decode.loss_ohem: 0.6465  decode.acc_seg: 93.8408  aux_0.loss_ce: 0.2678  aux_0.acc_seg: 88.1037
2026/07/25 22:05:00 - mmengine - INFO - Iter(train) [146200/160000]  lr: 8.9253e-03  eta: 1:26:54  time: 0.3798  data_time: 0.0301  memory: 9887  loss: 1.0319  decode.loss_ohem: 0.7472  decode.acc_seg: 95.0106  aux_0.loss_ce: 0.2847  aux_0.acc_seg: 89.2863
2026/07/25 22:05:38 - mmengine - INFO - Iter(train) [146300/160000]  lr: 8.8672e-03  eta: 1:26:16  time: 0.3802  data_time: 0.0296  memory: 9886  loss: 1.0121  decode.loss_ohem: 0.7302  decode.acc_seg: 93.9015  aux_0.loss_ce: 0.2820  aux_0.acc_seg: 90.6655
2026/07/25 22:06:16 - mmengine - INFO - Iter(train) [146400/160000]  lr: 8.8090e-03  eta: 1:25:39  time: 0.3771  data_time: 0.0272  memory: 9885  loss: 0.9627  decode.loss_ohem: 0.7209  decode.acc_seg: 94.0786  aux_0.loss_ce: 0.2418  aux_0.acc_seg: 91.5328
2026/07/25 22:06:54 - mmengine - INFO - Iter(train) [146500/160000]  lr: 8.7507e-03  eta: 1:25:01  time: 0.3780  data_time: 0.0283  memory: 9886  loss: 0.9414  decode.loss_ohem: 0.6702  decode.acc_seg: 95.6021  aux_0.loss_ce: 0.2712  aux_0.acc_seg: 92.6569
2026/07/25 22:07:31 - mmengine - INFO - Iter(train) [146600/160000]  lr: 8.6924e-03  eta: 1:24:23  time: 0.3806  data_time: 0.0303  memory: 9888  loss: 0.9845  decode.loss_ohem: 0.6903  decode.acc_seg: 94.4223  aux_0.loss_ce: 0.2942  aux_0.acc_seg: 90.7726
2026/07/25 22:08:09 - mmengine - INFO - Iter(train) [146700/160000]  lr: 8.6341e-03  eta: 1:23:45  time: 0.3770  data_time: 0.0279  memory: 9886  loss: 1.0382  decode.loss_ohem: 0.7224  decode.acc_seg: 91.7202  aux_0.loss_ce: 0.3158  aux_0.acc_seg: 82.4796
2026/07/25 22:08:47 - mmengine - INFO - Iter(train) [146800/160000]  lr: 8.5757e-03  eta: 1:23:08  time: 0.3779  data_time: 0.0279  memory: 9887  loss: 0.9724  decode.loss_ohem: 0.6758  decode.acc_seg: 94.0502  aux_0.loss_ce: 0.2965  aux_0.acc_seg: 89.6410
2026/07/25 22:09:25 - mmengine - INFO - Iter(train) [146900/160000]  lr: 8.5173e-03  eta: 1:22:30  time: 0.3772  data_time: 0.0280  memory: 9887  loss: 0.9536  decode.loss_ohem: 0.6806  decode.acc_seg: 95.1594  aux_0.loss_ce: 0.2730  aux_0.acc_seg: 92.2983
2026/07/25 22:10:03 - mmengine - INFO - Exp name: dsanet_cityscapes_512x1024_20260725_063741
2026/07/25 22:10:03 - mmengine - INFO - Iter(train) [147000/160000]  lr: 8.4588e-03  eta: 1:21:52  time: 0.3781  data_time: 0.0278  memory: 9885  loss: 0.9510  decode.loss_ohem: 0.6885  decode.acc_seg: 92.2880  aux_0.loss_ce: 0.2625  aux_0.acc_seg: 85.5931
2026/07/25 22:10:40 - mmengine - INFO - Iter(train) [147100/160000]  lr: 8.4003e-03  eta: 1:21:14  time: 0.3780  data_time: 0.0280  memory: 9887  loss: 0.9123  decode.loss_ohem: 0.6455  decode.acc_seg: 94.8178  aux_0.loss_ce: 0.2668  aux_0.acc_seg: 88.4203
2026/07/25 22:11:18 - mmengine - INFO - Iter(train) [147200/160000]  lr: 8.3417e-03  eta: 1:20:36  time: 0.3755  data_time: 0.0263  memory: 9886  loss: 0.9250  decode.loss_ohem: 0.6740  decode.acc_seg: 93.2776  aux_0.loss_ce: 0.2510  aux_0.acc_seg: 88.9467
2026/07/25 22:11:56 - mmengine - INFO - Iter(train) [147300/160000]  lr: 8.2831e-03  eta: 1:19:59  time: 0.3781  data_time: 0.0275  memory: 9886  loss: 1.0327  decode.loss_ohem: 0.7291  decode.acc_seg: 91.5313  aux_0.loss_ce: 0.3037  aux_0.acc_seg: 84.3128
2026/07/25 22:12:34 - mmengine - INFO - Iter(train) [147400/160000]  lr: 8.2245e-03  eta: 1:19:21  time: 0.3789  data_time: 0.0281  memory: 9886  loss: 1.0022  decode.loss_ohem: 0.7217  decode.acc_seg: 94.8887  aux_0.loss_ce: 0.2805  aux_0.acc_seg: 92.0511
2026/07/25 22:13:12 - mmengine - INFO - Iter(train) [147500/160000]  lr: 8.1658e-03  eta: 1:18:43  time: 0.3760  data_time: 0.0270  memory: 9887  loss: 0.9900  decode.loss_ohem: 0.7197  decode.acc_seg: 94.4577  aux_0.loss_ce: 0.2703  aux_0.acc_seg: 92.2279
2026/07/25 22:13:49 - mmengine - INFO - Iter(train) [147600/160000]  lr: 8.1070e-03  eta: 1:18:05  time: 0.3734  data_time: 0.0258  memory: 9887  loss: 0.9307  decode.loss_ohem: 0.6752  decode.acc_seg: 92.7414  aux_0.loss_ce: 0.2555  aux_0.acc_seg: 90.1923
2026/07/25 22:14:26 - mmengine - INFO - Iter(train) [147700/160000]  lr: 8.0482e-03  eta: 1:17:27  time: 0.3754  data_time: 0.0267  memory: 9886  loss: 0.9950  decode.loss_ohem: 0.7024  decode.acc_seg: 92.3016  aux_0.loss_ce: 0.2926  aux_0.acc_seg: 88.4969
2026/07/25 22:15:04 - mmengine - INFO - Iter(train) [147800/160000]  lr: 7.9894e-03  eta: 1:16:50  time: 0.3776  data_time: 0.0272  memory: 9887  loss: 0.9652  decode.loss_ohem: 0.6673  decode.acc_seg: 93.7136  aux_0.loss_ce: 0.2980  aux_0.acc_seg: 89.7982
2026/07/25 22:15:42 - mmengine - INFO - Iter(train) [147900/160000]  lr: 7.9305e-03  eta: 1:16:12  time: 0.3754  data_time: 0.0257  memory: 9887  loss: 0.9650  decode.loss_ohem: 0.6962  decode.acc_seg: 95.8028  aux_0.loss_ce: 0.2688  aux_0.acc_seg: 92.4389
2026/07/25 22:16:20 - mmengine - INFO - Exp name: dsanet_cityscapes_512x1024_20260725_063741
2026/07/25 22:16:20 - mmengine - INFO - Iter(train) [148000/160000]  lr: 7.8716e-03  eta: 1:15:34  time: 0.3764  data_time: 0.0270  memory: 9887  loss: 0.9601  decode.loss_ohem: 0.6847  decode.acc_seg: 93.6072  aux_0.loss_ce: 0.2753  aux_0.acc_seg: 88.0254
2026/07/25 22:16:58 - mmengine - INFO - Iter(train) [148100/160000]  lr: 7.8126e-03  eta: 1:14:56  time: 0.3763  data_time: 0.0271  memory: 9886  loss: 0.9198  decode.loss_ohem: 0.6570  decode.acc_seg: 93.2941  aux_0.loss_ce: 0.2628  aux_0.acc_seg: 88.0803
2026/07/25 22:17:35 - mmengine - INFO - Iter(train) [148200/160000]  lr: 7.7536e-03  eta: 1:14:18  time: 0.3790  data_time: 0.0271  memory: 9886  loss: 0.9705  decode.loss_ohem: 0.6606  decode.acc_seg: 95.7195  aux_0.loss_ce: 0.3099  aux_0.acc_seg: 88.9246
2026/07/25 22:18:13 - mmengine - INFO - Iter(train) [148300/160000]  lr: 7.6945e-03  eta: 1:13:41  time: 0.3784  data_time: 0.0283  memory: 9886  loss: 1.0744  decode.loss_ohem: 0.7400  decode.acc_seg: 93.8652  aux_0.loss_ce: 0.3343  aux_0.acc_seg: 86.4319
2026/07/25 22:18:51 - mmengine - INFO - Iter(train) [148400/160000]  lr: 7.6353e-03  eta: 1:13:03  time: 0.3763  data_time: 0.0270  memory: 9886  loss: 0.9893  decode.loss_ohem: 0.7034  decode.acc_seg: 94.2148  aux_0.loss_ce: 0.2859  aux_0.acc_seg: 91.5316
2026/07/25 22:19:29 - mmengine - INFO - Iter(train) [148500/160000]  lr: 7.5761e-03  eta: 1:12:25  time: 0.3775  data_time: 0.0270  memory: 9887  loss: 1.0136  decode.loss_ohem: 0.6967  decode.acc_seg: 92.4708  aux_0.loss_ce: 0.3169  aux_0.acc_seg: 89.0130
2026/07/25 22:20:06 - mmengine - INFO - Iter(train) [148600/160000]  lr: 7.5169e-03  eta: 1:11:47  time: 0.3812  data_time: 0.0294  memory: 9887  loss: 0.9346  decode.loss_ohem: 0.6640  decode.acc_seg: 94.6567  aux_0.loss_ce: 0.2706  aux_0.acc_seg: 88.9847
2026/07/25 22:20:44 - mmengine - INFO - Iter(train) [148700/160000]  lr: 7.4576e-03  eta: 1:11:09  time: 0.3759  data_time: 0.0266  memory: 9886  loss: 1.0511  decode.loss_ohem: 0.7494  decode.acc_seg: 92.0579  aux_0.loss_ce: 0.3017  aux_0.acc_seg: 85.8970
2026/07/25 22:21:22 - mmengine - INFO - Iter(train) [148800/160000]  lr: 7.3983e-03  eta: 1:10:32  time: 0.3786  data_time: 0.0276  memory: 9886  loss: 0.9427  decode.loss_ohem: 0.6850  decode.acc_seg: 92.6500  aux_0.loss_ce: 0.2577  aux_0.acc_seg: 87.8990
2026/07/25 22:22:00 - mmengine - INFO - Iter(train) [148900/160000]  lr: 7.3389e-03  eta: 1:09:54  time: 0.3765  data_time: 0.0269  memory: 9887  loss: 0.9639  decode.loss_ohem: 0.7018  decode.acc_seg: 93.6490  aux_0.loss_ce: 0.2621  aux_0.acc_seg: 87.9207
2026/07/25 22:22:38 - mmengine - INFO - Exp name: dsanet_cityscapes_512x1024_20260725_063741
2026/07/25 22:22:38 - mmengine - INFO - Iter(train) [149000/160000]  lr: 7.2794e-03  eta: 1:09:16  time: 0.3781  data_time: 0.0280  memory: 9886  loss: 0.9442  decode.loss_ohem: 0.6749  decode.acc_seg: 94.0797  aux_0.loss_ce: 0.2693  aux_0.acc_seg: 90.9943
2026/07/25 22:23:16 - mmengine - INFO - Iter(train) [149100/160000]  lr: 7.2199e-03  eta: 1:08:38  time: 0.3777  data_time: 0.0276  memory: 9886  loss: 1.0397  decode.loss_ohem: 0.7671  decode.acc_seg: 92.8669  aux_0.loss_ce: 0.2725  aux_0.acc_seg: 89.3714
2026/07/25 22:23:54 - mmengine - INFO - Iter(train) [149200/160000]  lr: 7.1604e-03  eta: 1:08:01  time: 0.3801  data_time: 0.0286  memory: 9887  loss: 1.0266  decode.loss_ohem: 0.7020  decode.acc_seg: 94.0417  aux_0.loss_ce: 0.3245  aux_0.acc_seg: 89.8410
2026/07/25 22:24:31 - mmengine - INFO - Iter(train) [149300/160000]  lr: 7.1008e-03  eta: 1:07:23  time: 0.3805  data_time: 0.0295  memory: 9886  loss: 0.9543  decode.loss_ohem: 0.6754  decode.acc_seg: 95.8984  aux_0.loss_ce: 0.2790  aux_0.acc_seg: 92.9653
2026/07/25 22:25:09 - mmengine - INFO - Iter(train) [149400/160000]  lr: 7.0411e-03  eta: 1:06:45  time: 0.3771  data_time: 0.0272  memory: 9887  loss: 0.9401  decode.loss_ohem: 0.6855  decode.acc_seg: 95.7064  aux_0.loss_ce: 0.2546  aux_0.acc_seg: 93.2495
2026/07/25 22:25:47 - mmengine - INFO - Iter(train) [149500/160000]  lr: 6.9814e-03  eta: 1:06:07  time: 0.3777  data_time: 0.0282  memory: 9886  loss: 1.0464  decode.loss_ohem: 0.7480  decode.acc_seg: 91.9912  aux_0.loss_ce: 0.2984  aux_0.acc_seg: 84.6841
2026/07/25 22:26:25 - mmengine - INFO - Iter(train) [149600/160000]  lr: 6.9216e-03  eta: 1:05:29  time: 0.3783  data_time: 0.0284  memory: 9887  loss: 0.9282  decode.loss_ohem: 0.6445  decode.acc_seg: 93.9816  aux_0.loss_ce: 0.2836  aux_0.acc_seg: 87.2359
2026/07/25 22:27:03 - mmengine - INFO - Iter(train) [149700/160000]  lr: 6.8617e-03  eta: 1:04:52  time: 0.3777  data_time: 0.0279  memory: 9887  loss: 1.0123  decode.loss_ohem: 0.7230  decode.acc_seg: 90.5980  aux_0.loss_ce: 0.2893  aux_0.acc_seg: 87.5822
2026/07/25 22:27:41 - mmengine - INFO - Iter(train) [149800/160000]  lr: 6.8018e-03  eta: 1:04:14  time: 0.3818  data_time: 0.0308  memory: 9885  loss: 0.9670  decode.loss_ohem: 0.7068  decode.acc_seg: 93.0659  aux_0.loss_ce: 0.2602  aux_0.acc_seg: 88.1446
2026/07/25 22:28:18 - mmengine - INFO - Iter(train) [149900/160000]  lr: 6.7419e-03  eta: 1:03:36  time: 0.3761  data_time: 0.0266  memory: 9886  loss: 0.9387  decode.loss_ohem: 0.6931  decode.acc_seg: 95.3171  aux_0.loss_ce: 0.2456  aux_0.acc_seg: 93.4872
2026/07/25 22:28:56 - mmengine - INFO - Exp name: dsanet_cityscapes_512x1024_20260725_063741
2026/07/25 22:28:56 - mmengine - INFO - Iter(train) [150000/160000]  lr: 6.6819e-03  eta: 1:02:58  time: 0.3789  data_time: 0.0284  memory: 9886  loss: 0.9540  decode.loss_ohem: 0.6792  decode.acc_seg: 95.1461  aux_0.loss_ce: 0.2747  aux_0.acc_seg: 91.2724
2026/07/25 22:28:56 - mmengine - INFO - Saving checkpoint at 150000 iterations
2026/07/25 22:29:02 - mmengine - INFO - Iter(val) [100/250]    eta: 0:00:07  time: 0.0469  data_time: 0.0095  memory: 729  
2026/07/25 22:29:06 - mmengine - INFO - Iter(val) [200/250]    eta: 0:00:02  time: 0.0474  data_time: 0.0096  memory: 729  
2026/07/25 22:29:09 - mmengine - INFO - per class results:
2026/07/25 22:29:09 - mmengine - INFO - 
+---------------+-------+-------+
|     Class     |  IoU  |  Acc  |
+---------------+-------+-------+
|      road     | 97.94 | 98.74 |
|    sidewalk   | 83.37 |  91.8 |
|    building   | 91.42 | 96.16 |
|      wall     | 50.84 | 59.51 |
|     fence     | 58.42 | 69.64 |
|      pole     | 61.05 | 72.74 |
| traffic light | 61.29 | 73.92 |
|  traffic sign | 71.71 | 79.07 |
|   vegetation  | 91.65 |  96.2 |
|    terrain    | 61.99 | 70.54 |
|      sky      | 94.22 |  97.5 |
|     person    | 78.31 | 88.87 |
|     rider     | 55.95 | 67.63 |
|      car      | 93.78 | 97.52 |
|     truck     |  72.0 | 79.63 |
|      bus      | 83.97 | 91.21 |
|     train     | 75.39 | 85.59 |
|   motorcycle  | 55.85 | 72.68 |
|    bicycle    | 71.87 | 86.74 |
+---------------+-------+-------+
2026/07/25 22:29:09 - mmengine - INFO - Iter(val) [250/250]    aAcc: 95.5100  mIoU: 74.2700  mAcc: 82.9300  data_time: 0.0106  time: 0.0481
2026/07/25 22:29:09 - mmengine - INFO - The previous best checkpoint /root/autodl-tmp/DSANet-main/tools/work_dirs/dsanet_cityscapes_512x1024/best_mIoU_iter_140000.pth is removed
2026/07/25 22:29:09 - mmengine - INFO - The best checkpoint with 74.2700 mIoU at 150000 iter is saved to best_mIoU_iter_150000.pth.
2026/07/25 22:29:47 - mmengine - INFO - Iter(train) [150100/160000]  lr: 6.6218e-03  eta: 1:02:21  time: 0.3762  data_time: 0.0275  memory: 9886  loss: 1.0032  decode.loss_ohem: 0.6997  decode.acc_seg: 92.8497  aux_0.loss_ce: 0.3035  aux_0.acc_seg: 86.3059
2026/07/25 22:30:25 - mmengine - INFO - Iter(train) [150200/160000]  lr: 6.5616e-03  eta: 1:01:43  time: 0.3717  data_time: 0.0247  memory: 9886  loss: 0.9528  decode.loss_ohem: 0.6735  decode.acc_seg: 93.6429  aux_0.loss_ce: 0.2793  aux_0.acc_seg: 89.4215
2026/07/25 22:31:02 - mmengine - INFO - Iter(train) [150300/160000]  lr: 6.5014e-03  eta: 1:01:05  time: 0.3765  data_time: 0.0274  memory: 9886  loss: 0.9322  decode.loss_ohem: 0.6638  decode.acc_seg: 93.6688  aux_0.loss_ce: 0.2684  aux_0.acc_seg: 88.6112
2026/07/25 22:31:40 - mmengine - INFO - Iter(train) [150400/160000]  lr: 6.4412e-03  eta: 1:00:27  time: 0.3760  data_time: 0.0271  memory: 9886  loss: 0.9571  decode.loss_ohem: 0.7025  decode.acc_seg: 94.9250  aux_0.loss_ce: 0.2547  aux_0.acc_seg: 90.2802
2026/07/25 22:32:18 - mmengine - INFO - Iter(train) [150500/160000]  lr: 6.3809e-03  eta: 0:59:49  time: 0.3780  data_time: 0.0278  memory: 9886  loss: 0.9371  decode.loss_ohem: 0.6622  decode.acc_seg: 94.5083  aux_0.loss_ce: 0.2749  aux_0.acc_seg: 90.4669
2026/07/25 22:32:55 - mmengine - INFO - Iter(train) [150600/160000]  lr: 6.3205e-03  eta: 0:59:12  time: 0.3764  data_time: 0.0275  memory: 9886  loss: 0.8898  decode.loss_ohem: 0.6563  decode.acc_seg: 95.0324  aux_0.loss_ce: 0.2336  aux_0.acc_seg: 90.8262
2026/07/25 22:33:33 - mmengine - INFO - Iter(train) [150700/160000]  lr: 6.2600e-03  eta: 0:58:34  time: 0.3764  data_time: 0.0271  memory: 9886  loss: 0.9668  decode.loss_ohem: 0.7035  decode.acc_seg: 93.8743  aux_0.loss_ce: 0.2633  aux_0.acc_seg: 90.6753
2026/07/25 22:34:11 - mmengine - INFO - Iter(train) [150800/160000]  lr: 6.1995e-03  eta: 0:57:56  time: 0.3769  data_time: 0.0277  memory: 9886  loss: 0.9472  decode.loss_ohem: 0.6830  decode.acc_seg: 91.4363  aux_0.loss_ce: 0.2642  aux_0.acc_seg: 88.9267
2026/07/25 22:34:49 - mmengine - INFO - Iter(train) [150900/160000]  lr: 6.1389e-03  eta: 0:57:18  time: 0.3766  data_time: 0.0275  memory: 9887  loss: 0.9304  decode.loss_ohem: 0.6581  decode.acc_seg: 94.9788  aux_0.loss_ce: 0.2722  aux_0.acc_seg: 91.5863
2026/07/25 22:35:26 - mmengine - INFO - Exp name: dsanet_cityscapes_512x1024_20260725_063741
2026/07/25 22:35:26 - mmengine - INFO - Iter(train) [151000/160000]  lr: 6.0783e-03  eta: 0:56:40  time: 0.3772  data_time: 0.0272  memory: 9886  loss: 0.9960  decode.loss_ohem: 0.7122  decode.acc_seg: 93.7681  aux_0.loss_ce: 0.2838  aux_0.acc_seg: 90.3413
2026/07/25 22:36:04 - mmengine - INFO - Iter(train) [151100/160000]  lr: 6.0176e-03  eta: 0:56:03  time: 0.3774  data_time: 0.0271  memory: 9886  loss: 0.9873  decode.loss_ohem: 0.7021  decode.acc_seg: 92.3247  aux_0.loss_ce: 0.2851  aux_0.acc_seg: 88.7074
2026/07/25 22:36:42 - mmengine - INFO - Iter(train) [151200/160000]  lr: 5.9568e-03  eta: 0:55:25  time: 0.3763  data_time: 0.0268  memory: 9885  loss: 0.9270  decode.loss_ohem: 0.6669  decode.acc_seg: 94.8398  aux_0.loss_ce: 0.2601  aux_0.acc_seg: 90.2488
2026/07/25 22:37:20 - mmengine - INFO - Iter(train) [151300/160000]  lr: 5.8959e-03  eta: 0:54:47  time: 0.3780  data_time: 0.0279  memory: 9886  loss: 0.9301  decode.loss_ohem: 0.6462  decode.acc_seg: 93.5773  aux_0.loss_ce: 0.2839  aux_0.acc_seg: 88.5487
2026/07/25 22:37:58 - mmengine - INFO - Iter(train) [151400/160000]  lr: 5.8350e-03  eta: 0:54:09  time: 0.3778  data_time: 0.0280  memory: 9887  loss: 0.9846  decode.loss_ohem: 0.7161  decode.acc_seg: 94.3222  aux_0.loss_ce: 0.2685  aux_0.acc_seg: 90.4888
2026/07/25 22:38:35 - mmengine - INFO - Iter(train) [151500/160000]  lr: 5.7740e-03  eta: 0:53:31  time: 0.3764  data_time: 0.0274  memory: 9887  loss: 0.9286  decode.loss_ohem: 0.6633  decode.acc_seg: 94.4408  aux_0.loss_ce: 0.2653  aux_0.acc_seg: 90.1317
2026/07/25 22:39:13 - mmengine - INFO - Iter(train) [151600/160000]  lr: 5.7129e-03  eta: 0:52:54  time: 0.3778  data_time: 0.0277  memory: 9886  loss: 0.9090  decode.loss_ohem: 0.6624  decode.acc_seg: 93.7563  aux_0.loss_ce: 0.2467  aux_0.acc_seg: 88.8821
2026/07/25 22:39:51 - mmengine - INFO - Iter(train) [151700/160000]  lr: 5.6518e-03  eta: 0:52:16  time: 0.3786  data_time: 0.0283  memory: 9886  loss: 0.9840  decode.loss_ohem: 0.7074  decode.acc_seg: 94.4405  aux_0.loss_ce: 0.2766  aux_0.acc_seg: 90.8746
2026/07/25 22:40:29 - mmengine - INFO - Iter(train) [151800/160000]  lr: 5.5906e-03  eta: 0:51:38  time: 0.3767  data_time: 0.0270  memory: 9886  loss: 0.9528  decode.loss_ohem: 0.6823  decode.acc_seg: 93.6366  aux_0.loss_ce: 0.2704  aux_0.acc_seg: 90.2475
2026/07/25 22:41:07 - mmengine - INFO - Iter(train) [151900/160000]  lr: 5.5293e-03  eta: 0:51:00  time: 0.3775  data_time: 0.0278  memory: 9887  loss: 0.9247  decode.loss_ohem: 0.6688  decode.acc_seg: 92.2543  aux_0.loss_ce: 0.2559  aux_0.acc_seg: 89.1491
2026/07/25 22:41:44 - mmengine - INFO - Exp name: dsanet_cityscapes_512x1024_20260725_063741
2026/07/25 22:41:44 - mmengine - INFO - Iter(train) [152000/160000]  lr: 5.4679e-03  eta: 0:50:22  time: 0.3774  data_time: 0.0278  memory: 9886  loss: 0.9516  decode.loss_ohem: 0.6874  decode.acc_seg: 92.7230  aux_0.loss_ce: 0.2641  aux_0.acc_seg: 83.5250
2026/07/25 22:42:22 - mmengine - INFO - Iter(train) [152100/160000]  lr: 5.4065e-03  eta: 0:49:45  time: 0.3760  data_time: 0.0270  memory: 9887  loss: 0.9492  decode.loss_ohem: 0.6862  decode.acc_seg: 93.5895  aux_0.loss_ce: 0.2630  aux_0.acc_seg: 87.3340
2026/07/25 22:43:00 - mmengine - INFO - Iter(train) [152200/160000]  lr: 5.3450e-03  eta: 0:49:07  time: 0.3773  data_time: 0.0270  memory: 9886  loss: 1.0128  decode.loss_ohem: 0.7241  decode.acc_seg: 90.9200  aux_0.loss_ce: 0.2887  aux_0.acc_seg: 83.9665
2026/07/25 22:43:38 - mmengine - INFO - Iter(train) [152300/160000]  lr: 5.2834e-03  eta: 0:48:29  time: 0.3781  data_time: 0.0283  memory: 9886  loss: 1.0284  decode.loss_ohem: 0.7191  decode.acc_seg: 95.4801  aux_0.loss_ce: 0.3093  aux_0.acc_seg: 91.1352
2026/07/25 22:44:16 - mmengine - INFO - Iter(train) [152400/160000]  lr: 5.2217e-03  eta: 0:47:51  time: 0.3771  data_time: 0.0278  memory: 9887  loss: 1.0302  decode.loss_ohem: 0.7519  decode.acc_seg: 92.6166  aux_0.loss_ce: 0.2782  aux_0.acc_seg: 86.2397
2026/07/25 22:44:53 - mmengine - INFO - Iter(train) [152500/160000]  lr: 5.1599e-03  eta: 0:47:14  time: 0.3796  data_time: 0.0282  memory: 9889  loss: 1.0060  decode.loss_ohem: 0.6970  decode.acc_seg: 93.9520  aux_0.loss_ce: 0.3091  aux_0.acc_seg: 88.9897
2026/07/25 22:45:31 - mmengine - INFO - Iter(train) [152600/160000]  lr: 5.0981e-03  eta: 0:46:36  time: 0.3786  data_time: 0.0285  memory: 9886  loss: 0.9565  decode.loss_ohem: 0.6897  decode.acc_seg: 95.1907  aux_0.loss_ce: 0.2669  aux_0.acc_seg: 91.7323
2026/07/25 22:46:09 - mmengine - INFO - Iter(train) [152700/160000]  lr: 5.0362e-03  eta: 0:45:58  time: 0.3761  data_time: 0.0270  memory: 9886  loss: 0.9619  decode.loss_ohem: 0.6831  decode.acc_seg: 95.2249  aux_0.loss_ce: 0.2788  aux_0.acc_seg: 88.6338
2026/07/25 22:46:47 - mmengine - INFO - Iter(train) [152800/160000]  lr: 4.9742e-03  eta: 0:45:20  time: 0.3762  data_time: 0.0274  memory: 9886  loss: 0.9286  decode.loss_ohem: 0.6661  decode.acc_seg: 94.1328  aux_0.loss_ce: 0.2625  aux_0.acc_seg: 89.0916
2026/07/25 22:47:25 - mmengine - INFO - Iter(train) [152900/160000]  lr: 4.9121e-03  eta: 0:44:42  time: 0.3768  data_time: 0.0273  memory: 9886  loss: 0.9494  decode.loss_ohem: 0.6720  decode.acc_seg: 95.8151  aux_0.loss_ce: 0.2774  aux_0.acc_seg: 91.0688
2026/07/25 22:48:02 - mmengine - INFO - Exp name: dsanet_cityscapes_512x1024_20260725_063741
2026/07/25 22:48:02 - mmengine - INFO - Iter(train) [153000/160000]  lr: 4.8499e-03  eta: 0:44:05  time: 0.3791  data_time: 0.0287  memory: 9885  loss: 0.9605  decode.loss_ohem: 0.6840  decode.acc_seg: 95.9636  aux_0.loss_ce: 0.2765  aux_0.acc_seg: 94.1831
2026/07/25 22:48:40 - mmengine - INFO - Iter(train) [153100/160000]  lr: 4.7876e-03  eta: 0:43:27  time: 0.3769  data_time: 0.0276  memory: 9886  loss: 0.9825  decode.loss_ohem: 0.6938  decode.acc_seg: 92.8226  aux_0.loss_ce: 0.2887  aux_0.acc_seg: 86.5981
2026/07/25 22:49:18 - mmengine - INFO - Iter(train) [153200/160000]  lr: 4.7253e-03  eta: 0:42:49  time: 0.3780  data_time: 0.0281  memory: 9886  loss: 0.9731  decode.loss_ohem: 0.6956  decode.acc_seg: 92.6109  aux_0.loss_ce: 0.2775  aux_0.acc_seg: 88.4637
2026/07/25 22:49:56 - mmengine - INFO - Iter(train) [153300/160000]  lr: 4.6628e-03  eta: 0:42:11  time: 0.3780  data_time: 0.0278  memory: 9886  loss: 0.9422  decode.loss_ohem: 0.6849  decode.acc_seg: 93.6608  aux_0.loss_ce: 0.2573  aux_0.acc_seg: 88.9008
2026/07/25 22:50:34 - mmengine - INFO - Iter(train) [153400/160000]  lr: 4.6002e-03  eta: 0:41:33  time: 0.3760  data_time: 0.0273  memory: 9886  loss: 1.0247  decode.loss_ohem: 0.7325  decode.acc_seg: 92.3874  aux_0.loss_ce: 0.2922  aux_0.acc_seg: 87.6194
2026/07/25 22:51:11 - mmengine - INFO - Iter(train) [153500/160000]  lr: 4.5376e-03  eta: 0:40:56  time: 0.3758  data_time: 0.0274  memory: 9887  loss: 0.9814  decode.loss_ohem: 0.7067  decode.acc_seg: 91.4949  aux_0.loss_ce: 0.2747  aux_0.acc_seg: 87.5765
2026/07/25 22:51:49 - mmengine - INFO - Iter(train) [153600/160000]  lr: 4.4749e-03  eta: 0:40:18  time: 0.3785  data_time: 0.0279  memory: 9886  loss: 0.9602  decode.loss_ohem: 0.6973  decode.acc_seg: 92.8635  aux_0.loss_ce: 0.2629  aux_0.acc_seg: 88.6455
2026/07/25 22:52:27 - mmengine - INFO - Iter(train) [153700/160000]  lr: 4.4120e-03  eta: 0:39:40  time: 0.3767  data_time: 0.0272  memory: 9886  loss: 0.9048  decode.loss_ohem: 0.6595  decode.acc_seg: 96.9263  aux_0.loss_ce: 0.2454  aux_0.acc_seg: 94.1438
2026/07/25 22:53:05 - mmengine - INFO - Iter(train) [153800/160000]  lr: 4.3491e-03  eta: 0:39:02  time: 0.3783  data_time: 0.0281  memory: 9886  loss: 0.9215  decode.loss_ohem: 0.6678  decode.acc_seg: 95.1611  aux_0.loss_ce: 0.2537  aux_0.acc_seg: 87.9490
2026/07/25 22:53:42 - mmengine - INFO - Iter(train) [153900/160000]  lr: 4.2861e-03  eta: 0:38:25  time: 0.3773  data_time: 0.0280  memory: 9885  loss: 0.9614  decode.loss_ohem: 0.6940  decode.acc_seg: 94.4676  aux_0.loss_ce: 0.2674  aux_0.acc_seg: 91.5730
2026/07/25 22:54:20 - mmengine - INFO - Exp name: dsanet_cityscapes_512x1024_20260725_063741
2026/07/25 22:54:20 - mmengine - INFO - Iter(train) [154000/160000]  lr: 4.2229e-03  eta: 0:37:47  time: 0.3770  data_time: 0.0275  memory: 9886  loss: 0.9489  decode.loss_ohem: 0.6590  decode.acc_seg: 92.2750  aux_0.loss_ce: 0.2899  aux_0.acc_seg: 83.4067
2026/07/25 22:54:58 - mmengine - INFO - Iter(train) [154100/160000]  lr: 4.1597e-03  eta: 0:37:09  time: 0.3769  data_time: 0.0273  memory: 9885  loss: 0.9151  decode.loss_ohem: 0.6666  decode.acc_seg: 94.7588  aux_0.loss_ce: 0.2486  aux_0.acc_seg: 91.0002
2026/07/25 22:55:35 - mmengine - INFO - Iter(train) [154200/160000]  lr: 4.0963e-03  eta: 0:36:31  time: 0.3759  data_time: 0.0274  memory: 9887  loss: 0.9327  decode.loss_ohem: 0.6756  decode.acc_seg: 94.6502  aux_0.loss_ce: 0.2572  aux_0.acc_seg: 91.2195
2026/07/25 22:56:13 - mmengine - INFO - Iter(train) [154300/160000]  lr: 4.0329e-03  eta: 0:35:53  time: 0.3771  data_time: 0.0280  memory: 9887  loss: 0.9801  decode.loss_ohem: 0.6801  decode.acc_seg: 93.6451  aux_0.loss_ce: 0.3000  aux_0.acc_seg: 86.9813
2026/07/25 22:56:51 - mmengine - INFO - Iter(train) [154400/160000]  lr: 3.9693e-03  eta: 0:35:16  time: 0.3769  data_time: 0.0272  memory: 9886  loss: 0.9996  decode.loss_ohem: 0.7299  decode.acc_seg: 94.2449  aux_0.loss_ce: 0.2697  aux_0.acc_seg: 90.6128
2026/07/25 22:57:29 - mmengine - INFO - Iter(train) [154500/160000]  lr: 3.9056e-03  eta: 0:34:38  time: 0.3769  data_time: 0.0271  memory: 9886  loss: 0.9238  decode.loss_ohem: 0.6618  decode.acc_seg: 94.3948  aux_0.loss_ce: 0.2619  aux_0.acc_seg: 89.2646
2026/07/25 22:58:07 - mmengine - INFO - Iter(train) [154600/160000]  lr: 3.8418e-03  eta: 0:34:00  time: 0.3774  data_time: 0.0277  memory: 9886  loss: 1.0282  decode.loss_ohem: 0.7421  decode.acc_seg: 93.6122  aux_0.loss_ce: 0.2861  aux_0.acc_seg: 89.6247
2026/07/25 22:58:44 - mmengine - INFO - Iter(train) [154700/160000]  lr: 3.7779e-03  eta: 0:33:22  time: 0.3772  data_time: 0.0280  memory: 9886  loss: 0.9415  decode.loss_ohem: 0.6674  decode.acc_seg: 94.1886  aux_0.loss_ce: 0.2740  aux_0.acc_seg: 90.8496
2026/07/25 22:59:22 - mmengine - INFO - Iter(train) [154800/160000]  lr: 3.7138e-03  eta: 0:32:44  time: 0.3782  data_time: 0.0282  memory: 9885  loss: 0.8914  decode.loss_ohem: 0.6461  decode.acc_seg: 95.7919  aux_0.loss_ce: 0.2453  aux_0.acc_seg: 91.7077
2026/07/25 23:00:00 - mmengine - INFO - Iter(train) [154900/160000]  lr: 3.6497e-03  eta: 0:32:07  time: 0.3787  data_time: 0.0291  memory: 9887  loss: 0.9306  decode.loss_ohem: 0.6697  decode.acc_seg: 94.0263  aux_0.loss_ce: 0.2609  aux_0.acc_seg: 91.1722
2026/07/25 23:00:38 - mmengine - INFO - Exp name: dsanet_cityscapes_512x1024_20260725_063741
2026/07/25 23:00:38 - mmengine - INFO - Iter(train) [155000/160000]  lr: 3.5854e-03  eta: 0:31:29  time: 0.3779  data_time: 0.0279  memory: 9886  loss: 0.9929  decode.loss_ohem: 0.7293  decode.acc_seg: 93.4910  aux_0.loss_ce: 0.2636  aux_0.acc_seg: 89.7039
2026/07/25 23:00:38 - mmengine - INFO - Saving checkpoint at 155000 iterations
2026/07/25 23:00:43 - mmengine - INFO - Iter(val) [100/250]    eta: 0:00:07  time: 0.0472  data_time: 0.0094  memory: 729  
2026/07/25 23:00:48 - mmengine - INFO - Iter(val) [200/250]    eta: 0:00:02  time: 0.0479  data_time: 0.0098  memory: 729  
2026/07/25 23:00:50 - mmengine - INFO - per class results:
2026/07/25 23:00:50 - mmengine - INFO - 
+---------------+-------+-------+
|     Class     |  IoU  |  Acc  |
+---------------+-------+-------+
|      road     |  97.6 | 98.22 |
|    sidewalk   | 81.98 | 92.38 |
|    building   | 91.51 | 96.02 |
|      wall     | 57.66 | 68.01 |
|     fence     | 57.21 |  66.9 |
|      pole     | 61.51 | 72.25 |
| traffic light | 61.69 | 73.39 |
|  traffic sign |  71.6 | 81.16 |
|   vegetation  | 91.63 | 96.34 |
|    terrain    | 63.05 | 77.11 |
|      sky      | 94.08 | 96.77 |
|     person    | 78.07 | 90.21 |
|     rider     | 56.76 | 69.86 |
|      car      | 94.05 | 97.53 |
|     truck     | 78.71 |  87.8 |
|      bus      | 83.29 |  92.3 |
|     train     | 67.04 | 71.67 |
|   motorcycle  | 53.84 |  70.4 |
|    bicycle    |  72.3 | 85.27 |
+---------------+-------+-------+
2026/07/25 23:00:50 - mmengine - INFO - Iter(val) [250/250]    aAcc: 95.4400  mIoU: 74.4000  mAcc: 83.3500  data_time: 0.0109  time: 0.0484
2026/07/25 23:00:50 - mmengine - INFO - The previous best checkpoint /root/autodl-tmp/DSANet-main/tools/work_dirs/dsanet_cityscapes_512x1024/best_mIoU_iter_150000.pth is removed
2026/07/25 23:00:51 - mmengine - INFO - The best checkpoint with 74.4000 mIoU at 155000 iter is saved to best_mIoU_iter_155000.pth.
2026/07/25 23:01:29 - mmengine - INFO - Iter(train) [155100/160000]  lr: 3.5209e-03  eta: 0:30:51  time: 0.3760  data_time: 0.0278  memory: 9886  loss: 0.9703  decode.loss_ohem: 0.7040  decode.acc_seg: 94.6963  aux_0.loss_ce: 0.2663  aux_0.acc_seg: 88.3645
2026/07/25 23:02:07 - mmengine - INFO - Iter(train) [155200/160000]  lr: 3.4564e-03  eta: 0:30:13  time: 0.3782  data_time: 0.0284  memory: 9887  loss: 0.9766  decode.loss_ohem: 0.7029  decode.acc_seg: 94.7031  aux_0.loss_ce: 0.2737  aux_0.acc_seg: 90.4969
2026/07/25 23:02:44 - mmengine - INFO - Iter(train) [155300/160000]  lr: 3.3917e-03  eta: 0:29:35  time: 0.3788  data_time: 0.0293  memory: 9886  loss: 0.9164  decode.loss_ohem: 0.6611  decode.acc_seg: 94.5931  aux_0.loss_ce: 0.2553  aux_0.acc_seg: 89.9851
2026/07/25 23:03:22 - mmengine - INFO - Iter(train) [155400/160000]  lr: 3.3269e-03  eta: 0:28:58  time: 0.3765  data_time: 0.0281  memory: 9887  loss: 0.8774  decode.loss_ohem: 0.6271  decode.acc_seg: 94.1647  aux_0.loss_ce: 0.2503  aux_0.acc_seg: 91.5383
2026/07/25 23:04:00 - mmengine - INFO - Iter(train) [155500/160000]  lr: 3.2619e-03  eta: 0:28:20  time: 0.3768  data_time: 0.0280  memory: 9886  loss: 0.9564  decode.loss_ohem: 0.6946  decode.acc_seg: 95.0052  aux_0.loss_ce: 0.2617  aux_0.acc_seg: 90.3413
2026/07/25 23:04:38 - mmengine - INFO - Iter(train) [155600/160000]  lr: 3.1968e-03  eta: 0:27:42  time: 0.3798  data_time: 0.0294  memory: 9887  loss: 0.9257  decode.loss_ohem: 0.6671  decode.acc_seg: 95.4880  aux_0.loss_ce: 0.2586  aux_0.acc_seg: 89.5266
2026/07/25 23:05:15 - mmengine - INFO - Iter(train) [155700/160000]  lr: 3.1315e-03  eta: 0:27:04  time: 0.3776  data_time: 0.0282  memory: 9886  loss: 0.9503  decode.loss_ohem: 0.6810  decode.acc_seg: 94.5323  aux_0.loss_ce: 0.2693  aux_0.acc_seg: 89.7763
2026/07/25 23:05:53 - mmengine - INFO - Iter(train) [155800/160000]  lr: 3.0661e-03  eta: 0:26:27  time: 0.3755  data_time: 0.0274  memory: 9885  loss: 0.8902  decode.loss_ohem: 0.6536  decode.acc_seg: 95.1815  aux_0.loss_ce: 0.2366  aux_0.acc_seg: 92.1509
2026/07/25 23:06:31 - mmengine - INFO - Iter(train) [155900/160000]  lr: 3.0006e-03  eta: 0:25:49  time: 0.3758  data_time: 0.0269  memory: 9885  loss: 0.9586  decode.loss_ohem: 0.6918  decode.acc_seg: 94.5564  aux_0.loss_ce: 0.2668  aux_0.acc_seg: 90.3245
2026/07/25 23:07:08 - mmengine - INFO - Exp name: dsanet_cityscapes_512x1024_20260725_063741
2026/07/25 23:07:08 - mmengine - INFO - Iter(train) [156000/160000]  lr: 2.9348e-03  eta: 0:25:11  time: 0.3761  data_time: 0.0277  memory: 9885  loss: 0.9661  decode.loss_ohem: 0.6968  decode.acc_seg: 93.2924  aux_0.loss_ce: 0.2693  aux_0.acc_seg: 86.0385
2026/07/25 23:07:46 - mmengine - INFO - Iter(train) [156100/160000]  lr: 2.8689e-03  eta: 0:24:33  time: 0.3774  data_time: 0.0279  memory: 9886  loss: 0.9223  decode.loss_ohem: 0.6522  decode.acc_seg: 94.9725  aux_0.loss_ce: 0.2701  aux_0.acc_seg: 89.3638
2026/07/25 23:08:24 - mmengine - INFO - Iter(train) [156200/160000]  lr: 2.8029e-03  eta: 0:23:55  time: 0.3771  data_time: 0.0280  memory: 9885  loss: 0.9080  decode.loss_ohem: 0.6584  decode.acc_seg: 94.6263  aux_0.loss_ce: 0.2497  aux_0.acc_seg: 89.7809
2026/07/25 23:09:02 - mmengine - INFO - Iter(train) [156300/160000]  lr: 2.7366e-03  eta: 0:23:18  time: 0.3775  data_time: 0.0284  memory: 9885  loss: 1.0405  decode.loss_ohem: 0.7442  decode.acc_seg: 94.6747  aux_0.loss_ce: 0.2963  aux_0.acc_seg: 92.0832
2026/07/25 23:09:39 - mmengine - INFO - Iter(train) [156400/160000]  lr: 2.6702e-03  eta: 0:22:40  time: 0.3757  data_time: 0.0271  memory: 9886  loss: 0.8877  decode.loss_ohem: 0.6474  decode.acc_seg: 95.8064  aux_0.loss_ce: 0.2403  aux_0.acc_seg: 91.5543
2026/07/25 23:10:17 - mmengine - INFO - Iter(train) [156500/160000]  lr: 2.6036e-03  eta: 0:22:02  time: 0.3757  data_time: 0.0272  memory: 9885  loss: 0.9253  decode.loss_ohem: 0.6680  decode.acc_seg: 92.9053  aux_0.loss_ce: 0.2574  aux_0.acc_seg: 88.4427
2026/07/25 23:10:55 - mmengine - INFO - Iter(train) [156600/160000]  lr: 2.5368e-03  eta: 0:21:24  time: 0.3762  data_time: 0.0274  memory: 9886  loss: 0.9739  decode.loss_ohem: 0.6834  decode.acc_seg: 92.4554  aux_0.loss_ce: 0.2905  aux_0.acc_seg: 84.4233
2026/07/25 23:11:32 - mmengine - INFO - Iter(train) [156700/160000]  lr: 2.4699e-03  eta: 0:20:46  time: 0.3743  data_time: 0.0269  memory: 9887  loss: 0.9350  decode.loss_ohem: 0.6730  decode.acc_seg: 95.4622  aux_0.loss_ce: 0.2620  aux_0.acc_seg: 91.8383
2026/07/25 23:12:10 - mmengine - INFO - Iter(train) [156800/160000]  lr: 2.4027e-03  eta: 0:20:09  time: 0.3764  data_time: 0.0277  memory: 9886  loss: 0.9140  decode.loss_ohem: 0.6871  decode.acc_seg: 94.1520  aux_0.loss_ce: 0.2269  aux_0.acc_seg: 88.9081
2026/07/25 23:12:47 - mmengine - INFO - Iter(train) [156900/160000]  lr: 2.3353e-03  eta: 0:19:31  time: 0.3758  data_time: 0.0273  memory: 9885  loss: 1.0092  decode.loss_ohem: 0.7347  decode.acc_seg: 91.6341  aux_0.loss_ce: 0.2746  aux_0.acc_seg: 87.3259
2026/07/25 23:13:25 - mmengine - INFO - Exp name: dsanet_cityscapes_512x1024_20260725_063741
2026/07/25 23:13:25 - mmengine - INFO - Iter(train) [157000/160000]  lr: 2.2676e-03  eta: 0:18:53  time: 0.3769  data_time: 0.0280  memory: 9886  loss: 0.9156  decode.loss_ohem: 0.6796  decode.acc_seg: 96.0089  aux_0.loss_ce: 0.2360  aux_0.acc_seg: 91.2762
2026/07/25 23:14:03 - mmengine - INFO - Iter(train) [157100/160000]  lr: 2.1998e-03  eta: 0:18:15  time: 0.3743  data_time: 0.0262  memory: 9886  loss: 0.9280  decode.loss_ohem: 0.6792  decode.acc_seg: 94.6506  aux_0.loss_ce: 0.2488  aux_0.acc_seg: 87.3070
2026/07/25 23:14:40 - mmengine - INFO - Iter(train) [157200/160000]  lr: 2.1317e-03  eta: 0:17:37  time: 0.3767  data_time: 0.0285  memory: 9886  loss: 0.9496  decode.loss_ohem: 0.6807  decode.acc_seg: 94.0777  aux_0.loss_ce: 0.2689  aux_0.acc_seg: 87.8774
2026/07/25 23:15:18 - mmengine - INFO - Iter(train) [157300/160000]  lr: 2.0634e-03  eta: 0:17:00  time: 0.3755  data_time: 0.0274  memory: 9886  loss: 0.9173  decode.loss_ohem: 0.6724  decode.acc_seg: 94.1093  aux_0.loss_ce: 0.2448  aux_0.acc_seg: 89.8938
2026/07/25 23:15:55 - mmengine - INFO - Iter(train) [157400/160000]  lr: 1.9948e-03  eta: 0:16:22  time: 0.3737  data_time: 0.0263  memory: 9886  loss: 1.0059  decode.loss_ohem: 0.7337  decode.acc_seg: 94.6651  aux_0.loss_ce: 0.2722  aux_0.acc_seg: 92.0263
2026/07/25 23:16:33 - mmengine - INFO - Iter(train) [157500/160000]  lr: 1.9260e-03  eta: 0:15:44  time: 0.3746  data_time: 0.0266  memory: 9886  loss: 0.9766  decode.loss_ohem: 0.6842  decode.acc_seg: 95.2996  aux_0.loss_ce: 0.2923  aux_0.acc_seg: 91.3219
2026/07/25 23:17:10 - mmengine - INFO - Iter(train) [157600/160000]  lr: 1.8569e-03  eta: 0:15:06  time: 0.3759  data_time: 0.0267  memory: 9887  loss: 0.9200  decode.loss_ohem: 0.6574  decode.acc_seg: 92.9758  aux_0.loss_ce: 0.2626  aux_0.acc_seg: 89.9536
2026/07/25 23:17:48 - mmengine - INFO - Iter(train) [157700/160000]  lr: 1.7875e-03  eta: 0:14:29  time: 0.3765  data_time: 0.0278  memory: 9886  loss: 0.9772  decode.loss_ohem: 0.7025  decode.acc_seg: 93.9950  aux_0.loss_ce: 0.2747  aux_0.acc_seg: 89.2414
2026/07/25 23:18:26 - mmengine - INFO - Iter(train) [157800/160000]  lr: 1.7178e-03  eta: 0:13:51  time: 0.3761  data_time: 0.0271  memory: 9887  loss: 0.9633  decode.loss_ohem: 0.6764  decode.acc_seg: 94.6330  aux_0.loss_ce: 0.2869  aux_0.acc_seg: 90.2271
2026/07/25 23:19:03 - mmengine - INFO - Iter(train) [157900/160000]  lr: 1.6477e-03  eta: 0:13:13  time: 0.3785  data_time: 0.0278  memory: 9886  loss: 0.9003  decode.loss_ohem: 0.6457  decode.acc_seg: 94.4082  aux_0.loss_ce: 0.2546  aux_0.acc_seg: 91.5915
2026/07/25 23:19:41 - mmengine - INFO - Exp name: dsanet_cityscapes_512x1024_20260725_063741
2026/07/25 23:19:41 - mmengine - INFO - Iter(train) [158000/160000]  lr: 1.5774e-03  eta: 0:12:35  time: 0.3789  data_time: 0.0282  memory: 9886  loss: 0.9529  decode.loss_ohem: 0.6946  decode.acc_seg: 93.0346  aux_0.loss_ce: 0.2584  aux_0.acc_seg: 86.0289
2026/07/25 23:20:19 - mmengine - INFO - Iter(train) [158100/160000]  lr: 1.5067e-03  eta: 0:11:57  time: 0.3756  data_time: 0.0271  memory: 9887  loss: 0.9742  decode.loss_ohem: 0.7021  decode.acc_seg: 93.6261  aux_0.loss_ce: 0.2721  aux_0.acc_seg: 88.8559
2026/07/25 23:20:56 - mmengine - INFO - Iter(train) [158200/160000]  lr: 1.4356e-03  eta: 0:11:20  time: 0.3748  data_time: 0.0266  memory: 9885  loss: 0.9521  decode.loss_ohem: 0.7000  decode.acc_seg: 94.3321  aux_0.loss_ce: 0.2522  aux_0.acc_seg: 89.4074
2026/07/25 23:21:34 - mmengine - INFO - Iter(train) [158300/160000]  lr: 1.3641e-03  eta: 0:10:42  time: 0.3733  data_time: 0.0263  memory: 9885  loss: 0.9482  decode.loss_ohem: 0.6967  decode.acc_seg: 94.7874  aux_0.loss_ce: 0.2515  aux_0.acc_seg: 90.7401
2026/07/25 23:22:12 - mmengine - INFO - Iter(train) [158400/160000]  lr: 1.2922e-03  eta: 0:10:04  time: 0.3830  data_time: 0.0281  memory: 9885  loss: 0.9821  decode.loss_ohem: 0.7088  decode.acc_seg: 93.4923  aux_0.loss_ce: 0.2733  aux_0.acc_seg: 87.9433
2026/07/25 23:22:49 - mmengine - INFO - Iter(train) [158500/160000]  lr: 1.2198e-03  eta: 0:09:26  time: 0.3746  data_time: 0.0280  memory: 9885  loss: 0.9139  decode.loss_ohem: 0.6572  decode.acc_seg: 95.2096  aux_0.loss_ce: 0.2567  aux_0.acc_seg: 91.4911
2026/07/25 23:23:27 - mmengine - INFO - Iter(train) [158600/160000]  lr: 1.1470e-03  eta: 0:08:48  time: 0.3748  data_time: 0.0266  memory: 9886  loss: 1.0108  decode.loss_ohem: 0.7428  decode.acc_seg: 94.3535  aux_0.loss_ce: 0.2680  aux_0.acc_seg: 89.0783
2026/07/25 23:24:05 - mmengine - INFO - Iter(train) [158700/160000]  lr: 1.0736e-03  eta: 0:08:11  time: 0.3756  data_time: 0.0279  memory: 9886  loss: 0.9276  decode.loss_ohem: 0.6824  decode.acc_seg: 94.3334  aux_0.loss_ce: 0.2452  aux_0.acc_seg: 88.9282
2026/07/25 23:24:42 - mmengine - INFO - Iter(train) [158800/160000]  lr: 9.9971e-04  eta: 0:07:33  time: 0.3767  data_time: 0.0276  memory: 9885  loss: 1.0107  decode.loss_ohem: 0.7167  decode.acc_seg: 93.2038  aux_0.loss_ce: 0.2940  aux_0.acc_seg: 86.0035
2026/07/25 23:25:20 - mmengine - INFO - Iter(train) [158900/160000]  lr: 9.2517e-04  eta: 0:06:55  time: 0.3772  data_time: 0.0281  memory: 9885  loss: 0.9549  decode.loss_ohem: 0.6903  decode.acc_seg: 95.0583  aux_0.loss_ce: 0.2646  aux_0.acc_seg: 89.6666
2026/07/25 23:25:58 - mmengine - INFO - Exp name: dsanet_cityscapes_512x1024_20260725_063741
2026/07/25 23:25:58 - mmengine - INFO - Iter(train) [159000/160000]  lr: 8.4994e-04  eta: 0:06:17  time: 0.3763  data_time: 0.0278  memory: 9885  loss: 0.9707  decode.loss_ohem: 0.6966  decode.acc_seg: 94.6825  aux_0.loss_ce: 0.2742  aux_0.acc_seg: 92.5960
2026/07/25 23:26:35 - mmengine - INFO - Iter(train) [159100/160000]  lr: 7.7395e-04  eta: 0:05:40  time: 0.3766  data_time: 0.0276  memory: 9885  loss: 0.9822  decode.loss_ohem: 0.7229  decode.acc_seg: 95.9735  aux_0.loss_ce: 0.2593  aux_0.acc_seg: 92.9582
2026/07/25 23:27:13 - mmengine - INFO - Iter(train) [159200/160000]  lr: 6.9711e-04  eta: 0:05:02  time: 0.3768  data_time: 0.0275  memory: 9885  loss: 0.9518  decode.loss_ohem: 0.6845  decode.acc_seg: 93.6185  aux_0.loss_ce: 0.2672  aux_0.acc_seg: 90.4652
2026/07/25 23:27:51 - mmengine - INFO - Iter(train) [159300/160000]  lr: 6.1931e-04  eta: 0:04:24  time: 0.3761  data_time: 0.0273  memory: 9885  loss: 0.8952  decode.loss_ohem: 0.6660  decode.acc_seg: 94.8354  aux_0.loss_ce: 0.2292  aux_0.acc_seg: 87.8999
2026/07/25 23:28:28 - mmengine - INFO - Iter(train) [159400/160000]  lr: 5.4037e-04  eta: 0:03:46  time: 0.3757  data_time: 0.0276  memory: 9886  loss: 0.9331  decode.loss_ohem: 0.6771  decode.acc_seg: 94.4340  aux_0.loss_ce: 0.2559  aux_0.acc_seg: 91.4023
2026/07/25 23:29:06 - mmengine - INFO - Iter(train) [159500/160000]  lr: 4.6011e-04  eta: 0:03:08  time: 0.3764  data_time: 0.0283  memory: 9886  loss: 0.9581  decode.loss_ohem: 0.7073  decode.acc_seg: 95.2583  aux_0.loss_ce: 0.2508  aux_0.acc_seg: 89.5500
2026/07/25 23:29:44 - mmengine - INFO - Iter(train) [159600/160000]  lr: 3.7821e-04  eta: 0:02:31  time: 0.3773  data_time: 0.0290  memory: 9886  loss: 0.9465  decode.loss_ohem: 0.6971  decode.acc_seg: 94.0505  aux_0.loss_ce: 0.2495  aux_0.acc_seg: 88.2983
2026/07/25 23:30:21 - mmengine - INFO - Iter(train) [159700/160000]  lr: 2.9422e-04  eta: 0:01:53  time: 0.3760  data_time: 0.0279  memory: 9886  loss: 0.9126  decode.loss_ohem: 0.6618  decode.acc_seg: 95.3268  aux_0.loss_ce: 0.2509  aux_0.acc_seg: 90.2265
2026/07/25 23:30:59 - mmengine - INFO - Iter(train) [159800/160000]  lr: 2.0732e-04  eta: 0:01:15  time: 0.3755  data_time: 0.0272  memory: 9885  loss: 0.8741  decode.loss_ohem: 0.6531  decode.acc_seg: 95.1028  aux_0.loss_ce: 0.2210  aux_0.acc_seg: 91.9262
2026/07/25 23:31:36 - mmengine - INFO - Iter(train) [159900/160000]  lr: 1.1574e-04  eta: 0:00:37  time: 0.3765  data_time: 0.0281  memory: 9886  loss: 0.9216  decode.loss_ohem: 0.6767  decode.acc_seg: 94.1549  aux_0.loss_ce: 0.2449  aux_0.acc_seg: 93.0693
2026/07/25 23:32:14 - mmengine - INFO - Exp name: dsanet_cityscapes_512x1024_20260725_063741
2026/07/25 23:32:14 - mmengine - INFO - Iter(train) [160000/160000]  lr: 1.0000e-05  eta: 0:00:00  time: 0.3752  data_time: 0.0274  memory: 9886  loss: 0.9449  decode.loss_ohem: 0.6799  decode.acc_seg: 93.7895  aux_0.loss_ce: 0.2650  aux_0.acc_seg: 89.5080
2026/07/25 23:32:14 - mmengine - INFO - Saving checkpoint at 160000 iterations
2026/07/25 23:32:19 - mmengine - INFO - Iter(val) [100/250]    eta: 0:00:07  time: 0.0461  data_time: 0.0092  memory: 729  
2026/07/25 23:32:24 - mmengine - INFO - Iter(val) [200/250]    eta: 0:00:02  time: 0.0463  data_time: 0.0092  memory: 729  
2026/07/25 23:32:26 - mmengine - INFO - per class results:
2026/07/25 23:32:26 - mmengine - INFO - 
+---------------+-------+-------+
|     Class     |  IoU  |  Acc  |
+---------------+-------+-------+
|      road     | 97.99 | 98.71 |
|    sidewalk   | 83.56 | 92.28 |
|    building   | 91.78 | 96.12 |
|      wall     |  56.4 | 65.84 |
|     fence     | 58.82 |  71.0 |
|      pole     | 62.11 |  72.4 |
| traffic light | 62.52 |  73.7 |
|  traffic sign | 72.89 | 80.86 |
|   vegetation  | 91.87 | 96.56 |
|    terrain    | 61.22 | 68.67 |
|      sky      | 94.15 |  97.5 |
|     person    | 78.69 | 90.92 |
|     rider     | 57.47 | 70.88 |
|      car      | 94.09 | 97.51 |
|     truck     | 74.64 | 84.38 |
|      bus      | 84.27 | 89.63 |
|     train     |  72.3 | 84.77 |
|   motorcycle  | 56.68 | 68.52 |
|    bicycle    | 72.65 | 85.69 |
+---------------+-------+-------+
2026/07/25 23:32:26 - mmengine - INFO - Iter(val) [250/250]    aAcc: 95.6600  mIoU: 74.9500  mAcc: 83.4700  data_time: 0.0103  time: 0.0473
2026/07/25 23:32:26 - mmengine - INFO - The previous best checkpoint /root/autodl-tmp/DSANet-main/tools/work_dirs/dsanet_cityscapes_512x1024/best_mIoU_iter_155000.pth is removed
2026/07/25 23:32:27 - mmengine - INFO - The best checkpoint with 74.9500 mIoU at 160000 iter is saved to best_mIoU_iter_160000.pth.
