2026/07/26 10:56:28 - mmengine - INFO - 
------------------------------------------------------------
System environment:
    sys.platform: linux
    Python: 3.8.10 (default, Jun  4 2021, 15:09:15) [GCC 7.5.0]
    CUDA available: True
    MUSA available: False
    numpy_random_seed: 748979948
    GPU 0: NVIDIA GeForce RTX 3090
    CUDA_HOME: /usr/local/cuda
    NVCC: Cuda compilation tools, release 11.8, V11.8.89
    GCC: gcc (Ubuntu 9.4.0-1ubuntu1~20.04.1) 9.4.0
    PyTorch: 2.0.0+cu118
    PyTorch compiling details: PyTorch built with:
  - GCC 9.3
  - C++ Version: 201703
  - Intel(R) oneAPI Math Kernel Library Version 2022.2-Product Build 20220804 for Intel(R) 64 architecture applications
  - Intel(R) MKL-DNN v2.7.3 (Git Hash 6dbeffbae1f23cbbeae17adb7b5b13f1f37c080e)
  - OpenMP 201511 (a.k.a. OpenMP 4.5)
  - LAPACK is enabled (usually provided by MKL)
  - NNPACK is enabled
  - CPU capability usage: AVX2
  - CUDA Runtime 11.8
  - NVCC architecture flags: -gencode;arch=compute_37,code=sm_37;-gencode;arch=compute_50,code=sm_50;-gencode;arch=compute_60,code=sm_60;-gencode;arch=compute_70,code=sm_70;-gencode;arch=compute_75,code=sm_75;-gencode;arch=compute_80,code=sm_80;-gencode;arch=compute_86,code=sm_86;-gencode;arch=compute_90,code=sm_90
  - CuDNN 8.7
  - Magma 2.6.1
  - Build settings: BLAS_INFO=mkl, BUILD_TYPE=Release, CUDA_VERSION=11.8, CUDNN_VERSION=8.7.0, CXX_COMPILER=/opt/rh/devtoolset-9/root/usr/bin/c++, CXX_FLAGS= -D_GLIBCXX_USE_CXX11_ABI=0 -fabi-version=11 -Wno-deprecated -fvisibility-inlines-hidden -DUSE_PTHREADPOOL -DNDEBUG -DUSE_KINETO -DLIBKINETO_NOROCTRACER -DUSE_FBGEMM -DUSE_QNNPACK -DUSE_PYTORCH_QNNPACK -DUSE_XNNPACK -DSYMBOLICATE_MOBILE_DEBUG_HANDLE -O2 -fPIC -Wall -Wextra -Werror=return-type -Werror=non-virtual-dtor -Werror=bool-operation -Wnarrowing -Wno-missing-field-initializers -Wno-type-limits -Wno-array-bounds -Wno-unknown-pragmas -Wunused-local-typedefs -Wno-unused-parameter -Wno-unused-function -Wno-unused-result -Wno-strict-overflow -Wno-strict-aliasing -Wno-error=deprecated-declarations -Wno-stringop-overflow -Wno-psabi -Wno-error=pedantic -Wno-error=redundant-decls -Wno-error=old-style-cast -fdiagnostics-color=always -faligned-new -Wno-unused-but-set-variable -Wno-maybe-uninitialized -fno-math-errno -fno-trapping-math -Werror=format -Werror=cast-function-type -Wno-stringop-overflow, LAPACK_INFO=mkl, PERF_WITH_AVX=1, PERF_WITH_AVX2=1, PERF_WITH_AVX512=1, TORCH_DISABLE_GPU_ASSERTS=ON, TORCH_VERSION=2.0.0, USE_CUDA=ON, USE_CUDNN=ON, USE_EXCEPTION_PTR=1, USE_GFLAGS=OFF, USE_GLOG=OFF, USE_MKL=ON, USE_MKLDNN=ON, USE_MPI=OFF, USE_NCCL=1, USE_NNPACK=ON, USE_OPENMP=ON, USE_ROCM=OFF, 

    TorchVision: 0.15.1+cu118
    OpenCV: 4.13.0
    MMEngine: 0.10.7

Runtime environment:
    cudnn_benchmark: True
    mp_cfg: {'mp_start_method': 'fork', 'opencv_num_threads': 0}
    dist_cfg: {'backend': 'nccl'}
    seed: 748979948
    Distributed launcher: none
    Distributed training: False
    GPU number: 1
------------------------------------------------------------

2026/07/26 10:56:28 - mmengine - INFO - Config:
act_cfg = dict(type='GELU')
class_weight = [
    0.8373,
    0.918,
    0.866,
    1.0345,
    1.0166,
    0.9969,
    0.9754,
    1.0489,
    0.8786,
    1.0023,
    0.9539,
    0.9843,
    1.1116,
    0.9037,
    1.0865,
    1.0955,
    1.0865,
    1.1529,
    1.0507,
]
crop_size = (
    512,
    1024,
)
data_preprocessor = dict(
    bgr_to_rgb=True,
    mean=[
        123.675,
        116.28,
        103.53,
    ],
    pad_val=0,
    seg_pad_val=255,
    size=(
        512,
        1024,
    ),
    std=[
        58.395,
        57.12,
        57.375,
    ],
    type='SegDataPreProcessor')
data_root = '/root/autodl-tmp/cityscapes'
dataset_type = 'CityscapesDataset'
default_hooks = dict(
    checkpoint=dict(
        by_epoch=False,
        file_client_args=None,
        interval=5000,
        max_keep_ckpts=1,
        save_best='mIoU',
        save_optimizer=False,
        type='CheckpointHook'),
    logger=dict(interval=100, log_metric_by_epoch=False, type='LoggerHook'),
    param_scheduler=dict(type='ParamSchedulerHook'),
    sampler_seed=dict(type='DistSamplerSeedHook'),
    timer=dict(type='IterTimerHook'),
    visualization=dict(type='SegVisualizationHook'))
default_scope = 'mmseg'
env_cfg = dict(
    cudnn_benchmark=True,
    dist_cfg=dict(backend='nccl'),
    mp_cfg=dict(mp_start_method='fork', opencv_num_threads=0))
img_ratios = [
    0.5,
    0.75,
    1.0,
    1.25,
    1.5,
    1.75,
]
iters = 160000
launcher = 'none'
load_from = None
log_level = 'INFO'
log_processor = dict(by_epoch=False)
model = dict(
    auxiliary_head=[
        dict(
            align_corners=False,
            channels=32,
            concat_input=False,
            in_channels=64,
            in_index=0,
            loss_decode=dict(
                loss_weight=1.0, type='CrossEntropyLoss', use_sigmoid=False),
            norm_cfg=dict(requires_grad=True, type='BN'),
            num_classes=19,
            num_convs=1,
            sampler=dict(min_kept=10000, thresh=0.7, type='OHEMPixelSampler'),
            type='FCNHead'),
    ],
    backbone=dict(
        act_cfg=dict(type='GELU'),
        channels=(
            16,
            32,
            64,
            128,
        ),
        in_channels=3,
        init_cfg=None,
        norm_cfg=dict(requires_grad=True, type='BN'),
        type='DSANet'),
    data_preprocessor=dict(
        bgr_to_rgb=True,
        mean=[
            123.675,
            116.28,
            103.53,
        ],
        pad_val=0,
        seg_pad_val=255,
        size=(
            512,
            1024,
        ),
        std=[
            58.395,
            57.12,
            57.375,
        ],
        type='SegDataPreProcessor'),
    decode_head=dict(
        act_cfg=dict(type='GELU'),
        channels=32,
        in_channels=32,
        in_index=1,
        init_cfg=None,
        loss_decode=[
            dict(
                class_weight=[
                    0.8373,
                    0.918,
                    0.866,
                    1.0345,
                    1.0166,
                    0.9969,
                    0.9754,
                    1.0489,
                    0.8786,
                    1.0023,
                    0.9539,
                    0.9843,
                    1.1116,
                    0.9037,
                    1.0865,
                    1.0955,
                    1.0865,
                    1.1529,
                    1.0507,
                ],
                loss_weight=1.0,
                min_kept=131072,
                thres=0.9,
                type='OhemCrossEntropy'),
        ],
        loss_detail_weight=1.0,
        norm_cfg=dict(requires_grad=True, type='BN'),
        num_classes=19,
        type='OHEM_HEAD'),
    pretrained=None,
    test_cfg=dict(mode='whole'),
    train_cfg=dict(),
    type='EncoderDecoder')
norm_cfg = dict(requires_grad=True, type='BN')
num_classes = 19
optim_wrapper = dict(
    clip_grad=None,
    optimizer=dict(lr=0.08, momentum=0.9, type='SGD', weight_decay=0.0001),
    type='OptimWrapper')
optimizer = dict(lr=0.08, momentum=0.9, type='SGD', weight_decay=0.0001)
param_scheduler = [
    dict(
        begin=0,
        by_epoch=False,
        end=2000,
        end_factor=1.0,
        start_factor=0.0001,
        type='LinearLR'),
    dict(
        begin=2000,
        by_epoch=False,
        end=160000,
        eta_min=1e-05,
        power=0.9,
        type='PolyLR'),
]
resume = False
test_cfg = dict(type='TestLoop')
test_dataloader = dict(
    batch_size=1,
    dataset=dict(
        data_prefix=dict(
            img_path='leftImg8bit/val', seg_map_path='gtFine/val'),
        data_root='/root/autodl-tmp/cityscapes',
        pipeline=[
            dict(type='LoadImageFromFile'),
            dict(keep_ratio=True, scale=(
                2048,
                1024,
            ), type='Resize'),
            dict(reduce_zero_label=False, type='LoadAnnotations'),
            dict(type='PackSegInputs'),
        ],
        type='CityscapesDataset'),
    num_workers=4,
    persistent_workers=True,
    sampler=dict(shuffle=False, type='DefaultSampler'))
test_evaluator = dict(
    iou_metrics=[
        'mIoU',
    ], type='IoUMetric')
test_pipeline = [
    dict(type='LoadImageFromFile'),
    dict(keep_ratio=True, scale=(
        2048,
        1024,
    ), type='Resize'),
    dict(reduce_zero_label=False, type='LoadAnnotations'),
    dict(type='PackSegInputs'),
]
train_cfg = dict(
    max_iters=160000, type='IterBasedTrainLoop', val_interval=5000)
train_dataloader = dict(
    batch_size=16,
    dataset=dict(
        data_prefix=dict(
            img_path='leftImg8bit/train', seg_map_path='gtFine/train'),
        data_root='/root/autodl-tmp/cityscapes',
        pipeline=[
            dict(type='LoadImageFromFile'),
            dict(reduce_zero_label=False, type='LoadAnnotations'),
            dict(
                keep_ratio=True,
                ratio_range=(
                    0.5,
                    2.0,
                ),
                scale=(
                    2048,
                    1024,
                ),
                type='RandomResize'),
            dict(
                cat_max_ratio=0.75, crop_size=(
                    512,
                    1024,
                ), type='RandomCrop'),
            dict(prob=0.5, type='RandomFlip'),
            dict(type='PhotoMetricDistortion'),
            dict(type='PackSegInputs'),
        ],
        type='CityscapesDataset'),
    num_workers=8,
    persistent_workers=True,
    sampler=dict(shuffle=True, type='InfiniteSampler'))
train_pipeline = [
    dict(type='LoadImageFromFile'),
    dict(reduce_zero_label=False, type='LoadAnnotations'),
    dict(
        keep_ratio=True,
        ratio_range=(
            0.5,
            2.0,
        ),
        scale=(
            2048,
            1024,
        ),
        type='RandomResize'),
    dict(cat_max_ratio=0.75, crop_size=(
        512,
        1024,
    ), type='RandomCrop'),
    dict(prob=0.5, type='RandomFlip'),
    dict(type='PhotoMetricDistortion'),
    dict(type='PackSegInputs'),
]
tta_model = dict(type='SegTTAModel')
tta_pipeline = [
    dict(backend_args=None, type='LoadImageFromFile'),
    dict(
        transforms=[
            [
                dict(keep_ratio=True, scale_factor=0.5, type='Resize'),
                dict(keep_ratio=True, scale_factor=0.75, type='Resize'),
                dict(keep_ratio=True, scale_factor=1.0, type='Resize'),
                dict(keep_ratio=True, scale_factor=1.25, type='Resize'),
                dict(keep_ratio=True, scale_factor=1.5, type='Resize'),
                dict(keep_ratio=True, scale_factor=1.75, type='Resize'),
            ],
            [
                dict(direction='horizontal', prob=0.0, type='RandomFlip'),
                dict(direction='horizontal', prob=1.0, type='RandomFlip'),
            ],
            [
                dict(type='LoadAnnotations'),
            ],
            [
                dict(type='PackSegInputs'),
            ],
        ],
        type='TestTimeAug'),
]
val_cfg = dict(type='ValLoop')
val_dataloader = dict(
    batch_size=2,
    dataset=dict(
        data_prefix=dict(
            img_path='leftImg8bit/val', seg_map_path='gtFine/val'),
        data_root='/root/autodl-tmp/cityscapes',
        pipeline=[
            dict(type='LoadImageFromFile'),
            dict(keep_ratio=True, scale=(
                2048,
                1024,
            ), type='Resize'),
            dict(reduce_zero_label=False, type='LoadAnnotations'),
            dict(type='PackSegInputs'),
        ],
        type='CityscapesDataset'),
    num_workers=4,
    persistent_workers=True,
    sampler=dict(shuffle=False, type='DefaultSampler'))
val_evaluator = dict(
    iou_metrics=[
        'mIoU',
    ], type='IoUMetric')
val_iters = 5000
val_pipeline = [
    dict(type='LoadImageFromFile'),
    dict(keep_ratio=True, scale=(
        2048,
        1024,
    ), type='Resize'),
    dict(reduce_zero_label=False, type='LoadAnnotations'),
    dict(type='PackSegInputs'),
]
vis_backends = [
    dict(type='LocalVisBackend'),
]
visualizer = dict(
    name='visualizer',
    type='SegLocalVisualizer',
    vis_backends=[
        dict(type='LocalVisBackend'),
    ])
warmup_iters = 2000
work_dir = './work_dirs/dsanet_cityscapes_512x1024'

2026/07/26 10:56:30 - mmengine - INFO - Distributed training is not used, all SyncBatchNorm (SyncBN) layers in the model will be automatically reverted to BatchNormXd layers if they are used.
2026/07/26 10:56:30 - mmengine - INFO - Hooks will be executed in the following order:
before_run:
(VERY_HIGH   ) RuntimeInfoHook                    
(BELOW_NORMAL) LoggerHook                         
 -------------------- 
before_train:
(VERY_HIGH   ) RuntimeInfoHook                    
(NORMAL      ) IterTimerHook                      
(VERY_LOW    ) CheckpointHook                     
 -------------------- 
before_train_epoch:
(VERY_HIGH   ) RuntimeInfoHook                    
(NORMAL      ) IterTimerHook                      
(NORMAL      ) DistSamplerSeedHook                
 -------------------- 
before_train_iter:
(VERY_HIGH   ) RuntimeInfoHook                    
(NORMAL      ) IterTimerHook                      
 -------------------- 
after_train_iter:
(VERY_HIGH   ) RuntimeInfoHook                    
(NORMAL      ) IterTimerHook                      
(BELOW_NORMAL) LoggerHook                         
(LOW         ) ParamSchedulerHook                 
(VERY_LOW    ) CheckpointHook                     
 -------------------- 
after_train_epoch:
(NORMAL      ) IterTimerHook                      
(LOW         ) ParamSchedulerHook                 
(VERY_LOW    ) CheckpointHook                     
 -------------------- 
before_val:
(VERY_HIGH   ) RuntimeInfoHook                    
 -------------------- 
before_val_epoch:
(NORMAL      ) IterTimerHook                      
 -------------------- 
before_val_iter:
(NORMAL      ) IterTimerHook                      
 -------------------- 
after_val_iter:
(NORMAL      ) IterTimerHook                      
(NORMAL      ) SegVisualizationHook               
(BELOW_NORMAL) LoggerHook                         
 -------------------- 
after_val_epoch:
(VERY_HIGH   ) RuntimeInfoHook                    
(NORMAL      ) IterTimerHook                      
(BELOW_NORMAL) LoggerHook                         
(LOW         ) ParamSchedulerHook                 
(VERY_LOW    ) CheckpointHook                     
 -------------------- 
after_val:
(VERY_HIGH   ) RuntimeInfoHook                    
 -------------------- 
after_train:
(VERY_HIGH   ) RuntimeInfoHook                    
(VERY_LOW    ) CheckpointHook                     
 -------------------- 
before_test:
(VERY_HIGH   ) RuntimeInfoHook                    
 -------------------- 
before_test_epoch:
(NORMAL      ) IterTimerHook                      
 -------------------- 
before_test_iter:
(NORMAL      ) IterTimerHook                      
 -------------------- 
after_test_iter:
(NORMAL      ) IterTimerHook                      
(NORMAL      ) SegVisualizationHook               
(BELOW_NORMAL) LoggerHook                         
 -------------------- 
after_test_epoch:
(VERY_HIGH   ) RuntimeInfoHook                    
(NORMAL      ) IterTimerHook                      
(BELOW_NORMAL) LoggerHook                         
 -------------------- 
after_test:
(VERY_HIGH   ) RuntimeInfoHook                    
 -------------------- 
after_run:
(BELOW_NORMAL) LoggerHook                         
 -------------------- 
2026/07/26 10:56:30 - mmengine - WARNING - The prefix is not set in metric class IoUMetric.
Name of parameter - Initialization information

backbone.cnn_stem.0.conv.weight - torch.Size([16, 3, 3, 3]): 
Initialized by user-defined `init_weights` in DSANet  

backbone.cnn_stem.0.bn.weight - torch.Size([16]): 
The value is the same before and after calling `init_weights` of EncoderDecoder  

backbone.cnn_stem.0.bn.bias - torch.Size([16]): 
The value is the same before and after calling `init_weights` of EncoderDecoder  

backbone.cnn_stem.1.conv.weight - torch.Size([16, 16, 1, 1]): 
Initialized by user-defined `init_weights` in DSANet  

backbone.cnn_stem.1.bn.weight - torch.Size([16]): 
The value is the same before and after calling `init_weights` of EncoderDecoder  

backbone.cnn_stem.1.bn.bias - torch.Size([16]): 
The value is the same before and after calling `init_weights` of EncoderDecoder  

backbone.cnn_stem.2.conv.weight - torch.Size([16, 16, 1, 1]): 
Initialized by user-defined `init_weights` in DSANet  

backbone.cnn_stem.2.bn.weight - torch.Size([16]): 
The value is the same before and after calling `init_weights` of EncoderDecoder  

backbone.cnn_stem.2.bn.bias - torch.Size([16]): 
The value is the same before and after calling `init_weights` of EncoderDecoder  

backbone.downsample_layer.0.conv3x3.conv.weight - torch.Size([16, 16, 3, 3]): 
Initialized by user-defined `init_weights` in DSANet  

backbone.downsample_layer.0.conv3x3out.conv.weight - torch.Size([32, 32, 3, 3]): 
Initialized by user-defined `init_weights` in DSANet  

backbone.downsample_layer.0.conv3x3out.bn.weight - torch.Size([32]): 
The value is the same before and after calling `init_weights` of EncoderDecoder  

backbone.downsample_layer.0.conv3x3out.bn.bias - torch.Size([32]): 
The value is the same before and after calling `init_weights` of EncoderDecoder  

backbone.downsample_layer.1.conv3x3.conv.weight - torch.Size([32, 32, 3, 3]): 
Initialized by user-defined `init_weights` in DSANet  

backbone.downsample_layer.1.conv3x3out.conv.weight - torch.Size([64, 64, 3, 3]): 
Initialized by user-defined `init_weights` in DSANet  

backbone.downsample_layer.1.conv3x3out.bn.weight - torch.Size([64]): 
The value is the same before and after calling `init_weights` of EncoderDecoder  

backbone.downsample_layer.1.conv3x3out.bn.bias - torch.Size([64]): 
The value is the same before and after calling `init_weights` of EncoderDecoder  

backbone.downsample_layer.2.conv3x3.conv.weight - torch.Size([64, 64, 3, 3]): 
Initialized by user-defined `init_weights` in DSANet  

backbone.downsample_layer.2.conv3x3out.conv.weight - torch.Size([128, 128, 3, 3]): 
Initialized by user-defined `init_weights` in DSANet  

backbone.downsample_layer.2.conv3x3out.bn.weight - torch.Size([128]): 
The value is the same before and after calling `init_weights` of EncoderDecoder  

backbone.downsample_layer.2.conv3x3out.bn.bias - torch.Size([128]): 
The value is the same before and after calling `init_weights` of EncoderDecoder  

backbone.LACB_layers1.0.aggregate_conv.conv.weight - torch.Size([32, 1, 3, 3]): 
Initialized by user-defined `init_weights` in DSANet  

backbone.LACB_layers1.0.aggregate_conv.bn.weight - torch.Size([32]): 
The value is the same before and after calling `init_weights` of EncoderDecoder  

backbone.LACB_layers1.0.aggregate_conv.bn.bias - torch.Size([32]): 
The value is the same before and after calling `init_weights` of EncoderDecoder  

backbone.LACB_layers1.0.conv3x3.conv.weight - torch.Size([32, 16, 3, 3]): 
Initialized by user-defined `init_weights` in DSANet  

backbone.LACB_layers1.0.conv3x3.bn.weight - torch.Size([32]): 
The value is the same before and after calling `init_weights` of EncoderDecoder  

backbone.LACB_layers1.0.conv3x3.bn.bias - torch.Size([32]): 
The value is the same before and after calling `init_weights` of EncoderDecoder  

backbone.LACB_layers1.0.pwconv.conv.weight - torch.Size([32, 32, 1, 1]): 
Initialized by user-defined `init_weights` in DSANet  

backbone.LACB_layers1.0.pwconv.bn.weight - torch.Size([32]): 
The value is the same before and after calling `init_weights` of EncoderDecoder  

backbone.LACB_layers1.0.pwconv.bn.bias - torch.Size([32]): 
The value is the same before and after calling `init_weights` of EncoderDecoder  

backbone.LACB_layers1.1.aggregate_conv.conv.weight - torch.Size([32, 1, 5, 5]): 
Initialized by user-defined `init_weights` in DSANet  

backbone.LACB_layers1.1.aggregate_conv.bn.weight - torch.Size([32]): 
The value is the same before and after calling `init_weights` of EncoderDecoder  

backbone.LACB_layers1.1.aggregate_conv.bn.bias - torch.Size([32]): 
The value is the same before and after calling `init_weights` of EncoderDecoder  

backbone.LACB_layers1.1.conv3x3.conv.weight - torch.Size([32, 16, 3, 3]): 
Initialized by user-defined `init_weights` in DSANet  

backbone.LACB_layers1.1.conv3x3.bn.weight - torch.Size([32]): 
The value is the same before and after calling `init_weights` of EncoderDecoder  

backbone.LACB_layers1.1.conv3x3.bn.bias - torch.Size([32]): 
The value is the same before and after calling `init_weights` of EncoderDecoder  

backbone.LACB_layers1.1.pwconv.conv.weight - torch.Size([32, 32, 1, 1]): 
Initialized by user-defined `init_weights` in DSANet  

backbone.LACB_layers1.1.pwconv.bn.weight - torch.Size([32]): 
The value is the same before and after calling `init_weights` of EncoderDecoder  

backbone.LACB_layers1.1.pwconv.bn.bias - torch.Size([32]): 
The value is the same before and after calling `init_weights` of EncoderDecoder  

backbone.LACB_layers1.2.aggregate_conv.conv.weight - torch.Size([32, 1, 7, 7]): 
Initialized by user-defined `init_weights` in DSANet  

backbone.LACB_layers1.2.aggregate_conv.bn.weight - torch.Size([32]): 
The value is the same before and after calling `init_weights` of EncoderDecoder  

backbone.LACB_layers1.2.aggregate_conv.bn.bias - torch.Size([32]): 
The value is the same before and after calling `init_weights` of EncoderDecoder  

backbone.LACB_layers1.2.conv3x3.conv.weight - torch.Size([32, 16, 3, 3]): 
Initialized by user-defined `init_weights` in DSANet  

backbone.LACB_layers1.2.conv3x3.bn.weight - torch.Size([32]): 
The value is the same before and after calling `init_weights` of EncoderDecoder  

backbone.LACB_layers1.2.conv3x3.bn.bias - torch.Size([32]): 
The value is the same before and after calling `init_weights` of EncoderDecoder  

backbone.LACB_layers1.2.pwconv.conv.weight - torch.Size([32, 32, 1, 1]): 
Initialized by user-defined `init_weights` in DSANet  

backbone.LACB_layers1.2.pwconv.bn.weight - torch.Size([32]): 
The value is the same before and after calling `init_weights` of EncoderDecoder  

backbone.LACB_layers1.2.pwconv.bn.bias - torch.Size([32]): 
The value is the same before and after calling `init_weights` of EncoderDecoder  

backbone.LACB_layers2.0.aggregate_conv.conv.weight - torch.Size([64, 1, 3, 3]): 
Initialized by user-defined `init_weights` in DSANet  

backbone.LACB_layers2.0.aggregate_conv.bn.weight - torch.Size([64]): 
The value is the same before and after calling `init_weights` of EncoderDecoder  

backbone.LACB_layers2.0.aggregate_conv.bn.bias - torch.Size([64]): 
The value is the same before and after calling `init_weights` of EncoderDecoder  

backbone.LACB_layers2.0.conv3x3.conv.weight - torch.Size([64, 32, 3, 3]): 
Initialized by user-defined `init_weights` in DSANet  

backbone.LACB_layers2.0.conv3x3.bn.weight - torch.Size([64]): 
The value is the same before and after calling `init_weights` of EncoderDecoder  

backbone.LACB_layers2.0.conv3x3.bn.bias - torch.Size([64]): 
The value is the same before and after calling `init_weights` of EncoderDecoder  

backbone.LACB_layers2.0.pwconv.conv.weight - torch.Size([64, 64, 1, 1]): 
Initialized by user-defined `init_weights` in DSANet  

backbone.LACB_layers2.0.pwconv.bn.weight - torch.Size([64]): 
The value is the same before and after calling `init_weights` of EncoderDecoder  

backbone.LACB_layers2.0.pwconv.bn.bias - torch.Size([64]): 
The value is the same before and after calling `init_weights` of EncoderDecoder  

backbone.LACB_layers2.1.aggregate_conv.conv.weight - torch.Size([64, 1, 5, 5]): 
Initialized by user-defined `init_weights` in DSANet  

backbone.LACB_layers2.1.aggregate_conv.bn.weight - torch.Size([64]): 
The value is the same before and after calling `init_weights` of EncoderDecoder  

backbone.LACB_layers2.1.aggregate_conv.bn.bias - torch.Size([64]): 
The value is the same before and after calling `init_weights` of EncoderDecoder  

backbone.LACB_layers2.1.conv3x3.conv.weight - torch.Size([64, 32, 3, 3]): 
Initialized by user-defined `init_weights` in DSANet  

backbone.LACB_layers2.1.conv3x3.bn.weight - torch.Size([64]): 
The value is the same before and after calling `init_weights` of EncoderDecoder  

backbone.LACB_layers2.1.conv3x3.bn.bias - torch.Size([64]): 
The value is the same before and after calling `init_weights` of EncoderDecoder  

backbone.LACB_layers2.1.pwconv.conv.weight - torch.Size([64, 64, 1, 1]): 
Initialized by user-defined `init_weights` in DSANet  

backbone.LACB_layers2.1.pwconv.bn.weight - torch.Size([64]): 
The value is the same before and after calling `init_weights` of EncoderDecoder  

backbone.LACB_layers2.1.pwconv.bn.bias - torch.Size([64]): 
The value is the same before and after calling `init_weights` of EncoderDecoder  

backbone.LACB_layers2.2.aggregate_conv.conv.weight - torch.Size([64, 1, 7, 7]): 
Initialized by user-defined `init_weights` in DSANet  

backbone.LACB_layers2.2.aggregate_conv.bn.weight - torch.Size([64]): 
The value is the same before and after calling `init_weights` of EncoderDecoder  

backbone.LACB_layers2.2.aggregate_conv.bn.bias - torch.Size([64]): 
The value is the same before and after calling `init_weights` of EncoderDecoder  

backbone.LACB_layers2.2.conv3x3.conv.weight - torch.Size([64, 32, 3, 3]): 
Initialized by user-defined `init_weights` in DSANet  

backbone.LACB_layers2.2.conv3x3.bn.weight - torch.Size([64]): 
The value is the same before and after calling `init_weights` of EncoderDecoder  

backbone.LACB_layers2.2.conv3x3.bn.bias - torch.Size([64]): 
The value is the same before and after calling `init_weights` of EncoderDecoder  

backbone.LACB_layers2.2.pwconv.conv.weight - torch.Size([64, 64, 1, 1]): 
Initialized by user-defined `init_weights` in DSANet  

backbone.LACB_layers2.2.pwconv.bn.weight - torch.Size([64]): 
The value is the same before and after calling `init_weights` of EncoderDecoder  

backbone.LACB_layers2.2.pwconv.bn.bias - torch.Size([64]): 
The value is the same before and after calling `init_weights` of EncoderDecoder  

backbone.LACB_layers2.3.aggregate_conv.conv.weight - torch.Size([64, 1, 9, 9]): 
Initialized by user-defined `init_weights` in DSANet  

backbone.LACB_layers2.3.aggregate_conv.bn.weight - torch.Size([64]): 
The value is the same before and after calling `init_weights` of EncoderDecoder  

backbone.LACB_layers2.3.aggregate_conv.bn.bias - torch.Size([64]): 
The value is the same before and after calling `init_weights` of EncoderDecoder  

backbone.LACB_layers2.3.conv3x3.conv.weight - torch.Size([64, 32, 3, 3]): 
Initialized by user-defined `init_weights` in DSANet  

backbone.LACB_layers2.3.conv3x3.bn.weight - torch.Size([64]): 
The value is the same before and after calling `init_weights` of EncoderDecoder  

backbone.LACB_layers2.3.conv3x3.bn.bias - torch.Size([64]): 
The value is the same before and after calling `init_weights` of EncoderDecoder  

backbone.LACB_layers2.3.pwconv.conv.weight - torch.Size([64, 64, 1, 1]): 
Initialized by user-defined `init_weights` in DSANet  

backbone.LACB_layers2.3.pwconv.bn.weight - torch.Size([64]): 
The value is the same before and after calling `init_weights` of EncoderDecoder  

backbone.LACB_layers2.3.pwconv.bn.bias - torch.Size([64]): 
The value is the same before and after calling `init_weights` of EncoderDecoder  

backbone.LACB_layers2.4.aggregate_conv.conv.weight - torch.Size([64, 1, 11, 11]): 
Initialized by user-defined `init_weights` in DSANet  

backbone.LACB_layers2.4.aggregate_conv.bn.weight - torch.Size([64]): 
The value is the same before and after calling `init_weights` of EncoderDecoder  

backbone.LACB_layers2.4.aggregate_conv.bn.bias - torch.Size([64]): 
The value is the same before and after calling `init_weights` of EncoderDecoder  

backbone.LACB_layers2.4.conv3x3.conv.weight - torch.Size([64, 32, 3, 3]): 
Initialized by user-defined `init_weights` in DSANet  

backbone.LACB_layers2.4.conv3x3.bn.weight - torch.Size([64]): 
The value is the same before and after calling `init_weights` of EncoderDecoder  

backbone.LACB_layers2.4.conv3x3.bn.bias - torch.Size([64]): 
The value is the same before and after calling `init_weights` of EncoderDecoder  

backbone.LACB_layers2.4.pwconv.conv.weight - torch.Size([64, 64, 1, 1]): 
Initialized by user-defined `init_weights` in DSANet  

backbone.LACB_layers2.4.pwconv.bn.weight - torch.Size([64]): 
The value is the same before and after calling `init_weights` of EncoderDecoder  

backbone.LACB_layers2.4.pwconv.bn.bias - torch.Size([64]): 
The value is the same before and after calling `init_weights` of EncoderDecoder  

backbone.LACB_layers3.0.aggregate_conv.conv.weight - torch.Size([128, 1, 3, 3]): 
Initialized by user-defined `init_weights` in DSANet  

backbone.LACB_layers3.0.aggregate_conv.bn.weight - torch.Size([128]): 
The value is the same before and after calling `init_weights` of EncoderDecoder  

backbone.LACB_layers3.0.aggregate_conv.bn.bias - torch.Size([128]): 
The value is the same before and after calling `init_weights` of EncoderDecoder  

backbone.LACB_layers3.0.conv3x3.conv.weight - torch.Size([128, 64, 3, 3]): 
Initialized by user-defined `init_weights` in DSANet  

backbone.LACB_layers3.0.conv3x3.bn.weight - torch.Size([128]): 
The value is the same before and after calling `init_weights` of EncoderDecoder  

backbone.LACB_layers3.0.conv3x3.bn.bias - torch.Size([128]): 
The value is the same before and after calling `init_weights` of EncoderDecoder  

backbone.LACB_layers3.0.pwconv.conv.weight - torch.Size([128, 128, 1, 1]): 
Initialized by user-defined `init_weights` in DSANet  

backbone.LACB_layers3.0.pwconv.bn.weight - torch.Size([128]): 
The value is the same before and after calling `init_weights` of EncoderDecoder  

backbone.LACB_layers3.0.pwconv.bn.bias - torch.Size([128]): 
The value is the same before and after calling `init_weights` of EncoderDecoder  

backbone.LACB_layers3.1.aggregate_conv.conv.weight - torch.Size([128, 1, 5, 5]): 
Initialized by user-defined `init_weights` in DSANet  

backbone.LACB_layers3.1.aggregate_conv.bn.weight - torch.Size([128]): 
The value is the same before and after calling `init_weights` of EncoderDecoder  

backbone.LACB_layers3.1.aggregate_conv.bn.bias - torch.Size([128]): 
The value is the same before and after calling `init_weights` of EncoderDecoder  

backbone.LACB_layers3.1.conv3x3.conv.weight - torch.Size([128, 64, 3, 3]): 
Initialized by user-defined `init_weights` in DSANet  

backbone.LACB_layers3.1.conv3x3.bn.weight - torch.Size([128]): 
The value is the same before and after calling `init_weights` of EncoderDecoder  

backbone.LACB_layers3.1.conv3x3.bn.bias - torch.Size([128]): 
The value is the same before and after calling `init_weights` of EncoderDecoder  

backbone.LACB_layers3.1.pwconv.conv.weight - torch.Size([128, 128, 1, 1]): 
Initialized by user-defined `init_weights` in DSANet  

backbone.LACB_layers3.1.pwconv.bn.weight - torch.Size([128]): 
The value is the same before and after calling `init_weights` of EncoderDecoder  

backbone.LACB_layers3.1.pwconv.bn.bias - torch.Size([128]): 
The value is the same before and after calling `init_weights` of EncoderDecoder  

backbone.LACB_layers3.2.aggregate_conv.conv.weight - torch.Size([128, 1, 7, 7]): 
Initialized by user-defined `init_weights` in DSANet  

backbone.LACB_layers3.2.aggregate_conv.bn.weight - torch.Size([128]): 
The value is the same before and after calling `init_weights` of EncoderDecoder  

backbone.LACB_layers3.2.aggregate_conv.bn.bias - torch.Size([128]): 
The value is the same before and after calling `init_weights` of EncoderDecoder  

backbone.LACB_layers3.2.conv3x3.conv.weight - torch.Size([128, 64, 3, 3]): 
Initialized by user-defined `init_weights` in DSANet  

backbone.LACB_layers3.2.conv3x3.bn.weight - torch.Size([128]): 
The value is the same before and after calling `init_weights` of EncoderDecoder  

backbone.LACB_layers3.2.conv3x3.bn.bias - torch.Size([128]): 
The value is the same before and after calling `init_weights` of EncoderDecoder  

backbone.LACB_layers3.2.pwconv.conv.weight - torch.Size([128, 128, 1, 1]): 
Initialized by user-defined `init_weights` in DSANet  

backbone.LACB_layers3.2.pwconv.bn.weight - torch.Size([128]): 
The value is the same before and after calling `init_weights` of EncoderDecoder  

backbone.LACB_layers3.2.pwconv.bn.bias - torch.Size([128]): 
The value is the same before and after calling `init_weights` of EncoderDecoder  

backbone.LACB_layers3.3.aggregate_conv.conv.weight - torch.Size([128, 1, 9, 9]): 
Initialized by user-defined `init_weights` in DSANet  

backbone.LACB_layers3.3.aggregate_conv.bn.weight - torch.Size([128]): 
The value is the same before and after calling `init_weights` of EncoderDecoder  

backbone.LACB_layers3.3.aggregate_conv.bn.bias - torch.Size([128]): 
The value is the same before and after calling `init_weights` of EncoderDecoder  

backbone.LACB_layers3.3.conv3x3.conv.weight - torch.Size([128, 64, 3, 3]): 
Initialized by user-defined `init_weights` in DSANet  

backbone.LACB_layers3.3.conv3x3.bn.weight - torch.Size([128]): 
The value is the same before and after calling `init_weights` of EncoderDecoder  

backbone.LACB_layers3.3.conv3x3.bn.bias - torch.Size([128]): 
The value is the same before and after calling `init_weights` of EncoderDecoder  

backbone.LACB_layers3.3.pwconv.conv.weight - torch.Size([128, 128, 1, 1]): 
Initialized by user-defined `init_weights` in DSANet  

backbone.LACB_layers3.3.pwconv.bn.weight - torch.Size([128]): 
The value is the same before and after calling `init_weights` of EncoderDecoder  

backbone.LACB_layers3.3.pwconv.bn.bias - torch.Size([128]): 
The value is the same before and after calling `init_weights` of EncoderDecoder  

backbone.LACB_layers3.4.aggregate_conv.conv.weight - torch.Size([128, 1, 11, 11]): 
Initialized by user-defined `init_weights` in DSANet  

backbone.LACB_layers3.4.aggregate_conv.bn.weight - torch.Size([128]): 
The value is the same before and after calling `init_weights` of EncoderDecoder  

backbone.LACB_layers3.4.aggregate_conv.bn.bias - torch.Size([128]): 
The value is the same before and after calling `init_weights` of EncoderDecoder  

backbone.LACB_layers3.4.conv3x3.conv.weight - torch.Size([128, 64, 3, 3]): 
Initialized by user-defined `init_weights` in DSANet  

backbone.LACB_layers3.4.conv3x3.bn.weight - torch.Size([128]): 
The value is the same before and after calling `init_weights` of EncoderDecoder  

backbone.LACB_layers3.4.conv3x3.bn.bias - torch.Size([128]): 
The value is the same before and after calling `init_weights` of EncoderDecoder  

backbone.LACB_layers3.4.pwconv.conv.weight - torch.Size([128, 128, 1, 1]): 
Initialized by user-defined `init_weights` in DSANet  

backbone.LACB_layers3.4.pwconv.bn.weight - torch.Size([128]): 
The value is the same before and after calling `init_weights` of EncoderDecoder  

backbone.LACB_layers3.4.pwconv.bn.bias - torch.Size([128]): 
The value is the same before and after calling `init_weights` of EncoderDecoder  

backbone.LACB_layers3.5.aggregate_conv.conv.weight - torch.Size([128, 1, 13, 13]): 
Initialized by user-defined `init_weights` in DSANet  

backbone.LACB_layers3.5.aggregate_conv.bn.weight - torch.Size([128]): 
The value is the same before and after calling `init_weights` of EncoderDecoder  

backbone.LACB_layers3.5.aggregate_conv.bn.bias - torch.Size([128]): 
The value is the same before and after calling `init_weights` of EncoderDecoder  

backbone.LACB_layers3.5.conv3x3.conv.weight - torch.Size([128, 64, 3, 3]): 
Initialized by user-defined `init_weights` in DSANet  

backbone.LACB_layers3.5.conv3x3.bn.weight - torch.Size([128]): 
The value is the same before and after calling `init_weights` of EncoderDecoder  

backbone.LACB_layers3.5.conv3x3.bn.bias - torch.Size([128]): 
The value is the same before and after calling `init_weights` of EncoderDecoder  

backbone.LACB_layers3.5.pwconv.conv.weight - torch.Size([128, 128, 1, 1]): 
Initialized by user-defined `init_weights` in DSANet  

backbone.LACB_layers3.5.pwconv.bn.weight - torch.Size([128]): 
The value is the same before and after calling `init_weights` of EncoderDecoder  

backbone.LACB_layers3.5.pwconv.bn.bias - torch.Size([128]): 
The value is the same before and after calling `init_weights` of EncoderDecoder  

backbone.LACB_layers3.6.aggregate_conv.conv.weight - torch.Size([128, 1, 15, 15]): 
Initialized by user-defined `init_weights` in DSANet  

backbone.LACB_layers3.6.aggregate_conv.bn.weight - torch.Size([128]): 
The value is the same before and after calling `init_weights` of EncoderDecoder  

backbone.LACB_layers3.6.aggregate_conv.bn.bias - torch.Size([128]): 
The value is the same before and after calling `init_weights` of EncoderDecoder  

backbone.LACB_layers3.6.conv3x3.conv.weight - torch.Size([128, 64, 3, 3]): 
Initialized by user-defined `init_weights` in DSANet  

backbone.LACB_layers3.6.conv3x3.bn.weight - torch.Size([128]): 
The value is the same before and after calling `init_weights` of EncoderDecoder  

backbone.LACB_layers3.6.conv3x3.bn.bias - torch.Size([128]): 
The value is the same before and after calling `init_weights` of EncoderDecoder  

backbone.LACB_layers3.6.pwconv.conv.weight - torch.Size([128, 128, 1, 1]): 
Initialized by user-defined `init_weights` in DSANet  

backbone.LACB_layers3.6.pwconv.bn.weight - torch.Size([128]): 
The value is the same before and after calling `init_weights` of EncoderDecoder  

backbone.LACB_layers3.6.pwconv.bn.bias - torch.Size([128]): 
The value is the same before and after calling `init_weights` of EncoderDecoder  

backbone.DSFA.upconv_1.conv.weight - torch.Size([32, 64, 1, 1]): 
Initialized by user-defined `init_weights` in DSANet  

backbone.DSFA.upconv_1.bn.weight - torch.Size([32]): 
The value is the same before and after calling `init_weights` of EncoderDecoder  

backbone.DSFA.upconv_1.bn.bias - torch.Size([32]): 
The value is the same before and after calling `init_weights` of EncoderDecoder  

backbone.DSFA.upconv_2.conv.weight - torch.Size([32, 128, 1, 1]): 
Initialized by user-defined `init_weights` in DSANet  

backbone.DSFA.upconv_2.bn.weight - torch.Size([32]): 
The value is the same before and after calling `init_weights` of EncoderDecoder  

backbone.DSFA.upconv_2.bn.bias - torch.Size([32]): 
The value is the same before and after calling `init_weights` of EncoderDecoder  

backbone.DSFA.DAM.conv_h.weight - torch.Size([32, 1, 3, 3]): 
Initialized by user-defined `init_weights` in DSANet  

backbone.DSFA.DAM.conv_l.weight - torch.Size([32, 1, 3, 3]): 
Initialized by user-defined `init_weights` in DSANet  

backbone.DSFA.DAM.flow_make_detail.0.weight - torch.Size([128, 32, 1, 1]): 
Initialized by user-defined `init_weights` in DSANet  

backbone.DSFA.DAM.flow_make_detail.1.weight - torch.Size([128, 4, 3, 3]): 
Initialized by user-defined `init_weights` in DSANet  

backbone.DSFA.DAM.flow_gate.0.weight - torch.Size([1, 4, 3, 3]): 
Initialized by user-defined `init_weights` in DSANet  

backbone.DSFA.SAM.down_h.weight - torch.Size([32, 32, 1, 1]): 
Initialized by user-defined `init_weights` in DSANet  

backbone.DSFA.SAM.down_l.weight - torch.Size([32, 32, 1, 1]): 
Initialized by user-defined `init_weights` in DSANet  

backbone.DSFA.SAM.flow_make.weight - torch.Size([4, 64, 3, 3]): 
Initialized by user-defined `init_weights` in DSANet  

backbone.DSFA.SAM.flow_gate.0.weight - torch.Size([1, 4, 3, 3]): 
Initialized by user-defined `init_weights` in DSANet  

backbone.DSFA.out_conv.conv.weight - torch.Size([32, 96, 1, 1]): 
Initialized by user-defined `init_weights` in DSANet  

backbone.DSFA.out_conv.bn.weight - torch.Size([32]): 
The value is the same before and after calling `init_weights` of EncoderDecoder  

backbone.DSFA.out_conv.bn.bias - torch.Size([32]): 
The value is the same before and after calling `init_weights` of EncoderDecoder  

decode_head.conv_seg.weight - torch.Size([19, 32, 1, 1]): 
Initialized by user-defined `init_weights` in OHEM_HEAD  

decode_head.conv_seg.bias - torch.Size([19]): 
The value is the same before and after calling `init_weights` of EncoderDecoder  

decode_head.ohemhead.conv.conv.weight - torch.Size([32, 32, 3, 3]): 
Initialized by user-defined `init_weights` in OHEM_HEAD  

decode_head.ohemhead.conv.bn.weight - torch.Size([32]): 
The value is the same before and after calling `init_weights` of EncoderDecoder  

decode_head.ohemhead.conv.bn.bias - torch.Size([32]): 
The value is the same before and after calling `init_weights` of EncoderDecoder  

decode_head.ohemhead.norm.weight - torch.Size([32]): 
The value is the same before and after calling `init_weights` of EncoderDecoder  

decode_head.ohemhead.norm.bias - torch.Size([32]): 
The value is the same before and after calling `init_weights` of EncoderDecoder  

auxiliary_head.0.conv_seg.weight - torch.Size([19, 32, 1, 1]): 
The value is the same before and after calling `init_weights` of EncoderDecoder  

auxiliary_head.0.conv_seg.bias - torch.Size([19]): 
The value is the same before and after calling `init_weights` of EncoderDecoder  

auxiliary_head.0.convs.0.conv.weight - torch.Size([32, 64, 3, 3]): 
The value is the same before and after calling `init_weights` of EncoderDecoder  

auxiliary_head.0.convs.0.bn.weight - torch.Size([32]): 
The value is the same before and after calling `init_weights` of EncoderDecoder  

auxiliary_head.0.convs.0.bn.bias - torch.Size([32]): 
The value is the same before and after calling `init_weights` of EncoderDecoder  
2026/07/26 10:56:31 - mmengine - WARNING - "FileClient" will be deprecated in future. Please use io functions in https://mmengine.readthedocs.io/en/latest/api/fileio.html#file-io
2026/07/26 10:56:31 - mmengine - WARNING - "HardDiskBackend" is the alias of "LocalBackend" and the former will be deprecated in future.
2026/07/26 10:56:31 - mmengine - INFO - Checkpoints will be saved to /root/autodl-tmp/DSANet-main/tools/work_dirs/dsanet_cityscapes_512x1024.
2026/07/26 10:57:12 - mmengine - INFO - Iter(train) [   100/160000]  lr: 3.9696e-03  eta: 18:28:42  time: 0.3664  data_time: 0.0274  memory: 10163  loss: 3.5751  decode.loss_ohem: 1.8291  decode.acc_seg: 51.6726  aux_0.loss_ce: 1.7461  aux_0.acc_seg: 52.5725
2026/07/26 10:57:44 - mmengine - INFO - Exp name: dsanet_cityscapes_512x1024_20260726_105627
2026/07/26 10:57:49 - mmengine - INFO - Iter(train) [   200/160000]  lr: 7.9712e-03  eta: 17:26:48  time: 0.3754  data_time: 0.0268  memory: 10162  loss: 2.7392  decode.loss_ohem: 1.4418  decode.acc_seg: 60.0101  aux_0.loss_ce: 1.2975  aux_0.acc_seg: 59.2399
2026/07/26 10:58:27 - mmengine - INFO - Iter(train) [   300/160000]  lr: 1.1973e-02  eta: 17:13:05  time: 0.3802  data_time: 0.0271  memory: 10159  loss: 2.5387  decode.loss_ohem: 1.3179  decode.acc_seg: 70.1788  aux_0.loss_ce: 1.2209  aux_0.acc_seg: 69.5043
2026/07/26 10:59:05 - mmengine - INFO - Iter(train) [   400/160000]  lr: 1.5974e-02  eta: 17:07:08  time: 0.3800  data_time: 0.0274  memory: 10159  loss: 2.2969  decode.loss_ohem: 1.2277  decode.acc_seg: 70.4232  aux_0.loss_ce: 1.0692  aux_0.acc_seg: 67.4407
2026/07/26 10:59:43 - mmengine - INFO - Iter(train) [   500/160000]  lr: 1.9976e-02  eta: 17:03:11  time: 0.3786  data_time: 0.0268  memory: 10157  loss: 2.3505  decode.loss_ohem: 1.3042  decode.acc_seg: 68.5098  aux_0.loss_ce: 1.0462  aux_0.acc_seg: 63.9621
2026/07/26 11:00:21 - mmengine - INFO - Iter(train) [   600/160000]  lr: 2.3978e-02  eta: 17:00:31  time: 0.3819  data_time: 0.0281  memory: 10156  loss: 2.0478  decode.loss_ohem: 1.1324  decode.acc_seg: 65.9777  aux_0.loss_ce: 0.9154  aux_0.acc_seg: 61.7924
2026/07/26 11:00:59 - mmengine - INFO - Iter(train) [   700/160000]  lr: 2.7979e-02  eta: 16:58:36  time: 0.3800  data_time: 0.0275  memory: 10158  loss: 2.0251  decode.loss_ohem: 1.1309  decode.acc_seg: 66.4750  aux_0.loss_ce: 0.8942  aux_0.acc_seg: 65.4897
2026/07/26 11:01:37 - mmengine - INFO - Iter(train) [   800/160000]  lr: 3.1981e-02  eta: 16:57:00  time: 0.3805  data_time: 0.0271  memory: 10158  loss: 1.9742  decode.loss_ohem: 1.0887  decode.acc_seg: 64.5076  aux_0.loss_ce: 0.8855  aux_0.acc_seg: 59.5326
2026/07/26 11:02:15 - mmengine - INFO - Iter(train) [   900/160000]  lr: 3.5982e-02  eta: 16:55:30  time: 0.3803  data_time: 0.0266  memory: 10158  loss: 1.9616  decode.loss_ohem: 1.1101  decode.acc_seg: 78.9057  aux_0.loss_ce: 0.8515  aux_0.acc_seg: 75.5713
2026/07/26 11:02:53 - mmengine - INFO - Exp name: dsanet_cityscapes_512x1024_20260726_105627
2026/07/26 11:02:53 - mmengine - INFO - Iter(train) [  1000/160000]  lr: 3.9984e-02  eta: 16:54:14  time: 0.3795  data_time: 0.0263  memory: 10155  loss: 1.7471  decode.loss_ohem: 0.9878  decode.acc_seg: 75.3274  aux_0.loss_ce: 0.7594  aux_0.acc_seg: 70.5791
2026/07/26 11:03:32 - mmengine - INFO - Iter(train) [  1100/160000]  lr: 4.3986e-02  eta: 16:53:25  time: 0.3811  data_time: 0.0272  memory: 10155  loss: 1.8871  decode.loss_ohem: 1.0973  decode.acc_seg: 84.9135  aux_0.loss_ce: 0.7897  aux_0.acc_seg: 79.5565
2026/07/26 11:04:10 - mmengine - INFO - Iter(train) [  1200/160000]  lr: 4.7987e-02  eta: 16:52:37  time: 0.3816  data_time: 0.0269  memory: 10156  loss: 1.8550  decode.loss_ohem: 1.0960  decode.acc_seg: 69.5269  aux_0.loss_ce: 0.7590  aux_0.acc_seg: 66.8205
2026/07/26 11:04:48 - mmengine - INFO - Iter(train) [  1300/160000]  lr: 5.1989e-02  eta: 16:51:46  time: 0.3814  data_time: 0.0270  memory: 10155  loss: 1.7387  decode.loss_ohem: 1.0081  decode.acc_seg: 79.4661  aux_0.loss_ce: 0.7306  aux_0.acc_seg: 76.6077
2026/07/26 11:05:26 - mmengine - INFO - Iter(train) [  1400/160000]  lr: 5.5990e-02  eta: 16:51:01  time: 0.3817  data_time: 0.0279  memory: 10154  loss: 1.7509  decode.loss_ohem: 1.0461  decode.acc_seg: 75.9958  aux_0.loss_ce: 0.7048  aux_0.acc_seg: 75.3539
2026/07/26 11:06:04 - mmengine - INFO - Iter(train) [  1500/160000]  lr: 5.9992e-02  eta: 16:50:11  time: 0.3823  data_time: 0.0270  memory: 10154  loss: 1.7295  decode.loss_ohem: 1.0125  decode.acc_seg: 80.9120  aux_0.loss_ce: 0.7170  aux_0.acc_seg: 76.4903
2026/07/26 11:06:43 - mmengine - INFO - Iter(train) [  1600/160000]  lr: 6.3994e-02  eta: 16:49:33  time: 0.3809  data_time: 0.0272  memory: 10155  loss: 1.6855  decode.loss_ohem: 1.0064  decode.acc_seg: 81.5363  aux_0.loss_ce: 0.6791  aux_0.acc_seg: 79.1924
2026/07/26 11:07:21 - mmengine - INFO - Iter(train) [  1700/160000]  lr: 6.7995e-02  eta: 16:48:50  time: 0.3831  data_time: 0.0275  memory: 10153  loss: 1.6652  decode.loss_ohem: 0.9942  decode.acc_seg: 77.6762  aux_0.loss_ce: 0.6710  aux_0.acc_seg: 72.7880
2026/07/26 11:07:59 - mmengine - INFO - Iter(train) [  1800/160000]  lr: 7.1997e-02  eta: 16:48:19  time: 0.3817  data_time: 0.0267  memory: 10154  loss: 1.7093  decode.loss_ohem: 1.0229  decode.acc_seg: 83.8480  aux_0.loss_ce: 0.6864  aux_0.acc_seg: 77.9117
2026/07/26 11:08:37 - mmengine - INFO - Iter(train) [  1900/160000]  lr: 7.5998e-02  eta: 16:47:39  time: 0.3825  data_time: 0.0270  memory: 10153  loss: 1.7466  decode.loss_ohem: 1.0514  decode.acc_seg: 83.5852  aux_0.loss_ce: 0.6952  aux_0.acc_seg: 78.8989
2026/07/26 11:09:15 - mmengine - INFO - Exp name: dsanet_cityscapes_512x1024_20260726_105627
2026/07/26 11:09:15 - mmengine - INFO - Iter(train) [  2000/160000]  lr: 8.0000e-02  eta: 16:46:59  time: 0.3811  data_time: 0.0260  memory: 10152  loss: 1.6305  decode.loss_ohem: 0.9501  decode.acc_seg: 82.8403  aux_0.loss_ce: 0.6804  aux_0.acc_seg: 77.4574
2026/07/26 11:09:54 - mmengine - INFO - Iter(train) [  2100/160000]  lr: 7.9955e-02  eta: 16:46:16  time: 0.3846  data_time: 0.0287  memory: 10153  loss: 1.6299  decode.loss_ohem: 0.9613  decode.acc_seg: 81.4682  aux_0.loss_ce: 0.6685  aux_0.acc_seg: 75.7091
2026/07/26 11:10:32 - mmengine - INFO - Iter(train) [  2200/160000]  lr: 7.9909e-02  eta: 16:45:48  time: 0.3832  data_time: 0.0273  memory: 10152  loss: 1.5794  decode.loss_ohem: 0.9321  decode.acc_seg: 77.8477  aux_0.loss_ce: 0.6473  aux_0.acc_seg: 73.5278
2026/07/26 11:11:10 - mmengine - INFO - Iter(train) [  2300/160000]  lr: 7.9864e-02  eta: 16:45:13  time: 0.3815  data_time: 0.0269  memory: 10151  loss: 1.6403  decode.loss_ohem: 0.9812  decode.acc_seg: 82.4795  aux_0.loss_ce: 0.6590  aux_0.acc_seg: 78.4347
2026/07/26 11:11:49 - mmengine - INFO - Iter(train) [  2400/160000]  lr: 7.9818e-02  eta: 16:44:33  time: 0.3808  data_time: 0.0267  memory: 10151  loss: 1.6447  decode.loss_ohem: 1.0044  decode.acc_seg: 72.4630  aux_0.loss_ce: 0.6403  aux_0.acc_seg: 62.6482
2026/07/26 11:12:27 - mmengine - INFO - Iter(train) [  2500/160000]  lr: 7.9773e-02  eta: 16:43:54  time: 0.3828  data_time: 0.0270  memory: 10150  loss: 1.4552  decode.loss_ohem: 0.8682  decode.acc_seg: 84.2631  aux_0.loss_ce: 0.5870  aux_0.acc_seg: 81.3965
2026/07/26 11:13:05 - mmengine - INFO - Iter(train) [  2600/160000]  lr: 7.9727e-02  eta: 16:43:17  time: 0.3814  data_time: 0.0265  memory: 10151  loss: 1.4289  decode.loss_ohem: 0.8868  decode.acc_seg: 82.0137  aux_0.loss_ce: 0.5421  aux_0.acc_seg: 79.1151
2026/07/26 11:13:43 - mmengine - INFO - Iter(train) [  2700/160000]  lr: 7.9681e-02  eta: 16:42:35  time: 0.3813  data_time: 0.0267  memory: 10151  loss: 1.5361  decode.loss_ohem: 0.9086  decode.acc_seg: 84.7030  aux_0.loss_ce: 0.6275  aux_0.acc_seg: 78.3236
2026/07/26 11:14:21 - mmengine - INFO - Iter(train) [  2800/160000]  lr: 7.9636e-02  eta: 16:41:55  time: 0.3809  data_time: 0.0268  memory: 10150  loss: 1.4740  decode.loss_ohem: 0.9242  decode.acc_seg: 84.6850  aux_0.loss_ce: 0.5498  aux_0.acc_seg: 81.0332
2026/07/26 11:15:00 - mmengine - INFO - Iter(train) [  2900/160000]  lr: 7.9590e-02  eta: 16:41:11  time: 0.3812  data_time: 0.0266  memory: 10150  loss: 1.4349  decode.loss_ohem: 0.9224  decode.acc_seg: 85.9805  aux_0.loss_ce: 0.5125  aux_0.acc_seg: 83.6993
2026/07/26 11:15:38 - mmengine - INFO - Exp name: dsanet_cityscapes_512x1024_20260726_105627
2026/07/26 11:15:38 - mmengine - INFO - Iter(train) [  3000/160000]  lr: 7.9545e-02  eta: 16:40:31  time: 0.3814  data_time: 0.0274  memory: 10151  loss: 1.5777  decode.loss_ohem: 1.0020  decode.acc_seg: 81.9576  aux_0.loss_ce: 0.5757  aux_0.acc_seg: 77.6150
2026/07/26 11:16:16 - mmengine - INFO - Iter(train) [  3100/160000]  lr: 7.9499e-02  eta: 16:39:53  time: 0.3824  data_time: 0.0268  memory: 10150  loss: 1.3816  decode.loss_ohem: 0.8290  decode.acc_seg: 84.1978  aux_0.loss_ce: 0.5526  aux_0.acc_seg: 82.1152
2026/07/26 11:16:54 - mmengine - INFO - Iter(train) [  3200/160000]  lr: 7.9453e-02  eta: 16:39:15  time: 0.3846  data_time: 0.0289  memory: 10149  loss: 1.4183  decode.loss_ohem: 0.9132  decode.acc_seg: 87.9838  aux_0.loss_ce: 0.5051  aux_0.acc_seg: 85.4243
2026/07/26 11:17:33 - mmengine - INFO - Iter(train) [  3300/160000]  lr: 7.9408e-02  eta: 16:38:37  time: 0.3813  data_time: 0.0272  memory: 10150  loss: 1.4605  decode.loss_ohem: 0.9250  decode.acc_seg: 81.9421  aux_0.loss_ce: 0.5354  aux_0.acc_seg: 77.4181
2026/07/26 11:18:11 - mmengine - INFO - Iter(train) [  3400/160000]  lr: 7.9362e-02  eta: 16:37:59  time: 0.3826  data_time: 0.0275  memory: 10149  loss: 1.5772  decode.loss_ohem: 0.9877  decode.acc_seg: 79.9063  aux_0.loss_ce: 0.5895  aux_0.acc_seg: 74.1955
2026/07/26 11:18:49 - mmengine - INFO - Iter(train) [  3500/160000]  lr: 7.9317e-02  eta: 16:37:20  time: 0.3814  data_time: 0.0272  memory: 10149  loss: 1.3137  decode.loss_ohem: 0.8058  decode.acc_seg: 87.3794  aux_0.loss_ce: 0.5080  aux_0.acc_seg: 81.0165
2026/07/26 11:19:27 - mmengine - INFO - Iter(train) [  3600/160000]  lr: 7.9271e-02  eta: 16:36:44  time: 0.3831  data_time: 0.0279  memory: 10149  loss: 1.4532  decode.loss_ohem: 0.9176  decode.acc_seg: 78.6619  aux_0.loss_ce: 0.5356  aux_0.acc_seg: 75.8049
2026/07/26 11:20:06 - mmengine - INFO - Iter(train) [  3700/160000]  lr: 7.9225e-02  eta: 16:36:08  time: 0.3840  data_time: 0.0279  memory: 10150  loss: 1.5428  decode.loss_ohem: 0.9664  decode.acc_seg: 82.8976  aux_0.loss_ce: 0.5764  aux_0.acc_seg: 77.0727
2026/07/26 11:20:44 - mmengine - INFO - Iter(train) [  3800/160000]  lr: 7.9180e-02  eta: 16:35:36  time: 0.3831  data_time: 0.0281  memory: 10149  loss: 1.4786  decode.loss_ohem: 0.9484  decode.acc_seg: 83.0600  aux_0.loss_ce: 0.5302  aux_0.acc_seg: 81.4303
2026/07/26 11:21:22 - mmengine - INFO - Iter(train) [  3900/160000]  lr: 7.9134e-02  eta: 16:35:03  time: 0.3845  data_time: 0.0279  memory: 10148  loss: 1.3102  decode.loss_ohem: 0.8140  decode.acc_seg: 88.2762  aux_0.loss_ce: 0.4962  aux_0.acc_seg: 83.5406
2026/07/26 11:22:01 - mmengine - INFO - Exp name: dsanet_cityscapes_512x1024_20260726_105627
2026/07/26 11:22:01 - mmengine - INFO - Iter(train) [  4000/160000]  lr: 7.9089e-02  eta: 16:34:32  time: 0.3849  data_time: 0.0283  memory: 10150  loss: 1.5518  decode.loss_ohem: 0.9516  decode.acc_seg: 83.7515  aux_0.loss_ce: 0.6001  aux_0.acc_seg: 77.5268
2026/07/26 11:22:39 - mmengine - INFO - Iter(train) [  4100/160000]  lr: 7.9043e-02  eta: 16:33:58  time: 0.3848  data_time: 0.0288  memory: 10149  loss: 1.4130  decode.loss_ohem: 0.8990  decode.acc_seg: 83.5488  aux_0.loss_ce: 0.5140  aux_0.acc_seg: 79.6097
2026/07/26 11:23:17 - mmengine - INFO - Iter(train) [  4200/160000]  lr: 7.8997e-02  eta: 16:33:22  time: 0.3830  data_time: 0.0278  memory: 10148  loss: 1.4748  decode.loss_ohem: 0.9200  decode.acc_seg: 85.1165  aux_0.loss_ce: 0.5548  aux_0.acc_seg: 82.5696
2026/07/26 11:23:56 - mmengine - INFO - Iter(train) [  4300/160000]  lr: 7.8952e-02  eta: 16:32:43  time: 0.3812  data_time: 0.0267  memory: 10149  loss: 1.4309  decode.loss_ohem: 0.9479  decode.acc_seg: 87.3761  aux_0.loss_ce: 0.4831  aux_0.acc_seg: 83.1168
2026/07/26 11:24:34 - mmengine - INFO - Iter(train) [  4400/160000]  lr: 7.8906e-02  eta: 16:32:05  time: 0.3838  data_time: 0.0289  memory: 10148  loss: 1.3623  decode.loss_ohem: 0.8913  decode.acc_seg: 89.1918  aux_0.loss_ce: 0.4710  aux_0.acc_seg: 86.9150
2026/07/26 11:25:12 - mmengine - INFO - Iter(train) [  4500/160000]  lr: 7.8860e-02  eta: 16:31:34  time: 0.3829  data_time: 0.0280  memory: 10151  loss: 1.3471  decode.loss_ohem: 0.8809  decode.acc_seg: 85.0134  aux_0.loss_ce: 0.4663  aux_0.acc_seg: 80.6085
2026/07/26 11:25:51 - mmengine - INFO - Iter(train) [  4600/160000]  lr: 7.8815e-02  eta: 16:31:00  time: 0.3834  data_time: 0.0281  memory: 10148  loss: 1.3441  decode.loss_ohem: 0.8420  decode.acc_seg: 81.1870  aux_0.loss_ce: 0.5021  aux_0.acc_seg: 76.8413
2026/07/26 11:26:29 - mmengine - INFO - Iter(train) [  4700/160000]  lr: 7.8769e-02  eta: 16:30:23  time: 0.3843  data_time: 0.0285  memory: 10149  loss: 1.2935  decode.loss_ohem: 0.8144  decode.acc_seg: 90.7444  aux_0.loss_ce: 0.4792  aux_0.acc_seg: 85.9818
2026/07/26 11:27:07 - mmengine - INFO - Iter(train) [  4800/160000]  lr: 7.8724e-02  eta: 16:29:47  time: 0.3834  data_time: 0.0275  memory: 10149  loss: 1.4897  decode.loss_ohem: 0.9404  decode.acc_seg: 89.6675  aux_0.loss_ce: 0.5493  aux_0.acc_seg: 86.3937
2026/07/26 11:27:46 - mmengine - INFO - Iter(train) [  4900/160000]  lr: 7.8678e-02  eta: 16:29:10  time: 0.3819  data_time: 0.0272  memory: 10149  loss: 1.3646  decode.loss_ohem: 0.8877  decode.acc_seg: 89.3946  aux_0.loss_ce: 0.4770  aux_0.acc_seg: 85.2227
2026/07/26 11:28:24 - mmengine - INFO - Exp name: dsanet_cityscapes_512x1024_20260726_105627
2026/07/26 11:28:24 - mmengine - INFO - Iter(train) [  5000/160000]  lr: 7.8632e-02  eta: 16:28:35  time: 0.3838  data_time: 0.0283  memory: 10149  loss: 1.2809  decode.loss_ohem: 0.8207  decode.acc_seg: 88.4107  aux_0.loss_ce: 0.4602  aux_0.acc_seg: 83.1240
2026/07/26 11:28:24 - mmengine - INFO - Saving checkpoint at 5000 iterations
2026/07/26 11:28:35 - mmengine - INFO - Iter(val) [100/250]    eta: 0:00:16  time: 0.1002  data_time: 0.0378  memory: 4499  
2026/07/26 11:28:45 - mmengine - INFO - Iter(val) [200/250]    eta: 0:00:05  time: 0.1035  data_time: 0.0450  memory: 835  
2026/07/26 11:28:50 - mmengine - INFO - per class results:
2026/07/26 11:28:50 - mmengine - INFO - 
+---------------+-------+-------+
|     Class     |  IoU  |  Acc  |
+---------------+-------+-------+
|      road     | 95.75 | 97.68 |
|    sidewalk   | 69.95 |  85.0 |
|    building   | 81.52 | 92.78 |
|      wall     | 10.08 | 10.36 |
|     fence     | 21.34 | 25.57 |
|      pole     | 37.49 | 44.57 |
| traffic light |  3.46 |  3.55 |
|  traffic sign | 33.41 | 37.46 |
|   vegetation  | 86.45 | 93.03 |
|    terrain    | 46.72 |  58.3 |
|      sky      | 83.68 | 98.25 |
|     person    | 53.66 | 76.23 |
|     rider     |  1.12 |  1.14 |
|      car      | 84.29 | 95.29 |
|     truck     |  0.09 |  0.09 |
|      bus      | 43.95 | 61.36 |
|     train     | 13.99 | 17.23 |
|   motorcycle  |  0.5  |  0.5  |
|    bicycle    | 51.57 | 60.46 |
+---------------+-------+-------+
2026/07/26 11:28:50 - mmengine - INFO - Iter(val) [250/250]    aAcc: 90.6900  mIoU: 43.1100  mAcc: 50.4700  data_time: 0.0259  time: 0.1032
2026/07/26 11:28:51 - mmengine - INFO - The best checkpoint with 43.1100 mIoU at 5000 iter is saved to best_mIoU_iter_5000.pth.
2026/07/26 11:29:29 - mmengine - INFO - Iter(train) [  5100/160000]  lr: 7.8587e-02  eta: 16:28:14  time: 0.3826  data_time: 0.0278  memory: 10148  loss: 1.4588  decode.loss_ohem: 0.9262  decode.acc_seg: 87.9650  aux_0.loss_ce: 0.5326  aux_0.acc_seg: 84.7681
2026/07/26 11:30:07 - mmengine - INFO - Iter(train) [  5200/160000]  lr: 7.8541e-02  eta: 16:27:37  time: 0.3815  data_time: 0.0271  memory: 10148  loss: 1.4015  decode.loss_ohem: 0.9151  decode.acc_seg: 84.9406  aux_0.loss_ce: 0.4864  aux_0.acc_seg: 81.1268
2026/07/26 11:30:46 - mmengine - INFO - Iter(train) [  5300/160000]  lr: 7.8495e-02  eta: 16:26:56  time: 0.3837  data_time: 0.0279  memory: 10149  loss: 1.3520  decode.loss_ohem: 0.8567  decode.acc_seg: 84.9865  aux_0.loss_ce: 0.4953  aux_0.acc_seg: 80.6590
2026/07/26 11:31:24 - mmengine - INFO - Iter(train) [  5400/160000]  lr: 7.8450e-02  eta: 16:26:21  time: 0.3829  data_time: 0.0270  memory: 10147  loss: 1.3745  decode.loss_ohem: 0.8482  decode.acc_seg: 90.8344  aux_0.loss_ce: 0.5263  aux_0.acc_seg: 85.9463
2026/07/26 11:32:02 - mmengine - INFO - Iter(train) [  5500/160000]  lr: 7.8404e-02  eta: 16:25:44  time: 0.3824  data_time: 0.0271  memory: 10149  loss: 1.4158  decode.loss_ohem: 0.8989  decode.acc_seg: 87.8287  aux_0.loss_ce: 0.5169  aux_0.acc_seg: 81.6319
2026/07/26 11:32:41 - mmengine - INFO - Iter(train) [  5600/160000]  lr: 7.8358e-02  eta: 16:25:05  time: 0.3835  data_time: 0.0284  memory: 10148  loss: 1.3162  decode.loss_ohem: 0.8572  decode.acc_seg: 85.6443  aux_0.loss_ce: 0.4590  aux_0.acc_seg: 80.1780
2026/07/26 11:33:19 - mmengine - INFO - Iter(train) [  5700/160000]  lr: 7.8313e-02  eta: 16:24:28  time: 0.3830  data_time: 0.0275  memory: 10148  loss: 1.3602  decode.loss_ohem: 0.8632  decode.acc_seg: 88.1845  aux_0.loss_ce: 0.4971  aux_0.acc_seg: 85.5934
2026/07/26 11:33:57 - mmengine - INFO - Iter(train) [  5800/160000]  lr: 7.8267e-02  eta: 16:23:54  time: 0.3842  data_time: 0.0284  memory: 10148  loss: 1.3278  decode.loss_ohem: 0.8519  decode.acc_seg: 85.6248  aux_0.loss_ce: 0.4759  aux_0.acc_seg: 83.1490
2026/07/26 11:34:36 - mmengine - INFO - Iter(train) [  5900/160000]  lr: 7.8221e-02  eta: 16:23:20  time: 0.3855  data_time: 0.0287  memory: 10148  loss: 1.3721  decode.loss_ohem: 0.8667  decode.acc_seg: 86.8587  aux_0.loss_ce: 0.5054  aux_0.acc_seg: 81.4911
2026/07/26 11:35:14 - mmengine - INFO - Exp name: dsanet_cityscapes_512x1024_20260726_105627
2026/07/26 11:35:14 - mmengine - INFO - Iter(train) [  6000/160000]  lr: 7.8176e-02  eta: 16:22:42  time: 0.3830  data_time: 0.0281  memory: 10147  loss: 1.2690  decode.loss_ohem: 0.8228  decode.acc_seg: 87.4149  aux_0.loss_ce: 0.4462  aux_0.acc_seg: 82.8713
2026/07/26 11:35:53 - mmengine - INFO - Iter(train) [  6100/160000]  lr: 7.8130e-02  eta: 16:22:07  time: 0.3851  data_time: 0.0286  memory: 10148  loss: 1.5877  decode.loss_ohem: 1.0370  decode.acc_seg: 83.3702  aux_0.loss_ce: 0.5507  aux_0.acc_seg: 78.7495
2026/07/26 11:36:31 - mmengine - INFO - Iter(train) [  6200/160000]  lr: 7.8084e-02  eta: 16:21:34  time: 0.3872  data_time: 0.0303  memory: 10147  loss: 1.3673  decode.loss_ohem: 0.8683  decode.acc_seg: 88.4286  aux_0.loss_ce: 0.4990  aux_0.acc_seg: 86.5418
2026/07/26 11:37:10 - mmengine - INFO - Iter(train) [  6300/160000]  lr: 7.8039e-02  eta: 16:21:04  time: 0.3856  data_time: 0.0298  memory: 10149  loss: 1.3512  decode.loss_ohem: 0.8615  decode.acc_seg: 83.9382  aux_0.loss_ce: 0.4898  aux_0.acc_seg: 78.7165
2026/07/26 11:37:48 - mmengine - INFO - Iter(train) [  6400/160000]  lr: 7.7993e-02  eta: 16:20:24  time: 0.3847  data_time: 0.0293  memory: 10146  loss: 1.3497  decode.loss_ohem: 0.8792  decode.acc_seg: 85.2718  aux_0.loss_ce: 0.4704  aux_0.acc_seg: 80.4599
2026/07/26 11:38:26 - mmengine - INFO - Iter(train) [  6500/160000]  lr: 7.7947e-02  eta: 16:19:43  time: 0.3796  data_time: 0.0270  memory: 10146  loss: 1.3307  decode.loss_ohem: 0.8693  decode.acc_seg: 84.3343  aux_0.loss_ce: 0.4614  aux_0.acc_seg: 81.0478
2026/07/26 11:39:04 - mmengine - INFO - Iter(train) [  6600/160000]  lr: 7.7901e-02  eta: 16:19:03  time: 0.3837  data_time: 0.0286  memory: 10148  loss: 1.3305  decode.loss_ohem: 0.8437  decode.acc_seg: 82.4006  aux_0.loss_ce: 0.4868  aux_0.acc_seg: 79.2743
2026/07/26 11:39:43 - mmengine - INFO - Iter(train) [  6700/160000]  lr: 7.7856e-02  eta: 16:18:24  time: 0.3817  data_time: 0.0282  memory: 10147  loss: 1.3337  decode.loss_ohem: 0.8554  decode.acc_seg: 86.5109  aux_0.loss_ce: 0.4783  aux_0.acc_seg: 80.2915
2026/07/26 11:40:21 - mmengine - INFO - Iter(train) [  6800/160000]  lr: 7.7810e-02  eta: 16:17:43  time: 0.3791  data_time: 0.0258  memory: 10146  loss: 1.2964  decode.loss_ohem: 0.8129  decode.acc_seg: 87.5997  aux_0.loss_ce: 0.4835  aux_0.acc_seg: 82.8214
2026/07/26 11:40:59 - mmengine - INFO - Iter(train) [  6900/160000]  lr: 7.7764e-02  eta: 16:16:59  time: 0.3809  data_time: 0.0272  memory: 10147  loss: 1.2779  decode.loss_ohem: 0.8184  decode.acc_seg: 90.2081  aux_0.loss_ce: 0.4594  aux_0.acc_seg: 85.2818
2026/07/26 11:41:37 - mmengine - INFO - Exp name: dsanet_cityscapes_512x1024_20260726_105627
2026/07/26 11:41:37 - mmengine - INFO - Iter(train) [  7000/160000]  lr: 7.7719e-02  eta: 16:16:14  time: 0.3800  data_time: 0.0262  memory: 10149  loss: 1.3137  decode.loss_ohem: 0.8356  decode.acc_seg: 84.1922  aux_0.loss_ce: 0.4781  aux_0.acc_seg: 81.1732
2026/07/26 11:42:15 - mmengine - INFO - Iter(train) [  7100/160000]  lr: 7.7673e-02  eta: 16:15:29  time: 0.3816  data_time: 0.0273  memory: 10146  loss: 1.4222  decode.loss_ohem: 0.9188  decode.acc_seg: 84.1142  aux_0.loss_ce: 0.5034  aux_0.acc_seg: 78.8969
2026/07/26 11:42:53 - mmengine - INFO - Iter(train) [  7200/160000]  lr: 7.7627e-02  eta: 16:14:46  time: 0.3833  data_time: 0.0293  memory: 10148  loss: 1.2863  decode.loss_ohem: 0.8188  decode.acc_seg: 87.5612  aux_0.loss_ce: 0.4675  aux_0.acc_seg: 83.5839
2026/07/26 11:43:31 - mmengine - INFO - Iter(train) [  7300/160000]  lr: 7.7581e-02  eta: 16:14:02  time: 0.3792  data_time: 0.0267  memory: 10146  loss: 1.3688  decode.loss_ohem: 0.9283  decode.acc_seg: 87.6532  aux_0.loss_ce: 0.4406  aux_0.acc_seg: 84.7503
2026/07/26 11:44:09 - mmengine - INFO - Iter(train) [  7400/160000]  lr: 7.7536e-02  eta: 16:13:22  time: 0.3796  data_time: 0.0260  memory: 10148  loss: 1.2694  decode.loss_ohem: 0.8423  decode.acc_seg: 86.7685  aux_0.loss_ce: 0.4271  aux_0.acc_seg: 83.4326
2026/07/26 11:44:47 - mmengine - INFO - Iter(train) [  7500/160000]  lr: 7.7490e-02  eta: 16:12:38  time: 0.3808  data_time: 0.0278  memory: 10149  loss: 1.3111  decode.loss_ohem: 0.8753  decode.acc_seg: 82.9324  aux_0.loss_ce: 0.4358  aux_0.acc_seg: 78.9535
2026/07/26 11:45:25 - mmengine - INFO - Iter(train) [  7600/160000]  lr: 7.7444e-02  eta: 16:11:57  time: 0.3820  data_time: 0.0278  memory: 10147  loss: 1.4425  decode.loss_ohem: 0.9261  decode.acc_seg: 86.9534  aux_0.loss_ce: 0.5165  aux_0.acc_seg: 82.8116
2026/07/26 11:46:03 - mmengine - INFO - Iter(train) [  7700/160000]  lr: 7.7399e-02  eta: 16:11:16  time: 0.3803  data_time: 0.0268  memory: 10145  loss: 1.2848  decode.loss_ohem: 0.8131  decode.acc_seg: 89.4456  aux_0.loss_ce: 0.4717  aux_0.acc_seg: 85.9008
2026/07/26 11:46:41 - mmengine - INFO - Iter(train) [  7800/160000]  lr: 7.7353e-02  eta: 16:10:37  time: 0.3801  data_time: 0.0274  memory: 10147  loss: 1.2423  decode.loss_ohem: 0.8020  decode.acc_seg: 86.3876  aux_0.loss_ce: 0.4403  aux_0.acc_seg: 79.4573
2026/07/26 11:47:20 - mmengine - INFO - Iter(train) [  7900/160000]  lr: 7.7307e-02  eta: 16:10:00  time: 0.3835  data_time: 0.0291  memory: 10146  loss: 1.3570  decode.loss_ohem: 0.9016  decode.acc_seg: 86.8897  aux_0.loss_ce: 0.4554  aux_0.acc_seg: 81.5050
2026/07/26 11:47:58 - mmengine - INFO - Exp name: dsanet_cityscapes_512x1024_20260726_105627
2026/07/26 11:47:58 - mmengine - INFO - Iter(train) [  8000/160000]  lr: 7.7261e-02  eta: 16:09:23  time: 0.3829  data_time: 0.0282  memory: 10148  loss: 1.4063  decode.loss_ohem: 0.9547  decode.acc_seg: 89.5171  aux_0.loss_ce: 0.4515  aux_0.acc_seg: 85.7401
2026/07/26 11:48:36 - mmengine - INFO - Iter(train) [  8100/160000]  lr: 7.7216e-02  eta: 16:08:46  time: 0.3823  data_time: 0.0274  memory: 10146  loss: 1.3181  decode.loss_ohem: 0.8597  decode.acc_seg: 86.8653  aux_0.loss_ce: 0.4584  aux_0.acc_seg: 85.1242
2026/07/26 11:49:15 - mmengine - INFO - Iter(train) [  8200/160000]  lr: 7.7170e-02  eta: 16:08:05  time: 0.3806  data_time: 0.0262  memory: 10146  loss: 1.3572  decode.loss_ohem: 0.8363  decode.acc_seg: 85.0787  aux_0.loss_ce: 0.5210  aux_0.acc_seg: 82.9436
2026/07/26 11:49:53 - mmengine - INFO - Iter(train) [  8300/160000]  lr: 7.7124e-02  eta: 16:07:27  time: 0.3843  data_time: 0.0278  memory: 10146  loss: 1.3673  decode.loss_ohem: 0.9175  decode.acc_seg: 86.0446  aux_0.loss_ce: 0.4498  aux_0.acc_seg: 83.3008
2026/07/26 11:50:31 - mmengine - INFO - Iter(train) [  8400/160000]  lr: 7.7078e-02  eta: 16:06:52  time: 0.3822  data_time: 0.0278  memory: 10147  loss: 1.1996  decode.loss_ohem: 0.7823  decode.acc_seg: 92.1837  aux_0.loss_ce: 0.4173  aux_0.acc_seg: 86.9641
2026/07/26 11:51:10 - mmengine - INFO - Iter(train) [  8500/160000]  lr: 7.7033e-02  eta: 16:06:16  time: 0.3848  data_time: 0.0290  memory: 10147  loss: 1.4499  decode.loss_ohem: 0.9461  decode.acc_seg: 85.1939  aux_0.loss_ce: 0.5038  aux_0.acc_seg: 79.0036
2026/07/26 11:51:48 - mmengine - INFO - Iter(train) [  8600/160000]  lr: 7.6987e-02  eta: 16:05:43  time: 0.3880  data_time: 0.0307  memory: 10148  loss: 1.3391  decode.loss_ohem: 0.8707  decode.acc_seg: 84.2892  aux_0.loss_ce: 0.4684  aux_0.acc_seg: 82.1407
2026/07/26 11:52:27 - mmengine - INFO - Iter(train) [  8700/160000]  lr: 7.6941e-02  eta: 16:05:09  time: 0.3894  data_time: 0.0310  memory: 10146  loss: 1.3090  decode.loss_ohem: 0.8730  decode.acc_seg: 84.6646  aux_0.loss_ce: 0.4360  aux_0.acc_seg: 82.5443
2026/07/26 11:53:05 - mmengine - INFO - Iter(train) [  8800/160000]  lr: 7.6895e-02  eta: 16:04:34  time: 0.3843  data_time: 0.0284  memory: 10145  loss: 1.3251  decode.loss_ohem: 0.8529  decode.acc_seg: 89.7136  aux_0.loss_ce: 0.4721  aux_0.acc_seg: 83.3973
2026/07/26 11:53:44 - mmengine - INFO - Iter(train) [  8900/160000]  lr: 7.6850e-02  eta: 16:04:00  time: 0.3905  data_time: 0.0314  memory: 10148  loss: 1.4324  decode.loss_ohem: 0.9225  decode.acc_seg: 90.6760  aux_0.loss_ce: 0.5100  aux_0.acc_seg: 86.3070
2026/07/26 11:54:22 - mmengine - INFO - Exp name: dsanet_cityscapes_512x1024_20260726_105627
2026/07/26 11:54:22 - mmengine - INFO - Iter(train) [  9000/160000]  lr: 7.6804e-02  eta: 16:03:25  time: 0.3843  data_time: 0.0274  memory: 10146  loss: 1.3625  decode.loss_ohem: 0.8789  decode.acc_seg: 87.2938  aux_0.loss_ce: 0.4836  aux_0.acc_seg: 81.8955
2026/07/26 11:55:01 - mmengine - INFO - Iter(train) [  9100/160000]  lr: 7.6758e-02  eta: 16:02:50  time: 0.3838  data_time: 0.0280  memory: 10146  loss: 1.2794  decode.loss_ohem: 0.8463  decode.acc_seg: 89.0666  aux_0.loss_ce: 0.4331  aux_0.acc_seg: 86.0547
2026/07/26 11:55:39 - mmengine - INFO - Iter(train) [  9200/160000]  lr: 7.6712e-02  eta: 16:02:14  time: 0.3822  data_time: 0.0275  memory: 10146  loss: 1.2984  decode.loss_ohem: 0.8546  decode.acc_seg: 84.5381  aux_0.loss_ce: 0.4438  aux_0.acc_seg: 76.2272
2026/07/26 11:56:18 - mmengine - INFO - Iter(train) [  9300/160000]  lr: 7.6666e-02  eta: 16:01:40  time: 0.3855  data_time: 0.0298  memory: 10146  loss: 1.2596  decode.loss_ohem: 0.8547  decode.acc_seg: 89.5717  aux_0.loss_ce: 0.4049  aux_0.acc_seg: 87.1699
2026/07/26 11:56:56 - mmengine - INFO - Iter(train) [  9400/160000]  lr: 7.6621e-02  eta: 16:01:06  time: 0.3884  data_time: 0.0308  memory: 10149  loss: 1.3086  decode.loss_ohem: 0.8425  decode.acc_seg: 86.9767  aux_0.loss_ce: 0.4661  aux_0.acc_seg: 82.4910
2026/07/26 11:57:35 - mmengine - INFO - Iter(train) [  9500/160000]  lr: 7.6575e-02  eta: 16:00:31  time: 0.3851  data_time: 0.0291  memory: 10146  loss: 1.2997  decode.loss_ohem: 0.8558  decode.acc_seg: 86.5025  aux_0.loss_ce: 0.4439  aux_0.acc_seg: 84.3429
2026/07/26 11:58:13 - mmengine - INFO - Iter(train) [  9600/160000]  lr: 7.6529e-02  eta: 15:59:56  time: 0.3822  data_time: 0.0271  memory: 10147  loss: 1.2656  decode.loss_ohem: 0.8275  decode.acc_seg: 89.9668  aux_0.loss_ce: 0.4381  aux_0.acc_seg: 84.7591
2026/07/26 11:58:52 - mmengine - INFO - Iter(train) [  9700/160000]  lr: 7.6483e-02  eta: 15:59:18  time: 0.3826  data_time: 0.0272  memory: 10146  loss: 1.2733  decode.loss_ohem: 0.8494  decode.acc_seg: 87.6889  aux_0.loss_ce: 0.4240  aux_0.acc_seg: 84.3086
2026/07/26 11:59:30 - mmengine - INFO - Iter(train) [  9800/160000]  lr: 7.6438e-02  eta: 15:58:40  time: 0.3833  data_time: 0.0276  memory: 10146  loss: 1.1468  decode.loss_ohem: 0.7360  decode.acc_seg: 92.5086  aux_0.loss_ce: 0.4108  aux_0.acc_seg: 86.4224
2026/07/26 12:00:08 - mmengine - INFO - Iter(train) [  9900/160000]  lr: 7.6392e-02  eta: 15:58:02  time: 0.3826  data_time: 0.0281  memory: 10146  loss: 1.2092  decode.loss_ohem: 0.7851  decode.acc_seg: 88.4211  aux_0.loss_ce: 0.4241  aux_0.acc_seg: 82.6063
2026/07/26 12:00:47 - mmengine - INFO - Exp name: dsanet_cityscapes_512x1024_20260726_105627
2026/07/26 12:00:47 - mmengine - INFO - Iter(train) [ 10000/160000]  lr: 7.6346e-02  eta: 15:57:24  time: 0.3806  data_time: 0.0272  memory: 10146  loss: 1.3978  decode.loss_ohem: 0.9496  decode.acc_seg: 86.7448  aux_0.loss_ce: 0.4481  aux_0.acc_seg: 83.1198
2026/07/26 12:00:47 - mmengine - INFO - Saving checkpoint at 10000 iterations
2026/07/26 12:00:57 - mmengine - INFO - Iter(val) [100/250]    eta: 0:00:15  time: 0.1002  data_time: 0.0204  memory: 835  
2026/07/26 12:01:07 - mmengine - INFO - Iter(val) [200/250]    eta: 0:00:05  time: 0.1020  data_time: 0.0185  memory: 835  
2026/07/26 12:01:12 - mmengine - INFO - per class results:
2026/07/26 12:01:12 - mmengine - INFO - 
+---------------+-------+-------+
|     Class     |  IoU  |  Acc  |
+---------------+-------+-------+
|      road     | 95.45 | 97.71 |
|    sidewalk   | 65.84 | 77.26 |
|    building   | 85.22 | 92.15 |
|      wall     | 14.87 | 15.98 |
|     fence     | 38.83 |  53.9 |
|      pole     | 44.96 | 61.86 |
| traffic light | 28.43 | 33.96 |
|  traffic sign | 49.85 | 56.72 |
|   vegetation  | 86.26 |  92.8 |
|    terrain    | 35.97 | 80.93 |
|      sky      | 89.18 | 95.13 |
|     person    | 60.62 | 80.78 |
|     rider     | 18.61 | 19.98 |
|      car      | 87.67 | 94.49 |
|     truck     | 20.47 | 23.64 |
|      bus      |  24.7 | 31.36 |
|     train     | 18.06 | 66.25 |
|   motorcycle  |  0.01 |  0.01 |
|    bicycle    |  58.1 | 78.41 |
+---------------+-------+-------+
2026/07/26 12:01:12 - mmengine - INFO - Iter(val) [250/250]    aAcc: 91.0900  mIoU: 48.5800  mAcc: 60.7000  data_time: 0.0230  time: 0.1007
2026/07/26 12:01:12 - mmengine - INFO - The previous best checkpoint /root/autodl-tmp/DSANet-main/tools/work_dirs/dsanet_cityscapes_512x1024/best_mIoU_iter_5000.pth is removed
2026/07/26 12:01:12 - mmengine - INFO - The best checkpoint with 48.5800 mIoU at 10000 iter is saved to best_mIoU_iter_10000.pth.
2026/07/26 12:01:51 - mmengine - INFO - Iter(train) [ 10100/160000]  lr: 7.6300e-02  eta: 15:56:51  time: 0.3791  data_time: 0.0270  memory: 10146  loss: 1.3172  decode.loss_ohem: 0.8663  decode.acc_seg: 88.2152  aux_0.loss_ce: 0.4509  aux_0.acc_seg: 85.5840
2026/07/26 12:02:29 - mmengine - INFO - Iter(train) [ 10200/160000]  lr: 7.6254e-02  eta: 15:56:09  time: 0.3812  data_time: 0.0274  memory: 10147  loss: 1.3646  decode.loss_ohem: 0.8699  decode.acc_seg: 87.8333  aux_0.loss_ce: 0.4947  aux_0.acc_seg: 85.4797
2026/07/26 12:03:07 - mmengine - INFO - Iter(train) [ 10300/160000]  lr: 7.6208e-02  eta: 15:55:26  time: 0.3816  data_time: 0.0277  memory: 10146  loss: 1.2601  decode.loss_ohem: 0.8274  decode.acc_seg: 89.5308  aux_0.loss_ce: 0.4327  aux_0.acc_seg: 85.6849
2026/07/26 12:03:45 - mmengine - INFO - Iter(train) [ 10400/160000]  lr: 7.6163e-02  eta: 15:54:45  time: 0.3814  data_time: 0.0275  memory: 10147  loss: 1.1875  decode.loss_ohem: 0.8025  decode.acc_seg: 91.8227  aux_0.loss_ce: 0.3850  aux_0.acc_seg: 86.7961
2026/07/26 12:04:23 - mmengine - INFO - Iter(train) [ 10500/160000]  lr: 7.6117e-02  eta: 15:54:03  time: 0.3800  data_time: 0.0272  memory: 10146  loss: 1.3197  decode.loss_ohem: 0.8810  decode.acc_seg: 89.3259  aux_0.loss_ce: 0.4386  aux_0.acc_seg: 86.1337
2026/07/26 12:05:01 - mmengine - INFO - Iter(train) [ 10600/160000]  lr: 7.6071e-02  eta: 15:53:20  time: 0.3801  data_time: 0.0266  memory: 10147  loss: 1.3189  decode.loss_ohem: 0.8537  decode.acc_seg: 89.0877  aux_0.loss_ce: 0.4652  aux_0.acc_seg: 83.5700
2026/07/26 12:05:39 - mmengine - INFO - Iter(train) [ 10700/160000]  lr: 7.6025e-02  eta: 15:52:39  time: 0.3844  data_time: 0.0301  memory: 10145  loss: 1.2603  decode.loss_ohem: 0.8391  decode.acc_seg: 86.2614  aux_0.loss_ce: 0.4211  aux_0.acc_seg: 78.5594
2026/07/26 12:06:17 - mmengine - INFO - Iter(train) [ 10800/160000]  lr: 7.5979e-02  eta: 15:51:56  time: 0.3794  data_time: 0.0265  memory: 10145  loss: 1.2194  decode.loss_ohem: 0.7848  decode.acc_seg: 89.9311  aux_0.loss_ce: 0.4346  aux_0.acc_seg: 84.6477
2026/07/26 12:06:55 - mmengine - INFO - Iter(train) [ 10900/160000]  lr: 7.5934e-02  eta: 15:51:14  time: 0.3807  data_time: 0.0272  memory: 10145  loss: 1.3172  decode.loss_ohem: 0.8699  decode.acc_seg: 87.4921  aux_0.loss_ce: 0.4473  aux_0.acc_seg: 84.7112
2026/07/26 12:07:33 - mmengine - INFO - Exp name: dsanet_cityscapes_512x1024_20260726_105627
2026/07/26 12:07:33 - mmengine - INFO - Iter(train) [ 11000/160000]  lr: 7.5888e-02  eta: 15:50:31  time: 0.3796  data_time: 0.0265  memory: 10145  loss: 1.1625  decode.loss_ohem: 0.7604  decode.acc_seg: 91.2007  aux_0.loss_ce: 0.4021  aux_0.acc_seg: 85.8732
2026/07/26 12:08:11 - mmengine - INFO - Iter(train) [ 11100/160000]  lr: 7.5842e-02  eta: 15:49:51  time: 0.3816  data_time: 0.0277  memory: 10146  loss: 1.1854  decode.loss_ohem: 0.7595  decode.acc_seg: 89.3729  aux_0.loss_ce: 0.4258  aux_0.acc_seg: 85.8711
2026/07/26 12:08:49 - mmengine - INFO - Iter(train) [ 11200/160000]  lr: 7.5796e-02  eta: 15:49:09  time: 0.3794  data_time: 0.0265  memory: 10145  loss: 1.2613  decode.loss_ohem: 0.8464  decode.acc_seg: 88.5177  aux_0.loss_ce: 0.4150  aux_0.acc_seg: 83.1653
2026/07/26 12:09:27 - mmengine - INFO - Iter(train) [ 11300/160000]  lr: 7.5750e-02  eta: 15:48:27  time: 0.3802  data_time: 0.0273  memory: 10145  loss: 1.3093  decode.loss_ohem: 0.8763  decode.acc_seg: 87.5338  aux_0.loss_ce: 0.4330  aux_0.acc_seg: 83.8491
2026/07/26 12:10:05 - mmengine - INFO - Iter(train) [ 11400/160000]  lr: 7.5704e-02  eta: 15:47:47  time: 0.3810  data_time: 0.0271  memory: 10145  loss: 1.2131  decode.loss_ohem: 0.7934  decode.acc_seg: 88.3903  aux_0.loss_ce: 0.4197  aux_0.acc_seg: 83.1024
2026/07/26 12:10:43 - mmengine - INFO - Iter(train) [ 11500/160000]  lr: 7.5659e-02  eta: 15:47:06  time: 0.3802  data_time: 0.0271  memory: 10146  loss: 1.1408  decode.loss_ohem: 0.7633  decode.acc_seg: 92.2336  aux_0.loss_ce: 0.3775  aux_0.acc_seg: 89.1508
2026/07/26 12:11:21 - mmengine - INFO - Iter(train) [ 11600/160000]  lr: 7.5613e-02  eta: 15:46:24  time: 0.3803  data_time: 0.0274  memory: 10147  loss: 1.2378  decode.loss_ohem: 0.8020  decode.acc_seg: 88.2132  aux_0.loss_ce: 0.4359  aux_0.acc_seg: 82.2429
2026/07/26 12:11:59 - mmengine - INFO - Iter(train) [ 11700/160000]  lr: 7.5567e-02  eta: 15:45:43  time: 0.3806  data_time: 0.0269  memory: 10146  loss: 1.3697  decode.loss_ohem: 0.8903  decode.acc_seg: 86.0213  aux_0.loss_ce: 0.4794  aux_0.acc_seg: 80.4020
2026/07/26 12:12:37 - mmengine - INFO - Iter(train) [ 11800/160000]  lr: 7.5521e-02  eta: 15:45:02  time: 0.3825  data_time: 0.0289  memory: 10145  loss: 1.2139  decode.loss_ohem: 0.8339  decode.acc_seg: 90.9221  aux_0.loss_ce: 0.3800  aux_0.acc_seg: 86.3964
2026/07/26 12:13:16 - mmengine - INFO - Iter(train) [ 11900/160000]  lr: 7.5475e-02  eta: 15:44:22  time: 0.3825  data_time: 0.0275  memory: 10145  loss: 1.2823  decode.loss_ohem: 0.8372  decode.acc_seg: 88.1356  aux_0.loss_ce: 0.4451  aux_0.acc_seg: 82.3410
2026/07/26 12:13:54 - mmengine - INFO - Exp name: dsanet_cityscapes_512x1024_20260726_105627
2026/07/26 12:13:54 - mmengine - INFO - Iter(train) [ 12000/160000]  lr: 7.5429e-02  eta: 15:43:43  time: 0.3801  data_time: 0.0269  memory: 10146  loss: 1.2868  decode.loss_ohem: 0.8245  decode.acc_seg: 85.9515  aux_0.loss_ce: 0.4623  aux_0.acc_seg: 80.4924
2026/07/26 12:14:32 - mmengine - INFO - Iter(train) [ 12100/160000]  lr: 7.5383e-02  eta: 15:43:04  time: 0.3816  data_time: 0.0276  memory: 10147  loss: 1.2622  decode.loss_ohem: 0.8228  decode.acc_seg: 85.3547  aux_0.loss_ce: 0.4394  aux_0.acc_seg: 79.3205
2026/07/26 12:15:10 - mmengine - INFO - Iter(train) [ 12200/160000]  lr: 7.5338e-02  eta: 15:42:26  time: 0.3834  data_time: 0.0285  memory: 10147  loss: 1.3176  decode.loss_ohem: 0.8573  decode.acc_seg: 85.2379  aux_0.loss_ce: 0.4603  aux_0.acc_seg: 79.6913
2026/07/26 12:15:48 - mmengine - INFO - Iter(train) [ 12300/160000]  lr: 7.5292e-02  eta: 15:41:47  time: 0.3806  data_time: 0.0281  memory: 10146  loss: 1.1916  decode.loss_ohem: 0.7732  decode.acc_seg: 91.4791  aux_0.loss_ce: 0.4185  aux_0.acc_seg: 87.9252
2026/07/26 12:16:27 - mmengine - INFO - Iter(train) [ 12400/160000]  lr: 7.5246e-02  eta: 15:41:08  time: 0.3800  data_time: 0.0269  memory: 10145  loss: 1.1841  decode.loss_ohem: 0.7878  decode.acc_seg: 89.9222  aux_0.loss_ce: 0.3964  aux_0.acc_seg: 86.4473
2026/07/26 12:17:05 - mmengine - INFO - Iter(train) [ 12500/160000]  lr: 7.5200e-02  eta: 15:40:28  time: 0.3805  data_time: 0.0271  memory: 10145  loss: 1.2178  decode.loss_ohem: 0.8329  decode.acc_seg: 90.6210  aux_0.loss_ce: 0.3849  aux_0.acc_seg: 87.0295
2026/07/26 12:17:43 - mmengine - INFO - Iter(train) [ 12600/160000]  lr: 7.5154e-02  eta: 15:39:48  time: 0.3816  data_time: 0.0279  memory: 10146  loss: 1.3508  decode.loss_ohem: 0.8537  decode.acc_seg: 87.6570  aux_0.loss_ce: 0.4972  aux_0.acc_seg: 82.5931
2026/07/26 12:18:21 - mmengine - INFO - Iter(train) [ 12700/160000]  lr: 7.5108e-02  eta: 15:39:08  time: 0.3813  data_time: 0.0273  memory: 10146  loss: 1.1507  decode.loss_ohem: 0.7236  decode.acc_seg: 91.3661  aux_0.loss_ce: 0.4272  aux_0.acc_seg: 84.9517
2026/07/26 12:18:59 - mmengine - INFO - Iter(train) [ 12800/160000]  lr: 7.5062e-02  eta: 15:38:28  time: 0.3828  data_time: 0.0281  memory: 10145  loss: 1.1875  decode.loss_ohem: 0.7644  decode.acc_seg: 90.5798  aux_0.loss_ce: 0.4231  aux_0.acc_seg: 86.6357
2026/07/26 12:19:37 - mmengine - INFO - Iter(train) [ 12900/160000]  lr: 7.5016e-02  eta: 15:37:49  time: 0.3810  data_time: 0.0276  memory: 10146  loss: 1.2999  decode.loss_ohem: 0.8520  decode.acc_seg: 89.8537  aux_0.loss_ce: 0.4479  aux_0.acc_seg: 85.7799
2026/07/26 12:20:15 - mmengine - INFO - Exp name: dsanet_cityscapes_512x1024_20260726_105627
2026/07/26 12:20:15 - mmengine - INFO - Iter(train) [ 13000/160000]  lr: 7.4970e-02  eta: 15:37:09  time: 0.3800  data_time: 0.0264  memory: 10145  loss: 1.2712  decode.loss_ohem: 0.8373  decode.acc_seg: 90.0833  aux_0.loss_ce: 0.4340  aux_0.acc_seg: 86.3923
2026/07/26 12:20:53 - mmengine - INFO - Iter(train) [ 13100/160000]  lr: 7.4925e-02  eta: 15:36:28  time: 0.3774  data_time: 0.0261  memory: 10147  loss: 1.2821  decode.loss_ohem: 0.8782  decode.acc_seg: 88.7520  aux_0.loss_ce: 0.4039  aux_0.acc_seg: 84.3637
2026/07/26 12:21:32 - mmengine - INFO - Iter(train) [ 13200/160000]  lr: 7.4879e-02  eta: 15:35:49  time: 0.3844  data_time: 0.0294  memory: 10145  loss: 1.3187  decode.loss_ohem: 0.8689  decode.acc_seg: 87.8495  aux_0.loss_ce: 0.4498  aux_0.acc_seg: 83.2878
2026/07/26 12:22:10 - mmengine - INFO - Iter(train) [ 13300/160000]  lr: 7.4833e-02  eta: 15:35:11  time: 0.3910  data_time: 0.0318  memory: 10145  loss: 1.2580  decode.loss_ohem: 0.8469  decode.acc_seg: 89.2890  aux_0.loss_ce: 0.4111  aux_0.acc_seg: 84.1057
2026/07/26 12:22:48 - mmengine - INFO - Iter(train) [ 13400/160000]  lr: 7.4787e-02  eta: 15:34:32  time: 0.3812  data_time: 0.0273  memory: 10147  loss: 1.2495  decode.loss_ohem: 0.8087  decode.acc_seg: 88.9470  aux_0.loss_ce: 0.4407  aux_0.acc_seg: 85.4106
2026/07/26 12:23:26 - mmengine - INFO - Iter(train) [ 13500/160000]  lr: 7.4741e-02  eta: 15:33:53  time: 0.3837  data_time: 0.0279  memory: 10148  loss: 1.2587  decode.loss_ohem: 0.8206  decode.acc_seg: 88.5088  aux_0.loss_ce: 0.4381  aux_0.acc_seg: 83.2423
2026/07/26 12:24:04 - mmengine - INFO - Iter(train) [ 13600/160000]  lr: 7.4695e-02  eta: 15:33:13  time: 0.3787  data_time: 0.0266  memory: 10146  loss: 1.1738  decode.loss_ohem: 0.7855  decode.acc_seg: 91.7538  aux_0.loss_ce: 0.3883  aux_0.acc_seg: 89.4331
2026/07/26 12:24:42 - mmengine - INFO - Iter(train) [ 13700/160000]  lr: 7.4649e-02  eta: 15:32:32  time: 0.3796  data_time: 0.0264  memory: 10145  loss: 1.2155  decode.loss_ohem: 0.7724  decode.acc_seg: 89.8751  aux_0.loss_ce: 0.4432  aux_0.acc_seg: 86.5733
2026/07/26 12:25:20 - mmengine - INFO - Iter(train) [ 13800/160000]  lr: 7.4603e-02  eta: 15:31:52  time: 0.3804  data_time: 0.0278  memory: 10145  loss: 1.2668  decode.loss_ohem: 0.8468  decode.acc_seg: 87.1789  aux_0.loss_ce: 0.4201  aux_0.acc_seg: 85.2994
2026/07/26 12:25:59 - mmengine - INFO - Iter(train) [ 13900/160000]  lr: 7.4557e-02  eta: 15:31:13  time: 0.3831  data_time: 0.0284  memory: 10146  loss: 1.1902  decode.loss_ohem: 0.7739  decode.acc_seg: 89.1194  aux_0.loss_ce: 0.4163  aux_0.acc_seg: 85.1161
2026/07/26 12:26:37 - mmengine - INFO - Exp name: dsanet_cityscapes_512x1024_20260726_105627
2026/07/26 12:26:37 - mmengine - INFO - Iter(train) [ 14000/160000]  lr: 7.4511e-02  eta: 15:30:33  time: 0.3817  data_time: 0.0284  memory: 10145  loss: 1.2596  decode.loss_ohem: 0.8331  decode.acc_seg: 91.5521  aux_0.loss_ce: 0.4264  aux_0.acc_seg: 88.8622
2026/07/26 12:27:15 - mmengine - INFO - Iter(train) [ 14100/160000]  lr: 7.4465e-02  eta: 15:29:52  time: 0.3792  data_time: 0.0271  memory: 10144  loss: 1.2482  decode.loss_ohem: 0.8454  decode.acc_seg: 89.0539  aux_0.loss_ce: 0.4028  aux_0.acc_seg: 83.8507
2026/07/26 12:27:53 - mmengine - INFO - Iter(train) [ 14200/160000]  lr: 7.4420e-02  eta: 15:29:13  time: 0.3814  data_time: 0.0272  memory: 10145  loss: 1.2829  decode.loss_ohem: 0.8575  decode.acc_seg: 85.8982  aux_0.loss_ce: 0.4254  aux_0.acc_seg: 80.6929
2026/07/26 12:28:31 - mmengine - INFO - Iter(train) [ 14300/160000]  lr: 7.4374e-02  eta: 15:28:34  time: 0.3814  data_time: 0.0272  memory: 10147  loss: 1.1820  decode.loss_ohem: 0.7790  decode.acc_seg: 88.8170  aux_0.loss_ce: 0.4030  aux_0.acc_seg: 86.4588
2026/07/26 12:29:09 - mmengine - INFO - Iter(train) [ 14400/160000]  lr: 7.4328e-02  eta: 15:27:54  time: 0.3782  data_time: 0.0264  memory: 10146  loss: 1.1926  decode.loss_ohem: 0.7858  decode.acc_seg: 86.4300  aux_0.loss_ce: 0.4069  aux_0.acc_seg: 82.1932
2026/07/26 12:29:47 - mmengine - INFO - Iter(train) [ 14500/160000]  lr: 7.4282e-02  eta: 15:27:13  time: 0.3805  data_time: 0.0264  memory: 10148  loss: 1.2398  decode.loss_ohem: 0.8158  decode.acc_seg: 89.7529  aux_0.loss_ce: 0.4241  aux_0.acc_seg: 83.2640
2026/07/26 12:30:25 - mmengine - INFO - Iter(train) [ 14600/160000]  lr: 7.4236e-02  eta: 15:26:34  time: 0.3805  data_time: 0.0272  memory: 10145  loss: 1.1766  decode.loss_ohem: 0.7839  decode.acc_seg: 91.4424  aux_0.loss_ce: 0.3928  aux_0.acc_seg: 86.7169
2026/07/26 12:31:03 - mmengine - INFO - Iter(train) [ 14700/160000]  lr: 7.4190e-02  eta: 15:25:54  time: 0.3821  data_time: 0.0274  memory: 10151  loss: 1.2674  decode.loss_ohem: 0.8019  decode.acc_seg: 90.1769  aux_0.loss_ce: 0.4655  aux_0.acc_seg: 85.1116
2026/07/26 12:31:41 - mmengine - INFO - Iter(train) [ 14800/160000]  lr: 7.4144e-02  eta: 15:25:14  time: 0.3797  data_time: 0.0274  memory: 10146  loss: 1.2696  decode.loss_ohem: 0.8759  decode.acc_seg: 90.8695  aux_0.loss_ce: 0.3938  aux_0.acc_seg: 88.9242
2026/07/26 12:32:19 - mmengine - INFO - Iter(train) [ 14900/160000]  lr: 7.4098e-02  eta: 15:24:35  time: 0.3809  data_time: 0.0286  memory: 10145  loss: 1.2283  decode.loss_ohem: 0.8157  decode.acc_seg: 91.5328  aux_0.loss_ce: 0.4126  aux_0.acc_seg: 87.0580
2026/07/26 12:32:58 - mmengine - INFO - Exp name: dsanet_cityscapes_512x1024_20260726_105627
2026/07/26 12:32:58 - mmengine - INFO - Iter(train) [ 15000/160000]  lr: 7.4052e-02  eta: 15:23:56  time: 0.3809  data_time: 0.0275  memory: 10144  loss: 1.1939  decode.loss_ohem: 0.7725  decode.acc_seg: 85.7658  aux_0.loss_ce: 0.4214  aux_0.acc_seg: 79.9614
2026/07/26 12:32:58 - mmengine - INFO - Saving checkpoint at 15000 iterations
2026/07/26 12:33:08 - mmengine - INFO - Iter(val) [100/250]    eta: 0:00:15  time: 0.1001  data_time: 0.0271  memory: 835  
2026/07/26 12:33:18 - mmengine - INFO - Iter(val) [200/250]    eta: 0:00:05  time: 0.1007  data_time: 0.0157  memory: 835  
2026/07/26 12:33:23 - mmengine - INFO - per class results:
2026/07/26 12:33:23 - mmengine - INFO - 
+---------------+-------+-------+
|     Class     |  IoU  |  Acc  |
+---------------+-------+-------+
|      road     | 96.48 | 98.06 |
|    sidewalk   |  74.2 | 87.91 |
|    building   | 86.45 | 94.19 |
|      wall     | 10.74 | 10.82 |
|     fence     | 32.56 | 40.45 |
|      pole     | 47.69 | 68.26 |
| traffic light | 36.73 | 44.82 |
|  traffic sign | 56.49 | 71.68 |
|   vegetation  |  88.1 | 92.39 |
|    terrain    | 48.29 | 67.87 |
|      sky      |  91.8 | 95.48 |
|     person    | 64.19 | 86.34 |
|     rider     | 20.29 |  21.5 |
|      car      | 88.31 | 94.89 |
|     truck     | 34.06 | 42.57 |
|      bus      | 44.34 |  68.5 |
|     train     | 16.24 | 33.21 |
|   motorcycle  |  1.71 |  1.75 |
|    bicycle    | 60.28 |  81.5 |
+---------------+-------+-------+
2026/07/26 12:33:23 - mmengine - INFO - Iter(val) [250/250]    aAcc: 92.4400  mIoU: 52.5800  mAcc: 63.2700  data_time: 0.0261  time: 0.1001
2026/07/26 12:33:23 - mmengine - INFO - The previous best checkpoint /root/autodl-tmp/DSANet-main/tools/work_dirs/dsanet_cityscapes_512x1024/best_mIoU_iter_10000.pth is removed
2026/07/26 12:33:23 - mmengine - INFO - The best checkpoint with 52.5800 mIoU at 15000 iter is saved to best_mIoU_iter_15000.pth.
2026/07/26 12:34:02 - mmengine - INFO - Iter(train) [ 15100/160000]  lr: 7.4006e-02  eta: 15:23:21  time: 0.3813  data_time: 0.0273  memory: 10144  loss: 1.2264  decode.loss_ohem: 0.7942  decode.acc_seg: 90.1731  aux_0.loss_ce: 0.4322  aux_0.acc_seg: 83.4026
2026/07/26 12:34:40 - mmengine - INFO - Iter(train) [ 15200/160000]  lr: 7.3960e-02  eta: 15:22:42  time: 0.3808  data_time: 0.0276  memory: 10145  loss: 1.2157  decode.loss_ohem: 0.8159  decode.acc_seg: 92.6293  aux_0.loss_ce: 0.3998  aux_0.acc_seg: 89.2584
2026/07/26 12:35:18 - mmengine - INFO - Iter(train) [ 15300/160000]  lr: 7.3914e-02  eta: 15:22:03  time: 0.3809  data_time: 0.0274  memory: 10145  loss: 1.2777  decode.loss_ohem: 0.8719  decode.acc_seg: 91.0708  aux_0.loss_ce: 0.4058  aux_0.acc_seg: 85.8662
2026/07/26 12:35:56 - mmengine - INFO - Iter(train) [ 15400/160000]  lr: 7.3868e-02  eta: 15:21:24  time: 0.3809  data_time: 0.0276  memory: 10145  loss: 1.2530  decode.loss_ohem: 0.8423  decode.acc_seg: 89.1406  aux_0.loss_ce: 0.4108  aux_0.acc_seg: 86.6457
2026/07/26 12:36:34 - mmengine - INFO - Iter(train) [ 15500/160000]  lr: 7.3822e-02  eta: 15:20:44  time: 0.3807  data_time: 0.0273  memory: 10145  loss: 1.2890  decode.loss_ohem: 0.8455  decode.acc_seg: 89.2134  aux_0.loss_ce: 0.4434  aux_0.acc_seg: 82.3362
2026/07/26 12:37:12 - mmengine - INFO - Iter(train) [ 15600/160000]  lr: 7.3776e-02  eta: 15:20:05  time: 0.3844  data_time: 0.0294  memory: 10145  loss: 1.3091  decode.loss_ohem: 0.8703  decode.acc_seg: 88.8391  aux_0.loss_ce: 0.4389  aux_0.acc_seg: 82.7483
2026/07/26 12:37:50 - mmengine - INFO - Iter(train) [ 15700/160000]  lr: 7.3730e-02  eta: 15:19:26  time: 0.3811  data_time: 0.0276  memory: 10145  loss: 1.2452  decode.loss_ohem: 0.8512  decode.acc_seg: 91.0027  aux_0.loss_ce: 0.3941  aux_0.acc_seg: 86.8431
2026/07/26 12:38:29 - mmengine - INFO - Iter(train) [ 15800/160000]  lr: 7.3684e-02  eta: 15:18:47  time: 0.3833  data_time: 0.0281  memory: 10145  loss: 1.2483  decode.loss_ohem: 0.8624  decode.acc_seg: 86.5294  aux_0.loss_ce: 0.3859  aux_0.acc_seg: 81.1241
2026/07/26 12:39:07 - mmengine - INFO - Iter(train) [ 15900/160000]  lr: 7.3638e-02  eta: 15:18:08  time: 0.3795  data_time: 0.0259  memory: 10145  loss: 1.1742  decode.loss_ohem: 0.7860  decode.acc_seg: 91.6171  aux_0.loss_ce: 0.3882  aux_0.acc_seg: 88.7245
2026/07/26 12:39:45 - mmengine - INFO - Exp name: dsanet_cityscapes_512x1024_20260726_105627
2026/07/26 12:39:45 - mmengine - INFO - Iter(train) [ 16000/160000]  lr: 7.3592e-02  eta: 15:17:28  time: 0.3809  data_time: 0.0278  memory: 10144  loss: 1.2250  decode.loss_ohem: 0.8288  decode.acc_seg: 92.0495  aux_0.loss_ce: 0.3963  aux_0.acc_seg: 88.7545
2026/07/26 12:40:23 - mmengine - INFO - Iter(train) [ 16100/160000]  lr: 7.3546e-02  eta: 15:16:48  time: 0.3799  data_time: 0.0265  memory: 10145  loss: 1.2776  decode.loss_ohem: 0.8455  decode.acc_seg: 83.4361  aux_0.loss_ce: 0.4321  aux_0.acc_seg: 76.5376
2026/07/26 12:41:01 - mmengine - INFO - Iter(train) [ 16200/160000]  lr: 7.3500e-02  eta: 15:16:08  time: 0.3830  data_time: 0.0294  memory: 10144  loss: 1.2845  decode.loss_ohem: 0.8573  decode.acc_seg: 89.7569  aux_0.loss_ce: 0.4272  aux_0.acc_seg: 85.6775
2026/07/26 12:41:39 - mmengine - INFO - Iter(train) [ 16300/160000]  lr: 7.3454e-02  eta: 15:15:29  time: 0.3798  data_time: 0.0261  memory: 10145  loss: 1.2375  decode.loss_ohem: 0.8142  decode.acc_seg: 89.4661  aux_0.loss_ce: 0.4233  aux_0.acc_seg: 83.3745
2026/07/26 12:42:17 - mmengine - INFO - Iter(train) [ 16400/160000]  lr: 7.3408e-02  eta: 15:14:51  time: 0.3813  data_time: 0.0274  memory: 10145  loss: 1.2776  decode.loss_ohem: 0.8281  decode.acc_seg: 87.0311  aux_0.loss_ce: 0.4495  aux_0.acc_seg: 80.9081
2026/07/26 12:42:55 - mmengine - INFO - Iter(train) [ 16500/160000]  lr: 7.3362e-02  eta: 15:14:12  time: 0.3809  data_time: 0.0280  memory: 10147  loss: 1.2550  decode.loss_ohem: 0.8411  decode.acc_seg: 90.6439  aux_0.loss_ce: 0.4140  aux_0.acc_seg: 87.4538
2026/07/26 12:43:34 - mmengine - INFO - Iter(train) [ 16600/160000]  lr: 7.3316e-02  eta: 15:13:33  time: 0.3808  data_time: 0.0277  memory: 10144  loss: 1.2998  decode.loss_ohem: 0.8615  decode.acc_seg: 92.1134  aux_0.loss_ce: 0.4383  aux_0.acc_seg: 87.7418
2026/07/26 12:44:12 - mmengine - INFO - Iter(train) [ 16700/160000]  lr: 7.3270e-02  eta: 15:12:53  time: 0.3815  data_time: 0.0280  memory: 10144  loss: 1.2018  decode.loss_ohem: 0.7959  decode.acc_seg: 87.4486  aux_0.loss_ce: 0.4059  aux_0.acc_seg: 84.7979
2026/07/26 12:44:50 - mmengine - INFO - Iter(train) [ 16800/160000]  lr: 7.3224e-02  eta: 15:12:15  time: 0.3826  data_time: 0.0281  memory: 10145  loss: 1.1386  decode.loss_ohem: 0.7367  decode.acc_seg: 88.5700  aux_0.loss_ce: 0.4020  aux_0.acc_seg: 84.1288
2026/07/26 12:45:28 - mmengine - INFO - Iter(train) [ 16900/160000]  lr: 7.3178e-02  eta: 15:11:36  time: 0.3826  data_time: 0.0277  memory: 10145  loss: 1.1827  decode.loss_ohem: 0.7989  decode.acc_seg: 90.1686  aux_0.loss_ce: 0.3838  aux_0.acc_seg: 88.8007
2026/07/26 12:46:06 - mmengine - INFO - Exp name: dsanet_cityscapes_512x1024_20260726_105627
2026/07/26 12:46:06 - mmengine - INFO - Iter(train) [ 17000/160000]  lr: 7.3132e-02  eta: 15:10:56  time: 0.3805  data_time: 0.0276  memory: 10145  loss: 1.2410  decode.loss_ohem: 0.8334  decode.acc_seg: 91.1583  aux_0.loss_ce: 0.4076  aux_0.acc_seg: 87.2063
2026/07/26 12:46:44 - mmengine - INFO - Iter(train) [ 17100/160000]  lr: 7.3086e-02  eta: 15:10:17  time: 0.3804  data_time: 0.0270  memory: 10146  loss: 1.2269  decode.loss_ohem: 0.8065  decode.acc_seg: 91.0687  aux_0.loss_ce: 0.4204  aux_0.acc_seg: 87.0029
2026/07/26 12:47:22 - mmengine - INFO - Iter(train) [ 17200/160000]  lr: 7.3040e-02  eta: 15:09:37  time: 0.3828  data_time: 0.0291  memory: 10144  loss: 1.2344  decode.loss_ohem: 0.8489  decode.acc_seg: 88.0813  aux_0.loss_ce: 0.3855  aux_0.acc_seg: 84.3125
2026/07/26 12:48:00 - mmengine - INFO - Iter(train) [ 17300/160000]  lr: 7.2994e-02  eta: 15:08:58  time: 0.3810  data_time: 0.0273  memory: 10144  loss: 1.2873  decode.loss_ohem: 0.8649  decode.acc_seg: 88.5560  aux_0.loss_ce: 0.4224  aux_0.acc_seg: 86.7158
2026/07/26 12:48:38 - mmengine - INFO - Iter(train) [ 17400/160000]  lr: 7.2948e-02  eta: 15:08:18  time: 0.3804  data_time: 0.0268  memory: 10144  loss: 1.2172  decode.loss_ohem: 0.7800  decode.acc_seg: 90.6420  aux_0.loss_ce: 0.4371  aux_0.acc_seg: 86.8090
2026/07/26 12:49:16 - mmengine - INFO - Iter(train) [ 17500/160000]  lr: 7.2902e-02  eta: 15:07:38  time: 0.3806  data_time: 0.0272  memory: 10145  loss: 1.2129  decode.loss_ohem: 0.8079  decode.acc_seg: 91.2296  aux_0.loss_ce: 0.4051  aux_0.acc_seg: 86.6867
2026/07/26 12:49:54 - mmengine - INFO - Iter(train) [ 17600/160000]  lr: 7.2856e-02  eta: 15:06:59  time: 0.3803  data_time: 0.0276  memory: 10145  loss: 1.1887  decode.loss_ohem: 0.7984  decode.acc_seg: 90.4440  aux_0.loss_ce: 0.3903  aux_0.acc_seg: 86.1134
2026/07/26 12:50:32 - mmengine - INFO - Iter(train) [ 17700/160000]  lr: 7.2810e-02  eta: 15:06:19  time: 0.3787  data_time: 0.0267  memory: 10145  loss: 1.3044  decode.loss_ohem: 0.9079  decode.acc_seg: 89.3350  aux_0.loss_ce: 0.3965  aux_0.acc_seg: 86.8042
2026/07/26 12:51:10 - mmengine - INFO - Iter(train) [ 17800/160000]  lr: 7.2764e-02  eta: 15:05:39  time: 0.3820  data_time: 0.0275  memory: 10145  loss: 1.2741  decode.loss_ohem: 0.8409  decode.acc_seg: 86.0239  aux_0.loss_ce: 0.4332  aux_0.acc_seg: 82.4709
2026/07/26 12:51:48 - mmengine - INFO - Iter(train) [ 17900/160000]  lr: 7.2718e-02  eta: 15:05:00  time: 0.3805  data_time: 0.0269  memory: 10144  loss: 1.2402  decode.loss_ohem: 0.8355  decode.acc_seg: 90.0109  aux_0.loss_ce: 0.4047  aux_0.acc_seg: 87.7421
2026/07/26 12:52:26 - mmengine - INFO - Exp name: dsanet_cityscapes_512x1024_20260726_105627
2026/07/26 12:52:26 - mmengine - INFO - Iter(train) [ 18000/160000]  lr: 7.2672e-02  eta: 15:04:20  time: 0.3789  data_time: 0.0264  memory: 10144  loss: 1.2437  decode.loss_ohem: 0.8134  decode.acc_seg: 88.4522  aux_0.loss_ce: 0.4303  aux_0.acc_seg: 85.1971
2026/07/26 12:53:04 - mmengine - INFO - Iter(train) [ 18100/160000]  lr: 7.2626e-02  eta: 15:03:40  time: 0.3789  data_time: 0.0268  memory: 10144  loss: 1.1572  decode.loss_ohem: 0.7923  decode.acc_seg: 90.9525  aux_0.loss_ce: 0.3649  aux_0.acc_seg: 86.0519
2026/07/26 12:53:42 - mmengine - INFO - Iter(train) [ 18200/160000]  lr: 7.2580e-02  eta: 15:03:00  time: 0.3803  data_time: 0.0271  memory: 10147  loss: 1.1647  decode.loss_ohem: 0.7618  decode.acc_seg: 90.1270  aux_0.loss_ce: 0.4029  aux_0.acc_seg: 86.1711
2026/07/26 12:54:20 - mmengine - INFO - Iter(train) [ 18300/160000]  lr: 7.2534e-02  eta: 15:02:20  time: 0.3804  data_time: 0.0274  memory: 10146  loss: 1.1746  decode.loss_ohem: 0.7645  decode.acc_seg: 92.3613  aux_0.loss_ce: 0.4101  aux_0.acc_seg: 88.5861
2026/07/26 12:54:59 - mmengine - INFO - Iter(train) [ 18400/160000]  lr: 7.2488e-02  eta: 15:01:42  time: 0.3834  data_time: 0.0277  memory: 10148  loss: 1.1307  decode.loss_ohem: 0.7629  decode.acc_seg: 89.7868  aux_0.loss_ce: 0.3678  aux_0.acc_seg: 86.6872
2026/07/26 12:55:37 - mmengine - INFO - Iter(train) [ 18500/160000]  lr: 7.2442e-02  eta: 15:01:03  time: 0.3801  data_time: 0.0267  memory: 10147  loss: 1.2186  decode.loss_ohem: 0.8333  decode.acc_seg: 92.0429  aux_0.loss_ce: 0.3853  aux_0.acc_seg: 87.3070
2026/07/26 12:56:15 - mmengine - INFO - Iter(train) [ 18600/160000]  lr: 7.2395e-02  eta: 15:00:24  time: 0.3800  data_time: 0.0270  memory: 10145  loss: 1.2198  decode.loss_ohem: 0.8213  decode.acc_seg: 87.0994  aux_0.loss_ce: 0.3985  aux_0.acc_seg: 84.7048
2026/07/26 12:56:53 - mmengine - INFO - Iter(train) [ 18700/160000]  lr: 7.2349e-02  eta: 14:59:44  time: 0.3795  data_time: 0.0262  memory: 10145  loss: 1.1671  decode.loss_ohem: 0.7845  decode.acc_seg: 92.4237  aux_0.loss_ce: 0.3826  aux_0.acc_seg: 90.5885
2026/07/26 12:57:31 - mmengine - INFO - Iter(train) [ 18800/160000]  lr: 7.2303e-02  eta: 14:59:05  time: 0.3802  data_time: 0.0270  memory: 10145  loss: 1.1976  decode.loss_ohem: 0.8090  decode.acc_seg: 91.9271  aux_0.loss_ce: 0.3886  aux_0.acc_seg: 87.0588
2026/07/26 12:58:09 - mmengine - INFO - Iter(train) [ 18900/160000]  lr: 7.2257e-02  eta: 14:58:25  time: 0.3796  data_time: 0.0266  memory: 10145  loss: 1.2828  decode.loss_ohem: 0.8568  decode.acc_seg: 89.3896  aux_0.loss_ce: 0.4260  aux_0.acc_seg: 85.5248
2026/07/26 12:58:47 - mmengine - INFO - Exp name: dsanet_cityscapes_512x1024_20260726_105627
2026/07/26 12:58:47 - mmengine - INFO - Iter(train) [ 19000/160000]  lr: 7.2211e-02  eta: 14:57:46  time: 0.3813  data_time: 0.0274  memory: 10144  loss: 1.2304  decode.loss_ohem: 0.8119  decode.acc_seg: 89.0846  aux_0.loss_ce: 0.4185  aux_0.acc_seg: 83.5463
2026/07/26 12:59:25 - mmengine - INFO - Iter(train) [ 19100/160000]  lr: 7.2165e-02  eta: 14:57:07  time: 0.3775  data_time: 0.0257  memory: 10147  loss: 1.2996  decode.loss_ohem: 0.8667  decode.acc_seg: 88.4988  aux_0.loss_ce: 0.4329  aux_0.acc_seg: 83.2606
2026/07/26 13:00:03 - mmengine - INFO - Iter(train) [ 19200/160000]  lr: 7.2119e-02  eta: 14:56:28  time: 0.3818  data_time: 0.0276  memory: 10145  loss: 1.2509  decode.loss_ohem: 0.8288  decode.acc_seg: 89.9252  aux_0.loss_ce: 0.4220  aux_0.acc_seg: 85.3769
2026/07/26 13:00:41 - mmengine - INFO - Iter(train) [ 19300/160000]  lr: 7.2073e-02  eta: 14:55:49  time: 0.3798  data_time: 0.0269  memory: 10146  loss: 1.1822  decode.loss_ohem: 0.7939  decode.acc_seg: 88.2406  aux_0.loss_ce: 0.3883  aux_0.acc_seg: 82.4073
2026/07/26 13:01:19 - mmengine - INFO - Iter(train) [ 19400/160000]  lr: 7.2027e-02  eta: 14:55:09  time: 0.3798  data_time: 0.0269  memory: 10145  loss: 1.1522  decode.loss_ohem: 0.7644  decode.acc_seg: 90.0049  aux_0.loss_ce: 0.3877  aux_0.acc_seg: 86.1710
2026/07/26 13:01:57 - mmengine - INFO - Iter(train) [ 19500/160000]  lr: 7.1981e-02  eta: 14:54:29  time: 0.3792  data_time: 0.0260  memory: 10145  loss: 1.2240  decode.loss_ohem: 0.8161  decode.acc_seg: 88.1170  aux_0.loss_ce: 0.4079  aux_0.acc_seg: 86.2159
2026/07/26 13:02:35 - mmengine - INFO - Iter(train) [ 19600/160000]  lr: 7.1935e-02  eta: 14:53:49  time: 0.3766  data_time: 0.0250  memory: 10145  loss: 1.2000  decode.loss_ohem: 0.7850  decode.acc_seg: 91.2992  aux_0.loss_ce: 0.4150  aux_0.acc_seg: 85.1743
2026/07/26 13:03:13 - mmengine - INFO - Iter(train) [ 19700/160000]  lr: 7.1888e-02  eta: 14:53:08  time: 0.3785  data_time: 0.0264  memory: 10144  loss: 1.1938  decode.loss_ohem: 0.7993  decode.acc_seg: 91.2652  aux_0.loss_ce: 0.3944  aux_0.acc_seg: 89.3140
2026/07/26 13:03:51 - mmengine - INFO - Iter(train) [ 19800/160000]  lr: 7.1842e-02  eta: 14:52:29  time: 0.3796  data_time: 0.0265  memory: 10146  loss: 1.2219  decode.loss_ohem: 0.8247  decode.acc_seg: 89.9179  aux_0.loss_ce: 0.3972  aux_0.acc_seg: 87.0045
2026/07/26 13:04:29 - mmengine - INFO - Iter(train) [ 19900/160000]  lr: 7.1796e-02  eta: 14:51:49  time: 0.3790  data_time: 0.0261  memory: 10145  loss: 1.1990  decode.loss_ohem: 0.8095  decode.acc_seg: 91.5225  aux_0.loss_ce: 0.3896  aux_0.acc_seg: 88.0125
2026/07/26 13:05:07 - mmengine - INFO - Exp name: dsanet_cityscapes_512x1024_20260726_105627
2026/07/26 13:05:07 - mmengine - INFO - Iter(train) [ 20000/160000]  lr: 7.1750e-02  eta: 14:51:09  time: 0.3776  data_time: 0.0254  memory: 10144  loss: 1.2356  decode.loss_ohem: 0.8705  decode.acc_seg: 85.9038  aux_0.loss_ce: 0.3650  aux_0.acc_seg: 83.5232
2026/07/26 13:05:07 - mmengine - INFO - Saving checkpoint at 20000 iterations
2026/07/26 13:05:18 - mmengine - INFO - Iter(val) [100/250]    eta: 0:00:15  time: 0.0999  data_time: 0.0437  memory: 835  
2026/07/26 13:05:28 - mmengine - INFO - Iter(val) [200/250]    eta: 0:00:05  time: 0.0999  data_time: 0.0159  memory: 835  
2026/07/26 13:05:33 - mmengine - INFO - per class results:
2026/07/26 13:05:33 - mmengine - INFO - 
+---------------+-------+-------+
|     Class     |  IoU  |  Acc  |
+---------------+-------+-------+
|      road     | 96.31 | 98.43 |
|    sidewalk   | 72.84 | 79.74 |
|    building   |  86.1 | 94.88 |
|      wall     | 26.16 | 28.47 |
|     fence     | 33.79 | 36.53 |
|      pole     |  44.2 | 50.76 |
| traffic light | 35.57 | 42.03 |
|  traffic sign | 54.69 | 59.49 |
|   vegetation  | 89.04 | 95.51 |
|    terrain    | 53.89 | 71.57 |
|      sky      | 86.05 | 89.73 |
|     person    | 61.53 | 85.41 |
|     rider     | 40.06 | 67.28 |
|      car      | 88.75 | 96.95 |
|     truck     | 25.05 | 25.78 |
|      bus      | 49.91 | 65.21 |
|     train     | 31.94 |  51.1 |
|   motorcycle  | 21.67 | 25.67 |
|    bicycle    | 59.77 | 80.27 |
+---------------+-------+-------+
2026/07/26 13:05:33 - mmengine - INFO - Iter(val) [250/250]    aAcc: 92.6000  mIoU: 55.6500  mAcc: 65.5200  data_time: 0.0256  time: 0.1010
2026/07/26 13:05:33 - mmengine - INFO - The previous best checkpoint /root/autodl-tmp/DSANet-main/tools/work_dirs/dsanet_cityscapes_512x1024/best_mIoU_iter_15000.pth is removed
2026/07/26 13:05:33 - mmengine - INFO - The best checkpoint with 55.6500 mIoU at 20000 iter is saved to best_mIoU_iter_20000.pth.
2026/07/26 13:06:11 - mmengine - INFO - Iter(train) [ 20100/160000]  lr: 7.1704e-02  eta: 14:50:35  time: 0.3801  data_time: 0.0274  memory: 10148  loss: 1.2702  decode.loss_ohem: 0.8783  decode.acc_seg: 88.6729  aux_0.loss_ce: 0.3919  aux_0.acc_seg: 82.0780
2026/07/26 13:06:49 - mmengine - INFO - Iter(train) [ 20200/160000]  lr: 7.1658e-02  eta: 14:49:56  time: 0.3780  data_time: 0.0260  memory: 10145  loss: 1.2455  decode.loss_ohem: 0.8259  decode.acc_seg: 87.8540  aux_0.loss_ce: 0.4196  aux_0.acc_seg: 81.3081
2026/07/26 13:07:28 - mmengine - INFO - Iter(train) [ 20300/160000]  lr: 7.1612e-02  eta: 14:49:18  time: 0.3850  data_time: 0.0294  memory: 10143  loss: 1.2604  decode.loss_ohem: 0.8689  decode.acc_seg: 81.5794  aux_0.loss_ce: 0.3915  aux_0.acc_seg: 79.7189
2026/07/26 13:08:06 - mmengine - INFO - Iter(train) [ 20400/160000]  lr: 7.1566e-02  eta: 14:48:41  time: 0.3837  data_time: 0.0287  memory: 10145  loss: 1.2062  decode.loss_ohem: 0.7996  decode.acc_seg: 90.7829  aux_0.loss_ce: 0.4066  aux_0.acc_seg: 86.0558
2026/07/26 13:08:44 - mmengine - INFO - Iter(train) [ 20500/160000]  lr: 7.1519e-02  eta: 14:48:03  time: 0.3818  data_time: 0.0279  memory: 10143  loss: 1.3203  decode.loss_ohem: 0.9101  decode.acc_seg: 87.4983  aux_0.loss_ce: 0.4103  aux_0.acc_seg: 85.8707
2026/07/26 13:09:23 - mmengine - INFO - Iter(train) [ 20600/160000]  lr: 7.1473e-02  eta: 14:47:27  time: 0.3833  data_time: 0.0278  memory: 10145  loss: 1.3418  decode.loss_ohem: 0.8992  decode.acc_seg: 89.8295  aux_0.loss_ce: 0.4426  aux_0.acc_seg: 84.4840
2026/07/26 13:10:01 - mmengine - INFO - Iter(train) [ 20700/160000]  lr: 7.1427e-02  eta: 14:46:50  time: 0.3864  data_time: 0.0306  memory: 10145  loss: 1.2368  decode.loss_ohem: 0.8471  decode.acc_seg: 90.7380  aux_0.loss_ce: 0.3897  aux_0.acc_seg: 86.4910
2026/07/26 13:10:39 - mmengine - INFO - Iter(train) [ 20800/160000]  lr: 7.1381e-02  eta: 14:46:12  time: 0.3848  data_time: 0.0279  memory: 10146  loss: 1.1794  decode.loss_ohem: 0.7750  decode.acc_seg: 90.4930  aux_0.loss_ce: 0.4044  aux_0.acc_seg: 88.0201
2026/07/26 13:11:18 - mmengine - INFO - Iter(train) [ 20900/160000]  lr: 7.1335e-02  eta: 14:45:34  time: 0.3809  data_time: 0.0269  memory: 10146  loss: 1.1480  decode.loss_ohem: 0.7823  decode.acc_seg: 87.3470  aux_0.loss_ce: 0.3657  aux_0.acc_seg: 83.2055
2026/07/26 13:11:56 - mmengine - INFO - Exp name: dsanet_cityscapes_512x1024_20260726_105627
2026/07/26 13:11:56 - mmengine - INFO - Iter(train) [ 21000/160000]  lr: 7.1289e-02  eta: 14:44:58  time: 0.3858  data_time: 0.0304  memory: 10145  loss: 1.3861  decode.loss_ohem: 0.9240  decode.acc_seg: 90.8675  aux_0.loss_ce: 0.4621  aux_0.acc_seg: 87.3590
2026/07/26 13:12:35 - mmengine - INFO - Iter(train) [ 21100/160000]  lr: 7.1243e-02  eta: 14:44:21  time: 0.3864  data_time: 0.0300  memory: 10144  loss: 1.1411  decode.loss_ohem: 0.7561  decode.acc_seg: 91.9584  aux_0.loss_ce: 0.3849  aux_0.acc_seg: 85.8741
2026/07/26 13:13:13 - mmengine - INFO - Iter(train) [ 21200/160000]  lr: 7.1196e-02  eta: 14:43:44  time: 0.3823  data_time: 0.0287  memory: 10144  loss: 1.0953  decode.loss_ohem: 0.7140  decode.acc_seg: 89.6457  aux_0.loss_ce: 0.3813  aux_0.acc_seg: 80.7424
2026/07/26 13:13:51 - mmengine - INFO - Iter(train) [ 21300/160000]  lr: 7.1150e-02  eta: 14:43:06  time: 0.3857  data_time: 0.0299  memory: 10144  loss: 1.1801  decode.loss_ohem: 0.7550  decode.acc_seg: 90.4830  aux_0.loss_ce: 0.4251  aux_0.acc_seg: 86.7905
2026/07/26 13:14:29 - mmengine - INFO - Iter(train) [ 21400/160000]  lr: 7.1104e-02  eta: 14:42:28  time: 0.3822  data_time: 0.0277  memory: 10147  loss: 1.2385  decode.loss_ohem: 0.7958  decode.acc_seg: 89.9662  aux_0.loss_ce: 0.4427  aux_0.acc_seg: 84.0558
2026/07/26 13:15:08 - mmengine - INFO - Iter(train) [ 21500/160000]  lr: 7.1058e-02  eta: 14:41:50  time: 0.3804  data_time: 0.0266  memory: 10144  loss: 1.2062  decode.loss_ohem: 0.8070  decode.acc_seg: 90.9233  aux_0.loss_ce: 0.3992  aux_0.acc_seg: 89.0663
2026/07/26 13:15:46 - mmengine - INFO - Iter(train) [ 21600/160000]  lr: 7.1012e-02  eta: 14:41:11  time: 0.3814  data_time: 0.0272  memory: 10145  loss: 1.1566  decode.loss_ohem: 0.7707  decode.acc_seg: 90.1360  aux_0.loss_ce: 0.3859  aux_0.acc_seg: 87.1980
2026/07/26 13:16:24 - mmengine - INFO - Iter(train) [ 21700/160000]  lr: 7.0966e-02  eta: 14:40:32  time: 0.3821  data_time: 0.0273  memory: 10146  loss: 1.2730  decode.loss_ohem: 0.8476  decode.acc_seg: 88.5770  aux_0.loss_ce: 0.4254  aux_0.acc_seg: 85.3190
2026/07/26 13:17:02 - mmengine - INFO - Iter(train) [ 21800/160000]  lr: 7.0919e-02  eta: 14:39:55  time: 0.3822  data_time: 0.0285  memory: 10144  loss: 1.2563  decode.loss_ohem: 0.8611  decode.acc_seg: 89.8595  aux_0.loss_ce: 0.3951  aux_0.acc_seg: 85.4826
2026/07/26 13:17:41 - mmengine - INFO - Iter(train) [ 21900/160000]  lr: 7.0873e-02  eta: 14:39:17  time: 0.3831  data_time: 0.0283  memory: 10145  loss: 1.1503  decode.loss_ohem: 0.7712  decode.acc_seg: 86.3043  aux_0.loss_ce: 0.3791  aux_0.acc_seg: 78.3403
2026/07/26 13:18:19 - mmengine - INFO - Exp name: dsanet_cityscapes_512x1024_20260726_105627
2026/07/26 13:18:19 - mmengine - INFO - Iter(train) [ 22000/160000]  lr: 7.0827e-02  eta: 14:38:39  time: 0.3796  data_time: 0.0269  memory: 10145  loss: 1.2762  decode.loss_ohem: 0.8601  decode.acc_seg: 83.9840  aux_0.loss_ce: 0.4161  aux_0.acc_seg: 78.1596
2026/07/26 13:18:57 - mmengine - INFO - Iter(train) [ 22100/160000]  lr: 7.0781e-02  eta: 14:38:00  time: 0.3839  data_time: 0.0286  memory: 10144  loss: 1.2877  decode.loss_ohem: 0.8918  decode.acc_seg: 90.0585  aux_0.loss_ce: 0.3959  aux_0.acc_seg: 85.3039
2026/07/26 13:19:35 - mmengine - INFO - Iter(train) [ 22200/160000]  lr: 7.0735e-02  eta: 14:37:22  time: 0.3824  data_time: 0.0279  memory: 10144  loss: 1.1884  decode.loss_ohem: 0.7886  decode.acc_seg: 92.6809  aux_0.loss_ce: 0.3998  aux_0.acc_seg: 90.7862
2026/07/26 13:20:13 - mmengine - INFO - Iter(train) [ 22300/160000]  lr: 7.0689e-02  eta: 14:36:44  time: 0.3815  data_time: 0.0274  memory: 10145  loss: 1.1370  decode.loss_ohem: 0.7705  decode.acc_seg: 90.1759  aux_0.loss_ce: 0.3666  aux_0.acc_seg: 86.9555
2026/07/26 13:20:51 - mmengine - INFO - Iter(train) [ 22400/160000]  lr: 7.0642e-02  eta: 14:36:05  time: 0.3829  data_time: 0.0285  memory: 10144  loss: 1.1723  decode.loss_ohem: 0.7873  decode.acc_seg: 88.9283  aux_0.loss_ce: 0.3849  aux_0.acc_seg: 85.0464
2026/07/26 13:21:30 - mmengine - INFO - Iter(train) [ 22500/160000]  lr: 7.0596e-02  eta: 14:35:27  time: 0.3826  data_time: 0.0281  memory: 10146  loss: 1.2099  decode.loss_ohem: 0.7901  decode.acc_seg: 89.7579  aux_0.loss_ce: 0.4197  aux_0.acc_seg: 86.7026
2026/07/26 13:22:08 - mmengine - INFO - Iter(train) [ 22600/160000]  lr: 7.0550e-02  eta: 14:34:48  time: 0.3838  data_time: 0.0288  memory: 10145  loss: 1.3136  decode.loss_ohem: 0.8322  decode.acc_seg: 80.8973  aux_0.loss_ce: 0.4814  aux_0.acc_seg: 74.8177
2026/07/26 13:22:46 - mmengine - INFO - Iter(train) [ 22700/160000]  lr: 7.0504e-02  eta: 14:34:10  time: 0.3813  data_time: 0.0279  memory: 10145  loss: 1.2654  decode.loss_ohem: 0.8655  decode.acc_seg: 91.0855  aux_0.loss_ce: 0.3999  aux_0.acc_seg: 88.7685
2026/07/26 13:23:24 - mmengine - INFO - Iter(train) [ 22800/160000]  lr: 7.0457e-02  eta: 14:33:31  time: 0.3806  data_time: 0.0278  memory: 10145  loss: 1.1849  decode.loss_ohem: 0.7790  decode.acc_seg: 87.5833  aux_0.loss_ce: 0.4059  aux_0.acc_seg: 83.0840
2026/07/26 13:24:02 - mmengine - INFO - Iter(train) [ 22900/160000]  lr: 7.0411e-02  eta: 14:32:52  time: 0.3794  data_time: 0.0262  memory: 10144  loss: 1.2023  decode.loss_ohem: 0.8256  decode.acc_seg: 89.4696  aux_0.loss_ce: 0.3767  aux_0.acc_seg: 86.9298
2026/07/26 13:24:40 - mmengine - INFO - Exp name: dsanet_cityscapes_512x1024_20260726_105627
2026/07/26 13:24:40 - mmengine - INFO - Iter(train) [ 23000/160000]  lr: 7.0365e-02  eta: 14:32:13  time: 0.3807  data_time: 0.0272  memory: 10144  loss: 1.1190  decode.loss_ohem: 0.7302  decode.acc_seg: 91.0914  aux_0.loss_ce: 0.3888  aux_0.acc_seg: 85.6393
2026/07/26 13:25:18 - mmengine - INFO - Iter(train) [ 23100/160000]  lr: 7.0319e-02  eta: 14:31:34  time: 0.3807  data_time: 0.0276  memory: 10145  loss: 1.2443  decode.loss_ohem: 0.8434  decode.acc_seg: 82.3689  aux_0.loss_ce: 0.4009  aux_0.acc_seg: 80.3601
2026/07/26 13:25:56 - mmengine - INFO - Iter(train) [ 23200/160000]  lr: 7.0273e-02  eta: 14:30:56  time: 0.3811  data_time: 0.0282  memory: 10147  loss: 1.2205  decode.loss_ohem: 0.8093  decode.acc_seg: 88.3997  aux_0.loss_ce: 0.4113  aux_0.acc_seg: 81.2738
2026/07/26 13:26:35 - mmengine - INFO - Iter(train) [ 23300/160000]  lr: 7.0226e-02  eta: 14:30:17  time: 0.3821  data_time: 0.0277  memory: 10145  loss: 1.1521  decode.loss_ohem: 0.7746  decode.acc_seg: 87.9066  aux_0.loss_ce: 0.3775  aux_0.acc_seg: 85.5589
2026/07/26 13:27:13 - mmengine - INFO - Iter(train) [ 23400/160000]  lr: 7.0180e-02  eta: 14:29:39  time: 0.3805  data_time: 0.0274  memory: 10144  loss: 1.1448  decode.loss_ohem: 0.7701  decode.acc_seg: 90.4135  aux_0.loss_ce: 0.3746  aux_0.acc_seg: 84.6415
2026/07/26 13:27:51 - mmengine - INFO - Iter(train) [ 23500/160000]  lr: 7.0134e-02  eta: 14:29:01  time: 0.3800  data_time: 0.0272  memory: 10144  loss: 1.0784  decode.loss_ohem: 0.7264  decode.acc_seg: 91.9126  aux_0.loss_ce: 0.3519  aux_0.acc_seg: 87.3513
2026/07/26 13:28:29 - mmengine - INFO - Iter(train) [ 23600/160000]  lr: 7.0088e-02  eta: 14:28:21  time: 0.3822  data_time: 0.0291  memory: 10147  loss: 1.2643  decode.loss_ohem: 0.8410  decode.acc_seg: 88.7271  aux_0.loss_ce: 0.4234  aux_0.acc_seg: 84.8621
2026/07/26 13:29:07 - mmengine - INFO - Iter(train) [ 23700/160000]  lr: 7.0041e-02  eta: 14:27:42  time: 0.3822  data_time: 0.0284  memory: 10145  loss: 1.1386  decode.loss_ohem: 0.7741  decode.acc_seg: 90.5430  aux_0.loss_ce: 0.3645  aux_0.acc_seg: 84.2949
2026/07/26 13:29:45 - mmengine - INFO - Iter(train) [ 23800/160000]  lr: 6.9995e-02  eta: 14:27:03  time: 0.3805  data_time: 0.0275  memory: 10144  loss: 1.1161  decode.loss_ohem: 0.7434  decode.acc_seg: 91.4579  aux_0.loss_ce: 0.3726  aux_0.acc_seg: 84.4724
2026/07/26 13:30:23 - mmengine - INFO - Iter(train) [ 23900/160000]  lr: 6.9949e-02  eta: 14:26:25  time: 0.3816  data_time: 0.0274  memory: 10145  loss: 1.2636  decode.loss_ohem: 0.8374  decode.acc_seg: 89.9069  aux_0.loss_ce: 0.4262  aux_0.acc_seg: 84.8486
2026/07/26 13:31:01 - mmengine - INFO - Exp name: dsanet_cityscapes_512x1024_20260726_105627
2026/07/26 13:31:01 - mmengine - INFO - Iter(train) [ 24000/160000]  lr: 6.9903e-02  eta: 14:25:46  time: 0.3794  data_time: 0.0265  memory: 10145  loss: 1.1612  decode.loss_ohem: 0.7565  decode.acc_seg: 89.9503  aux_0.loss_ce: 0.4047  aux_0.acc_seg: 86.7805
2026/07/26 13:31:39 - mmengine - INFO - Iter(train) [ 24100/160000]  lr: 6.9856e-02  eta: 14:25:08  time: 0.3806  data_time: 0.0269  memory: 10146  loss: 1.1340  decode.loss_ohem: 0.7569  decode.acc_seg: 90.9417  aux_0.loss_ce: 0.3771  aux_0.acc_seg: 87.1255
2026/07/26 13:32:18 - mmengine - INFO - Iter(train) [ 24200/160000]  lr: 6.9810e-02  eta: 14:24:29  time: 0.3818  data_time: 0.0275  memory: 10143  loss: 1.2028  decode.loss_ohem: 0.8096  decode.acc_seg: 88.6924  aux_0.loss_ce: 0.3932  aux_0.acc_seg: 83.6071
2026/07/26 13:32:56 - mmengine - INFO - Iter(train) [ 24300/160000]  lr: 6.9764e-02  eta: 14:23:51  time: 0.3814  data_time: 0.0278  memory: 10144  loss: 1.2021  decode.loss_ohem: 0.8114  decode.acc_seg: 89.5152  aux_0.loss_ce: 0.3907  aux_0.acc_seg: 87.2648
2026/07/26 13:33:34 - mmengine - INFO - Iter(train) [ 24400/160000]  lr: 6.9718e-02  eta: 14:23:13  time: 0.3808  data_time: 0.0277  memory: 10144  loss: 1.2473  decode.loss_ohem: 0.8607  decode.acc_seg: 90.0274  aux_0.loss_ce: 0.3866  aux_0.acc_seg: 86.1297
2026/07/26 13:34:12 - mmengine - INFO - Iter(train) [ 24500/160000]  lr: 6.9671e-02  eta: 14:22:36  time: 0.3830  data_time: 0.0282  memory: 10145  loss: 1.2748  decode.loss_ohem: 0.8356  decode.acc_seg: 90.4682  aux_0.loss_ce: 0.4392  aux_0.acc_seg: 86.7770
2026/07/26 13:34:51 - mmengine - INFO - Iter(train) [ 24600/160000]  lr: 6.9625e-02  eta: 14:21:58  time: 0.3800  data_time: 0.0273  memory: 10144  loss: 1.2300  decode.loss_ohem: 0.8254  decode.acc_seg: 88.5377  aux_0.loss_ce: 0.4046  aux_0.acc_seg: 84.0988
2026/07/26 13:35:29 - mmengine - INFO - Iter(train) [ 24700/160000]  lr: 6.9579e-02  eta: 14:21:20  time: 0.3819  data_time: 0.0278  memory: 10145  loss: 1.2034  decode.loss_ohem: 0.7912  decode.acc_seg: 88.6920  aux_0.loss_ce: 0.4122  aux_0.acc_seg: 84.1427
2026/07/26 13:36:07 - mmengine - INFO - Iter(train) [ 24800/160000]  lr: 6.9533e-02  eta: 14:20:43  time: 0.3855  data_time: 0.0288  memory: 10145  loss: 1.1748  decode.loss_ohem: 0.8125  decode.acc_seg: 91.9485  aux_0.loss_ce: 0.3622  aux_0.acc_seg: 87.9333
2026/07/26 13:36:46 - mmengine - INFO - Iter(train) [ 24900/160000]  lr: 6.9486e-02  eta: 14:20:05  time: 0.3829  data_time: 0.0278  memory: 10145  loss: 1.1390  decode.loss_ohem: 0.7823  decode.acc_seg: 91.3747  aux_0.loss_ce: 0.3567  aux_0.acc_seg: 87.0274
2026/07/26 13:37:24 - mmengine - INFO - Exp name: dsanet_cityscapes_512x1024_20260726_105627
2026/07/26 13:37:24 - mmengine - INFO - Iter(train) [ 25000/160000]  lr: 6.9440e-02  eta: 14:19:28  time: 0.3820  data_time: 0.0282  memory: 10145  loss: 1.1144  decode.loss_ohem: 0.7510  decode.acc_seg: 91.7723  aux_0.loss_ce: 0.3634  aux_0.acc_seg: 87.6105
2026/07/26 13:37:24 - mmengine - INFO - Saving checkpoint at 25000 iterations
2026/07/26 13:37:35 - mmengine - INFO - Iter(val) [100/250]    eta: 0:00:15  time: 0.1001  data_time: 0.0161  memory: 835  
2026/07/26 13:37:45 - mmengine - INFO - Iter(val) [200/250]    eta: 0:00:05  time: 0.1029  data_time: 0.0456  memory: 835  
2026/07/26 13:37:50 - mmengine - INFO - per class results:
2026/07/26 13:37:50 - mmengine - INFO - 
+---------------+-------+-------+
|     Class     |  IoU  |  Acc  |
+---------------+-------+-------+
|      road     | 95.96 | 97.02 |
|    sidewalk   | 72.37 | 91.74 |
|    building   |  87.0 | 95.74 |
|      wall     | 29.73 | 30.92 |
|     fence     | 40.41 | 47.68 |
|      pole     | 47.95 |  56.7 |
| traffic light | 31.28 | 34.09 |
|  traffic sign | 59.49 | 70.05 |
|   vegetation  | 89.03 | 94.14 |
|    terrain    | 50.48 | 64.39 |
|      sky      |  91.0 | 96.89 |
|     person    | 67.19 | 83.61 |
|     rider     | 36.69 | 44.03 |
|      car      | 87.49 | 95.27 |
|     truck     | 30.87 | 37.43 |
|      bus      | 29.67 | 32.33 |
|     train     |  9.12 |  9.16 |
|   motorcycle  | 12.26 | 12.79 |
|    bicycle    | 63.13 | 75.29 |
+---------------+-------+-------+
2026/07/26 13:37:50 - mmengine - INFO - Iter(val) [250/250]    aAcc: 92.7300  mIoU: 54.2700  mAcc: 61.5400  data_time: 0.0319  time: 0.1017
2026/07/26 13:38:28 - mmengine - INFO - Iter(train) [ 25100/160000]  lr: 6.9394e-02  eta: 14:18:50  time: 0.3814  data_time: 0.0279  memory: 10145  loss: 1.2455  decode.loss_ohem: 0.8402  decode.acc_seg: 88.5308  aux_0.loss_ce: 0.4053  aux_0.acc_seg: 84.4518
2026/07/26 13:39:06 - mmengine - INFO - Iter(train) [ 25200/160000]  lr: 6.9347e-02  eta: 14:18:12  time: 0.3834  data_time: 0.0289  memory: 10145  loss: 1.2047  decode.loss_ohem: 0.7881  decode.acc_seg: 87.5391  aux_0.loss_ce: 0.4166  aux_0.acc_seg: 81.0568
2026/07/26 13:39:45 - mmengine - INFO - Iter(train) [ 25300/160000]  lr: 6.9301e-02  eta: 14:17:34  time: 0.3820  data_time: 0.0282  memory: 10144  loss: 1.2223  decode.loss_ohem: 0.8254  decode.acc_seg: 91.5685  aux_0.loss_ce: 0.3969  aux_0.acc_seg: 87.0042
2026/07/26 13:40:23 - mmengine - INFO - Iter(train) [ 25400/160000]  lr: 6.9255e-02  eta: 14:16:56  time: 0.3816  data_time: 0.0273  memory: 10144  loss: 1.2474  decode.loss_ohem: 0.8221  decode.acc_seg: 87.1535  aux_0.loss_ce: 0.4253  aux_0.acc_seg: 83.3745
2026/07/26 13:41:01 - mmengine - INFO - Iter(train) [ 25500/160000]  lr: 6.9209e-02  eta: 14:16:18  time: 0.3837  data_time: 0.0281  memory: 10144  loss: 1.1494  decode.loss_ohem: 0.7625  decode.acc_seg: 89.4060  aux_0.loss_ce: 0.3869  aux_0.acc_seg: 83.6176
2026/07/26 13:41:39 - mmengine - INFO - Iter(train) [ 25600/160000]  lr: 6.9162e-02  eta: 14:15:40  time: 0.3816  data_time: 0.0276  memory: 10144  loss: 1.1712  decode.loss_ohem: 0.7932  decode.acc_seg: 92.4860  aux_0.loss_ce: 0.3781  aux_0.acc_seg: 86.5592
2026/07/26 13:42:18 - mmengine - INFO - Iter(train) [ 25700/160000]  lr: 6.9116e-02  eta: 14:15:03  time: 0.3803  data_time: 0.0267  memory: 10146  loss: 1.2109  decode.loss_ohem: 0.8108  decode.acc_seg: 91.9798  aux_0.loss_ce: 0.4001  aux_0.acc_seg: 85.4653
2026/07/26 13:42:56 - mmengine - INFO - Iter(train) [ 25800/160000]  lr: 6.9070e-02  eta: 14:14:24  time: 0.3802  data_time: 0.0271  memory: 10145  loss: 1.1984  decode.loss_ohem: 0.8108  decode.acc_seg: 87.3390  aux_0.loss_ce: 0.3876  aux_0.acc_seg: 82.5503
2026/07/26 13:43:34 - mmengine - INFO - Iter(train) [ 25900/160000]  lr: 6.9023e-02  eta: 14:13:46  time: 0.3820  data_time: 0.0283  memory: 10143  loss: 1.1362  decode.loss_ohem: 0.7748  decode.acc_seg: 86.9589  aux_0.loss_ce: 0.3614  aux_0.acc_seg: 84.8344
2026/07/26 13:44:12 - mmengine - INFO - Exp name: dsanet_cityscapes_512x1024_20260726_105627
2026/07/26 13:44:12 - mmengine - INFO - Iter(train) [ 26000/160000]  lr: 6.8977e-02  eta: 14:13:08  time: 0.3843  data_time: 0.0287  memory: 10145  loss: 1.1356  decode.loss_ohem: 0.7962  decode.acc_seg: 90.8460  aux_0.loss_ce: 0.3394  aux_0.acc_seg: 87.4269
2026/07/26 13:44:50 - mmengine - INFO - Iter(train) [ 26100/160000]  lr: 6.8931e-02  eta: 14:12:30  time: 0.3828  data_time: 0.0281  memory: 10144  loss: 1.1960  decode.loss_ohem: 0.7750  decode.acc_seg: 91.9208  aux_0.loss_ce: 0.4210  aux_0.acc_seg: 86.8674
2026/07/26 13:45:29 - mmengine - INFO - Iter(train) [ 26200/160000]  lr: 6.8884e-02  eta: 14:11:52  time: 0.3842  data_time: 0.0288  memory: 10143  loss: 1.2169  decode.loss_ohem: 0.8248  decode.acc_seg: 88.1785  aux_0.loss_ce: 0.3921  aux_0.acc_seg: 83.2273
2026/07/26 13:46:07 - mmengine - INFO - Iter(train) [ 26300/160000]  lr: 6.8838e-02  eta: 14:11:13  time: 0.3815  data_time: 0.0281  memory: 10145  loss: 1.2220  decode.loss_ohem: 0.8193  decode.acc_seg: 90.6552  aux_0.loss_ce: 0.4027  aux_0.acc_seg: 85.5577
2026/07/26 13:46:45 - mmengine - INFO - Iter(train) [ 26400/160000]  lr: 6.8792e-02  eta: 14:10:34  time: 0.3845  data_time: 0.0285  memory: 10147  loss: 1.2438  decode.loss_ohem: 0.8237  decode.acc_seg: 94.0578  aux_0.loss_ce: 0.4201  aux_0.acc_seg: 88.3288
2026/07/26 13:47:23 - mmengine - INFO - Iter(train) [ 26500/160000]  lr: 6.8745e-02  eta: 14:09:56  time: 0.3818  data_time: 0.0273  memory: 10145  loss: 1.1628  decode.loss_ohem: 0.7608  decode.acc_seg: 89.0964  aux_0.loss_ce: 0.4020  aux_0.acc_seg: 77.2523
2026/07/26 13:48:01 - mmengine - INFO - Iter(train) [ 26600/160000]  lr: 6.8699e-02  eta: 14:09:18  time: 0.3800  data_time: 0.0274  memory: 10145  loss: 1.0693  decode.loss_ohem: 0.7288  decode.acc_seg: 92.9601  aux_0.loss_ce: 0.3405  aux_0.acc_seg: 89.2394
2026/07/26 13:48:40 - mmengine - INFO - Iter(train) [ 26700/160000]  lr: 6.8653e-02  eta: 14:08:40  time: 0.3813  data_time: 0.0272  memory: 10144  loss: 1.2360  decode.loss_ohem: 0.8501  decode.acc_seg: 90.9741  aux_0.loss_ce: 0.3859  aux_0.acc_seg: 85.5130
2026/07/26 13:49:18 - mmengine - INFO - Iter(train) [ 26800/160000]  lr: 6.8606e-02  eta: 14:08:02  time: 0.3806  data_time: 0.0274  memory: 10146  loss: 1.1254  decode.loss_ohem: 0.7469  decode.acc_seg: 91.6180  aux_0.loss_ce: 0.3785  aux_0.acc_seg: 89.7116
2026/07/26 13:49:56 - mmengine - INFO - Iter(train) [ 26900/160000]  lr: 6.8560e-02  eta: 14:07:23  time: 0.3805  data_time: 0.0273  memory: 10144  loss: 1.1342  decode.loss_ohem: 0.7673  decode.acc_seg: 88.7169  aux_0.loss_ce: 0.3670  aux_0.acc_seg: 86.5686
2026/07/26 13:50:34 - mmengine - INFO - Exp name: dsanet_cityscapes_512x1024_20260726_105627
2026/07/26 13:50:34 - mmengine - INFO - Iter(train) [ 27000/160000]  lr: 6.8514e-02  eta: 14:06:45  time: 0.3833  data_time: 0.0286  memory: 10146  loss: 1.2211  decode.loss_ohem: 0.8265  decode.acc_seg: 92.8694  aux_0.loss_ce: 0.3946  aux_0.acc_seg: 87.3410
2026/07/26 13:51:12 - mmengine - INFO - Iter(train) [ 27100/160000]  lr: 6.8467e-02  eta: 14:06:07  time: 0.3809  data_time: 0.0278  memory: 10144  loss: 1.1727  decode.loss_ohem: 0.7990  decode.acc_seg: 88.8012  aux_0.loss_ce: 0.3737  aux_0.acc_seg: 87.7522
2026/07/26 13:51:50 - mmengine - INFO - Iter(train) [ 27200/160000]  lr: 6.8421e-02  eta: 14:05:28  time: 0.3816  data_time: 0.0280  memory: 10145  loss: 1.3364  decode.loss_ohem: 0.9193  decode.acc_seg: 87.6345  aux_0.loss_ce: 0.4171  aux_0.acc_seg: 82.4775
2026/07/26 13:52:29 - mmengine - INFO - Iter(train) [ 27300/160000]  lr: 6.8374e-02  eta: 14:04:49  time: 0.3800  data_time: 0.0270  memory: 10145  loss: 1.1179  decode.loss_ohem: 0.7649  decode.acc_seg: 89.7517  aux_0.loss_ce: 0.3530  aux_0.acc_seg: 84.6829
2026/07/26 13:53:07 - mmengine - INFO - Iter(train) [ 27400/160000]  lr: 6.8328e-02  eta: 14:04:11  time: 0.3820  data_time: 0.0280  memory: 10146  loss: 1.1051  decode.loss_ohem: 0.7509  decode.acc_seg: 89.5620  aux_0.loss_ce: 0.3543  aux_0.acc_seg: 86.5726
2026/07/26 13:53:45 - mmengine - INFO - Iter(train) [ 27500/160000]  lr: 6.8282e-02  eta: 14:03:33  time: 0.3813  data_time: 0.0277  memory: 10147  loss: 1.1746  decode.loss_ohem: 0.7840  decode.acc_seg: 89.7178  aux_0.loss_ce: 0.3907  aux_0.acc_seg: 83.8214
2026/07/26 13:54:23 - mmengine - INFO - Iter(train) [ 27600/160000]  lr: 6.8235e-02  eta: 14:02:54  time: 0.3818  data_time: 0.0278  memory: 10145  loss: 1.1946  decode.loss_ohem: 0.8114  decode.acc_seg: 87.6878  aux_0.loss_ce: 0.3833  aux_0.acc_seg: 83.5786
2026/07/26 13:55:01 - mmengine - INFO - Iter(train) [ 27700/160000]  lr: 6.8189e-02  eta: 14:02:16  time: 0.3816  data_time: 0.0275  memory: 10145  loss: 1.2111  decode.loss_ohem: 0.8093  decode.acc_seg: 89.2357  aux_0.loss_ce: 0.4018  aux_0.acc_seg: 84.5215
2026/07/26 13:55:39 - mmengine - INFO - Iter(train) [ 27800/160000]  lr: 6.8143e-02  eta: 14:01:37  time: 0.3789  data_time: 0.0261  memory: 10144  loss: 1.2635  decode.loss_ohem: 0.8335  decode.acc_seg: 89.1172  aux_0.loss_ce: 0.4300  aux_0.acc_seg: 84.8300
2026/07/26 13:56:17 - mmengine - INFO - Iter(train) [ 27900/160000]  lr: 6.8096e-02  eta: 14:00:58  time: 0.3790  data_time: 0.0273  memory: 10146  loss: 1.2379  decode.loss_ohem: 0.8633  decode.acc_seg: 91.6578  aux_0.loss_ce: 0.3747  aux_0.acc_seg: 86.8437
2026/07/26 13:56:55 - mmengine - INFO - Exp name: dsanet_cityscapes_512x1024_20260726_105627
2026/07/26 13:56:55 - mmengine - INFO - Iter(train) [ 28000/160000]  lr: 6.8050e-02  eta: 14:00:19  time: 0.3795  data_time: 0.0269  memory: 10145  loss: 1.1769  decode.loss_ohem: 0.7898  decode.acc_seg: 88.8225  aux_0.loss_ce: 0.3872  aux_0.acc_seg: 85.1922
2026/07/26 13:57:33 - mmengine - INFO - Iter(train) [ 28100/160000]  lr: 6.8003e-02  eta: 13:59:40  time: 0.3799  data_time: 0.0270  memory: 10144  loss: 1.2557  decode.loss_ohem: 0.8391  decode.acc_seg: 87.8947  aux_0.loss_ce: 0.4165  aux_0.acc_seg: 81.5855
2026/07/26 13:58:11 - mmengine - INFO - Iter(train) [ 28200/160000]  lr: 6.7957e-02  eta: 13:59:01  time: 0.3789  data_time: 0.0267  memory: 10146  loss: 1.1462  decode.loss_ohem: 0.7778  decode.acc_seg: 91.0512  aux_0.loss_ce: 0.3684  aux_0.acc_seg: 83.0923
2026/07/26 13:58:49 - mmengine - INFO - Iter(train) [ 28300/160000]  lr: 6.7911e-02  eta: 13:58:22  time: 0.3802  data_time: 0.0271  memory: 10144  loss: 1.2887  decode.loss_ohem: 0.8661  decode.acc_seg: 85.4243  aux_0.loss_ce: 0.4226  aux_0.acc_seg: 80.7477
2026/07/26 13:59:27 - mmengine - INFO - Iter(train) [ 28400/160000]  lr: 6.7864e-02  eta: 13:57:43  time: 0.3790  data_time: 0.0261  memory: 10146  loss: 1.0992  decode.loss_ohem: 0.7053  decode.acc_seg: 91.9686  aux_0.loss_ce: 0.3939  aux_0.acc_seg: 86.5130
2026/07/26 14:00:05 - mmengine - INFO - Iter(train) [ 28500/160000]  lr: 6.7818e-02  eta: 13:57:04  time: 0.3793  data_time: 0.0271  memory: 10144  loss: 1.1580  decode.loss_ohem: 0.8068  decode.acc_seg: 91.8560  aux_0.loss_ce: 0.3511  aux_0.acc_seg: 88.0616
2026/07/26 14:00:43 - mmengine - INFO - Iter(train) [ 28600/160000]  lr: 6.7771e-02  eta: 13:56:25  time: 0.3773  data_time: 0.0265  memory: 10145  loss: 1.2043  decode.loss_ohem: 0.8360  decode.acc_seg: 89.6107  aux_0.loss_ce: 0.3683  aux_0.acc_seg: 85.8805
2026/07/26 14:01:21 - mmengine - INFO - Iter(train) [ 28700/160000]  lr: 6.7725e-02  eta: 13:55:45  time: 0.3806  data_time: 0.0273  memory: 10145  loss: 1.2319  decode.loss_ohem: 0.8237  decode.acc_seg: 86.9276  aux_0.loss_ce: 0.4083  aux_0.acc_seg: 80.4818
2026/07/26 14:01:59 - mmengine - INFO - Iter(train) [ 28800/160000]  lr: 6.7679e-02  eta: 13:55:07  time: 0.3801  data_time: 0.0273  memory: 10144  loss: 1.2869  decode.loss_ohem: 0.8810  decode.acc_seg: 88.4853  aux_0.loss_ce: 0.4060  aux_0.acc_seg: 83.9906
2026/07/26 14:02:38 - mmengine - INFO - Iter(train) [ 28900/160000]  lr: 6.7632e-02  eta: 13:54:28  time: 0.3794  data_time: 0.0271  memory: 10144  loss: 1.2394  decode.loss_ohem: 0.7993  decode.acc_seg: 90.3864  aux_0.loss_ce: 0.4402  aux_0.acc_seg: 85.7309
2026/07/26 14:03:16 - mmengine - INFO - Exp name: dsanet_cityscapes_512x1024_20260726_105627
2026/07/26 14:03:16 - mmengine - INFO - Iter(train) [ 29000/160000]  lr: 6.7586e-02  eta: 13:53:48  time: 0.3798  data_time: 0.0276  memory: 10144  loss: 1.1470  decode.loss_ohem: 0.7942  decode.acc_seg: 89.1563  aux_0.loss_ce: 0.3527  aux_0.acc_seg: 80.0022
2026/07/26 14:03:54 - mmengine - INFO - Iter(train) [ 29100/160000]  lr: 6.7539e-02  eta: 13:53:10  time: 0.3817  data_time: 0.0280  memory: 10144  loss: 1.1547  decode.loss_ohem: 0.7783  decode.acc_seg: 89.4138  aux_0.loss_ce: 0.3764  aux_0.acc_seg: 83.5465
2026/07/26 14:04:32 - mmengine - INFO - Iter(train) [ 29200/160000]  lr: 6.7493e-02  eta: 13:52:32  time: 0.3805  data_time: 0.0281  memory: 10144  loss: 1.1241  decode.loss_ohem: 0.7664  decode.acc_seg: 90.7966  aux_0.loss_ce: 0.3577  aux_0.acc_seg: 87.0265
2026/07/26 14:05:10 - mmengine - INFO - Iter(train) [ 29300/160000]  lr: 6.7446e-02  eta: 13:51:53  time: 0.3817  data_time: 0.0291  memory: 10145  loss: 1.3467  decode.loss_ohem: 0.9477  decode.acc_seg: 89.2205  aux_0.loss_ce: 0.3990  aux_0.acc_seg: 86.4144
2026/07/26 14:05:48 - mmengine - INFO - Iter(train) [ 29400/160000]  lr: 6.7400e-02  eta: 13:51:15  time: 0.3799  data_time: 0.0263  memory: 10144  loss: 1.1832  decode.loss_ohem: 0.8070  decode.acc_seg: 91.4920  aux_0.loss_ce: 0.3762  aux_0.acc_seg: 87.8831
2026/07/26 14:06:26 - mmengine - INFO - Iter(train) [ 29500/160000]  lr: 6.7354e-02  eta: 13:50:36  time: 0.3814  data_time: 0.0273  memory: 10144  loss: 1.1381  decode.loss_ohem: 0.7697  decode.acc_seg: 87.4882  aux_0.loss_ce: 0.3684  aux_0.acc_seg: 82.2017
2026/07/26 14:07:04 - mmengine - INFO - Iter(train) [ 29600/160000]  lr: 6.7307e-02  eta: 13:49:58  time: 0.3796  data_time: 0.0255  memory: 10144  loss: 1.1907  decode.loss_ohem: 0.7972  decode.acc_seg: 91.5863  aux_0.loss_ce: 0.3934  aux_0.acc_seg: 88.3504
2026/07/26 14:07:42 - mmengine - INFO - Iter(train) [ 29700/160000]  lr: 6.7261e-02  eta: 13:49:19  time: 0.3797  data_time: 0.0271  memory: 10143  loss: 1.1871  decode.loss_ohem: 0.8243  decode.acc_seg: 85.2899  aux_0.loss_ce: 0.3628  aux_0.acc_seg: 80.4910
2026/07/26 14:08:21 - mmengine - INFO - Iter(train) [ 29800/160000]  lr: 6.7214e-02  eta: 13:48:40  time: 0.3808  data_time: 0.0271  memory: 10145  loss: 1.0788  decode.loss_ohem: 0.6953  decode.acc_seg: 88.1907  aux_0.loss_ce: 0.3835  aux_0.acc_seg: 83.8875
2026/07/26 14:08:59 - mmengine - INFO - Iter(train) [ 29900/160000]  lr: 6.7168e-02  eta: 13:48:02  time: 0.3800  data_time: 0.0271  memory: 10144  loss: 1.2375  decode.loss_ohem: 0.8393  decode.acc_seg: 91.6572  aux_0.loss_ce: 0.3982  aux_0.acc_seg: 87.1946
2026/07/26 14:09:37 - mmengine - INFO - Exp name: dsanet_cityscapes_512x1024_20260726_105627
2026/07/26 14:09:37 - mmengine - INFO - Iter(train) [ 30000/160000]  lr: 6.7121e-02  eta: 13:47:23  time: 0.3785  data_time: 0.0260  memory: 10144  loss: 1.1028  decode.loss_ohem: 0.7269  decode.acc_seg: 91.1275  aux_0.loss_ce: 0.3760  aux_0.acc_seg: 85.9283
2026/07/26 14:09:37 - mmengine - INFO - Saving checkpoint at 30000 iterations
2026/07/26 14:09:47 - mmengine - INFO - Iter(val) [100/250]    eta: 0:00:15  time: 0.0971  data_time: 0.0147  memory: 835  
2026/07/26 14:09:57 - mmengine - INFO - Iter(val) [200/250]    eta: 0:00:05  time: 0.0939  data_time: 0.0297  memory: 835  
2026/07/26 14:10:02 - mmengine - INFO - per class results:
2026/07/26 14:10:02 - mmengine - INFO - 
+---------------+-------+-------+
|     Class     |  IoU  |  Acc  |
+---------------+-------+-------+
|      road     | 96.76 | 97.97 |
|    sidewalk   |  75.8 | 89.76 |
|    building   | 88.16 | 94.62 |
|      wall     | 41.56 | 52.12 |
|     fence     | 45.96 | 59.44 |
|      pole     | 50.09 | 59.16 |
| traffic light | 47.61 |  59.2 |
|  traffic sign | 62.78 | 72.39 |
|   vegetation  | 89.53 | 94.42 |
|    terrain    | 53.24 | 74.31 |
|      sky      | 91.88 | 97.13 |
|     person    | 68.68 | 79.56 |
|     rider     | 42.02 |  52.1 |
|      car      | 90.25 | 94.65 |
|     truck     | 42.98 | 74.92 |
|      bus      | 53.41 | 60.08 |
|     train     | 29.04 | 36.99 |
|   motorcycle  | 19.12 | 22.05 |
|    bicycle    | 63.05 | 84.59 |
+---------------+-------+-------+
2026/07/26 14:10:02 - mmengine - INFO - Iter(val) [250/250]    aAcc: 93.4800  mIoU: 60.6300  mAcc: 71.3400  data_time: 0.0271  time: 0.1006
2026/07/26 14:10:02 - mmengine - INFO - The previous best checkpoint /root/autodl-tmp/DSANet-main/tools/work_dirs/dsanet_cityscapes_512x1024/best_mIoU_iter_20000.pth is removed
2026/07/26 14:10:02 - mmengine - INFO - The best checkpoint with 60.6300 mIoU at 30000 iter is saved to best_mIoU_iter_30000.pth.
2026/07/26 14:10:41 - mmengine - INFO - Iter(train) [ 30100/160000]  lr: 6.7075e-02  eta: 13:46:45  time: 0.3801  data_time: 0.0270  memory: 10144  loss: 1.1718  decode.loss_ohem: 0.7840  decode.acc_seg: 91.6604  aux_0.loss_ce: 0.3878  aux_0.acc_seg: 87.5950
2026/07/26 14:11:18 - mmengine - INFO - Iter(train) [ 30200/160000]  lr: 6.7028e-02  eta: 13:46:06  time: 0.3777  data_time: 0.0262  memory: 10144  loss: 1.1932  decode.loss_ohem: 0.8145  decode.acc_seg: 90.7242  aux_0.loss_ce: 0.3788  aux_0.acc_seg: 87.1594
2026/07/26 14:11:56 - mmengine - INFO - Iter(train) [ 30300/160000]  lr: 6.6982e-02  eta: 13:45:27  time: 0.3803  data_time: 0.0275  memory: 10145  loss: 1.1877  decode.loss_ohem: 0.8039  decode.acc_seg: 86.5249  aux_0.loss_ce: 0.3838  aux_0.acc_seg: 81.7101
2026/07/26 14:12:34 - mmengine - INFO - Iter(train) [ 30400/160000]  lr: 6.6935e-02  eta: 13:44:48  time: 0.3777  data_time: 0.0264  memory: 10143  loss: 1.2133  decode.loss_ohem: 0.8289  decode.acc_seg: 90.9311  aux_0.loss_ce: 0.3844  aux_0.acc_seg: 85.1696
2026/07/26 14:13:12 - mmengine - INFO - Iter(train) [ 30500/160000]  lr: 6.6889e-02  eta: 13:44:08  time: 0.3792  data_time: 0.0266  memory: 10145  loss: 1.2215  decode.loss_ohem: 0.8331  decode.acc_seg: 90.8439  aux_0.loss_ce: 0.3885  aux_0.acc_seg: 87.4812
2026/07/26 14:13:50 - mmengine - INFO - Iter(train) [ 30600/160000]  lr: 6.6842e-02  eta: 13:43:29  time: 0.3798  data_time: 0.0269  memory: 10144  loss: 1.1314  decode.loss_ohem: 0.7768  decode.acc_seg: 85.8728  aux_0.loss_ce: 0.3545  aux_0.acc_seg: 83.1236
2026/07/26 14:14:28 - mmengine - INFO - Iter(train) [ 30700/160000]  lr: 6.6796e-02  eta: 13:42:51  time: 0.3797  data_time: 0.0259  memory: 10144  loss: 1.1342  decode.loss_ohem: 0.7511  decode.acc_seg: 89.1608  aux_0.loss_ce: 0.3831  aux_0.acc_seg: 86.0542
2026/07/26 14:15:06 - mmengine - INFO - Iter(train) [ 30800/160000]  lr: 6.6750e-02  eta: 13:42:11  time: 0.3788  data_time: 0.0263  memory: 10145  loss: 1.1783  decode.loss_ohem: 0.7985  decode.acc_seg: 93.7858  aux_0.loss_ce: 0.3798  aux_0.acc_seg: 89.5522
2026/07/26 14:15:44 - mmengine - INFO - Iter(train) [ 30900/160000]  lr: 6.6703e-02  eta: 13:41:32  time: 0.3796  data_time: 0.0269  memory: 10146  loss: 1.1957  decode.loss_ohem: 0.8315  decode.acc_seg: 90.6046  aux_0.loss_ce: 0.3642  aux_0.acc_seg: 86.6129
2026/07/26 14:16:22 - mmengine - INFO - Exp name: dsanet_cityscapes_512x1024_20260726_105627
2026/07/26 14:16:22 - mmengine - INFO - Iter(train) [ 31000/160000]  lr: 6.6657e-02  eta: 13:40:53  time: 0.3789  data_time: 0.0269  memory: 10144  loss: 1.1544  decode.loss_ohem: 0.7844  decode.acc_seg: 91.4716  aux_0.loss_ce: 0.3700  aux_0.acc_seg: 86.1833
2026/07/26 14:17:01 - mmengine - INFO - Iter(train) [ 31100/160000]  lr: 6.6610e-02  eta: 13:40:15  time: 0.3817  data_time: 0.0276  memory: 10144  loss: 1.1911  decode.loss_ohem: 0.8089  decode.acc_seg: 89.2490  aux_0.loss_ce: 0.3822  aux_0.acc_seg: 84.4155
2026/07/26 14:17:39 - mmengine - INFO - Iter(train) [ 31200/160000]  lr: 6.6564e-02  eta: 13:39:37  time: 0.3803  data_time: 0.0270  memory: 10145  loss: 1.1472  decode.loss_ohem: 0.7807  decode.acc_seg: 92.4631  aux_0.loss_ce: 0.3665  aux_0.acc_seg: 89.0230
2026/07/26 14:18:17 - mmengine - INFO - Iter(train) [ 31300/160000]  lr: 6.6517e-02  eta: 13:38:58  time: 0.3804  data_time: 0.0271  memory: 10145  loss: 1.1838  decode.loss_ohem: 0.8004  decode.acc_seg: 91.9362  aux_0.loss_ce: 0.3834  aux_0.acc_seg: 89.7661
2026/07/26 14:18:55 - mmengine - INFO - Iter(train) [ 31400/160000]  lr: 6.6471e-02  eta: 13:38:18  time: 0.3795  data_time: 0.0266  memory: 10143  loss: 1.1684  decode.loss_ohem: 0.7935  decode.acc_seg: 91.4642  aux_0.loss_ce: 0.3749  aux_0.acc_seg: 86.1524
2026/07/26 14:19:33 - mmengine - INFO - Iter(train) [ 31500/160000]  lr: 6.6424e-02  eta: 13:37:40  time: 0.3819  data_time: 0.0277  memory: 10147  loss: 1.1876  decode.loss_ohem: 0.7792  decode.acc_seg: 90.6616  aux_0.loss_ce: 0.4084  aux_0.acc_seg: 87.1951
2026/07/26 14:20:11 - mmengine - INFO - Iter(train) [ 31600/160000]  lr: 6.6377e-02  eta: 13:37:01  time: 0.3805  data_time: 0.0270  memory: 10144  loss: 1.2284  decode.loss_ohem: 0.8156  decode.acc_seg: 88.3100  aux_0.loss_ce: 0.4128  aux_0.acc_seg: 84.0955
2026/07/26 14:20:49 - mmengine - INFO - Iter(train) [ 31700/160000]  lr: 6.6331e-02  eta: 13:36:23  time: 0.3806  data_time: 0.0271  memory: 10144  loss: 1.2330  decode.loss_ohem: 0.8528  decode.acc_seg: 87.3717  aux_0.loss_ce: 0.3802  aux_0.acc_seg: 83.1921
2026/07/26 14:21:27 - mmengine - INFO - Iter(train) [ 31800/160000]  lr: 6.6284e-02  eta: 13:35:44  time: 0.3794  data_time: 0.0263  memory: 10144  loss: 1.0756  decode.loss_ohem: 0.7371  decode.acc_seg: 91.2915  aux_0.loss_ce: 0.3385  aux_0.acc_seg: 88.6084
2026/07/26 14:22:05 - mmengine - INFO - Iter(train) [ 31900/160000]  lr: 6.6238e-02  eta: 13:35:06  time: 0.3830  data_time: 0.0286  memory: 10145  loss: 1.1599  decode.loss_ohem: 0.7635  decode.acc_seg: 88.1072  aux_0.loss_ce: 0.3963  aux_0.acc_seg: 83.3429
2026/07/26 14:22:43 - mmengine - INFO - Exp name: dsanet_cityscapes_512x1024_20260726_105627
2026/07/26 14:22:43 - mmengine - INFO - Iter(train) [ 32000/160000]  lr: 6.6191e-02  eta: 13:34:27  time: 0.3788  data_time: 0.0262  memory: 10144  loss: 1.2174  decode.loss_ohem: 0.8134  decode.acc_seg: 90.6812  aux_0.loss_ce: 0.4040  aux_0.acc_seg: 86.3960
2026/07/26 14:23:21 - mmengine - INFO - Iter(train) [ 32100/160000]  lr: 6.6145e-02  eta: 13:33:48  time: 0.3812  data_time: 0.0278  memory: 10144  loss: 1.1818  decode.loss_ohem: 0.7842  decode.acc_seg: 91.2911  aux_0.loss_ce: 0.3976  aux_0.acc_seg: 86.5110
2026/07/26 14:23:59 - mmengine - INFO - Iter(train) [ 32200/160000]  lr: 6.6098e-02  eta: 13:33:10  time: 0.3801  data_time: 0.0269  memory: 10144  loss: 1.2097  decode.loss_ohem: 0.8208  decode.acc_seg: 90.6189  aux_0.loss_ce: 0.3889  aux_0.acc_seg: 83.1749
2026/07/26 14:24:37 - mmengine - INFO - Iter(train) [ 32300/160000]  lr: 6.6052e-02  eta: 13:32:31  time: 0.3793  data_time: 0.0272  memory: 10143  loss: 1.2004  decode.loss_ohem: 0.8325  decode.acc_seg: 89.1649  aux_0.loss_ce: 0.3679  aux_0.acc_seg: 85.4736
2026/07/26 14:25:15 - mmengine - INFO - Iter(train) [ 32400/160000]  lr: 6.6005e-02  eta: 13:31:52  time: 0.3801  data_time: 0.0267  memory: 10145  loss: 1.1159  decode.loss_ohem: 0.7673  decode.acc_seg: 91.1534  aux_0.loss_ce: 0.3485  aux_0.acc_seg: 87.8346
2026/07/26 14:25:53 - mmengine - INFO - Iter(train) [ 32500/160000]  lr: 6.5959e-02  eta: 13:31:14  time: 0.3807  data_time: 0.0275  memory: 10143  loss: 1.1824  decode.loss_ohem: 0.8256  decode.acc_seg: 90.0289  aux_0.loss_ce: 0.3568  aux_0.acc_seg: 86.2280
2026/07/26 14:26:32 - mmengine - INFO - Iter(train) [ 32600/160000]  lr: 6.5912e-02  eta: 13:30:35  time: 0.3806  data_time: 0.0271  memory: 10143  loss: 1.1790  decode.loss_ohem: 0.7918  decode.acc_seg: 91.2813  aux_0.loss_ce: 0.3872  aux_0.acc_seg: 82.2479
2026/07/26 14:27:10 - mmengine - INFO - Iter(train) [ 32700/160000]  lr: 6.5866e-02  eta: 13:29:57  time: 0.3802  data_time: 0.0275  memory: 10145  loss: 1.1229  decode.loss_ohem: 0.7692  decode.acc_seg: 91.3634  aux_0.loss_ce: 0.3538  aux_0.acc_seg: 86.8257
2026/07/26 14:27:48 - mmengine - INFO - Iter(train) [ 32800/160000]  lr: 6.5819e-02  eta: 13:29:18  time: 0.3819  data_time: 0.0277  memory: 10144  loss: 1.1518  decode.loss_ohem: 0.7767  decode.acc_seg: 91.8402  aux_0.loss_ce: 0.3751  aux_0.acc_seg: 86.0633
2026/07/26 14:28:26 - mmengine - INFO - Iter(train) [ 32900/160000]  lr: 6.5772e-02  eta: 13:28:40  time: 0.3817  data_time: 0.0281  memory: 10144  loss: 1.0995  decode.loss_ohem: 0.7233  decode.acc_seg: 86.9344  aux_0.loss_ce: 0.3762  aux_0.acc_seg: 82.2709
2026/07/26 14:29:04 - mmengine - INFO - Exp name: dsanet_cityscapes_512x1024_20260726_105627
2026/07/26 14:29:04 - mmengine - INFO - Iter(train) [ 33000/160000]  lr: 6.5726e-02  eta: 13:28:01  time: 0.3809  data_time: 0.0278  memory: 10143  loss: 1.2028  decode.loss_ohem: 0.8300  decode.acc_seg: 90.4171  aux_0.loss_ce: 0.3728  aux_0.acc_seg: 83.7937
2026/07/26 14:29:42 - mmengine - INFO - Iter(train) [ 33100/160000]  lr: 6.5679e-02  eta: 13:27:23  time: 0.3792  data_time: 0.0269  memory: 10144  loss: 1.1836  decode.loss_ohem: 0.7927  decode.acc_seg: 89.6484  aux_0.loss_ce: 0.3910  aux_0.acc_seg: 85.5825
2026/07/26 14:30:20 - mmengine - INFO - Iter(train) [ 33200/160000]  lr: 6.5633e-02  eta: 13:26:44  time: 0.3825  data_time: 0.0277  memory: 10147  loss: 1.1544  decode.loss_ohem: 0.7485  decode.acc_seg: 91.4257  aux_0.loss_ce: 0.4060  aux_0.acc_seg: 86.6733
2026/07/26 14:30:58 - mmengine - INFO - Iter(train) [ 33300/160000]  lr: 6.5586e-02  eta: 13:26:06  time: 0.3833  data_time: 0.0288  memory: 10146  loss: 1.0524  decode.loss_ohem: 0.7293  decode.acc_seg: 91.0372  aux_0.loss_ce: 0.3231  aux_0.acc_seg: 86.6951
2026/07/26 14:31:37 - mmengine - INFO - Iter(train) [ 33400/160000]  lr: 6.5540e-02  eta: 13:25:28  time: 0.3817  data_time: 0.0273  memory: 10146  loss: 1.1722  decode.loss_ohem: 0.7556  decode.acc_seg: 87.5943  aux_0.loss_ce: 0.4166  aux_0.acc_seg: 79.3478
2026/07/26 14:32:15 - mmengine - INFO - Iter(train) [ 33500/160000]  lr: 6.5493e-02  eta: 13:24:50  time: 0.3808  data_time: 0.0272  memory: 10145  loss: 1.0815  decode.loss_ohem: 0.7062  decode.acc_seg: 90.5617  aux_0.loss_ce: 0.3754  aux_0.acc_seg: 82.7152
2026/07/26 14:32:53 - mmengine - INFO - Iter(train) [ 33600/160000]  lr: 6.5446e-02  eta: 13:24:12  time: 0.3813  data_time: 0.0283  memory: 10143  loss: 1.1208  decode.loss_ohem: 0.7524  decode.acc_seg: 91.4159  aux_0.loss_ce: 0.3684  aux_0.acc_seg: 86.3225
2026/07/26 14:33:31 - mmengine - INFO - Iter(train) [ 33700/160000]  lr: 6.5400e-02  eta: 13:23:33  time: 0.3800  data_time: 0.0267  memory: 10144  loss: 1.1997  decode.loss_ohem: 0.8268  decode.acc_seg: 89.2639  aux_0.loss_ce: 0.3730  aux_0.acc_seg: 86.9920
2026/07/26 14:34:09 - mmengine - INFO - Iter(train) [ 33800/160000]  lr: 6.5353e-02  eta: 13:22:55  time: 0.3821  data_time: 0.0286  memory: 10144  loss: 1.1840  decode.loss_ohem: 0.8036  decode.acc_seg: 90.6485  aux_0.loss_ce: 0.3804  aux_0.acc_seg: 86.4765
2026/07/26 14:34:47 - mmengine - INFO - Iter(train) [ 33900/160000]  lr: 6.5307e-02  eta: 13:22:17  time: 0.3808  data_time: 0.0273  memory: 10144  loss: 1.1854  decode.loss_ohem: 0.7923  decode.acc_seg: 90.5654  aux_0.loss_ce: 0.3931  aux_0.acc_seg: 84.2478
2026/07/26 14:35:25 - mmengine - INFO - Exp name: dsanet_cityscapes_512x1024_20260726_105627
2026/07/26 14:35:25 - mmengine - INFO - Iter(train) [ 34000/160000]  lr: 6.5260e-02  eta: 13:21:38  time: 0.3813  data_time: 0.0275  memory: 10144  loss: 1.0843  decode.loss_ohem: 0.7323  decode.acc_seg: 92.3681  aux_0.loss_ce: 0.3520  aux_0.acc_seg: 87.2413
2026/07/26 14:36:04 - mmengine - INFO - Iter(train) [ 34100/160000]  lr: 6.5213e-02  eta: 13:21:00  time: 0.3790  data_time: 0.0266  memory: 10143  loss: 1.1644  decode.loss_ohem: 0.7953  decode.acc_seg: 88.1100  aux_0.loss_ce: 0.3691  aux_0.acc_seg: 83.2391
2026/07/26 14:36:42 - mmengine - INFO - Iter(train) [ 34200/160000]  lr: 6.5167e-02  eta: 13:20:21  time: 0.3782  data_time: 0.0261  memory: 10144  loss: 1.1631  decode.loss_ohem: 0.7810  decode.acc_seg: 89.7607  aux_0.loss_ce: 0.3821  aux_0.acc_seg: 85.0455
2026/07/26 14:37:20 - mmengine - INFO - Iter(train) [ 34300/160000]  lr: 6.5120e-02  eta: 13:19:42  time: 0.3810  data_time: 0.0273  memory: 10144  loss: 1.1787  decode.loss_ohem: 0.8045  decode.acc_seg: 91.0255  aux_0.loss_ce: 0.3742  aux_0.acc_seg: 87.9495
2026/07/26 14:37:58 - mmengine - INFO - Iter(train) [ 34400/160000]  lr: 6.5074e-02  eta: 13:19:04  time: 0.3805  data_time: 0.0275  memory: 10143  loss: 1.2369  decode.loss_ohem: 0.8450  decode.acc_seg: 91.6350  aux_0.loss_ce: 0.3919  aux_0.acc_seg: 86.6072
2026/07/26 14:38:36 - mmengine - INFO - Iter(train) [ 34500/160000]  lr: 6.5027e-02  eta: 13:18:25  time: 0.3796  data_time: 0.0267  memory: 10143  loss: 1.1636  decode.loss_ohem: 0.7826  decode.acc_seg: 93.2509  aux_0.loss_ce: 0.3810  aux_0.acc_seg: 87.6235
2026/07/26 14:39:14 - mmengine - INFO - Iter(train) [ 34600/160000]  lr: 6.4980e-02  eta: 13:17:48  time: 0.3851  data_time: 0.0296  memory: 10146  loss: 1.2011  decode.loss_ohem: 0.7792  decode.acc_seg: 89.7546  aux_0.loss_ce: 0.4219  aux_0.acc_seg: 85.1301
2026/07/26 14:39:52 - mmengine - INFO - Iter(train) [ 34700/160000]  lr: 6.4934e-02  eta: 13:17:10  time: 0.3828  data_time: 0.0282  memory: 10143  loss: 1.0829  decode.loss_ohem: 0.7305  decode.acc_seg: 89.6449  aux_0.loss_ce: 0.3524  aux_0.acc_seg: 84.1675
2026/07/26 14:40:31 - mmengine - INFO - Iter(train) [ 34800/160000]  lr: 6.4887e-02  eta: 13:16:32  time: 0.3829  data_time: 0.0280  memory: 10144  loss: 1.1292  decode.loss_ohem: 0.7637  decode.acc_seg: 89.8159  aux_0.loss_ce: 0.3656  aux_0.acc_seg: 84.3611
2026/07/26 14:41:09 - mmengine - INFO - Iter(train) [ 34900/160000]  lr: 6.4840e-02  eta: 13:15:54  time: 0.3817  data_time: 0.0276  memory: 10144  loss: 1.0808  decode.loss_ohem: 0.7177  decode.acc_seg: 92.3941  aux_0.loss_ce: 0.3631  aux_0.acc_seg: 88.5603
2026/07/26 14:41:47 - mmengine - INFO - Exp name: dsanet_cityscapes_512x1024_20260726_105627
2026/07/26 14:41:47 - mmengine - INFO - Iter(train) [ 35000/160000]  lr: 6.4794e-02  eta: 13:15:15  time: 0.3810  data_time: 0.0281  memory: 10144  loss: 1.2616  decode.loss_ohem: 0.8698  decode.acc_seg: 88.7028  aux_0.loss_ce: 0.3918  aux_0.acc_seg: 81.2225
2026/07/26 14:41:47 - mmengine - INFO - Saving checkpoint at 35000 iterations
2026/07/26 14:41:57 - mmengine - INFO - Iter(val) [100/250]    eta: 0:00:15  time: 0.0989  data_time: 0.0103  memory: 835  
2026/07/26 14:42:08 - mmengine - INFO - Iter(val) [200/250]    eta: 0:00:05  time: 0.1002  data_time: 0.0100  memory: 835  
2026/07/26 14:42:13 - mmengine - INFO - per class results:
2026/07/26 14:42:13 - mmengine - INFO - 
+---------------+-------+-------+
|     Class     |  IoU  |  Acc  |
+---------------+-------+-------+
|      road     | 95.79 | 98.96 |
|    sidewalk   | 68.33 | 73.81 |
|    building   | 87.31 | 93.58 |
|      wall     | 26.01 | 29.45 |
|     fence     | 42.23 | 74.28 |
|      pole     | 46.01 | 52.52 |
| traffic light |  36.8 | 38.93 |
|  traffic sign | 57.76 |  80.1 |
|   vegetation  | 88.61 | 94.69 |
|    terrain    | 49.54 | 79.83 |
|      sky      | 90.62 | 98.02 |
|     person    | 68.88 | 80.31 |
|     rider     | 38.13 | 43.04 |
|      car      | 90.92 | 95.05 |
|     truck     | 45.82 |  53.5 |
|      bus      | 61.27 | 71.29 |
|     train     | 43.14 | 57.88 |
|   motorcycle  | 12.65 | 12.85 |
|    bicycle    | 62.35 | 77.06 |
+---------------+-------+-------+
2026/07/26 14:42:13 - mmengine - INFO - Iter(val) [250/250]    aAcc: 92.7200  mIoU: 58.5400  mAcc: 68.6900  data_time: 0.0243  time: 0.1011
2026/07/26 14:42:51 - mmengine - INFO - Iter(train) [ 35100/160000]  lr: 6.4747e-02  eta: 13:14:37  time: 0.3831  data_time: 0.0284  memory: 10144  loss: 1.1658  decode.loss_ohem: 0.7768  decode.acc_seg: 88.2878  aux_0.loss_ce: 0.3889  aux_0.acc_seg: 86.4391
2026/07/26 14:43:29 - mmengine - INFO - Iter(train) [ 35200/160000]  lr: 6.4700e-02  eta: 13:13:59  time: 0.3811  data_time: 0.0280  memory: 10144  loss: 1.0983  decode.loss_ohem: 0.7383  decode.acc_seg: 90.7590  aux_0.loss_ce: 0.3600  aux_0.acc_seg: 86.1063
2026/07/26 14:44:07 - mmengine - INFO - Iter(train) [ 35300/160000]  lr: 6.4654e-02  eta: 13:13:20  time: 0.3827  data_time: 0.0280  memory: 10145  loss: 1.1968  decode.loss_ohem: 0.8131  decode.acc_seg: 91.5692  aux_0.loss_ce: 0.3837  aux_0.acc_seg: 86.1171
2026/07/26 14:44:45 - mmengine - INFO - Iter(train) [ 35400/160000]  lr: 6.4607e-02  eta: 13:12:42  time: 0.3813  data_time: 0.0277  memory: 10144  loss: 1.1531  decode.loss_ohem: 0.7706  decode.acc_seg: 91.7707  aux_0.loss_ce: 0.3825  aux_0.acc_seg: 87.2502
2026/07/26 14:45:23 - mmengine - INFO - Iter(train) [ 35500/160000]  lr: 6.4560e-02  eta: 13:12:04  time: 0.3816  data_time: 0.0279  memory: 10144  loss: 1.1830  decode.loss_ohem: 0.7860  decode.acc_seg: 90.7507  aux_0.loss_ce: 0.3971  aux_0.acc_seg: 83.4016
2026/07/26 14:46:01 - mmengine - INFO - Iter(train) [ 35600/160000]  lr: 6.4514e-02  eta: 13:11:25  time: 0.3801  data_time: 0.0266  memory: 10144  loss: 1.1459  decode.loss_ohem: 0.7640  decode.acc_seg: 91.6733  aux_0.loss_ce: 0.3819  aux_0.acc_seg: 88.6944
2026/07/26 14:46:39 - mmengine - INFO - Iter(train) [ 35700/160000]  lr: 6.4467e-02  eta: 13:10:47  time: 0.3816  data_time: 0.0279  memory: 10144  loss: 1.1921  decode.loss_ohem: 0.8039  decode.acc_seg: 91.5324  aux_0.loss_ce: 0.3882  aux_0.acc_seg: 89.6761
2026/07/26 14:47:18 - mmengine - INFO - Iter(train) [ 35800/160000]  lr: 6.4420e-02  eta: 13:10:09  time: 0.3809  data_time: 0.0278  memory: 10143  loss: 1.1340  decode.loss_ohem: 0.7717  decode.acc_seg: 90.6665  aux_0.loss_ce: 0.3623  aux_0.acc_seg: 84.3246
2026/07/26 14:47:56 - mmengine - INFO - Iter(train) [ 35900/160000]  lr: 6.4374e-02  eta: 13:09:31  time: 0.3822  data_time: 0.0277  memory: 10143  loss: 1.1900  decode.loss_ohem: 0.7830  decode.acc_seg: 91.4291  aux_0.loss_ce: 0.4070  aux_0.acc_seg: 82.9903
2026/07/26 14:48:34 - mmengine - INFO - Exp name: dsanet_cityscapes_512x1024_20260726_105627
2026/07/26 14:48:34 - mmengine - INFO - Iter(train) [ 36000/160000]  lr: 6.4327e-02  eta: 13:08:53  time: 0.3817  data_time: 0.0277  memory: 10144  loss: 1.2636  decode.loss_ohem: 0.8425  decode.acc_seg: 88.1782  aux_0.loss_ce: 0.4211  aux_0.acc_seg: 86.6825
2026/07/26 14:49:12 - mmengine - INFO - Iter(train) [ 36100/160000]  lr: 6.4280e-02  eta: 13:08:14  time: 0.3802  data_time: 0.0270  memory: 10144  loss: 1.1292  decode.loss_ohem: 0.7990  decode.acc_seg: 88.4183  aux_0.loss_ce: 0.3302  aux_0.acc_seg: 84.6008
2026/07/26 14:49:50 - mmengine - INFO - Iter(train) [ 36200/160000]  lr: 6.4234e-02  eta: 13:07:36  time: 0.3820  data_time: 0.0278  memory: 10144  loss: 1.0826  decode.loss_ohem: 0.7345  decode.acc_seg: 87.4656  aux_0.loss_ce: 0.3480  aux_0.acc_seg: 83.4987
2026/07/26 14:50:29 - mmengine - INFO - Iter(train) [ 36300/160000]  lr: 6.4187e-02  eta: 13:06:58  time: 0.3845  data_time: 0.0303  memory: 10145  loss: 1.2199  decode.loss_ohem: 0.8132  decode.acc_seg: 92.7479  aux_0.loss_ce: 0.4067  aux_0.acc_seg: 89.4819
2026/07/26 14:51:07 - mmengine - INFO - Iter(train) [ 36400/160000]  lr: 6.4140e-02  eta: 13:06:20  time: 0.3809  data_time: 0.0272  memory: 10144  loss: 1.1017  decode.loss_ohem: 0.7535  decode.acc_seg: 94.0485  aux_0.loss_ce: 0.3482  aux_0.acc_seg: 89.1601
2026/07/26 14:51:45 - mmengine - INFO - Iter(train) [ 36500/160000]  lr: 6.4094e-02  eta: 13:05:41  time: 0.3812  data_time: 0.0274  memory: 10144  loss: 1.2067  decode.loss_ohem: 0.8298  decode.acc_seg: 93.0211  aux_0.loss_ce: 0.3769  aux_0.acc_seg: 87.9423
2026/07/26 14:52:23 - mmengine - INFO - Iter(train) [ 36600/160000]  lr: 6.4047e-02  eta: 13:05:03  time: 0.3810  data_time: 0.0272  memory: 10143  loss: 1.1857  decode.loss_ohem: 0.8054  decode.acc_seg: 91.6784  aux_0.loss_ce: 0.3803  aux_0.acc_seg: 86.5647
2026/07/26 14:53:01 - mmengine - INFO - Iter(train) [ 36700/160000]  lr: 6.4000e-02  eta: 13:04:24  time: 0.3814  data_time: 0.0270  memory: 10144  loss: 1.1602  decode.loss_ohem: 0.7720  decode.acc_seg: 91.7008  aux_0.loss_ce: 0.3883  aux_0.acc_seg: 85.7267
2026/07/26 14:53:39 - mmengine - INFO - Iter(train) [ 36800/160000]  lr: 6.3954e-02  eta: 13:03:46  time: 0.3800  data_time: 0.0269  memory: 10143  loss: 1.1403  decode.loss_ohem: 0.7504  decode.acc_seg: 91.7098  aux_0.loss_ce: 0.3899  aux_0.acc_seg: 88.2137
2026/07/26 14:54:17 - mmengine - INFO - Iter(train) [ 36900/160000]  lr: 6.3907e-02  eta: 13:03:07  time: 0.3819  data_time: 0.0275  memory: 10145  loss: 1.2558  decode.loss_ohem: 0.8621  decode.acc_seg: 86.6791  aux_0.loss_ce: 0.3937  aux_0.acc_seg: 83.9011
2026/07/26 14:54:55 - mmengine - INFO - Exp name: dsanet_cityscapes_512x1024_20260726_105627
2026/07/26 14:54:55 - mmengine - INFO - Iter(train) [ 37000/160000]  lr: 6.3860e-02  eta: 13:02:28  time: 0.3792  data_time: 0.0260  memory: 10143  loss: 1.1999  decode.loss_ohem: 0.7510  decode.acc_seg: 88.5360  aux_0.loss_ce: 0.4489  aux_0.acc_seg: 86.2283
2026/07/26 14:55:33 - mmengine - INFO - Iter(train) [ 37100/160000]  lr: 6.3813e-02  eta: 13:01:50  time: 0.3809  data_time: 0.0271  memory: 10143  loss: 1.1599  decode.loss_ohem: 0.7827  decode.acc_seg: 92.5853  aux_0.loss_ce: 0.3771  aux_0.acc_seg: 87.6411
2026/07/26 14:56:11 - mmengine - INFO - Iter(train) [ 37200/160000]  lr: 6.3767e-02  eta: 13:01:11  time: 0.3792  data_time: 0.0268  memory: 10143  loss: 1.1736  decode.loss_ohem: 0.8023  decode.acc_seg: 87.3583  aux_0.loss_ce: 0.3713  aux_0.acc_seg: 84.7387
2026/07/26 14:56:49 - mmengine - INFO - Iter(train) [ 37300/160000]  lr: 6.3720e-02  eta: 13:00:32  time: 0.3813  data_time: 0.0273  memory: 10145  loss: 1.1805  decode.loss_ohem: 0.7869  decode.acc_seg: 87.6185  aux_0.loss_ce: 0.3936  aux_0.acc_seg: 79.6226
2026/07/26 14:57:27 - mmengine - INFO - Iter(train) [ 37400/160000]  lr: 6.3673e-02  eta: 12:59:53  time: 0.3791  data_time: 0.0266  memory: 10143  loss: 1.1611  decode.loss_ohem: 0.7905  decode.acc_seg: 92.6411  aux_0.loss_ce: 0.3706  aux_0.acc_seg: 89.7343
2026/07/26 14:58:05 - mmengine - INFO - Iter(train) [ 37500/160000]  lr: 6.3626e-02  eta: 12:59:15  time: 0.3802  data_time: 0.0262  memory: 10145  loss: 1.1835  decode.loss_ohem: 0.7843  decode.acc_seg: 86.6569  aux_0.loss_ce: 0.3992  aux_0.acc_seg: 85.9345
2026/07/26 14:58:43 - mmengine - INFO - Iter(train) [ 37600/160000]  lr: 6.3580e-02  eta: 12:58:36  time: 0.3794  data_time: 0.0267  memory: 10144  loss: 1.1410  decode.loss_ohem: 0.7716  decode.acc_seg: 92.9553  aux_0.loss_ce: 0.3694  aux_0.acc_seg: 91.1197
2026/07/26 14:59:21 - mmengine - INFO - Iter(train) [ 37700/160000]  lr: 6.3533e-02  eta: 12:57:58  time: 0.3809  data_time: 0.0272  memory: 10145  loss: 1.3129  decode.loss_ohem: 0.8693  decode.acc_seg: 90.3663  aux_0.loss_ce: 0.4436  aux_0.acc_seg: 86.0746
2026/07/26 14:59:59 - mmengine - INFO - Iter(train) [ 37800/160000]  lr: 6.3486e-02  eta: 12:57:19  time: 0.3798  data_time: 0.0267  memory: 10143  loss: 1.0726  decode.loss_ohem: 0.7202  decode.acc_seg: 92.6198  aux_0.loss_ce: 0.3523  aux_0.acc_seg: 89.6373
2026/07/26 15:00:37 - mmengine - INFO - Iter(train) [ 37900/160000]  lr: 6.3439e-02  eta: 12:56:41  time: 0.3803  data_time: 0.0272  memory: 10144  loss: 1.3048  decode.loss_ohem: 0.8746  decode.acc_seg: 93.2697  aux_0.loss_ce: 0.4302  aux_0.acc_seg: 86.1998
2026/07/26 15:01:15 - mmengine - INFO - Exp name: dsanet_cityscapes_512x1024_20260726_105627
2026/07/26 15:01:15 - mmengine - INFO - Iter(train) [ 38000/160000]  lr: 6.3393e-02  eta: 12:56:02  time: 0.3800  data_time: 0.0270  memory: 10144  loss: 1.1672  decode.loss_ohem: 0.7547  decode.acc_seg: 89.1772  aux_0.loss_ce: 0.4126  aux_0.acc_seg: 85.9524
2026/07/26 15:01:54 - mmengine - INFO - Iter(train) [ 38100/160000]  lr: 6.3346e-02  eta: 12:55:24  time: 0.3798  data_time: 0.0273  memory: 10144  loss: 1.2583  decode.loss_ohem: 0.8801  decode.acc_seg: 84.4129  aux_0.loss_ce: 0.3782  aux_0.acc_seg: 81.3735
2026/07/26 15:02:32 - mmengine - INFO - Iter(train) [ 38200/160000]  lr: 6.3299e-02  eta: 12:54:45  time: 0.3803  data_time: 0.0274  memory: 10145  loss: 1.1493  decode.loss_ohem: 0.7809  decode.acc_seg: 86.4271  aux_0.loss_ce: 0.3684  aux_0.acc_seg: 79.7953
2026/07/26 15:03:10 - mmengine - INFO - Iter(train) [ 38300/160000]  lr: 6.3252e-02  eta: 12:54:07  time: 0.3811  data_time: 0.0273  memory: 10143  loss: 1.1754  decode.loss_ohem: 0.7996  decode.acc_seg: 91.1020  aux_0.loss_ce: 0.3758  aux_0.acc_seg: 87.5415
2026/07/26 15:03:48 - mmengine - INFO - Iter(train) [ 38400/160000]  lr: 6.3206e-02  eta: 12:53:29  time: 0.3868  data_time: 0.0304  memory: 10144  loss: 1.0816  decode.loss_ohem: 0.7361  decode.acc_seg: 90.0982  aux_0.loss_ce: 0.3454  aux_0.acc_seg: 83.6586
2026/07/26 15:04:26 - mmengine - INFO - Iter(train) [ 38500/160000]  lr: 6.3159e-02  eta: 12:52:51  time: 0.3813  data_time: 0.0276  memory: 10145  loss: 1.1528  decode.loss_ohem: 0.7879  decode.acc_seg: 85.2683  aux_0.loss_ce: 0.3649  aux_0.acc_seg: 81.1204
2026/07/26 15:05:05 - mmengine - INFO - Iter(train) [ 38600/160000]  lr: 6.3112e-02  eta: 12:52:13  time: 0.3827  data_time: 0.0281  memory: 10144  loss: 1.2046  decode.loss_ohem: 0.8543  decode.acc_seg: 89.0233  aux_0.loss_ce: 0.3502  aux_0.acc_seg: 83.9938
2026/07/26 15:05:42 - mmengine - INFO - Iter(train) [ 38700/160000]  lr: 6.3065e-02  eta: 12:51:34  time: 0.3828  data_time: 0.0282  memory: 10144  loss: 1.2019  decode.loss_ohem: 0.8325  decode.acc_seg: 90.6292  aux_0.loss_ce: 0.3695  aux_0.acc_seg: 86.1945
2026/07/26 15:06:21 - mmengine - INFO - Iter(train) [ 38800/160000]  lr: 6.3019e-02  eta: 12:50:57  time: 0.3808  data_time: 0.0291  memory: 10143  loss: 1.1120  decode.loss_ohem: 0.7718  decode.acc_seg: 90.8108  aux_0.loss_ce: 0.3401  aux_0.acc_seg: 82.6546
2026/07/26 15:06:59 - mmengine - INFO - Iter(train) [ 38900/160000]  lr: 6.2972e-02  eta: 12:50:19  time: 0.3825  data_time: 0.0288  memory: 10144  loss: 1.1357  decode.loss_ohem: 0.7809  decode.acc_seg: 94.4730  aux_0.loss_ce: 0.3548  aux_0.acc_seg: 92.4618
2026/07/26 15:07:37 - mmengine - INFO - Exp name: dsanet_cityscapes_512x1024_20260726_105627
2026/07/26 15:07:37 - mmengine - INFO - Iter(train) [ 39000/160000]  lr: 6.2925e-02  eta: 12:49:41  time: 0.3849  data_time: 0.0283  memory: 10144  loss: 1.2830  decode.loss_ohem: 0.8472  decode.acc_seg: 90.4523  aux_0.loss_ce: 0.4357  aux_0.acc_seg: 85.3809
2026/07/26 15:08:16 - mmengine - INFO - Iter(train) [ 39100/160000]  lr: 6.2878e-02  eta: 12:49:03  time: 0.3815  data_time: 0.0269  memory: 10144  loss: 1.1275  decode.loss_ohem: 0.7582  decode.acc_seg: 92.0279  aux_0.loss_ce: 0.3693  aux_0.acc_seg: 86.9305
2026/07/26 15:08:54 - mmengine - INFO - Iter(train) [ 39200/160000]  lr: 6.2831e-02  eta: 12:48:25  time: 0.3817  data_time: 0.0275  memory: 10144  loss: 1.2294  decode.loss_ohem: 0.8181  decode.acc_seg: 93.7486  aux_0.loss_ce: 0.4112  aux_0.acc_seg: 88.6082
2026/07/26 15:09:32 - mmengine - INFO - Iter(train) [ 39300/160000]  lr: 6.2785e-02  eta: 12:47:46  time: 0.3846  data_time: 0.0296  memory: 10144  loss: 1.1813  decode.loss_ohem: 0.7899  decode.acc_seg: 87.4592  aux_0.loss_ce: 0.3914  aux_0.acc_seg: 80.5181
2026/07/26 15:10:10 - mmengine - INFO - Iter(train) [ 39400/160000]  lr: 6.2738e-02  eta: 12:47:09  time: 0.3834  data_time: 0.0286  memory: 10144  loss: 1.1445  decode.loss_ohem: 0.7561  decode.acc_seg: 90.5854  aux_0.loss_ce: 0.3884  aux_0.acc_seg: 86.7946
2026/07/26 15:10:49 - mmengine - INFO - Iter(train) [ 39500/160000]  lr: 6.2691e-02  eta: 12:46:31  time: 0.3846  data_time: 0.0275  memory: 10144  loss: 1.2370  decode.loss_ohem: 0.8146  decode.acc_seg: 88.6297  aux_0.loss_ce: 0.4225  aux_0.acc_seg: 84.9057
2026/07/26 15:11:27 - mmengine - INFO - Iter(train) [ 39600/160000]  lr: 6.2644e-02  eta: 12:45:53  time: 0.3834  data_time: 0.0278  memory: 10146  loss: 1.0950  decode.loss_ohem: 0.7275  decode.acc_seg: 90.1269  aux_0.loss_ce: 0.3675  aux_0.acc_seg: 85.8185
2026/07/26 15:12:05 - mmengine - INFO - Iter(train) [ 39700/160000]  lr: 6.2597e-02  eta: 12:45:15  time: 0.3853  data_time: 0.0283  memory: 10144  loss: 1.0663  decode.loss_ohem: 0.7550  decode.acc_seg: 91.8315  aux_0.loss_ce: 0.3114  aux_0.acc_seg: 88.4755
2026/07/26 15:12:44 - mmengine - INFO - Iter(train) [ 39800/160000]  lr: 6.2550e-02  eta: 12:44:38  time: 0.3831  data_time: 0.0284  memory: 10144  loss: 1.1507  decode.loss_ohem: 0.8065  decode.acc_seg: 93.1935  aux_0.loss_ce: 0.3442  aux_0.acc_seg: 89.7939
2026/07/26 15:13:22 - mmengine - INFO - Iter(train) [ 39900/160000]  lr: 6.2504e-02  eta: 12:44:00  time: 0.3805  data_time: 0.0273  memory: 10143  loss: 1.2600  decode.loss_ohem: 0.8724  decode.acc_seg: 89.0727  aux_0.loss_ce: 0.3876  aux_0.acc_seg: 83.9963
2026/07/26 15:14:00 - mmengine - INFO - Exp name: dsanet_cityscapes_512x1024_20260726_105627
2026/07/26 15:14:00 - mmengine - INFO - Iter(train) [ 40000/160000]  lr: 6.2457e-02  eta: 12:43:21  time: 0.3786  data_time: 0.0276  memory: 10143  loss: 1.2078  decode.loss_ohem: 0.8477  decode.acc_seg: 90.1822  aux_0.loss_ce: 0.3601  aux_0.acc_seg: 85.8240
2026/07/26 15:14:00 - mmengine - INFO - Saving checkpoint at 40000 iterations
2026/07/26 15:14:11 - mmengine - INFO - Iter(val) [100/250]    eta: 0:00:15  time: 0.0998  data_time: 0.0407  memory: 835  
2026/07/26 15:14:21 - mmengine - INFO - Iter(val) [200/250]    eta: 0:00:05  time: 0.1006  data_time: 0.0206  memory: 835  
2026/07/26 15:14:26 - mmengine - INFO - per class results:
2026/07/26 15:14:26 - mmengine - INFO - 
+---------------+-------+-------+
|     Class     |  IoU  |  Acc  |
+---------------+-------+-------+
|      road     | 96.85 |  98.0 |
|    sidewalk   | 75.92 | 90.39 |
|    building   | 87.07 | 92.14 |
|      wall     | 27.47 | 52.78 |
|     fence     | 43.86 | 50.81 |
|      pole     | 51.05 | 61.62 |
| traffic light |  48.7 | 67.62 |
|  traffic sign | 62.79 | 75.81 |
|   vegetation  | 89.14 | 95.52 |
|    terrain    | 51.18 | 67.39 |
|      sky      | 91.45 | 94.33 |
|     person    | 68.06 | 82.05 |
|     rider     | 45.14 | 60.24 |
|      car      | 89.17 | 95.22 |
|     truck     |  30.5 | 33.28 |
|      bus      | 54.56 | 83.12 |
|     train     |  50.7 | 61.19 |
|   motorcycle  | 31.58 | 38.82 |
|    bicycle    | 65.09 | 79.91 |
+---------------+-------+-------+
2026/07/26 15:14:26 - mmengine - INFO - Iter(val) [250/250]    aAcc: 93.0900  mIoU: 61.0700  mAcc: 72.6400  data_time: 0.0280  time: 0.1010
2026/07/26 15:14:26 - mmengine - INFO - The previous best checkpoint /root/autodl-tmp/DSANet-main/tools/work_dirs/dsanet_cityscapes_512x1024/best_mIoU_iter_30000.pth is removed
2026/07/26 15:14:26 - mmengine - INFO - The best checkpoint with 61.0700 mIoU at 40000 iter is saved to best_mIoU_iter_40000.pth.
2026/07/26 15:15:05 - mmengine - INFO - Iter(train) [ 40100/160000]  lr: 6.2410e-02  eta: 12:42:46  time: 0.3853  data_time: 0.0283  memory: 10145  loss: 1.1102  decode.loss_ohem: 0.7338  decode.acc_seg: 88.0453  aux_0.loss_ce: 0.3764  aux_0.acc_seg: 82.6444
2026/07/26 15:15:43 - mmengine - INFO - Iter(train) [ 40200/160000]  lr: 6.2363e-02  eta: 12:42:08  time: 0.3829  data_time: 0.0268  memory: 10144  loss: 1.1736  decode.loss_ohem: 0.7960  decode.acc_seg: 89.5274  aux_0.loss_ce: 0.3776  aux_0.acc_seg: 85.4887
2026/07/26 15:16:21 - mmengine - INFO - Iter(train) [ 40300/160000]  lr: 6.2316e-02  eta: 12:41:29  time: 0.3839  data_time: 0.0292  memory: 10145  loss: 1.3025  decode.loss_ohem: 0.8907  decode.acc_seg: 89.9682  aux_0.loss_ce: 0.4117  aux_0.acc_seg: 88.1879
2026/07/26 15:16:59 - mmengine - INFO - Iter(train) [ 40400/160000]  lr: 6.2269e-02  eta: 12:40:51  time: 0.3817  data_time: 0.0275  memory: 10144  loss: 1.1689  decode.loss_ohem: 0.7864  decode.acc_seg: 92.1362  aux_0.loss_ce: 0.3825  aux_0.acc_seg: 86.6059
2026/07/26 15:17:37 - mmengine - INFO - Iter(train) [ 40500/160000]  lr: 6.2223e-02  eta: 12:40:13  time: 0.3842  data_time: 0.0289  memory: 10144  loss: 1.1808  decode.loss_ohem: 0.7998  decode.acc_seg: 89.5418  aux_0.loss_ce: 0.3809  aux_0.acc_seg: 86.4172
2026/07/26 15:18:16 - mmengine - INFO - Iter(train) [ 40600/160000]  lr: 6.2176e-02  eta: 12:39:35  time: 0.3824  data_time: 0.0272  memory: 10145  loss: 1.1016  decode.loss_ohem: 0.7208  decode.acc_seg: 92.1433  aux_0.loss_ce: 0.3809  aux_0.acc_seg: 87.1008
2026/07/26 15:18:54 - mmengine - INFO - Iter(train) [ 40700/160000]  lr: 6.2129e-02  eta: 12:38:57  time: 0.3809  data_time: 0.0276  memory: 10144  loss: 1.1825  decode.loss_ohem: 0.8235  decode.acc_seg: 89.2188  aux_0.loss_ce: 0.3590  aux_0.acc_seg: 88.4116
2026/07/26 15:19:32 - mmengine - INFO - Iter(train) [ 40800/160000]  lr: 6.2082e-02  eta: 12:38:19  time: 0.3832  data_time: 0.0287  memory: 10144  loss: 1.2724  decode.loss_ohem: 0.8681  decode.acc_seg: 85.7007  aux_0.loss_ce: 0.4044  aux_0.acc_seg: 79.7611
2026/07/26 15:20:10 - mmengine - INFO - Iter(train) [ 40900/160000]  lr: 6.2035e-02  eta: 12:37:41  time: 0.3810  data_time: 0.0278  memory: 10143  loss: 1.1489  decode.loss_ohem: 0.7791  decode.acc_seg: 88.6886  aux_0.loss_ce: 0.3699  aux_0.acc_seg: 81.3832
2026/07/26 15:20:48 - mmengine - INFO - Exp name: dsanet_cityscapes_512x1024_20260726_105627
2026/07/26 15:20:48 - mmengine - INFO - Iter(train) [ 41000/160000]  lr: 6.1988e-02  eta: 12:37:02  time: 0.3802  data_time: 0.0271  memory: 10143  loss: 1.1904  decode.loss_ohem: 0.8089  decode.acc_seg: 92.3478  aux_0.loss_ce: 0.3815  aux_0.acc_seg: 88.5547
2026/07/26 15:21:26 - mmengine - INFO - Iter(train) [ 41100/160000]  lr: 6.1941e-02  eta: 12:36:24  time: 0.3830  data_time: 0.0283  memory: 10144  loss: 1.0952  decode.loss_ohem: 0.7423  decode.acc_seg: 91.0212  aux_0.loss_ce: 0.3530  aux_0.acc_seg: 87.6834
2026/07/26 15:22:05 - mmengine - INFO - Iter(train) [ 41200/160000]  lr: 6.1894e-02  eta: 12:35:46  time: 0.3803  data_time: 0.0277  memory: 10145  loss: 1.1145  decode.loss_ohem: 0.7510  decode.acc_seg: 88.8915  aux_0.loss_ce: 0.3635  aux_0.acc_seg: 86.8822
2026/07/26 15:22:43 - mmengine - INFO - Iter(train) [ 41300/160000]  lr: 6.1848e-02  eta: 12:35:07  time: 0.3835  data_time: 0.0286  memory: 10144  loss: 1.1797  decode.loss_ohem: 0.7896  decode.acc_seg: 90.0591  aux_0.loss_ce: 0.3901  aux_0.acc_seg: 85.1663
2026/07/26 15:23:21 - mmengine - INFO - Iter(train) [ 41400/160000]  lr: 6.1801e-02  eta: 12:34:30  time: 0.3805  data_time: 0.0270  memory: 10142  loss: 1.1000  decode.loss_ohem: 0.7636  decode.acc_seg: 88.4932  aux_0.loss_ce: 0.3364  aux_0.acc_seg: 86.1211
2026/07/26 15:23:59 - mmengine - INFO - Iter(train) [ 41500/160000]  lr: 6.1754e-02  eta: 12:33:52  time: 0.3828  data_time: 0.0287  memory: 10145  loss: 1.1441  decode.loss_ohem: 0.7708  decode.acc_seg: 89.6146  aux_0.loss_ce: 0.3733  aux_0.acc_seg: 82.9123
2026/07/26 15:24:38 - mmengine - INFO - Iter(train) [ 41600/160000]  lr: 6.1707e-02  eta: 12:33:14  time: 0.3835  data_time: 0.0288  memory: 10144  loss: 1.1319  decode.loss_ohem: 0.7935  decode.acc_seg: 92.9585  aux_0.loss_ce: 0.3384  aux_0.acc_seg: 89.9403
2026/07/26 15:25:16 - mmengine - INFO - Iter(train) [ 41700/160000]  lr: 6.1660e-02  eta: 12:32:36  time: 0.3827  data_time: 0.0282  memory: 10144  loss: 1.1484  decode.loss_ohem: 0.7304  decode.acc_seg: 89.8563  aux_0.loss_ce: 0.4180  aux_0.acc_seg: 83.9816
2026/07/26 15:25:54 - mmengine - INFO - Iter(train) [ 41800/160000]  lr: 6.1613e-02  eta: 12:31:58  time: 0.3824  data_time: 0.0280  memory: 10144  loss: 1.1671  decode.loss_ohem: 0.7833  decode.acc_seg: 91.1546  aux_0.loss_ce: 0.3838  aux_0.acc_seg: 87.4875
2026/07/26 15:26:32 - mmengine - INFO - Iter(train) [ 41900/160000]  lr: 6.1566e-02  eta: 12:31:19  time: 0.3801  data_time: 0.0279  memory: 10144  loss: 1.0954  decode.loss_ohem: 0.7841  decode.acc_seg: 91.4393  aux_0.loss_ce: 0.3114  aux_0.acc_seg: 87.5949
2026/07/26 15:27:10 - mmengine - INFO - Exp name: dsanet_cityscapes_512x1024_20260726_105627
2026/07/26 15:27:10 - mmengine - INFO - Iter(train) [ 42000/160000]  lr: 6.1519e-02  eta: 12:30:41  time: 0.3808  data_time: 0.0274  memory: 10144  loss: 1.0562  decode.loss_ohem: 0.6916  decode.acc_seg: 91.4688  aux_0.loss_ce: 0.3646  aux_0.acc_seg: 89.4604
2026/07/26 15:27:48 - mmengine - INFO - Iter(train) [ 42100/160000]  lr: 6.1472e-02  eta: 12:30:03  time: 0.3824  data_time: 0.0279  memory: 10144  loss: 1.1165  decode.loss_ohem: 0.7655  decode.acc_seg: 89.5727  aux_0.loss_ce: 0.3510  aux_0.acc_seg: 85.6456
2026/07/26 15:28:27 - mmengine - INFO - Iter(train) [ 42200/160000]  lr: 6.1425e-02  eta: 12:29:25  time: 0.3842  data_time: 0.0284  memory: 10144  loss: 1.1978  decode.loss_ohem: 0.8044  decode.acc_seg: 91.8146  aux_0.loss_ce: 0.3934  aux_0.acc_seg: 85.8013
2026/07/26 15:29:05 - mmengine - INFO - Iter(train) [ 42300/160000]  lr: 6.1379e-02  eta: 12:28:47  time: 0.3822  data_time: 0.0285  memory: 10144  loss: 1.2806  decode.loss_ohem: 0.8998  decode.acc_seg: 91.1329  aux_0.loss_ce: 0.3808  aux_0.acc_seg: 88.1736
2026/07/26 15:29:43 - mmengine - INFO - Iter(train) [ 42400/160000]  lr: 6.1332e-02  eta: 12:28:08  time: 0.3802  data_time: 0.0266  memory: 10143  loss: 1.0907  decode.loss_ohem: 0.7646  decode.acc_seg: 87.7206  aux_0.loss_ce: 0.3262  aux_0.acc_seg: 85.2850
2026/07/26 15:30:21 - mmengine - INFO - Iter(train) [ 42500/160000]  lr: 6.1285e-02  eta: 12:27:30  time: 0.3814  data_time: 0.0279  memory: 10144  loss: 1.1319  decode.loss_ohem: 0.7758  decode.acc_seg: 91.7414  aux_0.loss_ce: 0.3561  aux_0.acc_seg: 88.0449
2026/07/26 15:30:59 - mmengine - INFO - Iter(train) [ 42600/160000]  lr: 6.1238e-02  eta: 12:26:52  time: 0.3827  data_time: 0.0286  memory: 10143  loss: 1.0762  decode.loss_ohem: 0.7296  decode.acc_seg: 92.0131  aux_0.loss_ce: 0.3465  aux_0.acc_seg: 88.4543
2026/07/26 15:31:38 - mmengine - INFO - Iter(train) [ 42700/160000]  lr: 6.1191e-02  eta: 12:26:14  time: 0.3819  data_time: 0.0275  memory: 10144  loss: 1.1174  decode.loss_ohem: 0.7728  decode.acc_seg: 91.5051  aux_0.loss_ce: 0.3446  aux_0.acc_seg: 88.6595
2026/07/26 15:32:16 - mmengine - INFO - Iter(train) [ 42800/160000]  lr: 6.1144e-02  eta: 12:25:36  time: 0.3828  data_time: 0.0282  memory: 10143  loss: 1.1466  decode.loss_ohem: 0.7613  decode.acc_seg: 90.1335  aux_0.loss_ce: 0.3853  aux_0.acc_seg: 86.6560
2026/07/26 15:32:54 - mmengine - INFO - Iter(train) [ 42900/160000]  lr: 6.1097e-02  eta: 12:24:58  time: 0.3803  data_time: 0.0274  memory: 10144  loss: 1.1533  decode.loss_ohem: 0.7962  decode.acc_seg: 89.5005  aux_0.loss_ce: 0.3570  aux_0.acc_seg: 87.0028
2026/07/26 15:33:32 - mmengine - INFO - Exp name: dsanet_cityscapes_512x1024_20260726_105627
2026/07/26 15:33:32 - mmengine - INFO - Iter(train) [ 43000/160000]  lr: 6.1050e-02  eta: 12:24:20  time: 0.3824  data_time: 0.0277  memory: 10143  loss: 1.0766  decode.loss_ohem: 0.7387  decode.acc_seg: 91.2851  aux_0.loss_ce: 0.3379  aux_0.acc_seg: 89.1950
2026/07/26 15:34:10 - mmengine - INFO - Iter(train) [ 43100/160000]  lr: 6.1003e-02  eta: 12:23:41  time: 0.3813  data_time: 0.0283  memory: 10144  loss: 1.2761  decode.loss_ohem: 0.8745  decode.acc_seg: 89.5454  aux_0.loss_ce: 0.4016  aux_0.acc_seg: 83.2120
2026/07/26 15:34:48 - mmengine - INFO - Iter(train) [ 43200/160000]  lr: 6.0956e-02  eta: 12:23:03  time: 0.3839  data_time: 0.0285  memory: 10143  loss: 1.1122  decode.loss_ohem: 0.7438  decode.acc_seg: 89.1593  aux_0.loss_ce: 0.3685  aux_0.acc_seg: 81.8680
2026/07/26 15:35:27 - mmengine - INFO - Iter(train) [ 43300/160000]  lr: 6.0909e-02  eta: 12:22:25  time: 0.3851  data_time: 0.0274  memory: 10144  loss: 1.1846  decode.loss_ohem: 0.8073  decode.acc_seg: 90.2622  aux_0.loss_ce: 0.3774  aux_0.acc_seg: 84.0832
2026/07/26 15:36:05 - mmengine - INFO - Iter(train) [ 43400/160000]  lr: 6.0862e-02  eta: 12:21:47  time: 0.3815  data_time: 0.0271  memory: 10143  loss: 1.1464  decode.loss_ohem: 0.7842  decode.acc_seg: 86.2254  aux_0.loss_ce: 0.3622  aux_0.acc_seg: 80.3082
2026/07/26 15:36:43 - mmengine - INFO - Iter(train) [ 43500/160000]  lr: 6.0815e-02  eta: 12:21:09  time: 0.3830  data_time: 0.0287  memory: 10142  loss: 1.0367  decode.loss_ohem: 0.7088  decode.acc_seg: 90.4892  aux_0.loss_ce: 0.3280  aux_0.acc_seg: 86.4423
2026/07/26 15:37:22 - mmengine - INFO - Iter(train) [ 43600/160000]  lr: 6.0768e-02  eta: 12:20:32  time: 0.3834  data_time: 0.0287  memory: 10143  loss: 1.1620  decode.loss_ohem: 0.8011  decode.acc_seg: 91.4494  aux_0.loss_ce: 0.3609  aux_0.acc_seg: 87.7051
2026/07/26 15:38:00 - mmengine - INFO - Iter(train) [ 43700/160000]  lr: 6.0721e-02  eta: 12:19:53  time: 0.3804  data_time: 0.0278  memory: 10145  loss: 1.0952  decode.loss_ohem: 0.7282  decode.acc_seg: 89.6818  aux_0.loss_ce: 0.3669  aux_0.acc_seg: 86.5243
2026/07/26 15:38:38 - mmengine - INFO - Iter(train) [ 43800/160000]  lr: 6.0674e-02  eta: 12:19:15  time: 0.3817  data_time: 0.0282  memory: 10144  loss: 1.1466  decode.loss_ohem: 0.7865  decode.acc_seg: 93.9156  aux_0.loss_ce: 0.3601  aux_0.acc_seg: 90.4903
2026/07/26 15:39:16 - mmengine - INFO - Iter(train) [ 43900/160000]  lr: 6.0627e-02  eta: 12:18:37  time: 0.3817  data_time: 0.0279  memory: 10143  loss: 1.0754  decode.loss_ohem: 0.7208  decode.acc_seg: 90.4688  aux_0.loss_ce: 0.3546  aux_0.acc_seg: 85.9499
2026/07/26 15:39:54 - mmengine - INFO - Exp name: dsanet_cityscapes_512x1024_20260726_105627
2026/07/26 15:39:54 - mmengine - INFO - Iter(train) [ 44000/160000]  lr: 6.0580e-02  eta: 12:17:58  time: 0.3815  data_time: 0.0276  memory: 10144  loss: 1.1934  decode.loss_ohem: 0.7965  decode.acc_seg: 86.3268  aux_0.loss_ce: 0.3969  aux_0.acc_seg: 83.2936
2026/07/26 15:40:33 - mmengine - INFO - Iter(train) [ 44100/160000]  lr: 6.0533e-02  eta: 12:17:21  time: 0.3824  data_time: 0.0282  memory: 10146  loss: 1.2913  decode.loss_ohem: 0.8589  decode.acc_seg: 92.3640  aux_0.loss_ce: 0.4324  aux_0.acc_seg: 84.7862
2026/07/26 15:41:11 - mmengine - INFO - Iter(train) [ 44200/160000]  lr: 6.0486e-02  eta: 12:16:43  time: 0.3824  data_time: 0.0277  memory: 10145  loss: 1.1419  decode.loss_ohem: 0.7585  decode.acc_seg: 91.8703  aux_0.loss_ce: 0.3834  aux_0.acc_seg: 84.2136
2026/07/26 15:41:49 - mmengine - INFO - Iter(train) [ 44300/160000]  lr: 6.0439e-02  eta: 12:16:05  time: 0.3819  data_time: 0.0276  memory: 10144  loss: 1.2446  decode.loss_ohem: 0.8626  decode.acc_seg: 86.9843  aux_0.loss_ce: 0.3821  aux_0.acc_seg: 83.0076
2026/07/26 15:42:27 - mmengine - INFO - Iter(train) [ 44400/160000]  lr: 6.0392e-02  eta: 12:15:27  time: 0.3790  data_time: 0.0283  memory: 10143  loss: 1.1879  decode.loss_ohem: 0.7916  decode.acc_seg: 91.4728  aux_0.loss_ce: 0.3963  aux_0.acc_seg: 87.5694
2026/07/26 15:43:06 - mmengine - INFO - Iter(train) [ 44500/160000]  lr: 6.0345e-02  eta: 12:14:49  time: 0.3845  data_time: 0.0293  memory: 10143  loss: 1.1777  decode.loss_ohem: 0.8244  decode.acc_seg: 93.0467  aux_0.loss_ce: 0.3534  aux_0.acc_seg: 89.2184
2026/07/26 15:43:44 - mmengine - INFO - Iter(train) [ 44600/160000]  lr: 6.0298e-02  eta: 12:14:11  time: 0.3828  data_time: 0.0282  memory: 10143  loss: 1.1478  decode.loss_ohem: 0.7802  decode.acc_seg: 89.5239  aux_0.loss_ce: 0.3676  aux_0.acc_seg: 84.7857
2026/07/26 15:44:22 - mmengine - INFO - Iter(train) [ 44700/160000]  lr: 6.0251e-02  eta: 12:13:33  time: 0.3822  data_time: 0.0282  memory: 10144  loss: 1.1791  decode.loss_ohem: 0.8156  decode.acc_seg: 90.9462  aux_0.loss_ce: 0.3635  aux_0.acc_seg: 84.8433
2026/07/26 15:45:00 - mmengine - INFO - Iter(train) [ 44800/160000]  lr: 6.0204e-02  eta: 12:12:55  time: 0.3818  data_time: 0.0277  memory: 10143  loss: 1.2266  decode.loss_ohem: 0.8326  decode.acc_seg: 91.6727  aux_0.loss_ce: 0.3940  aux_0.acc_seg: 87.4199
2026/07/26 15:45:39 - mmengine - INFO - Iter(train) [ 44900/160000]  lr: 6.0157e-02  eta: 12:12:17  time: 0.3810  data_time: 0.0268  memory: 10143  loss: 1.1781  decode.loss_ohem: 0.7987  decode.acc_seg: 91.9839  aux_0.loss_ce: 0.3794  aux_0.acc_seg: 88.5122
2026/07/26 15:46:17 - mmengine - INFO - Exp name: dsanet_cityscapes_512x1024_20260726_105627
2026/07/26 15:46:17 - mmengine - INFO - Iter(train) [ 45000/160000]  lr: 6.0110e-02  eta: 12:11:39  time: 0.3780  data_time: 0.0281  memory: 10144  loss: 1.1938  decode.loss_ohem: 0.8431  decode.acc_seg: 89.0598  aux_0.loss_ce: 0.3507  aux_0.acc_seg: 85.3148
2026/07/26 15:46:17 - mmengine - INFO - Saving checkpoint at 45000 iterations
2026/07/26 15:46:27 - mmengine - INFO - Iter(val) [100/250]    eta: 0:00:15  time: 0.1003  data_time: 0.0092  memory: 835  
2026/07/26 15:46:37 - mmengine - INFO - Iter(val) [200/250]    eta: 0:00:05  time: 0.0976  data_time: 0.0155  memory: 835  
2026/07/26 15:46:42 - mmengine - INFO - per class results:
2026/07/26 15:46:42 - mmengine - INFO - 
+---------------+-------+-------+
|     Class     |  IoU  |  Acc  |
+---------------+-------+-------+
|      road     | 96.53 | 98.67 |
|    sidewalk   | 74.12 | 82.49 |
|    building   | 87.54 | 95.22 |
|      wall     | 20.34 | 22.06 |
|     fence     | 45.35 | 58.17 |
|      pole     | 52.21 | 68.67 |
| traffic light | 49.79 | 65.27 |
|  traffic sign | 62.72 | 73.36 |
|   vegetation  | 89.08 | 94.16 |
|    terrain    | 50.06 | 55.81 |
|      sky      | 91.23 | 96.26 |
|     person    | 70.36 | 86.31 |
|     rider     | 43.94 | 54.31 |
|      car      | 90.26 | 96.52 |
|     truck     | 37.27 | 43.17 |
|      bus      | 62.44 | 75.25 |
|     train     |  38.0 | 56.59 |
|   motorcycle  | 26.36 | 29.09 |
|    bicycle    | 65.82 |  76.1 |
+---------------+-------+-------+
2026/07/26 15:46:42 - mmengine - INFO - Iter(val) [250/250]    aAcc: 93.3300  mIoU: 60.7100  mAcc: 69.8700  data_time: 0.0271  time: 0.1009
2026/07/26 15:47:20 - mmengine - INFO - Iter(train) [ 45100/160000]  lr: 6.0063e-02  eta: 12:11:00  time: 0.3803  data_time: 0.0275  memory: 10144  loss: 1.1826  decode.loss_ohem: 0.7714  decode.acc_seg: 92.0649  aux_0.loss_ce: 0.4112  aux_0.acc_seg: 87.2380
2026/07/26 15:47:59 - mmengine - INFO - Iter(train) [ 45200/160000]  lr: 6.0016e-02  eta: 12:10:22  time: 0.3827  data_time: 0.0278  memory: 10144  loss: 1.1710  decode.loss_ohem: 0.7772  decode.acc_seg: 91.8388  aux_0.loss_ce: 0.3938  aux_0.acc_seg: 88.3610
2026/07/26 15:48:37 - mmengine - INFO - Iter(train) [ 45300/160000]  lr: 5.9969e-02  eta: 12:09:44  time: 0.3812  data_time: 0.0277  memory: 10144  loss: 1.0453  decode.loss_ohem: 0.7154  decode.acc_seg: 89.1365  aux_0.loss_ce: 0.3299  aux_0.acc_seg: 86.3949
2026/07/26 15:49:15 - mmengine - INFO - Iter(train) [ 45400/160000]  lr: 5.9922e-02  eta: 12:09:06  time: 0.3826  data_time: 0.0287  memory: 10144  loss: 1.0738  decode.loss_ohem: 0.7170  decode.acc_seg: 91.9475  aux_0.loss_ce: 0.3568  aux_0.acc_seg: 86.5405
2026/07/26 15:49:53 - mmengine - INFO - Iter(train) [ 45500/160000]  lr: 5.9875e-02  eta: 12:08:28  time: 0.3802  data_time: 0.0270  memory: 10144  loss: 1.1461  decode.loss_ohem: 0.7694  decode.acc_seg: 87.0187  aux_0.loss_ce: 0.3767  aux_0.acc_seg: 83.0429
2026/07/26 15:50:31 - mmengine - INFO - Iter(train) [ 45600/160000]  lr: 5.9828e-02  eta: 12:07:50  time: 0.3828  data_time: 0.0283  memory: 10144  loss: 1.1525  decode.loss_ohem: 0.7815  decode.acc_seg: 93.0409  aux_0.loss_ce: 0.3710  aux_0.acc_seg: 90.4199
2026/07/26 15:51:10 - mmengine - INFO - Iter(train) [ 45700/160000]  lr: 5.9781e-02  eta: 12:07:11  time: 0.3800  data_time: 0.0282  memory: 10145  loss: 1.1685  decode.loss_ohem: 0.7740  decode.acc_seg: 92.6837  aux_0.loss_ce: 0.3945  aux_0.acc_seg: 86.6834
2026/07/26 15:51:48 - mmengine - INFO - Iter(train) [ 45800/160000]  lr: 5.9734e-02  eta: 12:06:33  time: 0.3813  data_time: 0.0283  memory: 10144  loss: 1.2214  decode.loss_ohem: 0.8374  decode.acc_seg: 90.8359  aux_0.loss_ce: 0.3840  aux_0.acc_seg: 87.0056
2026/07/26 15:52:26 - mmengine - INFO - Iter(train) [ 45900/160000]  lr: 5.9687e-02  eta: 12:05:55  time: 0.3812  data_time: 0.0276  memory: 10143  loss: 1.2266  decode.loss_ohem: 0.8391  decode.acc_seg: 88.8219  aux_0.loss_ce: 0.3876  aux_0.acc_seg: 85.2486
2026/07/26 15:53:04 - mmengine - INFO - Exp name: dsanet_cityscapes_512x1024_20260726_105627
2026/07/26 15:53:04 - mmengine - INFO - Iter(train) [ 46000/160000]  lr: 5.9639e-02  eta: 12:05:16  time: 0.3818  data_time: 0.0285  memory: 10143  loss: 1.1086  decode.loss_ohem: 0.7689  decode.acc_seg: 94.4789  aux_0.loss_ce: 0.3397  aux_0.acc_seg: 91.1996
2026/07/26 15:53:42 - mmengine - INFO - Iter(train) [ 46100/160000]  lr: 5.9592e-02  eta: 12:04:38  time: 0.3823  data_time: 0.0290  memory: 10144  loss: 1.1387  decode.loss_ohem: 0.7573  decode.acc_seg: 89.3492  aux_0.loss_ce: 0.3815  aux_0.acc_seg: 87.4058
2026/07/26 15:54:20 - mmengine - INFO - Iter(train) [ 46200/160000]  lr: 5.9545e-02  eta: 12:04:00  time: 0.3837  data_time: 0.0286  memory: 10146  loss: 1.2031  decode.loss_ohem: 0.8031  decode.acc_seg: 93.5190  aux_0.loss_ce: 0.3999  aux_0.acc_seg: 88.5124
2026/07/26 15:54:59 - mmengine - INFO - Iter(train) [ 46300/160000]  lr: 5.9498e-02  eta: 12:03:23  time: 0.3833  data_time: 0.0286  memory: 10144  loss: 1.1949  decode.loss_ohem: 0.8167  decode.acc_seg: 88.1174  aux_0.loss_ce: 0.3782  aux_0.acc_seg: 84.6218
2026/07/26 15:55:37 - mmengine - INFO - Iter(train) [ 46400/160000]  lr: 5.9451e-02  eta: 12:02:45  time: 0.3838  data_time: 0.0281  memory: 10144  loss: 1.2424  decode.loss_ohem: 0.8122  decode.acc_seg: 88.0838  aux_0.loss_ce: 0.4302  aux_0.acc_seg: 84.3987
2026/07/26 15:56:16 - mmengine - INFO - Iter(train) [ 46500/160000]  lr: 5.9404e-02  eta: 12:02:08  time: 0.3850  data_time: 0.0295  memory: 10144  loss: 1.0221  decode.loss_ohem: 0.6983  decode.acc_seg: 93.0831  aux_0.loss_ce: 0.3239  aux_0.acc_seg: 89.6814
2026/07/26 15:56:54 - mmengine - INFO - Iter(train) [ 46600/160000]  lr: 5.9357e-02  eta: 12:01:30  time: 0.3842  data_time: 0.0289  memory: 10144  loss: 1.1304  decode.loss_ohem: 0.7418  decode.acc_seg: 92.1968  aux_0.loss_ce: 0.3885  aux_0.acc_seg: 85.1044
2026/07/26 15:57:32 - mmengine - INFO - Iter(train) [ 46700/160000]  lr: 5.9310e-02  eta: 12:00:52  time: 0.3822  data_time: 0.0284  memory: 10142  loss: 1.1555  decode.loss_ohem: 0.8153  decode.acc_seg: 91.0212  aux_0.loss_ce: 0.3402  aux_0.acc_seg: 85.4098
2026/07/26 15:58:11 - mmengine - INFO - Iter(train) [ 46800/160000]  lr: 5.9263e-02  eta: 12:00:14  time: 0.3886  data_time: 0.0289  memory: 10144  loss: 1.2527  decode.loss_ohem: 0.8794  decode.acc_seg: 87.5562  aux_0.loss_ce: 0.3733  aux_0.acc_seg: 85.5732
2026/07/26 15:58:49 - mmengine - INFO - Iter(train) [ 46900/160000]  lr: 5.9216e-02  eta: 11:59:36  time: 0.3826  data_time: 0.0280  memory: 10143  loss: 1.1148  decode.loss_ohem: 0.7750  decode.acc_seg: 92.9160  aux_0.loss_ce: 0.3398  aux_0.acc_seg: 89.2321
2026/07/26 15:59:27 - mmengine - INFO - Exp name: dsanet_cityscapes_512x1024_20260726_105627
2026/07/26 15:59:27 - mmengine - INFO - Iter(train) [ 47000/160000]  lr: 5.9169e-02  eta: 11:58:58  time: 0.3805  data_time: 0.0273  memory: 10143  loss: 1.1283  decode.loss_ohem: 0.7511  decode.acc_seg: 87.8638  aux_0.loss_ce: 0.3772  aux_0.acc_seg: 84.0688
2026/07/26 16:00:05 - mmengine - INFO - Iter(train) [ 47100/160000]  lr: 5.9121e-02  eta: 11:58:20  time: 0.3839  data_time: 0.0280  memory: 10143  loss: 1.1245  decode.loss_ohem: 0.7355  decode.acc_seg: 93.0611  aux_0.loss_ce: 0.3890  aux_0.acc_seg: 87.7267
2026/07/26 16:00:44 - mmengine - INFO - Iter(train) [ 47200/160000]  lr: 5.9074e-02  eta: 11:57:42  time: 0.3843  data_time: 0.0285  memory: 10144  loss: 1.1364  decode.loss_ohem: 0.7620  decode.acc_seg: 90.4063  aux_0.loss_ce: 0.3744  aux_0.acc_seg: 85.5728
2026/07/26 16:01:22 - mmengine - INFO - Iter(train) [ 47300/160000]  lr: 5.9027e-02  eta: 11:57:04  time: 0.3834  data_time: 0.0282  memory: 10143  loss: 1.0610  decode.loss_ohem: 0.7150  decode.acc_seg: 94.2022  aux_0.loss_ce: 0.3460  aux_0.acc_seg: 90.1962
2026/07/26 16:02:00 - mmengine - INFO - Iter(train) [ 47400/160000]  lr: 5.8980e-02  eta: 11:56:26  time: 0.3839  data_time: 0.0288  memory: 10144  loss: 1.0882  decode.loss_ohem: 0.7244  decode.acc_seg: 91.1190  aux_0.loss_ce: 0.3638  aux_0.acc_seg: 86.5655
2026/07/26 16:02:39 - mmengine - INFO - Iter(train) [ 47500/160000]  lr: 5.8933e-02  eta: 11:55:48  time: 0.3809  data_time: 0.0273  memory: 10145  loss: 1.0933  decode.loss_ohem: 0.7376  decode.acc_seg: 92.8666  aux_0.loss_ce: 0.3556  aux_0.acc_seg: 87.4250
2026/07/26 16:03:17 - mmengine - INFO - Iter(train) [ 47600/160000]  lr: 5.8886e-02  eta: 11:55:10  time: 0.3833  data_time: 0.0288  memory: 10144  loss: 1.2581  decode.loss_ohem: 0.8768  decode.acc_seg: 91.0946  aux_0.loss_ce: 0.3813  aux_0.acc_seg: 86.6782
2026/07/26 16:03:55 - mmengine - INFO - Iter(train) [ 47700/160000]  lr: 5.8839e-02  eta: 11:54:32  time: 0.3814  data_time: 0.0273  memory: 10145  loss: 1.2197  decode.loss_ohem: 0.8120  decode.acc_seg: 89.9488  aux_0.loss_ce: 0.4076  aux_0.acc_seg: 84.2494
2026/07/26 16:04:33 - mmengine - INFO - Iter(train) [ 47800/160000]  lr: 5.8791e-02  eta: 11:53:54  time: 0.3816  data_time: 0.0273  memory: 10144  loss: 1.0575  decode.loss_ohem: 0.7179  decode.acc_seg: 91.5568  aux_0.loss_ce: 0.3397  aux_0.acc_seg: 87.2577
2026/07/26 16:05:11 - mmengine - INFO - Iter(train) [ 47900/160000]  lr: 5.8744e-02  eta: 11:53:16  time: 0.3827  data_time: 0.0277  memory: 10143  loss: 1.1922  decode.loss_ohem: 0.7965  decode.acc_seg: 88.7642  aux_0.loss_ce: 0.3958  aux_0.acc_seg: 83.3846
2026/07/26 16:05:50 - mmengine - INFO - Exp name: dsanet_cityscapes_512x1024_20260726_105627
2026/07/26 16:05:50 - mmengine - INFO - Iter(train) [ 48000/160000]  lr: 5.8697e-02  eta: 11:52:38  time: 0.3837  data_time: 0.0289  memory: 10144  loss: 1.0901  decode.loss_ohem: 0.7337  decode.acc_seg: 92.5857  aux_0.loss_ce: 0.3564  aux_0.acc_seg: 90.4534
2026/07/26 16:06:28 - mmengine - INFO - Iter(train) [ 48100/160000]  lr: 5.8650e-02  eta: 11:52:00  time: 0.3825  data_time: 0.0283  memory: 10144  loss: 1.1998  decode.loss_ohem: 0.8381  decode.acc_seg: 91.2672  aux_0.loss_ce: 0.3616  aux_0.acc_seg: 84.2941
2026/07/26 16:07:06 - mmengine - INFO - Iter(train) [ 48200/160000]  lr: 5.8603e-02  eta: 11:51:22  time: 0.3811  data_time: 0.0277  memory: 10145  loss: 1.1635  decode.loss_ohem: 0.8119  decode.acc_seg: 89.6408  aux_0.loss_ce: 0.3516  aux_0.acc_seg: 87.8918
2026/07/26 16:07:44 - mmengine - INFO - Iter(train) [ 48300/160000]  lr: 5.8556e-02  eta: 11:50:44  time: 0.3828  data_time: 0.0282  memory: 10146  loss: 1.1835  decode.loss_ohem: 0.7509  decode.acc_seg: 92.2713  aux_0.loss_ce: 0.4326  aux_0.acc_seg: 84.0359
2026/07/26 16:08:23 - mmengine - INFO - Iter(train) [ 48400/160000]  lr: 5.8508e-02  eta: 11:50:05  time: 0.3821  data_time: 0.0279  memory: 10143  loss: 1.0895  decode.loss_ohem: 0.7381  decode.acc_seg: 91.6612  aux_0.loss_ce: 0.3514  aux_0.acc_seg: 85.4596
2026/07/26 16:09:01 - mmengine - INFO - Iter(train) [ 48500/160000]  lr: 5.8461e-02  eta: 11:49:27  time: 0.3792  data_time: 0.0275  memory: 10144  loss: 1.2009  decode.loss_ohem: 0.8327  decode.acc_seg: 89.4628  aux_0.loss_ce: 0.3683  aux_0.acc_seg: 83.1282
2026/07/26 16:09:39 - mmengine - INFO - Iter(train) [ 48600/160000]  lr: 5.8414e-02  eta: 11:48:49  time: 0.3821  data_time: 0.0277  memory: 10144  loss: 1.1262  decode.loss_ohem: 0.7648  decode.acc_seg: 91.8365  aux_0.loss_ce: 0.3614  aux_0.acc_seg: 87.7425
2026/07/26 16:10:17 - mmengine - INFO - Iter(train) [ 48700/160000]  lr: 5.8367e-02  eta: 11:48:10  time: 0.3782  data_time: 0.0273  memory: 10145  loss: 1.1354  decode.loss_ohem: 0.8088  decode.acc_seg: 88.9940  aux_0.loss_ce: 0.3266  aux_0.acc_seg: 83.1378
2026/07/26 16:10:55 - mmengine - INFO - Iter(train) [ 48800/160000]  lr: 5.8320e-02  eta: 11:47:31  time: 0.3805  data_time: 0.0275  memory: 10143  loss: 1.1561  decode.loss_ohem: 0.7800  decode.acc_seg: 91.7871  aux_0.loss_ce: 0.3761  aux_0.acc_seg: 84.3898
2026/07/26 16:11:33 - mmengine - INFO - Iter(train) [ 48900/160000]  lr: 5.8273e-02  eta: 11:46:53  time: 0.3805  data_time: 0.0271  memory: 10145  loss: 1.1368  decode.loss_ohem: 0.7688  decode.acc_seg: 90.6021  aux_0.loss_ce: 0.3681  aux_0.acc_seg: 84.8246
2026/07/26 16:12:11 - mmengine - INFO - Exp name: dsanet_cityscapes_512x1024_20260726_105627
2026/07/26 16:12:11 - mmengine - INFO - Iter(train) [ 49000/160000]  lr: 5.8225e-02  eta: 11:46:14  time: 0.3808  data_time: 0.0287  memory: 10143  loss: 1.2930  decode.loss_ohem: 0.8883  decode.acc_seg: 88.3355  aux_0.loss_ce: 0.4047  aux_0.acc_seg: 85.7956
2026/07/26 16:12:49 - mmengine - INFO - Iter(train) [ 49100/160000]  lr: 5.8178e-02  eta: 11:45:36  time: 0.3784  data_time: 0.0269  memory: 10146  loss: 1.1034  decode.loss_ohem: 0.7338  decode.acc_seg: 90.6265  aux_0.loss_ce: 0.3697  aux_0.acc_seg: 87.0262
2026/07/26 16:13:27 - mmengine - INFO - Iter(train) [ 49200/160000]  lr: 5.8131e-02  eta: 11:44:57  time: 0.3796  data_time: 0.0271  memory: 10145  loss: 1.1074  decode.loss_ohem: 0.7602  decode.acc_seg: 89.7842  aux_0.loss_ce: 0.3471  aux_0.acc_seg: 83.9721
2026/07/26 16:14:05 - mmengine - INFO - Iter(train) [ 49300/160000]  lr: 5.8084e-02  eta: 11:44:19  time: 0.3832  data_time: 0.0285  memory: 10144  loss: 1.1201  decode.loss_ohem: 0.7437  decode.acc_seg: 90.3749  aux_0.loss_ce: 0.3764  aux_0.acc_seg: 83.6304
2026/07/26 16:14:43 - mmengine - INFO - Iter(train) [ 49400/160000]  lr: 5.8037e-02  eta: 11:43:40  time: 0.3810  data_time: 0.0271  memory: 10144  loss: 1.2006  decode.loss_ohem: 0.8446  decode.acc_seg: 88.9789  aux_0.loss_ce: 0.3560  aux_0.acc_seg: 85.0698
2026/07/26 16:15:21 - mmengine - INFO - Iter(train) [ 49500/160000]  lr: 5.7989e-02  eta: 11:43:02  time: 0.3829  data_time: 0.0271  memory: 10142  loss: 1.2037  decode.loss_ohem: 0.8094  decode.acc_seg: 89.5248  aux_0.loss_ce: 0.3943  aux_0.acc_seg: 85.7355
2026/07/26 16:15:59 - mmengine - INFO - Iter(train) [ 49600/160000]  lr: 5.7942e-02  eta: 11:42:24  time: 0.3822  data_time: 0.0280  memory: 10145  loss: 1.1962  decode.loss_ohem: 0.7901  decode.acc_seg: 91.4115  aux_0.loss_ce: 0.4061  aux_0.acc_seg: 87.2147
2026/07/26 16:16:37 - mmengine - INFO - Iter(train) [ 49700/160000]  lr: 5.7895e-02  eta: 11:41:45  time: 0.3798  data_time: 0.0273  memory: 10144  loss: 1.1063  decode.loss_ohem: 0.7509  decode.acc_seg: 93.4968  aux_0.loss_ce: 0.3554  aux_0.acc_seg: 88.9224
2026/07/26 16:17:16 - mmengine - INFO - Iter(train) [ 49800/160000]  lr: 5.7848e-02  eta: 11:41:07  time: 0.3806  data_time: 0.0274  memory: 10143  loss: 1.0332  decode.loss_ohem: 0.7262  decode.acc_seg: 92.5877  aux_0.loss_ce: 0.3070  aux_0.acc_seg: 89.6267
2026/07/26 16:17:54 - mmengine - INFO - Iter(train) [ 49900/160000]  lr: 5.7800e-02  eta: 11:40:29  time: 0.3785  data_time: 0.0271  memory: 10143  loss: 1.1312  decode.loss_ohem: 0.7738  decode.acc_seg: 92.0444  aux_0.loss_ce: 0.3574  aux_0.acc_seg: 86.6092
2026/07/26 16:18:32 - mmengine - INFO - Exp name: dsanet_cityscapes_512x1024_20260726_105627
2026/07/26 16:18:32 - mmengine - INFO - Iter(train) [ 50000/160000]  lr: 5.7753e-02  eta: 11:39:50  time: 0.3787  data_time: 0.0254  memory: 10144  loss: 1.1073  decode.loss_ohem: 0.7571  decode.acc_seg: 89.8659  aux_0.loss_ce: 0.3502  aux_0.acc_seg: 85.5772
2026/07/26 16:18:32 - mmengine - INFO - Saving checkpoint at 50000 iterations
2026/07/26 16:18:42 - mmengine - INFO - Iter(val) [100/250]    eta: 0:00:15  time: 0.0996  data_time: 0.0115  memory: 835  
2026/07/26 16:18:52 - mmengine - INFO - Iter(val) [200/250]    eta: 0:00:04  time: 0.1032  data_time: 0.0157  memory: 835  
2026/07/26 16:18:57 - mmengine - INFO - per class results:
2026/07/26 16:18:57 - mmengine - INFO - 
+---------------+-------+-------+
|     Class     |  IoU  |  Acc  |
+---------------+-------+-------+
|      road     |  96.7 | 97.73 |
|    sidewalk   | 75.99 | 89.51 |
|    building   | 88.29 | 94.97 |
|      wall     | 46.34 | 54.61 |
|     fence     | 39.03 | 42.98 |
|      pole     | 51.61 | 61.33 |
| traffic light | 50.45 | 60.76 |
|  traffic sign | 63.46 | 72.28 |
|   vegetation  | 89.88 | 96.33 |
|    terrain    |  51.2 | 58.11 |
|      sky      | 92.03 | 95.39 |
|     person    | 71.11 | 83.73 |
|     rider     | 45.25 | 57.66 |
|      car      | 91.54 | 96.04 |
|     truck     | 34.19 | 35.63 |
|      bus      | 57.65 | 83.69 |
|     train     |  44.3 | 60.12 |
|   motorcycle  | 34.51 | 42.98 |
|    bicycle    | 62.91 | 89.41 |
+---------------+-------+-------+
2026/07/26 16:18:57 - mmengine - INFO - Iter(val) [250/250]    aAcc: 93.7200  mIoU: 62.4400  mAcc: 72.2800  data_time: 0.0236  time: 0.0995
2026/07/26 16:18:57 - mmengine - INFO - The previous best checkpoint /root/autodl-tmp/DSANet-main/tools/work_dirs/dsanet_cityscapes_512x1024/best_mIoU_iter_40000.pth is removed
2026/07/26 16:18:57 - mmengine - INFO - The best checkpoint with 62.4400 mIoU at 50000 iter is saved to best_mIoU_iter_50000.pth.
2026/07/26 16:19:35 - mmengine - INFO - Iter(train) [ 50100/160000]  lr: 5.7706e-02  eta: 11:39:12  time: 0.3755  data_time: 0.0252  memory: 10145  loss: 1.1234  decode.loss_ohem: 0.7749  decode.acc_seg: 91.0284  aux_0.loss_ce: 0.3485  aux_0.acc_seg: 87.6261
2026/07/26 16:20:13 - mmengine - INFO - Iter(train) [ 50200/160000]  lr: 5.7659e-02  eta: 11:38:33  time: 0.3710  data_time: 0.0242  memory: 10143  loss: 1.1088  decode.loss_ohem: 0.7475  decode.acc_seg: 90.7040  aux_0.loss_ce: 0.3613  aux_0.acc_seg: 87.2203
2026/07/26 16:20:51 - mmengine - INFO - Iter(train) [ 50300/160000]  lr: 5.7611e-02  eta: 11:37:54  time: 0.3809  data_time: 0.0262  memory: 10143  loss: 1.0054  decode.loss_ohem: 0.6994  decode.acc_seg: 94.5474  aux_0.loss_ce: 0.3060  aux_0.acc_seg: 92.0166
2026/07/26 16:21:29 - mmengine - INFO - Iter(train) [ 50400/160000]  lr: 5.7564e-02  eta: 11:37:15  time: 0.3757  data_time: 0.0234  memory: 10144  loss: 1.1279  decode.loss_ohem: 0.7495  decode.acc_seg: 91.6988  aux_0.loss_ce: 0.3783  aux_0.acc_seg: 86.9002
2026/07/26 16:22:06 - mmengine - INFO - Iter(train) [ 50500/160000]  lr: 5.7517e-02  eta: 11:36:36  time: 0.3769  data_time: 0.0254  memory: 10142  loss: 1.1336  decode.loss_ohem: 0.7920  decode.acc_seg: 90.5205  aux_0.loss_ce: 0.3416  aux_0.acc_seg: 87.5020
2026/07/26 16:22:45 - mmengine - INFO - Iter(train) [ 50600/160000]  lr: 5.7470e-02  eta: 11:35:58  time: 0.3773  data_time: 0.0251  memory: 10143  loss: 1.1048  decode.loss_ohem: 0.7410  decode.acc_seg: 90.0234  aux_0.loss_ce: 0.3638  aux_0.acc_seg: 83.8922
2026/07/26 16:23:22 - mmengine - INFO - Iter(train) [ 50700/160000]  lr: 5.7422e-02  eta: 11:35:18  time: 0.3769  data_time: 0.0256  memory: 10145  loss: 1.1639  decode.loss_ohem: 0.7850  decode.acc_seg: 91.2676  aux_0.loss_ce: 0.3789  aux_0.acc_seg: 83.2989
2026/07/26 16:24:00 - mmengine - INFO - Iter(train) [ 50800/160000]  lr: 5.7375e-02  eta: 11:34:40  time: 0.3789  data_time: 0.0267  memory: 10143  loss: 1.1306  decode.loss_ohem: 0.7861  decode.acc_seg: 92.4119  aux_0.loss_ce: 0.3445  aux_0.acc_seg: 84.8052
2026/07/26 16:24:38 - mmengine - INFO - Iter(train) [ 50900/160000]  lr: 5.7328e-02  eta: 11:34:01  time: 0.3822  data_time: 0.0273  memory: 10144  loss: 1.2485  decode.loss_ohem: 0.8668  decode.acc_seg: 88.1180  aux_0.loss_ce: 0.3817  aux_0.acc_seg: 82.5593
2026/07/26 16:25:16 - mmengine - INFO - Exp name: dsanet_cityscapes_512x1024_20260726_105627
2026/07/26 16:25:16 - mmengine - INFO - Iter(train) [ 51000/160000]  lr: 5.7280e-02  eta: 11:33:23  time: 0.3786  data_time: 0.0261  memory: 10145  loss: 1.0529  decode.loss_ohem: 0.7239  decode.acc_seg: 88.3859  aux_0.loss_ce: 0.3291  aux_0.acc_seg: 84.0786
2026/07/26 16:25:54 - mmengine - INFO - Iter(train) [ 51100/160000]  lr: 5.7233e-02  eta: 11:32:44  time: 0.3793  data_time: 0.0265  memory: 10143  loss: 1.0505  decode.loss_ohem: 0.7070  decode.acc_seg: 92.8455  aux_0.loss_ce: 0.3435  aux_0.acc_seg: 88.2437
2026/07/26 16:26:32 - mmengine - INFO - Iter(train) [ 51200/160000]  lr: 5.7186e-02  eta: 11:32:05  time: 0.3780  data_time: 0.0263  memory: 10145  loss: 1.0848  decode.loss_ohem: 0.7399  decode.acc_seg: 92.5267  aux_0.loss_ce: 0.3449  aux_0.acc_seg: 84.6365
2026/07/26 16:27:10 - mmengine - INFO - Iter(train) [ 51300/160000]  lr: 5.7139e-02  eta: 11:31:27  time: 0.3818  data_time: 0.0268  memory: 10143  loss: 1.0884  decode.loss_ohem: 0.7198  decode.acc_seg: 90.4255  aux_0.loss_ce: 0.3687  aux_0.acc_seg: 85.9637
2026/07/26 16:27:48 - mmengine - INFO - Iter(train) [ 51400/160000]  lr: 5.7091e-02  eta: 11:30:48  time: 0.3796  data_time: 0.0268  memory: 10144  loss: 1.1511  decode.loss_ohem: 0.8033  decode.acc_seg: 92.4317  aux_0.loss_ce: 0.3478  aux_0.acc_seg: 88.8510
2026/07/26 16:28:26 - mmengine - INFO - Iter(train) [ 51500/160000]  lr: 5.7044e-02  eta: 11:30:10  time: 0.3793  data_time: 0.0268  memory: 10144  loss: 1.1532  decode.loss_ohem: 0.7731  decode.acc_seg: 91.2495  aux_0.loss_ce: 0.3801  aux_0.acc_seg: 85.3095
2026/07/26 16:29:04 - mmengine - INFO - Iter(train) [ 51600/160000]  lr: 5.6997e-02  eta: 11:29:32  time: 0.3816  data_time: 0.0272  memory: 10144  loss: 1.2206  decode.loss_ohem: 0.8369  decode.acc_seg: 89.2789  aux_0.loss_ce: 0.3838  aux_0.acc_seg: 86.3400
2026/07/26 16:29:42 - mmengine - INFO - Iter(train) [ 51700/160000]  lr: 5.6949e-02  eta: 11:28:53  time: 0.3798  data_time: 0.0276  memory: 10143  loss: 1.1376  decode.loss_ohem: 0.7964  decode.acc_seg: 89.2913  aux_0.loss_ce: 0.3412  aux_0.acc_seg: 86.8728
2026/07/26 16:30:20 - mmengine - INFO - Iter(train) [ 51800/160000]  lr: 5.6902e-02  eta: 11:28:15  time: 0.3805  data_time: 0.0277  memory: 10145  loss: 1.1407  decode.loss_ohem: 0.7823  decode.acc_seg: 90.6802  aux_0.loss_ce: 0.3584  aux_0.acc_seg: 87.0156
2026/07/26 16:30:58 - mmengine - INFO - Iter(train) [ 51900/160000]  lr: 5.6855e-02  eta: 11:27:36  time: 0.3814  data_time: 0.0276  memory: 10145  loss: 1.1251  decode.loss_ohem: 0.7574  decode.acc_seg: 91.3208  aux_0.loss_ce: 0.3677  aux_0.acc_seg: 83.7466
2026/07/26 16:31:36 - mmengine - INFO - Exp name: dsanet_cityscapes_512x1024_20260726_105627
2026/07/26 16:31:36 - mmengine - INFO - Iter(train) [ 52000/160000]  lr: 5.6807e-02  eta: 11:26:58  time: 0.3799  data_time: 0.0271  memory: 10142  loss: 1.1865  decode.loss_ohem: 0.7970  decode.acc_seg: 89.5027  aux_0.loss_ce: 0.3894  aux_0.acc_seg: 83.6202
2026/07/26 16:32:15 - mmengine - INFO - Iter(train) [ 52100/160000]  lr: 5.6760e-02  eta: 11:26:20  time: 0.3812  data_time: 0.0271  memory: 10146  loss: 1.0869  decode.loss_ohem: 0.7106  decode.acc_seg: 93.0665  aux_0.loss_ce: 0.3763  aux_0.acc_seg: 88.1882
2026/07/26 16:32:53 - mmengine - INFO - Iter(train) [ 52200/160000]  lr: 5.6713e-02  eta: 11:25:41  time: 0.3806  data_time: 0.0267  memory: 10144  loss: 1.1810  decode.loss_ohem: 0.7858  decode.acc_seg: 92.8129  aux_0.loss_ce: 0.3952  aux_0.acc_seg: 87.1033
2026/07/26 16:33:31 - mmengine - INFO - Iter(train) [ 52300/160000]  lr: 5.6665e-02  eta: 11:25:03  time: 0.3804  data_time: 0.0264  memory: 10143  loss: 1.1749  decode.loss_ohem: 0.7753  decode.acc_seg: 91.8285  aux_0.loss_ce: 0.3996  aux_0.acc_seg: 88.0180
2026/07/26 16:34:09 - mmengine - INFO - Iter(train) [ 52400/160000]  lr: 5.6618e-02  eta: 11:24:25  time: 0.3788  data_time: 0.0272  memory: 10143  loss: 1.1288  decode.loss_ohem: 0.7926  decode.acc_seg: 91.1436  aux_0.loss_ce: 0.3363  aux_0.acc_seg: 89.2331
2026/07/26 16:34:47 - mmengine - INFO - Iter(train) [ 52500/160000]  lr: 5.6571e-02  eta: 11:23:46  time: 0.3768  data_time: 0.0254  memory: 10143  loss: 1.1266  decode.loss_ohem: 0.7821  decode.acc_seg: 92.6101  aux_0.loss_ce: 0.3445  aux_0.acc_seg: 89.0681
2026/07/26 16:35:25 - mmengine - INFO - Iter(train) [ 52600/160000]  lr: 5.6523e-02  eta: 11:23:08  time: 0.3786  data_time: 0.0273  memory: 10143  loss: 1.0546  decode.loss_ohem: 0.7319  decode.acc_seg: 92.6404  aux_0.loss_ce: 0.3227  aux_0.acc_seg: 87.6491
2026/07/26 16:36:03 - mmengine - INFO - Iter(train) [ 52700/160000]  lr: 5.6476e-02  eta: 11:22:30  time: 0.3832  data_time: 0.0282  memory: 10143  loss: 1.0937  decode.loss_ohem: 0.7156  decode.acc_seg: 92.7568  aux_0.loss_ce: 0.3781  aux_0.acc_seg: 88.6471
2026/07/26 16:36:41 - mmengine - INFO - Iter(train) [ 52800/160000]  lr: 5.6429e-02  eta: 11:21:51  time: 0.3806  data_time: 0.0270  memory: 10144  loss: 1.1317  decode.loss_ohem: 0.7809  decode.acc_seg: 92.4088  aux_0.loss_ce: 0.3509  aux_0.acc_seg: 85.7635
2026/07/26 16:37:19 - mmengine - INFO - Iter(train) [ 52900/160000]  lr: 5.6381e-02  eta: 11:21:13  time: 0.3791  data_time: 0.0272  memory: 10145  loss: 1.1267  decode.loss_ohem: 0.7797  decode.acc_seg: 92.6732  aux_0.loss_ce: 0.3470  aux_0.acc_seg: 88.9413
2026/07/26 16:37:57 - mmengine - INFO - Exp name: dsanet_cityscapes_512x1024_20260726_105627
2026/07/26 16:37:57 - mmengine - INFO - Iter(train) [ 53000/160000]  lr: 5.6334e-02  eta: 11:20:35  time: 0.3815  data_time: 0.0279  memory: 10144  loss: 1.0712  decode.loss_ohem: 0.7235  decode.acc_seg: 91.7082  aux_0.loss_ce: 0.3478  aux_0.acc_seg: 87.8378
2026/07/26 16:38:36 - mmengine - INFO - Iter(train) [ 53100/160000]  lr: 5.6286e-02  eta: 11:19:56  time: 0.3820  data_time: 0.0288  memory: 10142  loss: 1.1354  decode.loss_ohem: 0.7762  decode.acc_seg: 89.5008  aux_0.loss_ce: 0.3592  aux_0.acc_seg: 85.2188
2026/07/26 16:39:14 - mmengine - INFO - Iter(train) [ 53200/160000]  lr: 5.6239e-02  eta: 11:19:18  time: 0.3806  data_time: 0.0264  memory: 10143  loss: 1.0889  decode.loss_ohem: 0.7347  decode.acc_seg: 91.9139  aux_0.loss_ce: 0.3542  aux_0.acc_seg: 87.2155
2026/07/26 16:39:52 - mmengine - INFO - Iter(train) [ 53300/160000]  lr: 5.6192e-02  eta: 11:18:40  time: 0.3797  data_time: 0.0264  memory: 10143  loss: 1.1372  decode.loss_ohem: 0.7726  decode.acc_seg: 92.1236  aux_0.loss_ce: 0.3646  aux_0.acc_seg: 88.0836
2026/07/26 16:40:30 - mmengine - INFO - Iter(train) [ 53400/160000]  lr: 5.6144e-02  eta: 11:18:01  time: 0.3812  data_time: 0.0275  memory: 10144  loss: 1.1636  decode.loss_ohem: 0.7591  decode.acc_seg: 92.0554  aux_0.loss_ce: 0.4046  aux_0.acc_seg: 89.0628
2026/07/26 16:41:08 - mmengine - INFO - Iter(train) [ 53500/160000]  lr: 5.6097e-02  eta: 11:17:23  time: 0.3815  data_time: 0.0275  memory: 10144  loss: 1.2126  decode.loss_ohem: 0.7839  decode.acc_seg: 90.6360  aux_0.loss_ce: 0.4287  aux_0.acc_seg: 84.9069
2026/07/26 16:41:46 - mmengine - INFO - Iter(train) [ 53600/160000]  lr: 5.6050e-02  eta: 11:16:45  time: 0.3816  data_time: 0.0273  memory: 10144  loss: 1.2295  decode.loss_ohem: 0.8379  decode.acc_seg: 83.2518  aux_0.loss_ce: 0.3916  aux_0.acc_seg: 80.2972
2026/07/26 16:42:24 - mmengine - INFO - Iter(train) [ 53700/160000]  lr: 5.6002e-02  eta: 11:16:07  time: 0.3788  data_time: 0.0258  memory: 10144  loss: 1.1286  decode.loss_ohem: 0.7539  decode.acc_seg: 90.7292  aux_0.loss_ce: 0.3747  aux_0.acc_seg: 89.6200
2026/07/26 16:43:02 - mmengine - INFO - Iter(train) [ 53800/160000]  lr: 5.5955e-02  eta: 11:15:28  time: 0.3798  data_time: 0.0258  memory: 10143  loss: 1.0703  decode.loss_ohem: 0.7407  decode.acc_seg: 92.5869  aux_0.loss_ce: 0.3295  aux_0.acc_seg: 87.9162
2026/07/26 16:43:40 - mmengine - INFO - Iter(train) [ 53900/160000]  lr: 5.5907e-02  eta: 11:14:50  time: 0.3803  data_time: 0.0264  memory: 10142  loss: 1.0797  decode.loss_ohem: 0.7267  decode.acc_seg: 91.0859  aux_0.loss_ce: 0.3529  aux_0.acc_seg: 87.9891
2026/07/26 16:44:18 - mmengine - INFO - Exp name: dsanet_cityscapes_512x1024_20260726_105627
2026/07/26 16:44:18 - mmengine - INFO - Iter(train) [ 54000/160000]  lr: 5.5860e-02  eta: 11:14:11  time: 0.3804  data_time: 0.0271  memory: 10143  loss: 1.0748  decode.loss_ohem: 0.7447  decode.acc_seg: 92.9152  aux_0.loss_ce: 0.3301  aux_0.acc_seg: 90.4999
2026/07/26 16:44:56 - mmengine - INFO - Iter(train) [ 54100/160000]  lr: 5.5812e-02  eta: 11:13:33  time: 0.3793  data_time: 0.0268  memory: 10145  loss: 1.0306  decode.loss_ohem: 0.7038  decode.acc_seg: 92.5651  aux_0.loss_ce: 0.3269  aux_0.acc_seg: 88.8325
2026/07/26 16:45:35 - mmengine - INFO - Iter(train) [ 54200/160000]  lr: 5.5765e-02  eta: 11:12:55  time: 0.3843  data_time: 0.0268  memory: 10143  loss: 0.9487  decode.loss_ohem: 0.6316  decode.acc_seg: 92.2848  aux_0.loss_ce: 0.3171  aux_0.acc_seg: 87.6992
2026/07/26 16:46:12 - mmengine - INFO - Iter(train) [ 54300/160000]  lr: 5.5718e-02  eta: 11:12:16  time: 0.3746  data_time: 0.0251  memory: 10144  loss: 1.1382  decode.loss_ohem: 0.7511  decode.acc_seg: 91.4835  aux_0.loss_ce: 0.3871  aux_0.acc_seg: 87.8028
2026/07/26 16:46:50 - mmengine - INFO - Iter(train) [ 54400/160000]  lr: 5.5670e-02  eta: 11:11:37  time: 0.3786  data_time: 0.0264  memory: 10143  loss: 1.2217  decode.loss_ohem: 0.8496  decode.acc_seg: 88.5791  aux_0.loss_ce: 0.3720  aux_0.acc_seg: 84.6761
2026/07/26 16:47:28 - mmengine - INFO - Iter(train) [ 54500/160000]  lr: 5.5623e-02  eta: 11:10:58  time: 0.3794  data_time: 0.0260  memory: 10143  loss: 1.0950  decode.loss_ohem: 0.7349  decode.acc_seg: 90.4566  aux_0.loss_ce: 0.3601  aux_0.acc_seg: 84.0487
2026/07/26 16:48:06 - mmengine - INFO - Iter(train) [ 54600/160000]  lr: 5.5575e-02  eta: 11:10:20  time: 0.3819  data_time: 0.0272  memory: 10144  loss: 1.1082  decode.loss_ohem: 0.7142  decode.acc_seg: 88.1129  aux_0.loss_ce: 0.3940  aux_0.acc_seg: 85.0919
2026/07/26 16:48:44 - mmengine - INFO - Iter(train) [ 54700/160000]  lr: 5.5528e-02  eta: 11:09:41  time: 0.3805  data_time: 0.0270  memory: 10143  loss: 1.1688  decode.loss_ohem: 0.7673  decode.acc_seg: 87.4422  aux_0.loss_ce: 0.4015  aux_0.acc_seg: 85.2746
2026/07/26 16:49:22 - mmengine - INFO - Iter(train) [ 54800/160000]  lr: 5.5480e-02  eta: 11:09:03  time: 0.3810  data_time: 0.0276  memory: 10142  loss: 1.0446  decode.loss_ohem: 0.7118  decode.acc_seg: 93.0215  aux_0.loss_ce: 0.3328  aux_0.acc_seg: 89.0118
2026/07/26 16:50:00 - mmengine - INFO - Iter(train) [ 54900/160000]  lr: 5.5433e-02  eta: 11:08:24  time: 0.3760  data_time: 0.0245  memory: 10143  loss: 1.0669  decode.loss_ohem: 0.7159  decode.acc_seg: 87.3608  aux_0.loss_ce: 0.3509  aux_0.acc_seg: 81.1022
2026/07/26 16:50:38 - mmengine - INFO - Exp name: dsanet_cityscapes_512x1024_20260726_105627
2026/07/26 16:50:38 - mmengine - INFO - Iter(train) [ 55000/160000]  lr: 5.5385e-02  eta: 11:07:46  time: 0.3789  data_time: 0.0258  memory: 10145  loss: 1.0903  decode.loss_ohem: 0.7182  decode.acc_seg: 92.6421  aux_0.loss_ce: 0.3721  aux_0.acc_seg: 88.8398
2026/07/26 16:50:38 - mmengine - INFO - Saving checkpoint at 55000 iterations
2026/07/26 16:50:49 - mmengine - INFO - Iter(val) [100/250]    eta: 0:00:15  time: 0.1013  data_time: 0.0103  memory: 835  
2026/07/26 16:50:59 - mmengine - INFO - Iter(val) [200/250]    eta: 0:00:05  time: 0.0972  data_time: 0.0100  memory: 835  
2026/07/26 16:51:04 - mmengine - INFO - per class results:
2026/07/26 16:51:04 - mmengine - INFO - 
+---------------+-------+-------+
|     Class     |  IoU  |  Acc  |
+---------------+-------+-------+
|      road     | 94.48 | 95.08 |
|    sidewalk   | 68.36 | 92.57 |
|    building   | 88.31 | 96.32 |
|      wall     | 37.92 | 42.98 |
|     fence     | 47.77 | 60.96 |
|      pole     | 49.06 | 56.08 |
| traffic light | 49.08 | 60.39 |
|  traffic sign | 63.46 | 73.09 |
|   vegetation  | 88.53 | 92.42 |
|    terrain    | 46.93 | 70.57 |
|      sky      | 90.35 | 95.63 |
|     person    | 71.29 | 84.82 |
|     rider     | 48.98 | 60.24 |
|      car      | 91.02 | 96.93 |
|     truck     | 42.07 | 47.19 |
|      bus      | 64.33 | 91.21 |
|     train     | 29.72 | 40.68 |
|   motorcycle  | 36.17 | 48.46 |
|    bicycle    | 65.43 | 79.64 |
+---------------+-------+-------+
2026/07/26 16:51:04 - mmengine - INFO - Iter(val) [250/250]    aAcc: 92.6600  mIoU: 61.7500  mAcc: 72.9100  data_time: 0.0198  time: 0.1015
2026/07/26 16:51:42 - mmengine - INFO - Iter(train) [ 55100/160000]  lr: 5.5338e-02  eta: 11:07:07  time: 0.3791  data_time: 0.0265  memory: 10142  loss: 1.2934  decode.loss_ohem: 0.8865  decode.acc_seg: 91.4506  aux_0.loss_ce: 0.4069  aux_0.acc_seg: 85.2232
2026/07/26 16:52:20 - mmengine - INFO - Iter(train) [ 55200/160000]  lr: 5.5290e-02  eta: 11:06:29  time: 0.3797  data_time: 0.0268  memory: 10143  loss: 1.1073  decode.loss_ohem: 0.7736  decode.acc_seg: 89.9652  aux_0.loss_ce: 0.3337  aux_0.acc_seg: 86.6772
2026/07/26 16:52:58 - mmengine - INFO - Iter(train) [ 55300/160000]  lr: 5.5243e-02  eta: 11:05:50  time: 0.3821  data_time: 0.0285  memory: 10144  loss: 1.1300  decode.loss_ohem: 0.7637  decode.acc_seg: 91.3204  aux_0.loss_ce: 0.3663  aux_0.acc_seg: 85.6562
2026/07/26 16:53:36 - mmengine - INFO - Iter(train) [ 55400/160000]  lr: 5.5196e-02  eta: 11:05:12  time: 0.3807  data_time: 0.0279  memory: 10146  loss: 1.0546  decode.loss_ohem: 0.7095  decode.acc_seg: 91.7302  aux_0.loss_ce: 0.3451  aux_0.acc_seg: 88.7427
2026/07/26 16:54:14 - mmengine - INFO - Iter(train) [ 55500/160000]  lr: 5.5148e-02  eta: 11:04:34  time: 0.3842  data_time: 0.0289  memory: 10143  loss: 1.0924  decode.loss_ohem: 0.7514  decode.acc_seg: 88.8232  aux_0.loss_ce: 0.3410  aux_0.acc_seg: 85.6640
2026/07/26 16:54:52 - mmengine - INFO - Iter(train) [ 55600/160000]  lr: 5.5101e-02  eta: 11:03:56  time: 0.3854  data_time: 0.0294  memory: 10142  loss: 1.1520  decode.loss_ohem: 0.7708  decode.acc_seg: 92.6255  aux_0.loss_ce: 0.3812  aux_0.acc_seg: 86.5732
2026/07/26 16:55:30 - mmengine - INFO - Iter(train) [ 55700/160000]  lr: 5.5053e-02  eta: 11:03:18  time: 0.3818  data_time: 0.0275  memory: 10142  loss: 1.1535  decode.loss_ohem: 0.7746  decode.acc_seg: 90.9184  aux_0.loss_ce: 0.3789  aux_0.acc_seg: 88.4080
2026/07/26 16:56:09 - mmengine - INFO - Iter(train) [ 55800/160000]  lr: 5.5006e-02  eta: 11:02:40  time: 0.3811  data_time: 0.0270  memory: 10142  loss: 1.1964  decode.loss_ohem: 0.8503  decode.acc_seg: 93.2046  aux_0.loss_ce: 0.3461  aux_0.acc_seg: 89.3246
2026/07/26 16:56:47 - mmengine - INFO - Iter(train) [ 55900/160000]  lr: 5.4958e-02  eta: 11:02:01  time: 0.3807  data_time: 0.0268  memory: 10145  loss: 1.2600  decode.loss_ohem: 0.8351  decode.acc_seg: 87.5213  aux_0.loss_ce: 0.4248  aux_0.acc_seg: 80.7699
2026/07/26 16:57:25 - mmengine - INFO - Exp name: dsanet_cityscapes_512x1024_20260726_105627
2026/07/26 16:57:25 - mmengine - INFO - Iter(train) [ 56000/160000]  lr: 5.4911e-02  eta: 11:01:24  time: 0.3828  data_time: 0.0275  memory: 10146  loss: 1.0748  decode.loss_ohem: 0.7342  decode.acc_seg: 86.3258  aux_0.loss_ce: 0.3406  aux_0.acc_seg: 82.7716
2026/07/26 16:58:03 - mmengine - INFO - Iter(train) [ 56100/160000]  lr: 5.4863e-02  eta: 11:00:46  time: 0.3822  data_time: 0.0275  memory: 10144  loss: 1.0891  decode.loss_ohem: 0.7257  decode.acc_seg: 90.8915  aux_0.loss_ce: 0.3635  aux_0.acc_seg: 87.2070
2026/07/26 16:58:42 - mmengine - INFO - Iter(train) [ 56200/160000]  lr: 5.4816e-02  eta: 11:00:08  time: 0.3842  data_time: 0.0294  memory: 10145  loss: 1.0455  decode.loss_ohem: 0.7114  decode.acc_seg: 92.3897  aux_0.loss_ce: 0.3341  aux_0.acc_seg: 87.3974
2026/07/26 16:59:20 - mmengine - INFO - Iter(train) [ 56300/160000]  lr: 5.4768e-02  eta: 10:59:30  time: 0.3786  data_time: 0.0263  memory: 10143  loss: 1.0625  decode.loss_ohem: 0.7412  decode.acc_seg: 92.9762  aux_0.loss_ce: 0.3213  aux_0.acc_seg: 87.9311
2026/07/26 16:59:58 - mmengine - INFO - Iter(train) [ 56400/160000]  lr: 5.4720e-02  eta: 10:58:52  time: 0.3824  data_time: 0.0278  memory: 10143  loss: 1.2215  decode.loss_ohem: 0.8192  decode.acc_seg: 88.5193  aux_0.loss_ce: 0.4023  aux_0.acc_seg: 86.1187
2026/07/26 17:00:37 - mmengine - INFO - Iter(train) [ 56500/160000]  lr: 5.4673e-02  eta: 10:58:14  time: 0.3832  data_time: 0.0281  memory: 10143  loss: 1.1052  decode.loss_ohem: 0.7596  decode.acc_seg: 93.7036  aux_0.loss_ce: 0.3456  aux_0.acc_seg: 90.0113
2026/07/26 17:01:15 - mmengine - INFO - Iter(train) [ 56600/160000]  lr: 5.4625e-02  eta: 10:57:36  time: 0.3845  data_time: 0.0291  memory: 10144  loss: 1.0955  decode.loss_ohem: 0.7337  decode.acc_seg: 89.7456  aux_0.loss_ce: 0.3619  aux_0.acc_seg: 85.6778
2026/07/26 17:01:53 - mmengine - INFO - Iter(train) [ 56700/160000]  lr: 5.4578e-02  eta: 10:56:58  time: 0.3806  data_time: 0.0271  memory: 10146  loss: 1.1991  decode.loss_ohem: 0.8134  decode.acc_seg: 87.5611  aux_0.loss_ce: 0.3857  aux_0.acc_seg: 81.6547
2026/07/26 17:02:31 - mmengine - INFO - Iter(train) [ 56800/160000]  lr: 5.4530e-02  eta: 10:56:19  time: 0.3780  data_time: 0.0255  memory: 10144  loss: 1.1074  decode.loss_ohem: 0.7631  decode.acc_seg: 93.1917  aux_0.loss_ce: 0.3443  aux_0.acc_seg: 86.5693
2026/07/26 17:03:09 - mmengine - INFO - Iter(train) [ 56900/160000]  lr: 5.4483e-02  eta: 10:55:41  time: 0.3803  data_time: 0.0266  memory: 10143  loss: 1.0885  decode.loss_ohem: 0.7302  decode.acc_seg: 91.4850  aux_0.loss_ce: 0.3582  aux_0.acc_seg: 85.8016
2026/07/26 17:03:47 - mmengine - INFO - Exp name: dsanet_cityscapes_512x1024_20260726_105627
2026/07/26 17:03:47 - mmengine - INFO - Iter(train) [ 57000/160000]  lr: 5.4435e-02  eta: 10:55:02  time: 0.3801  data_time: 0.0265  memory: 10143  loss: 1.2149  decode.loss_ohem: 0.8511  decode.acc_seg: 92.9473  aux_0.loss_ce: 0.3638  aux_0.acc_seg: 89.5045
2026/07/26 17:04:25 - mmengine - INFO - Iter(train) [ 57100/160000]  lr: 5.4388e-02  eta: 10:54:23  time: 0.3784  data_time: 0.0255  memory: 10142  loss: 1.1225  decode.loss_ohem: 0.7578  decode.acc_seg: 87.8085  aux_0.loss_ce: 0.3648  aux_0.acc_seg: 83.1724
2026/07/26 17:05:03 - mmengine - INFO - Iter(train) [ 57200/160000]  lr: 5.4340e-02  eta: 10:53:45  time: 0.3787  data_time: 0.0260  memory: 10146  loss: 1.1670  decode.loss_ohem: 0.8060  decode.acc_seg: 92.3353  aux_0.loss_ce: 0.3610  aux_0.acc_seg: 88.3438
2026/07/26 17:05:41 - mmengine - INFO - Iter(train) [ 57300/160000]  lr: 5.4293e-02  eta: 10:53:06  time: 0.3789  data_time: 0.0256  memory: 10143  loss: 1.1039  decode.loss_ohem: 0.7320  decode.acc_seg: 89.2216  aux_0.loss_ce: 0.3719  aux_0.acc_seg: 85.1769
2026/07/26 17:06:18 - mmengine - INFO - Iter(train) [ 57400/160000]  lr: 5.4245e-02  eta: 10:52:28  time: 0.3808  data_time: 0.0266  memory: 10143  loss: 1.1690  decode.loss_ohem: 0.7995  decode.acc_seg: 87.9307  aux_0.loss_ce: 0.3695  aux_0.acc_seg: 82.7612
2026/07/26 17:06:56 - mmengine - INFO - Iter(train) [ 57500/160000]  lr: 5.4197e-02  eta: 10:51:49  time: 0.3794  data_time: 0.0267  memory: 10143  loss: 1.1601  decode.loss_ohem: 0.7887  decode.acc_seg: 89.1740  aux_0.loss_ce: 0.3714  aux_0.acc_seg: 85.2623
2026/07/26 17:07:34 - mmengine - INFO - Iter(train) [ 57600/160000]  lr: 5.4150e-02  eta: 10:51:10  time: 0.3811  data_time: 0.0282  memory: 10142  loss: 1.0843  decode.loss_ohem: 0.7390  decode.acc_seg: 91.9632  aux_0.loss_ce: 0.3453  aux_0.acc_seg: 88.2868
2026/07/26 17:08:12 - mmengine - INFO - Iter(train) [ 57700/160000]  lr: 5.4102e-02  eta: 10:50:32  time: 0.3816  data_time: 0.0281  memory: 10144  loss: 1.1723  decode.loss_ohem: 0.7966  decode.acc_seg: 90.5805  aux_0.loss_ce: 0.3757  aux_0.acc_seg: 83.6591
2026/07/26 17:08:50 - mmengine - INFO - Iter(train) [ 57800/160000]  lr: 5.4055e-02  eta: 10:49:54  time: 0.3806  data_time: 0.0269  memory: 10142  loss: 1.0974  decode.loss_ohem: 0.7706  decode.acc_seg: 91.2687  aux_0.loss_ce: 0.3269  aux_0.acc_seg: 86.3654
2026/07/26 17:09:28 - mmengine - INFO - Iter(train) [ 57900/160000]  lr: 5.4007e-02  eta: 10:49:15  time: 0.3820  data_time: 0.0279  memory: 10143  loss: 1.1945  decode.loss_ohem: 0.8248  decode.acc_seg: 92.2849  aux_0.loss_ce: 0.3698  aux_0.acc_seg: 89.0843
2026/07/26 17:10:07 - mmengine - INFO - Exp name: dsanet_cityscapes_512x1024_20260726_105627
2026/07/26 17:10:07 - mmengine - INFO - Iter(train) [ 58000/160000]  lr: 5.3959e-02  eta: 10:48:37  time: 0.3802  data_time: 0.0279  memory: 10142  loss: 1.1893  decode.loss_ohem: 0.8394  decode.acc_seg: 92.4130  aux_0.loss_ce: 0.3499  aux_0.acc_seg: 91.1414
2026/07/26 17:10:45 - mmengine - INFO - Iter(train) [ 58100/160000]  lr: 5.3912e-02  eta: 10:47:58  time: 0.3792  data_time: 0.0260  memory: 10145  loss: 1.1042  decode.loss_ohem: 0.7308  decode.acc_seg: 91.6944  aux_0.loss_ce: 0.3734  aux_0.acc_seg: 88.0341
2026/07/26 17:11:23 - mmengine - INFO - Iter(train) [ 58200/160000]  lr: 5.3864e-02  eta: 10:47:20  time: 0.3803  data_time: 0.0274  memory: 10144  loss: 1.0705  decode.loss_ohem: 0.7393  decode.acc_seg: 90.0356  aux_0.loss_ce: 0.3311  aux_0.acc_seg: 84.4994
2026/07/26 17:12:01 - mmengine - INFO - Iter(train) [ 58300/160000]  lr: 5.3817e-02  eta: 10:46:42  time: 0.3824  data_time: 0.0268  memory: 10143  loss: 1.1558  decode.loss_ohem: 0.8033  decode.acc_seg: 86.8697  aux_0.loss_ce: 0.3525  aux_0.acc_seg: 84.8306
2026/07/26 17:12:39 - mmengine - INFO - Iter(train) [ 58400/160000]  lr: 5.3769e-02  eta: 10:46:03  time: 0.3809  data_time: 0.0270  memory: 10144  loss: 1.1649  decode.loss_ohem: 0.7941  decode.acc_seg: 80.4354  aux_0.loss_ce: 0.3708  aux_0.acc_seg: 78.6403
2026/07/26 17:13:17 - mmengine - INFO - Iter(train) [ 58500/160000]  lr: 5.3721e-02  eta: 10:45:25  time: 0.3859  data_time: 0.0298  memory: 10143  loss: 1.1981  decode.loss_ohem: 0.8078  decode.acc_seg: 91.6234  aux_0.loss_ce: 0.3903  aux_0.acc_seg: 86.4176
2026/07/26 17:13:55 - mmengine - INFO - Iter(train) [ 58600/160000]  lr: 5.3674e-02  eta: 10:44:47  time: 0.3822  data_time: 0.0287  memory: 10144  loss: 1.1352  decode.loss_ohem: 0.7830  decode.acc_seg: 93.1203  aux_0.loss_ce: 0.3522  aux_0.acc_seg: 89.4730
2026/07/26 17:14:34 - mmengine - INFO - Iter(train) [ 58700/160000]  lr: 5.3626e-02  eta: 10:44:10  time: 0.3837  data_time: 0.0286  memory: 10144  loss: 1.1226  decode.loss_ohem: 0.7668  decode.acc_seg: 90.6199  aux_0.loss_ce: 0.3558  aux_0.acc_seg: 88.5142
2026/07/26 17:15:12 - mmengine - INFO - Iter(train) [ 58800/160000]  lr: 5.3578e-02  eta: 10:43:32  time: 0.3813  data_time: 0.0277  memory: 10143  loss: 1.1845  decode.loss_ohem: 0.8012  decode.acc_seg: 92.6949  aux_0.loss_ce: 0.3833  aux_0.acc_seg: 88.4242
2026/07/26 17:15:50 - mmengine - INFO - Iter(train) [ 58900/160000]  lr: 5.3531e-02  eta: 10:42:54  time: 0.3830  data_time: 0.0287  memory: 10143  loss: 1.0623  decode.loss_ohem: 0.7671  decode.acc_seg: 90.8441  aux_0.loss_ce: 0.2952  aux_0.acc_seg: 89.0964
2026/07/26 17:16:28 - mmengine - INFO - Exp name: dsanet_cityscapes_512x1024_20260726_105627
2026/07/26 17:16:28 - mmengine - INFO - Iter(train) [ 59000/160000]  lr: 5.3483e-02  eta: 10:42:16  time: 0.3841  data_time: 0.0287  memory: 10142  loss: 1.1505  decode.loss_ohem: 0.7812  decode.acc_seg: 93.3798  aux_0.loss_ce: 0.3693  aux_0.acc_seg: 90.7049
2026/07/26 17:17:07 - mmengine - INFO - Iter(train) [ 59100/160000]  lr: 5.3436e-02  eta: 10:41:38  time: 0.3834  data_time: 0.0295  memory: 10143  loss: 1.0869  decode.loss_ohem: 0.7538  decode.acc_seg: 92.4086  aux_0.loss_ce: 0.3331  aux_0.acc_seg: 89.8623
2026/07/26 17:17:45 - mmengine - INFO - Iter(train) [ 59200/160000]  lr: 5.3388e-02  eta: 10:41:00  time: 0.3832  data_time: 0.0290  memory: 10142  loss: 1.0809  decode.loss_ohem: 0.7616  decode.acc_seg: 91.8955  aux_0.loss_ce: 0.3193  aux_0.acc_seg: 89.0623
2026/07/26 17:18:23 - mmengine - INFO - Iter(train) [ 59300/160000]  lr: 5.3340e-02  eta: 10:40:22  time: 0.3831  data_time: 0.0288  memory: 10143  loss: 1.0874  decode.loss_ohem: 0.7608  decode.acc_seg: 93.7606  aux_0.loss_ce: 0.3266  aux_0.acc_seg: 88.0404
2026/07/26 17:19:02 - mmengine - INFO - Iter(train) [ 59400/160000]  lr: 5.3293e-02  eta: 10:39:44  time: 0.3830  data_time: 0.0287  memory: 10143  loss: 1.2117  decode.loss_ohem: 0.8175  decode.acc_seg: 88.1826  aux_0.loss_ce: 0.3942  aux_0.acc_seg: 83.2368
2026/07/26 17:19:40 - mmengine - INFO - Iter(train) [ 59500/160000]  lr: 5.3245e-02  eta: 10:39:06  time: 0.3821  data_time: 0.0276  memory: 10144  loss: 1.0898  decode.loss_ohem: 0.7542  decode.acc_seg: 82.9067  aux_0.loss_ce: 0.3356  aux_0.acc_seg: 77.4317
2026/07/26 17:20:18 - mmengine - INFO - Iter(train) [ 59600/160000]  lr: 5.3197e-02  eta: 10:38:28  time: 0.3845  data_time: 0.0290  memory: 10142  loss: 1.1036  decode.loss_ohem: 0.7526  decode.acc_seg: 89.5091  aux_0.loss_ce: 0.3510  aux_0.acc_seg: 87.1249
2026/07/26 17:20:56 - mmengine - INFO - Iter(train) [ 59700/160000]  lr: 5.3150e-02  eta: 10:37:50  time: 0.3823  data_time: 0.0288  memory: 10142  loss: 1.0074  decode.loss_ohem: 0.7195  decode.acc_seg: 93.0119  aux_0.loss_ce: 0.2879  aux_0.acc_seg: 89.0009
2026/07/26 17:21:35 - mmengine - INFO - Iter(train) [ 59800/160000]  lr: 5.3102e-02  eta: 10:37:12  time: 0.3851  data_time: 0.0286  memory: 10143  loss: 1.2236  decode.loss_ohem: 0.8541  decode.acc_seg: 90.5802  aux_0.loss_ce: 0.3696  aux_0.acc_seg: 86.0135
2026/07/26 17:22:13 - mmengine - INFO - Iter(train) [ 59900/160000]  lr: 5.3054e-02  eta: 10:36:34  time: 0.3823  data_time: 0.0282  memory: 10145  loss: 1.1659  decode.loss_ohem: 0.7967  decode.acc_seg: 92.0490  aux_0.loss_ce: 0.3691  aux_0.acc_seg: 87.4900
2026/07/26 17:22:51 - mmengine - INFO - Exp name: dsanet_cityscapes_512x1024_20260726_105627
2026/07/26 17:22:51 - mmengine - INFO - Iter(train) [ 60000/160000]  lr: 5.3006e-02  eta: 10:35:56  time: 0.3821  data_time: 0.0271  memory: 10143  loss: 1.0684  decode.loss_ohem: 0.7090  decode.acc_seg: 88.7728  aux_0.loss_ce: 0.3594  aux_0.acc_seg: 82.3769
2026/07/26 17:22:51 - mmengine - INFO - Saving checkpoint at 60000 iterations
2026/07/26 17:23:02 - mmengine - INFO - Iter(val) [100/250]    eta: 0:00:15  time: 0.1028  data_time: 0.0186  memory: 835  
2026/07/26 17:23:12 - mmengine - INFO - Iter(val) [200/250]    eta: 0:00:05  time: 0.0944  data_time: 0.0262  memory: 835  
2026/07/26 17:23:17 - mmengine - INFO - per class results:
2026/07/26 17:23:17 - mmengine - INFO - 
+---------------+-------+-------+
|     Class     |  IoU  |  Acc  |
+---------------+-------+-------+
|      road     | 96.69 | 98.59 |
|    sidewalk   | 73.96 | 87.45 |
|    building   | 87.95 |  94.6 |
|      wall     | 26.29 | 29.01 |
|     fence     | 47.82 |  67.7 |
|      pole     | 49.78 | 57.11 |
| traffic light | 50.37 | 62.19 |
|  traffic sign | 62.45 | 78.41 |
|   vegetation  | 88.38 | 94.14 |
|    terrain    | 42.12 | 50.96 |
|      sky      | 88.15 | 89.79 |
|     person    | 71.18 | 86.78 |
|     rider     | 48.58 | 64.51 |
|      car      | 90.25 | 96.29 |
|     truck     | 39.97 | 44.16 |
|      bus      | 55.34 |  63.7 |
|     train     | 44.58 | 73.33 |
|   motorcycle  | 42.17 | 51.93 |
|    bicycle    |  66.0 | 84.42 |
+---------------+-------+-------+
2026/07/26 17:23:17 - mmengine - INFO - Iter(val) [250/250]    aAcc: 93.2300  mIoU: 61.6800  mAcc: 72.3700  data_time: 0.0200  time: 0.1000
2026/07/26 17:23:55 - mmengine - INFO - Iter(train) [ 60100/160000]  lr: 5.2959e-02  eta: 10:35:18  time: 0.3817  data_time: 0.0284  memory: 10142  loss: 1.1381  decode.loss_ohem: 0.7813  decode.acc_seg: 82.9240  aux_0.loss_ce: 0.3569  aux_0.acc_seg: 77.4370
2026/07/26 17:24:33 - mmengine - INFO - Iter(train) [ 60200/160000]  lr: 5.2911e-02  eta: 10:34:39  time: 0.3814  data_time: 0.0280  memory: 10144  loss: 1.0467  decode.loss_ohem: 0.7272  decode.acc_seg: 90.5485  aux_0.loss_ce: 0.3195  aux_0.acc_seg: 85.5164
2026/07/26 17:25:11 - mmengine - INFO - Iter(train) [ 60300/160000]  lr: 5.2863e-02  eta: 10:34:01  time: 0.3824  data_time: 0.0278  memory: 10143  loss: 1.1194  decode.loss_ohem: 0.7703  decode.acc_seg: 91.5261  aux_0.loss_ce: 0.3491  aux_0.acc_seg: 84.2807
2026/07/26 17:25:49 - mmengine - INFO - Iter(train) [ 60400/160000]  lr: 5.2816e-02  eta: 10:33:23  time: 0.3814  data_time: 0.0274  memory: 10142  loss: 1.1899  decode.loss_ohem: 0.8057  decode.acc_seg: 87.4251  aux_0.loss_ce: 0.3842  aux_0.acc_seg: 82.4987
2026/07/26 17:26:27 - mmengine - INFO - Iter(train) [ 60500/160000]  lr: 5.2768e-02  eta: 10:32:45  time: 0.3812  data_time: 0.0274  memory: 10143  loss: 1.1061  decode.loss_ohem: 0.7655  decode.acc_seg: 92.7360  aux_0.loss_ce: 0.3406  aux_0.acc_seg: 86.2492
2026/07/26 17:27:06 - mmengine - INFO - Iter(train) [ 60600/160000]  lr: 5.2720e-02  eta: 10:32:07  time: 0.3828  data_time: 0.0279  memory: 10144  loss: 1.1148  decode.loss_ohem: 0.7056  decode.acc_seg: 91.0849  aux_0.loss_ce: 0.4092  aux_0.acc_seg: 81.9232
2026/07/26 17:27:44 - mmengine - INFO - Iter(train) [ 60700/160000]  lr: 5.2672e-02  eta: 10:31:28  time: 0.3815  data_time: 0.0277  memory: 10144  loss: 1.1247  decode.loss_ohem: 0.7716  decode.acc_seg: 91.1903  aux_0.loss_ce: 0.3532  aux_0.acc_seg: 86.0657
2026/07/26 17:28:22 - mmengine - INFO - Iter(train) [ 60800/160000]  lr: 5.2625e-02  eta: 10:30:50  time: 0.3819  data_time: 0.0280  memory: 10144  loss: 1.2305  decode.loss_ohem: 0.8538  decode.acc_seg: 90.4125  aux_0.loss_ce: 0.3767  aux_0.acc_seg: 86.4226
2026/07/26 17:29:00 - mmengine - INFO - Iter(train) [ 60900/160000]  lr: 5.2577e-02  eta: 10:30:12  time: 0.3822  data_time: 0.0285  memory: 10143  loss: 1.1441  decode.loss_ohem: 0.7835  decode.acc_seg: 92.5933  aux_0.loss_ce: 0.3607  aux_0.acc_seg: 88.1984
2026/07/26 17:29:38 - mmengine - INFO - Exp name: dsanet_cityscapes_512x1024_20260726_105627
2026/07/26 17:29:38 - mmengine - INFO - Iter(train) [ 61000/160000]  lr: 5.2529e-02  eta: 10:29:34  time: 0.3817  data_time: 0.0281  memory: 10143  loss: 1.1881  decode.loss_ohem: 0.7875  decode.acc_seg: 85.3961  aux_0.loss_ce: 0.4005  aux_0.acc_seg: 77.2311
2026/07/26 17:30:17 - mmengine - INFO - Iter(train) [ 61100/160000]  lr: 5.2481e-02  eta: 10:28:56  time: 0.3828  data_time: 0.0280  memory: 10144  loss: 1.0607  decode.loss_ohem: 0.7390  decode.acc_seg: 93.7074  aux_0.loss_ce: 0.3217  aux_0.acc_seg: 89.0495
2026/07/26 17:30:55 - mmengine - INFO - Iter(train) [ 61200/160000]  lr: 5.2434e-02  eta: 10:28:18  time: 0.3820  data_time: 0.0281  memory: 10143  loss: 1.0455  decode.loss_ohem: 0.6819  decode.acc_seg: 90.8395  aux_0.loss_ce: 0.3636  aux_0.acc_seg: 82.6373
2026/07/26 17:31:33 - mmengine - INFO - Iter(train) [ 61300/160000]  lr: 5.2386e-02  eta: 10:27:40  time: 0.3808  data_time: 0.0276  memory: 10143  loss: 1.1236  decode.loss_ohem: 0.7671  decode.acc_seg: 90.9426  aux_0.loss_ce: 0.3564  aux_0.acc_seg: 87.3393
2026/07/26 17:32:11 - mmengine - INFO - Iter(train) [ 61400/160000]  lr: 5.2338e-02  eta: 10:27:02  time: 0.3801  data_time: 0.0266  memory: 10144  loss: 1.1353  decode.loss_ohem: 0.7723  decode.acc_seg: 93.1520  aux_0.loss_ce: 0.3631  aux_0.acc_seg: 89.5268
2026/07/26 17:32:49 - mmengine - INFO - Iter(train) [ 61500/160000]  lr: 5.2290e-02  eta: 10:26:23  time: 0.3803  data_time: 0.0277  memory: 10146  loss: 1.0679  decode.loss_ohem: 0.7489  decode.acc_seg: 89.3551  aux_0.loss_ce: 0.3190  aux_0.acc_seg: 85.0907
2026/07/26 17:33:27 - mmengine - INFO - Iter(train) [ 61600/160000]  lr: 5.2243e-02  eta: 10:25:45  time: 0.3817  data_time: 0.0280  memory: 10144  loss: 1.1291  decode.loss_ohem: 0.7836  decode.acc_seg: 93.6957  aux_0.loss_ce: 0.3455  aux_0.acc_seg: 90.3350
2026/07/26 17:34:05 - mmengine - INFO - Iter(train) [ 61700/160000]  lr: 5.2195e-02  eta: 10:25:07  time: 0.3796  data_time: 0.0268  memory: 10144  loss: 1.1511  decode.loss_ohem: 0.7672  decode.acc_seg: 85.3703  aux_0.loss_ce: 0.3839  aux_0.acc_seg: 79.2369
2026/07/26 17:34:44 - mmengine - INFO - Iter(train) [ 61800/160000]  lr: 5.2147e-02  eta: 10:24:29  time: 0.3814  data_time: 0.0278  memory: 10143  loss: 1.1260  decode.loss_ohem: 0.7635  decode.acc_seg: 90.9969  aux_0.loss_ce: 0.3625  aux_0.acc_seg: 84.3026
2026/07/26 17:35:22 - mmengine - INFO - Iter(train) [ 61900/160000]  lr: 5.2099e-02  eta: 10:23:50  time: 0.3806  data_time: 0.0274  memory: 10144  loss: 1.0649  decode.loss_ohem: 0.7452  decode.acc_seg: 92.0723  aux_0.loss_ce: 0.3197  aux_0.acc_seg: 87.2762
2026/07/26 17:36:00 - mmengine - INFO - Exp name: dsanet_cityscapes_512x1024_20260726_105627
2026/07/26 17:36:00 - mmengine - INFO - Iter(train) [ 62000/160000]  lr: 5.2052e-02  eta: 10:23:12  time: 0.3807  data_time: 0.0276  memory: 10143  loss: 1.1501  decode.loss_ohem: 0.7988  decode.acc_seg: 91.5871  aux_0.loss_ce: 0.3513  aux_0.acc_seg: 86.6019
2026/07/26 17:36:38 - mmengine - INFO - Iter(train) [ 62100/160000]  lr: 5.2004e-02  eta: 10:22:34  time: 0.3817  data_time: 0.0281  memory: 10142  loss: 1.1172  decode.loss_ohem: 0.7576  decode.acc_seg: 91.8244  aux_0.loss_ce: 0.3595  aux_0.acc_seg: 87.1465
2026/07/26 17:37:16 - mmengine - INFO - Iter(train) [ 62200/160000]  lr: 5.1956e-02  eta: 10:21:56  time: 0.3812  data_time: 0.0279  memory: 10142  loss: 1.1086  decode.loss_ohem: 0.7683  decode.acc_seg: 90.6902  aux_0.loss_ce: 0.3403  aux_0.acc_seg: 84.3870
2026/07/26 17:37:54 - mmengine - INFO - Iter(train) [ 62300/160000]  lr: 5.1908e-02  eta: 10:21:18  time: 0.3807  data_time: 0.0275  memory: 10142  loss: 1.1561  decode.loss_ohem: 0.7851  decode.acc_seg: 85.8523  aux_0.loss_ce: 0.3710  aux_0.acc_seg: 82.3417
2026/07/26 17:38:32 - mmengine - INFO - Iter(train) [ 62400/160000]  lr: 5.1860e-02  eta: 10:20:39  time: 0.3817  data_time: 0.0280  memory: 10144  loss: 1.1800  decode.loss_ohem: 0.8375  decode.acc_seg: 92.2426  aux_0.loss_ce: 0.3425  aux_0.acc_seg: 87.5352
2026/07/26 17:39:10 - mmengine - INFO - Iter(train) [ 62500/160000]  lr: 5.1813e-02  eta: 10:20:01  time: 0.3814  data_time: 0.0274  memory: 10143  loss: 1.0961  decode.loss_ohem: 0.7189  decode.acc_seg: 90.6574  aux_0.loss_ce: 0.3772  aux_0.acc_seg: 85.1511
2026/07/26 17:39:48 - mmengine - INFO - Iter(train) [ 62600/160000]  lr: 5.1765e-02  eta: 10:19:23  time: 0.3793  data_time: 0.0268  memory: 10144  loss: 1.1660  decode.loss_ohem: 0.8114  decode.acc_seg: 92.3442  aux_0.loss_ce: 0.3545  aux_0.acc_seg: 88.8787
2026/07/26 17:40:27 - mmengine - INFO - Iter(train) [ 62700/160000]  lr: 5.1717e-02  eta: 10:18:44  time: 0.3824  data_time: 0.0280  memory: 10144  loss: 1.1404  decode.loss_ohem: 0.7599  decode.acc_seg: 90.0359  aux_0.loss_ce: 0.3805  aux_0.acc_seg: 88.1041
2026/07/26 17:41:05 - mmengine - INFO - Iter(train) [ 62800/160000]  lr: 5.1669e-02  eta: 10:18:06  time: 0.3815  data_time: 0.0279  memory: 10143  loss: 1.1070  decode.loss_ohem: 0.7663  decode.acc_seg: 91.2689  aux_0.loss_ce: 0.3407  aux_0.acc_seg: 89.2610
2026/07/26 17:41:43 - mmengine - INFO - Iter(train) [ 62900/160000]  lr: 5.1621e-02  eta: 10:17:28  time: 0.3804  data_time: 0.0271  memory: 10143  loss: 1.1116  decode.loss_ohem: 0.7319  decode.acc_seg: 90.3004  aux_0.loss_ce: 0.3797  aux_0.acc_seg: 87.3314
2026/07/26 17:42:21 - mmengine - INFO - Exp name: dsanet_cityscapes_512x1024_20260726_105627
2026/07/26 17:42:21 - mmengine - INFO - Iter(train) [ 63000/160000]  lr: 5.1573e-02  eta: 10:16:50  time: 0.3795  data_time: 0.0270  memory: 10144  loss: 1.0347  decode.loss_ohem: 0.7182  decode.acc_seg: 93.2099  aux_0.loss_ce: 0.3165  aux_0.acc_seg: 87.1927
2026/07/26 17:42:59 - mmengine - INFO - Iter(train) [ 63100/160000]  lr: 5.1526e-02  eta: 10:16:11  time: 0.3813  data_time: 0.0277  memory: 10146  loss: 1.2648  decode.loss_ohem: 0.8300  decode.acc_seg: 87.1362  aux_0.loss_ce: 0.4349  aux_0.acc_seg: 83.9765
2026/07/26 17:43:37 - mmengine - INFO - Iter(train) [ 63200/160000]  lr: 5.1478e-02  eta: 10:15:33  time: 0.3818  data_time: 0.0281  memory: 10145  loss: 1.1658  decode.loss_ohem: 0.7944  decode.acc_seg: 88.9118  aux_0.loss_ce: 0.3714  aux_0.acc_seg: 82.1559
2026/07/26 17:44:15 - mmengine - INFO - Iter(train) [ 63300/160000]  lr: 5.1430e-02  eta: 10:14:55  time: 0.3823  data_time: 0.0278  memory: 10143  loss: 1.1866  decode.loss_ohem: 0.8200  decode.acc_seg: 92.1029  aux_0.loss_ce: 0.3665  aux_0.acc_seg: 88.3390
2026/07/26 17:44:53 - mmengine - INFO - Iter(train) [ 63400/160000]  lr: 5.1382e-02  eta: 10:14:17  time: 0.3815  data_time: 0.0268  memory: 10144  loss: 1.2303  decode.loss_ohem: 0.8679  decode.acc_seg: 91.6587  aux_0.loss_ce: 0.3624  aux_0.acc_seg: 87.2615
2026/07/26 17:45:32 - mmengine - INFO - Iter(train) [ 63500/160000]  lr: 5.1334e-02  eta: 10:13:39  time: 0.3823  data_time: 0.0276  memory: 10143  loss: 1.0653  decode.loss_ohem: 0.7469  decode.acc_seg: 91.6347  aux_0.loss_ce: 0.3183  aux_0.acc_seg: 88.1224
2026/07/26 17:46:10 - mmengine - INFO - Iter(train) [ 63600/160000]  lr: 5.1286e-02  eta: 10:13:01  time: 0.3775  data_time: 0.0259  memory: 10144  loss: 1.1854  decode.loss_ohem: 0.8202  decode.acc_seg: 92.8047  aux_0.loss_ce: 0.3653  aux_0.acc_seg: 88.1063
2026/07/26 17:46:48 - mmengine - INFO - Iter(train) [ 63700/160000]  lr: 5.1238e-02  eta: 10:12:22  time: 0.3821  data_time: 0.0285  memory: 10144  loss: 1.1164  decode.loss_ohem: 0.7891  decode.acc_seg: 90.8253  aux_0.loss_ce: 0.3272  aux_0.acc_seg: 86.6401
2026/07/26 17:47:26 - mmengine - INFO - Iter(train) [ 63800/160000]  lr: 5.1190e-02  eta: 10:11:44  time: 0.3842  data_time: 0.0289  memory: 10143  loss: 1.1640  decode.loss_ohem: 0.7782  decode.acc_seg: 91.0856  aux_0.loss_ce: 0.3859  aux_0.acc_seg: 87.7679
2026/07/26 17:48:04 - mmengine - INFO - Iter(train) [ 63900/160000]  lr: 5.1143e-02  eta: 10:11:06  time: 0.3818  data_time: 0.0279  memory: 10143  loss: 1.1301  decode.loss_ohem: 0.7730  decode.acc_seg: 92.0374  aux_0.loss_ce: 0.3571  aux_0.acc_seg: 83.3590
2026/07/26 17:48:43 - mmengine - INFO - Exp name: dsanet_cityscapes_512x1024_20260726_105627
2026/07/26 17:48:43 - mmengine - INFO - Iter(train) [ 64000/160000]  lr: 5.1095e-02  eta: 10:10:28  time: 0.3806  data_time: 0.0273  memory: 10143  loss: 1.1301  decode.loss_ohem: 0.7819  decode.acc_seg: 91.6060  aux_0.loss_ce: 0.3482  aux_0.acc_seg: 87.9795
2026/07/26 17:49:21 - mmengine - INFO - Iter(train) [ 64100/160000]  lr: 5.1047e-02  eta: 10:09:50  time: 0.3851  data_time: 0.0294  memory: 10142  loss: 1.1856  decode.loss_ohem: 0.8231  decode.acc_seg: 89.2711  aux_0.loss_ce: 0.3626  aux_0.acc_seg: 85.1970
2026/07/26 17:49:59 - mmengine - INFO - Iter(train) [ 64200/160000]  lr: 5.0999e-02  eta: 10:09:12  time: 0.3839  data_time: 0.0282  memory: 10143  loss: 1.0277  decode.loss_ohem: 0.6770  decode.acc_seg: 89.2942  aux_0.loss_ce: 0.3508  aux_0.acc_seg: 86.4539
2026/07/26 17:50:37 - mmengine - INFO - Iter(train) [ 64300/160000]  lr: 5.0951e-02  eta: 10:08:34  time: 0.3828  data_time: 0.0280  memory: 10142  loss: 1.0800  decode.loss_ohem: 0.7262  decode.acc_seg: 93.0894  aux_0.loss_ce: 0.3538  aux_0.acc_seg: 86.8270
2026/07/26 17:51:16 - mmengine - INFO - Iter(train) [ 64400/160000]  lr: 5.0903e-02  eta: 10:07:56  time: 0.3827  data_time: 0.0282  memory: 10141  loss: 1.1286  decode.loss_ohem: 0.7783  decode.acc_seg: 90.3738  aux_0.loss_ce: 0.3503  aux_0.acc_seg: 84.7920
2026/07/26 17:51:54 - mmengine - INFO - Iter(train) [ 64500/160000]  lr: 5.0855e-02  eta: 10:07:18  time: 0.3819  data_time: 0.0271  memory: 10143  loss: 1.1188  decode.loss_ohem: 0.7440  decode.acc_seg: 90.7162  aux_0.loss_ce: 0.3748  aux_0.acc_seg: 87.3871
2026/07/26 17:52:32 - mmengine - INFO - Iter(train) [ 64600/160000]  lr: 5.0807e-02  eta: 10:06:40  time: 0.3837  data_time: 0.0282  memory: 10142  loss: 1.1259  decode.loss_ohem: 0.7547  decode.acc_seg: 86.8878  aux_0.loss_ce: 0.3712  aux_0.acc_seg: 83.4098
2026/07/26 17:53:10 - mmengine - INFO - Iter(train) [ 64700/160000]  lr: 5.0759e-02  eta: 10:06:02  time: 0.3837  data_time: 0.0290  memory: 10145  loss: 1.0877  decode.loss_ohem: 0.7541  decode.acc_seg: 92.2558  aux_0.loss_ce: 0.3336  aux_0.acc_seg: 89.6362
2026/07/26 17:53:49 - mmengine - INFO - Iter(train) [ 64800/160000]  lr: 5.0711e-02  eta: 10:05:24  time: 0.3842  data_time: 0.0285  memory: 10142  loss: 1.0632  decode.loss_ohem: 0.7071  decode.acc_seg: 91.6213  aux_0.loss_ce: 0.3560  aux_0.acc_seg: 89.6155
2026/07/26 17:54:27 - mmengine - INFO - Iter(train) [ 64900/160000]  lr: 5.0663e-02  eta: 10:04:46  time: 0.3832  data_time: 0.0280  memory: 10142  loss: 1.0908  decode.loss_ohem: 0.7378  decode.acc_seg: 91.2427  aux_0.loss_ce: 0.3529  aux_0.acc_seg: 84.3583
2026/07/26 17:55:05 - mmengine - INFO - Exp name: dsanet_cityscapes_512x1024_20260726_105627
2026/07/26 17:55:05 - mmengine - INFO - Iter(train) [ 65000/160000]  lr: 5.0616e-02  eta: 10:04:08  time: 0.3812  data_time: 0.0264  memory: 10143  loss: 1.0288  decode.loss_ohem: 0.6968  decode.acc_seg: 93.8066  aux_0.loss_ce: 0.3320  aux_0.acc_seg: 89.6644
2026/07/26 17:55:05 - mmengine - INFO - Saving checkpoint at 65000 iterations
2026/07/26 17:55:16 - mmengine - INFO - Iter(val) [100/250]    eta: 0:00:15  time: 0.1002  data_time: 0.0102  memory: 835  
2026/07/26 17:55:26 - mmengine - INFO - Iter(val) [200/250]    eta: 0:00:05  time: 0.1015  data_time: 0.0260  memory: 835  
2026/07/26 17:55:31 - mmengine - INFO - per class results:
2026/07/26 17:55:31 - mmengine - INFO - 
+---------------+-------+-------+
|     Class     |  IoU  |  Acc  |
+---------------+-------+-------+
|      road     | 96.91 | 98.53 |
|    sidewalk   | 77.12 | 86.16 |
|    building   | 88.77 | 94.95 |
|      wall     | 45.39 | 63.81 |
|     fence     | 43.25 | 50.71 |
|      pole     | 51.37 |  60.4 |
| traffic light | 50.86 | 62.36 |
|  traffic sign | 55.69 | 74.48 |
|   vegetation  | 90.05 | 95.44 |
|    terrain    | 52.74 | 57.49 |
|      sky      | 92.48 | 96.26 |
|     person    | 71.16 | 82.66 |
|     rider     | 48.23 |  67.5 |
|      car      | 90.85 | 97.12 |
|     truck     | 44.66 | 60.87 |
|      bus      |  61.4 | 76.09 |
|     train     | 37.16 | 37.66 |
|   motorcycle  | 41.91 | 55.52 |
|    bicycle    | 65.51 | 78.89 |
+---------------+-------+-------+
2026/07/26 17:55:31 - mmengine - INFO - Iter(val) [250/250]    aAcc: 93.8700  mIoU: 63.4500  mAcc: 73.5200  data_time: 0.0230  time: 0.1006
2026/07/26 17:55:31 - mmengine - INFO - The previous best checkpoint /root/autodl-tmp/DSANet-main/tools/work_dirs/dsanet_cityscapes_512x1024/best_mIoU_iter_50000.pth is removed
2026/07/26 17:55:31 - mmengine - INFO - The best checkpoint with 63.4500 mIoU at 65000 iter is saved to best_mIoU_iter_65000.pth.
2026/07/26 17:56:10 - mmengine - INFO - Iter(train) [ 65100/160000]  lr: 5.0568e-02  eta: 10:03:30  time: 0.3819  data_time: 0.0276  memory: 10143  loss: 1.1715  decode.loss_ohem: 0.7817  decode.acc_seg: 87.4410  aux_0.loss_ce: 0.3898  aux_0.acc_seg: 80.1087
2026/07/26 17:56:48 - mmengine - INFO - Iter(train) [ 65200/160000]  lr: 5.0520e-02  eta: 10:02:52  time: 0.3828  data_time: 0.0284  memory: 10145  loss: 1.2170  decode.loss_ohem: 0.8630  decode.acc_seg: 91.9036  aux_0.loss_ce: 0.3539  aux_0.acc_seg: 85.9687
2026/07/26 17:57:26 - mmengine - INFO - Iter(train) [ 65300/160000]  lr: 5.0472e-02  eta: 10:02:15  time: 0.3825  data_time: 0.0281  memory: 10141  loss: 1.1028  decode.loss_ohem: 0.7609  decode.acc_seg: 93.6338  aux_0.loss_ce: 0.3419  aux_0.acc_seg: 86.7395
2026/07/26 17:58:05 - mmengine - INFO - Iter(train) [ 65400/160000]  lr: 5.0424e-02  eta: 10:01:37  time: 0.3848  data_time: 0.0291  memory: 10142  loss: 1.1075  decode.loss_ohem: 0.7372  decode.acc_seg: 91.6733  aux_0.loss_ce: 0.3703  aux_0.acc_seg: 87.3951
2026/07/26 17:58:43 - mmengine - INFO - Iter(train) [ 65500/160000]  lr: 5.0376e-02  eta: 10:00:59  time: 0.3826  data_time: 0.0278  memory: 10143  loss: 1.0957  decode.loss_ohem: 0.7343  decode.acc_seg: 92.3730  aux_0.loss_ce: 0.3614  aux_0.acc_seg: 85.2437
2026/07/26 17:59:22 - mmengine - INFO - Iter(train) [ 65600/160000]  lr: 5.0328e-02  eta: 10:00:21  time: 0.3871  data_time: 0.0302  memory: 10143  loss: 1.1499  decode.loss_ohem: 0.7728  decode.acc_seg: 92.6817  aux_0.loss_ce: 0.3771  aux_0.acc_seg: 88.8765
2026/07/26 18:00:00 - mmengine - INFO - Iter(train) [ 65700/160000]  lr: 5.0280e-02  eta: 9:59:43  time: 0.3823  data_time: 0.0279  memory: 10142  loss: 1.1196  decode.loss_ohem: 0.7711  decode.acc_seg: 91.6561  aux_0.loss_ce: 0.3485  aux_0.acc_seg: 85.6670
2026/07/26 18:00:38 - mmengine - INFO - Iter(train) [ 65800/160000]  lr: 5.0232e-02  eta: 9:59:05  time: 0.3842  data_time: 0.0283  memory: 10144  loss: 1.1329  decode.loss_ohem: 0.7755  decode.acc_seg: 91.1857  aux_0.loss_ce: 0.3574  aux_0.acc_seg: 87.6236
2026/07/26 18:01:17 - mmengine - INFO - Iter(train) [ 65900/160000]  lr: 5.0184e-02  eta: 9:58:28  time: 0.3826  data_time: 0.0276  memory: 10143  loss: 1.1102  decode.loss_ohem: 0.7547  decode.acc_seg: 93.7616  aux_0.loss_ce: 0.3555  aux_0.acc_seg: 91.7342
2026/07/26 18:01:55 - mmengine - INFO - Exp name: dsanet_cityscapes_512x1024_20260726_105627
2026/07/26 18:01:55 - mmengine - INFO - Iter(train) [ 66000/160000]  lr: 5.0136e-02  eta: 9:57:50  time: 0.3832  data_time: 0.0283  memory: 10143  loss: 1.1558  decode.loss_ohem: 0.8081  decode.acc_seg: 91.5819  aux_0.loss_ce: 0.3477  aux_0.acc_seg: 88.0614
2026/07/26 18:02:33 - mmengine - INFO - Iter(train) [ 66100/160000]  lr: 5.0088e-02  eta: 9:57:11  time: 0.3833  data_time: 0.0274  memory: 10144  loss: 1.1927  decode.loss_ohem: 0.8036  decode.acc_seg: 93.1653  aux_0.loss_ce: 0.3891  aux_0.acc_seg: 89.5882
2026/07/26 18:03:11 - mmengine - INFO - Iter(train) [ 66200/160000]  lr: 5.0040e-02  eta: 9:56:33  time: 0.3847  data_time: 0.0280  memory: 10145  loss: 1.1834  decode.loss_ohem: 0.8210  decode.acc_seg: 91.9993  aux_0.loss_ce: 0.3625  aux_0.acc_seg: 87.6503
2026/07/26 18:03:50 - mmengine - INFO - Iter(train) [ 66300/160000]  lr: 4.9992e-02  eta: 9:55:56  time: 0.3844  data_time: 0.0288  memory: 10143  loss: 1.1765  decode.loss_ohem: 0.7977  decode.acc_seg: 89.5254  aux_0.loss_ce: 0.3788  aux_0.acc_seg: 84.9807
2026/07/26 18:04:28 - mmengine - INFO - Iter(train) [ 66400/160000]  lr: 4.9944e-02  eta: 9:55:17  time: 0.3800  data_time: 0.0268  memory: 10143  loss: 1.1192  decode.loss_ohem: 0.7725  decode.acc_seg: 91.2749  aux_0.loss_ce: 0.3468  aux_0.acc_seg: 88.6478
2026/07/26 18:05:06 - mmengine - INFO - Iter(train) [ 66500/160000]  lr: 4.9896e-02  eta: 9:54:39  time: 0.3798  data_time: 0.0266  memory: 10142  loss: 1.1436  decode.loss_ohem: 0.7904  decode.acc_seg: 93.6893  aux_0.loss_ce: 0.3532  aux_0.acc_seg: 89.4146
2026/07/26 18:05:44 - mmengine - INFO - Iter(train) [ 66600/160000]  lr: 4.9848e-02  eta: 9:54:01  time: 0.3812  data_time: 0.0271  memory: 10143  loss: 1.0169  decode.loss_ohem: 0.6787  decode.acc_seg: 92.9117  aux_0.loss_ce: 0.3382  aux_0.acc_seg: 85.9246
2026/07/26 18:06:22 - mmengine - INFO - Iter(train) [ 66700/160000]  lr: 4.9800e-02  eta: 9:53:22  time: 0.3794  data_time: 0.0266  memory: 10142  loss: 1.1074  decode.loss_ohem: 0.7561  decode.acc_seg: 93.3854  aux_0.loss_ce: 0.3513  aux_0.acc_seg: 90.0919
2026/07/26 18:07:00 - mmengine - INFO - Iter(train) [ 66800/160000]  lr: 4.9752e-02  eta: 9:52:44  time: 0.3802  data_time: 0.0269  memory: 10142  loss: 1.1064  decode.loss_ohem: 0.7640  decode.acc_seg: 90.5797  aux_0.loss_ce: 0.3425  aux_0.acc_seg: 85.1108
2026/07/26 18:07:38 - mmengine - INFO - Iter(train) [ 66900/160000]  lr: 4.9704e-02  eta: 9:52:05  time: 0.3788  data_time: 0.0261  memory: 10143  loss: 1.0795  decode.loss_ohem: 0.7748  decode.acc_seg: 92.1338  aux_0.loss_ce: 0.3047  aux_0.acc_seg: 87.6450
2026/07/26 18:08:16 - mmengine - INFO - Exp name: dsanet_cityscapes_512x1024_20260726_105627
2026/07/26 18:08:16 - mmengine - INFO - Iter(train) [ 67000/160000]  lr: 4.9656e-02  eta: 9:51:27  time: 0.3765  data_time: 0.0249  memory: 10144  loss: 1.1059  decode.loss_ohem: 0.7732  decode.acc_seg: 92.4202  aux_0.loss_ce: 0.3327  aux_0.acc_seg: 88.8324
2026/07/26 18:08:54 - mmengine - INFO - Iter(train) [ 67100/160000]  lr: 4.9608e-02  eta: 9:50:48  time: 0.3801  data_time: 0.0255  memory: 10143  loss: 1.0594  decode.loss_ohem: 0.7405  decode.acc_seg: 93.0326  aux_0.loss_ce: 0.3189  aux_0.acc_seg: 87.7510
2026/07/26 18:09:31 - mmengine - INFO - Iter(train) [ 67200/160000]  lr: 4.9560e-02  eta: 9:50:10  time: 0.3786  data_time: 0.0262  memory: 10143  loss: 1.1619  decode.loss_ohem: 0.7952  decode.acc_seg: 86.6113  aux_0.loss_ce: 0.3667  aux_0.acc_seg: 79.0607
2026/07/26 18:10:09 - mmengine - INFO - Iter(train) [ 67300/160000]  lr: 4.9512e-02  eta: 9:49:31  time: 0.3803  data_time: 0.0264  memory: 10144  loss: 1.1223  decode.loss_ohem: 0.7568  decode.acc_seg: 89.3660  aux_0.loss_ce: 0.3655  aux_0.acc_seg: 85.1398
2026/07/26 18:10:47 - mmengine - INFO - Iter(train) [ 67400/160000]  lr: 4.9463e-02  eta: 9:48:53  time: 0.3786  data_time: 0.0255  memory: 10143  loss: 1.0670  decode.loss_ohem: 0.7286  decode.acc_seg: 93.1270  aux_0.loss_ce: 0.3384  aux_0.acc_seg: 88.0592
2026/07/26 18:11:25 - mmengine - INFO - Iter(train) [ 67500/160000]  lr: 4.9415e-02  eta: 9:48:14  time: 0.3763  data_time: 0.0247  memory: 10143  loss: 1.1178  decode.loss_ohem: 0.7694  decode.acc_seg: 92.5550  aux_0.loss_ce: 0.3484  aux_0.acc_seg: 89.4489
2026/07/26 18:12:03 - mmengine - INFO - Iter(train) [ 67600/160000]  lr: 4.9367e-02  eta: 9:47:35  time: 0.3771  data_time: 0.0257  memory: 10143  loss: 1.2032  decode.loss_ohem: 0.8280  decode.acc_seg: 91.6377  aux_0.loss_ce: 0.3751  aux_0.acc_seg: 82.8716
2026/07/26 18:12:40 - mmengine - INFO - Iter(train) [ 67700/160000]  lr: 4.9319e-02  eta: 9:46:56  time: 0.3772  data_time: 0.0253  memory: 10143  loss: 1.0839  decode.loss_ohem: 0.7055  decode.acc_seg: 90.6528  aux_0.loss_ce: 0.3783  aux_0.acc_seg: 84.9645
2026/07/26 18:13:18 - mmengine - INFO - Iter(train) [ 67800/160000]  lr: 4.9271e-02  eta: 9:46:18  time: 0.3775  data_time: 0.0260  memory: 10142  loss: 1.1171  decode.loss_ohem: 0.7813  decode.acc_seg: 92.7537  aux_0.loss_ce: 0.3358  aux_0.acc_seg: 88.4884
2026/07/26 18:13:56 - mmengine - INFO - Iter(train) [ 67900/160000]  lr: 4.9223e-02  eta: 9:45:39  time: 0.3781  data_time: 0.0249  memory: 10143  loss: 1.1235  decode.loss_ohem: 0.7646  decode.acc_seg: 90.0200  aux_0.loss_ce: 0.3589  aux_0.acc_seg: 84.8961
2026/07/26 18:14:34 - mmengine - INFO - Exp name: dsanet_cityscapes_512x1024_20260726_105627
2026/07/26 18:14:34 - mmengine - INFO - Iter(train) [ 68000/160000]  lr: 4.9175e-02  eta: 9:45:00  time: 0.3794  data_time: 0.0267  memory: 10143  loss: 1.0842  decode.loss_ohem: 0.7585  decode.acc_seg: 90.5665  aux_0.loss_ce: 0.3257  aux_0.acc_seg: 85.6243
2026/07/26 18:15:12 - mmengine - INFO - Iter(train) [ 68100/160000]  lr: 4.9127e-02  eta: 9:44:22  time: 0.3795  data_time: 0.0265  memory: 10143  loss: 1.0655  decode.loss_ohem: 0.7482  decode.acc_seg: 93.0579  aux_0.loss_ce: 0.3174  aux_0.acc_seg: 89.0515
2026/07/26 18:15:50 - mmengine - INFO - Iter(train) [ 68200/160000]  lr: 4.9079e-02  eta: 9:43:43  time: 0.3791  data_time: 0.0264  memory: 10142  loss: 1.0964  decode.loss_ohem: 0.7580  decode.acc_seg: 92.0002  aux_0.loss_ce: 0.3384  aux_0.acc_seg: 88.0309
2026/07/26 18:16:28 - mmengine - INFO - Iter(train) [ 68300/160000]  lr: 4.9031e-02  eta: 9:43:05  time: 0.3716  data_time: 0.0268  memory: 10145  loss: 1.0922  decode.loss_ohem: 0.7571  decode.acc_seg: 91.3410  aux_0.loss_ce: 0.3351  aux_0.acc_seg: 88.2703
2026/07/26 18:17:06 - mmengine - INFO - Iter(train) [ 68400/160000]  lr: 4.8983e-02  eta: 9:42:27  time: 0.3815  data_time: 0.0270  memory: 10142  loss: 1.0699  decode.loss_ohem: 0.7302  decode.acc_seg: 93.5758  aux_0.loss_ce: 0.3397  aux_0.acc_seg: 90.8477
2026/07/26 18:17:44 - mmengine - INFO - Iter(train) [ 68500/160000]  lr: 4.8934e-02  eta: 9:41:48  time: 0.3798  data_time: 0.0263  memory: 10143  loss: 1.1149  decode.loss_ohem: 0.7732  decode.acc_seg: 90.5532  aux_0.loss_ce: 0.3418  aux_0.acc_seg: 83.2007
2026/07/26 18:18:22 - mmengine - INFO - Iter(train) [ 68600/160000]  lr: 4.8886e-02  eta: 9:41:10  time: 0.3774  data_time: 0.0255  memory: 10143  loss: 1.0574  decode.loss_ohem: 0.7310  decode.acc_seg: 92.0540  aux_0.loss_ce: 0.3264  aux_0.acc_seg: 87.3302
2026/07/26 18:18:59 - mmengine - INFO - Iter(train) [ 68700/160000]  lr: 4.8838e-02  eta: 9:40:31  time: 0.3774  data_time: 0.0259  memory: 10143  loss: 1.1323  decode.loss_ohem: 0.7621  decode.acc_seg: 91.8082  aux_0.loss_ce: 0.3701  aux_0.acc_seg: 84.4186
2026/07/26 18:19:37 - mmengine - INFO - Iter(train) [ 68800/160000]  lr: 4.8790e-02  eta: 9:39:53  time: 0.3769  data_time: 0.0255  memory: 10143  loss: 1.1471  decode.loss_ohem: 0.7642  decode.acc_seg: 92.1236  aux_0.loss_ce: 0.3829  aux_0.acc_seg: 88.3222
2026/07/26 18:20:15 - mmengine - INFO - Iter(train) [ 68900/160000]  lr: 4.8742e-02  eta: 9:39:14  time: 0.3810  data_time: 0.0273  memory: 10145  loss: 1.0387  decode.loss_ohem: 0.7130  decode.acc_seg: 93.0430  aux_0.loss_ce: 0.3257  aux_0.acc_seg: 89.9234
2026/07/26 18:20:53 - mmengine - INFO - Exp name: dsanet_cityscapes_512x1024_20260726_105627
2026/07/26 18:20:53 - mmengine - INFO - Iter(train) [ 69000/160000]  lr: 4.8694e-02  eta: 9:38:36  time: 0.3809  data_time: 0.0264  memory: 10143  loss: 1.1684  decode.loss_ohem: 0.8062  decode.acc_seg: 92.6418  aux_0.loss_ce: 0.3622  aux_0.acc_seg: 88.7246
2026/07/26 18:21:32 - mmengine - INFO - Iter(train) [ 69100/160000]  lr: 4.8646e-02  eta: 9:37:58  time: 0.3804  data_time: 0.0263  memory: 10144  loss: 1.1356  decode.loss_ohem: 0.7572  decode.acc_seg: 91.5068  aux_0.loss_ce: 0.3784  aux_0.acc_seg: 86.0478
2026/07/26 18:22:10 - mmengine - INFO - Iter(train) [ 69200/160000]  lr: 4.8597e-02  eta: 9:37:19  time: 0.3793  data_time: 0.0262  memory: 10142  loss: 1.1905  decode.loss_ohem: 0.8133  decode.acc_seg: 90.9837  aux_0.loss_ce: 0.3772  aux_0.acc_seg: 85.3739
2026/07/26 18:22:47 - mmengine - INFO - Iter(train) [ 69300/160000]  lr: 4.8549e-02  eta: 9:36:41  time: 0.3797  data_time: 0.0262  memory: 10142  loss: 1.1609  decode.loss_ohem: 0.7947  decode.acc_seg: 91.6171  aux_0.loss_ce: 0.3662  aux_0.acc_seg: 85.5884
2026/07/26 18:23:25 - mmengine - INFO - Iter(train) [ 69400/160000]  lr: 4.8501e-02  eta: 9:36:02  time: 0.3806  data_time: 0.0262  memory: 10144  loss: 1.0586  decode.loss_ohem: 0.7248  decode.acc_seg: 91.8004  aux_0.loss_ce: 0.3338  aux_0.acc_seg: 90.0028
2026/07/26 18:24:03 - mmengine - INFO - Iter(train) [ 69500/160000]  lr: 4.8453e-02  eta: 9:35:24  time: 0.3802  data_time: 0.0265  memory: 10143  loss: 1.0876  decode.loss_ohem: 0.7130  decode.acc_seg: 90.3187  aux_0.loss_ce: 0.3746  aux_0.acc_seg: 82.3259
2026/07/26 18:24:41 - mmengine - INFO - Iter(train) [ 69600/160000]  lr: 4.8405e-02  eta: 9:34:45  time: 0.3785  data_time: 0.0262  memory: 10143  loss: 1.0200  decode.loss_ohem: 0.7124  decode.acc_seg: 89.8926  aux_0.loss_ce: 0.3076  aux_0.acc_seg: 85.2534
2026/07/26 18:25:19 - mmengine - INFO - Iter(train) [ 69700/160000]  lr: 4.8357e-02  eta: 9:34:07  time: 0.3789  data_time: 0.0266  memory: 10143  loss: 1.0619  decode.loss_ohem: 0.7190  decode.acc_seg: 93.5767  aux_0.loss_ce: 0.3429  aux_0.acc_seg: 91.1364
2026/07/26 18:25:57 - mmengine - INFO - Iter(train) [ 69800/160000]  lr: 4.8308e-02  eta: 9:33:28  time: 0.3798  data_time: 0.0265  memory: 10143  loss: 1.1339  decode.loss_ohem: 0.7872  decode.acc_seg: 88.4212  aux_0.loss_ce: 0.3468  aux_0.acc_seg: 84.9193
2026/07/26 18:26:35 - mmengine - INFO - Iter(train) [ 69900/160000]  lr: 4.8260e-02  eta: 9:32:50  time: 0.3794  data_time: 0.0267  memory: 10143  loss: 1.1984  decode.loss_ohem: 0.8523  decode.acc_seg: 93.3687  aux_0.loss_ce: 0.3461  aux_0.acc_seg: 90.6121
2026/07/26 18:27:13 - mmengine - INFO - Exp name: dsanet_cityscapes_512x1024_20260726_105627
2026/07/26 18:27:13 - mmengine - INFO - Iter(train) [ 70000/160000]  lr: 4.8212e-02  eta: 9:32:12  time: 0.3768  data_time: 0.0266  memory: 10143  loss: 1.0443  decode.loss_ohem: 0.7210  decode.acc_seg: 90.8384  aux_0.loss_ce: 0.3233  aux_0.acc_seg: 86.3415
2026/07/26 18:27:13 - mmengine - INFO - Saving checkpoint at 70000 iterations
2026/07/26 18:27:23 - mmengine - INFO - Iter(val) [100/250]    eta: 0:00:15  time: 0.0989  data_time: 0.0158  memory: 835  
2026/07/26 18:27:33 - mmengine - INFO - Iter(val) [200/250]    eta: 0:00:05  time: 0.1000  data_time: 0.0105  memory: 835  
2026/07/26 18:27:38 - mmengine - INFO - per class results:
2026/07/26 18:27:38 - mmengine - INFO - 
+---------------+-------+-------+
|     Class     |  IoU  |  Acc  |
+---------------+-------+-------+
|      road     | 97.04 |  98.3 |
|    sidewalk   | 77.64 | 87.34 |
|    building   |  89.2 | 96.06 |
|      wall     | 43.35 | 50.54 |
|     fence     | 50.63 | 66.85 |
|      pole     | 50.79 | 56.87 |
| traffic light | 52.16 | 68.78 |
|  traffic sign | 66.58 | 73.17 |
|   vegetation  | 90.02 | 94.32 |
|    terrain    | 53.07 |  71.4 |
|      sky      | 92.76 | 96.24 |
|     person    | 72.47 |  86.3 |
|     rider     | 50.63 | 71.95 |
|      car      | 91.67 | 97.17 |
|     truck     | 48.88 | 59.21 |
|      bus      | 68.04 | 85.78 |
|     train     | 45.41 | 49.03 |
|   motorcycle  | 42.25 | 55.56 |
|    bicycle    | 66.81 | 82.16 |
+---------------+-------+-------+
2026/07/26 18:27:38 - mmengine - INFO - Iter(val) [250/250]    aAcc: 94.1300  mIoU: 65.7600  mAcc: 76.1600  data_time: 0.0232  time: 0.0996
2026/07/26 18:27:38 - mmengine - INFO - The previous best checkpoint /root/autodl-tmp/DSANet-main/tools/work_dirs/dsanet_cityscapes_512x1024/best_mIoU_iter_65000.pth is removed
2026/07/26 18:27:39 - mmengine - INFO - The best checkpoint with 65.7600 mIoU at 70000 iter is saved to best_mIoU_iter_70000.pth.
2026/07/26 18:28:17 - mmengine - INFO - Iter(train) [ 70100/160000]  lr: 4.8164e-02  eta: 9:31:34  time: 0.3785  data_time: 0.0268  memory: 10142  loss: 1.1029  decode.loss_ohem: 0.7574  decode.acc_seg: 92.6732  aux_0.loss_ce: 0.3456  aux_0.acc_seg: 90.2027
2026/07/26 18:28:55 - mmengine - INFO - Iter(train) [ 70200/160000]  lr: 4.8116e-02  eta: 9:30:56  time: 0.3793  data_time: 0.0261  memory: 10143  loss: 1.0686  decode.loss_ohem: 0.7566  decode.acc_seg: 93.0475  aux_0.loss_ce: 0.3120  aux_0.acc_seg: 90.8583
2026/07/26 18:29:33 - mmengine - INFO - Iter(train) [ 70300/160000]  lr: 4.8067e-02  eta: 9:30:17  time: 0.3794  data_time: 0.0266  memory: 10143  loss: 1.1193  decode.loss_ohem: 0.7687  decode.acc_seg: 93.5436  aux_0.loss_ce: 0.3507  aux_0.acc_seg: 90.5765
2026/07/26 18:30:11 - mmengine - INFO - Iter(train) [ 70400/160000]  lr: 4.8019e-02  eta: 9:29:39  time: 0.3783  data_time: 0.0260  memory: 10143  loss: 1.1391  decode.loss_ohem: 0.8026  decode.acc_seg: 92.4891  aux_0.loss_ce: 0.3365  aux_0.acc_seg: 88.1979
2026/07/26 18:30:49 - mmengine - INFO - Iter(train) [ 70500/160000]  lr: 4.7971e-02  eta: 9:29:01  time: 0.3821  data_time: 0.0278  memory: 10143  loss: 1.0569  decode.loss_ohem: 0.7232  decode.acc_seg: 92.1596  aux_0.loss_ce: 0.3337  aux_0.acc_seg: 86.8856
2026/07/26 18:31:27 - mmengine - INFO - Iter(train) [ 70600/160000]  lr: 4.7923e-02  eta: 9:28:23  time: 0.3830  data_time: 0.0272  memory: 10143  loss: 1.1038  decode.loss_ohem: 0.7630  decode.acc_seg: 92.4759  aux_0.loss_ce: 0.3408  aux_0.acc_seg: 89.3722
2026/07/26 18:32:05 - mmengine - INFO - Iter(train) [ 70700/160000]  lr: 4.7874e-02  eta: 9:27:45  time: 0.3841  data_time: 0.0292  memory: 10143  loss: 1.1164  decode.loss_ohem: 0.7973  decode.acc_seg: 91.8476  aux_0.loss_ce: 0.3191  aux_0.acc_seg: 87.7658
2026/07/26 18:32:44 - mmengine - INFO - Iter(train) [ 70800/160000]  lr: 4.7826e-02  eta: 9:27:07  time: 0.3818  data_time: 0.0281  memory: 10143  loss: 1.1609  decode.loss_ohem: 0.7961  decode.acc_seg: 94.3782  aux_0.loss_ce: 0.3648  aux_0.acc_seg: 89.6230
2026/07/26 18:33:22 - mmengine - INFO - Iter(train) [ 70900/160000]  lr: 4.7778e-02  eta: 9:26:29  time: 0.3817  data_time: 0.0278  memory: 10145  loss: 1.0862  decode.loss_ohem: 0.7297  decode.acc_seg: 92.4043  aux_0.loss_ce: 0.3565  aux_0.acc_seg: 90.2185
2026/07/26 18:34:00 - mmengine - INFO - Exp name: dsanet_cityscapes_512x1024_20260726_105627
2026/07/26 18:34:00 - mmengine - INFO - Iter(train) [ 71000/160000]  lr: 4.7730e-02  eta: 9:25:51  time: 0.3836  data_time: 0.0282  memory: 10143  loss: 1.1706  decode.loss_ohem: 0.7616  decode.acc_seg: 89.7986  aux_0.loss_ce: 0.4090  aux_0.acc_seg: 82.7876
2026/07/26 18:34:39 - mmengine - INFO - Iter(train) [ 71100/160000]  lr: 4.7681e-02  eta: 9:25:13  time: 0.3831  data_time: 0.0283  memory: 10143  loss: 1.2171  decode.loss_ohem: 0.8314  decode.acc_seg: 89.8002  aux_0.loss_ce: 0.3857  aux_0.acc_seg: 85.7434
2026/07/26 18:35:17 - mmengine - INFO - Iter(train) [ 71200/160000]  lr: 4.7633e-02  eta: 9:24:35  time: 0.3839  data_time: 0.0284  memory: 10143  loss: 1.1424  decode.loss_ohem: 0.7956  decode.acc_seg: 91.6266  aux_0.loss_ce: 0.3468  aux_0.acc_seg: 85.9072
2026/07/26 18:35:55 - mmengine - INFO - Iter(train) [ 71300/160000]  lr: 4.7585e-02  eta: 9:23:57  time: 0.3964  data_time: 0.0304  memory: 10143  loss: 1.1279  decode.loss_ohem: 0.7924  decode.acc_seg: 90.9930  aux_0.loss_ce: 0.3355  aux_0.acc_seg: 86.7346
2026/07/26 18:36:34 - mmengine - INFO - Iter(train) [ 71400/160000]  lr: 4.7537e-02  eta: 9:23:19  time: 0.3860  data_time: 0.0298  memory: 10143  loss: 1.1230  decode.loss_ohem: 0.7971  decode.acc_seg: 88.9337  aux_0.loss_ce: 0.3260  aux_0.acc_seg: 83.5664
2026/07/26 18:37:12 - mmengine - INFO - Iter(train) [ 71500/160000]  lr: 4.7488e-02  eta: 9:22:41  time: 0.3868  data_time: 0.0287  memory: 10143  loss: 1.0615  decode.loss_ohem: 0.7318  decode.acc_seg: 91.2082  aux_0.loss_ce: 0.3296  aux_0.acc_seg: 87.9433
2026/07/26 18:37:50 - mmengine - INFO - Iter(train) [ 71600/160000]  lr: 4.7440e-02  eta: 9:22:03  time: 0.3806  data_time: 0.0277  memory: 10142  loss: 1.0086  decode.loss_ohem: 0.6758  decode.acc_seg: 91.7516  aux_0.loss_ce: 0.3328  aux_0.acc_seg: 88.7692
2026/07/26 18:38:29 - mmengine - INFO - Iter(train) [ 71700/160000]  lr: 4.7392e-02  eta: 9:21:25  time: 0.3820  data_time: 0.0269  memory: 10143  loss: 1.1138  decode.loss_ohem: 0.7492  decode.acc_seg: 90.1751  aux_0.loss_ce: 0.3646  aux_0.acc_seg: 85.3545
2026/07/26 18:39:07 - mmengine - INFO - Iter(train) [ 71800/160000]  lr: 4.7343e-02  eta: 9:20:47  time: 0.3806  data_time: 0.0272  memory: 10143  loss: 1.2343  decode.loss_ohem: 0.8458  decode.acc_seg: 91.3903  aux_0.loss_ce: 0.3885  aux_0.acc_seg: 87.5722
2026/07/26 18:39:45 - mmengine - INFO - Iter(train) [ 71900/160000]  lr: 4.7295e-02  eta: 9:20:09  time: 0.3819  data_time: 0.0281  memory: 10143  loss: 1.0510  decode.loss_ohem: 0.7330  decode.acc_seg: 92.1940  aux_0.loss_ce: 0.3180  aux_0.acc_seg: 88.2190
2026/07/26 18:40:24 - mmengine - INFO - Exp name: dsanet_cityscapes_512x1024_20260726_105627
2026/07/26 18:40:24 - mmengine - INFO - Iter(train) [ 72000/160000]  lr: 4.7247e-02  eta: 9:19:31  time: 0.3865  data_time: 0.0288  memory: 10141  loss: 1.0616  decode.loss_ohem: 0.7241  decode.acc_seg: 93.0350  aux_0.loss_ce: 0.3375  aux_0.acc_seg: 88.6518
2026/07/26 18:41:02 - mmengine - INFO - Iter(train) [ 72100/160000]  lr: 4.7199e-02  eta: 9:18:53  time: 0.3838  data_time: 0.0287  memory: 10142  loss: 1.0796  decode.loss_ohem: 0.7671  decode.acc_seg: 94.2636  aux_0.loss_ce: 0.3125  aux_0.acc_seg: 90.9453
2026/07/26 18:41:40 - mmengine - INFO - Iter(train) [ 72200/160000]  lr: 4.7150e-02  eta: 9:18:15  time: 0.3833  data_time: 0.0285  memory: 10144  loss: 1.1055  decode.loss_ohem: 0.7543  decode.acc_seg: 91.8923  aux_0.loss_ce: 0.3512  aux_0.acc_seg: 87.3072
2026/07/26 18:42:18 - mmengine - INFO - Iter(train) [ 72300/160000]  lr: 4.7102e-02  eta: 9:17:37  time: 0.3816  data_time: 0.0276  memory: 10142  loss: 1.0787  decode.loss_ohem: 0.7623  decode.acc_seg: 89.9916  aux_0.loss_ce: 0.3164  aux_0.acc_seg: 86.0625
2026/07/26 18:42:57 - mmengine - INFO - Iter(train) [ 72400/160000]  lr: 4.7054e-02  eta: 9:16:59  time: 0.3839  data_time: 0.0275  memory: 10143  loss: 1.0682  decode.loss_ohem: 0.7163  decode.acc_seg: 92.0132  aux_0.loss_ce: 0.3519  aux_0.acc_seg: 87.2312
2026/07/26 18:43:35 - mmengine - INFO - Iter(train) [ 72500/160000]  lr: 4.7005e-02  eta: 9:16:21  time: 0.3796  data_time: 0.0277  memory: 10143  loss: 1.3142  decode.loss_ohem: 0.8532  decode.acc_seg: 89.4001  aux_0.loss_ce: 0.4610  aux_0.acc_seg: 85.7551
2026/07/26 18:44:13 - mmengine - INFO - Iter(train) [ 72600/160000]  lr: 4.6957e-02  eta: 9:15:43  time: 0.3815  data_time: 0.0281  memory: 10144  loss: 1.1481  decode.loss_ohem: 0.7767  decode.acc_seg: 91.7596  aux_0.loss_ce: 0.3714  aux_0.acc_seg: 87.1553
2026/07/26 18:44:51 - mmengine - INFO - Iter(train) [ 72700/160000]  lr: 4.6909e-02  eta: 9:15:05  time: 0.3840  data_time: 0.0290  memory: 10142  loss: 1.2075  decode.loss_ohem: 0.8476  decode.acc_seg: 90.0851  aux_0.loss_ce: 0.3599  aux_0.acc_seg: 85.2984
2026/07/26 18:45:30 - mmengine - INFO - Iter(train) [ 72800/160000]  lr: 4.6860e-02  eta: 9:14:27  time: 0.3819  data_time: 0.0279  memory: 10142  loss: 1.0933  decode.loss_ohem: 0.7350  decode.acc_seg: 91.8871  aux_0.loss_ce: 0.3582  aux_0.acc_seg: 87.3625
2026/07/26 18:46:08 - mmengine - INFO - Iter(train) [ 72900/160000]  lr: 4.6812e-02  eta: 9:13:49  time: 0.3827  data_time: 0.0279  memory: 10146  loss: 1.1269  decode.loss_ohem: 0.7618  decode.acc_seg: 89.8419  aux_0.loss_ce: 0.3651  aux_0.acc_seg: 86.6320
2026/07/26 18:46:46 - mmengine - INFO - Exp name: dsanet_cityscapes_512x1024_20260726_105627
2026/07/26 18:46:46 - mmengine - INFO - Iter(train) [ 73000/160000]  lr: 4.6763e-02  eta: 9:13:11  time: 0.3767  data_time: 0.0271  memory: 10143  loss: 1.0490  decode.loss_ohem: 0.7148  decode.acc_seg: 91.4880  aux_0.loss_ce: 0.3342  aux_0.acc_seg: 87.4759
2026/07/26 18:47:25 - mmengine - INFO - Iter(train) [ 73100/160000]  lr: 4.6715e-02  eta: 9:12:33  time: 0.3861  data_time: 0.0293  memory: 10145  loss: 1.0963  decode.loss_ohem: 0.7333  decode.acc_seg: 89.5770  aux_0.loss_ce: 0.3630  aux_0.acc_seg: 81.5993
2026/07/26 18:48:03 - mmengine - INFO - Iter(train) [ 73200/160000]  lr: 4.6667e-02  eta: 9:11:55  time: 0.3828  data_time: 0.0284  memory: 10142  loss: 1.1730  decode.loss_ohem: 0.7916  decode.acc_seg: 92.6188  aux_0.loss_ce: 0.3814  aux_0.acc_seg: 87.8231
2026/07/26 18:48:41 - mmengine - INFO - Iter(train) [ 73300/160000]  lr: 4.6618e-02  eta: 9:11:17  time: 0.3827  data_time: 0.0278  memory: 10144  loss: 1.0957  decode.loss_ohem: 0.7407  decode.acc_seg: 91.4640  aux_0.loss_ce: 0.3550  aux_0.acc_seg: 87.3511
2026/07/26 18:49:19 - mmengine - INFO - Iter(train) [ 73400/160000]  lr: 4.6570e-02  eta: 9:10:39  time: 0.3780  data_time: 0.0264  memory: 10142  loss: 1.1472  decode.loss_ohem: 0.8008  decode.acc_seg: 91.6797  aux_0.loss_ce: 0.3464  aux_0.acc_seg: 88.8192
2026/07/26 18:49:58 - mmengine - INFO - Iter(train) [ 73500/160000]  lr: 4.6522e-02  eta: 9:10:01  time: 0.3837  data_time: 0.0282  memory: 10142  loss: 1.0847  decode.loss_ohem: 0.7330  decode.acc_seg: 90.2190  aux_0.loss_ce: 0.3518  aux_0.acc_seg: 89.0688
2026/07/26 18:50:36 - mmengine - INFO - Iter(train) [ 73600/160000]  lr: 4.6473e-02  eta: 9:09:23  time: 0.3814  data_time: 0.0279  memory: 10144  loss: 0.9534  decode.loss_ohem: 0.6304  decode.acc_seg: 91.8156  aux_0.loss_ce: 0.3230  aux_0.acc_seg: 87.3383
2026/07/26 18:51:14 - mmengine - INFO - Iter(train) [ 73700/160000]  lr: 4.6425e-02  eta: 9:08:45  time: 0.3827  data_time: 0.0278  memory: 10143  loss: 1.1725  decode.loss_ohem: 0.7871  decode.acc_seg: 90.3975  aux_0.loss_ce: 0.3853  aux_0.acc_seg: 87.1774
2026/07/26 18:51:52 - mmengine - INFO - Iter(train) [ 73800/160000]  lr: 4.6376e-02  eta: 9:08:06  time: 0.3835  data_time: 0.0290  memory: 10143  loss: 1.0446  decode.loss_ohem: 0.7449  decode.acc_seg: 92.8920  aux_0.loss_ce: 0.2997  aux_0.acc_seg: 89.4320
2026/07/26 18:52:30 - mmengine - INFO - Iter(train) [ 73900/160000]  lr: 4.6328e-02  eta: 9:07:28  time: 0.3800  data_time: 0.0271  memory: 10145  loss: 1.0695  decode.loss_ohem: 0.6862  decode.acc_seg: 93.5370  aux_0.loss_ce: 0.3834  aux_0.acc_seg: 88.2693
2026/07/26 18:53:09 - mmengine - INFO - Exp name: dsanet_cityscapes_512x1024_20260726_105627
2026/07/26 18:53:09 - mmengine - INFO - Iter(train) [ 74000/160000]  lr: 4.6280e-02  eta: 9:06:50  time: 0.3821  data_time: 0.0282  memory: 10142  loss: 1.1111  decode.loss_ohem: 0.7505  decode.acc_seg: 91.7446  aux_0.loss_ce: 0.3606  aux_0.acc_seg: 86.5590
2026/07/26 18:53:47 - mmengine - INFO - Iter(train) [ 74100/160000]  lr: 4.6231e-02  eta: 9:06:12  time: 0.3797  data_time: 0.0271  memory: 10144  loss: 1.0617  decode.loss_ohem: 0.7327  decode.acc_seg: 90.4936  aux_0.loss_ce: 0.3290  aux_0.acc_seg: 87.5754
2026/07/26 18:54:25 - mmengine - INFO - Iter(train) [ 74200/160000]  lr: 4.6183e-02  eta: 9:05:34  time: 0.3798  data_time: 0.0275  memory: 10143  loss: 1.0331  decode.loss_ohem: 0.7291  decode.acc_seg: 90.3890  aux_0.loss_ce: 0.3040  aux_0.acc_seg: 87.2192
2026/07/26 18:55:03 - mmengine - INFO - Iter(train) [ 74300/160000]  lr: 4.6134e-02  eta: 9:04:56  time: 0.3822  data_time: 0.0279  memory: 10142  loss: 1.1169  decode.loss_ohem: 0.7597  decode.acc_seg: 92.1476  aux_0.loss_ce: 0.3571  aux_0.acc_seg: 85.6530
2026/07/26 18:55:41 - mmengine - INFO - Iter(train) [ 74400/160000]  lr: 4.6086e-02  eta: 9:04:17  time: 0.3790  data_time: 0.0265  memory: 10142  loss: 1.0390  decode.loss_ohem: 0.6992  decode.acc_seg: 90.7159  aux_0.loss_ce: 0.3399  aux_0.acc_seg: 88.0634
2026/07/26 18:56:19 - mmengine - INFO - Iter(train) [ 74500/160000]  lr: 4.6037e-02  eta: 9:03:39  time: 0.3816  data_time: 0.0279  memory: 10143  loss: 1.0707  decode.loss_ohem: 0.7636  decode.acc_seg: 91.1185  aux_0.loss_ce: 0.3072  aux_0.acc_seg: 87.3970
2026/07/26 18:56:57 - mmengine - INFO - Iter(train) [ 74600/160000]  lr: 4.5989e-02  eta: 9:03:01  time: 0.3811  data_time: 0.0274  memory: 10142  loss: 1.1516  decode.loss_ohem: 0.7757  decode.acc_seg: 92.7273  aux_0.loss_ce: 0.3759  aux_0.acc_seg: 89.8870
2026/07/26 18:57:35 - mmengine - INFO - Iter(train) [ 74700/160000]  lr: 4.5940e-02  eta: 9:02:23  time: 0.3828  data_time: 0.0281  memory: 10143  loss: 1.1304  decode.loss_ohem: 0.7706  decode.acc_seg: 90.9934  aux_0.loss_ce: 0.3599  aux_0.acc_seg: 86.5654
2026/07/26 18:58:14 - mmengine - INFO - Iter(train) [ 74800/160000]  lr: 4.5892e-02  eta: 9:01:45  time: 0.3801  data_time: 0.0274  memory: 10143  loss: 1.2387  decode.loss_ohem: 0.8472  decode.acc_seg: 89.4786  aux_0.loss_ce: 0.3916  aux_0.acc_seg: 82.9460
2026/07/26 18:58:52 - mmengine - INFO - Iter(train) [ 74900/160000]  lr: 4.5844e-02  eta: 9:01:06  time: 0.3808  data_time: 0.0273  memory: 10142  loss: 1.2244  decode.loss_ohem: 0.8342  decode.acc_seg: 91.4419  aux_0.loss_ce: 0.3902  aux_0.acc_seg: 87.3439
2026/07/26 18:59:30 - mmengine - INFO - Exp name: dsanet_cityscapes_512x1024_20260726_105627
2026/07/26 18:59:30 - mmengine - INFO - Iter(train) [ 75000/160000]  lr: 4.5795e-02  eta: 9:00:28  time: 0.3797  data_time: 0.0263  memory: 10144  loss: 1.1569  decode.loss_ohem: 0.7866  decode.acc_seg: 90.1432  aux_0.loss_ce: 0.3703  aux_0.acc_seg: 85.6070
2026/07/26 18:59:30 - mmengine - INFO - Saving checkpoint at 75000 iterations
2026/07/26 18:59:40 - mmengine - INFO - Iter(val) [100/250]    eta: 0:00:15  time: 0.0984  data_time: 0.0156  memory: 835  
2026/07/26 18:59:50 - mmengine - INFO - Iter(val) [200/250]    eta: 0:00:05  time: 0.1010  data_time: 0.0160  memory: 835  
2026/07/26 18:59:55 - mmengine - INFO - per class results:
2026/07/26 18:59:55 - mmengine - INFO - 
+---------------+-------+-------+
|     Class     |  IoU  |  Acc  |
+---------------+-------+-------+
|      road     |  90.6 | 92.09 |
|    sidewalk   | 74.89 | 81.31 |
|    building   | 88.56 |  95.1 |
|      wall     |  34.5 | 42.89 |
|     fence     | 40.71 | 77.18 |
|      pole     | 53.02 | 62.07 |
| traffic light | 40.87 | 44.52 |
|  traffic sign | 61.02 | 70.79 |
|   vegetation  | 86.37 | 93.27 |
|    terrain    |  21.9 | 79.45 |
|      sky      | 91.54 | 96.87 |
|     person    | 72.47 | 84.44 |
|     rider     | 49.21 | 59.49 |
|      car      |  85.8 | 94.47 |
|     truck     | 44.84 | 49.92 |
|      bus      | 53.07 | 80.25 |
|     train     | 13.95 | 14.24 |
|   motorcycle  | 20.76 | 21.44 |
|    bicycle    | 64.94 | 84.11 |
+---------------+-------+-------+
2026/07/26 18:59:55 - mmengine - INFO - Iter(val) [250/250]    aAcc: 90.8800  mIoU: 57.3200  mAcc: 69.6800  data_time: 0.0266  time: 0.1005
2026/07/26 19:00:33 - mmengine - INFO - Iter(train) [ 75100/160000]  lr: 4.5747e-02  eta: 8:59:50  time: 0.3802  data_time: 0.0275  memory: 10144  loss: 1.1980  decode.loss_ohem: 0.8270  decode.acc_seg: 91.2095  aux_0.loss_ce: 0.3710  aux_0.acc_seg: 85.8879
2026/07/26 19:01:11 - mmengine - INFO - Iter(train) [ 75200/160000]  lr: 4.5698e-02  eta: 8:59:12  time: 0.3797  data_time: 0.0273  memory: 10143  loss: 1.0083  decode.loss_ohem: 0.6901  decode.acc_seg: 93.4938  aux_0.loss_ce: 0.3182  aux_0.acc_seg: 89.6226
2026/07/26 19:01:50 - mmengine - INFO - Iter(train) [ 75300/160000]  lr: 4.5650e-02  eta: 8:58:33  time: 0.3816  data_time: 0.0273  memory: 10143  loss: 1.2052  decode.loss_ohem: 0.8446  decode.acc_seg: 92.3857  aux_0.loss_ce: 0.3606  aux_0.acc_seg: 87.6337
2026/07/26 19:02:28 - mmengine - INFO - Iter(train) [ 75400/160000]  lr: 4.5601e-02  eta: 8:57:55  time: 0.3803  data_time: 0.0273  memory: 10143  loss: 1.1775  decode.loss_ohem: 0.8273  decode.acc_seg: 91.0519  aux_0.loss_ce: 0.3503  aux_0.acc_seg: 88.5056
2026/07/26 19:03:06 - mmengine - INFO - Iter(train) [ 75500/160000]  lr: 4.5553e-02  eta: 8:57:17  time: 0.3830  data_time: 0.0283  memory: 10143  loss: 1.1092  decode.loss_ohem: 0.7568  decode.acc_seg: 91.4071  aux_0.loss_ce: 0.3523  aux_0.acc_seg: 84.0102
2026/07/26 19:03:44 - mmengine - INFO - Iter(train) [ 75600/160000]  lr: 4.5504e-02  eta: 8:56:39  time: 0.3820  data_time: 0.0276  memory: 10142  loss: 1.1460  decode.loss_ohem: 0.7769  decode.acc_seg: 90.5416  aux_0.loss_ce: 0.3692  aux_0.acc_seg: 83.0939
2026/07/26 19:04:22 - mmengine - INFO - Iter(train) [ 75700/160000]  lr: 4.5456e-02  eta: 8:56:01  time: 0.3825  data_time: 0.0277  memory: 10144  loss: 1.0902  decode.loss_ohem: 0.7388  decode.acc_seg: 90.5008  aux_0.loss_ce: 0.3514  aux_0.acc_seg: 86.3201
2026/07/26 19:05:00 - mmengine - INFO - Iter(train) [ 75800/160000]  lr: 4.5407e-02  eta: 8:55:23  time: 0.3820  data_time: 0.0281  memory: 10142  loss: 1.0801  decode.loss_ohem: 0.7568  decode.acc_seg: 93.5391  aux_0.loss_ce: 0.3233  aux_0.acc_seg: 89.4468
2026/07/26 19:05:38 - mmengine - INFO - Iter(train) [ 75900/160000]  lr: 4.5359e-02  eta: 8:54:44  time: 0.3753  data_time: 0.0271  memory: 10142  loss: 1.1293  decode.loss_ohem: 0.7748  decode.acc_seg: 91.6896  aux_0.loss_ce: 0.3544  aux_0.acc_seg: 86.2775
2026/07/26 19:06:16 - mmengine - INFO - Exp name: dsanet_cityscapes_512x1024_20260726_105627
2026/07/26 19:06:16 - mmengine - INFO - Iter(train) [ 76000/160000]  lr: 4.5310e-02  eta: 8:54:06  time: 0.3814  data_time: 0.0287  memory: 10143  loss: 1.1170  decode.loss_ohem: 0.7823  decode.acc_seg: 91.6772  aux_0.loss_ce: 0.3347  aux_0.acc_seg: 87.8012
2026/07/26 19:06:55 - mmengine - INFO - Iter(train) [ 76100/160000]  lr: 4.5261e-02  eta: 8:53:28  time: 0.3824  data_time: 0.0285  memory: 10144  loss: 1.1227  decode.loss_ohem: 0.7607  decode.acc_seg: 88.8630  aux_0.loss_ce: 0.3620  aux_0.acc_seg: 85.0361
2026/07/26 19:07:33 - mmengine - INFO - Iter(train) [ 76200/160000]  lr: 4.5213e-02  eta: 8:52:50  time: 0.3814  data_time: 0.0281  memory: 10143  loss: 1.1624  decode.loss_ohem: 0.7894  decode.acc_seg: 89.6418  aux_0.loss_ce: 0.3730  aux_0.acc_seg: 85.6802
2026/07/26 19:08:11 - mmengine - INFO - Iter(train) [ 76300/160000]  lr: 4.5164e-02  eta: 8:52:11  time: 0.3806  data_time: 0.0274  memory: 10145  loss: 1.3014  decode.loss_ohem: 0.8750  decode.acc_seg: 90.6352  aux_0.loss_ce: 0.4264  aux_0.acc_seg: 85.7495
2026/07/26 19:08:49 - mmengine - INFO - Iter(train) [ 76400/160000]  lr: 4.5116e-02  eta: 8:51:33  time: 0.3819  data_time: 0.0278  memory: 10143  loss: 1.1408  decode.loss_ohem: 0.7814  decode.acc_seg: 91.0855  aux_0.loss_ce: 0.3594  aux_0.acc_seg: 85.1668
2026/07/26 19:09:27 - mmengine - INFO - Iter(train) [ 76500/160000]  lr: 4.5067e-02  eta: 8:50:55  time: 0.3835  data_time: 0.0277  memory: 10144  loss: 1.0277  decode.loss_ohem: 0.7095  decode.acc_seg: 89.8219  aux_0.loss_ce: 0.3182  aux_0.acc_seg: 84.9740
2026/07/26 19:10:05 - mmengine - INFO - Iter(train) [ 76600/160000]  lr: 4.5019e-02  eta: 8:50:17  time: 0.3786  data_time: 0.0273  memory: 10142  loss: 1.1335  decode.loss_ohem: 0.7764  decode.acc_seg: 91.6815  aux_0.loss_ce: 0.3571  aux_0.acc_seg: 87.2299
2026/07/26 19:10:43 - mmengine - INFO - Iter(train) [ 76700/160000]  lr: 4.4970e-02  eta: 8:49:38  time: 0.3832  data_time: 0.0293  memory: 10141  loss: 1.2144  decode.loss_ohem: 0.8233  decode.acc_seg: 90.6040  aux_0.loss_ce: 0.3910  aux_0.acc_seg: 84.3135
2026/07/26 19:11:21 - mmengine - INFO - Iter(train) [ 76800/160000]  lr: 4.4922e-02  eta: 8:49:00  time: 0.3799  data_time: 0.0278  memory: 10142  loss: 1.0764  decode.loss_ohem: 0.7408  decode.acc_seg: 91.2513  aux_0.loss_ce: 0.3356  aux_0.acc_seg: 86.2325
2026/07/26 19:11:59 - mmengine - INFO - Iter(train) [ 76900/160000]  lr: 4.4873e-02  eta: 8:48:22  time: 0.3806  data_time: 0.0273  memory: 10143  loss: 1.0907  decode.loss_ohem: 0.7407  decode.acc_seg: 92.2108  aux_0.loss_ce: 0.3500  aux_0.acc_seg: 84.1680
2026/07/26 19:12:37 - mmengine - INFO - Exp name: dsanet_cityscapes_512x1024_20260726_105627
2026/07/26 19:12:37 - mmengine - INFO - Iter(train) [ 77000/160000]  lr: 4.4824e-02  eta: 8:47:44  time: 0.3819  data_time: 0.0280  memory: 10141  loss: 1.0590  decode.loss_ohem: 0.7377  decode.acc_seg: 91.2777  aux_0.loss_ce: 0.3212  aux_0.acc_seg: 87.4029
2026/07/26 19:13:15 - mmengine - INFO - Iter(train) [ 77100/160000]  lr: 4.4776e-02  eta: 8:47:06  time: 0.3814  data_time: 0.0272  memory: 10142  loss: 1.0723  decode.loss_ohem: 0.7243  decode.acc_seg: 91.9522  aux_0.loss_ce: 0.3480  aux_0.acc_seg: 84.4846
2026/07/26 19:13:54 - mmengine - INFO - Iter(train) [ 77200/160000]  lr: 4.4727e-02  eta: 8:46:27  time: 0.3802  data_time: 0.0272  memory: 10143  loss: 1.0504  decode.loss_ohem: 0.7211  decode.acc_seg: 94.1258  aux_0.loss_ce: 0.3294  aux_0.acc_seg: 89.7664
2026/07/26 19:14:32 - mmengine - INFO - Iter(train) [ 77300/160000]  lr: 4.4679e-02  eta: 8:45:49  time: 0.3824  data_time: 0.0286  memory: 10143  loss: 1.0273  decode.loss_ohem: 0.6900  decode.acc_seg: 92.1013  aux_0.loss_ce: 0.3373  aux_0.acc_seg: 85.8587
2026/07/26 19:15:10 - mmengine - INFO - Iter(train) [ 77400/160000]  lr: 4.4630e-02  eta: 8:45:11  time: 0.3807  data_time: 0.0278  memory: 10143  loss: 1.1073  decode.loss_ohem: 0.7634  decode.acc_seg: 90.3014  aux_0.loss_ce: 0.3439  aux_0.acc_seg: 87.0964
2026/07/26 19:15:48 - mmengine - INFO - Iter(train) [ 77500/160000]  lr: 4.4581e-02  eta: 8:44:32  time: 0.3812  data_time: 0.0278  memory: 10143  loss: 1.0422  decode.loss_ohem: 0.7088  decode.acc_seg: 90.5886  aux_0.loss_ce: 0.3334  aux_0.acc_seg: 85.7992
2026/07/26 19:16:26 - mmengine - INFO - Iter(train) [ 77600/160000]  lr: 4.4533e-02  eta: 8:43:54  time: 0.3815  data_time: 0.0286  memory: 10142  loss: 1.1048  decode.loss_ohem: 0.7602  decode.acc_seg: 90.0410  aux_0.loss_ce: 0.3447  aux_0.acc_seg: 88.0102
2026/07/26 19:17:04 - mmengine - INFO - Iter(train) [ 77700/160000]  lr: 4.4484e-02  eta: 8:43:16  time: 0.3787  data_time: 0.0263  memory: 10143  loss: 1.1658  decode.loss_ohem: 0.8011  decode.acc_seg: 92.7136  aux_0.loss_ce: 0.3647  aux_0.acc_seg: 89.5247
2026/07/26 19:17:42 - mmengine - INFO - Iter(train) [ 77800/160000]  lr: 4.4435e-02  eta: 8:42:38  time: 0.3827  data_time: 0.0276  memory: 10143  loss: 1.1279  decode.loss_ohem: 0.7577  decode.acc_seg: 92.5626  aux_0.loss_ce: 0.3702  aux_0.acc_seg: 87.5629
2026/07/26 19:18:20 - mmengine - INFO - Iter(train) [ 77900/160000]  lr: 4.4387e-02  eta: 8:41:59  time: 0.3825  data_time: 0.0280  memory: 10143  loss: 1.0545  decode.loss_ohem: 0.7219  decode.acc_seg: 89.5370  aux_0.loss_ce: 0.3326  aux_0.acc_seg: 86.3561
2026/07/26 19:18:58 - mmengine - INFO - Exp name: dsanet_cityscapes_512x1024_20260726_105627
2026/07/26 19:18:58 - mmengine - INFO - Iter(train) [ 78000/160000]  lr: 4.4338e-02  eta: 8:41:22  time: 0.3807  data_time: 0.0269  memory: 10143  loss: 1.1034  decode.loss_ohem: 0.7377  decode.acc_seg: 90.8086  aux_0.loss_ce: 0.3656  aux_0.acc_seg: 86.4719
2026/07/26 19:19:36 - mmengine - INFO - Iter(train) [ 78100/160000]  lr: 4.4289e-02  eta: 8:40:43  time: 0.3805  data_time: 0.0275  memory: 10143  loss: 1.0949  decode.loss_ohem: 0.7783  decode.acc_seg: 94.4644  aux_0.loss_ce: 0.3166  aux_0.acc_seg: 91.1521
2026/07/26 19:20:14 - mmengine - INFO - Iter(train) [ 78200/160000]  lr: 4.4241e-02  eta: 8:40:05  time: 0.3795  data_time: 0.0265  memory: 10142  loss: 1.1405  decode.loss_ohem: 0.7967  decode.acc_seg: 90.7931  aux_0.loss_ce: 0.3438  aux_0.acc_seg: 89.0166
2026/07/26 19:20:52 - mmengine - INFO - Iter(train) [ 78300/160000]  lr: 4.4192e-02  eta: 8:39:27  time: 0.3810  data_time: 0.0276  memory: 10142  loss: 1.1371  decode.loss_ohem: 0.7708  decode.acc_seg: 91.2333  aux_0.loss_ce: 0.3663  aux_0.acc_seg: 84.2786
2026/07/26 19:21:30 - mmengine - INFO - Iter(train) [ 78400/160000]  lr: 4.4143e-02  eta: 8:38:48  time: 0.3806  data_time: 0.0274  memory: 10143  loss: 1.1619  decode.loss_ohem: 0.8056  decode.acc_seg: 90.7316  aux_0.loss_ce: 0.3563  aux_0.acc_seg: 84.1200
2026/07/26 19:22:09 - mmengine - INFO - Iter(train) [ 78500/160000]  lr: 4.4095e-02  eta: 8:38:10  time: 0.3815  data_time: 0.0275  memory: 10142  loss: 1.0651  decode.loss_ohem: 0.7194  decode.acc_seg: 92.9769  aux_0.loss_ce: 0.3458  aux_0.acc_seg: 84.6470
2026/07/26 19:22:47 - mmengine - INFO - Iter(train) [ 78600/160000]  lr: 4.4046e-02  eta: 8:37:32  time: 0.3811  data_time: 0.0275  memory: 10144  loss: 1.1765  decode.loss_ohem: 0.7883  decode.acc_seg: 91.7871  aux_0.loss_ce: 0.3882  aux_0.acc_seg: 86.3316
2026/07/26 19:23:25 - mmengine - INFO - Iter(train) [ 78700/160000]  lr: 4.3997e-02  eta: 8:36:54  time: 0.3762  data_time: 0.0270  memory: 10142  loss: 1.0539  decode.loss_ohem: 0.7216  decode.acc_seg: 92.6575  aux_0.loss_ce: 0.3323  aux_0.acc_seg: 87.6866
2026/07/26 19:24:03 - mmengine - INFO - Iter(train) [ 78800/160000]  lr: 4.3949e-02  eta: 8:36:15  time: 0.3832  data_time: 0.0290  memory: 10141  loss: 1.0644  decode.loss_ohem: 0.7253  decode.acc_seg: 92.6130  aux_0.loss_ce: 0.3391  aux_0.acc_seg: 88.4020
2026/07/26 19:24:41 - mmengine - INFO - Iter(train) [ 78900/160000]  lr: 4.3900e-02  eta: 8:35:37  time: 0.3812  data_time: 0.0277  memory: 10143  loss: 1.0372  decode.loss_ohem: 0.6986  decode.acc_seg: 91.6429  aux_0.loss_ce: 0.3386  aux_0.acc_seg: 87.9136
2026/07/26 19:25:19 - mmengine - INFO - Exp name: dsanet_cityscapes_512x1024_20260726_105627
2026/07/26 19:25:19 - mmengine - INFO - Iter(train) [ 79000/160000]  lr: 4.3851e-02  eta: 8:34:59  time: 0.3789  data_time: 0.0271  memory: 10145  loss: 1.0603  decode.loss_ohem: 0.7414  decode.acc_seg: 88.6871  aux_0.loss_ce: 0.3189  aux_0.acc_seg: 80.2617
2026/07/26 19:25:57 - mmengine - INFO - Iter(train) [ 79100/160000]  lr: 4.3803e-02  eta: 8:34:21  time: 0.3810  data_time: 0.0275  memory: 10142  loss: 1.1070  decode.loss_ohem: 0.7720  decode.acc_seg: 90.2784  aux_0.loss_ce: 0.3350  aux_0.acc_seg: 87.1610
2026/07/26 19:26:35 - mmengine - INFO - Iter(train) [ 79200/160000]  lr: 4.3754e-02  eta: 8:33:43  time: 0.3815  data_time: 0.0276  memory: 10143  loss: 1.0873  decode.loss_ohem: 0.7471  decode.acc_seg: 91.3853  aux_0.loss_ce: 0.3402  aux_0.acc_seg: 85.0388
2026/07/26 19:27:13 - mmengine - INFO - Iter(train) [ 79300/160000]  lr: 4.3705e-02  eta: 8:33:04  time: 0.3811  data_time: 0.0272  memory: 10143  loss: 1.1620  decode.loss_ohem: 0.7957  decode.acc_seg: 91.2888  aux_0.loss_ce: 0.3663  aux_0.acc_seg: 88.4391
2026/07/26 19:27:51 - mmengine - INFO - Iter(train) [ 79400/160000]  lr: 4.3656e-02  eta: 8:32:26  time: 0.3802  data_time: 0.0273  memory: 10143  loss: 1.1783  decode.loss_ohem: 0.8211  decode.acc_seg: 92.0016  aux_0.loss_ce: 0.3573  aux_0.acc_seg: 87.6593
2026/07/26 19:28:29 - mmengine - INFO - Iter(train) [ 79500/160000]  lr: 4.3608e-02  eta: 8:31:48  time: 0.3811  data_time: 0.0273  memory: 10143  loss: 1.0949  decode.loss_ohem: 0.7302  decode.acc_seg: 91.8069  aux_0.loss_ce: 0.3646  aux_0.acc_seg: 89.0379
2026/07/26 19:29:07 - mmengine - INFO - Iter(train) [ 79600/160000]  lr: 4.3559e-02  eta: 8:31:09  time: 0.3807  data_time: 0.0277  memory: 10143  loss: 1.1354  decode.loss_ohem: 0.7467  decode.acc_seg: 89.4346  aux_0.loss_ce: 0.3888  aux_0.acc_seg: 84.2398
2026/07/26 19:29:45 - mmengine - INFO - Iter(train) [ 79700/160000]  lr: 4.3510e-02  eta: 8:30:31  time: 0.3806  data_time: 0.0274  memory: 10143  loss: 1.0166  decode.loss_ohem: 0.6942  decode.acc_seg: 92.8006  aux_0.loss_ce: 0.3224  aux_0.acc_seg: 89.4935
2026/07/26 19:30:23 - mmengine - INFO - Iter(train) [ 79800/160000]  lr: 4.3461e-02  eta: 8:29:53  time: 0.3807  data_time: 0.0273  memory: 10141  loss: 1.0870  decode.loss_ohem: 0.7661  decode.acc_seg: 91.4771  aux_0.loss_ce: 0.3209  aux_0.acc_seg: 86.2674
2026/07/26 19:31:01 - mmengine - INFO - Iter(train) [ 79900/160000]  lr: 4.3413e-02  eta: 8:29:15  time: 0.3800  data_time: 0.0265  memory: 10144  loss: 1.0293  decode.loss_ohem: 0.7116  decode.acc_seg: 91.9976  aux_0.loss_ce: 0.3177  aux_0.acc_seg: 86.1500
2026/07/26 19:31:39 - mmengine - INFO - Exp name: dsanet_cityscapes_512x1024_20260726_105627
2026/07/26 19:31:39 - mmengine - INFO - Iter(train) [ 80000/160000]  lr: 4.3364e-02  eta: 8:28:36  time: 0.3804  data_time: 0.0270  memory: 10145  loss: 1.0566  decode.loss_ohem: 0.7073  decode.acc_seg: 89.3655  aux_0.loss_ce: 0.3493  aux_0.acc_seg: 83.8322
2026/07/26 19:31:39 - mmengine - INFO - Saving checkpoint at 80000 iterations
2026/07/26 19:31:50 - mmengine - INFO - Iter(val) [100/250]    eta: 0:00:15  time: 0.0964  data_time: 0.0337  memory: 835  
2026/07/26 19:32:00 - mmengine - INFO - Iter(val) [200/250]    eta: 0:00:05  time: 0.1005  data_time: 0.0102  memory: 835  
2026/07/26 19:32:05 - mmengine - INFO - per class results:
2026/07/26 19:32:05 - mmengine - INFO - 
+---------------+-------+-------+
|     Class     |  IoU  |  Acc  |
+---------------+-------+-------+
|      road     | 97.12 | 98.06 |
|    sidewalk   | 78.87 | 89.26 |
|    building   |  89.2 | 95.24 |
|      wall     | 39.79 | 46.28 |
|     fence     | 49.97 | 66.24 |
|      pole     | 53.05 | 61.91 |
| traffic light |  51.4 | 67.81 |
|  traffic sign | 59.66 | 75.77 |
|   vegetation  | 90.12 | 95.65 |
|    terrain    |  56.4 |  65.9 |
|      sky      |  93.4 | 96.81 |
|     person    | 73.67 | 89.29 |
|     rider     | 51.39 | 62.81 |
|      car      | 92.12 | 96.41 |
|     truck     | 52.51 | 71.62 |
|      bus      | 63.85 | 87.11 |
|     train     | 26.88 | 28.74 |
|   motorcycle  | 32.21 | 34.16 |
|    bicycle    | 68.11 | 82.92 |
+---------------+-------+-------+
2026/07/26 19:32:05 - mmengine - INFO - Iter(val) [250/250]    aAcc: 94.2000  mIoU: 64.2000  mAcc: 74.3100  data_time: 0.0306  time: 0.1014
2026/07/26 19:32:43 - mmengine - INFO - Iter(train) [ 80100/160000]  lr: 4.3315e-02  eta: 8:27:58  time: 0.3800  data_time: 0.0276  memory: 10145  loss: 1.1320  decode.loss_ohem: 0.7769  decode.acc_seg: 87.1667  aux_0.loss_ce: 0.3551  aux_0.acc_seg: 84.3763
2026/07/26 19:33:21 - mmengine - INFO - Iter(train) [ 80200/160000]  lr: 4.3266e-02  eta: 8:27:20  time: 0.3805  data_time: 0.0273  memory: 10144  loss: 1.1104  decode.loss_ohem: 0.7622  decode.acc_seg: 92.3771  aux_0.loss_ce: 0.3481  aux_0.acc_seg: 87.4310
2026/07/26 19:33:59 - mmengine - INFO - Iter(train) [ 80300/160000]  lr: 4.3218e-02  eta: 8:26:42  time: 0.3810  data_time: 0.0279  memory: 10143  loss: 1.0731  decode.loss_ohem: 0.7454  decode.acc_seg: 93.0711  aux_0.loss_ce: 0.3277  aux_0.acc_seg: 90.6495
2026/07/26 19:34:37 - mmengine - INFO - Iter(train) [ 80400/160000]  lr: 4.3169e-02  eta: 8:26:03  time: 0.3809  data_time: 0.0271  memory: 10143  loss: 0.9852  decode.loss_ohem: 0.6363  decode.acc_seg: 91.1091  aux_0.loss_ce: 0.3489  aux_0.acc_seg: 83.2146
2026/07/26 19:35:16 - mmengine - INFO - Iter(train) [ 80500/160000]  lr: 4.3120e-02  eta: 8:25:25  time: 0.3801  data_time: 0.0274  memory: 10142  loss: 1.1446  decode.loss_ohem: 0.8026  decode.acc_seg: 92.8347  aux_0.loss_ce: 0.3420  aux_0.acc_seg: 89.1346
2026/07/26 19:35:54 - mmengine - INFO - Iter(train) [ 80600/160000]  lr: 4.3071e-02  eta: 8:24:47  time: 0.3804  data_time: 0.0273  memory: 10143  loss: 1.0223  decode.loss_ohem: 0.6813  decode.acc_seg: 93.3262  aux_0.loss_ce: 0.3410  aux_0.acc_seg: 87.9319
2026/07/26 19:36:32 - mmengine - INFO - Iter(train) [ 80700/160000]  lr: 4.3022e-02  eta: 8:24:09  time: 0.3810  data_time: 0.0278  memory: 10142  loss: 1.1364  decode.loss_ohem: 0.7718  decode.acc_seg: 89.4618  aux_0.loss_ce: 0.3645  aux_0.acc_seg: 88.1759
2026/07/26 19:37:10 - mmengine - INFO - Iter(train) [ 80800/160000]  lr: 4.2973e-02  eta: 8:23:30  time: 0.3820  data_time: 0.0286  memory: 10142  loss: 1.2834  decode.loss_ohem: 0.8773  decode.acc_seg: 87.2170  aux_0.loss_ce: 0.4061  aux_0.acc_seg: 80.9963
2026/07/26 19:37:48 - mmengine - INFO - Iter(train) [ 80900/160000]  lr: 4.2925e-02  eta: 8:22:52  time: 0.3815  data_time: 0.0281  memory: 10143  loss: 1.0322  decode.loss_ohem: 0.7400  decode.acc_seg: 93.8957  aux_0.loss_ce: 0.2922  aux_0.acc_seg: 91.7706
2026/07/26 19:38:26 - mmengine - INFO - Exp name: dsanet_cityscapes_512x1024_20260726_105627
2026/07/26 19:38:26 - mmengine - INFO - Iter(train) [ 81000/160000]  lr: 4.2876e-02  eta: 8:22:14  time: 0.3806  data_time: 0.0279  memory: 10143  loss: 1.0553  decode.loss_ohem: 0.7346  decode.acc_seg: 92.6196  aux_0.loss_ce: 0.3207  aux_0.acc_seg: 87.2206
2026/07/26 19:39:04 - mmengine - INFO - Iter(train) [ 81100/160000]  lr: 4.2827e-02  eta: 8:21:36  time: 0.3806  data_time: 0.0278  memory: 10142  loss: 1.0908  decode.loss_ohem: 0.7445  decode.acc_seg: 90.7218  aux_0.loss_ce: 0.3463  aux_0.acc_seg: 83.0802
2026/07/26 19:39:42 - mmengine - INFO - Iter(train) [ 81200/160000]  lr: 4.2778e-02  eta: 8:20:57  time: 0.3801  data_time: 0.0275  memory: 10142  loss: 1.2097  decode.loss_ohem: 0.8492  decode.acc_seg: 93.1439  aux_0.loss_ce: 0.3605  aux_0.acc_seg: 87.4664
2026/07/26 19:40:20 - mmengine - INFO - Iter(train) [ 81300/160000]  lr: 4.2729e-02  eta: 8:20:19  time: 0.3812  data_time: 0.0279  memory: 10142  loss: 1.0178  decode.loss_ohem: 0.7019  decode.acc_seg: 91.3141  aux_0.loss_ce: 0.3159  aux_0.acc_seg: 81.8088
2026/07/26 19:40:58 - mmengine - INFO - Iter(train) [ 81400/160000]  lr: 4.2680e-02  eta: 8:19:41  time: 0.3803  data_time: 0.0275  memory: 10144  loss: 1.0504  decode.loss_ohem: 0.7143  decode.acc_seg: 93.5596  aux_0.loss_ce: 0.3361  aux_0.acc_seg: 90.3862
2026/07/26 19:41:36 - mmengine - INFO - Iter(train) [ 81500/160000]  lr: 4.2632e-02  eta: 8:19:03  time: 0.3802  data_time: 0.0277  memory: 10142  loss: 1.1911  decode.loss_ohem: 0.8016  decode.acc_seg: 89.8507  aux_0.loss_ce: 0.3895  aux_0.acc_seg: 82.4743
2026/07/26 19:42:14 - mmengine - INFO - Iter(train) [ 81600/160000]  lr: 4.2583e-02  eta: 8:18:25  time: 0.3792  data_time: 0.0268  memory: 10143  loss: 1.0505  decode.loss_ohem: 0.7199  decode.acc_seg: 91.9567  aux_0.loss_ce: 0.3305  aux_0.acc_seg: 87.3191
2026/07/26 19:42:52 - mmengine - INFO - Iter(train) [ 81700/160000]  lr: 4.2534e-02  eta: 8:17:46  time: 0.3823  data_time: 0.0282  memory: 10141  loss: 1.0863  decode.loss_ohem: 0.7479  decode.acc_seg: 93.3263  aux_0.loss_ce: 0.3383  aux_0.acc_seg: 88.4018
2026/07/26 19:43:31 - mmengine - INFO - Iter(train) [ 81800/160000]  lr: 4.2485e-02  eta: 8:17:08  time: 0.3811  data_time: 0.0280  memory: 10145  loss: 1.0601  decode.loss_ohem: 0.7613  decode.acc_seg: 90.2179  aux_0.loss_ce: 0.2988  aux_0.acc_seg: 86.5327
2026/07/26 19:44:09 - mmengine - INFO - Iter(train) [ 81900/160000]  lr: 4.2436e-02  eta: 8:16:30  time: 0.3795  data_time: 0.0271  memory: 10142  loss: 1.1094  decode.loss_ohem: 0.7539  decode.acc_seg: 93.2670  aux_0.loss_ce: 0.3555  aux_0.acc_seg: 88.8261
2026/07/26 19:44:47 - mmengine - INFO - Exp name: dsanet_cityscapes_512x1024_20260726_105627
2026/07/26 19:44:47 - mmengine - INFO - Iter(train) [ 82000/160000]  lr: 4.2387e-02  eta: 8:15:52  time: 0.3807  data_time: 0.0274  memory: 10144  loss: 1.1339  decode.loss_ohem: 0.7759  decode.acc_seg: 92.2399  aux_0.loss_ce: 0.3580  aux_0.acc_seg: 86.9625
2026/07/26 19:45:25 - mmengine - INFO - Iter(train) [ 82100/160000]  lr: 4.2338e-02  eta: 8:15:13  time: 0.3808  data_time: 0.0271  memory: 10144  loss: 1.0776  decode.loss_ohem: 0.7412  decode.acc_seg: 89.2292  aux_0.loss_ce: 0.3365  aux_0.acc_seg: 86.2268
2026/07/26 19:46:03 - mmengine - INFO - Iter(train) [ 82200/160000]  lr: 4.2289e-02  eta: 8:14:35  time: 0.3799  data_time: 0.0276  memory: 10142  loss: 1.0016  decode.loss_ohem: 0.7016  decode.acc_seg: 91.2341  aux_0.loss_ce: 0.3000  aux_0.acc_seg: 88.2912
2026/07/26 19:46:41 - mmengine - INFO - Iter(train) [ 82300/160000]  lr: 4.2240e-02  eta: 8:13:57  time: 0.3789  data_time: 0.0269  memory: 10142  loss: 1.1782  decode.loss_ohem: 0.8062  decode.acc_seg: 90.2267  aux_0.loss_ce: 0.3720  aux_0.acc_seg: 84.8514
2026/07/26 19:47:19 - mmengine - INFO - Iter(train) [ 82400/160000]  lr: 4.2192e-02  eta: 8:13:19  time: 0.3795  data_time: 0.0273  memory: 10143  loss: 1.1564  decode.loss_ohem: 0.8009  decode.acc_seg: 89.2958  aux_0.loss_ce: 0.3555  aux_0.acc_seg: 85.6776
2026/07/26 19:47:57 - mmengine - INFO - Iter(train) [ 82500/160000]  lr: 4.2143e-02  eta: 8:12:40  time: 0.3806  data_time: 0.0270  memory: 10144  loss: 1.0458  decode.loss_ohem: 0.7095  decode.acc_seg: 91.3610  aux_0.loss_ce: 0.3363  aux_0.acc_seg: 86.8161
2026/07/26 19:48:35 - mmengine - INFO - Iter(train) [ 82600/160000]  lr: 4.2094e-02  eta: 8:12:02  time: 0.3802  data_time: 0.0271  memory: 10143  loss: 1.2073  decode.loss_ohem: 0.8654  decode.acc_seg: 91.9999  aux_0.loss_ce: 0.3418  aux_0.acc_seg: 89.5084
2026/07/26 19:49:13 - mmengine - INFO - Iter(train) [ 82700/160000]  lr: 4.2045e-02  eta: 8:11:24  time: 0.3791  data_time: 0.0267  memory: 10143  loss: 1.1910  decode.loss_ohem: 0.8334  decode.acc_seg: 93.6560  aux_0.loss_ce: 0.3576  aux_0.acc_seg: 91.4018
2026/07/26 19:49:51 - mmengine - INFO - Iter(train) [ 82800/160000]  lr: 4.1996e-02  eta: 8:10:46  time: 0.3795  data_time: 0.0273  memory: 10142  loss: 1.0397  decode.loss_ohem: 0.7486  decode.acc_seg: 94.0822  aux_0.loss_ce: 0.2911  aux_0.acc_seg: 91.7927
2026/07/26 19:50:29 - mmengine - INFO - Iter(train) [ 82900/160000]  lr: 4.1947e-02  eta: 8:10:07  time: 0.3796  data_time: 0.0271  memory: 10142  loss: 1.0395  decode.loss_ohem: 0.7187  decode.acc_seg: 92.5468  aux_0.loss_ce: 0.3208  aux_0.acc_seg: 87.5853
2026/07/26 19:51:07 - mmengine - INFO - Exp name: dsanet_cityscapes_512x1024_20260726_105627
2026/07/26 19:51:07 - mmengine - INFO - Iter(train) [ 83000/160000]  lr: 4.1898e-02  eta: 8:09:29  time: 0.3795  data_time: 0.0269  memory: 10146  loss: 1.1135  decode.loss_ohem: 0.7472  decode.acc_seg: 92.6633  aux_0.loss_ce: 0.3663  aux_0.acc_seg: 87.3917
2026/07/26 19:51:45 - mmengine - INFO - Iter(train) [ 83100/160000]  lr: 4.1849e-02  eta: 8:08:51  time: 0.3786  data_time: 0.0274  memory: 10142  loss: 1.0259  decode.loss_ohem: 0.7057  decode.acc_seg: 91.4415  aux_0.loss_ce: 0.3202  aux_0.acc_seg: 88.3792
2026/07/26 19:52:23 - mmengine - INFO - Iter(train) [ 83200/160000]  lr: 4.1800e-02  eta: 8:08:12  time: 0.3797  data_time: 0.0276  memory: 10142  loss: 1.0657  decode.loss_ohem: 0.7248  decode.acc_seg: 93.8779  aux_0.loss_ce: 0.3409  aux_0.acc_seg: 90.0704
2026/07/26 19:53:01 - mmengine - INFO - Iter(train) [ 83300/160000]  lr: 4.1751e-02  eta: 8:07:34  time: 0.3805  data_time: 0.0276  memory: 10143  loss: 1.0081  decode.loss_ohem: 0.6697  decode.acc_seg: 91.9590  aux_0.loss_ce: 0.3384  aux_0.acc_seg: 86.5976
2026/07/26 19:53:39 - mmengine - INFO - Iter(train) [ 83400/160000]  lr: 4.1702e-02  eta: 8:06:56  time: 0.3787  data_time: 0.0267  memory: 10143  loss: 1.1184  decode.loss_ohem: 0.7744  decode.acc_seg: 90.2834  aux_0.loss_ce: 0.3440  aux_0.acc_seg: 86.2744
2026/07/26 19:54:17 - mmengine - INFO - Iter(train) [ 83500/160000]  lr: 4.1653e-02  eta: 8:06:18  time: 0.3811  data_time: 0.0275  memory: 10142  loss: 1.0893  decode.loss_ohem: 0.7558  decode.acc_seg: 93.5963  aux_0.loss_ce: 0.3335  aux_0.acc_seg: 91.2490
2026/07/26 19:54:55 - mmengine - INFO - Iter(train) [ 83600/160000]  lr: 4.1604e-02  eta: 8:05:39  time: 0.3796  data_time: 0.0275  memory: 10143  loss: 1.1599  decode.loss_ohem: 0.8081  decode.acc_seg: 90.0287  aux_0.loss_ce: 0.3518  aux_0.acc_seg: 83.0440
2026/07/26 19:55:33 - mmengine - INFO - Iter(train) [ 83700/160000]  lr: 4.1555e-02  eta: 8:05:01  time: 0.3784  data_time: 0.0264  memory: 10144  loss: 1.1574  decode.loss_ohem: 0.7701  decode.acc_seg: 91.7044  aux_0.loss_ce: 0.3873  aux_0.acc_seg: 86.3289
2026/07/26 19:56:11 - mmengine - INFO - Iter(train) [ 83800/160000]  lr: 4.1506e-02  eta: 8:04:23  time: 0.3855  data_time: 0.0276  memory: 10142  loss: 1.3083  decode.loss_ohem: 0.9101  decode.acc_seg: 92.8877  aux_0.loss_ce: 0.3983  aux_0.acc_seg: 88.7588
2026/07/26 19:56:49 - mmengine - INFO - Iter(train) [ 83900/160000]  lr: 4.1457e-02  eta: 8:03:45  time: 0.3792  data_time: 0.0273  memory: 10143  loss: 1.1361  decode.loss_ohem: 0.7775  decode.acc_seg: 93.1490  aux_0.loss_ce: 0.3586  aux_0.acc_seg: 86.2358
2026/07/26 19:57:27 - mmengine - INFO - Exp name: dsanet_cityscapes_512x1024_20260726_105627
2026/07/26 19:57:27 - mmengine - INFO - Iter(train) [ 84000/160000]  lr: 4.1408e-02  eta: 8:03:06  time: 0.3809  data_time: 0.0275  memory: 10142  loss: 1.1587  decode.loss_ohem: 0.7976  decode.acc_seg: 93.3192  aux_0.loss_ce: 0.3611  aux_0.acc_seg: 88.5709
2026/07/26 19:58:05 - mmengine - INFO - Iter(train) [ 84100/160000]  lr: 4.1359e-02  eta: 8:02:28  time: 0.3813  data_time: 0.0279  memory: 10142  loss: 1.1131  decode.loss_ohem: 0.7791  decode.acc_seg: 90.6587  aux_0.loss_ce: 0.3339  aux_0.acc_seg: 87.1494
2026/07/26 19:58:43 - mmengine - INFO - Iter(train) [ 84200/160000]  lr: 4.1310e-02  eta: 8:01:50  time: 0.3810  data_time: 0.0274  memory: 10142  loss: 1.0877  decode.loss_ohem: 0.7164  decode.acc_seg: 90.0161  aux_0.loss_ce: 0.3713  aux_0.acc_seg: 84.2852
2026/07/26 19:59:21 - mmengine - INFO - Iter(train) [ 84300/160000]  lr: 4.1261e-02  eta: 8:01:12  time: 0.3767  data_time: 0.0273  memory: 10142  loss: 1.0348  decode.loss_ohem: 0.7258  decode.acc_seg: 90.8593  aux_0.loss_ce: 0.3090  aux_0.acc_seg: 87.8852
2026/07/26 19:59:59 - mmengine - INFO - Iter(train) [ 84400/160000]  lr: 4.1212e-02  eta: 8:00:33  time: 0.3814  data_time: 0.0265  memory: 10143  loss: 1.1205  decode.loss_ohem: 0.7706  decode.acc_seg: 91.2210  aux_0.loss_ce: 0.3499  aux_0.acc_seg: 86.4379
2026/07/26 20:00:37 - mmengine - INFO - Iter(train) [ 84500/160000]  lr: 4.1163e-02  eta: 7:59:55  time: 0.3786  data_time: 0.0272  memory: 10143  loss: 1.0791  decode.loss_ohem: 0.7419  decode.acc_seg: 91.7834  aux_0.loss_ce: 0.3372  aux_0.acc_seg: 86.1083
2026/07/26 20:01:16 - mmengine - INFO - Iter(train) [ 84600/160000]  lr: 4.1114e-02  eta: 7:59:17  time: 0.3827  data_time: 0.0273  memory: 10142  loss: 1.0892  decode.loss_ohem: 0.7505  decode.acc_seg: 90.4340  aux_0.loss_ce: 0.3387  aux_0.acc_seg: 87.5934
2026/07/26 20:01:53 - mmengine - INFO - Iter(train) [ 84700/160000]  lr: 4.1065e-02  eta: 7:58:39  time: 0.3780  data_time: 0.0268  memory: 10144  loss: 1.0045  decode.loss_ohem: 0.6993  decode.acc_seg: 90.7540  aux_0.loss_ce: 0.3052  aux_0.acc_seg: 85.2518
2026/07/26 20:02:32 - mmengine - INFO - Iter(train) [ 84800/160000]  lr: 4.1016e-02  eta: 7:58:00  time: 0.3806  data_time: 0.0278  memory: 10142  loss: 1.1826  decode.loss_ohem: 0.8217  decode.acc_seg: 90.7028  aux_0.loss_ce: 0.3609  aux_0.acc_seg: 84.7859
2026/07/26 20:03:10 - mmengine - INFO - Iter(train) [ 84900/160000]  lr: 4.0966e-02  eta: 7:57:22  time: 0.3813  data_time: 0.0275  memory: 10141  loss: 1.1261  decode.loss_ohem: 0.7748  decode.acc_seg: 89.2233  aux_0.loss_ce: 0.3514  aux_0.acc_seg: 86.0599
2026/07/26 20:03:48 - mmengine - INFO - Exp name: dsanet_cityscapes_512x1024_20260726_105627
2026/07/26 20:03:48 - mmengine - INFO - Iter(train) [ 85000/160000]  lr: 4.0917e-02  eta: 7:56:44  time: 0.3797  data_time: 0.0267  memory: 10143  loss: 1.0552  decode.loss_ohem: 0.7286  decode.acc_seg: 85.1243  aux_0.loss_ce: 0.3266  aux_0.acc_seg: 78.7434
2026/07/26 20:03:48 - mmengine - INFO - Saving checkpoint at 85000 iterations
2026/07/26 20:03:59 - mmengine - INFO - Iter(val) [100/250]    eta: 0:00:15  time: 0.0998  data_time: 0.0359  memory: 835  
2026/07/26 20:04:09 - mmengine - INFO - Iter(val) [200/250]    eta: 0:00:05  time: 0.0976  data_time: 0.0201  memory: 835  
2026/07/26 20:04:13 - mmengine - INFO - per class results:
2026/07/26 20:04:13 - mmengine - INFO - 
+---------------+-------+-------+
|     Class     |  IoU  |  Acc  |
+---------------+-------+-------+
|      road     | 97.29 | 98.94 |
|    sidewalk   | 79.59 | 86.99 |
|    building   | 89.27 | 95.39 |
|      wall     | 32.94 | 35.64 |
|     fence     | 50.59 | 68.84 |
|      pole     | 55.29 | 65.85 |
| traffic light | 51.27 | 61.19 |
|  traffic sign | 66.23 | 75.63 |
|   vegetation  | 89.78 | 94.23 |
|    terrain    | 53.24 | 74.36 |
|      sky      | 91.88 | 97.51 |
|     person    | 73.52 | 86.55 |
|     rider     | 50.13 |  71.5 |
|      car      | 92.02 | 96.51 |
|     truck     | 57.14 | 72.95 |
|      bus      | 65.92 | 70.47 |
|     train     | 61.91 | 75.65 |
|   motorcycle  | 33.87 | 37.34 |
|    bicycle    | 67.53 | 81.93 |
+---------------+-------+-------+
2026/07/26 20:04:13 - mmengine - INFO - Iter(val) [250/250]    aAcc: 94.2500  mIoU: 66.2800  mAcc: 76.1800  data_time: 0.0255  time: 0.1009
2026/07/26 20:04:13 - mmengine - INFO - The previous best checkpoint /root/autodl-tmp/DSANet-main/tools/work_dirs/dsanet_cityscapes_512x1024/best_mIoU_iter_70000.pth is removed
2026/07/26 20:04:14 - mmengine - INFO - The best checkpoint with 66.2800 mIoU at 85000 iter is saved to best_mIoU_iter_85000.pth.
2026/07/26 20:04:52 - mmengine - INFO - Iter(train) [ 85100/160000]  lr: 4.0868e-02  eta: 7:56:06  time: 0.3795  data_time: 0.0268  memory: 10143  loss: 1.3121  decode.loss_ohem: 0.9291  decode.acc_seg: 90.7964  aux_0.loss_ce: 0.3830  aux_0.acc_seg: 86.7008
2026/07/26 20:05:30 - mmengine - INFO - Iter(train) [ 85200/160000]  lr: 4.0819e-02  eta: 7:55:28  time: 0.3799  data_time: 0.0275  memory: 10143  loss: 1.2129  decode.loss_ohem: 0.8324  decode.acc_seg: 90.2089  aux_0.loss_ce: 0.3804  aux_0.acc_seg: 85.8758
2026/07/26 20:06:08 - mmengine - INFO - Iter(train) [ 85300/160000]  lr: 4.0770e-02  eta: 7:54:50  time: 0.3811  data_time: 0.0273  memory: 10143  loss: 1.0919  decode.loss_ohem: 0.7178  decode.acc_seg: 92.5369  aux_0.loss_ce: 0.3741  aux_0.acc_seg: 87.2629
2026/07/26 20:06:46 - mmengine - INFO - Iter(train) [ 85400/160000]  lr: 4.0721e-02  eta: 7:54:11  time: 0.3822  data_time: 0.0282  memory: 10143  loss: 1.0522  decode.loss_ohem: 0.7133  decode.acc_seg: 91.5431  aux_0.loss_ce: 0.3389  aux_0.acc_seg: 87.7874
2026/07/26 20:07:24 - mmengine - INFO - Iter(train) [ 85500/160000]  lr: 4.0672e-02  eta: 7:53:33  time: 0.3794  data_time: 0.0274  memory: 10142  loss: 1.1217  decode.loss_ohem: 0.8078  decode.acc_seg: 93.9342  aux_0.loss_ce: 0.3139  aux_0.acc_seg: 90.0221
2026/07/26 20:08:02 - mmengine - INFO - Iter(train) [ 85600/160000]  lr: 4.0623e-02  eta: 7:52:55  time: 0.3820  data_time: 0.0279  memory: 10142  loss: 1.1305  decode.loss_ohem: 0.7838  decode.acc_seg: 92.0656  aux_0.loss_ce: 0.3467  aux_0.acc_seg: 86.6777
2026/07/26 20:08:40 - mmengine - INFO - Iter(train) [ 85700/160000]  lr: 4.0574e-02  eta: 7:52:17  time: 0.3809  data_time: 0.0272  memory: 10142  loss: 1.0928  decode.loss_ohem: 0.7429  decode.acc_seg: 91.5158  aux_0.loss_ce: 0.3499  aux_0.acc_seg: 87.1251
2026/07/26 20:09:18 - mmengine - INFO - Iter(train) [ 85800/160000]  lr: 4.0524e-02  eta: 7:51:39  time: 0.3798  data_time: 0.0270  memory: 10145  loss: 1.1390  decode.loss_ohem: 0.7869  decode.acc_seg: 92.8287  aux_0.loss_ce: 0.3521  aux_0.acc_seg: 84.4677
2026/07/26 20:09:56 - mmengine - INFO - Iter(train) [ 85900/160000]  lr: 4.0475e-02  eta: 7:51:00  time: 0.3798  data_time: 0.0267  memory: 10142  loss: 1.0463  decode.loss_ohem: 0.7513  decode.acc_seg: 93.2530  aux_0.loss_ce: 0.2950  aux_0.acc_seg: 92.0868
2026/07/26 20:10:34 - mmengine - INFO - Exp name: dsanet_cityscapes_512x1024_20260726_105627
2026/07/26 20:10:34 - mmengine - INFO - Iter(train) [ 86000/160000]  lr: 4.0426e-02  eta: 7:50:22  time: 0.3793  data_time: 0.0273  memory: 10142  loss: 1.1183  decode.loss_ohem: 0.7749  decode.acc_seg: 89.6113  aux_0.loss_ce: 0.3435  aux_0.acc_seg: 80.7225
2026/07/26 20:11:12 - mmengine - INFO - Iter(train) [ 86100/160000]  lr: 4.0377e-02  eta: 7:49:44  time: 0.3812  data_time: 0.0271  memory: 10142  loss: 1.0453  decode.loss_ohem: 0.6990  decode.acc_seg: 93.1776  aux_0.loss_ce: 0.3462  aux_0.acc_seg: 88.4256
2026/07/26 20:11:51 - mmengine - INFO - Iter(train) [ 86200/160000]  lr: 4.0328e-02  eta: 7:49:06  time: 0.3794  data_time: 0.0272  memory: 10142  loss: 1.1223  decode.loss_ohem: 0.7963  decode.acc_seg: 92.2070  aux_0.loss_ce: 0.3260  aux_0.acc_seg: 88.8751
2026/07/26 20:12:29 - mmengine - INFO - Iter(train) [ 86300/160000]  lr: 4.0279e-02  eta: 7:48:27  time: 0.3796  data_time: 0.0270  memory: 10141  loss: 0.9765  decode.loss_ohem: 0.6819  decode.acc_seg: 91.9246  aux_0.loss_ce: 0.2947  aux_0.acc_seg: 87.2751
2026/07/26 20:13:07 - mmengine - INFO - Iter(train) [ 86400/160000]  lr: 4.0230e-02  eta: 7:47:49  time: 0.3802  data_time: 0.0276  memory: 10141  loss: 1.1419  decode.loss_ohem: 0.7879  decode.acc_seg: 91.0660  aux_0.loss_ce: 0.3539  aux_0.acc_seg: 84.5727
2026/07/26 20:13:45 - mmengine - INFO - Iter(train) [ 86500/160000]  lr: 4.0180e-02  eta: 7:47:11  time: 0.3787  data_time: 0.0266  memory: 10143  loss: 1.2063  decode.loss_ohem: 0.8653  decode.acc_seg: 92.6142  aux_0.loss_ce: 0.3410  aux_0.acc_seg: 87.2293
2026/07/26 20:14:23 - mmengine - INFO - Iter(train) [ 86600/160000]  lr: 4.0131e-02  eta: 7:46:33  time: 0.3802  data_time: 0.0273  memory: 10142  loss: 0.9648  decode.loss_ohem: 0.6550  decode.acc_seg: 91.1468  aux_0.loss_ce: 0.3099  aux_0.acc_seg: 86.7884
2026/07/26 20:15:01 - mmengine - INFO - Iter(train) [ 86700/160000]  lr: 4.0082e-02  eta: 7:45:54  time: 0.3806  data_time: 0.0277  memory: 10142  loss: 1.1253  decode.loss_ohem: 0.7780  decode.acc_seg: 88.2174  aux_0.loss_ce: 0.3473  aux_0.acc_seg: 82.3889
2026/07/26 20:15:39 - mmengine - INFO - Iter(train) [ 86800/160000]  lr: 4.0033e-02  eta: 7:45:16  time: 0.3790  data_time: 0.0268  memory: 10142  loss: 1.0080  decode.loss_ohem: 0.7056  decode.acc_seg: 89.8881  aux_0.loss_ce: 0.3024  aux_0.acc_seg: 88.0606
2026/07/26 20:16:17 - mmengine - INFO - Iter(train) [ 86900/160000]  lr: 3.9984e-02  eta: 7:44:38  time: 0.3812  data_time: 0.0276  memory: 10142  loss: 1.2025  decode.loss_ohem: 0.8144  decode.acc_seg: 90.8103  aux_0.loss_ce: 0.3880  aux_0.acc_seg: 87.3460
2026/07/26 20:16:55 - mmengine - INFO - Exp name: dsanet_cityscapes_512x1024_20260726_105627
2026/07/26 20:16:55 - mmengine - INFO - Iter(train) [ 87000/160000]  lr: 3.9934e-02  eta: 7:44:00  time: 0.3806  data_time: 0.0279  memory: 10142  loss: 1.0782  decode.loss_ohem: 0.7272  decode.acc_seg: 92.1543  aux_0.loss_ce: 0.3509  aux_0.acc_seg: 90.3137
2026/07/26 20:17:33 - mmengine - INFO - Iter(train) [ 87100/160000]  lr: 3.9885e-02  eta: 7:43:22  time: 0.3803  data_time: 0.0273  memory: 10142  loss: 1.1878  decode.loss_ohem: 0.8105  decode.acc_seg: 90.6142  aux_0.loss_ce: 0.3774  aux_0.acc_seg: 85.6189
2026/07/26 20:18:11 - mmengine - INFO - Iter(train) [ 87200/160000]  lr: 3.9836e-02  eta: 7:42:43  time: 0.3800  data_time: 0.0276  memory: 10142  loss: 1.0845  decode.loss_ohem: 0.7400  decode.acc_seg: 90.9126  aux_0.loss_ce: 0.3445  aux_0.acc_seg: 85.7642
2026/07/26 20:18:49 - mmengine - INFO - Iter(train) [ 87300/160000]  lr: 3.9787e-02  eta: 7:42:05  time: 0.3816  data_time: 0.0278  memory: 10143  loss: 1.1981  decode.loss_ohem: 0.8210  decode.acc_seg: 88.5878  aux_0.loss_ce: 0.3771  aux_0.acc_seg: 82.6637
2026/07/26 20:19:27 - mmengine - INFO - Iter(train) [ 87400/160000]  lr: 3.9737e-02  eta: 7:41:27  time: 0.3801  data_time: 0.0274  memory: 10142  loss: 1.0668  decode.loss_ohem: 0.7358  decode.acc_seg: 90.8153  aux_0.loss_ce: 0.3310  aux_0.acc_seg: 89.1995
2026/07/26 20:20:05 - mmengine - INFO - Iter(train) [ 87500/160000]  lr: 3.9688e-02  eta: 7:40:49  time: 0.3794  data_time: 0.0271  memory: 10143  loss: 1.1214  decode.loss_ohem: 0.7833  decode.acc_seg: 93.5569  aux_0.loss_ce: 0.3381  aux_0.acc_seg: 89.7768
2026/07/26 20:20:43 - mmengine - INFO - Iter(train) [ 87600/160000]  lr: 3.9639e-02  eta: 7:40:10  time: 0.3794  data_time: 0.0265  memory: 10141  loss: 1.0409  decode.loss_ohem: 0.7343  decode.acc_seg: 92.7337  aux_0.loss_ce: 0.3067  aux_0.acc_seg: 90.0129
2026/07/26 20:21:21 - mmengine - INFO - Iter(train) [ 87700/160000]  lr: 3.9590e-02  eta: 7:39:32  time: 0.3801  data_time: 0.0268  memory: 10142  loss: 1.1512  decode.loss_ohem: 0.8051  decode.acc_seg: 90.2585  aux_0.loss_ce: 0.3461  aux_0.acc_seg: 86.7044
2026/07/26 20:21:59 - mmengine - INFO - Iter(train) [ 87800/160000]  lr: 3.9540e-02  eta: 7:38:54  time: 0.3809  data_time: 0.0278  memory: 10142  loss: 1.0163  decode.loss_ohem: 0.6773  decode.acc_seg: 93.2192  aux_0.loss_ce: 0.3390  aux_0.acc_seg: 87.9995
2026/07/26 20:22:37 - mmengine - INFO - Iter(train) [ 87900/160000]  lr: 3.9491e-02  eta: 7:38:16  time: 0.3810  data_time: 0.0275  memory: 10143  loss: 1.0700  decode.loss_ohem: 0.7324  decode.acc_seg: 91.8243  aux_0.loss_ce: 0.3376  aux_0.acc_seg: 89.0142
2026/07/26 20:23:15 - mmengine - INFO - Exp name: dsanet_cityscapes_512x1024_20260726_105627
2026/07/26 20:23:15 - mmengine - INFO - Iter(train) [ 88000/160000]  lr: 3.9442e-02  eta: 7:37:37  time: 0.3799  data_time: 0.0267  memory: 10143  loss: 1.1784  decode.loss_ohem: 0.8375  decode.acc_seg: 89.1785  aux_0.loss_ce: 0.3408  aux_0.acc_seg: 85.6336
2026/07/26 20:23:53 - mmengine - INFO - Iter(train) [ 88100/160000]  lr: 3.9392e-02  eta: 7:36:59  time: 0.3802  data_time: 0.0274  memory: 10142  loss: 1.1396  decode.loss_ohem: 0.7792  decode.acc_seg: 89.6216  aux_0.loss_ce: 0.3604  aux_0.acc_seg: 83.2216
2026/07/26 20:24:31 - mmengine - INFO - Iter(train) [ 88200/160000]  lr: 3.9343e-02  eta: 7:36:21  time: 0.3807  data_time: 0.0274  memory: 10143  loss: 1.0229  decode.loss_ohem: 0.7083  decode.acc_seg: 93.6840  aux_0.loss_ce: 0.3146  aux_0.acc_seg: 89.5234
2026/07/26 20:25:09 - mmengine - INFO - Iter(train) [ 88300/160000]  lr: 3.9294e-02  eta: 7:35:43  time: 0.3822  data_time: 0.0279  memory: 10142  loss: 1.1047  decode.loss_ohem: 0.7400  decode.acc_seg: 90.6935  aux_0.loss_ce: 0.3648  aux_0.acc_seg: 83.7781
2026/07/26 20:25:48 - mmengine - INFO - Iter(train) [ 88400/160000]  lr: 3.9245e-02  eta: 7:35:05  time: 0.3812  data_time: 0.0277  memory: 10142  loss: 0.9435  decode.loss_ohem: 0.6335  decode.acc_seg: 90.7040  aux_0.loss_ce: 0.3100  aux_0.acc_seg: 87.7034
2026/07/26 20:26:26 - mmengine - INFO - Iter(train) [ 88500/160000]  lr: 3.9195e-02  eta: 7:34:26  time: 0.3799  data_time: 0.0271  memory: 10141  loss: 1.0618  decode.loss_ohem: 0.7227  decode.acc_seg: 91.1801  aux_0.loss_ce: 0.3390  aux_0.acc_seg: 85.9831
2026/07/26 20:27:04 - mmengine - INFO - Iter(train) [ 88600/160000]  lr: 3.9146e-02  eta: 7:33:48  time: 0.3806  data_time: 0.0278  memory: 10143  loss: 1.1375  decode.loss_ohem: 0.7866  decode.acc_seg: 94.2379  aux_0.loss_ce: 0.3509  aux_0.acc_seg: 91.4766
2026/07/26 20:27:42 - mmengine - INFO - Iter(train) [ 88700/160000]  lr: 3.9097e-02  eta: 7:33:10  time: 0.3807  data_time: 0.0275  memory: 10142  loss: 1.0955  decode.loss_ohem: 0.7597  decode.acc_seg: 93.9480  aux_0.loss_ce: 0.3358  aux_0.acc_seg: 91.1483
2026/07/26 20:28:20 - mmengine - INFO - Iter(train) [ 88800/160000]  lr: 3.9047e-02  eta: 7:32:32  time: 0.3798  data_time: 0.0266  memory: 10143  loss: 1.0579  decode.loss_ohem: 0.7232  decode.acc_seg: 94.8558  aux_0.loss_ce: 0.3347  aux_0.acc_seg: 91.0554
2026/07/26 20:28:58 - mmengine - INFO - Iter(train) [ 88900/160000]  lr: 3.8998e-02  eta: 7:31:54  time: 0.3813  data_time: 0.0277  memory: 10141  loss: 1.0530  decode.loss_ohem: 0.7398  decode.acc_seg: 91.5314  aux_0.loss_ce: 0.3133  aux_0.acc_seg: 86.0321
2026/07/26 20:29:36 - mmengine - INFO - Exp name: dsanet_cityscapes_512x1024_20260726_105627
2026/07/26 20:29:36 - mmengine - INFO - Iter(train) [ 89000/160000]  lr: 3.8949e-02  eta: 7:31:15  time: 0.3797  data_time: 0.0267  memory: 10142  loss: 1.0923  decode.loss_ohem: 0.7711  decode.acc_seg: 91.3231  aux_0.loss_ce: 0.3211  aux_0.acc_seg: 85.3462
2026/07/26 20:30:14 - mmengine - INFO - Iter(train) [ 89100/160000]  lr: 3.8899e-02  eta: 7:30:37  time: 0.3785  data_time: 0.0265  memory: 10143  loss: 1.1042  decode.loss_ohem: 0.7722  decode.acc_seg: 90.3069  aux_0.loss_ce: 0.3320  aux_0.acc_seg: 87.4504
2026/07/26 20:30:52 - mmengine - INFO - Iter(train) [ 89200/160000]  lr: 3.8850e-02  eta: 7:29:59  time: 0.3807  data_time: 0.0275  memory: 10142  loss: 1.0894  decode.loss_ohem: 0.7345  decode.acc_seg: 91.8772  aux_0.loss_ce: 0.3549  aux_0.acc_seg: 85.4354
2026/07/26 20:31:30 - mmengine - INFO - Iter(train) [ 89300/160000]  lr: 3.8800e-02  eta: 7:29:21  time: 0.3804  data_time: 0.0272  memory: 10143  loss: 1.1148  decode.loss_ohem: 0.7962  decode.acc_seg: 90.9057  aux_0.loss_ce: 0.3186  aux_0.acc_seg: 86.9620
2026/07/26 20:32:08 - mmengine - INFO - Iter(train) [ 89400/160000]  lr: 3.8751e-02  eta: 7:28:43  time: 0.3803  data_time: 0.0272  memory: 10145  loss: 1.1701  decode.loss_ohem: 0.7669  decode.acc_seg: 89.3873  aux_0.loss_ce: 0.4032  aux_0.acc_seg: 83.8403
2026/07/26 20:32:46 - mmengine - INFO - Iter(train) [ 89500/160000]  lr: 3.8702e-02  eta: 7:28:04  time: 0.3801  data_time: 0.0274  memory: 10142  loss: 1.1183  decode.loss_ohem: 0.7753  decode.acc_seg: 92.6026  aux_0.loss_ce: 0.3429  aux_0.acc_seg: 89.2808
2026/07/26 20:33:24 - mmengine - INFO - Iter(train) [ 89600/160000]  lr: 3.8652e-02  eta: 7:27:26  time: 0.3811  data_time: 0.0275  memory: 10144  loss: 1.0901  decode.loss_ohem: 0.7600  decode.acc_seg: 91.2425  aux_0.loss_ce: 0.3301  aux_0.acc_seg: 86.8021
2026/07/26 20:34:02 - mmengine - INFO - Iter(train) [ 89700/160000]  lr: 3.8603e-02  eta: 7:26:48  time: 0.3805  data_time: 0.0269  memory: 10143  loss: 1.1849  decode.loss_ohem: 0.8123  decode.acc_seg: 87.2048  aux_0.loss_ce: 0.3726  aux_0.acc_seg: 81.1382
2026/07/26 20:34:40 - mmengine - INFO - Iter(train) [ 89800/160000]  lr: 3.8553e-02  eta: 7:26:10  time: 0.3803  data_time: 0.0272  memory: 10143  loss: 1.0940  decode.loss_ohem: 0.7512  decode.acc_seg: 92.1195  aux_0.loss_ce: 0.3428  aux_0.acc_seg: 89.8947
2026/07/26 20:35:19 - mmengine - INFO - Iter(train) [ 89900/160000]  lr: 3.8504e-02  eta: 7:25:32  time: 0.3794  data_time: 0.0271  memory: 10142  loss: 1.1055  decode.loss_ohem: 0.7825  decode.acc_seg: 85.6833  aux_0.loss_ce: 0.3230  aux_0.acc_seg: 81.5743
2026/07/26 20:35:57 - mmengine - INFO - Exp name: dsanet_cityscapes_512x1024_20260726_105627
2026/07/26 20:35:57 - mmengine - INFO - Iter(train) [ 90000/160000]  lr: 3.8455e-02  eta: 7:24:53  time: 0.3789  data_time: 0.0264  memory: 10141  loss: 1.1257  decode.loss_ohem: 0.7816  decode.acc_seg: 91.2164  aux_0.loss_ce: 0.3441  aux_0.acc_seg: 86.5448
2026/07/26 20:35:57 - mmengine - INFO - Saving checkpoint at 90000 iterations
2026/07/26 20:36:07 - mmengine - INFO - Iter(val) [100/250]    eta: 0:00:15  time: 0.0998  data_time: 0.0250  memory: 835  
2026/07/26 20:36:17 - mmengine - INFO - Iter(val) [200/250]    eta: 0:00:05  time: 0.1007  data_time: 0.0102  memory: 835  
2026/07/26 20:36:22 - mmengine - INFO - per class results:
2026/07/26 20:36:22 - mmengine - INFO - 
+---------------+-------+-------+
|     Class     |  IoU  |  Acc  |
+---------------+-------+-------+
|      road     | 97.48 | 98.64 |
|    sidewalk   | 80.71 |  88.8 |
|    building   | 89.07 | 94.65 |
|      wall     | 45.56 | 54.23 |
|     fence     | 47.71 | 59.88 |
|      pole     | 56.43 | 68.63 |
| traffic light | 55.39 | 70.31 |
|  traffic sign | 68.44 | 78.73 |
|   vegetation  | 90.79 | 95.51 |
|    terrain    | 59.06 | 68.01 |
|      sky      | 92.32 | 96.56 |
|     person    | 74.25 | 88.38 |
|     rider     | 53.14 | 68.95 |
|      car      | 92.02 | 96.77 |
|     truck     |  54.2 |  63.6 |
|      bus      | 69.23 | 90.76 |
|     train     | 27.92 |  72.4 |
|   motorcycle  |  38.4 |  41.8 |
|    bicycle    |  68.1 | 84.45 |
+---------------+-------+-------+
2026/07/26 20:36:22 - mmengine - INFO - Iter(val) [250/250]    aAcc: 94.4600  mIoU: 66.3300  mAcc: 77.9500  data_time: 0.0309  time: 0.1017
2026/07/26 20:36:22 - mmengine - INFO - The previous best checkpoint /root/autodl-tmp/DSANet-main/tools/work_dirs/dsanet_cityscapes_512x1024/best_mIoU_iter_85000.pth is removed
2026/07/26 20:36:23 - mmengine - INFO - The best checkpoint with 66.3300 mIoU at 90000 iter is saved to best_mIoU_iter_90000.pth.
2026/07/26 20:37:01 - mmengine - INFO - Iter(train) [ 90100/160000]  lr: 3.8405e-02  eta: 7:24:16  time: 0.3783  data_time: 0.0264  memory: 10142  loss: 1.1454  decode.loss_ohem: 0.7862  decode.acc_seg: 91.8505  aux_0.loss_ce: 0.3592  aux_0.acc_seg: 88.4863
2026/07/26 20:37:39 - mmengine - INFO - Iter(train) [ 90200/160000]  lr: 3.8356e-02  eta: 7:23:37  time: 0.3792  data_time: 0.0264  memory: 10142  loss: 1.0696  decode.loss_ohem: 0.7397  decode.acc_seg: 94.2416  aux_0.loss_ce: 0.3299  aux_0.acc_seg: 89.4331
2026/07/26 20:38:17 - mmengine - INFO - Iter(train) [ 90300/160000]  lr: 3.8306e-02  eta: 7:22:59  time: 0.3806  data_time: 0.0271  memory: 10142  loss: 1.1186  decode.loss_ohem: 0.7962  decode.acc_seg: 92.1311  aux_0.loss_ce: 0.3225  aux_0.acc_seg: 87.6830
2026/07/26 20:38:55 - mmengine - INFO - Iter(train) [ 90400/160000]  lr: 3.8257e-02  eta: 7:22:21  time: 0.3794  data_time: 0.0272  memory: 10142  loss: 1.0950  decode.loss_ohem: 0.7735  decode.acc_seg: 92.8271  aux_0.loss_ce: 0.3215  aux_0.acc_seg: 87.6335
2026/07/26 20:39:33 - mmengine - INFO - Iter(train) [ 90500/160000]  lr: 3.8207e-02  eta: 7:21:43  time: 0.3810  data_time: 0.0271  memory: 10143  loss: 1.0544  decode.loss_ohem: 0.7220  decode.acc_seg: 93.7876  aux_0.loss_ce: 0.3323  aux_0.acc_seg: 90.3426
2026/07/26 20:40:11 - mmengine - INFO - Iter(train) [ 90600/160000]  lr: 3.8158e-02  eta: 7:21:04  time: 0.3811  data_time: 0.0274  memory: 10143  loss: 1.0361  decode.loss_ohem: 0.6944  decode.acc_seg: 93.7828  aux_0.loss_ce: 0.3417  aux_0.acc_seg: 89.4101
2026/07/26 20:40:49 - mmengine - INFO - Iter(train) [ 90700/160000]  lr: 3.8108e-02  eta: 7:20:26  time: 0.3800  data_time: 0.0276  memory: 10141  loss: 1.0670  decode.loss_ohem: 0.7522  decode.acc_seg: 89.4445  aux_0.loss_ce: 0.3148  aux_0.acc_seg: 86.8822
2026/07/26 20:41:27 - mmengine - INFO - Iter(train) [ 90800/160000]  lr: 3.8059e-02  eta: 7:19:48  time: 0.3803  data_time: 0.0273  memory: 10142  loss: 1.0743  decode.loss_ohem: 0.7377  decode.acc_seg: 91.4854  aux_0.loss_ce: 0.3366  aux_0.acc_seg: 86.7832
2026/07/26 20:42:05 - mmengine - INFO - Iter(train) [ 90900/160000]  lr: 3.8009e-02  eta: 7:19:10  time: 0.3815  data_time: 0.0277  memory: 10143  loss: 1.0706  decode.loss_ohem: 0.7338  decode.acc_seg: 93.7743  aux_0.loss_ce: 0.3368  aux_0.acc_seg: 86.5290
2026/07/26 20:42:43 - mmengine - INFO - Exp name: dsanet_cityscapes_512x1024_20260726_105627
2026/07/26 20:42:43 - mmengine - INFO - Iter(train) [ 91000/160000]  lr: 3.7960e-02  eta: 7:18:32  time: 0.3804  data_time: 0.0272  memory: 10142  loss: 1.0403  decode.loss_ohem: 0.7076  decode.acc_seg: 93.5642  aux_0.loss_ce: 0.3327  aux_0.acc_seg: 90.4892
2026/07/26 20:43:22 - mmengine - INFO - Iter(train) [ 91100/160000]  lr: 3.7910e-02  eta: 7:17:53  time: 0.3807  data_time: 0.0272  memory: 10142  loss: 1.1046  decode.loss_ohem: 0.7491  decode.acc_seg: 92.2771  aux_0.loss_ce: 0.3555  aux_0.acc_seg: 87.9453
2026/07/26 20:44:00 - mmengine - INFO - Iter(train) [ 91200/160000]  lr: 3.7861e-02  eta: 7:17:15  time: 0.3786  data_time: 0.0273  memory: 10143  loss: 0.9784  decode.loss_ohem: 0.6804  decode.acc_seg: 93.2240  aux_0.loss_ce: 0.2980  aux_0.acc_seg: 88.3901
2026/07/26 20:44:38 - mmengine - INFO - Iter(train) [ 91300/160000]  lr: 3.7811e-02  eta: 7:16:37  time: 0.3805  data_time: 0.0277  memory: 10142  loss: 1.0317  decode.loss_ohem: 0.7123  decode.acc_seg: 93.6273  aux_0.loss_ce: 0.3193  aux_0.acc_seg: 89.1441
2026/07/26 20:45:16 - mmengine - INFO - Iter(train) [ 91400/160000]  lr: 3.7762e-02  eta: 7:15:59  time: 0.3802  data_time: 0.0275  memory: 10143  loss: 1.1260  decode.loss_ohem: 0.7550  decode.acc_seg: 87.5997  aux_0.loss_ce: 0.3710  aux_0.acc_seg: 80.8766
2026/07/26 20:45:54 - mmengine - INFO - Iter(train) [ 91500/160000]  lr: 3.7712e-02  eta: 7:15:20  time: 0.3799  data_time: 0.0275  memory: 10143  loss: 1.0992  decode.loss_ohem: 0.7741  decode.acc_seg: 91.8026  aux_0.loss_ce: 0.3251  aux_0.acc_seg: 88.4979
2026/07/26 20:46:32 - mmengine - INFO - Iter(train) [ 91600/160000]  lr: 3.7663e-02  eta: 7:14:42  time: 0.3792  data_time: 0.0272  memory: 10143  loss: 1.1287  decode.loss_ohem: 0.7815  decode.acc_seg: 92.0333  aux_0.loss_ce: 0.3472  aux_0.acc_seg: 89.4480
2026/07/26 20:47:10 - mmengine - INFO - Iter(train) [ 91700/160000]  lr: 3.7613e-02  eta: 7:14:04  time: 0.3797  data_time: 0.0272  memory: 10142  loss: 1.0648  decode.loss_ohem: 0.7278  decode.acc_seg: 90.6448  aux_0.loss_ce: 0.3369  aux_0.acc_seg: 84.9690
2026/07/26 20:47:48 - mmengine - INFO - Iter(train) [ 91800/160000]  lr: 3.7564e-02  eta: 7:13:26  time: 0.3805  data_time: 0.0274  memory: 10143  loss: 1.0273  decode.loss_ohem: 0.7339  decode.acc_seg: 94.1666  aux_0.loss_ce: 0.2935  aux_0.acc_seg: 88.7713
2026/07/26 20:48:26 - mmengine - INFO - Iter(train) [ 91900/160000]  lr: 3.7514e-02  eta: 7:12:48  time: 0.3797  data_time: 0.0274  memory: 10143  loss: 1.0097  decode.loss_ohem: 0.7073  decode.acc_seg: 92.1342  aux_0.loss_ce: 0.3024  aux_0.acc_seg: 87.3872
2026/07/26 20:49:04 - mmengine - INFO - Exp name: dsanet_cityscapes_512x1024_20260726_105627
2026/07/26 20:49:04 - mmengine - INFO - Iter(train) [ 92000/160000]  lr: 3.7465e-02  eta: 7:12:09  time: 0.3809  data_time: 0.0278  memory: 10141  loss: 1.0404  decode.loss_ohem: 0.7303  decode.acc_seg: 93.9287  aux_0.loss_ce: 0.3101  aux_0.acc_seg: 91.7503
2026/07/26 20:49:42 - mmengine - INFO - Iter(train) [ 92100/160000]  lr: 3.7415e-02  eta: 7:11:31  time: 0.3803  data_time: 0.0275  memory: 10143  loss: 1.0578  decode.loss_ohem: 0.7146  decode.acc_seg: 92.0367  aux_0.loss_ce: 0.3433  aux_0.acc_seg: 89.2600
2026/07/26 20:50:20 - mmengine - INFO - Iter(train) [ 92200/160000]  lr: 3.7365e-02  eta: 7:10:53  time: 0.3799  data_time: 0.0272  memory: 10141  loss: 1.0056  decode.loss_ohem: 0.6960  decode.acc_seg: 92.7836  aux_0.loss_ce: 0.3096  aux_0.acc_seg: 86.2870
2026/07/26 20:50:58 - mmengine - INFO - Iter(train) [ 92300/160000]  lr: 3.7316e-02  eta: 7:10:15  time: 0.3802  data_time: 0.0276  memory: 10142  loss: 1.1357  decode.loss_ohem: 0.7685  decode.acc_seg: 93.7177  aux_0.loss_ce: 0.3672  aux_0.acc_seg: 88.9117
2026/07/26 20:51:36 - mmengine - INFO - Iter(train) [ 92400/160000]  lr: 3.7266e-02  eta: 7:09:36  time: 0.3813  data_time: 0.0284  memory: 10143  loss: 1.0509  decode.loss_ohem: 0.6986  decode.acc_seg: 93.5747  aux_0.loss_ce: 0.3523  aux_0.acc_seg: 89.8238
2026/07/26 20:52:14 - mmengine - INFO - Iter(train) [ 92500/160000]  lr: 3.7217e-02  eta: 7:08:58  time: 0.3822  data_time: 0.0273  memory: 10142  loss: 1.0575  decode.loss_ohem: 0.7111  decode.acc_seg: 91.3280  aux_0.loss_ce: 0.3464  aux_0.acc_seg: 90.2200
2026/07/26 20:52:52 - mmengine - INFO - Iter(train) [ 92600/160000]  lr: 3.7167e-02  eta: 7:08:20  time: 0.3809  data_time: 0.0274  memory: 10142  loss: 1.0582  decode.loss_ohem: 0.7536  decode.acc_seg: 90.8545  aux_0.loss_ce: 0.3047  aux_0.acc_seg: 87.1064
2026/07/26 20:53:30 - mmengine - INFO - Iter(train) [ 92700/160000]  lr: 3.7117e-02  eta: 7:07:42  time: 0.3804  data_time: 0.0268  memory: 10142  loss: 1.0450  decode.loss_ohem: 0.7315  decode.acc_seg: 92.7976  aux_0.loss_ce: 0.3135  aux_0.acc_seg: 86.3143
2026/07/26 20:54:08 - mmengine - INFO - Iter(train) [ 92800/160000]  lr: 3.7068e-02  eta: 7:07:04  time: 0.3805  data_time: 0.0270  memory: 10143  loss: 1.0697  decode.loss_ohem: 0.7433  decode.acc_seg: 90.4882  aux_0.loss_ce: 0.3265  aux_0.acc_seg: 87.7921
2026/07/26 20:54:46 - mmengine - INFO - Iter(train) [ 92900/160000]  lr: 3.7018e-02  eta: 7:06:26  time: 0.3786  data_time: 0.0276  memory: 10142  loss: 1.1604  decode.loss_ohem: 0.8106  decode.acc_seg: 88.3940  aux_0.loss_ce: 0.3498  aux_0.acc_seg: 83.8623
2026/07/26 20:55:24 - mmengine - INFO - Exp name: dsanet_cityscapes_512x1024_20260726_105627
2026/07/26 20:55:24 - mmengine - INFO - Iter(train) [ 93000/160000]  lr: 3.6968e-02  eta: 7:05:47  time: 0.3797  data_time: 0.0273  memory: 10141  loss: 1.0858  decode.loss_ohem: 0.7716  decode.acc_seg: 90.9213  aux_0.loss_ce: 0.3142  aux_0.acc_seg: 85.8806
2026/07/26 20:56:02 - mmengine - INFO - Iter(train) [ 93100/160000]  lr: 3.6919e-02  eta: 7:05:09  time: 0.3805  data_time: 0.0276  memory: 10142  loss: 1.1051  decode.loss_ohem: 0.7231  decode.acc_seg: 93.0030  aux_0.loss_ce: 0.3819  aux_0.acc_seg: 87.8539
2026/07/26 20:56:40 - mmengine - INFO - Iter(train) [ 93200/160000]  lr: 3.6869e-02  eta: 7:04:31  time: 0.3798  data_time: 0.0275  memory: 10141  loss: 1.1296  decode.loss_ohem: 0.7785  decode.acc_seg: 93.2039  aux_0.loss_ce: 0.3510  aux_0.acc_seg: 91.3264
2026/07/26 20:57:18 - mmengine - INFO - Iter(train) [ 93300/160000]  lr: 3.6820e-02  eta: 7:03:53  time: 0.3812  data_time: 0.0278  memory: 10141  loss: 1.1268  decode.loss_ohem: 0.7739  decode.acc_seg: 89.6888  aux_0.loss_ce: 0.3529  aux_0.acc_seg: 86.0718
2026/07/26 20:57:56 - mmengine - INFO - Iter(train) [ 93400/160000]  lr: 3.6770e-02  eta: 7:03:14  time: 0.3806  data_time: 0.0276  memory: 10142  loss: 1.0394  decode.loss_ohem: 0.7277  decode.acc_seg: 93.0729  aux_0.loss_ce: 0.3116  aux_0.acc_seg: 88.4696
2026/07/26 20:58:34 - mmengine - INFO - Iter(train) [ 93500/160000]  lr: 3.6720e-02  eta: 7:02:36  time: 0.3801  data_time: 0.0276  memory: 10142  loss: 1.2357  decode.loss_ohem: 0.8266  decode.acc_seg: 88.3632  aux_0.loss_ce: 0.4091  aux_0.acc_seg: 84.8185
2026/07/26 20:59:12 - mmengine - INFO - Iter(train) [ 93600/160000]  lr: 3.6670e-02  eta: 7:01:58  time: 0.3802  data_time: 0.0270  memory: 10143  loss: 0.9407  decode.loss_ohem: 0.6198  decode.acc_seg: 91.9086  aux_0.loss_ce: 0.3209  aux_0.acc_seg: 85.6654
2026/07/26 20:59:50 - mmengine - INFO - Iter(train) [ 93700/160000]  lr: 3.6621e-02  eta: 7:01:20  time: 0.3801  data_time: 0.0270  memory: 10142  loss: 1.0978  decode.loss_ohem: 0.7711  decode.acc_seg: 91.5021  aux_0.loss_ce: 0.3267  aux_0.acc_seg: 88.7522
2026/07/26 21:00:29 - mmengine - INFO - Iter(train) [ 93800/160000]  lr: 3.6571e-02  eta: 7:00:42  time: 0.3814  data_time: 0.0277  memory: 10145  loss: 1.0947  decode.loss_ohem: 0.7253  decode.acc_seg: 91.8985  aux_0.loss_ce: 0.3694  aux_0.acc_seg: 87.4516
2026/07/26 21:01:07 - mmengine - INFO - Iter(train) [ 93900/160000]  lr: 3.6521e-02  eta: 7:00:03  time: 0.3805  data_time: 0.0276  memory: 10141  loss: 1.1060  decode.loss_ohem: 0.7941  decode.acc_seg: 93.1767  aux_0.loss_ce: 0.3119  aux_0.acc_seg: 86.9015
2026/07/26 21:01:45 - mmengine - INFO - Exp name: dsanet_cityscapes_512x1024_20260726_105627
2026/07/26 21:01:45 - mmengine - INFO - Iter(train) [ 94000/160000]  lr: 3.6472e-02  eta: 6:59:25  time: 0.3802  data_time: 0.0274  memory: 10141  loss: 1.0181  decode.loss_ohem: 0.7139  decode.acc_seg: 91.0464  aux_0.loss_ce: 0.3042  aux_0.acc_seg: 83.0025
2026/07/26 21:02:23 - mmengine - INFO - Iter(train) [ 94100/160000]  lr: 3.6422e-02  eta: 6:58:47  time: 0.3811  data_time: 0.0271  memory: 10142  loss: 1.1228  decode.loss_ohem: 0.7722  decode.acc_seg: 91.8266  aux_0.loss_ce: 0.3507  aux_0.acc_seg: 84.7797
2026/07/26 21:03:01 - mmengine - INFO - Iter(train) [ 94200/160000]  lr: 3.6372e-02  eta: 6:58:09  time: 0.3802  data_time: 0.0276  memory: 10143  loss: 1.0029  decode.loss_ohem: 0.7078  decode.acc_seg: 93.2298  aux_0.loss_ce: 0.2951  aux_0.acc_seg: 88.5795
2026/07/26 21:03:39 - mmengine - INFO - Iter(train) [ 94300/160000]  lr: 3.6322e-02  eta: 6:57:31  time: 0.3800  data_time: 0.0273  memory: 10143  loss: 1.1375  decode.loss_ohem: 0.7948  decode.acc_seg: 89.2240  aux_0.loss_ce: 0.3427  aux_0.acc_seg: 84.8734
2026/07/26 21:04:17 - mmengine - INFO - Iter(train) [ 94400/160000]  lr: 3.6273e-02  eta: 6:56:52  time: 0.3758  data_time: 0.0278  memory: 10141  loss: 1.1213  decode.loss_ohem: 0.7582  decode.acc_seg: 90.5904  aux_0.loss_ce: 0.3631  aux_0.acc_seg: 85.7618
2026/07/26 21:04:55 - mmengine - INFO - Iter(train) [ 94500/160000]  lr: 3.6223e-02  eta: 6:56:14  time: 0.3833  data_time: 0.0273  memory: 10144  loss: 1.0786  decode.loss_ohem: 0.7392  decode.acc_seg: 91.5442  aux_0.loss_ce: 0.3395  aux_0.acc_seg: 88.0805
2026/07/26 21:05:33 - mmengine - INFO - Iter(train) [ 94600/160000]  lr: 3.6173e-02  eta: 6:55:36  time: 0.3805  data_time: 0.0273  memory: 10142  loss: 1.0295  decode.loss_ohem: 0.7308  decode.acc_seg: 93.5150  aux_0.loss_ce: 0.2986  aux_0.acc_seg: 89.7510
2026/07/26 21:06:11 - mmengine - INFO - Iter(train) [ 94700/160000]  lr: 3.6123e-02  eta: 6:54:58  time: 0.3805  data_time: 0.0274  memory: 10143  loss: 1.0938  decode.loss_ohem: 0.7734  decode.acc_seg: 94.8542  aux_0.loss_ce: 0.3204  aux_0.acc_seg: 89.2706
2026/07/26 21:06:49 - mmengine - INFO - Iter(train) [ 94800/160000]  lr: 3.6074e-02  eta: 6:54:20  time: 0.3793  data_time: 0.0274  memory: 10142  loss: 1.0319  decode.loss_ohem: 0.7364  decode.acc_seg: 94.1768  aux_0.loss_ce: 0.2956  aux_0.acc_seg: 91.7728
2026/07/26 21:07:27 - mmengine - INFO - Iter(train) [ 94900/160000]  lr: 3.6024e-02  eta: 6:53:41  time: 0.3796  data_time: 0.0272  memory: 10142  loss: 1.0035  decode.loss_ohem: 0.6795  decode.acc_seg: 94.1224  aux_0.loss_ce: 0.3239  aux_0.acc_seg: 90.7143
2026/07/26 21:08:05 - mmengine - INFO - Exp name: dsanet_cityscapes_512x1024_20260726_105627
2026/07/26 21:08:05 - mmengine - INFO - Iter(train) [ 95000/160000]  lr: 3.5974e-02  eta: 6:53:03  time: 0.3809  data_time: 0.0276  memory: 10142  loss: 1.0847  decode.loss_ohem: 0.7392  decode.acc_seg: 92.9858  aux_0.loss_ce: 0.3456  aux_0.acc_seg: 87.3838
2026/07/26 21:08:05 - mmengine - INFO - Saving checkpoint at 95000 iterations
2026/07/26 21:08:16 - mmengine - INFO - Iter(val) [100/250]    eta: 0:00:15  time: 0.0988  data_time: 0.0350  memory: 835  
2026/07/26 21:08:26 - mmengine - INFO - Iter(val) [200/250]    eta: 0:00:05  time: 0.0985  data_time: 0.0336  memory: 835  
2026/07/26 21:08:31 - mmengine - INFO - per class results:
2026/07/26 21:08:31 - mmengine - INFO - 
+---------------+-------+-------+
|     Class     |  IoU  |  Acc  |
+---------------+-------+-------+
|      road     | 96.79 | 97.93 |
|    sidewalk   | 76.37 | 88.65 |
|    building   | 88.43 | 96.72 |
|      wall     | 33.46 | 35.62 |
|     fence     | 49.39 | 65.95 |
|      pole     | 53.84 | 65.54 |
| traffic light | 43.93 | 47.87 |
|  traffic sign | 66.53 | 76.07 |
|   vegetation  | 90.35 | 94.03 |
|    terrain    | 62.54 | 74.27 |
|      sky      | 92.89 | 97.05 |
|     person    | 72.58 | 82.46 |
|     rider     | 51.08 | 70.11 |
|      car      | 92.07 | 94.97 |
|     truck     |  60.6 | 84.78 |
|      bus      | 62.29 | 77.21 |
|     train     |  46.8 | 53.05 |
|   motorcycle  | 27.53 | 28.86 |
|    bicycle    | 68.31 |  82.2 |
+---------------+-------+-------+
2026/07/26 21:08:31 - mmengine - INFO - Iter(val) [250/250]    aAcc: 94.0300  mIoU: 65.0400  mAcc: 74.3900  data_time: 0.0320  time: 0.1011
2026/07/26 21:09:09 - mmengine - INFO - Iter(train) [ 95100/160000]  lr: 3.5924e-02  eta: 6:52:25  time: 0.3814  data_time: 0.0287  memory: 10144  loss: 1.1750  decode.loss_ohem: 0.7789  decode.acc_seg: 91.4801  aux_0.loss_ce: 0.3961  aux_0.acc_seg: 83.9194
2026/07/26 21:09:47 - mmengine - INFO - Iter(train) [ 95200/160000]  lr: 3.5874e-02  eta: 6:51:47  time: 0.3788  data_time: 0.0272  memory: 10143  loss: 1.0908  decode.loss_ohem: 0.7535  decode.acc_seg: 92.5431  aux_0.loss_ce: 0.3372  aux_0.acc_seg: 87.5435
2026/07/26 21:10:25 - mmengine - INFO - Iter(train) [ 95300/160000]  lr: 3.5825e-02  eta: 6:51:09  time: 0.3812  data_time: 0.0270  memory: 10141  loss: 1.1144  decode.loss_ohem: 0.8042  decode.acc_seg: 91.4646  aux_0.loss_ce: 0.3102  aux_0.acc_seg: 88.2607
2026/07/26 21:11:03 - mmengine - INFO - Iter(train) [ 95400/160000]  lr: 3.5775e-02  eta: 6:50:30  time: 0.3809  data_time: 0.0273  memory: 10143  loss: 1.0437  decode.loss_ohem: 0.7112  decode.acc_seg: 93.1055  aux_0.loss_ce: 0.3324  aux_0.acc_seg: 88.3705
2026/07/26 21:11:41 - mmengine - INFO - Iter(train) [ 95500/160000]  lr: 3.5725e-02  eta: 6:49:52  time: 0.3804  data_time: 0.0272  memory: 10141  loss: 1.0921  decode.loss_ohem: 0.7423  decode.acc_seg: 91.2549  aux_0.loss_ce: 0.3497  aux_0.acc_seg: 86.2251
2026/07/26 21:12:19 - mmengine - INFO - Iter(train) [ 95600/160000]  lr: 3.5675e-02  eta: 6:49:14  time: 0.3794  data_time: 0.0272  memory: 10142  loss: 1.0879  decode.loss_ohem: 0.7570  decode.acc_seg: 91.2230  aux_0.loss_ce: 0.3308  aux_0.acc_seg: 84.2738
2026/07/26 21:12:57 - mmengine - INFO - Iter(train) [ 95700/160000]  lr: 3.5625e-02  eta: 6:48:36  time: 0.3779  data_time: 0.0263  memory: 10142  loss: 1.0234  decode.loss_ohem: 0.7126  decode.acc_seg: 93.8849  aux_0.loss_ce: 0.3108  aux_0.acc_seg: 87.0875
2026/07/26 21:13:35 - mmengine - INFO - Iter(train) [ 95800/160000]  lr: 3.5575e-02  eta: 6:47:57  time: 0.3828  data_time: 0.0276  memory: 10142  loss: 1.0311  decode.loss_ohem: 0.6687  decode.acc_seg: 92.5178  aux_0.loss_ce: 0.3624  aux_0.acc_seg: 87.4084
2026/07/26 21:14:13 - mmengine - INFO - Iter(train) [ 95900/160000]  lr: 3.5526e-02  eta: 6:47:19  time: 0.3803  data_time: 0.0268  memory: 10142  loss: 1.0752  decode.loss_ohem: 0.7251  decode.acc_seg: 92.2300  aux_0.loss_ce: 0.3501  aux_0.acc_seg: 86.2639
2026/07/26 21:14:51 - mmengine - INFO - Exp name: dsanet_cityscapes_512x1024_20260726_105627
2026/07/26 21:14:51 - mmengine - INFO - Iter(train) [ 96000/160000]  lr: 3.5476e-02  eta: 6:46:41  time: 0.3805  data_time: 0.0269  memory: 10143  loss: 1.1770  decode.loss_ohem: 0.7805  decode.acc_seg: 88.3270  aux_0.loss_ce: 0.3965  aux_0.acc_seg: 80.5797
2026/07/26 21:15:29 - mmengine - INFO - Iter(train) [ 96100/160000]  lr: 3.5426e-02  eta: 6:46:03  time: 0.3797  data_time: 0.0270  memory: 10142  loss: 1.1007  decode.loss_ohem: 0.7749  decode.acc_seg: 90.5739  aux_0.loss_ce: 0.3258  aux_0.acc_seg: 84.7707
2026/07/26 21:16:07 - mmengine - INFO - Iter(train) [ 96200/160000]  lr: 3.5376e-02  eta: 6:45:25  time: 0.3804  data_time: 0.0273  memory: 10142  loss: 1.0500  decode.loss_ohem: 0.7335  decode.acc_seg: 92.6800  aux_0.loss_ce: 0.3165  aux_0.acc_seg: 87.1622
2026/07/26 21:16:45 - mmengine - INFO - Iter(train) [ 96300/160000]  lr: 3.5326e-02  eta: 6:44:46  time: 0.3795  data_time: 0.0272  memory: 10142  loss: 1.0470  decode.loss_ohem: 0.7040  decode.acc_seg: 93.1209  aux_0.loss_ce: 0.3430  aux_0.acc_seg: 85.5266
2026/07/26 21:17:23 - mmengine - INFO - Iter(train) [ 96400/160000]  lr: 3.5276e-02  eta: 6:44:08  time: 0.3789  data_time: 0.0268  memory: 10140  loss: 1.0062  decode.loss_ohem: 0.7082  decode.acc_seg: 94.0928  aux_0.loss_ce: 0.2981  aux_0.acc_seg: 88.9528
2026/07/26 21:18:01 - mmengine - INFO - Iter(train) [ 96500/160000]  lr: 3.5226e-02  eta: 6:43:30  time: 0.3819  data_time: 0.0275  memory: 10143  loss: 1.0151  decode.loss_ohem: 0.7027  decode.acc_seg: 92.6046  aux_0.loss_ce: 0.3123  aux_0.acc_seg: 86.7273
2026/07/26 21:18:39 - mmengine - INFO - Iter(train) [ 96600/160000]  lr: 3.5176e-02  eta: 6:42:52  time: 0.3795  data_time: 0.0267  memory: 10142  loss: 1.1303  decode.loss_ohem: 0.7488  decode.acc_seg: 93.9718  aux_0.loss_ce: 0.3815  aux_0.acc_seg: 88.2977
2026/07/26 21:19:17 - mmengine - INFO - Iter(train) [ 96700/160000]  lr: 3.5126e-02  eta: 6:42:13  time: 0.3796  data_time: 0.0269  memory: 10144  loss: 1.0284  decode.loss_ohem: 0.7018  decode.acc_seg: 93.2504  aux_0.loss_ce: 0.3266  aux_0.acc_seg: 88.3430
2026/07/26 21:19:55 - mmengine - INFO - Iter(train) [ 96800/160000]  lr: 3.5076e-02  eta: 6:41:35  time: 0.3789  data_time: 0.0267  memory: 10142  loss: 0.9970  decode.loss_ohem: 0.7049  decode.acc_seg: 93.8639  aux_0.loss_ce: 0.2922  aux_0.acc_seg: 89.6611
2026/07/26 21:20:33 - mmengine - INFO - Iter(train) [ 96900/160000]  lr: 3.5027e-02  eta: 6:40:57  time: 0.3827  data_time: 0.0282  memory: 10141  loss: 1.0776  decode.loss_ohem: 0.7128  decode.acc_seg: 92.3937  aux_0.loss_ce: 0.3648  aux_0.acc_seg: 88.2135
2026/07/26 21:21:11 - mmengine - INFO - Exp name: dsanet_cityscapes_512x1024_20260726_105627
2026/07/26 21:21:11 - mmengine - INFO - Iter(train) [ 97000/160000]  lr: 3.4977e-02  eta: 6:40:19  time: 0.3788  data_time: 0.0273  memory: 10142  loss: 1.0276  decode.loss_ohem: 0.7016  decode.acc_seg: 94.0189  aux_0.loss_ce: 0.3260  aux_0.acc_seg: 92.0841
2026/07/26 21:21:49 - mmengine - INFO - Iter(train) [ 97100/160000]  lr: 3.4927e-02  eta: 6:39:40  time: 0.3799  data_time: 0.0268  memory: 10143  loss: 1.1231  decode.loss_ohem: 0.7497  decode.acc_seg: 93.6458  aux_0.loss_ce: 0.3734  aux_0.acc_seg: 87.8105
2026/07/26 21:22:27 - mmengine - INFO - Iter(train) [ 97200/160000]  lr: 3.4877e-02  eta: 6:39:02  time: 0.3799  data_time: 0.0272  memory: 10142  loss: 0.9698  decode.loss_ohem: 0.6763  decode.acc_seg: 92.9208  aux_0.loss_ce: 0.2935  aux_0.acc_seg: 90.0331
2026/07/26 21:23:05 - mmengine - INFO - Iter(train) [ 97300/160000]  lr: 3.4827e-02  eta: 6:38:24  time: 0.3909  data_time: 0.0286  memory: 10142  loss: 1.1171  decode.loss_ohem: 0.7808  decode.acc_seg: 89.2880  aux_0.loss_ce: 0.3363  aux_0.acc_seg: 83.7317
2026/07/26 21:23:43 - mmengine - INFO - Iter(train) [ 97400/160000]  lr: 3.4777e-02  eta: 6:37:46  time: 0.3759  data_time: 0.0270  memory: 10142  loss: 1.0124  decode.loss_ohem: 0.6970  decode.acc_seg: 93.1802  aux_0.loss_ce: 0.3154  aux_0.acc_seg: 89.1948
2026/07/26 21:24:21 - mmengine - INFO - Iter(train) [ 97500/160000]  lr: 3.4727e-02  eta: 6:37:08  time: 0.3822  data_time: 0.0275  memory: 10144  loss: 1.0599  decode.loss_ohem: 0.7308  decode.acc_seg: 93.4311  aux_0.loss_ce: 0.3291  aux_0.acc_seg: 91.5997
2026/07/26 21:24:59 - mmengine - INFO - Iter(train) [ 97600/160000]  lr: 3.4677e-02  eta: 6:36:30  time: 0.3810  data_time: 0.0278  memory: 10142  loss: 0.9971  decode.loss_ohem: 0.6821  decode.acc_seg: 92.0803  aux_0.loss_ce: 0.3150  aux_0.acc_seg: 88.5303
2026/07/26 21:25:37 - mmengine - INFO - Iter(train) [ 97700/160000]  lr: 3.4627e-02  eta: 6:35:51  time: 0.3802  data_time: 0.0273  memory: 10142  loss: 1.0519  decode.loss_ohem: 0.7432  decode.acc_seg: 92.6404  aux_0.loss_ce: 0.3087  aux_0.acc_seg: 89.3917
2026/07/26 21:26:15 - mmengine - INFO - Iter(train) [ 97800/160000]  lr: 3.4577e-02  eta: 6:35:13  time: 0.3845  data_time: 0.0285  memory: 10142  loss: 1.0877  decode.loss_ohem: 0.7453  decode.acc_seg: 92.7313  aux_0.loss_ce: 0.3425  aux_0.acc_seg: 86.8610
2026/07/26 21:26:53 - mmengine - INFO - Iter(train) [ 97900/160000]  lr: 3.4527e-02  eta: 6:34:35  time: 0.3804  data_time: 0.0276  memory: 10141  loss: 1.1199  decode.loss_ohem: 0.7620  decode.acc_seg: 91.7042  aux_0.loss_ce: 0.3579  aux_0.acc_seg: 85.4894
2026/07/26 21:27:31 - mmengine - INFO - Exp name: dsanet_cityscapes_512x1024_20260726_105627
2026/07/26 21:27:31 - mmengine - INFO - Iter(train) [ 98000/160000]  lr: 3.4477e-02  eta: 6:33:57  time: 0.3859  data_time: 0.0297  memory: 10142  loss: 1.0315  decode.loss_ohem: 0.7027  decode.acc_seg: 93.2136  aux_0.loss_ce: 0.3288  aux_0.acc_seg: 88.0587
2026/07/26 21:28:10 - mmengine - INFO - Iter(train) [ 98100/160000]  lr: 3.4427e-02  eta: 6:33:19  time: 0.3811  data_time: 0.0279  memory: 10142  loss: 1.0620  decode.loss_ohem: 0.7447  decode.acc_seg: 90.7132  aux_0.loss_ce: 0.3173  aux_0.acc_seg: 87.0222
2026/07/26 21:28:48 - mmengine - INFO - Iter(train) [ 98200/160000]  lr: 3.4377e-02  eta: 6:32:41  time: 0.3814  data_time: 0.0274  memory: 10142  loss: 1.0236  decode.loss_ohem: 0.7127  decode.acc_seg: 94.8744  aux_0.loss_ce: 0.3109  aux_0.acc_seg: 90.1123
2026/07/26 21:29:26 - mmengine - INFO - Iter(train) [ 98300/160000]  lr: 3.4327e-02  eta: 6:32:03  time: 0.3854  data_time: 0.0295  memory: 10142  loss: 1.1851  decode.loss_ohem: 0.8204  decode.acc_seg: 93.0212  aux_0.loss_ce: 0.3647  aux_0.acc_seg: 87.8894
2026/07/26 21:30:05 - mmengine - INFO - Iter(train) [ 98400/160000]  lr: 3.4276e-02  eta: 6:31:25  time: 0.3808  data_time: 0.0273  memory: 10144  loss: 1.1088  decode.loss_ohem: 0.7824  decode.acc_seg: 91.3033  aux_0.loss_ce: 0.3264  aux_0.acc_seg: 86.5357
2026/07/26 21:30:43 - mmengine - INFO - Iter(train) [ 98500/160000]  lr: 3.4226e-02  eta: 6:30:47  time: 0.3797  data_time: 0.0270  memory: 10142  loss: 1.1342  decode.loss_ohem: 0.7703  decode.acc_seg: 92.5433  aux_0.loss_ce: 0.3639  aux_0.acc_seg: 86.6706
2026/07/26 21:31:21 - mmengine - INFO - Iter(train) [ 98600/160000]  lr: 3.4176e-02  eta: 6:30:09  time: 0.3789  data_time: 0.0263  memory: 10142  loss: 1.1157  decode.loss_ohem: 0.7760  decode.acc_seg: 91.2276  aux_0.loss_ce: 0.3397  aux_0.acc_seg: 88.0191
2026/07/26 21:31:59 - mmengine - INFO - Iter(train) [ 98700/160000]  lr: 3.4126e-02  eta: 6:29:31  time: 0.3834  data_time: 0.0286  memory: 10142  loss: 1.1507  decode.loss_ohem: 0.8046  decode.acc_seg: 92.0326  aux_0.loss_ce: 0.3462  aux_0.acc_seg: 89.0420
2026/07/26 21:32:38 - mmengine - INFO - Iter(train) [ 98800/160000]  lr: 3.4076e-02  eta: 6:28:53  time: 0.3831  data_time: 0.0273  memory: 10142  loss: 1.0196  decode.loss_ohem: 0.7242  decode.acc_seg: 92.8762  aux_0.loss_ce: 0.2954  aux_0.acc_seg: 89.5900
2026/07/26 21:33:16 - mmengine - INFO - Iter(train) [ 98900/160000]  lr: 3.4026e-02  eta: 6:28:15  time: 0.3836  data_time: 0.0291  memory: 10143  loss: 0.9860  decode.loss_ohem: 0.6756  decode.acc_seg: 93.3619  aux_0.loss_ce: 0.3103  aux_0.acc_seg: 89.7319
2026/07/26 21:33:54 - mmengine - INFO - Exp name: dsanet_cityscapes_512x1024_20260726_105627
2026/07/26 21:33:54 - mmengine - INFO - Iter(train) [ 99000/160000]  lr: 3.3976e-02  eta: 6:27:37  time: 0.3830  data_time: 0.0286  memory: 10143  loss: 1.0049  decode.loss_ohem: 0.6577  decode.acc_seg: 94.1235  aux_0.loss_ce: 0.3472  aux_0.acc_seg: 87.3034
2026/07/26 21:34:33 - mmengine - INFO - Iter(train) [ 99100/160000]  lr: 3.3926e-02  eta: 6:26:58  time: 0.3813  data_time: 0.0264  memory: 10142  loss: 1.1482  decode.loss_ohem: 0.7915  decode.acc_seg: 89.2837  aux_0.loss_ce: 0.3566  aux_0.acc_seg: 86.9863
2026/07/26 21:35:11 - mmengine - INFO - Iter(train) [ 99200/160000]  lr: 3.3876e-02  eta: 6:26:20  time: 0.3823  data_time: 0.0278  memory: 10142  loss: 1.0768  decode.loss_ohem: 0.7367  decode.acc_seg: 91.6896  aux_0.loss_ce: 0.3401  aux_0.acc_seg: 87.3707
2026/07/26 21:35:49 - mmengine - INFO - Iter(train) [ 99300/160000]  lr: 3.3826e-02  eta: 6:25:42  time: 0.3845  data_time: 0.0289  memory: 10142  loss: 1.1271  decode.loss_ohem: 0.7974  decode.acc_seg: 92.8445  aux_0.loss_ce: 0.3297  aux_0.acc_seg: 89.9838
2026/07/26 21:36:27 - mmengine - INFO - Iter(train) [ 99400/160000]  lr: 3.3775e-02  eta: 6:25:04  time: 0.3829  data_time: 0.0283  memory: 10142  loss: 1.1704  decode.loss_ohem: 0.7903  decode.acc_seg: 86.6046  aux_0.loss_ce: 0.3801  aux_0.acc_seg: 84.5775
2026/07/26 21:37:06 - mmengine - INFO - Iter(train) [ 99500/160000]  lr: 3.3725e-02  eta: 6:24:26  time: 0.3840  data_time: 0.0281  memory: 10142  loss: 1.1014  decode.loss_ohem: 0.7221  decode.acc_seg: 91.5556  aux_0.loss_ce: 0.3793  aux_0.acc_seg: 86.4590
2026/07/26 21:37:44 - mmengine - INFO - Iter(train) [ 99600/160000]  lr: 3.3675e-02  eta: 6:23:48  time: 0.3816  data_time: 0.0273  memory: 10142  loss: 1.2358  decode.loss_ohem: 0.8680  decode.acc_seg: 91.6480  aux_0.loss_ce: 0.3678  aux_0.acc_seg: 85.9786
2026/07/26 21:38:22 - mmengine - INFO - Iter(train) [ 99700/160000]  lr: 3.3625e-02  eta: 6:23:10  time: 0.3836  data_time: 0.0283  memory: 10142  loss: 1.1418  decode.loss_ohem: 0.7705  decode.acc_seg: 93.2321  aux_0.loss_ce: 0.3713  aux_0.acc_seg: 87.7358
2026/07/26 21:39:00 - mmengine - INFO - Iter(train) [ 99800/160000]  lr: 3.3575e-02  eta: 6:22:32  time: 0.3822  data_time: 0.0275  memory: 10142  loss: 1.0688  decode.loss_ohem: 0.7479  decode.acc_seg: 91.9439  aux_0.loss_ce: 0.3209  aux_0.acc_seg: 88.2633
2026/07/26 21:39:39 - mmengine - INFO - Iter(train) [ 99900/160000]  lr: 3.3525e-02  eta: 6:21:54  time: 0.3831  data_time: 0.0289  memory: 10142  loss: 1.1045  decode.loss_ohem: 0.7903  decode.acc_seg: 90.2331  aux_0.loss_ce: 0.3142  aux_0.acc_seg: 88.2815
2026/07/26 21:40:17 - mmengine - INFO - Exp name: dsanet_cityscapes_512x1024_20260726_105627
2026/07/26 21:40:17 - mmengine - INFO - Iter(train) [100000/160000]  lr: 3.3474e-02  eta: 6:21:16  time: 0.3819  data_time: 0.0280  memory: 10142  loss: 1.1676  decode.loss_ohem: 0.8406  decode.acc_seg: 91.3155  aux_0.loss_ce: 0.3270  aux_0.acc_seg: 86.9157
2026/07/26 21:40:17 - mmengine - INFO - Saving checkpoint at 100000 iterations
2026/07/26 21:40:28 - mmengine - INFO - Iter(val) [100/250]    eta: 0:00:15  time: 0.0990  data_time: 0.0493  memory: 835  
2026/07/26 21:40:38 - mmengine - INFO - Iter(val) [200/250]    eta: 0:00:05  time: 0.1010  data_time: 0.0369  memory: 835  
2026/07/26 21:40:43 - mmengine - INFO - per class results:
2026/07/26 21:40:43 - mmengine - INFO - 
+---------------+-------+-------+
|     Class     |  IoU  |  Acc  |
+---------------+-------+-------+
|      road     | 97.19 | 97.94 |
|    sidewalk   | 78.88 | 91.73 |
|    building   | 89.82 | 94.57 |
|      wall     | 51.33 | 64.37 |
|     fence     | 51.44 | 60.44 |
|      pole     | 55.57 | 69.43 |
| traffic light | 53.42 |  61.9 |
|  traffic sign | 68.81 | 76.82 |
|   vegetation  | 90.77 |  95.6 |
|    terrain    | 59.76 | 71.76 |
|      sky      | 92.11 | 97.54 |
|     person    |  71.7 | 90.48 |
|     rider     | 52.56 | 71.56 |
|      car      | 92.25 | 96.62 |
|     truck     | 60.05 | 72.99 |
|      bus      | 73.85 | 86.06 |
|     train     |  49.4 | 81.78 |
|   motorcycle  | 45.94 | 54.88 |
|    bicycle    | 68.69 | 80.74 |
+---------------+-------+-------+
2026/07/26 21:40:43 - mmengine - INFO - Iter(val) [250/250]    aAcc: 94.5100  mIoU: 68.6100  mAcc: 79.8500  data_time: 0.0287  time: 0.1014
2026/07/26 21:40:43 - mmengine - INFO - The previous best checkpoint /root/autodl-tmp/DSANet-main/tools/work_dirs/dsanet_cityscapes_512x1024/best_mIoU_iter_90000.pth is removed
2026/07/26 21:40:43 - mmengine - INFO - The best checkpoint with 68.6100 mIoU at 100000 iter is saved to best_mIoU_iter_100000.pth.
2026/07/26 21:41:22 - mmengine - INFO - Iter(train) [100100/160000]  lr: 3.3424e-02  eta: 6:20:38  time: 0.3803  data_time: 0.0274  memory: 10143  loss: 1.0974  decode.loss_ohem: 0.7558  decode.acc_seg: 91.5293  aux_0.loss_ce: 0.3417  aux_0.acc_seg: 88.2985
2026/07/26 21:42:00 - mmengine - INFO - Iter(train) [100200/160000]  lr: 3.3374e-02  eta: 6:20:00  time: 0.3805  data_time: 0.0270  memory: 10142  loss: 1.0852  decode.loss_ohem: 0.7518  decode.acc_seg: 91.8800  aux_0.loss_ce: 0.3335  aux_0.acc_seg: 89.5983
2026/07/26 21:42:38 - mmengine - INFO - Iter(train) [100300/160000]  lr: 3.3324e-02  eta: 6:19:22  time: 0.3808  data_time: 0.0269  memory: 10141  loss: 1.0710  decode.loss_ohem: 0.7457  decode.acc_seg: 93.6853  aux_0.loss_ce: 0.3254  aux_0.acc_seg: 91.6460
2026/07/26 21:43:16 - mmengine - INFO - Iter(train) [100400/160000]  lr: 3.3274e-02  eta: 6:18:44  time: 0.3801  data_time: 0.0273  memory: 10141  loss: 1.0159  decode.loss_ohem: 0.7049  decode.acc_seg: 91.5865  aux_0.loss_ce: 0.3110  aux_0.acc_seg: 88.0932
2026/07/26 21:43:55 - mmengine - INFO - Iter(train) [100500/160000]  lr: 3.3223e-02  eta: 6:18:06  time: 0.3816  data_time: 0.0271  memory: 10144  loss: 1.0738  decode.loss_ohem: 0.7550  decode.acc_seg: 93.3071  aux_0.loss_ce: 0.3187  aux_0.acc_seg: 90.0147
2026/07/26 21:44:33 - mmengine - INFO - Iter(train) [100600/160000]  lr: 3.3173e-02  eta: 6:17:28  time: 0.3818  data_time: 0.0277  memory: 10144  loss: 1.0364  decode.loss_ohem: 0.7380  decode.acc_seg: 89.5169  aux_0.loss_ce: 0.2984  aux_0.acc_seg: 84.6623
2026/07/26 21:45:11 - mmengine - INFO - Iter(train) [100700/160000]  lr: 3.3123e-02  eta: 6:16:50  time: 0.3812  data_time: 0.0272  memory: 10142  loss: 1.1040  decode.loss_ohem: 0.7587  decode.acc_seg: 90.8711  aux_0.loss_ce: 0.3453  aux_0.acc_seg: 88.1196
2026/07/26 21:45:49 - mmengine - INFO - Iter(train) [100800/160000]  lr: 3.3073e-02  eta: 6:16:12  time: 0.3817  data_time: 0.0275  memory: 10141  loss: 1.0704  decode.loss_ohem: 0.7647  decode.acc_seg: 94.0027  aux_0.loss_ce: 0.3057  aux_0.acc_seg: 90.1183
2026/07/26 21:46:28 - mmengine - INFO - Iter(train) [100900/160000]  lr: 3.3022e-02  eta: 6:15:34  time: 0.3819  data_time: 0.0278  memory: 10142  loss: 1.0966  decode.loss_ohem: 0.7505  decode.acc_seg: 91.6373  aux_0.loss_ce: 0.3461  aux_0.acc_seg: 88.9872
2026/07/26 21:47:06 - mmengine - INFO - Exp name: dsanet_cityscapes_512x1024_20260726_105627
2026/07/26 21:47:06 - mmengine - INFO - Iter(train) [101000/160000]  lr: 3.2972e-02  eta: 6:14:56  time: 0.3843  data_time: 0.0283  memory: 10142  loss: 1.0527  decode.loss_ohem: 0.7356  decode.acc_seg: 91.0622  aux_0.loss_ce: 0.3170  aux_0.acc_seg: 88.0776
2026/07/26 21:47:44 - mmengine - INFO - Iter(train) [101100/160000]  lr: 3.2922e-02  eta: 6:14:18  time: 0.3821  data_time: 0.0275  memory: 10144  loss: 1.0779  decode.loss_ohem: 0.7308  decode.acc_seg: 92.1607  aux_0.loss_ce: 0.3471  aux_0.acc_seg: 88.5710
2026/07/26 21:48:22 - mmengine - INFO - Iter(train) [101200/160000]  lr: 3.2871e-02  eta: 6:13:40  time: 0.3833  data_time: 0.0282  memory: 10142  loss: 1.0775  decode.loss_ohem: 0.7289  decode.acc_seg: 89.0553  aux_0.loss_ce: 0.3486  aux_0.acc_seg: 83.2477
2026/07/26 21:49:01 - mmengine - INFO - Iter(train) [101300/160000]  lr: 3.2821e-02  eta: 6:13:01  time: 0.3821  data_time: 0.0279  memory: 10142  loss: 1.0462  decode.loss_ohem: 0.7462  decode.acc_seg: 92.9605  aux_0.loss_ce: 0.3000  aux_0.acc_seg: 88.6870
2026/07/26 21:49:39 - mmengine - INFO - Iter(train) [101400/160000]  lr: 3.2771e-02  eta: 6:12:23  time: 0.3826  data_time: 0.0290  memory: 10141  loss: 1.1621  decode.loss_ohem: 0.8044  decode.acc_seg: 91.3399  aux_0.loss_ce: 0.3577  aux_0.acc_seg: 87.0860
2026/07/26 21:50:17 - mmengine - INFO - Iter(train) [101500/160000]  lr: 3.2720e-02  eta: 6:11:45  time: 0.3806  data_time: 0.0267  memory: 10142  loss: 1.0758  decode.loss_ohem: 0.7196  decode.acc_seg: 92.5838  aux_0.loss_ce: 0.3563  aux_0.acc_seg: 87.3346
2026/07/26 21:50:55 - mmengine - INFO - Iter(train) [101600/160000]  lr: 3.2670e-02  eta: 6:11:07  time: 0.3825  data_time: 0.0279  memory: 10143  loss: 1.0672  decode.loss_ohem: 0.7309  decode.acc_seg: 91.6258  aux_0.loss_ce: 0.3363  aux_0.acc_seg: 85.3853
2026/07/26 21:51:34 - mmengine - INFO - Iter(train) [101700/160000]  lr: 3.2620e-02  eta: 6:10:29  time: 0.3855  data_time: 0.0299  memory: 10141  loss: 1.0888  decode.loss_ohem: 0.7439  decode.acc_seg: 93.4400  aux_0.loss_ce: 0.3450  aux_0.acc_seg: 87.1056
2026/07/26 21:52:12 - mmengine - INFO - Iter(train) [101800/160000]  lr: 3.2569e-02  eta: 6:09:51  time: 0.3812  data_time: 0.0274  memory: 10141  loss: 1.0769  decode.loss_ohem: 0.7239  decode.acc_seg: 91.8236  aux_0.loss_ce: 0.3530  aux_0.acc_seg: 86.5598
2026/07/26 21:52:50 - mmengine - INFO - Iter(train) [101900/160000]  lr: 3.2519e-02  eta: 6:09:13  time: 0.3820  data_time: 0.0276  memory: 10143  loss: 1.0453  decode.loss_ohem: 0.7285  decode.acc_seg: 93.3202  aux_0.loss_ce: 0.3168  aux_0.acc_seg: 86.6083
2026/07/26 21:53:28 - mmengine - INFO - Exp name: dsanet_cityscapes_512x1024_20260726_105627
2026/07/26 21:53:28 - mmengine - INFO - Iter(train) [102000/160000]  lr: 3.2469e-02  eta: 6:08:35  time: 0.3780  data_time: 0.0256  memory: 10142  loss: 1.0028  decode.loss_ohem: 0.7207  decode.acc_seg: 92.7209  aux_0.loss_ce: 0.2821  aux_0.acc_seg: 88.5772
2026/07/26 21:54:06 - mmengine - INFO - Iter(train) [102100/160000]  lr: 3.2418e-02  eta: 6:07:57  time: 0.3812  data_time: 0.0269  memory: 10142  loss: 1.0901  decode.loss_ohem: 0.7223  decode.acc_seg: 92.9757  aux_0.loss_ce: 0.3678  aux_0.acc_seg: 86.9516
2026/07/26 21:54:44 - mmengine - INFO - Iter(train) [102200/160000]  lr: 3.2368e-02  eta: 6:07:18  time: 0.3769  data_time: 0.0255  memory: 10142  loss: 1.0678  decode.loss_ohem: 0.7569  decode.acc_seg: 93.4393  aux_0.loss_ce: 0.3109  aux_0.acc_seg: 89.4420
2026/07/26 21:55:23 - mmengine - INFO - Iter(train) [102300/160000]  lr: 3.2318e-02  eta: 6:06:40  time: 0.3821  data_time: 0.0283  memory: 10142  loss: 1.0333  decode.loss_ohem: 0.7091  decode.acc_seg: 92.9647  aux_0.loss_ce: 0.3242  aux_0.acc_seg: 87.1118
2026/07/26 21:56:01 - mmengine - INFO - Iter(train) [102400/160000]  lr: 3.2267e-02  eta: 6:06:02  time: 0.3832  data_time: 0.0283  memory: 10142  loss: 1.0556  decode.loss_ohem: 0.7369  decode.acc_seg: 92.2150  aux_0.loss_ce: 0.3186  aux_0.acc_seg: 84.6921
2026/07/26 21:56:39 - mmengine - INFO - Iter(train) [102500/160000]  lr: 3.2217e-02  eta: 6:05:24  time: 0.3799  data_time: 0.0269  memory: 10142  loss: 1.0601  decode.loss_ohem: 0.7418  decode.acc_seg: 93.0272  aux_0.loss_ce: 0.3183  aux_0.acc_seg: 88.6175
2026/07/26 21:57:17 - mmengine - INFO - Iter(train) [102600/160000]  lr: 3.2166e-02  eta: 6:04:46  time: 0.3837  data_time: 0.0287  memory: 10141  loss: 1.0639  decode.loss_ohem: 0.7319  decode.acc_seg: 90.8969  aux_0.loss_ce: 0.3320  aux_0.acc_seg: 84.9497
2026/07/26 21:57:55 - mmengine - INFO - Iter(train) [102700/160000]  lr: 3.2116e-02  eta: 6:04:08  time: 0.3810  data_time: 0.0273  memory: 10141  loss: 1.0842  decode.loss_ohem: 0.7610  decode.acc_seg: 92.8695  aux_0.loss_ce: 0.3232  aux_0.acc_seg: 89.1964
2026/07/26 21:58:34 - mmengine - INFO - Iter(train) [102800/160000]  lr: 3.2066e-02  eta: 6:03:30  time: 0.3825  data_time: 0.0277  memory: 10142  loss: 1.0877  decode.loss_ohem: 0.7297  decode.acc_seg: 90.3814  aux_0.loss_ce: 0.3580  aux_0.acc_seg: 84.0135
2026/07/26 21:59:12 - mmengine - INFO - Iter(train) [102900/160000]  lr: 3.2015e-02  eta: 6:02:52  time: 0.3824  data_time: 0.0279  memory: 10143  loss: 1.0554  decode.loss_ohem: 0.7557  decode.acc_seg: 90.4203  aux_0.loss_ce: 0.2997  aux_0.acc_seg: 87.5726
2026/07/26 21:59:50 - mmengine - INFO - Exp name: dsanet_cityscapes_512x1024_20260726_105627
2026/07/26 21:59:50 - mmengine - INFO - Iter(train) [103000/160000]  lr: 3.1965e-02  eta: 6:02:14  time: 0.3821  data_time: 0.0275  memory: 10142  loss: 1.0337  decode.loss_ohem: 0.7373  decode.acc_seg: 91.5375  aux_0.loss_ce: 0.2964  aux_0.acc_seg: 86.4263
2026/07/26 22:00:28 - mmengine - INFO - Iter(train) [103100/160000]  lr: 3.1914e-02  eta: 6:01:36  time: 0.3833  data_time: 0.0283  memory: 10142  loss: 1.0075  decode.loss_ohem: 0.6957  decode.acc_seg: 93.6305  aux_0.loss_ce: 0.3118  aux_0.acc_seg: 90.0841
2026/07/26 22:01:07 - mmengine - INFO - Iter(train) [103200/160000]  lr: 3.1864e-02  eta: 6:00:58  time: 0.3793  data_time: 0.0269  memory: 10142  loss: 1.0412  decode.loss_ohem: 0.7143  decode.acc_seg: 92.4134  aux_0.loss_ce: 0.3269  aux_0.acc_seg: 87.2063
2026/07/26 22:01:45 - mmengine - INFO - Iter(train) [103300/160000]  lr: 3.1813e-02  eta: 6:00:19  time: 0.3844  data_time: 0.0286  memory: 10141  loss: 1.0838  decode.loss_ohem: 0.7351  decode.acc_seg: 91.4854  aux_0.loss_ce: 0.3487  aux_0.acc_seg: 83.9586
2026/07/26 22:02:23 - mmengine - INFO - Iter(train) [103400/160000]  lr: 3.1763e-02  eta: 5:59:41  time: 0.3829  data_time: 0.0280  memory: 10141  loss: 1.1344  decode.loss_ohem: 0.7892  decode.acc_seg: 89.7950  aux_0.loss_ce: 0.3451  aux_0.acc_seg: 83.3567
2026/07/26 22:03:01 - mmengine - INFO - Iter(train) [103500/160000]  lr: 3.1712e-02  eta: 5:59:03  time: 0.3825  data_time: 0.0282  memory: 10143  loss: 1.0950  decode.loss_ohem: 0.7659  decode.acc_seg: 92.7626  aux_0.loss_ce: 0.3291  aux_0.acc_seg: 87.6486
2026/07/26 22:03:40 - mmengine - INFO - Iter(train) [103600/160000]  lr: 3.1662e-02  eta: 5:58:25  time: 0.3813  data_time: 0.0273  memory: 10142  loss: 1.0368  decode.loss_ohem: 0.7251  decode.acc_seg: 93.3922  aux_0.loss_ce: 0.3117  aux_0.acc_seg: 88.4283
2026/07/26 22:04:18 - mmengine - INFO - Iter(train) [103700/160000]  lr: 3.1611e-02  eta: 5:57:47  time: 0.3831  data_time: 0.0281  memory: 10142  loss: 1.0420  decode.loss_ohem: 0.7360  decode.acc_seg: 93.6294  aux_0.loss_ce: 0.3059  aux_0.acc_seg: 90.9748
2026/07/26 22:04:56 - mmengine - INFO - Iter(train) [103800/160000]  lr: 3.1561e-02  eta: 5:57:09  time: 0.3810  data_time: 0.0277  memory: 10141  loss: 1.1506  decode.loss_ohem: 0.7850  decode.acc_seg: 89.4520  aux_0.loss_ce: 0.3656  aux_0.acc_seg: 84.9071
2026/07/26 22:05:34 - mmengine - INFO - Iter(train) [103900/160000]  lr: 3.1510e-02  eta: 5:56:31  time: 0.3784  data_time: 0.0262  memory: 10141  loss: 1.0590  decode.loss_ohem: 0.7507  decode.acc_seg: 89.9575  aux_0.loss_ce: 0.3083  aux_0.acc_seg: 86.9566
2026/07/26 22:06:12 - mmengine - INFO - Exp name: dsanet_cityscapes_512x1024_20260726_105627
2026/07/26 22:06:12 - mmengine - INFO - Iter(train) [104000/160000]  lr: 3.1460e-02  eta: 5:55:53  time: 0.3813  data_time: 0.0272  memory: 10141  loss: 1.0115  decode.loss_ohem: 0.7045  decode.acc_seg: 91.4263  aux_0.loss_ce: 0.3070  aux_0.acc_seg: 86.0272
2026/07/26 22:06:50 - mmengine - INFO - Iter(train) [104100/160000]  lr: 3.1409e-02  eta: 5:55:15  time: 0.3828  data_time: 0.0284  memory: 10142  loss: 1.1805  decode.loss_ohem: 0.8248  decode.acc_seg: 91.8692  aux_0.loss_ce: 0.3557  aux_0.acc_seg: 87.3257
2026/07/26 22:07:29 - mmengine - INFO - Iter(train) [104200/160000]  lr: 3.1359e-02  eta: 5:54:37  time: 0.3798  data_time: 0.0265  memory: 10142  loss: 0.9794  decode.loss_ohem: 0.6696  decode.acc_seg: 93.8425  aux_0.loss_ce: 0.3098  aux_0.acc_seg: 87.6667
2026/07/26 22:08:07 - mmengine - INFO - Iter(train) [104300/160000]  lr: 3.1308e-02  eta: 5:53:58  time: 0.3824  data_time: 0.0276  memory: 10142  loss: 1.0097  decode.loss_ohem: 0.7236  decode.acc_seg: 93.0497  aux_0.loss_ce: 0.2861  aux_0.acc_seg: 90.6344
2026/07/26 22:08:45 - mmengine - INFO - Iter(train) [104400/160000]  lr: 3.1257e-02  eta: 5:53:20  time: 0.3829  data_time: 0.0274  memory: 10142  loss: 1.0510  decode.loss_ohem: 0.7087  decode.acc_seg: 91.8687  aux_0.loss_ce: 0.3423  aux_0.acc_seg: 88.2102
2026/07/26 22:09:23 - mmengine - INFO - Iter(train) [104500/160000]  lr: 3.1207e-02  eta: 5:52:42  time: 0.3788  data_time: 0.0273  memory: 10141  loss: 0.9997  decode.loss_ohem: 0.7014  decode.acc_seg: 93.3059  aux_0.loss_ce: 0.2984  aux_0.acc_seg: 88.9711
2026/07/26 22:10:01 - mmengine - INFO - Iter(train) [104600/160000]  lr: 3.1156e-02  eta: 5:52:04  time: 0.3811  data_time: 0.0277  memory: 10142  loss: 0.9920  decode.loss_ohem: 0.6870  decode.acc_seg: 91.7825  aux_0.loss_ce: 0.3049  aux_0.acc_seg: 86.7056
2026/07/26 22:10:39 - mmengine - INFO - Iter(train) [104700/160000]  lr: 3.1106e-02  eta: 5:51:26  time: 0.3819  data_time: 0.0283  memory: 10142  loss: 1.1988  decode.loss_ohem: 0.8495  decode.acc_seg: 92.8924  aux_0.loss_ce: 0.3494  aux_0.acc_seg: 86.8687
2026/07/26 22:11:17 - mmengine - INFO - Iter(train) [104800/160000]  lr: 3.1055e-02  eta: 5:50:48  time: 0.3814  data_time: 0.0272  memory: 10141  loss: 1.1475  decode.loss_ohem: 0.8030  decode.acc_seg: 91.0211  aux_0.loss_ce: 0.3445  aux_0.acc_seg: 86.4098
2026/07/26 22:11:55 - mmengine - INFO - Iter(train) [104900/160000]  lr: 3.1004e-02  eta: 5:50:10  time: 0.3808  data_time: 0.0271  memory: 10141  loss: 1.1308  decode.loss_ohem: 0.7886  decode.acc_seg: 92.3618  aux_0.loss_ce: 0.3422  aux_0.acc_seg: 86.6363
2026/07/26 22:12:33 - mmengine - INFO - Exp name: dsanet_cityscapes_512x1024_20260726_105627
2026/07/26 22:12:33 - mmengine - INFO - Iter(train) [105000/160000]  lr: 3.0954e-02  eta: 5:49:31  time: 0.3796  data_time: 0.0269  memory: 10141  loss: 1.0330  decode.loss_ohem: 0.7446  decode.acc_seg: 92.8126  aux_0.loss_ce: 0.2884  aux_0.acc_seg: 88.2197
2026/07/26 22:12:33 - mmengine - INFO - Saving checkpoint at 105000 iterations
2026/07/26 22:12:44 - mmengine - INFO - Iter(val) [100/250]    eta: 0:00:15  time: 0.0983  data_time: 0.0352  memory: 835  
2026/07/26 22:12:54 - mmengine - INFO - Iter(val) [200/250]    eta: 0:00:05  time: 0.1005  data_time: 0.0220  memory: 835  
2026/07/26 22:12:59 - mmengine - INFO - per class results:
2026/07/26 22:12:59 - mmengine - INFO - 
+---------------+-------+-------+
|     Class     |  IoU  |  Acc  |
+---------------+-------+-------+
|      road     | 97.57 | 98.64 |
|    sidewalk   |  81.1 | 89.12 |
|    building   | 89.78 | 95.43 |
|      wall     | 43.86 | 48.78 |
|     fence     | 54.25 | 67.16 |
|      pole     | 55.23 | 65.27 |
| traffic light | 56.46 | 65.47 |
|  traffic sign | 66.19 | 72.12 |
|   vegetation  | 90.84 | 96.48 |
|    terrain    | 62.17 | 72.07 |
|      sky      | 92.32 | 97.24 |
|     person    | 75.05 | 86.32 |
|     rider     | 51.81 | 63.55 |
|      car      | 92.45 | 97.42 |
|     truck     |  48.7 | 51.95 |
|      bus      | 72.54 | 79.98 |
|     train     | 64.85 | 78.85 |
|   motorcycle  | 37.24 | 42.84 |
|    bicycle    | 67.87 | 87.92 |
+---------------+-------+-------+
2026/07/26 22:12:59 - mmengine - INFO - Iter(val) [250/250]    aAcc: 94.7500  mIoU: 68.4400  mAcc: 76.6600  data_time: 0.0265  time: 0.1011
2026/07/26 22:13:37 - mmengine - INFO - Iter(train) [105100/160000]  lr: 3.0903e-02  eta: 5:48:53  time: 0.3813  data_time: 0.0279  memory: 10141  loss: 1.1384  decode.loss_ohem: 0.7797  decode.acc_seg: 90.8797  aux_0.loss_ce: 0.3586  aux_0.acc_seg: 87.8040
2026/07/26 22:14:15 - mmengine - INFO - Iter(train) [105200/160000]  lr: 3.0852e-02  eta: 5:48:15  time: 0.3826  data_time: 0.0281  memory: 10142  loss: 1.0749  decode.loss_ohem: 0.7452  decode.acc_seg: 92.3924  aux_0.loss_ce: 0.3297  aux_0.acc_seg: 87.7140
2026/07/26 22:14:53 - mmengine - INFO - Iter(train) [105300/160000]  lr: 3.0802e-02  eta: 5:47:37  time: 0.3812  data_time: 0.0275  memory: 10141  loss: 0.9983  decode.loss_ohem: 0.6962  decode.acc_seg: 92.7233  aux_0.loss_ce: 0.3021  aux_0.acc_seg: 89.0693
2026/07/26 22:15:32 - mmengine - INFO - Iter(train) [105400/160000]  lr: 3.0751e-02  eta: 5:46:59  time: 0.3801  data_time: 0.0272  memory: 10142  loss: 1.0079  decode.loss_ohem: 0.7019  decode.acc_seg: 93.2883  aux_0.loss_ce: 0.3061  aux_0.acc_seg: 87.9926
2026/07/26 22:16:10 - mmengine - INFO - Iter(train) [105500/160000]  lr: 3.0700e-02  eta: 5:46:21  time: 0.3820  data_time: 0.0276  memory: 10142  loss: 1.0772  decode.loss_ohem: 0.7559  decode.acc_seg: 92.6255  aux_0.loss_ce: 0.3213  aux_0.acc_seg: 89.0402
2026/07/26 22:16:48 - mmengine - INFO - Iter(train) [105600/160000]  lr: 3.0650e-02  eta: 5:45:42  time: 0.3809  data_time: 0.0269  memory: 10141  loss: 1.0026  decode.loss_ohem: 0.6855  decode.acc_seg: 92.2781  aux_0.loss_ce: 0.3170  aux_0.acc_seg: 89.1625
2026/07/26 22:17:26 - mmengine - INFO - Iter(train) [105700/160000]  lr: 3.0599e-02  eta: 5:45:04  time: 0.3807  data_time: 0.0273  memory: 10143  loss: 1.1061  decode.loss_ohem: 0.7711  decode.acc_seg: 93.2282  aux_0.loss_ce: 0.3350  aux_0.acc_seg: 86.3310
2026/07/26 22:18:04 - mmengine - INFO - Iter(train) [105800/160000]  lr: 3.0548e-02  eta: 5:44:26  time: 0.3800  data_time: 0.0263  memory: 10143  loss: 1.0861  decode.loss_ohem: 0.7633  decode.acc_seg: 93.3064  aux_0.loss_ce: 0.3227  aux_0.acc_seg: 89.9405
2026/07/26 22:18:42 - mmengine - INFO - Iter(train) [105900/160000]  lr: 3.0498e-02  eta: 5:43:48  time: 0.3809  data_time: 0.0276  memory: 10143  loss: 1.0917  decode.loss_ohem: 0.7373  decode.acc_seg: 94.3915  aux_0.loss_ce: 0.3544  aux_0.acc_seg: 87.6587
2026/07/26 22:19:20 - mmengine - INFO - Exp name: dsanet_cityscapes_512x1024_20260726_105627
2026/07/26 22:19:20 - mmengine - INFO - Iter(train) [106000/160000]  lr: 3.0447e-02  eta: 5:43:10  time: 0.3781  data_time: 0.0262  memory: 10141  loss: 1.0529  decode.loss_ohem: 0.7525  decode.acc_seg: 88.0908  aux_0.loss_ce: 0.3004  aux_0.acc_seg: 84.8397
2026/07/26 22:19:58 - mmengine - INFO - Iter(train) [106100/160000]  lr: 3.0396e-02  eta: 5:42:31  time: 0.3810  data_time: 0.0275  memory: 10141  loss: 0.9468  decode.loss_ohem: 0.6651  decode.acc_seg: 94.0841  aux_0.loss_ce: 0.2817  aux_0.acc_seg: 87.1205
2026/07/26 22:20:36 - mmengine - INFO - Iter(train) [106200/160000]  lr: 3.0345e-02  eta: 5:41:53  time: 0.3808  data_time: 0.0276  memory: 10143  loss: 1.1051  decode.loss_ohem: 0.7831  decode.acc_seg: 94.4575  aux_0.loss_ce: 0.3219  aux_0.acc_seg: 91.5114
2026/07/26 22:21:15 - mmengine - INFO - Iter(train) [106300/160000]  lr: 3.0295e-02  eta: 5:41:15  time: 0.3813  data_time: 0.0276  memory: 10141  loss: 1.1127  decode.loss_ohem: 0.7657  decode.acc_seg: 88.3736  aux_0.loss_ce: 0.3470  aux_0.acc_seg: 81.0192
2026/07/26 22:21:53 - mmengine - INFO - Iter(train) [106400/160000]  lr: 3.0244e-02  eta: 5:40:37  time: 0.3782  data_time: 0.0265  memory: 10142  loss: 1.1071  decode.loss_ohem: 0.7738  decode.acc_seg: 91.9839  aux_0.loss_ce: 0.3333  aux_0.acc_seg: 88.3705
2026/07/26 22:22:31 - mmengine - INFO - Iter(train) [106500/160000]  lr: 3.0193e-02  eta: 5:39:59  time: 0.3821  data_time: 0.0276  memory: 10141  loss: 1.0712  decode.loss_ohem: 0.7522  decode.acc_seg: 92.5128  aux_0.loss_ce: 0.3190  aux_0.acc_seg: 87.4879
2026/07/26 22:23:09 - mmengine - INFO - Iter(train) [106600/160000]  lr: 3.0142e-02  eta: 5:39:21  time: 0.3797  data_time: 0.0271  memory: 10142  loss: 1.0263  decode.loss_ohem: 0.7014  decode.acc_seg: 91.6495  aux_0.loss_ce: 0.3250  aux_0.acc_seg: 87.7279
2026/07/26 22:23:47 - mmengine - INFO - Iter(train) [106700/160000]  lr: 3.0092e-02  eta: 5:38:43  time: 0.3796  data_time: 0.0267  memory: 10143  loss: 1.0866  decode.loss_ohem: 0.7532  decode.acc_seg: 93.2233  aux_0.loss_ce: 0.3334  aux_0.acc_seg: 89.0438
2026/07/26 22:24:25 - mmengine - INFO - Iter(train) [106800/160000]  lr: 3.0041e-02  eta: 5:38:04  time: 0.3794  data_time: 0.0268  memory: 10142  loss: 1.0489  decode.loss_ohem: 0.7430  decode.acc_seg: 92.5702  aux_0.loss_ce: 0.3059  aux_0.acc_seg: 80.9452
2026/07/26 22:25:03 - mmengine - INFO - Iter(train) [106900/160000]  lr: 2.9990e-02  eta: 5:37:26  time: 0.3799  data_time: 0.0269  memory: 10142  loss: 1.1315  decode.loss_ohem: 0.7630  decode.acc_seg: 93.8763  aux_0.loss_ce: 0.3685  aux_0.acc_seg: 89.6642
2026/07/26 22:25:41 - mmengine - INFO - Exp name: dsanet_cityscapes_512x1024_20260726_105627
2026/07/26 22:25:41 - mmengine - INFO - Iter(train) [107000/160000]  lr: 2.9939e-02  eta: 5:36:48  time: 0.3783  data_time: 0.0263  memory: 10141  loss: 1.0996  decode.loss_ohem: 0.7855  decode.acc_seg: 93.7726  aux_0.loss_ce: 0.3141  aux_0.acc_seg: 90.5720
2026/07/26 22:26:18 - mmengine - INFO - Iter(train) [107100/160000]  lr: 2.9888e-02  eta: 5:36:10  time: 0.3804  data_time: 0.0272  memory: 10142  loss: 1.0672  decode.loss_ohem: 0.7324  decode.acc_seg: 92.0680  aux_0.loss_ce: 0.3349  aux_0.acc_seg: 88.8133
2026/07/26 22:26:56 - mmengine - INFO - Iter(train) [107200/160000]  lr: 2.9838e-02  eta: 5:35:31  time: 0.3795  data_time: 0.0268  memory: 10142  loss: 1.0555  decode.loss_ohem: 0.7259  decode.acc_seg: 94.2887  aux_0.loss_ce: 0.3297  aux_0.acc_seg: 89.6063
2026/07/26 22:27:34 - mmengine - INFO - Iter(train) [107300/160000]  lr: 2.9787e-02  eta: 5:34:53  time: 0.3791  data_time: 0.0264  memory: 10141  loss: 1.0806  decode.loss_ohem: 0.7498  decode.acc_seg: 92.2633  aux_0.loss_ce: 0.3308  aux_0.acc_seg: 88.8046
2026/07/26 22:28:12 - mmengine - INFO - Iter(train) [107400/160000]  lr: 2.9736e-02  eta: 5:34:15  time: 0.3780  data_time: 0.0264  memory: 10142  loss: 0.9851  decode.loss_ohem: 0.6988  decode.acc_seg: 93.1718  aux_0.loss_ce: 0.2863  aux_0.acc_seg: 86.6129
2026/07/26 22:28:50 - mmengine - INFO - Iter(train) [107500/160000]  lr: 2.9685e-02  eta: 5:33:37  time: 0.3781  data_time: 0.0263  memory: 10141  loss: 1.0994  decode.loss_ohem: 0.7758  decode.acc_seg: 93.4954  aux_0.loss_ce: 0.3235  aux_0.acc_seg: 87.7296
2026/07/26 22:29:28 - mmengine - INFO - Iter(train) [107600/160000]  lr: 2.9634e-02  eta: 5:32:58  time: 0.3788  data_time: 0.0264  memory: 10141  loss: 1.0405  decode.loss_ohem: 0.7060  decode.acc_seg: 90.3313  aux_0.loss_ce: 0.3345  aux_0.acc_seg: 86.7670
2026/07/26 22:30:06 - mmengine - INFO - Iter(train) [107700/160000]  lr: 2.9583e-02  eta: 5:32:20  time: 0.3781  data_time: 0.0267  memory: 10140  loss: 1.0044  decode.loss_ohem: 0.7255  decode.acc_seg: 94.3713  aux_0.loss_ce: 0.2789  aux_0.acc_seg: 90.4339
2026/07/26 22:30:44 - mmengine - INFO - Iter(train) [107800/160000]  lr: 2.9532e-02  eta: 5:31:42  time: 0.3802  data_time: 0.0269  memory: 10143  loss: 1.1014  decode.loss_ohem: 0.7799  decode.acc_seg: 91.7816  aux_0.loss_ce: 0.3215  aux_0.acc_seg: 88.5121
2026/07/26 22:31:22 - mmengine - INFO - Iter(train) [107900/160000]  lr: 2.9481e-02  eta: 5:31:04  time: 0.3798  data_time: 0.0264  memory: 10143  loss: 1.0062  decode.loss_ohem: 0.7072  decode.acc_seg: 93.6310  aux_0.loss_ce: 0.2990  aux_0.acc_seg: 90.6588
2026/07/26 22:32:00 - mmengine - INFO - Exp name: dsanet_cityscapes_512x1024_20260726_105627
2026/07/26 22:32:00 - mmengine - INFO - Iter(train) [108000/160000]  lr: 2.9430e-02  eta: 5:30:25  time: 0.3804  data_time: 0.0259  memory: 10142  loss: 1.0749  decode.loss_ohem: 0.7035  decode.acc_seg: 92.3842  aux_0.loss_ce: 0.3714  aux_0.acc_seg: 89.2460
2026/07/26 22:32:38 - mmengine - INFO - Iter(train) [108100/160000]  lr: 2.9380e-02  eta: 5:29:47  time: 0.3790  data_time: 0.0264  memory: 10141  loss: 1.1675  decode.loss_ohem: 0.8138  decode.acc_seg: 93.9227  aux_0.loss_ce: 0.3536  aux_0.acc_seg: 89.6927
2026/07/26 22:33:16 - mmengine - INFO - Iter(train) [108200/160000]  lr: 2.9329e-02  eta: 5:29:09  time: 0.3808  data_time: 0.0275  memory: 10142  loss: 1.0827  decode.loss_ohem: 0.7435  decode.acc_seg: 94.5256  aux_0.loss_ce: 0.3392  aux_0.acc_seg: 90.3278
2026/07/26 22:33:53 - mmengine - INFO - Iter(train) [108300/160000]  lr: 2.9278e-02  eta: 5:28:31  time: 0.3785  data_time: 0.0255  memory: 10142  loss: 1.1594  decode.loss_ohem: 0.7845  decode.acc_seg: 90.2916  aux_0.loss_ce: 0.3749  aux_0.acc_seg: 86.1911
2026/07/26 22:34:31 - mmengine - INFO - Iter(train) [108400/160000]  lr: 2.9227e-02  eta: 5:27:52  time: 0.3756  data_time: 0.0239  memory: 10141  loss: 1.0785  decode.loss_ohem: 0.7609  decode.acc_seg: 91.6730  aux_0.loss_ce: 0.3176  aux_0.acc_seg: 88.0862
2026/07/26 22:35:09 - mmengine - INFO - Iter(train) [108500/160000]  lr: 2.9176e-02  eta: 5:27:14  time: 0.3788  data_time: 0.0256  memory: 10142  loss: 1.0026  decode.loss_ohem: 0.6873  decode.acc_seg: 93.4918  aux_0.loss_ce: 0.3153  aux_0.acc_seg: 89.6057
2026/07/26 22:35:47 - mmengine - INFO - Iter(train) [108600/160000]  lr: 2.9125e-02  eta: 5:26:36  time: 0.3785  data_time: 0.0261  memory: 10141  loss: 1.0133  decode.loss_ohem: 0.6854  decode.acc_seg: 90.1453  aux_0.loss_ce: 0.3279  aux_0.acc_seg: 86.8593
2026/07/26 22:36:25 - mmengine - INFO - Iter(train) [108700/160000]  lr: 2.9074e-02  eta: 5:25:58  time: 0.3794  data_time: 0.0269  memory: 10141  loss: 1.0998  decode.loss_ohem: 0.7806  decode.acc_seg: 93.4093  aux_0.loss_ce: 0.3192  aux_0.acc_seg: 86.3518
2026/07/26 22:37:03 - mmengine - INFO - Iter(train) [108800/160000]  lr: 2.9023e-02  eta: 5:25:19  time: 0.3805  data_time: 0.0271  memory: 10140  loss: 1.0323  decode.loss_ohem: 0.7137  decode.acc_seg: 91.2261  aux_0.loss_ce: 0.3187  aux_0.acc_seg: 86.2440
2026/07/26 22:37:41 - mmengine - INFO - Iter(train) [108900/160000]  lr: 2.8972e-02  eta: 5:24:41  time: 0.3825  data_time: 0.0272  memory: 10142  loss: 1.0210  decode.loss_ohem: 0.7131  decode.acc_seg: 93.2560  aux_0.loss_ce: 0.3080  aux_0.acc_seg: 87.8215
2026/07/26 22:38:19 - mmengine - INFO - Exp name: dsanet_cityscapes_512x1024_20260726_105627
2026/07/26 22:38:19 - mmengine - INFO - Iter(train) [109000/160000]  lr: 2.8921e-02  eta: 5:24:03  time: 0.3767  data_time: 0.0251  memory: 10143  loss: 1.0582  decode.loss_ohem: 0.7400  decode.acc_seg: 91.0938  aux_0.loss_ce: 0.3181  aux_0.acc_seg: 81.8887
2026/07/26 22:38:57 - mmengine - INFO - Iter(train) [109100/160000]  lr: 2.8870e-02  eta: 5:23:25  time: 0.3784  data_time: 0.0258  memory: 10141  loss: 1.0248  decode.loss_ohem: 0.7051  decode.acc_seg: 91.9387  aux_0.loss_ce: 0.3197  aux_0.acc_seg: 88.4418
2026/07/26 22:39:34 - mmengine - INFO - Iter(train) [109200/160000]  lr: 2.8819e-02  eta: 5:22:46  time: 0.3788  data_time: 0.0260  memory: 10141  loss: 1.0480  decode.loss_ohem: 0.7303  decode.acc_seg: 93.8432  aux_0.loss_ce: 0.3177  aux_0.acc_seg: 89.2944
2026/07/26 22:40:12 - mmengine - INFO - Iter(train) [109300/160000]  lr: 2.8768e-02  eta: 5:22:08  time: 0.3737  data_time: 0.0243  memory: 10141  loss: 1.0794  decode.loss_ohem: 0.7406  decode.acc_seg: 93.5551  aux_0.loss_ce: 0.3388  aux_0.acc_seg: 87.0804
2026/07/26 22:40:50 - mmengine - INFO - Iter(train) [109400/160000]  lr: 2.8717e-02  eta: 5:21:30  time: 0.3787  data_time: 0.0265  memory: 10142  loss: 1.0273  decode.loss_ohem: 0.7180  decode.acc_seg: 89.7906  aux_0.loss_ce: 0.3092  aux_0.acc_seg: 85.7495
2026/07/26 22:41:28 - mmengine - INFO - Iter(train) [109500/160000]  lr: 2.8666e-02  eta: 5:20:52  time: 0.3835  data_time: 0.0283  memory: 10141  loss: 1.1190  decode.loss_ohem: 0.7777  decode.acc_seg: 94.2223  aux_0.loss_ce: 0.3413  aux_0.acc_seg: 90.4858
2026/07/26 22:42:06 - mmengine - INFO - Iter(train) [109600/160000]  lr: 2.8614e-02  eta: 5:20:14  time: 0.3771  data_time: 0.0245  memory: 10142  loss: 1.0830  decode.loss_ohem: 0.7550  decode.acc_seg: 92.4147  aux_0.loss_ce: 0.3280  aux_0.acc_seg: 88.1275
2026/07/26 22:42:44 - mmengine - INFO - Iter(train) [109700/160000]  lr: 2.8563e-02  eta: 5:19:35  time: 0.3814  data_time: 0.0268  memory: 10143  loss: 1.0627  decode.loss_ohem: 0.7160  decode.acc_seg: 90.6559  aux_0.loss_ce: 0.3467  aux_0.acc_seg: 85.4016
2026/07/26 22:43:22 - mmengine - INFO - Iter(train) [109800/160000]  lr: 2.8512e-02  eta: 5:18:57  time: 0.3772  data_time: 0.0246  memory: 10142  loss: 0.9689  decode.loss_ohem: 0.6693  decode.acc_seg: 92.4911  aux_0.loss_ce: 0.2996  aux_0.acc_seg: 87.4297
2026/07/26 22:44:00 - mmengine - INFO - Iter(train) [109900/160000]  lr: 2.8461e-02  eta: 5:18:19  time: 0.3809  data_time: 0.0273  memory: 10141  loss: 1.1049  decode.loss_ohem: 0.7606  decode.acc_seg: 92.1745  aux_0.loss_ce: 0.3443  aux_0.acc_seg: 82.9695
2026/07/26 22:44:38 - mmengine - INFO - Exp name: dsanet_cityscapes_512x1024_20260726_105627
2026/07/26 22:44:38 - mmengine - INFO - Iter(train) [110000/160000]  lr: 2.8410e-02  eta: 5:17:41  time: 0.3779  data_time: 0.0260  memory: 10143  loss: 1.0296  decode.loss_ohem: 0.7009  decode.acc_seg: 92.5731  aux_0.loss_ce: 0.3287  aux_0.acc_seg: 87.0900
2026/07/26 22:44:38 - mmengine - INFO - Saving checkpoint at 110000 iterations
2026/07/26 22:44:51 - mmengine - INFO - Iter(val) [100/250]    eta: 0:00:18  time: 0.1150  data_time: 0.0100  memory: 835  
2026/07/26 22:45:01 - mmengine - INFO - Iter(val) [200/250]    eta: 0:00:05  time: 0.0891  data_time: 0.0264  memory: 835  
2026/07/26 22:45:06 - mmengine - INFO - per class results:
2026/07/26 22:45:06 - mmengine - INFO - 
+---------------+-------+-------+
|     Class     |  IoU  |  Acc  |
+---------------+-------+-------+
|      road     | 96.74 | 99.12 |
|    sidewalk   | 75.58 | 79.79 |
|    building   | 89.72 | 93.64 |
|      wall     | 56.78 | 68.71 |
|     fence     | 54.48 | 63.14 |
|      pole     |  55.3 | 73.65 |
| traffic light | 54.27 | 75.45 |
|  traffic sign | 68.83 | 80.45 |
|   vegetation  | 90.73 | 96.07 |
|    terrain    | 61.08 | 75.16 |
|      sky      | 92.18 | 97.74 |
|     person    | 73.15 | 90.96 |
|     rider     | 48.24 | 55.71 |
|      car      | 92.44 | 97.76 |
|     truck     | 55.59 | 62.45 |
|      bus      | 71.72 | 90.43 |
|     train     | 53.36 | 63.64 |
|   motorcycle  | 44.38 | 65.11 |
|    bicycle    | 68.67 | 79.92 |
+---------------+-------+-------+
2026/07/26 22:45:06 - mmengine - INFO - Iter(val) [250/250]    aAcc: 94.4000  mIoU: 68.5900  mAcc: 79.4200  data_time: 0.0184  time: 0.1100
2026/07/26 22:45:44 - mmengine - INFO - Iter(train) [110100/160000]  lr: 2.8359e-02  eta: 5:17:03  time: 0.3792  data_time: 0.0248  memory: 10143  loss: 1.0716  decode.loss_ohem: 0.7295  decode.acc_seg: 93.7544  aux_0.loss_ce: 0.3421  aux_0.acc_seg: 89.5947
2026/07/26 22:46:22 - mmengine - INFO - Iter(train) [110200/160000]  lr: 2.8308e-02  eta: 5:16:25  time: 0.3820  data_time: 0.0254  memory: 10142  loss: 1.0023  decode.loss_ohem: 0.6924  decode.acc_seg: 93.1412  aux_0.loss_ce: 0.3099  aux_0.acc_seg: 90.8224
2026/07/26 22:47:01 - mmengine - INFO - Iter(train) [110300/160000]  lr: 2.8257e-02  eta: 5:15:46  time: 0.3840  data_time: 0.0292  memory: 10141  loss: 1.1123  decode.loss_ohem: 0.7858  decode.acc_seg: 93.9747  aux_0.loss_ce: 0.3266  aux_0.acc_seg: 89.3282
2026/07/26 22:47:39 - mmengine - INFO - Iter(train) [110400/160000]  lr: 2.8206e-02  eta: 5:15:08  time: 0.3849  data_time: 0.0294  memory: 10141  loss: 0.9699  decode.loss_ohem: 0.6728  decode.acc_seg: 92.5513  aux_0.loss_ce: 0.2971  aux_0.acc_seg: 86.5574
2026/07/26 22:48:18 - mmengine - INFO - Iter(train) [110500/160000]  lr: 2.8154e-02  eta: 5:14:30  time: 0.3854  data_time: 0.0289  memory: 10142  loss: 1.0524  decode.loss_ohem: 0.7328  decode.acc_seg: 92.9390  aux_0.loss_ce: 0.3196  aux_0.acc_seg: 85.9020
2026/07/26 22:48:56 - mmengine - INFO - Iter(train) [110600/160000]  lr: 2.8103e-02  eta: 5:13:53  time: 0.3855  data_time: 0.0290  memory: 10141  loss: 1.0322  decode.loss_ohem: 0.7230  decode.acc_seg: 93.5886  aux_0.loss_ce: 0.3092  aux_0.acc_seg: 90.9938
2026/07/26 22:49:35 - mmengine - INFO - Iter(train) [110700/160000]  lr: 2.8052e-02  eta: 5:13:15  time: 0.3845  data_time: 0.0290  memory: 10142  loss: 1.1093  decode.loss_ohem: 0.7390  decode.acc_seg: 91.8819  aux_0.loss_ce: 0.3704  aux_0.acc_seg: 86.2028
2026/07/26 22:50:13 - mmengine - INFO - Iter(train) [110800/160000]  lr: 2.8001e-02  eta: 5:12:37  time: 0.3816  data_time: 0.0285  memory: 10141  loss: 0.9930  decode.loss_ohem: 0.7192  decode.acc_seg: 93.8331  aux_0.loss_ce: 0.2737  aux_0.acc_seg: 90.1617
2026/07/26 22:50:51 - mmengine - INFO - Iter(train) [110900/160000]  lr: 2.7950e-02  eta: 5:11:59  time: 0.3847  data_time: 0.0286  memory: 10141  loss: 1.0237  decode.loss_ohem: 0.7080  decode.acc_seg: 92.2913  aux_0.loss_ce: 0.3157  aux_0.acc_seg: 86.6652
2026/07/26 22:51:30 - mmengine - INFO - Exp name: dsanet_cityscapes_512x1024_20260726_105627
2026/07/26 22:51:30 - mmengine - INFO - Iter(train) [111000/160000]  lr: 2.7898e-02  eta: 5:11:20  time: 0.3803  data_time: 0.0268  memory: 10141  loss: 1.0186  decode.loss_ohem: 0.7171  decode.acc_seg: 91.7895  aux_0.loss_ce: 0.3014  aux_0.acc_seg: 89.0637
2026/07/26 22:52:08 - mmengine - INFO - Iter(train) [111100/160000]  lr: 2.7847e-02  eta: 5:10:42  time: 0.3810  data_time: 0.0277  memory: 10142  loss: 1.0022  decode.loss_ohem: 0.7135  decode.acc_seg: 93.9040  aux_0.loss_ce: 0.2887  aux_0.acc_seg: 90.7754
2026/07/26 22:52:46 - mmengine - INFO - Iter(train) [111200/160000]  lr: 2.7796e-02  eta: 5:10:04  time: 0.3807  data_time: 0.0269  memory: 10143  loss: 1.0236  decode.loss_ohem: 0.6757  decode.acc_seg: 92.3422  aux_0.loss_ce: 0.3478  aux_0.acc_seg: 88.7382
2026/07/26 22:53:24 - mmengine - INFO - Iter(train) [111300/160000]  lr: 2.7745e-02  eta: 5:09:26  time: 0.3839  data_time: 0.0288  memory: 10141  loss: 1.0950  decode.loss_ohem: 0.7250  decode.acc_seg: 91.4641  aux_0.loss_ce: 0.3701  aux_0.acc_seg: 87.7205
2026/07/26 22:54:03 - mmengine - INFO - Iter(train) [111400/160000]  lr: 2.7693e-02  eta: 5:08:48  time: 0.3830  data_time: 0.0278  memory: 10142  loss: 0.9412  decode.loss_ohem: 0.6463  decode.acc_seg: 93.9739  aux_0.loss_ce: 0.2949  aux_0.acc_seg: 89.9344
2026/07/26 22:54:41 - mmengine - INFO - Iter(train) [111500/160000]  lr: 2.7642e-02  eta: 5:08:10  time: 0.3862  data_time: 0.0291  memory: 10142  loss: 1.0487  decode.loss_ohem: 0.7132  decode.acc_seg: 89.6601  aux_0.loss_ce: 0.3355  aux_0.acc_seg: 83.3812
2026/07/26 22:55:20 - mmengine - INFO - Iter(train) [111600/160000]  lr: 2.7591e-02  eta: 5:07:32  time: 0.3851  data_time: 0.0289  memory: 10141  loss: 1.0093  decode.loss_ohem: 0.6973  decode.acc_seg: 94.5380  aux_0.loss_ce: 0.3119  aux_0.acc_seg: 89.0513
2026/07/26 22:55:58 - mmengine - INFO - Iter(train) [111700/160000]  lr: 2.7540e-02  eta: 5:06:54  time: 0.3812  data_time: 0.0268  memory: 10141  loss: 1.0582  decode.loss_ohem: 0.7063  decode.acc_seg: 92.9490  aux_0.loss_ce: 0.3519  aux_0.acc_seg: 88.4459
2026/07/26 22:56:36 - mmengine - INFO - Iter(train) [111800/160000]  lr: 2.7488e-02  eta: 5:06:16  time: 0.3822  data_time: 0.0272  memory: 10140  loss: 1.0081  decode.loss_ohem: 0.6992  decode.acc_seg: 93.4795  aux_0.loss_ce: 0.3089  aux_0.acc_seg: 89.9645
2026/07/26 22:57:15 - mmengine - INFO - Iter(train) [111900/160000]  lr: 2.7437e-02  eta: 5:05:38  time: 0.3849  data_time: 0.0286  memory: 10142  loss: 1.1157  decode.loss_ohem: 0.7948  decode.acc_seg: 93.0784  aux_0.loss_ce: 0.3209  aux_0.acc_seg: 90.3255
2026/07/26 22:57:53 - mmengine - INFO - Exp name: dsanet_cityscapes_512x1024_20260726_105627
2026/07/26 22:57:53 - mmengine - INFO - Iter(train) [112000/160000]  lr: 2.7386e-02  eta: 5:05:00  time: 0.3835  data_time: 0.0275  memory: 10143  loss: 0.9851  decode.loss_ohem: 0.6991  decode.acc_seg: 94.2709  aux_0.loss_ce: 0.2860  aux_0.acc_seg: 91.1676
2026/07/26 22:58:32 - mmengine - INFO - Iter(train) [112100/160000]  lr: 2.7334e-02  eta: 5:04:22  time: 0.3829  data_time: 0.0285  memory: 10141  loss: 1.0160  decode.loss_ohem: 0.7165  decode.acc_seg: 93.6320  aux_0.loss_ce: 0.2995  aux_0.acc_seg: 89.9230
2026/07/26 22:59:10 - mmengine - INFO - Iter(train) [112200/160000]  lr: 2.7283e-02  eta: 5:03:44  time: 0.3834  data_time: 0.0273  memory: 10141  loss: 1.0239  decode.loss_ohem: 0.7122  decode.acc_seg: 92.5158  aux_0.loss_ce: 0.3117  aux_0.acc_seg: 89.1213
2026/07/26 22:59:48 - mmengine - INFO - Iter(train) [112300/160000]  lr: 2.7232e-02  eta: 5:03:06  time: 0.3822  data_time: 0.0281  memory: 10142  loss: 1.0675  decode.loss_ohem: 0.7644  decode.acc_seg: 94.1545  aux_0.loss_ce: 0.3031  aux_0.acc_seg: 90.8087
2026/07/26 23:00:27 - mmengine - INFO - Iter(train) [112400/160000]  lr: 2.7180e-02  eta: 5:02:28  time: 0.3844  data_time: 0.0283  memory: 10141  loss: 0.9540  decode.loss_ohem: 0.6822  decode.acc_seg: 91.9453  aux_0.loss_ce: 0.2718  aux_0.acc_seg: 89.5139
2026/07/26 23:01:05 - mmengine - INFO - Iter(train) [112500/160000]  lr: 2.7129e-02  eta: 5:01:50  time: 0.3829  data_time: 0.0275  memory: 10141  loss: 1.0266  decode.loss_ohem: 0.7010  decode.acc_seg: 89.6074  aux_0.loss_ce: 0.3257  aux_0.acc_seg: 80.2498
2026/07/26 23:01:43 - mmengine - INFO - Iter(train) [112600/160000]  lr: 2.7077e-02  eta: 5:01:12  time: 0.3823  data_time: 0.0280  memory: 10142  loss: 1.0427  decode.loss_ohem: 0.7223  decode.acc_seg: 90.5209  aux_0.loss_ce: 0.3204  aux_0.acc_seg: 84.9188
2026/07/26 23:02:22 - mmengine - INFO - Iter(train) [112700/160000]  lr: 2.7026e-02  eta: 5:00:34  time: 0.3879  data_time: 0.0298  memory: 10142  loss: 1.0538  decode.loss_ohem: 0.7204  decode.acc_seg: 89.1494  aux_0.loss_ce: 0.3335  aux_0.acc_seg: 82.8001
2026/07/26 23:03:00 - mmengine - INFO - Iter(train) [112800/160000]  lr: 2.6975e-02  eta: 4:59:56  time: 0.3835  data_time: 0.0281  memory: 10141  loss: 1.0475  decode.loss_ohem: 0.7271  decode.acc_seg: 91.4620  aux_0.loss_ce: 0.3204  aux_0.acc_seg: 87.4155
2026/07/26 23:03:39 - mmengine - INFO - Iter(train) [112900/160000]  lr: 2.6923e-02  eta: 4:59:18  time: 0.3838  data_time: 0.0279  memory: 10142  loss: 1.0282  decode.loss_ohem: 0.6998  decode.acc_seg: 93.0119  aux_0.loss_ce: 0.3284  aux_0.acc_seg: 86.6726
2026/07/26 23:04:17 - mmengine - INFO - Exp name: dsanet_cityscapes_512x1024_20260726_105627
2026/07/26 23:04:17 - mmengine - INFO - Iter(train) [113000/160000]  lr: 2.6872e-02  eta: 4:58:40  time: 0.3815  data_time: 0.0268  memory: 10142  loss: 1.0596  decode.loss_ohem: 0.7316  decode.acc_seg: 92.6092  aux_0.loss_ce: 0.3280  aux_0.acc_seg: 81.7274
2026/07/26 23:04:55 - mmengine - INFO - Iter(train) [113100/160000]  lr: 2.6820e-02  eta: 4:58:02  time: 0.3831  data_time: 0.0279  memory: 10142  loss: 1.0818  decode.loss_ohem: 0.7363  decode.acc_seg: 92.7569  aux_0.loss_ce: 0.3455  aux_0.acc_seg: 89.8526
2026/07/26 23:05:33 - mmengine - INFO - Iter(train) [113200/160000]  lr: 2.6769e-02  eta: 4:57:24  time: 0.3788  data_time: 0.0263  memory: 10141  loss: 1.0194  decode.loss_ohem: 0.7237  decode.acc_seg: 92.8605  aux_0.loss_ce: 0.2957  aux_0.acc_seg: 88.9654
2026/07/26 23:06:11 - mmengine - INFO - Iter(train) [113300/160000]  lr: 2.6717e-02  eta: 4:56:45  time: 0.3802  data_time: 0.0262  memory: 10142  loss: 1.0466  decode.loss_ohem: 0.7070  decode.acc_seg: 93.3543  aux_0.loss_ce: 0.3396  aux_0.acc_seg: 90.1325
2026/07/26 23:06:50 - mmengine - INFO - Iter(train) [113400/160000]  lr: 2.6666e-02  eta: 4:56:07  time: 0.3837  data_time: 0.0279  memory: 10141  loss: 0.9873  decode.loss_ohem: 0.6742  decode.acc_seg: 93.7726  aux_0.loss_ce: 0.3131  aux_0.acc_seg: 86.8521
2026/07/26 23:07:28 - mmengine - INFO - Iter(train) [113500/160000]  lr: 2.6614e-02  eta: 4:55:29  time: 0.3808  data_time: 0.0270  memory: 10142  loss: 1.0451  decode.loss_ohem: 0.7145  decode.acc_seg: 93.9783  aux_0.loss_ce: 0.3306  aux_0.acc_seg: 87.2174
2026/07/26 23:08:06 - mmengine - INFO - Iter(train) [113600/160000]  lr: 2.6563e-02  eta: 4:54:51  time: 0.3820  data_time: 0.0274  memory: 10142  loss: 1.0384  decode.loss_ohem: 0.7100  decode.acc_seg: 92.9358  aux_0.loss_ce: 0.3285  aux_0.acc_seg: 87.0159
2026/07/26 23:08:44 - mmengine - INFO - Iter(train) [113700/160000]  lr: 2.6511e-02  eta: 4:54:13  time: 0.3796  data_time: 0.0268  memory: 10143  loss: 1.0124  decode.loss_ohem: 0.7272  decode.acc_seg: 94.2802  aux_0.loss_ce: 0.2852  aux_0.acc_seg: 89.2878
2026/07/26 23:09:22 - mmengine - INFO - Iter(train) [113800/160000]  lr: 2.6460e-02  eta: 4:53:35  time: 0.3816  data_time: 0.0274  memory: 10142  loss: 1.0288  decode.loss_ohem: 0.7309  decode.acc_seg: 91.9062  aux_0.loss_ce: 0.2980  aux_0.acc_seg: 87.2182
2026/07/26 23:10:00 - mmengine - INFO - Iter(train) [113900/160000]  lr: 2.6408e-02  eta: 4:52:56  time: 0.3804  data_time: 0.0277  memory: 10141  loss: 1.0966  decode.loss_ohem: 0.7824  decode.acc_seg: 90.6694  aux_0.loss_ce: 0.3142  aux_0.acc_seg: 84.7242
2026/07/26 23:10:38 - mmengine - INFO - Exp name: dsanet_cityscapes_512x1024_20260726_105627
2026/07/26 23:10:38 - mmengine - INFO - Iter(train) [114000/160000]  lr: 2.6357e-02  eta: 4:52:18  time: 0.3797  data_time: 0.0267  memory: 10142  loss: 1.1151  decode.loss_ohem: 0.7585  decode.acc_seg: 89.3347  aux_0.loss_ce: 0.3566  aux_0.acc_seg: 83.9336
2026/07/26 23:11:16 - mmengine - INFO - Iter(train) [114100/160000]  lr: 2.6305e-02  eta: 4:51:40  time: 0.3809  data_time: 0.0268  memory: 10144  loss: 1.0924  decode.loss_ohem: 0.7555  decode.acc_seg: 92.6020  aux_0.loss_ce: 0.3369  aux_0.acc_seg: 89.9044
2026/07/26 23:11:55 - mmengine - INFO - Iter(train) [114200/160000]  lr: 2.6254e-02  eta: 4:51:02  time: 0.3818  data_time: 0.0272  memory: 10141  loss: 1.0318  decode.loss_ohem: 0.7270  decode.acc_seg: 92.8652  aux_0.loss_ce: 0.3049  aux_0.acc_seg: 89.2785
2026/07/26 23:12:33 - mmengine - INFO - Iter(train) [114300/160000]  lr: 2.6202e-02  eta: 4:50:24  time: 0.3847  data_time: 0.0286  memory: 10142  loss: 1.0023  decode.loss_ohem: 0.6887  decode.acc_seg: 92.6164  aux_0.loss_ce: 0.3136  aux_0.acc_seg: 83.5321
2026/07/26 23:13:11 - mmengine - INFO - Iter(train) [114400/160000]  lr: 2.6151e-02  eta: 4:49:46  time: 0.3836  data_time: 0.0283  memory: 10141  loss: 1.0280  decode.loss_ohem: 0.7019  decode.acc_seg: 92.1385  aux_0.loss_ce: 0.3262  aux_0.acc_seg: 84.7883
2026/07/26 23:13:50 - mmengine - INFO - Iter(train) [114500/160000]  lr: 2.6099e-02  eta: 4:49:08  time: 0.3825  data_time: 0.0278  memory: 10142  loss: 1.0806  decode.loss_ohem: 0.7491  decode.acc_seg: 91.7734  aux_0.loss_ce: 0.3315  aux_0.acc_seg: 88.0569
2026/07/26 23:14:28 - mmengine - INFO - Iter(train) [114600/160000]  lr: 2.6047e-02  eta: 4:48:30  time: 0.3854  data_time: 0.0292  memory: 10141  loss: 1.0512  decode.loss_ohem: 0.7702  decode.acc_seg: 94.2757  aux_0.loss_ce: 0.2810  aux_0.acc_seg: 88.9354
2026/07/26 23:15:06 - mmengine - INFO - Iter(train) [114700/160000]  lr: 2.5996e-02  eta: 4:47:52  time: 0.3803  data_time: 0.0267  memory: 10144  loss: 1.0319  decode.loss_ohem: 0.7126  decode.acc_seg: 93.7172  aux_0.loss_ce: 0.3193  aux_0.acc_seg: 89.1208
2026/07/26 23:15:44 - mmengine - INFO - Iter(train) [114800/160000]  lr: 2.5944e-02  eta: 4:47:14  time: 0.3791  data_time: 0.0262  memory: 10143  loss: 1.0840  decode.loss_ohem: 0.7579  decode.acc_seg: 93.1741  aux_0.loss_ce: 0.3261  aux_0.acc_seg: 90.4429
2026/07/26 23:16:23 - mmengine - INFO - Iter(train) [114900/160000]  lr: 2.5892e-02  eta: 4:46:36  time: 0.3832  data_time: 0.0271  memory: 10142  loss: 1.0685  decode.loss_ohem: 0.7415  decode.acc_seg: 94.1454  aux_0.loss_ce: 0.3270  aux_0.acc_seg: 87.8576
2026/07/26 23:17:01 - mmengine - INFO - Exp name: dsanet_cityscapes_512x1024_20260726_105627
2026/07/26 23:17:01 - mmengine - INFO - Iter(train) [115000/160000]  lr: 2.5841e-02  eta: 4:45:57  time: 0.3801  data_time: 0.0256  memory: 10141  loss: 1.0966  decode.loss_ohem: 0.7744  decode.acc_seg: 90.9115  aux_0.loss_ce: 0.3222  aux_0.acc_seg: 86.7260
2026/07/26 23:17:01 - mmengine - INFO - Saving checkpoint at 115000 iterations
2026/07/26 23:17:11 - mmengine - INFO - Iter(val) [100/250]    eta: 0:00:15  time: 0.0962  data_time: 0.0281  memory: 835  
2026/07/26 23:17:21 - mmengine - INFO - Iter(val) [200/250]    eta: 0:00:05  time: 0.1018  data_time: 0.0381  memory: 835  
2026/07/26 23:17:26 - mmengine - INFO - per class results:
2026/07/26 23:17:26 - mmengine - INFO - 
+---------------+-------+-------+
|     Class     |  IoU  |  Acc  |
+---------------+-------+-------+
|      road     | 97.66 | 98.79 |
|    sidewalk   | 81.02 |  89.7 |
|    building   | 90.47 | 95.78 |
|      wall     | 42.47 | 46.52 |
|     fence     | 53.51 |  69.0 |
|      pole     | 57.36 |  68.3 |
| traffic light | 57.22 | 67.81 |
|  traffic sign | 69.07 | 77.63 |
|   vegetation  | 90.83 | 95.96 |
|    terrain    | 59.19 | 71.12 |
|      sky      | 93.67 | 96.83 |
|     person    | 72.97 | 88.89 |
|     rider     | 47.59 | 55.86 |
|      car      | 93.13 | 96.51 |
|     truck     | 56.28 | 60.52 |
|      bus      | 76.51 | 92.66 |
|     train     |  72.7 | 78.66 |
|   motorcycle  | 39.89 | 43.08 |
|    bicycle    | 69.67 |  85.0 |
+---------------+-------+-------+
2026/07/26 23:17:26 - mmengine - INFO - Iter(val) [250/250]    aAcc: 94.9000  mIoU: 69.5400  mAcc: 77.8200  data_time: 0.0239  time: 0.1006
2026/07/26 23:17:26 - mmengine - INFO - The previous best checkpoint /root/autodl-tmp/DSANet-main/tools/work_dirs/dsanet_cityscapes_512x1024/best_mIoU_iter_100000.pth is removed
2026/07/26 23:17:27 - mmengine - INFO - The best checkpoint with 69.5400 mIoU at 115000 iter is saved to best_mIoU_iter_115000.pth.
2026/07/26 23:18:05 - mmengine - INFO - Iter(train) [115100/160000]  lr: 2.5789e-02  eta: 4:45:20  time: 0.3796  data_time: 0.0266  memory: 10144  loss: 1.0621  decode.loss_ohem: 0.7432  decode.acc_seg: 95.2299  aux_0.loss_ce: 0.3190  aux_0.acc_seg: 90.6117
2026/07/26 23:18:43 - mmengine - INFO - Iter(train) [115200/160000]  lr: 2.5737e-02  eta: 4:44:41  time: 0.3791  data_time: 0.0263  memory: 10141  loss: 1.0904  decode.loss_ohem: 0.7919  decode.acc_seg: 91.3898  aux_0.loss_ce: 0.2985  aux_0.acc_seg: 90.7784
2026/07/26 23:19:21 - mmengine - INFO - Iter(train) [115300/160000]  lr: 2.5686e-02  eta: 4:44:03  time: 0.3811  data_time: 0.0270  memory: 10141  loss: 1.1305  decode.loss_ohem: 0.7944  decode.acc_seg: 91.4341  aux_0.loss_ce: 0.3362  aux_0.acc_seg: 87.4830
2026/07/26 23:19:59 - mmengine - INFO - Iter(train) [115400/160000]  lr: 2.5634e-02  eta: 4:43:25  time: 0.3798  data_time: 0.0266  memory: 10141  loss: 0.9935  decode.loss_ohem: 0.6862  decode.acc_seg: 93.0480  aux_0.loss_ce: 0.3073  aux_0.acc_seg: 89.4113
2026/07/26 23:20:37 - mmengine - INFO - Iter(train) [115500/160000]  lr: 2.5582e-02  eta: 4:42:47  time: 0.3791  data_time: 0.0257  memory: 10142  loss: 1.0962  decode.loss_ohem: 0.7807  decode.acc_seg: 90.3822  aux_0.loss_ce: 0.3156  aux_0.acc_seg: 87.3816
2026/07/26 23:21:15 - mmengine - INFO - Iter(train) [115600/160000]  lr: 2.5531e-02  eta: 4:42:09  time: 0.3802  data_time: 0.0265  memory: 10141  loss: 1.0222  decode.loss_ohem: 0.7042  decode.acc_seg: 93.3725  aux_0.loss_ce: 0.3179  aux_0.acc_seg: 90.1487
2026/07/26 23:21:53 - mmengine - INFO - Iter(train) [115700/160000]  lr: 2.5479e-02  eta: 4:41:30  time: 0.3805  data_time: 0.0272  memory: 10140  loss: 0.9983  decode.loss_ohem: 0.6881  decode.acc_seg: 94.3334  aux_0.loss_ce: 0.3102  aux_0.acc_seg: 88.9878
2026/07/26 23:22:31 - mmengine - INFO - Iter(train) [115800/160000]  lr: 2.5427e-02  eta: 4:40:52  time: 0.3776  data_time: 0.0253  memory: 10143  loss: 0.9627  decode.loss_ohem: 0.6661  decode.acc_seg: 92.3493  aux_0.loss_ce: 0.2966  aux_0.acc_seg: 87.5978
2026/07/26 23:23:09 - mmengine - INFO - Iter(train) [115900/160000]  lr: 2.5375e-02  eta: 4:40:14  time: 0.3791  data_time: 0.0255  memory: 10141  loss: 1.0587  decode.loss_ohem: 0.7733  decode.acc_seg: 93.5587  aux_0.loss_ce: 0.2854  aux_0.acc_seg: 90.1361
2026/07/26 23:23:47 - mmengine - INFO - Exp name: dsanet_cityscapes_512x1024_20260726_105627
2026/07/26 23:23:47 - mmengine - INFO - Iter(train) [116000/160000]  lr: 2.5324e-02  eta: 4:39:36  time: 0.3815  data_time: 0.0266  memory: 10142  loss: 1.0622  decode.loss_ohem: 0.7058  decode.acc_seg: 90.4799  aux_0.loss_ce: 0.3564  aux_0.acc_seg: 87.4242
2026/07/26 23:24:25 - mmengine - INFO - Iter(train) [116100/160000]  lr: 2.5272e-02  eta: 4:38:58  time: 0.3793  data_time: 0.0263  memory: 10141  loss: 1.0335  decode.loss_ohem: 0.7377  decode.acc_seg: 90.6311  aux_0.loss_ce: 0.2958  aux_0.acc_seg: 88.7688
2026/07/26 23:25:03 - mmengine - INFO - Iter(train) [116200/160000]  lr: 2.5220e-02  eta: 4:38:20  time: 0.3789  data_time: 0.0260  memory: 10141  loss: 1.0672  decode.loss_ohem: 0.7309  decode.acc_seg: 93.6468  aux_0.loss_ce: 0.3362  aux_0.acc_seg: 88.4502
2026/07/26 23:25:41 - mmengine - INFO - Iter(train) [116300/160000]  lr: 2.5168e-02  eta: 4:37:41  time: 0.3795  data_time: 0.0262  memory: 10142  loss: 1.1664  decode.loss_ohem: 0.8351  decode.acc_seg: 93.6868  aux_0.loss_ce: 0.3313  aux_0.acc_seg: 88.7239
2026/07/26 23:26:19 - mmengine - INFO - Iter(train) [116400/160000]  lr: 2.5116e-02  eta: 4:37:03  time: 0.3819  data_time: 0.0275  memory: 10141  loss: 1.1200  decode.loss_ohem: 0.7700  decode.acc_seg: 93.0901  aux_0.loss_ce: 0.3500  aux_0.acc_seg: 89.5142
2026/07/26 23:26:58 - mmengine - INFO - Iter(train) [116500/160000]  lr: 2.5065e-02  eta: 4:36:25  time: 0.3739  data_time: 0.0236  memory: 10143  loss: 1.0722  decode.loss_ohem: 0.7560  decode.acc_seg: 92.5454  aux_0.loss_ce: 0.3162  aux_0.acc_seg: 87.5246
2026/07/26 23:27:35 - mmengine - INFO - Iter(train) [116600/160000]  lr: 2.5013e-02  eta: 4:35:47  time: 0.3799  data_time: 0.0261  memory: 10143  loss: 1.0174  decode.loss_ohem: 0.6755  decode.acc_seg: 92.2809  aux_0.loss_ce: 0.3419  aux_0.acc_seg: 88.7074
2026/07/26 23:28:13 - mmengine - INFO - Iter(train) [116700/160000]  lr: 2.4961e-02  eta: 4:35:09  time: 0.3813  data_time: 0.0266  memory: 10144  loss: 1.0915  decode.loss_ohem: 0.7602  decode.acc_seg: 91.0469  aux_0.loss_ce: 0.3313  aux_0.acc_seg: 84.0767
2026/07/26 23:28:52 - mmengine - INFO - Iter(train) [116800/160000]  lr: 2.4909e-02  eta: 4:34:30  time: 0.3809  data_time: 0.0266  memory: 10140  loss: 1.0265  decode.loss_ohem: 0.6847  decode.acc_seg: 92.8105  aux_0.loss_ce: 0.3419  aux_0.acc_seg: 87.6577
2026/07/26 23:29:30 - mmengine - INFO - Iter(train) [116900/160000]  lr: 2.4857e-02  eta: 4:33:52  time: 0.3782  data_time: 0.0253  memory: 10143  loss: 1.0437  decode.loss_ohem: 0.7174  decode.acc_seg: 92.3765  aux_0.loss_ce: 0.3263  aux_0.acc_seg: 88.8721
2026/07/26 23:30:08 - mmengine - INFO - Exp name: dsanet_cityscapes_512x1024_20260726_105627
2026/07/26 23:30:08 - mmengine - INFO - Iter(train) [117000/160000]  lr: 2.4805e-02  eta: 4:33:14  time: 0.3797  data_time: 0.0258  memory: 10141  loss: 1.0613  decode.loss_ohem: 0.7478  decode.acc_seg: 92.7987  aux_0.loss_ce: 0.3135  aux_0.acc_seg: 87.4412
2026/07/26 23:30:46 - mmengine - INFO - Iter(train) [117100/160000]  lr: 2.4753e-02  eta: 4:32:36  time: 0.3808  data_time: 0.0266  memory: 10140  loss: 1.0433  decode.loss_ohem: 0.7265  decode.acc_seg: 93.0092  aux_0.loss_ce: 0.3168  aux_0.acc_seg: 86.6040
2026/07/26 23:31:24 - mmengine - INFO - Iter(train) [117200/160000]  lr: 2.4701e-02  eta: 4:31:58  time: 0.3782  data_time: 0.0259  memory: 10141  loss: 0.9533  decode.loss_ohem: 0.6673  decode.acc_seg: 92.6388  aux_0.loss_ce: 0.2860  aux_0.acc_seg: 89.7777
2026/07/26 23:32:02 - mmengine - INFO - Iter(train) [117300/160000]  lr: 2.4649e-02  eta: 4:31:20  time: 0.3809  data_time: 0.0277  memory: 10140  loss: 1.1612  decode.loss_ohem: 0.8173  decode.acc_seg: 93.5124  aux_0.loss_ce: 0.3439  aux_0.acc_seg: 90.5465
2026/07/26 23:32:40 - mmengine - INFO - Iter(train) [117400/160000]  lr: 2.4598e-02  eta: 4:30:42  time: 0.3824  data_time: 0.0279  memory: 10141  loss: 1.0156  decode.loss_ohem: 0.7073  decode.acc_seg: 91.6613  aux_0.loss_ce: 0.3084  aux_0.acc_seg: 84.8504
2026/07/26 23:33:18 - mmengine - INFO - Iter(train) [117500/160000]  lr: 2.4546e-02  eta: 4:30:03  time: 0.3824  data_time: 0.0280  memory: 10141  loss: 0.9659  decode.loss_ohem: 0.6702  decode.acc_seg: 93.2536  aux_0.loss_ce: 0.2957  aux_0.acc_seg: 90.7200
2026/07/26 23:33:56 - mmengine - INFO - Iter(train) [117600/160000]  lr: 2.4494e-02  eta: 4:29:25  time: 0.3837  data_time: 0.0288  memory: 10143  loss: 0.9859  decode.loss_ohem: 0.7087  decode.acc_seg: 91.9499  aux_0.loss_ce: 0.2772  aux_0.acc_seg: 88.2195
2026/07/26 23:34:35 - mmengine - INFO - Iter(train) [117700/160000]  lr: 2.4442e-02  eta: 4:28:47  time: 0.3821  data_time: 0.0277  memory: 10141  loss: 1.0786  decode.loss_ohem: 0.7455  decode.acc_seg: 90.2297  aux_0.loss_ce: 0.3331  aux_0.acc_seg: 84.0531
2026/07/26 23:35:13 - mmengine - INFO - Iter(train) [117800/160000]  lr: 2.4390e-02  eta: 4:28:09  time: 0.3826  data_time: 0.0275  memory: 10142  loss: 0.9973  decode.loss_ohem: 0.6822  decode.acc_seg: 92.4904  aux_0.loss_ce: 0.3150  aux_0.acc_seg: 86.8642
2026/07/26 23:35:51 - mmengine - INFO - Iter(train) [117900/160000]  lr: 2.4338e-02  eta: 4:27:31  time: 0.3840  data_time: 0.0287  memory: 10141  loss: 1.0419  decode.loss_ohem: 0.7264  decode.acc_seg: 94.1168  aux_0.loss_ce: 0.3155  aux_0.acc_seg: 89.5834
2026/07/26 23:36:30 - mmengine - INFO - Exp name: dsanet_cityscapes_512x1024_20260726_105627
2026/07/26 23:36:30 - mmengine - INFO - Iter(train) [118000/160000]  lr: 2.4286e-02  eta: 4:26:53  time: 0.3820  data_time: 0.0279  memory: 10141  loss: 0.9734  decode.loss_ohem: 0.6789  decode.acc_seg: 92.0934  aux_0.loss_ce: 0.2945  aux_0.acc_seg: 85.7973
2026/07/26 23:37:08 - mmengine - INFO - Iter(train) [118100/160000]  lr: 2.4234e-02  eta: 4:26:15  time: 0.3855  data_time: 0.0279  memory: 10141  loss: 0.9611  decode.loss_ohem: 0.6785  decode.acc_seg: 93.8283  aux_0.loss_ce: 0.2825  aux_0.acc_seg: 91.2633
2026/07/26 23:37:46 - mmengine - INFO - Iter(train) [118200/160000]  lr: 2.4182e-02  eta: 4:25:37  time: 0.3830  data_time: 0.0285  memory: 10144  loss: 0.9611  decode.loss_ohem: 0.7024  decode.acc_seg: 93.5021  aux_0.loss_ce: 0.2587  aux_0.acc_seg: 89.9245
2026/07/26 23:38:25 - mmengine - INFO - Iter(train) [118300/160000]  lr: 2.4130e-02  eta: 4:24:59  time: 0.3815  data_time: 0.0276  memory: 10141  loss: 1.0225  decode.loss_ohem: 0.6990  decode.acc_seg: 94.5533  aux_0.loss_ce: 0.3235  aux_0.acc_seg: 90.7840
2026/07/26 23:39:03 - mmengine - INFO - Iter(train) [118400/160000]  lr: 2.4077e-02  eta: 4:24:21  time: 0.3804  data_time: 0.0275  memory: 10141  loss: 1.0722  decode.loss_ohem: 0.7663  decode.acc_seg: 91.7872  aux_0.loss_ce: 0.3060  aux_0.acc_seg: 87.9701
2026/07/26 23:39:41 - mmengine - INFO - Iter(train) [118500/160000]  lr: 2.4025e-02  eta: 4:23:43  time: 0.3825  data_time: 0.0283  memory: 10141  loss: 0.9738  decode.loss_ohem: 0.6998  decode.acc_seg: 94.1050  aux_0.loss_ce: 0.2740  aux_0.acc_seg: 88.7960
2026/07/26 23:40:19 - mmengine - INFO - Iter(train) [118600/160000]  lr: 2.3973e-02  eta: 4:23:05  time: 0.3846  data_time: 0.0290  memory: 10140  loss: 1.0314  decode.loss_ohem: 0.7107  decode.acc_seg: 91.3060  aux_0.loss_ce: 0.3207  aux_0.acc_seg: 87.0354
2026/07/26 23:40:58 - mmengine - INFO - Iter(train) [118700/160000]  lr: 2.3921e-02  eta: 4:22:26  time: 0.3842  data_time: 0.0283  memory: 10141  loss: 1.1183  decode.loss_ohem: 0.7711  decode.acc_seg: 91.6792  aux_0.loss_ce: 0.3472  aux_0.acc_seg: 88.2298
2026/07/26 23:41:36 - mmengine - INFO - Iter(train) [118800/160000]  lr: 2.3869e-02  eta: 4:21:48  time: 0.3852  data_time: 0.0290  memory: 10141  loss: 0.9924  decode.loss_ohem: 0.6997  decode.acc_seg: 94.2244  aux_0.loss_ce: 0.2927  aux_0.acc_seg: 92.6416
2026/07/26 23:42:15 - mmengine - INFO - Iter(train) [118900/160000]  lr: 2.3817e-02  eta: 4:21:10  time: 0.3836  data_time: 0.0281  memory: 10141  loss: 1.0465  decode.loss_ohem: 0.7356  decode.acc_seg: 92.9070  aux_0.loss_ce: 0.3109  aux_0.acc_seg: 88.9756
2026/07/26 23:42:53 - mmengine - INFO - Exp name: dsanet_cityscapes_512x1024_20260726_105627
2026/07/26 23:42:53 - mmengine - INFO - Iter(train) [119000/160000]  lr: 2.3765e-02  eta: 4:20:32  time: 0.3837  data_time: 0.0282  memory: 10143  loss: 1.0359  decode.loss_ohem: 0.7242  decode.acc_seg: 91.7851  aux_0.loss_ce: 0.3118  aux_0.acc_seg: 87.8134
2026/07/26 23:43:31 - mmengine - INFO - Iter(train) [119100/160000]  lr: 2.3713e-02  eta: 4:19:54  time: 0.3851  data_time: 0.0288  memory: 10141  loss: 1.0419  decode.loss_ohem: 0.7128  decode.acc_seg: 92.0286  aux_0.loss_ce: 0.3291  aux_0.acc_seg: 87.2309
2026/07/26 23:44:10 - mmengine - INFO - Iter(train) [119200/160000]  lr: 2.3661e-02  eta: 4:19:16  time: 0.3818  data_time: 0.0279  memory: 10141  loss: 1.0456  decode.loss_ohem: 0.7214  decode.acc_seg: 93.0577  aux_0.loss_ce: 0.3242  aux_0.acc_seg: 85.5260
2026/07/26 23:44:48 - mmengine - INFO - Iter(train) [119300/160000]  lr: 2.3608e-02  eta: 4:18:38  time: 0.3805  data_time: 0.0276  memory: 10141  loss: 1.0457  decode.loss_ohem: 0.7109  decode.acc_seg: 93.0115  aux_0.loss_ce: 0.3349  aux_0.acc_seg: 87.1105
2026/07/26 23:45:26 - mmengine - INFO - Iter(train) [119400/160000]  lr: 2.3556e-02  eta: 4:18:00  time: 0.3835  data_time: 0.0283  memory: 10143  loss: 1.0554  decode.loss_ohem: 0.7383  decode.acc_seg: 94.1848  aux_0.loss_ce: 0.3171  aux_0.acc_seg: 90.8822
2026/07/26 23:46:05 - mmengine - INFO - Iter(train) [119500/160000]  lr: 2.3504e-02  eta: 4:17:22  time: 0.3867  data_time: 0.0299  memory: 10141  loss: 0.9887  decode.loss_ohem: 0.6604  decode.acc_seg: 93.4545  aux_0.loss_ce: 0.3284  aux_0.acc_seg: 90.7917
2026/07/26 23:46:43 - mmengine - INFO - Iter(train) [119600/160000]  lr: 2.3452e-02  eta: 4:16:44  time: 0.3841  data_time: 0.0288  memory: 10141  loss: 1.0972  decode.loss_ohem: 0.7617  decode.acc_seg: 91.6893  aux_0.loss_ce: 0.3356  aux_0.acc_seg: 88.0518
2026/07/26 23:47:21 - mmengine - INFO - Iter(train) [119700/160000]  lr: 2.3400e-02  eta: 4:16:06  time: 0.3813  data_time: 0.0270  memory: 10141  loss: 1.0213  decode.loss_ohem: 0.7166  decode.acc_seg: 94.6161  aux_0.loss_ce: 0.3046  aux_0.acc_seg: 91.3038
2026/07/26 23:47:59 - mmengine - INFO - Iter(train) [119800/160000]  lr: 2.3347e-02  eta: 4:15:28  time: 0.3784  data_time: 0.0259  memory: 10143  loss: 1.0076  decode.loss_ohem: 0.6757  decode.acc_seg: 91.4444  aux_0.loss_ce: 0.3319  aux_0.acc_seg: 86.9260
2026/07/26 23:48:37 - mmengine - INFO - Iter(train) [119900/160000]  lr: 2.3295e-02  eta: 4:14:49  time: 0.3803  data_time: 0.0267  memory: 10141  loss: 1.0075  decode.loss_ohem: 0.7130  decode.acc_seg: 93.4197  aux_0.loss_ce: 0.2946  aux_0.acc_seg: 90.2867
2026/07/26 23:49:15 - mmengine - INFO - Exp name: dsanet_cityscapes_512x1024_20260726_105627
2026/07/26 23:49:15 - mmengine - INFO - Iter(train) [120000/160000]  lr: 2.3243e-02  eta: 4:14:11  time: 0.3776  data_time: 0.0256  memory: 10141  loss: 1.1112  decode.loss_ohem: 0.7582  decode.acc_seg: 93.5634  aux_0.loss_ce: 0.3531  aux_0.acc_seg: 88.3847
2026/07/26 23:49:15 - mmengine - INFO - Saving checkpoint at 120000 iterations
2026/07/26 23:49:26 - mmengine - INFO - Iter(val) [100/250]    eta: 0:00:15  time: 0.1026  data_time: 0.0149  memory: 835  
2026/07/26 23:49:36 - mmengine - INFO - Iter(val) [200/250]    eta: 0:00:05  time: 0.0986  data_time: 0.0315  memory: 835  
2026/07/26 23:49:41 - mmengine - INFO - per class results:
2026/07/26 23:49:41 - mmengine - INFO - 
+---------------+-------+-------+
|     Class     |  IoU  |  Acc  |
+---------------+-------+-------+
|      road     | 97.14 | 98.02 |
|    sidewalk   | 78.23 | 92.21 |
|    building   | 89.67 | 95.02 |
|      wall     | 42.09 | 48.62 |
|     fence     | 49.26 | 56.39 |
|      pole     | 56.15 |  72.5 |
| traffic light | 56.58 | 66.22 |
|  traffic sign | 68.68 | 76.16 |
|   vegetation  | 90.55 |  95.3 |
|    terrain    | 56.32 | 63.76 |
|      sky      |  92.4 | 97.34 |
|     person    | 73.05 | 90.32 |
|     rider     | 52.89 | 68.12 |
|      car      | 92.35 | 97.43 |
|     truck     |  63.1 | 71.67 |
|      bus      |  74.1 | 82.58 |
|     train     | 62.09 | 80.32 |
|   motorcycle  | 43.05 | 46.23 |
|    bicycle    | 69.98 | 80.76 |
+---------------+-------+-------+
2026/07/26 23:49:41 - mmengine - INFO - Iter(val) [250/250]    aAcc: 94.4500  mIoU: 68.8200  mAcc: 77.8400  data_time: 0.0206  time: 0.1010
2026/07/26 23:50:19 - mmengine - INFO - Iter(train) [120100/160000]  lr: 2.3190e-02  eta: 4:13:33  time: 0.3815  data_time: 0.0275  memory: 10143  loss: 0.9566  decode.loss_ohem: 0.6643  decode.acc_seg: 93.8056  aux_0.loss_ce: 0.2924  aux_0.acc_seg: 89.4851
2026/07/26 23:50:57 - mmengine - INFO - Iter(train) [120200/160000]  lr: 2.3138e-02  eta: 4:12:55  time: 0.3817  data_time: 0.0274  memory: 10141  loss: 1.0182  decode.loss_ohem: 0.7183  decode.acc_seg: 91.3245  aux_0.loss_ce: 0.2999  aux_0.acc_seg: 88.1390
2026/07/26 23:51:35 - mmengine - INFO - Iter(train) [120300/160000]  lr: 2.3086e-02  eta: 4:12:17  time: 0.3831  data_time: 0.0277  memory: 10141  loss: 0.9542  decode.loss_ohem: 0.6508  decode.acc_seg: 93.4110  aux_0.loss_ce: 0.3034  aux_0.acc_seg: 90.5494
2026/07/26 23:52:13 - mmengine - INFO - Iter(train) [120400/160000]  lr: 2.3034e-02  eta: 4:11:39  time: 0.3809  data_time: 0.0275  memory: 10142  loss: 1.0069  decode.loss_ohem: 0.7235  decode.acc_seg: 93.9196  aux_0.loss_ce: 0.2834  aux_0.acc_seg: 90.7861
2026/07/26 23:52:52 - mmengine - INFO - Iter(train) [120500/160000]  lr: 2.2981e-02  eta: 4:11:01  time: 0.3806  data_time: 0.0268  memory: 10142  loss: 1.0311  decode.loss_ohem: 0.7221  decode.acc_seg: 93.2318  aux_0.loss_ce: 0.3090  aux_0.acc_seg: 85.2792
2026/07/26 23:53:30 - mmengine - INFO - Iter(train) [120600/160000]  lr: 2.2929e-02  eta: 4:10:23  time: 0.3802  data_time: 0.0267  memory: 10142  loss: 1.1101  decode.loss_ohem: 0.7775  decode.acc_seg: 92.1760  aux_0.loss_ce: 0.3326  aux_0.acc_seg: 85.8832
2026/07/26 23:54:08 - mmengine - INFO - Iter(train) [120700/160000]  lr: 2.2877e-02  eta: 4:09:44  time: 0.3840  data_time: 0.0282  memory: 10143  loss: 1.0413  decode.loss_ohem: 0.7192  decode.acc_seg: 93.5347  aux_0.loss_ce: 0.3221  aux_0.acc_seg: 87.2089
2026/07/26 23:54:46 - mmengine - INFO - Iter(train) [120800/160000]  lr: 2.2824e-02  eta: 4:09:06  time: 0.3806  data_time: 0.0269  memory: 10140  loss: 1.0896  decode.loss_ohem: 0.8009  decode.acc_seg: 89.0618  aux_0.loss_ce: 0.2888  aux_0.acc_seg: 85.2587
2026/07/26 23:55:24 - mmengine - INFO - Iter(train) [120900/160000]  lr: 2.2772e-02  eta: 4:08:28  time: 0.3810  data_time: 0.0269  memory: 10143  loss: 1.0894  decode.loss_ohem: 0.7561  decode.acc_seg: 90.4784  aux_0.loss_ce: 0.3334  aux_0.acc_seg: 84.7897
2026/07/26 23:56:02 - mmengine - INFO - Exp name: dsanet_cityscapes_512x1024_20260726_105627
2026/07/26 23:56:02 - mmengine - INFO - Iter(train) [121000/160000]  lr: 2.2719e-02  eta: 4:07:50  time: 0.3806  data_time: 0.0259  memory: 10141  loss: 1.1110  decode.loss_ohem: 0.7705  decode.acc_seg: 90.2092  aux_0.loss_ce: 0.3406  aux_0.acc_seg: 86.2655
2026/07/26 23:56:40 - mmengine - INFO - Iter(train) [121100/160000]  lr: 2.2667e-02  eta: 4:07:12  time: 0.3800  data_time: 0.0266  memory: 10142  loss: 1.0562  decode.loss_ohem: 0.7249  decode.acc_seg: 90.9284  aux_0.loss_ce: 0.3313  aux_0.acc_seg: 84.1710
2026/07/26 23:57:18 - mmengine - INFO - Iter(train) [121200/160000]  lr: 2.2615e-02  eta: 4:06:34  time: 0.3802  data_time: 0.0273  memory: 10143  loss: 0.9834  decode.loss_ohem: 0.6831  decode.acc_seg: 92.1577  aux_0.loss_ce: 0.3003  aux_0.acc_seg: 85.9463
2026/07/26 23:57:57 - mmengine - INFO - Iter(train) [121300/160000]  lr: 2.2562e-02  eta: 4:05:56  time: 0.3806  data_time: 0.0260  memory: 10142  loss: 1.1179  decode.loss_ohem: 0.7936  decode.acc_seg: 90.4277  aux_0.loss_ce: 0.3243  aux_0.acc_seg: 85.5890
2026/07/26 23:58:35 - mmengine - INFO - Iter(train) [121400/160000]  lr: 2.2510e-02  eta: 4:05:17  time: 0.3803  data_time: 0.0270  memory: 10140  loss: 0.9436  decode.loss_ohem: 0.6524  decode.acc_seg: 94.1353  aux_0.loss_ce: 0.2912  aux_0.acc_seg: 89.9113
2026/07/26 23:59:13 - mmengine - INFO - Iter(train) [121500/160000]  lr: 2.2457e-02  eta: 4:04:39  time: 0.3801  data_time: 0.0267  memory: 10141  loss: 0.9964  decode.loss_ohem: 0.7117  decode.acc_seg: 94.4789  aux_0.loss_ce: 0.2847  aux_0.acc_seg: 90.1641
2026/07/26 23:59:51 - mmengine - INFO - Iter(train) [121600/160000]  lr: 2.2405e-02  eta: 4:04:01  time: 0.3798  data_time: 0.0265  memory: 10140  loss: 1.0112  decode.loss_ohem: 0.7290  decode.acc_seg: 90.4308  aux_0.loss_ce: 0.2822  aux_0.acc_seg: 86.4625
2026/07/27 00:00:29 - mmengine - INFO - Iter(train) [121700/160000]  lr: 2.2352e-02  eta: 4:03:23  time: 0.3809  data_time: 0.0270  memory: 10141  loss: 1.0213  decode.loss_ohem: 0.7123  decode.acc_seg: 91.7210  aux_0.loss_ce: 0.3090  aux_0.acc_seg: 87.7974
2026/07/27 00:01:07 - mmengine - INFO - Iter(train) [121800/160000]  lr: 2.2300e-02  eta: 4:02:45  time: 0.3798  data_time: 0.0261  memory: 10143  loss: 0.9911  decode.loss_ohem: 0.6761  decode.acc_seg: 92.0255  aux_0.loss_ce: 0.3149  aux_0.acc_seg: 86.4035
2026/07/27 00:01:45 - mmengine - INFO - Iter(train) [121900/160000]  lr: 2.2247e-02  eta: 4:02:07  time: 0.3794  data_time: 0.0264  memory: 10142  loss: 1.0698  decode.loss_ohem: 0.7440  decode.acc_seg: 91.4762  aux_0.loss_ce: 0.3257  aux_0.acc_seg: 86.7150
2026/07/27 00:02:23 - mmengine - INFO - Exp name: dsanet_cityscapes_512x1024_20260726_105627
2026/07/27 00:02:23 - mmengine - INFO - Iter(train) [122000/160000]  lr: 2.2195e-02  eta: 4:01:28  time: 0.3805  data_time: 0.0269  memory: 10142  loss: 1.1164  decode.loss_ohem: 0.7804  decode.acc_seg: 90.5626  aux_0.loss_ce: 0.3359  aux_0.acc_seg: 88.9761
2026/07/27 00:03:01 - mmengine - INFO - Iter(train) [122100/160000]  lr: 2.2142e-02  eta: 4:00:50  time: 0.3792  data_time: 0.0256  memory: 10142  loss: 1.0985  decode.loss_ohem: 0.7309  decode.acc_seg: 91.3797  aux_0.loss_ce: 0.3675  aux_0.acc_seg: 83.4488
2026/07/27 00:03:39 - mmengine - INFO - Iter(train) [122200/160000]  lr: 2.2090e-02  eta: 4:00:12  time: 0.3794  data_time: 0.0272  memory: 10140  loss: 1.0683  decode.loss_ohem: 0.7518  decode.acc_seg: 94.1686  aux_0.loss_ce: 0.3165  aux_0.acc_seg: 88.2674
2026/07/27 00:04:17 - mmengine - INFO - Iter(train) [122300/160000]  lr: 2.2037e-02  eta: 3:59:34  time: 0.3795  data_time: 0.0268  memory: 10141  loss: 1.1279  decode.loss_ohem: 0.7859  decode.acc_seg: 90.8787  aux_0.loss_ce: 0.3421  aux_0.acc_seg: 83.5805
2026/07/27 00:04:55 - mmengine - INFO - Iter(train) [122400/160000]  lr: 2.1984e-02  eta: 3:58:56  time: 0.3798  data_time: 0.0271  memory: 10141  loss: 1.0332  decode.loss_ohem: 0.7149  decode.acc_seg: 93.6356  aux_0.loss_ce: 0.3183  aux_0.acc_seg: 90.3906
2026/07/27 00:05:33 - mmengine - INFO - Iter(train) [122500/160000]  lr: 2.1932e-02  eta: 3:58:18  time: 0.3795  data_time: 0.0267  memory: 10141  loss: 1.0419  decode.loss_ohem: 0.7332  decode.acc_seg: 94.4464  aux_0.loss_ce: 0.3087  aux_0.acc_seg: 92.3454
2026/07/27 00:06:11 - mmengine - INFO - Iter(train) [122600/160000]  lr: 2.1879e-02  eta: 3:57:39  time: 0.3807  data_time: 0.0276  memory: 10143  loss: 1.0307  decode.loss_ohem: 0.7032  decode.acc_seg: 94.1401  aux_0.loss_ce: 0.3275  aux_0.acc_seg: 90.2925
2026/07/27 00:06:49 - mmengine - INFO - Iter(train) [122700/160000]  lr: 2.1826e-02  eta: 3:57:01  time: 0.3801  data_time: 0.0269  memory: 10143  loss: 1.0296  decode.loss_ohem: 0.7289  decode.acc_seg: 90.3479  aux_0.loss_ce: 0.3007  aux_0.acc_seg: 84.1402
2026/07/27 00:07:27 - mmengine - INFO - Iter(train) [122800/160000]  lr: 2.1774e-02  eta: 3:56:23  time: 0.3797  data_time: 0.0273  memory: 10141  loss: 1.0454  decode.loss_ohem: 0.7242  decode.acc_seg: 93.4548  aux_0.loss_ce: 0.3212  aux_0.acc_seg: 89.3714
2026/07/27 00:08:05 - mmengine - INFO - Iter(train) [122900/160000]  lr: 2.1721e-02  eta: 3:55:45  time: 0.3808  data_time: 0.0277  memory: 10141  loss: 1.0317  decode.loss_ohem: 0.7143  decode.acc_seg: 93.4062  aux_0.loss_ce: 0.3174  aux_0.acc_seg: 88.6550
2026/07/27 00:08:43 - mmengine - INFO - Exp name: dsanet_cityscapes_512x1024_20260726_105627
2026/07/27 00:08:43 - mmengine - INFO - Iter(train) [123000/160000]  lr: 2.1668e-02  eta: 3:55:07  time: 0.3803  data_time: 0.0272  memory: 10140  loss: 1.1126  decode.loss_ohem: 0.7807  decode.acc_seg: 91.1169  aux_0.loss_ce: 0.3319  aux_0.acc_seg: 84.4142
2026/07/27 00:09:22 - mmengine - INFO - Iter(train) [123100/160000]  lr: 2.1616e-02  eta: 3:54:29  time: 0.3807  data_time: 0.0269  memory: 10141  loss: 1.0163  decode.loss_ohem: 0.7268  decode.acc_seg: 93.8892  aux_0.loss_ce: 0.2896  aux_0.acc_seg: 90.8759
2026/07/27 00:10:00 - mmengine - INFO - Iter(train) [123200/160000]  lr: 2.1563e-02  eta: 3:53:50  time: 0.3797  data_time: 0.0270  memory: 10141  loss: 1.0800  decode.loss_ohem: 0.7385  decode.acc_seg: 92.2192  aux_0.loss_ce: 0.3416  aux_0.acc_seg: 85.9862
2026/07/27 00:10:38 - mmengine - INFO - Iter(train) [123300/160000]  lr: 2.1510e-02  eta: 3:53:12  time: 0.3801  data_time: 0.0271  memory: 10140  loss: 1.0384  decode.loss_ohem: 0.7372  decode.acc_seg: 94.3682  aux_0.loss_ce: 0.3013  aux_0.acc_seg: 88.1932
2026/07/27 00:11:16 - mmengine - INFO - Iter(train) [123400/160000]  lr: 2.1458e-02  eta: 3:52:34  time: 0.3818  data_time: 0.0276  memory: 10141  loss: 1.0680  decode.loss_ohem: 0.7363  decode.acc_seg: 93.9702  aux_0.loss_ce: 0.3317  aux_0.acc_seg: 90.5969
2026/07/27 00:11:54 - mmengine - INFO - Iter(train) [123500/160000]  lr: 2.1405e-02  eta: 3:51:56  time: 0.3799  data_time: 0.0265  memory: 10142  loss: 1.0980  decode.loss_ohem: 0.7805  decode.acc_seg: 93.5778  aux_0.loss_ce: 0.3176  aux_0.acc_seg: 90.2373
2026/07/27 00:12:32 - mmengine - INFO - Iter(train) [123600/160000]  lr: 2.1352e-02  eta: 3:51:18  time: 0.3804  data_time: 0.0271  memory: 10143  loss: 1.0076  decode.loss_ohem: 0.7054  decode.acc_seg: 92.5868  aux_0.loss_ce: 0.3023  aux_0.acc_seg: 88.7308
2026/07/27 00:13:10 - mmengine - INFO - Iter(train) [123700/160000]  lr: 2.1299e-02  eta: 3:50:40  time: 0.3812  data_time: 0.0274  memory: 10142  loss: 1.0416  decode.loss_ohem: 0.7190  decode.acc_seg: 92.8634  aux_0.loss_ce: 0.3226  aux_0.acc_seg: 89.0688
2026/07/27 00:13:48 - mmengine - INFO - Iter(train) [123800/160000]  lr: 2.1247e-02  eta: 3:50:02  time: 0.3802  data_time: 0.0275  memory: 10142  loss: 1.1059  decode.loss_ohem: 0.7827  decode.acc_seg: 92.2097  aux_0.loss_ce: 0.3232  aux_0.acc_seg: 85.5783
2026/07/27 00:14:26 - mmengine - INFO - Iter(train) [123900/160000]  lr: 2.1194e-02  eta: 3:49:23  time: 0.3804  data_time: 0.0270  memory: 10143  loss: 1.0520  decode.loss_ohem: 0.7064  decode.acc_seg: 93.1912  aux_0.loss_ce: 0.3456  aux_0.acc_seg: 90.8607
2026/07/27 00:15:04 - mmengine - INFO - Exp name: dsanet_cityscapes_512x1024_20260726_105627
2026/07/27 00:15:04 - mmengine - INFO - Iter(train) [124000/160000]  lr: 2.1141e-02  eta: 3:48:45  time: 0.3806  data_time: 0.0275  memory: 10140  loss: 1.0333  decode.loss_ohem: 0.7116  decode.acc_seg: 92.6613  aux_0.loss_ce: 0.3217  aux_0.acc_seg: 89.6366
2026/07/27 00:15:42 - mmengine - INFO - Iter(train) [124100/160000]  lr: 2.1088e-02  eta: 3:48:07  time: 0.3800  data_time: 0.0269  memory: 10142  loss: 1.0675  decode.loss_ohem: 0.7423  decode.acc_seg: 90.4300  aux_0.loss_ce: 0.3251  aux_0.acc_seg: 85.3553
2026/07/27 00:16:20 - mmengine - INFO - Iter(train) [124200/160000]  lr: 2.1035e-02  eta: 3:47:29  time: 0.3809  data_time: 0.0273  memory: 10141  loss: 1.0332  decode.loss_ohem: 0.7299  decode.acc_seg: 90.8507  aux_0.loss_ce: 0.3033  aux_0.acc_seg: 86.2046
2026/07/27 00:16:59 - mmengine - INFO - Iter(train) [124300/160000]  lr: 2.0982e-02  eta: 3:46:51  time: 0.3810  data_time: 0.0277  memory: 10140  loss: 0.9925  decode.loss_ohem: 0.7001  decode.acc_seg: 93.4394  aux_0.loss_ce: 0.2923  aux_0.acc_seg: 87.2468
2026/07/27 00:17:37 - mmengine - INFO - Iter(train) [124400/160000]  lr: 2.0930e-02  eta: 3:46:13  time: 0.3802  data_time: 0.0272  memory: 10141  loss: 1.0500  decode.loss_ohem: 0.7215  decode.acc_seg: 92.5851  aux_0.loss_ce: 0.3285  aux_0.acc_seg: 85.9935
2026/07/27 00:18:15 - mmengine - INFO - Iter(train) [124500/160000]  lr: 2.0877e-02  eta: 3:45:35  time: 0.3799  data_time: 0.0263  memory: 10143  loss: 1.0636  decode.loss_ohem: 0.7070  decode.acc_seg: 88.5182  aux_0.loss_ce: 0.3566  aux_0.acc_seg: 85.4363
2026/07/27 00:18:53 - mmengine - INFO - Iter(train) [124600/160000]  lr: 2.0824e-02  eta: 3:44:56  time: 0.3809  data_time: 0.0276  memory: 10142  loss: 1.0744  decode.loss_ohem: 0.7638  decode.acc_seg: 91.0443  aux_0.loss_ce: 0.3106  aux_0.acc_seg: 87.3725
2026/07/27 00:19:31 - mmengine - INFO - Iter(train) [124700/160000]  lr: 2.0771e-02  eta: 3:44:18  time: 0.3803  data_time: 0.0275  memory: 10140  loss: 1.0180  decode.loss_ohem: 0.7190  decode.acc_seg: 93.0771  aux_0.loss_ce: 0.2990  aux_0.acc_seg: 87.9231
2026/07/27 00:20:09 - mmengine - INFO - Iter(train) [124800/160000]  lr: 2.0718e-02  eta: 3:43:40  time: 0.3801  data_time: 0.0274  memory: 10142  loss: 0.9999  decode.loss_ohem: 0.6724  decode.acc_seg: 93.3646  aux_0.loss_ce: 0.3275  aux_0.acc_seg: 89.1269
2026/07/27 00:20:47 - mmengine - INFO - Iter(train) [124900/160000]  lr: 2.0665e-02  eta: 3:43:02  time: 0.3793  data_time: 0.0270  memory: 10141  loss: 1.0360  decode.loss_ohem: 0.7564  decode.acc_seg: 93.2263  aux_0.loss_ce: 0.2797  aux_0.acc_seg: 89.0457
2026/07/27 00:21:25 - mmengine - INFO - Exp name: dsanet_cityscapes_512x1024_20260726_105627
2026/07/27 00:21:25 - mmengine - INFO - Iter(train) [125000/160000]  lr: 2.0612e-02  eta: 3:42:24  time: 0.3803  data_time: 0.0275  memory: 10141  loss: 0.9987  decode.loss_ohem: 0.7236  decode.acc_seg: 94.1680  aux_0.loss_ce: 0.2752  aux_0.acc_seg: 90.1999
2026/07/27 00:21:25 - mmengine - INFO - Saving checkpoint at 125000 iterations
2026/07/27 00:21:36 - mmengine - INFO - Iter(val) [100/250]    eta: 0:00:15  time: 0.0998  data_time: 0.0095  memory: 835  
2026/07/27 00:21:46 - mmengine - INFO - Iter(val) [200/250]    eta: 0:00:05  time: 0.0994  data_time: 0.0095  memory: 835  
2026/07/27 00:21:50 - mmengine - INFO - per class results:
2026/07/27 00:21:50 - mmengine - INFO - 
+---------------+-------+-------+
|     Class     |  IoU  |  Acc  |
+---------------+-------+-------+
|      road     | 97.51 | 98.53 |
|    sidewalk   | 79.58 | 90.37 |
|    building   | 90.11 | 94.92 |
|      wall     | 51.02 | 70.38 |
|     fence     | 45.87 | 56.14 |
|      pole     | 56.61 | 68.08 |
| traffic light | 55.88 | 65.42 |
|  traffic sign | 70.71 | 79.71 |
|   vegetation  | 90.68 | 95.71 |
|    terrain    | 55.33 | 64.24 |
|      sky      | 91.96 |  98.2 |
|     person    | 75.26 | 87.24 |
|     rider     | 49.95 | 60.31 |
|      car      | 90.49 | 93.64 |
|     truck     | 54.17 | 79.09 |
|      bus      | 65.54 | 88.29 |
|     train     | 64.71 | 73.94 |
|   motorcycle  | 45.52 | 51.02 |
|    bicycle    | 69.16 |  88.2 |
+---------------+-------+-------+
2026/07/27 00:21:50 - mmengine - INFO - Iter(val) [250/250]    aAcc: 94.5300  mIoU: 68.4200  mAcc: 79.1300  data_time: 0.0226  time: 0.1004
2026/07/27 00:22:29 - mmengine - INFO - Iter(train) [125100/160000]  lr: 2.0559e-02  eta: 3:41:46  time: 0.3800  data_time: 0.0277  memory: 10141  loss: 1.0276  decode.loss_ohem: 0.7084  decode.acc_seg: 93.5093  aux_0.loss_ce: 0.3192  aux_0.acc_seg: 89.2861
2026/07/27 00:23:07 - mmengine - INFO - Iter(train) [125200/160000]  lr: 2.0506e-02  eta: 3:41:07  time: 0.3800  data_time: 0.0272  memory: 10141  loss: 1.0620  decode.loss_ohem: 0.7592  decode.acc_seg: 90.7828  aux_0.loss_ce: 0.3028  aux_0.acc_seg: 87.2030
2026/07/27 00:23:45 - mmengine - INFO - Iter(train) [125300/160000]  lr: 2.0453e-02  eta: 3:40:29  time: 0.3809  data_time: 0.0276  memory: 10143  loss: 0.9797  decode.loss_ohem: 0.6989  decode.acc_seg: 95.1094  aux_0.loss_ce: 0.2808  aux_0.acc_seg: 91.5220
2026/07/27 00:24:23 - mmengine - INFO - Iter(train) [125400/160000]  lr: 2.0400e-02  eta: 3:39:51  time: 0.3814  data_time: 0.0277  memory: 10141  loss: 1.0706  decode.loss_ohem: 0.7661  decode.acc_seg: 93.5819  aux_0.loss_ce: 0.3045  aux_0.acc_seg: 90.2236
2026/07/27 00:25:01 - mmengine - INFO - Iter(train) [125500/160000]  lr: 2.0347e-02  eta: 3:39:13  time: 0.3815  data_time: 0.0278  memory: 10143  loss: 1.0604  decode.loss_ohem: 0.7334  decode.acc_seg: 94.2484  aux_0.loss_ce: 0.3270  aux_0.acc_seg: 89.6673
2026/07/27 00:25:39 - mmengine - INFO - Iter(train) [125600/160000]  lr: 2.0294e-02  eta: 3:38:35  time: 0.3812  data_time: 0.0272  memory: 10141  loss: 1.0329  decode.loss_ohem: 0.6929  decode.acc_seg: 92.8738  aux_0.loss_ce: 0.3400  aux_0.acc_seg: 87.1076
2026/07/27 00:26:17 - mmengine - INFO - Iter(train) [125700/160000]  lr: 2.0241e-02  eta: 3:37:57  time: 0.3793  data_time: 0.0262  memory: 10142  loss: 1.0418  decode.loss_ohem: 0.7408  decode.acc_seg: 94.1664  aux_0.loss_ce: 0.3010  aux_0.acc_seg: 90.8508
2026/07/27 00:26:55 - mmengine - INFO - Iter(train) [125800/160000]  lr: 2.0188e-02  eta: 3:37:19  time: 0.3812  data_time: 0.0280  memory: 10140  loss: 0.9822  decode.loss_ohem: 0.6960  decode.acc_seg: 93.8568  aux_0.loss_ce: 0.2862  aux_0.acc_seg: 91.0788
2026/07/27 00:27:33 - mmengine - INFO - Iter(train) [125900/160000]  lr: 2.0135e-02  eta: 3:36:40  time: 0.3804  data_time: 0.0273  memory: 10142  loss: 1.1586  decode.loss_ohem: 0.8328  decode.acc_seg: 89.0735  aux_0.loss_ce: 0.3258  aux_0.acc_seg: 84.7784
2026/07/27 00:28:12 - mmengine - INFO - Exp name: dsanet_cityscapes_512x1024_20260726_105627
2026/07/27 00:28:12 - mmengine - INFO - Iter(train) [126000/160000]  lr: 2.0081e-02  eta: 3:36:02  time: 0.3798  data_time: 0.0275  memory: 10141  loss: 0.9977  decode.loss_ohem: 0.6954  decode.acc_seg: 91.0800  aux_0.loss_ce: 0.3023  aux_0.acc_seg: 87.4736
2026/07/27 00:28:50 - mmengine - INFO - Iter(train) [126100/160000]  lr: 2.0028e-02  eta: 3:35:24  time: 0.3797  data_time: 0.0266  memory: 10141  loss: 1.0284  decode.loss_ohem: 0.7404  decode.acc_seg: 95.0467  aux_0.loss_ce: 0.2880  aux_0.acc_seg: 84.4250
2026/07/27 00:29:28 - mmengine - INFO - Iter(train) [126200/160000]  lr: 1.9975e-02  eta: 3:34:46  time: 0.3801  data_time: 0.0267  memory: 10141  loss: 1.0216  decode.loss_ohem: 0.7330  decode.acc_seg: 89.7523  aux_0.loss_ce: 0.2886  aux_0.acc_seg: 87.4455
2026/07/27 00:30:06 - mmengine - INFO - Iter(train) [126300/160000]  lr: 1.9922e-02  eta: 3:34:08  time: 0.3810  data_time: 0.0274  memory: 10141  loss: 1.0715  decode.loss_ohem: 0.7708  decode.acc_seg: 92.8826  aux_0.loss_ce: 0.3007  aux_0.acc_seg: 89.6157
2026/07/27 00:30:44 - mmengine - INFO - Iter(train) [126400/160000]  lr: 1.9869e-02  eta: 3:33:30  time: 0.3810  data_time: 0.0279  memory: 10140  loss: 0.9765  decode.loss_ohem: 0.6895  decode.acc_seg: 94.8838  aux_0.loss_ce: 0.2870  aux_0.acc_seg: 90.8943
2026/07/27 00:31:22 - mmengine - INFO - Iter(train) [126500/160000]  lr: 1.9816e-02  eta: 3:32:52  time: 0.3815  data_time: 0.0270  memory: 10141  loss: 1.0029  decode.loss_ohem: 0.6872  decode.acc_seg: 93.2195  aux_0.loss_ce: 0.3158  aux_0.acc_seg: 86.0245
2026/07/27 00:32:00 - mmengine - INFO - Iter(train) [126600/160000]  lr: 1.9762e-02  eta: 3:32:14  time: 0.3838  data_time: 0.0276  memory: 10141  loss: 1.0397  decode.loss_ohem: 0.7295  decode.acc_seg: 94.3671  aux_0.loss_ce: 0.3102  aux_0.acc_seg: 91.3898
2026/07/27 00:32:39 - mmengine - INFO - Iter(train) [126700/160000]  lr: 1.9709e-02  eta: 3:31:35  time: 0.3822  data_time: 0.0275  memory: 10142  loss: 0.9427  decode.loss_ohem: 0.6691  decode.acc_seg: 93.0227  aux_0.loss_ce: 0.2735  aux_0.acc_seg: 90.3060
2026/07/27 00:33:17 - mmengine - INFO - Iter(train) [126800/160000]  lr: 1.9656e-02  eta: 3:30:57  time: 0.3808  data_time: 0.0267  memory: 10140  loss: 0.9810  decode.loss_ohem: 0.6856  decode.acc_seg: 95.2157  aux_0.loss_ce: 0.2954  aux_0.acc_seg: 90.0288
2026/07/27 00:33:55 - mmengine - INFO - Iter(train) [126900/160000]  lr: 1.9603e-02  eta: 3:30:19  time: 0.3791  data_time: 0.0265  memory: 10140  loss: 1.0362  decode.loss_ohem: 0.7537  decode.acc_seg: 92.4418  aux_0.loss_ce: 0.2824  aux_0.acc_seg: 87.8470
2026/07/27 00:34:33 - mmengine - INFO - Exp name: dsanet_cityscapes_512x1024_20260726_105627
2026/07/27 00:34:33 - mmengine - INFO - Iter(train) [127000/160000]  lr: 1.9549e-02  eta: 3:29:41  time: 0.3810  data_time: 0.0272  memory: 10142  loss: 1.1106  decode.loss_ohem: 0.7858  decode.acc_seg: 93.6328  aux_0.loss_ce: 0.3248  aux_0.acc_seg: 89.7441
2026/07/27 00:35:11 - mmengine - INFO - Iter(train) [127100/160000]  lr: 1.9496e-02  eta: 3:29:03  time: 0.3796  data_time: 0.0266  memory: 10141  loss: 1.0290  decode.loss_ohem: 0.7251  decode.acc_seg: 89.5052  aux_0.loss_ce: 0.3039  aux_0.acc_seg: 83.5788
2026/07/27 00:35:49 - mmengine - INFO - Iter(train) [127200/160000]  lr: 1.9443e-02  eta: 3:28:25  time: 0.3804  data_time: 0.0266  memory: 10141  loss: 1.0824  decode.loss_ohem: 0.7586  decode.acc_seg: 91.8969  aux_0.loss_ce: 0.3238  aux_0.acc_seg: 87.5122
2026/07/27 00:36:27 - mmengine - INFO - Iter(train) [127300/160000]  lr: 1.9389e-02  eta: 3:27:47  time: 0.3801  data_time: 0.0264  memory: 10142  loss: 1.0053  decode.loss_ohem: 0.6851  decode.acc_seg: 95.5055  aux_0.loss_ce: 0.3203  aux_0.acc_seg: 90.9278
2026/07/27 00:37:05 - mmengine - INFO - Iter(train) [127400/160000]  lr: 1.9336e-02  eta: 3:27:08  time: 0.3799  data_time: 0.0269  memory: 10141  loss: 1.0397  decode.loss_ohem: 0.7354  decode.acc_seg: 91.3026  aux_0.loss_ce: 0.3043  aux_0.acc_seg: 89.4851
2026/07/27 00:37:43 - mmengine - INFO - Iter(train) [127500/160000]  lr: 1.9283e-02  eta: 3:26:30  time: 0.3793  data_time: 0.0268  memory: 10141  loss: 1.0247  decode.loss_ohem: 0.7217  decode.acc_seg: 92.2616  aux_0.loss_ce: 0.3031  aux_0.acc_seg: 88.3176
2026/07/27 00:38:21 - mmengine - INFO - Iter(train) [127600/160000]  lr: 1.9229e-02  eta: 3:25:52  time: 0.3813  data_time: 0.0272  memory: 10142  loss: 1.0665  decode.loss_ohem: 0.7310  decode.acc_seg: 89.7547  aux_0.loss_ce: 0.3355  aux_0.acc_seg: 87.0129
2026/07/27 00:38:59 - mmengine - INFO - Iter(train) [127700/160000]  lr: 1.9176e-02  eta: 3:25:14  time: 0.3800  data_time: 0.0266  memory: 10142  loss: 1.0184  decode.loss_ohem: 0.7244  decode.acc_seg: 93.2990  aux_0.loss_ce: 0.2940  aux_0.acc_seg: 89.2258
2026/07/27 00:39:37 - mmengine - INFO - Iter(train) [127800/160000]  lr: 1.9122e-02  eta: 3:24:36  time: 0.3793  data_time: 0.0263  memory: 10141  loss: 0.9792  decode.loss_ohem: 0.6768  decode.acc_seg: 94.0082  aux_0.loss_ce: 0.3024  aux_0.acc_seg: 91.0405
2026/07/27 00:40:15 - mmengine - INFO - Iter(train) [127900/160000]  lr: 1.9069e-02  eta: 3:23:58  time: 0.3771  data_time: 0.0256  memory: 10142  loss: 1.0593  decode.loss_ohem: 0.7386  decode.acc_seg: 94.6590  aux_0.loss_ce: 0.3208  aux_0.acc_seg: 90.9267
2026/07/27 00:40:53 - mmengine - INFO - Exp name: dsanet_cityscapes_512x1024_20260726_105627
2026/07/27 00:40:53 - mmengine - INFO - Iter(train) [128000/160000]  lr: 1.9016e-02  eta: 3:23:20  time: 0.3792  data_time: 0.0259  memory: 10141  loss: 0.9732  decode.loss_ohem: 0.6779  decode.acc_seg: 92.0765  aux_0.loss_ce: 0.2952  aux_0.acc_seg: 86.9173
2026/07/27 00:41:31 - mmengine - INFO - Iter(train) [128100/160000]  lr: 1.8962e-02  eta: 3:22:41  time: 0.3782  data_time: 0.0261  memory: 10143  loss: 0.9760  decode.loss_ohem: 0.7050  decode.acc_seg: 94.0293  aux_0.loss_ce: 0.2710  aux_0.acc_seg: 89.6058
2026/07/27 00:42:09 - mmengine - INFO - Iter(train) [128200/160000]  lr: 1.8909e-02  eta: 3:22:03  time: 0.3804  data_time: 0.0268  memory: 10141  loss: 1.0488  decode.loss_ohem: 0.7366  decode.acc_seg: 92.9352  aux_0.loss_ce: 0.3122  aux_0.acc_seg: 88.9977
2026/07/27 00:42:47 - mmengine - INFO - Iter(train) [128300/160000]  lr: 1.8855e-02  eta: 3:21:25  time: 0.3785  data_time: 0.0263  memory: 10142  loss: 1.0275  decode.loss_ohem: 0.7227  decode.acc_seg: 92.5223  aux_0.loss_ce: 0.3047  aux_0.acc_seg: 86.5536
2026/07/27 00:43:25 - mmengine - INFO - Iter(train) [128400/160000]  lr: 1.8802e-02  eta: 3:20:47  time: 0.3790  data_time: 0.0264  memory: 10142  loss: 0.9901  decode.loss_ohem: 0.6836  decode.acc_seg: 92.5990  aux_0.loss_ce: 0.3065  aux_0.acc_seg: 85.4895
2026/07/27 00:44:03 - mmengine - INFO - Iter(train) [128500/160000]  lr: 1.8748e-02  eta: 3:20:09  time: 0.3796  data_time: 0.0267  memory: 10142  loss: 1.0606  decode.loss_ohem: 0.7598  decode.acc_seg: 93.5113  aux_0.loss_ce: 0.3008  aux_0.acc_seg: 89.6322
2026/07/27 00:44:41 - mmengine - INFO - Iter(train) [128600/160000]  lr: 1.8695e-02  eta: 3:19:31  time: 0.3777  data_time: 0.0258  memory: 10140  loss: 1.1124  decode.loss_ohem: 0.7849  decode.acc_seg: 92.6342  aux_0.loss_ce: 0.3275  aux_0.acc_seg: 88.1017
2026/07/27 00:45:19 - mmengine - INFO - Iter(train) [128700/160000]  lr: 1.8641e-02  eta: 3:18:52  time: 0.3800  data_time: 0.0266  memory: 10141  loss: 1.0261  decode.loss_ohem: 0.7195  decode.acc_seg: 92.4494  aux_0.loss_ce: 0.3066  aux_0.acc_seg: 88.0012
2026/07/27 00:45:57 - mmengine - INFO - Iter(train) [128800/160000]  lr: 1.8587e-02  eta: 3:18:14  time: 0.3818  data_time: 0.0276  memory: 10142  loss: 1.0030  decode.loss_ohem: 0.7015  decode.acc_seg: 92.1988  aux_0.loss_ce: 0.3014  aux_0.acc_seg: 88.3396
2026/07/27 00:46:35 - mmengine - INFO - Iter(train) [128900/160000]  lr: 1.8534e-02  eta: 3:17:36  time: 0.3800  data_time: 0.0268  memory: 10142  loss: 1.0574  decode.loss_ohem: 0.7383  decode.acc_seg: 94.1670  aux_0.loss_ce: 0.3191  aux_0.acc_seg: 90.8993
2026/07/27 00:47:13 - mmengine - INFO - Exp name: dsanet_cityscapes_512x1024_20260726_105627
2026/07/27 00:47:13 - mmengine - INFO - Iter(train) [129000/160000]  lr: 1.8480e-02  eta: 3:16:58  time: 0.3778  data_time: 0.0260  memory: 10141  loss: 0.9784  decode.loss_ohem: 0.6987  decode.acc_seg: 93.4905  aux_0.loss_ce: 0.2796  aux_0.acc_seg: 87.3288
2026/07/27 00:47:51 - mmengine - INFO - Iter(train) [129100/160000]  lr: 1.8427e-02  eta: 3:16:20  time: 0.3804  data_time: 0.0266  memory: 10141  loss: 1.0398  decode.loss_ohem: 0.7199  decode.acc_seg: 93.7146  aux_0.loss_ce: 0.3200  aux_0.acc_seg: 88.8434
2026/07/27 00:48:29 - mmengine - INFO - Iter(train) [129200/160000]  lr: 1.8373e-02  eta: 3:15:42  time: 0.3794  data_time: 0.0266  memory: 10140  loss: 1.0038  decode.loss_ohem: 0.7076  decode.acc_seg: 92.5445  aux_0.loss_ce: 0.2962  aux_0.acc_seg: 88.3294
2026/07/27 00:49:07 - mmengine - INFO - Iter(train) [129300/160000]  lr: 1.8319e-02  eta: 3:15:03  time: 0.3779  data_time: 0.0259  memory: 10141  loss: 0.9767  decode.loss_ohem: 0.6762  decode.acc_seg: 93.9362  aux_0.loss_ce: 0.3005  aux_0.acc_seg: 89.0550
2026/07/27 00:49:45 - mmengine - INFO - Iter(train) [129400/160000]  lr: 1.8266e-02  eta: 3:14:25  time: 0.3769  data_time: 0.0260  memory: 10142  loss: 1.0974  decode.loss_ohem: 0.7666  decode.acc_seg: 92.6676  aux_0.loss_ce: 0.3309  aux_0.acc_seg: 88.9727
2026/07/27 00:50:23 - mmengine - INFO - Iter(train) [129500/160000]  lr: 1.8212e-02  eta: 3:13:47  time: 0.3799  data_time: 0.0268  memory: 10142  loss: 1.0047  decode.loss_ohem: 0.7027  decode.acc_seg: 93.0828  aux_0.loss_ce: 0.3019  aux_0.acc_seg: 89.6696
2026/07/27 00:51:01 - mmengine - INFO - Iter(train) [129600/160000]  lr: 1.8158e-02  eta: 3:13:09  time: 0.3787  data_time: 0.0262  memory: 10141  loss: 0.9711  decode.loss_ohem: 0.6984  decode.acc_seg: 93.5698  aux_0.loss_ce: 0.2728  aux_0.acc_seg: 91.4126
2026/07/27 00:51:39 - mmengine - INFO - Iter(train) [129700/160000]  lr: 1.8104e-02  eta: 3:12:31  time: 0.3778  data_time: 0.0259  memory: 10141  loss: 1.0207  decode.loss_ohem: 0.7450  decode.acc_seg: 93.1913  aux_0.loss_ce: 0.2758  aux_0.acc_seg: 90.9559
2026/07/27 00:52:17 - mmengine - INFO - Iter(train) [129800/160000]  lr: 1.8051e-02  eta: 3:11:53  time: 0.3774  data_time: 0.0254  memory: 10141  loss: 1.0045  decode.loss_ohem: 0.7047  decode.acc_seg: 90.3367  aux_0.loss_ce: 0.2999  aux_0.acc_seg: 86.9324
2026/07/27 00:52:55 - mmengine - INFO - Iter(train) [129900/160000]  lr: 1.7997e-02  eta: 3:11:14  time: 0.3810  data_time: 0.0273  memory: 10140  loss: 1.0409  decode.loss_ohem: 0.7373  decode.acc_seg: 93.4047  aux_0.loss_ce: 0.3036  aux_0.acc_seg: 91.3630
2026/07/27 00:53:33 - mmengine - INFO - Exp name: dsanet_cityscapes_512x1024_20260726_105627
2026/07/27 00:53:33 - mmengine - INFO - Iter(train) [130000/160000]  lr: 1.7943e-02  eta: 3:10:36  time: 0.3804  data_time: 0.0270  memory: 10141  loss: 1.0149  decode.loss_ohem: 0.7148  decode.acc_seg: 92.7890  aux_0.loss_ce: 0.3001  aux_0.acc_seg: 89.6957
2026/07/27 00:53:33 - mmengine - INFO - Saving checkpoint at 130000 iterations
2026/07/27 00:53:44 - mmengine - INFO - Iter(val) [100/250]    eta: 0:00:15  time: 0.0990  data_time: 0.0393  memory: 835  
2026/07/27 00:53:54 - mmengine - INFO - Iter(val) [200/250]    eta: 0:00:05  time: 0.1008  data_time: 0.0268  memory: 835  
2026/07/27 00:53:59 - mmengine - INFO - per class results:
2026/07/27 00:53:59 - mmengine - INFO - 
+---------------+-------+-------+
|     Class     |  IoU  |  Acc  |
+---------------+-------+-------+
|      road     | 97.54 | 98.25 |
|    sidewalk   | 81.43 | 90.31 |
|    building   | 90.31 | 95.62 |
|      wall     | 49.06 | 53.72 |
|     fence     | 50.91 | 60.27 |
|      pole     | 58.13 | 73.73 |
| traffic light | 58.54 | 71.68 |
|  traffic sign | 70.15 | 76.26 |
|   vegetation  |  91.2 | 96.38 |
|    terrain    | 58.93 | 70.82 |
|      sky      | 93.27 | 97.37 |
|     person    | 75.74 | 88.18 |
|     rider     | 54.18 | 72.78 |
|      car      |  93.2 | 97.65 |
|     truck     | 55.31 | 60.57 |
|      bus      | 74.51 | 91.87 |
|     train     | 77.24 | 85.79 |
|   motorcycle  | 51.87 | 62.08 |
|    bicycle    | 70.54 | 83.23 |
+---------------+-------+-------+
2026/07/27 00:53:59 - mmengine - INFO - Iter(val) [250/250]    aAcc: 94.9500  mIoU: 71.1600  mAcc: 80.3500  data_time: 0.0284  time: 0.1014
2026/07/27 00:53:59 - mmengine - INFO - The previous best checkpoint /root/autodl-tmp/DSANet-main/tools/work_dirs/dsanet_cityscapes_512x1024/best_mIoU_iter_115000.pth is removed
2026/07/27 00:53:59 - mmengine - INFO - The best checkpoint with 71.1600 mIoU at 130000 iter is saved to best_mIoU_iter_130000.pth.
2026/07/27 00:54:38 - mmengine - INFO - Iter(train) [130100/160000]  lr: 1.7889e-02  eta: 3:09:58  time: 0.3790  data_time: 0.0266  memory: 10144  loss: 1.0330  decode.loss_ohem: 0.7295  decode.acc_seg: 94.2060  aux_0.loss_ce: 0.3035  aux_0.acc_seg: 89.9320
2026/07/27 00:55:16 - mmengine - INFO - Iter(train) [130200/160000]  lr: 1.7835e-02  eta: 3:09:20  time: 0.3816  data_time: 0.0275  memory: 10141  loss: 0.9832  decode.loss_ohem: 0.6880  decode.acc_seg: 94.2151  aux_0.loss_ce: 0.2952  aux_0.acc_seg: 90.4224
2026/07/27 00:55:54 - mmengine - INFO - Iter(train) [130300/160000]  lr: 1.7782e-02  eta: 3:08:42  time: 0.3780  data_time: 0.0253  memory: 10141  loss: 1.0679  decode.loss_ohem: 0.7494  decode.acc_seg: 91.2841  aux_0.loss_ce: 0.3186  aux_0.acc_seg: 87.3729
2026/07/27 00:56:32 - mmengine - INFO - Iter(train) [130400/160000]  lr: 1.7728e-02  eta: 3:08:04  time: 0.3772  data_time: 0.0257  memory: 10143  loss: 0.9741  decode.loss_ohem: 0.6824  decode.acc_seg: 93.8300  aux_0.loss_ce: 0.2917  aux_0.acc_seg: 86.6572
2026/07/27 00:57:10 - mmengine - INFO - Iter(train) [130500/160000]  lr: 1.7674e-02  eta: 3:07:26  time: 0.3813  data_time: 0.0268  memory: 10141  loss: 0.9442  decode.loss_ohem: 0.6850  decode.acc_seg: 93.7915  aux_0.loss_ce: 0.2592  aux_0.acc_seg: 86.6304
2026/07/27 00:57:48 - mmengine - INFO - Iter(train) [130600/160000]  lr: 1.7620e-02  eta: 3:06:47  time: 0.3813  data_time: 0.0269  memory: 10142  loss: 0.9816  decode.loss_ohem: 0.6845  decode.acc_seg: 93.3562  aux_0.loss_ce: 0.2971  aux_0.acc_seg: 87.3589
2026/07/27 00:58:26 - mmengine - INFO - Iter(train) [130700/160000]  lr: 1.7566e-02  eta: 3:06:09  time: 0.3789  data_time: 0.0261  memory: 10142  loss: 1.0288  decode.loss_ohem: 0.7159  decode.acc_seg: 94.8428  aux_0.loss_ce: 0.3129  aux_0.acc_seg: 92.6099
2026/07/27 00:59:03 - mmengine - INFO - Iter(train) [130800/160000]  lr: 1.7512e-02  eta: 3:05:31  time: 0.3793  data_time: 0.0265  memory: 10141  loss: 1.0544  decode.loss_ohem: 0.7378  decode.acc_seg: 90.2753  aux_0.loss_ce: 0.3166  aux_0.acc_seg: 86.2048
2026/07/27 00:59:41 - mmengine - INFO - Iter(train) [130900/160000]  lr: 1.7458e-02  eta: 3:04:53  time: 0.3809  data_time: 0.0269  memory: 10141  loss: 0.9808  decode.loss_ohem: 0.6682  decode.acc_seg: 93.6425  aux_0.loss_ce: 0.3126  aux_0.acc_seg: 90.7543
2026/07/27 01:00:19 - mmengine - INFO - Exp name: dsanet_cityscapes_512x1024_20260726_105627
2026/07/27 01:00:19 - mmengine - INFO - Iter(train) [131000/160000]  lr: 1.7404e-02  eta: 3:04:15  time: 0.3783  data_time: 0.0259  memory: 10141  loss: 0.9401  decode.loss_ohem: 0.6557  decode.acc_seg: 94.0111  aux_0.loss_ce: 0.2844  aux_0.acc_seg: 90.4433
2026/07/27 01:00:57 - mmengine - INFO - Iter(train) [131100/160000]  lr: 1.7350e-02  eta: 3:03:37  time: 0.3774  data_time: 0.0261  memory: 10140  loss: 1.0411  decode.loss_ohem: 0.7457  decode.acc_seg: 91.0961  aux_0.loss_ce: 0.2954  aux_0.acc_seg: 86.3039
2026/07/27 01:01:35 - mmengine - INFO - Iter(train) [131200/160000]  lr: 1.7296e-02  eta: 3:02:58  time: 0.3783  data_time: 0.0264  memory: 10141  loss: 1.0085  decode.loss_ohem: 0.7396  decode.acc_seg: 91.8285  aux_0.loss_ce: 0.2690  aux_0.acc_seg: 84.5425
2026/07/27 01:02:13 - mmengine - INFO - Iter(train) [131300/160000]  lr: 1.7242e-02  eta: 3:02:20  time: 0.3798  data_time: 0.0259  memory: 10141  loss: 1.0865  decode.loss_ohem: 0.7669  decode.acc_seg: 94.6294  aux_0.loss_ce: 0.3195  aux_0.acc_seg: 91.2752
2026/07/27 01:02:51 - mmengine - INFO - Iter(train) [131400/160000]  lr: 1.7188e-02  eta: 3:01:42  time: 0.3779  data_time: 0.0254  memory: 10141  loss: 0.9406  decode.loss_ohem: 0.6569  decode.acc_seg: 93.3562  aux_0.loss_ce: 0.2836  aux_0.acc_seg: 90.1131
2026/07/27 01:03:29 - mmengine - INFO - Iter(train) [131500/160000]  lr: 1.7134e-02  eta: 3:01:04  time: 0.3789  data_time: 0.0258  memory: 10141  loss: 1.0907  decode.loss_ohem: 0.7729  decode.acc_seg: 93.9697  aux_0.loss_ce: 0.3178  aux_0.acc_seg: 89.2296
2026/07/27 01:04:07 - mmengine - INFO - Iter(train) [131600/160000]  lr: 1.7080e-02  eta: 3:00:26  time: 0.3803  data_time: 0.0265  memory: 10143  loss: 1.0235  decode.loss_ohem: 0.7262  decode.acc_seg: 91.7020  aux_0.loss_ce: 0.2973  aux_0.acc_seg: 86.1510
2026/07/27 01:04:45 - mmengine - INFO - Iter(train) [131700/160000]  lr: 1.7026e-02  eta: 2:59:48  time: 0.3778  data_time: 0.0254  memory: 10140  loss: 1.0137  decode.loss_ohem: 0.7026  decode.acc_seg: 92.7414  aux_0.loss_ce: 0.3112  aux_0.acc_seg: 89.8525
2026/07/27 01:05:23 - mmengine - INFO - Iter(train) [131800/160000]  lr: 1.6972e-02  eta: 2:59:09  time: 0.3770  data_time: 0.0253  memory: 10142  loss: 1.0958  decode.loss_ohem: 0.7830  decode.acc_seg: 91.5677  aux_0.loss_ce: 0.3128  aux_0.acc_seg: 86.4980
2026/07/27 01:06:00 - mmengine - INFO - Iter(train) [131900/160000]  lr: 1.6918e-02  eta: 2:58:31  time: 0.3796  data_time: 0.0265  memory: 10140  loss: 1.1426  decode.loss_ohem: 0.8261  decode.acc_seg: 93.3599  aux_0.loss_ce: 0.3165  aux_0.acc_seg: 88.6634
2026/07/27 01:06:38 - mmengine - INFO - Exp name: dsanet_cityscapes_512x1024_20260726_105627
2026/07/27 01:06:38 - mmengine - INFO - Iter(train) [132000/160000]  lr: 1.6863e-02  eta: 2:57:53  time: 0.3785  data_time: 0.0258  memory: 10142  loss: 1.0274  decode.loss_ohem: 0.7019  decode.acc_seg: 91.8363  aux_0.loss_ce: 0.3255  aux_0.acc_seg: 89.4302
2026/07/27 01:07:16 - mmengine - INFO - Iter(train) [132100/160000]  lr: 1.6809e-02  eta: 2:57:15  time: 0.3774  data_time: 0.0249  memory: 10141  loss: 1.0033  decode.loss_ohem: 0.6864  decode.acc_seg: 93.5468  aux_0.loss_ce: 0.3169  aux_0.acc_seg: 87.4825
2026/07/27 01:07:54 - mmengine - INFO - Iter(train) [132200/160000]  lr: 1.6755e-02  eta: 2:56:37  time: 0.3767  data_time: 0.0250  memory: 10140  loss: 0.9853  decode.loss_ohem: 0.7006  decode.acc_seg: 94.1427  aux_0.loss_ce: 0.2847  aux_0.acc_seg: 91.5375
2026/07/27 01:08:32 - mmengine - INFO - Iter(train) [132300/160000]  lr: 1.6701e-02  eta: 2:55:58  time: 0.3793  data_time: 0.0256  memory: 10139  loss: 1.0101  decode.loss_ohem: 0.7070  decode.acc_seg: 92.6591  aux_0.loss_ce: 0.3031  aux_0.acc_seg: 90.3873
2026/07/27 01:09:10 - mmengine - INFO - Iter(train) [132400/160000]  lr: 1.6647e-02  eta: 2:55:20  time: 0.3795  data_time: 0.0263  memory: 10140  loss: 1.0482  decode.loss_ohem: 0.7360  decode.acc_seg: 92.8793  aux_0.loss_ce: 0.3122  aux_0.acc_seg: 88.2837
2026/07/27 01:09:48 - mmengine - INFO - Iter(train) [132500/160000]  lr: 1.6592e-02  eta: 2:54:42  time: 0.3762  data_time: 0.0252  memory: 10141  loss: 1.0103  decode.loss_ohem: 0.7083  decode.acc_seg: 91.9554  aux_0.loss_ce: 0.3020  aux_0.acc_seg: 84.5856
2026/07/27 01:10:25 - mmengine - INFO - Iter(train) [132600/160000]  lr: 1.6538e-02  eta: 2:54:04  time: 0.3761  data_time: 0.0248  memory: 10141  loss: 1.0246  decode.loss_ohem: 0.7434  decode.acc_seg: 92.4813  aux_0.loss_ce: 0.2812  aux_0.acc_seg: 88.9956
2026/07/27 01:11:03 - mmengine - INFO - Iter(train) [132700/160000]  lr: 1.6484e-02  eta: 2:53:26  time: 0.3785  data_time: 0.0254  memory: 10141  loss: 1.0060  decode.loss_ohem: 0.7062  decode.acc_seg: 93.6648  aux_0.loss_ce: 0.2998  aux_0.acc_seg: 90.3040
2026/07/27 01:11:41 - mmengine - INFO - Iter(train) [132800/160000]  lr: 1.6429e-02  eta: 2:52:48  time: 0.3794  data_time: 0.0264  memory: 10141  loss: 1.0140  decode.loss_ohem: 0.7198  decode.acc_seg: 92.4658  aux_0.loss_ce: 0.2942  aux_0.acc_seg: 88.5318
2026/07/27 01:12:19 - mmengine - INFO - Iter(train) [132900/160000]  lr: 1.6375e-02  eta: 2:52:09  time: 0.3768  data_time: 0.0250  memory: 10140  loss: 1.0119  decode.loss_ohem: 0.7314  decode.acc_seg: 94.7882  aux_0.loss_ce: 0.2805  aux_0.acc_seg: 92.0705
2026/07/27 01:12:57 - mmengine - INFO - Exp name: dsanet_cityscapes_512x1024_20260726_105627
2026/07/27 01:12:57 - mmengine - INFO - Iter(train) [133000/160000]  lr: 1.6321e-02  eta: 2:51:31  time: 0.3774  data_time: 0.0254  memory: 10140  loss: 0.9310  decode.loss_ohem: 0.6777  decode.acc_seg: 94.3887  aux_0.loss_ce: 0.2533  aux_0.acc_seg: 87.9684
2026/07/27 01:13:35 - mmengine - INFO - Iter(train) [133100/160000]  lr: 1.6266e-02  eta: 2:50:53  time: 0.3783  data_time: 0.0254  memory: 10141  loss: 1.0165  decode.loss_ohem: 0.6930  decode.acc_seg: 93.7822  aux_0.loss_ce: 0.3235  aux_0.acc_seg: 88.5490
2026/07/27 01:14:13 - mmengine - INFO - Iter(train) [133200/160000]  lr: 1.6212e-02  eta: 2:50:15  time: 0.3790  data_time: 0.0260  memory: 10140  loss: 0.9796  decode.loss_ohem: 0.7059  decode.acc_seg: 95.0013  aux_0.loss_ce: 0.2737  aux_0.acc_seg: 89.2592
2026/07/27 01:14:50 - mmengine - INFO - Iter(train) [133300/160000]  lr: 1.6158e-02  eta: 2:49:37  time: 0.3782  data_time: 0.0259  memory: 10142  loss: 1.0372  decode.loss_ohem: 0.7143  decode.acc_seg: 91.2972  aux_0.loss_ce: 0.3229  aux_0.acc_seg: 83.9367
2026/07/27 01:15:28 - mmengine - INFO - Iter(train) [133400/160000]  lr: 1.6103e-02  eta: 2:48:59  time: 0.3787  data_time: 0.0261  memory: 10141  loss: 1.0566  decode.loss_ohem: 0.7621  decode.acc_seg: 95.3495  aux_0.loss_ce: 0.2946  aux_0.acc_seg: 92.0907
2026/07/27 01:16:06 - mmengine - INFO - Iter(train) [133500/160000]  lr: 1.6049e-02  eta: 2:48:20  time: 0.3801  data_time: 0.0267  memory: 10140  loss: 0.9702  decode.loss_ohem: 0.6639  decode.acc_seg: 93.7572  aux_0.loss_ce: 0.3063  aux_0.acc_seg: 89.0585
2026/07/27 01:16:44 - mmengine - INFO - Iter(train) [133600/160000]  lr: 1.5994e-02  eta: 2:47:42  time: 0.3791  data_time: 0.0261  memory: 10141  loss: 1.0721  decode.loss_ohem: 0.7242  decode.acc_seg: 93.1460  aux_0.loss_ce: 0.3479  aux_0.acc_seg: 86.3700
2026/07/27 01:17:22 - mmengine - INFO - Iter(train) [133700/160000]  lr: 1.5940e-02  eta: 2:47:04  time: 0.3773  data_time: 0.0257  memory: 10142  loss: 1.0809  decode.loss_ohem: 0.7520  decode.acc_seg: 95.1048  aux_0.loss_ce: 0.3289  aux_0.acc_seg: 92.0035
2026/07/27 01:18:00 - mmengine - INFO - Iter(train) [133800/160000]  lr: 1.5885e-02  eta: 2:46:26  time: 0.3788  data_time: 0.0260  memory: 10142  loss: 0.9800  decode.loss_ohem: 0.6683  decode.acc_seg: 93.7975  aux_0.loss_ce: 0.3118  aux_0.acc_seg: 87.5752
2026/07/27 01:18:38 - mmengine - INFO - Iter(train) [133900/160000]  lr: 1.5831e-02  eta: 2:45:48  time: 0.3799  data_time: 0.0267  memory: 10140  loss: 1.0168  decode.loss_ohem: 0.7215  decode.acc_seg: 91.8135  aux_0.loss_ce: 0.2953  aux_0.acc_seg: 88.7894
2026/07/27 01:19:16 - mmengine - INFO - Exp name: dsanet_cityscapes_512x1024_20260726_105627
2026/07/27 01:19:16 - mmengine - INFO - Iter(train) [134000/160000]  lr: 1.5776e-02  eta: 2:45:10  time: 0.3792  data_time: 0.0266  memory: 10141  loss: 1.0024  decode.loss_ohem: 0.6931  decode.acc_seg: 92.5216  aux_0.loss_ce: 0.3093  aux_0.acc_seg: 90.5216
2026/07/27 01:19:54 - mmengine - INFO - Iter(train) [134100/160000]  lr: 1.5721e-02  eta: 2:44:31  time: 0.3765  data_time: 0.0252  memory: 10143  loss: 0.9965  decode.loss_ohem: 0.6787  decode.acc_seg: 94.1097  aux_0.loss_ce: 0.3179  aux_0.acc_seg: 89.0615
2026/07/27 01:20:32 - mmengine - INFO - Iter(train) [134200/160000]  lr: 1.5667e-02  eta: 2:43:53  time: 0.3796  data_time: 0.0260  memory: 10141  loss: 1.0469  decode.loss_ohem: 0.7595  decode.acc_seg: 94.2725  aux_0.loss_ce: 0.2874  aux_0.acc_seg: 91.1125
2026/07/27 01:21:10 - mmengine - INFO - Iter(train) [134300/160000]  lr: 1.5612e-02  eta: 2:43:15  time: 0.3793  data_time: 0.0264  memory: 10140  loss: 0.9755  decode.loss_ohem: 0.7027  decode.acc_seg: 94.4169  aux_0.loss_ce: 0.2728  aux_0.acc_seg: 90.0233
2026/07/27 01:21:48 - mmengine - INFO - Iter(train) [134400/160000]  lr: 1.5558e-02  eta: 2:42:37  time: 0.3783  data_time: 0.0260  memory: 10141  loss: 1.0039  decode.loss_ohem: 0.6964  decode.acc_seg: 93.9479  aux_0.loss_ce: 0.3075  aux_0.acc_seg: 89.6502
2026/07/27 01:22:26 - mmengine - INFO - Iter(train) [134500/160000]  lr: 1.5503e-02  eta: 2:41:59  time: 0.3786  data_time: 0.0263  memory: 10140  loss: 1.0073  decode.loss_ohem: 0.7106  decode.acc_seg: 92.0003  aux_0.loss_ce: 0.2967  aux_0.acc_seg: 88.1915
2026/07/27 01:23:03 - mmengine - INFO - Iter(train) [134600/160000]  lr: 1.5448e-02  eta: 2:41:21  time: 0.3796  data_time: 0.0260  memory: 10140  loss: 1.1380  decode.loss_ohem: 0.7732  decode.acc_seg: 92.9755  aux_0.loss_ce: 0.3648  aux_0.acc_seg: 90.7572
2026/07/27 01:23:41 - mmengine - INFO - Iter(train) [134700/160000]  lr: 1.5394e-02  eta: 2:40:42  time: 0.3793  data_time: 0.0261  memory: 10141  loss: 0.9137  decode.loss_ohem: 0.6485  decode.acc_seg: 94.2104  aux_0.loss_ce: 0.2652  aux_0.acc_seg: 90.1209
2026/07/27 01:24:19 - mmengine - INFO - Iter(train) [134800/160000]  lr: 1.5339e-02  eta: 2:40:04  time: 0.3771  data_time: 0.0248  memory: 10140  loss: 0.9962  decode.loss_ohem: 0.7041  decode.acc_seg: 93.3241  aux_0.loss_ce: 0.2921  aux_0.acc_seg: 90.7291
2026/07/27 01:24:57 - mmengine - INFO - Iter(train) [134900/160000]  lr: 1.5284e-02  eta: 2:39:26  time: 0.3779  data_time: 0.0255  memory: 10142  loss: 0.9788  decode.loss_ohem: 0.6841  decode.acc_seg: 92.0019  aux_0.loss_ce: 0.2948  aux_0.acc_seg: 89.1082
2026/07/27 01:25:35 - mmengine - INFO - Exp name: dsanet_cityscapes_512x1024_20260726_105627
2026/07/27 01:25:35 - mmengine - INFO - Iter(train) [135000/160000]  lr: 1.5229e-02  eta: 2:38:48  time: 0.3780  data_time: 0.0256  memory: 10140  loss: 1.0558  decode.loss_ohem: 0.7513  decode.acc_seg: 93.7388  aux_0.loss_ce: 0.3045  aux_0.acc_seg: 88.8128
2026/07/27 01:25:35 - mmengine - INFO - Saving checkpoint at 135000 iterations
2026/07/27 01:25:46 - mmengine - INFO - Iter(val) [100/250]    eta: 0:00:15  time: 0.1000  data_time: 0.0269  memory: 835  
2026/07/27 01:25:56 - mmengine - INFO - Iter(val) [200/250]    eta: 0:00:05  time: 0.0987  data_time: 0.0255  memory: 835  
2026/07/27 01:26:01 - mmengine - INFO - per class results:
2026/07/27 01:26:01 - mmengine - INFO - 
+---------------+-------+-------+
|     Class     |  IoU  |  Acc  |
+---------------+-------+-------+
|      road     | 97.66 | 98.35 |
|    sidewalk   | 80.98 | 92.18 |
|    building   | 90.48 | 95.24 |
|      wall     | 41.89 | 45.24 |
|     fence     | 54.48 | 77.85 |
|      pole     | 58.35 | 72.71 |
| traffic light | 58.52 | 74.75 |
|  traffic sign | 69.71 | 81.88 |
|   vegetation  | 91.44 | 96.03 |
|    terrain    | 60.48 | 67.14 |
|      sky      |  93.4 | 96.05 |
|     person    | 76.22 | 88.18 |
|     rider     | 54.46 | 69.74 |
|      car      | 93.43 | 97.51 |
|     truck     | 66.58 | 82.86 |
|      bus      | 77.59 | 84.58 |
|     train     | 73.93 | 79.94 |
|   motorcycle  | 49.71 | 57.74 |
|    bicycle    | 71.15 | 85.56 |
+---------------+-------+-------+
2026/07/27 01:26:01 - mmengine - INFO - Iter(val) [250/250]    aAcc: 95.0100  mIoU: 71.6000  mAcc: 81.2400  data_time: 0.0314  time: 0.1009
2026/07/27 01:26:01 - mmengine - INFO - The previous best checkpoint /root/autodl-tmp/DSANet-main/tools/work_dirs/dsanet_cityscapes_512x1024/best_mIoU_iter_130000.pth is removed
2026/07/27 01:26:01 - mmengine - INFO - The best checkpoint with 71.6000 mIoU at 135000 iter is saved to best_mIoU_iter_135000.pth.
2026/07/27 01:26:40 - mmengine - INFO - Iter(train) [135100/160000]  lr: 1.5174e-02  eta: 2:38:10  time: 0.3796  data_time: 0.0267  memory: 10141  loss: 0.9860  decode.loss_ohem: 0.7072  decode.acc_seg: 93.5536  aux_0.loss_ce: 0.2788  aux_0.acc_seg: 91.1877
2026/07/27 01:27:18 - mmengine - INFO - Iter(train) [135200/160000]  lr: 1.5120e-02  eta: 2:37:32  time: 0.3792  data_time: 0.0262  memory: 10140  loss: 1.0146  decode.loss_ohem: 0.7284  decode.acc_seg: 92.0740  aux_0.loss_ce: 0.2862  aux_0.acc_seg: 87.9570
2026/07/27 01:27:56 - mmengine - INFO - Iter(train) [135300/160000]  lr: 1.5065e-02  eta: 2:36:54  time: 0.3779  data_time: 0.0255  memory: 10140  loss: 0.9702  decode.loss_ohem: 0.6928  decode.acc_seg: 94.8759  aux_0.loss_ce: 0.2774  aux_0.acc_seg: 92.6562
2026/07/27 01:28:34 - mmengine - INFO - Iter(train) [135400/160000]  lr: 1.5010e-02  eta: 2:36:16  time: 0.3763  data_time: 0.0253  memory: 10140  loss: 1.0005  decode.loss_ohem: 0.7026  decode.acc_seg: 94.8954  aux_0.loss_ce: 0.2979  aux_0.acc_seg: 90.2796
2026/07/27 01:29:12 - mmengine - INFO - Iter(train) [135500/160000]  lr: 1.4955e-02  eta: 2:35:37  time: 0.3816  data_time: 0.0269  memory: 10141  loss: 1.0167  decode.loss_ohem: 0.7159  decode.acc_seg: 93.9165  aux_0.loss_ce: 0.3008  aux_0.acc_seg: 90.6293
2026/07/27 01:29:49 - mmengine - INFO - Iter(train) [135600/160000]  lr: 1.4900e-02  eta: 2:34:59  time: 0.3794  data_time: 0.0264  memory: 10140  loss: 1.0389  decode.loss_ohem: 0.7048  decode.acc_seg: 93.7896  aux_0.loss_ce: 0.3341  aux_0.acc_seg: 88.6349
2026/07/27 01:30:27 - mmengine - INFO - Iter(train) [135700/160000]  lr: 1.4845e-02  eta: 2:34:21  time: 0.3788  data_time: 0.0261  memory: 10140  loss: 1.0356  decode.loss_ohem: 0.7199  decode.acc_seg: 91.0722  aux_0.loss_ce: 0.3157  aux_0.acc_seg: 87.3453
2026/07/27 01:31:05 - mmengine - INFO - Iter(train) [135800/160000]  lr: 1.4790e-02  eta: 2:33:43  time: 0.3781  data_time: 0.0257  memory: 10141  loss: 1.0217  decode.loss_ohem: 0.7241  decode.acc_seg: 93.3746  aux_0.loss_ce: 0.2976  aux_0.acc_seg: 88.0982
2026/07/27 01:31:43 - mmengine - INFO - Iter(train) [135900/160000]  lr: 1.4735e-02  eta: 2:33:05  time: 0.3794  data_time: 0.0265  memory: 10140  loss: 0.9639  decode.loss_ohem: 0.6685  decode.acc_seg: 93.6367  aux_0.loss_ce: 0.2954  aux_0.acc_seg: 89.9006
2026/07/27 01:32:21 - mmengine - INFO - Exp name: dsanet_cityscapes_512x1024_20260726_105627
2026/07/27 01:32:21 - mmengine - INFO - Iter(train) [136000/160000]  lr: 1.4680e-02  eta: 2:32:27  time: 0.3775  data_time: 0.0258  memory: 10140  loss: 0.9958  decode.loss_ohem: 0.7034  decode.acc_seg: 93.1823  aux_0.loss_ce: 0.2923  aux_0.acc_seg: 91.3179
2026/07/27 01:32:59 - mmengine - INFO - Iter(train) [136100/160000]  lr: 1.4625e-02  eta: 2:31:49  time: 0.3782  data_time: 0.0264  memory: 10141  loss: 0.9536  decode.loss_ohem: 0.6824  decode.acc_seg: 93.8777  aux_0.loss_ce: 0.2712  aux_0.acc_seg: 89.5806
2026/07/27 01:33:37 - mmengine - INFO - Iter(train) [136200/160000]  lr: 1.4570e-02  eta: 2:31:10  time: 0.3796  data_time: 0.0262  memory: 10141  loss: 0.9515  decode.loss_ohem: 0.6594  decode.acc_seg: 93.4298  aux_0.loss_ce: 0.2921  aux_0.acc_seg: 89.3203
2026/07/27 01:34:15 - mmengine - INFO - Iter(train) [136300/160000]  lr: 1.4515e-02  eta: 2:30:32  time: 0.3778  data_time: 0.0260  memory: 10140  loss: 1.0483  decode.loss_ohem: 0.7495  decode.acc_seg: 90.7811  aux_0.loss_ce: 0.2987  aux_0.acc_seg: 83.8592
2026/07/27 01:34:52 - mmengine - INFO - Iter(train) [136400/160000]  lr: 1.4460e-02  eta: 2:29:54  time: 0.3780  data_time: 0.0257  memory: 10140  loss: 0.9789  decode.loss_ohem: 0.7025  decode.acc_seg: 94.0288  aux_0.loss_ce: 0.2764  aux_0.acc_seg: 89.2362
2026/07/27 01:35:30 - mmengine - INFO - Iter(train) [136500/160000]  lr: 1.4405e-02  eta: 2:29:16  time: 0.3782  data_time: 0.0260  memory: 10141  loss: 0.9546  decode.loss_ohem: 0.6821  decode.acc_seg: 93.5680  aux_0.loss_ce: 0.2725  aux_0.acc_seg: 91.5826
2026/07/27 01:36:08 - mmengine - INFO - Iter(train) [136600/160000]  lr: 1.4350e-02  eta: 2:28:38  time: 0.3780  data_time: 0.0261  memory: 10141  loss: 0.9640  decode.loss_ohem: 0.6975  decode.acc_seg: 93.8659  aux_0.loss_ce: 0.2665  aux_0.acc_seg: 90.6898
2026/07/27 01:36:46 - mmengine - INFO - Iter(train) [136700/160000]  lr: 1.4295e-02  eta: 2:28:00  time: 0.3796  data_time: 0.0264  memory: 10141  loss: 0.9712  decode.loss_ohem: 0.6941  decode.acc_seg: 93.9771  aux_0.loss_ce: 0.2771  aux_0.acc_seg: 87.5872
2026/07/27 01:37:24 - mmengine - INFO - Iter(train) [136800/160000]  lr: 1.4239e-02  eta: 2:27:21  time: 0.3784  data_time: 0.0259  memory: 10140  loss: 1.0770  decode.loss_ohem: 0.7846  decode.acc_seg: 93.6262  aux_0.loss_ce: 0.2924  aux_0.acc_seg: 90.3134
2026/07/27 01:38:02 - mmengine - INFO - Iter(train) [136900/160000]  lr: 1.4184e-02  eta: 2:26:43  time: 0.3788  data_time: 0.0256  memory: 10142  loss: 0.9959  decode.loss_ohem: 0.6769  decode.acc_seg: 92.2663  aux_0.loss_ce: 0.3190  aux_0.acc_seg: 88.3188
2026/07/27 01:38:40 - mmengine - INFO - Exp name: dsanet_cityscapes_512x1024_20260726_105627
2026/07/27 01:38:40 - mmengine - INFO - Iter(train) [137000/160000]  lr: 1.4129e-02  eta: 2:26:05  time: 0.3781  data_time: 0.0261  memory: 10141  loss: 0.9560  decode.loss_ohem: 0.6842  decode.acc_seg: 93.5654  aux_0.loss_ce: 0.2718  aux_0.acc_seg: 90.5801
2026/07/27 01:39:18 - mmengine - INFO - Iter(train) [137100/160000]  lr: 1.4074e-02  eta: 2:25:27  time: 0.3797  data_time: 0.0268  memory: 10140  loss: 1.0478  decode.loss_ohem: 0.7454  decode.acc_seg: 93.5685  aux_0.loss_ce: 0.3024  aux_0.acc_seg: 90.0148
2026/07/27 01:39:56 - mmengine - INFO - Iter(train) [137200/160000]  lr: 1.4018e-02  eta: 2:24:49  time: 0.3796  data_time: 0.0266  memory: 10141  loss: 1.0387  decode.loss_ohem: 0.7360  decode.acc_seg: 94.9638  aux_0.loss_ce: 0.3027  aux_0.acc_seg: 90.0247
2026/07/27 01:40:33 - mmengine - INFO - Iter(train) [137300/160000]  lr: 1.3963e-02  eta: 2:24:11  time: 0.3775  data_time: 0.0257  memory: 10140  loss: 0.9478  decode.loss_ohem: 0.6645  decode.acc_seg: 92.9111  aux_0.loss_ce: 0.2832  aux_0.acc_seg: 84.4067
2026/07/27 01:41:11 - mmengine - INFO - Iter(train) [137400/160000]  lr: 1.3908e-02  eta: 2:23:32  time: 0.3768  data_time: 0.0255  memory: 10140  loss: 1.0067  decode.loss_ohem: 0.7233  decode.acc_seg: 95.1670  aux_0.loss_ce: 0.2834  aux_0.acc_seg: 92.5880
2026/07/27 01:41:49 - mmengine - INFO - Iter(train) [137500/160000]  lr: 1.3852e-02  eta: 2:22:54  time: 0.3788  data_time: 0.0264  memory: 10139  loss: 1.0468  decode.loss_ohem: 0.7316  decode.acc_seg: 94.7366  aux_0.loss_ce: 0.3153  aux_0.acc_seg: 88.4530
2026/07/27 01:42:27 - mmengine - INFO - Iter(train) [137600/160000]  lr: 1.3797e-02  eta: 2:22:16  time: 0.3788  data_time: 0.0263  memory: 10141  loss: 1.0381  decode.loss_ohem: 0.7240  decode.acc_seg: 91.1474  aux_0.loss_ce: 0.3141  aux_0.acc_seg: 85.9889
2026/07/27 01:43:05 - mmengine - INFO - Iter(train) [137700/160000]  lr: 1.3742e-02  eta: 2:21:38  time: 0.3783  data_time: 0.0260  memory: 10141  loss: 0.9731  decode.loss_ohem: 0.6852  decode.acc_seg: 95.2175  aux_0.loss_ce: 0.2879  aux_0.acc_seg: 91.5742
2026/07/27 01:43:43 - mmengine - INFO - Iter(train) [137800/160000]  lr: 1.3686e-02  eta: 2:21:00  time: 0.3782  data_time: 0.0263  memory: 10140  loss: 1.0844  decode.loss_ohem: 0.7675  decode.acc_seg: 93.4648  aux_0.loss_ce: 0.3168  aux_0.acc_seg: 87.6078
2026/07/27 01:44:20 - mmengine - INFO - Iter(train) [137900/160000]  lr: 1.3631e-02  eta: 2:20:22  time: 0.3774  data_time: 0.0259  memory: 10140  loss: 1.0064  decode.loss_ohem: 0.7194  decode.acc_seg: 95.0755  aux_0.loss_ce: 0.2869  aux_0.acc_seg: 90.4838
2026/07/27 01:44:58 - mmengine - INFO - Exp name: dsanet_cityscapes_512x1024_20260726_105627
2026/07/27 01:44:58 - mmengine - INFO - Iter(train) [138000/160000]  lr: 1.3575e-02  eta: 2:19:44  time: 0.3787  data_time: 0.0259  memory: 10142  loss: 1.1210  decode.loss_ohem: 0.7538  decode.acc_seg: 91.6995  aux_0.loss_ce: 0.3672  aux_0.acc_seg: 87.9458
2026/07/27 01:45:36 - mmengine - INFO - Iter(train) [138100/160000]  lr: 1.3520e-02  eta: 2:19:05  time: 0.3791  data_time: 0.0260  memory: 10141  loss: 0.9880  decode.loss_ohem: 0.6952  decode.acc_seg: 93.8417  aux_0.loss_ce: 0.2928  aux_0.acc_seg: 90.5999
2026/07/27 01:46:14 - mmengine - INFO - Iter(train) [138200/160000]  lr: 1.3464e-02  eta: 2:18:27  time: 0.3776  data_time: 0.0261  memory: 10140  loss: 0.9480  decode.loss_ohem: 0.6857  decode.acc_seg: 93.6556  aux_0.loss_ce: 0.2623  aux_0.acc_seg: 89.8481
2026/07/27 01:46:52 - mmengine - INFO - Iter(train) [138300/160000]  lr: 1.3409e-02  eta: 2:17:49  time: 0.3798  data_time: 0.0265  memory: 10139  loss: 0.9700  decode.loss_ohem: 0.7091  decode.acc_seg: 93.9395  aux_0.loss_ce: 0.2608  aux_0.acc_seg: 90.0689
2026/07/27 01:47:30 - mmengine - INFO - Iter(train) [138400/160000]  lr: 1.3353e-02  eta: 2:17:11  time: 0.3782  data_time: 0.0258  memory: 10141  loss: 0.9974  decode.loss_ohem: 0.6822  decode.acc_seg: 94.4132  aux_0.loss_ce: 0.3152  aux_0.acc_seg: 86.8837
2026/07/27 01:48:08 - mmengine - INFO - Iter(train) [138500/160000]  lr: 1.3297e-02  eta: 2:16:33  time: 0.3776  data_time: 0.0259  memory: 10139  loss: 0.9575  decode.loss_ohem: 0.6967  decode.acc_seg: 93.3583  aux_0.loss_ce: 0.2608  aux_0.acc_seg: 90.4844
2026/07/27 01:48:45 - mmengine - INFO - Iter(train) [138600/160000]  lr: 1.3242e-02  eta: 2:15:55  time: 0.3762  data_time: 0.0254  memory: 10141  loss: 0.9707  decode.loss_ohem: 0.6881  decode.acc_seg: 92.4709  aux_0.loss_ce: 0.2825  aux_0.acc_seg: 87.3450
2026/07/27 01:49:23 - mmengine - INFO - Iter(train) [138700/160000]  lr: 1.3186e-02  eta: 2:15:16  time: 0.3795  data_time: 0.0262  memory: 10140  loss: 0.9743  decode.loss_ohem: 0.6844  decode.acc_seg: 94.1312  aux_0.loss_ce: 0.2899  aux_0.acc_seg: 89.7535
2026/07/27 01:50:01 - mmengine - INFO - Iter(train) [138800/160000]  lr: 1.3130e-02  eta: 2:14:38  time: 0.3796  data_time: 0.0265  memory: 10141  loss: 0.9660  decode.loss_ohem: 0.6739  decode.acc_seg: 88.0199  aux_0.loss_ce: 0.2920  aux_0.acc_seg: 84.2837
2026/07/27 01:50:39 - mmengine - INFO - Iter(train) [138900/160000]  lr: 1.3075e-02  eta: 2:14:00  time: 0.3778  data_time: 0.0262  memory: 10140  loss: 1.0662  decode.loss_ohem: 0.7432  decode.acc_seg: 92.9557  aux_0.loss_ce: 0.3230  aux_0.acc_seg: 89.1291
2026/07/27 01:51:17 - mmengine - INFO - Exp name: dsanet_cityscapes_512x1024_20260726_105627
2026/07/27 01:51:17 - mmengine - INFO - Iter(train) [139000/160000]  lr: 1.3019e-02  eta: 2:13:22  time: 0.3771  data_time: 0.0261  memory: 10141  loss: 0.9762  decode.loss_ohem: 0.6984  decode.acc_seg: 94.8716  aux_0.loss_ce: 0.2778  aux_0.acc_seg: 93.3208
2026/07/27 01:51:55 - mmengine - INFO - Iter(train) [139100/160000]  lr: 1.2963e-02  eta: 2:12:44  time: 0.3777  data_time: 0.0257  memory: 10141  loss: 0.9763  decode.loss_ohem: 0.6909  decode.acc_seg: 94.1506  aux_0.loss_ce: 0.2854  aux_0.acc_seg: 89.0084
2026/07/27 01:52:33 - mmengine - INFO - Iter(train) [139200/160000]  lr: 1.2907e-02  eta: 2:12:06  time: 0.3788  data_time: 0.0261  memory: 10141  loss: 1.0181  decode.loss_ohem: 0.7413  decode.acc_seg: 92.2568  aux_0.loss_ce: 0.2768  aux_0.acc_seg: 88.3310
2026/07/27 01:53:10 - mmengine - INFO - Iter(train) [139300/160000]  lr: 1.2852e-02  eta: 2:11:28  time: 0.3770  data_time: 0.0259  memory: 10140  loss: 1.1292  decode.loss_ohem: 0.8020  decode.acc_seg: 94.2624  aux_0.loss_ce: 0.3272  aux_0.acc_seg: 86.8151
2026/07/27 01:53:48 - mmengine - INFO - Iter(train) [139400/160000]  lr: 1.2796e-02  eta: 2:10:49  time: 0.3797  data_time: 0.0263  memory: 10140  loss: 1.0256  decode.loss_ohem: 0.7166  decode.acc_seg: 92.5005  aux_0.loss_ce: 0.3090  aux_0.acc_seg: 89.9738
2026/07/27 01:54:26 - mmengine - INFO - Iter(train) [139500/160000]  lr: 1.2740e-02  eta: 2:10:11  time: 0.3793  data_time: 0.0264  memory: 10140  loss: 0.9539  decode.loss_ohem: 0.6650  decode.acc_seg: 93.6252  aux_0.loss_ce: 0.2889  aux_0.acc_seg: 89.5396
2026/07/27 01:55:04 - mmengine - INFO - Iter(train) [139600/160000]  lr: 1.2684e-02  eta: 2:09:33  time: 0.3785  data_time: 0.0264  memory: 10140  loss: 0.9968  decode.loss_ohem: 0.7309  decode.acc_seg: 92.4720  aux_0.loss_ce: 0.2658  aux_0.acc_seg: 88.5274
2026/07/27 01:55:42 - mmengine - INFO - Iter(train) [139700/160000]  lr: 1.2628e-02  eta: 2:08:55  time: 0.3768  data_time: 0.0257  memory: 10141  loss: 0.9908  decode.loss_ohem: 0.6961  decode.acc_seg: 93.7629  aux_0.loss_ce: 0.2947  aux_0.acc_seg: 88.6420
2026/07/27 01:56:20 - mmengine - INFO - Iter(train) [139800/160000]  lr: 1.2572e-02  eta: 2:08:17  time: 0.3781  data_time: 0.0263  memory: 10141  loss: 1.0176  decode.loss_ohem: 0.7247  decode.acc_seg: 93.2095  aux_0.loss_ce: 0.2929  aux_0.acc_seg: 90.1699
2026/07/27 01:56:58 - mmengine - INFO - Iter(train) [139900/160000]  lr: 1.2516e-02  eta: 2:07:39  time: 0.3803  data_time: 0.0274  memory: 10140  loss: 1.0155  decode.loss_ohem: 0.7121  decode.acc_seg: 93.8220  aux_0.loss_ce: 0.3034  aux_0.acc_seg: 91.0310
2026/07/27 01:57:35 - mmengine - INFO - Exp name: dsanet_cityscapes_512x1024_20260726_105627
2026/07/27 01:57:35 - mmengine - INFO - Iter(train) [140000/160000]  lr: 1.2460e-02  eta: 2:07:01  time: 0.3765  data_time: 0.0254  memory: 10140  loss: 1.0209  decode.loss_ohem: 0.7433  decode.acc_seg: 95.1113  aux_0.loss_ce: 0.2776  aux_0.acc_seg: 91.7817
2026/07/27 01:57:35 - mmengine - INFO - Saving checkpoint at 140000 iterations
2026/07/27 01:57:46 - mmengine - INFO - Iter(val) [100/250]    eta: 0:00:15  time: 0.0988  data_time: 0.0101  memory: 835  
2026/07/27 01:57:56 - mmengine - INFO - Iter(val) [200/250]    eta: 0:00:05  time: 0.0996  data_time: 0.0102  memory: 835  
2026/07/27 01:58:01 - mmengine - INFO - per class results:
2026/07/27 01:58:01 - mmengine - INFO - 
+---------------+-------+-------+
|     Class     |  IoU  |  Acc  |
+---------------+-------+-------+
|      road     | 97.54 | 98.49 |
|    sidewalk   | 80.12 |  89.7 |
|    building   | 90.35 | 95.47 |
|      wall     | 44.04 | 49.58 |
|     fence     | 52.06 | 64.48 |
|      pole     | 58.07 | 71.05 |
| traffic light | 59.63 | 70.62 |
|  traffic sign | 71.51 | 80.02 |
|   vegetation  | 91.17 | 96.75 |
|    terrain    | 58.82 | 64.24 |
|      sky      | 93.91 | 97.14 |
|     person    |  76.9 | 87.65 |
|     rider     | 56.88 | 72.86 |
|      car      | 93.41 | 97.04 |
|     truck     | 68.59 | 85.19 |
|      bus      | 78.39 | 85.89 |
|     train     | 72.96 | 78.71 |
|   motorcycle  |  50.8 | 57.18 |
|    bicycle    | 70.92 | 86.57 |
+---------------+-------+-------+
2026/07/27 01:58:01 - mmengine - INFO - Iter(val) [250/250]    aAcc: 94.9800  mIoU: 71.9000  mAcc: 80.4500  data_time: 0.0295  time: 0.1008
2026/07/27 01:58:01 - mmengine - INFO - The previous best checkpoint /root/autodl-tmp/DSANet-main/tools/work_dirs/dsanet_cityscapes_512x1024/best_mIoU_iter_135000.pth is removed
2026/07/27 01:58:02 - mmengine - INFO - The best checkpoint with 71.9000 mIoU at 140000 iter is saved to best_mIoU_iter_140000.pth.
2026/07/27 01:58:40 - mmengine - INFO - Iter(train) [140100/160000]  lr: 1.2404e-02  eta: 2:06:23  time: 0.3813  data_time: 0.0276  memory: 10140  loss: 1.0061  decode.loss_ohem: 0.6885  decode.acc_seg: 92.8379  aux_0.loss_ce: 0.3176  aux_0.acc_seg: 84.8530
2026/07/27 01:59:18 - mmengine - INFO - Iter(train) [140200/160000]  lr: 1.2348e-02  eta: 2:05:44  time: 0.3804  data_time: 0.0268  memory: 10141  loss: 0.9852  decode.loss_ohem: 0.6886  decode.acc_seg: 95.0887  aux_0.loss_ce: 0.2966  aux_0.acc_seg: 92.0604
2026/07/27 01:59:57 - mmengine - INFO - Iter(train) [140300/160000]  lr: 1.2292e-02  eta: 2:05:06  time: 0.3838  data_time: 0.0287  memory: 10140  loss: 0.9628  decode.loss_ohem: 0.6960  decode.acc_seg: 93.9462  aux_0.loss_ce: 0.2668  aux_0.acc_seg: 90.6696
2026/07/27 02:00:35 - mmengine - INFO - Iter(train) [140400/160000]  lr: 1.2236e-02  eta: 2:04:28  time: 0.3808  data_time: 0.0269  memory: 10140  loss: 1.0722  decode.loss_ohem: 0.7893  decode.acc_seg: 94.9761  aux_0.loss_ce: 0.2829  aux_0.acc_seg: 90.1343
2026/07/27 02:01:13 - mmengine - INFO - Iter(train) [140500/160000]  lr: 1.2180e-02  eta: 2:03:50  time: 0.3820  data_time: 0.0275  memory: 10140  loss: 0.9894  decode.loss_ohem: 0.6873  decode.acc_seg: 93.1926  aux_0.loss_ce: 0.3021  aux_0.acc_seg: 87.8845
2026/07/27 02:01:51 - mmengine - INFO - Iter(train) [140600/160000]  lr: 1.2123e-02  eta: 2:03:12  time: 0.3836  data_time: 0.0283  memory: 10141  loss: 0.9533  decode.loss_ohem: 0.6665  decode.acc_seg: 94.3311  aux_0.loss_ce: 0.2867  aux_0.acc_seg: 91.4610
2026/07/27 02:02:30 - mmengine - INFO - Iter(train) [140700/160000]  lr: 1.2067e-02  eta: 2:02:34  time: 0.3816  data_time: 0.0276  memory: 10141  loss: 0.9553  decode.loss_ohem: 0.7039  decode.acc_seg: 94.8258  aux_0.loss_ce: 0.2515  aux_0.acc_seg: 91.4296
2026/07/27 02:03:08 - mmengine - INFO - Iter(train) [140800/160000]  lr: 1.2011e-02  eta: 2:01:56  time: 0.3837  data_time: 0.0284  memory: 10139  loss: 0.9428  decode.loss_ohem: 0.6744  decode.acc_seg: 94.8092  aux_0.loss_ce: 0.2684  aux_0.acc_seg: 92.4375
2026/07/27 02:03:46 - mmengine - INFO - Iter(train) [140900/160000]  lr: 1.1955e-02  eta: 2:01:18  time: 0.3836  data_time: 0.0285  memory: 10141  loss: 0.9905  decode.loss_ohem: 0.6836  decode.acc_seg: 90.0744  aux_0.loss_ce: 0.3068  aux_0.acc_seg: 85.3285
2026/07/27 02:04:25 - mmengine - INFO - Exp name: dsanet_cityscapes_512x1024_20260726_105627
2026/07/27 02:04:25 - mmengine - INFO - Iter(train) [141000/160000]  lr: 1.1898e-02  eta: 2:00:40  time: 0.3820  data_time: 0.0279  memory: 10142  loss: 0.9506  decode.loss_ohem: 0.6874  decode.acc_seg: 94.8255  aux_0.loss_ce: 0.2632  aux_0.acc_seg: 90.4927
2026/07/27 02:05:03 - mmengine - INFO - Iter(train) [141100/160000]  lr: 1.1842e-02  eta: 2:00:02  time: 0.3824  data_time: 0.0280  memory: 10139  loss: 1.0760  decode.loss_ohem: 0.7687  decode.acc_seg: 93.6956  aux_0.loss_ce: 0.3074  aux_0.acc_seg: 90.1777
2026/07/27 02:05:41 - mmengine - INFO - Iter(train) [141200/160000]  lr: 1.1786e-02  eta: 1:59:24  time: 0.3850  data_time: 0.0292  memory: 10141  loss: 1.0577  decode.loss_ohem: 0.7525  decode.acc_seg: 93.6222  aux_0.loss_ce: 0.3052  aux_0.acc_seg: 89.3246
2026/07/27 02:06:20 - mmengine - INFO - Iter(train) [141300/160000]  lr: 1.1729e-02  eta: 1:58:46  time: 0.3813  data_time: 0.0275  memory: 10140  loss: 0.9691  decode.loss_ohem: 0.6859  decode.acc_seg: 95.3206  aux_0.loss_ce: 0.2833  aux_0.acc_seg: 88.8918
2026/07/27 02:06:58 - mmengine - INFO - Iter(train) [141400/160000]  lr: 1.1673e-02  eta: 1:58:07  time: 0.3833  data_time: 0.0279  memory: 10140  loss: 0.9681  decode.loss_ohem: 0.6859  decode.acc_seg: 91.9068  aux_0.loss_ce: 0.2822  aux_0.acc_seg: 86.0951
2026/07/27 02:07:36 - mmengine - INFO - Iter(train) [141500/160000]  lr: 1.1617e-02  eta: 1:57:29  time: 0.3809  data_time: 0.0274  memory: 10141  loss: 0.9387  decode.loss_ohem: 0.6839  decode.acc_seg: 93.0933  aux_0.loss_ce: 0.2548  aux_0.acc_seg: 92.1721
2026/07/27 02:08:15 - mmengine - INFO - Iter(train) [141600/160000]  lr: 1.1560e-02  eta: 1:56:51  time: 0.3827  data_time: 0.0274  memory: 10140  loss: 0.9997  decode.loss_ohem: 0.7034  decode.acc_seg: 91.9988  aux_0.loss_ce: 0.2964  aux_0.acc_seg: 86.9219
2026/07/27 02:08:53 - mmengine - INFO - Iter(train) [141700/160000]  lr: 1.1504e-02  eta: 1:56:13  time: 0.3822  data_time: 0.0276  memory: 10139  loss: 1.0749  decode.loss_ohem: 0.7161  decode.acc_seg: 94.9389  aux_0.loss_ce: 0.3587  aux_0.acc_seg: 90.4020
2026/07/27 02:09:31 - mmengine - INFO - Iter(train) [141800/160000]  lr: 1.1447e-02  eta: 1:55:35  time: 0.3827  data_time: 0.0280  memory: 10142  loss: 0.9994  decode.loss_ohem: 0.7210  decode.acc_seg: 93.7934  aux_0.loss_ce: 0.2784  aux_0.acc_seg: 90.6270
2026/07/27 02:10:09 - mmengine - INFO - Iter(train) [141900/160000]  lr: 1.1390e-02  eta: 1:54:57  time: 0.3831  data_time: 0.0281  memory: 10139  loss: 1.0234  decode.loss_ohem: 0.7216  decode.acc_seg: 91.9775  aux_0.loss_ce: 0.3018  aux_0.acc_seg: 83.1747
2026/07/27 02:10:47 - mmengine - INFO - Exp name: dsanet_cityscapes_512x1024_20260726_105627
2026/07/27 02:10:47 - mmengine - INFO - Iter(train) [142000/160000]  lr: 1.1334e-02  eta: 1:54:19  time: 0.3806  data_time: 0.0275  memory: 10141  loss: 0.9205  decode.loss_ohem: 0.6651  decode.acc_seg: 95.8688  aux_0.loss_ce: 0.2554  aux_0.acc_seg: 91.4955
2026/07/27 02:11:26 - mmengine - INFO - Iter(train) [142100/160000]  lr: 1.1277e-02  eta: 1:53:41  time: 0.3823  data_time: 0.0275  memory: 10140  loss: 1.0302  decode.loss_ohem: 0.7428  decode.acc_seg: 93.5168  aux_0.loss_ce: 0.2874  aux_0.acc_seg: 89.3996
2026/07/27 02:12:04 - mmengine - INFO - Iter(train) [142200/160000]  lr: 1.1220e-02  eta: 1:53:03  time: 0.3833  data_time: 0.0283  memory: 10140  loss: 1.0394  decode.loss_ohem: 0.7548  decode.acc_seg: 91.5988  aux_0.loss_ce: 0.2846  aux_0.acc_seg: 86.5740
2026/07/27 02:12:42 - mmengine - INFO - Iter(train) [142300/160000]  lr: 1.1164e-02  eta: 1:52:25  time: 0.3830  data_time: 0.0282  memory: 10140  loss: 0.9721  decode.loss_ohem: 0.6780  decode.acc_seg: 93.7236  aux_0.loss_ce: 0.2941  aux_0.acc_seg: 90.6179
2026/07/27 02:13:21 - mmengine - INFO - Iter(train) [142400/160000]  lr: 1.1107e-02  eta: 1:51:47  time: 0.3851  data_time: 0.0296  memory: 10140  loss: 0.9239  decode.loss_ohem: 0.6578  decode.acc_seg: 94.7730  aux_0.loss_ce: 0.2661  aux_0.acc_seg: 89.2689
2026/07/27 02:13:59 - mmengine - INFO - Iter(train) [142500/160000]  lr: 1.1050e-02  eta: 1:51:08  time: 0.3824  data_time: 0.0282  memory: 10141  loss: 0.9639  decode.loss_ohem: 0.6815  decode.acc_seg: 93.6153  aux_0.loss_ce: 0.2824  aux_0.acc_seg: 90.3300
2026/07/27 02:14:37 - mmengine - INFO - Iter(train) [142600/160000]  lr: 1.0994e-02  eta: 1:50:30  time: 0.3821  data_time: 0.0284  memory: 10140  loss: 0.9946  decode.loss_ohem: 0.7156  decode.acc_seg: 94.0532  aux_0.loss_ce: 0.2790  aux_0.acc_seg: 90.4254
2026/07/27 02:15:15 - mmengine - INFO - Iter(train) [142700/160000]  lr: 1.0937e-02  eta: 1:49:52  time: 0.3821  data_time: 0.0268  memory: 10141  loss: 1.0356  decode.loss_ohem: 0.7610  decode.acc_seg: 95.1253  aux_0.loss_ce: 0.2746  aux_0.acc_seg: 93.0551
2026/07/27 02:15:54 - mmengine - INFO - Iter(train) [142800/160000]  lr: 1.0880e-02  eta: 1:49:14  time: 0.3844  data_time: 0.0287  memory: 10140  loss: 1.0673  decode.loss_ohem: 0.7285  decode.acc_seg: 94.1157  aux_0.loss_ce: 0.3388  aux_0.acc_seg: 88.2391
2026/07/27 02:16:32 - mmengine - INFO - Iter(train) [142900/160000]  lr: 1.0823e-02  eta: 1:48:36  time: 0.3829  data_time: 0.0282  memory: 10140  loss: 0.9548  decode.loss_ohem: 0.6803  decode.acc_seg: 92.6150  aux_0.loss_ce: 0.2745  aux_0.acc_seg: 86.9123
2026/07/27 02:17:10 - mmengine - INFO - Exp name: dsanet_cityscapes_512x1024_20260726_105627
2026/07/27 02:17:10 - mmengine - INFO - Iter(train) [143000/160000]  lr: 1.0766e-02  eta: 1:47:58  time: 0.3825  data_time: 0.0272  memory: 10140  loss: 1.0119  decode.loss_ohem: 0.6990  decode.acc_seg: 94.7359  aux_0.loss_ce: 0.3129  aux_0.acc_seg: 93.0075
2026/07/27 02:17:49 - mmengine - INFO - Iter(train) [143100/160000]  lr: 1.0709e-02  eta: 1:47:20  time: 0.3789  data_time: 0.0265  memory: 10141  loss: 0.9943  decode.loss_ohem: 0.7018  decode.acc_seg: 94.2310  aux_0.loss_ce: 0.2925  aux_0.acc_seg: 91.5047
2026/07/27 02:18:27 - mmengine - INFO - Iter(train) [143200/160000]  lr: 1.0652e-02  eta: 1:46:42  time: 0.3830  data_time: 0.0285  memory: 10141  loss: 0.9519  decode.loss_ohem: 0.6880  decode.acc_seg: 94.3759  aux_0.loss_ce: 0.2638  aux_0.acc_seg: 91.1062
2026/07/27 02:19:05 - mmengine - INFO - Iter(train) [143300/160000]  lr: 1.0595e-02  eta: 1:46:04  time: 0.3830  data_time: 0.0282  memory: 10140  loss: 0.9119  decode.loss_ohem: 0.6609  decode.acc_seg: 93.8545  aux_0.loss_ce: 0.2509  aux_0.acc_seg: 91.0568
2026/07/27 02:19:44 - mmengine - INFO - Iter(train) [143400/160000]  lr: 1.0538e-02  eta: 1:45:26  time: 0.3822  data_time: 0.0281  memory: 10141  loss: 1.0195  decode.loss_ohem: 0.7287  decode.acc_seg: 92.7106  aux_0.loss_ce: 0.2908  aux_0.acc_seg: 88.8216
2026/07/27 02:20:22 - mmengine - INFO - Iter(train) [143500/160000]  lr: 1.0481e-02  eta: 1:44:48  time: 0.3813  data_time: 0.0279  memory: 10140  loss: 1.0427  decode.loss_ohem: 0.7345  decode.acc_seg: 94.1502  aux_0.loss_ce: 0.3082  aux_0.acc_seg: 89.5975
2026/07/27 02:21:00 - mmengine - INFO - Iter(train) [143600/160000]  lr: 1.0424e-02  eta: 1:44:09  time: 0.3837  data_time: 0.0283  memory: 10140  loss: 1.0071  decode.loss_ohem: 0.7147  decode.acc_seg: 93.7353  aux_0.loss_ce: 0.2923  aux_0.acc_seg: 88.2425
2026/07/27 02:21:38 - mmengine - INFO - Iter(train) [143700/160000]  lr: 1.0367e-02  eta: 1:43:31  time: 0.3830  data_time: 0.0280  memory: 10142  loss: 0.9489  decode.loss_ohem: 0.6887  decode.acc_seg: 91.1145  aux_0.loss_ce: 0.2602  aux_0.acc_seg: 87.2899
2026/07/27 02:22:17 - mmengine - INFO - Iter(train) [143800/160000]  lr: 1.0309e-02  eta: 1:42:53  time: 0.3816  data_time: 0.0282  memory: 10140  loss: 1.0410  decode.loss_ohem: 0.7337  decode.acc_seg: 93.7546  aux_0.loss_ce: 0.3073  aux_0.acc_seg: 90.7853
2026/07/27 02:22:55 - mmengine - INFO - Iter(train) [143900/160000]  lr: 1.0252e-02  eta: 1:42:15  time: 0.3849  data_time: 0.0286  memory: 10141  loss: 0.9864  decode.loss_ohem: 0.7025  decode.acc_seg: 94.5310  aux_0.loss_ce: 0.2839  aux_0.acc_seg: 89.6323
2026/07/27 02:23:33 - mmengine - INFO - Exp name: dsanet_cityscapes_512x1024_20260726_105627
2026/07/27 02:23:33 - mmengine - INFO - Iter(train) [144000/160000]  lr: 1.0195e-02  eta: 1:41:37  time: 0.3835  data_time: 0.0283  memory: 10140  loss: 0.9225  decode.loss_ohem: 0.6746  decode.acc_seg: 93.3846  aux_0.loss_ce: 0.2478  aux_0.acc_seg: 91.3449
2026/07/27 02:24:11 - mmengine - INFO - Iter(train) [144100/160000]  lr: 1.0138e-02  eta: 1:40:59  time: 0.3820  data_time: 0.0275  memory: 10140  loss: 0.9991  decode.loss_ohem: 0.7076  decode.acc_seg: 93.3329  aux_0.loss_ce: 0.2915  aux_0.acc_seg: 89.2630
2026/07/27 02:24:50 - mmengine - INFO - Iter(train) [144200/160000]  lr: 1.0080e-02  eta: 1:40:21  time: 0.3837  data_time: 0.0276  memory: 10140  loss: 1.0122  decode.loss_ohem: 0.7350  decode.acc_seg: 93.0477  aux_0.loss_ce: 0.2772  aux_0.acc_seg: 89.4290
2026/07/27 02:25:28 - mmengine - INFO - Iter(train) [144300/160000]  lr: 1.0023e-02  eta: 1:39:43  time: 0.3852  data_time: 0.0284  memory: 10142  loss: 0.9716  decode.loss_ohem: 0.6917  decode.acc_seg: 94.4168  aux_0.loss_ce: 0.2799  aux_0.acc_seg: 90.4198
2026/07/27 02:26:06 - mmengine - INFO - Iter(train) [144400/160000]  lr: 9.9654e-03  eta: 1:39:05  time: 0.3841  data_time: 0.0283  memory: 10139  loss: 1.0048  decode.loss_ohem: 0.6966  decode.acc_seg: 92.1310  aux_0.loss_ce: 0.3082  aux_0.acc_seg: 87.3906
2026/07/27 02:26:45 - mmengine - INFO - Iter(train) [144500/160000]  lr: 9.9080e-03  eta: 1:38:27  time: 0.3828  data_time: 0.0283  memory: 10140  loss: 0.9985  decode.loss_ohem: 0.7168  decode.acc_seg: 91.4801  aux_0.loss_ce: 0.2817  aux_0.acc_seg: 86.0042
2026/07/27 02:27:23 - mmengine - INFO - Iter(train) [144600/160000]  lr: 9.8505e-03  eta: 1:37:49  time: 0.3823  data_time: 0.0279  memory: 10139  loss: 1.0267  decode.loss_ohem: 0.7029  decode.acc_seg: 94.2626  aux_0.loss_ce: 0.3239  aux_0.acc_seg: 89.3619
2026/07/27 02:28:01 - mmengine - INFO - Iter(train) [144700/160000]  lr: 9.7929e-03  eta: 1:37:10  time: 0.3806  data_time: 0.0277  memory: 10140  loss: 0.9378  decode.loss_ohem: 0.6711  decode.acc_seg: 93.1268  aux_0.loss_ce: 0.2667  aux_0.acc_seg: 89.2565
2026/07/27 02:28:40 - mmengine - INFO - Iter(train) [144800/160000]  lr: 9.7354e-03  eta: 1:36:32  time: 0.3837  data_time: 0.0283  memory: 10140  loss: 1.0045  decode.loss_ohem: 0.7163  decode.acc_seg: 93.7766  aux_0.loss_ce: 0.2882  aux_0.acc_seg: 87.3817
2026/07/27 02:29:18 - mmengine - INFO - Iter(train) [144900/160000]  lr: 9.6778e-03  eta: 1:35:54  time: 0.3858  data_time: 0.0285  memory: 10141  loss: 1.0930  decode.loss_ohem: 0.7827  decode.acc_seg: 88.8156  aux_0.loss_ce: 0.3103  aux_0.acc_seg: 82.2838
2026/07/27 02:29:56 - mmengine - INFO - Exp name: dsanet_cityscapes_512x1024_20260726_105627
2026/07/27 02:29:56 - mmengine - INFO - Iter(train) [145000/160000]  lr: 9.6201e-03  eta: 1:35:16  time: 0.3825  data_time: 0.0275  memory: 10140  loss: 0.9411  decode.loss_ohem: 0.6653  decode.acc_seg: 93.9612  aux_0.loss_ce: 0.2758  aux_0.acc_seg: 89.8757
2026/07/27 02:29:56 - mmengine - INFO - Saving checkpoint at 145000 iterations
2026/07/27 02:30:07 - mmengine - INFO - Iter(val) [100/250]    eta: 0:00:15  time: 0.0985  data_time: 0.0207  memory: 835  
2026/07/27 02:30:17 - mmengine - INFO - Iter(val) [200/250]    eta: 0:00:05  time: 0.0989  data_time: 0.0155  memory: 835  
2026/07/27 02:30:22 - mmengine - INFO - per class results:
2026/07/27 02:30:22 - mmengine - INFO - 
+---------------+-------+-------+
|     Class     |  IoU  |  Acc  |
+---------------+-------+-------+
|      road     | 97.74 | 98.76 |
|    sidewalk   | 82.04 | 89.47 |
|    building   | 91.26 |  95.2 |
|      wall     | 52.98 | 64.11 |
|     fence     | 54.65 |  72.7 |
|      pole     | 60.25 | 73.76 |
| traffic light | 59.07 | 68.25 |
|  traffic sign | 72.54 | 82.28 |
|   vegetation  | 91.61 | 96.41 |
|    terrain    | 62.19 | 74.49 |
|      sky      | 93.56 | 97.67 |
|     person    | 76.68 | 89.09 |
|     rider     | 53.76 |  68.9 |
|      car      | 93.91 | 97.56 |
|     truck     | 64.55 | 70.88 |
|      bus      | 75.81 | 89.07 |
|     train     | 69.05 | 83.12 |
|   motorcycle  |  49.7 | 57.56 |
|    bicycle    | 71.88 | 85.18 |
+---------------+-------+-------+
2026/07/27 02:30:22 - mmengine - INFO - Iter(val) [250/250]    aAcc: 95.2900  mIoU: 72.2700  mAcc: 81.8100  data_time: 0.0254  time: 0.1007
2026/07/27 02:30:22 - mmengine - INFO - The previous best checkpoint /root/autodl-tmp/DSANet-main/tools/work_dirs/dsanet_cityscapes_512x1024/best_mIoU_iter_140000.pth is removed
2026/07/27 02:30:22 - mmengine - INFO - The best checkpoint with 72.2700 mIoU at 145000 iter is saved to best_mIoU_iter_145000.pth.
2026/07/27 02:31:01 - mmengine - INFO - Iter(train) [145100/160000]  lr: 9.5624e-03  eta: 1:34:38  time: 0.3829  data_time: 0.0283  memory: 10141  loss: 1.0444  decode.loss_ohem: 0.7494  decode.acc_seg: 95.2213  aux_0.loss_ce: 0.2950  aux_0.acc_seg: 92.0571
2026/07/27 02:31:39 - mmengine - INFO - Iter(train) [145200/160000]  lr: 9.5047e-03  eta: 1:34:00  time: 0.3832  data_time: 0.0282  memory: 10140  loss: 1.0283  decode.loss_ohem: 0.7139  decode.acc_seg: 92.0965  aux_0.loss_ce: 0.3144  aux_0.acc_seg: 87.5528
2026/07/27 02:32:18 - mmengine - INFO - Iter(train) [145300/160000]  lr: 9.4470e-03  eta: 1:33:22  time: 0.3842  data_time: 0.0277  memory: 10141  loss: 1.0154  decode.loss_ohem: 0.7166  decode.acc_seg: 94.3964  aux_0.loss_ce: 0.2988  aux_0.acc_seg: 91.9372
2026/07/27 02:32:56 - mmengine - INFO - Iter(train) [145400/160000]  lr: 9.3892e-03  eta: 1:32:44  time: 0.3835  data_time: 0.0287  memory: 10141  loss: 0.9684  decode.loss_ohem: 0.6852  decode.acc_seg: 93.4377  aux_0.loss_ce: 0.2832  aux_0.acc_seg: 88.9687
2026/07/27 02:33:34 - mmengine - INFO - Iter(train) [145500/160000]  lr: 9.3313e-03  eta: 1:32:06  time: 0.3827  data_time: 0.0277  memory: 10142  loss: 0.9214  decode.loss_ohem: 0.6760  decode.acc_seg: 94.0766  aux_0.loss_ce: 0.2454  aux_0.acc_seg: 90.3326
2026/07/27 02:34:13 - mmengine - INFO - Iter(train) [145600/160000]  lr: 9.2735e-03  eta: 1:31:28  time: 0.3874  data_time: 0.0313  memory: 10141  loss: 0.9915  decode.loss_ohem: 0.7006  decode.acc_seg: 94.2009  aux_0.loss_ce: 0.2909  aux_0.acc_seg: 87.6097
2026/07/27 02:34:51 - mmengine - INFO - Iter(train) [145700/160000]  lr: 9.2155e-03  eta: 1:30:50  time: 0.3847  data_time: 0.0284  memory: 10144  loss: 1.0357  decode.loss_ohem: 0.7054  decode.acc_seg: 92.2418  aux_0.loss_ce: 0.3303  aux_0.acc_seg: 85.1892
2026/07/27 02:35:29 - mmengine - INFO - Iter(train) [145800/160000]  lr: 9.1576e-03  eta: 1:30:12  time: 0.3836  data_time: 0.0283  memory: 10141  loss: 1.1270  decode.loss_ohem: 0.7797  decode.acc_seg: 89.9070  aux_0.loss_ce: 0.3473  aux_0.acc_seg: 81.2451
2026/07/27 02:36:08 - mmengine - INFO - Iter(train) [145900/160000]  lr: 9.0996e-03  eta: 1:29:33  time: 0.3829  data_time: 0.0281  memory: 10140  loss: 1.0366  decode.loss_ohem: 0.7104  decode.acc_seg: 93.5650  aux_0.loss_ce: 0.3262  aux_0.acc_seg: 89.4250
2026/07/27 02:36:46 - mmengine - INFO - Exp name: dsanet_cityscapes_512x1024_20260726_105627
2026/07/27 02:36:46 - mmengine - INFO - Iter(train) [146000/160000]  lr: 9.0415e-03  eta: 1:28:55  time: 0.3828  data_time: 0.0278  memory: 10142  loss: 0.9586  decode.loss_ohem: 0.6873  decode.acc_seg: 94.0687  aux_0.loss_ce: 0.2713  aux_0.acc_seg: 91.4876
2026/07/27 02:37:24 - mmengine - INFO - Iter(train) [146100/160000]  lr: 8.9835e-03  eta: 1:28:17  time: 0.3826  data_time: 0.0274  memory: 10140  loss: 1.0203  decode.loss_ohem: 0.7286  decode.acc_seg: 93.1857  aux_0.loss_ce: 0.2916  aux_0.acc_seg: 86.9019
2026/07/27 02:38:03 - mmengine - INFO - Iter(train) [146200/160000]  lr: 8.9253e-03  eta: 1:27:39  time: 0.3822  data_time: 0.0277  memory: 10140  loss: 0.9635  decode.loss_ohem: 0.6919  decode.acc_seg: 93.5278  aux_0.loss_ce: 0.2716  aux_0.acc_seg: 89.3070
2026/07/27 02:38:41 - mmengine - INFO - Iter(train) [146300/160000]  lr: 8.8672e-03  eta: 1:27:01  time: 0.3811  data_time: 0.0272  memory: 10141  loss: 0.9869  decode.loss_ohem: 0.6977  decode.acc_seg: 94.3895  aux_0.loss_ce: 0.2892  aux_0.acc_seg: 91.1995
2026/07/27 02:39:19 - mmengine - INFO - Iter(train) [146400/160000]  lr: 8.8090e-03  eta: 1:26:23  time: 0.3825  data_time: 0.0281  memory: 10139  loss: 0.9760  decode.loss_ohem: 0.6952  decode.acc_seg: 93.2596  aux_0.loss_ce: 0.2808  aux_0.acc_seg: 86.6723
2026/07/27 02:39:57 - mmengine - INFO - Iter(train) [146500/160000]  lr: 8.7507e-03  eta: 1:25:45  time: 0.3835  data_time: 0.0287  memory: 10139  loss: 0.9529  decode.loss_ohem: 0.6929  decode.acc_seg: 92.7938  aux_0.loss_ce: 0.2600  aux_0.acc_seg: 85.6212
2026/07/27 02:40:36 - mmengine - INFO - Iter(train) [146600/160000]  lr: 8.6924e-03  eta: 1:25:07  time: 0.3820  data_time: 0.0278  memory: 10139  loss: 0.9530  decode.loss_ohem: 0.6696  decode.acc_seg: 94.8734  aux_0.loss_ce: 0.2834  aux_0.acc_seg: 91.3488
2026/07/27 02:41:14 - mmengine - INFO - Iter(train) [146700/160000]  lr: 8.6341e-03  eta: 1:24:29  time: 0.3824  data_time: 0.0280  memory: 10139  loss: 1.0439  decode.loss_ohem: 0.7487  decode.acc_seg: 92.9919  aux_0.loss_ce: 0.2951  aux_0.acc_seg: 87.9267
2026/07/27 02:41:52 - mmengine - INFO - Iter(train) [146800/160000]  lr: 8.5757e-03  eta: 1:23:51  time: 0.3819  data_time: 0.0280  memory: 10141  loss: 1.0075  decode.loss_ohem: 0.7189  decode.acc_seg: 94.4372  aux_0.loss_ce: 0.2886  aux_0.acc_seg: 90.7593
2026/07/27 02:42:31 - mmengine - INFO - Iter(train) [146900/160000]  lr: 8.5173e-03  eta: 1:23:12  time: 0.3829  data_time: 0.0281  memory: 10140  loss: 0.9681  decode.loss_ohem: 0.6915  decode.acc_seg: 94.6377  aux_0.loss_ce: 0.2766  aux_0.acc_seg: 91.1605
2026/07/27 02:43:09 - mmengine - INFO - Exp name: dsanet_cityscapes_512x1024_20260726_105627
2026/07/27 02:43:09 - mmengine - INFO - Iter(train) [147000/160000]  lr: 8.4588e-03  eta: 1:22:34  time: 0.3789  data_time: 0.0266  memory: 10139  loss: 1.0516  decode.loss_ohem: 0.7672  decode.acc_seg: 91.9710  aux_0.loss_ce: 0.2844  aux_0.acc_seg: 89.5246
2026/07/27 02:43:47 - mmengine - INFO - Iter(train) [147100/160000]  lr: 8.4003e-03  eta: 1:21:56  time: 0.3824  data_time: 0.0281  memory: 10140  loss: 1.0222  decode.loss_ohem: 0.7341  decode.acc_seg: 94.4890  aux_0.loss_ce: 0.2881  aux_0.acc_seg: 89.5947
2026/07/27 02:44:25 - mmengine - INFO - Iter(train) [147200/160000]  lr: 8.3417e-03  eta: 1:21:18  time: 0.3825  data_time: 0.0282  memory: 10140  loss: 0.9302  decode.loss_ohem: 0.6772  decode.acc_seg: 93.7146  aux_0.loss_ce: 0.2530  aux_0.acc_seg: 91.5570
2026/07/27 02:45:04 - mmengine - INFO - Iter(train) [147300/160000]  lr: 8.2831e-03  eta: 1:20:40  time: 0.3827  data_time: 0.0278  memory: 10140  loss: 0.9636  decode.loss_ohem: 0.6754  decode.acc_seg: 95.4657  aux_0.loss_ce: 0.2882  aux_0.acc_seg: 93.0361
2026/07/27 02:45:42 - mmengine - INFO - Iter(train) [147400/160000]  lr: 8.2245e-03  eta: 1:20:02  time: 0.3832  data_time: 0.0282  memory: 10140  loss: 0.9546  decode.loss_ohem: 0.6805  decode.acc_seg: 93.8528  aux_0.loss_ce: 0.2741  aux_0.acc_seg: 88.5867
2026/07/27 02:46:20 - mmengine - INFO - Iter(train) [147500/160000]  lr: 8.1658e-03  eta: 1:19:24  time: 0.3835  data_time: 0.0291  memory: 10141  loss: 0.9930  decode.loss_ohem: 0.6961  decode.acc_seg: 94.4610  aux_0.loss_ce: 0.2969  aux_0.acc_seg: 88.0714
2026/07/27 02:46:59 - mmengine - INFO - Iter(train) [147600/160000]  lr: 8.1070e-03  eta: 1:18:46  time: 0.3833  data_time: 0.0282  memory: 10140  loss: 0.9678  decode.loss_ohem: 0.6924  decode.acc_seg: 95.1807  aux_0.loss_ce: 0.2755  aux_0.acc_seg: 91.3176
2026/07/27 02:47:37 - mmengine - INFO - Iter(train) [147700/160000]  lr: 8.0482e-03  eta: 1:18:08  time: 0.3831  data_time: 0.0278  memory: 10141  loss: 0.9606  decode.loss_ohem: 0.6682  decode.acc_seg: 92.8979  aux_0.loss_ce: 0.2924  aux_0.acc_seg: 88.3219
2026/07/27 02:48:15 - mmengine - INFO - Iter(train) [147800/160000]  lr: 7.9894e-03  eta: 1:17:30  time: 0.3814  data_time: 0.0274  memory: 10139  loss: 0.9543  decode.loss_ohem: 0.6763  decode.acc_seg: 94.6823  aux_0.loss_ce: 0.2781  aux_0.acc_seg: 90.4982
2026/07/27 02:48:54 - mmengine - INFO - Iter(train) [147900/160000]  lr: 7.9305e-03  eta: 1:16:51  time: 0.3826  data_time: 0.0272  memory: 10141  loss: 1.0169  decode.loss_ohem: 0.7162  decode.acc_seg: 94.3931  aux_0.loss_ce: 0.3006  aux_0.acc_seg: 89.8684
2026/07/27 02:49:32 - mmengine - INFO - Exp name: dsanet_cityscapes_512x1024_20260726_105627
2026/07/27 02:49:32 - mmengine - INFO - Iter(train) [148000/160000]  lr: 7.8716e-03  eta: 1:16:13  time: 0.3836  data_time: 0.0285  memory: 10139  loss: 0.9022  decode.loss_ohem: 0.6488  decode.acc_seg: 95.6405  aux_0.loss_ce: 0.2534  aux_0.acc_seg: 92.4803
2026/07/27 02:50:10 - mmengine - INFO - Iter(train) [148100/160000]  lr: 7.8126e-03  eta: 1:15:35  time: 0.3840  data_time: 0.0286  memory: 10141  loss: 0.9528  decode.loss_ohem: 0.6518  decode.acc_seg: 94.7877  aux_0.loss_ce: 0.3010  aux_0.acc_seg: 90.0163
2026/07/27 02:50:48 - mmengine - INFO - Iter(train) [148200/160000]  lr: 7.7536e-03  eta: 1:14:57  time: 0.3815  data_time: 0.0282  memory: 10141  loss: 0.9203  decode.loss_ohem: 0.6680  decode.acc_seg: 92.8695  aux_0.loss_ce: 0.2523  aux_0.acc_seg: 87.9362
2026/07/27 02:51:27 - mmengine - INFO - Iter(train) [148300/160000]  lr: 7.6945e-03  eta: 1:14:19  time: 0.3833  data_time: 0.0282  memory: 10140  loss: 0.9851  decode.loss_ohem: 0.7071  decode.acc_seg: 92.0249  aux_0.loss_ce: 0.2779  aux_0.acc_seg: 88.3237
2026/07/27 02:52:05 - mmengine - INFO - Iter(train) [148400/160000]  lr: 7.6353e-03  eta: 1:13:41  time: 0.3824  data_time: 0.0277  memory: 10140  loss: 0.9651  decode.loss_ohem: 0.6782  decode.acc_seg: 95.5250  aux_0.loss_ce: 0.2869  aux_0.acc_seg: 87.8644
2026/07/27 02:52:43 - mmengine - INFO - Iter(train) [148500/160000]  lr: 7.5761e-03  eta: 1:13:03  time: 0.3808  data_time: 0.0277  memory: 10140  loss: 0.9289  decode.loss_ohem: 0.6574  decode.acc_seg: 94.8039  aux_0.loss_ce: 0.2715  aux_0.acc_seg: 91.8109
2026/07/27 02:53:22 - mmengine - INFO - Iter(train) [148600/160000]  lr: 7.5169e-03  eta: 1:12:25  time: 0.3834  data_time: 0.0274  memory: 10140  loss: 0.9665  decode.loss_ohem: 0.6838  decode.acc_seg: 92.6491  aux_0.loss_ce: 0.2827  aux_0.acc_seg: 86.1147
2026/07/27 02:54:00 - mmengine - INFO - Iter(train) [148700/160000]  lr: 7.4576e-03  eta: 1:11:47  time: 0.3823  data_time: 0.0278  memory: 10140  loss: 0.9752  decode.loss_ohem: 0.6877  decode.acc_seg: 94.9986  aux_0.loss_ce: 0.2875  aux_0.acc_seg: 93.0775
2026/07/27 02:54:38 - mmengine - INFO - Iter(train) [148800/160000]  lr: 7.3983e-03  eta: 1:11:08  time: 0.3805  data_time: 0.0274  memory: 10140  loss: 0.9403  decode.loss_ohem: 0.6577  decode.acc_seg: 94.9188  aux_0.loss_ce: 0.2826  aux_0.acc_seg: 91.9601
2026/07/27 02:55:16 - mmengine - INFO - Iter(train) [148900/160000]  lr: 7.3389e-03  eta: 1:10:30  time: 0.3825  data_time: 0.0279  memory: 10139  loss: 1.0272  decode.loss_ohem: 0.7191  decode.acc_seg: 92.6180  aux_0.loss_ce: 0.3081  aux_0.acc_seg: 86.5414
2026/07/27 02:55:54 - mmengine - INFO - Exp name: dsanet_cityscapes_512x1024_20260726_105627
2026/07/27 02:55:54 - mmengine - INFO - Iter(train) [149000/160000]  lr: 7.2794e-03  eta: 1:09:52  time: 0.3793  data_time: 0.0272  memory: 10139  loss: 1.0194  decode.loss_ohem: 0.7109  decode.acc_seg: 93.3886  aux_0.loss_ce: 0.3085  aux_0.acc_seg: 89.9202
2026/07/27 02:56:33 - mmengine - INFO - Iter(train) [149100/160000]  lr: 7.2199e-03  eta: 1:09:14  time: 0.3810  data_time: 0.0280  memory: 10140  loss: 0.9573  decode.loss_ohem: 0.6906  decode.acc_seg: 94.2382  aux_0.loss_ce: 0.2667  aux_0.acc_seg: 89.8684
2026/07/27 02:57:11 - mmengine - INFO - Iter(train) [149200/160000]  lr: 7.1604e-03  eta: 1:08:36  time: 0.3811  data_time: 0.0278  memory: 10139  loss: 0.9669  decode.loss_ohem: 0.6929  decode.acc_seg: 93.1657  aux_0.loss_ce: 0.2739  aux_0.acc_seg: 83.9273
2026/07/27 02:57:49 - mmengine - INFO - Iter(train) [149300/160000]  lr: 7.1008e-03  eta: 1:07:58  time: 0.3826  data_time: 0.0280  memory: 10141  loss: 1.0674  decode.loss_ohem: 0.7319  decode.acc_seg: 90.9104  aux_0.loss_ce: 0.3356  aux_0.acc_seg: 83.7766
2026/07/27 02:58:27 - mmengine - INFO - Iter(train) [149400/160000]  lr: 7.0411e-03  eta: 1:07:20  time: 0.3823  data_time: 0.0277  memory: 10140  loss: 0.9388  decode.loss_ohem: 0.6623  decode.acc_seg: 94.8434  aux_0.loss_ce: 0.2765  aux_0.acc_seg: 91.3218
2026/07/27 02:59:06 - mmengine - INFO - Iter(train) [149500/160000]  lr: 6.9814e-03  eta: 1:06:42  time: 0.3833  data_time: 0.0283  memory: 10139  loss: 0.9738  decode.loss_ohem: 0.6935  decode.acc_seg: 96.0813  aux_0.loss_ce: 0.2803  aux_0.acc_seg: 93.0372
2026/07/27 02:59:44 - mmengine - INFO - Iter(train) [149600/160000]  lr: 6.9216e-03  eta: 1:06:04  time: 0.3850  data_time: 0.0288  memory: 10139  loss: 0.9537  decode.loss_ohem: 0.6721  decode.acc_seg: 93.1561  aux_0.loss_ce: 0.2816  aux_0.acc_seg: 88.7594
2026/07/27 03:00:23 - mmengine - INFO - Iter(train) [149700/160000]  lr: 6.8617e-03  eta: 1:05:26  time: 0.3846  data_time: 0.0297  memory: 10140  loss: 0.9827  decode.loss_ohem: 0.6779  decode.acc_seg: 93.9044  aux_0.loss_ce: 0.3048  aux_0.acc_seg: 89.3669
2026/07/27 03:01:01 - mmengine - INFO - Iter(train) [149800/160000]  lr: 6.8018e-03  eta: 1:04:47  time: 0.3833  data_time: 0.0281  memory: 10140  loss: 0.9793  decode.loss_ohem: 0.6812  decode.acc_seg: 94.1892  aux_0.loss_ce: 0.2982  aux_0.acc_seg: 89.7232
2026/07/27 03:01:39 - mmengine - INFO - Iter(train) [149900/160000]  lr: 6.7419e-03  eta: 1:04:09  time: 0.3849  data_time: 0.0289  memory: 10141  loss: 0.9688  decode.loss_ohem: 0.7003  decode.acc_seg: 95.1256  aux_0.loss_ce: 0.2684  aux_0.acc_seg: 89.9739
2026/07/27 03:02:18 - mmengine - INFO - Exp name: dsanet_cityscapes_512x1024_20260726_105627
2026/07/27 03:02:18 - mmengine - INFO - Iter(train) [150000/160000]  lr: 6.6819e-03  eta: 1:03:31  time: 0.3821  data_time: 0.0277  memory: 10141  loss: 0.9338  decode.loss_ohem: 0.6809  decode.acc_seg: 93.4226  aux_0.loss_ce: 0.2529  aux_0.acc_seg: 90.1914
2026/07/27 03:02:18 - mmengine - INFO - Saving checkpoint at 150000 iterations
2026/07/27 03:02:28 - mmengine - INFO - Iter(val) [100/250]    eta: 0:00:15  time: 0.1003  data_time: 0.0106  memory: 835  
2026/07/27 03:02:38 - mmengine - INFO - Iter(val) [200/250]    eta: 0:00:05  time: 0.1002  data_time: 0.0162  memory: 835  
2026/07/27 03:02:43 - mmengine - INFO - per class results:
2026/07/27 03:02:43 - mmengine - INFO - 
+---------------+-------+-------+
|     Class     |  IoU  |  Acc  |
+---------------+-------+-------+
|      road     | 97.81 | 98.75 |
|    sidewalk   | 82.69 | 90.26 |
|    building   | 91.21 | 95.65 |
|      wall     | 54.08 | 63.16 |
|     fence     | 54.66 | 70.36 |
|      pole     | 59.93 |  69.9 |
| traffic light | 60.35 | 70.79 |
|  traffic sign | 72.12 | 79.23 |
|   vegetation  | 91.38 | 95.91 |
|    terrain    | 60.74 | 76.01 |
|      sky      | 93.76 | 97.84 |
|     person    | 77.15 |  89.6 |
|     rider     | 56.43 | 69.64 |
|      car      | 93.81 | 97.65 |
|     truck     | 64.43 | 72.21 |
|      bus      | 76.02 | 92.63 |
|     train     | 57.71 | 76.78 |
|   motorcycle  | 50.09 | 63.38 |
|    bicycle    | 71.39 | 86.36 |
+---------------+-------+-------+
2026/07/27 03:02:43 - mmengine - INFO - Iter(val) [250/250]    aAcc: 95.3000  mIoU: 71.8800  mAcc: 81.9000  data_time: 0.0248  time: 0.1011
2026/07/27 03:03:22 - mmengine - INFO - Iter(train) [150100/160000]  lr: 6.6218e-03  eta: 1:02:53  time: 0.3817  data_time: 0.0273  memory: 10140  loss: 0.9555  decode.loss_ohem: 0.6655  decode.acc_seg: 93.1166  aux_0.loss_ce: 0.2900  aux_0.acc_seg: 86.7870
2026/07/27 03:04:00 - mmengine - INFO - Iter(train) [150200/160000]  lr: 6.5616e-03  eta: 1:02:15  time: 0.3838  data_time: 0.0281  memory: 10139  loss: 0.9730  decode.loss_ohem: 0.6875  decode.acc_seg: 93.5525  aux_0.loss_ce: 0.2855  aux_0.acc_seg: 86.0187
2026/07/27 03:04:38 - mmengine - INFO - Iter(train) [150300/160000]  lr: 6.5014e-03  eta: 1:01:37  time: 0.3843  data_time: 0.0284  memory: 10139  loss: 0.9358  decode.loss_ohem: 0.6568  decode.acc_seg: 94.7372  aux_0.loss_ce: 0.2790  aux_0.acc_seg: 91.0981
2026/07/27 03:05:16 - mmengine - INFO - Iter(train) [150400/160000]  lr: 6.4412e-03  eta: 1:00:59  time: 0.3812  data_time: 0.0276  memory: 10140  loss: 1.0036  decode.loss_ohem: 0.7365  decode.acc_seg: 95.1767  aux_0.loss_ce: 0.2671  aux_0.acc_seg: 91.6780
2026/07/27 03:05:55 - mmengine - INFO - Iter(train) [150500/160000]  lr: 6.3809e-03  eta: 1:00:21  time: 0.3858  data_time: 0.0296  memory: 10139  loss: 0.9688  decode.loss_ohem: 0.6912  decode.acc_seg: 93.7821  aux_0.loss_ce: 0.2776  aux_0.acc_seg: 88.3994
2026/07/27 03:06:33 - mmengine - INFO - Iter(train) [150600/160000]  lr: 6.3205e-03  eta: 0:59:43  time: 0.3903  data_time: 0.0298  memory: 10139  loss: 0.9489  decode.loss_ohem: 0.6876  decode.acc_seg: 95.3413  aux_0.loss_ce: 0.2613  aux_0.acc_seg: 90.7806
2026/07/27 03:07:11 - mmengine - INFO - Iter(train) [150700/160000]  lr: 6.2600e-03  eta: 0:59:04  time: 0.3804  data_time: 0.0281  memory: 10140  loss: 0.9419  decode.loss_ohem: 0.6577  decode.acc_seg: 93.5616  aux_0.loss_ce: 0.2842  aux_0.acc_seg: 91.4925
2026/07/27 03:07:49 - mmengine - INFO - Iter(train) [150800/160000]  lr: 6.1995e-03  eta: 0:58:26  time: 0.3830  data_time: 0.0287  memory: 10140  loss: 0.9239  decode.loss_ohem: 0.6479  decode.acc_seg: 92.7584  aux_0.loss_ce: 0.2759  aux_0.acc_seg: 86.6722
2026/07/27 03:08:28 - mmengine - INFO - Iter(train) [150900/160000]  lr: 6.1389e-03  eta: 0:57:48  time: 0.3827  data_time: 0.0274  memory: 10141  loss: 0.9447  decode.loss_ohem: 0.6734  decode.acc_seg: 94.4000  aux_0.loss_ce: 0.2713  aux_0.acc_seg: 90.8543
2026/07/27 03:09:06 - mmengine - INFO - Exp name: dsanet_cityscapes_512x1024_20260726_105627
2026/07/27 03:09:06 - mmengine - INFO - Iter(train) [151000/160000]  lr: 6.0783e-03  eta: 0:57:10  time: 0.3826  data_time: 0.0289  memory: 10140  loss: 0.9863  decode.loss_ohem: 0.7132  decode.acc_seg: 94.6167  aux_0.loss_ce: 0.2732  aux_0.acc_seg: 90.1838
2026/07/27 03:09:44 - mmengine - INFO - Iter(train) [151100/160000]  lr: 6.0176e-03  eta: 0:56:32  time: 0.3831  data_time: 0.0279  memory: 10139  loss: 0.9535  decode.loss_ohem: 0.6985  decode.acc_seg: 94.6812  aux_0.loss_ce: 0.2551  aux_0.acc_seg: 91.4523
2026/07/27 03:10:22 - mmengine - INFO - Iter(train) [151200/160000]  lr: 5.9568e-03  eta: 0:55:54  time: 0.3802  data_time: 0.0274  memory: 10140  loss: 0.9391  decode.loss_ohem: 0.6751  decode.acc_seg: 94.8614  aux_0.loss_ce: 0.2640  aux_0.acc_seg: 89.8539
2026/07/27 03:11:01 - mmengine - INFO - Iter(train) [151300/160000]  lr: 5.8959e-03  eta: 0:55:16  time: 0.3832  data_time: 0.0277  memory: 10140  loss: 0.9350  decode.loss_ohem: 0.6682  decode.acc_seg: 93.9226  aux_0.loss_ce: 0.2668  aux_0.acc_seg: 89.0820
2026/07/27 03:11:39 - mmengine - INFO - Iter(train) [151400/160000]  lr: 5.8350e-03  eta: 0:54:38  time: 0.3793  data_time: 0.0270  memory: 10139  loss: 0.9419  decode.loss_ohem: 0.6816  decode.acc_seg: 93.8299  aux_0.loss_ce: 0.2603  aux_0.acc_seg: 89.0114
2026/07/27 03:12:17 - mmengine - INFO - Iter(train) [151500/160000]  lr: 5.7740e-03  eta: 0:54:00  time: 0.3847  data_time: 0.0285  memory: 10140  loss: 0.9229  decode.loss_ohem: 0.6567  decode.acc_seg: 94.2505  aux_0.loss_ce: 0.2662  aux_0.acc_seg: 86.8310
2026/07/27 03:12:56 - mmengine - INFO - Iter(train) [151600/160000]  lr: 5.7129e-03  eta: 0:53:21  time: 0.3826  data_time: 0.0282  memory: 10139  loss: 0.8893  decode.loss_ohem: 0.6573  decode.acc_seg: 93.4576  aux_0.loss_ce: 0.2320  aux_0.acc_seg: 87.1026
2026/07/27 03:13:34 - mmengine - INFO - Iter(train) [151700/160000]  lr: 5.6518e-03  eta: 0:52:43  time: 0.3824  data_time: 0.0275  memory: 10141  loss: 0.9799  decode.loss_ohem: 0.6910  decode.acc_seg: 93.9841  aux_0.loss_ce: 0.2890  aux_0.acc_seg: 90.9216
2026/07/27 03:14:12 - mmengine - INFO - Iter(train) [151800/160000]  lr: 5.5906e-03  eta: 0:52:05  time: 0.3740  data_time: 0.0266  memory: 10139  loss: 1.0246  decode.loss_ohem: 0.7482  decode.acc_seg: 93.9699  aux_0.loss_ce: 0.2764  aux_0.acc_seg: 89.5763
2026/07/27 03:14:50 - mmengine - INFO - Iter(train) [151900/160000]  lr: 5.5293e-03  eta: 0:51:27  time: 0.3826  data_time: 0.0282  memory: 10140  loss: 0.9210  decode.loss_ohem: 0.6594  decode.acc_seg: 95.0884  aux_0.loss_ce: 0.2615  aux_0.acc_seg: 91.7933
2026/07/27 03:15:29 - mmengine - INFO - Exp name: dsanet_cityscapes_512x1024_20260726_105627
2026/07/27 03:15:29 - mmengine - INFO - Iter(train) [152000/160000]  lr: 5.4679e-03  eta: 0:50:49  time: 0.3820  data_time: 0.0274  memory: 10139  loss: 1.0019  decode.loss_ohem: 0.7195  decode.acc_seg: 93.4883  aux_0.loss_ce: 0.2824  aux_0.acc_seg: 90.0673
2026/07/27 03:16:07 - mmengine - INFO - Iter(train) [152100/160000]  lr: 5.4065e-03  eta: 0:50:11  time: 0.3820  data_time: 0.0268  memory: 10139  loss: 0.9173  decode.loss_ohem: 0.6598  decode.acc_seg: 95.0226  aux_0.loss_ce: 0.2575  aux_0.acc_seg: 93.2173
2026/07/27 03:16:45 - mmengine - INFO - Iter(train) [152200/160000]  lr: 5.3450e-03  eta: 0:49:33  time: 0.3826  data_time: 0.0266  memory: 10139  loss: 0.9289  decode.loss_ohem: 0.6706  decode.acc_seg: 94.0257  aux_0.loss_ce: 0.2583  aux_0.acc_seg: 91.3628
2026/07/27 03:17:23 - mmengine - INFO - Iter(train) [152300/160000]  lr: 5.2834e-03  eta: 0:48:55  time: 0.3810  data_time: 0.0269  memory: 10140  loss: 0.9136  decode.loss_ohem: 0.6451  decode.acc_seg: 95.1721  aux_0.loss_ce: 0.2685  aux_0.acc_seg: 90.7338
2026/07/27 03:18:01 - mmengine - INFO - Iter(train) [152400/160000]  lr: 5.2217e-03  eta: 0:48:17  time: 0.3784  data_time: 0.0267  memory: 10140  loss: 0.9924  decode.loss_ohem: 0.7132  decode.acc_seg: 93.2760  aux_0.loss_ce: 0.2792  aux_0.acc_seg: 90.1845
2026/07/27 03:18:40 - mmengine - INFO - Iter(train) [152500/160000]  lr: 5.1599e-03  eta: 0:47:38  time: 0.3822  data_time: 0.0277  memory: 10139  loss: 0.9411  decode.loss_ohem: 0.6875  decode.acc_seg: 94.5213  aux_0.loss_ce: 0.2536  aux_0.acc_seg: 89.7986
2026/07/27 03:19:18 - mmengine - INFO - Iter(train) [152600/160000]  lr: 5.0981e-03  eta: 0:47:00  time: 0.3830  data_time: 0.0275  memory: 10139  loss: 0.8854  decode.loss_ohem: 0.6442  decode.acc_seg: 94.8620  aux_0.loss_ce: 0.2412  aux_0.acc_seg: 90.4659
2026/07/27 03:19:56 - mmengine - INFO - Iter(train) [152700/160000]  lr: 5.0362e-03  eta: 0:46:22  time: 0.3822  data_time: 0.0291  memory: 10139  loss: 0.9662  decode.loss_ohem: 0.6945  decode.acc_seg: 93.6499  aux_0.loss_ce: 0.2717  aux_0.acc_seg: 88.6610
2026/07/27 03:20:35 - mmengine - INFO - Iter(train) [152800/160000]  lr: 4.9742e-03  eta: 0:45:44  time: 0.3813  data_time: 0.0277  memory: 10139  loss: 0.9395  decode.loss_ohem: 0.6994  decode.acc_seg: 94.3957  aux_0.loss_ce: 0.2401  aux_0.acc_seg: 88.7653
2026/07/27 03:21:13 - mmengine - INFO - Iter(train) [152900/160000]  lr: 4.9121e-03  eta: 0:45:06  time: 0.3738  data_time: 0.0266  memory: 10139  loss: 0.9821  decode.loss_ohem: 0.6976  decode.acc_seg: 93.0660  aux_0.loss_ce: 0.2845  aux_0.acc_seg: 87.5755
2026/07/27 03:21:51 - mmengine - INFO - Exp name: dsanet_cityscapes_512x1024_20260726_105627
2026/07/27 03:21:51 - mmengine - INFO - Iter(train) [153000/160000]  lr: 4.8499e-03  eta: 0:44:28  time: 0.3810  data_time: 0.0275  memory: 10140  loss: 0.9458  decode.loss_ohem: 0.6736  decode.acc_seg: 92.4945  aux_0.loss_ce: 0.2721  aux_0.acc_seg: 89.6089
2026/07/27 03:22:29 - mmengine - INFO - Iter(train) [153100/160000]  lr: 4.7876e-03  eta: 0:43:50  time: 0.3826  data_time: 0.0282  memory: 10140  loss: 0.9792  decode.loss_ohem: 0.7108  decode.acc_seg: 94.1226  aux_0.loss_ce: 0.2684  aux_0.acc_seg: 89.2321
2026/07/27 03:23:07 - mmengine - INFO - Iter(train) [153200/160000]  lr: 4.7253e-03  eta: 0:43:12  time: 0.3830  data_time: 0.0278  memory: 10140  loss: 0.9354  decode.loss_ohem: 0.6585  decode.acc_seg: 94.3283  aux_0.loss_ce: 0.2769  aux_0.acc_seg: 87.5014
2026/07/27 03:23:46 - mmengine - INFO - Iter(train) [153300/160000]  lr: 4.6628e-03  eta: 0:42:33  time: 0.3824  data_time: 0.0271  memory: 10140  loss: 0.9758  decode.loss_ohem: 0.7038  decode.acc_seg: 95.5023  aux_0.loss_ce: 0.2721  aux_0.acc_seg: 92.1080
2026/07/27 03:24:24 - mmengine - INFO - Iter(train) [153400/160000]  lr: 4.6002e-03  eta: 0:41:55  time: 0.3831  data_time: 0.0282  memory: 10139  loss: 0.9714  decode.loss_ohem: 0.6957  decode.acc_seg: 95.1933  aux_0.loss_ce: 0.2757  aux_0.acc_seg: 90.8285
2026/07/27 03:25:02 - mmengine - INFO - Iter(train) [153500/160000]  lr: 4.5376e-03  eta: 0:41:17  time: 0.3880  data_time: 0.0276  memory: 10139  loss: 0.9514  decode.loss_ohem: 0.6886  decode.acc_seg: 94.0845  aux_0.loss_ce: 0.2628  aux_0.acc_seg: 86.9451
2026/07/27 03:25:41 - mmengine - INFO - Iter(train) [153600/160000]  lr: 4.4749e-03  eta: 0:40:39  time: 0.3841  data_time: 0.0277  memory: 10140  loss: 0.9293  decode.loss_ohem: 0.6737  decode.acc_seg: 93.4023  aux_0.loss_ce: 0.2555  aux_0.acc_seg: 88.7533
2026/07/27 03:26:19 - mmengine - INFO - Iter(train) [153700/160000]  lr: 4.4120e-03  eta: 0:40:01  time: 0.3803  data_time: 0.0261  memory: 10140  loss: 1.0460  decode.loss_ohem: 0.7354  decode.acc_seg: 93.8758  aux_0.loss_ce: 0.3106  aux_0.acc_seg: 86.7061
2026/07/27 03:26:57 - mmengine - INFO - Iter(train) [153800/160000]  lr: 4.3491e-03  eta: 0:39:23  time: 0.3807  data_time: 0.0272  memory: 10139  loss: 0.9488  decode.loss_ohem: 0.6946  decode.acc_seg: 95.1970  aux_0.loss_ce: 0.2542  aux_0.acc_seg: 92.0717
2026/07/27 03:27:35 - mmengine - INFO - Iter(train) [153900/160000]  lr: 4.2861e-03  eta: 0:38:45  time: 0.3830  data_time: 0.0273  memory: 10140  loss: 0.9652  decode.loss_ohem: 0.7087  decode.acc_seg: 94.1074  aux_0.loss_ce: 0.2565  aux_0.acc_seg: 91.0816
2026/07/27 03:28:13 - mmengine - INFO - Exp name: dsanet_cityscapes_512x1024_20260726_105627
2026/07/27 03:28:13 - mmengine - INFO - Iter(train) [154000/160000]  lr: 4.2229e-03  eta: 0:38:07  time: 0.3813  data_time: 0.0273  memory: 10140  loss: 0.9376  decode.loss_ohem: 0.6781  decode.acc_seg: 93.4871  aux_0.loss_ce: 0.2595  aux_0.acc_seg: 90.4933
2026/07/27 03:28:52 - mmengine - INFO - Iter(train) [154100/160000]  lr: 4.1597e-03  eta: 0:37:29  time: 0.3802  data_time: 0.0280  memory: 10138  loss: 1.0036  decode.loss_ohem: 0.7360  decode.acc_seg: 90.9462  aux_0.loss_ce: 0.2677  aux_0.acc_seg: 88.2995
2026/07/27 03:29:30 - mmengine - INFO - Iter(train) [154200/160000]  lr: 4.0963e-03  eta: 0:36:50  time: 0.3807  data_time: 0.0271  memory: 10141  loss: 0.9393  decode.loss_ohem: 0.6625  decode.acc_seg: 95.1321  aux_0.loss_ce: 0.2768  aux_0.acc_seg: 91.9121
2026/07/27 03:30:08 - mmengine - INFO - Iter(train) [154300/160000]  lr: 4.0329e-03  eta: 0:36:12  time: 0.3860  data_time: 0.0276  memory: 10139  loss: 0.9160  decode.loss_ohem: 0.6612  decode.acc_seg: 95.1500  aux_0.loss_ce: 0.2549  aux_0.acc_seg: 89.8459
2026/07/27 03:30:47 - mmengine - INFO - Iter(train) [154400/160000]  lr: 3.9693e-03  eta: 0:35:34  time: 0.3822  data_time: 0.0276  memory: 10139  loss: 0.9630  decode.loss_ohem: 0.7011  decode.acc_seg: 95.2919  aux_0.loss_ce: 0.2619  aux_0.acc_seg: 91.6023
2026/07/27 03:31:25 - mmengine - INFO - Iter(train) [154500/160000]  lr: 3.9056e-03  eta: 0:34:56  time: 0.3803  data_time: 0.0275  memory: 10139  loss: 0.9421  decode.loss_ohem: 0.6869  decode.acc_seg: 95.0478  aux_0.loss_ce: 0.2551  aux_0.acc_seg: 90.1185
2026/07/27 03:32:03 - mmengine - INFO - Iter(train) [154600/160000]  lr: 3.8418e-03  eta: 0:34:18  time: 0.3809  data_time: 0.0278  memory: 10139  loss: 0.9480  decode.loss_ohem: 0.6882  decode.acc_seg: 94.2845  aux_0.loss_ce: 0.2598  aux_0.acc_seg: 91.6055
2026/07/27 03:32:41 - mmengine - INFO - Iter(train) [154700/160000]  lr: 3.7779e-03  eta: 0:33:40  time: 0.3872  data_time: 0.0281  memory: 10139  loss: 0.9953  decode.loss_ohem: 0.7222  decode.acc_seg: 92.2425  aux_0.loss_ce: 0.2731  aux_0.acc_seg: 84.2971
2026/07/27 03:33:20 - mmengine - INFO - Iter(train) [154800/160000]  lr: 3.7138e-03  eta: 0:33:02  time: 0.3832  data_time: 0.0277  memory: 10140  loss: 0.9561  decode.loss_ohem: 0.6536  decode.acc_seg: 94.2796  aux_0.loss_ce: 0.3025  aux_0.acc_seg: 89.3032
2026/07/27 03:33:58 - mmengine - INFO - Iter(train) [154900/160000]  lr: 3.6497e-03  eta: 0:32:24  time: 0.3789  data_time: 0.0268  memory: 10140  loss: 0.9720  decode.loss_ohem: 0.7008  decode.acc_seg: 94.0036  aux_0.loss_ce: 0.2712  aux_0.acc_seg: 90.1968
2026/07/27 03:34:36 - mmengine - INFO - Exp name: dsanet_cityscapes_512x1024_20260726_105627
2026/07/27 03:34:36 - mmengine - INFO - Iter(train) [155000/160000]  lr: 3.5854e-03  eta: 0:31:46  time: 0.3811  data_time: 0.0270  memory: 10140  loss: 0.9745  decode.loss_ohem: 0.6954  decode.acc_seg: 93.9335  aux_0.loss_ce: 0.2791  aux_0.acc_seg: 89.3373
2026/07/27 03:34:36 - mmengine - INFO - Saving checkpoint at 155000 iterations
2026/07/27 03:34:47 - mmengine - INFO - Iter(val) [100/250]    eta: 0:00:15  time: 0.1011  data_time: 0.0271  memory: 835  
2026/07/27 03:34:57 - mmengine - INFO - Iter(val) [200/250]    eta: 0:00:05  time: 0.1001  data_time: 0.0103  memory: 835  
2026/07/27 03:35:02 - mmengine - INFO - per class results:
2026/07/27 03:35:02 - mmengine - INFO - 
+---------------+-------+-------+
|     Class     |  IoU  |  Acc  |
+---------------+-------+-------+
|      road     | 97.82 | 98.41 |
|    sidewalk   | 82.92 | 92.87 |
|    building   | 91.62 | 95.91 |
|      wall     | 59.29 | 67.03 |
|     fence     | 58.11 | 72.19 |
|      pole     | 60.61 | 72.37 |
| traffic light | 62.31 |  75.2 |
|  traffic sign | 73.55 | 82.94 |
|   vegetation  | 91.74 |  96.2 |
|    terrain    |  61.6 | 71.01 |
|      sky      | 94.17 | 97.69 |
|     person    | 77.72 |  89.7 |
|     rider     | 56.65 | 73.03 |
|      car      | 94.09 | 97.46 |
|     truck     | 67.63 |  74.8 |
|      bus      | 78.81 | 93.15 |
|     train     | 74.22 |  83.1 |
|   motorcycle  | 57.81 | 68.34 |
|    bicycle    | 71.65 | 87.82 |
+---------------+-------+-------+
2026/07/27 03:35:02 - mmengine - INFO - Iter(val) [250/250]    aAcc: 95.5100  mIoU: 74.3300  mAcc: 83.6400  data_time: 0.0286  time: 0.1011
2026/07/27 03:35:02 - mmengine - INFO - The previous best checkpoint /root/autodl-tmp/DSANet-main/tools/work_dirs/dsanet_cityscapes_512x1024/best_mIoU_iter_145000.pth is removed
2026/07/27 03:35:03 - mmengine - INFO - The best checkpoint with 74.3300 mIoU at 155000 iter is saved to best_mIoU_iter_155000.pth.
2026/07/27 03:35:41 - mmengine - INFO - Iter(train) [155100/160000]  lr: 3.5209e-03  eta: 0:31:07  time: 0.3812  data_time: 0.0275  memory: 10140  loss: 1.0022  decode.loss_ohem: 0.7179  decode.acc_seg: 94.8904  aux_0.loss_ce: 0.2843  aux_0.acc_seg: 91.0094
2026/07/27 03:36:19 - mmengine - INFO - Iter(train) [155200/160000]  lr: 3.4564e-03  eta: 0:30:29  time: 0.3842  data_time: 0.0292  memory: 10140  loss: 0.9333  decode.loss_ohem: 0.6774  decode.acc_seg: 94.0351  aux_0.loss_ce: 0.2559  aux_0.acc_seg: 86.3844
2026/07/27 03:36:58 - mmengine - INFO - Iter(train) [155300/160000]  lr: 3.3917e-03  eta: 0:29:51  time: 0.3848  data_time: 0.0287  memory: 10139  loss: 0.9992  decode.loss_ohem: 0.7079  decode.acc_seg: 93.2152  aux_0.loss_ce: 0.2912  aux_0.acc_seg: 89.1339
2026/07/27 03:37:36 - mmengine - INFO - Iter(train) [155400/160000]  lr: 3.3269e-03  eta: 0:29:13  time: 0.3788  data_time: 0.0281  memory: 10139  loss: 0.9432  decode.loss_ohem: 0.6871  decode.acc_seg: 94.2177  aux_0.loss_ce: 0.2561  aux_0.acc_seg: 88.9935
2026/07/27 03:38:14 - mmengine - INFO - Iter(train) [155500/160000]  lr: 3.2619e-03  eta: 0:28:35  time: 0.3825  data_time: 0.0285  memory: 10140  loss: 0.8730  decode.loss_ohem: 0.6324  decode.acc_seg: 95.3575  aux_0.loss_ce: 0.2405  aux_0.acc_seg: 91.1283
2026/07/27 03:38:52 - mmengine - INFO - Iter(train) [155600/160000]  lr: 3.1968e-03  eta: 0:27:57  time: 0.3831  data_time: 0.0282  memory: 10139  loss: 0.9748  decode.loss_ohem: 0.7130  decode.acc_seg: 93.1573  aux_0.loss_ce: 0.2618  aux_0.acc_seg: 89.6302
2026/07/27 03:39:31 - mmengine - INFO - Iter(train) [155700/160000]  lr: 3.1315e-03  eta: 0:27:19  time: 0.3853  data_time: 0.0289  memory: 10138  loss: 0.9515  decode.loss_ohem: 0.6708  decode.acc_seg: 94.6941  aux_0.loss_ce: 0.2807  aux_0.acc_seg: 87.9835
2026/07/27 03:40:09 - mmengine - INFO - Iter(train) [155800/160000]  lr: 3.0661e-03  eta: 0:26:41  time: 0.3840  data_time: 0.0285  memory: 10139  loss: 1.0014  decode.loss_ohem: 0.7142  decode.acc_seg: 95.9223  aux_0.loss_ce: 0.2872  aux_0.acc_seg: 93.6309
2026/07/27 03:40:47 - mmengine - INFO - Iter(train) [155900/160000]  lr: 3.0006e-03  eta: 0:26:02  time: 0.3839  data_time: 0.0280  memory: 10139  loss: 0.9445  decode.loss_ohem: 0.6848  decode.acc_seg: 96.0035  aux_0.loss_ce: 0.2597  aux_0.acc_seg: 91.7548
2026/07/27 03:41:26 - mmengine - INFO - Exp name: dsanet_cityscapes_512x1024_20260726_105627
2026/07/27 03:41:26 - mmengine - INFO - Iter(train) [156000/160000]  lr: 2.9348e-03  eta: 0:25:24  time: 0.3870  data_time: 0.0290  memory: 10140  loss: 0.9919  decode.loss_ohem: 0.7040  decode.acc_seg: 94.6357  aux_0.loss_ce: 0.2879  aux_0.acc_seg: 90.9613
2026/07/27 03:42:04 - mmengine - INFO - Iter(train) [156100/160000]  lr: 2.8689e-03  eta: 0:24:46  time: 0.3814  data_time: 0.0282  memory: 10139  loss: 0.9588  decode.loss_ohem: 0.6745  decode.acc_seg: 95.2989  aux_0.loss_ce: 0.2843  aux_0.acc_seg: 89.5249
2026/07/27 03:42:42 - mmengine - INFO - Iter(train) [156200/160000]  lr: 2.8029e-03  eta: 0:24:08  time: 0.3856  data_time: 0.0292  memory: 10139  loss: 0.9399  decode.loss_ohem: 0.6638  decode.acc_seg: 94.6068  aux_0.loss_ce: 0.2761  aux_0.acc_seg: 90.3048
2026/07/27 03:43:21 - mmengine - INFO - Iter(train) [156300/160000]  lr: 2.7366e-03  eta: 0:23:30  time: 0.3827  data_time: 0.0278  memory: 10140  loss: 0.9211  decode.loss_ohem: 0.6689  decode.acc_seg: 95.0701  aux_0.loss_ce: 0.2522  aux_0.acc_seg: 90.6950
2026/07/27 03:43:59 - mmengine - INFO - Iter(train) [156400/160000]  lr: 2.6702e-03  eta: 0:22:52  time: 0.3818  data_time: 0.0273  memory: 10140  loss: 0.9202  decode.loss_ohem: 0.6695  decode.acc_seg: 94.7793  aux_0.loss_ce: 0.2506  aux_0.acc_seg: 88.9504
2026/07/27 03:44:37 - mmengine - INFO - Iter(train) [156500/160000]  lr: 2.6036e-03  eta: 0:22:14  time: 0.3817  data_time: 0.0279  memory: 10138  loss: 0.9288  decode.loss_ohem: 0.6958  decode.acc_seg: 95.2083  aux_0.loss_ce: 0.2331  aux_0.acc_seg: 90.3191
2026/07/27 03:45:15 - mmengine - INFO - Iter(train) [156600/160000]  lr: 2.5368e-03  eta: 0:21:36  time: 0.3843  data_time: 0.0286  memory: 10139  loss: 0.9067  decode.loss_ohem: 0.6555  decode.acc_seg: 94.8502  aux_0.loss_ce: 0.2512  aux_0.acc_seg: 88.3478
2026/07/27 03:45:54 - mmengine - INFO - Iter(train) [156700/160000]  lr: 2.4699e-03  eta: 0:20:58  time: 0.3803  data_time: 0.0271  memory: 10139  loss: 0.9766  decode.loss_ohem: 0.7019  decode.acc_seg: 93.4907  aux_0.loss_ce: 0.2747  aux_0.acc_seg: 90.0490
2026/07/27 03:46:32 - mmengine - INFO - Iter(train) [156800/160000]  lr: 2.4027e-03  eta: 0:20:19  time: 0.3805  data_time: 0.0269  memory: 10139  loss: 1.0087  decode.loss_ohem: 0.7600  decode.acc_seg: 94.2300  aux_0.loss_ce: 0.2488  aux_0.acc_seg: 90.1242
2026/07/27 03:47:10 - mmengine - INFO - Iter(train) [156900/160000]  lr: 2.3353e-03  eta: 0:19:41  time: 0.3822  data_time: 0.0279  memory: 10139  loss: 0.9610  decode.loss_ohem: 0.6812  decode.acc_seg: 94.5426  aux_0.loss_ce: 0.2798  aux_0.acc_seg: 90.2299
2026/07/27 03:47:48 - mmengine - INFO - Exp name: dsanet_cityscapes_512x1024_20260726_105627
2026/07/27 03:47:48 - mmengine - INFO - Iter(train) [157000/160000]  lr: 2.2676e-03  eta: 0:19:03  time: 0.3833  data_time: 0.0296  memory: 10140  loss: 0.9541  decode.loss_ohem: 0.6761  decode.acc_seg: 94.6645  aux_0.loss_ce: 0.2780  aux_0.acc_seg: 87.7943
2026/07/27 03:48:27 - mmengine - INFO - Iter(train) [157100/160000]  lr: 2.1998e-03  eta: 0:18:25  time: 0.3831  data_time: 0.0272  memory: 10139  loss: 0.9662  decode.loss_ohem: 0.6946  decode.acc_seg: 95.2233  aux_0.loss_ce: 0.2716  aux_0.acc_seg: 92.4300
2026/07/27 03:49:05 - mmengine - INFO - Iter(train) [157200/160000]  lr: 2.1317e-03  eta: 0:17:47  time: 0.3811  data_time: 0.0276  memory: 10138  loss: 0.9977  decode.loss_ohem: 0.6967  decode.acc_seg: 94.5600  aux_0.loss_ce: 0.3009  aux_0.acc_seg: 87.9228
2026/07/27 03:49:43 - mmengine - INFO - Iter(train) [157300/160000]  lr: 2.0634e-03  eta: 0:17:09  time: 0.3826  data_time: 0.0283  memory: 10139  loss: 0.9059  decode.loss_ohem: 0.6618  decode.acc_seg: 95.3084  aux_0.loss_ce: 0.2441  aux_0.acc_seg: 91.7144
2026/07/27 03:50:22 - mmengine - INFO - Iter(train) [157400/160000]  lr: 1.9948e-03  eta: 0:16:31  time: 0.3830  data_time: 0.0268  memory: 10140  loss: 0.9221  decode.loss_ohem: 0.6732  decode.acc_seg: 95.6206  aux_0.loss_ce: 0.2490  aux_0.acc_seg: 91.9649
2026/07/27 03:51:00 - mmengine - INFO - Iter(train) [157500/160000]  lr: 1.9260e-03  eta: 0:15:53  time: 0.3820  data_time: 0.0268  memory: 10140  loss: 0.9532  decode.loss_ohem: 0.6869  decode.acc_seg: 93.0908  aux_0.loss_ce: 0.2663  aux_0.acc_seg: 86.5738
2026/07/27 03:51:38 - mmengine - INFO - Iter(train) [157600/160000]  lr: 1.8569e-03  eta: 0:15:14  time: 0.3789  data_time: 0.0272  memory: 10140  loss: 0.9688  decode.loss_ohem: 0.7036  decode.acc_seg: 95.0155  aux_0.loss_ce: 0.2652  aux_0.acc_seg: 89.2731
2026/07/27 03:52:16 - mmengine - INFO - Iter(train) [157700/160000]  lr: 1.7875e-03  eta: 0:14:36  time: 0.3832  data_time: 0.0289  memory: 10139  loss: 0.9319  decode.loss_ohem: 0.6667  decode.acc_seg: 95.2232  aux_0.loss_ce: 0.2652  aux_0.acc_seg: 93.0161
2026/07/27 03:52:54 - mmengine - INFO - Iter(train) [157800/160000]  lr: 1.7178e-03  eta: 0:13:58  time: 0.3843  data_time: 0.0278  memory: 10139  loss: 1.0110  decode.loss_ohem: 0.7402  decode.acc_seg: 93.4809  aux_0.loss_ce: 0.2708  aux_0.acc_seg: 88.0208
2026/07/27 03:53:32 - mmengine - INFO - Iter(train) [157900/160000]  lr: 1.6477e-03  eta: 0:13:20  time: 0.3810  data_time: 0.0275  memory: 10139  loss: 0.9562  decode.loss_ohem: 0.6872  decode.acc_seg: 94.7362  aux_0.loss_ce: 0.2690  aux_0.acc_seg: 91.0524
2026/07/27 03:54:11 - mmengine - INFO - Exp name: dsanet_cityscapes_512x1024_20260726_105627
2026/07/27 03:54:11 - mmengine - INFO - Iter(train) [158000/160000]  lr: 1.5774e-03  eta: 0:12:42  time: 0.3887  data_time: 0.0277  memory: 10140  loss: 0.9606  decode.loss_ohem: 0.6789  decode.acc_seg: 94.4422  aux_0.loss_ce: 0.2817  aux_0.acc_seg: 90.3514
2026/07/27 03:54:49 - mmengine - INFO - Iter(train) [158100/160000]  lr: 1.5067e-03  eta: 0:12:04  time: 0.3803  data_time: 0.0288  memory: 10139  loss: 0.9410  decode.loss_ohem: 0.6644  decode.acc_seg: 94.2902  aux_0.loss_ce: 0.2766  aux_0.acc_seg: 89.0680
2026/07/27 03:55:27 - mmengine - INFO - Iter(train) [158200/160000]  lr: 1.4356e-03  eta: 0:11:26  time: 0.3820  data_time: 0.0275  memory: 10138  loss: 0.9248  decode.loss_ohem: 0.6732  decode.acc_seg: 94.4865  aux_0.loss_ce: 0.2516  aux_0.acc_seg: 87.4741
2026/07/27 03:56:05 - mmengine - INFO - Iter(train) [158300/160000]  lr: 1.3641e-03  eta: 0:10:48  time: 0.3806  data_time: 0.0268  memory: 10138  loss: 0.9576  decode.loss_ohem: 0.7073  decode.acc_seg: 94.2358  aux_0.loss_ce: 0.2503  aux_0.acc_seg: 88.1624
2026/07/27 03:56:43 - mmengine - INFO - Iter(train) [158400/160000]  lr: 1.2922e-03  eta: 0:10:09  time: 0.3810  data_time: 0.0275  memory: 10139  loss: 0.8915  decode.loss_ohem: 0.6357  decode.acc_seg: 94.8343  aux_0.loss_ce: 0.2558  aux_0.acc_seg: 91.4534
2026/07/27 03:57:22 - mmengine - INFO - Iter(train) [158500/160000]  lr: 1.2198e-03  eta: 0:09:31  time: 0.3836  data_time: 0.0283  memory: 10140  loss: 0.9584  decode.loss_ohem: 0.6837  decode.acc_seg: 94.6378  aux_0.loss_ce: 0.2747  aux_0.acc_seg: 90.0960
2026/07/27 03:58:00 - mmengine - INFO - Iter(train) [158600/160000]  lr: 1.1470e-03  eta: 0:08:53  time: 0.3826  data_time: 0.0274  memory: 10139  loss: 0.9970  decode.loss_ohem: 0.7091  decode.acc_seg: 93.2376  aux_0.loss_ce: 0.2879  aux_0.acc_seg: 89.5983
2026/07/27 03:58:38 - mmengine - INFO - Iter(train) [158700/160000]  lr: 1.0736e-03  eta: 0:08:15  time: 0.3818  data_time: 0.0280  memory: 10139  loss: 0.9815  decode.loss_ohem: 0.6943  decode.acc_seg: 94.2965  aux_0.loss_ce: 0.2872  aux_0.acc_seg: 88.0896
2026/07/27 03:59:17 - mmengine - INFO - Iter(train) [158800/160000]  lr: 9.9971e-04  eta: 0:07:37  time: 0.3850  data_time: 0.0301  memory: 10139  loss: 0.9101  decode.loss_ohem: 0.6506  decode.acc_seg: 95.9744  aux_0.loss_ce: 0.2595  aux_0.acc_seg: 91.6906
2026/07/27 03:59:55 - mmengine - INFO - Iter(train) [158900/160000]  lr: 9.2517e-04  eta: 0:06:59  time: 0.3836  data_time: 0.0290  memory: 10139  loss: 0.9517  decode.loss_ohem: 0.6819  decode.acc_seg: 94.2676  aux_0.loss_ce: 0.2698  aux_0.acc_seg: 87.3884
2026/07/27 04:00:33 - mmengine - INFO - Exp name: dsanet_cityscapes_512x1024_20260726_105627
2026/07/27 04:00:33 - mmengine - INFO - Iter(train) [159000/160000]  lr: 8.4994e-04  eta: 0:06:21  time: 0.3864  data_time: 0.0294  memory: 10139  loss: 1.0502  decode.loss_ohem: 0.7610  decode.acc_seg: 93.4380  aux_0.loss_ce: 0.2892  aux_0.acc_seg: 89.9322
2026/07/27 04:01:12 - mmengine - INFO - Iter(train) [159100/160000]  lr: 7.7395e-04  eta: 0:05:43  time: 0.3794  data_time: 0.0281  memory: 10139  loss: 0.9783  decode.loss_ohem: 0.6893  decode.acc_seg: 94.2574  aux_0.loss_ce: 0.2890  aux_0.acc_seg: 90.1523
2026/07/27 04:01:50 - mmengine - INFO - Iter(train) [159200/160000]  lr: 6.9711e-04  eta: 0:05:04  time: 0.3807  data_time: 0.0278  memory: 10139  loss: 0.9807  decode.loss_ohem: 0.6872  decode.acc_seg: 94.8753  aux_0.loss_ce: 0.2935  aux_0.acc_seg: 87.3970
2026/07/27 04:02:28 - mmengine - INFO - Iter(train) [159300/160000]  lr: 6.1931e-04  eta: 0:04:26  time: 0.3840  data_time: 0.0281  memory: 10139  loss: 0.9041  decode.loss_ohem: 0.6691  decode.acc_seg: 96.2787  aux_0.loss_ce: 0.2350  aux_0.acc_seg: 93.7148
2026/07/27 04:03:07 - mmengine - INFO - Iter(train) [159400/160000]  lr: 5.4037e-04  eta: 0:03:48  time: 0.3814  data_time: 0.0270  memory: 10140  loss: 0.9146  decode.loss_ohem: 0.6557  decode.acc_seg: 95.2257  aux_0.loss_ce: 0.2590  aux_0.acc_seg: 89.6596
2026/07/27 04:03:45 - mmengine - INFO - Iter(train) [159500/160000]  lr: 4.6011e-04  eta: 0:03:10  time: 0.3832  data_time: 0.0275  memory: 10140  loss: 0.8807  decode.loss_ohem: 0.6270  decode.acc_seg: 94.7550  aux_0.loss_ce: 0.2537  aux_0.acc_seg: 89.8524
2026/07/27 04:04:23 - mmengine - INFO - Iter(train) [159600/160000]  lr: 3.7821e-04  eta: 0:02:32  time: 0.3807  data_time: 0.0265  memory: 10139  loss: 0.9906  decode.loss_ohem: 0.6989  decode.acc_seg: 94.2304  aux_0.loss_ce: 0.2917  aux_0.acc_seg: 89.1732
2026/07/27 04:05:01 - mmengine - INFO - Iter(train) [159700/160000]  lr: 2.9422e-04  eta: 0:01:54  time: 0.3822  data_time: 0.0278  memory: 10139  loss: 0.8963  decode.loss_ohem: 0.6496  decode.acc_seg: 94.7902  aux_0.loss_ce: 0.2466  aux_0.acc_seg: 89.5460
2026/07/27 04:05:39 - mmengine - INFO - Iter(train) [159800/160000]  lr: 2.0732e-04  eta: 0:01:16  time: 0.3787  data_time: 0.0267  memory: 10140  loss: 0.9108  decode.loss_ohem: 0.6487  decode.acc_seg: 94.9634  aux_0.loss_ce: 0.2621  aux_0.acc_seg: 90.8288
2026/07/27 04:06:17 - mmengine - INFO - Iter(train) [159900/160000]  lr: 1.1574e-04  eta: 0:00:38  time: 0.3796  data_time: 0.0271  memory: 10138  loss: 0.9587  decode.loss_ohem: 0.7188  decode.acc_seg: 94.1161  aux_0.loss_ce: 0.2399  aux_0.acc_seg: 90.0608
2026/07/27 04:06:56 - mmengine - INFO - Exp name: dsanet_cityscapes_512x1024_20260726_105627
2026/07/27 04:06:56 - mmengine - INFO - Iter(train) [160000/160000]  lr: 1.0000e-05  eta: 0:00:00  time: 0.3804  data_time: 0.0262  memory: 10139  loss: 0.9299  decode.loss_ohem: 0.6699  decode.acc_seg: 95.3878  aux_0.loss_ce: 0.2600  aux_0.acc_seg: 90.0541
2026/07/27 04:06:56 - mmengine - INFO - Saving checkpoint at 160000 iterations
2026/07/27 04:07:06 - mmengine - INFO - Iter(val) [100/250]    eta: 0:00:15  time: 0.0975  data_time: 0.0201  memory: 835  
2026/07/27 04:07:16 - mmengine - INFO - Iter(val) [200/250]    eta: 0:00:05  time: 0.1003  data_time: 0.0158  memory: 835  
2026/07/27 04:07:21 - mmengine - INFO - per class results:
2026/07/27 04:07:21 - mmengine - INFO - 
+---------------+-------+-------+
|     Class     |  IoU  |  Acc  |
+---------------+-------+-------+
|      road     | 97.92 | 98.77 |
|    sidewalk   | 83.34 |  91.2 |
|    building   | 91.68 | 96.12 |
|      wall     | 55.98 | 64.25 |
|     fence     | 57.43 | 70.93 |
|      pole     |  61.1 | 72.34 |
| traffic light |  62.4 | 74.04 |
|  traffic sign | 73.92 | 81.96 |
|   vegetation  |  91.8 |  96.1 |
|    terrain    | 62.74 |  74.7 |
|      sky      | 94.24 | 97.62 |
|     person    |  78.1 | 89.92 |
|     rider     | 57.46 | 71.29 |
|      car      |  94.5 |  97.7 |
|     truck     | 81.19 | 89.41 |
|      bus      | 85.31 | 93.57 |
|     train     | 78.72 | 84.83 |
|   motorcycle  | 56.98 |  67.7 |
|    bicycle    | 72.54 | 87.11 |
+---------------+-------+-------+
2026/07/27 04:07:21 - mmengine - INFO - Iter(val) [250/250]    aAcc: 95.6300  mIoU: 75.6500  mAcc: 84.1900  data_time: 0.0225  time: 0.1010
2026/07/27 04:07:21 - mmengine - INFO - The previous best checkpoint /root/autodl-tmp/DSANet-main/tools/work_dirs/dsanet_cityscapes_512x1024/best_mIoU_iter_155000.pth is removed
2026/07/27 04:07:22 - mmengine - INFO - The best checkpoint with 75.6500 mIoU at 160000 iter is saved to best_mIoU_iter_160000.pth.
