2026/07/22 10:44:38 - mmengine - INFO - 
------------------------------------------------------------
System environment:
    sys.platform: linux
    Python: 3.8.10 (default, Jun  4 2021, 15:09:15) [GCC 7.5.0]
    CUDA available: True
    MUSA available: False
    numpy_random_seed: 594074376
    GPU 0: NVIDIA GeForce RTX 3090
    CUDA_HOME: /usr/local/cuda
    NVCC: Cuda compilation tools, release 11.8, V11.8.89
    GCC: gcc (Ubuntu 9.4.0-1ubuntu1~20.04.1) 9.4.0
    PyTorch: 2.0.0+cu118
    PyTorch compiling details: PyTorch built with:
  - GCC 9.3
  - C++ Version: 201703
  - Intel(R) oneAPI Math Kernel Library Version 2022.2-Product Build 20220804 for Intel(R) 64 architecture applications
  - Intel(R) MKL-DNN v2.7.3 (Git Hash 6dbeffbae1f23cbbeae17adb7b5b13f1f37c080e)
  - OpenMP 201511 (a.k.a. OpenMP 4.5)
  - LAPACK is enabled (usually provided by MKL)
  - NNPACK is enabled
  - CPU capability usage: AVX2
  - CUDA Runtime 11.8
  - NVCC architecture flags: -gencode;arch=compute_37,code=sm_37;-gencode;arch=compute_50,code=sm_50;-gencode;arch=compute_60,code=sm_60;-gencode;arch=compute_70,code=sm_70;-gencode;arch=compute_75,code=sm_75;-gencode;arch=compute_80,code=sm_80;-gencode;arch=compute_86,code=sm_86;-gencode;arch=compute_90,code=sm_90
  - CuDNN 8.7
  - Magma 2.6.1
  - Build settings: BLAS_INFO=mkl, BUILD_TYPE=Release, CUDA_VERSION=11.8, CUDNN_VERSION=8.7.0, CXX_COMPILER=/opt/rh/devtoolset-9/root/usr/bin/c++, CXX_FLAGS= -D_GLIBCXX_USE_CXX11_ABI=0 -fabi-version=11 -Wno-deprecated -fvisibility-inlines-hidden -DUSE_PTHREADPOOL -DNDEBUG -DUSE_KINETO -DLIBKINETO_NOROCTRACER -DUSE_FBGEMM -DUSE_QNNPACK -DUSE_PYTORCH_QNNPACK -DUSE_XNNPACK -DSYMBOLICATE_MOBILE_DEBUG_HANDLE -O2 -fPIC -Wall -Wextra -Werror=return-type -Werror=non-virtual-dtor -Werror=bool-operation -Wnarrowing -Wno-missing-field-initializers -Wno-type-limits -Wno-array-bounds -Wno-unknown-pragmas -Wunused-local-typedefs -Wno-unused-parameter -Wno-unused-function -Wno-unused-result -Wno-strict-overflow -Wno-strict-aliasing -Wno-error=deprecated-declarations -Wno-stringop-overflow -Wno-psabi -Wno-error=pedantic -Wno-error=redundant-decls -Wno-error=old-style-cast -fdiagnostics-color=always -faligned-new -Wno-unused-but-set-variable -Wno-maybe-uninitialized -fno-math-errno -fno-trapping-math -Werror=format -Werror=cast-function-type -Wno-stringop-overflow, LAPACK_INFO=mkl, PERF_WITH_AVX=1, PERF_WITH_AVX2=1, PERF_WITH_AVX512=1, TORCH_DISABLE_GPU_ASSERTS=ON, TORCH_VERSION=2.0.0, USE_CUDA=ON, USE_CUDNN=ON, USE_EXCEPTION_PTR=1, USE_GFLAGS=OFF, USE_GLOG=OFF, USE_MKL=ON, USE_MKLDNN=ON, USE_MPI=OFF, USE_NCCL=1, USE_NNPACK=ON, USE_OPENMP=ON, USE_ROCM=OFF, 

    TorchVision: 0.15.1+cu118
    OpenCV: 4.13.0
    MMEngine: 0.10.7

Runtime environment:
    cudnn_benchmark: True
    mp_cfg: {'mp_start_method': 'fork', 'opencv_num_threads': 0}
    dist_cfg: {'backend': 'nccl'}
    seed: 594074376
    Distributed launcher: none
    Distributed training: False
    GPU number: 1
------------------------------------------------------------

2026/07/22 10:44:39 - mmengine - INFO - Config:
act_cfg = dict(type='GELU')
class_weight = [
    0.8373,
    0.918,
    0.866,
    1.0345,
    1.0166,
    0.9969,
    0.9754,
    1.0489,
    0.8786,
    1.0023,
    0.9539,
    0.9843,
    1.1116,
    0.9037,
    1.0865,
    1.0955,
    1.0865,
    1.1529,
    1.0507,
]
crop_size = (
    512,
    1024,
)
data_preprocessor = dict(
    bgr_to_rgb=True,
    mean=[
        123.675,
        116.28,
        103.53,
    ],
    pad_val=0,
    seg_pad_val=255,
    size=(
        512,
        1024,
    ),
    std=[
        58.395,
        57.12,
        57.375,
    ],
    type='SegDataPreProcessor')
data_root = '/root/autodl-tmp/cityscapes'
dataset_type = 'CityscapesDataset'
default_hooks = dict(
    checkpoint=dict(
        by_epoch=False,
        file_client_args=None,
        interval=5000,
        max_keep_ckpts=1,
        save_best='mIoU',
        save_optimizer=False,
        type='CheckpointHook'),
    logger=dict(interval=100, log_metric_by_epoch=False, type='LoggerHook'),
    param_scheduler=dict(type='ParamSchedulerHook'),
    sampler_seed=dict(type='DistSamplerSeedHook'),
    timer=dict(type='IterTimerHook'),
    visualization=dict(type='SegVisualizationHook'))
default_scope = 'mmseg'
env_cfg = dict(
    cudnn_benchmark=True,
    dist_cfg=dict(backend='nccl'),
    mp_cfg=dict(mp_start_method='fork', opencv_num_threads=0))
img_ratios = [
    0.5,
    0.75,
    1.0,
    1.25,
    1.5,
    1.75,
]
iters = 160000
launcher = 'none'
load_from = None
log_level = 'INFO'
log_processor = dict(by_epoch=False)
model = dict(
    auxiliary_head=[
        dict(
            align_corners=False,
            channels=32,
            concat_input=False,
            in_channels=64,
            in_index=0,
            loss_decode=dict(
                loss_weight=1.0, type='CrossEntropyLoss', use_sigmoid=False),
            norm_cfg=dict(requires_grad=True, type='BN'),
            num_classes=19,
            num_convs=1,
            sampler=dict(min_kept=10000, thresh=0.7, type='OHEMPixelSampler'),
            type='FCNHead'),
    ],
    backbone=dict(
        act_cfg=dict(type='GELU'),
        channels=(
            16,
            32,
            64,
            128,
        ),
        in_channels=3,
        init_cfg=None,
        norm_cfg=dict(requires_grad=True, type='BN'),
        type='DSANet'),
    data_preprocessor=dict(
        bgr_to_rgb=True,
        mean=[
            123.675,
            116.28,
            103.53,
        ],
        pad_val=0,
        seg_pad_val=255,
        size=(
            512,
            1024,
        ),
        std=[
            58.395,
            57.12,
            57.375,
        ],
        type='SegDataPreProcessor'),
    decode_head=dict(
        act_cfg=dict(type='GELU'),
        channels=32,
        in_channels=32,
        in_index=1,
        init_cfg=None,
        loss_decode=[
            dict(
                class_weight=[
                    0.8373,
                    0.918,
                    0.866,
                    1.0345,
                    1.0166,
                    0.9969,
                    0.9754,
                    1.0489,
                    0.8786,
                    1.0023,
                    0.9539,
                    0.9843,
                    1.1116,
                    0.9037,
                    1.0865,
                    1.0955,
                    1.0865,
                    1.1529,
                    1.0507,
                ],
                loss_weight=1.0,
                min_kept=131072,
                thres=0.9,
                type='OhemCrossEntropy'),
        ],
        loss_detail_weight=1.0,
        norm_cfg=dict(requires_grad=True, type='BN'),
        num_classes=19,
        type='OHEM_HEAD'),
    pretrained=None,
    test_cfg=dict(mode='whole'),
    train_cfg=dict(),
    type='EncoderDecoder')
norm_cfg = dict(requires_grad=True, type='BN')
num_classes = 19
optim_wrapper = dict(
    clip_grad=None,
    optimizer=dict(lr=0.01, momentum=0.9, type='SGD', weight_decay=0.0005),
    type='OptimWrapper')
optimizer = dict(lr=0.01, momentum=0.9, type='SGD', weight_decay=0.0005)
param_scheduler = [
    dict(
        begin=0,
        by_epoch=False,
        end=2000,
        end_factor=1.0,
        start_factor=0.0001,
        type='LinearLR'),
    dict(
        begin=2000,
        by_epoch=False,
        end=160000,
        eta_min=1e-05,
        power=0.9,
        type='PolyLR'),
]
resume = False
test_cfg = dict(type='TestLoop')
test_dataloader = dict(
    batch_size=1,
    dataset=dict(
        data_prefix=dict(
            img_path='leftImg8bit/val', seg_map_path='gtFine/val'),
        data_root='/root/autodl-tmp/cityscapes',
        pipeline=[
            dict(type='LoadImageFromFile'),
            dict(keep_ratio=True, scale=(
                2048,
                1024,
            ), type='Resize'),
            dict(reduce_zero_label=False, type='LoadAnnotations'),
            dict(type='PackSegInputs'),
        ],
        type='CityscapesDataset'),
    num_workers=4,
    persistent_workers=True,
    sampler=dict(shuffle=False, type='DefaultSampler'))
test_evaluator = dict(
    iou_metrics=[
        'mIoU',
    ], type='IoUMetric')
test_pipeline = [
    dict(type='LoadImageFromFile'),
    dict(keep_ratio=True, scale=(
        2048,
        1024,
    ), type='Resize'),
    dict(reduce_zero_label=False, type='LoadAnnotations'),
    dict(type='PackSegInputs'),
]
train_cfg = dict(
    max_iters=160000, type='IterBasedTrainLoop', val_interval=5000)
train_dataloader = dict(
    batch_size=16,
    dataset=dict(
        data_prefix=dict(
            img_path='leftImg8bit/train', seg_map_path='gtFine/train'),
        data_root='/root/autodl-tmp/cityscapes',
        pipeline=[
            dict(type='LoadImageFromFile'),
            dict(reduce_zero_label=False, type='LoadAnnotations'),
            dict(
                keep_ratio=True,
                ratio_range=(
                    0.5,
                    2.0,
                ),
                scale=(
                    2048,
                    1024,
                ),
                type='RandomResize'),
            dict(
                cat_max_ratio=0.75, crop_size=(
                    512,
                    1024,
                ), type='RandomCrop'),
            dict(prob=0.5, type='RandomFlip'),
            dict(type='PhotoMetricDistortion'),
            dict(type='PackSegInputs'),
        ],
        type='CityscapesDataset'),
    num_workers=8,
    persistent_workers=True,
    sampler=dict(shuffle=True, type='InfiniteSampler'))
train_pipeline = [
    dict(type='LoadImageFromFile'),
    dict(reduce_zero_label=False, type='LoadAnnotations'),
    dict(
        keep_ratio=True,
        ratio_range=(
            0.5,
            2.0,
        ),
        scale=(
            2048,
            1024,
        ),
        type='RandomResize'),
    dict(cat_max_ratio=0.75, crop_size=(
        512,
        1024,
    ), type='RandomCrop'),
    dict(prob=0.5, type='RandomFlip'),
    dict(type='PhotoMetricDistortion'),
    dict(type='PackSegInputs'),
]
tta_model = dict(type='SegTTAModel')
tta_pipeline = [
    dict(backend_args=None, type='LoadImageFromFile'),
    dict(
        transforms=[
            [
                dict(keep_ratio=True, scale_factor=0.5, type='Resize'),
                dict(keep_ratio=True, scale_factor=0.75, type='Resize'),
                dict(keep_ratio=True, scale_factor=1.0, type='Resize'),
                dict(keep_ratio=True, scale_factor=1.25, type='Resize'),
                dict(keep_ratio=True, scale_factor=1.5, type='Resize'),
                dict(keep_ratio=True, scale_factor=1.75, type='Resize'),
            ],
            [
                dict(direction='horizontal', prob=0.0, type='RandomFlip'),
                dict(direction='horizontal', prob=1.0, type='RandomFlip'),
            ],
            [
                dict(type='LoadAnnotations'),
            ],
            [
                dict(type='PackSegInputs'),
            ],
        ],
        type='TestTimeAug'),
]
val_cfg = dict(type='ValLoop')
val_dataloader = dict(
    batch_size=2,
    dataset=dict(
        data_prefix=dict(
            img_path='leftImg8bit/val', seg_map_path='gtFine/val'),
        data_root='/root/autodl-tmp/cityscapes',
        pipeline=[
            dict(type='LoadImageFromFile'),
            dict(keep_ratio=True, scale=(
                2048,
                1024,
            ), type='Resize'),
            dict(reduce_zero_label=False, type='LoadAnnotations'),
            dict(type='PackSegInputs'),
        ],
        type='CityscapesDataset'),
    num_workers=4,
    persistent_workers=True,
    sampler=dict(shuffle=False, type='DefaultSampler'))
val_evaluator = dict(
    iou_metrics=[
        'mIoU',
    ], type='IoUMetric')
val_iters = 5000
val_pipeline = [
    dict(type='LoadImageFromFile'),
    dict(keep_ratio=True, scale=(
        2048,
        1024,
    ), type='Resize'),
    dict(reduce_zero_label=False, type='LoadAnnotations'),
    dict(type='PackSegInputs'),
]
vis_backends = [
    dict(type='LocalVisBackend'),
]
visualizer = dict(
    name='visualizer',
    type='SegLocalVisualizer',
    vis_backends=[
        dict(type='LocalVisBackend'),
    ])
warmup_iters = 2000
work_dir = './work_dirs/dsanet_cityscapes_512x1024'

2026/07/22 10:44:40 - mmengine - INFO - Distributed training is not used, all SyncBatchNorm (SyncBN) layers in the model will be automatically reverted to BatchNormXd layers if they are used.
2026/07/22 10:44:40 - mmengine - INFO - Hooks will be executed in the following order:
before_run:
(VERY_HIGH   ) RuntimeInfoHook                    
(BELOW_NORMAL) LoggerHook                         
 -------------------- 
before_train:
(VERY_HIGH   ) RuntimeInfoHook                    
(NORMAL      ) IterTimerHook                      
(VERY_LOW    ) CheckpointHook                     
 -------------------- 
before_train_epoch:
(VERY_HIGH   ) RuntimeInfoHook                    
(NORMAL      ) IterTimerHook                      
(NORMAL      ) DistSamplerSeedHook                
 -------------------- 
before_train_iter:
(VERY_HIGH   ) RuntimeInfoHook                    
(NORMAL      ) IterTimerHook                      
 -------------------- 
after_train_iter:
(VERY_HIGH   ) RuntimeInfoHook                    
(NORMAL      ) IterTimerHook                      
(BELOW_NORMAL) LoggerHook                         
(LOW         ) ParamSchedulerHook                 
(VERY_LOW    ) CheckpointHook                     
 -------------------- 
after_train_epoch:
(NORMAL      ) IterTimerHook                      
(LOW         ) ParamSchedulerHook                 
(VERY_LOW    ) CheckpointHook                     
 -------------------- 
before_val:
(VERY_HIGH   ) RuntimeInfoHook                    
 -------------------- 
before_val_epoch:
(NORMAL      ) IterTimerHook                      
 -------------------- 
before_val_iter:
(NORMAL      ) IterTimerHook                      
 -------------------- 
after_val_iter:
(NORMAL      ) IterTimerHook                      
(NORMAL      ) SegVisualizationHook               
(BELOW_NORMAL) LoggerHook                         
 -------------------- 
after_val_epoch:
(VERY_HIGH   ) RuntimeInfoHook                    
(NORMAL      ) IterTimerHook                      
(BELOW_NORMAL) LoggerHook                         
(LOW         ) ParamSchedulerHook                 
(VERY_LOW    ) CheckpointHook                     
 -------------------- 
after_val:
(VERY_HIGH   ) RuntimeInfoHook                    
 -------------------- 
after_train:
(VERY_HIGH   ) RuntimeInfoHook                    
(VERY_LOW    ) CheckpointHook                     
 -------------------- 
before_test:
(VERY_HIGH   ) RuntimeInfoHook                    
 -------------------- 
before_test_epoch:
(NORMAL      ) IterTimerHook                      
 -------------------- 
before_test_iter:
(NORMAL      ) IterTimerHook                      
 -------------------- 
after_test_iter:
(NORMAL      ) IterTimerHook                      
(NORMAL      ) SegVisualizationHook               
(BELOW_NORMAL) LoggerHook                         
 -------------------- 
after_test_epoch:
(VERY_HIGH   ) RuntimeInfoHook                    
(NORMAL      ) IterTimerHook                      
(BELOW_NORMAL) LoggerHook                         
 -------------------- 
after_test:
(VERY_HIGH   ) RuntimeInfoHook                    
 -------------------- 
after_run:
(BELOW_NORMAL) LoggerHook                         
 -------------------- 
2026/07/22 10:44:40 - mmengine - WARNING - The prefix is not set in metric class IoUMetric.
Name of parameter - Initialization information

backbone.cnn_stem.0.conv.weight - torch.Size([16, 3, 3, 3]): 
Initialized by user-defined `init_weights` in DSANet  

backbone.cnn_stem.0.bn.weight - torch.Size([16]): 
The value is the same before and after calling `init_weights` of EncoderDecoder  

backbone.cnn_stem.0.bn.bias - torch.Size([16]): 
The value is the same before and after calling `init_weights` of EncoderDecoder  

backbone.cnn_stem.1.conv.weight - torch.Size([16, 16, 1, 1]): 
Initialized by user-defined `init_weights` in DSANet  

backbone.cnn_stem.1.bn.weight - torch.Size([16]): 
The value is the same before and after calling `init_weights` of EncoderDecoder  

backbone.cnn_stem.1.bn.bias - torch.Size([16]): 
The value is the same before and after calling `init_weights` of EncoderDecoder  

backbone.cnn_stem.2.conv.weight - torch.Size([16, 16, 1, 1]): 
Initialized by user-defined `init_weights` in DSANet  

backbone.cnn_stem.2.bn.weight - torch.Size([16]): 
The value is the same before and after calling `init_weights` of EncoderDecoder  

backbone.cnn_stem.2.bn.bias - torch.Size([16]): 
The value is the same before and after calling `init_weights` of EncoderDecoder  

backbone.downsample_layer.0.conv3x3.conv.weight - torch.Size([16, 16, 3, 3]): 
Initialized by user-defined `init_weights` in DSANet  

backbone.downsample_layer.0.conv3x3out.conv.weight - torch.Size([32, 32, 3, 3]): 
Initialized by user-defined `init_weights` in DSANet  

backbone.downsample_layer.0.conv3x3out.bn.weight - torch.Size([32]): 
The value is the same before and after calling `init_weights` of EncoderDecoder  

backbone.downsample_layer.0.conv3x3out.bn.bias - torch.Size([32]): 
The value is the same before and after calling `init_weights` of EncoderDecoder  

backbone.downsample_layer.1.conv3x3.conv.weight - torch.Size([32, 32, 3, 3]): 
Initialized by user-defined `init_weights` in DSANet  

backbone.downsample_layer.1.conv3x3out.conv.weight - torch.Size([64, 64, 3, 3]): 
Initialized by user-defined `init_weights` in DSANet  

backbone.downsample_layer.1.conv3x3out.bn.weight - torch.Size([64]): 
The value is the same before and after calling `init_weights` of EncoderDecoder  

backbone.downsample_layer.1.conv3x3out.bn.bias - torch.Size([64]): 
The value is the same before and after calling `init_weights` of EncoderDecoder  

backbone.downsample_layer.2.conv3x3.conv.weight - torch.Size([64, 64, 3, 3]): 
Initialized by user-defined `init_weights` in DSANet  

backbone.downsample_layer.2.conv3x3out.conv.weight - torch.Size([128, 128, 3, 3]): 
Initialized by user-defined `init_weights` in DSANet  

backbone.downsample_layer.2.conv3x3out.bn.weight - torch.Size([128]): 
The value is the same before and after calling `init_weights` of EncoderDecoder  

backbone.downsample_layer.2.conv3x3out.bn.bias - torch.Size([128]): 
The value is the same before and after calling `init_weights` of EncoderDecoder  

backbone.LACB_layers1.0.aggregate_conv.conv.weight - torch.Size([32, 1, 3, 3]): 
Initialized by user-defined `init_weights` in DSANet  

backbone.LACB_layers1.0.aggregate_conv.bn.weight - torch.Size([32]): 
The value is the same before and after calling `init_weights` of EncoderDecoder  

backbone.LACB_layers1.0.aggregate_conv.bn.bias - torch.Size([32]): 
The value is the same before and after calling `init_weights` of EncoderDecoder  

backbone.LACB_layers1.0.conv3x3.conv.weight - torch.Size([32, 16, 3, 3]): 
Initialized by user-defined `init_weights` in DSANet  

backbone.LACB_layers1.0.conv3x3.bn.weight - torch.Size([32]): 
The value is the same before and after calling `init_weights` of EncoderDecoder  

backbone.LACB_layers1.0.conv3x3.bn.bias - torch.Size([32]): 
The value is the same before and after calling `init_weights` of EncoderDecoder  

backbone.LACB_layers1.0.pwconv.conv.weight - torch.Size([32, 32, 1, 1]): 
Initialized by user-defined `init_weights` in DSANet  

backbone.LACB_layers1.0.pwconv.bn.weight - torch.Size([32]): 
The value is the same before and after calling `init_weights` of EncoderDecoder  

backbone.LACB_layers1.0.pwconv.bn.bias - torch.Size([32]): 
The value is the same before and after calling `init_weights` of EncoderDecoder  

backbone.LACB_layers1.1.aggregate_conv.conv.weight - torch.Size([32, 1, 5, 5]): 
Initialized by user-defined `init_weights` in DSANet  

backbone.LACB_layers1.1.aggregate_conv.bn.weight - torch.Size([32]): 
The value is the same before and after calling `init_weights` of EncoderDecoder  

backbone.LACB_layers1.1.aggregate_conv.bn.bias - torch.Size([32]): 
The value is the same before and after calling `init_weights` of EncoderDecoder  

backbone.LACB_layers1.1.conv3x3.conv.weight - torch.Size([32, 16, 3, 3]): 
Initialized by user-defined `init_weights` in DSANet  

backbone.LACB_layers1.1.conv3x3.bn.weight - torch.Size([32]): 
The value is the same before and after calling `init_weights` of EncoderDecoder  

backbone.LACB_layers1.1.conv3x3.bn.bias - torch.Size([32]): 
The value is the same before and after calling `init_weights` of EncoderDecoder  

backbone.LACB_layers1.1.pwconv.conv.weight - torch.Size([32, 32, 1, 1]): 
Initialized by user-defined `init_weights` in DSANet  

backbone.LACB_layers1.1.pwconv.bn.weight - torch.Size([32]): 
The value is the same before and after calling `init_weights` of EncoderDecoder  

backbone.LACB_layers1.1.pwconv.bn.bias - torch.Size([32]): 
The value is the same before and after calling `init_weights` of EncoderDecoder  

backbone.LACB_layers1.2.aggregate_conv.conv.weight - torch.Size([32, 1, 7, 7]): 
Initialized by user-defined `init_weights` in DSANet  

backbone.LACB_layers1.2.aggregate_conv.bn.weight - torch.Size([32]): 
The value is the same before and after calling `init_weights` of EncoderDecoder  

backbone.LACB_layers1.2.aggregate_conv.bn.bias - torch.Size([32]): 
The value is the same before and after calling `init_weights` of EncoderDecoder  

backbone.LACB_layers1.2.conv3x3.conv.weight - torch.Size([32, 16, 3, 3]): 
Initialized by user-defined `init_weights` in DSANet  

backbone.LACB_layers1.2.conv3x3.bn.weight - torch.Size([32]): 
The value is the same before and after calling `init_weights` of EncoderDecoder  

backbone.LACB_layers1.2.conv3x3.bn.bias - torch.Size([32]): 
The value is the same before and after calling `init_weights` of EncoderDecoder  

backbone.LACB_layers1.2.pwconv.conv.weight - torch.Size([32, 32, 1, 1]): 
Initialized by user-defined `init_weights` in DSANet  

backbone.LACB_layers1.2.pwconv.bn.weight - torch.Size([32]): 
The value is the same before and after calling `init_weights` of EncoderDecoder  

backbone.LACB_layers1.2.pwconv.bn.bias - torch.Size([32]): 
The value is the same before and after calling `init_weights` of EncoderDecoder  

backbone.LACB_layers2.0.aggregate_conv.conv.weight - torch.Size([64, 1, 3, 3]): 
Initialized by user-defined `init_weights` in DSANet  

backbone.LACB_layers2.0.aggregate_conv.bn.weight - torch.Size([64]): 
The value is the same before and after calling `init_weights` of EncoderDecoder  

backbone.LACB_layers2.0.aggregate_conv.bn.bias - torch.Size([64]): 
The value is the same before and after calling `init_weights` of EncoderDecoder  

backbone.LACB_layers2.0.conv3x3.conv.weight - torch.Size([64, 32, 3, 3]): 
Initialized by user-defined `init_weights` in DSANet  

backbone.LACB_layers2.0.conv3x3.bn.weight - torch.Size([64]): 
The value is the same before and after calling `init_weights` of EncoderDecoder  

backbone.LACB_layers2.0.conv3x3.bn.bias - torch.Size([64]): 
The value is the same before and after calling `init_weights` of EncoderDecoder  

backbone.LACB_layers2.0.pwconv.conv.weight - torch.Size([64, 64, 1, 1]): 
Initialized by user-defined `init_weights` in DSANet  

backbone.LACB_layers2.0.pwconv.bn.weight - torch.Size([64]): 
The value is the same before and after calling `init_weights` of EncoderDecoder  

backbone.LACB_layers2.0.pwconv.bn.bias - torch.Size([64]): 
The value is the same before and after calling `init_weights` of EncoderDecoder  

backbone.LACB_layers2.1.aggregate_conv.conv.weight - torch.Size([64, 1, 5, 5]): 
Initialized by user-defined `init_weights` in DSANet  

backbone.LACB_layers2.1.aggregate_conv.bn.weight - torch.Size([64]): 
The value is the same before and after calling `init_weights` of EncoderDecoder  

backbone.LACB_layers2.1.aggregate_conv.bn.bias - torch.Size([64]): 
The value is the same before and after calling `init_weights` of EncoderDecoder  

backbone.LACB_layers2.1.conv3x3.conv.weight - torch.Size([64, 32, 3, 3]): 
Initialized by user-defined `init_weights` in DSANet  

backbone.LACB_layers2.1.conv3x3.bn.weight - torch.Size([64]): 
The value is the same before and after calling `init_weights` of EncoderDecoder  

backbone.LACB_layers2.1.conv3x3.bn.bias - torch.Size([64]): 
The value is the same before and after calling `init_weights` of EncoderDecoder  

backbone.LACB_layers2.1.pwconv.conv.weight - torch.Size([64, 64, 1, 1]): 
Initialized by user-defined `init_weights` in DSANet  

backbone.LACB_layers2.1.pwconv.bn.weight - torch.Size([64]): 
The value is the same before and after calling `init_weights` of EncoderDecoder  

backbone.LACB_layers2.1.pwconv.bn.bias - torch.Size([64]): 
The value is the same before and after calling `init_weights` of EncoderDecoder  

backbone.LACB_layers2.2.aggregate_conv.conv.weight - torch.Size([64, 1, 7, 7]): 
Initialized by user-defined `init_weights` in DSANet  

backbone.LACB_layers2.2.aggregate_conv.bn.weight - torch.Size([64]): 
The value is the same before and after calling `init_weights` of EncoderDecoder  

backbone.LACB_layers2.2.aggregate_conv.bn.bias - torch.Size([64]): 
The value is the same before and after calling `init_weights` of EncoderDecoder  

backbone.LACB_layers2.2.conv3x3.conv.weight - torch.Size([64, 32, 3, 3]): 
Initialized by user-defined `init_weights` in DSANet  

backbone.LACB_layers2.2.conv3x3.bn.weight - torch.Size([64]): 
The value is the same before and after calling `init_weights` of EncoderDecoder  

backbone.LACB_layers2.2.conv3x3.bn.bias - torch.Size([64]): 
The value is the same before and after calling `init_weights` of EncoderDecoder  

backbone.LACB_layers2.2.pwconv.conv.weight - torch.Size([64, 64, 1, 1]): 
Initialized by user-defined `init_weights` in DSANet  

backbone.LACB_layers2.2.pwconv.bn.weight - torch.Size([64]): 
The value is the same before and after calling `init_weights` of EncoderDecoder  

backbone.LACB_layers2.2.pwconv.bn.bias - torch.Size([64]): 
The value is the same before and after calling `init_weights` of EncoderDecoder  

backbone.LACB_layers2.3.aggregate_conv.conv.weight - torch.Size([64, 1, 9, 9]): 
Initialized by user-defined `init_weights` in DSANet  

backbone.LACB_layers2.3.aggregate_conv.bn.weight - torch.Size([64]): 
The value is the same before and after calling `init_weights` of EncoderDecoder  

backbone.LACB_layers2.3.aggregate_conv.bn.bias - torch.Size([64]): 
The value is the same before and after calling `init_weights` of EncoderDecoder  

backbone.LACB_layers2.3.conv3x3.conv.weight - torch.Size([64, 32, 3, 3]): 
Initialized by user-defined `init_weights` in DSANet  

backbone.LACB_layers2.3.conv3x3.bn.weight - torch.Size([64]): 
The value is the same before and after calling `init_weights` of EncoderDecoder  

backbone.LACB_layers2.3.conv3x3.bn.bias - torch.Size([64]): 
The value is the same before and after calling `init_weights` of EncoderDecoder  

backbone.LACB_layers2.3.pwconv.conv.weight - torch.Size([64, 64, 1, 1]): 
Initialized by user-defined `init_weights` in DSANet  

backbone.LACB_layers2.3.pwconv.bn.weight - torch.Size([64]): 
The value is the same before and after calling `init_weights` of EncoderDecoder  

backbone.LACB_layers2.3.pwconv.bn.bias - torch.Size([64]): 
The value is the same before and after calling `init_weights` of EncoderDecoder  

backbone.LACB_layers2.4.aggregate_conv.conv.weight - torch.Size([64, 1, 11, 11]): 
Initialized by user-defined `init_weights` in DSANet  

backbone.LACB_layers2.4.aggregate_conv.bn.weight - torch.Size([64]): 
The value is the same before and after calling `init_weights` of EncoderDecoder  

backbone.LACB_layers2.4.aggregate_conv.bn.bias - torch.Size([64]): 
The value is the same before and after calling `init_weights` of EncoderDecoder  

backbone.LACB_layers2.4.conv3x3.conv.weight - torch.Size([64, 32, 3, 3]): 
Initialized by user-defined `init_weights` in DSANet  

backbone.LACB_layers2.4.conv3x3.bn.weight - torch.Size([64]): 
The value is the same before and after calling `init_weights` of EncoderDecoder  

backbone.LACB_layers2.4.conv3x3.bn.bias - torch.Size([64]): 
The value is the same before and after calling `init_weights` of EncoderDecoder  

backbone.LACB_layers2.4.pwconv.conv.weight - torch.Size([64, 64, 1, 1]): 
Initialized by user-defined `init_weights` in DSANet  

backbone.LACB_layers2.4.pwconv.bn.weight - torch.Size([64]): 
The value is the same before and after calling `init_weights` of EncoderDecoder  

backbone.LACB_layers2.4.pwconv.bn.bias - torch.Size([64]): 
The value is the same before and after calling `init_weights` of EncoderDecoder  

backbone.LACB_layers3.0.aggregate_conv.conv.weight - torch.Size([128, 1, 3, 3]): 
Initialized by user-defined `init_weights` in DSANet  

backbone.LACB_layers3.0.aggregate_conv.bn.weight - torch.Size([128]): 
The value is the same before and after calling `init_weights` of EncoderDecoder  

backbone.LACB_layers3.0.aggregate_conv.bn.bias - torch.Size([128]): 
The value is the same before and after calling `init_weights` of EncoderDecoder  

backbone.LACB_layers3.0.conv3x3.conv.weight - torch.Size([128, 64, 3, 3]): 
Initialized by user-defined `init_weights` in DSANet  

backbone.LACB_layers3.0.conv3x3.bn.weight - torch.Size([128]): 
The value is the same before and after calling `init_weights` of EncoderDecoder  

backbone.LACB_layers3.0.conv3x3.bn.bias - torch.Size([128]): 
The value is the same before and after calling `init_weights` of EncoderDecoder  

backbone.LACB_layers3.0.pwconv.conv.weight - torch.Size([128, 128, 1, 1]): 
Initialized by user-defined `init_weights` in DSANet  

backbone.LACB_layers3.0.pwconv.bn.weight - torch.Size([128]): 
The value is the same before and after calling `init_weights` of EncoderDecoder  

backbone.LACB_layers3.0.pwconv.bn.bias - torch.Size([128]): 
The value is the same before and after calling `init_weights` of EncoderDecoder  

backbone.LACB_layers3.1.aggregate_conv.conv.weight - torch.Size([128, 1, 5, 5]): 
Initialized by user-defined `init_weights` in DSANet  

backbone.LACB_layers3.1.aggregate_conv.bn.weight - torch.Size([128]): 
The value is the same before and after calling `init_weights` of EncoderDecoder  

backbone.LACB_layers3.1.aggregate_conv.bn.bias - torch.Size([128]): 
The value is the same before and after calling `init_weights` of EncoderDecoder  

backbone.LACB_layers3.1.conv3x3.conv.weight - torch.Size([128, 64, 3, 3]): 
Initialized by user-defined `init_weights` in DSANet  

backbone.LACB_layers3.1.conv3x3.bn.weight - torch.Size([128]): 
The value is the same before and after calling `init_weights` of EncoderDecoder  

backbone.LACB_layers3.1.conv3x3.bn.bias - torch.Size([128]): 
The value is the same before and after calling `init_weights` of EncoderDecoder  

backbone.LACB_layers3.1.pwconv.conv.weight - torch.Size([128, 128, 1, 1]): 
Initialized by user-defined `init_weights` in DSANet  

backbone.LACB_layers3.1.pwconv.bn.weight - torch.Size([128]): 
The value is the same before and after calling `init_weights` of EncoderDecoder  

backbone.LACB_layers3.1.pwconv.bn.bias - torch.Size([128]): 
The value is the same before and after calling `init_weights` of EncoderDecoder  

backbone.LACB_layers3.2.aggregate_conv.conv.weight - torch.Size([128, 1, 7, 7]): 
Initialized by user-defined `init_weights` in DSANet  

backbone.LACB_layers3.2.aggregate_conv.bn.weight - torch.Size([128]): 
The value is the same before and after calling `init_weights` of EncoderDecoder  

backbone.LACB_layers3.2.aggregate_conv.bn.bias - torch.Size([128]): 
The value is the same before and after calling `init_weights` of EncoderDecoder  

backbone.LACB_layers3.2.conv3x3.conv.weight - torch.Size([128, 64, 3, 3]): 
Initialized by user-defined `init_weights` in DSANet  

backbone.LACB_layers3.2.conv3x3.bn.weight - torch.Size([128]): 
The value is the same before and after calling `init_weights` of EncoderDecoder  

backbone.LACB_layers3.2.conv3x3.bn.bias - torch.Size([128]): 
The value is the same before and after calling `init_weights` of EncoderDecoder  

backbone.LACB_layers3.2.pwconv.conv.weight - torch.Size([128, 128, 1, 1]): 
Initialized by user-defined `init_weights` in DSANet  

backbone.LACB_layers3.2.pwconv.bn.weight - torch.Size([128]): 
The value is the same before and after calling `init_weights` of EncoderDecoder  

backbone.LACB_layers3.2.pwconv.bn.bias - torch.Size([128]): 
The value is the same before and after calling `init_weights` of EncoderDecoder  

backbone.LACB_layers3.3.aggregate_conv.conv.weight - torch.Size([128, 1, 9, 9]): 
Initialized by user-defined `init_weights` in DSANet  

backbone.LACB_layers3.3.aggregate_conv.bn.weight - torch.Size([128]): 
The value is the same before and after calling `init_weights` of EncoderDecoder  

backbone.LACB_layers3.3.aggregate_conv.bn.bias - torch.Size([128]): 
The value is the same before and after calling `init_weights` of EncoderDecoder  

backbone.LACB_layers3.3.conv3x3.conv.weight - torch.Size([128, 64, 3, 3]): 
Initialized by user-defined `init_weights` in DSANet  

backbone.LACB_layers3.3.conv3x3.bn.weight - torch.Size([128]): 
The value is the same before and after calling `init_weights` of EncoderDecoder  

backbone.LACB_layers3.3.conv3x3.bn.bias - torch.Size([128]): 
The value is the same before and after calling `init_weights` of EncoderDecoder  

backbone.LACB_layers3.3.pwconv.conv.weight - torch.Size([128, 128, 1, 1]): 
Initialized by user-defined `init_weights` in DSANet  

backbone.LACB_layers3.3.pwconv.bn.weight - torch.Size([128]): 
The value is the same before and after calling `init_weights` of EncoderDecoder  

backbone.LACB_layers3.3.pwconv.bn.bias - torch.Size([128]): 
The value is the same before and after calling `init_weights` of EncoderDecoder  

backbone.LACB_layers3.4.aggregate_conv.conv.weight - torch.Size([128, 1, 11, 11]): 
Initialized by user-defined `init_weights` in DSANet  

backbone.LACB_layers3.4.aggregate_conv.bn.weight - torch.Size([128]): 
The value is the same before and after calling `init_weights` of EncoderDecoder  

backbone.LACB_layers3.4.aggregate_conv.bn.bias - torch.Size([128]): 
The value is the same before and after calling `init_weights` of EncoderDecoder  

backbone.LACB_layers3.4.conv3x3.conv.weight - torch.Size([128, 64, 3, 3]): 
Initialized by user-defined `init_weights` in DSANet  

backbone.LACB_layers3.4.conv3x3.bn.weight - torch.Size([128]): 
The value is the same before and after calling `init_weights` of EncoderDecoder  

backbone.LACB_layers3.4.conv3x3.bn.bias - torch.Size([128]): 
The value is the same before and after calling `init_weights` of EncoderDecoder  

backbone.LACB_layers3.4.pwconv.conv.weight - torch.Size([128, 128, 1, 1]): 
Initialized by user-defined `init_weights` in DSANet  

backbone.LACB_layers3.4.pwconv.bn.weight - torch.Size([128]): 
The value is the same before and after calling `init_weights` of EncoderDecoder  

backbone.LACB_layers3.4.pwconv.bn.bias - torch.Size([128]): 
The value is the same before and after calling `init_weights` of EncoderDecoder  

backbone.LACB_layers3.5.aggregate_conv.conv.weight - torch.Size([128, 1, 13, 13]): 
Initialized by user-defined `init_weights` in DSANet  

backbone.LACB_layers3.5.aggregate_conv.bn.weight - torch.Size([128]): 
The value is the same before and after calling `init_weights` of EncoderDecoder  

backbone.LACB_layers3.5.aggregate_conv.bn.bias - torch.Size([128]): 
The value is the same before and after calling `init_weights` of EncoderDecoder  

backbone.LACB_layers3.5.conv3x3.conv.weight - torch.Size([128, 64, 3, 3]): 
Initialized by user-defined `init_weights` in DSANet  

backbone.LACB_layers3.5.conv3x3.bn.weight - torch.Size([128]): 
The value is the same before and after calling `init_weights` of EncoderDecoder  

backbone.LACB_layers3.5.conv3x3.bn.bias - torch.Size([128]): 
The value is the same before and after calling `init_weights` of EncoderDecoder  

backbone.LACB_layers3.5.pwconv.conv.weight - torch.Size([128, 128, 1, 1]): 
Initialized by user-defined `init_weights` in DSANet  

backbone.LACB_layers3.5.pwconv.bn.weight - torch.Size([128]): 
The value is the same before and after calling `init_weights` of EncoderDecoder  

backbone.LACB_layers3.5.pwconv.bn.bias - torch.Size([128]): 
The value is the same before and after calling `init_weights` of EncoderDecoder  

backbone.LACB_layers3.6.aggregate_conv.conv.weight - torch.Size([128, 1, 15, 15]): 
Initialized by user-defined `init_weights` in DSANet  

backbone.LACB_layers3.6.aggregate_conv.bn.weight - torch.Size([128]): 
The value is the same before and after calling `init_weights` of EncoderDecoder  

backbone.LACB_layers3.6.aggregate_conv.bn.bias - torch.Size([128]): 
The value is the same before and after calling `init_weights` of EncoderDecoder  

backbone.LACB_layers3.6.conv3x3.conv.weight - torch.Size([128, 64, 3, 3]): 
Initialized by user-defined `init_weights` in DSANet  

backbone.LACB_layers3.6.conv3x3.bn.weight - torch.Size([128]): 
The value is the same before and after calling `init_weights` of EncoderDecoder  

backbone.LACB_layers3.6.conv3x3.bn.bias - torch.Size([128]): 
The value is the same before and after calling `init_weights` of EncoderDecoder  

backbone.LACB_layers3.6.pwconv.conv.weight - torch.Size([128, 128, 1, 1]): 
Initialized by user-defined `init_weights` in DSANet  

backbone.LACB_layers3.6.pwconv.bn.weight - torch.Size([128]): 
The value is the same before and after calling `init_weights` of EncoderDecoder  

backbone.LACB_layers3.6.pwconv.bn.bias - torch.Size([128]): 
The value is the same before and after calling `init_weights` of EncoderDecoder  

backbone.BSSNet_UMF.up_conv1.conv.weight - torch.Size([32, 128, 3, 3]): 
Initialized by user-defined `init_weights` in DSANet  

backbone.BSSNet_UMF.up_conv1.bn.weight - torch.Size([32]): 
The value is the same before and after calling `init_weights` of EncoderDecoder  

backbone.BSSNet_UMF.up_conv1.bn.bias - torch.Size([32]): 
The value is the same before and after calling `init_weights` of EncoderDecoder  

backbone.BSSNet_UMF.up_conv2.conv.weight - torch.Size([32, 64, 3, 3]): 
Initialized by user-defined `init_weights` in DSANet  

backbone.BSSNet_UMF.up_conv2.bn.weight - torch.Size([32]): 
The value is the same before and after calling `init_weights` of EncoderDecoder  

backbone.BSSNet_UMF.up_conv2.bn.bias - torch.Size([32]): 
The value is the same before and after calling `init_weights` of EncoderDecoder  

backbone.BSSNet_UMF.conv_atten.0.conv.weight - torch.Size([6, 6, 3, 3]): 
Initialized by user-defined `init_weights` in DSANet  

backbone.BSSNet_UMF.conv_atten.0.bn.weight - torch.Size([6]): 
The value is the same before and after calling `init_weights` of EncoderDecoder  

backbone.BSSNet_UMF.conv_atten.0.bn.bias - torch.Size([6]): 
The value is the same before and after calling `init_weights` of EncoderDecoder  

backbone.BSSNet_UMF.conv_atten.1.conv.weight - torch.Size([3, 6, 3, 3]): 
Initialized by user-defined `init_weights` in DSANet  

backbone.BSSNet_UMF.conv_atten.1.bn.weight - torch.Size([3]): 
The value is the same before and after calling `init_weights` of EncoderDecoder  

backbone.BSSNet_UMF.conv_atten.1.bn.bias - torch.Size([3]): 
The value is the same before and after calling `init_weights` of EncoderDecoder  

decode_head.conv_seg.weight - torch.Size([19, 32, 1, 1]): 
Initialized by user-defined `init_weights` in OHEM_HEAD  

decode_head.conv_seg.bias - torch.Size([19]): 
The value is the same before and after calling `init_weights` of EncoderDecoder  

decode_head.ohemhead.conv.conv.weight - torch.Size([32, 32, 3, 3]): 
Initialized by user-defined `init_weights` in OHEM_HEAD  

decode_head.ohemhead.conv.bn.weight - torch.Size([32]): 
The value is the same before and after calling `init_weights` of EncoderDecoder  

decode_head.ohemhead.conv.bn.bias - torch.Size([32]): 
The value is the same before and after calling `init_weights` of EncoderDecoder  

decode_head.ohemhead.norm.weight - torch.Size([32]): 
The value is the same before and after calling `init_weights` of EncoderDecoder  

decode_head.ohemhead.norm.bias - torch.Size([32]): 
The value is the same before and after calling `init_weights` of EncoderDecoder  

auxiliary_head.0.conv_seg.weight - torch.Size([19, 32, 1, 1]): 
The value is the same before and after calling `init_weights` of EncoderDecoder  

auxiliary_head.0.conv_seg.bias - torch.Size([19]): 
The value is the same before and after calling `init_weights` of EncoderDecoder  

auxiliary_head.0.convs.0.conv.weight - torch.Size([32, 64, 3, 3]): 
The value is the same before and after calling `init_weights` of EncoderDecoder  

auxiliary_head.0.convs.0.bn.weight - torch.Size([32]): 
The value is the same before and after calling `init_weights` of EncoderDecoder  

auxiliary_head.0.convs.0.bn.bias - torch.Size([32]): 
The value is the same before and after calling `init_weights` of EncoderDecoder  
2026/07/22 10:44:41 - mmengine - WARNING - "FileClient" will be deprecated in future. Please use io functions in https://mmengine.readthedocs.io/en/latest/api/fileio.html#file-io
2026/07/22 10:44:41 - mmengine - WARNING - "HardDiskBackend" is the alias of "LocalBackend" and the former will be deprecated in future.
2026/07/22 10:44:41 - mmengine - INFO - Checkpoints will be saved to /root/autodl-tmp/DSANet-main/tools/work_dirs/dsanet_cityscapes_512x1024.
2026/07/22 10:45:18 - mmengine - INFO - Iter(train) [   100/160000]  lr: 4.9620e-04  eta: 16:36:03  time: 0.3466  data_time: 0.0251  memory: 8759  loss: 5.2854  decode.loss_ohem: 2.6527  decode.acc_seg: 10.7085  aux_0.loss_ce: 2.6327  aux_0.acc_seg: 25.9887
2026/07/22 10:45:47 - mmengine - INFO - Exp name: dsanet_cityscapes_512x1024_20260722_104438
2026/07/22 10:45:52 - mmengine - INFO - Iter(train) [   200/160000]  lr: 9.9640e-04  eta: 15:53:42  time: 0.3411  data_time: 0.0251  memory: 8760  loss: 4.1569  decode.loss_ohem: 2.1207  decode.acc_seg: 36.4699  aux_0.loss_ce: 2.0363  aux_0.acc_seg: 47.5596
2026/07/22 10:46:26 - mmengine - INFO - Iter(train) [   300/160000]  lr: 1.4966e-03  eta: 15:32:22  time: 0.3289  data_time: 0.0239  memory: 8760  loss: 3.2209  decode.loss_ohem: 1.6574  decode.acc_seg: 60.5550  aux_0.loss_ce: 1.5635  aux_0.acc_seg: 61.2941
2026/07/22 10:46:59 - mmengine - INFO - Iter(train) [   400/160000]  lr: 1.9968e-03  eta: 15:19:32  time: 0.3331  data_time: 0.0256  memory: 8759  loss: 2.7848  decode.loss_ohem: 1.4272  decode.acc_seg: 56.5523  aux_0.loss_ce: 1.3576  aux_0.acc_seg: 57.8643
2026/07/22 10:47:33 - mmengine - INFO - Iter(train) [   500/160000]  lr: 2.4970e-03  eta: 15:14:25  time: 0.3396  data_time: 0.0238  memory: 8758  loss: 2.7170  decode.loss_ohem: 1.4166  decode.acc_seg: 64.1900  aux_0.loss_ce: 1.3004  aux_0.acc_seg: 62.3257
2026/07/22 10:48:07 - mmengine - INFO - Iter(train) [   600/160000]  lr: 2.9972e-03  eta: 15:12:26  time: 0.3416  data_time: 0.0229  memory: 8756  loss: 2.4485  decode.loss_ohem: 1.2732  decode.acc_seg: 71.3921  aux_0.loss_ce: 1.1753  aux_0.acc_seg: 68.0666
2026/07/22 10:48:41 - mmengine - INFO - Iter(train) [   700/160000]  lr: 3.4974e-03  eta: 15:11:38  time: 0.3452  data_time: 0.0262  memory: 8754  loss: 2.4117  decode.loss_ohem: 1.3148  decode.acc_seg: 71.5383  aux_0.loss_ce: 1.0969  aux_0.acc_seg: 67.8211
2026/07/22 10:49:15 - mmengine - INFO - Iter(train) [   800/160000]  lr: 3.9976e-03  eta: 15:11:08  time: 0.3431  data_time: 0.0235  memory: 8754  loss: 2.2700  decode.loss_ohem: 1.2235  decode.acc_seg: 69.1712  aux_0.loss_ce: 1.0464  aux_0.acc_seg: 66.6735
2026/07/22 10:49:50 - mmengine - INFO - Iter(train) [   900/160000]  lr: 4.4978e-03  eta: 15:10:35  time: 0.3434  data_time: 0.0244  memory: 8753  loss: 2.3877  decode.loss_ohem: 1.3019  decode.acc_seg: 70.1950  aux_0.loss_ce: 1.0857  aux_0.acc_seg: 67.1400
2026/07/22 10:50:24 - mmengine - INFO - Exp name: dsanet_cityscapes_512x1024_20260722_104438
2026/07/22 10:50:24 - mmengine - INFO - Iter(train) [  1000/160000]  lr: 4.9980e-03  eta: 15:09:58  time: 0.3444  data_time: 0.0248  memory: 8753  loss: 2.1115  decode.loss_ohem: 1.1329  decode.acc_seg: 67.4396  aux_0.loss_ce: 0.9787  aux_0.acc_seg: 64.9844
2026/07/22 10:50:59 - mmengine - INFO - Iter(train) [  1100/160000]  lr: 5.4982e-03  eta: 15:10:04  time: 0.3466  data_time: 0.0258  memory: 8753  loss: 2.1675  decode.loss_ohem: 1.1910  decode.acc_seg: 62.8084  aux_0.loss_ce: 0.9766  aux_0.acc_seg: 60.0957
2026/07/22 10:51:33 - mmengine - INFO - Iter(train) [  1200/160000]  lr: 5.9984e-03  eta: 15:09:45  time: 0.3450  data_time: 0.0248  memory: 8751  loss: 1.9949  decode.loss_ohem: 1.0907  decode.acc_seg: 76.4774  aux_0.loss_ce: 0.9042  aux_0.acc_seg: 73.8125
2026/07/22 10:52:08 - mmengine - INFO - Iter(train) [  1300/160000]  lr: 6.4986e-03  eta: 15:09:31  time: 0.3448  data_time: 0.0248  memory: 8752  loss: 1.9669  decode.loss_ohem: 1.0973  decode.acc_seg: 69.8991  aux_0.loss_ce: 0.8696  aux_0.acc_seg: 67.6321
2026/07/22 10:52:42 - mmengine - INFO - Iter(train) [  1400/160000]  lr: 6.9988e-03  eta: 15:08:41  time: 0.3445  data_time: 0.0251  memory: 8751  loss: 1.9702  decode.loss_ohem: 1.0920  decode.acc_seg: 74.6979  aux_0.loss_ce: 0.8782  aux_0.acc_seg: 72.3474
2026/07/22 10:53:16 - mmengine - INFO - Iter(train) [  1500/160000]  lr: 7.4990e-03  eta: 15:08:30  time: 0.3449  data_time: 0.0249  memory: 8750  loss: 2.0297  decode.loss_ohem: 1.1524  decode.acc_seg: 77.1598  aux_0.loss_ce: 0.8773  aux_0.acc_seg: 74.4622
2026/07/22 10:53:51 - mmengine - INFO - Iter(train) [  1600/160000]  lr: 7.9992e-03  eta: 15:08:21  time: 0.3470  data_time: 0.0264  memory: 8750  loss: 2.0409  decode.loss_ohem: 1.1722  decode.acc_seg: 75.2716  aux_0.loss_ce: 0.8687  aux_0.acc_seg: 72.6388
2026/07/22 10:54:26 - mmengine - INFO - Iter(train) [  1700/160000]  lr: 8.4994e-03  eta: 15:08:11  time: 0.3452  data_time: 0.0254  memory: 8751  loss: 1.8973  decode.loss_ohem: 1.0712  decode.acc_seg: 78.6667  aux_0.loss_ce: 0.8260  aux_0.acc_seg: 75.1156
2026/07/22 10:55:00 - mmengine - INFO - Iter(train) [  1800/160000]  lr: 8.9996e-03  eta: 15:07:57  time: 0.3468  data_time: 0.0254  memory: 8751  loss: 1.8134  decode.loss_ohem: 1.0348  decode.acc_seg: 80.1949  aux_0.loss_ce: 0.7786  aux_0.acc_seg: 76.9600
2026/07/22 10:55:35 - mmengine - INFO - Iter(train) [  1900/160000]  lr: 9.4998e-03  eta: 15:08:03  time: 0.3499  data_time: 0.0279  memory: 8750  loss: 1.9863  decode.loss_ohem: 1.1900  decode.acc_seg: 74.6373  aux_0.loss_ce: 0.7962  aux_0.acc_seg: 71.1240
2026/07/22 10:56:10 - mmengine - INFO - Exp name: dsanet_cityscapes_512x1024_20260722_104438
2026/07/22 10:56:10 - mmengine - INFO - Iter(train) [  2000/160000]  lr: 1.0000e-02  eta: 15:08:10  time: 0.3496  data_time: 0.0270  memory: 8751  loss: 1.8495  decode.loss_ohem: 1.0785  decode.acc_seg: 74.0048  aux_0.loss_ce: 0.7710  aux_0.acc_seg: 72.5313
2026/07/22 10:56:45 - mmengine - INFO - Iter(train) [  2100/160000]  lr: 9.9944e-03  eta: 15:08:19  time: 0.3489  data_time: 0.0251  memory: 8749  loss: 1.8384  decode.loss_ohem: 1.0608  decode.acc_seg: 75.4943  aux_0.loss_ce: 0.7776  aux_0.acc_seg: 72.9836
2026/07/22 10:57:20 - mmengine - INFO - Iter(train) [  2200/160000]  lr: 9.9887e-03  eta: 15:08:15  time: 0.3512  data_time: 0.0274  memory: 8750  loss: 1.7086  decode.loss_ohem: 0.9694  decode.acc_seg: 82.3132  aux_0.loss_ce: 0.7392  aux_0.acc_seg: 79.8569
2026/07/22 10:57:56 - mmengine - INFO - Iter(train) [  2300/160000]  lr: 9.9830e-03  eta: 15:08:32  time: 0.3493  data_time: 0.0250  memory: 8749  loss: 1.6863  decode.loss_ohem: 0.9808  decode.acc_seg: 81.8791  aux_0.loss_ce: 0.7055  aux_0.acc_seg: 77.9987
2026/07/22 10:58:31 - mmengine - INFO - Iter(train) [  2400/160000]  lr: 9.9773e-03  eta: 15:08:31  time: 0.3487  data_time: 0.0254  memory: 8749  loss: 1.6954  decode.loss_ohem: 0.9838  decode.acc_seg: 76.7431  aux_0.loss_ce: 0.7116  aux_0.acc_seg: 75.1082
2026/07/22 10:59:06 - mmengine - INFO - Iter(train) [  2500/160000]  lr: 9.9716e-03  eta: 15:08:24  time: 0.3528  data_time: 0.0274  memory: 8749  loss: 1.6931  decode.loss_ohem: 0.9802  decode.acc_seg: 84.3588  aux_0.loss_ce: 0.7130  aux_0.acc_seg: 82.7317
2026/07/22 10:59:41 - mmengine - INFO - Iter(train) [  2600/160000]  lr: 9.9659e-03  eta: 15:08:31  time: 0.3519  data_time: 0.0280  memory: 8748  loss: 1.6377  decode.loss_ohem: 0.9684  decode.acc_seg: 74.0179  aux_0.loss_ce: 0.6693  aux_0.acc_seg: 68.9121
2026/07/22 11:00:16 - mmengine - INFO - Iter(train) [  2700/160000]  lr: 9.9602e-03  eta: 15:08:41  time: 0.3533  data_time: 0.0268  memory: 8748  loss: 1.7049  decode.loss_ohem: 1.0091  decode.acc_seg: 84.2336  aux_0.loss_ce: 0.6959  aux_0.acc_seg: 81.7130
2026/07/22 11:00:52 - mmengine - INFO - Iter(train) [  2800/160000]  lr: 9.9545e-03  eta: 15:08:38  time: 0.3555  data_time: 0.0301  memory: 8748  loss: 1.8071  decode.loss_ohem: 1.0497  decode.acc_seg: 81.1215  aux_0.loss_ce: 0.7574  aux_0.acc_seg: 76.1277
2026/07/22 11:01:27 - mmengine - INFO - Iter(train) [  2900/160000]  lr: 9.9488e-03  eta: 15:08:30  time: 0.3470  data_time: 0.0255  memory: 8748  loss: 1.5317  decode.loss_ohem: 0.9211  decode.acc_seg: 86.9857  aux_0.loss_ce: 0.6106  aux_0.acc_seg: 82.3465
2026/07/22 11:02:02 - mmengine - INFO - Exp name: dsanet_cityscapes_512x1024_20260722_104438
2026/07/22 11:02:02 - mmengine - INFO - Iter(train) [  3000/160000]  lr: 9.9431e-03  eta: 15:08:31  time: 0.3585  data_time: 0.0316  memory: 8747  loss: 1.5960  decode.loss_ohem: 0.9629  decode.acc_seg: 85.6139  aux_0.loss_ce: 0.6331  aux_0.acc_seg: 80.5043
2026/07/22 11:02:38 - mmengine - INFO - Iter(train) [  3100/160000]  lr: 9.9374e-03  eta: 15:08:30  time: 0.3543  data_time: 0.0282  memory: 8748  loss: 1.6614  decode.loss_ohem: 0.9783  decode.acc_seg: 80.6795  aux_0.loss_ce: 0.6831  aux_0.acc_seg: 76.6316
2026/07/22 11:03:13 - mmengine - INFO - Iter(train) [  3200/160000]  lr: 9.9317e-03  eta: 15:08:32  time: 0.3572  data_time: 0.0282  memory: 8748  loss: 1.5967  decode.loss_ohem: 0.9736  decode.acc_seg: 85.2135  aux_0.loss_ce: 0.6231  aux_0.acc_seg: 83.2669
2026/07/22 11:03:48 - mmengine - INFO - Iter(train) [  3300/160000]  lr: 9.9260e-03  eta: 15:08:13  time: 0.3522  data_time: 0.0276  memory: 8748  loss: 1.6424  decode.loss_ohem: 0.9876  decode.acc_seg: 81.4753  aux_0.loss_ce: 0.6548  aux_0.acc_seg: 80.3671
2026/07/22 11:04:24 - mmengine - INFO - Iter(train) [  3400/160000]  lr: 9.9204e-03  eta: 15:08:05  time: 0.3555  data_time: 0.0287  memory: 8747  loss: 1.4519  decode.loss_ohem: 0.8650  decode.acc_seg: 82.9856  aux_0.loss_ce: 0.5869  aux_0.acc_seg: 80.7310
2026/07/22 11:04:59 - mmengine - INFO - Iter(train) [  3500/160000]  lr: 9.9147e-03  eta: 15:08:06  time: 0.3544  data_time: 0.0281  memory: 8746  loss: 1.4931  decode.loss_ohem: 0.9099  decode.acc_seg: 84.1395  aux_0.loss_ce: 0.5832  aux_0.acc_seg: 80.8846
2026/07/22 11:05:35 - mmengine - INFO - Iter(train) [  3600/160000]  lr: 9.9090e-03  eta: 15:07:56  time: 0.3576  data_time: 0.0287  memory: 8750  loss: 1.6005  decode.loss_ohem: 0.9662  decode.acc_seg: 77.8797  aux_0.loss_ce: 0.6343  aux_0.acc_seg: 73.7067
2026/07/22 11:06:10 - mmengine - INFO - Iter(train) [  3700/160000]  lr: 9.9033e-03  eta: 15:07:57  time: 0.3556  data_time: 0.0287  memory: 8746  loss: 1.7169  decode.loss_ohem: 1.0497  decode.acc_seg: 75.7746  aux_0.loss_ce: 0.6672  aux_0.acc_seg: 75.2445
2026/07/22 11:06:45 - mmengine - INFO - Iter(train) [  3800/160000]  lr: 9.8976e-03  eta: 15:07:30  time: 0.3513  data_time: 0.0263  memory: 8747  loss: 1.4769  decode.loss_ohem: 0.9052  decode.acc_seg: 84.9101  aux_0.loss_ce: 0.5717  aux_0.acc_seg: 81.3873
2026/07/22 11:07:21 - mmengine - INFO - Iter(train) [  3900/160000]  lr: 9.8919e-03  eta: 15:07:27  time: 0.3605  data_time: 0.0304  memory: 8746  loss: 1.5918  decode.loss_ohem: 0.9807  decode.acc_seg: 79.2963  aux_0.loss_ce: 0.6111  aux_0.acc_seg: 76.5306
2026/07/22 11:07:56 - mmengine - INFO - Exp name: dsanet_cityscapes_512x1024_20260722_104438
2026/07/22 11:07:56 - mmengine - INFO - Iter(train) [  4000/160000]  lr: 9.8862e-03  eta: 15:07:09  time: 0.3536  data_time: 0.0272  memory: 8746  loss: 1.5515  decode.loss_ohem: 0.9318  decode.acc_seg: 81.9901  aux_0.loss_ce: 0.6197  aux_0.acc_seg: 77.1192
2026/07/22 11:08:32 - mmengine - INFO - Iter(train) [  4100/160000]  lr: 9.8805e-03  eta: 15:06:55  time: 0.3536  data_time: 0.0280  memory: 8747  loss: 1.4922  decode.loss_ohem: 0.9095  decode.acc_seg: 88.2337  aux_0.loss_ce: 0.5827  aux_0.acc_seg: 84.5941
2026/07/22 11:09:07 - mmengine - INFO - Iter(train) [  4200/160000]  lr: 9.8748e-03  eta: 15:06:47  time: 0.3541  data_time: 0.0277  memory: 8745  loss: 1.5065  decode.loss_ohem: 0.9035  decode.acc_seg: 83.1171  aux_0.loss_ce: 0.6030  aux_0.acc_seg: 78.9875
2026/07/22 11:09:43 - mmengine - INFO - Iter(train) [  4300/160000]  lr: 9.8691e-03  eta: 15:06:27  time: 0.3549  data_time: 0.0279  memory: 8746  loss: 1.4839  decode.loss_ohem: 0.9182  decode.acc_seg: 89.0218  aux_0.loss_ce: 0.5656  aux_0.acc_seg: 84.8208
2026/07/22 11:10:18 - mmengine - INFO - Iter(train) [  4400/160000]  lr: 9.8634e-03  eta: 15:06:09  time: 0.3601  data_time: 0.0323  memory: 8745  loss: 1.4402  decode.loss_ohem: 0.8777  decode.acc_seg: 87.6476  aux_0.loss_ce: 0.5624  aux_0.acc_seg: 84.9554
2026/07/22 11:10:53 - mmengine - INFO - Iter(train) [  4500/160000]  lr: 9.8577e-03  eta: 15:05:49  time: 0.3517  data_time: 0.0271  memory: 8746  loss: 1.6179  decode.loss_ohem: 0.9806  decode.acc_seg: 80.0424  aux_0.loss_ce: 0.6373  aux_0.acc_seg: 74.5618
2026/07/22 11:11:29 - mmengine - INFO - Iter(train) [  4600/160000]  lr: 9.8520e-03  eta: 15:05:32  time: 0.3549  data_time: 0.0284  memory: 8746  loss: 1.4851  decode.loss_ohem: 0.9100  decode.acc_seg: 88.4213  aux_0.loss_ce: 0.5751  aux_0.acc_seg: 86.1037
2026/07/22 11:12:04 - mmengine - INFO - Iter(train) [  4700/160000]  lr: 9.8463e-03  eta: 15:05:13  time: 0.3540  data_time: 0.0281  memory: 8745  loss: 1.6072  decode.loss_ohem: 1.0036  decode.acc_seg: 88.1386  aux_0.loss_ce: 0.6036  aux_0.acc_seg: 84.0704
2026/07/22 11:12:40 - mmengine - INFO - Iter(train) [  4800/160000]  lr: 9.8406e-03  eta: 15:04:50  time: 0.3530  data_time: 0.0283  memory: 8745  loss: 1.4978  decode.loss_ohem: 0.9432  decode.acc_seg: 82.0602  aux_0.loss_ce: 0.5546  aux_0.acc_seg: 79.5162
2026/07/22 11:13:15 - mmengine - INFO - Iter(train) [  4900/160000]  lr: 9.8349e-03  eta: 15:04:25  time: 0.3536  data_time: 0.0290  memory: 8745  loss: 1.5414  decode.loss_ohem: 0.9404  decode.acc_seg: 86.1912  aux_0.loss_ce: 0.6010  aux_0.acc_seg: 80.7052
2026/07/22 11:13:51 - mmengine - INFO - Exp name: dsanet_cityscapes_512x1024_20260722_104438
2026/07/22 11:13:51 - mmengine - INFO - Iter(train) [  5000/160000]  lr: 9.8292e-03  eta: 15:04:05  time: 0.3528  data_time: 0.0275  memory: 8746  loss: 1.5575  decode.loss_ohem: 0.9591  decode.acc_seg: 84.9625  aux_0.loss_ce: 0.5984  aux_0.acc_seg: 80.4834
2026/07/22 11:13:51 - mmengine - INFO - Saving checkpoint at 5000 iterations
2026/07/22 11:13:56 - mmengine - INFO - Iter(val) [100/250]    eta: 0:00:08  time: 0.0464  data_time: 0.0127  memory: 4499  
2026/07/22 11:14:01 - mmengine - INFO - Iter(val) [200/250]    eta: 0:00:02  time: 0.0432  data_time: 0.0097  memory: 729  
2026/07/22 11:14:03 - mmengine - INFO - per class results:
2026/07/22 11:14:03 - mmengine - INFO - 
+---------------+-------+-------+
|     Class     |  IoU  |  Acc  |
+---------------+-------+-------+
|      road     | 93.08 | 97.05 |
|    sidewalk   | 57.81 | 67.93 |
|    building   | 76.35 | 84.99 |
|      wall     |  4.02 |  4.26 |
|     fence     | 22.83 | 29.19 |
|      pole     | 28.23 | 40.32 |
| traffic light |  0.38 |  0.38 |
|  traffic sign |  25.4 | 37.23 |
|   vegetation  | 80.42 | 90.03 |
|    terrain    |  34.3 | 46.51 |
|      sky      | 81.98 | 97.21 |
|     person    | 41.31 | 65.73 |
|     rider     |  0.95 |  0.96 |
|      car      |  70.9 |  95.0 |
|     truck     |  9.66 | 13.22 |
|      bus      | 26.32 | 34.09 |
|     train     |  7.13 | 25.17 |
|   motorcycle  |  0.06 |  0.07 |
|    bicycle    | 41.04 |  62.7 |
+---------------+-------+-------+
2026/07/22 11:14:03 - mmengine - INFO - Iter(val) [250/250]    aAcc: 86.8900  mIoU: 36.9600  mAcc: 46.9500  data_time: 0.0128  time: 0.0484
2026/07/22 11:14:03 - mmengine - INFO - The best checkpoint with 36.9600 mIoU at 5000 iter is saved to best_mIoU_iter_5000.pth.
2026/07/22 11:14:39 - mmengine - INFO - Iter(train) [  5100/160000]  lr: 9.8235e-03  eta: 15:04:00  time: 0.3543  data_time: 0.0281  memory: 8746  loss: 1.5408  decode.loss_ohem: 0.9549  decode.acc_seg: 84.8274  aux_0.loss_ce: 0.5860  aux_0.acc_seg: 81.9510
2026/07/22 11:15:14 - mmengine - INFO - Iter(train) [  5200/160000]  lr: 9.8178e-03  eta: 15:03:34  time: 0.3546  data_time: 0.0282  memory: 8744  loss: 1.4370  decode.loss_ohem: 0.8807  decode.acc_seg: 87.3487  aux_0.loss_ce: 0.5563  aux_0.acc_seg: 85.3966
2026/07/22 11:15:50 - mmengine - INFO - Iter(train) [  5300/160000]  lr: 9.8121e-03  eta: 15:03:11  time: 0.3542  data_time: 0.0284  memory: 8746  loss: 1.3819  decode.loss_ohem: 0.8745  decode.acc_seg: 84.8059  aux_0.loss_ce: 0.5074  aux_0.acc_seg: 82.4060
2026/07/22 11:16:25 - mmengine - INFO - Iter(train) [  5400/160000]  lr: 9.8064e-03  eta: 15:02:45  time: 0.3521  data_time: 0.0268  memory: 8746  loss: 1.4824  decode.loss_ohem: 0.9122  decode.acc_seg: 86.4748  aux_0.loss_ce: 0.5702  aux_0.acc_seg: 84.1040
2026/07/22 11:17:00 - mmengine - INFO - Iter(train) [  5500/160000]  lr: 9.8007e-03  eta: 15:02:17  time: 0.3494  data_time: 0.0252  memory: 8748  loss: 1.4204  decode.loss_ohem: 0.8916  decode.acc_seg: 86.1655  aux_0.loss_ce: 0.5287  aux_0.acc_seg: 83.5682
2026/07/22 11:17:36 - mmengine - INFO - Iter(train) [  5600/160000]  lr: 9.7950e-03  eta: 15:01:50  time: 0.3561  data_time: 0.0295  memory: 8745  loss: 1.3390  decode.loss_ohem: 0.8251  decode.acc_seg: 84.4886  aux_0.loss_ce: 0.5139  aux_0.acc_seg: 79.4737
2026/07/22 11:18:11 - mmengine - INFO - Iter(train) [  5700/160000]  lr: 9.7893e-03  eta: 15:01:23  time: 0.3543  data_time: 0.0280  memory: 8744  loss: 1.3893  decode.loss_ohem: 0.8581  decode.acc_seg: 84.8061  aux_0.loss_ce: 0.5312  aux_0.acc_seg: 80.5209
2026/07/22 11:18:46 - mmengine - INFO - Iter(train) [  5800/160000]  lr: 9.7836e-03  eta: 15:00:58  time: 0.3520  data_time: 0.0273  memory: 8745  loss: 1.4107  decode.loss_ohem: 0.9015  decode.acc_seg: 85.1460  aux_0.loss_ce: 0.5092  aux_0.acc_seg: 82.2657
2026/07/22 11:19:22 - mmengine - INFO - Iter(train) [  5900/160000]  lr: 9.7778e-03  eta: 15:00:32  time: 0.3529  data_time: 0.0268  memory: 8745  loss: 1.4866  decode.loss_ohem: 0.9290  decode.acc_seg: 83.7547  aux_0.loss_ce: 0.5576  aux_0.acc_seg: 79.0393
2026/07/22 11:19:57 - mmengine - INFO - Exp name: dsanet_cityscapes_512x1024_20260722_104438
2026/07/22 11:19:57 - mmengine - INFO - Iter(train) [  6000/160000]  lr: 9.7721e-03  eta: 15:00:06  time: 0.3536  data_time: 0.0270  memory: 8744  loss: 1.3891  decode.loss_ohem: 0.8618  decode.acc_seg: 84.3422  aux_0.loss_ce: 0.5273  aux_0.acc_seg: 79.1310
2026/07/22 11:20:33 - mmengine - INFO - Iter(train) [  6100/160000]  lr: 9.7664e-03  eta: 14:59:42  time: 0.3569  data_time: 0.0297  memory: 8745  loss: 1.3537  decode.loss_ohem: 0.8487  decode.acc_seg: 88.5182  aux_0.loss_ce: 0.5049  aux_0.acc_seg: 86.5774
2026/07/22 11:21:08 - mmengine - INFO - Iter(train) [  6200/160000]  lr: 9.7607e-03  eta: 14:59:16  time: 0.3515  data_time: 0.0278  memory: 8744  loss: 1.4654  decode.loss_ohem: 0.8942  decode.acc_seg: 82.8858  aux_0.loss_ce: 0.5712  aux_0.acc_seg: 76.9792
2026/07/22 11:21:44 - mmengine - INFO - Iter(train) [  6300/160000]  lr: 9.7550e-03  eta: 14:58:48  time: 0.3555  data_time: 0.0284  memory: 8745  loss: 1.2822  decode.loss_ohem: 0.7938  decode.acc_seg: 87.3933  aux_0.loss_ce: 0.4884  aux_0.acc_seg: 85.0248
2026/07/22 11:22:19 - mmengine - INFO - Iter(train) [  6400/160000]  lr: 9.7493e-03  eta: 14:58:21  time: 0.3566  data_time: 0.0307  memory: 8744  loss: 1.5100  decode.loss_ohem: 0.9571  decode.acc_seg: 84.8759  aux_0.loss_ce: 0.5528  aux_0.acc_seg: 84.1971
2026/07/22 11:22:54 - mmengine - INFO - Iter(train) [  6500/160000]  lr: 9.7436e-03  eta: 14:57:54  time: 0.3508  data_time: 0.0274  memory: 8745  loss: 1.3673  decode.loss_ohem: 0.8548  decode.acc_seg: 83.2869  aux_0.loss_ce: 0.5125  aux_0.acc_seg: 80.4885
2026/07/22 11:23:30 - mmengine - INFO - Iter(train) [  6600/160000]  lr: 9.7379e-03  eta: 14:57:26  time: 0.3543  data_time: 0.0276  memory: 8744  loss: 1.3838  decode.loss_ohem: 0.8602  decode.acc_seg: 88.5771  aux_0.loss_ce: 0.5236  aux_0.acc_seg: 84.3795
2026/07/22 11:24:05 - mmengine - INFO - Iter(train) [  6700/160000]  lr: 9.7322e-03  eta: 14:56:59  time: 0.3551  data_time: 0.0279  memory: 8744  loss: 1.4681  decode.loss_ohem: 0.9369  decode.acc_seg: 86.3497  aux_0.loss_ce: 0.5312  aux_0.acc_seg: 83.5948
2026/07/22 11:24:41 - mmengine - INFO - Iter(train) [  6800/160000]  lr: 9.7265e-03  eta: 14:56:36  time: 0.3528  data_time: 0.0276  memory: 8744  loss: 1.4192  decode.loss_ohem: 0.8754  decode.acc_seg: 88.1504  aux_0.loss_ce: 0.5437  aux_0.acc_seg: 82.1194
2026/07/22 11:25:16 - mmengine - INFO - Iter(train) [  6900/160000]  lr: 9.7208e-03  eta: 14:56:08  time: 0.3534  data_time: 0.0270  memory: 8746  loss: 1.3167  decode.loss_ohem: 0.8295  decode.acc_seg: 87.2131  aux_0.loss_ce: 0.4873  aux_0.acc_seg: 85.5265
2026/07/22 11:25:52 - mmengine - INFO - Exp name: dsanet_cityscapes_512x1024_20260722_104438
2026/07/22 11:25:52 - mmengine - INFO - Iter(train) [  7000/160000]  lr: 9.7151e-03  eta: 14:55:39  time: 0.3546  data_time: 0.0281  memory: 8743  loss: 1.5438  decode.loss_ohem: 0.9991  decode.acc_seg: 83.3408  aux_0.loss_ce: 0.5447  aux_0.acc_seg: 79.0023
2026/07/22 11:26:27 - mmengine - INFO - Iter(train) [  7100/160000]  lr: 9.7094e-03  eta: 14:55:11  time: 0.3548  data_time: 0.0286  memory: 8744  loss: 1.4581  decode.loss_ohem: 0.9308  decode.acc_seg: 85.5778  aux_0.loss_ce: 0.5273  aux_0.acc_seg: 82.0634
2026/07/22 11:27:03 - mmengine - INFO - Iter(train) [  7200/160000]  lr: 9.7037e-03  eta: 14:54:43  time: 0.3528  data_time: 0.0277  memory: 8743  loss: 1.3212  decode.loss_ohem: 0.8280  decode.acc_seg: 83.8144  aux_0.loss_ce: 0.4932  aux_0.acc_seg: 80.4678
2026/07/22 11:27:38 - mmengine - INFO - Iter(train) [  7300/160000]  lr: 9.6979e-03  eta: 14:54:11  time: 0.3529  data_time: 0.0285  memory: 8744  loss: 1.3216  decode.loss_ohem: 0.8532  decode.acc_seg: 86.8089  aux_0.loss_ce: 0.4685  aux_0.acc_seg: 84.8808
2026/07/22 11:28:13 - mmengine - INFO - Iter(train) [  7400/160000]  lr: 9.6922e-03  eta: 14:53:39  time: 0.3508  data_time: 0.0272  memory: 8744  loss: 1.3606  decode.loss_ohem: 0.8588  decode.acc_seg: 85.7862  aux_0.loss_ce: 0.5018  aux_0.acc_seg: 82.9092
2026/07/22 11:28:49 - mmengine - INFO - Iter(train) [  7500/160000]  lr: 9.6865e-03  eta: 14:53:14  time: 0.3532  data_time: 0.0270  memory: 8743  loss: 1.3036  decode.loss_ohem: 0.8247  decode.acc_seg: 87.9918  aux_0.loss_ce: 0.4789  aux_0.acc_seg: 83.4008
2026/07/22 11:29:24 - mmengine - INFO - Iter(train) [  7600/160000]  lr: 9.6808e-03  eta: 14:52:43  time: 0.3476  data_time: 0.0274  memory: 8744  loss: 1.2980  decode.loss_ohem: 0.8213  decode.acc_seg: 85.6497  aux_0.loss_ce: 0.4767  aux_0.acc_seg: 81.3601
2026/07/22 11:29:59 - mmengine - INFO - Iter(train) [  7700/160000]  lr: 9.6751e-03  eta: 14:52:02  time: 0.3520  data_time: 0.0275  memory: 8744  loss: 1.3261  decode.loss_ohem: 0.8431  decode.acc_seg: 87.9467  aux_0.loss_ce: 0.4829  aux_0.acc_seg: 81.8060
2026/07/22 11:30:34 - mmengine - INFO - Iter(train) [  7800/160000]  lr: 9.6694e-03  eta: 14:51:29  time: 0.3520  data_time: 0.0284  memory: 8743  loss: 1.2116  decode.loss_ohem: 0.7630  decode.acc_seg: 89.3404  aux_0.loss_ce: 0.4486  aux_0.acc_seg: 84.5541
2026/07/22 11:31:10 - mmengine - INFO - Iter(train) [  7900/160000]  lr: 9.6637e-03  eta: 14:50:55  time: 0.3508  data_time: 0.0260  memory: 8744  loss: 1.3421  decode.loss_ohem: 0.8291  decode.acc_seg: 87.9263  aux_0.loss_ce: 0.5130  aux_0.acc_seg: 84.6928
2026/07/22 11:31:45 - mmengine - INFO - Exp name: dsanet_cityscapes_512x1024_20260722_104438
2026/07/22 11:31:45 - mmengine - INFO - Iter(train) [  8000/160000]  lr: 9.6580e-03  eta: 14:50:21  time: 0.3519  data_time: 0.0274  memory: 8744  loss: 1.3401  decode.loss_ohem: 0.8135  decode.acc_seg: 88.5999  aux_0.loss_ce: 0.5266  aux_0.acc_seg: 85.2708
2026/07/22 11:32:20 - mmengine - INFO - Iter(train) [  8100/160000]  lr: 9.6523e-03  eta: 14:49:47  time: 0.3501  data_time: 0.0262  memory: 8745  loss: 1.4020  decode.loss_ohem: 0.8824  decode.acc_seg: 89.3776  aux_0.loss_ce: 0.5196  aux_0.acc_seg: 86.5858
2026/07/22 11:32:55 - mmengine - INFO - Iter(train) [  8200/160000]  lr: 9.6465e-03  eta: 14:49:15  time: 0.3528  data_time: 0.0276  memory: 8744  loss: 1.3401  decode.loss_ohem: 0.8409  decode.acc_seg: 83.3008  aux_0.loss_ce: 0.4992  aux_0.acc_seg: 82.2688
2026/07/22 11:33:31 - mmengine - INFO - Iter(train) [  8300/160000]  lr: 9.6408e-03  eta: 14:48:45  time: 0.3544  data_time: 0.0283  memory: 8743  loss: 1.3406  decode.loss_ohem: 0.8212  decode.acc_seg: 87.5076  aux_0.loss_ce: 0.5195  aux_0.acc_seg: 83.7309
2026/07/22 11:34:06 - mmengine - INFO - Iter(train) [  8400/160000]  lr: 9.6351e-03  eta: 14:48:13  time: 0.3536  data_time: 0.0283  memory: 8746  loss: 1.4040  decode.loss_ohem: 0.8413  decode.acc_seg: 87.7972  aux_0.loss_ce: 0.5627  aux_0.acc_seg: 79.7658
2026/07/22 11:34:41 - mmengine - INFO - Iter(train) [  8500/160000]  lr: 9.6294e-03  eta: 14:47:41  time: 0.3528  data_time: 0.0279  memory: 8744  loss: 1.5032  decode.loss_ohem: 0.9626  decode.acc_seg: 86.0645  aux_0.loss_ce: 0.5406  aux_0.acc_seg: 80.8983
2026/07/22 11:35:17 - mmengine - INFO - Iter(train) [  8600/160000]  lr: 9.6237e-03  eta: 14:47:08  time: 0.3538  data_time: 0.0284  memory: 8747  loss: 1.2880  decode.loss_ohem: 0.8029  decode.acc_seg: 85.2934  aux_0.loss_ce: 0.4850  aux_0.acc_seg: 79.8913
2026/07/22 11:35:52 - mmengine - INFO - Iter(train) [  8700/160000]  lr: 9.6180e-03  eta: 14:46:37  time: 0.3509  data_time: 0.0271  memory: 8743  loss: 1.4231  decode.loss_ohem: 0.8896  decode.acc_seg: 88.0934  aux_0.loss_ce: 0.5335  aux_0.acc_seg: 84.0058
2026/07/22 11:36:27 - mmengine - INFO - Iter(train) [  8800/160000]  lr: 9.6123e-03  eta: 14:46:04  time: 0.3533  data_time: 0.0279  memory: 8743  loss: 1.3331  decode.loss_ohem: 0.8299  decode.acc_seg: 85.7151  aux_0.loss_ce: 0.5032  aux_0.acc_seg: 81.4066
2026/07/22 11:37:03 - mmengine - INFO - Iter(train) [  8900/160000]  lr: 9.6065e-03  eta: 14:45:29  time: 0.3532  data_time: 0.0277  memory: 8743  loss: 1.3522  decode.loss_ohem: 0.8543  decode.acc_seg: 88.5175  aux_0.loss_ce: 0.4979  aux_0.acc_seg: 83.8162
2026/07/22 11:37:38 - mmengine - INFO - Exp name: dsanet_cityscapes_512x1024_20260722_104438
2026/07/22 11:37:38 - mmengine - INFO - Iter(train) [  9000/160000]  lr: 9.6008e-03  eta: 14:44:57  time: 0.3523  data_time: 0.0273  memory: 8744  loss: 1.4386  decode.loss_ohem: 0.9261  decode.acc_seg: 85.1661  aux_0.loss_ce: 0.5125  aux_0.acc_seg: 81.4615
2026/07/22 11:38:13 - mmengine - INFO - Iter(train) [  9100/160000]  lr: 9.5951e-03  eta: 14:44:26  time: 0.3529  data_time: 0.0286  memory: 8745  loss: 1.3360  decode.loss_ohem: 0.8846  decode.acc_seg: 87.8327  aux_0.loss_ce: 0.4514  aux_0.acc_seg: 80.8140
2026/07/22 11:38:49 - mmengine - INFO - Iter(train) [  9200/160000]  lr: 9.5894e-03  eta: 14:43:54  time: 0.3529  data_time: 0.0283  memory: 8743  loss: 1.2842  decode.loss_ohem: 0.8322  decode.acc_seg: 88.5934  aux_0.loss_ce: 0.4520  aux_0.acc_seg: 83.2825
2026/07/22 11:39:24 - mmengine - INFO - Iter(train) [  9300/160000]  lr: 9.5837e-03  eta: 14:43:21  time: 0.3532  data_time: 0.0282  memory: 8743  loss: 1.2444  decode.loss_ohem: 0.7721  decode.acc_seg: 87.1180  aux_0.loss_ce: 0.4723  aux_0.acc_seg: 83.4753
2026/07/22 11:39:59 - mmengine - INFO - Iter(train) [  9400/160000]  lr: 9.5780e-03  eta: 14:42:47  time: 0.3526  data_time: 0.0283  memory: 8744  loss: 1.3912  decode.loss_ohem: 0.8724  decode.acc_seg: 88.3042  aux_0.loss_ce: 0.5188  aux_0.acc_seg: 82.3880
2026/07/22 11:40:35 - mmengine - INFO - Iter(train) [  9500/160000]  lr: 9.5722e-03  eta: 14:42:13  time: 0.3533  data_time: 0.0286  memory: 8743  loss: 1.3737  decode.loss_ohem: 0.8554  decode.acc_seg: 88.7358  aux_0.loss_ce: 0.5184  aux_0.acc_seg: 84.3584
2026/07/22 11:41:10 - mmengine - INFO - Iter(train) [  9600/160000]  lr: 9.5665e-03  eta: 14:41:40  time: 0.3514  data_time: 0.0269  memory: 8744  loss: 1.2251  decode.loss_ohem: 0.8025  decode.acc_seg: 86.8401  aux_0.loss_ce: 0.4227  aux_0.acc_seg: 82.4139
2026/07/22 11:41:45 - mmengine - INFO - Iter(train) [  9700/160000]  lr: 9.5608e-03  eta: 14:41:06  time: 0.3554  data_time: 0.0308  memory: 8745  loss: 1.3620  decode.loss_ohem: 0.8951  decode.acc_seg: 87.0456  aux_0.loss_ce: 0.4669  aux_0.acc_seg: 84.1882
2026/07/22 11:42:20 - mmengine - INFO - Iter(train) [  9800/160000]  lr: 9.5551e-03  eta: 14:40:33  time: 0.3544  data_time: 0.0291  memory: 8743  loss: 1.2874  decode.loss_ohem: 0.8151  decode.acc_seg: 86.5841  aux_0.loss_ce: 0.4723  aux_0.acc_seg: 83.1953
2026/07/22 11:42:56 - mmengine - INFO - Iter(train) [  9900/160000]  lr: 9.5494e-03  eta: 14:40:00  time: 0.3529  data_time: 0.0279  memory: 8743  loss: 1.3735  decode.loss_ohem: 0.8944  decode.acc_seg: 85.7155  aux_0.loss_ce: 0.4792  aux_0.acc_seg: 80.1523
2026/07/22 11:43:31 - mmengine - INFO - Exp name: dsanet_cityscapes_512x1024_20260722_104438
2026/07/22 11:43:31 - mmengine - INFO - Iter(train) [ 10000/160000]  lr: 9.5436e-03  eta: 14:39:26  time: 0.3535  data_time: 0.0289  memory: 8744  loss: 1.4002  decode.loss_ohem: 0.9053  decode.acc_seg: 88.0767  aux_0.loss_ce: 0.4950  aux_0.acc_seg: 81.5483
2026/07/22 11:43:31 - mmengine - INFO - Saving checkpoint at 10000 iterations
2026/07/22 11:43:36 - mmengine - INFO - Iter(val) [100/250]    eta: 0:00:07  time: 0.0424  data_time: 0.0094  memory: 729  
2026/07/22 11:43:41 - mmengine - INFO - Iter(val) [200/250]    eta: 0:00:02  time: 0.0478  data_time: 0.0142  memory: 729  
2026/07/22 11:43:43 - mmengine - INFO - per class results:
2026/07/22 11:43:43 - mmengine - INFO - 
+---------------+-------+-------+
|     Class     |  IoU  |  Acc  |
+---------------+-------+-------+
|      road     | 95.62 | 97.77 |
|    sidewalk   | 69.03 | 81.26 |
|    building   | 82.91 |  91.7 |
|      wall     | 23.97 | 28.63 |
|     fence     | 29.47 |  34.5 |
|      pole     | 41.33 | 59.45 |
| traffic light |  9.61 | 10.12 |
|  traffic sign | 45.84 | 62.03 |
|   vegetation  | 86.45 | 92.77 |
|    terrain    | 41.99 | 53.25 |
|      sky      | 82.85 | 98.08 |
|     person    | 55.66 | 69.24 |
|     rider     | 11.09 | 11.76 |
|      car      | 84.17 | 95.13 |
|     truck     |  7.47 |  7.89 |
|      bus      | 35.97 | 49.48 |
|     train     | 16.19 |  36.9 |
|   motorcycle  |  1.88 |  1.92 |
|    bicycle    | 52.64 | 73.99 |
+---------------+-------+-------+
2026/07/22 11:43:43 - mmengine - INFO - Iter(val) [250/250]    aAcc: 90.8200  mIoU: 46.0100  mAcc: 55.5700  data_time: 0.0123  time: 0.0456
2026/07/22 11:43:43 - mmengine - INFO - The previous best checkpoint /root/autodl-tmp/DSANet-main/tools/work_dirs/dsanet_cityscapes_512x1024/best_mIoU_iter_5000.pth is removed
2026/07/22 11:43:43 - mmengine - INFO - The best checkpoint with 46.0100 mIoU at 10000 iter is saved to best_mIoU_iter_10000.pth.
2026/07/22 11:44:19 - mmengine - INFO - Iter(train) [ 10100/160000]  lr: 9.5379e-03  eta: 14:39:03  time: 0.3552  data_time: 0.0291  memory: 8742  loss: 1.3922  decode.loss_ohem: 0.8982  decode.acc_seg: 87.4116  aux_0.loss_ce: 0.4940  aux_0.acc_seg: 84.3371
2026/07/22 11:44:54 - mmengine - INFO - Iter(train) [ 10200/160000]  lr: 9.5322e-03  eta: 14:38:32  time: 0.3539  data_time: 0.0277  memory: 8744  loss: 1.3743  decode.loss_ohem: 0.8645  decode.acc_seg: 87.0717  aux_0.loss_ce: 0.5098  aux_0.acc_seg: 82.9516
2026/07/22 11:45:30 - mmengine - INFO - Iter(train) [ 10300/160000]  lr: 9.5265e-03  eta: 14:38:01  time: 0.3563  data_time: 0.0290  memory: 8743  loss: 1.3839  decode.loss_ohem: 0.8654  decode.acc_seg: 90.2794  aux_0.loss_ce: 0.5185  aux_0.acc_seg: 86.5034
2026/07/22 11:46:05 - mmengine - INFO - Iter(train) [ 10400/160000]  lr: 9.5208e-03  eta: 14:37:28  time: 0.3550  data_time: 0.0296  memory: 8746  loss: 1.3901  decode.loss_ohem: 0.8844  decode.acc_seg: 84.3615  aux_0.loss_ce: 0.5057  aux_0.acc_seg: 80.0956
2026/07/22 11:46:41 - mmengine - INFO - Iter(train) [ 10500/160000]  lr: 9.5150e-03  eta: 14:36:56  time: 0.3520  data_time: 0.0268  memory: 8743  loss: 1.4033  decode.loss_ohem: 0.8759  decode.acc_seg: 84.6597  aux_0.loss_ce: 0.5274  aux_0.acc_seg: 76.4835
2026/07/22 11:47:16 - mmengine - INFO - Iter(train) [ 10600/160000]  lr: 9.5093e-03  eta: 14:36:26  time: 0.3571  data_time: 0.0299  memory: 8743  loss: 1.2921  decode.loss_ohem: 0.8274  decode.acc_seg: 90.0229  aux_0.loss_ce: 0.4648  aux_0.acc_seg: 88.0609
2026/07/22 11:47:51 - mmengine - INFO - Iter(train) [ 10700/160000]  lr: 9.5036e-03  eta: 14:35:52  time: 0.3510  data_time: 0.0266  memory: 8742  loss: 1.2350  decode.loss_ohem: 0.7793  decode.acc_seg: 90.3483  aux_0.loss_ce: 0.4557  aux_0.acc_seg: 88.3419
2026/07/22 11:48:27 - mmengine - INFO - Iter(train) [ 10800/160000]  lr: 9.4979e-03  eta: 14:35:19  time: 0.3507  data_time: 0.0267  memory: 8742  loss: 1.2509  decode.loss_ohem: 0.8156  decode.acc_seg: 92.6021  aux_0.loss_ce: 0.4353  aux_0.acc_seg: 90.0492
2026/07/22 11:49:02 - mmengine - INFO - Iter(train) [ 10900/160000]  lr: 9.4921e-03  eta: 14:34:44  time: 0.3542  data_time: 0.0269  memory: 8743  loss: 1.2373  decode.loss_ohem: 0.8174  decode.acc_seg: 87.6611  aux_0.loss_ce: 0.4199  aux_0.acc_seg: 82.5089
2026/07/22 11:49:37 - mmengine - INFO - Exp name: dsanet_cityscapes_512x1024_20260722_104438
2026/07/22 11:49:37 - mmengine - INFO - Iter(train) [ 11000/160000]  lr: 9.4864e-03  eta: 14:34:08  time: 0.3523  data_time: 0.0262  memory: 8742  loss: 1.3095  decode.loss_ohem: 0.8290  decode.acc_seg: 86.0255  aux_0.loss_ce: 0.4804  aux_0.acc_seg: 81.7713
2026/07/22 11:50:12 - mmengine - INFO - Iter(train) [ 11100/160000]  lr: 9.4807e-03  eta: 14:33:33  time: 0.3535  data_time: 0.0272  memory: 8743  loss: 1.4473  decode.loss_ohem: 0.9340  decode.acc_seg: 80.8299  aux_0.loss_ce: 0.5133  aux_0.acc_seg: 76.9301
2026/07/22 11:50:48 - mmengine - INFO - Iter(train) [ 11200/160000]  lr: 9.4750e-03  eta: 14:33:00  time: 0.3608  data_time: 0.0317  memory: 8744  loss: 1.2456  decode.loss_ohem: 0.8073  decode.acc_seg: 91.2849  aux_0.loss_ce: 0.4383  aux_0.acc_seg: 88.8346
2026/07/22 11:51:23 - mmengine - INFO - Iter(train) [ 11300/160000]  lr: 9.4692e-03  eta: 14:32:27  time: 0.3585  data_time: 0.0302  memory: 8744  loss: 1.3472  decode.loss_ohem: 0.8743  decode.acc_seg: 84.8025  aux_0.loss_ce: 0.4729  aux_0.acc_seg: 80.2007
2026/07/22 11:51:59 - mmengine - INFO - Iter(train) [ 11400/160000]  lr: 9.4635e-03  eta: 14:31:55  time: 0.3574  data_time: 0.0314  memory: 8743  loss: 1.3411  decode.loss_ohem: 0.8754  decode.acc_seg: 86.6624  aux_0.loss_ce: 0.4657  aux_0.acc_seg: 84.4100
2026/07/22 11:52:34 - mmengine - INFO - Iter(train) [ 11500/160000]  lr: 9.4578e-03  eta: 14:31:24  time: 0.3553  data_time: 0.0295  memory: 8743  loss: 1.3101  decode.loss_ohem: 0.8634  decode.acc_seg: 83.0607  aux_0.loss_ce: 0.4467  aux_0.acc_seg: 81.0307
2026/07/22 11:53:10 - mmengine - INFO - Iter(train) [ 11600/160000]  lr: 9.4521e-03  eta: 14:30:52  time: 0.3545  data_time: 0.0274  memory: 8744  loss: 1.3927  decode.loss_ohem: 0.8861  decode.acc_seg: 88.3985  aux_0.loss_ce: 0.5066  aux_0.acc_seg: 85.3867
2026/07/22 11:53:45 - mmengine - INFO - Iter(train) [ 11700/160000]  lr: 9.4463e-03  eta: 14:30:19  time: 0.3515  data_time: 0.0267  memory: 8742  loss: 1.3057  decode.loss_ohem: 0.8541  decode.acc_seg: 88.8204  aux_0.loss_ce: 0.4515  aux_0.acc_seg: 86.4619
2026/07/22 11:54:20 - mmengine - INFO - Iter(train) [ 11800/160000]  lr: 9.4406e-03  eta: 14:29:47  time: 0.3559  data_time: 0.0292  memory: 8744  loss: 1.4504  decode.loss_ohem: 0.9285  decode.acc_seg: 81.2721  aux_0.loss_ce: 0.5219  aux_0.acc_seg: 76.6212
2026/07/22 11:54:56 - mmengine - INFO - Iter(train) [ 11900/160000]  lr: 9.4349e-03  eta: 14:29:14  time: 0.3525  data_time: 0.0274  memory: 8743  loss: 1.2343  decode.loss_ohem: 0.8140  decode.acc_seg: 85.6811  aux_0.loss_ce: 0.4204  aux_0.acc_seg: 81.6127
2026/07/22 11:55:31 - mmengine - INFO - Exp name: dsanet_cityscapes_512x1024_20260722_104438
2026/07/22 11:55:31 - mmengine - INFO - Iter(train) [ 12000/160000]  lr: 9.4292e-03  eta: 14:28:41  time: 0.3499  data_time: 0.0255  memory: 8743  loss: 1.3427  decode.loss_ohem: 0.8802  decode.acc_seg: 84.1320  aux_0.loss_ce: 0.4625  aux_0.acc_seg: 80.5842
2026/07/22 11:56:07 - mmengine - INFO - Iter(train) [ 12100/160000]  lr: 9.4234e-03  eta: 14:28:10  time: 0.3559  data_time: 0.0302  memory: 8742  loss: 1.3345  decode.loss_ohem: 0.8465  decode.acc_seg: 87.9346  aux_0.loss_ce: 0.4880  aux_0.acc_seg: 83.0508
2026/07/22 11:56:42 - mmengine - INFO - Iter(train) [ 12200/160000]  lr: 9.4177e-03  eta: 14:27:38  time: 0.3559  data_time: 0.0291  memory: 8743  loss: 1.3294  decode.loss_ohem: 0.8542  decode.acc_seg: 88.7680  aux_0.loss_ce: 0.4753  aux_0.acc_seg: 86.0520
2026/07/22 11:57:18 - mmengine - INFO - Iter(train) [ 12300/160000]  lr: 9.4120e-03  eta: 14:27:06  time: 0.3539  data_time: 0.0287  memory: 8744  loss: 1.3569  decode.loss_ohem: 0.8870  decode.acc_seg: 89.2293  aux_0.loss_ce: 0.4699  aux_0.acc_seg: 87.3134
2026/07/22 11:57:53 - mmengine - INFO - Iter(train) [ 12400/160000]  lr: 9.4062e-03  eta: 14:26:33  time: 0.3536  data_time: 0.0281  memory: 8742  loss: 1.3625  decode.loss_ohem: 0.8930  decode.acc_seg: 87.7877  aux_0.loss_ce: 0.4695  aux_0.acc_seg: 81.8112
2026/07/22 11:58:29 - mmengine - INFO - Iter(train) [ 12500/160000]  lr: 9.4005e-03  eta: 14:25:59  time: 0.3550  data_time: 0.0296  memory: 8743  loss: 1.3619  decode.loss_ohem: 0.9027  decode.acc_seg: 86.3930  aux_0.loss_ce: 0.4591  aux_0.acc_seg: 82.6961
2026/07/22 11:59:04 - mmengine - INFO - Iter(train) [ 12600/160000]  lr: 9.3948e-03  eta: 14:25:25  time: 0.3544  data_time: 0.0291  memory: 8742  loss: 1.4025  decode.loss_ohem: 0.9093  decode.acc_seg: 85.7952  aux_0.loss_ce: 0.4932  aux_0.acc_seg: 80.6052
2026/07/22 11:59:39 - mmengine - INFO - Iter(train) [ 12700/160000]  lr: 9.3891e-03  eta: 14:24:52  time: 0.3546  data_time: 0.0287  memory: 8742  loss: 1.3202  decode.loss_ohem: 0.8634  decode.acc_seg: 88.3135  aux_0.loss_ce: 0.4568  aux_0.acc_seg: 85.0315
2026/07/22 12:00:15 - mmengine - INFO - Iter(train) [ 12800/160000]  lr: 9.3833e-03  eta: 14:24:20  time: 0.3547  data_time: 0.0293  memory: 8743  loss: 1.2646  decode.loss_ohem: 0.8353  decode.acc_seg: 90.1841  aux_0.loss_ce: 0.4293  aux_0.acc_seg: 86.4854
2026/07/22 12:00:50 - mmengine - INFO - Iter(train) [ 12900/160000]  lr: 9.3776e-03  eta: 14:23:48  time: 0.3518  data_time: 0.0267  memory: 8742  loss: 1.2564  decode.loss_ohem: 0.8076  decode.acc_seg: 89.6951  aux_0.loss_ce: 0.4487  aux_0.acc_seg: 85.9911
2026/07/22 12:01:26 - mmengine - INFO - Exp name: dsanet_cityscapes_512x1024_20260722_104438
2026/07/22 12:01:26 - mmengine - INFO - Iter(train) [ 13000/160000]  lr: 9.3719e-03  eta: 14:23:13  time: 0.3545  data_time: 0.0286  memory: 8743  loss: 1.2384  decode.loss_ohem: 0.7995  decode.acc_seg: 89.7148  aux_0.loss_ce: 0.4388  aux_0.acc_seg: 84.3548
2026/07/22 12:02:01 - mmengine - INFO - Iter(train) [ 13100/160000]  lr: 9.3661e-03  eta: 14:22:38  time: 0.3529  data_time: 0.0275  memory: 8743  loss: 1.2601  decode.loss_ohem: 0.8283  decode.acc_seg: 86.7308  aux_0.loss_ce: 0.4318  aux_0.acc_seg: 82.7111
2026/07/22 12:02:36 - mmengine - INFO - Iter(train) [ 13200/160000]  lr: 9.3604e-03  eta: 14:22:02  time: 0.3530  data_time: 0.0272  memory: 8743  loss: 1.2198  decode.loss_ohem: 0.8228  decode.acc_seg: 90.3276  aux_0.loss_ce: 0.3970  aux_0.acc_seg: 87.8762
2026/07/22 12:03:12 - mmengine - INFO - Iter(train) [ 13300/160000]  lr: 9.3547e-03  eta: 14:21:30  time: 0.3542  data_time: 0.0293  memory: 8742  loss: 1.2998  decode.loss_ohem: 0.8578  decode.acc_seg: 86.6088  aux_0.loss_ce: 0.4420  aux_0.acc_seg: 82.9525
2026/07/22 12:03:47 - mmengine - INFO - Iter(train) [ 13400/160000]  lr: 9.3489e-03  eta: 14:20:57  time: 0.3516  data_time: 0.0268  memory: 8744  loss: 1.3135  decode.loss_ohem: 0.8690  decode.acc_seg: 87.2434  aux_0.loss_ce: 0.4445  aux_0.acc_seg: 82.2946
2026/07/22 12:04:22 - mmengine - INFO - Iter(train) [ 13500/160000]  lr: 9.3432e-03  eta: 14:20:24  time: 0.3574  data_time: 0.0314  memory: 8743  loss: 1.1350  decode.loss_ohem: 0.7348  decode.acc_seg: 88.8097  aux_0.loss_ce: 0.4002  aux_0.acc_seg: 85.4956
2026/07/22 12:04:58 - mmengine - INFO - Iter(train) [ 13600/160000]  lr: 9.3375e-03  eta: 14:19:49  time: 0.3524  data_time: 0.0279  memory: 8742  loss: 1.2205  decode.loss_ohem: 0.7965  decode.acc_seg: 83.7713  aux_0.loss_ce: 0.4240  aux_0.acc_seg: 78.1838
2026/07/22 12:05:33 - mmengine - INFO - Iter(train) [ 13700/160000]  lr: 9.3317e-03  eta: 14:19:13  time: 0.3514  data_time: 0.0278  memory: 8742  loss: 1.2532  decode.loss_ohem: 0.8197  decode.acc_seg: 89.4625  aux_0.loss_ce: 0.4334  aux_0.acc_seg: 85.8203
2026/07/22 12:06:08 - mmengine - INFO - Iter(train) [ 13800/160000]  lr: 9.3260e-03  eta: 14:18:39  time: 0.3576  data_time: 0.0295  memory: 8743  loss: 1.2334  decode.loss_ohem: 0.8063  decode.acc_seg: 91.0934  aux_0.loss_ce: 0.4270  aux_0.acc_seg: 87.6520
2026/07/22 12:06:43 - mmengine - INFO - Iter(train) [ 13900/160000]  lr: 9.3203e-03  eta: 14:18:04  time: 0.3568  data_time: 0.0301  memory: 8742  loss: 1.1896  decode.loss_ohem: 0.7770  decode.acc_seg: 90.2506  aux_0.loss_ce: 0.4126  aux_0.acc_seg: 85.1060
2026/07/22 12:07:19 - mmengine - INFO - Exp name: dsanet_cityscapes_512x1024_20260722_104438
2026/07/22 12:07:19 - mmengine - INFO - Iter(train) [ 14000/160000]  lr: 9.3145e-03  eta: 14:17:28  time: 0.3535  data_time: 0.0286  memory: 8742  loss: 1.2606  decode.loss_ohem: 0.8356  decode.acc_seg: 86.4240  aux_0.loss_ce: 0.4250  aux_0.acc_seg: 79.2338
2026/07/22 12:07:54 - mmengine - INFO - Iter(train) [ 14100/160000]  lr: 9.3088e-03  eta: 14:16:55  time: 0.3527  data_time: 0.0270  memory: 8742  loss: 1.1994  decode.loss_ohem: 0.7513  decode.acc_seg: 91.5626  aux_0.loss_ce: 0.4481  aux_0.acc_seg: 88.5620
2026/07/22 12:08:29 - mmengine - INFO - Iter(train) [ 14200/160000]  lr: 9.3031e-03  eta: 14:16:20  time: 0.3552  data_time: 0.0292  memory: 8742  loss: 1.3262  decode.loss_ohem: 0.8827  decode.acc_seg: 85.2942  aux_0.loss_ce: 0.4434  aux_0.acc_seg: 81.0872
2026/07/22 12:09:05 - mmengine - INFO - Iter(train) [ 14300/160000]  lr: 9.2973e-03  eta: 14:15:44  time: 0.3500  data_time: 0.0251  memory: 8742  loss: 1.2298  decode.loss_ohem: 0.8031  decode.acc_seg: 88.2900  aux_0.loss_ce: 0.4267  aux_0.acc_seg: 82.1533
2026/07/22 12:09:40 - mmengine - INFO - Iter(train) [ 14400/160000]  lr: 9.2916e-03  eta: 14:15:09  time: 0.3563  data_time: 0.0301  memory: 8742  loss: 1.2909  decode.loss_ohem: 0.8386  decode.acc_seg: 91.4046  aux_0.loss_ce: 0.4523  aux_0.acc_seg: 85.9947
2026/07/22 12:10:15 - mmengine - INFO - Iter(train) [ 14500/160000]  lr: 9.2858e-03  eta: 14:14:37  time: 0.3532  data_time: 0.0270  memory: 8743  loss: 1.2815  decode.loss_ohem: 0.8576  decode.acc_seg: 89.0050  aux_0.loss_ce: 0.4238  aux_0.acc_seg: 85.8139
2026/07/22 12:10:51 - mmengine - INFO - Iter(train) [ 14600/160000]  lr: 9.2801e-03  eta: 14:14:05  time: 0.3545  data_time: 0.0285  memory: 8743  loss: 1.2411  decode.loss_ohem: 0.8161  decode.acc_seg: 89.6195  aux_0.loss_ce: 0.4249  aux_0.acc_seg: 85.4418
2026/07/22 12:11:26 - mmengine - INFO - Iter(train) [ 14700/160000]  lr: 9.2744e-03  eta: 14:13:30  time: 0.3533  data_time: 0.0276  memory: 8742  loss: 1.3606  decode.loss_ohem: 0.8878  decode.acc_seg: 88.9387  aux_0.loss_ce: 0.4728  aux_0.acc_seg: 86.1017
2026/07/22 12:12:02 - mmengine - INFO - Iter(train) [ 14800/160000]  lr: 9.2686e-03  eta: 14:12:56  time: 0.3531  data_time: 0.0275  memory: 8742  loss: 1.2358  decode.loss_ohem: 0.7980  decode.acc_seg: 91.5593  aux_0.loss_ce: 0.4377  aux_0.acc_seg: 86.8226
2026/07/22 12:12:37 - mmengine - INFO - Iter(train) [ 14900/160000]  lr: 9.2629e-03  eta: 14:12:24  time: 0.3538  data_time: 0.0281  memory: 8743  loss: 1.1936  decode.loss_ohem: 0.7703  decode.acc_seg: 90.6708  aux_0.loss_ce: 0.4233  aux_0.acc_seg: 84.1873
2026/07/22 12:13:13 - mmengine - INFO - Exp name: dsanet_cityscapes_512x1024_20260722_104438
2026/07/22 12:13:13 - mmengine - INFO - Iter(train) [ 15000/160000]  lr: 9.2571e-03  eta: 14:11:50  time: 0.3556  data_time: 0.0289  memory: 8742  loss: 1.3261  decode.loss_ohem: 0.8426  decode.acc_seg: 86.0187  aux_0.loss_ce: 0.4835  aux_0.acc_seg: 82.8144
2026/07/22 12:13:13 - mmengine - INFO - Saving checkpoint at 15000 iterations
2026/07/22 12:13:18 - mmengine - INFO - Iter(val) [100/250]    eta: 0:00:07  time: 0.0449  data_time: 0.0105  memory: 729  
2026/07/22 12:13:22 - mmengine - INFO - Iter(val) [200/250]    eta: 0:00:02  time: 0.0443  data_time: 0.0095  memory: 729  
2026/07/22 12:13:25 - mmengine - INFO - per class results:
2026/07/22 12:13:25 - mmengine - INFO - 
+---------------+-------+-------+
|     Class     |  IoU  |  Acc  |
+---------------+-------+-------+
|      road     |  96.1 | 97.68 |
|    sidewalk   | 71.49 | 85.95 |
|    building   |  83.9 | 92.93 |
|      wall     | 22.56 | 24.98 |
|     fence     | 32.46 | 38.19 |
|      pole     |  42.9 |  50.7 |
| traffic light | 20.46 | 22.04 |
|  traffic sign | 41.08 | 43.88 |
|   vegetation  | 87.68 | 94.52 |
|    terrain    | 49.12 | 58.97 |
|      sky      | 88.66 | 93.21 |
|     person    | 61.12 | 79.32 |
|     rider     | 32.47 | 40.14 |
|      car      | 84.65 | 93.03 |
|     truck     |  6.37 |  9.06 |
|      bus      | 31.92 | 65.72 |
|     train     | 12.57 | 53.62 |
|   motorcycle  |  7.64 |  8.01 |
|    bicycle    | 56.73 | 77.21 |
+---------------+-------+-------+
2026/07/22 12:13:25 - mmengine - INFO - Iter(val) [250/250]    aAcc: 91.4400  mIoU: 48.9400  mAcc: 59.4300  data_time: 0.0124  time: 0.0463
2026/07/22 12:13:25 - mmengine - INFO - The previous best checkpoint /root/autodl-tmp/DSANet-main/tools/work_dirs/dsanet_cityscapes_512x1024/best_mIoU_iter_10000.pth is removed
2026/07/22 12:13:25 - mmengine - INFO - The best checkpoint with 48.9400 mIoU at 15000 iter is saved to best_mIoU_iter_15000.pth.
2026/07/22 12:14:01 - mmengine - INFO - Iter(train) [ 15100/160000]  lr: 9.2514e-03  eta: 14:11:21  time: 0.3516  data_time: 0.0268  memory: 8741  loss: 1.1723  decode.loss_ohem: 0.7489  decode.acc_seg: 88.2295  aux_0.loss_ce: 0.4234  aux_0.acc_seg: 83.3428
2026/07/22 12:14:36 - mmengine - INFO - Iter(train) [ 15200/160000]  lr: 9.2457e-03  eta: 14:10:47  time: 0.3536  data_time: 0.0271  memory: 8742  loss: 1.3326  decode.loss_ohem: 0.8772  decode.acc_seg: 90.7028  aux_0.loss_ce: 0.4554  aux_0.acc_seg: 86.8804
2026/07/22 12:15:11 - mmengine - INFO - Iter(train) [ 15300/160000]  lr: 9.2399e-03  eta: 14:10:14  time: 0.3579  data_time: 0.0303  memory: 8743  loss: 1.3257  decode.loss_ohem: 0.8907  decode.acc_seg: 84.5789  aux_0.loss_ce: 0.4350  aux_0.acc_seg: 82.3925
2026/07/22 12:15:47 - mmengine - INFO - Iter(train) [ 15400/160000]  lr: 9.2342e-03  eta: 14:09:40  time: 0.3543  data_time: 0.0283  memory: 8743  loss: 1.2116  decode.loss_ohem: 0.8009  decode.acc_seg: 89.5076  aux_0.loss_ce: 0.4108  aux_0.acc_seg: 86.6211
2026/07/22 12:16:22 - mmengine - INFO - Iter(train) [ 15500/160000]  lr: 9.2284e-03  eta: 14:09:06  time: 0.3548  data_time: 0.0293  memory: 8742  loss: 1.3013  decode.loss_ohem: 0.8735  decode.acc_seg: 86.0231  aux_0.loss_ce: 0.4278  aux_0.acc_seg: 80.7929
2026/07/22 12:16:58 - mmengine - INFO - Iter(train) [ 15600/160000]  lr: 9.2227e-03  eta: 14:08:35  time: 0.3574  data_time: 0.0308  memory: 8742  loss: 1.2060  decode.loss_ohem: 0.7744  decode.acc_seg: 91.4417  aux_0.loss_ce: 0.4315  aux_0.acc_seg: 88.0595
2026/07/22 12:17:34 - mmengine - INFO - Iter(train) [ 15700/160000]  lr: 9.2170e-03  eta: 14:08:04  time: 0.3563  data_time: 0.0292  memory: 8741  loss: 1.2194  decode.loss_ohem: 0.8071  decode.acc_seg: 86.0039  aux_0.loss_ce: 0.4123  aux_0.acc_seg: 81.9758
2026/07/22 12:18:09 - mmengine - INFO - Iter(train) [ 15800/160000]  lr: 9.2112e-03  eta: 14:07:29  time: 0.3513  data_time: 0.0274  memory: 8744  loss: 1.2948  decode.loss_ohem: 0.8470  decode.acc_seg: 89.4521  aux_0.loss_ce: 0.4478  aux_0.acc_seg: 83.9271
2026/07/22 12:18:44 - mmengine - INFO - Iter(train) [ 15900/160000]  lr: 9.2055e-03  eta: 14:06:56  time: 0.3551  data_time: 0.0280  memory: 8742  loss: 1.2944  decode.loss_ohem: 0.8130  decode.acc_seg: 80.1761  aux_0.loss_ce: 0.4814  aux_0.acc_seg: 78.4137
2026/07/22 12:19:20 - mmengine - INFO - Exp name: dsanet_cityscapes_512x1024_20260722_104438
2026/07/22 12:19:20 - mmengine - INFO - Iter(train) [ 16000/160000]  lr: 9.1997e-03  eta: 14:06:23  time: 0.3560  data_time: 0.0297  memory: 8742  loss: 1.2539  decode.loss_ohem: 0.8405  decode.acc_seg: 84.7210  aux_0.loss_ce: 0.4134  aux_0.acc_seg: 78.4635
2026/07/22 12:19:55 - mmengine - INFO - Iter(train) [ 16100/160000]  lr: 9.1940e-03  eta: 14:05:50  time: 0.3545  data_time: 0.0281  memory: 8741  loss: 1.0900  decode.loss_ohem: 0.7173  decode.acc_seg: 89.1527  aux_0.loss_ce: 0.3727  aux_0.acc_seg: 82.4547
2026/07/22 12:20:31 - mmengine - INFO - Iter(train) [ 16200/160000]  lr: 9.1882e-03  eta: 14:05:18  time: 0.3592  data_time: 0.0318  memory: 8742  loss: 1.2800  decode.loss_ohem: 0.8554  decode.acc_seg: 86.6375  aux_0.loss_ce: 0.4246  aux_0.acc_seg: 84.9357
2026/07/22 12:21:07 - mmengine - INFO - Iter(train) [ 16300/160000]  lr: 9.1825e-03  eta: 14:04:45  time: 0.3540  data_time: 0.0273  memory: 8741  loss: 1.1749  decode.loss_ohem: 0.7441  decode.acc_seg: 89.1240  aux_0.loss_ce: 0.4308  aux_0.acc_seg: 86.4996
2026/07/22 12:21:42 - mmengine - INFO - Iter(train) [ 16400/160000]  lr: 9.1768e-03  eta: 14:04:12  time: 0.3538  data_time: 0.0272  memory: 8742  loss: 1.2980  decode.loss_ohem: 0.8310  decode.acc_seg: 89.4264  aux_0.loss_ce: 0.4670  aux_0.acc_seg: 88.2810
2026/07/22 12:22:18 - mmengine - INFO - Iter(train) [ 16500/160000]  lr: 9.1710e-03  eta: 14:03:39  time: 0.3537  data_time: 0.0285  memory: 8741  loss: 1.2533  decode.loss_ohem: 0.8319  decode.acc_seg: 85.6590  aux_0.loss_ce: 0.4214  aux_0.acc_seg: 80.4283
2026/07/22 12:22:53 - mmengine - INFO - Iter(train) [ 16600/160000]  lr: 9.1653e-03  eta: 14:03:07  time: 0.3572  data_time: 0.0302  memory: 8742  loss: 1.1689  decode.loss_ohem: 0.7674  decode.acc_seg: 90.0192  aux_0.loss_ce: 0.4015  aux_0.acc_seg: 86.1606
2026/07/22 12:23:29 - mmengine - INFO - Iter(train) [ 16700/160000]  lr: 9.1595e-03  eta: 14:02:34  time: 0.3533  data_time: 0.0285  memory: 8742  loss: 1.2619  decode.loss_ohem: 0.8533  decode.acc_seg: 89.6450  aux_0.loss_ce: 0.4086  aux_0.acc_seg: 88.0941
2026/07/22 12:24:04 - mmengine - INFO - Iter(train) [ 16800/160000]  lr: 9.1538e-03  eta: 14:02:00  time: 0.3565  data_time: 0.0284  memory: 8743  loss: 1.1921  decode.loss_ohem: 0.7702  decode.acc_seg: 89.2635  aux_0.loss_ce: 0.4220  aux_0.acc_seg: 83.8835
2026/07/22 12:24:40 - mmengine - INFO - Iter(train) [ 16900/160000]  lr: 9.1480e-03  eta: 14:01:26  time: 0.3540  data_time: 0.0283  memory: 8742  loss: 1.1905  decode.loss_ohem: 0.8047  decode.acc_seg: 86.7779  aux_0.loss_ce: 0.3858  aux_0.acc_seg: 85.1701
2026/07/22 12:25:15 - mmengine - INFO - Exp name: dsanet_cityscapes_512x1024_20260722_104438
2026/07/22 12:25:15 - mmengine - INFO - Iter(train) [ 17000/160000]  lr: 9.1423e-03  eta: 14:00:53  time: 0.3524  data_time: 0.0276  memory: 8742  loss: 1.2265  decode.loss_ohem: 0.7949  decode.acc_seg: 88.9931  aux_0.loss_ce: 0.4316  aux_0.acc_seg: 85.6762
2026/07/22 12:25:51 - mmengine - INFO - Iter(train) [ 17100/160000]  lr: 9.1365e-03  eta: 14:00:18  time: 0.3536  data_time: 0.0284  memory: 8744  loss: 1.3245  decode.loss_ohem: 0.8562  decode.acc_seg: 84.0996  aux_0.loss_ce: 0.4683  aux_0.acc_seg: 79.1468
2026/07/22 12:26:26 - mmengine - INFO - Iter(train) [ 17200/160000]  lr: 9.1308e-03  eta: 13:59:42  time: 0.3537  data_time: 0.0287  memory: 8743  loss: 1.1204  decode.loss_ohem: 0.7459  decode.acc_seg: 88.2283  aux_0.loss_ce: 0.3745  aux_0.acc_seg: 84.0271
2026/07/22 12:27:01 - mmengine - INFO - Iter(train) [ 17300/160000]  lr: 9.1250e-03  eta: 13:59:04  time: 0.3497  data_time: 0.0250  memory: 8742  loss: 1.2847  decode.loss_ohem: 0.8203  decode.acc_seg: 87.1420  aux_0.loss_ce: 0.4644  aux_0.acc_seg: 82.5544
2026/07/22 12:27:36 - mmengine - INFO - Iter(train) [ 17400/160000]  lr: 9.1193e-03  eta: 13:58:28  time: 0.3552  data_time: 0.0292  memory: 8741  loss: 1.1715  decode.loss_ohem: 0.7567  decode.acc_seg: 90.0919  aux_0.loss_ce: 0.4147  aux_0.acc_seg: 85.2455
2026/07/22 12:28:11 - mmengine - INFO - Iter(train) [ 17500/160000]  lr: 9.1135e-03  eta: 13:57:52  time: 0.3537  data_time: 0.0277  memory: 8742  loss: 1.2768  decode.loss_ohem: 0.8491  decode.acc_seg: 91.1492  aux_0.loss_ce: 0.4277  aux_0.acc_seg: 85.5886
2026/07/22 12:28:47 - mmengine - INFO - Iter(train) [ 17600/160000]  lr: 9.1078e-03  eta: 13:57:17  time: 0.3506  data_time: 0.0269  memory: 8741  loss: 1.2543  decode.loss_ohem: 0.8220  decode.acc_seg: 90.6758  aux_0.loss_ce: 0.4324  aux_0.acc_seg: 84.2705
2026/07/22 12:29:22 - mmengine - INFO - Iter(train) [ 17700/160000]  lr: 9.1020e-03  eta: 13:56:42  time: 0.3515  data_time: 0.0272  memory: 8742  loss: 1.3584  decode.loss_ohem: 0.9020  decode.acc_seg: 89.7420  aux_0.loss_ce: 0.4563  aux_0.acc_seg: 84.3398
2026/07/22 12:29:57 - mmengine - INFO - Iter(train) [ 17800/160000]  lr: 9.0963e-03  eta: 13:56:07  time: 0.3528  data_time: 0.0275  memory: 8741  loss: 1.2859  decode.loss_ohem: 0.8519  decode.acc_seg: 89.1773  aux_0.loss_ce: 0.4341  aux_0.acc_seg: 86.0987
2026/07/22 12:30:32 - mmengine - INFO - Iter(train) [ 17900/160000]  lr: 9.0905e-03  eta: 13:55:31  time: 0.3550  data_time: 0.0285  memory: 8742  loss: 1.3376  decode.loss_ohem: 0.8408  decode.acc_seg: 81.5221  aux_0.loss_ce: 0.4968  aux_0.acc_seg: 77.6184
2026/07/22 12:31:08 - mmengine - INFO - Exp name: dsanet_cityscapes_512x1024_20260722_104438
2026/07/22 12:31:08 - mmengine - INFO - Iter(train) [ 18000/160000]  lr: 9.0848e-03  eta: 13:54:57  time: 0.3591  data_time: 0.0322  memory: 8743  loss: 1.2744  decode.loss_ohem: 0.8531  decode.acc_seg: 89.5193  aux_0.loss_ce: 0.4213  aux_0.acc_seg: 83.8834
2026/07/22 12:31:43 - mmengine - INFO - Iter(train) [ 18100/160000]  lr: 9.0790e-03  eta: 13:54:22  time: 0.3518  data_time: 0.0269  memory: 8741  loss: 1.2334  decode.loss_ohem: 0.8093  decode.acc_seg: 89.7087  aux_0.loss_ce: 0.4241  aux_0.acc_seg: 84.5512
2026/07/22 12:32:19 - mmengine - INFO - Iter(train) [ 18200/160000]  lr: 9.0733e-03  eta: 13:53:48  time: 0.3548  data_time: 0.0289  memory: 8743  loss: 1.2672  decode.loss_ohem: 0.8364  decode.acc_seg: 87.3211  aux_0.loss_ce: 0.4308  aux_0.acc_seg: 83.1061
2026/07/22 12:32:54 - mmengine - INFO - Iter(train) [ 18300/160000]  lr: 9.0675e-03  eta: 13:53:13  time: 0.3517  data_time: 0.0271  memory: 8742  loss: 1.3563  decode.loss_ohem: 0.8840  decode.acc_seg: 85.0122  aux_0.loss_ce: 0.4723  aux_0.acc_seg: 80.6231
2026/07/22 12:33:29 - mmengine - INFO - Iter(train) [ 18400/160000]  lr: 9.0618e-03  eta: 13:52:40  time: 0.3526  data_time: 0.0276  memory: 8741  loss: 1.2230  decode.loss_ohem: 0.8363  decode.acc_seg: 92.0575  aux_0.loss_ce: 0.3867  aux_0.acc_seg: 88.2663
2026/07/22 12:34:05 - mmengine - INFO - Iter(train) [ 18500/160000]  lr: 9.0560e-03  eta: 13:52:06  time: 0.3583  data_time: 0.0318  memory: 8742  loss: 1.2003  decode.loss_ohem: 0.7888  decode.acc_seg: 85.9353  aux_0.loss_ce: 0.4115  aux_0.acc_seg: 84.3114
2026/07/22 12:34:40 - mmengine - INFO - Iter(train) [ 18600/160000]  lr: 9.0503e-03  eta: 13:51:32  time: 0.3555  data_time: 0.0292  memory: 8741  loss: 1.3635  decode.loss_ohem: 0.9277  decode.acc_seg: 89.3392  aux_0.loss_ce: 0.4358  aux_0.acc_seg: 87.6661
2026/07/22 12:35:16 - mmengine - INFO - Iter(train) [ 18700/160000]  lr: 9.0445e-03  eta: 13:50:59  time: 0.3552  data_time: 0.0282  memory: 8742  loss: 1.2828  decode.loss_ohem: 0.8464  decode.acc_seg: 89.0208  aux_0.loss_ce: 0.4364  aux_0.acc_seg: 86.1518
2026/07/22 12:35:51 - mmengine - INFO - Iter(train) [ 18800/160000]  lr: 9.0388e-03  eta: 13:50:25  time: 0.3543  data_time: 0.0285  memory: 8742  loss: 1.2228  decode.loss_ohem: 0.7827  decode.acc_seg: 88.6553  aux_0.loss_ce: 0.4400  aux_0.acc_seg: 83.9218
2026/07/22 12:36:27 - mmengine - INFO - Iter(train) [ 18900/160000]  lr: 9.0330e-03  eta: 13:49:51  time: 0.3520  data_time: 0.0277  memory: 8745  loss: 1.2532  decode.loss_ohem: 0.8583  decode.acc_seg: 87.2426  aux_0.loss_ce: 0.3950  aux_0.acc_seg: 83.9997
2026/07/22 12:37:02 - mmengine - INFO - Exp name: dsanet_cityscapes_512x1024_20260722_104438
2026/07/22 12:37:02 - mmengine - INFO - Iter(train) [ 19000/160000]  lr: 9.0272e-03  eta: 13:49:16  time: 0.3525  data_time: 0.0280  memory: 8743  loss: 1.1465  decode.loss_ohem: 0.7599  decode.acc_seg: 90.0393  aux_0.loss_ce: 0.3866  aux_0.acc_seg: 86.0690
2026/07/22 12:37:38 - mmengine - INFO - Iter(train) [ 19100/160000]  lr: 9.0215e-03  eta: 13:48:42  time: 0.3531  data_time: 0.0277  memory: 8741  loss: 1.2304  decode.loss_ohem: 0.7816  decode.acc_seg: 87.3315  aux_0.loss_ce: 0.4489  aux_0.acc_seg: 82.1379
2026/07/22 12:38:13 - mmengine - INFO - Iter(train) [ 19200/160000]  lr: 9.0157e-03  eta: 13:48:08  time: 0.3536  data_time: 0.0284  memory: 8742  loss: 1.1702  decode.loss_ohem: 0.7948  decode.acc_seg: 89.7525  aux_0.loss_ce: 0.3754  aux_0.acc_seg: 86.5637
2026/07/22 12:38:49 - mmengine - INFO - Iter(train) [ 19300/160000]  lr: 9.0100e-03  eta: 13:47:33  time: 0.3521  data_time: 0.0268  memory: 8741  loss: 1.2945  decode.loss_ohem: 0.8676  decode.acc_seg: 90.2782  aux_0.loss_ce: 0.4269  aux_0.acc_seg: 87.6295
2026/07/22 12:39:24 - mmengine - INFO - Iter(train) [ 19400/160000]  lr: 9.0042e-03  eta: 13:46:58  time: 0.3562  data_time: 0.0299  memory: 8743  loss: 1.2863  decode.loss_ohem: 0.8395  decode.acc_seg: 89.8970  aux_0.loss_ce: 0.4468  aux_0.acc_seg: 86.9418
2026/07/22 12:39:59 - mmengine - INFO - Iter(train) [ 19500/160000]  lr: 8.9985e-03  eta: 13:46:24  time: 0.3538  data_time: 0.0283  memory: 8742  loss: 1.2910  decode.loss_ohem: 0.8574  decode.acc_seg: 91.1139  aux_0.loss_ce: 0.4336  aux_0.acc_seg: 88.0986
2026/07/22 12:40:35 - mmengine - INFO - Iter(train) [ 19600/160000]  lr: 8.9927e-03  eta: 13:45:49  time: 0.3534  data_time: 0.0276  memory: 8742  loss: 1.2884  decode.loss_ohem: 0.8507  decode.acc_seg: 89.3186  aux_0.loss_ce: 0.4377  aux_0.acc_seg: 87.3710
2026/07/22 12:41:10 - mmengine - INFO - Iter(train) [ 19700/160000]  lr: 8.9869e-03  eta: 13:45:15  time: 0.3533  data_time: 0.0281  memory: 8742  loss: 1.1452  decode.loss_ohem: 0.7644  decode.acc_seg: 86.6101  aux_0.loss_ce: 0.3808  aux_0.acc_seg: 83.1017
2026/07/22 12:41:45 - mmengine - INFO - Iter(train) [ 19800/160000]  lr: 8.9812e-03  eta: 13:44:39  time: 0.3530  data_time: 0.0279  memory: 8742  loss: 1.1870  decode.loss_ohem: 0.8096  decode.acc_seg: 88.8632  aux_0.loss_ce: 0.3774  aux_0.acc_seg: 84.4784
2026/07/22 12:42:21 - mmengine - INFO - Iter(train) [ 19900/160000]  lr: 8.9754e-03  eta: 13:44:05  time: 0.3582  data_time: 0.0312  memory: 8741  loss: 1.1795  decode.loss_ohem: 0.7708  decode.acc_seg: 89.6585  aux_0.loss_ce: 0.4087  aux_0.acc_seg: 86.2316
2026/07/22 12:42:56 - mmengine - INFO - Exp name: dsanet_cityscapes_512x1024_20260722_104438
2026/07/22 12:42:56 - mmengine - INFO - Iter(train) [ 20000/160000]  lr: 8.9697e-03  eta: 13:43:30  time: 0.3571  data_time: 0.0310  memory: 8741  loss: 1.2058  decode.loss_ohem: 0.7972  decode.acc_seg: 89.1894  aux_0.loss_ce: 0.4085  aux_0.acc_seg: 84.9281
2026/07/22 12:42:56 - mmengine - INFO - Saving checkpoint at 20000 iterations
2026/07/22 12:43:01 - mmengine - INFO - Iter(val) [100/250]    eta: 0:00:07  time: 0.0445  data_time: 0.0111  memory: 729  
2026/07/22 12:43:06 - mmengine - INFO - Iter(val) [200/250]    eta: 0:00:02  time: 0.0444  data_time: 0.0104  memory: 729  
2026/07/22 12:43:08 - mmengine - INFO - per class results:
2026/07/22 12:43:08 - mmengine - INFO - 
+---------------+-------+-------+
|     Class     |  IoU  |  Acc  |
+---------------+-------+-------+
|      road     | 96.29 | 98.43 |
|    sidewalk   | 73.21 | 82.48 |
|    building   | 86.18 | 93.94 |
|      wall     | 17.86 | 18.84 |
|     fence     | 38.58 |  59.3 |
|      pole     |  43.9 | 51.98 |
| traffic light |  31.0 | 35.25 |
|  traffic sign | 56.06 | 69.08 |
|   vegetation  | 88.08 | 93.69 |
|    terrain    | 49.98 | 67.15 |
|      sky      | 88.67 | 97.64 |
|     person    | 64.71 | 81.26 |
|     rider     | 32.52 | 38.55 |
|      car      | 86.15 | 96.63 |
|     truck     | 11.56 | 12.19 |
|      bus      | 36.39 | 38.91 |
|     train     |  27.2 | 40.43 |
|   motorcycle  |  14.1 |  16.5 |
|    bicycle    | 60.19 | 79.48 |
+---------------+-------+-------+
2026/07/22 12:43:08 - mmengine - INFO - Iter(val) [250/250]    aAcc: 92.3400  mIoU: 52.7700  mAcc: 61.6700  data_time: 0.0132  time: 0.0471
2026/07/22 12:43:08 - mmengine - INFO - The previous best checkpoint /root/autodl-tmp/DSANet-main/tools/work_dirs/dsanet_cityscapes_512x1024/best_mIoU_iter_15000.pth is removed
2026/07/22 12:43:09 - mmengine - INFO - The best checkpoint with 52.7700 mIoU at 20000 iter is saved to best_mIoU_iter_20000.pth.
2026/07/22 12:43:44 - mmengine - INFO - Iter(train) [ 20100/160000]  lr: 8.9639e-03  eta: 13:42:59  time: 0.3529  data_time: 0.0274  memory: 8742  loss: 1.3553  decode.loss_ohem: 0.9038  decode.acc_seg: 84.7888  aux_0.loss_ce: 0.4514  aux_0.acc_seg: 79.0150
2026/07/22 12:44:20 - mmengine - INFO - Iter(train) [ 20200/160000]  lr: 8.9581e-03  eta: 13:42:24  time: 0.3540  data_time: 0.0278  memory: 8742  loss: 1.1906  decode.loss_ohem: 0.7952  decode.acc_seg: 89.0522  aux_0.loss_ce: 0.3954  aux_0.acc_seg: 85.6731
2026/07/22 12:44:55 - mmengine - INFO - Iter(train) [ 20300/160000]  lr: 8.9524e-03  eta: 13:41:49  time: 0.3547  data_time: 0.0284  memory: 8741  loss: 1.3936  decode.loss_ohem: 0.9158  decode.acc_seg: 87.6403  aux_0.loss_ce: 0.4778  aux_0.acc_seg: 84.2225
2026/07/22 12:45:30 - mmengine - INFO - Iter(train) [ 20400/160000]  lr: 8.9466e-03  eta: 13:41:14  time: 0.3512  data_time: 0.0270  memory: 8742  loss: 1.1809  decode.loss_ohem: 0.7815  decode.acc_seg: 90.4859  aux_0.loss_ce: 0.3994  aux_0.acc_seg: 87.5434
2026/07/22 12:46:06 - mmengine - INFO - Iter(train) [ 20500/160000]  lr: 8.9409e-03  eta: 13:40:39  time: 0.3539  data_time: 0.0283  memory: 8742  loss: 1.1042  decode.loss_ohem: 0.7639  decode.acc_seg: 92.2035  aux_0.loss_ce: 0.3403  aux_0.acc_seg: 88.6729
2026/07/22 12:46:41 - mmengine - INFO - Iter(train) [ 20600/160000]  lr: 8.9351e-03  eta: 13:40:04  time: 0.3531  data_time: 0.0277  memory: 8741  loss: 1.2654  decode.loss_ohem: 0.8487  decode.acc_seg: 89.2705  aux_0.loss_ce: 0.4166  aux_0.acc_seg: 83.3333
2026/07/22 12:47:16 - mmengine - INFO - Iter(train) [ 20700/160000]  lr: 8.9293e-03  eta: 13:39:29  time: 0.3593  data_time: 0.0309  memory: 8741  loss: 1.2032  decode.loss_ohem: 0.7953  decode.acc_seg: 90.7691  aux_0.loss_ce: 0.4080  aux_0.acc_seg: 86.4150
2026/07/22 12:47:52 - mmengine - INFO - Iter(train) [ 20800/160000]  lr: 8.9236e-03  eta: 13:38:54  time: 0.3528  data_time: 0.0275  memory: 8742  loss: 1.1906  decode.loss_ohem: 0.7759  decode.acc_seg: 89.4599  aux_0.loss_ce: 0.4147  aux_0.acc_seg: 84.4027
2026/07/22 12:48:27 - mmengine - INFO - Iter(train) [ 20900/160000]  lr: 8.9178e-03  eta: 13:38:19  time: 0.3506  data_time: 0.0270  memory: 8743  loss: 1.3026  decode.loss_ohem: 0.8542  decode.acc_seg: 86.6569  aux_0.loss_ce: 0.4484  aux_0.acc_seg: 83.2260
2026/07/22 12:49:02 - mmengine - INFO - Exp name: dsanet_cityscapes_512x1024_20260722_104438
2026/07/22 12:49:02 - mmengine - INFO - Iter(train) [ 21000/160000]  lr: 8.9120e-03  eta: 13:37:44  time: 0.3524  data_time: 0.0273  memory: 8742  loss: 1.2396  decode.loss_ohem: 0.8524  decode.acc_seg: 88.9740  aux_0.loss_ce: 0.3872  aux_0.acc_seg: 83.5897
2026/07/22 12:49:38 - mmengine - INFO - Iter(train) [ 21100/160000]  lr: 8.9063e-03  eta: 13:37:09  time: 0.3536  data_time: 0.0280  memory: 8744  loss: 1.2484  decode.loss_ohem: 0.8137  decode.acc_seg: 89.1476  aux_0.loss_ce: 0.4346  aux_0.acc_seg: 86.2818
2026/07/22 12:50:13 - mmengine - INFO - Iter(train) [ 21200/160000]  lr: 8.9005e-03  eta: 13:36:35  time: 0.3537  data_time: 0.0284  memory: 8741  loss: 1.2605  decode.loss_ohem: 0.8252  decode.acc_seg: 88.5500  aux_0.loss_ce: 0.4354  aux_0.acc_seg: 85.6912
2026/07/22 12:50:48 - mmengine - INFO - Iter(train) [ 21300/160000]  lr: 8.8948e-03  eta: 13:36:00  time: 0.3517  data_time: 0.0271  memory: 8742  loss: 1.1935  decode.loss_ohem: 0.7898  decode.acc_seg: 91.5078  aux_0.loss_ce: 0.4037  aux_0.acc_seg: 86.2756
2026/07/22 12:51:24 - mmengine - INFO - Iter(train) [ 21400/160000]  lr: 8.8890e-03  eta: 13:35:24  time: 0.3534  data_time: 0.0279  memory: 8742  loss: 1.2544  decode.loss_ohem: 0.8384  decode.acc_seg: 89.5432  aux_0.loss_ce: 0.4160  aux_0.acc_seg: 88.0771
2026/07/22 12:51:59 - mmengine - INFO - Iter(train) [ 21500/160000]  lr: 8.8832e-03  eta: 13:34:49  time: 0.3521  data_time: 0.0274  memory: 8743  loss: 1.2277  decode.loss_ohem: 0.8141  decode.acc_seg: 92.6330  aux_0.loss_ce: 0.4137  aux_0.acc_seg: 88.3538
2026/07/22 12:52:34 - mmengine - INFO - Iter(train) [ 21600/160000]  lr: 8.8775e-03  eta: 13:34:14  time: 0.3570  data_time: 0.0305  memory: 8741  loss: 1.1455  decode.loss_ohem: 0.7502  decode.acc_seg: 91.7288  aux_0.loss_ce: 0.3952  aux_0.acc_seg: 88.1267
2026/07/22 12:53:10 - mmengine - INFO - Iter(train) [ 21700/160000]  lr: 8.8717e-03  eta: 13:33:40  time: 0.3561  data_time: 0.0294  memory: 8741  loss: 1.1331  decode.loss_ohem: 0.7441  decode.acc_seg: 87.6179  aux_0.loss_ce: 0.3890  aux_0.acc_seg: 85.0388
2026/07/22 12:53:45 - mmengine - INFO - Iter(train) [ 21800/160000]  lr: 8.8659e-03  eta: 13:33:04  time: 0.3519  data_time: 0.0276  memory: 8741  loss: 1.2009  decode.loss_ohem: 0.8034  decode.acc_seg: 91.8660  aux_0.loss_ce: 0.3975  aux_0.acc_seg: 85.0489
2026/07/22 12:54:20 - mmengine - INFO - Iter(train) [ 21900/160000]  lr: 8.8602e-03  eta: 13:32:27  time: 0.3509  data_time: 0.0272  memory: 8741  loss: 1.2723  decode.loss_ohem: 0.8442  decode.acc_seg: 92.1049  aux_0.loss_ce: 0.4281  aux_0.acc_seg: 88.5600
2026/07/22 12:54:55 - mmengine - INFO - Exp name: dsanet_cityscapes_512x1024_20260722_104438
2026/07/22 12:54:55 - mmengine - INFO - Iter(train) [ 22000/160000]  lr: 8.8544e-03  eta: 13:31:51  time: 0.3521  data_time: 0.0273  memory: 8741  loss: 1.2368  decode.loss_ohem: 0.8095  decode.acc_seg: 91.3395  aux_0.loss_ce: 0.4272  aux_0.acc_seg: 87.2654
2026/07/22 12:55:31 - mmengine - INFO - Iter(train) [ 22100/160000]  lr: 8.8486e-03  eta: 13:31:15  time: 0.3489  data_time: 0.0257  memory: 8742  loss: 1.3059  decode.loss_ohem: 0.8910  decode.acc_seg: 86.4818  aux_0.loss_ce: 0.4149  aux_0.acc_seg: 80.7754
2026/07/22 12:56:06 - mmengine - INFO - Iter(train) [ 22200/160000]  lr: 8.8429e-03  eta: 13:30:38  time: 0.3508  data_time: 0.0266  memory: 8742  loss: 1.2299  decode.loss_ohem: 0.8012  decode.acc_seg: 90.1102  aux_0.loss_ce: 0.4287  aux_0.acc_seg: 82.2623
2026/07/22 12:56:41 - mmengine - INFO - Iter(train) [ 22300/160000]  lr: 8.8371e-03  eta: 13:30:01  time: 0.3500  data_time: 0.0255  memory: 8742  loss: 1.1928  decode.loss_ohem: 0.7683  decode.acc_seg: 85.9645  aux_0.loss_ce: 0.4245  aux_0.acc_seg: 80.9802
2026/07/22 12:57:16 - mmengine - INFO - Iter(train) [ 22400/160000]  lr: 8.8313e-03  eta: 13:29:25  time: 0.3518  data_time: 0.0270  memory: 8741  loss: 1.2656  decode.loss_ohem: 0.8456  decode.acc_seg: 86.9814  aux_0.loss_ce: 0.4200  aux_0.acc_seg: 80.9411
2026/07/22 12:57:51 - mmengine - INFO - Iter(train) [ 22500/160000]  lr: 8.8255e-03  eta: 13:28:49  time: 0.3542  data_time: 0.0274  memory: 8744  loss: 1.1949  decode.loss_ohem: 0.7760  decode.acc_seg: 91.4988  aux_0.loss_ce: 0.4189  aux_0.acc_seg: 87.6868
2026/07/22 12:58:26 - mmengine - INFO - Iter(train) [ 22600/160000]  lr: 8.8198e-03  eta: 13:28:14  time: 0.3549  data_time: 0.0294  memory: 8742  loss: 1.1843  decode.loss_ohem: 0.8300  decode.acc_seg: 91.3227  aux_0.loss_ce: 0.3543  aux_0.acc_seg: 88.2173
2026/07/22 12:59:01 - mmengine - INFO - Iter(train) [ 22700/160000]  lr: 8.8140e-03  eta: 13:27:38  time: 0.3497  data_time: 0.0258  memory: 8744  loss: 1.1797  decode.loss_ohem: 0.7822  decode.acc_seg: 88.9909  aux_0.loss_ce: 0.3974  aux_0.acc_seg: 82.4334
2026/07/22 12:59:37 - mmengine - INFO - Iter(train) [ 22800/160000]  lr: 8.8082e-03  eta: 13:27:03  time: 0.3530  data_time: 0.0287  memory: 8741  loss: 1.1608  decode.loss_ohem: 0.7734  decode.acc_seg: 88.0760  aux_0.loss_ce: 0.3875  aux_0.acc_seg: 83.5491
2026/07/22 13:00:12 - mmengine - INFO - Iter(train) [ 22900/160000]  lr: 8.8025e-03  eta: 13:26:28  time: 0.3535  data_time: 0.0285  memory: 8741  loss: 1.2273  decode.loss_ohem: 0.8184  decode.acc_seg: 90.8376  aux_0.loss_ce: 0.4089  aux_0.acc_seg: 89.8003
2026/07/22 13:00:47 - mmengine - INFO - Exp name: dsanet_cityscapes_512x1024_20260722_104438
2026/07/22 13:00:47 - mmengine - INFO - Iter(train) [ 23000/160000]  lr: 8.7967e-03  eta: 13:25:52  time: 0.3528  data_time: 0.0277  memory: 8741  loss: 1.1521  decode.loss_ohem: 0.7578  decode.acc_seg: 86.8889  aux_0.loss_ce: 0.3943  aux_0.acc_seg: 84.5524
2026/07/22 13:01:23 - mmengine - INFO - Iter(train) [ 23100/160000]  lr: 8.7909e-03  eta: 13:25:17  time: 0.3529  data_time: 0.0270  memory: 8741  loss: 1.1982  decode.loss_ohem: 0.7676  decode.acc_seg: 86.3611  aux_0.loss_ce: 0.4306  aux_0.acc_seg: 80.4597
2026/07/22 13:01:58 - mmengine - INFO - Iter(train) [ 23200/160000]  lr: 8.7851e-03  eta: 13:24:41  time: 0.3522  data_time: 0.0287  memory: 8740  loss: 1.1605  decode.loss_ohem: 0.8035  decode.acc_seg: 88.8961  aux_0.loss_ce: 0.3569  aux_0.acc_seg: 88.1796
2026/07/22 13:02:33 - mmengine - INFO - Iter(train) [ 23300/160000]  lr: 8.7794e-03  eta: 13:24:04  time: 0.3503  data_time: 0.0267  memory: 8742  loss: 1.2866  decode.loss_ohem: 0.8567  decode.acc_seg: 89.4745  aux_0.loss_ce: 0.4299  aux_0.acc_seg: 85.5240
2026/07/22 13:03:08 - mmengine - INFO - Iter(train) [ 23400/160000]  lr: 8.7736e-03  eta: 13:23:27  time: 0.3521  data_time: 0.0284  memory: 8742  loss: 1.2370  decode.loss_ohem: 0.8327  decode.acc_seg: 90.5506  aux_0.loss_ce: 0.4043  aux_0.acc_seg: 86.3079
2026/07/22 13:03:43 - mmengine - INFO - Iter(train) [ 23500/160000]  lr: 8.7678e-03  eta: 13:22:50  time: 0.3507  data_time: 0.0272  memory: 8742  loss: 1.2366  decode.loss_ohem: 0.8143  decode.acc_seg: 92.4817  aux_0.loss_ce: 0.4223  aux_0.acc_seg: 89.4714
2026/07/22 13:04:18 - mmengine - INFO - Iter(train) [ 23600/160000]  lr: 8.7620e-03  eta: 13:22:13  time: 0.3509  data_time: 0.0275  memory: 8742  loss: 1.2376  decode.loss_ohem: 0.7906  decode.acc_seg: 85.0408  aux_0.loss_ce: 0.4470  aux_0.acc_seg: 79.9829
2026/07/22 13:04:53 - mmengine - INFO - Iter(train) [ 23700/160000]  lr: 8.7563e-03  eta: 13:21:37  time: 0.3506  data_time: 0.0272  memory: 8741  loss: 1.2865  decode.loss_ohem: 0.8389  decode.acc_seg: 86.4568  aux_0.loss_ce: 0.4476  aux_0.acc_seg: 82.5807
2026/07/22 13:05:28 - mmengine - INFO - Iter(train) [ 23800/160000]  lr: 8.7505e-03  eta: 13:21:00  time: 0.3505  data_time: 0.0275  memory: 8742  loss: 1.1569  decode.loss_ohem: 0.7718  decode.acc_seg: 88.9537  aux_0.loss_ce: 0.3850  aux_0.acc_seg: 85.3475
2026/07/22 13:06:03 - mmengine - INFO - Iter(train) [ 23900/160000]  lr: 8.7447e-03  eta: 13:20:23  time: 0.3508  data_time: 0.0275  memory: 8742  loss: 1.2745  decode.loss_ohem: 0.8416  decode.acc_seg: 86.0806  aux_0.loss_ce: 0.4330  aux_0.acc_seg: 82.6440
2026/07/22 13:06:38 - mmengine - INFO - Exp name: dsanet_cityscapes_512x1024_20260722_104438
2026/07/22 13:06:38 - mmengine - INFO - Iter(train) [ 24000/160000]  lr: 8.7389e-03  eta: 13:19:46  time: 0.3496  data_time: 0.0267  memory: 8742  loss: 1.2546  decode.loss_ohem: 0.8189  decode.acc_seg: 88.5462  aux_0.loss_ce: 0.4357  aux_0.acc_seg: 80.4979
2026/07/22 13:07:13 - mmengine - INFO - Iter(train) [ 24100/160000]  lr: 8.7332e-03  eta: 13:19:10  time: 0.3505  data_time: 0.0278  memory: 8741  loss: 1.1245  decode.loss_ohem: 0.7447  decode.acc_seg: 89.1829  aux_0.loss_ce: 0.3798  aux_0.acc_seg: 85.5496
2026/07/22 13:07:48 - mmengine - INFO - Iter(train) [ 24200/160000]  lr: 8.7274e-03  eta: 13:18:33  time: 0.3502  data_time: 0.0273  memory: 8741  loss: 1.0713  decode.loss_ohem: 0.7315  decode.acc_seg: 92.2895  aux_0.loss_ce: 0.3399  aux_0.acc_seg: 88.4470
2026/07/22 13:08:23 - mmengine - INFO - Iter(train) [ 24300/160000]  lr: 8.7216e-03  eta: 13:17:57  time: 0.3503  data_time: 0.0273  memory: 8740  loss: 1.1546  decode.loss_ohem: 0.7729  decode.acc_seg: 89.1220  aux_0.loss_ce: 0.3817  aux_0.acc_seg: 85.3238
2026/07/22 13:08:58 - mmengine - INFO - Iter(train) [ 24400/160000]  lr: 8.7158e-03  eta: 13:17:21  time: 0.3511  data_time: 0.0274  memory: 8741  loss: 1.2441  decode.loss_ohem: 0.8129  decode.acc_seg: 84.3886  aux_0.loss_ce: 0.4311  aux_0.acc_seg: 79.7979
2026/07/22 13:09:33 - mmengine - INFO - Iter(train) [ 24500/160000]  lr: 8.7101e-03  eta: 13:16:44  time: 0.3496  data_time: 0.0268  memory: 8743  loss: 1.1790  decode.loss_ohem: 0.7756  decode.acc_seg: 90.1155  aux_0.loss_ce: 0.4034  aux_0.acc_seg: 84.9168
2026/07/22 13:10:09 - mmengine - INFO - Iter(train) [ 24600/160000]  lr: 8.7043e-03  eta: 13:16:07  time: 0.3514  data_time: 0.0281  memory: 8742  loss: 1.2463  decode.loss_ohem: 0.8191  decode.acc_seg: 88.3983  aux_0.loss_ce: 0.4271  aux_0.acc_seg: 85.6933
2026/07/22 13:10:44 - mmengine - INFO - Iter(train) [ 24700/160000]  lr: 8.6985e-03  eta: 13:15:31  time: 0.3504  data_time: 0.0270  memory: 8741  loss: 1.1282  decode.loss_ohem: 0.7628  decode.acc_seg: 86.8640  aux_0.loss_ce: 0.3654  aux_0.acc_seg: 83.6940
2026/07/22 13:11:19 - mmengine - INFO - Iter(train) [ 24800/160000]  lr: 8.6927e-03  eta: 13:14:55  time: 0.3541  data_time: 0.0289  memory: 8742  loss: 1.3140  decode.loss_ohem: 0.8866  decode.acc_seg: 85.9610  aux_0.loss_ce: 0.4273  aux_0.acc_seg: 84.0853
2026/07/22 13:11:54 - mmengine - INFO - Iter(train) [ 24900/160000]  lr: 8.6869e-03  eta: 13:14:18  time: 0.3511  data_time: 0.0276  memory: 8742  loss: 1.1268  decode.loss_ohem: 0.7618  decode.acc_seg: 91.6243  aux_0.loss_ce: 0.3650  aux_0.acc_seg: 86.6921
2026/07/22 13:12:29 - mmengine - INFO - Exp name: dsanet_cityscapes_512x1024_20260722_104438
2026/07/22 13:12:29 - mmengine - INFO - Iter(train) [ 25000/160000]  lr: 8.6812e-03  eta: 13:13:42  time: 0.3520  data_time: 0.0274  memory: 8741  loss: 1.1359  decode.loss_ohem: 0.7425  decode.acc_seg: 91.7394  aux_0.loss_ce: 0.3934  aux_0.acc_seg: 89.6221
2026/07/22 13:12:29 - mmengine - INFO - Saving checkpoint at 25000 iterations
2026/07/22 13:12:34 - mmengine - INFO - Iter(val) [100/250]    eta: 0:00:06  time: 0.0424  data_time: 0.0095  memory: 729  
2026/07/22 13:12:38 - mmengine - INFO - Iter(val) [200/250]    eta: 0:00:02  time: 0.0441  data_time: 0.0110  memory: 729  
2026/07/22 13:12:40 - mmengine - INFO - per class results:
2026/07/22 13:12:40 - mmengine - INFO - 
+---------------+-------+-------+
|     Class     |  IoU  |  Acc  |
+---------------+-------+-------+
|      road     |  96.6 | 97.86 |
|    sidewalk   | 74.99 | 87.99 |
|    building   | 86.61 | 94.69 |
|      wall     | 29.52 | 41.42 |
|     fence     | 34.53 | 53.81 |
|      pole     | 48.63 | 61.05 |
| traffic light | 34.62 | 39.64 |
|  traffic sign | 55.03 | 61.95 |
|   vegetation  | 87.41 | 92.07 |
|    terrain    | 45.61 | 71.67 |
|      sky      | 92.06 | 95.93 |
|     person    |  66.3 | 80.99 |
|     rider     | 34.21 | 41.46 |
|      car      | 88.87 | 95.32 |
|     truck     | 39.58 | 44.16 |
|      bus      | 57.48 | 70.66 |
|     train     | 22.28 | 30.97 |
|   motorcycle  | 10.17 | 10.63 |
|    bicycle    | 59.41 | 74.31 |
+---------------+-------+-------+
2026/07/22 13:12:40 - mmengine - INFO - Iter(val) [250/250]    aAcc: 92.5900  mIoU: 55.9900  mAcc: 65.6100  data_time: 0.0118  time: 0.0447
2026/07/22 13:12:40 - mmengine - INFO - The previous best checkpoint /root/autodl-tmp/DSANet-main/tools/work_dirs/dsanet_cityscapes_512x1024/best_mIoU_iter_20000.pth is removed
2026/07/22 13:12:41 - mmengine - INFO - The best checkpoint with 55.9900 mIoU at 25000 iter is saved to best_mIoU_iter_25000.pth.
2026/07/22 13:13:16 - mmengine - INFO - Iter(train) [ 25100/160000]  lr: 8.6754e-03  eta: 13:13:10  time: 0.3569  data_time: 0.0312  memory: 8741  loss: 1.2071  decode.loss_ohem: 0.8365  decode.acc_seg: 92.2718  aux_0.loss_ce: 0.3706  aux_0.acc_seg: 89.3857
2026/07/22 13:13:52 - mmengine - INFO - Iter(train) [ 25200/160000]  lr: 8.6696e-03  eta: 13:12:35  time: 0.3494  data_time: 0.0264  memory: 8742  loss: 1.1949  decode.loss_ohem: 0.8203  decode.acc_seg: 89.7100  aux_0.loss_ce: 0.3746  aux_0.acc_seg: 87.7446
2026/07/22 13:14:27 - mmengine - INFO - Iter(train) [ 25300/160000]  lr: 8.6638e-03  eta: 13:11:58  time: 0.3568  data_time: 0.0289  memory: 8741  loss: 1.2878  decode.loss_ohem: 0.8677  decode.acc_seg: 87.2476  aux_0.loss_ce: 0.4200  aux_0.acc_seg: 84.1908
2026/07/22 13:15:02 - mmengine - INFO - Iter(train) [ 25400/160000]  lr: 8.6580e-03  eta: 13:11:22  time: 0.3512  data_time: 0.0269  memory: 8740  loss: 1.2558  decode.loss_ohem: 0.8513  decode.acc_seg: 89.3854  aux_0.loss_ce: 0.4045  aux_0.acc_seg: 83.0230
2026/07/22 13:15:37 - mmengine - INFO - Iter(train) [ 25500/160000]  lr: 8.6522e-03  eta: 13:10:47  time: 0.3530  data_time: 0.0288  memory: 8743  loss: 1.2227  decode.loss_ohem: 0.8328  decode.acc_seg: 92.2962  aux_0.loss_ce: 0.3899  aux_0.acc_seg: 89.4870
2026/07/22 13:16:12 - mmengine - INFO - Iter(train) [ 25600/160000]  lr: 8.6465e-03  eta: 13:10:11  time: 0.3540  data_time: 0.0277  memory: 8741  loss: 1.2785  decode.loss_ohem: 0.8522  decode.acc_seg: 84.2369  aux_0.loss_ce: 0.4263  aux_0.acc_seg: 84.0913
2026/07/22 13:16:47 - mmengine - INFO - Iter(train) [ 25700/160000]  lr: 8.6407e-03  eta: 13:09:35  time: 0.3537  data_time: 0.0281  memory: 8741  loss: 1.2330  decode.loss_ohem: 0.8241  decode.acc_seg: 92.1788  aux_0.loss_ce: 0.4088  aux_0.acc_seg: 89.1062
2026/07/22 13:17:23 - mmengine - INFO - Iter(train) [ 25800/160000]  lr: 8.6349e-03  eta: 13:09:00  time: 0.3525  data_time: 0.0284  memory: 8740  loss: 1.0861  decode.loss_ohem: 0.7378  decode.acc_seg: 92.9681  aux_0.loss_ce: 0.3483  aux_0.acc_seg: 89.4695
2026/07/22 13:17:58 - mmengine - INFO - Iter(train) [ 25900/160000]  lr: 8.6291e-03  eta: 13:08:24  time: 0.3522  data_time: 0.0276  memory: 8740  loss: 1.3826  decode.loss_ohem: 0.9769  decode.acc_seg: 87.4063  aux_0.loss_ce: 0.4058  aux_0.acc_seg: 84.3561
2026/07/22 13:18:33 - mmengine - INFO - Exp name: dsanet_cityscapes_512x1024_20260722_104438
2026/07/22 13:18:33 - mmengine - INFO - Iter(train) [ 26000/160000]  lr: 8.6233e-03  eta: 13:07:48  time: 0.3479  data_time: 0.0249  memory: 8742  loss: 1.1785  decode.loss_ohem: 0.7719  decode.acc_seg: 90.3710  aux_0.loss_ce: 0.4066  aux_0.acc_seg: 88.1183
2026/07/22 13:19:08 - mmengine - INFO - Iter(train) [ 26100/160000]  lr: 8.6175e-03  eta: 13:07:11  time: 0.3499  data_time: 0.0263  memory: 8742  loss: 1.0880  decode.loss_ohem: 0.7138  decode.acc_seg: 89.4739  aux_0.loss_ce: 0.3742  aux_0.acc_seg: 85.1774
2026/07/22 13:19:43 - mmengine - INFO - Iter(train) [ 26200/160000]  lr: 8.6118e-03  eta: 13:06:35  time: 0.3504  data_time: 0.0264  memory: 8742  loss: 1.1200  decode.loss_ohem: 0.7504  decode.acc_seg: 90.9700  aux_0.loss_ce: 0.3695  aux_0.acc_seg: 85.6853
2026/07/22 13:20:18 - mmengine - INFO - Iter(train) [ 26300/160000]  lr: 8.6060e-03  eta: 13:05:59  time: 0.3530  data_time: 0.0282  memory: 8742  loss: 1.1805  decode.loss_ohem: 0.7864  decode.acc_seg: 87.8602  aux_0.loss_ce: 0.3940  aux_0.acc_seg: 81.4614
2026/07/22 13:20:53 - mmengine - INFO - Iter(train) [ 26400/160000]  lr: 8.6002e-03  eta: 13:05:23  time: 0.3497  data_time: 0.0256  memory: 8740  loss: 1.2478  decode.loss_ohem: 0.8255  decode.acc_seg: 89.9793  aux_0.loss_ce: 0.4222  aux_0.acc_seg: 85.6764
2026/07/22 13:21:28 - mmengine - INFO - Iter(train) [ 26500/160000]  lr: 8.5944e-03  eta: 13:04:46  time: 0.3499  data_time: 0.0273  memory: 8741  loss: 1.2559  decode.loss_ohem: 0.8565  decode.acc_seg: 85.1551  aux_0.loss_ce: 0.3994  aux_0.acc_seg: 82.3559
2026/07/22 13:22:03 - mmengine - INFO - Iter(train) [ 26600/160000]  lr: 8.5886e-03  eta: 13:04:10  time: 0.3525  data_time: 0.0283  memory: 8742  loss: 1.1159  decode.loss_ohem: 0.7189  decode.acc_seg: 88.4706  aux_0.loss_ce: 0.3969  aux_0.acc_seg: 83.4163
2026/07/22 13:22:38 - mmengine - INFO - Iter(train) [ 26700/160000]  lr: 8.5828e-03  eta: 13:03:33  time: 0.3507  data_time: 0.0269  memory: 8742  loss: 1.1884  decode.loss_ohem: 0.7978  decode.acc_seg: 91.5008  aux_0.loss_ce: 0.3905  aux_0.acc_seg: 90.3131
2026/07/22 13:23:13 - mmengine - INFO - Iter(train) [ 26800/160000]  lr: 8.5770e-03  eta: 13:02:57  time: 0.3503  data_time: 0.0280  memory: 8741  loss: 1.1339  decode.loss_ohem: 0.7561  decode.acc_seg: 87.7478  aux_0.loss_ce: 0.3778  aux_0.acc_seg: 80.8197
2026/07/22 13:23:49 - mmengine - INFO - Iter(train) [ 26900/160000]  lr: 8.5712e-03  eta: 13:02:21  time: 0.3557  data_time: 0.0298  memory: 8741  loss: 1.1580  decode.loss_ohem: 0.7668  decode.acc_seg: 83.3247  aux_0.loss_ce: 0.3912  aux_0.acc_seg: 79.0141
2026/07/22 13:24:24 - mmengine - INFO - Exp name: dsanet_cityscapes_512x1024_20260722_104438
2026/07/22 13:24:24 - mmengine - INFO - Iter(train) [ 27000/160000]  lr: 8.5655e-03  eta: 13:01:44  time: 0.3497  data_time: 0.0268  memory: 8743  loss: 1.2095  decode.loss_ohem: 0.8035  decode.acc_seg: 88.7600  aux_0.loss_ce: 0.4060  aux_0.acc_seg: 82.3981
2026/07/22 13:24:59 - mmengine - INFO - Iter(train) [ 27100/160000]  lr: 8.5597e-03  eta: 13:01:09  time: 0.3535  data_time: 0.0296  memory: 8742  loss: 1.0832  decode.loss_ohem: 0.7412  decode.acc_seg: 89.6320  aux_0.loss_ce: 0.3420  aux_0.acc_seg: 84.4523
2026/07/22 13:25:34 - mmengine - INFO - Iter(train) [ 27200/160000]  lr: 8.5539e-03  eta: 13:00:33  time: 0.3529  data_time: 0.0279  memory: 8741  loss: 1.1840  decode.loss_ohem: 0.7724  decode.acc_seg: 92.0459  aux_0.loss_ce: 0.4117  aux_0.acc_seg: 88.5215
2026/07/22 13:26:09 - mmengine - INFO - Iter(train) [ 27300/160000]  lr: 8.5481e-03  eta: 12:59:57  time: 0.3494  data_time: 0.0263  memory: 8742  loss: 1.1227  decode.loss_ohem: 0.7627  decode.acc_seg: 93.4331  aux_0.loss_ce: 0.3600  aux_0.acc_seg: 91.1194
2026/07/22 13:26:44 - mmengine - INFO - Iter(train) [ 27400/160000]  lr: 8.5423e-03  eta: 12:59:21  time: 0.3523  data_time: 0.0277  memory: 8740  loss: 1.0914  decode.loss_ohem: 0.7306  decode.acc_seg: 91.1836  aux_0.loss_ce: 0.3608  aux_0.acc_seg: 85.8891
2026/07/22 13:27:19 - mmengine - INFO - Iter(train) [ 27500/160000]  lr: 8.5365e-03  eta: 12:58:45  time: 0.3525  data_time: 0.0277  memory: 8742  loss: 1.1582  decode.loss_ohem: 0.7702  decode.acc_seg: 92.1033  aux_0.loss_ce: 0.3880  aux_0.acc_seg: 90.2716
2026/07/22 13:27:55 - mmengine - INFO - Iter(train) [ 27600/160000]  lr: 8.5307e-03  eta: 12:58:10  time: 0.3516  data_time: 0.0273  memory: 8741  loss: 1.1565  decode.loss_ohem: 0.7881  decode.acc_seg: 89.9875  aux_0.loss_ce: 0.3684  aux_0.acc_seg: 87.4769
2026/07/22 13:28:30 - mmengine - INFO - Iter(train) [ 27700/160000]  lr: 8.5249e-03  eta: 12:57:34  time: 0.3535  data_time: 0.0289  memory: 8742  loss: 1.2548  decode.loss_ohem: 0.8280  decode.acc_seg: 91.0605  aux_0.loss_ce: 0.4268  aux_0.acc_seg: 87.3443
2026/07/22 13:29:05 - mmengine - INFO - Iter(train) [ 27800/160000]  lr: 8.5191e-03  eta: 12:56:59  time: 0.3554  data_time: 0.0289  memory: 8740  loss: 1.2795  decode.loss_ohem: 0.8372  decode.acc_seg: 87.3559  aux_0.loss_ce: 0.4422  aux_0.acc_seg: 81.9890
2026/07/22 13:29:40 - mmengine - INFO - Iter(train) [ 27900/160000]  lr: 8.5133e-03  eta: 12:56:24  time: 0.3499  data_time: 0.0266  memory: 8741  loss: 1.1380  decode.loss_ohem: 0.7697  decode.acc_seg: 90.6178  aux_0.loss_ce: 0.3683  aux_0.acc_seg: 85.4600
2026/07/22 13:30:16 - mmengine - INFO - Exp name: dsanet_cityscapes_512x1024_20260722_104438
2026/07/22 13:30:16 - mmengine - INFO - Iter(train) [ 28000/160000]  lr: 8.5075e-03  eta: 12:55:48  time: 0.3505  data_time: 0.0273  memory: 8741  loss: 1.1626  decode.loss_ohem: 0.7666  decode.acc_seg: 88.1977  aux_0.loss_ce: 0.3960  aux_0.acc_seg: 84.0421
2026/07/22 13:30:51 - mmengine - INFO - Iter(train) [ 28100/160000]  lr: 8.5017e-03  eta: 12:55:12  time: 0.3479  data_time: 0.0257  memory: 8741  loss: 1.1832  decode.loss_ohem: 0.8001  decode.acc_seg: 89.9902  aux_0.loss_ce: 0.3831  aux_0.acc_seg: 82.5249
2026/07/22 13:31:26 - mmengine - INFO - Iter(train) [ 28200/160000]  lr: 8.4959e-03  eta: 12:54:36  time: 0.3520  data_time: 0.0281  memory: 8741  loss: 1.1946  decode.loss_ohem: 0.7942  decode.acc_seg: 90.1738  aux_0.loss_ce: 0.4004  aux_0.acc_seg: 86.9999
2026/07/22 13:32:01 - mmengine - INFO - Iter(train) [ 28300/160000]  lr: 8.4902e-03  eta: 12:54:01  time: 0.3514  data_time: 0.0268  memory: 8740  loss: 1.1012  decode.loss_ohem: 0.7236  decode.acc_seg: 91.4115  aux_0.loss_ce: 0.3776  aux_0.acc_seg: 87.5414
2026/07/22 13:32:36 - mmengine - INFO - Iter(train) [ 28400/160000]  lr: 8.4844e-03  eta: 12:53:25  time: 0.3494  data_time: 0.0266  memory: 8742  loss: 1.2184  decode.loss_ohem: 0.8166  decode.acc_seg: 89.5652  aux_0.loss_ce: 0.4018  aux_0.acc_seg: 85.8253
2026/07/22 13:33:11 - mmengine - INFO - Iter(train) [ 28500/160000]  lr: 8.4786e-03  eta: 12:52:49  time: 0.3512  data_time: 0.0268  memory: 8743  loss: 1.1663  decode.loss_ohem: 0.7625  decode.acc_seg: 88.4318  aux_0.loss_ce: 0.4038  aux_0.acc_seg: 85.7783
2026/07/22 13:33:46 - mmengine - INFO - Iter(train) [ 28600/160000]  lr: 8.4728e-03  eta: 12:52:13  time: 0.3500  data_time: 0.0266  memory: 8740  loss: 1.2173  decode.loss_ohem: 0.8091  decode.acc_seg: 88.4321  aux_0.loss_ce: 0.4082  aux_0.acc_seg: 83.3297
2026/07/22 13:34:22 - mmengine - INFO - Iter(train) [ 28700/160000]  lr: 8.4670e-03  eta: 12:51:37  time: 0.3506  data_time: 0.0268  memory: 8741  loss: 1.1756  decode.loss_ohem: 0.7748  decode.acc_seg: 91.3160  aux_0.loss_ce: 0.4007  aux_0.acc_seg: 85.1894
2026/07/22 13:34:57 - mmengine - INFO - Iter(train) [ 28800/160000]  lr: 8.4612e-03  eta: 12:51:01  time: 0.3502  data_time: 0.0263  memory: 8740  loss: 1.1530  decode.loss_ohem: 0.7591  decode.acc_seg: 87.7016  aux_0.loss_ce: 0.3939  aux_0.acc_seg: 83.5677
2026/07/22 13:35:32 - mmengine - INFO - Iter(train) [ 28900/160000]  lr: 8.4554e-03  eta: 12:50:25  time: 0.3509  data_time: 0.0276  memory: 8741  loss: 1.0494  decode.loss_ohem: 0.7032  decode.acc_seg: 90.6176  aux_0.loss_ce: 0.3462  aux_0.acc_seg: 84.3645
2026/07/22 13:36:07 - mmengine - INFO - Exp name: dsanet_cityscapes_512x1024_20260722_104438
2026/07/22 13:36:07 - mmengine - INFO - Iter(train) [ 29000/160000]  lr: 8.4496e-03  eta: 12:49:49  time: 0.3507  data_time: 0.0266  memory: 8743  loss: 1.1421  decode.loss_ohem: 0.7476  decode.acc_seg: 90.5328  aux_0.loss_ce: 0.3944  aux_0.acc_seg: 86.2352
2026/07/22 13:36:42 - mmengine - INFO - Iter(train) [ 29100/160000]  lr: 8.4438e-03  eta: 12:49:13  time: 0.3509  data_time: 0.0278  memory: 8740  loss: 1.2784  decode.loss_ohem: 0.8503  decode.acc_seg: 89.7891  aux_0.loss_ce: 0.4281  aux_0.acc_seg: 84.7498
2026/07/22 13:37:17 - mmengine - INFO - Iter(train) [ 29200/160000]  lr: 8.4380e-03  eta: 12:48:37  time: 0.3500  data_time: 0.0271  memory: 8742  loss: 1.1672  decode.loss_ohem: 0.8028  decode.acc_seg: 93.4347  aux_0.loss_ce: 0.3644  aux_0.acc_seg: 90.8144
2026/07/22 13:37:52 - mmengine - INFO - Iter(train) [ 29300/160000]  lr: 8.4322e-03  eta: 12:48:00  time: 0.3500  data_time: 0.0274  memory: 8741  loss: 1.2072  decode.loss_ohem: 0.7841  decode.acc_seg: 80.3221  aux_0.loss_ce: 0.4231  aux_0.acc_seg: 74.2995
2026/07/22 13:38:27 - mmengine - INFO - Iter(train) [ 29400/160000]  lr: 8.4264e-03  eta: 12:47:25  time: 0.3515  data_time: 0.0271  memory: 8741  loss: 1.2228  decode.loss_ohem: 0.7889  decode.acc_seg: 90.6311  aux_0.loss_ce: 0.4339  aux_0.acc_seg: 86.3600
2026/07/22 13:39:02 - mmengine - INFO - Iter(train) [ 29500/160000]  lr: 8.4206e-03  eta: 12:46:48  time: 0.3517  data_time: 0.0281  memory: 8740  loss: 1.1537  decode.loss_ohem: 0.7744  decode.acc_seg: 91.0699  aux_0.loss_ce: 0.3793  aux_0.acc_seg: 85.8706
2026/07/22 13:39:37 - mmengine - INFO - Iter(train) [ 29600/160000]  lr: 8.4148e-03  eta: 12:46:12  time: 0.3504  data_time: 0.0270  memory: 8741  loss: 1.2253  decode.loss_ohem: 0.8257  decode.acc_seg: 90.9378  aux_0.loss_ce: 0.3997  aux_0.acc_seg: 86.9798
2026/07/22 13:40:12 - mmengine - INFO - Iter(train) [ 29700/160000]  lr: 8.4090e-03  eta: 12:45:36  time: 0.3512  data_time: 0.0275  memory: 8741  loss: 1.3033  decode.loss_ohem: 0.9006  decode.acc_seg: 89.9311  aux_0.loss_ce: 0.4027  aux_0.acc_seg: 87.2806
2026/07/22 13:40:47 - mmengine - INFO - Iter(train) [ 29800/160000]  lr: 8.4032e-03  eta: 12:44:59  time: 0.3475  data_time: 0.0256  memory: 8742  loss: 1.2380  decode.loss_ohem: 0.8338  decode.acc_seg: 87.7587  aux_0.loss_ce: 0.4042  aux_0.acc_seg: 82.5449
2026/07/22 13:41:22 - mmengine - INFO - Iter(train) [ 29900/160000]  lr: 8.3974e-03  eta: 12:44:22  time: 0.3497  data_time: 0.0266  memory: 8740  loss: 1.1064  decode.loss_ohem: 0.7282  decode.acc_seg: 88.2560  aux_0.loss_ce: 0.3782  aux_0.acc_seg: 85.9810
2026/07/22 13:41:57 - mmengine - INFO - Exp name: dsanet_cityscapes_512x1024_20260722_104438
2026/07/22 13:41:57 - mmengine - INFO - Iter(train) [ 30000/160000]  lr: 8.3916e-03  eta: 12:43:45  time: 0.3495  data_time: 0.0264  memory: 8741  loss: 1.2535  decode.loss_ohem: 0.8308  decode.acc_seg: 88.0027  aux_0.loss_ce: 0.4227  aux_0.acc_seg: 88.0484
2026/07/22 13:41:57 - mmengine - INFO - Saving checkpoint at 30000 iterations
2026/07/22 13:42:02 - mmengine - INFO - Iter(val) [100/250]    eta: 0:00:06  time: 0.0414  data_time: 0.0091  memory: 729  
2026/07/22 13:42:06 - mmengine - INFO - Iter(val) [200/250]    eta: 0:00:02  time: 0.0416  data_time: 0.0094  memory: 729  
2026/07/22 13:42:08 - mmengine - INFO - per class results:
2026/07/22 13:42:08 - mmengine - INFO - 
+---------------+-------+-------+
|     Class     |  IoU  |  Acc  |
+---------------+-------+-------+
|      road     | 96.14 | 97.62 |
|    sidewalk   | 73.96 | 84.16 |
|    building   | 85.83 | 94.41 |
|      wall     | 18.34 | 19.98 |
|     fence     | 38.87 | 46.82 |
|      pole     | 41.83 | 46.89 |
| traffic light | 34.21 | 39.32 |
|  traffic sign |  57.0 | 65.22 |
|   vegetation  | 87.12 |  93.1 |
|    terrain    | 48.29 | 78.92 |
|      sky      | 90.45 | 96.73 |
|     person    | 61.63 | 83.92 |
|     rider     | 39.65 | 48.74 |
|      car      | 87.84 | 95.93 |
|     truck     | 36.41 | 51.43 |
|      bus      | 51.05 | 74.98 |
|     train     | 19.93 |  41.5 |
|   motorcycle  |  20.3 | 22.28 |
|    bicycle    | 60.71 | 76.44 |
+---------------+-------+-------+
2026/07/22 13:42:08 - mmengine - INFO - Iter(val) [250/250]    aAcc: 92.2600  mIoU: 55.2400  mAcc: 66.2300  data_time: 0.0109  time: 0.0436
2026/07/22 13:42:43 - mmengine - INFO - Iter(train) [ 30100/160000]  lr: 8.3858e-03  eta: 12:43:09  time: 0.3520  data_time: 0.0278  memory: 8740  loss: 1.1617  decode.loss_ohem: 0.7922  decode.acc_seg: 90.8793  aux_0.loss_ce: 0.3694  aux_0.acc_seg: 87.1863
2026/07/22 13:43:18 - mmengine - INFO - Iter(train) [ 30200/160000]  lr: 8.3800e-03  eta: 12:42:34  time: 0.3512  data_time: 0.0276  memory: 8740  loss: 1.1515  decode.loss_ohem: 0.7694  decode.acc_seg: 91.2268  aux_0.loss_ce: 0.3821  aux_0.acc_seg: 88.4594
2026/07/22 13:43:54 - mmengine - INFO - Iter(train) [ 30300/160000]  lr: 8.3742e-03  eta: 12:41:58  time: 0.3507  data_time: 0.0276  memory: 8740  loss: 1.2250  decode.loss_ohem: 0.8267  decode.acc_seg: 88.8658  aux_0.loss_ce: 0.3983  aux_0.acc_seg: 83.8041
2026/07/22 13:44:29 - mmengine - INFO - Iter(train) [ 30400/160000]  lr: 8.3684e-03  eta: 12:41:23  time: 0.3518  data_time: 0.0269  memory: 8742  loss: 1.1918  decode.loss_ohem: 0.7838  decode.acc_seg: 87.0400  aux_0.loss_ce: 0.4080  aux_0.acc_seg: 83.2204
2026/07/22 13:45:04 - mmengine - INFO - Iter(train) [ 30500/160000]  lr: 8.3626e-03  eta: 12:40:48  time: 0.3510  data_time: 0.0264  memory: 8742  loss: 1.2047  decode.loss_ohem: 0.8185  decode.acc_seg: 85.0629  aux_0.loss_ce: 0.3862  aux_0.acc_seg: 78.4748
2026/07/22 13:45:40 - mmengine - INFO - Iter(train) [ 30600/160000]  lr: 8.3568e-03  eta: 12:40:15  time: 0.3590  data_time: 0.0311  memory: 8741  loss: 1.0904  decode.loss_ohem: 0.7133  decode.acc_seg: 90.8592  aux_0.loss_ce: 0.3771  aux_0.acc_seg: 86.6214
2026/07/22 13:46:15 - mmengine - INFO - Iter(train) [ 30700/160000]  lr: 8.3509e-03  eta: 12:39:41  time: 0.3514  data_time: 0.0284  memory: 8742  loss: 1.1458  decode.loss_ohem: 0.7492  decode.acc_seg: 90.8077  aux_0.loss_ce: 0.3966  aux_0.acc_seg: 87.6063
2026/07/22 13:46:51 - mmengine - INFO - Iter(train) [ 30800/160000]  lr: 8.3451e-03  eta: 12:39:05  time: 0.3486  data_time: 0.0261  memory: 8742  loss: 1.1275  decode.loss_ohem: 0.7184  decode.acc_seg: 88.7265  aux_0.loss_ce: 0.4091  aux_0.acc_seg: 81.4966
2026/07/22 13:47:26 - mmengine - INFO - Iter(train) [ 30900/160000]  lr: 8.3393e-03  eta: 12:38:29  time: 0.3500  data_time: 0.0269  memory: 8740  loss: 1.2842  decode.loss_ohem: 0.8528  decode.acc_seg: 93.2344  aux_0.loss_ce: 0.4314  aux_0.acc_seg: 88.9073
2026/07/22 13:48:01 - mmengine - INFO - Exp name: dsanet_cityscapes_512x1024_20260722_104438
2026/07/22 13:48:01 - mmengine - INFO - Iter(train) [ 31000/160000]  lr: 8.3335e-03  eta: 12:37:53  time: 0.3512  data_time: 0.0279  memory: 8740  loss: 1.2193  decode.loss_ohem: 0.8331  decode.acc_seg: 92.2160  aux_0.loss_ce: 0.3862  aux_0.acc_seg: 86.3848
2026/07/22 13:48:36 - mmengine - INFO - Iter(train) [ 31100/160000]  lr: 8.3277e-03  eta: 12:37:17  time: 0.3500  data_time: 0.0277  memory: 8741  loss: 1.2435  decode.loss_ohem: 0.8060  decode.acc_seg: 90.3349  aux_0.loss_ce: 0.4376  aux_0.acc_seg: 86.3394
2026/07/22 13:49:11 - mmengine - INFO - Iter(train) [ 31200/160000]  lr: 8.3219e-03  eta: 12:36:41  time: 0.3496  data_time: 0.0268  memory: 8740  loss: 1.2068  decode.loss_ohem: 0.8136  decode.acc_seg: 92.0688  aux_0.loss_ce: 0.3932  aux_0.acc_seg: 89.9453
2026/07/22 13:49:46 - mmengine - INFO - Iter(train) [ 31300/160000]  lr: 8.3161e-03  eta: 12:36:04  time: 0.3506  data_time: 0.0281  memory: 8742  loss: 1.1233  decode.loss_ohem: 0.7499  decode.acc_seg: 89.6151  aux_0.loss_ce: 0.3734  aux_0.acc_seg: 81.6459
2026/07/22 13:50:21 - mmengine - INFO - Iter(train) [ 31400/160000]  lr: 8.3103e-03  eta: 12:35:29  time: 0.3529  data_time: 0.0289  memory: 8741  loss: 1.2141  decode.loss_ohem: 0.8271  decode.acc_seg: 84.5860  aux_0.loss_ce: 0.3871  aux_0.acc_seg: 81.0793
2026/07/22 13:50:56 - mmengine - INFO - Iter(train) [ 31500/160000]  lr: 8.3045e-03  eta: 12:34:54  time: 0.3546  data_time: 0.0308  memory: 8740  loss: 1.1695  decode.loss_ohem: 0.7843  decode.acc_seg: 90.5727  aux_0.loss_ce: 0.3852  aux_0.acc_seg: 87.8458
2026/07/22 13:51:31 - mmengine - INFO - Iter(train) [ 31600/160000]  lr: 8.2987e-03  eta: 12:34:18  time: 0.3535  data_time: 0.0301  memory: 8741  loss: 1.1193  decode.loss_ohem: 0.7841  decode.acc_seg: 92.5682  aux_0.loss_ce: 0.3352  aux_0.acc_seg: 88.3174
2026/07/22 13:52:06 - mmengine - INFO - Iter(train) [ 31700/160000]  lr: 8.2929e-03  eta: 12:33:41  time: 0.3491  data_time: 0.0272  memory: 8740  loss: 1.1432  decode.loss_ohem: 0.7578  decode.acc_seg: 89.9096  aux_0.loss_ce: 0.3854  aux_0.acc_seg: 86.4147
2026/07/22 13:52:41 - mmengine - INFO - Iter(train) [ 31800/160000]  lr: 8.2871e-03  eta: 12:33:05  time: 0.3526  data_time: 0.0296  memory: 8742  loss: 1.1135  decode.loss_ohem: 0.7596  decode.acc_seg: 89.9560  aux_0.loss_ce: 0.3539  aux_0.acc_seg: 86.8008
2026/07/22 13:53:17 - mmengine - INFO - Iter(train) [ 31900/160000]  lr: 8.2812e-03  eta: 12:32:30  time: 0.3533  data_time: 0.0301  memory: 8741  loss: 1.0920  decode.loss_ohem: 0.7685  decode.acc_seg: 92.0263  aux_0.loss_ce: 0.3235  aux_0.acc_seg: 88.6164
2026/07/22 13:53:52 - mmengine - INFO - Exp name: dsanet_cityscapes_512x1024_20260722_104438
2026/07/22 13:53:52 - mmengine - INFO - Iter(train) [ 32000/160000]  lr: 8.2754e-03  eta: 12:31:54  time: 0.3493  data_time: 0.0273  memory: 8742  loss: 1.1117  decode.loss_ohem: 0.7647  decode.acc_seg: 90.8758  aux_0.loss_ce: 0.3470  aux_0.acc_seg: 87.0236
2026/07/22 13:54:27 - mmengine - INFO - Iter(train) [ 32100/160000]  lr: 8.2696e-03  eta: 12:31:18  time: 0.3537  data_time: 0.0303  memory: 8741  loss: 1.2532  decode.loss_ohem: 0.8285  decode.acc_seg: 85.5250  aux_0.loss_ce: 0.4247  aux_0.acc_seg: 81.6939
2026/07/22 13:55:02 - mmengine - INFO - Iter(train) [ 32200/160000]  lr: 8.2638e-03  eta: 12:30:43  time: 0.3516  data_time: 0.0290  memory: 8741  loss: 1.1591  decode.loss_ohem: 0.7895  decode.acc_seg: 90.3751  aux_0.loss_ce: 0.3696  aux_0.acc_seg: 86.0370
2026/07/22 13:55:37 - mmengine - INFO - Iter(train) [ 32300/160000]  lr: 8.2580e-03  eta: 12:30:07  time: 0.3471  data_time: 0.0259  memory: 8739  loss: 1.1507  decode.loss_ohem: 0.7519  decode.acc_seg: 88.9104  aux_0.loss_ce: 0.3988  aux_0.acc_seg: 84.8909
2026/07/22 13:56:12 - mmengine - INFO - Iter(train) [ 32400/160000]  lr: 8.2522e-03  eta: 12:29:32  time: 0.3533  data_time: 0.0299  memory: 8740  loss: 1.2076  decode.loss_ohem: 0.8219  decode.acc_seg: 87.6379  aux_0.loss_ce: 0.3857  aux_0.acc_seg: 83.3117
2026/07/22 13:56:48 - mmengine - INFO - Iter(train) [ 32500/160000]  lr: 8.2464e-03  eta: 12:28:56  time: 0.3501  data_time: 0.0280  memory: 8740  loss: 1.1440  decode.loss_ohem: 0.7735  decode.acc_seg: 90.2952  aux_0.loss_ce: 0.3705  aux_0.acc_seg: 87.8686
2026/07/22 13:57:23 - mmengine - INFO - Iter(train) [ 32600/160000]  lr: 8.2406e-03  eta: 12:28:21  time: 0.3479  data_time: 0.0262  memory: 8742  loss: 1.0685  decode.loss_ohem: 0.7222  decode.acc_seg: 90.9380  aux_0.loss_ce: 0.3463  aux_0.acc_seg: 87.9697
2026/07/22 13:57:58 - mmengine - INFO - Iter(train) [ 32700/160000]  lr: 8.2347e-03  eta: 12:27:45  time: 0.3518  data_time: 0.0284  memory: 8742  loss: 1.2173  decode.loss_ohem: 0.8062  decode.acc_seg: 87.4995  aux_0.loss_ce: 0.4111  aux_0.acc_seg: 82.3593
2026/07/22 13:58:33 - mmengine - INFO - Iter(train) [ 32800/160000]  lr: 8.2289e-03  eta: 12:27:10  time: 0.3583  data_time: 0.0330  memory: 8741  loss: 1.0844  decode.loss_ohem: 0.7350  decode.acc_seg: 90.6750  aux_0.loss_ce: 0.3494  aux_0.acc_seg: 86.7483
2026/07/22 13:59:08 - mmengine - INFO - Iter(train) [ 32900/160000]  lr: 8.2231e-03  eta: 12:26:34  time: 0.3502  data_time: 0.0277  memory: 8741  loss: 1.2224  decode.loss_ohem: 0.8507  decode.acc_seg: 92.8726  aux_0.loss_ce: 0.3716  aux_0.acc_seg: 88.3411
2026/07/22 13:59:43 - mmengine - INFO - Exp name: dsanet_cityscapes_512x1024_20260722_104438
2026/07/22 13:59:43 - mmengine - INFO - Iter(train) [ 33000/160000]  lr: 8.2173e-03  eta: 12:25:58  time: 0.3520  data_time: 0.0298  memory: 8740  loss: 1.1922  decode.loss_ohem: 0.7977  decode.acc_seg: 92.2398  aux_0.loss_ce: 0.3944  aux_0.acc_seg: 88.7421
2026/07/22 14:00:18 - mmengine - INFO - Iter(train) [ 33100/160000]  lr: 8.2115e-03  eta: 12:25:22  time: 0.3493  data_time: 0.0270  memory: 8740  loss: 1.1050  decode.loss_ohem: 0.7714  decode.acc_seg: 91.3863  aux_0.loss_ce: 0.3336  aux_0.acc_seg: 85.7773
2026/07/22 14:00:53 - mmengine - INFO - Iter(train) [ 33200/160000]  lr: 8.2057e-03  eta: 12:24:46  time: 0.3553  data_time: 0.0318  memory: 8742  loss: 1.1770  decode.loss_ohem: 0.7910  decode.acc_seg: 91.9783  aux_0.loss_ce: 0.3860  aux_0.acc_seg: 89.2813
2026/07/22 14:01:29 - mmengine - INFO - Iter(train) [ 33300/160000]  lr: 8.1998e-03  eta: 12:24:10  time: 0.3543  data_time: 0.0293  memory: 8741  loss: 1.0897  decode.loss_ohem: 0.7247  decode.acc_seg: 89.3911  aux_0.loss_ce: 0.3650  aux_0.acc_seg: 85.4476
2026/07/22 14:02:04 - mmengine - INFO - Iter(train) [ 33400/160000]  lr: 8.1940e-03  eta: 12:23:34  time: 0.3498  data_time: 0.0277  memory: 8740  loss: 1.1367  decode.loss_ohem: 0.7640  decode.acc_seg: 89.8724  aux_0.loss_ce: 0.3728  aux_0.acc_seg: 83.9351
2026/07/22 14:02:39 - mmengine - INFO - Iter(train) [ 33500/160000]  lr: 8.1882e-03  eta: 12:22:59  time: 0.3576  data_time: 0.0327  memory: 8739  loss: 1.2221  decode.loss_ohem: 0.8054  decode.acc_seg: 89.1477  aux_0.loss_ce: 0.4167  aux_0.acc_seg: 86.4885
2026/07/22 14:03:14 - mmengine - INFO - Iter(train) [ 33600/160000]  lr: 8.1824e-03  eta: 12:22:23  time: 0.3499  data_time: 0.0274  memory: 8740  loss: 1.2471  decode.loss_ohem: 0.8263  decode.acc_seg: 88.8174  aux_0.loss_ce: 0.4208  aux_0.acc_seg: 85.9734
2026/07/22 14:03:49 - mmengine - INFO - Iter(train) [ 33700/160000]  lr: 8.1766e-03  eta: 12:21:47  time: 0.3547  data_time: 0.0304  memory: 8740  loss: 1.0638  decode.loss_ohem: 0.7223  decode.acc_seg: 92.1319  aux_0.loss_ce: 0.3414  aux_0.acc_seg: 88.6406
2026/07/22 14:04:24 - mmengine - INFO - Iter(train) [ 33800/160000]  lr: 8.1707e-03  eta: 12:21:12  time: 0.3521  data_time: 0.0285  memory: 8740  loss: 1.1320  decode.loss_ohem: 0.7930  decode.acc_seg: 92.8749  aux_0.loss_ce: 0.3390  aux_0.acc_seg: 90.1554
2026/07/22 14:04:59 - mmengine - INFO - Iter(train) [ 33900/160000]  lr: 8.1649e-03  eta: 12:20:36  time: 0.3508  data_time: 0.0280  memory: 8741  loss: 1.1382  decode.loss_ohem: 0.7731  decode.acc_seg: 91.0353  aux_0.loss_ce: 0.3651  aux_0.acc_seg: 87.6673
2026/07/22 14:05:34 - mmengine - INFO - Exp name: dsanet_cityscapes_512x1024_20260722_104438
2026/07/22 14:05:34 - mmengine - INFO - Iter(train) [ 34000/160000]  lr: 8.1591e-03  eta: 12:20:00  time: 0.3507  data_time: 0.0275  memory: 8741  loss: 1.2364  decode.loss_ohem: 0.8213  decode.acc_seg: 89.9452  aux_0.loss_ce: 0.4152  aux_0.acc_seg: 87.2387
2026/07/22 14:06:10 - mmengine - INFO - Iter(train) [ 34100/160000]  lr: 8.1533e-03  eta: 12:19:25  time: 0.3501  data_time: 0.0281  memory: 8741  loss: 1.2001  decode.loss_ohem: 0.8302  decode.acc_seg: 87.1260  aux_0.loss_ce: 0.3698  aux_0.acc_seg: 82.2675
2026/07/22 14:06:45 - mmengine - INFO - Iter(train) [ 34200/160000]  lr: 8.1475e-03  eta: 12:18:49  time: 0.3542  data_time: 0.0298  memory: 8741  loss: 1.2478  decode.loss_ohem: 0.8329  decode.acc_seg: 91.3502  aux_0.loss_ce: 0.4149  aux_0.acc_seg: 89.0228
2026/07/22 14:07:20 - mmengine - INFO - Iter(train) [ 34300/160000]  lr: 8.1416e-03  eta: 12:18:14  time: 0.3500  data_time: 0.0271  memory: 8740  loss: 1.2028  decode.loss_ohem: 0.8132  decode.acc_seg: 89.3117  aux_0.loss_ce: 0.3896  aux_0.acc_seg: 85.1801
2026/07/22 14:07:55 - mmengine - INFO - Iter(train) [ 34400/160000]  lr: 8.1358e-03  eta: 12:17:38  time: 0.3502  data_time: 0.0278  memory: 8742  loss: 1.1568  decode.loss_ohem: 0.7642  decode.acc_seg: 87.3658  aux_0.loss_ce: 0.3926  aux_0.acc_seg: 80.0505
2026/07/22 14:08:30 - mmengine - INFO - Iter(train) [ 34500/160000]  lr: 8.1300e-03  eta: 12:17:02  time: 0.3509  data_time: 0.0285  memory: 8740  loss: 1.1308  decode.loss_ohem: 0.7638  decode.acc_seg: 91.4063  aux_0.loss_ce: 0.3670  aux_0.acc_seg: 87.4535
2026/07/22 14:09:05 - mmengine - INFO - Iter(train) [ 34600/160000]  lr: 8.1242e-03  eta: 12:16:27  time: 0.3505  data_time: 0.0281  memory: 8740  loss: 1.1248  decode.loss_ohem: 0.7698  decode.acc_seg: 92.4389  aux_0.loss_ce: 0.3550  aux_0.acc_seg: 88.8635
2026/07/22 14:09:41 - mmengine - INFO - Iter(train) [ 34700/160000]  lr: 8.1184e-03  eta: 12:15:52  time: 0.3498  data_time: 0.0274  memory: 8741  loss: 1.1529  decode.loss_ohem: 0.7601  decode.acc_seg: 93.2038  aux_0.loss_ce: 0.3928  aux_0.acc_seg: 89.0296
2026/07/22 14:10:16 - mmengine - INFO - Iter(train) [ 34800/160000]  lr: 8.1125e-03  eta: 12:15:16  time: 0.3493  data_time: 0.0263  memory: 8741  loss: 1.1290  decode.loss_ohem: 0.7569  decode.acc_seg: 90.8697  aux_0.loss_ce: 0.3720  aux_0.acc_seg: 87.9594
2026/07/22 14:10:51 - mmengine - INFO - Iter(train) [ 34900/160000]  lr: 8.1067e-03  eta: 12:14:39  time: 0.3502  data_time: 0.0270  memory: 8740  loss: 1.1126  decode.loss_ohem: 0.7506  decode.acc_seg: 88.9234  aux_0.loss_ce: 0.3620  aux_0.acc_seg: 83.4082
2026/07/22 14:11:26 - mmengine - INFO - Exp name: dsanet_cityscapes_512x1024_20260722_104438
2026/07/22 14:11:26 - mmengine - INFO - Iter(train) [ 35000/160000]  lr: 8.1009e-03  eta: 12:14:03  time: 0.3512  data_time: 0.0284  memory: 8742  loss: 1.2032  decode.loss_ohem: 0.8140  decode.acc_seg: 91.7846  aux_0.loss_ce: 0.3892  aux_0.acc_seg: 88.6136
2026/07/22 14:11:26 - mmengine - INFO - Saving checkpoint at 35000 iterations
2026/07/22 14:11:31 - mmengine - INFO - Iter(val) [100/250]    eta: 0:00:07  time: 0.0450  data_time: 0.0122  memory: 729  
2026/07/22 14:11:35 - mmengine - INFO - Iter(val) [200/250]    eta: 0:00:02  time: 0.0448  data_time: 0.0107  memory: 729  
2026/07/22 14:11:38 - mmengine - INFO - per class results:
2026/07/22 14:11:38 - mmengine - INFO - 
+---------------+-------+-------+
|     Class     |  IoU  |  Acc  |
+---------------+-------+-------+
|      road     |  96.2 |  98.4 |
|    sidewalk   | 74.12 | 82.15 |
|    building   | 85.89 | 95.25 |
|      wall     | 21.09 | 23.12 |
|     fence     |  32.6 | 43.32 |
|      pole     |  48.5 | 60.52 |
| traffic light | 38.71 | 48.58 |
|  traffic sign | 59.11 | 76.49 |
|   vegetation  |  88.2 |  92.3 |
|    terrain    | 50.54 | 58.32 |
|      sky      | 87.51 | 98.42 |
|     person    | 68.13 | 82.88 |
|     rider     | 36.07 |  42.3 |
|      car      | 89.01 | 95.33 |
|     truck     | 42.28 | 49.28 |
|      bus      | 59.39 | 83.72 |
|     train     | 26.85 | 33.17 |
|   motorcycle  | 17.07 | 18.04 |
|    bicycle    |  63.7 | 81.29 |
+---------------+-------+-------+
2026/07/22 14:11:38 - mmengine - INFO - Iter(val) [250/250]    aAcc: 92.6500  mIoU: 57.1000  mAcc: 66.4700  data_time: 0.0128  time: 0.0467
2026/07/22 14:11:38 - mmengine - INFO - The previous best checkpoint /root/autodl-tmp/DSANet-main/tools/work_dirs/dsanet_cityscapes_512x1024/best_mIoU_iter_25000.pth is removed
2026/07/22 14:11:38 - mmengine - INFO - The best checkpoint with 57.1000 mIoU at 35000 iter is saved to best_mIoU_iter_35000.pth.
2026/07/22 14:12:14 - mmengine - INFO - Iter(train) [ 35100/160000]  lr: 8.0951e-03  eta: 12:13:31  time: 0.3499  data_time: 0.0278  memory: 8742  loss: 1.1854  decode.loss_ohem: 0.7885  decode.acc_seg: 87.6773  aux_0.loss_ce: 0.3968  aux_0.acc_seg: 80.7664
2026/07/22 14:12:49 - mmengine - INFO - Iter(train) [ 35200/160000]  lr: 8.0892e-03  eta: 12:12:56  time: 0.3545  data_time: 0.0300  memory: 8741  loss: 1.1870  decode.loss_ohem: 0.7762  decode.acc_seg: 90.0566  aux_0.loss_ce: 0.4108  aux_0.acc_seg: 85.5035
2026/07/22 14:13:24 - mmengine - INFO - Iter(train) [ 35300/160000]  lr: 8.0834e-03  eta: 12:12:21  time: 0.3490  data_time: 0.0266  memory: 8741  loss: 1.1721  decode.loss_ohem: 0.7850  decode.acc_seg: 90.7631  aux_0.loss_ce: 0.3870  aux_0.acc_seg: 87.3403
2026/07/22 14:13:59 - mmengine - INFO - Iter(train) [ 35400/160000]  lr: 8.0776e-03  eta: 12:11:45  time: 0.3511  data_time: 0.0275  memory: 8741  loss: 1.1814  decode.loss_ohem: 0.7824  decode.acc_seg: 86.8884  aux_0.loss_ce: 0.3990  aux_0.acc_seg: 82.4373
2026/07/22 14:14:34 - mmengine - INFO - Iter(train) [ 35500/160000]  lr: 8.0717e-03  eta: 12:11:09  time: 0.3500  data_time: 0.0272  memory: 8741  loss: 1.2648  decode.loss_ohem: 0.8355  decode.acc_seg: 85.9544  aux_0.loss_ce: 0.4293  aux_0.acc_seg: 82.5871
2026/07/22 14:15:10 - mmengine - INFO - Iter(train) [ 35600/160000]  lr: 8.0659e-03  eta: 12:10:34  time: 0.3533  data_time: 0.0297  memory: 8742  loss: 1.1332  decode.loss_ohem: 0.7421  decode.acc_seg: 90.9867  aux_0.loss_ce: 0.3912  aux_0.acc_seg: 89.5136
2026/07/22 14:15:45 - mmengine - INFO - Iter(train) [ 35700/160000]  lr: 8.0601e-03  eta: 12:09:59  time: 0.3504  data_time: 0.0273  memory: 8741  loss: 1.2706  decode.loss_ohem: 0.8776  decode.acc_seg: 89.1313  aux_0.loss_ce: 0.3930  aux_0.acc_seg: 85.6627
2026/07/22 14:16:20 - mmengine - INFO - Iter(train) [ 35800/160000]  lr: 8.0543e-03  eta: 12:09:23  time: 0.3553  data_time: 0.0311  memory: 8741  loss: 1.2129  decode.loss_ohem: 0.7993  decode.acc_seg: 87.9123  aux_0.loss_ce: 0.4135  aux_0.acc_seg: 79.3172
2026/07/22 14:16:55 - mmengine - INFO - Iter(train) [ 35900/160000]  lr: 8.0484e-03  eta: 12:08:48  time: 0.3521  data_time: 0.0289  memory: 8742  loss: 1.1672  decode.loss_ohem: 0.7916  decode.acc_seg: 91.7770  aux_0.loss_ce: 0.3757  aux_0.acc_seg: 88.8223
2026/07/22 14:17:31 - mmengine - INFO - Exp name: dsanet_cityscapes_512x1024_20260722_104438
2026/07/22 14:17:31 - mmengine - INFO - Iter(train) [ 36000/160000]  lr: 8.0426e-03  eta: 12:08:12  time: 0.3519  data_time: 0.0288  memory: 8742  loss: 1.1186  decode.loss_ohem: 0.7620  decode.acc_seg: 91.3030  aux_0.loss_ce: 0.3567  aux_0.acc_seg: 85.7911
2026/07/22 14:18:06 - mmengine - INFO - Iter(train) [ 36100/160000]  lr: 8.0368e-03  eta: 12:07:37  time: 0.3484  data_time: 0.0261  memory: 8742  loss: 1.1926  decode.loss_ohem: 0.8044  decode.acc_seg: 91.6326  aux_0.loss_ce: 0.3882  aux_0.acc_seg: 87.2052
2026/07/22 14:18:41 - mmengine - INFO - Iter(train) [ 36200/160000]  lr: 8.0309e-03  eta: 12:07:01  time: 0.3498  data_time: 0.0273  memory: 8741  loss: 1.1041  decode.loss_ohem: 0.7456  decode.acc_seg: 89.6600  aux_0.loss_ce: 0.3585  aux_0.acc_seg: 84.0869
2026/07/22 14:19:16 - mmengine - INFO - Iter(train) [ 36300/160000]  lr: 8.0251e-03  eta: 12:06:26  time: 0.3503  data_time: 0.0276  memory: 8741  loss: 1.2226  decode.loss_ohem: 0.8316  decode.acc_seg: 89.3290  aux_0.loss_ce: 0.3910  aux_0.acc_seg: 83.3777
2026/07/22 14:19:51 - mmengine - INFO - Iter(train) [ 36400/160000]  lr: 8.0193e-03  eta: 12:05:50  time: 0.3508  data_time: 0.0284  memory: 8740  loss: 1.1774  decode.loss_ohem: 0.8133  decode.acc_seg: 91.4346  aux_0.loss_ce: 0.3642  aux_0.acc_seg: 86.6527
2026/07/22 14:20:26 - mmengine - INFO - Iter(train) [ 36500/160000]  lr: 8.0134e-03  eta: 12:05:14  time: 0.3507  data_time: 0.0289  memory: 8740  loss: 1.0938  decode.loss_ohem: 0.7550  decode.acc_seg: 92.7513  aux_0.loss_ce: 0.3388  aux_0.acc_seg: 89.7768
2026/07/22 14:21:01 - mmengine - INFO - Iter(train) [ 36600/160000]  lr: 8.0076e-03  eta: 12:04:38  time: 0.3500  data_time: 0.0273  memory: 8740  loss: 1.1917  decode.loss_ohem: 0.8226  decode.acc_seg: 89.0329  aux_0.loss_ce: 0.3691  aux_0.acc_seg: 86.3207
2026/07/22 14:21:36 - mmengine - INFO - Iter(train) [ 36700/160000]  lr: 8.0018e-03  eta: 12:04:03  time: 0.3527  data_time: 0.0297  memory: 8741  loss: 1.0622  decode.loss_ohem: 0.7170  decode.acc_seg: 90.9332  aux_0.loss_ce: 0.3452  aux_0.acc_seg: 87.6104
2026/07/22 14:22:11 - mmengine - INFO - Iter(train) [ 36800/160000]  lr: 7.9959e-03  eta: 12:03:27  time: 0.3511  data_time: 0.0281  memory: 8741  loss: 1.1138  decode.loss_ohem: 0.7506  decode.acc_seg: 91.5658  aux_0.loss_ce: 0.3631  aux_0.acc_seg: 89.1861
2026/07/22 14:22:47 - mmengine - INFO - Iter(train) [ 36900/160000]  lr: 7.9901e-03  eta: 12:02:52  time: 0.3502  data_time: 0.0277  memory: 8741  loss: 1.1432  decode.loss_ohem: 0.7740  decode.acc_seg: 92.6654  aux_0.loss_ce: 0.3692  aux_0.acc_seg: 90.4705
2026/07/22 14:23:22 - mmengine - INFO - Exp name: dsanet_cityscapes_512x1024_20260722_104438
2026/07/22 14:23:22 - mmengine - INFO - Iter(train) [ 37000/160000]  lr: 7.9843e-03  eta: 12:02:16  time: 0.3497  data_time: 0.0272  memory: 8740  loss: 1.2098  decode.loss_ohem: 0.8294  decode.acc_seg: 92.9914  aux_0.loss_ce: 0.3804  aux_0.acc_seg: 90.5221
2026/07/22 14:23:57 - mmengine - INFO - Iter(train) [ 37100/160000]  lr: 7.9784e-03  eta: 12:01:40  time: 0.3516  data_time: 0.0285  memory: 8740  loss: 1.1478  decode.loss_ohem: 0.8017  decode.acc_seg: 90.7705  aux_0.loss_ce: 0.3461  aux_0.acc_seg: 86.8873
2026/07/22 14:24:32 - mmengine - INFO - Iter(train) [ 37200/160000]  lr: 7.9726e-03  eta: 12:01:05  time: 0.3531  data_time: 0.0286  memory: 8740  loss: 1.1787  decode.loss_ohem: 0.7785  decode.acc_seg: 85.2916  aux_0.loss_ce: 0.4001  aux_0.acc_seg: 86.6265
2026/07/22 14:25:07 - mmengine - INFO - Iter(train) [ 37300/160000]  lr: 7.9668e-03  eta: 12:00:29  time: 0.3508  data_time: 0.0282  memory: 8741  loss: 1.2136  decode.loss_ohem: 0.8118  decode.acc_seg: 90.8258  aux_0.loss_ce: 0.4018  aux_0.acc_seg: 84.2406
2026/07/22 14:25:42 - mmengine - INFO - Iter(train) [ 37400/160000]  lr: 7.9609e-03  eta: 11:59:54  time: 0.3492  data_time: 0.0263  memory: 8740  loss: 1.1579  decode.loss_ohem: 0.7719  decode.acc_seg: 92.8880  aux_0.loss_ce: 0.3860  aux_0.acc_seg: 86.0886
2026/07/22 14:26:17 - mmengine - INFO - Iter(train) [ 37500/160000]  lr: 7.9551e-03  eta: 11:59:18  time: 0.3496  data_time: 0.0274  memory: 8741  loss: 1.2051  decode.loss_ohem: 0.8220  decode.acc_seg: 89.7026  aux_0.loss_ce: 0.3831  aux_0.acc_seg: 84.7665
2026/07/22 14:26:53 - mmengine - INFO - Iter(train) [ 37600/160000]  lr: 7.9493e-03  eta: 11:58:43  time: 0.3549  data_time: 0.0312  memory: 8741  loss: 1.1413  decode.loss_ohem: 0.7767  decode.acc_seg: 90.4141  aux_0.loss_ce: 0.3646  aux_0.acc_seg: 88.1455
2026/07/22 14:27:28 - mmengine - INFO - Iter(train) [ 37700/160000]  lr: 7.9434e-03  eta: 11:58:07  time: 0.3527  data_time: 0.0281  memory: 8739  loss: 1.1392  decode.loss_ohem: 0.7933  decode.acc_seg: 91.6510  aux_0.loss_ce: 0.3459  aux_0.acc_seg: 90.5093
2026/07/22 14:28:03 - mmengine - INFO - Iter(train) [ 37800/160000]  lr: 7.9376e-03  eta: 11:57:32  time: 0.3508  data_time: 0.0275  memory: 8742  loss: 1.1496  decode.loss_ohem: 0.7874  decode.acc_seg: 88.5453  aux_0.loss_ce: 0.3622  aux_0.acc_seg: 84.9998
2026/07/22 14:28:39 - mmengine - INFO - Iter(train) [ 37900/160000]  lr: 7.9317e-03  eta: 11:56:58  time: 0.3532  data_time: 0.0291  memory: 8740  loss: 1.1034  decode.loss_ohem: 0.7635  decode.acc_seg: 90.5136  aux_0.loss_ce: 0.3399  aux_0.acc_seg: 88.1510
2026/07/22 14:29:14 - mmengine - INFO - Exp name: dsanet_cityscapes_512x1024_20260722_104438
2026/07/22 14:29:14 - mmengine - INFO - Iter(train) [ 38000/160000]  lr: 7.9259e-03  eta: 11:56:22  time: 0.3535  data_time: 0.0291  memory: 8740  loss: 1.1465  decode.loss_ohem: 0.7772  decode.acc_seg: 90.3215  aux_0.loss_ce: 0.3693  aux_0.acc_seg: 88.5219
2026/07/22 14:29:49 - mmengine - INFO - Iter(train) [ 38100/160000]  lr: 7.9201e-03  eta: 11:55:47  time: 0.3495  data_time: 0.0263  memory: 8741  loss: 1.0898  decode.loss_ohem: 0.7385  decode.acc_seg: 90.6174  aux_0.loss_ce: 0.3513  aux_0.acc_seg: 86.7231
2026/07/22 14:30:24 - mmengine - INFO - Iter(train) [ 38200/160000]  lr: 7.9142e-03  eta: 11:55:11  time: 0.3514  data_time: 0.0281  memory: 8740  loss: 1.1984  decode.loss_ohem: 0.8420  decode.acc_seg: 86.4679  aux_0.loss_ce: 0.3564  aux_0.acc_seg: 81.9280
2026/07/22 14:30:59 - mmengine - INFO - Iter(train) [ 38300/160000]  lr: 7.9084e-03  eta: 11:54:36  time: 0.3498  data_time: 0.0270  memory: 8742  loss: 1.1302  decode.loss_ohem: 0.7859  decode.acc_seg: 88.8666  aux_0.loss_ce: 0.3444  aux_0.acc_seg: 85.9046
2026/07/22 14:31:35 - mmengine - INFO - Iter(train) [ 38400/160000]  lr: 7.9025e-03  eta: 11:54:01  time: 0.3522  data_time: 0.0280  memory: 8741  loss: 1.1618  decode.loss_ohem: 0.7788  decode.acc_seg: 91.1192  aux_0.loss_ce: 0.3830  aux_0.acc_seg: 87.8570
2026/07/22 14:32:10 - mmengine - INFO - Iter(train) [ 38500/160000]  lr: 7.8967e-03  eta: 11:53:26  time: 0.3510  data_time: 0.0272  memory: 8740  loss: 1.1377  decode.loss_ohem: 0.7780  decode.acc_seg: 86.9634  aux_0.loss_ce: 0.3597  aux_0.acc_seg: 82.0966
2026/07/22 14:32:45 - mmengine - INFO - Iter(train) [ 38600/160000]  lr: 7.8909e-03  eta: 11:52:50  time: 0.3526  data_time: 0.0291  memory: 8740  loss: 1.1274  decode.loss_ohem: 0.7552  decode.acc_seg: 90.5033  aux_0.loss_ce: 0.3722  aux_0.acc_seg: 85.8754
2026/07/22 14:33:20 - mmengine - INFO - Iter(train) [ 38700/160000]  lr: 7.8850e-03  eta: 11:52:15  time: 0.3499  data_time: 0.0272  memory: 8741  loss: 1.1665  decode.loss_ohem: 0.8052  decode.acc_seg: 89.6569  aux_0.loss_ce: 0.3614  aux_0.acc_seg: 86.6875
2026/07/22 14:33:55 - mmengine - INFO - Iter(train) [ 38800/160000]  lr: 7.8792e-03  eta: 11:51:39  time: 0.3479  data_time: 0.0257  memory: 8743  loss: 1.1614  decode.loss_ohem: 0.7780  decode.acc_seg: 91.1079  aux_0.loss_ce: 0.3834  aux_0.acc_seg: 87.7915
2026/07/22 14:34:30 - mmengine - INFO - Iter(train) [ 38900/160000]  lr: 7.8733e-03  eta: 11:51:03  time: 0.3491  data_time: 0.0263  memory: 8740  loss: 1.1192  decode.loss_ohem: 0.7492  decode.acc_seg: 89.7729  aux_0.loss_ce: 0.3700  aux_0.acc_seg: 86.0987
2026/07/22 14:35:05 - mmengine - INFO - Exp name: dsanet_cityscapes_512x1024_20260722_104438
2026/07/22 14:35:05 - mmengine - INFO - Iter(train) [ 39000/160000]  lr: 7.8675e-03  eta: 11:50:27  time: 0.3465  data_time: 0.0243  memory: 8742  loss: 1.2149  decode.loss_ohem: 0.7967  decode.acc_seg: 86.7371  aux_0.loss_ce: 0.4183  aux_0.acc_seg: 82.2815
2026/07/22 14:35:40 - mmengine - INFO - Iter(train) [ 39100/160000]  lr: 7.8616e-03  eta: 11:49:51  time: 0.3507  data_time: 0.0268  memory: 8741  loss: 1.2887  decode.loss_ohem: 0.8660  decode.acc_seg: 87.3272  aux_0.loss_ce: 0.4227  aux_0.acc_seg: 84.1153
2026/07/22 14:36:15 - mmengine - INFO - Iter(train) [ 39200/160000]  lr: 7.8558e-03  eta: 11:49:16  time: 0.3518  data_time: 0.0272  memory: 8742  loss: 1.1664  decode.loss_ohem: 0.7748  decode.acc_seg: 91.5688  aux_0.loss_ce: 0.3916  aux_0.acc_seg: 88.1439
2026/07/22 14:36:50 - mmengine - INFO - Iter(train) [ 39300/160000]  lr: 7.8499e-03  eta: 11:48:40  time: 0.3536  data_time: 0.0269  memory: 8739  loss: 1.2226  decode.loss_ohem: 0.8319  decode.acc_seg: 89.0190  aux_0.loss_ce: 0.3907  aux_0.acc_seg: 85.4517
2026/07/22 14:37:26 - mmengine - INFO - Iter(train) [ 39400/160000]  lr: 7.8441e-03  eta: 11:48:05  time: 0.3594  data_time: 0.0326  memory: 8740  loss: 1.2864  decode.loss_ohem: 0.8621  decode.acc_seg: 92.0599  aux_0.loss_ce: 0.4243  aux_0.acc_seg: 91.1014
2026/07/22 14:38:01 - mmengine - INFO - Iter(train) [ 39500/160000]  lr: 7.8383e-03  eta: 11:47:31  time: 0.3502  data_time: 0.0269  memory: 8741  loss: 1.2159  decode.loss_ohem: 0.8373  decode.acc_seg: 86.2523  aux_0.loss_ce: 0.3786  aux_0.acc_seg: 79.7320
2026/07/22 14:38:36 - mmengine - INFO - Iter(train) [ 39600/160000]  lr: 7.8324e-03  eta: 11:46:55  time: 0.3465  data_time: 0.0249  memory: 8740  loss: 1.2434  decode.loss_ohem: 0.8236  decode.acc_seg: 89.4086  aux_0.loss_ce: 0.4198  aux_0.acc_seg: 86.4644
2026/07/22 14:39:11 - mmengine - INFO - Iter(train) [ 39700/160000]  lr: 7.8266e-03  eta: 11:46:19  time: 0.3477  data_time: 0.0251  memory: 8742  loss: 1.2173  decode.loss_ohem: 0.8305  decode.acc_seg: 89.4012  aux_0.loss_ce: 0.3868  aux_0.acc_seg: 83.5675
2026/07/22 14:39:47 - mmengine - INFO - Iter(train) [ 39800/160000]  lr: 7.8207e-03  eta: 11:45:44  time: 0.3510  data_time: 0.0269  memory: 8741  loss: 1.1229  decode.loss_ohem: 0.7594  decode.acc_seg: 92.2707  aux_0.loss_ce: 0.3636  aux_0.acc_seg: 89.7960
2026/07/22 14:40:22 - mmengine - INFO - Iter(train) [ 39900/160000]  lr: 7.8149e-03  eta: 11:45:09  time: 0.3539  data_time: 0.0287  memory: 8740  loss: 1.0894  decode.loss_ohem: 0.7017  decode.acc_seg: 91.6904  aux_0.loss_ce: 0.3876  aux_0.acc_seg: 88.9232
2026/07/22 14:40:57 - mmengine - INFO - Exp name: dsanet_cityscapes_512x1024_20260722_104438
2026/07/22 14:40:57 - mmengine - INFO - Iter(train) [ 40000/160000]  lr: 7.8090e-03  eta: 11:44:34  time: 0.3526  data_time: 0.0285  memory: 8741  loss: 1.1158  decode.loss_ohem: 0.7349  decode.acc_seg: 88.9689  aux_0.loss_ce: 0.3810  aux_0.acc_seg: 84.9885
2026/07/22 14:40:57 - mmengine - INFO - Saving checkpoint at 40000 iterations
2026/07/22 14:41:03 - mmengine - INFO - Iter(val) [100/250]    eta: 0:00:07  time: 0.0451  data_time: 0.0106  memory: 729  
2026/07/22 14:41:07 - mmengine - INFO - Iter(val) [200/250]    eta: 0:00:02  time: 0.0506  data_time: 0.0161  memory: 729  
2026/07/22 14:41:10 - mmengine - INFO - per class results:
2026/07/22 14:41:10 - mmengine - INFO - 
+---------------+-------+-------+
|     Class     |  IoU  |  Acc  |
+---------------+-------+-------+
|      road     | 96.58 | 98.75 |
|    sidewalk   | 75.13 |  83.9 |
|    building   | 85.86 |  91.6 |
|      wall     |  27.5 | 31.47 |
|     fence     | 36.67 | 41.22 |
|      pole     | 50.56 | 64.83 |
| traffic light | 43.13 | 54.13 |
|  traffic sign | 46.74 | 69.77 |
|   vegetation  | 88.61 | 95.97 |
|    terrain    | 53.87 | 69.41 |
|      sky      | 90.63 | 97.43 |
|     person    | 66.14 | 85.07 |
|     rider     | 44.81 | 60.18 |
|      car      | 89.66 | 95.76 |
|     truck     | 36.31 | 44.58 |
|      bus      | 55.24 | 75.64 |
|     train     | 13.82 | 15.38 |
|   motorcycle  |  19.7 | 21.55 |
|    bicycle    |  63.8 | 77.82 |
+---------------+-------+-------+
2026/07/22 14:41:10 - mmengine - INFO - Iter(val) [250/250]    aAcc: 92.8500  mIoU: 57.0900  mAcc: 67.0800  data_time: 0.0131  time: 0.0475
2026/07/22 14:41:45 - mmengine - INFO - Iter(train) [ 40100/160000]  lr: 7.8032e-03  eta: 11:44:00  time: 0.3540  data_time: 0.0289  memory: 8740  loss: 1.0888  decode.loss_ohem: 0.7146  decode.acc_seg: 88.5537  aux_0.loss_ce: 0.3742  aux_0.acc_seg: 80.2712
2026/07/22 14:42:21 - mmengine - INFO - Iter(train) [ 40200/160000]  lr: 7.7973e-03  eta: 11:43:25  time: 0.3558  data_time: 0.0310  memory: 8739  loss: 1.1855  decode.loss_ohem: 0.8070  decode.acc_seg: 88.8324  aux_0.loss_ce: 0.3784  aux_0.acc_seg: 87.0761
2026/07/22 14:42:56 - mmengine - INFO - Iter(train) [ 40300/160000]  lr: 7.7915e-03  eta: 11:42:50  time: 0.3536  data_time: 0.0292  memory: 8741  loss: 1.1563  decode.loss_ohem: 0.7584  decode.acc_seg: 88.2817  aux_0.loss_ce: 0.3979  aux_0.acc_seg: 85.6464
2026/07/22 14:43:31 - mmengine - INFO - Iter(train) [ 40400/160000]  lr: 7.7856e-03  eta: 11:42:16  time: 0.3524  data_time: 0.0281  memory: 8739  loss: 1.0465  decode.loss_ohem: 0.7105  decode.acc_seg: 92.7006  aux_0.loss_ce: 0.3360  aux_0.acc_seg: 87.6682
2026/07/22 14:44:07 - mmengine - INFO - Iter(train) [ 40500/160000]  lr: 7.7798e-03  eta: 11:41:40  time: 0.3514  data_time: 0.0280  memory: 8741  loss: 1.2024  decode.loss_ohem: 0.8134  decode.acc_seg: 87.9407  aux_0.loss_ce: 0.3890  aux_0.acc_seg: 84.1518
2026/07/22 14:44:42 - mmengine - INFO - Iter(train) [ 40600/160000]  lr: 7.7739e-03  eta: 11:41:06  time: 0.3547  data_time: 0.0301  memory: 8740  loss: 1.0788  decode.loss_ohem: 0.7305  decode.acc_seg: 90.0421  aux_0.loss_ce: 0.3483  aux_0.acc_seg: 83.0488
2026/07/22 14:45:17 - mmengine - INFO - Iter(train) [ 40700/160000]  lr: 7.7681e-03  eta: 11:40:31  time: 0.3529  data_time: 0.0298  memory: 8739  loss: 1.1304  decode.loss_ohem: 0.7608  decode.acc_seg: 91.7519  aux_0.loss_ce: 0.3696  aux_0.acc_seg: 86.5345
2026/07/22 14:45:53 - mmengine - INFO - Iter(train) [ 40800/160000]  lr: 7.7622e-03  eta: 11:39:56  time: 0.3527  data_time: 0.0290  memory: 8741  loss: 1.2544  decode.loss_ohem: 0.8529  decode.acc_seg: 91.4108  aux_0.loss_ce: 0.4014  aux_0.acc_seg: 88.1180
2026/07/22 14:46:28 - mmengine - INFO - Iter(train) [ 40900/160000]  lr: 7.7564e-03  eta: 11:39:21  time: 0.3548  data_time: 0.0298  memory: 8742  loss: 1.2432  decode.loss_ohem: 0.8343  decode.acc_seg: 85.5836  aux_0.loss_ce: 0.4089  aux_0.acc_seg: 80.2464
2026/07/22 14:47:03 - mmengine - INFO - Exp name: dsanet_cityscapes_512x1024_20260722_104438
2026/07/22 14:47:03 - mmengine - INFO - Iter(train) [ 41000/160000]  lr: 7.7505e-03  eta: 11:38:46  time: 0.3523  data_time: 0.0280  memory: 8742  loss: 1.1139  decode.loss_ohem: 0.7366  decode.acc_seg: 89.8524  aux_0.loss_ce: 0.3773  aux_0.acc_seg: 86.8503
2026/07/22 14:47:39 - mmengine - INFO - Iter(train) [ 41100/160000]  lr: 7.7446e-03  eta: 11:38:11  time: 0.3533  data_time: 0.0293  memory: 8741  loss: 1.2226  decode.loss_ohem: 0.7974  decode.acc_seg: 93.4741  aux_0.loss_ce: 0.4252  aux_0.acc_seg: 87.9124
2026/07/22 14:48:14 - mmengine - INFO - Iter(train) [ 41200/160000]  lr: 7.7388e-03  eta: 11:37:37  time: 0.3551  data_time: 0.0304  memory: 8740  loss: 1.1133  decode.loss_ohem: 0.7529  decode.acc_seg: 89.9008  aux_0.loss_ce: 0.3604  aux_0.acc_seg: 83.1451
2026/07/22 14:48:50 - mmengine - INFO - Iter(train) [ 41300/160000]  lr: 7.7329e-03  eta: 11:37:02  time: 0.3529  data_time: 0.0288  memory: 8740  loss: 1.1442  decode.loss_ohem: 0.7910  decode.acc_seg: 90.6600  aux_0.loss_ce: 0.3533  aux_0.acc_seg: 88.6482
2026/07/22 14:49:25 - mmengine - INFO - Iter(train) [ 41400/160000]  lr: 7.7271e-03  eta: 11:36:27  time: 0.3523  data_time: 0.0284  memory: 8740  loss: 1.0513  decode.loss_ohem: 0.7366  decode.acc_seg: 87.0995  aux_0.loss_ce: 0.3147  aux_0.acc_seg: 83.0462
2026/07/22 14:50:00 - mmengine - INFO - Iter(train) [ 41500/160000]  lr: 7.7212e-03  eta: 11:35:52  time: 0.3518  data_time: 0.0282  memory: 8741  loss: 1.1533  decode.loss_ohem: 0.7692  decode.acc_seg: 91.2962  aux_0.loss_ce: 0.3841  aux_0.acc_seg: 87.7073
2026/07/22 14:50:35 - mmengine - INFO - Iter(train) [ 41600/160000]  lr: 7.7154e-03  eta: 11:35:16  time: 0.3508  data_time: 0.0272  memory: 8740  loss: 1.1089  decode.loss_ohem: 0.7721  decode.acc_seg: 90.8861  aux_0.loss_ce: 0.3369  aux_0.acc_seg: 87.3541
2026/07/22 14:51:11 - mmengine - INFO - Iter(train) [ 41700/160000]  lr: 7.7095e-03  eta: 11:34:41  time: 0.3525  data_time: 0.0288  memory: 8741  loss: 1.1479  decode.loss_ohem: 0.7888  decode.acc_seg: 91.8741  aux_0.loss_ce: 0.3591  aux_0.acc_seg: 89.9343
2026/07/22 14:51:46 - mmengine - INFO - Iter(train) [ 41800/160000]  lr: 7.7036e-03  eta: 11:34:06  time: 0.3516  data_time: 0.0273  memory: 8741  loss: 1.1253  decode.loss_ohem: 0.7615  decode.acc_seg: 90.5043  aux_0.loss_ce: 0.3638  aux_0.acc_seg: 85.4202
2026/07/22 14:52:21 - mmengine - INFO - Iter(train) [ 41900/160000]  lr: 7.6978e-03  eta: 11:33:30  time: 0.3529  data_time: 0.0291  memory: 8740  loss: 1.0879  decode.loss_ohem: 0.7207  decode.acc_seg: 92.5973  aux_0.loss_ce: 0.3672  aux_0.acc_seg: 89.9978
2026/07/22 14:52:56 - mmengine - INFO - Exp name: dsanet_cityscapes_512x1024_20260722_104438
2026/07/22 14:52:56 - mmengine - INFO - Iter(train) [ 42000/160000]  lr: 7.6919e-03  eta: 11:32:55  time: 0.3529  data_time: 0.0288  memory: 8743  loss: 1.1726  decode.loss_ohem: 0.8064  decode.acc_seg: 92.0360  aux_0.loss_ce: 0.3662  aux_0.acc_seg: 87.6971
2026/07/22 14:53:32 - mmengine - INFO - Iter(train) [ 42100/160000]  lr: 7.6861e-03  eta: 11:32:20  time: 0.3546  data_time: 0.0300  memory: 8741  loss: 1.0988  decode.loss_ohem: 0.7348  decode.acc_seg: 92.6165  aux_0.loss_ce: 0.3640  aux_0.acc_seg: 88.3989
2026/07/22 14:54:07 - mmengine - INFO - Iter(train) [ 42200/160000]  lr: 7.6802e-03  eta: 11:31:45  time: 0.3524  data_time: 0.0285  memory: 8741  loss: 1.1494  decode.loss_ohem: 0.7595  decode.acc_seg: 91.7071  aux_0.loss_ce: 0.3899  aux_0.acc_seg: 87.3937
2026/07/22 14:54:42 - mmengine - INFO - Iter(train) [ 42300/160000]  lr: 7.6744e-03  eta: 11:31:10  time: 0.3530  data_time: 0.0291  memory: 8740  loss: 1.2393  decode.loss_ohem: 0.8273  decode.acc_seg: 89.9138  aux_0.loss_ce: 0.4120  aux_0.acc_seg: 83.6876
2026/07/22 14:55:18 - mmengine - INFO - Iter(train) [ 42400/160000]  lr: 7.6685e-03  eta: 11:30:35  time: 0.3537  data_time: 0.0294  memory: 8742  loss: 1.1187  decode.loss_ohem: 0.7479  decode.acc_seg: 89.8336  aux_0.loss_ce: 0.3708  aux_0.acc_seg: 86.2954
2026/07/22 14:55:53 - mmengine - INFO - Iter(train) [ 42500/160000]  lr: 7.6626e-03  eta: 11:30:00  time: 0.3514  data_time: 0.0283  memory: 8740  loss: 1.1034  decode.loss_ohem: 0.7457  decode.acc_seg: 93.0245  aux_0.loss_ce: 0.3578  aux_0.acc_seg: 89.8363
2026/07/22 14:56:28 - mmengine - INFO - Iter(train) [ 42600/160000]  lr: 7.6568e-03  eta: 11:29:25  time: 0.3540  data_time: 0.0294  memory: 8741  loss: 1.1271  decode.loss_ohem: 0.7718  decode.acc_seg: 89.2210  aux_0.loss_ce: 0.3553  aux_0.acc_seg: 85.3147
2026/07/22 14:57:03 - mmengine - INFO - Iter(train) [ 42700/160000]  lr: 7.6509e-03  eta: 11:28:50  time: 0.3534  data_time: 0.0297  memory: 8739  loss: 1.0865  decode.loss_ohem: 0.7527  decode.acc_seg: 91.5194  aux_0.loss_ce: 0.3338  aux_0.acc_seg: 87.1226
2026/07/22 14:57:39 - mmengine - INFO - Iter(train) [ 42800/160000]  lr: 7.6450e-03  eta: 11:28:14  time: 0.3514  data_time: 0.0285  memory: 8741  loss: 1.1608  decode.loss_ohem: 0.7801  decode.acc_seg: 91.1106  aux_0.loss_ce: 0.3807  aux_0.acc_seg: 85.9419
2026/07/22 14:58:14 - mmengine - INFO - Iter(train) [ 42900/160000]  lr: 7.6392e-03  eta: 11:27:39  time: 0.3528  data_time: 0.0295  memory: 8741  loss: 1.1923  decode.loss_ohem: 0.8082  decode.acc_seg: 89.3193  aux_0.loss_ce: 0.3840  aux_0.acc_seg: 86.6575
2026/07/22 14:58:49 - mmengine - INFO - Exp name: dsanet_cityscapes_512x1024_20260722_104438
2026/07/22 14:58:49 - mmengine - INFO - Iter(train) [ 43000/160000]  lr: 7.6333e-03  eta: 11:27:04  time: 0.3529  data_time: 0.0289  memory: 8742  loss: 1.0712  decode.loss_ohem: 0.7116  decode.acc_seg: 90.2007  aux_0.loss_ce: 0.3596  aux_0.acc_seg: 85.7369
2026/07/22 14:59:24 - mmengine - INFO - Iter(train) [ 43100/160000]  lr: 7.6275e-03  eta: 11:26:29  time: 0.3517  data_time: 0.0286  memory: 8741  loss: 1.0075  decode.loss_ohem: 0.6796  decode.acc_seg: 91.4011  aux_0.loss_ce: 0.3279  aux_0.acc_seg: 86.7512
2026/07/22 15:00:00 - mmengine - INFO - Iter(train) [ 43200/160000]  lr: 7.6216e-03  eta: 11:25:53  time: 0.3513  data_time: 0.0281  memory: 8742  loss: 1.0748  decode.loss_ohem: 0.7124  decode.acc_seg: 91.7496  aux_0.loss_ce: 0.3624  aux_0.acc_seg: 85.6522
2026/07/22 15:00:35 - mmengine - INFO - Iter(train) [ 43300/160000]  lr: 7.6157e-03  eta: 11:25:18  time: 0.3513  data_time: 0.0281  memory: 8740  loss: 1.1206  decode.loss_ohem: 0.7736  decode.acc_seg: 90.2538  aux_0.loss_ce: 0.3470  aux_0.acc_seg: 86.4858
2026/07/22 15:01:10 - mmengine - INFO - Iter(train) [ 43400/160000]  lr: 7.6099e-03  eta: 11:24:43  time: 0.3572  data_time: 0.0319  memory: 8740  loss: 1.1129  decode.loss_ohem: 0.7820  decode.acc_seg: 90.5935  aux_0.loss_ce: 0.3309  aux_0.acc_seg: 87.5154
2026/07/22 15:01:45 - mmengine - INFO - Iter(train) [ 43500/160000]  lr: 7.6040e-03  eta: 11:24:08  time: 0.3523  data_time: 0.0289  memory: 8739  loss: 1.1908  decode.loss_ohem: 0.8312  decode.acc_seg: 91.3666  aux_0.loss_ce: 0.3596  aux_0.acc_seg: 89.6097
2026/07/22 15:02:21 - mmengine - INFO - Iter(train) [ 43600/160000]  lr: 7.5981e-03  eta: 11:23:33  time: 0.3532  data_time: 0.0295  memory: 8741  loss: 1.1560  decode.loss_ohem: 0.7798  decode.acc_seg: 90.6995  aux_0.loss_ce: 0.3763  aux_0.acc_seg: 85.8529
2026/07/22 15:02:56 - mmengine - INFO - Iter(train) [ 43700/160000]  lr: 7.5923e-03  eta: 11:22:57  time: 0.3542  data_time: 0.0290  memory: 8742  loss: 1.1473  decode.loss_ohem: 0.7630  decode.acc_seg: 92.6594  aux_0.loss_ce: 0.3843  aux_0.acc_seg: 87.8400
2026/07/22 15:03:31 - mmengine - INFO - Iter(train) [ 43800/160000]  lr: 7.5864e-03  eta: 11:22:22  time: 0.3538  data_time: 0.0294  memory: 8740  loss: 1.2046  decode.loss_ohem: 0.7983  decode.acc_seg: 91.9856  aux_0.loss_ce: 0.4062  aux_0.acc_seg: 88.3826
2026/07/22 15:04:06 - mmengine - INFO - Iter(train) [ 43900/160000]  lr: 7.5805e-03  eta: 11:21:47  time: 0.3538  data_time: 0.0306  memory: 8741  loss: 1.0472  decode.loss_ohem: 0.7126  decode.acc_seg: 92.8227  aux_0.loss_ce: 0.3347  aux_0.acc_seg: 88.4455
2026/07/22 15:04:42 - mmengine - INFO - Exp name: dsanet_cityscapes_512x1024_20260722_104438
2026/07/22 15:04:42 - mmengine - INFO - Iter(train) [ 44000/160000]  lr: 7.5746e-03  eta: 11:21:12  time: 0.3528  data_time: 0.0286  memory: 8742  loss: 1.2736  decode.loss_ohem: 0.8547  decode.acc_seg: 93.5219  aux_0.loss_ce: 0.4190  aux_0.acc_seg: 89.5834
2026/07/22 15:05:17 - mmengine - INFO - Iter(train) [ 44100/160000]  lr: 7.5688e-03  eta: 11:20:37  time: 0.3524  data_time: 0.0289  memory: 8740  loss: 1.0622  decode.loss_ohem: 0.7369  decode.acc_seg: 89.7178  aux_0.loss_ce: 0.3253  aux_0.acc_seg: 86.6596
2026/07/22 15:05:52 - mmengine - INFO - Iter(train) [ 44200/160000]  lr: 7.5629e-03  eta: 11:20:02  time: 0.3527  data_time: 0.0289  memory: 8740  loss: 1.1418  decode.loss_ohem: 0.7855  decode.acc_seg: 90.7550  aux_0.loss_ce: 0.3563  aux_0.acc_seg: 87.2711
2026/07/22 15:06:28 - mmengine - INFO - Iter(train) [ 44300/160000]  lr: 7.5570e-03  eta: 11:19:27  time: 0.3562  data_time: 0.0317  memory: 8741  loss: 1.1190  decode.loss_ohem: 0.7431  decode.acc_seg: 91.4120  aux_0.loss_ce: 0.3759  aux_0.acc_seg: 82.1243
2026/07/22 15:07:03 - mmengine - INFO - Iter(train) [ 44400/160000]  lr: 7.5512e-03  eta: 11:18:52  time: 0.3516  data_time: 0.0285  memory: 8740  loss: 1.1550  decode.loss_ohem: 0.7870  decode.acc_seg: 88.0725  aux_0.loss_ce: 0.3680  aux_0.acc_seg: 84.8863
2026/07/22 15:07:38 - mmengine - INFO - Iter(train) [ 44500/160000]  lr: 7.5453e-03  eta: 11:18:16  time: 0.3515  data_time: 0.0286  memory: 8741  loss: 1.1554  decode.loss_ohem: 0.7602  decode.acc_seg: 92.2331  aux_0.loss_ce: 0.3952  aux_0.acc_seg: 89.4793
2026/07/22 15:08:13 - mmengine - INFO - Iter(train) [ 44600/160000]  lr: 7.5394e-03  eta: 11:17:41  time: 0.3516  data_time: 0.0283  memory: 8741  loss: 1.1742  decode.loss_ohem: 0.7959  decode.acc_seg: 89.6368  aux_0.loss_ce: 0.3784  aux_0.acc_seg: 81.5901
2026/07/22 15:08:49 - mmengine - INFO - Iter(train) [ 44700/160000]  lr: 7.5336e-03  eta: 11:17:06  time: 0.3521  data_time: 0.0287  memory: 8742  loss: 1.1260  decode.loss_ohem: 0.7608  decode.acc_seg: 92.4045  aux_0.loss_ce: 0.3653  aux_0.acc_seg: 88.1563
2026/07/22 15:09:24 - mmengine - INFO - Iter(train) [ 44800/160000]  lr: 7.5277e-03  eta: 11:16:31  time: 0.3530  data_time: 0.0293  memory: 8741  loss: 1.1826  decode.loss_ohem: 0.7952  decode.acc_seg: 91.5675  aux_0.loss_ce: 0.3874  aux_0.acc_seg: 88.0083
2026/07/22 15:09:59 - mmengine - INFO - Iter(train) [ 44900/160000]  lr: 7.5218e-03  eta: 11:15:56  time: 0.3541  data_time: 0.0298  memory: 8741  loss: 1.1971  decode.loss_ohem: 0.8293  decode.acc_seg: 89.1906  aux_0.loss_ce: 0.3677  aux_0.acc_seg: 87.1528
2026/07/22 15:10:35 - mmengine - INFO - Exp name: dsanet_cityscapes_512x1024_20260722_104438
2026/07/22 15:10:35 - mmengine - INFO - Iter(train) [ 45000/160000]  lr: 7.5159e-03  eta: 11:15:21  time: 0.3556  data_time: 0.0310  memory: 8741  loss: 1.1351  decode.loss_ohem: 0.7663  decode.acc_seg: 88.0001  aux_0.loss_ce: 0.3689  aux_0.acc_seg: 84.3465
2026/07/22 15:10:35 - mmengine - INFO - Saving checkpoint at 45000 iterations
2026/07/22 15:10:40 - mmengine - INFO - Iter(val) [100/250]    eta: 0:00:07  time: 0.0442  data_time: 0.0117  memory: 729  
2026/07/22 15:10:45 - mmengine - INFO - Iter(val) [200/250]    eta: 0:00:02  time: 0.0435  data_time: 0.0100  memory: 729  
2026/07/22 15:10:47 - mmengine - INFO - per class results:
2026/07/22 15:10:47 - mmengine - INFO - 
+---------------+-------+-------+
|     Class     |  IoU  |  Acc  |
+---------------+-------+-------+
|      road     | 97.02 | 98.19 |
|    sidewalk   |  78.2 | 90.68 |
|    building   | 88.56 | 94.83 |
|      wall     | 25.78 | 28.47 |
|     fence     | 44.81 | 71.29 |
|      pole     | 53.45 | 66.39 |
| traffic light | 43.66 | 49.27 |
|  traffic sign | 62.92 | 71.49 |
|   vegetation  | 89.99 | 94.89 |
|    terrain    | 56.92 | 67.04 |
|      sky      | 92.84 | 96.58 |
|     person    | 69.83 | 86.73 |
|     rider     | 47.26 | 59.28 |
|      car      | 90.98 | 95.42 |
|     truck     | 44.03 | 50.06 |
|      bus      | 62.02 | 84.29 |
|     train     | 14.24 | 14.55 |
|   motorcycle  | 30.71 | 34.21 |
|    bicycle    | 65.15 | 81.75 |
+---------------+-------+-------+
2026/07/22 15:10:47 - mmengine - INFO - Iter(val) [250/250]    aAcc: 93.8100  mIoU: 60.9700  mAcc: 70.2800  data_time: 0.0151  time: 0.0475
2026/07/22 15:10:47 - mmengine - INFO - The previous best checkpoint /root/autodl-tmp/DSANet-main/tools/work_dirs/dsanet_cityscapes_512x1024/best_mIoU_iter_35000.pth is removed
2026/07/22 15:10:48 - mmengine - INFO - The best checkpoint with 60.9700 mIoU at 45000 iter is saved to best_mIoU_iter_45000.pth.
2026/07/22 15:11:23 - mmengine - INFO - Iter(train) [ 45100/160000]  lr: 7.5101e-03  eta: 11:14:48  time: 0.3522  data_time: 0.0290  memory: 8739  loss: 1.1428  decode.loss_ohem: 0.7846  decode.acc_seg: 88.9260  aux_0.loss_ce: 0.3582  aux_0.acc_seg: 83.5065
2026/07/22 15:11:58 - mmengine - INFO - Iter(train) [ 45200/160000]  lr: 7.5042e-03  eta: 11:14:13  time: 0.3499  data_time: 0.0272  memory: 8741  loss: 1.1161  decode.loss_ohem: 0.7611  decode.acc_seg: 93.7913  aux_0.loss_ce: 0.3550  aux_0.acc_seg: 91.6551
2026/07/22 15:12:33 - mmengine - INFO - Iter(train) [ 45300/160000]  lr: 7.4983e-03  eta: 11:13:37  time: 0.3533  data_time: 0.0295  memory: 8741  loss: 1.1690  decode.loss_ohem: 0.7902  decode.acc_seg: 89.6172  aux_0.loss_ce: 0.3788  aux_0.acc_seg: 87.5690
2026/07/22 15:13:09 - mmengine - INFO - Iter(train) [ 45400/160000]  lr: 7.4924e-03  eta: 11:13:02  time: 0.3521  data_time: 0.0284  memory: 8740  loss: 1.1048  decode.loss_ohem: 0.7442  decode.acc_seg: 89.0200  aux_0.loss_ce: 0.3605  aux_0.acc_seg: 82.2216
2026/07/22 15:13:44 - mmengine - INFO - Iter(train) [ 45500/160000]  lr: 7.4866e-03  eta: 11:12:27  time: 0.3519  data_time: 0.0281  memory: 8740  loss: 1.1364  decode.loss_ohem: 0.7459  decode.acc_seg: 91.7483  aux_0.loss_ce: 0.3904  aux_0.acc_seg: 86.2807
2026/07/22 15:14:19 - mmengine - INFO - Iter(train) [ 45600/160000]  lr: 7.4807e-03  eta: 11:11:51  time: 0.3530  data_time: 0.0289  memory: 8741  loss: 1.1142  decode.loss_ohem: 0.7575  decode.acc_seg: 92.7608  aux_0.loss_ce: 0.3567  aux_0.acc_seg: 86.7878
2026/07/22 15:14:54 - mmengine - INFO - Iter(train) [ 45700/160000]  lr: 7.4748e-03  eta: 11:11:16  time: 0.3541  data_time: 0.0304  memory: 8740  loss: 1.1734  decode.loss_ohem: 0.7987  decode.acc_seg: 88.5316  aux_0.loss_ce: 0.3747  aux_0.acc_seg: 84.3177
2026/07/22 15:15:29 - mmengine - INFO - Iter(train) [ 45800/160000]  lr: 7.4689e-03  eta: 11:10:40  time: 0.3531  data_time: 0.0291  memory: 8744  loss: 1.1436  decode.loss_ohem: 0.7805  decode.acc_seg: 89.5231  aux_0.loss_ce: 0.3631  aux_0.acc_seg: 85.1714
2026/07/22 15:16:05 - mmengine - INFO - Iter(train) [ 45900/160000]  lr: 7.4630e-03  eta: 11:10:05  time: 0.3514  data_time: 0.0280  memory: 8740  loss: 1.0534  decode.loss_ohem: 0.7403  decode.acc_seg: 91.3935  aux_0.loss_ce: 0.3131  aux_0.acc_seg: 89.8337
2026/07/22 15:16:40 - mmengine - INFO - Exp name: dsanet_cityscapes_512x1024_20260722_104438
2026/07/22 15:16:40 - mmengine - INFO - Iter(train) [ 46000/160000]  lr: 7.4572e-03  eta: 11:09:30  time: 0.3511  data_time: 0.0281  memory: 8740  loss: 1.0519  decode.loss_ohem: 0.7306  decode.acc_seg: 94.3865  aux_0.loss_ce: 0.3213  aux_0.acc_seg: 90.2805
2026/07/22 15:17:15 - mmengine - INFO - Iter(train) [ 46100/160000]  lr: 7.4513e-03  eta: 11:08:55  time: 0.3506  data_time: 0.0283  memory: 8741  loss: 1.1406  decode.loss_ohem: 0.7693  decode.acc_seg: 88.1036  aux_0.loss_ce: 0.3713  aux_0.acc_seg: 86.1436
2026/07/22 15:17:50 - mmengine - INFO - Iter(train) [ 46200/160000]  lr: 7.4454e-03  eta: 11:08:19  time: 0.3504  data_time: 0.0272  memory: 8741  loss: 1.0827  decode.loss_ohem: 0.7507  decode.acc_seg: 90.5701  aux_0.loss_ce: 0.3320  aux_0.acc_seg: 88.2356
2026/07/22 15:18:26 - mmengine - INFO - Iter(train) [ 46300/160000]  lr: 7.4395e-03  eta: 11:07:44  time: 0.3511  data_time: 0.0277  memory: 8741  loss: 1.1393  decode.loss_ohem: 0.7910  decode.acc_seg: 92.4700  aux_0.loss_ce: 0.3483  aux_0.acc_seg: 87.8498
2026/07/22 15:19:01 - mmengine - INFO - Iter(train) [ 46400/160000]  lr: 7.4336e-03  eta: 11:07:09  time: 0.3518  data_time: 0.0281  memory: 8739  loss: 1.0675  decode.loss_ohem: 0.7172  decode.acc_seg: 89.8520  aux_0.loss_ce: 0.3502  aux_0.acc_seg: 86.2925
2026/07/22 15:19:36 - mmengine - INFO - Iter(train) [ 46500/160000]  lr: 7.4278e-03  eta: 11:06:34  time: 0.3510  data_time: 0.0281  memory: 8739  loss: 1.0485  decode.loss_ohem: 0.7257  decode.acc_seg: 93.3060  aux_0.loss_ce: 0.3228  aux_0.acc_seg: 88.3641
2026/07/22 15:20:12 - mmengine - INFO - Iter(train) [ 46600/160000]  lr: 7.4219e-03  eta: 11:05:59  time: 0.3533  data_time: 0.0296  memory: 8741  loss: 1.1707  decode.loss_ohem: 0.7631  decode.acc_seg: 90.1940  aux_0.loss_ce: 0.4076  aux_0.acc_seg: 87.5700
2026/07/22 15:20:47 - mmengine - INFO - Iter(train) [ 46700/160000]  lr: 7.4160e-03  eta: 11:05:24  time: 0.3505  data_time: 0.0270  memory: 8741  loss: 1.2005  decode.loss_ohem: 0.8212  decode.acc_seg: 88.2836  aux_0.loss_ce: 0.3793  aux_0.acc_seg: 82.9303
2026/07/22 15:21:22 - mmengine - INFO - Iter(train) [ 46800/160000]  lr: 7.4101e-03  eta: 11:04:49  time: 0.3520  data_time: 0.0284  memory: 8740  loss: 1.0595  decode.loss_ohem: 0.7029  decode.acc_seg: 90.3065  aux_0.loss_ce: 0.3566  aux_0.acc_seg: 85.9091
2026/07/22 15:21:57 - mmengine - INFO - Iter(train) [ 46900/160000]  lr: 7.4042e-03  eta: 11:04:13  time: 0.3494  data_time: 0.0271  memory: 8740  loss: 1.1672  decode.loss_ohem: 0.7791  decode.acc_seg: 86.9645  aux_0.loss_ce: 0.3881  aux_0.acc_seg: 81.1403
2026/07/22 15:22:32 - mmengine - INFO - Exp name: dsanet_cityscapes_512x1024_20260722_104438
2026/07/22 15:22:32 - mmengine - INFO - Iter(train) [ 47000/160000]  lr: 7.3983e-03  eta: 11:03:37  time: 0.3520  data_time: 0.0290  memory: 8742  loss: 1.1004  decode.loss_ohem: 0.7395  decode.acc_seg: 91.4437  aux_0.loss_ce: 0.3609  aux_0.acc_seg: 88.7272
2026/07/22 15:23:07 - mmengine - INFO - Iter(train) [ 47100/160000]  lr: 7.3925e-03  eta: 11:03:02  time: 0.3531  data_time: 0.0302  memory: 8740  loss: 1.2062  decode.loss_ohem: 0.8512  decode.acc_seg: 88.2560  aux_0.loss_ce: 0.3551  aux_0.acc_seg: 84.7251
2026/07/22 15:23:43 - mmengine - INFO - Iter(train) [ 47200/160000]  lr: 7.3866e-03  eta: 11:02:27  time: 0.3497  data_time: 0.0276  memory: 8742  loss: 1.1864  decode.loss_ohem: 0.8157  decode.acc_seg: 90.3692  aux_0.loss_ce: 0.3708  aux_0.acc_seg: 88.0713
2026/07/22 15:24:18 - mmengine - INFO - Iter(train) [ 47300/160000]  lr: 7.3807e-03  eta: 11:01:51  time: 0.3475  data_time: 0.0264  memory: 8740  loss: 1.1748  decode.loss_ohem: 0.7924  decode.acc_seg: 84.6853  aux_0.loss_ce: 0.3824  aux_0.acc_seg: 79.7468
2026/07/22 15:24:53 - mmengine - INFO - Iter(train) [ 47400/160000]  lr: 7.3748e-03  eta: 11:01:15  time: 0.3528  data_time: 0.0294  memory: 8742  loss: 1.2549  decode.loss_ohem: 0.8411  decode.acc_seg: 91.2240  aux_0.loss_ce: 0.4139  aux_0.acc_seg: 85.4619
2026/07/22 15:25:28 - mmengine - INFO - Iter(train) [ 47500/160000]  lr: 7.3689e-03  eta: 11:00:40  time: 0.3514  data_time: 0.0281  memory: 8741  loss: 1.0767  decode.loss_ohem: 0.7388  decode.acc_seg: 89.7468  aux_0.loss_ce: 0.3379  aux_0.acc_seg: 86.3580
2026/07/22 15:26:03 - mmengine - INFO - Iter(train) [ 47600/160000]  lr: 7.3630e-03  eta: 11:00:04  time: 0.3517  data_time: 0.0271  memory: 8742  loss: 1.1442  decode.loss_ohem: 0.7584  decode.acc_seg: 91.0003  aux_0.loss_ce: 0.3858  aux_0.acc_seg: 88.4188
2026/07/22 15:26:39 - mmengine - INFO - Iter(train) [ 47700/160000]  lr: 7.3571e-03  eta: 10:59:29  time: 0.3539  data_time: 0.0295  memory: 8740  loss: 1.1180  decode.loss_ohem: 0.7674  decode.acc_seg: 93.1308  aux_0.loss_ce: 0.3506  aux_0.acc_seg: 89.9882
2026/07/22 15:27:14 - mmengine - INFO - Iter(train) [ 47800/160000]  lr: 7.3513e-03  eta: 10:58:54  time: 0.3511  data_time: 0.0290  memory: 8740  loss: 1.1593  decode.loss_ohem: 0.7942  decode.acc_seg: 90.4713  aux_0.loss_ce: 0.3651  aux_0.acc_seg: 86.5194
2026/07/22 15:27:49 - mmengine - INFO - Iter(train) [ 47900/160000]  lr: 7.3454e-03  eta: 10:58:19  time: 0.3518  data_time: 0.0276  memory: 8740  loss: 1.1524  decode.loss_ohem: 0.7832  decode.acc_seg: 91.6743  aux_0.loss_ce: 0.3692  aux_0.acc_seg: 87.7414
2026/07/22 15:28:24 - mmengine - INFO - Exp name: dsanet_cityscapes_512x1024_20260722_104438
2026/07/22 15:28:24 - mmengine - INFO - Iter(train) [ 48000/160000]  lr: 7.3395e-03  eta: 10:57:43  time: 0.3511  data_time: 0.0274  memory: 8740  loss: 1.0998  decode.loss_ohem: 0.7442  decode.acc_seg: 92.6345  aux_0.loss_ce: 0.3556  aux_0.acc_seg: 87.2331
2026/07/22 15:28:59 - mmengine - INFO - Iter(train) [ 48100/160000]  lr: 7.3336e-03  eta: 10:57:07  time: 0.3510  data_time: 0.0291  memory: 8744  loss: 1.1577  decode.loss_ohem: 0.7890  decode.acc_seg: 91.7262  aux_0.loss_ce: 0.3687  aux_0.acc_seg: 88.3668
2026/07/22 15:29:34 - mmengine - INFO - Iter(train) [ 48200/160000]  lr: 7.3277e-03  eta: 10:56:32  time: 0.3529  data_time: 0.0292  memory: 8740  loss: 1.1521  decode.loss_ohem: 0.7680  decode.acc_seg: 91.2000  aux_0.loss_ce: 0.3841  aux_0.acc_seg: 88.0973
2026/07/22 15:30:09 - mmengine - INFO - Iter(train) [ 48300/160000]  lr: 7.3218e-03  eta: 10:55:56  time: 0.3517  data_time: 0.0292  memory: 8741  loss: 1.1460  decode.loss_ohem: 0.7924  decode.acc_seg: 90.3257  aux_0.loss_ce: 0.3536  aux_0.acc_seg: 87.1828
2026/07/22 15:30:45 - mmengine - INFO - Iter(train) [ 48400/160000]  lr: 7.3159e-03  eta: 10:55:21  time: 0.3512  data_time: 0.0283  memory: 8740  loss: 1.1390  decode.loss_ohem: 0.7788  decode.acc_seg: 92.9640  aux_0.loss_ce: 0.3602  aux_0.acc_seg: 85.9249
2026/07/22 15:31:20 - mmengine - INFO - Iter(train) [ 48500/160000]  lr: 7.3100e-03  eta: 10:54:46  time: 0.3501  data_time: 0.0288  memory: 8739  loss: 1.1989  decode.loss_ohem: 0.8597  decode.acc_seg: 89.2837  aux_0.loss_ce: 0.3392  aux_0.acc_seg: 87.0183
2026/07/22 15:31:55 - mmengine - INFO - Iter(train) [ 48600/160000]  lr: 7.3041e-03  eta: 10:54:11  time: 0.3641  data_time: 0.0294  memory: 8739  loss: 1.1957  decode.loss_ohem: 0.7998  decode.acc_seg: 89.5381  aux_0.loss_ce: 0.3959  aux_0.acc_seg: 83.8423
2026/07/22 15:32:30 - mmengine - INFO - Iter(train) [ 48700/160000]  lr: 7.2982e-03  eta: 10:53:36  time: 0.3443  data_time: 0.0280  memory: 8740  loss: 1.1016  decode.loss_ohem: 0.7620  decode.acc_seg: 92.3129  aux_0.loss_ce: 0.3397  aux_0.acc_seg: 85.3927
2026/07/22 15:33:06 - mmengine - INFO - Iter(train) [ 48800/160000]  lr: 7.2923e-03  eta: 10:53:01  time: 0.3579  data_time: 0.0296  memory: 8741  loss: 1.1016  decode.loss_ohem: 0.7344  decode.acc_seg: 91.2067  aux_0.loss_ce: 0.3672  aux_0.acc_seg: 87.0110
2026/07/22 15:33:41 - mmengine - INFO - Iter(train) [ 48900/160000]  lr: 7.2864e-03  eta: 10:52:25  time: 0.3469  data_time: 0.0280  memory: 8740  loss: 1.0716  decode.loss_ohem: 0.7392  decode.acc_seg: 92.4678  aux_0.loss_ce: 0.3324  aux_0.acc_seg: 88.8871
2026/07/22 15:34:16 - mmengine - INFO - Exp name: dsanet_cityscapes_512x1024_20260722_104438
2026/07/22 15:34:16 - mmengine - INFO - Iter(train) [ 49000/160000]  lr: 7.2805e-03  eta: 10:51:50  time: 0.3568  data_time: 0.0300  memory: 8741  loss: 1.0741  decode.loss_ohem: 0.7439  decode.acc_seg: 92.0585  aux_0.loss_ce: 0.3302  aux_0.acc_seg: 88.2751
2026/07/22 15:34:51 - mmengine - INFO - Iter(train) [ 49100/160000]  lr: 7.2747e-03  eta: 10:51:15  time: 0.3520  data_time: 0.0287  memory: 8739  loss: 1.0813  decode.loss_ohem: 0.7480  decode.acc_seg: 93.0944  aux_0.loss_ce: 0.3333  aux_0.acc_seg: 90.0328
2026/07/22 15:35:26 - mmengine - INFO - Iter(train) [ 49200/160000]  lr: 7.2688e-03  eta: 10:50:39  time: 0.3502  data_time: 0.0285  memory: 8739  loss: 1.1367  decode.loss_ohem: 0.7513  decode.acc_seg: 89.8532  aux_0.loss_ce: 0.3855  aux_0.acc_seg: 82.5978
2026/07/22 15:36:02 - mmengine - INFO - Iter(train) [ 49300/160000]  lr: 7.2629e-03  eta: 10:50:04  time: 0.3518  data_time: 0.0289  memory: 8742  loss: 1.1288  decode.loss_ohem: 0.7512  decode.acc_seg: 90.7268  aux_0.loss_ce: 0.3776  aux_0.acc_seg: 87.4525
2026/07/22 15:36:37 - mmengine - INFO - Iter(train) [ 49400/160000]  lr: 7.2570e-03  eta: 10:49:28  time: 0.3515  data_time: 0.0284  memory: 8740  loss: 1.1491  decode.loss_ohem: 0.7848  decode.acc_seg: 86.5824  aux_0.loss_ce: 0.3643  aux_0.acc_seg: 81.7520
2026/07/22 15:37:12 - mmengine - INFO - Iter(train) [ 49500/160000]  lr: 7.2511e-03  eta: 10:48:53  time: 0.3510  data_time: 0.0284  memory: 8741  loss: 1.1352  decode.loss_ohem: 0.7760  decode.acc_seg: 92.0313  aux_0.loss_ce: 0.3592  aux_0.acc_seg: 87.3659
2026/07/22 15:37:47 - mmengine - INFO - Iter(train) [ 49600/160000]  lr: 7.2452e-03  eta: 10:48:18  time: 0.3502  data_time: 0.0284  memory: 8741  loss: 1.1163  decode.loss_ohem: 0.7887  decode.acc_seg: 89.6838  aux_0.loss_ce: 0.3275  aux_0.acc_seg: 86.9706
2026/07/22 15:38:22 - mmengine - INFO - Iter(train) [ 49700/160000]  lr: 7.2393e-03  eta: 10:47:42  time: 0.3539  data_time: 0.0291  memory: 8740  loss: 1.0847  decode.loss_ohem: 0.7079  decode.acc_seg: 92.6191  aux_0.loss_ce: 0.3768  aux_0.acc_seg: 88.4534
2026/07/22 15:38:57 - mmengine - INFO - Iter(train) [ 49800/160000]  lr: 7.2334e-03  eta: 10:47:06  time: 0.3509  data_time: 0.0284  memory: 8741  loss: 1.1230  decode.loss_ohem: 0.7826  decode.acc_seg: 91.1971  aux_0.loss_ce: 0.3404  aux_0.acc_seg: 89.5585
2026/07/22 15:39:33 - mmengine - INFO - Iter(train) [ 49900/160000]  lr: 7.2275e-03  eta: 10:46:31  time: 0.3529  data_time: 0.0291  memory: 8741  loss: 1.1200  decode.loss_ohem: 0.7311  decode.acc_seg: 88.0190  aux_0.loss_ce: 0.3889  aux_0.acc_seg: 80.6964
2026/07/22 15:40:08 - mmengine - INFO - Exp name: dsanet_cityscapes_512x1024_20260722_104438
2026/07/22 15:40:08 - mmengine - INFO - Iter(train) [ 50000/160000]  lr: 7.2216e-03  eta: 10:45:56  time: 0.3513  data_time: 0.0276  memory: 8741  loss: 1.1456  decode.loss_ohem: 0.7715  decode.acc_seg: 91.3312  aux_0.loss_ce: 0.3740  aux_0.acc_seg: 88.3179
2026/07/22 15:40:08 - mmengine - INFO - Saving checkpoint at 50000 iterations
2026/07/22 15:40:13 - mmengine - INFO - Iter(val) [100/250]    eta: 0:00:07  time: 0.0453  data_time: 0.0134  memory: 729  
2026/07/22 15:40:17 - mmengine - INFO - Iter(val) [200/250]    eta: 0:00:02  time: 0.0416  data_time: 0.0098  memory: 729  
2026/07/22 15:40:20 - mmengine - INFO - per class results:
2026/07/22 15:40:20 - mmengine - INFO - 
+---------------+-------+-------+
|     Class     |  IoU  |  Acc  |
+---------------+-------+-------+
|      road     | 96.47 | 97.48 |
|    sidewalk   | 75.26 | 89.57 |
|    building   |  88.1 | 94.73 |
|      wall     | 29.71 | 32.31 |
|     fence     | 41.11 | 53.46 |
|      pole     | 50.25 | 61.62 |
| traffic light | 47.24 | 58.21 |
|  traffic sign | 63.13 | 70.53 |
|   vegetation  | 89.57 | 95.53 |
|    terrain    | 55.81 | 68.14 |
|      sky      | 91.01 | 96.34 |
|     person    | 70.62 | 83.87 |
|     rider     | 45.24 | 58.22 |
|      car      |  91.0 | 96.41 |
|     truck     | 36.15 | 47.84 |
|      bus      | 65.59 | 72.61 |
|     train     | 41.09 | 78.47 |
|   motorcycle  | 33.04 | 40.79 |
|    bicycle    | 64.14 | 83.21 |
+---------------+-------+-------+
2026/07/22 15:40:20 - mmengine - INFO - Iter(val) [250/250]    aAcc: 93.4600  mIoU: 61.8200  mAcc: 72.6000  data_time: 0.0146  time: 0.0464
2026/07/22 15:40:20 - mmengine - INFO - The previous best checkpoint /root/autodl-tmp/DSANet-main/tools/work_dirs/dsanet_cityscapes_512x1024/best_mIoU_iter_45000.pth is removed
2026/07/22 15:40:20 - mmengine - INFO - The best checkpoint with 61.8200 mIoU at 50000 iter is saved to best_mIoU_iter_50000.pth.
2026/07/22 15:40:56 - mmengine - INFO - Iter(train) [ 50100/160000]  lr: 7.2157e-03  eta: 10:45:22  time: 0.3511  data_time: 0.0283  memory: 8740  loss: 1.1731  decode.loss_ohem: 0.7887  decode.acc_seg: 90.1109  aux_0.loss_ce: 0.3844  aux_0.acc_seg: 87.9222
2026/07/22 15:41:31 - mmengine - INFO - Iter(train) [ 50200/160000]  lr: 7.2098e-03  eta: 10:44:46  time: 0.3500  data_time: 0.0281  memory: 8742  loss: 1.1307  decode.loss_ohem: 0.7872  decode.acc_seg: 89.5700  aux_0.loss_ce: 0.3435  aux_0.acc_seg: 87.7247
2026/07/22 15:42:06 - mmengine - INFO - Iter(train) [ 50300/160000]  lr: 7.2039e-03  eta: 10:44:11  time: 0.3521  data_time: 0.0292  memory: 8740  loss: 1.1438  decode.loss_ohem: 0.7908  decode.acc_seg: 91.4781  aux_0.loss_ce: 0.3530  aux_0.acc_seg: 86.6746
2026/07/22 15:42:41 - mmengine - INFO - Iter(train) [ 50400/160000]  lr: 7.1980e-03  eta: 10:43:35  time: 0.3506  data_time: 0.0282  memory: 8742  loss: 1.0963  decode.loss_ohem: 0.7199  decode.acc_seg: 92.3666  aux_0.loss_ce: 0.3764  aux_0.acc_seg: 85.4851
2026/07/22 15:43:16 - mmengine - INFO - Iter(train) [ 50500/160000]  lr: 7.1921e-03  eta: 10:43:00  time: 0.3509  data_time: 0.0280  memory: 8739  loss: 1.2619  decode.loss_ohem: 0.8576  decode.acc_seg: 88.7084  aux_0.loss_ce: 0.4043  aux_0.acc_seg: 85.1886
2026/07/22 15:43:51 - mmengine - INFO - Iter(train) [ 50600/160000]  lr: 7.1862e-03  eta: 10:42:24  time: 0.3503  data_time: 0.0272  memory: 8740  loss: 1.0809  decode.loss_ohem: 0.7192  decode.acc_seg: 89.8031  aux_0.loss_ce: 0.3617  aux_0.acc_seg: 88.3813
2026/07/22 15:44:27 - mmengine - INFO - Iter(train) [ 50700/160000]  lr: 7.1803e-03  eta: 10:41:49  time: 0.3583  data_time: 0.0300  memory: 8741  loss: 1.0423  decode.loss_ohem: 0.7163  decode.acc_seg: 91.9896  aux_0.loss_ce: 0.3259  aux_0.acc_seg: 90.4195
2026/07/22 15:45:02 - mmengine - INFO - Iter(train) [ 50800/160000]  lr: 7.1744e-03  eta: 10:41:14  time: 0.3491  data_time: 0.0281  memory: 8739  loss: 1.0883  decode.loss_ohem: 0.7288  decode.acc_seg: 87.2915  aux_0.loss_ce: 0.3595  aux_0.acc_seg: 84.1762
2026/07/22 15:45:37 - mmengine - INFO - Iter(train) [ 50900/160000]  lr: 7.1684e-03  eta: 10:40:39  time: 0.3573  data_time: 0.0311  memory: 8741  loss: 1.1427  decode.loss_ohem: 0.7839  decode.acc_seg: 93.3290  aux_0.loss_ce: 0.3588  aux_0.acc_seg: 89.9890
2026/07/22 15:46:12 - mmengine - INFO - Exp name: dsanet_cityscapes_512x1024_20260722_104438
2026/07/22 15:46:12 - mmengine - INFO - Iter(train) [ 51000/160000]  lr: 7.1625e-03  eta: 10:40:03  time: 0.3510  data_time: 0.0283  memory: 8740  loss: 1.0422  decode.loss_ohem: 0.7092  decode.acc_seg: 87.5394  aux_0.loss_ce: 0.3330  aux_0.acc_seg: 82.6645
2026/07/22 15:46:48 - mmengine - INFO - Iter(train) [ 51100/160000]  lr: 7.1566e-03  eta: 10:39:29  time: 0.3527  data_time: 0.0287  memory: 8739  loss: 1.1198  decode.loss_ohem: 0.7789  decode.acc_seg: 91.3213  aux_0.loss_ce: 0.3410  aux_0.acc_seg: 87.3546
2026/07/22 15:47:23 - mmengine - INFO - Iter(train) [ 51200/160000]  lr: 7.1507e-03  eta: 10:38:53  time: 0.3523  data_time: 0.0281  memory: 8740  loss: 1.1042  decode.loss_ohem: 0.7394  decode.acc_seg: 92.4626  aux_0.loss_ce: 0.3648  aux_0.acc_seg: 89.4988
2026/07/22 15:47:58 - mmengine - INFO - Iter(train) [ 51300/160000]  lr: 7.1448e-03  eta: 10:38:18  time: 0.3526  data_time: 0.0287  memory: 8739  loss: 1.1071  decode.loss_ohem: 0.7491  decode.acc_seg: 92.1613  aux_0.loss_ce: 0.3580  aux_0.acc_seg: 88.5885
2026/07/22 15:48:33 - mmengine - INFO - Iter(train) [ 51400/160000]  lr: 7.1389e-03  eta: 10:37:43  time: 0.3535  data_time: 0.0305  memory: 8742  loss: 1.1068  decode.loss_ohem: 0.7723  decode.acc_seg: 92.1108  aux_0.loss_ce: 0.3345  aux_0.acc_seg: 88.1411
2026/07/22 15:49:08 - mmengine - INFO - Iter(train) [ 51500/160000]  lr: 7.1330e-03  eta: 10:37:08  time: 0.3520  data_time: 0.0292  memory: 8740  loss: 1.1211  decode.loss_ohem: 0.7541  decode.acc_seg: 89.2801  aux_0.loss_ce: 0.3670  aux_0.acc_seg: 85.8842
2026/07/22 15:49:44 - mmengine - INFO - Iter(train) [ 51600/160000]  lr: 7.1271e-03  eta: 10:36:33  time: 0.3497  data_time: 0.0292  memory: 8740  loss: 1.1871  decode.loss_ohem: 0.7889  decode.acc_seg: 89.9683  aux_0.loss_ce: 0.3982  aux_0.acc_seg: 86.3604
2026/07/22 15:50:19 - mmengine - INFO - Iter(train) [ 51700/160000]  lr: 7.1212e-03  eta: 10:35:57  time: 0.3557  data_time: 0.0309  memory: 8743  loss: 1.1462  decode.loss_ohem: 0.7664  decode.acc_seg: 93.0225  aux_0.loss_ce: 0.3798  aux_0.acc_seg: 89.4159
2026/07/22 15:50:54 - mmengine - INFO - Iter(train) [ 51800/160000]  lr: 7.1153e-03  eta: 10:35:22  time: 0.3519  data_time: 0.0287  memory: 8739  loss: 1.1174  decode.loss_ohem: 0.7512  decode.acc_seg: 86.8678  aux_0.loss_ce: 0.3662  aux_0.acc_seg: 82.9640
2026/07/22 15:51:29 - mmengine - INFO - Iter(train) [ 51900/160000]  lr: 7.1094e-03  eta: 10:34:47  time: 0.3540  data_time: 0.0283  memory: 8741  loss: 1.0855  decode.loss_ohem: 0.7369  decode.acc_seg: 91.4696  aux_0.loss_ce: 0.3486  aux_0.acc_seg: 88.4270
2026/07/22 15:52:05 - mmengine - INFO - Exp name: dsanet_cityscapes_512x1024_20260722_104438
2026/07/22 15:52:05 - mmengine - INFO - Iter(train) [ 52000/160000]  lr: 7.1035e-03  eta: 10:34:11  time: 0.3513  data_time: 0.0279  memory: 8739  loss: 1.1246  decode.loss_ohem: 0.7684  decode.acc_seg: 92.2846  aux_0.loss_ce: 0.3562  aux_0.acc_seg: 88.7383
2026/07/22 15:52:40 - mmengine - INFO - Iter(train) [ 52100/160000]  lr: 7.0975e-03  eta: 10:33:36  time: 0.3514  data_time: 0.0291  memory: 8741  loss: 1.1396  decode.loss_ohem: 0.7651  decode.acc_seg: 91.8913  aux_0.loss_ce: 0.3745  aux_0.acc_seg: 87.8061
2026/07/22 15:53:15 - mmengine - INFO - Iter(train) [ 52200/160000]  lr: 7.0916e-03  eta: 10:33:00  time: 0.3515  data_time: 0.0280  memory: 8740  loss: 1.1603  decode.loss_ohem: 0.7850  decode.acc_seg: 89.1927  aux_0.loss_ce: 0.3753  aux_0.acc_seg: 85.9231
2026/07/22 15:53:50 - mmengine - INFO - Iter(train) [ 52300/160000]  lr: 7.0857e-03  eta: 10:32:25  time: 0.3505  data_time: 0.0279  memory: 8741  loss: 1.1838  decode.loss_ohem: 0.8313  decode.acc_seg: 88.7949  aux_0.loss_ce: 0.3526  aux_0.acc_seg: 86.9128
2026/07/22 15:54:25 - mmengine - INFO - Iter(train) [ 52400/160000]  lr: 7.0798e-03  eta: 10:31:50  time: 0.3528  data_time: 0.0284  memory: 8741  loss: 1.2300  decode.loss_ohem: 0.8367  decode.acc_seg: 88.3058  aux_0.loss_ce: 0.3933  aux_0.acc_seg: 85.2993
2026/07/22 15:55:01 - mmengine - INFO - Iter(train) [ 52500/160000]  lr: 7.0739e-03  eta: 10:31:15  time: 0.3497  data_time: 0.0269  memory: 8740  loss: 1.0653  decode.loss_ohem: 0.7426  decode.acc_seg: 90.8385  aux_0.loss_ce: 0.3227  aux_0.acc_seg: 86.5139
2026/07/22 15:55:36 - mmengine - INFO - Iter(train) [ 52600/160000]  lr: 7.0680e-03  eta: 10:30:39  time: 0.3523  data_time: 0.0295  memory: 8742  loss: 1.2215  decode.loss_ohem: 0.8427  decode.acc_seg: 89.8199  aux_0.loss_ce: 0.3787  aux_0.acc_seg: 84.1061
2026/07/22 15:56:11 - mmengine - INFO - Iter(train) [ 52700/160000]  lr: 7.0621e-03  eta: 10:30:04  time: 0.3527  data_time: 0.0288  memory: 8739  loss: 1.1756  decode.loss_ohem: 0.7664  decode.acc_seg: 90.0964  aux_0.loss_ce: 0.4092  aux_0.acc_seg: 85.6937
2026/07/22 15:56:46 - mmengine - INFO - Iter(train) [ 52800/160000]  lr: 7.0562e-03  eta: 10:29:29  time: 0.3523  data_time: 0.0290  memory: 8741  loss: 1.1856  decode.loss_ohem: 0.8075  decode.acc_seg: 90.0075  aux_0.loss_ce: 0.3781  aux_0.acc_seg: 86.1667
2026/07/22 15:57:21 - mmengine - INFO - Iter(train) [ 52900/160000]  lr: 7.0502e-03  eta: 10:28:53  time: 0.3486  data_time: 0.0279  memory: 8741  loss: 1.0391  decode.loss_ohem: 0.7153  decode.acc_seg: 93.9299  aux_0.loss_ce: 0.3239  aux_0.acc_seg: 90.2796
2026/07/22 15:57:57 - mmengine - INFO - Exp name: dsanet_cityscapes_512x1024_20260722_104438
2026/07/22 15:57:57 - mmengine - INFO - Iter(train) [ 53000/160000]  lr: 7.0443e-03  eta: 10:28:18  time: 0.3511  data_time: 0.0287  memory: 8740  loss: 1.1260  decode.loss_ohem: 0.7804  decode.acc_seg: 87.8099  aux_0.loss_ce: 0.3456  aux_0.acc_seg: 83.5698
2026/07/22 15:58:32 - mmengine - INFO - Iter(train) [ 53100/160000]  lr: 7.0384e-03  eta: 10:27:42  time: 0.3508  data_time: 0.0269  memory: 8740  loss: 1.1516  decode.loss_ohem: 0.7872  decode.acc_seg: 90.2374  aux_0.loss_ce: 0.3644  aux_0.acc_seg: 82.8991
2026/07/22 15:59:07 - mmengine - INFO - Iter(train) [ 53200/160000]  lr: 7.0325e-03  eta: 10:27:07  time: 0.3494  data_time: 0.0268  memory: 8739  loss: 1.1699  decode.loss_ohem: 0.7991  decode.acc_seg: 87.9782  aux_0.loss_ce: 0.3708  aux_0.acc_seg: 82.2575
2026/07/22 15:59:42 - mmengine - INFO - Iter(train) [ 53300/160000]  lr: 7.0266e-03  eta: 10:26:31  time: 0.3503  data_time: 0.0279  memory: 8741  loss: 1.0960  decode.loss_ohem: 0.7496  decode.acc_seg: 88.6763  aux_0.loss_ce: 0.3464  aux_0.acc_seg: 84.4972
2026/07/22 16:00:17 - mmengine - INFO - Iter(train) [ 53400/160000]  lr: 7.0206e-03  eta: 10:25:56  time: 0.3516  data_time: 0.0287  memory: 8740  loss: 1.1166  decode.loss_ohem: 0.7413  decode.acc_seg: 90.9701  aux_0.loss_ce: 0.3754  aux_0.acc_seg: 89.3128
2026/07/22 16:00:52 - mmengine - INFO - Iter(train) [ 53500/160000]  lr: 7.0147e-03  eta: 10:25:21  time: 0.3515  data_time: 0.0282  memory: 8741  loss: 1.0565  decode.loss_ohem: 0.7206  decode.acc_seg: 92.9291  aux_0.loss_ce: 0.3359  aux_0.acc_seg: 90.2339
2026/07/22 16:01:27 - mmengine - INFO - Iter(train) [ 53600/160000]  lr: 7.0088e-03  eta: 10:24:45  time: 0.3522  data_time: 0.0285  memory: 8739  loss: 1.1041  decode.loss_ohem: 0.7514  decode.acc_seg: 91.0121  aux_0.loss_ce: 0.3527  aux_0.acc_seg: 88.9215
2026/07/22 16:02:03 - mmengine - INFO - Iter(train) [ 53700/160000]  lr: 7.0029e-03  eta: 10:24:10  time: 0.3504  data_time: 0.0274  memory: 8741  loss: 1.1548  decode.loss_ohem: 0.8032  decode.acc_seg: 91.7220  aux_0.loss_ce: 0.3516  aux_0.acc_seg: 88.4705
2026/07/22 16:02:38 - mmengine - INFO - Iter(train) [ 53800/160000]  lr: 6.9970e-03  eta: 10:23:35  time: 0.3507  data_time: 0.0274  memory: 8742  loss: 1.0958  decode.loss_ohem: 0.7525  decode.acc_seg: 90.3992  aux_0.loss_ce: 0.3433  aux_0.acc_seg: 88.9030
2026/07/22 16:03:13 - mmengine - INFO - Iter(train) [ 53900/160000]  lr: 6.9910e-03  eta: 10:22:59  time: 0.3512  data_time: 0.0282  memory: 8741  loss: 1.1460  decode.loss_ohem: 0.7694  decode.acc_seg: 87.2555  aux_0.loss_ce: 0.3766  aux_0.acc_seg: 82.0696
2026/07/22 16:03:48 - mmengine - INFO - Exp name: dsanet_cityscapes_512x1024_20260722_104438
2026/07/22 16:03:48 - mmengine - INFO - Iter(train) [ 54000/160000]  lr: 6.9851e-03  eta: 10:22:24  time: 0.3542  data_time: 0.0285  memory: 8741  loss: 1.1353  decode.loss_ohem: 0.7711  decode.acc_seg: 87.7725  aux_0.loss_ce: 0.3642  aux_0.acc_seg: 83.2969
2026/07/22 16:04:24 - mmengine - INFO - Iter(train) [ 54100/160000]  lr: 6.9792e-03  eta: 10:21:49  time: 0.3522  data_time: 0.0279  memory: 8740  loss: 1.1410  decode.loss_ohem: 0.7631  decode.acc_seg: 90.1341  aux_0.loss_ce: 0.3779  aux_0.acc_seg: 87.1160
2026/07/22 16:04:58 - mmengine - INFO - Iter(train) [ 54200/160000]  lr: 6.9733e-03  eta: 10:21:13  time: 0.3453  data_time: 0.0274  memory: 8739  loss: 1.1467  decode.loss_ohem: 0.8186  decode.acc_seg: 88.6557  aux_0.loss_ce: 0.3282  aux_0.acc_seg: 86.6086
2026/07/22 16:05:34 - mmengine - INFO - Iter(train) [ 54300/160000]  lr: 6.9674e-03  eta: 10:20:37  time: 0.3490  data_time: 0.0269  memory: 8742  loss: 1.1533  decode.loss_ohem: 0.7705  decode.acc_seg: 89.6749  aux_0.loss_ce: 0.3827  aux_0.acc_seg: 85.0886
2026/07/22 16:06:09 - mmengine - INFO - Iter(train) [ 54400/160000]  lr: 6.9614e-03  eta: 10:20:02  time: 0.3499  data_time: 0.0275  memory: 8739  loss: 1.1307  decode.loss_ohem: 0.7675  decode.acc_seg: 91.7711  aux_0.loss_ce: 0.3632  aux_0.acc_seg: 88.7916
2026/07/22 16:06:44 - mmengine - INFO - Iter(train) [ 54500/160000]  lr: 6.9555e-03  eta: 10:19:27  time: 0.3519  data_time: 0.0288  memory: 8741  loss: 1.0801  decode.loss_ohem: 0.7388  decode.acc_seg: 89.9416  aux_0.loss_ce: 0.3413  aux_0.acc_seg: 87.7029
2026/07/22 16:07:19 - mmengine - INFO - Iter(train) [ 54600/160000]  lr: 6.9496e-03  eta: 10:18:52  time: 0.3545  data_time: 0.0298  memory: 8739  loss: 1.1525  decode.loss_ohem: 0.8021  decode.acc_seg: 91.3035  aux_0.loss_ce: 0.3504  aux_0.acc_seg: 88.4837
2026/07/22 16:07:54 - mmengine - INFO - Iter(train) [ 54700/160000]  lr: 6.9437e-03  eta: 10:18:16  time: 0.3507  data_time: 0.0285  memory: 8740  loss: 1.1438  decode.loss_ohem: 0.7817  decode.acc_seg: 88.5279  aux_0.loss_ce: 0.3621  aux_0.acc_seg: 86.3774
2026/07/22 16:08:29 - mmengine - INFO - Iter(train) [ 54800/160000]  lr: 6.9377e-03  eta: 10:17:41  time: 0.3538  data_time: 0.0303  memory: 8740  loss: 1.1777  decode.loss_ohem: 0.8201  decode.acc_seg: 88.5364  aux_0.loss_ce: 0.3576  aux_0.acc_seg: 84.3030
2026/07/22 16:09:05 - mmengine - INFO - Iter(train) [ 54900/160000]  lr: 6.9318e-03  eta: 10:17:05  time: 0.3510  data_time: 0.0279  memory: 8740  loss: 1.1614  decode.loss_ohem: 0.7759  decode.acc_seg: 88.9079  aux_0.loss_ce: 0.3855  aux_0.acc_seg: 81.0230
2026/07/22 16:09:40 - mmengine - INFO - Exp name: dsanet_cityscapes_512x1024_20260722_104438
2026/07/22 16:09:40 - mmengine - INFO - Iter(train) [ 55000/160000]  lr: 6.9259e-03  eta: 10:16:30  time: 0.3502  data_time: 0.0275  memory: 8742  loss: 1.0568  decode.loss_ohem: 0.7272  decode.acc_seg: 91.1259  aux_0.loss_ce: 0.3296  aux_0.acc_seg: 86.7092
2026/07/22 16:09:40 - mmengine - INFO - Saving checkpoint at 55000 iterations
2026/07/22 16:09:45 - mmengine - INFO - Iter(val) [100/250]    eta: 0:00:07  time: 0.0419  data_time: 0.0110  memory: 729  
2026/07/22 16:09:49 - mmengine - INFO - Iter(val) [200/250]    eta: 0:00:02  time: 0.0434  data_time: 0.0116  memory: 729  
2026/07/22 16:09:52 - mmengine - INFO - per class results:
2026/07/22 16:09:52 - mmengine - INFO - 
+---------------+-------+-------+
|     Class     |  IoU  |  Acc  |
+---------------+-------+-------+
|      road     |  97.2 | 98.74 |
|    sidewalk   |  78.0 | 87.83 |
|    building   | 88.27 | 95.96 |
|      wall     | 33.96 | 38.54 |
|     fence     | 43.45 | 49.78 |
|      pole     | 51.75 | 60.82 |
| traffic light | 44.65 | 50.28 |
|  traffic sign | 62.59 | 69.29 |
|   vegetation  | 90.01 | 94.43 |
|    terrain    | 55.45 | 71.92 |
|      sky      | 92.15 | 97.57 |
|     person    | 70.19 | 81.16 |
|     rider     | 45.26 | 59.84 |
|      car      | 91.02 | 96.05 |
|     truck     | 53.71 | 59.19 |
|      bus      | 63.14 | 85.82 |
|     train     | 43.96 | 49.14 |
|   motorcycle  |  36.3 | 40.86 |
|    bicycle    | 66.29 | 81.59 |
+---------------+-------+-------+
2026/07/22 16:09:52 - mmengine - INFO - Iter(val) [250/250]    aAcc: 93.9600  mIoU: 63.5500  mAcc: 72.0400  data_time: 0.0144  time: 0.0462
2026/07/22 16:09:52 - mmengine - INFO - The previous best checkpoint /root/autodl-tmp/DSANet-main/tools/work_dirs/dsanet_cityscapes_512x1024/best_mIoU_iter_50000.pth is removed
2026/07/22 16:09:52 - mmengine - INFO - The best checkpoint with 63.5500 mIoU at 55000 iter is saved to best_mIoU_iter_55000.pth.
2026/07/22 16:10:28 - mmengine - INFO - Iter(train) [ 55100/160000]  lr: 6.9199e-03  eta: 10:15:57  time: 0.3538  data_time: 0.0300  memory: 8741  loss: 1.1417  decode.loss_ohem: 0.7771  decode.acc_seg: 89.2785  aux_0.loss_ce: 0.3646  aux_0.acc_seg: 85.7235
2026/07/22 16:11:03 - mmengine - INFO - Iter(train) [ 55200/160000]  lr: 6.9140e-03  eta: 10:15:21  time: 0.3504  data_time: 0.0278  memory: 8739  loss: 1.0820  decode.loss_ohem: 0.7520  decode.acc_seg: 91.9683  aux_0.loss_ce: 0.3299  aux_0.acc_seg: 88.9141
2026/07/22 16:11:38 - mmengine - INFO - Iter(train) [ 55300/160000]  lr: 6.9081e-03  eta: 10:14:45  time: 0.3516  data_time: 0.0282  memory: 8740  loss: 1.1662  decode.loss_ohem: 0.8124  decode.acc_seg: 90.9933  aux_0.loss_ce: 0.3538  aux_0.acc_seg: 89.0756
2026/07/22 16:12:13 - mmengine - INFO - Iter(train) [ 55400/160000]  lr: 6.9022e-03  eta: 10:14:10  time: 0.3513  data_time: 0.0283  memory: 8741  loss: 1.0091  decode.loss_ohem: 0.6933  decode.acc_seg: 93.3716  aux_0.loss_ce: 0.3158  aux_0.acc_seg: 88.3788
2026/07/22 16:12:48 - mmengine - INFO - Iter(train) [ 55500/160000]  lr: 6.8962e-03  eta: 10:13:35  time: 0.3509  data_time: 0.0273  memory: 8739  loss: 1.0449  decode.loss_ohem: 0.7118  decode.acc_seg: 90.0091  aux_0.loss_ce: 0.3331  aux_0.acc_seg: 86.5300
2026/07/22 16:13:24 - mmengine - INFO - Iter(train) [ 55600/160000]  lr: 6.8903e-03  eta: 10:12:59  time: 0.3536  data_time: 0.0292  memory: 8740  loss: 1.0646  decode.loss_ohem: 0.7139  decode.acc_seg: 90.2079  aux_0.loss_ce: 0.3507  aux_0.acc_seg: 86.0810
2026/07/22 16:13:58 - mmengine - INFO - Iter(train) [ 55700/160000]  lr: 6.8844e-03  eta: 10:12:24  time: 0.3500  data_time: 0.0281  memory: 8739  loss: 1.0802  decode.loss_ohem: 0.7469  decode.acc_seg: 93.2203  aux_0.loss_ce: 0.3333  aux_0.acc_seg: 87.9344
2026/07/22 16:14:34 - mmengine - INFO - Iter(train) [ 55800/160000]  lr: 6.8784e-03  eta: 10:11:48  time: 0.3462  data_time: 0.0265  memory: 8740  loss: 1.0931  decode.loss_ohem: 0.7431  decode.acc_seg: 88.9655  aux_0.loss_ce: 0.3501  aux_0.acc_seg: 85.0629
2026/07/22 16:15:09 - mmengine - INFO - Iter(train) [ 55900/160000]  lr: 6.8725e-03  eta: 10:11:13  time: 0.3531  data_time: 0.0266  memory: 8740  loss: 1.1500  decode.loss_ohem: 0.7714  decode.acc_seg: 89.5083  aux_0.loss_ce: 0.3787  aux_0.acc_seg: 85.8330
2026/07/22 16:15:44 - mmengine - INFO - Exp name: dsanet_cityscapes_512x1024_20260722_104438
2026/07/22 16:15:44 - mmengine - INFO - Iter(train) [ 56000/160000]  lr: 6.8666e-03  eta: 10:10:37  time: 0.3440  data_time: 0.0272  memory: 8739  loss: 1.1523  decode.loss_ohem: 0.7606  decode.acc_seg: 90.8746  aux_0.loss_ce: 0.3917  aux_0.acc_seg: 86.4938
2026/07/22 16:16:19 - mmengine - INFO - Iter(train) [ 56100/160000]  lr: 6.8606e-03  eta: 10:10:01  time: 0.3517  data_time: 0.0278  memory: 8740  loss: 1.1711  decode.loss_ohem: 0.8035  decode.acc_seg: 93.7176  aux_0.loss_ce: 0.3676  aux_0.acc_seg: 90.1624
2026/07/22 16:16:54 - mmengine - INFO - Iter(train) [ 56200/160000]  lr: 6.8547e-03  eta: 10:09:26  time: 0.3495  data_time: 0.0273  memory: 8740  loss: 1.1280  decode.loss_ohem: 0.7863  decode.acc_seg: 91.9252  aux_0.loss_ce: 0.3417  aux_0.acc_seg: 88.7730
2026/07/22 16:17:29 - mmengine - INFO - Iter(train) [ 56300/160000]  lr: 6.8488e-03  eta: 10:08:50  time: 0.3510  data_time: 0.0277  memory: 8741  loss: 1.1010  decode.loss_ohem: 0.7434  decode.acc_seg: 93.1698  aux_0.loss_ce: 0.3576  aux_0.acc_seg: 91.1253
2026/07/22 16:18:04 - mmengine - INFO - Iter(train) [ 56400/160000]  lr: 6.8428e-03  eta: 10:08:15  time: 0.3522  data_time: 0.0280  memory: 8740  loss: 1.1695  decode.loss_ohem: 0.7910  decode.acc_seg: 90.1737  aux_0.loss_ce: 0.3785  aux_0.acc_seg: 84.7870
2026/07/22 16:18:39 - mmengine - INFO - Iter(train) [ 56500/160000]  lr: 6.8369e-03  eta: 10:07:39  time: 0.3484  data_time: 0.0272  memory: 8741  loss: 1.1078  decode.loss_ohem: 0.7666  decode.acc_seg: 88.0497  aux_0.loss_ce: 0.3412  aux_0.acc_seg: 84.1823
2026/07/22 16:19:14 - mmengine - INFO - Iter(train) [ 56600/160000]  lr: 6.8310e-03  eta: 10:07:04  time: 0.3496  data_time: 0.0272  memory: 8740  loss: 1.1618  decode.loss_ohem: 0.7992  decode.acc_seg: 90.8136  aux_0.loss_ce: 0.3627  aux_0.acc_seg: 88.3472
2026/07/22 16:19:49 - mmengine - INFO - Iter(train) [ 56700/160000]  lr: 6.8250e-03  eta: 10:06:28  time: 0.3500  data_time: 0.0276  memory: 8740  loss: 1.0953  decode.loss_ohem: 0.7557  decode.acc_seg: 91.6059  aux_0.loss_ce: 0.3395  aux_0.acc_seg: 87.0527
2026/07/22 16:20:24 - mmengine - INFO - Iter(train) [ 56800/160000]  lr: 6.8191e-03  eta: 10:05:53  time: 0.3507  data_time: 0.0284  memory: 8739  loss: 1.0042  decode.loss_ohem: 0.7075  decode.acc_seg: 90.5850  aux_0.loss_ce: 0.2967  aux_0.acc_seg: 89.6058
2026/07/22 16:21:00 - mmengine - INFO - Iter(train) [ 56900/160000]  lr: 6.8131e-03  eta: 10:05:18  time: 0.3514  data_time: 0.0280  memory: 8740  loss: 1.1501  decode.loss_ohem: 0.7634  decode.acc_seg: 91.9548  aux_0.loss_ce: 0.3867  aux_0.acc_seg: 85.5969
2026/07/22 16:21:35 - mmengine - INFO - Exp name: dsanet_cityscapes_512x1024_20260722_104438
2026/07/22 16:21:35 - mmengine - INFO - Iter(train) [ 57000/160000]  lr: 6.8072e-03  eta: 10:04:42  time: 0.3509  data_time: 0.0280  memory: 8741  loss: 1.1805  decode.loss_ohem: 0.8156  decode.acc_seg: 90.5389  aux_0.loss_ce: 0.3649  aux_0.acc_seg: 83.2010
2026/07/22 16:22:10 - mmengine - INFO - Iter(train) [ 57100/160000]  lr: 6.8013e-03  eta: 10:04:07  time: 0.3581  data_time: 0.0288  memory: 8740  loss: 1.1249  decode.loss_ohem: 0.7648  decode.acc_seg: 91.0907  aux_0.loss_ce: 0.3600  aux_0.acc_seg: 88.1140
2026/07/22 16:22:45 - mmengine - INFO - Iter(train) [ 57200/160000]  lr: 6.7953e-03  eta: 10:03:31  time: 0.3554  data_time: 0.0265  memory: 8740  loss: 1.1407  decode.loss_ohem: 0.7751  decode.acc_seg: 89.8290  aux_0.loss_ce: 0.3656  aux_0.acc_seg: 86.8774
2026/07/22 16:23:20 - mmengine - INFO - Iter(train) [ 57300/160000]  lr: 6.7894e-03  eta: 10:02:55  time: 0.3436  data_time: 0.0264  memory: 8741  loss: 1.1373  decode.loss_ohem: 0.7986  decode.acc_seg: 90.1968  aux_0.loss_ce: 0.3387  aux_0.acc_seg: 87.8345
2026/07/22 16:23:55 - mmengine - INFO - Iter(train) [ 57400/160000]  lr: 6.7834e-03  eta: 10:02:20  time: 0.3522  data_time: 0.0275  memory: 8740  loss: 1.1267  decode.loss_ohem: 0.7887  decode.acc_seg: 89.2331  aux_0.loss_ce: 0.3381  aux_0.acc_seg: 85.1441
2026/07/22 16:24:30 - mmengine - INFO - Iter(train) [ 57500/160000]  lr: 6.7775e-03  eta: 10:01:44  time: 0.3480  data_time: 0.0273  memory: 8740  loss: 1.0429  decode.loss_ohem: 0.7071  decode.acc_seg: 91.4634  aux_0.loss_ce: 0.3357  aux_0.acc_seg: 85.8485
2026/07/22 16:25:05 - mmengine - INFO - Iter(train) [ 57600/160000]  lr: 6.7716e-03  eta: 10:01:08  time: 0.3508  data_time: 0.0274  memory: 8740  loss: 1.1261  decode.loss_ohem: 0.7769  decode.acc_seg: 90.9822  aux_0.loss_ce: 0.3492  aux_0.acc_seg: 87.6594
2026/07/22 16:25:40 - mmengine - INFO - Iter(train) [ 57700/160000]  lr: 6.7656e-03  eta: 10:00:33  time: 0.3512  data_time: 0.0274  memory: 8740  loss: 1.0788  decode.loss_ohem: 0.7096  decode.acc_seg: 91.9872  aux_0.loss_ce: 0.3692  aux_0.acc_seg: 86.3534
2026/07/22 16:26:15 - mmengine - INFO - Iter(train) [ 57800/160000]  lr: 6.7597e-03  eta: 9:59:58  time: 0.3490  data_time: 0.0266  memory: 8739  loss: 1.1929  decode.loss_ohem: 0.8220  decode.acc_seg: 93.2015  aux_0.loss_ce: 0.3709  aux_0.acc_seg: 89.8303
2026/07/22 16:26:50 - mmengine - INFO - Iter(train) [ 57900/160000]  lr: 6.7537e-03  eta: 9:59:22  time: 0.3502  data_time: 0.0272  memory: 8740  loss: 1.0688  decode.loss_ohem: 0.7047  decode.acc_seg: 91.0286  aux_0.loss_ce: 0.3640  aux_0.acc_seg: 86.0676
2026/07/22 16:27:25 - mmengine - INFO - Exp name: dsanet_cityscapes_512x1024_20260722_104438
2026/07/22 16:27:25 - mmengine - INFO - Iter(train) [ 58000/160000]  lr: 6.7478e-03  eta: 9:58:46  time: 0.3511  data_time: 0.0284  memory: 8740  loss: 0.9953  decode.loss_ohem: 0.6661  decode.acc_seg: 93.1693  aux_0.loss_ce: 0.3292  aux_0.acc_seg: 91.0608
2026/07/22 16:28:00 - mmengine - INFO - Iter(train) [ 58100/160000]  lr: 6.7418e-03  eta: 9:58:11  time: 0.3508  data_time: 0.0272  memory: 8739  loss: 1.0952  decode.loss_ohem: 0.7806  decode.acc_seg: 91.8750  aux_0.loss_ce: 0.3146  aux_0.acc_seg: 87.8171
2026/07/22 16:28:35 - mmengine - INFO - Iter(train) [ 58200/160000]  lr: 6.7359e-03  eta: 9:57:35  time: 0.3493  data_time: 0.0278  memory: 8739  loss: 1.1669  decode.loss_ohem: 0.8131  decode.acc_seg: 93.8661  aux_0.loss_ce: 0.3538  aux_0.acc_seg: 90.8942
2026/07/22 16:29:10 - mmengine - INFO - Iter(train) [ 58300/160000]  lr: 6.7299e-03  eta: 9:57:00  time: 0.3505  data_time: 0.0274  memory: 8740  loss: 1.0654  decode.loss_ohem: 0.7367  decode.acc_seg: 90.6329  aux_0.loss_ce: 0.3287  aux_0.acc_seg: 85.7839
2026/07/22 16:29:45 - mmengine - INFO - Iter(train) [ 58400/160000]  lr: 6.7240e-03  eta: 9:56:24  time: 0.3515  data_time: 0.0282  memory: 8739  loss: 0.9951  decode.loss_ohem: 0.6825  decode.acc_seg: 91.1206  aux_0.loss_ce: 0.3126  aux_0.acc_seg: 88.2595
2026/07/22 16:30:20 - mmengine - INFO - Iter(train) [ 58500/160000]  lr: 6.7180e-03  eta: 9:55:49  time: 0.3498  data_time: 0.0285  memory: 8742  loss: 1.1028  decode.loss_ohem: 0.7294  decode.acc_seg: 92.9658  aux_0.loss_ce: 0.3734  aux_0.acc_seg: 89.0825
2026/07/22 16:30:56 - mmengine - INFO - Iter(train) [ 58600/160000]  lr: 6.7121e-03  eta: 9:55:13  time: 0.3501  data_time: 0.0283  memory: 8740  loss: 1.1424  decode.loss_ohem: 0.7786  decode.acc_seg: 92.1070  aux_0.loss_ce: 0.3637  aux_0.acc_seg: 88.8161
2026/07/22 16:31:31 - mmengine - INFO - Iter(train) [ 58700/160000]  lr: 6.7061e-03  eta: 9:54:38  time: 0.3518  data_time: 0.0281  memory: 8741  loss: 1.1359  decode.loss_ohem: 0.7662  decode.acc_seg: 90.2049  aux_0.loss_ce: 0.3697  aux_0.acc_seg: 86.0487
2026/07/22 16:32:06 - mmengine - INFO - Iter(train) [ 58800/160000]  lr: 6.7002e-03  eta: 9:54:02  time: 0.3493  data_time: 0.0273  memory: 8740  loss: 1.1463  decode.loss_ohem: 0.8067  decode.acc_seg: 90.6921  aux_0.loss_ce: 0.3397  aux_0.acc_seg: 89.0814
2026/07/22 16:32:41 - mmengine - INFO - Iter(train) [ 58900/160000]  lr: 6.6942e-03  eta: 9:53:27  time: 0.3495  data_time: 0.0268  memory: 8740  loss: 1.1389  decode.loss_ohem: 0.7796  decode.acc_seg: 91.9438  aux_0.loss_ce: 0.3594  aux_0.acc_seg: 86.3857
2026/07/22 16:33:16 - mmengine - INFO - Exp name: dsanet_cityscapes_512x1024_20260722_104438
2026/07/22 16:33:16 - mmengine - INFO - Iter(train) [ 59000/160000]  lr: 6.6883e-03  eta: 9:52:51  time: 0.3499  data_time: 0.0270  memory: 8740  loss: 1.1793  decode.loss_ohem: 0.8107  decode.acc_seg: 92.5016  aux_0.loss_ce: 0.3686  aux_0.acc_seg: 88.7183
2026/07/22 16:33:51 - mmengine - INFO - Iter(train) [ 59100/160000]  lr: 6.6823e-03  eta: 9:52:16  time: 0.3513  data_time: 0.0283  memory: 8740  loss: 1.1160  decode.loss_ohem: 0.7577  decode.acc_seg: 92.3683  aux_0.loss_ce: 0.3584  aux_0.acc_seg: 88.9786
2026/07/22 16:34:26 - mmengine - INFO - Iter(train) [ 59200/160000]  lr: 6.6764e-03  eta: 9:51:40  time: 0.3511  data_time: 0.0279  memory: 8740  loss: 1.1078  decode.loss_ohem: 0.7472  decode.acc_seg: 90.2730  aux_0.loss_ce: 0.3605  aux_0.acc_seg: 85.5912
2026/07/22 16:35:01 - mmengine - INFO - Iter(train) [ 59300/160000]  lr: 6.6704e-03  eta: 9:51:05  time: 0.3500  data_time: 0.0279  memory: 8740  loss: 1.0928  decode.loss_ohem: 0.7256  decode.acc_seg: 92.9474  aux_0.loss_ce: 0.3671  aux_0.acc_seg: 89.8443
2026/07/22 16:35:36 - mmengine - INFO - Iter(train) [ 59400/160000]  lr: 6.6645e-03  eta: 9:50:29  time: 0.3488  data_time: 0.0267  memory: 8740  loss: 1.0886  decode.loss_ohem: 0.7275  decode.acc_seg: 86.5430  aux_0.loss_ce: 0.3611  aux_0.acc_seg: 84.3040
2026/07/22 16:36:11 - mmengine - INFO - Iter(train) [ 59500/160000]  lr: 6.6585e-03  eta: 9:49:54  time: 0.3490  data_time: 0.0270  memory: 8740  loss: 1.0390  decode.loss_ohem: 0.7072  decode.acc_seg: 93.4803  aux_0.loss_ce: 0.3318  aux_0.acc_seg: 89.4934
2026/07/22 16:36:46 - mmengine - INFO - Iter(train) [ 59600/160000]  lr: 6.6526e-03  eta: 9:49:19  time: 0.3522  data_time: 0.0293  memory: 8740  loss: 1.1148  decode.loss_ohem: 0.7754  decode.acc_seg: 90.6470  aux_0.loss_ce: 0.3395  aux_0.acc_seg: 86.7951
2026/07/22 16:37:21 - mmengine - INFO - Iter(train) [ 59700/160000]  lr: 6.6466e-03  eta: 9:48:43  time: 0.3503  data_time: 0.0269  memory: 8739  loss: 1.0946  decode.loss_ohem: 0.7642  decode.acc_seg: 90.8897  aux_0.loss_ce: 0.3304  aux_0.acc_seg: 85.8809
2026/07/22 16:37:56 - mmengine - INFO - Iter(train) [ 59800/160000]  lr: 6.6407e-03  eta: 9:48:07  time: 0.3484  data_time: 0.0269  memory: 8740  loss: 1.0843  decode.loss_ohem: 0.7739  decode.acc_seg: 93.2060  aux_0.loss_ce: 0.3104  aux_0.acc_seg: 89.9265
2026/07/22 16:38:31 - mmengine - INFO - Iter(train) [ 59900/160000]  lr: 6.6347e-03  eta: 9:47:32  time: 0.3483  data_time: 0.0267  memory: 8739  loss: 1.1404  decode.loss_ohem: 0.7930  decode.acc_seg: 90.4541  aux_0.loss_ce: 0.3473  aux_0.acc_seg: 84.5717
2026/07/22 16:39:06 - mmengine - INFO - Exp name: dsanet_cityscapes_512x1024_20260722_104438
2026/07/22 16:39:06 - mmengine - INFO - Iter(train) [ 60000/160000]  lr: 6.6288e-03  eta: 9:46:56  time: 0.3534  data_time: 0.0297  memory: 8740  loss: 1.0560  decode.loss_ohem: 0.7115  decode.acc_seg: 90.8216  aux_0.loss_ce: 0.3445  aux_0.acc_seg: 87.5641
2026/07/22 16:39:06 - mmengine - INFO - Saving checkpoint at 60000 iterations
2026/07/22 16:39:12 - mmengine - INFO - Iter(val) [100/250]    eta: 0:00:07  time: 0.0440  data_time: 0.0125  memory: 729  
2026/07/22 16:39:16 - mmengine - INFO - Iter(val) [200/250]    eta: 0:00:02  time: 0.0421  data_time: 0.0106  memory: 729  
2026/07/22 16:39:18 - mmengine - INFO - per class results:
2026/07/22 16:39:18 - mmengine - INFO - 
+---------------+-------+-------+
|     Class     |  IoU  |  Acc  |
+---------------+-------+-------+
|      road     |  96.4 | 98.32 |
|    sidewalk   |  74.4 | 85.38 |
|    building   | 87.74 | 92.43 |
|      wall     | 28.25 |  31.7 |
|     fence     | 45.65 | 60.86 |
|      pole     | 53.29 | 72.26 |
| traffic light | 46.36 | 58.35 |
|  traffic sign | 62.96 | 75.14 |
|   vegetation  | 88.44 | 95.12 |
|    terrain    | 52.83 | 69.85 |
|      sky      | 91.62 | 96.78 |
|     person    | 69.15 | 89.63 |
|     rider     | 49.04 | 60.81 |
|      car      | 91.18 | 95.11 |
|     truck     | 49.59 | 59.36 |
|      bus      | 66.14 | 88.94 |
|     train     | 27.93 | 62.73 |
|   motorcycle  | 24.72 | 27.27 |
|    bicycle    | 67.43 | 77.93 |
+---------------+-------+-------+
2026/07/22 16:39:18 - mmengine - INFO - Iter(val) [250/250]    aAcc: 93.2800  mIoU: 61.7400  mAcc: 73.5800  data_time: 0.0154  time: 0.0469
2026/07/22 16:39:53 - mmengine - INFO - Iter(train) [ 60100/160000]  lr: 6.6228e-03  eta: 9:46:20  time: 0.3493  data_time: 0.0268  memory: 8740  loss: 1.3156  decode.loss_ohem: 0.9066  decode.acc_seg: 90.3471  aux_0.loss_ce: 0.4090  aux_0.acc_seg: 83.4566
2026/07/22 16:40:29 - mmengine - INFO - Iter(train) [ 60200/160000]  lr: 6.6168e-03  eta: 9:45:45  time: 0.3516  data_time: 0.0287  memory: 8740  loss: 1.1261  decode.loss_ohem: 0.7922  decode.acc_seg: 91.1998  aux_0.loss_ce: 0.3339  aux_0.acc_seg: 87.4903
2026/07/22 16:41:04 - mmengine - INFO - Iter(train) [ 60300/160000]  lr: 6.6109e-03  eta: 9:45:10  time: 0.3506  data_time: 0.0277  memory: 8740  loss: 1.1318  decode.loss_ohem: 0.7774  decode.acc_seg: 91.8858  aux_0.loss_ce: 0.3544  aux_0.acc_seg: 88.3777
2026/07/22 16:41:39 - mmengine - INFO - Iter(train) [ 60400/160000]  lr: 6.6049e-03  eta: 9:44:34  time: 0.3501  data_time: 0.0276  memory: 8739  loss: 1.0818  decode.loss_ohem: 0.7284  decode.acc_seg: 90.3297  aux_0.loss_ce: 0.3534  aux_0.acc_seg: 87.1038
2026/07/22 16:42:14 - mmengine - INFO - Iter(train) [ 60500/160000]  lr: 6.5990e-03  eta: 9:43:59  time: 0.3513  data_time: 0.0280  memory: 8740  loss: 1.0612  decode.loss_ohem: 0.7273  decode.acc_seg: 89.7648  aux_0.loss_ce: 0.3339  aux_0.acc_seg: 85.5930
2026/07/22 16:42:49 - mmengine - INFO - Iter(train) [ 60600/160000]  lr: 6.5930e-03  eta: 9:43:23  time: 0.3511  data_time: 0.0288  memory: 8740  loss: 1.0674  decode.loss_ohem: 0.7279  decode.acc_seg: 93.2512  aux_0.loss_ce: 0.3395  aux_0.acc_seg: 90.5654
2026/07/22 16:43:24 - mmengine - INFO - Iter(train) [ 60700/160000]  lr: 6.5870e-03  eta: 9:42:47  time: 0.3506  data_time: 0.0279  memory: 8740  loss: 1.0840  decode.loss_ohem: 0.7265  decode.acc_seg: 87.6374  aux_0.loss_ce: 0.3575  aux_0.acc_seg: 83.0893
2026/07/22 16:43:59 - mmengine - INFO - Iter(train) [ 60800/160000]  lr: 6.5811e-03  eta: 9:42:12  time: 0.3491  data_time: 0.0266  memory: 8743  loss: 1.1103  decode.loss_ohem: 0.7466  decode.acc_seg: 90.5461  aux_0.loss_ce: 0.3637  aux_0.acc_seg: 83.6883
2026/07/22 16:44:34 - mmengine - INFO - Iter(train) [ 60900/160000]  lr: 6.5751e-03  eta: 9:41:37  time: 0.3504  data_time: 0.0276  memory: 8739  loss: 1.0995  decode.loss_ohem: 0.7602  decode.acc_seg: 87.8049  aux_0.loss_ce: 0.3394  aux_0.acc_seg: 80.1053
2026/07/22 16:45:09 - mmengine - INFO - Exp name: dsanet_cityscapes_512x1024_20260722_104438
2026/07/22 16:45:09 - mmengine - INFO - Iter(train) [ 61000/160000]  lr: 6.5692e-03  eta: 9:41:01  time: 0.3496  data_time: 0.0271  memory: 8742  loss: 1.0621  decode.loss_ohem: 0.7088  decode.acc_seg: 92.8656  aux_0.loss_ce: 0.3533  aux_0.acc_seg: 88.6349
2026/07/22 16:45:44 - mmengine - INFO - Iter(train) [ 61100/160000]  lr: 6.5632e-03  eta: 9:40:25  time: 0.3496  data_time: 0.0263  memory: 8739  loss: 1.2049  decode.loss_ohem: 0.8320  decode.acc_seg: 88.3288  aux_0.loss_ce: 0.3729  aux_0.acc_seg: 83.8293
2026/07/22 16:46:19 - mmengine - INFO - Iter(train) [ 61200/160000]  lr: 6.5572e-03  eta: 9:39:50  time: 0.3492  data_time: 0.0272  memory: 8739  loss: 1.1343  decode.loss_ohem: 0.7715  decode.acc_seg: 89.6642  aux_0.loss_ce: 0.3628  aux_0.acc_seg: 86.5799
2026/07/22 16:46:54 - mmengine - INFO - Iter(train) [ 61300/160000]  lr: 6.5513e-03  eta: 9:39:15  time: 0.3562  data_time: 0.0295  memory: 8740  loss: 1.1914  decode.loss_ohem: 0.8099  decode.acc_seg: 90.3870  aux_0.loss_ce: 0.3815  aux_0.acc_seg: 85.8454
2026/07/22 16:47:30 - mmengine - INFO - Iter(train) [ 61400/160000]  lr: 6.5453e-03  eta: 9:38:40  time: 0.3551  data_time: 0.0288  memory: 8740  loss: 1.1091  decode.loss_ohem: 0.7419  decode.acc_seg: 90.7223  aux_0.loss_ce: 0.3672  aux_0.acc_seg: 87.0300
2026/07/22 16:48:05 - mmengine - INFO - Iter(train) [ 61500/160000]  lr: 6.5393e-03  eta: 9:38:05  time: 0.3527  data_time: 0.0274  memory: 8739  loss: 1.0392  decode.loss_ohem: 0.7300  decode.acc_seg: 92.4909  aux_0.loss_ce: 0.3092  aux_0.acc_seg: 90.5582
2026/07/22 16:48:40 - mmengine - INFO - Iter(train) [ 61600/160000]  lr: 6.5334e-03  eta: 9:37:29  time: 0.3509  data_time: 0.0271  memory: 8740  loss: 1.1543  decode.loss_ohem: 0.8143  decode.acc_seg: 93.0779  aux_0.loss_ce: 0.3400  aux_0.acc_seg: 90.2793
2026/07/22 16:49:16 - mmengine - INFO - Iter(train) [ 61700/160000]  lr: 6.5274e-03  eta: 9:36:54  time: 0.3530  data_time: 0.0267  memory: 8741  loss: 1.2301  decode.loss_ohem: 0.8623  decode.acc_seg: 93.8885  aux_0.loss_ce: 0.3678  aux_0.acc_seg: 88.7804
2026/07/22 16:49:51 - mmengine - INFO - Iter(train) [ 61800/160000]  lr: 6.5214e-03  eta: 9:36:19  time: 0.3537  data_time: 0.0286  memory: 8740  loss: 1.0551  decode.loss_ohem: 0.7300  decode.acc_seg: 93.4470  aux_0.loss_ce: 0.3251  aux_0.acc_seg: 89.7338
2026/07/22 16:50:26 - mmengine - INFO - Iter(train) [ 61900/160000]  lr: 6.5155e-03  eta: 9:35:44  time: 0.3524  data_time: 0.0272  memory: 8740  loss: 1.1240  decode.loss_ohem: 0.7726  decode.acc_seg: 89.4826  aux_0.loss_ce: 0.3514  aux_0.acc_seg: 86.3738
2026/07/22 16:51:02 - mmengine - INFO - Exp name: dsanet_cityscapes_512x1024_20260722_104438
2026/07/22 16:51:02 - mmengine - INFO - Iter(train) [ 62000/160000]  lr: 6.5095e-03  eta: 9:35:10  time: 0.3525  data_time: 0.0268  memory: 8741  loss: 1.0291  decode.loss_ohem: 0.7129  decode.acc_seg: 92.6627  aux_0.loss_ce: 0.3162  aux_0.acc_seg: 87.7319
2026/07/22 16:51:37 - mmengine - INFO - Iter(train) [ 62100/160000]  lr: 6.5035e-03  eta: 9:34:35  time: 0.3530  data_time: 0.0277  memory: 8741  loss: 1.1584  decode.loss_ohem: 0.7997  decode.acc_seg: 89.0744  aux_0.loss_ce: 0.3588  aux_0.acc_seg: 88.4401
2026/07/22 16:52:12 - mmengine - INFO - Iter(train) [ 62200/160000]  lr: 6.4976e-03  eta: 9:33:59  time: 0.3510  data_time: 0.0271  memory: 8740  loss: 1.1318  decode.loss_ohem: 0.8020  decode.acc_seg: 91.5155  aux_0.loss_ce: 0.3298  aux_0.acc_seg: 88.1492
2026/07/22 16:52:48 - mmengine - INFO - Iter(train) [ 62300/160000]  lr: 6.4916e-03  eta: 9:33:25  time: 0.3548  data_time: 0.0287  memory: 8740  loss: 1.1578  decode.loss_ohem: 0.8091  decode.acc_seg: 91.5814  aux_0.loss_ce: 0.3487  aux_0.acc_seg: 88.2813
2026/07/22 16:53:23 - mmengine - INFO - Iter(train) [ 62400/160000]  lr: 6.4856e-03  eta: 9:32:50  time: 0.3566  data_time: 0.0308  memory: 8741  loss: 1.0929  decode.loss_ohem: 0.7586  decode.acc_seg: 89.5041  aux_0.loss_ce: 0.3342  aux_0.acc_seg: 85.3040
2026/07/22 16:53:59 - mmengine - INFO - Iter(train) [ 62500/160000]  lr: 6.4796e-03  eta: 9:32:15  time: 0.3537  data_time: 0.0280  memory: 8741  loss: 1.1102  decode.loss_ohem: 0.7628  decode.acc_seg: 88.4110  aux_0.loss_ce: 0.3474  aux_0.acc_seg: 86.3526
2026/07/22 16:54:34 - mmengine - INFO - Iter(train) [ 62600/160000]  lr: 6.4737e-03  eta: 9:31:40  time: 0.3519  data_time: 0.0276  memory: 8741  loss: 1.0576  decode.loss_ohem: 0.7256  decode.acc_seg: 92.0360  aux_0.loss_ce: 0.3320  aux_0.acc_seg: 88.3767
2026/07/22 16:55:10 - mmengine - INFO - Iter(train) [ 62700/160000]  lr: 6.4677e-03  eta: 9:31:05  time: 0.3548  data_time: 0.0283  memory: 8741  loss: 1.0844  decode.loss_ohem: 0.7586  decode.acc_seg: 93.5905  aux_0.loss_ce: 0.3258  aux_0.acc_seg: 89.6321
2026/07/22 16:55:45 - mmengine - INFO - Iter(train) [ 62800/160000]  lr: 6.4617e-03  eta: 9:30:31  time: 0.3557  data_time: 0.0288  memory: 8740  loss: 1.1865  decode.loss_ohem: 0.8206  decode.acc_seg: 92.5394  aux_0.loss_ce: 0.3659  aux_0.acc_seg: 89.9863
2026/07/22 16:56:21 - mmengine - INFO - Iter(train) [ 62900/160000]  lr: 6.4558e-03  eta: 9:29:56  time: 0.3507  data_time: 0.0275  memory: 8739  loss: 1.1231  decode.loss_ohem: 0.7753  decode.acc_seg: 93.0983  aux_0.loss_ce: 0.3478  aux_0.acc_seg: 89.3620
2026/07/22 16:56:56 - mmengine - INFO - Exp name: dsanet_cityscapes_512x1024_20260722_104438
2026/07/22 16:56:56 - mmengine - INFO - Iter(train) [ 63000/160000]  lr: 6.4498e-03  eta: 9:29:20  time: 0.3491  data_time: 0.0270  memory: 8742  loss: 1.0086  decode.loss_ohem: 0.6586  decode.acc_seg: 92.4709  aux_0.loss_ce: 0.3499  aux_0.acc_seg: 88.7755
2026/07/22 16:57:31 - mmengine - INFO - Iter(train) [ 63100/160000]  lr: 6.4438e-03  eta: 9:28:45  time: 0.3505  data_time: 0.0275  memory: 8741  loss: 1.0459  decode.loss_ohem: 0.7217  decode.acc_seg: 92.2739  aux_0.loss_ce: 0.3242  aux_0.acc_seg: 89.1570
2026/07/22 16:58:06 - mmengine - INFO - Iter(train) [ 63200/160000]  lr: 6.4378e-03  eta: 9:28:10  time: 0.3520  data_time: 0.0283  memory: 8738  loss: 1.1263  decode.loss_ohem: 0.8128  decode.acc_seg: 91.9369  aux_0.loss_ce: 0.3135  aux_0.acc_seg: 87.3962
2026/07/22 16:58:41 - mmengine - INFO - Iter(train) [ 63300/160000]  lr: 6.4319e-03  eta: 9:27:34  time: 0.3507  data_time: 0.0281  memory: 8739  loss: 1.1351  decode.loss_ohem: 0.7745  decode.acc_seg: 90.9717  aux_0.loss_ce: 0.3605  aux_0.acc_seg: 86.0573
2026/07/22 16:59:17 - mmengine - INFO - Iter(train) [ 63400/160000]  lr: 6.4259e-03  eta: 9:26:59  time: 0.3549  data_time: 0.0313  memory: 8739  loss: 1.1525  decode.loss_ohem: 0.7833  decode.acc_seg: 89.2552  aux_0.loss_ce: 0.3692  aux_0.acc_seg: 85.7149
2026/07/22 16:59:52 - mmengine - INFO - Iter(train) [ 63500/160000]  lr: 6.4199e-03  eta: 9:26:24  time: 0.3504  data_time: 0.0270  memory: 8740  loss: 1.0683  decode.loss_ohem: 0.7302  decode.acc_seg: 91.4446  aux_0.loss_ce: 0.3381  aux_0.acc_seg: 87.4100
2026/07/22 17:00:27 - mmengine - INFO - Iter(train) [ 63600/160000]  lr: 6.4139e-03  eta: 9:25:48  time: 0.3514  data_time: 0.0280  memory: 8742  loss: 1.1136  decode.loss_ohem: 0.7583  decode.acc_seg: 90.9626  aux_0.loss_ce: 0.3552  aux_0.acc_seg: 87.3653
2026/07/22 17:01:02 - mmengine - INFO - Iter(train) [ 63700/160000]  lr: 6.4079e-03  eta: 9:25:13  time: 0.3519  data_time: 0.0291  memory: 8739  loss: 1.1852  decode.loss_ohem: 0.7800  decode.acc_seg: 90.9631  aux_0.loss_ce: 0.4052  aux_0.acc_seg: 83.8181
2026/07/22 17:01:37 - mmengine - INFO - Iter(train) [ 63800/160000]  lr: 6.4020e-03  eta: 9:24:37  time: 0.3484  data_time: 0.0261  memory: 8739  loss: 1.0908  decode.loss_ohem: 0.7460  decode.acc_seg: 89.8497  aux_0.loss_ce: 0.3448  aux_0.acc_seg: 85.3775
2026/07/22 17:02:12 - mmengine - INFO - Iter(train) [ 63900/160000]  lr: 6.3960e-03  eta: 9:24:02  time: 0.3498  data_time: 0.0274  memory: 8740  loss: 1.1895  decode.loss_ohem: 0.8245  decode.acc_seg: 94.1378  aux_0.loss_ce: 0.3650  aux_0.acc_seg: 90.3064
2026/07/22 17:02:47 - mmengine - INFO - Exp name: dsanet_cityscapes_512x1024_20260722_104438
2026/07/22 17:02:47 - mmengine - INFO - Iter(train) [ 64000/160000]  lr: 6.3900e-03  eta: 9:23:27  time: 0.3506  data_time: 0.0275  memory: 8740  loss: 1.1953  decode.loss_ohem: 0.8006  decode.acc_seg: 90.3254  aux_0.loss_ce: 0.3947  aux_0.acc_seg: 83.8319
2026/07/22 17:03:22 - mmengine - INFO - Iter(train) [ 64100/160000]  lr: 6.3840e-03  eta: 9:22:51  time: 0.3495  data_time: 0.0274  memory: 8741  loss: 1.1098  decode.loss_ohem: 0.7799  decode.acc_seg: 90.7883  aux_0.loss_ce: 0.3299  aux_0.acc_seg: 85.8684
2026/07/22 17:03:57 - mmengine - INFO - Iter(train) [ 64200/160000]  lr: 6.3780e-03  eta: 9:22:16  time: 0.3511  data_time: 0.0276  memory: 8739  loss: 1.0757  decode.loss_ohem: 0.7550  decode.acc_seg: 94.2724  aux_0.loss_ce: 0.3207  aux_0.acc_seg: 92.5521
2026/07/22 17:04:32 - mmengine - INFO - Iter(train) [ 64300/160000]  lr: 6.3721e-03  eta: 9:21:40  time: 0.3553  data_time: 0.0312  memory: 8742  loss: 1.1133  decode.loss_ohem: 0.7545  decode.acc_seg: 91.0277  aux_0.loss_ce: 0.3587  aux_0.acc_seg: 86.7138
2026/07/22 17:05:08 - mmengine - INFO - Iter(train) [ 64400/160000]  lr: 6.3661e-03  eta: 9:21:05  time: 0.3496  data_time: 0.0282  memory: 8741  loss: 1.0911  decode.loss_ohem: 0.7564  decode.acc_seg: 91.0624  aux_0.loss_ce: 0.3347  aux_0.acc_seg: 87.1238
2026/07/22 17:05:43 - mmengine - INFO - Iter(train) [ 64500/160000]  lr: 6.3601e-03  eta: 9:20:29  time: 0.3501  data_time: 0.0281  memory: 8741  loss: 1.1865  decode.loss_ohem: 0.8093  decode.acc_seg: 87.9074  aux_0.loss_ce: 0.3772  aux_0.acc_seg: 85.1479
2026/07/22 17:06:18 - mmengine - INFO - Iter(train) [ 64600/160000]  lr: 6.3541e-03  eta: 9:19:54  time: 0.3492  data_time: 0.0274  memory: 8740  loss: 1.0840  decode.loss_ohem: 0.7788  decode.acc_seg: 93.7185  aux_0.loss_ce: 0.3052  aux_0.acc_seg: 89.6973
2026/07/22 17:06:53 - mmengine - INFO - Iter(train) [ 64700/160000]  lr: 6.3481e-03  eta: 9:19:18  time: 0.3498  data_time: 0.0279  memory: 8740  loss: 1.1516  decode.loss_ohem: 0.7959  decode.acc_seg: 90.9296  aux_0.loss_ce: 0.3557  aux_0.acc_seg: 87.7801
2026/07/22 17:07:28 - mmengine - INFO - Iter(train) [ 64800/160000]  lr: 6.3421e-03  eta: 9:18:43  time: 0.3483  data_time: 0.0254  memory: 8740  loss: 1.1821  decode.loss_ohem: 0.7962  decode.acc_seg: 86.8190  aux_0.loss_ce: 0.3859  aux_0.acc_seg: 82.2146
2026/07/22 17:08:03 - mmengine - INFO - Iter(train) [ 64900/160000]  lr: 6.3361e-03  eta: 9:18:08  time: 0.3500  data_time: 0.0264  memory: 8739  loss: 1.1771  decode.loss_ohem: 0.8133  decode.acc_seg: 91.1771  aux_0.loss_ce: 0.3638  aux_0.acc_seg: 86.5946
2026/07/22 17:08:38 - mmengine - INFO - Exp name: dsanet_cityscapes_512x1024_20260722_104438
2026/07/22 17:08:38 - mmengine - INFO - Iter(train) [ 65000/160000]  lr: 6.3302e-03  eta: 9:17:32  time: 0.3530  data_time: 0.0283  memory: 8740  loss: 1.0820  decode.loss_ohem: 0.7395  decode.acc_seg: 91.7924  aux_0.loss_ce: 0.3425  aux_0.acc_seg: 88.7029
2026/07/22 17:08:38 - mmengine - INFO - Saving checkpoint at 65000 iterations
2026/07/22 17:08:43 - mmengine - INFO - Iter(val) [100/250]    eta: 0:00:07  time: 0.0448  data_time: 0.0139  memory: 729  
2026/07/22 17:08:48 - mmengine - INFO - Iter(val) [200/250]    eta: 0:00:02  time: 0.0433  data_time: 0.0117  memory: 729  
2026/07/22 17:08:50 - mmengine - INFO - per class results:
2026/07/22 17:08:50 - mmengine - INFO - 
+---------------+-------+-------+
|     Class     |  IoU  |  Acc  |
+---------------+-------+-------+
|      road     | 97.11 | 98.05 |
|    sidewalk   | 77.94 | 90.87 |
|    building   | 88.61 | 94.17 |
|      wall     | 36.28 | 43.19 |
|     fence     | 49.06 | 68.44 |
|      pole     | 53.11 | 62.22 |
| traffic light | 48.31 | 58.98 |
|  traffic sign | 64.74 |  74.6 |
|   vegetation  |  89.8 | 96.05 |
|    terrain    | 52.41 | 60.92 |
|      sky      | 91.97 | 97.11 |
|     person    | 71.72 | 85.93 |
|     rider     | 48.92 | 65.26 |
|      car      | 91.65 | 96.43 |
|     truck     | 55.07 | 65.43 |
|      bus      | 61.27 | 70.61 |
|     train     | 46.54 | 81.42 |
|   motorcycle  |  31.0 |  35.1 |
|    bicycle    | 67.29 | 78.56 |
+---------------+-------+-------+
2026/07/22 17:08:50 - mmengine - INFO - Iter(val) [250/250]    aAcc: 93.9700  mIoU: 64.3600  mAcc: 74.9100  data_time: 0.0145  time: 0.0463
2026/07/22 17:08:50 - mmengine - INFO - The previous best checkpoint /root/autodl-tmp/DSANet-main/tools/work_dirs/dsanet_cityscapes_512x1024/best_mIoU_iter_55000.pth is removed
2026/07/22 17:08:50 - mmengine - INFO - The best checkpoint with 64.3600 mIoU at 65000 iter is saved to best_mIoU_iter_65000.pth.
2026/07/22 17:09:26 - mmengine - INFO - Iter(train) [ 65100/160000]  lr: 6.3242e-03  eta: 9:16:58  time: 0.3528  data_time: 0.0285  memory: 8742  loss: 1.0465  decode.loss_ohem: 0.7161  decode.acc_seg: 90.9293  aux_0.loss_ce: 0.3304  aux_0.acc_seg: 88.4893
2026/07/22 17:10:01 - mmengine - INFO - Iter(train) [ 65200/160000]  lr: 6.3182e-03  eta: 9:16:22  time: 0.3497  data_time: 0.0264  memory: 8739  loss: 1.0629  decode.loss_ohem: 0.7377  decode.acc_seg: 92.0568  aux_0.loss_ce: 0.3252  aux_0.acc_seg: 88.5528
2026/07/22 17:10:36 - mmengine - INFO - Iter(train) [ 65300/160000]  lr: 6.3122e-03  eta: 9:15:47  time: 0.3498  data_time: 0.0258  memory: 8739  loss: 1.0762  decode.loss_ohem: 0.7432  decode.acc_seg: 91.0459  aux_0.loss_ce: 0.3330  aux_0.acc_seg: 89.5345
2026/07/22 17:11:11 - mmengine - INFO - Iter(train) [ 65400/160000]  lr: 6.3062e-03  eta: 9:15:11  time: 0.3486  data_time: 0.0256  memory: 8741  loss: 1.1951  decode.loss_ohem: 0.8106  decode.acc_seg: 90.3918  aux_0.loss_ce: 0.3846  aux_0.acc_seg: 87.3980
2026/07/22 17:11:46 - mmengine - INFO - Iter(train) [ 65500/160000]  lr: 6.3002e-03  eta: 9:14:36  time: 0.3484  data_time: 0.0256  memory: 8741  loss: 1.0754  decode.loss_ohem: 0.7488  decode.acc_seg: 89.6745  aux_0.loss_ce: 0.3267  aux_0.acc_seg: 86.9170
2026/07/22 17:12:21 - mmengine - INFO - Iter(train) [ 65600/160000]  lr: 6.2942e-03  eta: 9:14:00  time: 0.3519  data_time: 0.0280  memory: 8742  loss: 1.1186  decode.loss_ohem: 0.7820  decode.acc_seg: 92.9108  aux_0.loss_ce: 0.3367  aux_0.acc_seg: 88.3277
2026/07/22 17:12:56 - mmengine - INFO - Iter(train) [ 65700/160000]  lr: 6.2882e-03  eta: 9:13:25  time: 0.3510  data_time: 0.0281  memory: 8739  loss: 1.1098  decode.loss_ohem: 0.7746  decode.acc_seg: 90.9457  aux_0.loss_ce: 0.3352  aux_0.acc_seg: 87.9117
2026/07/22 17:13:31 - mmengine - INFO - Iter(train) [ 65800/160000]  lr: 6.2822e-03  eta: 9:12:50  time: 0.3500  data_time: 0.0275  memory: 8740  loss: 1.1289  decode.loss_ohem: 0.7663  decode.acc_seg: 88.8414  aux_0.loss_ce: 0.3626  aux_0.acc_seg: 82.5414
2026/07/22 17:14:06 - mmengine - INFO - Iter(train) [ 65900/160000]  lr: 6.2762e-03  eta: 9:12:14  time: 0.3520  data_time: 0.0291  memory: 8740  loss: 1.0522  decode.loss_ohem: 0.7145  decode.acc_seg: 90.2673  aux_0.loss_ce: 0.3377  aux_0.acc_seg: 87.0232
2026/07/22 17:14:41 - mmengine - INFO - Exp name: dsanet_cityscapes_512x1024_20260722_104438
2026/07/22 17:14:41 - mmengine - INFO - Iter(train) [ 66000/160000]  lr: 6.2702e-03  eta: 9:11:39  time: 0.3498  data_time: 0.0271  memory: 8740  loss: 1.1707  decode.loss_ohem: 0.8008  decode.acc_seg: 90.2274  aux_0.loss_ce: 0.3700  aux_0.acc_seg: 86.9967
2026/07/22 17:15:17 - mmengine - INFO - Iter(train) [ 66100/160000]  lr: 6.2643e-03  eta: 9:11:03  time: 0.3512  data_time: 0.0285  memory: 8738  loss: 1.0942  decode.loss_ohem: 0.7475  decode.acc_seg: 92.7058  aux_0.loss_ce: 0.3466  aux_0.acc_seg: 88.4645
2026/07/22 17:15:52 - mmengine - INFO - Iter(train) [ 66200/160000]  lr: 6.2583e-03  eta: 9:10:28  time: 0.3509  data_time: 0.0279  memory: 8740  loss: 1.0707  decode.loss_ohem: 0.7383  decode.acc_seg: 90.3844  aux_0.loss_ce: 0.3324  aux_0.acc_seg: 88.1182
2026/07/22 17:16:27 - mmengine - INFO - Iter(train) [ 66300/160000]  lr: 6.2523e-03  eta: 9:09:53  time: 0.3531  data_time: 0.0294  memory: 8741  loss: 1.0850  decode.loss_ohem: 0.7128  decode.acc_seg: 93.0600  aux_0.loss_ce: 0.3722  aux_0.acc_seg: 89.9798
2026/07/22 17:17:02 - mmengine - INFO - Iter(train) [ 66400/160000]  lr: 6.2463e-03  eta: 9:09:18  time: 0.3505  data_time: 0.0275  memory: 8739  loss: 1.0707  decode.loss_ohem: 0.7442  decode.acc_seg: 90.8878  aux_0.loss_ce: 0.3265  aux_0.acc_seg: 85.9240
2026/07/22 17:17:37 - mmengine - INFO - Iter(train) [ 66500/160000]  lr: 6.2403e-03  eta: 9:08:42  time: 0.3517  data_time: 0.0285  memory: 8740  loss: 1.0719  decode.loss_ohem: 0.7437  decode.acc_seg: 93.2313  aux_0.loss_ce: 0.3282  aux_0.acc_seg: 89.3903
2026/07/22 17:18:12 - mmengine - INFO - Iter(train) [ 66600/160000]  lr: 6.2343e-03  eta: 9:08:07  time: 0.3517  data_time: 0.0281  memory: 8741  loss: 1.1118  decode.loss_ohem: 0.7797  decode.acc_seg: 91.5365  aux_0.loss_ce: 0.3320  aux_0.acc_seg: 89.2658
2026/07/22 17:18:48 - mmengine - INFO - Iter(train) [ 66700/160000]  lr: 6.2283e-03  eta: 9:07:32  time: 0.3550  data_time: 0.0302  memory: 8741  loss: 1.1342  decode.loss_ohem: 0.7604  decode.acc_seg: 91.7760  aux_0.loss_ce: 0.3738  aux_0.acc_seg: 85.9967
2026/07/22 17:19:23 - mmengine - INFO - Iter(train) [ 66800/160000]  lr: 6.2223e-03  eta: 9:06:57  time: 0.3530  data_time: 0.0297  memory: 8739  loss: 1.0450  decode.loss_ohem: 0.7081  decode.acc_seg: 86.2574  aux_0.loss_ce: 0.3370  aux_0.acc_seg: 80.7219
2026/07/22 17:19:58 - mmengine - INFO - Iter(train) [ 66900/160000]  lr: 6.2163e-03  eta: 9:06:21  time: 0.3529  data_time: 0.0289  memory: 8739  loss: 1.0836  decode.loss_ohem: 0.7408  decode.acc_seg: 91.9808  aux_0.loss_ce: 0.3429  aux_0.acc_seg: 86.9490
2026/07/22 17:20:33 - mmengine - INFO - Exp name: dsanet_cityscapes_512x1024_20260722_104438
2026/07/22 17:20:33 - mmengine - INFO - Iter(train) [ 67000/160000]  lr: 6.2103e-03  eta: 9:05:46  time: 0.3510  data_time: 0.0284  memory: 8738  loss: 1.0863  decode.loss_ohem: 0.7656  decode.acc_seg: 92.5368  aux_0.loss_ce: 0.3207  aux_0.acc_seg: 88.1718
2026/07/22 17:21:08 - mmengine - INFO - Iter(train) [ 67100/160000]  lr: 6.2043e-03  eta: 9:05:11  time: 0.3536  data_time: 0.0294  memory: 8741  loss: 1.2299  decode.loss_ohem: 0.8063  decode.acc_seg: 84.5749  aux_0.loss_ce: 0.4236  aux_0.acc_seg: 78.7393
2026/07/22 17:21:43 - mmengine - INFO - Iter(train) [ 67200/160000]  lr: 6.1983e-03  eta: 9:04:35  time: 0.3520  data_time: 0.0286  memory: 8740  loss: 1.1276  decode.loss_ohem: 0.7858  decode.acc_seg: 91.6455  aux_0.loss_ce: 0.3418  aux_0.acc_seg: 89.6117
2026/07/22 17:22:19 - mmengine - INFO - Iter(train) [ 67300/160000]  lr: 6.1923e-03  eta: 9:04:00  time: 0.3516  data_time: 0.0286  memory: 8740  loss: 1.0426  decode.loss_ohem: 0.7095  decode.acc_seg: 91.7233  aux_0.loss_ce: 0.3331  aux_0.acc_seg: 87.8797
2026/07/22 17:22:54 - mmengine - INFO - Iter(train) [ 67400/160000]  lr: 6.1863e-03  eta: 9:03:25  time: 0.3509  data_time: 0.0280  memory: 8739  loss: 1.1338  decode.loss_ohem: 0.7860  decode.acc_seg: 91.4732  aux_0.loss_ce: 0.3478  aux_0.acc_seg: 86.6028
2026/07/22 17:23:29 - mmengine - INFO - Iter(train) [ 67500/160000]  lr: 6.1803e-03  eta: 9:02:49  time: 0.3518  data_time: 0.0281  memory: 8740  loss: 1.1837  decode.loss_ohem: 0.7856  decode.acc_seg: 91.5551  aux_0.loss_ce: 0.3981  aux_0.acc_seg: 88.4738
2026/07/22 17:24:04 - mmengine - INFO - Iter(train) [ 67600/160000]  lr: 6.1743e-03  eta: 9:02:14  time: 0.3535  data_time: 0.0297  memory: 8740  loss: 1.1113  decode.loss_ohem: 0.7555  decode.acc_seg: 92.4764  aux_0.loss_ce: 0.3558  aux_0.acc_seg: 87.2505
2026/07/22 17:24:39 - mmengine - INFO - Iter(train) [ 67700/160000]  lr: 6.1683e-03  eta: 9:01:39  time: 0.3519  data_time: 0.0291  memory: 8740  loss: 1.0912  decode.loss_ohem: 0.7515  decode.acc_seg: 91.9075  aux_0.loss_ce: 0.3396  aux_0.acc_seg: 90.0813
2026/07/22 17:25:15 - mmengine - INFO - Iter(train) [ 67800/160000]  lr: 6.1623e-03  eta: 9:01:04  time: 0.3513  data_time: 0.0283  memory: 8739  loss: 1.1384  decode.loss_ohem: 0.7883  decode.acc_seg: 92.8722  aux_0.loss_ce: 0.3501  aux_0.acc_seg: 88.5816
2026/07/22 17:25:50 - mmengine - INFO - Iter(train) [ 67900/160000]  lr: 6.1563e-03  eta: 9:00:28  time: 0.3510  data_time: 0.0276  memory: 8739  loss: 1.0937  decode.loss_ohem: 0.7369  decode.acc_seg: 89.6435  aux_0.loss_ce: 0.3568  aux_0.acc_seg: 83.6973
2026/07/22 17:26:25 - mmengine - INFO - Exp name: dsanet_cityscapes_512x1024_20260722_104438
2026/07/22 17:26:25 - mmengine - INFO - Iter(train) [ 68000/160000]  lr: 6.1502e-03  eta: 8:59:53  time: 0.3513  data_time: 0.0280  memory: 8740  loss: 1.1140  decode.loss_ohem: 0.7730  decode.acc_seg: 93.3292  aux_0.loss_ce: 0.3410  aux_0.acc_seg: 90.2812
2026/07/22 17:27:00 - mmengine - INFO - Iter(train) [ 68100/160000]  lr: 6.1442e-03  eta: 8:59:18  time: 0.3496  data_time: 0.0279  memory: 8740  loss: 1.1447  decode.loss_ohem: 0.8045  decode.acc_seg: 89.4923  aux_0.loss_ce: 0.3402  aux_0.acc_seg: 84.1632
2026/07/22 17:27:35 - mmengine - INFO - Iter(train) [ 68200/160000]  lr: 6.1382e-03  eta: 8:58:43  time: 0.3514  data_time: 0.0279  memory: 8740  loss: 1.0713  decode.loss_ohem: 0.7482  decode.acc_seg: 89.3550  aux_0.loss_ce: 0.3230  aux_0.acc_seg: 85.5717
2026/07/22 17:28:11 - mmengine - INFO - Iter(train) [ 68300/160000]  lr: 6.1322e-03  eta: 8:58:07  time: 0.3519  data_time: 0.0288  memory: 8741  loss: 1.1081  decode.loss_ohem: 0.7513  decode.acc_seg: 91.1070  aux_0.loss_ce: 0.3568  aux_0.acc_seg: 85.1093
2026/07/22 17:28:46 - mmengine - INFO - Iter(train) [ 68400/160000]  lr: 6.1262e-03  eta: 8:57:32  time: 0.3520  data_time: 0.0291  memory: 8742  loss: 1.1225  decode.loss_ohem: 0.7789  decode.acc_seg: 91.0755  aux_0.loss_ce: 0.3436  aux_0.acc_seg: 87.1225
2026/07/22 17:29:21 - mmengine - INFO - Iter(train) [ 68500/160000]  lr: 6.1202e-03  eta: 8:56:57  time: 0.3505  data_time: 0.0280  memory: 8741  loss: 1.1765  decode.loss_ohem: 0.8029  decode.acc_seg: 93.9534  aux_0.loss_ce: 0.3736  aux_0.acc_seg: 86.9115
2026/07/22 17:29:56 - mmengine - INFO - Iter(train) [ 68600/160000]  lr: 6.1142e-03  eta: 8:56:22  time: 0.3529  data_time: 0.0295  memory: 8738  loss: 1.1012  decode.loss_ohem: 0.7717  decode.acc_seg: 88.0544  aux_0.loss_ce: 0.3294  aux_0.acc_seg: 85.4766
2026/07/22 17:30:31 - mmengine - INFO - Iter(train) [ 68700/160000]  lr: 6.1082e-03  eta: 8:55:46  time: 0.3509  data_time: 0.0280  memory: 8739  loss: 1.0920  decode.loss_ohem: 0.7442  decode.acc_seg: 90.2986  aux_0.loss_ce: 0.3478  aux_0.acc_seg: 85.0963
2026/07/22 17:31:06 - mmengine - INFO - Iter(train) [ 68800/160000]  lr: 6.1022e-03  eta: 8:55:11  time: 0.3508  data_time: 0.0276  memory: 8741  loss: 1.0372  decode.loss_ohem: 0.7049  decode.acc_seg: 92.1433  aux_0.loss_ce: 0.3323  aux_0.acc_seg: 89.0177
2026/07/22 17:31:41 - mmengine - INFO - Iter(train) [ 68900/160000]  lr: 6.0962e-03  eta: 8:54:35  time: 0.3506  data_time: 0.0276  memory: 8739  loss: 1.0917  decode.loss_ohem: 0.7235  decode.acc_seg: 90.5741  aux_0.loss_ce: 0.3683  aux_0.acc_seg: 87.1563
2026/07/22 17:32:16 - mmengine - INFO - Exp name: dsanet_cityscapes_512x1024_20260722_104438
2026/07/22 17:32:16 - mmengine - INFO - Iter(train) [ 69000/160000]  lr: 6.0901e-03  eta: 8:54:00  time: 0.3490  data_time: 0.0274  memory: 8740  loss: 1.0755  decode.loss_ohem: 0.7694  decode.acc_seg: 92.1549  aux_0.loss_ce: 0.3061  aux_0.acc_seg: 88.0669
2026/07/22 17:32:52 - mmengine - INFO - Iter(train) [ 69100/160000]  lr: 6.0841e-03  eta: 8:53:25  time: 0.3507  data_time: 0.0274  memory: 8739  loss: 1.0261  decode.loss_ohem: 0.7168  decode.acc_seg: 90.6163  aux_0.loss_ce: 0.3094  aux_0.acc_seg: 86.0712
2026/07/22 17:33:27 - mmengine - INFO - Iter(train) [ 69200/160000]  lr: 6.0781e-03  eta: 8:52:49  time: 0.3497  data_time: 0.0276  memory: 8739  loss: 1.0500  decode.loss_ohem: 0.7251  decode.acc_seg: 89.8759  aux_0.loss_ce: 0.3249  aux_0.acc_seg: 84.7417
2026/07/22 17:34:02 - mmengine - INFO - Iter(train) [ 69300/160000]  lr: 6.0721e-03  eta: 8:52:14  time: 0.3519  data_time: 0.0291  memory: 8739  loss: 1.1236  decode.loss_ohem: 0.8049  decode.acc_seg: 92.3238  aux_0.loss_ce: 0.3187  aux_0.acc_seg: 88.8028
2026/07/22 17:34:37 - mmengine - INFO - Iter(train) [ 69400/160000]  lr: 6.0661e-03  eta: 8:51:38  time: 0.3506  data_time: 0.0281  memory: 8739  loss: 1.1398  decode.loss_ohem: 0.7784  decode.acc_seg: 87.4391  aux_0.loss_ce: 0.3615  aux_0.acc_seg: 81.0145
2026/07/22 17:35:12 - mmengine - INFO - Iter(train) [ 69500/160000]  lr: 6.0601e-03  eta: 8:51:03  time: 0.3514  data_time: 0.0288  memory: 8740  loss: 1.1031  decode.loss_ohem: 0.7447  decode.acc_seg: 90.0172  aux_0.loss_ce: 0.3584  aux_0.acc_seg: 83.2158
2026/07/22 17:35:47 - mmengine - INFO - Iter(train) [ 69600/160000]  lr: 6.0541e-03  eta: 8:50:28  time: 0.3495  data_time: 0.0274  memory: 8739  loss: 1.0607  decode.loss_ohem: 0.7360  decode.acc_seg: 93.6433  aux_0.loss_ce: 0.3246  aux_0.acc_seg: 90.5081
2026/07/22 17:36:22 - mmengine - INFO - Iter(train) [ 69700/160000]  lr: 6.0480e-03  eta: 8:49:52  time: 0.3504  data_time: 0.0280  memory: 8739  loss: 1.1347  decode.loss_ohem: 0.7955  decode.acc_seg: 91.7715  aux_0.loss_ce: 0.3391  aux_0.acc_seg: 87.3277
2026/07/22 17:36:57 - mmengine - INFO - Iter(train) [ 69800/160000]  lr: 6.0420e-03  eta: 8:49:17  time: 0.3500  data_time: 0.0280  memory: 8741  loss: 1.0600  decode.loss_ohem: 0.7238  decode.acc_seg: 92.8974  aux_0.loss_ce: 0.3362  aux_0.acc_seg: 88.5457
2026/07/22 17:37:32 - mmengine - INFO - Iter(train) [ 69900/160000]  lr: 6.0360e-03  eta: 8:48:41  time: 0.3504  data_time: 0.0281  memory: 8739  loss: 1.0442  decode.loss_ohem: 0.7259  decode.acc_seg: 90.3608  aux_0.loss_ce: 0.3183  aux_0.acc_seg: 84.2642
2026/07/22 17:38:07 - mmengine - INFO - Exp name: dsanet_cityscapes_512x1024_20260722_104438
2026/07/22 17:38:07 - mmengine - INFO - Iter(train) [ 70000/160000]  lr: 6.0300e-03  eta: 8:48:06  time: 0.3498  data_time: 0.0277  memory: 8738  loss: 1.0930  decode.loss_ohem: 0.7537  decode.acc_seg: 91.6971  aux_0.loss_ce: 0.3394  aux_0.acc_seg: 89.9715
2026/07/22 17:38:07 - mmengine - INFO - Saving checkpoint at 70000 iterations
2026/07/22 17:38:12 - mmengine - INFO - Iter(val) [100/250]    eta: 0:00:07  time: 0.0423  data_time: 0.0111  memory: 729  
2026/07/22 17:38:17 - mmengine - INFO - Iter(val) [200/250]    eta: 0:00:02  time: 0.0424  data_time: 0.0109  memory: 729  
2026/07/22 17:38:19 - mmengine - INFO - per class results:
2026/07/22 17:38:19 - mmengine - INFO - 
+---------------+-------+-------+
|     Class     |  IoU  |  Acc  |
+---------------+-------+-------+
|      road     | 97.07 | 98.73 |
|    sidewalk   | 77.03 | 88.39 |
|    building   | 88.16 | 92.59 |
|      wall     | 30.91 | 36.42 |
|     fence     | 46.74 | 65.55 |
|      pole     | 53.14 | 65.84 |
| traffic light | 47.99 | 64.37 |
|  traffic sign | 65.24 | 72.81 |
|   vegetation  | 89.53 | 95.76 |
|    terrain    | 52.26 | 57.44 |
|      sky      | 92.41 | 96.81 |
|     person    | 69.17 | 87.72 |
|     rider     | 48.26 | 61.21 |
|      car      | 89.54 | 97.34 |
|     truck     | 38.73 | 45.13 |
|      bus      | 63.32 |  72.5 |
|     train     | 30.14 |  57.5 |
|   motorcycle  | 27.64 | 33.18 |
|    bicycle    |  66.0 |  83.5 |
+---------------+-------+-------+
2026/07/22 17:38:19 - mmengine - INFO - Iter(val) [250/250]    aAcc: 93.6600  mIoU: 61.7500  mAcc: 72.2500  data_time: 0.0137  time: 0.0453
2026/07/22 17:38:54 - mmengine - INFO - Iter(train) [ 70100/160000]  lr: 6.0240e-03  eta: 8:47:31  time: 0.3511  data_time: 0.0271  memory: 8740  loss: 1.0398  decode.loss_ohem: 0.7040  decode.acc_seg: 93.6056  aux_0.loss_ce: 0.3359  aux_0.acc_seg: 90.9457
2026/07/22 17:39:29 - mmengine - INFO - Iter(train) [ 70200/160000]  lr: 6.0179e-03  eta: 8:46:55  time: 0.3509  data_time: 0.0281  memory: 8739  loss: 1.1345  decode.loss_ohem: 0.7957  decode.acc_seg: 87.7393  aux_0.loss_ce: 0.3388  aux_0.acc_seg: 83.0167
2026/07/22 17:40:04 - mmengine - INFO - Iter(train) [ 70300/160000]  lr: 6.0119e-03  eta: 8:46:20  time: 0.3498  data_time: 0.0277  memory: 8739  loss: 1.1005  decode.loss_ohem: 0.7738  decode.acc_seg: 91.4750  aux_0.loss_ce: 0.3266  aux_0.acc_seg: 90.6389
2026/07/22 17:40:39 - mmengine - INFO - Iter(train) [ 70400/160000]  lr: 6.0059e-03  eta: 8:45:44  time: 0.3508  data_time: 0.0279  memory: 8741  loss: 1.1391  decode.loss_ohem: 0.7745  decode.acc_seg: 92.5255  aux_0.loss_ce: 0.3647  aux_0.acc_seg: 88.2183
2026/07/22 17:41:14 - mmengine - INFO - Iter(train) [ 70500/160000]  lr: 5.9999e-03  eta: 8:45:09  time: 0.3510  data_time: 0.0284  memory: 8740  loss: 1.1030  decode.loss_ohem: 0.7327  decode.acc_seg: 89.8625  aux_0.loss_ce: 0.3703  aux_0.acc_seg: 85.5553
2026/07/22 17:41:49 - mmengine - INFO - Iter(train) [ 70600/160000]  lr: 5.9938e-03  eta: 8:44:34  time: 0.3513  data_time: 0.0278  memory: 8740  loss: 1.1961  decode.loss_ohem: 0.8074  decode.acc_seg: 90.1628  aux_0.loss_ce: 0.3887  aux_0.acc_seg: 84.7824
2026/07/22 17:42:24 - mmengine - INFO - Iter(train) [ 70700/160000]  lr: 5.9878e-03  eta: 8:43:58  time: 0.3499  data_time: 0.0276  memory: 8740  loss: 1.0935  decode.loss_ohem: 0.7394  decode.acc_seg: 91.3946  aux_0.loss_ce: 0.3540  aux_0.acc_seg: 84.4849
2026/07/22 17:42:59 - mmengine - INFO - Iter(train) [ 70800/160000]  lr: 5.9818e-03  eta: 8:43:23  time: 0.3498  data_time: 0.0280  memory: 8739  loss: 1.0855  decode.loss_ohem: 0.7360  decode.acc_seg: 92.7478  aux_0.loss_ce: 0.3495  aux_0.acc_seg: 90.9041
2026/07/22 17:43:34 - mmengine - INFO - Iter(train) [ 70900/160000]  lr: 5.9758e-03  eta: 8:42:47  time: 0.3510  data_time: 0.0282  memory: 8740  loss: 1.1909  decode.loss_ohem: 0.8132  decode.acc_seg: 87.4676  aux_0.loss_ce: 0.3777  aux_0.acc_seg: 83.3270
2026/07/22 17:44:09 - mmengine - INFO - Exp name: dsanet_cityscapes_512x1024_20260722_104438
2026/07/22 17:44:09 - mmengine - INFO - Iter(train) [ 71000/160000]  lr: 5.9697e-03  eta: 8:42:12  time: 0.3492  data_time: 0.0274  memory: 8739  loss: 1.0586  decode.loss_ohem: 0.7542  decode.acc_seg: 90.1099  aux_0.loss_ce: 0.3044  aux_0.acc_seg: 88.6059
2026/07/22 17:44:45 - mmengine - INFO - Iter(train) [ 71100/160000]  lr: 5.9637e-03  eta: 8:41:36  time: 0.3502  data_time: 0.0282  memory: 8741  loss: 1.0626  decode.loss_ohem: 0.7433  decode.acc_seg: 91.1964  aux_0.loss_ce: 0.3193  aux_0.acc_seg: 87.4447
2026/07/22 17:45:20 - mmengine - INFO - Iter(train) [ 71200/160000]  lr: 5.9577e-03  eta: 8:41:01  time: 0.3502  data_time: 0.0282  memory: 8740  loss: 1.0977  decode.loss_ohem: 0.7430  decode.acc_seg: 92.7134  aux_0.loss_ce: 0.3547  aux_0.acc_seg: 88.7357
2026/07/22 17:45:55 - mmengine - INFO - Iter(train) [ 71300/160000]  lr: 5.9517e-03  eta: 8:40:26  time: 0.3499  data_time: 0.0281  memory: 8739  loss: 1.0911  decode.loss_ohem: 0.7710  decode.acc_seg: 93.8127  aux_0.loss_ce: 0.3201  aux_0.acc_seg: 91.2308
2026/07/22 17:46:30 - mmengine - INFO - Iter(train) [ 71400/160000]  lr: 5.9456e-03  eta: 8:39:50  time: 0.3482  data_time: 0.0266  memory: 8738  loss: 1.0955  decode.loss_ohem: 0.7600  decode.acc_seg: 90.7686  aux_0.loss_ce: 0.3356  aux_0.acc_seg: 87.9166
2026/07/22 17:47:05 - mmengine - INFO - Iter(train) [ 71500/160000]  lr: 5.9396e-03  eta: 8:39:15  time: 0.3504  data_time: 0.0275  memory: 8740  loss: 1.0321  decode.loss_ohem: 0.7106  decode.acc_seg: 91.1603  aux_0.loss_ce: 0.3215  aux_0.acc_seg: 88.0422
2026/07/22 17:47:40 - mmengine - INFO - Iter(train) [ 71600/160000]  lr: 5.9336e-03  eta: 8:38:39  time: 0.3537  data_time: 0.0303  memory: 8739  loss: 1.0890  decode.loss_ohem: 0.7405  decode.acc_seg: 91.4213  aux_0.loss_ce: 0.3485  aux_0.acc_seg: 86.9320
2026/07/22 17:48:15 - mmengine - INFO - Iter(train) [ 71700/160000]  lr: 5.9275e-03  eta: 8:38:04  time: 0.3525  data_time: 0.0294  memory: 8741  loss: 1.0454  decode.loss_ohem: 0.6932  decode.acc_seg: 92.3535  aux_0.loss_ce: 0.3522  aux_0.acc_seg: 89.5612
2026/07/22 17:48:50 - mmengine - INFO - Iter(train) [ 71800/160000]  lr: 5.9215e-03  eta: 8:37:29  time: 0.3497  data_time: 0.0279  memory: 8740  loss: 1.0566  decode.loss_ohem: 0.7594  decode.acc_seg: 91.7603  aux_0.loss_ce: 0.2972  aux_0.acc_seg: 86.5139
2026/07/22 17:49:25 - mmengine - INFO - Iter(train) [ 71900/160000]  lr: 5.9155e-03  eta: 8:36:53  time: 0.3509  data_time: 0.0282  memory: 8739  loss: 1.0875  decode.loss_ohem: 0.7426  decode.acc_seg: 92.7606  aux_0.loss_ce: 0.3448  aux_0.acc_seg: 89.2941
2026/07/22 17:50:00 - mmengine - INFO - Exp name: dsanet_cityscapes_512x1024_20260722_104438
2026/07/22 17:50:00 - mmengine - INFO - Iter(train) [ 72000/160000]  lr: 5.9094e-03  eta: 8:36:18  time: 0.3510  data_time: 0.0289  memory: 8741  loss: 1.0933  decode.loss_ohem: 0.7753  decode.acc_seg: 91.1629  aux_0.loss_ce: 0.3181  aux_0.acc_seg: 88.3450
2026/07/22 17:50:35 - mmengine - INFO - Iter(train) [ 72100/160000]  lr: 5.9034e-03  eta: 8:35:42  time: 0.3490  data_time: 0.0268  memory: 8739  loss: 1.0684  decode.loss_ohem: 0.7348  decode.acc_seg: 90.7738  aux_0.loss_ce: 0.3336  aux_0.acc_seg: 88.0972
2026/07/22 17:51:10 - mmengine - INFO - Iter(train) [ 72200/160000]  lr: 5.8974e-03  eta: 8:35:07  time: 0.3499  data_time: 0.0274  memory: 8741  loss: 1.0136  decode.loss_ohem: 0.6838  decode.acc_seg: 90.5990  aux_0.loss_ce: 0.3298  aux_0.acc_seg: 83.1162
2026/07/22 17:51:45 - mmengine - INFO - Iter(train) [ 72300/160000]  lr: 5.8913e-03  eta: 8:34:31  time: 0.3499  data_time: 0.0275  memory: 8740  loss: 1.0202  decode.loss_ohem: 0.7073  decode.acc_seg: 88.5368  aux_0.loss_ce: 0.3129  aux_0.acc_seg: 82.1743
2026/07/22 17:52:20 - mmengine - INFO - Iter(train) [ 72400/160000]  lr: 5.8853e-03  eta: 8:33:56  time: 0.3513  data_time: 0.0283  memory: 8740  loss: 1.0813  decode.loss_ohem: 0.7426  decode.acc_seg: 92.3533  aux_0.loss_ce: 0.3387  aux_0.acc_seg: 88.5606
2026/07/22 17:52:55 - mmengine - INFO - Iter(train) [ 72500/160000]  lr: 5.8793e-03  eta: 8:33:21  time: 0.3509  data_time: 0.0282  memory: 8739  loss: 1.0344  decode.loss_ohem: 0.7285  decode.acc_seg: 92.4289  aux_0.loss_ce: 0.3059  aux_0.acc_seg: 86.5499
2026/07/22 17:53:30 - mmengine - INFO - Iter(train) [ 72600/160000]  lr: 5.8732e-03  eta: 8:32:45  time: 0.3507  data_time: 0.0278  memory: 8740  loss: 1.1419  decode.loss_ohem: 0.7766  decode.acc_seg: 92.9081  aux_0.loss_ce: 0.3653  aux_0.acc_seg: 89.5678
2026/07/22 17:54:05 - mmengine - INFO - Iter(train) [ 72700/160000]  lr: 5.8672e-03  eta: 8:32:10  time: 0.3525  data_time: 0.0294  memory: 8740  loss: 1.0024  decode.loss_ohem: 0.6852  decode.acc_seg: 92.9657  aux_0.loss_ce: 0.3172  aux_0.acc_seg: 89.3361
2026/07/22 17:54:40 - mmengine - INFO - Iter(train) [ 72800/160000]  lr: 5.8612e-03  eta: 8:31:34  time: 0.3487  data_time: 0.0267  memory: 8739  loss: 1.0868  decode.loss_ohem: 0.7313  decode.acc_seg: 90.2820  aux_0.loss_ce: 0.3554  aux_0.acc_seg: 85.0387
2026/07/22 17:55:15 - mmengine - INFO - Iter(train) [ 72900/160000]  lr: 5.8551e-03  eta: 8:30:59  time: 0.3490  data_time: 0.0271  memory: 8739  loss: 1.1075  decode.loss_ohem: 0.7530  decode.acc_seg: 90.3756  aux_0.loss_ce: 0.3545  aux_0.acc_seg: 87.1349
2026/07/22 17:55:50 - mmengine - INFO - Exp name: dsanet_cityscapes_512x1024_20260722_104438
2026/07/22 17:55:50 - mmengine - INFO - Iter(train) [ 73000/160000]  lr: 5.8491e-03  eta: 8:30:23  time: 0.3488  data_time: 0.0275  memory: 8739  loss: 1.0516  decode.loss_ohem: 0.7313  decode.acc_seg: 90.6371  aux_0.loss_ce: 0.3203  aux_0.acc_seg: 88.5182
2026/07/22 17:56:25 - mmengine - INFO - Iter(train) [ 73100/160000]  lr: 5.8430e-03  eta: 8:29:48  time: 0.3519  data_time: 0.0289  memory: 8741  loss: 1.0982  decode.loss_ohem: 0.7309  decode.acc_seg: 92.1052  aux_0.loss_ce: 0.3673  aux_0.acc_seg: 87.9542
2026/07/22 17:57:00 - mmengine - INFO - Iter(train) [ 73200/160000]  lr: 5.8370e-03  eta: 8:29:12  time: 0.3477  data_time: 0.0261  memory: 8740  loss: 0.9772  decode.loss_ohem: 0.6627  decode.acc_seg: 91.9544  aux_0.loss_ce: 0.3146  aux_0.acc_seg: 89.3214
2026/07/22 17:57:35 - mmengine - INFO - Iter(train) [ 73300/160000]  lr: 5.8309e-03  eta: 8:28:37  time: 0.3498  data_time: 0.0269  memory: 8739  loss: 1.0945  decode.loss_ohem: 0.7341  decode.acc_seg: 92.5568  aux_0.loss_ce: 0.3604  aux_0.acc_seg: 87.3678
2026/07/22 17:58:10 - mmengine - INFO - Iter(train) [ 73400/160000]  lr: 5.8249e-03  eta: 8:28:01  time: 0.3494  data_time: 0.0268  memory: 8741  loss: 1.0702  decode.loss_ohem: 0.7445  decode.acc_seg: 93.9650  aux_0.loss_ce: 0.3257  aux_0.acc_seg: 90.5010
2026/07/22 17:58:45 - mmengine - INFO - Iter(train) [ 73500/160000]  lr: 5.8189e-03  eta: 8:27:26  time: 0.3518  data_time: 0.0292  memory: 8740  loss: 1.1481  decode.loss_ohem: 0.7802  decode.acc_seg: 91.0173  aux_0.loss_ce: 0.3679  aux_0.acc_seg: 87.0104
2026/07/22 17:59:20 - mmengine - INFO - Iter(train) [ 73600/160000]  lr: 5.8128e-03  eta: 8:26:50  time: 0.3495  data_time: 0.0272  memory: 8740  loss: 1.0607  decode.loss_ohem: 0.7143  decode.acc_seg: 89.6107  aux_0.loss_ce: 0.3463  aux_0.acc_seg: 84.2828
2026/07/22 17:59:55 - mmengine - INFO - Iter(train) [ 73700/160000]  lr: 5.8068e-03  eta: 8:26:15  time: 0.3511  data_time: 0.0283  memory: 8739  loss: 1.0953  decode.loss_ohem: 0.7598  decode.acc_seg: 93.3530  aux_0.loss_ce: 0.3355  aux_0.acc_seg: 90.5217
2026/07/22 18:00:30 - mmengine - INFO - Iter(train) [ 73800/160000]  lr: 5.8007e-03  eta: 8:25:39  time: 0.3497  data_time: 0.0271  memory: 8740  loss: 1.2011  decode.loss_ohem: 0.7965  decode.acc_seg: 85.7473  aux_0.loss_ce: 0.4045  aux_0.acc_seg: 79.7066
2026/07/22 18:01:05 - mmengine - INFO - Iter(train) [ 73900/160000]  lr: 5.7947e-03  eta: 8:25:04  time: 0.3509  data_time: 0.0281  memory: 8739  loss: 1.0371  decode.loss_ohem: 0.7107  decode.acc_seg: 92.3459  aux_0.loss_ce: 0.3265  aux_0.acc_seg: 90.7218
2026/07/22 18:01:40 - mmengine - INFO - Exp name: dsanet_cityscapes_512x1024_20260722_104438
2026/07/22 18:01:40 - mmengine - INFO - Iter(train) [ 74000/160000]  lr: 5.7886e-03  eta: 8:24:29  time: 0.3514  data_time: 0.0281  memory: 8739  loss: 1.0253  decode.loss_ohem: 0.6978  decode.acc_seg: 94.1853  aux_0.loss_ce: 0.3276  aux_0.acc_seg: 91.0911
2026/07/22 18:02:15 - mmengine - INFO - Iter(train) [ 74100/160000]  lr: 5.7826e-03  eta: 8:23:53  time: 0.3499  data_time: 0.0270  memory: 8739  loss: 1.0840  decode.loss_ohem: 0.7530  decode.acc_seg: 91.4893  aux_0.loss_ce: 0.3311  aux_0.acc_seg: 85.4175
2026/07/22 18:02:50 - mmengine - INFO - Iter(train) [ 74200/160000]  lr: 5.7765e-03  eta: 8:23:18  time: 0.3509  data_time: 0.0285  memory: 8739  loss: 1.0650  decode.loss_ohem: 0.7169  decode.acc_seg: 92.9529  aux_0.loss_ce: 0.3481  aux_0.acc_seg: 90.9621
2026/07/22 18:03:25 - mmengine - INFO - Iter(train) [ 74300/160000]  lr: 5.7705e-03  eta: 8:22:43  time: 0.3505  data_time: 0.0276  memory: 8741  loss: 1.0450  decode.loss_ohem: 0.7219  decode.acc_seg: 87.8716  aux_0.loss_ce: 0.3231  aux_0.acc_seg: 84.2142
2026/07/22 18:04:00 - mmengine - INFO - Iter(train) [ 74400/160000]  lr: 5.7644e-03  eta: 8:22:07  time: 0.3514  data_time: 0.0283  memory: 8741  loss: 1.1376  decode.loss_ohem: 0.7935  decode.acc_seg: 93.9190  aux_0.loss_ce: 0.3441  aux_0.acc_seg: 86.7276
2026/07/22 18:04:35 - mmengine - INFO - Iter(train) [ 74500/160000]  lr: 5.7584e-03  eta: 8:21:32  time: 0.3532  data_time: 0.0302  memory: 8739  loss: 1.1121  decode.loss_ohem: 0.7655  decode.acc_seg: 93.7611  aux_0.loss_ce: 0.3466  aux_0.acc_seg: 90.5461
2026/07/22 18:05:10 - mmengine - INFO - Iter(train) [ 74600/160000]  lr: 5.7523e-03  eta: 8:20:56  time: 0.3500  data_time: 0.0277  memory: 8740  loss: 1.0174  decode.loss_ohem: 0.6959  decode.acc_seg: 91.9525  aux_0.loss_ce: 0.3215  aux_0.acc_seg: 87.8001
2026/07/22 18:05:45 - mmengine - INFO - Iter(train) [ 74700/160000]  lr: 5.7463e-03  eta: 8:20:21  time: 0.3490  data_time: 0.0268  memory: 8740  loss: 1.0648  decode.loss_ohem: 0.7559  decode.acc_seg: 93.8696  aux_0.loss_ce: 0.3089  aux_0.acc_seg: 90.9287
2026/07/22 18:06:20 - mmengine - INFO - Iter(train) [ 74800/160000]  lr: 5.7402e-03  eta: 8:19:45  time: 0.3473  data_time: 0.0258  memory: 8740  loss: 1.1525  decode.loss_ohem: 0.7869  decode.acc_seg: 89.0557  aux_0.loss_ce: 0.3656  aux_0.acc_seg: 84.7811
2026/07/22 18:06:55 - mmengine - INFO - Iter(train) [ 74900/160000]  lr: 5.7342e-03  eta: 8:19:10  time: 0.3479  data_time: 0.0263  memory: 8738  loss: 0.9991  decode.loss_ohem: 0.7003  decode.acc_seg: 93.2944  aux_0.loss_ce: 0.2988  aux_0.acc_seg: 89.8999
2026/07/22 18:07:30 - mmengine - INFO - Exp name: dsanet_cityscapes_512x1024_20260722_104438
2026/07/22 18:07:30 - mmengine - INFO - Iter(train) [ 75000/160000]  lr: 5.7281e-03  eta: 8:18:34  time: 0.3513  data_time: 0.0281  memory: 8739  loss: 1.1555  decode.loss_ohem: 0.8015  decode.acc_seg: 91.5957  aux_0.loss_ce: 0.3540  aux_0.acc_seg: 90.1301
2026/07/22 18:07:30 - mmengine - INFO - Saving checkpoint at 75000 iterations
2026/07/22 18:07:35 - mmengine - INFO - Iter(val) [100/250]    eta: 0:00:07  time: 0.0413  data_time: 0.0100  memory: 729  
2026/07/22 18:07:40 - mmengine - INFO - Iter(val) [200/250]    eta: 0:00:02  time: 0.0420  data_time: 0.0101  memory: 729  
2026/07/22 18:07:42 - mmengine - INFO - per class results:
2026/07/22 18:07:42 - mmengine - INFO - 
+---------------+-------+-------+
|     Class     |  IoU  |  Acc  |
+---------------+-------+-------+
|      road     | 97.18 | 98.31 |
|    sidewalk   | 78.56 | 89.39 |
|    building   | 88.38 | 94.65 |
|      wall     |  31.9 | 36.98 |
|     fence     | 45.05 | 51.56 |
|      pole     | 53.05 | 62.84 |
| traffic light | 45.98 | 52.65 |
|  traffic sign |  64.9 | 72.46 |
|   vegetation  | 89.66 | 95.75 |
|    terrain    | 55.89 | 65.38 |
|      sky      | 92.83 | 96.83 |
|     person    | 70.74 | 89.05 |
|     rider     | 37.68 | 42.29 |
|      car      | 72.86 | 75.39 |
|     truck     | 25.73 | 45.37 |
|      bus      | 18.87 | 88.41 |
|     train     | 44.88 | 55.63 |
|   motorcycle  | 38.44 | 56.65 |
|    bicycle    |  62.4 |  89.5 |
+---------------+-------+-------+
2026/07/22 18:07:42 - mmengine - INFO - Iter(val) [250/250]    aAcc: 92.5600  mIoU: 58.6800  mAcc: 71.5300  data_time: 0.0133  time: 0.0448
2026/07/22 18:08:17 - mmengine - INFO - Iter(train) [ 75100/160000]  lr: 5.7221e-03  eta: 8:17:59  time: 0.3549  data_time: 0.0292  memory: 8739  loss: 1.0135  decode.loss_ohem: 0.7023  decode.acc_seg: 91.3259  aux_0.loss_ce: 0.3112  aux_0.acc_seg: 87.2680
2026/07/22 18:08:52 - mmengine - INFO - Iter(train) [ 75200/160000]  lr: 5.7160e-03  eta: 8:17:24  time: 0.3481  data_time: 0.0263  memory: 8740  loss: 1.0561  decode.loss_ohem: 0.7326  decode.acc_seg: 92.9993  aux_0.loss_ce: 0.3236  aux_0.acc_seg: 87.6650
2026/07/22 18:09:27 - mmengine - INFO - Iter(train) [ 75300/160000]  lr: 5.7100e-03  eta: 8:16:49  time: 0.3515  data_time: 0.0279  memory: 8739  loss: 1.0986  decode.loss_ohem: 0.7810  decode.acc_seg: 90.4373  aux_0.loss_ce: 0.3176  aux_0.acc_seg: 84.6196
2026/07/22 18:10:03 - mmengine - INFO - Iter(train) [ 75400/160000]  lr: 5.7039e-03  eta: 8:16:13  time: 0.3519  data_time: 0.0286  memory: 8741  loss: 1.0599  decode.loss_ohem: 0.7261  decode.acc_seg: 93.3571  aux_0.loss_ce: 0.3337  aux_0.acc_seg: 89.6895
2026/07/22 18:10:38 - mmengine - INFO - Iter(train) [ 75500/160000]  lr: 5.6978e-03  eta: 8:15:38  time: 0.3497  data_time: 0.0275  memory: 8740  loss: 1.0757  decode.loss_ohem: 0.7288  decode.acc_seg: 93.8519  aux_0.loss_ce: 0.3469  aux_0.acc_seg: 88.9711
2026/07/22 18:11:13 - mmengine - INFO - Iter(train) [ 75600/160000]  lr: 5.6918e-03  eta: 8:15:03  time: 0.3504  data_time: 0.0278  memory: 8739  loss: 1.1384  decode.loss_ohem: 0.7981  decode.acc_seg: 93.3909  aux_0.loss_ce: 0.3403  aux_0.acc_seg: 88.7484
2026/07/22 18:11:48 - mmengine - INFO - Iter(train) [ 75700/160000]  lr: 5.6857e-03  eta: 8:14:28  time: 0.3498  data_time: 0.0272  memory: 8740  loss: 1.1305  decode.loss_ohem: 0.7773  decode.acc_seg: 90.6273  aux_0.loss_ce: 0.3531  aux_0.acc_seg: 87.1636
2026/07/22 18:12:23 - mmengine - INFO - Iter(train) [ 75800/160000]  lr: 5.6797e-03  eta: 8:13:52  time: 0.3529  data_time: 0.0292  memory: 8739  loss: 0.9948  decode.loss_ohem: 0.6717  decode.acc_seg: 92.8587  aux_0.loss_ce: 0.3231  aux_0.acc_seg: 86.0520
2026/07/22 18:12:59 - mmengine - INFO - Iter(train) [ 75900/160000]  lr: 5.6736e-03  eta: 8:13:17  time: 0.3511  data_time: 0.0282  memory: 8741  loss: 1.1456  decode.loss_ohem: 0.7968  decode.acc_seg: 89.9822  aux_0.loss_ce: 0.3488  aux_0.acc_seg: 84.4347
2026/07/22 18:13:34 - mmengine - INFO - Exp name: dsanet_cityscapes_512x1024_20260722_104438
2026/07/22 18:13:34 - mmengine - INFO - Iter(train) [ 76000/160000]  lr: 5.6675e-03  eta: 8:12:42  time: 0.3537  data_time: 0.0287  memory: 8741  loss: 1.1436  decode.loss_ohem: 0.7731  decode.acc_seg: 89.2741  aux_0.loss_ce: 0.3705  aux_0.acc_seg: 84.3563
2026/07/22 18:14:09 - mmengine - INFO - Iter(train) [ 76100/160000]  lr: 5.6615e-03  eta: 8:12:07  time: 0.3504  data_time: 0.0278  memory: 8740  loss: 1.1270  decode.loss_ohem: 0.7849  decode.acc_seg: 91.1770  aux_0.loss_ce: 0.3422  aux_0.acc_seg: 87.5279
2026/07/22 18:14:44 - mmengine - INFO - Iter(train) [ 76200/160000]  lr: 5.6554e-03  eta: 8:11:32  time: 0.3519  data_time: 0.0284  memory: 8741  loss: 1.0114  decode.loss_ohem: 0.7065  decode.acc_seg: 93.6243  aux_0.loss_ce: 0.3049  aux_0.acc_seg: 90.6948
2026/07/22 18:15:19 - mmengine - INFO - Iter(train) [ 76300/160000]  lr: 5.6494e-03  eta: 8:10:57  time: 0.3502  data_time: 0.0276  memory: 8740  loss: 1.0474  decode.loss_ohem: 0.7442  decode.acc_seg: 92.9322  aux_0.loss_ce: 0.3032  aux_0.acc_seg: 87.8881
2026/07/22 18:15:55 - mmengine - INFO - Iter(train) [ 76400/160000]  lr: 5.6433e-03  eta: 8:10:21  time: 0.3533  data_time: 0.0291  memory: 8740  loss: 0.9835  decode.loss_ohem: 0.6899  decode.acc_seg: 92.0547  aux_0.loss_ce: 0.2936  aux_0.acc_seg: 88.2059
2026/07/22 18:16:30 - mmengine - INFO - Iter(train) [ 76500/160000]  lr: 5.6372e-03  eta: 8:09:46  time: 0.3505  data_time: 0.0271  memory: 8738  loss: 1.0572  decode.loss_ohem: 0.7163  decode.acc_seg: 89.9416  aux_0.loss_ce: 0.3409  aux_0.acc_seg: 84.3856
2026/07/22 18:17:05 - mmengine - INFO - Iter(train) [ 76600/160000]  lr: 5.6312e-03  eta: 8:09:11  time: 0.3568  data_time: 0.0332  memory: 8738  loss: 1.0776  decode.loss_ohem: 0.7437  decode.acc_seg: 93.5137  aux_0.loss_ce: 0.3339  aux_0.acc_seg: 90.0535
2026/07/22 18:17:41 - mmengine - INFO - Iter(train) [ 76700/160000]  lr: 5.6251e-03  eta: 8:08:36  time: 0.3517  data_time: 0.0275  memory: 8740  loss: 1.0830  decode.loss_ohem: 0.7583  decode.acc_seg: 93.4172  aux_0.loss_ce: 0.3246  aux_0.acc_seg: 91.2415
2026/07/22 18:18:16 - mmengine - INFO - Iter(train) [ 76800/160000]  lr: 5.6190e-03  eta: 8:08:01  time: 0.3499  data_time: 0.0271  memory: 8740  loss: 1.1165  decode.loss_ohem: 0.7428  decode.acc_seg: 92.1914  aux_0.loss_ce: 0.3737  aux_0.acc_seg: 88.9449
2026/07/22 18:18:51 - mmengine - INFO - Iter(train) [ 76900/160000]  lr: 5.6130e-03  eta: 8:07:26  time: 0.3522  data_time: 0.0288  memory: 8744  loss: 1.0743  decode.loss_ohem: 0.7287  decode.acc_seg: 93.5536  aux_0.loss_ce: 0.3456  aux_0.acc_seg: 90.9363
2026/07/22 18:19:26 - mmengine - INFO - Exp name: dsanet_cityscapes_512x1024_20260722_104438
2026/07/22 18:19:26 - mmengine - INFO - Iter(train) [ 77000/160000]  lr: 5.6069e-03  eta: 8:06:51  time: 0.3512  data_time: 0.0281  memory: 8739  loss: 1.0548  decode.loss_ohem: 0.7307  decode.acc_seg: 86.1565  aux_0.loss_ce: 0.3241  aux_0.acc_seg: 80.9888
2026/07/22 18:20:02 - mmengine - INFO - Iter(train) [ 77100/160000]  lr: 5.6008e-03  eta: 8:06:16  time: 0.3572  data_time: 0.0322  memory: 8740  loss: 1.0399  decode.loss_ohem: 0.7375  decode.acc_seg: 90.1334  aux_0.loss_ce: 0.3024  aux_0.acc_seg: 86.5329
2026/07/22 18:20:37 - mmengine - INFO - Iter(train) [ 77200/160000]  lr: 5.5948e-03  eta: 8:05:41  time: 0.3507  data_time: 0.0274  memory: 8741  loss: 1.1549  decode.loss_ohem: 0.7850  decode.acc_seg: 89.1091  aux_0.loss_ce: 0.3700  aux_0.acc_seg: 87.0326
2026/07/22 18:21:12 - mmengine - INFO - Iter(train) [ 77300/160000]  lr: 5.5887e-03  eta: 8:05:05  time: 0.3502  data_time: 0.0277  memory: 8739  loss: 1.0212  decode.loss_ohem: 0.7110  decode.acc_seg: 92.5229  aux_0.loss_ce: 0.3102  aux_0.acc_seg: 90.9882
2026/07/22 18:21:48 - mmengine - INFO - Iter(train) [ 77400/160000]  lr: 5.5826e-03  eta: 8:04:30  time: 0.3519  data_time: 0.0286  memory: 8739  loss: 1.0662  decode.loss_ohem: 0.7585  decode.acc_seg: 94.4189  aux_0.loss_ce: 0.3077  aux_0.acc_seg: 90.6480
2026/07/22 18:22:23 - mmengine - INFO - Iter(train) [ 77500/160000]  lr: 5.5765e-03  eta: 8:03:55  time: 0.3504  data_time: 0.0279  memory: 8740  loss: 1.0922  decode.loss_ohem: 0.7598  decode.acc_seg: 93.5942  aux_0.loss_ce: 0.3323  aux_0.acc_seg: 90.9591
2026/07/22 18:22:58 - mmengine - INFO - Iter(train) [ 77600/160000]  lr: 5.5705e-03  eta: 8:03:20  time: 0.3496  data_time: 0.0263  memory: 8741  loss: 1.1023  decode.loss_ohem: 0.7631  decode.acc_seg: 90.5631  aux_0.loss_ce: 0.3391  aux_0.acc_seg: 88.6782
2026/07/22 18:23:33 - mmengine - INFO - Iter(train) [ 77700/160000]  lr: 5.5644e-03  eta: 8:02:45  time: 0.3534  data_time: 0.0301  memory: 8742  loss: 1.0152  decode.loss_ohem: 0.6978  decode.acc_seg: 92.6654  aux_0.loss_ce: 0.3174  aux_0.acc_seg: 87.7283
2026/07/22 18:24:08 - mmengine - INFO - Iter(train) [ 77800/160000]  lr: 5.5583e-03  eta: 8:02:10  time: 0.3524  data_time: 0.0294  memory: 8739  loss: 1.0274  decode.loss_ohem: 0.7154  decode.acc_seg: 92.7535  aux_0.loss_ce: 0.3120  aux_0.acc_seg: 89.8822
2026/07/22 18:24:44 - mmengine - INFO - Iter(train) [ 77900/160000]  lr: 5.5522e-03  eta: 8:01:34  time: 0.3520  data_time: 0.0290  memory: 8740  loss: 1.0789  decode.loss_ohem: 0.7219  decode.acc_seg: 93.3623  aux_0.loss_ce: 0.3570  aux_0.acc_seg: 88.6172
2026/07/22 18:25:19 - mmengine - INFO - Exp name: dsanet_cityscapes_512x1024_20260722_104438
2026/07/22 18:25:19 - mmengine - INFO - Iter(train) [ 78000/160000]  lr: 5.5462e-03  eta: 8:00:59  time: 0.3519  data_time: 0.0289  memory: 8739  loss: 1.1252  decode.loss_ohem: 0.7916  decode.acc_seg: 90.8304  aux_0.loss_ce: 0.3336  aux_0.acc_seg: 88.2735
2026/07/22 18:25:54 - mmengine - INFO - Iter(train) [ 78100/160000]  lr: 5.5401e-03  eta: 8:00:24  time: 0.3541  data_time: 0.0296  memory: 8740  loss: 1.1627  decode.loss_ohem: 0.7961  decode.acc_seg: 91.6279  aux_0.loss_ce: 0.3666  aux_0.acc_seg: 87.2720
2026/07/22 18:26:29 - mmengine - INFO - Iter(train) [ 78200/160000]  lr: 5.5340e-03  eta: 7:59:49  time: 0.3492  data_time: 0.0268  memory: 8740  loss: 1.1171  decode.loss_ohem: 0.7701  decode.acc_seg: 93.0340  aux_0.loss_ce: 0.3470  aux_0.acc_seg: 88.7403
2026/07/22 18:27:05 - mmengine - INFO - Iter(train) [ 78300/160000]  lr: 5.5279e-03  eta: 7:59:14  time: 0.3527  data_time: 0.0288  memory: 8740  loss: 1.0556  decode.loss_ohem: 0.7056  decode.acc_seg: 92.2861  aux_0.loss_ce: 0.3501  aux_0.acc_seg: 88.5151
2026/07/22 18:27:40 - mmengine - INFO - Iter(train) [ 78400/160000]  lr: 5.5219e-03  eta: 7:58:38  time: 0.3497  data_time: 0.0275  memory: 8741  loss: 1.0352  decode.loss_ohem: 0.7222  decode.acc_seg: 92.4581  aux_0.loss_ce: 0.3130  aux_0.acc_seg: 89.7240
2026/07/22 18:28:15 - mmengine - INFO - Iter(train) [ 78500/160000]  lr: 5.5158e-03  eta: 7:58:03  time: 0.3512  data_time: 0.0282  memory: 8741  loss: 1.0778  decode.loss_ohem: 0.7612  decode.acc_seg: 92.4044  aux_0.loss_ce: 0.3166  aux_0.acc_seg: 89.2428
2026/07/22 18:28:50 - mmengine - INFO - Iter(train) [ 78600/160000]  lr: 5.5097e-03  eta: 7:57:28  time: 0.3517  data_time: 0.0286  memory: 8739  loss: 1.0396  decode.loss_ohem: 0.7193  decode.acc_seg: 91.0292  aux_0.loss_ce: 0.3203  aux_0.acc_seg: 89.5442
2026/07/22 18:29:25 - mmengine - INFO - Iter(train) [ 78700/160000]  lr: 5.5036e-03  eta: 7:56:53  time: 0.3514  data_time: 0.0284  memory: 8739  loss: 1.0877  decode.loss_ohem: 0.7576  decode.acc_seg: 92.5617  aux_0.loss_ce: 0.3300  aux_0.acc_seg: 89.7769
2026/07/22 18:30:01 - mmengine - INFO - Iter(train) [ 78800/160000]  lr: 5.4975e-03  eta: 7:56:18  time: 0.3563  data_time: 0.0306  memory: 8738  loss: 0.9613  decode.loss_ohem: 0.6712  decode.acc_seg: 93.1819  aux_0.loss_ce: 0.2901  aux_0.acc_seg: 85.6777
2026/07/22 18:30:36 - mmengine - INFO - Iter(train) [ 78900/160000]  lr: 5.4914e-03  eta: 7:55:42  time: 0.3480  data_time: 0.0258  memory: 8739  loss: 1.0104  decode.loss_ohem: 0.6800  decode.acc_seg: 92.4159  aux_0.loss_ce: 0.3304  aux_0.acc_seg: 88.6068
2026/07/22 18:31:11 - mmengine - INFO - Exp name: dsanet_cityscapes_512x1024_20260722_104438
2026/07/22 18:31:11 - mmengine - INFO - Iter(train) [ 79000/160000]  lr: 5.4854e-03  eta: 7:55:07  time: 0.3532  data_time: 0.0294  memory: 8739  loss: 1.0867  decode.loss_ohem: 0.7585  decode.acc_seg: 94.4076  aux_0.loss_ce: 0.3282  aux_0.acc_seg: 90.5934
2026/07/22 18:31:47 - mmengine - INFO - Iter(train) [ 79100/160000]  lr: 5.4793e-03  eta: 7:54:32  time: 0.3556  data_time: 0.0306  memory: 8741  loss: 1.1783  decode.loss_ohem: 0.8066  decode.acc_seg: 91.0681  aux_0.loss_ce: 0.3717  aux_0.acc_seg: 85.4719
2026/07/22 18:32:22 - mmengine - INFO - Iter(train) [ 79200/160000]  lr: 5.4732e-03  eta: 7:53:57  time: 0.3503  data_time: 0.0279  memory: 8739  loss: 1.0720  decode.loss_ohem: 0.7443  decode.acc_seg: 90.5734  aux_0.loss_ce: 0.3277  aux_0.acc_seg: 88.2650
2026/07/22 18:32:57 - mmengine - INFO - Iter(train) [ 79300/160000]  lr: 5.4671e-03  eta: 7:53:22  time: 0.3516  data_time: 0.0282  memory: 8742  loss: 1.1084  decode.loss_ohem: 0.7776  decode.acc_seg: 89.1176  aux_0.loss_ce: 0.3307  aux_0.acc_seg: 82.8338
2026/07/22 18:33:33 - mmengine - INFO - Iter(train) [ 79400/160000]  lr: 5.4610e-03  eta: 7:52:47  time: 0.3532  data_time: 0.0295  memory: 8739  loss: 1.0456  decode.loss_ohem: 0.7336  decode.acc_seg: 91.5547  aux_0.loss_ce: 0.3121  aux_0.acc_seg: 88.1042
2026/07/22 18:34:08 - mmengine - INFO - Iter(train) [ 79500/160000]  lr: 5.4549e-03  eta: 7:52:12  time: 0.3505  data_time: 0.0281  memory: 8741  loss: 1.0752  decode.loss_ohem: 0.7418  decode.acc_seg: 90.1266  aux_0.loss_ce: 0.3334  aux_0.acc_seg: 86.5568
2026/07/22 18:34:43 - mmengine - INFO - Iter(train) [ 79600/160000]  lr: 5.4488e-03  eta: 7:51:37  time: 0.3494  data_time: 0.0274  memory: 8739  loss: 0.9809  decode.loss_ohem: 0.6929  decode.acc_seg: 91.6568  aux_0.loss_ce: 0.2880  aux_0.acc_seg: 87.0906
2026/07/22 18:35:18 - mmengine - INFO - Iter(train) [ 79700/160000]  lr: 5.4428e-03  eta: 7:51:02  time: 0.3509  data_time: 0.0274  memory: 8741  loss: 1.0898  decode.loss_ohem: 0.7352  decode.acc_seg: 91.2534  aux_0.loss_ce: 0.3545  aux_0.acc_seg: 85.8404
2026/07/22 18:35:54 - mmengine - INFO - Iter(train) [ 79800/160000]  lr: 5.4367e-03  eta: 7:50:26  time: 0.3535  data_time: 0.0294  memory: 8739  loss: 1.0658  decode.loss_ohem: 0.7176  decode.acc_seg: 91.9725  aux_0.loss_ce: 0.3483  aux_0.acc_seg: 85.3135
2026/07/22 18:36:29 - mmengine - INFO - Iter(train) [ 79900/160000]  lr: 5.4306e-03  eta: 7:49:51  time: 0.3494  data_time: 0.0270  memory: 8739  loss: 1.1711  decode.loss_ohem: 0.8136  decode.acc_seg: 93.5395  aux_0.loss_ce: 0.3574  aux_0.acc_seg: 88.6835
2026/07/22 18:37:04 - mmengine - INFO - Exp name: dsanet_cityscapes_512x1024_20260722_104438
2026/07/22 18:37:04 - mmengine - INFO - Iter(train) [ 80000/160000]  lr: 5.4245e-03  eta: 7:49:16  time: 0.3531  data_time: 0.0293  memory: 8740  loss: 1.0986  decode.loss_ohem: 0.7520  decode.acc_seg: 87.4599  aux_0.loss_ce: 0.3465  aux_0.acc_seg: 85.2461
2026/07/22 18:37:04 - mmengine - INFO - Saving checkpoint at 80000 iterations
2026/07/22 18:37:09 - mmengine - INFO - Iter(val) [100/250]    eta: 0:00:06  time: 0.0420  data_time: 0.0107  memory: 729  
2026/07/22 18:37:13 - mmengine - INFO - Iter(val) [200/250]    eta: 0:00:02  time: 0.0430  data_time: 0.0107  memory: 729  
2026/07/22 18:37:15 - mmengine - INFO - per class results:
2026/07/22 18:37:15 - mmengine - INFO - 
+---------------+-------+-------+
|     Class     |  IoU  |  Acc  |
+---------------+-------+-------+
|      road     | 97.35 | 98.61 |
|    sidewalk   | 79.03 | 86.83 |
|    building   | 88.74 |  95.7 |
|      wall     | 38.82 | 49.82 |
|     fence     |  44.6 | 62.86 |
|      pole     | 52.61 | 61.39 |
| traffic light | 51.42 | 66.68 |
|  traffic sign | 64.91 | 72.14 |
|   vegetation  | 90.12 | 94.56 |
|    terrain    | 57.34 | 66.41 |
|      sky      | 91.13 | 97.84 |
|     person    | 72.51 | 85.94 |
|     rider     |  49.8 |  62.3 |
|      car      | 91.28 | 95.13 |
|     truck     |  51.9 | 77.25 |
|      bus      | 60.27 |  66.3 |
|     train     | 40.65 |  81.9 |
|   motorcycle  | 32.48 | 37.71 |
|    bicycle    |  68.5 |  83.3 |
+---------------+-------+-------+
2026/07/22 18:37:15 - mmengine - INFO - Iter(val) [250/250]    aAcc: 94.0700  mIoU: 64.3900  mAcc: 75.9300  data_time: 0.0128  time: 0.0445
2026/07/22 18:37:15 - mmengine - INFO - The previous best checkpoint /root/autodl-tmp/DSANet-main/tools/work_dirs/dsanet_cityscapes_512x1024/best_mIoU_iter_65000.pth is removed
2026/07/22 18:37:16 - mmengine - INFO - The best checkpoint with 64.3900 mIoU at 80000 iter is saved to best_mIoU_iter_80000.pth.
2026/07/22 18:37:51 - mmengine - INFO - Iter(train) [ 80100/160000]  lr: 5.4184e-03  eta: 7:48:42  time: 0.3535  data_time: 0.0284  memory: 8739  loss: 1.0451  decode.loss_ohem: 0.6995  decode.acc_seg: 92.0002  aux_0.loss_ce: 0.3456  aux_0.acc_seg: 89.8640
2026/07/22 18:38:27 - mmengine - INFO - Iter(train) [ 80200/160000]  lr: 5.4123e-03  eta: 7:48:06  time: 0.3523  data_time: 0.0287  memory: 8740  loss: 1.1032  decode.loss_ohem: 0.7444  decode.acc_seg: 90.6606  aux_0.loss_ce: 0.3588  aux_0.acc_seg: 88.9212
2026/07/22 18:39:02 - mmengine - INFO - Iter(train) [ 80300/160000]  lr: 5.4062e-03  eta: 7:47:31  time: 0.3492  data_time: 0.0261  memory: 8741  loss: 1.1175  decode.loss_ohem: 0.7655  decode.acc_seg: 88.7232  aux_0.loss_ce: 0.3520  aux_0.acc_seg: 86.6858
2026/07/22 18:39:37 - mmengine - INFO - Iter(train) [ 80400/160000]  lr: 5.4001e-03  eta: 7:46:56  time: 0.3554  data_time: 0.0302  memory: 8739  loss: 1.0850  decode.loss_ohem: 0.7368  decode.acc_seg: 91.8461  aux_0.loss_ce: 0.3482  aux_0.acc_seg: 87.6220
2026/07/22 18:40:12 - mmengine - INFO - Iter(train) [ 80500/160000]  lr: 5.3940e-03  eta: 7:46:20  time: 0.3519  data_time: 0.0285  memory: 8739  loss: 1.0721  decode.loss_ohem: 0.7308  decode.acc_seg: 91.9675  aux_0.loss_ce: 0.3413  aux_0.acc_seg: 88.7234
2026/07/22 18:40:47 - mmengine - INFO - Iter(train) [ 80600/160000]  lr: 5.3879e-03  eta: 7:45:45  time: 0.3503  data_time: 0.0280  memory: 8739  loss: 1.1104  decode.loss_ohem: 0.7520  decode.acc_seg: 88.2617  aux_0.loss_ce: 0.3584  aux_0.acc_seg: 85.7365
2026/07/22 18:41:22 - mmengine - INFO - Iter(train) [ 80700/160000]  lr: 5.3818e-03  eta: 7:45:10  time: 0.3545  data_time: 0.0294  memory: 8740  loss: 0.9996  decode.loss_ohem: 0.6833  decode.acc_seg: 89.9396  aux_0.loss_ce: 0.3164  aux_0.acc_seg: 86.1741
2026/07/22 18:41:58 - mmengine - INFO - Iter(train) [ 80800/160000]  lr: 5.3757e-03  eta: 7:44:35  time: 0.3540  data_time: 0.0289  memory: 8739  loss: 1.0303  decode.loss_ohem: 0.6996  decode.acc_seg: 91.3795  aux_0.loss_ce: 0.3307  aux_0.acc_seg: 88.2470
2026/07/22 18:42:33 - mmengine - INFO - Iter(train) [ 80900/160000]  lr: 5.3696e-03  eta: 7:44:00  time: 0.3548  data_time: 0.0306  memory: 8739  loss: 1.0978  decode.loss_ohem: 0.7585  decode.acc_seg: 93.2558  aux_0.loss_ce: 0.3393  aux_0.acc_seg: 89.9502
2026/07/22 18:43:08 - mmengine - INFO - Exp name: dsanet_cityscapes_512x1024_20260722_104438
2026/07/22 18:43:08 - mmengine - INFO - Iter(train) [ 81000/160000]  lr: 5.3635e-03  eta: 7:43:25  time: 0.3532  data_time: 0.0281  memory: 8742  loss: 1.1386  decode.loss_ohem: 0.7869  decode.acc_seg: 90.6581  aux_0.loss_ce: 0.3517  aux_0.acc_seg: 86.6172
2026/07/22 18:43:44 - mmengine - INFO - Iter(train) [ 81100/160000]  lr: 5.3574e-03  eta: 7:42:50  time: 0.3539  data_time: 0.0282  memory: 8741  loss: 1.1110  decode.loss_ohem: 0.7883  decode.acc_seg: 91.5592  aux_0.loss_ce: 0.3228  aux_0.acc_seg: 87.8668
2026/07/22 18:44:19 - mmengine - INFO - Iter(train) [ 81200/160000]  lr: 5.3513e-03  eta: 7:42:15  time: 0.3504  data_time: 0.0276  memory: 8739  loss: 1.1056  decode.loss_ohem: 0.7470  decode.acc_seg: 91.1729  aux_0.loss_ce: 0.3586  aux_0.acc_seg: 86.7881
2026/07/22 18:44:54 - mmengine - INFO - Iter(train) [ 81300/160000]  lr: 5.3452e-03  eta: 7:41:39  time: 0.3498  data_time: 0.0270  memory: 8740  loss: 1.0391  decode.loss_ohem: 0.7383  decode.acc_seg: 91.8925  aux_0.loss_ce: 0.3009  aux_0.acc_seg: 87.6449
2026/07/22 18:45:30 - mmengine - INFO - Iter(train) [ 81400/160000]  lr: 5.3391e-03  eta: 7:41:04  time: 0.3497  data_time: 0.0270  memory: 8741  loss: 1.2476  decode.loss_ohem: 0.8429  decode.acc_seg: 91.5929  aux_0.loss_ce: 0.4047  aux_0.acc_seg: 88.0317
2026/07/22 18:46:05 - mmengine - INFO - Iter(train) [ 81500/160000]  lr: 5.3330e-03  eta: 7:40:29  time: 0.3524  data_time: 0.0278  memory: 8741  loss: 1.0924  decode.loss_ohem: 0.7116  decode.acc_seg: 90.1718  aux_0.loss_ce: 0.3807  aux_0.acc_seg: 85.7176
2026/07/22 18:46:40 - mmengine - INFO - Iter(train) [ 81600/160000]  lr: 5.3269e-03  eta: 7:39:54  time: 0.3522  data_time: 0.0288  memory: 8739  loss: 1.1170  decode.loss_ohem: 0.7771  decode.acc_seg: 93.8023  aux_0.loss_ce: 0.3399  aux_0.acc_seg: 91.2920
2026/07/22 18:47:15 - mmengine - INFO - Iter(train) [ 81700/160000]  lr: 5.3208e-03  eta: 7:39:19  time: 0.3498  data_time: 0.0275  memory: 8741  loss: 1.1199  decode.loss_ohem: 0.7665  decode.acc_seg: 90.8210  aux_0.loss_ce: 0.3533  aux_0.acc_seg: 88.5888
2026/07/22 18:47:51 - mmengine - INFO - Iter(train) [ 81800/160000]  lr: 5.3147e-03  eta: 7:38:44  time: 0.3518  data_time: 0.0282  memory: 8741  loss: 0.9873  decode.loss_ohem: 0.6579  decode.acc_seg: 91.3153  aux_0.loss_ce: 0.3294  aux_0.acc_seg: 87.0274
2026/07/22 18:48:26 - mmengine - INFO - Iter(train) [ 81900/160000]  lr: 5.3086e-03  eta: 7:38:09  time: 0.3536  data_time: 0.0289  memory: 8739  loss: 1.1317  decode.loss_ohem: 0.7860  decode.acc_seg: 93.1821  aux_0.loss_ce: 0.3456  aux_0.acc_seg: 88.1195
2026/07/22 18:49:01 - mmengine - INFO - Exp name: dsanet_cityscapes_512x1024_20260722_104438
2026/07/22 18:49:01 - mmengine - INFO - Iter(train) [ 82000/160000]  lr: 5.3025e-03  eta: 7:37:33  time: 0.3546  data_time: 0.0303  memory: 8739  loss: 1.0742  decode.loss_ohem: 0.7437  decode.acc_seg: 90.2940  aux_0.loss_ce: 0.3305  aux_0.acc_seg: 87.8698
2026/07/22 18:49:36 - mmengine - INFO - Iter(train) [ 82100/160000]  lr: 5.2964e-03  eta: 7:36:58  time: 0.3563  data_time: 0.0309  memory: 8741  loss: 1.1410  decode.loss_ohem: 0.7939  decode.acc_seg: 93.0732  aux_0.loss_ce: 0.3471  aux_0.acc_seg: 90.5474
2026/07/22 18:50:12 - mmengine - INFO - Iter(train) [ 82200/160000]  lr: 5.2903e-03  eta: 7:36:23  time: 0.3523  data_time: 0.0285  memory: 8739  loss: 1.0188  decode.loss_ohem: 0.6801  decode.acc_seg: 91.1885  aux_0.loss_ce: 0.3388  aux_0.acc_seg: 87.5179
2026/07/22 18:50:47 - mmengine - INFO - Iter(train) [ 82300/160000]  lr: 5.2842e-03  eta: 7:35:48  time: 0.3546  data_time: 0.0296  memory: 8739  loss: 0.9847  decode.loss_ohem: 0.6805  decode.acc_seg: 92.8773  aux_0.loss_ce: 0.3042  aux_0.acc_seg: 88.5404
2026/07/22 18:51:22 - mmengine - INFO - Iter(train) [ 82400/160000]  lr: 5.2781e-03  eta: 7:35:13  time: 0.3544  data_time: 0.0297  memory: 8739  loss: 1.1001  decode.loss_ohem: 0.7508  decode.acc_seg: 89.1944  aux_0.loss_ce: 0.3494  aux_0.acc_seg: 83.2721
2026/07/22 18:51:58 - mmengine - INFO - Iter(train) [ 82500/160000]  lr: 5.2720e-03  eta: 7:34:38  time: 0.3538  data_time: 0.0294  memory: 8739  loss: 1.0326  decode.loss_ohem: 0.7267  decode.acc_seg: 91.6952  aux_0.loss_ce: 0.3060  aux_0.acc_seg: 89.4165
2026/07/22 18:52:33 - mmengine - INFO - Iter(train) [ 82600/160000]  lr: 5.2659e-03  eta: 7:34:03  time: 0.3565  data_time: 0.0311  memory: 8739  loss: 1.1060  decode.loss_ohem: 0.7547  decode.acc_seg: 91.4208  aux_0.loss_ce: 0.3513  aux_0.acc_seg: 86.0993
2026/07/22 18:53:09 - mmengine - INFO - Iter(train) [ 82700/160000]  lr: 5.2597e-03  eta: 7:33:28  time: 0.3528  data_time: 0.0285  memory: 8739  loss: 1.0680  decode.loss_ohem: 0.7386  decode.acc_seg: 93.5716  aux_0.loss_ce: 0.3294  aux_0.acc_seg: 91.6125
2026/07/22 18:53:44 - mmengine - INFO - Iter(train) [ 82800/160000]  lr: 5.2536e-03  eta: 7:32:53  time: 0.3545  data_time: 0.0297  memory: 8739  loss: 1.0441  decode.loss_ohem: 0.7212  decode.acc_seg: 92.8522  aux_0.loss_ce: 0.3229  aux_0.acc_seg: 89.5233
2026/07/22 18:54:20 - mmengine - INFO - Iter(train) [ 82900/160000]  lr: 5.2475e-03  eta: 7:32:18  time: 0.3554  data_time: 0.0305  memory: 8739  loss: 1.0741  decode.loss_ohem: 0.7361  decode.acc_seg: 92.3730  aux_0.loss_ce: 0.3380  aux_0.acc_seg: 90.0830
2026/07/22 18:54:55 - mmengine - INFO - Exp name: dsanet_cityscapes_512x1024_20260722_104438
2026/07/22 18:54:55 - mmengine - INFO - Iter(train) [ 83000/160000]  lr: 5.2414e-03  eta: 7:31:43  time: 0.3527  data_time: 0.0286  memory: 8739  loss: 1.0444  decode.loss_ohem: 0.7194  decode.acc_seg: 92.6869  aux_0.loss_ce: 0.3251  aux_0.acc_seg: 89.3383
2026/07/22 18:55:30 - mmengine - INFO - Iter(train) [ 83100/160000]  lr: 5.2353e-03  eta: 7:31:08  time: 0.3529  data_time: 0.0291  memory: 8739  loss: 1.1532  decode.loss_ohem: 0.8087  decode.acc_seg: 91.7290  aux_0.loss_ce: 0.3445  aux_0.acc_seg: 86.3097
2026/07/22 18:56:05 - mmengine - INFO - Iter(train) [ 83200/160000]  lr: 5.2292e-03  eta: 7:30:33  time: 0.3538  data_time: 0.0300  memory: 8738  loss: 1.0553  decode.loss_ohem: 0.7373  decode.acc_seg: 92.5399  aux_0.loss_ce: 0.3180  aux_0.acc_seg: 87.7348
2026/07/22 18:56:41 - mmengine - INFO - Iter(train) [ 83300/160000]  lr: 5.2231e-03  eta: 7:29:57  time: 0.3542  data_time: 0.0292  memory: 8740  loss: 1.0055  decode.loss_ohem: 0.7170  decode.acc_seg: 92.6270  aux_0.loss_ce: 0.2886  aux_0.acc_seg: 85.6738
2026/07/22 18:57:16 - mmengine - INFO - Iter(train) [ 83400/160000]  lr: 5.2169e-03  eta: 7:29:22  time: 0.3531  data_time: 0.0291  memory: 8739  loss: 1.0797  decode.loss_ohem: 0.7370  decode.acc_seg: 92.5862  aux_0.loss_ce: 0.3427  aux_0.acc_seg: 88.7421
2026/07/22 18:57:51 - mmengine - INFO - Iter(train) [ 83500/160000]  lr: 5.2108e-03  eta: 7:28:47  time: 0.3519  data_time: 0.0286  memory: 8740  loss: 1.0390  decode.loss_ohem: 0.7028  decode.acc_seg: 94.4448  aux_0.loss_ce: 0.3362  aux_0.acc_seg: 90.9228
2026/07/22 18:58:26 - mmengine - INFO - Iter(train) [ 83600/160000]  lr: 5.2047e-03  eta: 7:28:12  time: 0.3531  data_time: 0.0293  memory: 8738  loss: 1.0795  decode.loss_ohem: 0.7455  decode.acc_seg: 92.6005  aux_0.loss_ce: 0.3340  aux_0.acc_seg: 88.5829
2026/07/22 18:59:02 - mmengine - INFO - Iter(train) [ 83700/160000]  lr: 5.1986e-03  eta: 7:27:37  time: 0.3522  data_time: 0.0287  memory: 8740  loss: 1.0386  decode.loss_ohem: 0.7099  decode.acc_seg: 93.6242  aux_0.loss_ce: 0.3287  aux_0.acc_seg: 90.0174
2026/07/22 18:59:37 - mmengine - INFO - Iter(train) [ 83800/160000]  lr: 5.1925e-03  eta: 7:27:01  time: 0.3527  data_time: 0.0282  memory: 8740  loss: 1.1650  decode.loss_ohem: 0.7931  decode.acc_seg: 91.7445  aux_0.loss_ce: 0.3718  aux_0.acc_seg: 86.1579
2026/07/22 19:00:12 - mmengine - INFO - Iter(train) [ 83900/160000]  lr: 5.1863e-03  eta: 7:26:26  time: 0.3505  data_time: 0.0278  memory: 8740  loss: 1.0502  decode.loss_ohem: 0.7220  decode.acc_seg: 90.9760  aux_0.loss_ce: 0.3282  aux_0.acc_seg: 87.6300
2026/07/22 19:00:47 - mmengine - INFO - Exp name: dsanet_cityscapes_512x1024_20260722_104438
2026/07/22 19:00:47 - mmengine - INFO - Iter(train) [ 84000/160000]  lr: 5.1802e-03  eta: 7:25:51  time: 0.3494  data_time: 0.0270  memory: 8738  loss: 1.0347  decode.loss_ohem: 0.7085  decode.acc_seg: 92.0650  aux_0.loss_ce: 0.3262  aux_0.acc_seg: 87.9743
2026/07/22 19:01:22 - mmengine - INFO - Iter(train) [ 84100/160000]  lr: 5.1741e-03  eta: 7:25:16  time: 0.3497  data_time: 0.0281  memory: 8740  loss: 1.0528  decode.loss_ohem: 0.7399  decode.acc_seg: 92.9369  aux_0.loss_ce: 0.3130  aux_0.acc_seg: 89.8633
2026/07/22 19:01:58 - mmengine - INFO - Iter(train) [ 84200/160000]  lr: 5.1680e-03  eta: 7:24:40  time: 0.3519  data_time: 0.0289  memory: 8740  loss: 0.9675  decode.loss_ohem: 0.6860  decode.acc_seg: 92.7887  aux_0.loss_ce: 0.2815  aux_0.acc_seg: 88.9724
2026/07/22 19:02:33 - mmengine - INFO - Iter(train) [ 84300/160000]  lr: 5.1618e-03  eta: 7:24:05  time: 0.3531  data_time: 0.0295  memory: 8739  loss: 1.0851  decode.loss_ohem: 0.7415  decode.acc_seg: 90.8230  aux_0.loss_ce: 0.3436  aux_0.acc_seg: 87.8711
2026/07/22 19:03:08 - mmengine - INFO - Iter(train) [ 84400/160000]  lr: 5.1557e-03  eta: 7:23:30  time: 0.3544  data_time: 0.0300  memory: 8740  loss: 0.9926  decode.loss_ohem: 0.6931  decode.acc_seg: 91.6320  aux_0.loss_ce: 0.2994  aux_0.acc_seg: 87.3179
2026/07/22 19:03:43 - mmengine - INFO - Iter(train) [ 84500/160000]  lr: 5.1496e-03  eta: 7:22:55  time: 0.3558  data_time: 0.0306  memory: 8740  loss: 1.0515  decode.loss_ohem: 0.7053  decode.acc_seg: 92.2265  aux_0.loss_ce: 0.3462  aux_0.acc_seg: 87.5155
2026/07/22 19:04:19 - mmengine - INFO - Iter(train) [ 84600/160000]  lr: 5.1435e-03  eta: 7:22:20  time: 0.3515  data_time: 0.0284  memory: 8740  loss: 1.1073  decode.loss_ohem: 0.7796  decode.acc_seg: 91.7751  aux_0.loss_ce: 0.3277  aux_0.acc_seg: 88.2447
2026/07/22 19:04:54 - mmengine - INFO - Iter(train) [ 84700/160000]  lr: 5.1373e-03  eta: 7:21:45  time: 0.3503  data_time: 0.0273  memory: 8741  loss: 1.1155  decode.loss_ohem: 0.7721  decode.acc_seg: 91.3570  aux_0.loss_ce: 0.3434  aux_0.acc_seg: 88.0728
2026/07/22 19:05:29 - mmengine - INFO - Iter(train) [ 84800/160000]  lr: 5.1312e-03  eta: 7:21:10  time: 0.3526  data_time: 0.0291  memory: 8739  loss: 1.0086  decode.loss_ohem: 0.7030  decode.acc_seg: 93.5886  aux_0.loss_ce: 0.3056  aux_0.acc_seg: 88.7866
2026/07/22 19:06:05 - mmengine - INFO - Iter(train) [ 84900/160000]  lr: 5.1251e-03  eta: 7:20:35  time: 0.3515  data_time: 0.0283  memory: 8739  loss: 1.1144  decode.loss_ohem: 0.7620  decode.acc_seg: 92.6194  aux_0.loss_ce: 0.3524  aux_0.acc_seg: 90.5354
2026/07/22 19:06:40 - mmengine - INFO - Exp name: dsanet_cityscapes_512x1024_20260722_104438
2026/07/22 19:06:40 - mmengine - INFO - Iter(train) [ 85000/160000]  lr: 5.1190e-03  eta: 7:19:59  time: 0.3508  data_time: 0.0279  memory: 8739  loss: 1.0326  decode.loss_ohem: 0.7149  decode.acc_seg: 91.2962  aux_0.loss_ce: 0.3176  aux_0.acc_seg: 86.5373
2026/07/22 19:06:40 - mmengine - INFO - Saving checkpoint at 85000 iterations
2026/07/22 19:06:45 - mmengine - INFO - Iter(val) [100/250]    eta: 0:00:07  time: 0.0458  data_time: 0.0144  memory: 729  
2026/07/22 19:06:50 - mmengine - INFO - Iter(val) [200/250]    eta: 0:00:02  time: 0.0454  data_time: 0.0139  memory: 729  
2026/07/22 19:06:52 - mmengine - INFO - per class results:
2026/07/22 19:06:52 - mmengine - INFO - 
+---------------+-------+-------+
|     Class     |  IoU  |  Acc  |
+---------------+-------+-------+
|      road     | 97.36 | 98.32 |
|    sidewalk   | 80.33 | 89.45 |
|    building   | 88.76 | 95.92 |
|      wall     |  42.9 | 51.38 |
|     fence     | 49.68 | 59.18 |
|      pole     | 52.15 | 59.08 |
| traffic light | 48.35 | 58.22 |
|  traffic sign | 64.73 | 70.58 |
|   vegetation  | 90.01 |  95.1 |
|    terrain    | 56.84 | 76.97 |
|      sky      | 93.06 |  96.8 |
|     person    | 72.31 | 83.15 |
|     rider     | 48.36 | 63.97 |
|      car      | 91.88 | 95.78 |
|     truck     | 54.26 | 59.63 |
|      bus      | 61.66 | 72.24 |
|     train     | 47.46 | 83.14 |
|   motorcycle  | 34.88 | 64.93 |
|    bicycle    | 64.99 | 85.38 |
+---------------+-------+-------+
2026/07/22 19:06:52 - mmengine - INFO - Iter(val) [250/250]    aAcc: 94.2300  mIoU: 65.2600  mAcc: 76.8000  data_time: 0.0138  time: 0.0453
2026/07/22 19:06:52 - mmengine - INFO - The previous best checkpoint /root/autodl-tmp/DSANet-main/tools/work_dirs/dsanet_cityscapes_512x1024/best_mIoU_iter_80000.pth is removed
2026/07/22 19:06:52 - mmengine - INFO - The best checkpoint with 65.2600 mIoU at 85000 iter is saved to best_mIoU_iter_85000.pth.
2026/07/22 19:07:28 - mmengine - INFO - Iter(train) [ 85100/160000]  lr: 5.1128e-03  eta: 7:19:25  time: 0.3510  data_time: 0.0281  memory: 8739  loss: 1.0443  decode.loss_ohem: 0.7284  decode.acc_seg: 92.3696  aux_0.loss_ce: 0.3159  aux_0.acc_seg: 88.2109
2026/07/22 19:08:03 - mmengine - INFO - Iter(train) [ 85200/160000]  lr: 5.1067e-03  eta: 7:18:50  time: 0.3515  data_time: 0.0291  memory: 8738  loss: 1.1140  decode.loss_ohem: 0.7587  decode.acc_seg: 93.8908  aux_0.loss_ce: 0.3552  aux_0.acc_seg: 89.9330
2026/07/22 19:08:38 - mmengine - INFO - Iter(train) [ 85300/160000]  lr: 5.1006e-03  eta: 7:18:15  time: 0.3534  data_time: 0.0289  memory: 8739  loss: 1.0960  decode.loss_ohem: 0.7533  decode.acc_seg: 93.6385  aux_0.loss_ce: 0.3426  aux_0.acc_seg: 88.6620
2026/07/22 19:09:14 - mmengine - INFO - Iter(train) [ 85400/160000]  lr: 5.0944e-03  eta: 7:17:39  time: 0.3498  data_time: 0.0269  memory: 8739  loss: 1.0406  decode.loss_ohem: 0.7211  decode.acc_seg: 92.9308  aux_0.loss_ce: 0.3195  aux_0.acc_seg: 91.3910
2026/07/22 19:09:49 - mmengine - INFO - Iter(train) [ 85500/160000]  lr: 5.0883e-03  eta: 7:17:04  time: 0.3502  data_time: 0.0274  memory: 8740  loss: 1.1097  decode.loss_ohem: 0.7465  decode.acc_seg: 88.8674  aux_0.loss_ce: 0.3632  aux_0.acc_seg: 82.6549
2026/07/22 19:10:24 - mmengine - INFO - Iter(train) [ 85600/160000]  lr: 5.0822e-03  eta: 7:16:29  time: 0.3515  data_time: 0.0276  memory: 8740  loss: 1.1170  decode.loss_ohem: 0.7659  decode.acc_seg: 90.9295  aux_0.loss_ce: 0.3511  aux_0.acc_seg: 88.6546
2026/07/22 19:10:59 - mmengine - INFO - Iter(train) [ 85700/160000]  lr: 5.0760e-03  eta: 7:15:54  time: 0.3534  data_time: 0.0295  memory: 8740  loss: 1.0935  decode.loss_ohem: 0.7635  decode.acc_seg: 92.4846  aux_0.loss_ce: 0.3301  aux_0.acc_seg: 87.5981
2026/07/22 19:11:34 - mmengine - INFO - Iter(train) [ 85800/160000]  lr: 5.0699e-03  eta: 7:15:19  time: 0.3541  data_time: 0.0293  memory: 8739  loss: 1.1112  decode.loss_ohem: 0.7306  decode.acc_seg: 91.9043  aux_0.loss_ce: 0.3806  aux_0.acc_seg: 85.7733
2026/07/22 19:12:10 - mmengine - INFO - Iter(train) [ 85900/160000]  lr: 5.0637e-03  eta: 7:14:43  time: 0.3508  data_time: 0.0279  memory: 8740  loss: 0.9946  decode.loss_ohem: 0.7059  decode.acc_seg: 92.0838  aux_0.loss_ce: 0.2887  aux_0.acc_seg: 87.8576
2026/07/22 19:12:45 - mmengine - INFO - Exp name: dsanet_cityscapes_512x1024_20260722_104438
2026/07/22 19:12:45 - mmengine - INFO - Iter(train) [ 86000/160000]  lr: 5.0576e-03  eta: 7:14:08  time: 0.3492  data_time: 0.0263  memory: 8739  loss: 1.1715  decode.loss_ohem: 0.8189  decode.acc_seg: 85.8211  aux_0.loss_ce: 0.3525  aux_0.acc_seg: 82.3073
2026/07/22 19:13:20 - mmengine - INFO - Iter(train) [ 86100/160000]  lr: 5.0515e-03  eta: 7:13:33  time: 0.3520  data_time: 0.0281  memory: 8739  loss: 1.0564  decode.loss_ohem: 0.7392  decode.acc_seg: 91.2271  aux_0.loss_ce: 0.3173  aux_0.acc_seg: 88.7938
2026/07/22 19:13:55 - mmengine - INFO - Iter(train) [ 86200/160000]  lr: 5.0453e-03  eta: 7:12:57  time: 0.3538  data_time: 0.0303  memory: 8741  loss: 1.0554  decode.loss_ohem: 0.7403  decode.acc_seg: 94.3313  aux_0.loss_ce: 0.3151  aux_0.acc_seg: 87.8470
2026/07/22 19:14:30 - mmengine - INFO - Iter(train) [ 86300/160000]  lr: 5.0392e-03  eta: 7:12:22  time: 0.3523  data_time: 0.0285  memory: 8739  loss: 1.1237  decode.loss_ohem: 0.7700  decode.acc_seg: 91.0402  aux_0.loss_ce: 0.3537  aux_0.acc_seg: 87.4630
2026/07/22 19:15:06 - mmengine - INFO - Iter(train) [ 86400/160000]  lr: 5.0330e-03  eta: 7:11:47  time: 0.3531  data_time: 0.0287  memory: 8741  loss: 1.0127  decode.loss_ohem: 0.6866  decode.acc_seg: 92.1575  aux_0.loss_ce: 0.3261  aux_0.acc_seg: 88.7303
2026/07/22 19:15:41 - mmengine - INFO - Iter(train) [ 86500/160000]  lr: 5.0269e-03  eta: 7:11:12  time: 0.3520  data_time: 0.0275  memory: 8740  loss: 1.0296  decode.loss_ohem: 0.7371  decode.acc_seg: 92.5195  aux_0.loss_ce: 0.2925  aux_0.acc_seg: 90.3207
2026/07/22 19:16:16 - mmengine - INFO - Iter(train) [ 86600/160000]  lr: 5.0208e-03  eta: 7:10:37  time: 0.3516  data_time: 0.0281  memory: 8741  loss: 1.0285  decode.loss_ohem: 0.7232  decode.acc_seg: 93.6637  aux_0.loss_ce: 0.3054  aux_0.acc_seg: 88.7171
2026/07/22 19:16:51 - mmengine - INFO - Iter(train) [ 86700/160000]  lr: 5.0146e-03  eta: 7:10:02  time: 0.3519  data_time: 0.0283  memory: 8739  loss: 0.9952  decode.loss_ohem: 0.6962  decode.acc_seg: 92.1097  aux_0.loss_ce: 0.2990  aux_0.acc_seg: 88.7172
2026/07/22 19:17:27 - mmengine - INFO - Iter(train) [ 86800/160000]  lr: 5.0085e-03  eta: 7:09:27  time: 0.3504  data_time: 0.0274  memory: 8739  loss: 1.0967  decode.loss_ohem: 0.7712  decode.acc_seg: 92.0466  aux_0.loss_ce: 0.3255  aux_0.acc_seg: 89.1648
2026/07/22 19:18:02 - mmengine - INFO - Iter(train) [ 86900/160000]  lr: 5.0023e-03  eta: 7:08:51  time: 0.3562  data_time: 0.0319  memory: 8739  loss: 1.0452  decode.loss_ohem: 0.7320  decode.acc_seg: 93.2231  aux_0.loss_ce: 0.3132  aux_0.acc_seg: 88.5250
2026/07/22 19:18:37 - mmengine - INFO - Exp name: dsanet_cityscapes_512x1024_20260722_104438
2026/07/22 19:18:37 - mmengine - INFO - Iter(train) [ 87000/160000]  lr: 4.9962e-03  eta: 7:08:16  time: 0.3483  data_time: 0.0255  memory: 8740  loss: 1.0490  decode.loss_ohem: 0.7198  decode.acc_seg: 90.1062  aux_0.loss_ce: 0.3292  aux_0.acc_seg: 87.9524
2026/07/22 19:19:12 - mmengine - INFO - Iter(train) [ 87100/160000]  lr: 4.9900e-03  eta: 7:07:41  time: 0.3544  data_time: 0.0297  memory: 8738  loss: 1.0079  decode.loss_ohem: 0.6847  decode.acc_seg: 92.8766  aux_0.loss_ce: 0.3233  aux_0.acc_seg: 86.3438
2026/07/22 19:19:47 - mmengine - INFO - Iter(train) [ 87200/160000]  lr: 4.9839e-03  eta: 7:07:06  time: 0.3559  data_time: 0.0310  memory: 8739  loss: 0.9897  decode.loss_ohem: 0.6848  decode.acc_seg: 93.3149  aux_0.loss_ce: 0.3049  aux_0.acc_seg: 89.2782
2026/07/22 19:20:23 - mmengine - INFO - Iter(train) [ 87300/160000]  lr: 4.9777e-03  eta: 7:06:30  time: 0.3522  data_time: 0.0285  memory: 8739  loss: 1.0171  decode.loss_ohem: 0.7161  decode.acc_seg: 90.3093  aux_0.loss_ce: 0.3010  aux_0.acc_seg: 81.5756
2026/07/22 19:20:58 - mmengine - INFO - Iter(train) [ 87400/160000]  lr: 4.9716e-03  eta: 7:05:55  time: 0.3481  data_time: 0.0263  memory: 8739  loss: 1.0193  decode.loss_ohem: 0.7155  decode.acc_seg: 93.3133  aux_0.loss_ce: 0.3039  aux_0.acc_seg: 90.1663
2026/07/22 19:21:33 - mmengine - INFO - Iter(train) [ 87500/160000]  lr: 4.9654e-03  eta: 7:05:20  time: 0.3518  data_time: 0.0282  memory: 8739  loss: 1.0557  decode.loss_ohem: 0.7551  decode.acc_seg: 92.9495  aux_0.loss_ce: 0.3007  aux_0.acc_seg: 90.5403
2026/07/22 19:22:08 - mmengine - INFO - Iter(train) [ 87600/160000]  lr: 4.9593e-03  eta: 7:04:45  time: 0.3504  data_time: 0.0269  memory: 8739  loss: 1.0810  decode.loss_ohem: 0.7587  decode.acc_seg: 89.4989  aux_0.loss_ce: 0.3223  aux_0.acc_seg: 85.0779
2026/07/22 19:22:43 - mmengine - INFO - Iter(train) [ 87700/160000]  lr: 4.9531e-03  eta: 7:04:09  time: 0.3512  data_time: 0.0272  memory: 8740  loss: 1.0384  decode.loss_ohem: 0.7151  decode.acc_seg: 91.8448  aux_0.loss_ce: 0.3233  aux_0.acc_seg: 82.1658
2026/07/22 19:23:18 - mmengine - INFO - Iter(train) [ 87800/160000]  lr: 4.9470e-03  eta: 7:03:34  time: 0.3511  data_time: 0.0277  memory: 8739  loss: 1.1804  decode.loss_ohem: 0.8505  decode.acc_seg: 91.7039  aux_0.loss_ce: 0.3299  aux_0.acc_seg: 89.3966
2026/07/22 19:23:53 - mmengine - INFO - Iter(train) [ 87900/160000]  lr: 4.9408e-03  eta: 7:02:59  time: 0.3512  data_time: 0.0284  memory: 8739  loss: 1.1289  decode.loss_ohem: 0.7827  decode.acc_seg: 84.4109  aux_0.loss_ce: 0.3462  aux_0.acc_seg: 77.8011
2026/07/22 19:24:29 - mmengine - INFO - Exp name: dsanet_cityscapes_512x1024_20260722_104438
2026/07/22 19:24:29 - mmengine - INFO - Iter(train) [ 88000/160000]  lr: 4.9347e-03  eta: 7:02:24  time: 0.3522  data_time: 0.0276  memory: 8739  loss: 1.0199  decode.loss_ohem: 0.6911  decode.acc_seg: 89.6947  aux_0.loss_ce: 0.3288  aux_0.acc_seg: 83.5340
2026/07/22 19:25:04 - mmengine - INFO - Iter(train) [ 88100/160000]  lr: 4.9285e-03  eta: 7:01:48  time: 0.3534  data_time: 0.0296  memory: 8741  loss: 1.0230  decode.loss_ohem: 0.7136  decode.acc_seg: 90.9276  aux_0.loss_ce: 0.3094  aux_0.acc_seg: 87.4336
2026/07/22 19:25:39 - mmengine - INFO - Iter(train) [ 88200/160000]  lr: 4.9223e-03  eta: 7:01:13  time: 0.3514  data_time: 0.0272  memory: 8740  loss: 1.0787  decode.loss_ohem: 0.7479  decode.acc_seg: 89.6161  aux_0.loss_ce: 0.3308  aux_0.acc_seg: 87.3515
2026/07/22 19:26:14 - mmengine - INFO - Iter(train) [ 88300/160000]  lr: 4.9162e-03  eta: 7:00:38  time: 0.3531  data_time: 0.0294  memory: 8739  loss: 1.0979  decode.loss_ohem: 0.7688  decode.acc_seg: 92.2625  aux_0.loss_ce: 0.3291  aux_0.acc_seg: 88.4171
2026/07/22 19:26:49 - mmengine - INFO - Iter(train) [ 88400/160000]  lr: 4.9100e-03  eta: 7:00:03  time: 0.3525  data_time: 0.0280  memory: 8741  loss: 1.0063  decode.loss_ohem: 0.6780  decode.acc_seg: 90.1668  aux_0.loss_ce: 0.3283  aux_0.acc_seg: 88.8642
2026/07/22 19:27:25 - mmengine - INFO - Iter(train) [ 88500/160000]  lr: 4.9039e-03  eta: 6:59:28  time: 0.3507  data_time: 0.0273  memory: 8740  loss: 1.1120  decode.loss_ohem: 0.7672  decode.acc_seg: 92.4811  aux_0.loss_ce: 0.3448  aux_0.acc_seg: 90.4179
2026/07/22 19:28:00 - mmengine - INFO - Iter(train) [ 88600/160000]  lr: 4.8977e-03  eta: 6:58:52  time: 0.3513  data_time: 0.0285  memory: 8738  loss: 1.0483  decode.loss_ohem: 0.7312  decode.acc_seg: 91.5742  aux_0.loss_ce: 0.3171  aux_0.acc_seg: 88.1623
2026/07/22 19:28:35 - mmengine - INFO - Iter(train) [ 88700/160000]  lr: 4.8915e-03  eta: 6:58:17  time: 0.3543  data_time: 0.0301  memory: 8739  loss: 1.1196  decode.loss_ohem: 0.7774  decode.acc_seg: 90.9569  aux_0.loss_ce: 0.3422  aux_0.acc_seg: 88.3374
2026/07/22 19:29:10 - mmengine - INFO - Iter(train) [ 88800/160000]  lr: 4.8854e-03  eta: 6:57:42  time: 0.3547  data_time: 0.0304  memory: 8739  loss: 1.0939  decode.loss_ohem: 0.7575  decode.acc_seg: 93.1749  aux_0.loss_ce: 0.3364  aux_0.acc_seg: 91.8171
2026/07/22 19:29:46 - mmengine - INFO - Iter(train) [ 88900/160000]  lr: 4.8792e-03  eta: 6:57:07  time: 0.3531  data_time: 0.0290  memory: 8739  loss: 1.0209  decode.loss_ohem: 0.7096  decode.acc_seg: 93.8404  aux_0.loss_ce: 0.3114  aux_0.acc_seg: 90.0368
2026/07/22 19:30:21 - mmengine - INFO - Exp name: dsanet_cityscapes_512x1024_20260722_104438
2026/07/22 19:30:21 - mmengine - INFO - Iter(train) [ 89000/160000]  lr: 4.8731e-03  eta: 6:56:32  time: 0.3513  data_time: 0.0269  memory: 8738  loss: 1.1765  decode.loss_ohem: 0.8245  decode.acc_seg: 90.5910  aux_0.loss_ce: 0.3519  aux_0.acc_seg: 85.1744
2026/07/22 19:30:56 - mmengine - INFO - Iter(train) [ 89100/160000]  lr: 4.8669e-03  eta: 6:55:57  time: 0.3551  data_time: 0.0307  memory: 8739  loss: 1.0686  decode.loss_ohem: 0.7410  decode.acc_seg: 93.5509  aux_0.loss_ce: 0.3276  aux_0.acc_seg: 87.3196
2026/07/22 19:31:32 - mmengine - INFO - Iter(train) [ 89200/160000]  lr: 4.8607e-03  eta: 6:55:21  time: 0.3575  data_time: 0.0317  memory: 8740  loss: 1.0470  decode.loss_ohem: 0.7233  decode.acc_seg: 94.0196  aux_0.loss_ce: 0.3236  aux_0.acc_seg: 90.8748
2026/07/22 19:32:07 - mmengine - INFO - Iter(train) [ 89300/160000]  lr: 4.8546e-03  eta: 6:54:46  time: 0.3517  data_time: 0.0273  memory: 8739  loss: 1.0356  decode.loss_ohem: 0.7194  decode.acc_seg: 92.0835  aux_0.loss_ce: 0.3161  aux_0.acc_seg: 90.8062
2026/07/22 19:32:42 - mmengine - INFO - Iter(train) [ 89400/160000]  lr: 4.8484e-03  eta: 6:54:11  time: 0.3521  data_time: 0.0284  memory: 8742  loss: 1.1008  decode.loss_ohem: 0.7729  decode.acc_seg: 93.8446  aux_0.loss_ce: 0.3280  aux_0.acc_seg: 89.2791
2026/07/22 19:33:17 - mmengine - INFO - Iter(train) [ 89500/160000]  lr: 4.8422e-03  eta: 6:53:36  time: 0.3531  data_time: 0.0294  memory: 8739  loss: 1.1373  decode.loss_ohem: 0.7835  decode.acc_seg: 91.9575  aux_0.loss_ce: 0.3538  aux_0.acc_seg: 85.8960
2026/07/22 19:33:52 - mmengine - INFO - Iter(train) [ 89600/160000]  lr: 4.8361e-03  eta: 6:53:01  time: 0.3533  data_time: 0.0286  memory: 8741  loss: 1.1720  decode.loss_ohem: 0.8106  decode.acc_seg: 90.9837  aux_0.loss_ce: 0.3614  aux_0.acc_seg: 87.6501
2026/07/22 19:34:28 - mmengine - INFO - Iter(train) [ 89700/160000]  lr: 4.8299e-03  eta: 6:52:25  time: 0.3518  data_time: 0.0280  memory: 8741  loss: 1.1792  decode.loss_ohem: 0.7846  decode.acc_seg: 86.3958  aux_0.loss_ce: 0.3946  aux_0.acc_seg: 80.6445
2026/07/22 19:35:03 - mmengine - INFO - Iter(train) [ 89800/160000]  lr: 4.8237e-03  eta: 6:51:50  time: 0.3542  data_time: 0.0298  memory: 8740  loss: 1.0322  decode.loss_ohem: 0.6890  decode.acc_seg: 91.3510  aux_0.loss_ce: 0.3431  aux_0.acc_seg: 88.6034
2026/07/22 19:35:38 - mmengine - INFO - Iter(train) [ 89900/160000]  lr: 4.8175e-03  eta: 6:51:15  time: 0.3523  data_time: 0.0283  memory: 8739  loss: 1.0076  decode.loss_ohem: 0.6838  decode.acc_seg: 91.1585  aux_0.loss_ce: 0.3238  aux_0.acc_seg: 88.0505
2026/07/22 19:36:14 - mmengine - INFO - Exp name: dsanet_cityscapes_512x1024_20260722_104438
2026/07/22 19:36:14 - mmengine - INFO - Iter(train) [ 90000/160000]  lr: 4.8114e-03  eta: 6:50:40  time: 0.3535  data_time: 0.0292  memory: 8740  loss: 1.0772  decode.loss_ohem: 0.7457  decode.acc_seg: 90.6961  aux_0.loss_ce: 0.3316  aux_0.acc_seg: 85.5111
2026/07/22 19:36:14 - mmengine - INFO - Saving checkpoint at 90000 iterations
2026/07/22 19:36:19 - mmengine - INFO - Iter(val) [100/250]    eta: 0:00:07  time: 0.0428  data_time: 0.0113  memory: 729  
2026/07/22 19:36:24 - mmengine - INFO - Iter(val) [200/250]    eta: 0:00:02  time: 0.0426  data_time: 0.0109  memory: 729  
2026/07/22 19:36:26 - mmengine - INFO - per class results:
2026/07/22 19:36:26 - mmengine - INFO - 
+---------------+-------+-------+
|     Class     |  IoU  |  Acc  |
+---------------+-------+-------+
|      road     | 97.19 |  98.2 |
|    sidewalk   | 78.97 | 90.51 |
|    building   | 89.08 |  95.3 |
|      wall     | 39.89 | 47.57 |
|     fence     | 48.99 | 58.28 |
|      pole     | 52.88 | 63.51 |
| traffic light | 51.14 |  63.7 |
|  traffic sign | 65.14 | 72.86 |
|   vegetation  | 89.98 | 94.79 |
|    terrain    |  59.0 | 74.04 |
|      sky      | 92.77 | 96.53 |
|     person    | 71.03 | 84.79 |
|     rider     | 48.53 | 69.93 |
|      car      | 89.91 | 94.76 |
|     truck     | 55.81 | 63.76 |
|      bus      |  70.8 | 87.21 |
|     train     | 47.07 | 74.44 |
|   motorcycle  | 20.89 | 66.25 |
|    bicycle    | 66.69 | 80.87 |
+---------------+-------+-------+
2026/07/22 19:36:26 - mmengine - INFO - Iter(val) [250/250]    aAcc: 94.0700  mIoU: 65.0400  mAcc: 77.7500  data_time: 0.0146  time: 0.0464
2026/07/22 19:37:01 - mmengine - INFO - Iter(train) [ 90100/160000]  lr: 4.8052e-03  eta: 6:50:05  time: 0.3528  data_time: 0.0291  memory: 8740  loss: 1.1320  decode.loss_ohem: 0.7930  decode.acc_seg: 91.6581  aux_0.loss_ce: 0.3389  aux_0.acc_seg: 87.4662
2026/07/22 19:37:36 - mmengine - INFO - Iter(train) [ 90200/160000]  lr: 4.7990e-03  eta: 6:49:30  time: 0.3500  data_time: 0.0275  memory: 8740  loss: 1.1912  decode.loss_ohem: 0.8318  decode.acc_seg: 87.6229  aux_0.loss_ce: 0.3595  aux_0.acc_seg: 81.4822
2026/07/22 19:38:12 - mmengine - INFO - Iter(train) [ 90300/160000]  lr: 4.7928e-03  eta: 6:48:55  time: 0.3514  data_time: 0.0277  memory: 8740  loss: 1.0481  decode.loss_ohem: 0.7250  decode.acc_seg: 90.4221  aux_0.loss_ce: 0.3232  aux_0.acc_seg: 85.6247
2026/07/22 19:38:47 - mmengine - INFO - Iter(train) [ 90400/160000]  lr: 4.7867e-03  eta: 6:48:19  time: 0.3557  data_time: 0.0312  memory: 8738  loss: 1.0088  decode.loss_ohem: 0.6969  decode.acc_seg: 93.3771  aux_0.loss_ce: 0.3119  aux_0.acc_seg: 88.4145
2026/07/22 19:39:22 - mmengine - INFO - Iter(train) [ 90500/160000]  lr: 4.7805e-03  eta: 6:47:44  time: 0.3536  data_time: 0.0292  memory: 8738  loss: 1.0484  decode.loss_ohem: 0.7334  decode.acc_seg: 93.4322  aux_0.loss_ce: 0.3150  aux_0.acc_seg: 91.7509
2026/07/22 19:39:58 - mmengine - INFO - Iter(train) [ 90600/160000]  lr: 4.7743e-03  eta: 6:47:09  time: 0.3485  data_time: 0.0256  memory: 8739  loss: 1.0894  decode.loss_ohem: 0.7361  decode.acc_seg: 92.8346  aux_0.loss_ce: 0.3532  aux_0.acc_seg: 88.6068
2026/07/22 19:40:33 - mmengine - INFO - Iter(train) [ 90700/160000]  lr: 4.7681e-03  eta: 6:46:34  time: 0.3519  data_time: 0.0282  memory: 8738  loss: 1.0446  decode.loss_ohem: 0.7293  decode.acc_seg: 91.5927  aux_0.loss_ce: 0.3153  aux_0.acc_seg: 87.4573
2026/07/22 19:41:08 - mmengine - INFO - Iter(train) [ 90800/160000]  lr: 4.7620e-03  eta: 6:45:59  time: 0.3533  data_time: 0.0286  memory: 8739  loss: 1.0672  decode.loss_ohem: 0.7368  decode.acc_seg: 92.5184  aux_0.loss_ce: 0.3303  aux_0.acc_seg: 86.3052
2026/07/22 19:41:43 - mmengine - INFO - Iter(train) [ 90900/160000]  lr: 4.7558e-03  eta: 6:45:23  time: 0.3510  data_time: 0.0281  memory: 8739  loss: 1.0550  decode.loss_ohem: 0.7354  decode.acc_seg: 90.0905  aux_0.loss_ce: 0.3197  aux_0.acc_seg: 84.5604
2026/07/22 19:42:18 - mmengine - INFO - Exp name: dsanet_cityscapes_512x1024_20260722_104438
2026/07/22 19:42:18 - mmengine - INFO - Iter(train) [ 91000/160000]  lr: 4.7496e-03  eta: 6:44:48  time: 0.3557  data_time: 0.0313  memory: 8739  loss: 1.0824  decode.loss_ohem: 0.7685  decode.acc_seg: 91.7924  aux_0.loss_ce: 0.3139  aux_0.acc_seg: 88.2994
2026/07/22 19:42:54 - mmengine - INFO - Iter(train) [ 91100/160000]  lr: 4.7434e-03  eta: 6:44:13  time: 0.3498  data_time: 0.0259  memory: 8739  loss: 1.0240  decode.loss_ohem: 0.7156  decode.acc_seg: 91.1869  aux_0.loss_ce: 0.3084  aux_0.acc_seg: 87.7938
2026/07/22 19:43:29 - mmengine - INFO - Iter(train) [ 91200/160000]  lr: 4.7372e-03  eta: 6:43:38  time: 0.3510  data_time: 0.0281  memory: 8740  loss: 1.0954  decode.loss_ohem: 0.7466  decode.acc_seg: 92.4955  aux_0.loss_ce: 0.3488  aux_0.acc_seg: 89.9270
2026/07/22 19:44:04 - mmengine - INFO - Iter(train) [ 91300/160000]  lr: 4.7310e-03  eta: 6:43:03  time: 0.3515  data_time: 0.0283  memory: 8738  loss: 1.2156  decode.loss_ohem: 0.8214  decode.acc_seg: 90.6128  aux_0.loss_ce: 0.3942  aux_0.acc_seg: 84.1777
2026/07/22 19:44:39 - mmengine - INFO - Iter(train) [ 91400/160000]  lr: 4.7249e-03  eta: 6:42:27  time: 0.3500  data_time: 0.0274  memory: 8739  loss: 0.9977  decode.loss_ohem: 0.7106  decode.acc_seg: 92.9779  aux_0.loss_ce: 0.2872  aux_0.acc_seg: 87.3087
2026/07/22 19:45:14 - mmengine - INFO - Iter(train) [ 91500/160000]  lr: 4.7187e-03  eta: 6:41:52  time: 0.3520  data_time: 0.0281  memory: 8741  loss: 1.1180  decode.loss_ohem: 0.7873  decode.acc_seg: 92.3706  aux_0.loss_ce: 0.3307  aux_0.acc_seg: 88.5439
2026/07/22 19:45:49 - mmengine - INFO - Iter(train) [ 91600/160000]  lr: 4.7125e-03  eta: 6:41:17  time: 0.3515  data_time: 0.0277  memory: 8739  loss: 1.0367  decode.loss_ohem: 0.7144  decode.acc_seg: 92.4364  aux_0.loss_ce: 0.3223  aux_0.acc_seg: 87.4666
2026/07/22 19:46:25 - mmengine - INFO - Iter(train) [ 91700/160000]  lr: 4.7063e-03  eta: 6:40:42  time: 0.3556  data_time: 0.0309  memory: 8738  loss: 1.0531  decode.loss_ohem: 0.7269  decode.acc_seg: 91.6589  aux_0.loss_ce: 0.3262  aux_0.acc_seg: 89.0052
2026/07/22 19:47:00 - mmengine - INFO - Iter(train) [ 91800/160000]  lr: 4.7001e-03  eta: 6:40:06  time: 0.3516  data_time: 0.0276  memory: 8741  loss: 1.0929  decode.loss_ohem: 0.7553  decode.acc_seg: 91.6448  aux_0.loss_ce: 0.3376  aux_0.acc_seg: 88.0251
2026/07/22 19:47:35 - mmengine - INFO - Iter(train) [ 91900/160000]  lr: 4.6939e-03  eta: 6:39:31  time: 0.3572  data_time: 0.0317  memory: 8739  loss: 1.1092  decode.loss_ohem: 0.7418  decode.acc_seg: 88.0160  aux_0.loss_ce: 0.3674  aux_0.acc_seg: 82.8457
2026/07/22 19:48:11 - mmengine - INFO - Exp name: dsanet_cityscapes_512x1024_20260722_104438
2026/07/22 19:48:11 - mmengine - INFO - Iter(train) [ 92000/160000]  lr: 4.6877e-03  eta: 6:38:56  time: 0.3540  data_time: 0.0286  memory: 8741  loss: 1.0782  decode.loss_ohem: 0.7444  decode.acc_seg: 90.9581  aux_0.loss_ce: 0.3338  aux_0.acc_seg: 88.7946
2026/07/22 19:48:46 - mmengine - INFO - Iter(train) [ 92100/160000]  lr: 4.6815e-03  eta: 6:38:21  time: 0.3529  data_time: 0.0279  memory: 8737  loss: 1.0632  decode.loss_ohem: 0.7295  decode.acc_seg: 92.8756  aux_0.loss_ce: 0.3337  aux_0.acc_seg: 88.5346
2026/07/22 19:49:21 - mmengine - INFO - Iter(train) [ 92200/160000]  lr: 4.6753e-03  eta: 6:37:46  time: 0.3541  data_time: 0.0295  memory: 8739  loss: 1.1676  decode.loss_ohem: 0.8157  decode.acc_seg: 92.5037  aux_0.loss_ce: 0.3520  aux_0.acc_seg: 90.3620
2026/07/22 19:49:56 - mmengine - INFO - Iter(train) [ 92300/160000]  lr: 4.6691e-03  eta: 6:37:11  time: 0.3534  data_time: 0.0294  memory: 8740  loss: 1.1350  decode.loss_ohem: 0.7820  decode.acc_seg: 89.1933  aux_0.loss_ce: 0.3530  aux_0.acc_seg: 83.6419
2026/07/22 19:50:32 - mmengine - INFO - Iter(train) [ 92400/160000]  lr: 4.6630e-03  eta: 6:36:36  time: 0.3575  data_time: 0.0316  memory: 8741  loss: 1.0629  decode.loss_ohem: 0.7544  decode.acc_seg: 89.7798  aux_0.loss_ce: 0.3085  aux_0.acc_seg: 84.1193
2026/07/22 19:51:07 - mmengine - INFO - Iter(train) [ 92500/160000]  lr: 4.6568e-03  eta: 6:36:00  time: 0.3525  data_time: 0.0276  memory: 8738  loss: 1.0469  decode.loss_ohem: 0.7054  decode.acc_seg: 91.3934  aux_0.loss_ce: 0.3415  aux_0.acc_seg: 88.0849
2026/07/22 19:51:42 - mmengine - INFO - Iter(train) [ 92600/160000]  lr: 4.6506e-03  eta: 6:35:25  time: 0.3500  data_time: 0.0263  memory: 8740  loss: 1.0614  decode.loss_ohem: 0.7384  decode.acc_seg: 93.9044  aux_0.loss_ce: 0.3231  aux_0.acc_seg: 90.9632
2026/07/22 19:52:17 - mmengine - INFO - Iter(train) [ 92700/160000]  lr: 4.6444e-03  eta: 6:34:50  time: 0.3492  data_time: 0.0270  memory: 8739  loss: 1.0973  decode.loss_ohem: 0.7942  decode.acc_seg: 92.4072  aux_0.loss_ce: 0.3031  aux_0.acc_seg: 89.6632
2026/07/22 19:52:53 - mmengine - INFO - Iter(train) [ 92800/160000]  lr: 4.6382e-03  eta: 6:34:15  time: 0.3514  data_time: 0.0273  memory: 8738  loss: 1.0215  decode.loss_ohem: 0.7062  decode.acc_seg: 91.1080  aux_0.loss_ce: 0.3154  aux_0.acc_seg: 86.9337
2026/07/22 19:53:28 - mmengine - INFO - Iter(train) [ 92900/160000]  lr: 4.6320e-03  eta: 6:33:39  time: 0.3509  data_time: 0.0277  memory: 8739  loss: 1.0175  decode.loss_ohem: 0.7242  decode.acc_seg: 94.1944  aux_0.loss_ce: 0.2933  aux_0.acc_seg: 89.9704
2026/07/22 19:54:03 - mmengine - INFO - Exp name: dsanet_cityscapes_512x1024_20260722_104438
2026/07/22 19:54:03 - mmengine - INFO - Iter(train) [ 93000/160000]  lr: 4.6258e-03  eta: 6:33:04  time: 0.3586  data_time: 0.0314  memory: 8738  loss: 1.0493  decode.loss_ohem: 0.7255  decode.acc_seg: 93.5371  aux_0.loss_ce: 0.3238  aux_0.acc_seg: 89.7435
2026/07/22 19:54:39 - mmengine - INFO - Iter(train) [ 93100/160000]  lr: 4.6196e-03  eta: 6:32:29  time: 0.3522  data_time: 0.0277  memory: 8739  loss: 1.0507  decode.loss_ohem: 0.7259  decode.acc_seg: 90.3855  aux_0.loss_ce: 0.3248  aux_0.acc_seg: 86.4475
2026/07/22 19:55:14 - mmengine - INFO - Iter(train) [ 93200/160000]  lr: 4.6134e-03  eta: 6:31:54  time: 0.3580  data_time: 0.0322  memory: 8740  loss: 1.0939  decode.loss_ohem: 0.7428  decode.acc_seg: 89.5334  aux_0.loss_ce: 0.3511  aux_0.acc_seg: 85.6144
2026/07/22 19:55:49 - mmengine - INFO - Iter(train) [ 93300/160000]  lr: 4.6072e-03  eta: 6:31:19  time: 0.3537  data_time: 0.0296  memory: 8739  loss: 1.0507  decode.loss_ohem: 0.7445  decode.acc_seg: 93.3877  aux_0.loss_ce: 0.3062  aux_0.acc_seg: 87.7751
2026/07/22 19:56:25 - mmengine - INFO - Iter(train) [ 93400/160000]  lr: 4.6010e-03  eta: 6:30:44  time: 0.3522  data_time: 0.0290  memory: 8739  loss: 1.0093  decode.loss_ohem: 0.7033  decode.acc_seg: 93.8433  aux_0.loss_ce: 0.3060  aux_0.acc_seg: 90.9090
2026/07/22 19:57:00 - mmengine - INFO - Iter(train) [ 93500/160000]  lr: 4.5948e-03  eta: 6:30:09  time: 0.3499  data_time: 0.0250  memory: 8740  loss: 1.0812  decode.loss_ohem: 0.7570  decode.acc_seg: 92.6110  aux_0.loss_ce: 0.3242  aux_0.acc_seg: 88.4558
2026/07/22 19:57:36 - mmengine - INFO - Iter(train) [ 93600/160000]  lr: 4.5885e-03  eta: 6:29:34  time: 0.3536  data_time: 0.0291  memory: 8738  loss: 1.0708  decode.loss_ohem: 0.7587  decode.acc_seg: 92.9504  aux_0.loss_ce: 0.3121  aux_0.acc_seg: 91.0047
2026/07/22 19:58:11 - mmengine - INFO - Iter(train) [ 93700/160000]  lr: 4.5823e-03  eta: 6:28:59  time: 0.3567  data_time: 0.0307  memory: 8739  loss: 0.9903  decode.loss_ohem: 0.6766  decode.acc_seg: 93.6016  aux_0.loss_ce: 0.3138  aux_0.acc_seg: 88.7418
2026/07/22 19:58:47 - mmengine - INFO - Iter(train) [ 93800/160000]  lr: 4.5761e-03  eta: 6:28:24  time: 0.3560  data_time: 0.0310  memory: 8739  loss: 1.0489  decode.loss_ohem: 0.7408  decode.acc_seg: 89.1314  aux_0.loss_ce: 0.3082  aux_0.acc_seg: 87.3698
2026/07/22 19:59:22 - mmengine - INFO - Iter(train) [ 93900/160000]  lr: 4.5699e-03  eta: 6:27:49  time: 0.3572  data_time: 0.0312  memory: 8738  loss: 1.0146  decode.loss_ohem: 0.7018  decode.acc_seg: 90.9260  aux_0.loss_ce: 0.3128  aux_0.acc_seg: 86.9995
2026/07/22 19:59:57 - mmengine - INFO - Exp name: dsanet_cityscapes_512x1024_20260722_104438
2026/07/22 19:59:57 - mmengine - INFO - Iter(train) [ 94000/160000]  lr: 4.5637e-03  eta: 6:27:14  time: 0.3518  data_time: 0.0282  memory: 8738  loss: 1.0141  decode.loss_ohem: 0.7163  decode.acc_seg: 93.1986  aux_0.loss_ce: 0.2979  aux_0.acc_seg: 88.8374
2026/07/22 20:00:33 - mmengine - INFO - Iter(train) [ 94100/160000]  lr: 4.5575e-03  eta: 6:26:39  time: 0.3511  data_time: 0.0273  memory: 8739  loss: 1.0426  decode.loss_ohem: 0.7083  decode.acc_seg: 92.6244  aux_0.loss_ce: 0.3343  aux_0.acc_seg: 88.7872
2026/07/22 20:01:08 - mmengine - INFO - Iter(train) [ 94200/160000]  lr: 4.5513e-03  eta: 6:26:04  time: 0.3520  data_time: 0.0285  memory: 8740  loss: 1.0167  decode.loss_ohem: 0.6985  decode.acc_seg: 91.1153  aux_0.loss_ce: 0.3182  aux_0.acc_seg: 86.9167
2026/07/22 20:01:44 - mmengine - INFO - Iter(train) [ 94300/160000]  lr: 4.5451e-03  eta: 6:25:29  time: 0.3544  data_time: 0.0293  memory: 8738  loss: 1.1118  decode.loss_ohem: 0.7552  decode.acc_seg: 94.0719  aux_0.loss_ce: 0.3566  aux_0.acc_seg: 91.9912
2026/07/22 20:02:19 - mmengine - INFO - Iter(train) [ 94400/160000]  lr: 4.5389e-03  eta: 6:24:53  time: 0.3546  data_time: 0.0302  memory: 8738  loss: 0.9940  decode.loss_ohem: 0.7003  decode.acc_seg: 92.5875  aux_0.loss_ce: 0.2937  aux_0.acc_seg: 88.8420
2026/07/22 20:02:54 - mmengine - INFO - Iter(train) [ 94500/160000]  lr: 4.5327e-03  eta: 6:24:18  time: 0.3526  data_time: 0.0281  memory: 8741  loss: 1.0651  decode.loss_ohem: 0.7113  decode.acc_seg: 91.5768  aux_0.loss_ce: 0.3538  aux_0.acc_seg: 89.2725
2026/07/22 20:03:30 - mmengine - INFO - Iter(train) [ 94600/160000]  lr: 4.5264e-03  eta: 6:23:43  time: 0.3528  data_time: 0.0292  memory: 8739  loss: 0.9814  decode.loss_ohem: 0.6666  decode.acc_seg: 92.5068  aux_0.loss_ce: 0.3147  aux_0.acc_seg: 89.0674
2026/07/22 20:04:05 - mmengine - INFO - Iter(train) [ 94700/160000]  lr: 4.5202e-03  eta: 6:23:08  time: 0.3545  data_time: 0.0290  memory: 8739  loss: 1.0652  decode.loss_ohem: 0.7503  decode.acc_seg: 94.1145  aux_0.loss_ce: 0.3149  aux_0.acc_seg: 90.8974
2026/07/22 20:04:41 - mmengine - INFO - Iter(train) [ 94800/160000]  lr: 4.5140e-03  eta: 6:22:33  time: 0.3530  data_time: 0.0286  memory: 8741  loss: 1.0690  decode.loss_ohem: 0.7495  decode.acc_seg: 91.9885  aux_0.loss_ce: 0.3194  aux_0.acc_seg: 88.7786
2026/07/22 20:05:16 - mmengine - INFO - Iter(train) [ 94900/160000]  lr: 4.5078e-03  eta: 6:21:58  time: 0.3568  data_time: 0.0305  memory: 8740  loss: 1.1567  decode.loss_ohem: 0.7980  decode.acc_seg: 91.5511  aux_0.loss_ce: 0.3587  aux_0.acc_seg: 86.8196
2026/07/22 20:05:51 - mmengine - INFO - Exp name: dsanet_cityscapes_512x1024_20260722_104438
2026/07/22 20:05:51 - mmengine - INFO - Iter(train) [ 95000/160000]  lr: 4.5016e-03  eta: 6:21:23  time: 0.3526  data_time: 0.0288  memory: 8740  loss: 1.0405  decode.loss_ohem: 0.7176  decode.acc_seg: 94.0705  aux_0.loss_ce: 0.3229  aux_0.acc_seg: 85.3986
2026/07/22 20:05:51 - mmengine - INFO - Saving checkpoint at 95000 iterations
2026/07/22 20:05:57 - mmengine - INFO - Iter(val) [100/250]    eta: 0:00:07  time: 0.0423  data_time: 0.0108  memory: 729  
2026/07/22 20:06:01 - mmengine - INFO - Iter(val) [200/250]    eta: 0:00:02  time: 0.0430  data_time: 0.0107  memory: 729  
2026/07/22 20:06:04 - mmengine - INFO - per class results:
2026/07/22 20:06:04 - mmengine - INFO - 
+---------------+-------+-------+
|     Class     |  IoU  |  Acc  |
+---------------+-------+-------+
|      road     | 97.24 | 98.59 |
|    sidewalk   | 79.61 | 88.11 |
|    building   | 88.73 | 95.55 |
|      wall     | 42.48 | 49.18 |
|     fence     | 43.38 | 50.12 |
|      pole     | 55.03 | 68.71 |
| traffic light | 51.33 | 61.62 |
|  traffic sign | 65.83 | 73.75 |
|   vegetation  | 89.99 | 94.82 |
|    terrain    | 57.75 | 69.57 |
|      sky      | 92.67 | 96.87 |
|     person    | 72.95 |  86.7 |
|     rider     | 51.16 | 67.83 |
|      car      | 92.02 | 96.22 |
|     truck     | 58.35 |  71.8 |
|      bus      | 71.53 | 78.29 |
|     train     | 64.08 | 77.41 |
|   motorcycle  | 44.67 |  67.5 |
|    bicycle    | 67.95 | 84.42 |
+---------------+-------+-------+
2026/07/22 20:06:04 - mmengine - INFO - Iter(val) [250/250]    aAcc: 94.2800  mIoU: 67.7200  mAcc: 77.7400  data_time: 0.0143  time: 0.0460
2026/07/22 20:06:04 - mmengine - INFO - The previous best checkpoint /root/autodl-tmp/DSANet-main/tools/work_dirs/dsanet_cityscapes_512x1024/best_mIoU_iter_85000.pth is removed
2026/07/22 20:06:04 - mmengine - INFO - The best checkpoint with 67.7200 mIoU at 95000 iter is saved to best_mIoU_iter_95000.pth.
2026/07/22 20:06:40 - mmengine - INFO - Iter(train) [ 95100/160000]  lr: 4.4954e-03  eta: 6:20:48  time: 0.3554  data_time: 0.0310  memory: 8740  loss: 1.0509  decode.loss_ohem: 0.7424  decode.acc_seg: 92.0579  aux_0.loss_ce: 0.3084  aux_0.acc_seg: 86.5544
2026/07/22 20:07:15 - mmengine - INFO - Iter(train) [ 95200/160000]  lr: 4.4891e-03  eta: 6:20:13  time: 0.3511  data_time: 0.0276  memory: 8739  loss: 1.0450  decode.loss_ohem: 0.7277  decode.acc_seg: 94.4845  aux_0.loss_ce: 0.3173  aux_0.acc_seg: 92.0256
2026/07/22 20:07:50 - mmengine - INFO - Iter(train) [ 95300/160000]  lr: 4.4829e-03  eta: 6:19:38  time: 0.3516  data_time: 0.0277  memory: 8739  loss: 0.9840  decode.loss_ohem: 0.6860  decode.acc_seg: 92.0380  aux_0.loss_ce: 0.2980  aux_0.acc_seg: 88.9661
2026/07/22 20:08:25 - mmengine - INFO - Iter(train) [ 95400/160000]  lr: 4.4767e-03  eta: 6:19:03  time: 0.3522  data_time: 0.0280  memory: 8739  loss: 1.0330  decode.loss_ohem: 0.7151  decode.acc_seg: 90.1176  aux_0.loss_ce: 0.3179  aux_0.acc_seg: 85.8648
2026/07/22 20:09:01 - mmengine - INFO - Iter(train) [ 95500/160000]  lr: 4.4705e-03  eta: 6:18:28  time: 0.3516  data_time: 0.0283  memory: 8740  loss: 1.0361  decode.loss_ohem: 0.7026  decode.acc_seg: 89.5775  aux_0.loss_ce: 0.3335  aux_0.acc_seg: 86.9857
2026/07/22 20:09:36 - mmengine - INFO - Iter(train) [ 95600/160000]  lr: 4.4642e-03  eta: 6:17:53  time: 0.3524  data_time: 0.0282  memory: 8739  loss: 1.0553  decode.loss_ohem: 0.7308  decode.acc_seg: 95.1710  aux_0.loss_ce: 0.3245  aux_0.acc_seg: 91.7653
2026/07/22 20:10:11 - mmengine - INFO - Iter(train) [ 95700/160000]  lr: 4.4580e-03  eta: 6:17:17  time: 0.3499  data_time: 0.0277  memory: 8738  loss: 1.0752  decode.loss_ohem: 0.7616  decode.acc_seg: 94.7456  aux_0.loss_ce: 0.3136  aux_0.acc_seg: 90.9634
2026/07/22 20:10:47 - mmengine - INFO - Iter(train) [ 95800/160000]  lr: 4.4518e-03  eta: 6:16:42  time: 0.3527  data_time: 0.0289  memory: 8739  loss: 1.1140  decode.loss_ohem: 0.7806  decode.acc_seg: 93.5404  aux_0.loss_ce: 0.3334  aux_0.acc_seg: 89.5663
2026/07/22 20:11:22 - mmengine - INFO - Iter(train) [ 95900/160000]  lr: 4.4456e-03  eta: 6:16:07  time: 0.3547  data_time: 0.0312  memory: 8739  loss: 0.9632  decode.loss_ohem: 0.6599  decode.acc_seg: 92.4655  aux_0.loss_ce: 0.3033  aux_0.acc_seg: 87.2747
2026/07/22 20:11:57 - mmengine - INFO - Exp name: dsanet_cityscapes_512x1024_20260722_104438
2026/07/22 20:11:57 - mmengine - INFO - Iter(train) [ 96000/160000]  lr: 4.4393e-03  eta: 6:15:32  time: 0.3492  data_time: 0.0264  memory: 8739  loss: 1.0173  decode.loss_ohem: 0.7185  decode.acc_seg: 93.4555  aux_0.loss_ce: 0.2988  aux_0.acc_seg: 89.5053
2026/07/22 20:12:32 - mmengine - INFO - Iter(train) [ 96100/160000]  lr: 4.4331e-03  eta: 6:14:57  time: 0.3531  data_time: 0.0286  memory: 8742  loss: 1.0644  decode.loss_ohem: 0.7265  decode.acc_seg: 90.6785  aux_0.loss_ce: 0.3378  aux_0.acc_seg: 88.3913
2026/07/22 20:13:08 - mmengine - INFO - Iter(train) [ 96200/160000]  lr: 4.4269e-03  eta: 6:14:22  time: 0.3534  data_time: 0.0292  memory: 8741  loss: 1.0646  decode.loss_ohem: 0.7561  decode.acc_seg: 88.1517  aux_0.loss_ce: 0.3085  aux_0.acc_seg: 82.6929
2026/07/22 20:13:43 - mmengine - INFO - Iter(train) [ 96300/160000]  lr: 4.4206e-03  eta: 6:13:46  time: 0.3522  data_time: 0.0283  memory: 8738  loss: 1.0980  decode.loss_ohem: 0.7691  decode.acc_seg: 91.0262  aux_0.loss_ce: 0.3289  aux_0.acc_seg: 87.1243
2026/07/22 20:14:18 - mmengine - INFO - Iter(train) [ 96400/160000]  lr: 4.4144e-03  eta: 6:13:11  time: 0.3524  data_time: 0.0288  memory: 8739  loss: 1.0230  decode.loss_ohem: 0.7119  decode.acc_seg: 91.1294  aux_0.loss_ce: 0.3111  aux_0.acc_seg: 86.4050
2026/07/22 20:14:54 - mmengine - INFO - Iter(train) [ 96500/160000]  lr: 4.4082e-03  eta: 6:12:36  time: 0.3507  data_time: 0.0280  memory: 8739  loss: 0.9801  decode.loss_ohem: 0.6749  decode.acc_seg: 94.1039  aux_0.loss_ce: 0.3053  aux_0.acc_seg: 89.2732
2026/07/22 20:15:29 - mmengine - INFO - Iter(train) [ 96600/160000]  lr: 4.4019e-03  eta: 6:12:01  time: 0.3500  data_time: 0.0275  memory: 8740  loss: 0.9953  decode.loss_ohem: 0.7165  decode.acc_seg: 94.2243  aux_0.loss_ce: 0.2788  aux_0.acc_seg: 91.1759
2026/07/22 20:16:04 - mmengine - INFO - Iter(train) [ 96700/160000]  lr: 4.3957e-03  eta: 6:11:26  time: 0.3511  data_time: 0.0282  memory: 8739  loss: 1.0047  decode.loss_ohem: 0.6919  decode.acc_seg: 92.2552  aux_0.loss_ce: 0.3128  aux_0.acc_seg: 86.9427
2026/07/22 20:16:40 - mmengine - INFO - Iter(train) [ 96800/160000]  lr: 4.3895e-03  eta: 6:10:50  time: 0.3535  data_time: 0.0287  memory: 8740  loss: 1.0667  decode.loss_ohem: 0.7064  decode.acc_seg: 93.1798  aux_0.loss_ce: 0.3603  aux_0.acc_seg: 89.9767
2026/07/22 20:17:15 - mmengine - INFO - Iter(train) [ 96900/160000]  lr: 4.3832e-03  eta: 6:10:15  time: 0.3529  data_time: 0.0292  memory: 8739  loss: 1.1514  decode.loss_ohem: 0.8093  decode.acc_seg: 88.7273  aux_0.loss_ce: 0.3422  aux_0.acc_seg: 87.6833
2026/07/22 20:17:50 - mmengine - INFO - Exp name: dsanet_cityscapes_512x1024_20260722_104438
2026/07/22 20:17:50 - mmengine - INFO - Iter(train) [ 97000/160000]  lr: 4.3770e-03  eta: 6:09:40  time: 0.3520  data_time: 0.0277  memory: 8740  loss: 1.0011  decode.loss_ohem: 0.6793  decode.acc_seg: 94.1138  aux_0.loss_ce: 0.3218  aux_0.acc_seg: 89.5585
2026/07/22 20:18:26 - mmengine - INFO - Iter(train) [ 97100/160000]  lr: 4.3708e-03  eta: 6:09:05  time: 0.3537  data_time: 0.0292  memory: 8740  loss: 1.0170  decode.loss_ohem: 0.7113  decode.acc_seg: 91.9689  aux_0.loss_ce: 0.3057  aux_0.acc_seg: 90.0268
2026/07/22 20:19:01 - mmengine - INFO - Iter(train) [ 97200/160000]  lr: 4.3645e-03  eta: 6:08:30  time: 0.3508  data_time: 0.0277  memory: 8741  loss: 1.0017  decode.loss_ohem: 0.6872  decode.acc_seg: 92.4389  aux_0.loss_ce: 0.3146  aux_0.acc_seg: 88.8358
2026/07/22 20:19:36 - mmengine - INFO - Iter(train) [ 97300/160000]  lr: 4.3583e-03  eta: 6:07:55  time: 0.3547  data_time: 0.0306  memory: 8740  loss: 1.0783  decode.loss_ohem: 0.7411  decode.acc_seg: 93.6013  aux_0.loss_ce: 0.3372  aux_0.acc_seg: 87.9143
2026/07/22 20:20:12 - mmengine - INFO - Iter(train) [ 97400/160000]  lr: 4.3520e-03  eta: 6:07:20  time: 0.3522  data_time: 0.0294  memory: 8738  loss: 1.0781  decode.loss_ohem: 0.7538  decode.acc_seg: 91.3132  aux_0.loss_ce: 0.3242  aux_0.acc_seg: 88.7359
2026/07/22 20:20:47 - mmengine - INFO - Iter(train) [ 97500/160000]  lr: 4.3458e-03  eta: 6:06:44  time: 0.3516  data_time: 0.0283  memory: 8738  loss: 1.1370  decode.loss_ohem: 0.7874  decode.acc_seg: 91.2034  aux_0.loss_ce: 0.3495  aux_0.acc_seg: 87.1429
2026/07/22 20:21:22 - mmengine - INFO - Iter(train) [ 97600/160000]  lr: 4.3395e-03  eta: 6:06:09  time: 0.3500  data_time: 0.0261  memory: 8739  loss: 1.0291  decode.loss_ohem: 0.6926  decode.acc_seg: 92.6209  aux_0.loss_ce: 0.3365  aux_0.acc_seg: 86.8791
2026/07/22 20:21:57 - mmengine - INFO - Iter(train) [ 97700/160000]  lr: 4.3333e-03  eta: 6:05:34  time: 0.3503  data_time: 0.0271  memory: 8740  loss: 1.0873  decode.loss_ohem: 0.7527  decode.acc_seg: 91.6552  aux_0.loss_ce: 0.3346  aux_0.acc_seg: 85.0128
2026/07/22 20:22:33 - mmengine - INFO - Iter(train) [ 97800/160000]  lr: 4.3271e-03  eta: 6:04:59  time: 0.3557  data_time: 0.0302  memory: 8739  loss: 1.1299  decode.loss_ohem: 0.7675  decode.acc_seg: 89.1426  aux_0.loss_ce: 0.3624  aux_0.acc_seg: 83.4892
2026/07/22 20:23:08 - mmengine - INFO - Iter(train) [ 97900/160000]  lr: 4.3208e-03  eta: 6:04:24  time: 0.3517  data_time: 0.0281  memory: 8739  loss: 1.0658  decode.loss_ohem: 0.7492  decode.acc_seg: 91.7900  aux_0.loss_ce: 0.3166  aux_0.acc_seg: 87.9235
2026/07/22 20:23:43 - mmengine - INFO - Exp name: dsanet_cityscapes_512x1024_20260722_104438
2026/07/22 20:23:43 - mmengine - INFO - Iter(train) [ 98000/160000]  lr: 4.3146e-03  eta: 6:03:49  time: 0.3518  data_time: 0.0291  memory: 8739  loss: 1.1031  decode.loss_ohem: 0.7736  decode.acc_seg: 90.6435  aux_0.loss_ce: 0.3295  aux_0.acc_seg: 87.2756
2026/07/22 20:24:19 - mmengine - INFO - Iter(train) [ 98100/160000]  lr: 4.3083e-03  eta: 6:03:13  time: 0.3521  data_time: 0.0292  memory: 8740  loss: 1.0555  decode.loss_ohem: 0.7337  decode.acc_seg: 94.1513  aux_0.loss_ce: 0.3218  aux_0.acc_seg: 85.7377
2026/07/22 20:24:54 - mmengine - INFO - Iter(train) [ 98200/160000]  lr: 4.3021e-03  eta: 6:02:38  time: 0.3522  data_time: 0.0292  memory: 8740  loss: 1.0377  decode.loss_ohem: 0.7181  decode.acc_seg: 91.6438  aux_0.loss_ce: 0.3196  aux_0.acc_seg: 87.3392
2026/07/22 20:25:29 - mmengine - INFO - Iter(train) [ 98300/160000]  lr: 4.2958e-03  eta: 6:02:03  time: 0.3501  data_time: 0.0268  memory: 8738  loss: 1.0033  decode.loss_ohem: 0.6917  decode.acc_seg: 92.6385  aux_0.loss_ce: 0.3116  aux_0.acc_seg: 89.4720
2026/07/22 20:26:04 - mmengine - INFO - Iter(train) [ 98400/160000]  lr: 4.2896e-03  eta: 6:01:28  time: 0.3520  data_time: 0.0287  memory: 8739  loss: 1.0395  decode.loss_ohem: 0.7111  decode.acc_seg: 89.4547  aux_0.loss_ce: 0.3284  aux_0.acc_seg: 85.4901
2026/07/22 20:26:40 - mmengine - INFO - Iter(train) [ 98500/160000]  lr: 4.2833e-03  eta: 6:00:53  time: 0.3520  data_time: 0.0289  memory: 8739  loss: 0.9996  decode.loss_ohem: 0.7003  decode.acc_seg: 90.7222  aux_0.loss_ce: 0.2993  aux_0.acc_seg: 84.1520
2026/07/22 20:27:15 - mmengine - INFO - Iter(train) [ 98600/160000]  lr: 4.2771e-03  eta: 6:00:18  time: 0.3526  data_time: 0.0284  memory: 8739  loss: 1.0550  decode.loss_ohem: 0.7066  decode.acc_seg: 90.7950  aux_0.loss_ce: 0.3484  aux_0.acc_seg: 87.7017
2026/07/22 20:27:50 - mmengine - INFO - Iter(train) [ 98700/160000]  lr: 4.2708e-03  eta: 5:59:42  time: 0.3512  data_time: 0.0278  memory: 8739  loss: 1.1018  decode.loss_ohem: 0.7865  decode.acc_seg: 93.3550  aux_0.loss_ce: 0.3153  aux_0.acc_seg: 91.4720
2026/07/22 20:28:25 - mmengine - INFO - Iter(train) [ 98800/160000]  lr: 4.2645e-03  eta: 5:59:07  time: 0.3532  data_time: 0.0292  memory: 8738  loss: 0.9678  decode.loss_ohem: 0.6853  decode.acc_seg: 90.9622  aux_0.loss_ce: 0.2825  aux_0.acc_seg: 87.7030
2026/07/22 20:29:01 - mmengine - INFO - Iter(train) [ 98900/160000]  lr: 4.2583e-03  eta: 5:58:32  time: 0.3534  data_time: 0.0294  memory: 8738  loss: 0.9934  decode.loss_ohem: 0.6816  decode.acc_seg: 93.5098  aux_0.loss_ce: 0.3117  aux_0.acc_seg: 88.3857
2026/07/22 20:29:36 - mmengine - INFO - Exp name: dsanet_cityscapes_512x1024_20260722_104438
2026/07/22 20:29:36 - mmengine - INFO - Iter(train) [ 99000/160000]  lr: 4.2520e-03  eta: 5:57:57  time: 0.3530  data_time: 0.0296  memory: 8740  loss: 1.0452  decode.loss_ohem: 0.7504  decode.acc_seg: 94.1511  aux_0.loss_ce: 0.2948  aux_0.acc_seg: 92.4610
2026/07/22 20:30:11 - mmengine - INFO - Iter(train) [ 99100/160000]  lr: 4.2458e-03  eta: 5:57:22  time: 0.3585  data_time: 0.0323  memory: 8740  loss: 0.9962  decode.loss_ohem: 0.7050  decode.acc_seg: 93.8806  aux_0.loss_ce: 0.2912  aux_0.acc_seg: 90.7837
2026/07/22 20:30:47 - mmengine - INFO - Iter(train) [ 99200/160000]  lr: 4.2395e-03  eta: 5:56:47  time: 0.3560  data_time: 0.0308  memory: 8739  loss: 1.0126  decode.loss_ohem: 0.7071  decode.acc_seg: 92.6537  aux_0.loss_ce: 0.3055  aux_0.acc_seg: 89.6355
2026/07/22 20:31:22 - mmengine - INFO - Iter(train) [ 99300/160000]  lr: 4.2332e-03  eta: 5:56:11  time: 0.3521  data_time: 0.0284  memory: 8739  loss: 1.0333  decode.loss_ohem: 0.7227  decode.acc_seg: 91.9069  aux_0.loss_ce: 0.3106  aux_0.acc_seg: 84.3211
2026/07/22 20:31:57 - mmengine - INFO - Iter(train) [ 99400/160000]  lr: 4.2270e-03  eta: 5:55:36  time: 0.3527  data_time: 0.0288  memory: 8738  loss: 1.0756  decode.loss_ohem: 0.7520  decode.acc_seg: 91.7699  aux_0.loss_ce: 0.3236  aux_0.acc_seg: 88.4697
2026/07/22 20:32:33 - mmengine - INFO - Iter(train) [ 99500/160000]  lr: 4.2207e-03  eta: 5:55:01  time: 0.3515  data_time: 0.0276  memory: 8740  loss: 1.0674  decode.loss_ohem: 0.7149  decode.acc_seg: 93.5779  aux_0.loss_ce: 0.3526  aux_0.acc_seg: 90.2023
2026/07/22 20:33:08 - mmengine - INFO - Iter(train) [ 99600/160000]  lr: 4.2145e-03  eta: 5:54:26  time: 0.3523  data_time: 0.0295  memory: 8743  loss: 1.0349  decode.loss_ohem: 0.6986  decode.acc_seg: 92.5787  aux_0.loss_ce: 0.3363  aux_0.acc_seg: 89.9328
2026/07/22 20:33:43 - mmengine - INFO - Iter(train) [ 99700/160000]  lr: 4.2082e-03  eta: 5:53:50  time: 0.3480  data_time: 0.0269  memory: 8739  loss: 1.0516  decode.loss_ohem: 0.7137  decode.acc_seg: 89.5649  aux_0.loss_ce: 0.3379  aux_0.acc_seg: 84.4768
2026/07/22 20:34:18 - mmengine - INFO - Iter(train) [ 99800/160000]  lr: 4.2019e-03  eta: 5:53:15  time: 0.3471  data_time: 0.0246  memory: 8740  loss: 1.1275  decode.loss_ohem: 0.7572  decode.acc_seg: 93.8533  aux_0.loss_ce: 0.3702  aux_0.acc_seg: 91.1288
2026/07/22 20:34:53 - mmengine - INFO - Iter(train) [ 99900/160000]  lr: 4.1957e-03  eta: 5:52:40  time: 0.3502  data_time: 0.0275  memory: 8740  loss: 1.1182  decode.loss_ohem: 0.7990  decode.acc_seg: 92.4699  aux_0.loss_ce: 0.3192  aux_0.acc_seg: 88.0406
2026/07/22 20:35:28 - mmengine - INFO - Exp name: dsanet_cityscapes_512x1024_20260722_104438
2026/07/22 20:35:28 - mmengine - INFO - Iter(train) [100000/160000]  lr: 4.1894e-03  eta: 5:52:04  time: 0.3501  data_time: 0.0275  memory: 8740  loss: 1.1127  decode.loss_ohem: 0.8030  decode.acc_seg: 94.5208  aux_0.loss_ce: 0.3097  aux_0.acc_seg: 91.7859
2026/07/22 20:35:28 - mmengine - INFO - Saving checkpoint at 100000 iterations
2026/07/22 20:35:33 - mmengine - INFO - Iter(val) [100/250]    eta: 0:00:07  time: 0.0437  data_time: 0.0124  memory: 729  
2026/07/22 20:35:37 - mmengine - INFO - Iter(val) [200/250]    eta: 0:00:02  time: 0.0435  data_time: 0.0116  memory: 729  
2026/07/22 20:35:40 - mmengine - INFO - per class results:
2026/07/22 20:35:40 - mmengine - INFO - 
+---------------+-------+-------+
|     Class     |  IoU  |  Acc  |
+---------------+-------+-------+
|      road     | 97.36 | 98.56 |
|    sidewalk   | 80.53 | 90.32 |
|    building   | 88.92 | 95.24 |
|      wall     | 29.34 |  32.4 |
|     fence     | 48.57 | 65.47 |
|      pole     | 53.33 | 62.56 |
| traffic light | 45.86 | 51.29 |
|  traffic sign |  67.2 | 78.82 |
|   vegetation  | 89.98 | 95.49 |
|    terrain    | 60.14 | 69.99 |
|      sky      | 92.12 |  97.3 |
|     person    | 73.58 | 86.57 |
|     rider     | 52.17 | 61.93 |
|      car      | 92.16 | 95.86 |
|     truck     | 54.21 | 61.65 |
|      bus      | 56.93 | 64.78 |
|     train     | 42.61 | 80.52 |
|   motorcycle  | 34.84 | 37.84 |
|    bicycle    | 66.58 | 85.35 |
+---------------+-------+-------+
2026/07/22 20:35:40 - mmengine - INFO - Iter(val) [250/250]    aAcc: 94.2500  mIoU: 64.5500  mAcc: 74.3100  data_time: 0.0146  time: 0.0461
2026/07/22 20:36:15 - mmengine - INFO - Iter(train) [100100/160000]  lr: 4.1831e-03  eta: 5:51:29  time: 0.3518  data_time: 0.0287  memory: 8739  loss: 1.0025  decode.loss_ohem: 0.7147  decode.acc_seg: 94.5742  aux_0.loss_ce: 0.2878  aux_0.acc_seg: 91.6089
2026/07/22 20:36:50 - mmengine - INFO - Iter(train) [100200/160000]  lr: 4.1768e-03  eta: 5:50:54  time: 0.3532  data_time: 0.0293  memory: 8740  loss: 1.0640  decode.loss_ohem: 0.7260  decode.acc_seg: 92.6840  aux_0.loss_ce: 0.3380  aux_0.acc_seg: 88.8852
2026/07/22 20:37:25 - mmengine - INFO - Iter(train) [100300/160000]  lr: 4.1706e-03  eta: 5:50:18  time: 0.3487  data_time: 0.0262  memory: 8741  loss: 1.0245  decode.loss_ohem: 0.7126  decode.acc_seg: 94.5730  aux_0.loss_ce: 0.3119  aux_0.acc_seg: 90.7361
2026/07/22 20:38:00 - mmengine - INFO - Iter(train) [100400/160000]  lr: 4.1643e-03  eta: 5:49:43  time: 0.3505  data_time: 0.0279  memory: 8739  loss: 1.0199  decode.loss_ohem: 0.7156  decode.acc_seg: 93.1862  aux_0.loss_ce: 0.3043  aux_0.acc_seg: 89.8712
2026/07/22 20:38:35 - mmengine - INFO - Iter(train) [100500/160000]  lr: 4.1580e-03  eta: 5:49:08  time: 0.3535  data_time: 0.0284  memory: 8738  loss: 1.0264  decode.loss_ohem: 0.7128  decode.acc_seg: 93.7598  aux_0.loss_ce: 0.3137  aux_0.acc_seg: 90.1430
2026/07/22 20:39:11 - mmengine - INFO - Iter(train) [100600/160000]  lr: 4.1518e-03  eta: 5:48:33  time: 0.3509  data_time: 0.0265  memory: 8740  loss: 1.0745  decode.loss_ohem: 0.7290  decode.acc_seg: 87.6131  aux_0.loss_ce: 0.3455  aux_0.acc_seg: 83.0672
2026/07/22 20:39:46 - mmengine - INFO - Iter(train) [100700/160000]  lr: 4.1455e-03  eta: 5:47:58  time: 0.3545  data_time: 0.0300  memory: 8742  loss: 0.9553  decode.loss_ohem: 0.6694  decode.acc_seg: 91.8272  aux_0.loss_ce: 0.2859  aux_0.acc_seg: 88.1347
2026/07/22 20:40:21 - mmengine - INFO - Iter(train) [100800/160000]  lr: 4.1392e-03  eta: 5:47:22  time: 0.3528  data_time: 0.0289  memory: 8739  loss: 1.1103  decode.loss_ohem: 0.7634  decode.acc_seg: 92.7699  aux_0.loss_ce: 0.3469  aux_0.acc_seg: 89.9669
2026/07/22 20:40:56 - mmengine - INFO - Iter(train) [100900/160000]  lr: 4.1329e-03  eta: 5:46:47  time: 0.3534  data_time: 0.0297  memory: 8738  loss: 1.0263  decode.loss_ohem: 0.7215  decode.acc_seg: 93.5605  aux_0.loss_ce: 0.3048  aux_0.acc_seg: 90.0367
2026/07/22 20:41:32 - mmengine - INFO - Exp name: dsanet_cityscapes_512x1024_20260722_104438
2026/07/22 20:41:32 - mmengine - INFO - Iter(train) [101000/160000]  lr: 4.1266e-03  eta: 5:46:12  time: 0.3512  data_time: 0.0272  memory: 8739  loss: 1.1340  decode.loss_ohem: 0.7859  decode.acc_seg: 91.3447  aux_0.loss_ce: 0.3481  aux_0.acc_seg: 87.3905
2026/07/22 20:42:07 - mmengine - INFO - Iter(train) [101100/160000]  lr: 4.1204e-03  eta: 5:45:37  time: 0.3542  data_time: 0.0298  memory: 8739  loss: 1.0330  decode.loss_ohem: 0.7179  decode.acc_seg: 92.6372  aux_0.loss_ce: 0.3151  aux_0.acc_seg: 90.1402
2026/07/22 20:42:42 - mmengine - INFO - Iter(train) [101200/160000]  lr: 4.1141e-03  eta: 5:45:02  time: 0.3499  data_time: 0.0273  memory: 8738  loss: 0.9797  decode.loss_ohem: 0.6886  decode.acc_seg: 93.3172  aux_0.loss_ce: 0.2911  aux_0.acc_seg: 88.5317
2026/07/22 20:43:17 - mmengine - INFO - Iter(train) [101300/160000]  lr: 4.1078e-03  eta: 5:44:26  time: 0.3536  data_time: 0.0285  memory: 8739  loss: 1.0360  decode.loss_ohem: 0.7030  decode.acc_seg: 91.5806  aux_0.loss_ce: 0.3330  aux_0.acc_seg: 86.3351
2026/07/22 20:43:53 - mmengine - INFO - Iter(train) [101400/160000]  lr: 4.1015e-03  eta: 5:43:51  time: 0.3567  data_time: 0.0316  memory: 8738  loss: 1.0848  decode.loss_ohem: 0.7568  decode.acc_seg: 89.0551  aux_0.loss_ce: 0.3280  aux_0.acc_seg: 87.3610
2026/07/22 20:44:28 - mmengine - INFO - Iter(train) [101500/160000]  lr: 4.0952e-03  eta: 5:43:16  time: 0.3516  data_time: 0.0276  memory: 8738  loss: 1.0175  decode.loss_ohem: 0.6944  decode.acc_seg: 95.0987  aux_0.loss_ce: 0.3232  aux_0.acc_seg: 89.6657
2026/07/22 20:45:03 - mmengine - INFO - Iter(train) [101600/160000]  lr: 4.0889e-03  eta: 5:42:41  time: 0.3554  data_time: 0.0294  memory: 8739  loss: 1.0821  decode.loss_ohem: 0.7447  decode.acc_seg: 89.5613  aux_0.loss_ce: 0.3374  aux_0.acc_seg: 84.8162
2026/07/22 20:45:39 - mmengine - INFO - Iter(train) [101700/160000]  lr: 4.0827e-03  eta: 5:42:06  time: 0.3547  data_time: 0.0295  memory: 8739  loss: 1.0784  decode.loss_ohem: 0.7226  decode.acc_seg: 90.0425  aux_0.loss_ce: 0.3557  aux_0.acc_seg: 87.0969
2026/07/22 20:46:14 - mmengine - INFO - Iter(train) [101800/160000]  lr: 4.0764e-03  eta: 5:41:31  time: 0.3533  data_time: 0.0282  memory: 8739  loss: 1.0514  decode.loss_ohem: 0.7249  decode.acc_seg: 93.4699  aux_0.loss_ce: 0.3264  aux_0.acc_seg: 83.8149
2026/07/22 20:46:50 - mmengine - INFO - Iter(train) [101900/160000]  lr: 4.0701e-03  eta: 5:40:56  time: 0.3529  data_time: 0.0281  memory: 8739  loss: 1.0286  decode.loss_ohem: 0.7030  decode.acc_seg: 94.2042  aux_0.loss_ce: 0.3256  aux_0.acc_seg: 90.9144
2026/07/22 20:47:25 - mmengine - INFO - Exp name: dsanet_cityscapes_512x1024_20260722_104438
2026/07/22 20:47:25 - mmengine - INFO - Iter(train) [102000/160000]  lr: 4.0638e-03  eta: 5:40:21  time: 0.3536  data_time: 0.0293  memory: 8739  loss: 1.0555  decode.loss_ohem: 0.7267  decode.acc_seg: 92.3581  aux_0.loss_ce: 0.3288  aux_0.acc_seg: 88.8355
2026/07/22 20:48:00 - mmengine - INFO - Iter(train) [102100/160000]  lr: 4.0575e-03  eta: 5:39:45  time: 0.3531  data_time: 0.0291  memory: 8739  loss: 1.0679  decode.loss_ohem: 0.7511  decode.acc_seg: 90.9685  aux_0.loss_ce: 0.3168  aux_0.acc_seg: 87.1526
2026/07/22 20:48:36 - mmengine - INFO - Iter(train) [102200/160000]  lr: 4.0512e-03  eta: 5:39:10  time: 0.3515  data_time: 0.0269  memory: 8739  loss: 1.0438  decode.loss_ohem: 0.7143  decode.acc_seg: 93.2462  aux_0.loss_ce: 0.3294  aux_0.acc_seg: 90.1201
2026/07/22 20:49:11 - mmengine - INFO - Iter(train) [102300/160000]  lr: 4.0449e-03  eta: 5:38:35  time: 0.3534  data_time: 0.0286  memory: 8739  loss: 0.9931  decode.loss_ohem: 0.7012  decode.acc_seg: 94.2382  aux_0.loss_ce: 0.2918  aux_0.acc_seg: 88.6037
2026/07/22 20:49:46 - mmengine - INFO - Iter(train) [102400/160000]  lr: 4.0386e-03  eta: 5:38:00  time: 0.3505  data_time: 0.0276  memory: 8739  loss: 1.0119  decode.loss_ohem: 0.6949  decode.acc_seg: 94.4822  aux_0.loss_ce: 0.3170  aux_0.acc_seg: 92.0036
2026/07/22 20:50:22 - mmengine - INFO - Iter(train) [102500/160000]  lr: 4.0323e-03  eta: 5:37:25  time: 0.3520  data_time: 0.0282  memory: 8738  loss: 1.0621  decode.loss_ohem: 0.7287  decode.acc_seg: 91.7444  aux_0.loss_ce: 0.3334  aux_0.acc_seg: 87.4076
2026/07/22 20:50:57 - mmengine - INFO - Iter(train) [102600/160000]  lr: 4.0260e-03  eta: 5:36:50  time: 0.3560  data_time: 0.0301  memory: 8739  loss: 1.0954  decode.loss_ohem: 0.7658  decode.acc_seg: 92.9331  aux_0.loss_ce: 0.3295  aux_0.acc_seg: 87.7051
2026/07/22 20:51:32 - mmengine - INFO - Iter(train) [102700/160000]  lr: 4.0197e-03  eta: 5:36:14  time: 0.3586  data_time: 0.0332  memory: 8738  loss: 1.1089  decode.loss_ohem: 0.7855  decode.acc_seg: 90.7670  aux_0.loss_ce: 0.3234  aux_0.acc_seg: 86.6944
2026/07/22 20:52:08 - mmengine - INFO - Iter(train) [102800/160000]  lr: 4.0134e-03  eta: 5:35:39  time: 0.3527  data_time: 0.0287  memory: 8738  loss: 1.0260  decode.loss_ohem: 0.7092  decode.acc_seg: 94.6824  aux_0.loss_ce: 0.3168  aux_0.acc_seg: 88.0059
2026/07/22 20:52:43 - mmengine - INFO - Iter(train) [102900/160000]  lr: 4.0071e-03  eta: 5:35:04  time: 0.3550  data_time: 0.0299  memory: 8739  loss: 1.0773  decode.loss_ohem: 0.7271  decode.acc_seg: 90.4239  aux_0.loss_ce: 0.3501  aux_0.acc_seg: 84.6199
2026/07/22 20:53:18 - mmengine - INFO - Exp name: dsanet_cityscapes_512x1024_20260722_104438
2026/07/22 20:53:18 - mmengine - INFO - Iter(train) [103000/160000]  lr: 4.0008e-03  eta: 5:34:29  time: 0.3562  data_time: 0.0304  memory: 8739  loss: 1.1189  decode.loss_ohem: 0.7552  decode.acc_seg: 85.8611  aux_0.loss_ce: 0.3637  aux_0.acc_seg: 84.3618
2026/07/22 20:53:54 - mmengine - INFO - Iter(train) [103100/160000]  lr: 3.9945e-03  eta: 5:33:54  time: 0.3562  data_time: 0.0314  memory: 8739  loss: 1.0446  decode.loss_ohem: 0.7272  decode.acc_seg: 90.5720  aux_0.loss_ce: 0.3174  aux_0.acc_seg: 88.7254
2026/07/22 20:54:29 - mmengine - INFO - Iter(train) [103200/160000]  lr: 3.9882e-03  eta: 5:33:19  time: 0.3572  data_time: 0.0317  memory: 8739  loss: 1.0616  decode.loss_ohem: 0.7167  decode.acc_seg: 91.4444  aux_0.loss_ce: 0.3448  aux_0.acc_seg: 88.8318
2026/07/22 20:55:05 - mmengine - INFO - Iter(train) [103300/160000]  lr: 3.9819e-03  eta: 5:32:44  time: 0.3532  data_time: 0.0288  memory: 8739  loss: 1.1216  decode.loss_ohem: 0.7766  decode.acc_seg: 92.0923  aux_0.loss_ce: 0.3450  aux_0.acc_seg: 88.9202
2026/07/22 20:55:40 - mmengine - INFO - Iter(train) [103400/160000]  lr: 3.9756e-03  eta: 5:32:08  time: 0.3515  data_time: 0.0276  memory: 8738  loss: 1.0059  decode.loss_ohem: 0.7052  decode.acc_seg: 93.3698  aux_0.loss_ce: 0.3007  aux_0.acc_seg: 86.8732
2026/07/22 20:56:15 - mmengine - INFO - Iter(train) [103500/160000]  lr: 3.9693e-03  eta: 5:31:33  time: 0.3522  data_time: 0.0287  memory: 8742  loss: 1.0684  decode.loss_ohem: 0.7387  decode.acc_seg: 93.2679  aux_0.loss_ce: 0.3297  aux_0.acc_seg: 89.5379
2026/07/22 20:56:50 - mmengine - INFO - Iter(train) [103600/160000]  lr: 3.9630e-03  eta: 5:30:58  time: 0.3515  data_time: 0.0284  memory: 8739  loss: 1.0187  decode.loss_ohem: 0.7004  decode.acc_seg: 89.2380  aux_0.loss_ce: 0.3183  aux_0.acc_seg: 85.3096
2026/07/22 20:57:25 - mmengine - INFO - Iter(train) [103700/160000]  lr: 3.9567e-03  eta: 5:30:23  time: 0.3497  data_time: 0.0272  memory: 8739  loss: 0.9953  decode.loss_ohem: 0.6855  decode.acc_seg: 92.1146  aux_0.loss_ce: 0.3099  aux_0.acc_seg: 87.1925
2026/07/22 20:58:00 - mmengine - INFO - Iter(train) [103800/160000]  lr: 3.9504e-03  eta: 5:29:47  time: 0.3512  data_time: 0.0275  memory: 8738  loss: 1.0601  decode.loss_ohem: 0.7088  decode.acc_seg: 90.7278  aux_0.loss_ce: 0.3513  aux_0.acc_seg: 82.2427
2026/07/22 20:58:36 - mmengine - INFO - Iter(train) [103900/160000]  lr: 3.9441e-03  eta: 5:29:12  time: 0.3498  data_time: 0.0266  memory: 8740  loss: 1.0323  decode.loss_ohem: 0.7143  decode.acc_seg: 94.8313  aux_0.loss_ce: 0.3180  aux_0.acc_seg: 87.6168
2026/07/22 20:59:11 - mmengine - INFO - Exp name: dsanet_cityscapes_512x1024_20260722_104438
2026/07/22 20:59:11 - mmengine - INFO - Iter(train) [104000/160000]  lr: 3.9378e-03  eta: 5:28:37  time: 0.3582  data_time: 0.0325  memory: 8738  loss: 1.0771  decode.loss_ohem: 0.7559  decode.acc_seg: 92.8724  aux_0.loss_ce: 0.3212  aux_0.acc_seg: 90.6317
2026/07/22 20:59:46 - mmengine - INFO - Iter(train) [104100/160000]  lr: 3.9315e-03  eta: 5:28:02  time: 0.3496  data_time: 0.0266  memory: 8739  loss: 0.9619  decode.loss_ohem: 0.6656  decode.acc_seg: 93.9466  aux_0.loss_ce: 0.2963  aux_0.acc_seg: 89.5332
2026/07/22 21:00:21 - mmengine - INFO - Iter(train) [104200/160000]  lr: 3.9251e-03  eta: 5:27:26  time: 0.3518  data_time: 0.0287  memory: 8738  loss: 1.1177  decode.loss_ohem: 0.7724  decode.acc_seg: 90.8192  aux_0.loss_ce: 0.3453  aux_0.acc_seg: 88.2457
2026/07/22 21:00:56 - mmengine - INFO - Iter(train) [104300/160000]  lr: 3.9188e-03  eta: 5:26:51  time: 0.3507  data_time: 0.0271  memory: 8739  loss: 1.0735  decode.loss_ohem: 0.7480  decode.acc_seg: 94.1366  aux_0.loss_ce: 0.3254  aux_0.acc_seg: 91.2580
2026/07/22 21:01:31 - mmengine - INFO - Iter(train) [104400/160000]  lr: 3.9125e-03  eta: 5:26:16  time: 0.3547  data_time: 0.0306  memory: 8738  loss: 0.9963  decode.loss_ohem: 0.7150  decode.acc_seg: 93.4602  aux_0.loss_ce: 0.2813  aux_0.acc_seg: 91.3092
2026/07/22 21:02:06 - mmengine - INFO - Iter(train) [104500/160000]  lr: 3.9062e-03  eta: 5:25:41  time: 0.3526  data_time: 0.0291  memory: 8737  loss: 1.0868  decode.loss_ohem: 0.7786  decode.acc_seg: 90.9962  aux_0.loss_ce: 0.3082  aux_0.acc_seg: 88.6161
2026/07/22 21:02:42 - mmengine - INFO - Iter(train) [104600/160000]  lr: 3.8999e-03  eta: 5:25:05  time: 0.3574  data_time: 0.0307  memory: 8738  loss: 1.0499  decode.loss_ohem: 0.7219  decode.acc_seg: 92.3720  aux_0.loss_ce: 0.3279  aux_0.acc_seg: 89.2740
2026/07/22 21:03:17 - mmengine - INFO - Iter(train) [104700/160000]  lr: 3.8936e-03  eta: 5:24:30  time: 0.3519  data_time: 0.0283  memory: 8738  loss: 1.0175  decode.loss_ohem: 0.7060  decode.acc_seg: 92.2251  aux_0.loss_ce: 0.3115  aux_0.acc_seg: 86.1842
2026/07/22 21:03:52 - mmengine - INFO - Iter(train) [104800/160000]  lr: 3.8872e-03  eta: 5:23:55  time: 0.3489  data_time: 0.0261  memory: 8739  loss: 0.9750  decode.loss_ohem: 0.6849  decode.acc_seg: 91.2378  aux_0.loss_ce: 0.2901  aux_0.acc_seg: 86.0386
2026/07/22 21:04:27 - mmengine - INFO - Iter(train) [104900/160000]  lr: 3.8809e-03  eta: 5:23:20  time: 0.3513  data_time: 0.0279  memory: 8741  loss: 1.1185  decode.loss_ohem: 0.7549  decode.acc_seg: 90.8022  aux_0.loss_ce: 0.3636  aux_0.acc_seg: 83.2543
2026/07/22 21:05:02 - mmengine - INFO - Exp name: dsanet_cityscapes_512x1024_20260722_104438
2026/07/22 21:05:02 - mmengine - INFO - Iter(train) [105000/160000]  lr: 3.8746e-03  eta: 5:22:44  time: 0.3509  data_time: 0.0272  memory: 8741  loss: 1.0122  decode.loss_ohem: 0.6866  decode.acc_seg: 91.5247  aux_0.loss_ce: 0.3257  aux_0.acc_seg: 88.8708
2026/07/22 21:05:02 - mmengine - INFO - Saving checkpoint at 105000 iterations
2026/07/22 21:05:08 - mmengine - INFO - Iter(val) [100/250]    eta: 0:00:07  time: 0.0426  data_time: 0.0102  memory: 729  
2026/07/22 21:05:12 - mmengine - INFO - Iter(val) [200/250]    eta: 0:00:02  time: 0.0436  data_time: 0.0117  memory: 729  
2026/07/22 21:05:15 - mmengine - INFO - per class results:
2026/07/22 21:05:15 - mmengine - INFO - 
+---------------+-------+-------+
|     Class     |  IoU  |  Acc  |
+---------------+-------+-------+
|      road     | 97.44 | 98.43 |
|    sidewalk   | 79.25 | 90.48 |
|    building   | 89.59 | 94.73 |
|      wall     | 30.76 | 33.71 |
|     fence     | 47.68 | 71.67 |
|      pole     | 55.93 | 66.51 |
| traffic light | 50.51 | 58.45 |
|  traffic sign |  66.5 | 73.13 |
|   vegetation  |  90.4 | 96.06 |
|    terrain    | 53.44 | 61.16 |
|      sky      | 93.45 | 97.42 |
|     person    | 73.72 | 86.37 |
|     rider     | 51.78 | 65.62 |
|      car      | 92.79 | 96.69 |
|     truck     |  52.8 | 70.45 |
|      bus      | 66.52 | 87.99 |
|     train     | 47.81 |  56.6 |
|   motorcycle  | 33.07 | 37.05 |
|    bicycle    | 67.71 |  87.1 |
+---------------+-------+-------+
2026/07/22 21:05:15 - mmengine - INFO - Iter(val) [250/250]    aAcc: 94.3800  mIoU: 65.3200  mAcc: 75.2400  data_time: 0.0151  time: 0.0471
2026/07/22 21:05:50 - mmengine - INFO - Iter(train) [105100/160000]  lr: 3.8683e-03  eta: 5:22:09  time: 0.3493  data_time: 0.0267  memory: 8737  loss: 0.9749  decode.loss_ohem: 0.6726  decode.acc_seg: 94.3728  aux_0.loss_ce: 0.3022  aux_0.acc_seg: 91.5816
2026/07/22 21:06:25 - mmengine - INFO - Iter(train) [105200/160000]  lr: 3.8619e-03  eta: 5:21:34  time: 0.3542  data_time: 0.0303  memory: 8740  loss: 1.0136  decode.loss_ohem: 0.7338  decode.acc_seg: 93.3826  aux_0.loss_ce: 0.2799  aux_0.acc_seg: 86.0839
2026/07/22 21:07:00 - mmengine - INFO - Iter(train) [105300/160000]  lr: 3.8556e-03  eta: 5:20:59  time: 0.3510  data_time: 0.0267  memory: 8739  loss: 0.9579  decode.loss_ohem: 0.6710  decode.acc_seg: 92.5967  aux_0.loss_ce: 0.2870  aux_0.acc_seg: 90.0608
2026/07/22 21:07:35 - mmengine - INFO - Iter(train) [105400/160000]  lr: 3.8493e-03  eta: 5:20:24  time: 0.3511  data_time: 0.0280  memory: 8739  loss: 1.1130  decode.loss_ohem: 0.7746  decode.acc_seg: 88.7422  aux_0.loss_ce: 0.3383  aux_0.acc_seg: 86.8064
2026/07/22 21:08:11 - mmengine - INFO - Iter(train) [105500/160000]  lr: 3.8430e-03  eta: 5:19:48  time: 0.3482  data_time: 0.0268  memory: 8738  loss: 1.0523  decode.loss_ohem: 0.7144  decode.acc_seg: 92.2657  aux_0.loss_ce: 0.3379  aux_0.acc_seg: 88.5349
2026/07/22 21:08:46 - mmengine - INFO - Iter(train) [105600/160000]  lr: 3.8366e-03  eta: 5:19:13  time: 0.3524  data_time: 0.0288  memory: 8738  loss: 1.0275  decode.loss_ohem: 0.7209  decode.acc_seg: 92.8909  aux_0.loss_ce: 0.3066  aux_0.acc_seg: 90.1159
2026/07/22 21:09:21 - mmengine - INFO - Iter(train) [105700/160000]  lr: 3.8303e-03  eta: 5:18:38  time: 0.3502  data_time: 0.0276  memory: 8739  loss: 1.0182  decode.loss_ohem: 0.7135  decode.acc_seg: 91.3617  aux_0.loss_ce: 0.3047  aux_0.acc_seg: 86.9956
2026/07/22 21:09:56 - mmengine - INFO - Iter(train) [105800/160000]  lr: 3.8240e-03  eta: 5:18:03  time: 0.3529  data_time: 0.0294  memory: 8741  loss: 1.1727  decode.loss_ohem: 0.8227  decode.acc_seg: 90.4633  aux_0.loss_ce: 0.3500  aux_0.acc_seg: 83.7876
2026/07/22 21:10:32 - mmengine - INFO - Iter(train) [105900/160000]  lr: 3.8176e-03  eta: 5:17:27  time: 0.3497  data_time: 0.0273  memory: 8738  loss: 1.1269  decode.loss_ohem: 0.7958  decode.acc_seg: 89.4928  aux_0.loss_ce: 0.3310  aux_0.acc_seg: 85.3717
2026/07/22 21:11:07 - mmengine - INFO - Exp name: dsanet_cityscapes_512x1024_20260722_104438
2026/07/22 21:11:07 - mmengine - INFO - Iter(train) [106000/160000]  lr: 3.8113e-03  eta: 5:16:52  time: 0.3576  data_time: 0.0325  memory: 8738  loss: 1.0546  decode.loss_ohem: 0.7240  decode.acc_seg: 91.6802  aux_0.loss_ce: 0.3306  aux_0.acc_seg: 89.9584
2026/07/22 21:11:42 - mmengine - INFO - Iter(train) [106100/160000]  lr: 3.8050e-03  eta: 5:16:17  time: 0.3536  data_time: 0.0290  memory: 8740  loss: 1.0157  decode.loss_ohem: 0.7174  decode.acc_seg: 91.2213  aux_0.loss_ce: 0.2983  aux_0.acc_seg: 86.5816
2026/07/22 21:12:17 - mmengine - INFO - Iter(train) [106200/160000]  lr: 3.7986e-03  eta: 5:15:42  time: 0.3505  data_time: 0.0277  memory: 8738  loss: 1.0997  decode.loss_ohem: 0.7785  decode.acc_seg: 89.9347  aux_0.loss_ce: 0.3212  aux_0.acc_seg: 83.7826
2026/07/22 21:12:53 - mmengine - INFO - Iter(train) [106300/160000]  lr: 3.7923e-03  eta: 5:15:07  time: 0.3525  data_time: 0.0278  memory: 8739  loss: 1.0223  decode.loss_ohem: 0.6796  decode.acc_seg: 91.6534  aux_0.loss_ce: 0.3428  aux_0.acc_seg: 86.3153
2026/07/22 21:13:28 - mmengine - INFO - Iter(train) [106400/160000]  lr: 3.7859e-03  eta: 5:14:31  time: 0.3530  data_time: 0.0291  memory: 8739  loss: 1.0561  decode.loss_ohem: 0.7377  decode.acc_seg: 92.2704  aux_0.loss_ce: 0.3184  aux_0.acc_seg: 87.0033
2026/07/22 21:14:03 - mmengine - INFO - Iter(train) [106500/160000]  lr: 3.7796e-03  eta: 5:13:56  time: 0.3493  data_time: 0.0267  memory: 8738  loss: 1.0284  decode.loss_ohem: 0.7159  decode.acc_seg: 93.7823  aux_0.loss_ce: 0.3125  aux_0.acc_seg: 90.5634
2026/07/22 21:14:38 - mmengine - INFO - Iter(train) [106600/160000]  lr: 3.7733e-03  eta: 5:13:21  time: 0.3519  data_time: 0.0280  memory: 8737  loss: 1.0950  decode.loss_ohem: 0.7819  decode.acc_seg: 92.1393  aux_0.loss_ce: 0.3131  aux_0.acc_seg: 89.4498
2026/07/22 21:15:13 - mmengine - INFO - Iter(train) [106700/160000]  lr: 3.7669e-03  eta: 5:12:46  time: 0.3510  data_time: 0.0277  memory: 8740  loss: 1.0701  decode.loss_ohem: 0.7503  decode.acc_seg: 92.5570  aux_0.loss_ce: 0.3198  aux_0.acc_seg: 90.8749
2026/07/22 21:15:49 - mmengine - INFO - Iter(train) [106800/160000]  lr: 3.7606e-03  eta: 5:12:11  time: 0.3504  data_time: 0.0281  memory: 8738  loss: 1.0736  decode.loss_ohem: 0.7496  decode.acc_seg: 91.5518  aux_0.loss_ce: 0.3240  aux_0.acc_seg: 85.2126
2026/07/22 21:16:24 - mmengine - INFO - Iter(train) [106900/160000]  lr: 3.7542e-03  eta: 5:11:35  time: 0.3565  data_time: 0.0312  memory: 8739  loss: 1.0226  decode.loss_ohem: 0.7140  decode.acc_seg: 92.8218  aux_0.loss_ce: 0.3086  aux_0.acc_seg: 91.6020
2026/07/22 21:16:59 - mmengine - INFO - Exp name: dsanet_cityscapes_512x1024_20260722_104438
2026/07/22 21:16:59 - mmengine - INFO - Iter(train) [107000/160000]  lr: 3.7479e-03  eta: 5:11:00  time: 0.3534  data_time: 0.0294  memory: 8738  loss: 1.0548  decode.loss_ohem: 0.7546  decode.acc_seg: 93.7953  aux_0.loss_ce: 0.3002  aux_0.acc_seg: 91.2120
2026/07/22 21:17:34 - mmengine - INFO - Iter(train) [107100/160000]  lr: 3.7415e-03  eta: 5:10:25  time: 0.3515  data_time: 0.0277  memory: 8739  loss: 1.0041  decode.loss_ohem: 0.7083  decode.acc_seg: 93.0021  aux_0.loss_ce: 0.2957  aux_0.acc_seg: 89.9562
2026/07/22 21:18:09 - mmengine - INFO - Iter(train) [107200/160000]  lr: 3.7352e-03  eta: 5:09:50  time: 0.3471  data_time: 0.0256  memory: 8741  loss: 0.9972  decode.loss_ohem: 0.6832  decode.acc_seg: 92.4510  aux_0.loss_ce: 0.3140  aux_0.acc_seg: 90.9291
2026/07/22 21:18:45 - mmengine - INFO - Iter(train) [107300/160000]  lr: 3.7288e-03  eta: 5:09:14  time: 0.3502  data_time: 0.0278  memory: 8737  loss: 1.0623  decode.loss_ohem: 0.7390  decode.acc_seg: 91.8964  aux_0.loss_ce: 0.3234  aux_0.acc_seg: 88.9352
2026/07/22 21:19:20 - mmengine - INFO - Iter(train) [107400/160000]  lr: 3.7225e-03  eta: 5:08:39  time: 0.3494  data_time: 0.0268  memory: 8739  loss: 1.0818  decode.loss_ohem: 0.7495  decode.acc_seg: 93.1765  aux_0.loss_ce: 0.3323  aux_0.acc_seg: 89.4025
2026/07/22 21:19:55 - mmengine - INFO - Iter(train) [107500/160000]  lr: 3.7161e-03  eta: 5:08:04  time: 0.3514  data_time: 0.0279  memory: 8739  loss: 1.0329  decode.loss_ohem: 0.7212  decode.acc_seg: 93.2906  aux_0.loss_ce: 0.3118  aux_0.acc_seg: 87.3848
2026/07/22 21:20:30 - mmengine - INFO - Iter(train) [107600/160000]  lr: 3.7098e-03  eta: 5:07:29  time: 0.3525  data_time: 0.0292  memory: 8737  loss: 1.0210  decode.loss_ohem: 0.7053  decode.acc_seg: 91.5705  aux_0.loss_ce: 0.3157  aux_0.acc_seg: 86.1837
2026/07/22 21:21:05 - mmengine - INFO - Iter(train) [107700/160000]  lr: 3.7034e-03  eta: 5:06:53  time: 0.3493  data_time: 0.0264  memory: 8739  loss: 1.0840  decode.loss_ohem: 0.7418  decode.acc_seg: 90.4150  aux_0.loss_ce: 0.3421  aux_0.acc_seg: 85.1551
2026/07/22 21:21:40 - mmengine - INFO - Iter(train) [107800/160000]  lr: 3.6971e-03  eta: 5:06:18  time: 0.3596  data_time: 0.0340  memory: 8740  loss: 0.9686  decode.loss_ohem: 0.6382  decode.acc_seg: 89.4843  aux_0.loss_ce: 0.3305  aux_0.acc_seg: 82.6452
2026/07/22 21:22:16 - mmengine - INFO - Iter(train) [107900/160000]  lr: 3.6907e-03  eta: 5:05:43  time: 0.3527  data_time: 0.0293  memory: 8738  loss: 1.0899  decode.loss_ohem: 0.7433  decode.acc_seg: 93.5750  aux_0.loss_ce: 0.3466  aux_0.acc_seg: 90.6741
2026/07/22 21:22:51 - mmengine - INFO - Exp name: dsanet_cityscapes_512x1024_20260722_104438
2026/07/22 21:22:51 - mmengine - INFO - Iter(train) [108000/160000]  lr: 3.6843e-03  eta: 5:05:08  time: 0.3551  data_time: 0.0311  memory: 8739  loss: 1.0331  decode.loss_ohem: 0.7187  decode.acc_seg: 92.4162  aux_0.loss_ce: 0.3144  aux_0.acc_seg: 85.6475
2026/07/22 21:23:26 - mmengine - INFO - Iter(train) [108100/160000]  lr: 3.6780e-03  eta: 5:04:33  time: 0.3537  data_time: 0.0296  memory: 8738  loss: 1.0249  decode.loss_ohem: 0.7070  decode.acc_seg: 90.2504  aux_0.loss_ce: 0.3179  aux_0.acc_seg: 86.2959
2026/07/22 21:24:02 - mmengine - INFO - Iter(train) [108200/160000]  lr: 3.6716e-03  eta: 5:03:58  time: 0.3499  data_time: 0.0276  memory: 8738  loss: 0.9988  decode.loss_ohem: 0.7039  decode.acc_seg: 93.0353  aux_0.loss_ce: 0.2949  aux_0.acc_seg: 89.4880
2026/07/22 21:24:37 - mmengine - INFO - Iter(train) [108300/160000]  lr: 3.6653e-03  eta: 5:03:22  time: 0.3520  data_time: 0.0290  memory: 8738  loss: 1.0217  decode.loss_ohem: 0.7242  decode.acc_seg: 92.2632  aux_0.loss_ce: 0.2975  aux_0.acc_seg: 87.1054
2026/07/22 21:25:13 - mmengine - INFO - Iter(train) [108400/160000]  lr: 3.6589e-03  eta: 5:02:47  time: 0.3532  data_time: 0.0294  memory: 8739  loss: 1.0171  decode.loss_ohem: 0.7037  decode.acc_seg: 92.7805  aux_0.loss_ce: 0.3134  aux_0.acc_seg: 88.5579
2026/07/22 21:25:48 - mmengine - INFO - Iter(train) [108500/160000]  lr: 3.6525e-03  eta: 5:02:12  time: 0.3522  data_time: 0.0277  memory: 8740  loss: 1.0622  decode.loss_ohem: 0.7445  decode.acc_seg: 92.7609  aux_0.loss_ce: 0.3177  aux_0.acc_seg: 88.7105
2026/07/22 21:26:23 - mmengine - INFO - Iter(train) [108600/160000]  lr: 3.6462e-03  eta: 5:01:37  time: 0.3518  data_time: 0.0275  memory: 8740  loss: 1.0342  decode.loss_ohem: 0.7175  decode.acc_seg: 93.3324  aux_0.loss_ce: 0.3167  aux_0.acc_seg: 87.1446
2026/07/22 21:26:59 - mmengine - INFO - Iter(train) [108700/160000]  lr: 3.6398e-03  eta: 5:01:02  time: 0.3532  data_time: 0.0292  memory: 8738  loss: 0.9847  decode.loss_ohem: 0.6808  decode.acc_seg: 94.2803  aux_0.loss_ce: 0.3039  aux_0.acc_seg: 87.6596
2026/07/22 21:27:34 - mmengine - INFO - Iter(train) [108800/160000]  lr: 3.6334e-03  eta: 5:00:27  time: 0.3535  data_time: 0.0290  memory: 8739  loss: 1.2011  decode.loss_ohem: 0.8420  decode.acc_seg: 92.1941  aux_0.loss_ce: 0.3591  aux_0.acc_seg: 87.6161
2026/07/22 21:28:09 - mmengine - INFO - Iter(train) [108900/160000]  lr: 3.6271e-03  eta: 4:59:52  time: 0.3521  data_time: 0.0283  memory: 8738  loss: 1.0806  decode.loss_ohem: 0.7552  decode.acc_seg: 93.8416  aux_0.loss_ce: 0.3254  aux_0.acc_seg: 88.8632
2026/07/22 21:28:45 - mmengine - INFO - Exp name: dsanet_cityscapes_512x1024_20260722_104438
2026/07/22 21:28:45 - mmengine - INFO - Iter(train) [109000/160000]  lr: 3.6207e-03  eta: 4:59:16  time: 0.3582  data_time: 0.0335  memory: 8740  loss: 1.0254  decode.loss_ohem: 0.7230  decode.acc_seg: 93.6887  aux_0.loss_ce: 0.3024  aux_0.acc_seg: 89.7497
2026/07/22 21:29:20 - mmengine - INFO - Iter(train) [109100/160000]  lr: 3.6143e-03  eta: 4:58:41  time: 0.3519  data_time: 0.0287  memory: 8738  loss: 1.0918  decode.loss_ohem: 0.7706  decode.acc_seg: 93.6833  aux_0.loss_ce: 0.3212  aux_0.acc_seg: 89.5746
2026/07/22 21:29:56 - mmengine - INFO - Iter(train) [109200/160000]  lr: 3.6079e-03  eta: 4:58:06  time: 0.3553  data_time: 0.0298  memory: 8740  loss: 1.0896  decode.loss_ohem: 0.7579  decode.acc_seg: 92.2838  aux_0.loss_ce: 0.3317  aux_0.acc_seg: 89.2797
2026/07/22 21:30:31 - mmengine - INFO - Iter(train) [109300/160000]  lr: 3.6016e-03  eta: 4:57:31  time: 0.3529  data_time: 0.0293  memory: 8739  loss: 1.0779  decode.loss_ohem: 0.7652  decode.acc_seg: 92.0052  aux_0.loss_ce: 0.3127  aux_0.acc_seg: 88.5347
2026/07/22 21:31:07 - mmengine - INFO - Iter(train) [109400/160000]  lr: 3.5952e-03  eta: 4:56:56  time: 0.3546  data_time: 0.0303  memory: 8739  loss: 1.0448  decode.loss_ohem: 0.7501  decode.acc_seg: 92.9433  aux_0.loss_ce: 0.2947  aux_0.acc_seg: 86.7020
2026/07/22 21:31:42 - mmengine - INFO - Iter(train) [109500/160000]  lr: 3.5888e-03  eta: 4:56:21  time: 0.3531  data_time: 0.0285  memory: 8737  loss: 1.0148  decode.loss_ohem: 0.6997  decode.acc_seg: 93.1975  aux_0.loss_ce: 0.3151  aux_0.acc_seg: 90.6048
2026/07/22 21:32:17 - mmengine - INFO - Iter(train) [109600/160000]  lr: 3.5824e-03  eta: 4:55:46  time: 0.3530  data_time: 0.0287  memory: 8739  loss: 1.0617  decode.loss_ohem: 0.7207  decode.acc_seg: 92.9486  aux_0.loss_ce: 0.3410  aux_0.acc_seg: 88.8642
2026/07/22 21:32:53 - mmengine - INFO - Iter(train) [109700/160000]  lr: 3.5761e-03  eta: 4:55:11  time: 0.3553  data_time: 0.0313  memory: 8739  loss: 0.9833  decode.loss_ohem: 0.7005  decode.acc_seg: 92.6905  aux_0.loss_ce: 0.2827  aux_0.acc_seg: 89.3078
2026/07/22 21:33:28 - mmengine - INFO - Iter(train) [109800/160000]  lr: 3.5697e-03  eta: 4:54:35  time: 0.3526  data_time: 0.0289  memory: 8738  loss: 1.0937  decode.loss_ohem: 0.7693  decode.acc_seg: 90.3485  aux_0.loss_ce: 0.3244  aux_0.acc_seg: 86.7394
2026/07/22 21:34:03 - mmengine - INFO - Iter(train) [109900/160000]  lr: 3.5633e-03  eta: 4:54:00  time: 0.3532  data_time: 0.0300  memory: 8738  loss: 1.0598  decode.loss_ohem: 0.7380  decode.acc_seg: 92.6490  aux_0.loss_ce: 0.3219  aux_0.acc_seg: 88.9139
2026/07/22 21:34:39 - mmengine - INFO - Exp name: dsanet_cityscapes_512x1024_20260722_104438
2026/07/22 21:34:39 - mmengine - INFO - Iter(train) [110000/160000]  lr: 3.5569e-03  eta: 4:53:25  time: 0.3544  data_time: 0.0297  memory: 8739  loss: 1.1067  decode.loss_ohem: 0.7593  decode.acc_seg: 92.4671  aux_0.loss_ce: 0.3475  aux_0.acc_seg: 87.7744
2026/07/22 21:34:39 - mmengine - INFO - Saving checkpoint at 110000 iterations
2026/07/22 21:34:44 - mmengine - INFO - Iter(val) [100/250]    eta: 0:00:07  time: 0.0465  data_time: 0.0142  memory: 729  
2026/07/22 21:34:49 - mmengine - INFO - Iter(val) [200/250]    eta: 0:00:02  time: 0.0444  data_time: 0.0125  memory: 729  
2026/07/22 21:34:51 - mmengine - INFO - per class results:
2026/07/22 21:34:51 - mmengine - INFO - 
+---------------+-------+-------+
|     Class     |  IoU  |  Acc  |
+---------------+-------+-------+
|      road     | 97.14 | 97.92 |
|    sidewalk   | 79.51 | 90.86 |
|    building   | 89.52 | 96.58 |
|      wall     | 36.23 | 39.57 |
|     fence     | 51.54 | 69.23 |
|      pole     | 55.14 | 65.64 |
| traffic light | 46.05 | 50.54 |
|  traffic sign | 67.86 | 76.82 |
|   vegetation  | 90.15 | 94.29 |
|    terrain    |  55.4 | 74.79 |
|      sky      | 92.81 | 96.49 |
|     person    | 73.39 | 84.19 |
|     rider     | 51.76 |  68.4 |
|      car      | 92.05 | 96.57 |
|     truck     | 48.76 | 54.13 |
|      bus      | 74.58 | 85.94 |
|     train     | 62.36 | 78.99 |
|   motorcycle  | 45.07 | 54.17 |
|    bicycle    | 67.62 | 84.52 |
+---------------+-------+-------+
2026/07/22 21:34:51 - mmengine - INFO - Iter(val) [250/250]    aAcc: 94.3400  mIoU: 67.2100  mAcc: 76.8200  data_time: 0.0146  time: 0.0466
2026/07/22 21:35:26 - mmengine - INFO - Iter(train) [110100/160000]  lr: 3.5505e-03  eta: 4:52:50  time: 0.3549  data_time: 0.0302  memory: 8741  loss: 1.0332  decode.loss_ohem: 0.7282  decode.acc_seg: 94.3781  aux_0.loss_ce: 0.3050  aux_0.acc_seg: 92.4726
2026/07/22 21:36:02 - mmengine - INFO - Iter(train) [110200/160000]  lr: 3.5441e-03  eta: 4:52:15  time: 0.3532  data_time: 0.0290  memory: 8739  loss: 0.9762  decode.loss_ohem: 0.6790  decode.acc_seg: 92.3131  aux_0.loss_ce: 0.2971  aux_0.acc_seg: 90.7563
2026/07/22 21:36:37 - mmengine - INFO - Iter(train) [110300/160000]  lr: 3.5377e-03  eta: 4:51:40  time: 0.3552  data_time: 0.0303  memory: 8739  loss: 1.0782  decode.loss_ohem: 0.7569  decode.acc_seg: 92.5567  aux_0.loss_ce: 0.3213  aux_0.acc_seg: 90.8176
2026/07/22 21:37:13 - mmengine - INFO - Iter(train) [110400/160000]  lr: 3.5314e-03  eta: 4:51:04  time: 0.3523  data_time: 0.0284  memory: 8740  loss: 1.0874  decode.loss_ohem: 0.7581  decode.acc_seg: 93.3632  aux_0.loss_ce: 0.3293  aux_0.acc_seg: 88.8981
2026/07/22 21:37:48 - mmengine - INFO - Iter(train) [110500/160000]  lr: 3.5250e-03  eta: 4:50:29  time: 0.3536  data_time: 0.0293  memory: 8739  loss: 0.9825  decode.loss_ohem: 0.6894  decode.acc_seg: 93.4642  aux_0.loss_ce: 0.2931  aux_0.acc_seg: 86.8522
2026/07/22 21:38:23 - mmengine - INFO - Iter(train) [110600/160000]  lr: 3.5186e-03  eta: 4:49:54  time: 0.3542  data_time: 0.0299  memory: 8738  loss: 0.9668  decode.loss_ohem: 0.6782  decode.acc_seg: 94.3589  aux_0.loss_ce: 0.2886  aux_0.acc_seg: 89.8727
2026/07/22 21:38:59 - mmengine - INFO - Iter(train) [110700/160000]  lr: 3.5122e-03  eta: 4:49:19  time: 0.3573  data_time: 0.0322  memory: 8739  loss: 1.0223  decode.loss_ohem: 0.7284  decode.acc_seg: 90.4255  aux_0.loss_ce: 0.2939  aux_0.acc_seg: 88.9299
2026/07/22 21:39:34 - mmengine - INFO - Iter(train) [110800/160000]  lr: 3.5058e-03  eta: 4:48:44  time: 0.3561  data_time: 0.0311  memory: 8738  loss: 1.0488  decode.loss_ohem: 0.7407  decode.acc_seg: 92.3781  aux_0.loss_ce: 0.3081  aux_0.acc_seg: 87.4920
2026/07/22 21:40:10 - mmengine - INFO - Iter(train) [110900/160000]  lr: 3.4994e-03  eta: 4:48:09  time: 0.3519  data_time: 0.0290  memory: 8738  loss: 0.9904  decode.loss_ohem: 0.6874  decode.acc_seg: 92.7276  aux_0.loss_ce: 0.3030  aux_0.acc_seg: 90.6619
2026/07/22 21:40:45 - mmengine - INFO - Exp name: dsanet_cityscapes_512x1024_20260722_104438
2026/07/22 21:40:45 - mmengine - INFO - Iter(train) [111000/160000]  lr: 3.4930e-03  eta: 4:47:34  time: 0.3568  data_time: 0.0317  memory: 8738  loss: 1.0103  decode.loss_ohem: 0.6890  decode.acc_seg: 90.3501  aux_0.loss_ce: 0.3213  aux_0.acc_seg: 88.1344
2026/07/22 21:41:20 - mmengine - INFO - Iter(train) [111100/160000]  lr: 3.4866e-03  eta: 4:46:58  time: 0.3569  data_time: 0.0312  memory: 8738  loss: 1.0989  decode.loss_ohem: 0.7703  decode.acc_seg: 91.2777  aux_0.loss_ce: 0.3286  aux_0.acc_seg: 89.4434
2026/07/22 21:41:55 - mmengine - INFO - Iter(train) [111200/160000]  lr: 3.4802e-03  eta: 4:46:23  time: 0.3510  data_time: 0.0277  memory: 8738  loss: 1.0217  decode.loss_ohem: 0.6994  decode.acc_seg: 92.8119  aux_0.loss_ce: 0.3222  aux_0.acc_seg: 88.6734
2026/07/22 21:42:31 - mmengine - INFO - Iter(train) [111300/160000]  lr: 3.4738e-03  eta: 4:45:48  time: 0.3535  data_time: 0.0294  memory: 8738  loss: 1.0560  decode.loss_ohem: 0.7291  decode.acc_seg: 93.4892  aux_0.loss_ce: 0.3269  aux_0.acc_seg: 91.3689
2026/07/22 21:43:06 - mmengine - INFO - Iter(train) [111400/160000]  lr: 3.4674e-03  eta: 4:45:13  time: 0.3523  data_time: 0.0287  memory: 8738  loss: 1.0381  decode.loss_ohem: 0.7510  decode.acc_seg: 92.2853  aux_0.loss_ce: 0.2871  aux_0.acc_seg: 90.0769
2026/07/22 21:43:41 - mmengine - INFO - Iter(train) [111500/160000]  lr: 3.4610e-03  eta: 4:44:38  time: 0.3503  data_time: 0.0277  memory: 8738  loss: 1.0640  decode.loss_ohem: 0.7529  decode.acc_seg: 91.7135  aux_0.loss_ce: 0.3110  aux_0.acc_seg: 86.9530
2026/07/22 21:44:17 - mmengine - INFO - Iter(train) [111600/160000]  lr: 3.4546e-03  eta: 4:44:03  time: 0.3505  data_time: 0.0273  memory: 8738  loss: 1.1094  decode.loss_ohem: 0.7602  decode.acc_seg: 89.9026  aux_0.loss_ce: 0.3492  aux_0.acc_seg: 85.0163
2026/07/22 21:44:52 - mmengine - INFO - Iter(train) [111700/160000]  lr: 3.4482e-03  eta: 4:43:27  time: 0.3539  data_time: 0.0290  memory: 8738  loss: 1.0580  decode.loss_ohem: 0.7122  decode.acc_seg: 92.4680  aux_0.loss_ce: 0.3459  aux_0.acc_seg: 86.6177
2026/07/22 21:45:27 - mmengine - INFO - Iter(train) [111800/160000]  lr: 3.4418e-03  eta: 4:42:52  time: 0.3517  data_time: 0.0277  memory: 8738  loss: 1.0243  decode.loss_ohem: 0.7319  decode.acc_seg: 93.2783  aux_0.loss_ce: 0.2923  aux_0.acc_seg: 90.1178
2026/07/22 21:46:03 - mmengine - INFO - Iter(train) [111900/160000]  lr: 3.4354e-03  eta: 4:42:17  time: 0.3536  data_time: 0.0297  memory: 8739  loss: 1.0094  decode.loss_ohem: 0.7127  decode.acc_seg: 92.3330  aux_0.loss_ce: 0.2967  aux_0.acc_seg: 87.5629
2026/07/22 21:46:38 - mmengine - INFO - Exp name: dsanet_cityscapes_512x1024_20260722_104438
2026/07/22 21:46:38 - mmengine - INFO - Iter(train) [112000/160000]  lr: 3.4290e-03  eta: 4:41:42  time: 0.3525  data_time: 0.0283  memory: 8739  loss: 1.0491  decode.loss_ohem: 0.7308  decode.acc_seg: 92.6759  aux_0.loss_ce: 0.3183  aux_0.acc_seg: 87.9311
2026/07/22 21:47:13 - mmengine - INFO - Iter(train) [112100/160000]  lr: 3.4225e-03  eta: 4:41:07  time: 0.3560  data_time: 0.0311  memory: 8738  loss: 1.0650  decode.loss_ohem: 0.7577  decode.acc_seg: 93.8381  aux_0.loss_ce: 0.3074  aux_0.acc_seg: 90.6423
2026/07/22 21:47:49 - mmengine - INFO - Iter(train) [112200/160000]  lr: 3.4161e-03  eta: 4:40:31  time: 0.3509  data_time: 0.0272  memory: 8740  loss: 0.9906  decode.loss_ohem: 0.6753  decode.acc_seg: 92.3903  aux_0.loss_ce: 0.3153  aux_0.acc_seg: 86.5676
2026/07/22 21:48:24 - mmengine - INFO - Iter(train) [112300/160000]  lr: 3.4097e-03  eta: 4:39:56  time: 0.3525  data_time: 0.0295  memory: 8738  loss: 1.1290  decode.loss_ohem: 0.7947  decode.acc_seg: 93.0719  aux_0.loss_ce: 0.3343  aux_0.acc_seg: 88.9528
2026/07/22 21:48:59 - mmengine - INFO - Iter(train) [112400/160000]  lr: 3.4033e-03  eta: 4:39:21  time: 0.3579  data_time: 0.0291  memory: 8738  loss: 1.0585  decode.loss_ohem: 0.7626  decode.acc_seg: 91.9358  aux_0.loss_ce: 0.2959  aux_0.acc_seg: 86.9100
2026/07/22 21:49:35 - mmengine - INFO - Iter(train) [112500/160000]  lr: 3.3969e-03  eta: 4:38:46  time: 0.3567  data_time: 0.0319  memory: 8739  loss: 1.0382  decode.loss_ohem: 0.7281  decode.acc_seg: 93.9968  aux_0.loss_ce: 0.3101  aux_0.acc_seg: 91.0309
2026/07/22 21:50:10 - mmengine - INFO - Iter(train) [112600/160000]  lr: 3.3905e-03  eta: 4:38:11  time: 0.3529  data_time: 0.0294  memory: 8741  loss: 1.0117  decode.loss_ohem: 0.7255  decode.acc_seg: 89.4754  aux_0.loss_ce: 0.2862  aux_0.acc_seg: 85.7075
2026/07/22 21:50:45 - mmengine - INFO - Iter(train) [112700/160000]  lr: 3.3841e-03  eta: 4:37:36  time: 0.3514  data_time: 0.0277  memory: 8738  loss: 1.0551  decode.loss_ohem: 0.7184  decode.acc_seg: 92.3365  aux_0.loss_ce: 0.3367  aux_0.acc_seg: 87.9816
2026/07/22 21:51:21 - mmengine - INFO - Iter(train) [112800/160000]  lr: 3.3776e-03  eta: 4:37:00  time: 0.3527  data_time: 0.0294  memory: 8738  loss: 0.9889  decode.loss_ohem: 0.7008  decode.acc_seg: 92.3927  aux_0.loss_ce: 0.2880  aux_0.acc_seg: 88.7198
2026/07/22 21:51:56 - mmengine - INFO - Iter(train) [112900/160000]  lr: 3.3712e-03  eta: 4:36:25  time: 0.3516  data_time: 0.0283  memory: 8739  loss: 1.0812  decode.loss_ohem: 0.7645  decode.acc_seg: 93.1331  aux_0.loss_ce: 0.3167  aux_0.acc_seg: 90.5766
2026/07/22 21:52:31 - mmengine - INFO - Exp name: dsanet_cityscapes_512x1024_20260722_104438
2026/07/22 21:52:31 - mmengine - INFO - Iter(train) [113000/160000]  lr: 3.3648e-03  eta: 4:35:50  time: 0.3520  data_time: 0.0285  memory: 8738  loss: 1.0303  decode.loss_ohem: 0.7087  decode.acc_seg: 80.2209  aux_0.loss_ce: 0.3216  aux_0.acc_seg: 74.2864
2026/07/22 21:53:06 - mmengine - INFO - Iter(train) [113100/160000]  lr: 3.3584e-03  eta: 4:35:15  time: 0.3523  data_time: 0.0285  memory: 8738  loss: 1.0183  decode.loss_ohem: 0.6778  decode.acc_seg: 94.3008  aux_0.loss_ce: 0.3405  aux_0.acc_seg: 88.8710
2026/07/22 21:53:42 - mmengine - INFO - Iter(train) [113200/160000]  lr: 3.3519e-03  eta: 4:34:40  time: 0.3575  data_time: 0.0311  memory: 8738  loss: 1.0529  decode.loss_ohem: 0.7399  decode.acc_seg: 91.1568  aux_0.loss_ce: 0.3130  aux_0.acc_seg: 88.9232
2026/07/22 21:54:17 - mmengine - INFO - Iter(train) [113300/160000]  lr: 3.3455e-03  eta: 4:34:04  time: 0.3524  data_time: 0.0282  memory: 8739  loss: 1.1269  decode.loss_ohem: 0.7635  decode.acc_seg: 91.6545  aux_0.loss_ce: 0.3634  aux_0.acc_seg: 88.2201
2026/07/22 21:54:53 - mmengine - INFO - Iter(train) [113400/160000]  lr: 3.3391e-03  eta: 4:33:29  time: 0.3521  data_time: 0.0285  memory: 8739  loss: 0.9802  decode.loss_ohem: 0.6767  decode.acc_seg: 92.1208  aux_0.loss_ce: 0.3035  aux_0.acc_seg: 87.4697
2026/07/22 21:55:28 - mmengine - INFO - Iter(train) [113500/160000]  lr: 3.3326e-03  eta: 4:32:54  time: 0.3522  data_time: 0.0282  memory: 8738  loss: 1.0552  decode.loss_ohem: 0.7209  decode.acc_seg: 92.9147  aux_0.loss_ce: 0.3343  aux_0.acc_seg: 88.0686
2026/07/22 21:56:03 - mmengine - INFO - Iter(train) [113600/160000]  lr: 3.3262e-03  eta: 4:32:19  time: 0.3512  data_time: 0.0284  memory: 8739  loss: 1.0854  decode.loss_ohem: 0.7459  decode.acc_seg: 93.3947  aux_0.loss_ce: 0.3395  aux_0.acc_seg: 90.7429
2026/07/22 21:56:39 - mmengine - INFO - Iter(train) [113700/160000]  lr: 3.3198e-03  eta: 4:31:44  time: 0.3531  data_time: 0.0284  memory: 8738  loss: 1.0027  decode.loss_ohem: 0.6982  decode.acc_seg: 91.8885  aux_0.loss_ce: 0.3045  aux_0.acc_seg: 89.4337
2026/07/22 21:57:14 - mmengine - INFO - Iter(train) [113800/160000]  lr: 3.3133e-03  eta: 4:31:09  time: 0.3542  data_time: 0.0298  memory: 8739  loss: 1.0352  decode.loss_ohem: 0.7149  decode.acc_seg: 89.6880  aux_0.loss_ce: 0.3203  aux_0.acc_seg: 85.5845
2026/07/22 21:57:49 - mmengine - INFO - Iter(train) [113900/160000]  lr: 3.3069e-03  eta: 4:30:34  time: 0.3556  data_time: 0.0301  memory: 8739  loss: 1.0142  decode.loss_ohem: 0.7004  decode.acc_seg: 89.8910  aux_0.loss_ce: 0.3139  aux_0.acc_seg: 85.4973
2026/07/22 21:58:25 - mmengine - INFO - Exp name: dsanet_cityscapes_512x1024_20260722_104438
2026/07/22 21:58:25 - mmengine - INFO - Iter(train) [114000/160000]  lr: 3.3005e-03  eta: 4:29:58  time: 0.3584  data_time: 0.0323  memory: 8738  loss: 1.0461  decode.loss_ohem: 0.7255  decode.acc_seg: 94.0495  aux_0.loss_ce: 0.3206  aux_0.acc_seg: 89.0987
2026/07/22 21:59:00 - mmengine - INFO - Iter(train) [114100/160000]  lr: 3.2940e-03  eta: 4:29:23  time: 0.3543  data_time: 0.0297  memory: 8738  loss: 1.0173  decode.loss_ohem: 0.7169  decode.acc_seg: 92.7851  aux_0.loss_ce: 0.3003  aux_0.acc_seg: 85.7076
2026/07/22 21:59:36 - mmengine - INFO - Iter(train) [114200/160000]  lr: 3.2876e-03  eta: 4:28:48  time: 0.3569  data_time: 0.0324  memory: 8738  loss: 0.9758  decode.loss_ohem: 0.6819  decode.acc_seg: 94.5754  aux_0.loss_ce: 0.2940  aux_0.acc_seg: 91.3202
2026/07/22 22:00:11 - mmengine - INFO - Iter(train) [114300/160000]  lr: 3.2812e-03  eta: 4:28:13  time: 0.3525  data_time: 0.0284  memory: 8739  loss: 1.0361  decode.loss_ohem: 0.7262  decode.acc_seg: 92.6867  aux_0.loss_ce: 0.3099  aux_0.acc_seg: 88.3233
2026/07/22 22:00:47 - mmengine - INFO - Iter(train) [114400/160000]  lr: 3.2747e-03  eta: 4:27:38  time: 0.3558  data_time: 0.0299  memory: 8739  loss: 1.0398  decode.loss_ohem: 0.7168  decode.acc_seg: 92.7645  aux_0.loss_ce: 0.3230  aux_0.acc_seg: 89.6460
2026/07/22 22:01:22 - mmengine - INFO - Iter(train) [114500/160000]  lr: 3.2683e-03  eta: 4:27:03  time: 0.3532  data_time: 0.0288  memory: 8739  loss: 1.0417  decode.loss_ohem: 0.7144  decode.acc_seg: 90.8689  aux_0.loss_ce: 0.3273  aux_0.acc_seg: 87.3110
2026/07/22 22:01:57 - mmengine - INFO - Iter(train) [114600/160000]  lr: 3.2618e-03  eta: 4:26:27  time: 0.3489  data_time: 0.0261  memory: 8738  loss: 1.0165  decode.loss_ohem: 0.7067  decode.acc_seg: 93.5270  aux_0.loss_ce: 0.3098  aux_0.acc_seg: 87.4569
2026/07/22 22:02:33 - mmengine - INFO - Iter(train) [114700/160000]  lr: 3.2554e-03  eta: 4:25:52  time: 0.3524  data_time: 0.0288  memory: 8738  loss: 1.0523  decode.loss_ohem: 0.7457  decode.acc_seg: 92.7627  aux_0.loss_ce: 0.3065  aux_0.acc_seg: 90.5599
2026/07/22 22:03:08 - mmengine - INFO - Iter(train) [114800/160000]  lr: 3.2489e-03  eta: 4:25:17  time: 0.3533  data_time: 0.0296  memory: 8738  loss: 0.9577  decode.loss_ohem: 0.6844  decode.acc_seg: 92.9376  aux_0.loss_ce: 0.2733  aux_0.acc_seg: 90.0311
2026/07/22 22:03:43 - mmengine - INFO - Iter(train) [114900/160000]  lr: 3.2425e-03  eta: 4:24:42  time: 0.3547  data_time: 0.0301  memory: 8741  loss: 0.9952  decode.loss_ohem: 0.6694  decode.acc_seg: 92.9936  aux_0.loss_ce: 0.3258  aux_0.acc_seg: 87.3459
2026/07/22 22:04:18 - mmengine - INFO - Exp name: dsanet_cityscapes_512x1024_20260722_104438
2026/07/22 22:04:18 - mmengine - INFO - Iter(train) [115000/160000]  lr: 3.2360e-03  eta: 4:24:07  time: 0.3506  data_time: 0.0271  memory: 8738  loss: 1.1379  decode.loss_ohem: 0.8133  decode.acc_seg: 88.0094  aux_0.loss_ce: 0.3246  aux_0.acc_seg: 84.5226
2026/07/22 22:04:18 - mmengine - INFO - Saving checkpoint at 115000 iterations
2026/07/22 22:04:24 - mmengine - INFO - Iter(val) [100/250]    eta: 0:00:07  time: 0.0454  data_time: 0.0139  memory: 729  
2026/07/22 22:04:28 - mmengine - INFO - Iter(val) [200/250]    eta: 0:00:02  time: 0.0437  data_time: 0.0113  memory: 729  
2026/07/22 22:04:31 - mmengine - INFO - per class results:
2026/07/22 22:04:31 - mmengine - INFO - 
+---------------+-------+-------+
|     Class     |  IoU  |  Acc  |
+---------------+-------+-------+
|      road     |  97.1 | 97.94 |
|    sidewalk   | 78.94 | 91.34 |
|    building   | 89.48 | 94.36 |
|      wall     |  41.9 | 47.35 |
|     fence     |  50.8 | 73.76 |
|      pole     | 55.31 | 70.02 |
| traffic light |  51.6 |  62.3 |
|  traffic sign | 66.88 | 80.33 |
|   vegetation  |  90.4 | 95.64 |
|    terrain    | 61.33 | 72.17 |
|      sky      | 92.85 |  97.2 |
|     person    | 73.79 |  88.5 |
|     rider     | 51.42 | 61.71 |
|      car      | 92.17 | 96.11 |
|     truck     | 48.48 | 56.66 |
|      bus      | 61.74 | 72.38 |
|     train     | 43.66 | 86.01 |
|   motorcycle  | 44.39 | 53.03 |
|    bicycle    | 67.93 | 83.83 |
+---------------+-------+-------+
2026/07/22 22:04:31 - mmengine - INFO - Iter(val) [250/250]    aAcc: 94.3000  mIoU: 66.3200  mAcc: 77.9300  data_time: 0.0141  time: 0.0460
2026/07/22 22:05:06 - mmengine - INFO - Iter(train) [115100/160000]  lr: 3.2296e-03  eta: 4:23:32  time: 0.3526  data_time: 0.0279  memory: 8738  loss: 0.9414  decode.loss_ohem: 0.6647  decode.acc_seg: 94.5927  aux_0.loss_ce: 0.2768  aux_0.acc_seg: 89.8558
2026/07/22 22:05:41 - mmengine - INFO - Iter(train) [115200/160000]  lr: 3.2231e-03  eta: 4:22:56  time: 0.3550  data_time: 0.0308  memory: 8739  loss: 0.9887  decode.loss_ohem: 0.6874  decode.acc_seg: 93.3635  aux_0.loss_ce: 0.3013  aux_0.acc_seg: 89.1050
2026/07/22 22:06:17 - mmengine - INFO - Iter(train) [115300/160000]  lr: 3.2167e-03  eta: 4:22:21  time: 0.3582  data_time: 0.0334  memory: 8739  loss: 1.0578  decode.loss_ohem: 0.7487  decode.acc_seg: 94.5934  aux_0.loss_ce: 0.3091  aux_0.acc_seg: 89.0866
2026/07/22 22:06:52 - mmengine - INFO - Iter(train) [115400/160000]  lr: 3.2102e-03  eta: 4:21:46  time: 0.3508  data_time: 0.0276  memory: 8740  loss: 1.0512  decode.loss_ohem: 0.7500  decode.acc_seg: 94.1197  aux_0.loss_ce: 0.3012  aux_0.acc_seg: 91.5501
2026/07/22 22:07:27 - mmengine - INFO - Iter(train) [115500/160000]  lr: 3.2037e-03  eta: 4:21:11  time: 0.3551  data_time: 0.0309  memory: 8739  loss: 0.9402  decode.loss_ohem: 0.6502  decode.acc_seg: 90.3081  aux_0.loss_ce: 0.2900  aux_0.acc_seg: 85.7599
2026/07/22 22:08:03 - mmengine - INFO - Iter(train) [115600/160000]  lr: 3.1973e-03  eta: 4:20:36  time: 0.3529  data_time: 0.0281  memory: 8739  loss: 1.0652  decode.loss_ohem: 0.7165  decode.acc_seg: 91.8375  aux_0.loss_ce: 0.3486  aux_0.acc_seg: 90.3057
2026/07/22 22:08:38 - mmengine - INFO - Iter(train) [115700/160000]  lr: 3.1908e-03  eta: 4:20:00  time: 0.3538  data_time: 0.0291  memory: 8739  loss: 1.0374  decode.loss_ohem: 0.7248  decode.acc_seg: 94.2543  aux_0.loss_ce: 0.3126  aux_0.acc_seg: 89.7896
2026/07/22 22:09:13 - mmengine - INFO - Iter(train) [115800/160000]  lr: 3.1844e-03  eta: 4:19:25  time: 0.3518  data_time: 0.0280  memory: 8738  loss: 1.0593  decode.loss_ohem: 0.7378  decode.acc_seg: 92.9929  aux_0.loss_ce: 0.3215  aux_0.acc_seg: 89.1941
2026/07/22 22:09:49 - mmengine - INFO - Iter(train) [115900/160000]  lr: 3.1779e-03  eta: 4:18:50  time: 0.3536  data_time: 0.0300  memory: 8738  loss: 1.0665  decode.loss_ohem: 0.7592  decode.acc_seg: 93.4670  aux_0.loss_ce: 0.3073  aux_0.acc_seg: 90.5796
2026/07/22 22:10:24 - mmengine - INFO - Exp name: dsanet_cityscapes_512x1024_20260722_104438
2026/07/22 22:10:24 - mmengine - INFO - Iter(train) [116000/160000]  lr: 3.1714e-03  eta: 4:18:15  time: 0.3538  data_time: 0.0297  memory: 8739  loss: 1.0334  decode.loss_ohem: 0.7078  decode.acc_seg: 91.2544  aux_0.loss_ce: 0.3256  aux_0.acc_seg: 87.6199
2026/07/22 22:11:00 - mmengine - INFO - Iter(train) [116100/160000]  lr: 3.1650e-03  eta: 4:17:40  time: 0.3574  data_time: 0.0325  memory: 8738  loss: 1.1085  decode.loss_ohem: 0.7953  decode.acc_seg: 91.1930  aux_0.loss_ce: 0.3132  aux_0.acc_seg: 87.5659
2026/07/22 22:11:35 - mmengine - INFO - Iter(train) [116200/160000]  lr: 3.1585e-03  eta: 4:17:05  time: 0.3561  data_time: 0.0317  memory: 8738  loss: 1.0391  decode.loss_ohem: 0.7158  decode.acc_seg: 93.6425  aux_0.loss_ce: 0.3233  aux_0.acc_seg: 88.9459
2026/07/22 22:12:10 - mmengine - INFO - Iter(train) [116300/160000]  lr: 3.1520e-03  eta: 4:16:29  time: 0.3531  data_time: 0.0289  memory: 8738  loss: 1.0410  decode.loss_ohem: 0.7287  decode.acc_seg: 88.5532  aux_0.loss_ce: 0.3123  aux_0.acc_seg: 84.7912
2026/07/22 22:12:46 - mmengine - INFO - Iter(train) [116400/160000]  lr: 3.1456e-03  eta: 4:15:54  time: 0.3533  data_time: 0.0290  memory: 8740  loss: 0.9977  decode.loss_ohem: 0.6893  decode.acc_seg: 92.1794  aux_0.loss_ce: 0.3084  aux_0.acc_seg: 88.2246
2026/07/22 22:13:21 - mmengine - INFO - Iter(train) [116500/160000]  lr: 3.1391e-03  eta: 4:15:19  time: 0.3516  data_time: 0.0279  memory: 8739  loss: 1.0765  decode.loss_ohem: 0.7445  decode.acc_seg: 90.1435  aux_0.loss_ce: 0.3321  aux_0.acc_seg: 84.7573
2026/07/22 22:13:56 - mmengine - INFO - Iter(train) [116600/160000]  lr: 3.1326e-03  eta: 4:14:44  time: 0.3517  data_time: 0.0285  memory: 8737  loss: 1.0202  decode.loss_ohem: 0.7052  decode.acc_seg: 90.9710  aux_0.loss_ce: 0.3150  aux_0.acc_seg: 83.1966
2026/07/22 22:14:31 - mmengine - INFO - Iter(train) [116700/160000]  lr: 3.1261e-03  eta: 4:14:09  time: 0.3514  data_time: 0.0279  memory: 8738  loss: 0.9736  decode.loss_ohem: 0.6777  decode.acc_seg: 93.0332  aux_0.loss_ce: 0.2959  aux_0.acc_seg: 88.7517
2026/07/22 22:15:07 - mmengine - INFO - Iter(train) [116800/160000]  lr: 3.1197e-03  eta: 4:13:33  time: 0.3508  data_time: 0.0274  memory: 8738  loss: 1.0514  decode.loss_ohem: 0.7575  decode.acc_seg: 93.1736  aux_0.loss_ce: 0.2938  aux_0.acc_seg: 89.3459
2026/07/22 22:15:42 - mmengine - INFO - Iter(train) [116900/160000]  lr: 3.1132e-03  eta: 4:12:58  time: 0.3528  data_time: 0.0285  memory: 8741  loss: 1.0319  decode.loss_ohem: 0.6921  decode.acc_seg: 91.7501  aux_0.loss_ce: 0.3398  aux_0.acc_seg: 85.8296
2026/07/22 22:16:18 - mmengine - INFO - Exp name: dsanet_cityscapes_512x1024_20260722_104438
2026/07/22 22:16:18 - mmengine - INFO - Iter(train) [117000/160000]  lr: 3.1067e-03  eta: 4:12:23  time: 0.3526  data_time: 0.0289  memory: 8739  loss: 1.0186  decode.loss_ohem: 0.7026  decode.acc_seg: 93.7869  aux_0.loss_ce: 0.3160  aux_0.acc_seg: 91.5895
2026/07/22 22:16:53 - mmengine - INFO - Iter(train) [117100/160000]  lr: 3.1002e-03  eta: 4:11:48  time: 0.3525  data_time: 0.0293  memory: 8738  loss: 0.9950  decode.loss_ohem: 0.6916  decode.acc_seg: 91.4445  aux_0.loss_ce: 0.3034  aux_0.acc_seg: 87.6344
2026/07/22 22:17:28 - mmengine - INFO - Iter(train) [117200/160000]  lr: 3.0937e-03  eta: 4:11:13  time: 0.3554  data_time: 0.0282  memory: 8739  loss: 1.0371  decode.loss_ohem: 0.7275  decode.acc_seg: 94.3181  aux_0.loss_ce: 0.3096  aux_0.acc_seg: 91.4511
2026/07/22 22:18:04 - mmengine - INFO - Iter(train) [117300/160000]  lr: 3.0872e-03  eta: 4:10:38  time: 0.3477  data_time: 0.0285  memory: 8741  loss: 1.0399  decode.loss_ohem: 0.7239  decode.acc_seg: 93.1471  aux_0.loss_ce: 0.3161  aux_0.acc_seg: 91.1952
2026/07/22 22:18:39 - mmengine - INFO - Iter(train) [117400/160000]  lr: 3.0808e-03  eta: 4:10:02  time: 0.3609  data_time: 0.0305  memory: 8739  loss: 1.0490  decode.loss_ohem: 0.7079  decode.acc_seg: 92.5768  aux_0.loss_ce: 0.3411  aux_0.acc_seg: 86.2143
2026/07/22 22:19:14 - mmengine - INFO - Iter(train) [117500/160000]  lr: 3.0743e-03  eta: 4:09:27  time: 0.3524  data_time: 0.0293  memory: 8739  loss: 0.9982  decode.loss_ohem: 0.7044  decode.acc_seg: 92.8587  aux_0.loss_ce: 0.2938  aux_0.acc_seg: 89.8719
2026/07/22 22:19:50 - mmengine - INFO - Iter(train) [117600/160000]  lr: 3.0678e-03  eta: 4:08:52  time: 0.3511  data_time: 0.0285  memory: 8739  loss: 1.0576  decode.loss_ohem: 0.7350  decode.acc_seg: 91.7572  aux_0.loss_ce: 0.3226  aux_0.acc_seg: 86.0012
2026/07/22 22:20:25 - mmengine - INFO - Iter(train) [117700/160000]  lr: 3.0613e-03  eta: 4:08:17  time: 0.3524  data_time: 0.0287  memory: 8739  loss: 1.0023  decode.loss_ohem: 0.6954  decode.acc_seg: 93.9662  aux_0.loss_ce: 0.3069  aux_0.acc_seg: 90.0020
2026/07/22 22:21:00 - mmengine - INFO - Iter(train) [117800/160000]  lr: 3.0548e-03  eta: 4:07:42  time: 0.3535  data_time: 0.0291  memory: 8739  loss: 1.0431  decode.loss_ohem: 0.7208  decode.acc_seg: 92.8245  aux_0.loss_ce: 0.3223  aux_0.acc_seg: 85.0019
2026/07/22 22:21:36 - mmengine - INFO - Iter(train) [117900/160000]  lr: 3.0483e-03  eta: 4:07:06  time: 0.3510  data_time: 0.0275  memory: 8739  loss: 0.9980  decode.loss_ohem: 0.7064  decode.acc_seg: 94.3313  aux_0.loss_ce: 0.2915  aux_0.acc_seg: 90.7543
2026/07/22 22:22:11 - mmengine - INFO - Exp name: dsanet_cityscapes_512x1024_20260722_104438
2026/07/22 22:22:11 - mmengine - INFO - Iter(train) [118000/160000]  lr: 3.0418e-03  eta: 4:06:31  time: 0.3520  data_time: 0.0285  memory: 8739  loss: 1.0288  decode.loss_ohem: 0.7248  decode.acc_seg: 92.4398  aux_0.loss_ce: 0.3040  aux_0.acc_seg: 90.8038
2026/07/22 22:22:46 - mmengine - INFO - Iter(train) [118100/160000]  lr: 3.0353e-03  eta: 4:05:56  time: 0.3528  data_time: 0.0290  memory: 8738  loss: 1.0113  decode.loss_ohem: 0.6930  decode.acc_seg: 94.6174  aux_0.loss_ce: 0.3184  aux_0.acc_seg: 91.8383
2026/07/22 22:23:21 - mmengine - INFO - Iter(train) [118200/160000]  lr: 3.0288e-03  eta: 4:05:21  time: 0.3504  data_time: 0.0273  memory: 8740  loss: 1.0468  decode.loss_ohem: 0.7079  decode.acc_seg: 93.6656  aux_0.loss_ce: 0.3389  aux_0.acc_seg: 89.5895
2026/07/22 22:23:56 - mmengine - INFO - Iter(train) [118300/160000]  lr: 3.0223e-03  eta: 4:04:46  time: 0.3520  data_time: 0.0287  memory: 8738  loss: 1.1162  decode.loss_ohem: 0.7824  decode.acc_seg: 92.4468  aux_0.loss_ce: 0.3338  aux_0.acc_seg: 87.8797
2026/07/22 22:24:32 - mmengine - INFO - Iter(train) [118400/160000]  lr: 3.0158e-03  eta: 4:04:10  time: 0.3542  data_time: 0.0302  memory: 8737  loss: 1.0315  decode.loss_ohem: 0.7216  decode.acc_seg: 94.1448  aux_0.loss_ce: 0.3099  aux_0.acc_seg: 89.8792
2026/07/22 22:25:07 - mmengine - INFO - Iter(train) [118500/160000]  lr: 3.0093e-03  eta: 4:03:35  time: 0.3534  data_time: 0.0302  memory: 8737  loss: 1.0362  decode.loss_ohem: 0.7075  decode.acc_seg: 92.8930  aux_0.loss_ce: 0.3286  aux_0.acc_seg: 88.0659
2026/07/22 22:25:42 - mmengine - INFO - Iter(train) [118600/160000]  lr: 3.0028e-03  eta: 4:03:00  time: 0.3513  data_time: 0.0283  memory: 8738  loss: 1.0461  decode.loss_ohem: 0.7404  decode.acc_seg: 88.9524  aux_0.loss_ce: 0.3056  aux_0.acc_seg: 82.8797
2026/07/22 22:26:17 - mmengine - INFO - Iter(train) [118700/160000]  lr: 2.9963e-03  eta: 4:02:25  time: 0.3516  data_time: 0.0279  memory: 8738  loss: 1.0448  decode.loss_ohem: 0.7148  decode.acc_seg: 93.6203  aux_0.loss_ce: 0.3300  aux_0.acc_seg: 89.5073
2026/07/22 22:26:52 - mmengine - INFO - Iter(train) [118800/160000]  lr: 2.9898e-03  eta: 4:01:49  time: 0.3528  data_time: 0.0288  memory: 8738  loss: 1.0846  decode.loss_ohem: 0.7457  decode.acc_seg: 88.8817  aux_0.loss_ce: 0.3389  aux_0.acc_seg: 84.9618
2026/07/22 22:27:28 - mmengine - INFO - Iter(train) [118900/160000]  lr: 2.9833e-03  eta: 4:01:14  time: 0.3529  data_time: 0.0290  memory: 8739  loss: 1.0577  decode.loss_ohem: 0.7442  decode.acc_seg: 93.4844  aux_0.loss_ce: 0.3136  aux_0.acc_seg: 91.0170
2026/07/22 22:28:03 - mmengine - INFO - Exp name: dsanet_cityscapes_512x1024_20260722_104438
2026/07/22 22:28:03 - mmengine - INFO - Iter(train) [119000/160000]  lr: 2.9768e-03  eta: 4:00:39  time: 0.3513  data_time: 0.0286  memory: 8739  loss: 1.0311  decode.loss_ohem: 0.7255  decode.acc_seg: 93.5078  aux_0.loss_ce: 0.3055  aux_0.acc_seg: 88.9891
2026/07/22 22:28:38 - mmengine - INFO - Iter(train) [119100/160000]  lr: 2.9702e-03  eta: 4:00:04  time: 0.3528  data_time: 0.0284  memory: 8738  loss: 0.9612  decode.loss_ohem: 0.6672  decode.acc_seg: 91.0860  aux_0.loss_ce: 0.2940  aux_0.acc_seg: 86.0988
2026/07/22 22:29:13 - mmengine - INFO - Iter(train) [119200/160000]  lr: 2.9637e-03  eta: 3:59:29  time: 0.3508  data_time: 0.0269  memory: 8739  loss: 1.0134  decode.loss_ohem: 0.7007  decode.acc_seg: 92.5210  aux_0.loss_ce: 0.3127  aux_0.acc_seg: 89.3341
2026/07/22 22:29:49 - mmengine - INFO - Iter(train) [119300/160000]  lr: 2.9572e-03  eta: 3:58:53  time: 0.3522  data_time: 0.0283  memory: 8739  loss: 1.0725  decode.loss_ohem: 0.7344  decode.acc_seg: 90.3718  aux_0.loss_ce: 0.3382  aux_0.acc_seg: 87.8453
2026/07/22 22:30:24 - mmengine - INFO - Iter(train) [119400/160000]  lr: 2.9507e-03  eta: 3:58:18  time: 0.3518  data_time: 0.0284  memory: 8739  loss: 1.0450  decode.loss_ohem: 0.7463  decode.acc_seg: 93.0115  aux_0.loss_ce: 0.2987  aux_0.acc_seg: 88.7844
2026/07/22 22:30:59 - mmengine - INFO - Iter(train) [119500/160000]  lr: 2.9442e-03  eta: 3:57:43  time: 0.3516  data_time: 0.0285  memory: 8739  loss: 0.9779  decode.loss_ohem: 0.7005  decode.acc_seg: 94.0179  aux_0.loss_ce: 0.2773  aux_0.acc_seg: 90.9601
2026/07/22 22:31:34 - mmengine - INFO - Iter(train) [119600/160000]  lr: 2.9377e-03  eta: 3:57:08  time: 0.3530  data_time: 0.0284  memory: 8738  loss: 1.0466  decode.loss_ohem: 0.7234  decode.acc_seg: 89.2878  aux_0.loss_ce: 0.3231  aux_0.acc_seg: 87.0097
2026/07/22 22:32:09 - mmengine - INFO - Iter(train) [119700/160000]  lr: 2.9311e-03  eta: 3:56:32  time: 0.3510  data_time: 0.0278  memory: 8738  loss: 1.0013  decode.loss_ohem: 0.7036  decode.acc_seg: 92.9657  aux_0.loss_ce: 0.2976  aux_0.acc_seg: 88.4054
2026/07/22 22:32:45 - mmengine - INFO - Iter(train) [119800/160000]  lr: 2.9246e-03  eta: 3:55:57  time: 0.3525  data_time: 0.0289  memory: 8738  loss: 0.9739  decode.loss_ohem: 0.6718  decode.acc_seg: 93.8838  aux_0.loss_ce: 0.3022  aux_0.acc_seg: 90.0397
2026/07/22 22:33:20 - mmengine - INFO - Iter(train) [119900/160000]  lr: 2.9181e-03  eta: 3:55:22  time: 0.3510  data_time: 0.0276  memory: 8739  loss: 1.0399  decode.loss_ohem: 0.7138  decode.acc_seg: 93.4723  aux_0.loss_ce: 0.3261  aux_0.acc_seg: 88.8936
2026/07/22 22:33:55 - mmengine - INFO - Exp name: dsanet_cityscapes_512x1024_20260722_104438
2026/07/22 22:33:55 - mmengine - INFO - Iter(train) [120000/160000]  lr: 2.9116e-03  eta: 3:54:47  time: 0.3529  data_time: 0.0293  memory: 8738  loss: 0.9607  decode.loss_ohem: 0.6541  decode.acc_seg: 89.3646  aux_0.loss_ce: 0.3066  aux_0.acc_seg: 84.9561
2026/07/22 22:33:55 - mmengine - INFO - Saving checkpoint at 120000 iterations
2026/07/22 22:34:00 - mmengine - INFO - Iter(val) [100/250]    eta: 0:00:07  time: 0.0443  data_time: 0.0120  memory: 729  
2026/07/22 22:34:05 - mmengine - INFO - Iter(val) [200/250]    eta: 0:00:02  time: 0.0424  data_time: 0.0100  memory: 729  
2026/07/22 22:34:07 - mmengine - INFO - per class results:
2026/07/22 22:34:07 - mmengine - INFO - 
+---------------+-------+-------+
|     Class     |  IoU  |  Acc  |
+---------------+-------+-------+
|      road     | 97.38 | 98.46 |
|    sidewalk   | 80.18 | 89.84 |
|    building   | 89.74 | 95.58 |
|      wall     |  37.8 | 42.35 |
|     fence     | 47.93 | 60.88 |
|      pole     | 56.79 | 67.49 |
| traffic light | 54.27 | 66.68 |
|  traffic sign | 68.73 | 77.83 |
|   vegetation  | 90.66 | 95.37 |
|    terrain    | 58.83 | 76.08 |
|      sky      |  93.1 | 96.82 |
|     person    | 74.12 | 88.96 |
|     rider     | 48.86 |  59.4 |
|      car      | 92.57 | 96.33 |
|     truck     | 49.97 | 67.37 |
|      bus      | 67.31 | 92.82 |
|     train     | 38.46 | 42.57 |
|   motorcycle  | 38.99 | 45.97 |
|    bicycle    | 69.87 | 82.28 |
+---------------+-------+-------+
2026/07/22 22:34:07 - mmengine - INFO - Iter(val) [250/250]    aAcc: 94.5300  mIoU: 66.0800  mAcc: 75.9500  data_time: 0.0132  time: 0.0451
2026/07/22 22:34:42 - mmengine - INFO - Iter(train) [120100/160000]  lr: 2.9050e-03  eta: 3:54:11  time: 0.3515  data_time: 0.0273  memory: 8739  loss: 0.9877  decode.loss_ohem: 0.6858  decode.acc_seg: 93.5664  aux_0.loss_ce: 0.3020  aux_0.acc_seg: 90.7366
2026/07/22 22:35:17 - mmengine - INFO - Iter(train) [120200/160000]  lr: 2.8985e-03  eta: 3:53:36  time: 0.3515  data_time: 0.0285  memory: 8739  loss: 0.9972  decode.loss_ohem: 0.7155  decode.acc_seg: 92.0711  aux_0.loss_ce: 0.2817  aux_0.acc_seg: 89.0486
2026/07/22 22:35:53 - mmengine - INFO - Iter(train) [120300/160000]  lr: 2.8920e-03  eta: 3:53:01  time: 0.3507  data_time: 0.0276  memory: 8738  loss: 1.0254  decode.loss_ohem: 0.7146  decode.acc_seg: 93.3111  aux_0.loss_ce: 0.3108  aux_0.acc_seg: 89.6130
2026/07/22 22:36:28 - mmengine - INFO - Iter(train) [120400/160000]  lr: 2.8854e-03  eta: 3:52:26  time: 0.3517  data_time: 0.0280  memory: 8740  loss: 1.0301  decode.loss_ohem: 0.7123  decode.acc_seg: 93.2899  aux_0.loss_ce: 0.3178  aux_0.acc_seg: 90.1550
2026/07/22 22:37:03 - mmengine - INFO - Iter(train) [120500/160000]  lr: 2.8789e-03  eta: 3:51:51  time: 0.3517  data_time: 0.0286  memory: 8740  loss: 0.9971  decode.loss_ohem: 0.6911  decode.acc_seg: 91.8511  aux_0.loss_ce: 0.3060  aux_0.acc_seg: 86.3420
2026/07/22 22:37:39 - mmengine - INFO - Iter(train) [120600/160000]  lr: 2.8724e-03  eta: 3:51:15  time: 0.3533  data_time: 0.0288  memory: 8738  loss: 1.0102  decode.loss_ohem: 0.7195  decode.acc_seg: 90.6028  aux_0.loss_ce: 0.2907  aux_0.acc_seg: 83.7052
2026/07/22 22:38:14 - mmengine - INFO - Iter(train) [120700/160000]  lr: 2.8658e-03  eta: 3:50:40  time: 0.3528  data_time: 0.0291  memory: 8738  loss: 1.0023  decode.loss_ohem: 0.7162  decode.acc_seg: 93.7113  aux_0.loss_ce: 0.2861  aux_0.acc_seg: 89.5906
2026/07/22 22:38:49 - mmengine - INFO - Iter(train) [120800/160000]  lr: 2.8593e-03  eta: 3:50:05  time: 0.3497  data_time: 0.0257  memory: 8738  loss: 1.0599  decode.loss_ohem: 0.7614  decode.acc_seg: 93.5830  aux_0.loss_ce: 0.2984  aux_0.acc_seg: 89.8817
2026/07/22 22:39:24 - mmengine - INFO - Iter(train) [120900/160000]  lr: 2.8527e-03  eta: 3:49:30  time: 0.3519  data_time: 0.0284  memory: 8738  loss: 1.0682  decode.loss_ohem: 0.7508  decode.acc_seg: 93.2203  aux_0.loss_ce: 0.3174  aux_0.acc_seg: 89.3678
2026/07/22 22:40:00 - mmengine - INFO - Exp name: dsanet_cityscapes_512x1024_20260722_104438
2026/07/22 22:40:00 - mmengine - INFO - Iter(train) [121000/160000]  lr: 2.8462e-03  eta: 3:48:55  time: 0.3522  data_time: 0.0286  memory: 8739  loss: 1.0661  decode.loss_ohem: 0.7554  decode.acc_seg: 90.7330  aux_0.loss_ce: 0.3107  aux_0.acc_seg: 85.1483
2026/07/22 22:40:35 - mmengine - INFO - Iter(train) [121100/160000]  lr: 2.8396e-03  eta: 3:48:19  time: 0.3519  data_time: 0.0284  memory: 8739  loss: 0.9629  decode.loss_ohem: 0.6730  decode.acc_seg: 92.6809  aux_0.loss_ce: 0.2899  aux_0.acc_seg: 89.3590
2026/07/22 22:41:10 - mmengine - INFO - Iter(train) [121200/160000]  lr: 2.8331e-03  eta: 3:47:44  time: 0.3520  data_time: 0.0283  memory: 8738  loss: 1.1113  decode.loss_ohem: 0.7901  decode.acc_seg: 90.2768  aux_0.loss_ce: 0.3212  aux_0.acc_seg: 86.4207
2026/07/22 22:41:45 - mmengine - INFO - Iter(train) [121300/160000]  lr: 2.8265e-03  eta: 3:47:09  time: 0.3499  data_time: 0.0273  memory: 8740  loss: 1.1030  decode.loss_ohem: 0.7757  decode.acc_seg: 90.9388  aux_0.loss_ce: 0.3273  aux_0.acc_seg: 86.5401
2026/07/22 22:42:20 - mmengine - INFO - Iter(train) [121400/160000]  lr: 2.8200e-03  eta: 3:46:34  time: 0.3503  data_time: 0.0278  memory: 8738  loss: 1.0172  decode.loss_ohem: 0.7399  decode.acc_seg: 93.1906  aux_0.loss_ce: 0.2773  aux_0.acc_seg: 90.8494
2026/07/22 22:42:56 - mmengine - INFO - Iter(train) [121500/160000]  lr: 2.8134e-03  eta: 3:45:58  time: 0.3526  data_time: 0.0284  memory: 8738  loss: 1.0292  decode.loss_ohem: 0.7084  decode.acc_seg: 92.8375  aux_0.loss_ce: 0.3208  aux_0.acc_seg: 90.1496
2026/07/22 22:43:31 - mmengine - INFO - Iter(train) [121600/160000]  lr: 2.8069e-03  eta: 3:45:23  time: 0.3544  data_time: 0.0301  memory: 8738  loss: 0.9970  decode.loss_ohem: 0.6686  decode.acc_seg: 94.4199  aux_0.loss_ce: 0.3284  aux_0.acc_seg: 89.3958
2026/07/22 22:44:06 - mmengine - INFO - Iter(train) [121700/160000]  lr: 2.8003e-03  eta: 3:44:48  time: 0.3506  data_time: 0.0275  memory: 8738  loss: 1.0534  decode.loss_ohem: 0.7064  decode.acc_seg: 94.0254  aux_0.loss_ce: 0.3470  aux_0.acc_seg: 90.4612
2026/07/22 22:44:41 - mmengine - INFO - Iter(train) [121800/160000]  lr: 2.7938e-03  eta: 3:44:13  time: 0.3511  data_time: 0.0282  memory: 8738  loss: 0.9948  decode.loss_ohem: 0.6783  decode.acc_seg: 92.3035  aux_0.loss_ce: 0.3165  aux_0.acc_seg: 89.6058
2026/07/22 22:45:16 - mmengine - INFO - Iter(train) [121900/160000]  lr: 2.7872e-03  eta: 3:43:37  time: 0.3545  data_time: 0.0300  memory: 8738  loss: 0.9989  decode.loss_ohem: 0.7006  decode.acc_seg: 92.2337  aux_0.loss_ce: 0.2983  aux_0.acc_seg: 86.7110
2026/07/22 22:45:52 - mmengine - INFO - Exp name: dsanet_cityscapes_512x1024_20260722_104438
2026/07/22 22:45:52 - mmengine - INFO - Iter(train) [122000/160000]  lr: 2.7807e-03  eta: 3:43:02  time: 0.3517  data_time: 0.0277  memory: 8738  loss: 1.0027  decode.loss_ohem: 0.6990  decode.acc_seg: 91.5768  aux_0.loss_ce: 0.3037  aux_0.acc_seg: 87.3839
2026/07/22 22:46:26 - mmengine - INFO - Iter(train) [122100/160000]  lr: 2.7741e-03  eta: 3:42:27  time: 0.3501  data_time: 0.0279  memory: 8738  loss: 1.0227  decode.loss_ohem: 0.6970  decode.acc_seg: 94.0697  aux_0.loss_ce: 0.3257  aux_0.acc_seg: 86.0159
2026/07/22 22:47:02 - mmengine - INFO - Iter(train) [122200/160000]  lr: 2.7675e-03  eta: 3:41:52  time: 0.3517  data_time: 0.0288  memory: 8739  loss: 1.0184  decode.loss_ohem: 0.7155  decode.acc_seg: 91.9112  aux_0.loss_ce: 0.3029  aux_0.acc_seg: 87.1916
2026/07/22 22:47:37 - mmengine - INFO - Iter(train) [122300/160000]  lr: 2.7610e-03  eta: 3:41:16  time: 0.3503  data_time: 0.0271  memory: 8739  loss: 1.0678  decode.loss_ohem: 0.7309  decode.acc_seg: 93.1058  aux_0.loss_ce: 0.3369  aux_0.acc_seg: 88.5626
2026/07/22 22:48:12 - mmengine - INFO - Iter(train) [122400/160000]  lr: 2.7544e-03  eta: 3:40:41  time: 0.3582  data_time: 0.0296  memory: 8738  loss: 1.0891  decode.loss_ohem: 0.7599  decode.acc_seg: 93.1989  aux_0.loss_ce: 0.3291  aux_0.acc_seg: 90.2419
2026/07/22 22:48:47 - mmengine - INFO - Iter(train) [122500/160000]  lr: 2.7478e-03  eta: 3:40:06  time: 0.3507  data_time: 0.0273  memory: 8739  loss: 1.0273  decode.loss_ohem: 0.7105  decode.acc_seg: 92.9549  aux_0.loss_ce: 0.3168  aux_0.acc_seg: 87.6647
2026/07/22 22:49:22 - mmengine - INFO - Iter(train) [122600/160000]  lr: 2.7412e-03  eta: 3:39:31  time: 0.3523  data_time: 0.0289  memory: 8739  loss: 1.1396  decode.loss_ohem: 0.7883  decode.acc_seg: 87.8994  aux_0.loss_ce: 0.3513  aux_0.acc_seg: 82.4425
2026/07/22 22:49:58 - mmengine - INFO - Iter(train) [122700/160000]  lr: 2.7347e-03  eta: 3:38:56  time: 0.3543  data_time: 0.0297  memory: 8739  loss: 1.0138  decode.loss_ohem: 0.7011  decode.acc_seg: 92.2488  aux_0.loss_ce: 0.3127  aux_0.acc_seg: 88.8020
2026/07/22 22:50:33 - mmengine - INFO - Iter(train) [122800/160000]  lr: 2.7281e-03  eta: 3:38:20  time: 0.3516  data_time: 0.0280  memory: 8740  loss: 0.9982  decode.loss_ohem: 0.7049  decode.acc_seg: 93.9272  aux_0.loss_ce: 0.2933  aux_0.acc_seg: 87.6491
2026/07/22 22:51:08 - mmengine - INFO - Iter(train) [122900/160000]  lr: 2.7215e-03  eta: 3:37:45  time: 0.3509  data_time: 0.0278  memory: 8738  loss: 1.0086  decode.loss_ohem: 0.7081  decode.acc_seg: 92.4309  aux_0.loss_ce: 0.3005  aux_0.acc_seg: 85.2214
2026/07/22 22:51:43 - mmengine - INFO - Exp name: dsanet_cityscapes_512x1024_20260722_104438
2026/07/22 22:51:43 - mmengine - INFO - Iter(train) [123000/160000]  lr: 2.7149e-03  eta: 3:37:10  time: 0.3496  data_time: 0.0265  memory: 8738  loss: 1.0020  decode.loss_ohem: 0.6934  decode.acc_seg: 94.2616  aux_0.loss_ce: 0.3087  aux_0.acc_seg: 90.8555
2026/07/22 22:52:19 - mmengine - INFO - Iter(train) [123100/160000]  lr: 2.7084e-03  eta: 3:36:35  time: 0.3532  data_time: 0.0303  memory: 8739  loss: 0.9962  decode.loss_ohem: 0.6973  decode.acc_seg: 92.3205  aux_0.loss_ce: 0.2989  aux_0.acc_seg: 87.8366
2026/07/22 22:52:54 - mmengine - INFO - Iter(train) [123200/160000]  lr: 2.7018e-03  eta: 3:35:59  time: 0.3509  data_time: 0.0277  memory: 8737  loss: 0.9920  decode.loss_ohem: 0.7054  decode.acc_seg: 93.4766  aux_0.loss_ce: 0.2865  aux_0.acc_seg: 88.5498
2026/07/22 22:53:29 - mmengine - INFO - Iter(train) [123300/160000]  lr: 2.6952e-03  eta: 3:35:24  time: 0.3526  data_time: 0.0294  memory: 8738  loss: 0.9720  decode.loss_ohem: 0.6962  decode.acc_seg: 93.0404  aux_0.loss_ce: 0.2758  aux_0.acc_seg: 90.0411
2026/07/22 22:54:04 - mmengine - INFO - Iter(train) [123400/160000]  lr: 2.6886e-03  eta: 3:34:49  time: 0.3526  data_time: 0.0295  memory: 8738  loss: 1.1621  decode.loss_ohem: 0.8321  decode.acc_seg: 90.7964  aux_0.loss_ce: 0.3300  aux_0.acc_seg: 85.7617
2026/07/22 22:54:40 - mmengine - INFO - Iter(train) [123500/160000]  lr: 2.6820e-03  eta: 3:34:14  time: 0.3528  data_time: 0.0292  memory: 8738  loss: 1.0333  decode.loss_ohem: 0.7154  decode.acc_seg: 93.1241  aux_0.loss_ce: 0.3179  aux_0.acc_seg: 87.3218
2026/07/22 22:55:15 - mmengine - INFO - Iter(train) [123600/160000]  lr: 2.6754e-03  eta: 3:33:39  time: 0.3531  data_time: 0.0294  memory: 8740  loss: 1.0423  decode.loss_ohem: 0.7130  decode.acc_seg: 93.4207  aux_0.loss_ce: 0.3293  aux_0.acc_seg: 87.9600
2026/07/22 22:55:50 - mmengine - INFO - Iter(train) [123700/160000]  lr: 2.6688e-03  eta: 3:33:03  time: 0.3497  data_time: 0.0265  memory: 8738  loss: 1.0819  decode.loss_ohem: 0.7424  decode.acc_seg: 93.4351  aux_0.loss_ce: 0.3395  aux_0.acc_seg: 87.3486
2026/07/22 22:56:25 - mmengine - INFO - Iter(train) [123800/160000]  lr: 2.6622e-03  eta: 3:32:28  time: 0.3500  data_time: 0.0274  memory: 8737  loss: 0.9971  decode.loss_ohem: 0.7010  decode.acc_seg: 94.4635  aux_0.loss_ce: 0.2960  aux_0.acc_seg: 88.1957
2026/07/22 22:57:00 - mmengine - INFO - Iter(train) [123900/160000]  lr: 2.6557e-03  eta: 3:31:53  time: 0.3508  data_time: 0.0280  memory: 8737  loss: 0.9326  decode.loss_ohem: 0.6438  decode.acc_seg: 94.0197  aux_0.loss_ce: 0.2887  aux_0.acc_seg: 89.6824
2026/07/22 22:57:35 - mmengine - INFO - Exp name: dsanet_cityscapes_512x1024_20260722_104438
2026/07/22 22:57:35 - mmengine - INFO - Iter(train) [124000/160000]  lr: 2.6491e-03  eta: 3:31:17  time: 0.3503  data_time: 0.0275  memory: 8738  loss: 1.0285  decode.loss_ohem: 0.7293  decode.acc_seg: 92.7765  aux_0.loss_ce: 0.2992  aux_0.acc_seg: 90.8620
2026/07/22 22:58:10 - mmengine - INFO - Iter(train) [124100/160000]  lr: 2.6425e-03  eta: 3:30:42  time: 0.3505  data_time: 0.0283  memory: 8738  loss: 1.0119  decode.loss_ohem: 0.7211  decode.acc_seg: 93.4900  aux_0.loss_ce: 0.2908  aux_0.acc_seg: 90.0121
2026/07/22 22:58:45 - mmengine - INFO - Iter(train) [124200/160000]  lr: 2.6359e-03  eta: 3:30:07  time: 0.3505  data_time: 0.0277  memory: 8740  loss: 1.0478  decode.loss_ohem: 0.7263  decode.acc_seg: 91.8488  aux_0.loss_ce: 0.3215  aux_0.acc_seg: 87.6108
2026/07/22 22:59:20 - mmengine - INFO - Iter(train) [124300/160000]  lr: 2.6293e-03  eta: 3:29:32  time: 0.3514  data_time: 0.0279  memory: 8740  loss: 0.9967  decode.loss_ohem: 0.6927  decode.acc_seg: 92.9748  aux_0.loss_ce: 0.3040  aux_0.acc_seg: 90.6896
2026/07/22 22:59:56 - mmengine - INFO - Iter(train) [124400/160000]  lr: 2.6227e-03  eta: 3:28:56  time: 0.3518  data_time: 0.0280  memory: 8737  loss: 1.0630  decode.loss_ohem: 0.7166  decode.acc_seg: 92.7651  aux_0.loss_ce: 0.3464  aux_0.acc_seg: 90.1904
2026/07/22 23:00:31 - mmengine - INFO - Iter(train) [124500/160000]  lr: 2.6160e-03  eta: 3:28:21  time: 0.3519  data_time: 0.0290  memory: 8739  loss: 0.9838  decode.loss_ohem: 0.6976  decode.acc_seg: 91.8348  aux_0.loss_ce: 0.2863  aux_0.acc_seg: 87.9770
2026/07/22 23:01:06 - mmengine - INFO - Iter(train) [124600/160000]  lr: 2.6094e-03  eta: 3:27:46  time: 0.3488  data_time: 0.0266  memory: 8738  loss: 0.9546  decode.loss_ohem: 0.6786  decode.acc_seg: 93.2418  aux_0.loss_ce: 0.2760  aux_0.acc_seg: 90.9770
2026/07/22 23:01:41 - mmengine - INFO - Iter(train) [124700/160000]  lr: 2.6028e-03  eta: 3:27:11  time: 0.3514  data_time: 0.0284  memory: 8738  loss: 1.0492  decode.loss_ohem: 0.7439  decode.acc_seg: 92.3563  aux_0.loss_ce: 0.3053  aux_0.acc_seg: 87.1263
2026/07/22 23:02:16 - mmengine - INFO - Iter(train) [124800/160000]  lr: 2.5962e-03  eta: 3:26:35  time: 0.3510  data_time: 0.0282  memory: 8739  loss: 1.1503  decode.loss_ohem: 0.8112  decode.acc_seg: 90.9987  aux_0.loss_ce: 0.3391  aux_0.acc_seg: 85.5552
2026/07/22 23:02:51 - mmengine - INFO - Iter(train) [124900/160000]  lr: 2.5896e-03  eta: 3:26:00  time: 0.3499  data_time: 0.0268  memory: 8740  loss: 1.0203  decode.loss_ohem: 0.6920  decode.acc_seg: 93.6268  aux_0.loss_ce: 0.3283  aux_0.acc_seg: 86.5339
2026/07/22 23:03:26 - mmengine - INFO - Exp name: dsanet_cityscapes_512x1024_20260722_104438
2026/07/22 23:03:26 - mmengine - INFO - Iter(train) [125000/160000]  lr: 2.5830e-03  eta: 3:25:25  time: 0.3498  data_time: 0.0277  memory: 8740  loss: 0.9719  decode.loss_ohem: 0.6901  decode.acc_seg: 93.6019  aux_0.loss_ce: 0.2818  aux_0.acc_seg: 90.6609
2026/07/22 23:03:26 - mmengine - INFO - Saving checkpoint at 125000 iterations
2026/07/22 23:03:31 - mmengine - INFO - Iter(val) [100/250]    eta: 0:00:06  time: 0.0422  data_time: 0.0102  memory: 729  
2026/07/22 23:03:35 - mmengine - INFO - Iter(val) [200/250]    eta: 0:00:02  time: 0.0413  data_time: 0.0095  memory: 729  
2026/07/22 23:03:37 - mmengine - INFO - per class results:
2026/07/22 23:03:37 - mmengine - INFO - 
+---------------+-------+-------+
|     Class     |  IoU  |  Acc  |
+---------------+-------+-------+
|      road     | 97.57 | 98.41 |
|    sidewalk   | 81.54 | 91.66 |
|    building   | 88.95 | 95.47 |
|      wall     | 45.97 | 54.85 |
|     fence     |  51.4 | 61.67 |
|      pole     | 56.76 | 67.22 |
| traffic light | 53.81 | 64.32 |
|  traffic sign | 68.46 |  77.3 |
|   vegetation  | 90.22 | 94.43 |
|    terrain    |  60.7 | 71.74 |
|      sky      | 92.92 | 97.42 |
|     person    | 73.19 | 87.95 |
|     rider     | 48.74 | 58.31 |
|      car      | 92.14 | 95.43 |
|     truck     | 50.85 | 61.91 |
|      bus      | 64.44 |  86.1 |
|     train     | 27.86 | 85.86 |
|   motorcycle  |  48.3 | 56.17 |
|    bicycle    | 69.95 | 84.36 |
+---------------+-------+-------+
2026/07/22 23:03:37 - mmengine - INFO - Iter(val) [250/250]    aAcc: 94.4400  mIoU: 66.5100  mAcc: 78.4500  data_time: 0.0123  time: 0.0441
2026/07/22 23:04:13 - mmengine - INFO - Iter(train) [125100/160000]  lr: 2.5764e-03  eta: 3:24:50  time: 0.3512  data_time: 0.0283  memory: 8738  loss: 1.0586  decode.loss_ohem: 0.7468  decode.acc_seg: 93.1834  aux_0.loss_ce: 0.3118  aux_0.acc_seg: 89.3361
2026/07/22 23:04:48 - mmengine - INFO - Iter(train) [125200/160000]  lr: 2.5698e-03  eta: 3:24:14  time: 0.3514  data_time: 0.0279  memory: 8738  loss: 1.0833  decode.loss_ohem: 0.7468  decode.acc_seg: 91.1230  aux_0.loss_ce: 0.3365  aux_0.acc_seg: 88.3630
2026/07/22 23:05:23 - mmengine - INFO - Iter(train) [125300/160000]  lr: 2.5631e-03  eta: 3:23:39  time: 0.3521  data_time: 0.0285  memory: 8737  loss: 1.0769  decode.loss_ohem: 0.7624  decode.acc_seg: 94.0098  aux_0.loss_ce: 0.3145  aux_0.acc_seg: 91.9098
2026/07/22 23:05:58 - mmengine - INFO - Iter(train) [125400/160000]  lr: 2.5565e-03  eta: 3:23:04  time: 0.3518  data_time: 0.0287  memory: 8738  loss: 1.0562  decode.loss_ohem: 0.7439  decode.acc_seg: 94.0848  aux_0.loss_ce: 0.3122  aux_0.acc_seg: 92.1856
2026/07/22 23:06:33 - mmengine - INFO - Iter(train) [125500/160000]  lr: 2.5499e-03  eta: 3:22:29  time: 0.3512  data_time: 0.0283  memory: 8738  loss: 1.0407  decode.loss_ohem: 0.7225  decode.acc_seg: 91.9021  aux_0.loss_ce: 0.3183  aux_0.acc_seg: 86.1235
2026/07/22 23:07:08 - mmengine - INFO - Iter(train) [125600/160000]  lr: 2.5433e-03  eta: 3:21:53  time: 0.3501  data_time: 0.0276  memory: 8738  loss: 1.0356  decode.loss_ohem: 0.7411  decode.acc_seg: 93.9737  aux_0.loss_ce: 0.2945  aux_0.acc_seg: 90.4185
2026/07/22 23:07:43 - mmengine - INFO - Iter(train) [125700/160000]  lr: 2.5366e-03  eta: 3:21:18  time: 0.3521  data_time: 0.0293  memory: 8738  loss: 0.9511  decode.loss_ohem: 0.6743  decode.acc_seg: 93.9022  aux_0.loss_ce: 0.2768  aux_0.acc_seg: 90.2180
2026/07/22 23:08:18 - mmengine - INFO - Iter(train) [125800/160000]  lr: 2.5300e-03  eta: 3:20:43  time: 0.3526  data_time: 0.0290  memory: 8739  loss: 1.0013  decode.loss_ohem: 0.7161  decode.acc_seg: 92.8764  aux_0.loss_ce: 0.2853  aux_0.acc_seg: 89.3405
2026/07/22 23:08:54 - mmengine - INFO - Iter(train) [125900/160000]  lr: 2.5234e-03  eta: 3:20:08  time: 0.3502  data_time: 0.0278  memory: 8740  loss: 0.9820  decode.loss_ohem: 0.6974  decode.acc_seg: 93.9037  aux_0.loss_ce: 0.2846  aux_0.acc_seg: 90.5406
2026/07/22 23:09:29 - mmengine - INFO - Exp name: dsanet_cityscapes_512x1024_20260722_104438
2026/07/22 23:09:29 - mmengine - INFO - Iter(train) [126000/160000]  lr: 2.5167e-03  eta: 3:19:32  time: 0.3491  data_time: 0.0266  memory: 8738  loss: 0.9419  decode.loss_ohem: 0.6587  decode.acc_seg: 93.5543  aux_0.loss_ce: 0.2832  aux_0.acc_seg: 88.6719
2026/07/22 23:10:04 - mmengine - INFO - Iter(train) [126100/160000]  lr: 2.5101e-03  eta: 3:18:57  time: 0.3518  data_time: 0.0284  memory: 8739  loss: 0.9595  decode.loss_ohem: 0.6882  decode.acc_seg: 92.7158  aux_0.loss_ce: 0.2713  aux_0.acc_seg: 87.5189
2026/07/22 23:10:39 - mmengine - INFO - Iter(train) [126200/160000]  lr: 2.5035e-03  eta: 3:18:22  time: 0.3520  data_time: 0.0285  memory: 8738  loss: 1.0367  decode.loss_ohem: 0.7281  decode.acc_seg: 93.1686  aux_0.loss_ce: 0.3086  aux_0.acc_seg: 87.4444
2026/07/22 23:11:14 - mmengine - INFO - Iter(train) [126300/160000]  lr: 2.4968e-03  eta: 3:17:47  time: 0.3501  data_time: 0.0274  memory: 8738  loss: 0.9864  decode.loss_ohem: 0.6860  decode.acc_seg: 94.8536  aux_0.loss_ce: 0.3003  aux_0.acc_seg: 92.1218
2026/07/22 23:11:49 - mmengine - INFO - Iter(train) [126400/160000]  lr: 2.4902e-03  eta: 3:17:11  time: 0.3497  data_time: 0.0275  memory: 8737  loss: 1.0553  decode.loss_ohem: 0.7442  decode.acc_seg: 90.7858  aux_0.loss_ce: 0.3110  aux_0.acc_seg: 86.8121
2026/07/22 23:12:24 - mmengine - INFO - Iter(train) [126500/160000]  lr: 2.4835e-03  eta: 3:16:36  time: 0.3517  data_time: 0.0286  memory: 8738  loss: 1.0052  decode.loss_ohem: 0.7056  decode.acc_seg: 93.8327  aux_0.loss_ce: 0.2996  aux_0.acc_seg: 90.4143
2026/07/22 23:12:59 - mmengine - INFO - Iter(train) [126600/160000]  lr: 2.4769e-03  eta: 3:16:01  time: 0.3526  data_time: 0.0294  memory: 8738  loss: 1.0558  decode.loss_ohem: 0.7366  decode.acc_seg: 92.1791  aux_0.loss_ce: 0.3192  aux_0.acc_seg: 86.3588
2026/07/22 23:13:35 - mmengine - INFO - Iter(train) [126700/160000]  lr: 2.4702e-03  eta: 3:15:26  time: 0.3509  data_time: 0.0282  memory: 8738  loss: 1.0828  decode.loss_ohem: 0.7649  decode.acc_seg: 88.3369  aux_0.loss_ce: 0.3179  aux_0.acc_seg: 88.3775
2026/07/22 23:14:10 - mmengine - INFO - Iter(train) [126800/160000]  lr: 2.4636e-03  eta: 3:14:50  time: 0.3487  data_time: 0.0260  memory: 8739  loss: 1.0153  decode.loss_ohem: 0.7213  decode.acc_seg: 92.1279  aux_0.loss_ce: 0.2940  aux_0.acc_seg: 86.7182
2026/07/22 23:14:45 - mmengine - INFO - Iter(train) [126900/160000]  lr: 2.4569e-03  eta: 3:14:15  time: 0.3511  data_time: 0.0281  memory: 8737  loss: 1.0027  decode.loss_ohem: 0.6862  decode.acc_seg: 92.7696  aux_0.loss_ce: 0.3165  aux_0.acc_seg: 85.8532
2026/07/22 23:15:20 - mmengine - INFO - Exp name: dsanet_cityscapes_512x1024_20260722_104438
2026/07/22 23:15:20 - mmengine - INFO - Iter(train) [127000/160000]  lr: 2.4503e-03  eta: 3:13:40  time: 0.3503  data_time: 0.0270  memory: 8738  loss: 1.0184  decode.loss_ohem: 0.7172  decode.acc_seg: 93.2458  aux_0.loss_ce: 0.3012  aux_0.acc_seg: 89.6679
2026/07/22 23:15:55 - mmengine - INFO - Iter(train) [127100/160000]  lr: 2.4436e-03  eta: 3:13:05  time: 0.3499  data_time: 0.0276  memory: 8738  loss: 1.0794  decode.loss_ohem: 0.7535  decode.acc_seg: 90.2603  aux_0.loss_ce: 0.3259  aux_0.acc_seg: 84.3108
2026/07/22 23:16:30 - mmengine - INFO - Iter(train) [127200/160000]  lr: 2.4370e-03  eta: 3:12:29  time: 0.3515  data_time: 0.0279  memory: 8738  loss: 1.0328  decode.loss_ohem: 0.7084  decode.acc_seg: 90.5590  aux_0.loss_ce: 0.3244  aux_0.acc_seg: 86.9416
2026/07/22 23:17:05 - mmengine - INFO - Iter(train) [127300/160000]  lr: 2.4303e-03  eta: 3:11:54  time: 0.3516  data_time: 0.0282  memory: 8738  loss: 1.0466  decode.loss_ohem: 0.7274  decode.acc_seg: 92.6192  aux_0.loss_ce: 0.3192  aux_0.acc_seg: 86.7700
2026/07/22 23:17:40 - mmengine - INFO - Iter(train) [127400/160000]  lr: 2.4236e-03  eta: 3:11:19  time: 0.3503  data_time: 0.0268  memory: 8737  loss: 1.0648  decode.loss_ohem: 0.7511  decode.acc_seg: 90.2312  aux_0.loss_ce: 0.3136  aux_0.acc_seg: 86.6295
2026/07/22 23:18:15 - mmengine - INFO - Iter(train) [127500/160000]  lr: 2.4170e-03  eta: 3:10:44  time: 0.3497  data_time: 0.0273  memory: 8739  loss: 0.9883  decode.loss_ohem: 0.6997  decode.acc_seg: 94.8379  aux_0.loss_ce: 0.2886  aux_0.acc_seg: 91.2437
2026/07/22 23:18:50 - mmengine - INFO - Iter(train) [127600/160000]  lr: 2.4103e-03  eta: 3:10:08  time: 0.3501  data_time: 0.0270  memory: 8738  loss: 0.9478  decode.loss_ohem: 0.6701  decode.acc_seg: 92.3884  aux_0.loss_ce: 0.2777  aux_0.acc_seg: 89.1209
2026/07/22 23:19:25 - mmengine - INFO - Iter(train) [127700/160000]  lr: 2.4036e-03  eta: 3:09:33  time: 0.3505  data_time: 0.0275  memory: 8738  loss: 1.0075  decode.loss_ohem: 0.6916  decode.acc_seg: 93.0719  aux_0.loss_ce: 0.3158  aux_0.acc_seg: 90.2738
2026/07/22 23:20:00 - mmengine - INFO - Iter(train) [127800/160000]  lr: 2.3970e-03  eta: 3:08:58  time: 0.3489  data_time: 0.0267  memory: 8739  loss: 0.9931  decode.loss_ohem: 0.7014  decode.acc_seg: 94.3723  aux_0.loss_ce: 0.2916  aux_0.acc_seg: 90.0742
2026/07/22 23:20:36 - mmengine - INFO - Iter(train) [127900/160000]  lr: 2.3903e-03  eta: 3:08:23  time: 0.3533  data_time: 0.0297  memory: 8738  loss: 1.0227  decode.loss_ohem: 0.7237  decode.acc_seg: 93.2922  aux_0.loss_ce: 0.2990  aux_0.acc_seg: 90.5326
2026/07/22 23:21:11 - mmengine - INFO - Exp name: dsanet_cityscapes_512x1024_20260722_104438
2026/07/22 23:21:11 - mmengine - INFO - Iter(train) [128000/160000]  lr: 2.3836e-03  eta: 3:07:47  time: 0.3505  data_time: 0.0278  memory: 8739  loss: 0.9893  decode.loss_ohem: 0.6967  decode.acc_seg: 93.1673  aux_0.loss_ce: 0.2926  aux_0.acc_seg: 89.6291
2026/07/22 23:21:46 - mmengine - INFO - Iter(train) [128100/160000]  lr: 2.3769e-03  eta: 3:07:12  time: 0.3503  data_time: 0.0276  memory: 8738  loss: 1.0274  decode.loss_ohem: 0.7304  decode.acc_seg: 92.5381  aux_0.loss_ce: 0.2970  aux_0.acc_seg: 90.7591
2026/07/22 23:22:21 - mmengine - INFO - Iter(train) [128200/160000]  lr: 2.3703e-03  eta: 3:06:37  time: 0.3511  data_time: 0.0282  memory: 8739  loss: 0.9843  decode.loss_ohem: 0.6835  decode.acc_seg: 92.9349  aux_0.loss_ce: 0.3008  aux_0.acc_seg: 87.0717
2026/07/22 23:22:56 - mmengine - INFO - Iter(train) [128300/160000]  lr: 2.3636e-03  eta: 3:06:02  time: 0.3499  data_time: 0.0279  memory: 8738  loss: 0.9508  decode.loss_ohem: 0.6810  decode.acc_seg: 91.9404  aux_0.loss_ce: 0.2698  aux_0.acc_seg: 86.4887
2026/07/22 23:23:31 - mmengine - INFO - Iter(train) [128400/160000]  lr: 2.3569e-03  eta: 3:05:26  time: 0.3515  data_time: 0.0279  memory: 8738  loss: 1.0078  decode.loss_ohem: 0.7065  decode.acc_seg: 93.6272  aux_0.loss_ce: 0.3013  aux_0.acc_seg: 89.3110
2026/07/22 23:24:06 - mmengine - INFO - Iter(train) [128500/160000]  lr: 2.3502e-03  eta: 3:04:51  time: 0.3502  data_time: 0.0272  memory: 8737  loss: 1.0971  decode.loss_ohem: 0.7897  decode.acc_seg: 91.8625  aux_0.loss_ce: 0.3074  aux_0.acc_seg: 89.2766
2026/07/22 23:24:41 - mmengine - INFO - Iter(train) [128600/160000]  lr: 2.3435e-03  eta: 3:04:16  time: 0.3500  data_time: 0.0278  memory: 8741  loss: 1.0189  decode.loss_ohem: 0.7260  decode.acc_seg: 90.5297  aux_0.loss_ce: 0.2929  aux_0.acc_seg: 85.5322
2026/07/22 23:25:16 - mmengine - INFO - Iter(train) [128700/160000]  lr: 2.3368e-03  eta: 3:03:41  time: 0.3516  data_time: 0.0283  memory: 8739  loss: 1.0442  decode.loss_ohem: 0.7214  decode.acc_seg: 93.5489  aux_0.loss_ce: 0.3227  aux_0.acc_seg: 90.5288
2026/07/22 23:25:51 - mmengine - INFO - Iter(train) [128800/160000]  lr: 2.3301e-03  eta: 3:03:05  time: 0.3502  data_time: 0.0272  memory: 8738  loss: 1.0284  decode.loss_ohem: 0.7317  decode.acc_seg: 92.3474  aux_0.loss_ce: 0.2967  aux_0.acc_seg: 86.5857
2026/07/22 23:26:27 - mmengine - INFO - Iter(train) [128900/160000]  lr: 2.3235e-03  eta: 3:02:30  time: 0.3497  data_time: 0.0275  memory: 8738  loss: 0.9762  decode.loss_ohem: 0.7006  decode.acc_seg: 93.9328  aux_0.loss_ce: 0.2756  aux_0.acc_seg: 91.1938
2026/07/22 23:27:02 - mmengine - INFO - Exp name: dsanet_cityscapes_512x1024_20260722_104438
2026/07/22 23:27:02 - mmengine - INFO - Iter(train) [129000/160000]  lr: 2.3168e-03  eta: 3:01:55  time: 0.3503  data_time: 0.0275  memory: 8741  loss: 1.0504  decode.loss_ohem: 0.7439  decode.acc_seg: 95.7337  aux_0.loss_ce: 0.3065  aux_0.acc_seg: 94.4507
2026/07/22 23:27:37 - mmengine - INFO - Iter(train) [129100/160000]  lr: 2.3101e-03  eta: 3:01:20  time: 0.3502  data_time: 0.0278  memory: 8739  loss: 1.0432  decode.loss_ohem: 0.7196  decode.acc_seg: 93.1146  aux_0.loss_ce: 0.3236  aux_0.acc_seg: 89.9230
2026/07/22 23:28:12 - mmengine - INFO - Iter(train) [129200/160000]  lr: 2.3034e-03  eta: 3:00:44  time: 0.3516  data_time: 0.0285  memory: 8739  loss: 0.9895  decode.loss_ohem: 0.7039  decode.acc_seg: 92.2982  aux_0.loss_ce: 0.2856  aux_0.acc_seg: 90.4777
2026/07/22 23:28:47 - mmengine - INFO - Iter(train) [129300/160000]  lr: 2.2967e-03  eta: 3:00:09  time: 0.3521  data_time: 0.0283  memory: 8737  loss: 1.0215  decode.loss_ohem: 0.7196  decode.acc_seg: 92.4323  aux_0.loss_ce: 0.3019  aux_0.acc_seg: 85.7631
2026/07/22 23:29:22 - mmengine - INFO - Iter(train) [129400/160000]  lr: 2.2900e-03  eta: 2:59:34  time: 0.3509  data_time: 0.0277  memory: 8738  loss: 0.9752  decode.loss_ohem: 0.6826  decode.acc_seg: 92.5002  aux_0.loss_ce: 0.2926  aux_0.acc_seg: 87.3740
2026/07/22 23:29:57 - mmengine - INFO - Iter(train) [129500/160000]  lr: 2.2832e-03  eta: 2:58:59  time: 0.3509  data_time: 0.0280  memory: 8738  loss: 0.9970  decode.loss_ohem: 0.6827  decode.acc_seg: 91.2187  aux_0.loss_ce: 0.3143  aux_0.acc_seg: 86.0269
2026/07/22 23:30:33 - mmengine - INFO - Iter(train) [129600/160000]  lr: 2.2765e-03  eta: 2:58:24  time: 0.3500  data_time: 0.0273  memory: 8737  loss: 1.0869  decode.loss_ohem: 0.7670  decode.acc_seg: 94.6661  aux_0.loss_ce: 0.3198  aux_0.acc_seg: 87.5327
2026/07/22 23:31:08 - mmengine - INFO - Iter(train) [129700/160000]  lr: 2.2698e-03  eta: 2:57:48  time: 0.3530  data_time: 0.0295  memory: 8739  loss: 1.0445  decode.loss_ohem: 0.7404  decode.acc_seg: 92.3615  aux_0.loss_ce: 0.3041  aux_0.acc_seg: 86.9448
2026/07/22 23:31:43 - mmengine - INFO - Iter(train) [129800/160000]  lr: 2.2631e-03  eta: 2:57:13  time: 0.3517  data_time: 0.0284  memory: 8739  loss: 0.9453  decode.loss_ohem: 0.6477  decode.acc_seg: 88.9598  aux_0.loss_ce: 0.2975  aux_0.acc_seg: 84.9960
2026/07/22 23:32:18 - mmengine - INFO - Iter(train) [129900/160000]  lr: 2.2564e-03  eta: 2:56:38  time: 0.3506  data_time: 0.0277  memory: 8740  loss: 0.9279  decode.loss_ohem: 0.6532  decode.acc_seg: 93.9849  aux_0.loss_ce: 0.2748  aux_0.acc_seg: 91.0813
2026/07/22 23:32:53 - mmengine - INFO - Exp name: dsanet_cityscapes_512x1024_20260722_104438
2026/07/22 23:32:53 - mmengine - INFO - Iter(train) [130000/160000]  lr: 2.2497e-03  eta: 2:56:03  time: 0.3495  data_time: 0.0272  memory: 8739  loss: 1.0751  decode.loss_ohem: 0.7619  decode.acc_seg: 93.6969  aux_0.loss_ce: 0.3133  aux_0.acc_seg: 90.0345
2026/07/22 23:32:53 - mmengine - INFO - Saving checkpoint at 130000 iterations
2026/07/22 23:32:58 - mmengine - INFO - Iter(val) [100/250]    eta: 0:00:06  time: 0.0419  data_time: 0.0101  memory: 729  
2026/07/22 23:33:03 - mmengine - INFO - Iter(val) [200/250]    eta: 0:00:02  time: 0.0435  data_time: 0.0115  memory: 729  
2026/07/22 23:33:05 - mmengine - INFO - per class results:
2026/07/22 23:33:05 - mmengine - INFO - 
+---------------+-------+-------+
|     Class     |  IoU  |  Acc  |
+---------------+-------+-------+
|      road     | 97.72 | 98.63 |
|    sidewalk   | 82.29 | 91.15 |
|    building   | 90.17 | 95.88 |
|      wall     | 50.86 | 61.17 |
|     fence     | 51.85 | 65.84 |
|      pole     | 56.05 | 63.83 |
| traffic light | 54.41 | 62.95 |
|  traffic sign |  68.7 | 76.69 |
|   vegetation  |  91.1 | 95.63 |
|    terrain    | 62.33 | 74.03 |
|      sky      | 93.04 | 97.51 |
|     person    | 75.77 | 87.85 |
|     rider     | 53.72 | 66.01 |
|      car      | 92.84 | 96.64 |
|     truck     | 56.66 | 71.26 |
|      bus      | 74.82 | 83.06 |
|     train     | 63.88 |  84.4 |
|   motorcycle  | 48.44 | 60.86 |
|    bicycle    | 70.73 |  85.9 |
+---------------+-------+-------+
2026/07/22 23:33:05 - mmengine - INFO - Iter(val) [250/250]    aAcc: 94.9700  mIoU: 70.2800  mAcc: 79.9600  data_time: 0.0124  time: 0.0443
2026/07/22 23:33:05 - mmengine - INFO - The previous best checkpoint /root/autodl-tmp/DSANet-main/tools/work_dirs/dsanet_cityscapes_512x1024/best_mIoU_iter_95000.pth is removed
2026/07/22 23:33:05 - mmengine - INFO - The best checkpoint with 70.2800 mIoU at 130000 iter is saved to best_mIoU_iter_130000.pth.
2026/07/22 23:33:41 - mmengine - INFO - Iter(train) [130100/160000]  lr: 2.2430e-03  eta: 2:55:27  time: 0.3493  data_time: 0.0274  memory: 8738  loss: 1.0004  decode.loss_ohem: 0.7037  decode.acc_seg: 93.9327  aux_0.loss_ce: 0.2967  aux_0.acc_seg: 88.3565
2026/07/22 23:34:16 - mmengine - INFO - Iter(train) [130200/160000]  lr: 2.2362e-03  eta: 2:54:52  time: 0.3504  data_time: 0.0278  memory: 8739  loss: 1.0336  decode.loss_ohem: 0.7299  decode.acc_seg: 95.0396  aux_0.loss_ce: 0.3038  aux_0.acc_seg: 90.8721
2026/07/22 23:34:51 - mmengine - INFO - Iter(train) [130300/160000]  lr: 2.2295e-03  eta: 2:54:17  time: 0.3502  data_time: 0.0275  memory: 8738  loss: 0.9992  decode.loss_ohem: 0.7099  decode.acc_seg: 91.1382  aux_0.loss_ce: 0.2893  aux_0.acc_seg: 87.8969
2026/07/22 23:35:26 - mmengine - INFO - Iter(train) [130400/160000]  lr: 2.2228e-03  eta: 2:53:42  time: 0.3514  data_time: 0.0283  memory: 8739  loss: 0.9613  decode.loss_ohem: 0.6459  decode.acc_seg: 91.7805  aux_0.loss_ce: 0.3154  aux_0.acc_seg: 86.1633
2026/07/22 23:36:01 - mmengine - INFO - Iter(train) [130500/160000]  lr: 2.2161e-03  eta: 2:53:07  time: 0.3491  data_time: 0.0273  memory: 8737  loss: 0.9975  decode.loss_ohem: 0.7043  decode.acc_seg: 91.6443  aux_0.loss_ce: 0.2932  aux_0.acc_seg: 86.9222
2026/07/22 23:36:36 - mmengine - INFO - Iter(train) [130600/160000]  lr: 2.2093e-03  eta: 2:52:31  time: 0.3500  data_time: 0.0276  memory: 8740  loss: 1.0166  decode.loss_ohem: 0.7108  decode.acc_seg: 93.5178  aux_0.loss_ce: 0.3058  aux_0.acc_seg: 90.4918
2026/07/22 23:37:11 - mmengine - INFO - Iter(train) [130700/160000]  lr: 2.2026e-03  eta: 2:51:56  time: 0.3502  data_time: 0.0273  memory: 8738  loss: 1.0285  decode.loss_ohem: 0.7283  decode.acc_seg: 92.4350  aux_0.loss_ce: 0.3002  aux_0.acc_seg: 87.8950
2026/07/22 23:37:46 - mmengine - INFO - Iter(train) [130800/160000]  lr: 2.1959e-03  eta: 2:51:21  time: 0.3504  data_time: 0.0276  memory: 8738  loss: 1.0004  decode.loss_ohem: 0.6945  decode.acc_seg: 92.8197  aux_0.loss_ce: 0.3059  aux_0.acc_seg: 87.8619
2026/07/22 23:38:21 - mmengine - INFO - Iter(train) [130900/160000]  lr: 2.1891e-03  eta: 2:50:45  time: 0.3495  data_time: 0.0272  memory: 8738  loss: 1.0103  decode.loss_ohem: 0.7026  decode.acc_seg: 90.3222  aux_0.loss_ce: 0.3077  aux_0.acc_seg: 85.6682
2026/07/22 23:38:56 - mmengine - INFO - Exp name: dsanet_cityscapes_512x1024_20260722_104438
2026/07/22 23:38:56 - mmengine - INFO - Iter(train) [131000/160000]  lr: 2.1824e-03  eta: 2:50:10  time: 0.3504  data_time: 0.0275  memory: 8738  loss: 1.0586  decode.loss_ohem: 0.7397  decode.acc_seg: 92.2828  aux_0.loss_ce: 0.3189  aux_0.acc_seg: 90.1613
2026/07/22 23:39:31 - mmengine - INFO - Iter(train) [131100/160000]  lr: 2.1756e-03  eta: 2:49:35  time: 0.3527  data_time: 0.0296  memory: 8739  loss: 1.0439  decode.loss_ohem: 0.7110  decode.acc_seg: 92.3322  aux_0.loss_ce: 0.3329  aux_0.acc_seg: 89.0978
2026/07/22 23:40:06 - mmengine - INFO - Iter(train) [131200/160000]  lr: 2.1689e-03  eta: 2:49:00  time: 0.3512  data_time: 0.0290  memory: 8741  loss: 0.9738  decode.loss_ohem: 0.6904  decode.acc_seg: 93.2515  aux_0.loss_ce: 0.2834  aux_0.acc_seg: 91.1090
2026/07/22 23:40:41 - mmengine - INFO - Iter(train) [131300/160000]  lr: 2.1621e-03  eta: 2:48:25  time: 0.3499  data_time: 0.0283  memory: 8738  loss: 1.0878  decode.loss_ohem: 0.7564  decode.acc_seg: 93.8923  aux_0.loss_ce: 0.3313  aux_0.acc_seg: 90.0773
2026/07/22 23:41:16 - mmengine - INFO - Iter(train) [131400/160000]  lr: 2.1554e-03  eta: 2:47:49  time: 0.3504  data_time: 0.0278  memory: 8738  loss: 0.9669  decode.loss_ohem: 0.6886  decode.acc_seg: 94.1118  aux_0.loss_ce: 0.2783  aux_0.acc_seg: 90.7901
2026/07/22 23:41:51 - mmengine - INFO - Iter(train) [131500/160000]  lr: 2.1486e-03  eta: 2:47:14  time: 0.3506  data_time: 0.0278  memory: 8738  loss: 1.0275  decode.loss_ohem: 0.7115  decode.acc_seg: 89.9118  aux_0.loss_ce: 0.3159  aux_0.acc_seg: 85.9483
2026/07/22 23:42:26 - mmengine - INFO - Iter(train) [131600/160000]  lr: 2.1419e-03  eta: 2:46:39  time: 0.3495  data_time: 0.0275  memory: 8738  loss: 0.9791  decode.loss_ohem: 0.6949  decode.acc_seg: 92.4412  aux_0.loss_ce: 0.2842  aux_0.acc_seg: 86.7913
2026/07/22 23:43:01 - mmengine - INFO - Iter(train) [131700/160000]  lr: 2.1351e-03  eta: 2:46:03  time: 0.3499  data_time: 0.0278  memory: 8738  loss: 1.0316  decode.loss_ohem: 0.7073  decode.acc_seg: 93.3508  aux_0.loss_ce: 0.3243  aux_0.acc_seg: 86.4892
2026/07/22 23:43:36 - mmengine - INFO - Iter(train) [131800/160000]  lr: 2.1284e-03  eta: 2:45:28  time: 0.3500  data_time: 0.0275  memory: 8737  loss: 1.0160  decode.loss_ohem: 0.7248  decode.acc_seg: 92.4301  aux_0.loss_ce: 0.2912  aux_0.acc_seg: 88.2364
2026/07/22 23:44:11 - mmengine - INFO - Iter(train) [131900/160000]  lr: 2.1216e-03  eta: 2:44:53  time: 0.3502  data_time: 0.0280  memory: 8737  loss: 0.9741  decode.loss_ohem: 0.6874  decode.acc_seg: 94.9092  aux_0.loss_ce: 0.2867  aux_0.acc_seg: 92.0561
2026/07/22 23:44:46 - mmengine - INFO - Exp name: dsanet_cityscapes_512x1024_20260722_104438
2026/07/22 23:44:46 - mmengine - INFO - Iter(train) [132000/160000]  lr: 2.1148e-03  eta: 2:44:18  time: 0.3500  data_time: 0.0278  memory: 8737  loss: 1.0059  decode.loss_ohem: 0.7107  decode.acc_seg: 91.8876  aux_0.loss_ce: 0.2952  aux_0.acc_seg: 88.7767
2026/07/22 23:45:21 - mmengine - INFO - Iter(train) [132100/160000]  lr: 2.1081e-03  eta: 2:43:42  time: 0.3485  data_time: 0.0268  memory: 8739  loss: 1.1504  decode.loss_ohem: 0.8022  decode.acc_seg: 92.0539  aux_0.loss_ce: 0.3482  aux_0.acc_seg: 86.8139
2026/07/22 23:45:56 - mmengine - INFO - Iter(train) [132200/160000]  lr: 2.1013e-03  eta: 2:43:07  time: 0.3512  data_time: 0.0284  memory: 8740  loss: 0.9497  decode.loss_ohem: 0.6742  decode.acc_seg: 93.8090  aux_0.loss_ce: 0.2755  aux_0.acc_seg: 90.6720
2026/07/22 23:46:31 - mmengine - INFO - Iter(train) [132300/160000]  lr: 2.0945e-03  eta: 2:42:32  time: 0.3497  data_time: 0.0277  memory: 8739  loss: 0.9772  decode.loss_ohem: 0.6824  decode.acc_seg: 96.1363  aux_0.loss_ce: 0.2948  aux_0.acc_seg: 94.1725
2026/07/22 23:47:06 - mmengine - INFO - Iter(train) [132400/160000]  lr: 2.0878e-03  eta: 2:41:57  time: 0.3499  data_time: 0.0277  memory: 8738  loss: 0.9230  decode.loss_ohem: 0.6577  decode.acc_seg: 94.5261  aux_0.loss_ce: 0.2653  aux_0.acc_seg: 91.4143
2026/07/22 23:47:41 - mmengine - INFO - Iter(train) [132500/160000]  lr: 2.0810e-03  eta: 2:41:21  time: 0.3485  data_time: 0.0268  memory: 8738  loss: 0.9524  decode.loss_ohem: 0.6813  decode.acc_seg: 94.3643  aux_0.loss_ce: 0.2710  aux_0.acc_seg: 91.6541
2026/07/22 23:48:16 - mmengine - INFO - Iter(train) [132600/160000]  lr: 2.0742e-03  eta: 2:40:46  time: 0.3527  data_time: 0.0296  memory: 8738  loss: 0.9628  decode.loss_ohem: 0.6685  decode.acc_seg: 95.3607  aux_0.loss_ce: 0.2943  aux_0.acc_seg: 90.2190
2026/07/22 23:48:52 - mmengine - INFO - Iter(train) [132700/160000]  lr: 2.0674e-03  eta: 2:40:11  time: 0.3489  data_time: 0.0264  memory: 8738  loss: 0.9887  decode.loss_ohem: 0.6884  decode.acc_seg: 92.2139  aux_0.loss_ce: 0.3003  aux_0.acc_seg: 89.2121
2026/07/22 23:49:27 - mmengine - INFO - Iter(train) [132800/160000]  lr: 2.0606e-03  eta: 2:39:36  time: 0.3497  data_time: 0.0277  memory: 8736  loss: 0.9949  decode.loss_ohem: 0.7077  decode.acc_seg: 93.6198  aux_0.loss_ce: 0.2872  aux_0.acc_seg: 89.9489
2026/07/22 23:50:02 - mmengine - INFO - Iter(train) [132900/160000]  lr: 2.0538e-03  eta: 2:39:00  time: 0.3494  data_time: 0.0271  memory: 8740  loss: 0.9520  decode.loss_ohem: 0.6907  decode.acc_seg: 94.0065  aux_0.loss_ce: 0.2613  aux_0.acc_seg: 91.4533
2026/07/22 23:50:37 - mmengine - INFO - Exp name: dsanet_cityscapes_512x1024_20260722_104438
2026/07/22 23:50:37 - mmengine - INFO - Iter(train) [133000/160000]  lr: 2.0471e-03  eta: 2:38:25  time: 0.3509  data_time: 0.0277  memory: 8737  loss: 1.0765  decode.loss_ohem: 0.7445  decode.acc_seg: 90.1192  aux_0.loss_ce: 0.3320  aux_0.acc_seg: 85.8728
2026/07/22 23:51:12 - mmengine - INFO - Iter(train) [133100/160000]  lr: 2.0403e-03  eta: 2:37:50  time: 0.3511  data_time: 0.0283  memory: 8737  loss: 1.0787  decode.loss_ohem: 0.7467  decode.acc_seg: 93.1037  aux_0.loss_ce: 0.3320  aux_0.acc_seg: 89.4651
2026/07/22 23:51:47 - mmengine - INFO - Iter(train) [133200/160000]  lr: 2.0335e-03  eta: 2:37:15  time: 0.3489  data_time: 0.0272  memory: 8739  loss: 1.0092  decode.loss_ohem: 0.7238  decode.acc_seg: 93.3670  aux_0.loss_ce: 0.2854  aux_0.acc_seg: 90.7143
2026/07/22 23:52:22 - mmengine - INFO - Iter(train) [133300/160000]  lr: 2.0267e-03  eta: 2:36:40  time: 0.3501  data_time: 0.0278  memory: 8737  loss: 0.9627  decode.loss_ohem: 0.6798  decode.acc_seg: 93.8353  aux_0.loss_ce: 0.2829  aux_0.acc_seg: 89.8603
2026/07/22 23:52:57 - mmengine - INFO - Iter(train) [133400/160000]  lr: 2.0199e-03  eta: 2:36:04  time: 0.3499  data_time: 0.0267  memory: 8738  loss: 0.9281  decode.loss_ohem: 0.6545  decode.acc_seg: 94.6258  aux_0.loss_ce: 0.2736  aux_0.acc_seg: 89.7614
2026/07/22 23:53:32 - mmengine - INFO - Iter(train) [133500/160000]  lr: 2.0131e-03  eta: 2:35:29  time: 0.3494  data_time: 0.0274  memory: 8736  loss: 1.0521  decode.loss_ohem: 0.7322  decode.acc_seg: 92.5593  aux_0.loss_ce: 0.3199  aux_0.acc_seg: 90.9712
2026/07/22 23:54:07 - mmengine - INFO - Iter(train) [133600/160000]  lr: 2.0063e-03  eta: 2:34:54  time: 0.3494  data_time: 0.0271  memory: 8739  loss: 1.0128  decode.loss_ohem: 0.7181  decode.acc_seg: 91.9349  aux_0.loss_ce: 0.2947  aux_0.acc_seg: 88.8334
2026/07/22 23:54:42 - mmengine - INFO - Iter(train) [133700/160000]  lr: 1.9995e-03  eta: 2:34:19  time: 0.3503  data_time: 0.0279  memory: 8738  loss: 0.9837  decode.loss_ohem: 0.7023  decode.acc_seg: 94.2203  aux_0.loss_ce: 0.2813  aux_0.acc_seg: 90.7045
2026/07/22 23:55:17 - mmengine - INFO - Iter(train) [133800/160000]  lr: 1.9927e-03  eta: 2:33:43  time: 0.3495  data_time: 0.0269  memory: 8737  loss: 0.9946  decode.loss_ohem: 0.6980  decode.acc_seg: 93.5337  aux_0.loss_ce: 0.2965  aux_0.acc_seg: 89.6465
2026/07/22 23:55:52 - mmengine - INFO - Iter(train) [133900/160000]  lr: 1.9858e-03  eta: 2:33:08  time: 0.3508  data_time: 0.0284  memory: 8738  loss: 0.9197  decode.loss_ohem: 0.6538  decode.acc_seg: 92.1802  aux_0.loss_ce: 0.2659  aux_0.acc_seg: 89.4727
2026/07/22 23:56:27 - mmengine - INFO - Exp name: dsanet_cityscapes_512x1024_20260722_104438
2026/07/22 23:56:27 - mmengine - INFO - Iter(train) [134000/160000]  lr: 1.9790e-03  eta: 2:32:33  time: 0.3497  data_time: 0.0274  memory: 8739  loss: 0.9835  decode.loss_ohem: 0.6871  decode.acc_seg: 95.1608  aux_0.loss_ce: 0.2964  aux_0.acc_seg: 92.1910
2026/07/22 23:57:02 - mmengine - INFO - Iter(train) [134100/160000]  lr: 1.9722e-03  eta: 2:31:58  time: 0.3499  data_time: 0.0272  memory: 8738  loss: 1.0710  decode.loss_ohem: 0.7450  decode.acc_seg: 93.0570  aux_0.loss_ce: 0.3260  aux_0.acc_seg: 88.5468
2026/07/22 23:57:37 - mmengine - INFO - Iter(train) [134200/160000]  lr: 1.9654e-03  eta: 2:31:22  time: 0.3499  data_time: 0.0271  memory: 8737  loss: 0.9574  decode.loss_ohem: 0.6737  decode.acc_seg: 92.1311  aux_0.loss_ce: 0.2837  aux_0.acc_seg: 86.6940
2026/07/22 23:58:12 - mmengine - INFO - Iter(train) [134300/160000]  lr: 1.9586e-03  eta: 2:30:47  time: 0.3495  data_time: 0.0271  memory: 8737  loss: 1.0140  decode.loss_ohem: 0.7303  decode.acc_seg: 92.4061  aux_0.loss_ce: 0.2837  aux_0.acc_seg: 89.4304
2026/07/22 23:58:47 - mmengine - INFO - Iter(train) [134400/160000]  lr: 1.9517e-03  eta: 2:30:12  time: 0.3484  data_time: 0.0261  memory: 8738  loss: 1.0261  decode.loss_ohem: 0.7122  decode.acc_seg: 91.1796  aux_0.loss_ce: 0.3139  aux_0.acc_seg: 83.2502
2026/07/22 23:59:22 - mmengine - INFO - Iter(train) [134500/160000]  lr: 1.9449e-03  eta: 2:29:37  time: 0.3505  data_time: 0.0272  memory: 8739  loss: 0.9822  decode.loss_ohem: 0.6789  decode.acc_seg: 94.1409  aux_0.loss_ce: 0.3032  aux_0.acc_seg: 91.4874
2026/07/22 23:59:57 - mmengine - INFO - Iter(train) [134600/160000]  lr: 1.9381e-03  eta: 2:29:01  time: 0.3522  data_time: 0.0288  memory: 8737  loss: 1.0076  decode.loss_ohem: 0.7046  decode.acc_seg: 91.5947  aux_0.loss_ce: 0.3030  aux_0.acc_seg: 87.5874
2026/07/23 00:00:32 - mmengine - INFO - Iter(train) [134700/160000]  lr: 1.9313e-03  eta: 2:28:26  time: 0.3510  data_time: 0.0282  memory: 8739  loss: 0.9692  decode.loss_ohem: 0.6974  decode.acc_seg: 93.1169  aux_0.loss_ce: 0.2718  aux_0.acc_seg: 86.6782
2026/07/23 00:01:07 - mmengine - INFO - Iter(train) [134800/160000]  lr: 1.9244e-03  eta: 2:27:51  time: 0.3483  data_time: 0.0266  memory: 8739  loss: 1.0078  decode.loss_ohem: 0.7145  decode.acc_seg: 93.3546  aux_0.loss_ce: 0.2933  aux_0.acc_seg: 87.1245
2026/07/23 00:01:42 - mmengine - INFO - Iter(train) [134900/160000]  lr: 1.9176e-03  eta: 2:27:16  time: 0.3513  data_time: 0.0284  memory: 8739  loss: 0.9860  decode.loss_ohem: 0.6858  decode.acc_seg: 93.8865  aux_0.loss_ce: 0.3002  aux_0.acc_seg: 91.0970
2026/07/23 00:02:18 - mmengine - INFO - Exp name: dsanet_cityscapes_512x1024_20260722_104438
2026/07/23 00:02:18 - mmengine - INFO - Iter(train) [135000/160000]  lr: 1.9107e-03  eta: 2:26:40  time: 0.3547  data_time: 0.0308  memory: 8737  loss: 1.0871  decode.loss_ohem: 0.7789  decode.acc_seg: 94.6470  aux_0.loss_ce: 0.3083  aux_0.acc_seg: 92.4611
2026/07/23 00:02:18 - mmengine - INFO - Saving checkpoint at 135000 iterations
2026/07/23 00:02:23 - mmengine - INFO - Iter(val) [100/250]    eta: 0:00:06  time: 0.0420  data_time: 0.0106  memory: 729  
2026/07/23 00:02:27 - mmengine - INFO - Iter(val) [200/250]    eta: 0:00:02  time: 0.0413  data_time: 0.0097  memory: 729  
2026/07/23 00:02:29 - mmengine - INFO - per class results:
2026/07/23 00:02:29 - mmengine - INFO - 
+---------------+-------+-------+
|     Class     |  IoU  |  Acc  |
+---------------+-------+-------+
|      road     | 97.65 |  98.7 |
|    sidewalk   | 81.93 | 90.91 |
|    building   | 90.54 | 95.33 |
|      wall     | 51.22 | 62.23 |
|     fence     | 53.69 | 70.99 |
|      pole     | 57.96 |  66.8 |
| traffic light | 55.34 | 63.93 |
|  traffic sign | 70.04 | 77.92 |
|   vegetation  | 91.32 | 96.25 |
|    terrain    | 61.58 |  70.6 |
|      sky      | 92.62 |  97.9 |
|     person    | 76.54 | 87.08 |
|     rider     | 54.15 | 70.38 |
|      car      | 92.99 | 96.83 |
|     truck     | 59.17 | 65.71 |
|      bus      | 77.43 | 88.34 |
|     train     | 68.56 |  80.4 |
|   motorcycle  | 48.77 | 64.91 |
|    bicycle    | 70.53 | 84.15 |
+---------------+-------+-------+
2026/07/23 00:02:29 - mmengine - INFO - Iter(val) [250/250]    aAcc: 95.0600  mIoU: 71.1600  mAcc: 80.4900  data_time: 0.0128  time: 0.0443
2026/07/23 00:02:29 - mmengine - INFO - The previous best checkpoint /root/autodl-tmp/DSANet-main/tools/work_dirs/dsanet_cityscapes_512x1024/best_mIoU_iter_130000.pth is removed
2026/07/23 00:02:30 - mmengine - INFO - The best checkpoint with 71.1600 mIoU at 135000 iter is saved to best_mIoU_iter_135000.pth.
2026/07/23 00:03:05 - mmengine - INFO - Iter(train) [135100/160000]  lr: 1.9039e-03  eta: 2:26:05  time: 0.3497  data_time: 0.0276  memory: 8738  loss: 0.9949  decode.loss_ohem: 0.6909  decode.acc_seg: 92.0756  aux_0.loss_ce: 0.3040  aux_0.acc_seg: 86.8858
2026/07/23 00:03:40 - mmengine - INFO - Iter(train) [135200/160000]  lr: 1.8970e-03  eta: 2:25:30  time: 0.3495  data_time: 0.0271  memory: 8737  loss: 0.9846  decode.loss_ohem: 0.6832  decode.acc_seg: 92.4861  aux_0.loss_ce: 0.3013  aux_0.acc_seg: 86.1085
2026/07/23 00:04:15 - mmengine - INFO - Iter(train) [135300/160000]  lr: 1.8902e-03  eta: 2:24:55  time: 0.3503  data_time: 0.0279  memory: 8738  loss: 0.9954  decode.loss_ohem: 0.7056  decode.acc_seg: 95.0732  aux_0.loss_ce: 0.2898  aux_0.acc_seg: 90.2664
2026/07/23 00:04:50 - mmengine - INFO - Iter(train) [135400/160000]  lr: 1.8833e-03  eta: 2:24:20  time: 0.3493  data_time: 0.0271  memory: 8739  loss: 0.9887  decode.loss_ohem: 0.6937  decode.acc_seg: 94.0827  aux_0.loss_ce: 0.2949  aux_0.acc_seg: 90.3739
2026/07/23 00:05:25 - mmengine - INFO - Iter(train) [135500/160000]  lr: 1.8765e-03  eta: 2:23:44  time: 0.3493  data_time: 0.0275  memory: 8741  loss: 1.0181  decode.loss_ohem: 0.7292  decode.acc_seg: 91.2274  aux_0.loss_ce: 0.2890  aux_0.acc_seg: 84.7153
2026/07/23 00:06:00 - mmengine - INFO - Iter(train) [135600/160000]  lr: 1.8696e-03  eta: 2:23:09  time: 0.3490  data_time: 0.0274  memory: 8738  loss: 0.9798  decode.loss_ohem: 0.6809  decode.acc_seg: 93.4154  aux_0.loss_ce: 0.2989  aux_0.acc_seg: 90.2366
2026/07/23 00:06:35 - mmengine - INFO - Iter(train) [135700/160000]  lr: 1.8628e-03  eta: 2:22:34  time: 0.3489  data_time: 0.0267  memory: 8738  loss: 0.9676  decode.loss_ohem: 0.6859  decode.acc_seg: 94.9526  aux_0.loss_ce: 0.2818  aux_0.acc_seg: 90.0890
2026/07/23 00:07:10 - mmengine - INFO - Iter(train) [135800/160000]  lr: 1.8559e-03  eta: 2:21:59  time: 0.3496  data_time: 0.0273  memory: 8737  loss: 1.0497  decode.loss_ohem: 0.7207  decode.acc_seg: 91.7686  aux_0.loss_ce: 0.3290  aux_0.acc_seg: 86.6499
2026/07/23 00:07:45 - mmengine - INFO - Iter(train) [135900/160000]  lr: 1.8490e-03  eta: 2:21:23  time: 0.3510  data_time: 0.0285  memory: 8738  loss: 0.9640  decode.loss_ohem: 0.6737  decode.acc_seg: 94.5744  aux_0.loss_ce: 0.2902  aux_0.acc_seg: 90.2248
2026/07/23 00:08:20 - mmengine - INFO - Exp name: dsanet_cityscapes_512x1024_20260722_104438
2026/07/23 00:08:20 - mmengine - INFO - Iter(train) [136000/160000]  lr: 1.8422e-03  eta: 2:20:48  time: 0.3497  data_time: 0.0278  memory: 8738  loss: 1.0200  decode.loss_ohem: 0.7238  decode.acc_seg: 95.0179  aux_0.loss_ce: 0.2962  aux_0.acc_seg: 90.2637
2026/07/23 00:08:55 - mmengine - INFO - Iter(train) [136100/160000]  lr: 1.8353e-03  eta: 2:20:13  time: 0.3497  data_time: 0.0274  memory: 8737  loss: 0.9490  decode.loss_ohem: 0.6563  decode.acc_seg: 93.6849  aux_0.loss_ce: 0.2926  aux_0.acc_seg: 91.3545
2026/07/23 00:09:30 - mmengine - INFO - Iter(train) [136200/160000]  lr: 1.8284e-03  eta: 2:19:38  time: 0.3500  data_time: 0.0274  memory: 8737  loss: 1.0244  decode.loss_ohem: 0.7251  decode.acc_seg: 92.7778  aux_0.loss_ce: 0.2994  aux_0.acc_seg: 87.4432
2026/07/23 00:10:05 - mmengine - INFO - Iter(train) [136300/160000]  lr: 1.8215e-03  eta: 2:19:02  time: 0.3499  data_time: 0.0280  memory: 8738  loss: 0.9126  decode.loss_ohem: 0.6523  decode.acc_seg: 94.5811  aux_0.loss_ce: 0.2603  aux_0.acc_seg: 91.3120
2026/07/23 00:10:40 - mmengine - INFO - Iter(train) [136400/160000]  lr: 1.8147e-03  eta: 2:18:27  time: 0.3497  data_time: 0.0269  memory: 8739  loss: 1.0466  decode.loss_ohem: 0.7405  decode.acc_seg: 95.3718  aux_0.loss_ce: 0.3061  aux_0.acc_seg: 89.3473
2026/07/23 00:11:15 - mmengine - INFO - Iter(train) [136500/160000]  lr: 1.8078e-03  eta: 2:17:52  time: 0.3491  data_time: 0.0274  memory: 8738  loss: 1.0169  decode.loss_ohem: 0.7012  decode.acc_seg: 93.9194  aux_0.loss_ce: 0.3157  aux_0.acc_seg: 89.3708
2026/07/23 00:11:50 - mmengine - INFO - Iter(train) [136600/160000]  lr: 1.8009e-03  eta: 2:17:17  time: 0.3500  data_time: 0.0281  memory: 8737  loss: 0.9848  decode.loss_ohem: 0.6951  decode.acc_seg: 94.8728  aux_0.loss_ce: 0.2897  aux_0.acc_seg: 91.3414
2026/07/23 00:12:25 - mmengine - INFO - Iter(train) [136700/160000]  lr: 1.7940e-03  eta: 2:16:41  time: 0.3502  data_time: 0.0278  memory: 8738  loss: 0.9929  decode.loss_ohem: 0.6951  decode.acc_seg: 92.4517  aux_0.loss_ce: 0.2978  aux_0.acc_seg: 88.1013
2026/07/23 00:13:00 - mmengine - INFO - Iter(train) [136800/160000]  lr: 1.7871e-03  eta: 2:16:06  time: 0.3495  data_time: 0.0275  memory: 8738  loss: 1.0282  decode.loss_ohem: 0.7094  decode.acc_seg: 91.5644  aux_0.loss_ce: 0.3188  aux_0.acc_seg: 86.0149
2026/07/23 00:13:35 - mmengine - INFO - Iter(train) [136900/160000]  lr: 1.7802e-03  eta: 2:15:31  time: 0.3515  data_time: 0.0288  memory: 8738  loss: 1.0271  decode.loss_ohem: 0.7271  decode.acc_seg: 92.8735  aux_0.loss_ce: 0.3000  aux_0.acc_seg: 87.8140
2026/07/23 00:14:10 - mmengine - INFO - Exp name: dsanet_cityscapes_512x1024_20260722_104438
2026/07/23 00:14:10 - mmengine - INFO - Iter(train) [137000/160000]  lr: 1.7733e-03  eta: 2:14:56  time: 0.3497  data_time: 0.0278  memory: 8737  loss: 1.0220  decode.loss_ohem: 0.7182  decode.acc_seg: 94.3015  aux_0.loss_ce: 0.3038  aux_0.acc_seg: 88.4427
2026/07/23 00:14:45 - mmengine - INFO - Iter(train) [137100/160000]  lr: 1.7664e-03  eta: 2:14:20  time: 0.3509  data_time: 0.0279  memory: 8738  loss: 0.9436  decode.loss_ohem: 0.6427  decode.acc_seg: 92.0542  aux_0.loss_ce: 0.3010  aux_0.acc_seg: 87.3377
2026/07/23 00:15:20 - mmengine - INFO - Iter(train) [137200/160000]  lr: 1.7595e-03  eta: 2:13:45  time: 0.3505  data_time: 0.0287  memory: 8739  loss: 0.9343  decode.loss_ohem: 0.6679  decode.acc_seg: 88.2929  aux_0.loss_ce: 0.2665  aux_0.acc_seg: 85.3185
2026/07/23 00:15:55 - mmengine - INFO - Iter(train) [137300/160000]  lr: 1.7526e-03  eta: 2:13:10  time: 0.3476  data_time: 0.0269  memory: 8739  loss: 1.0252  decode.loss_ohem: 0.7262  decode.acc_seg: 94.1415  aux_0.loss_ce: 0.2990  aux_0.acc_seg: 91.6007
2026/07/23 00:16:30 - mmengine - INFO - Iter(train) [137400/160000]  lr: 1.7457e-03  eta: 2:12:35  time: 0.3480  data_time: 0.0264  memory: 8738  loss: 0.9690  decode.loss_ohem: 0.6792  decode.acc_seg: 93.8399  aux_0.loss_ce: 0.2897  aux_0.acc_seg: 88.2644
2026/07/23 00:17:05 - mmengine - INFO - Iter(train) [137500/160000]  lr: 1.7388e-03  eta: 2:11:59  time: 0.3481  data_time: 0.0267  memory: 8737  loss: 1.0172  decode.loss_ohem: 0.7285  decode.acc_seg: 94.4284  aux_0.loss_ce: 0.2887  aux_0.acc_seg: 91.1712
2026/07/23 00:17:40 - mmengine - INFO - Iter(train) [137600/160000]  lr: 1.7319e-03  eta: 2:11:24  time: 0.3501  data_time: 0.0270  memory: 8738  loss: 1.0632  decode.loss_ohem: 0.7447  decode.acc_seg: 91.1809  aux_0.loss_ce: 0.3186  aux_0.acc_seg: 86.7172
2026/07/23 00:18:15 - mmengine - INFO - Iter(train) [137700/160000]  lr: 1.7249e-03  eta: 2:10:49  time: 0.3493  data_time: 0.0277  memory: 8737  loss: 0.9361  decode.loss_ohem: 0.6621  decode.acc_seg: 91.8727  aux_0.loss_ce: 0.2740  aux_0.acc_seg: 87.2174
2026/07/23 00:18:50 - mmengine - INFO - Iter(train) [137800/160000]  lr: 1.7180e-03  eta: 2:10:14  time: 0.3490  data_time: 0.0275  memory: 8737  loss: 1.0097  decode.loss_ohem: 0.7088  decode.acc_seg: 95.2397  aux_0.loss_ce: 0.3009  aux_0.acc_seg: 90.9083
2026/07/23 00:19:24 - mmengine - INFO - Iter(train) [137900/160000]  lr: 1.7111e-03  eta: 2:09:38  time: 0.3488  data_time: 0.0275  memory: 8738  loss: 1.0498  decode.loss_ohem: 0.7343  decode.acc_seg: 90.4338  aux_0.loss_ce: 0.3155  aux_0.acc_seg: 84.8250
2026/07/23 00:19:59 - mmengine - INFO - Exp name: dsanet_cityscapes_512x1024_20260722_104438
2026/07/23 00:19:59 - mmengine - INFO - Iter(train) [138000/160000]  lr: 1.7042e-03  eta: 2:09:03  time: 0.3506  data_time: 0.0287  memory: 8737  loss: 1.0186  decode.loss_ohem: 0.7241  decode.acc_seg: 92.7732  aux_0.loss_ce: 0.2945  aux_0.acc_seg: 89.2371
2026/07/23 00:20:35 - mmengine - INFO - Iter(train) [138100/160000]  lr: 1.6972e-03  eta: 2:08:28  time: 0.3506  data_time: 0.0281  memory: 8739  loss: 1.0201  decode.loss_ohem: 0.7095  decode.acc_seg: 93.4204  aux_0.loss_ce: 0.3106  aux_0.acc_seg: 90.6305
2026/07/23 00:21:09 - mmengine - INFO - Iter(train) [138200/160000]  lr: 1.6903e-03  eta: 2:07:53  time: 0.3493  data_time: 0.0277  memory: 8738  loss: 0.9820  decode.loss_ohem: 0.7002  decode.acc_seg: 92.7517  aux_0.loss_ce: 0.2818  aux_0.acc_seg: 90.2426
2026/07/23 00:21:44 - mmengine - INFO - Iter(train) [138300/160000]  lr: 1.6834e-03  eta: 2:07:18  time: 0.3489  data_time: 0.0266  memory: 8738  loss: 0.9943  decode.loss_ohem: 0.7073  decode.acc_seg: 93.0559  aux_0.loss_ce: 0.2870  aux_0.acc_seg: 88.4091
2026/07/23 00:22:20 - mmengine - INFO - Iter(train) [138400/160000]  lr: 1.6764e-03  eta: 2:06:42  time: 0.3531  data_time: 0.0281  memory: 8737  loss: 0.9877  decode.loss_ohem: 0.6920  decode.acc_seg: 94.8012  aux_0.loss_ce: 0.2957  aux_0.acc_seg: 91.9100
2026/07/23 00:22:54 - mmengine - INFO - Iter(train) [138500/160000]  lr: 1.6695e-03  eta: 2:06:07  time: 0.3485  data_time: 0.0266  memory: 8738  loss: 0.9590  decode.loss_ohem: 0.6859  decode.acc_seg: 92.8479  aux_0.loss_ce: 0.2731  aux_0.acc_seg: 89.8560
2026/07/23 00:23:29 - mmengine - INFO - Iter(train) [138600/160000]  lr: 1.6625e-03  eta: 2:05:32  time: 0.3496  data_time: 0.0273  memory: 8738  loss: 0.9749  decode.loss_ohem: 0.6797  decode.acc_seg: 94.4027  aux_0.loss_ce: 0.2952  aux_0.acc_seg: 91.6274
2026/07/23 00:24:04 - mmengine - INFO - Iter(train) [138700/160000]  lr: 1.6556e-03  eta: 2:04:57  time: 0.3486  data_time: 0.0265  memory: 8738  loss: 0.9661  decode.loss_ohem: 0.6878  decode.acc_seg: 94.1386  aux_0.loss_ce: 0.2784  aux_0.acc_seg: 90.6453
2026/07/23 00:24:39 - mmengine - INFO - Iter(train) [138800/160000]  lr: 1.6486e-03  eta: 2:04:21  time: 0.3486  data_time: 0.0275  memory: 8740  loss: 1.0100  decode.loss_ohem: 0.7171  decode.acc_seg: 92.9892  aux_0.loss_ce: 0.2929  aux_0.acc_seg: 87.7443
2026/07/23 00:25:14 - mmengine - INFO - Iter(train) [138900/160000]  lr: 1.6417e-03  eta: 2:03:46  time: 0.3473  data_time: 0.0265  memory: 8739  loss: 1.0015  decode.loss_ohem: 0.7191  decode.acc_seg: 93.6303  aux_0.loss_ce: 0.2824  aux_0.acc_seg: 88.7493
2026/07/23 00:25:49 - mmengine - INFO - Exp name: dsanet_cityscapes_512x1024_20260722_104438
2026/07/23 00:25:49 - mmengine - INFO - Iter(train) [139000/160000]  lr: 1.6347e-03  eta: 2:03:11  time: 0.3484  data_time: 0.0273  memory: 8738  loss: 0.9986  decode.loss_ohem: 0.7030  decode.acc_seg: 94.0719  aux_0.loss_ce: 0.2956  aux_0.acc_seg: 91.0356
2026/07/23 00:26:24 - mmengine - INFO - Iter(train) [139100/160000]  lr: 1.6277e-03  eta: 2:02:36  time: 0.3495  data_time: 0.0266  memory: 8736  loss: 1.0085  decode.loss_ohem: 0.7081  decode.acc_seg: 94.4831  aux_0.loss_ce: 0.3004  aux_0.acc_seg: 93.1119
2026/07/23 00:26:59 - mmengine - INFO - Iter(train) [139200/160000]  lr: 1.6208e-03  eta: 2:02:00  time: 0.3509  data_time: 0.0286  memory: 8738  loss: 0.9801  decode.loss_ohem: 0.6811  decode.acc_seg: 93.7101  aux_0.loss_ce: 0.2990  aux_0.acc_seg: 90.2942
2026/07/23 00:27:34 - mmengine - INFO - Iter(train) [139300/160000]  lr: 1.6138e-03  eta: 2:01:25  time: 0.3475  data_time: 0.0263  memory: 8737  loss: 1.0080  decode.loss_ohem: 0.7240  decode.acc_seg: 90.9922  aux_0.loss_ce: 0.2840  aux_0.acc_seg: 86.3950
2026/07/23 00:28:08 - mmengine - INFO - Iter(train) [139400/160000]  lr: 1.6068e-03  eta: 2:00:50  time: 0.3466  data_time: 0.0256  memory: 8737  loss: 1.0377  decode.loss_ohem: 0.7398  decode.acc_seg: 89.4950  aux_0.loss_ce: 0.2979  aux_0.acc_seg: 86.4386
2026/07/23 00:28:43 - mmengine - INFO - Iter(train) [139500/160000]  lr: 1.5998e-03  eta: 2:00:15  time: 0.3491  data_time: 0.0276  memory: 8737  loss: 1.0795  decode.loss_ohem: 0.7693  decode.acc_seg: 93.7706  aux_0.loss_ce: 0.3102  aux_0.acc_seg: 90.6034
2026/07/23 00:29:18 - mmengine - INFO - Iter(train) [139600/160000]  lr: 1.5929e-03  eta: 1:59:39  time: 0.3507  data_time: 0.0275  memory: 8739  loss: 1.1766  decode.loss_ohem: 0.8187  decode.acc_seg: 91.4322  aux_0.loss_ce: 0.3579  aux_0.acc_seg: 87.8339
2026/07/23 00:29:53 - mmengine - INFO - Iter(train) [139700/160000]  lr: 1.5859e-03  eta: 1:59:04  time: 0.3471  data_time: 0.0251  memory: 8738  loss: 1.0613  decode.loss_ohem: 0.7383  decode.acc_seg: 94.6962  aux_0.loss_ce: 0.3230  aux_0.acc_seg: 92.6950
2026/07/23 00:30:28 - mmengine - INFO - Iter(train) [139800/160000]  lr: 1.5789e-03  eta: 1:58:29  time: 0.3476  data_time: 0.0266  memory: 8738  loss: 0.9901  decode.loss_ohem: 0.7086  decode.acc_seg: 92.4144  aux_0.loss_ce: 0.2816  aux_0.acc_seg: 86.6479
2026/07/23 00:31:03 - mmengine - INFO - Iter(train) [139900/160000]  lr: 1.5719e-03  eta: 1:57:54  time: 0.3471  data_time: 0.0262  memory: 8739  loss: 0.9862  decode.loss_ohem: 0.7116  decode.acc_seg: 92.4327  aux_0.loss_ce: 0.2746  aux_0.acc_seg: 87.0538
2026/07/23 00:31:38 - mmengine - INFO - Exp name: dsanet_cityscapes_512x1024_20260722_104438
2026/07/23 00:31:38 - mmengine - INFO - Iter(train) [140000/160000]  lr: 1.5649e-03  eta: 1:57:18  time: 0.3493  data_time: 0.0272  memory: 8737  loss: 0.9953  decode.loss_ohem: 0.6982  decode.acc_seg: 93.1025  aux_0.loss_ce: 0.2970  aux_0.acc_seg: 88.3298
2026/07/23 00:31:38 - mmengine - INFO - Saving checkpoint at 140000 iterations
2026/07/23 00:31:43 - mmengine - INFO - Iter(val) [100/250]    eta: 0:00:06  time: 0.0409  data_time: 0.0092  memory: 729  
2026/07/23 00:31:47 - mmengine - INFO - Iter(val) [200/250]    eta: 0:00:02  time: 0.0426  data_time: 0.0111  memory: 729  
2026/07/23 00:31:50 - mmengine - INFO - per class results:
2026/07/23 00:31:50 - mmengine - INFO - 
+---------------+-------+-------+
|     Class     |  IoU  |  Acc  |
+---------------+-------+-------+
|      road     | 97.65 | 98.55 |
|    sidewalk   | 81.93 | 90.76 |
|    building   | 90.42 | 94.93 |
|      wall     | 54.11 | 63.83 |
|     fence     | 51.84 | 62.81 |
|      pole     | 57.76 | 67.94 |
| traffic light |  57.7 | 69.41 |
|  traffic sign | 68.81 |  78.8 |
|   vegetation  | 90.32 | 95.84 |
|    terrain    | 56.69 | 78.08 |
|      sky      | 93.37 | 97.46 |
|     person    |  75.7 | 88.97 |
|     rider     | 52.96 | 68.02 |
|      car      |  93.4 | 96.92 |
|     truck     |  65.9 | 78.98 |
|      bus      | 73.71 | 81.86 |
|     train     | 62.26 |  83.0 |
|   motorcycle  | 45.77 | 54.98 |
|    bicycle    | 70.16 | 85.55 |
+---------------+-------+-------+
2026/07/23 00:31:50 - mmengine - INFO - Iter(val) [250/250]    aAcc: 94.9100  mIoU: 70.5500  mAcc: 80.8800  data_time: 0.0124  time: 0.0440
2026/07/23 00:32:25 - mmengine - INFO - Iter(train) [140100/160000]  lr: 1.5579e-03  eta: 1:56:43  time: 0.3494  data_time: 0.0270  memory: 8739  loss: 1.0091  decode.loss_ohem: 0.7123  decode.acc_seg: 94.1646  aux_0.loss_ce: 0.2968  aux_0.acc_seg: 89.9212
2026/07/23 00:32:59 - mmengine - INFO - Iter(train) [140200/160000]  lr: 1.5509e-03  eta: 1:56:08  time: 0.3487  data_time: 0.0273  memory: 8737  loss: 0.9956  decode.loss_ohem: 0.7069  decode.acc_seg: 92.1895  aux_0.loss_ce: 0.2886  aux_0.acc_seg: 89.0014
2026/07/23 00:33:34 - mmengine - INFO - Iter(train) [140300/160000]  lr: 1.5439e-03  eta: 1:55:33  time: 0.3480  data_time: 0.0264  memory: 8740  loss: 0.9991  decode.loss_ohem: 0.7060  decode.acc_seg: 93.6183  aux_0.loss_ce: 0.2931  aux_0.acc_seg: 90.0793
2026/07/23 00:34:09 - mmengine - INFO - Iter(train) [140400/160000]  lr: 1.5369e-03  eta: 1:54:57  time: 0.3492  data_time: 0.0275  memory: 8737  loss: 1.1267  decode.loss_ohem: 0.7881  decode.acc_seg: 92.8870  aux_0.loss_ce: 0.3386  aux_0.acc_seg: 89.6222
2026/07/23 00:34:44 - mmengine - INFO - Iter(train) [140500/160000]  lr: 1.5299e-03  eta: 1:54:22  time: 0.3520  data_time: 0.0289  memory: 8738  loss: 1.0298  decode.loss_ohem: 0.7480  decode.acc_seg: 93.8522  aux_0.loss_ce: 0.2818  aux_0.acc_seg: 91.0950
2026/07/23 00:35:19 - mmengine - INFO - Iter(train) [140600/160000]  lr: 1.5229e-03  eta: 1:53:47  time: 0.3512  data_time: 0.0287  memory: 8739  loss: 1.0059  decode.loss_ohem: 0.7067  decode.acc_seg: 93.7640  aux_0.loss_ce: 0.2993  aux_0.acc_seg: 87.9387
2026/07/23 00:35:54 - mmengine - INFO - Iter(train) [140700/160000]  lr: 1.5158e-03  eta: 1:53:12  time: 0.3500  data_time: 0.0279  memory: 8738  loss: 1.0170  decode.loss_ohem: 0.7198  decode.acc_seg: 93.3941  aux_0.loss_ce: 0.2972  aux_0.acc_seg: 89.4581
2026/07/23 00:36:29 - mmengine - INFO - Iter(train) [140800/160000]  lr: 1.5088e-03  eta: 1:52:37  time: 0.3501  data_time: 0.0281  memory: 8739  loss: 0.9831  decode.loss_ohem: 0.6986  decode.acc_seg: 93.0900  aux_0.loss_ce: 0.2844  aux_0.acc_seg: 88.4704
2026/07/23 00:37:04 - mmengine - INFO - Iter(train) [140900/160000]  lr: 1.5018e-03  eta: 1:52:01  time: 0.3490  data_time: 0.0270  memory: 8739  loss: 1.0107  decode.loss_ohem: 0.6951  decode.acc_seg: 93.0492  aux_0.loss_ce: 0.3156  aux_0.acc_seg: 87.5618
2026/07/23 00:37:39 - mmengine - INFO - Exp name: dsanet_cityscapes_512x1024_20260722_104438
2026/07/23 00:37:39 - mmengine - INFO - Iter(train) [141000/160000]  lr: 1.4948e-03  eta: 1:51:26  time: 0.3474  data_time: 0.0253  memory: 8737  loss: 0.9765  decode.loss_ohem: 0.7064  decode.acc_seg: 94.8377  aux_0.loss_ce: 0.2702  aux_0.acc_seg: 91.5406
2026/07/23 00:38:14 - mmengine - INFO - Iter(train) [141100/160000]  lr: 1.4877e-03  eta: 1:50:51  time: 0.3504  data_time: 0.0277  memory: 8737  loss: 0.9759  decode.loss_ohem: 0.6811  decode.acc_seg: 91.9725  aux_0.loss_ce: 0.2948  aux_0.acc_seg: 87.9298
2026/07/23 00:38:49 - mmengine - INFO - Iter(train) [141200/160000]  lr: 1.4807e-03  eta: 1:50:16  time: 0.3505  data_time: 0.0279  memory: 8738  loss: 1.1175  decode.loss_ohem: 0.7732  decode.acc_seg: 92.1241  aux_0.loss_ce: 0.3443  aux_0.acc_seg: 88.8052
2026/07/23 00:39:24 - mmengine - INFO - Iter(train) [141300/160000]  lr: 1.4736e-03  eta: 1:49:40  time: 0.3492  data_time: 0.0275  memory: 8737  loss: 0.9642  decode.loss_ohem: 0.6796  decode.acc_seg: 93.5835  aux_0.loss_ce: 0.2846  aux_0.acc_seg: 90.2413
2026/07/23 00:39:59 - mmengine - INFO - Iter(train) [141400/160000]  lr: 1.4666e-03  eta: 1:49:05  time: 0.3505  data_time: 0.0284  memory: 8738  loss: 0.9393  decode.loss_ohem: 0.6590  decode.acc_seg: 92.9382  aux_0.loss_ce: 0.2803  aux_0.acc_seg: 90.3961
2026/07/23 00:40:34 - mmengine - INFO - Iter(train) [141500/160000]  lr: 1.4595e-03  eta: 1:48:30  time: 0.3507  data_time: 0.0276  memory: 8737  loss: 1.0841  decode.loss_ohem: 0.7726  decode.acc_seg: 91.0885  aux_0.loss_ce: 0.3115  aux_0.acc_seg: 86.0385
2026/07/23 00:41:10 - mmengine - INFO - Iter(train) [141600/160000]  lr: 1.4525e-03  eta: 1:47:55  time: 0.3518  data_time: 0.0291  memory: 8737  loss: 1.0461  decode.loss_ohem: 0.7239  decode.acc_seg: 90.5897  aux_0.loss_ce: 0.3223  aux_0.acc_seg: 83.1722
2026/07/23 00:41:45 - mmengine - INFO - Iter(train) [141700/160000]  lr: 1.4454e-03  eta: 1:47:20  time: 0.3488  data_time: 0.0267  memory: 8738  loss: 0.9671  decode.loss_ohem: 0.6934  decode.acc_seg: 92.7384  aux_0.loss_ce: 0.2737  aux_0.acc_seg: 89.9899
2026/07/23 00:42:20 - mmengine - INFO - Iter(train) [141800/160000]  lr: 1.4384e-03  eta: 1:46:44  time: 0.3511  data_time: 0.0278  memory: 8739  loss: 1.0434  decode.loss_ohem: 0.7534  decode.acc_seg: 92.3713  aux_0.loss_ce: 0.2900  aux_0.acc_seg: 88.2115
2026/07/23 00:42:55 - mmengine - INFO - Iter(train) [141900/160000]  lr: 1.4313e-03  eta: 1:46:09  time: 0.3507  data_time: 0.0280  memory: 8737  loss: 0.9929  decode.loss_ohem: 0.7052  decode.acc_seg: 90.7846  aux_0.loss_ce: 0.2877  aux_0.acc_seg: 88.9637
2026/07/23 00:43:30 - mmengine - INFO - Exp name: dsanet_cityscapes_512x1024_20260722_104438
2026/07/23 00:43:30 - mmengine - INFO - Iter(train) [142000/160000]  lr: 1.4242e-03  eta: 1:45:34  time: 0.3528  data_time: 0.0298  memory: 8738  loss: 1.0509  decode.loss_ohem: 0.7565  decode.acc_seg: 93.1649  aux_0.loss_ce: 0.2943  aux_0.acc_seg: 84.9787
2026/07/23 00:44:04 - mmengine - INFO - Iter(train) [142100/160000]  lr: 1.4172e-03  eta: 1:44:59  time: 0.3485  data_time: 0.0270  memory: 8737  loss: 0.9764  decode.loss_ohem: 0.6973  decode.acc_seg: 94.0671  aux_0.loss_ce: 0.2791  aux_0.acc_seg: 90.3516
2026/07/23 00:44:40 - mmengine - INFO - Iter(train) [142200/160000]  lr: 1.4101e-03  eta: 1:44:24  time: 0.3511  data_time: 0.0288  memory: 8737  loss: 0.9226  decode.loss_ohem: 0.6485  decode.acc_seg: 93.2647  aux_0.loss_ce: 0.2740  aux_0.acc_seg: 90.4596
2026/07/23 00:45:15 - mmengine - INFO - Iter(train) [142300/160000]  lr: 1.4030e-03  eta: 1:43:48  time: 0.3497  data_time: 0.0275  memory: 8736  loss: 0.9932  decode.loss_ohem: 0.7016  decode.acc_seg: 93.8224  aux_0.loss_ce: 0.2917  aux_0.acc_seg: 89.9401
2026/07/23 00:45:50 - mmengine - INFO - Iter(train) [142400/160000]  lr: 1.3959e-03  eta: 1:43:13  time: 0.3479  data_time: 0.0270  memory: 8737  loss: 1.0443  decode.loss_ohem: 0.7555  decode.acc_seg: 94.3191  aux_0.loss_ce: 0.2888  aux_0.acc_seg: 89.5245
2026/07/23 00:46:25 - mmengine - INFO - Iter(train) [142500/160000]  lr: 1.3888e-03  eta: 1:42:38  time: 0.3491  data_time: 0.0277  memory: 8739  loss: 0.9986  decode.loss_ohem: 0.7082  decode.acc_seg: 88.3693  aux_0.loss_ce: 0.2904  aux_0.acc_seg: 84.6797
2026/07/23 00:47:00 - mmengine - INFO - Iter(train) [142600/160000]  lr: 1.3817e-03  eta: 1:42:03  time: 0.3503  data_time: 0.0284  memory: 8738  loss: 0.9328  decode.loss_ohem: 0.6360  decode.acc_seg: 94.1040  aux_0.loss_ce: 0.2968  aux_0.acc_seg: 89.5955
2026/07/23 00:47:35 - mmengine - INFO - Iter(train) [142700/160000]  lr: 1.3746e-03  eta: 1:41:27  time: 0.3476  data_time: 0.0261  memory: 8737  loss: 0.9793  decode.loss_ohem: 0.6890  decode.acc_seg: 93.0083  aux_0.loss_ce: 0.2902  aux_0.acc_seg: 89.4423
2026/07/23 00:48:09 - mmengine - INFO - Iter(train) [142800/160000]  lr: 1.3675e-03  eta: 1:40:52  time: 0.3488  data_time: 0.0268  memory: 8737  loss: 0.9814  decode.loss_ohem: 0.7224  decode.acc_seg: 94.3358  aux_0.loss_ce: 0.2589  aux_0.acc_seg: 91.2668
2026/07/23 00:48:44 - mmengine - INFO - Iter(train) [142900/160000]  lr: 1.3604e-03  eta: 1:40:17  time: 0.3501  data_time: 0.0274  memory: 8737  loss: 0.9944  decode.loss_ohem: 0.7042  decode.acc_seg: 93.7855  aux_0.loss_ce: 0.2902  aux_0.acc_seg: 90.3938
2026/07/23 00:49:19 - mmengine - INFO - Exp name: dsanet_cityscapes_512x1024_20260722_104438
2026/07/23 00:49:19 - mmengine - INFO - Iter(train) [143000/160000]  lr: 1.3533e-03  eta: 1:39:42  time: 0.3482  data_time: 0.0264  memory: 8738  loss: 1.0454  decode.loss_ohem: 0.7114  decode.acc_seg: 93.3750  aux_0.loss_ce: 0.3340  aux_0.acc_seg: 85.9806
2026/07/23 00:49:54 - mmengine - INFO - Iter(train) [143100/160000]  lr: 1.3462e-03  eta: 1:39:07  time: 0.3483  data_time: 0.0269  memory: 8737  loss: 0.9902  decode.loss_ohem: 0.6961  decode.acc_seg: 94.2080  aux_0.loss_ce: 0.2941  aux_0.acc_seg: 89.9442
2026/07/23 00:50:29 - mmengine - INFO - Iter(train) [143200/160000]  lr: 1.3391e-03  eta: 1:38:31  time: 0.3502  data_time: 0.0277  memory: 8737  loss: 0.9764  decode.loss_ohem: 0.6780  decode.acc_seg: 93.2783  aux_0.loss_ce: 0.2984  aux_0.acc_seg: 89.6785
2026/07/23 00:51:04 - mmengine - INFO - Iter(train) [143300/160000]  lr: 1.3320e-03  eta: 1:37:56  time: 0.3527  data_time: 0.0294  memory: 8737  loss: 1.0240  decode.loss_ohem: 0.7206  decode.acc_seg: 91.4957  aux_0.loss_ce: 0.3034  aux_0.acc_seg: 87.9652
2026/07/23 00:51:39 - mmengine - INFO - Iter(train) [143400/160000]  lr: 1.3248e-03  eta: 1:37:21  time: 0.3487  data_time: 0.0270  memory: 8737  loss: 1.0649  decode.loss_ohem: 0.7586  decode.acc_seg: 92.7032  aux_0.loss_ce: 0.3063  aux_0.acc_seg: 89.5404
2026/07/23 00:52:14 - mmengine - INFO - Iter(train) [143500/160000]  lr: 1.3177e-03  eta: 1:36:46  time: 0.3489  data_time: 0.0273  memory: 8738  loss: 0.9715  decode.loss_ohem: 0.6793  decode.acc_seg: 92.1483  aux_0.loss_ce: 0.2922  aux_0.acc_seg: 88.3634
2026/07/23 00:52:49 - mmengine - INFO - Iter(train) [143600/160000]  lr: 1.3106e-03  eta: 1:36:10  time: 0.3490  data_time: 0.0277  memory: 8738  loss: 1.0315  decode.loss_ohem: 0.7237  decode.acc_seg: 94.1702  aux_0.loss_ce: 0.3078  aux_0.acc_seg: 88.9271
2026/07/23 00:53:24 - mmengine - INFO - Iter(train) [143700/160000]  lr: 1.3034e-03  eta: 1:35:35  time: 0.3498  data_time: 0.0277  memory: 8736  loss: 0.9906  decode.loss_ohem: 0.6859  decode.acc_seg: 92.5478  aux_0.loss_ce: 0.3047  aux_0.acc_seg: 86.5086
2026/07/23 00:53:59 - mmengine - INFO - Iter(train) [143800/160000]  lr: 1.2963e-03  eta: 1:35:00  time: 0.3498  data_time: 0.0276  memory: 8737  loss: 0.9921  decode.loss_ohem: 0.7132  decode.acc_seg: 93.2752  aux_0.loss_ce: 0.2789  aux_0.acc_seg: 89.9385
2026/07/23 00:54:34 - mmengine - INFO - Iter(train) [143900/160000]  lr: 1.2891e-03  eta: 1:34:25  time: 0.3471  data_time: 0.0268  memory: 8736  loss: 0.9854  decode.loss_ohem: 0.6985  decode.acc_seg: 92.5118  aux_0.loss_ce: 0.2869  aux_0.acc_seg: 89.3091
2026/07/23 00:55:08 - mmengine - INFO - Exp name: dsanet_cityscapes_512x1024_20260722_104438
2026/07/23 00:55:08 - mmengine - INFO - Iter(train) [144000/160000]  lr: 1.2820e-03  eta: 1:33:50  time: 0.3490  data_time: 0.0272  memory: 8737  loss: 0.9316  decode.loss_ohem: 0.6434  decode.acc_seg: 94.2082  aux_0.loss_ce: 0.2882  aux_0.acc_seg: 91.2823
2026/07/23 00:55:43 - mmengine - INFO - Iter(train) [144100/160000]  lr: 1.2748e-03  eta: 1:33:14  time: 0.3494  data_time: 0.0277  memory: 8738  loss: 1.0259  decode.loss_ohem: 0.7088  decode.acc_seg: 89.3997  aux_0.loss_ce: 0.3171  aux_0.acc_seg: 85.1878
2026/07/23 00:56:18 - mmengine - INFO - Iter(train) [144200/160000]  lr: 1.2677e-03  eta: 1:32:39  time: 0.3480  data_time: 0.0266  memory: 8737  loss: 1.0594  decode.loss_ohem: 0.7373  decode.acc_seg: 91.6326  aux_0.loss_ce: 0.3222  aux_0.acc_seg: 87.6471
2026/07/23 00:56:53 - mmengine - INFO - Iter(train) [144300/160000]  lr: 1.2605e-03  eta: 1:32:04  time: 0.3487  data_time: 0.0270  memory: 8737  loss: 0.9190  decode.loss_ohem: 0.6650  decode.acc_seg: 92.9375  aux_0.loss_ce: 0.2540  aux_0.acc_seg: 89.9315
2026/07/23 00:57:28 - mmengine - INFO - Iter(train) [144400/160000]  lr: 1.2533e-03  eta: 1:31:29  time: 0.3484  data_time: 0.0268  memory: 8741  loss: 1.0413  decode.loss_ohem: 0.7476  decode.acc_seg: 94.3799  aux_0.loss_ce: 0.2937  aux_0.acc_seg: 89.4504
2026/07/23 00:58:03 - mmengine - INFO - Iter(train) [144500/160000]  lr: 1.2462e-03  eta: 1:30:53  time: 0.3493  data_time: 0.0277  memory: 8739  loss: 1.0111  decode.loss_ohem: 0.7102  decode.acc_seg: 92.5576  aux_0.loss_ce: 0.3009  aux_0.acc_seg: 88.0683
2026/07/23 00:58:38 - mmengine - INFO - Iter(train) [144600/160000]  lr: 1.2390e-03  eta: 1:30:18  time: 0.3500  data_time: 0.0279  memory: 8737  loss: 1.0143  decode.loss_ohem: 0.7505  decode.acc_seg: 92.6039  aux_0.loss_ce: 0.2638  aux_0.acc_seg: 88.4730
2026/07/23 00:59:13 - mmengine - INFO - Iter(train) [144700/160000]  lr: 1.2318e-03  eta: 1:29:43  time: 0.3492  data_time: 0.0275  memory: 8737  loss: 0.9328  decode.loss_ohem: 0.6562  decode.acc_seg: 94.5965  aux_0.loss_ce: 0.2766  aux_0.acc_seg: 88.4116
2026/07/23 00:59:48 - mmengine - INFO - Iter(train) [144800/160000]  lr: 1.2246e-03  eta: 1:29:08  time: 0.3516  data_time: 0.0295  memory: 8739  loss: 0.9257  decode.loss_ohem: 0.6652  decode.acc_seg: 94.2847  aux_0.loss_ce: 0.2604  aux_0.acc_seg: 87.6331
2026/07/23 01:00:23 - mmengine - INFO - Iter(train) [144900/160000]  lr: 1.2174e-03  eta: 1:28:33  time: 0.3497  data_time: 0.0280  memory: 8737  loss: 1.1040  decode.loss_ohem: 0.7853  decode.acc_seg: 94.5847  aux_0.loss_ce: 0.3186  aux_0.acc_seg: 91.1812
2026/07/23 01:00:58 - mmengine - INFO - Exp name: dsanet_cityscapes_512x1024_20260722_104438
2026/07/23 01:00:58 - mmengine - INFO - Iter(train) [145000/160000]  lr: 1.2102e-03  eta: 1:27:57  time: 0.3504  data_time: 0.0285  memory: 8736  loss: 0.9612  decode.loss_ohem: 0.6883  decode.acc_seg: 93.1032  aux_0.loss_ce: 0.2729  aux_0.acc_seg: 87.5881
2026/07/23 01:00:58 - mmengine - INFO - Saving checkpoint at 145000 iterations
2026/07/23 01:01:03 - mmengine - INFO - Iter(val) [100/250]    eta: 0:00:06  time: 0.0414  data_time: 0.0098  memory: 729  
2026/07/23 01:01:07 - mmengine - INFO - Iter(val) [200/250]    eta: 0:00:02  time: 0.0411  data_time: 0.0093  memory: 729  
2026/07/23 01:01:09 - mmengine - INFO - per class results:
2026/07/23 01:01:09 - mmengine - INFO - 
+---------------+-------+-------+
|     Class     |  IoU  |  Acc  |
+---------------+-------+-------+
|      road     | 97.57 | 98.39 |
|    sidewalk   | 81.28 | 91.17 |
|    building   | 90.79 | 95.56 |
|      wall     | 53.01 |  62.2 |
|     fence     | 52.85 | 67.52 |
|      pole     | 58.47 | 67.98 |
| traffic light | 56.55 |  67.4 |
|  traffic sign | 69.91 | 77.33 |
|   vegetation  | 91.18 | 96.59 |
|    terrain    | 60.78 |  68.9 |
|      sky      | 93.51 | 97.26 |
|     person    | 75.73 | 87.01 |
|     rider     | 53.27 | 65.85 |
|      car      | 93.23 | 96.84 |
|     truck     | 61.84 | 71.37 |
|      bus      | 76.78 |  89.2 |
|     train     | 67.17 |  81.0 |
|   motorcycle  |  46.2 | 55.57 |
|    bicycle    | 68.96 | 88.71 |
+---------------+-------+-------+
2026/07/23 01:01:09 - mmengine - INFO - Iter(val) [250/250]    aAcc: 95.0500  mIoU: 71.0000  mAcc: 80.3100  data_time: 0.0113  time: 0.0430
2026/07/23 01:01:44 - mmengine - INFO - Iter(train) [145100/160000]  lr: 1.2030e-03  eta: 1:27:22  time: 0.3506  data_time: 0.0282  memory: 8738  loss: 1.0449  decode.loss_ohem: 0.7415  decode.acc_seg: 90.9717  aux_0.loss_ce: 0.3034  aux_0.acc_seg: 85.7575
2026/07/23 01:02:19 - mmengine - INFO - Iter(train) [145200/160000]  lr: 1.1958e-03  eta: 1:26:47  time: 0.3499  data_time: 0.0273  memory: 8737  loss: 0.9641  decode.loss_ohem: 0.6846  decode.acc_seg: 92.6637  aux_0.loss_ce: 0.2794  aux_0.acc_seg: 85.0240
2026/07/23 01:02:54 - mmengine - INFO - Iter(train) [145300/160000]  lr: 1.1886e-03  eta: 1:26:12  time: 0.3495  data_time: 0.0272  memory: 8736  loss: 0.9653  decode.loss_ohem: 0.6801  decode.acc_seg: 93.8472  aux_0.loss_ce: 0.2852  aux_0.acc_seg: 91.0028
2026/07/23 01:03:30 - mmengine - INFO - Iter(train) [145400/160000]  lr: 1.1814e-03  eta: 1:25:37  time: 0.3492  data_time: 0.0273  memory: 8739  loss: 0.9073  decode.loss_ohem: 0.6446  decode.acc_seg: 93.7436  aux_0.loss_ce: 0.2627  aux_0.acc_seg: 91.5147
2026/07/23 01:04:05 - mmengine - INFO - Iter(train) [145500/160000]  lr: 1.1741e-03  eta: 1:25:01  time: 0.3497  data_time: 0.0276  memory: 8737  loss: 0.9969  decode.loss_ohem: 0.7205  decode.acc_seg: 93.8351  aux_0.loss_ce: 0.2764  aux_0.acc_seg: 91.1821
2026/07/23 01:04:40 - mmengine - INFO - Iter(train) [145600/160000]  lr: 1.1669e-03  eta: 1:24:26  time: 0.3504  data_time: 0.0280  memory: 8737  loss: 0.9467  decode.loss_ohem: 0.6735  decode.acc_seg: 93.2568  aux_0.loss_ce: 0.2732  aux_0.acc_seg: 89.5447
2026/07/23 01:05:15 - mmengine - INFO - Iter(train) [145700/160000]  lr: 1.1597e-03  eta: 1:23:51  time: 0.3496  data_time: 0.0274  memory: 8737  loss: 1.0157  decode.loss_ohem: 0.7159  decode.acc_seg: 93.3149  aux_0.loss_ce: 0.2998  aux_0.acc_seg: 88.3703
2026/07/23 01:05:50 - mmengine - INFO - Iter(train) [145800/160000]  lr: 1.1524e-03  eta: 1:23:16  time: 0.3498  data_time: 0.0278  memory: 8737  loss: 0.9819  decode.loss_ohem: 0.6954  decode.acc_seg: 93.9093  aux_0.loss_ce: 0.2865  aux_0.acc_seg: 91.1436
2026/07/23 01:06:25 - mmengine - INFO - Iter(train) [145900/160000]  lr: 1.1452e-03  eta: 1:22:41  time: 0.3498  data_time: 0.0277  memory: 8738  loss: 1.0456  decode.loss_ohem: 0.7131  decode.acc_seg: 92.3528  aux_0.loss_ce: 0.3325  aux_0.acc_seg: 85.7816
2026/07/23 01:07:00 - mmengine - INFO - Exp name: dsanet_cityscapes_512x1024_20260722_104438
2026/07/23 01:07:00 - mmengine - INFO - Iter(train) [146000/160000]  lr: 1.1380e-03  eta: 1:22:05  time: 0.3492  data_time: 0.0264  memory: 8737  loss: 0.9795  decode.loss_ohem: 0.6866  decode.acc_seg: 93.0170  aux_0.loss_ce: 0.2929  aux_0.acc_seg: 90.1619
2026/07/23 01:07:35 - mmengine - INFO - Iter(train) [146100/160000]  lr: 1.1307e-03  eta: 1:21:30  time: 0.3506  data_time: 0.0275  memory: 8737  loss: 1.0228  decode.loss_ohem: 0.7080  decode.acc_seg: 92.6234  aux_0.loss_ce: 0.3148  aux_0.acc_seg: 89.3730
2026/07/23 01:08:10 - mmengine - INFO - Iter(train) [146200/160000]  lr: 1.1234e-03  eta: 1:20:55  time: 0.3497  data_time: 0.0276  memory: 8737  loss: 1.0044  decode.loss_ohem: 0.7116  decode.acc_seg: 94.3730  aux_0.loss_ce: 0.2928  aux_0.acc_seg: 88.8449
2026/07/23 01:08:45 - mmengine - INFO - Iter(train) [146300/160000]  lr: 1.1162e-03  eta: 1:20:20  time: 0.3498  data_time: 0.0276  memory: 8736  loss: 0.9650  decode.loss_ohem: 0.7073  decode.acc_seg: 93.7118  aux_0.loss_ce: 0.2577  aux_0.acc_seg: 90.2873
2026/07/23 01:09:20 - mmengine - INFO - Iter(train) [146400/160000]  lr: 1.1089e-03  eta: 1:19:45  time: 0.3502  data_time: 0.0277  memory: 8737  loss: 1.0183  decode.loss_ohem: 0.7192  decode.acc_seg: 95.7924  aux_0.loss_ce: 0.2991  aux_0.acc_seg: 91.3861
2026/07/23 01:09:55 - mmengine - INFO - Iter(train) [146500/160000]  lr: 1.1016e-03  eta: 1:19:09  time: 0.3514  data_time: 0.0282  memory: 8737  loss: 0.9466  decode.loss_ohem: 0.6781  decode.acc_seg: 94.2002  aux_0.loss_ce: 0.2685  aux_0.acc_seg: 90.1512
2026/07/23 01:10:30 - mmengine - INFO - Iter(train) [146600/160000]  lr: 1.0944e-03  eta: 1:18:34  time: 0.3503  data_time: 0.0280  memory: 8737  loss: 0.9754  decode.loss_ohem: 0.6923  decode.acc_seg: 95.7798  aux_0.loss_ce: 0.2831  aux_0.acc_seg: 93.5032
2026/07/23 01:11:05 - mmengine - INFO - Iter(train) [146700/160000]  lr: 1.0871e-03  eta: 1:17:59  time: 0.3496  data_time: 0.0275  memory: 8738  loss: 0.9481  decode.loss_ohem: 0.6426  decode.acc_seg: 94.4824  aux_0.loss_ce: 0.3055  aux_0.acc_seg: 88.6981
2026/07/23 01:11:40 - mmengine - INFO - Iter(train) [146800/160000]  lr: 1.0798e-03  eta: 1:17:24  time: 0.3527  data_time: 0.0289  memory: 8738  loss: 0.9844  decode.loss_ohem: 0.6988  decode.acc_seg: 95.8162  aux_0.loss_ce: 0.2856  aux_0.acc_seg: 93.2353
2026/07/23 01:12:15 - mmengine - INFO - Iter(train) [146900/160000]  lr: 1.0725e-03  eta: 1:16:49  time: 0.3509  data_time: 0.0280  memory: 8737  loss: 0.9800  decode.loss_ohem: 0.7052  decode.acc_seg: 93.8390  aux_0.loss_ce: 0.2748  aux_0.acc_seg: 90.9974
2026/07/23 01:12:50 - mmengine - INFO - Exp name: dsanet_cityscapes_512x1024_20260722_104438
2026/07/23 01:12:50 - mmengine - INFO - Iter(train) [147000/160000]  lr: 1.0652e-03  eta: 1:16:13  time: 0.3508  data_time: 0.0281  memory: 8738  loss: 0.9689  decode.loss_ohem: 0.6885  decode.acc_seg: 94.0347  aux_0.loss_ce: 0.2804  aux_0.acc_seg: 90.7057
2026/07/23 01:13:25 - mmengine - INFO - Iter(train) [147100/160000]  lr: 1.0579e-03  eta: 1:15:38  time: 0.3512  data_time: 0.0281  memory: 8739  loss: 0.9990  decode.loss_ohem: 0.7029  decode.acc_seg: 93.0812  aux_0.loss_ce: 0.2961  aux_0.acc_seg: 90.3044
2026/07/23 01:14:00 - mmengine - INFO - Iter(train) [147200/160000]  lr: 1.0506e-03  eta: 1:15:03  time: 0.3506  data_time: 0.0282  memory: 8737  loss: 0.9754  decode.loss_ohem: 0.7017  decode.acc_seg: 92.4204  aux_0.loss_ce: 0.2738  aux_0.acc_seg: 88.2243
2026/07/23 01:14:35 - mmengine - INFO - Iter(train) [147300/160000]  lr: 1.0432e-03  eta: 1:14:28  time: 0.3500  data_time: 0.0280  memory: 8738  loss: 1.0108  decode.loss_ohem: 0.7025  decode.acc_seg: 90.0180  aux_0.loss_ce: 0.3084  aux_0.acc_seg: 85.3207
2026/07/23 01:15:10 - mmengine - INFO - Iter(train) [147400/160000]  lr: 1.0359e-03  eta: 1:13:53  time: 0.3508  data_time: 0.0283  memory: 8736  loss: 0.9905  decode.loss_ohem: 0.6956  decode.acc_seg: 93.7973  aux_0.loss_ce: 0.2949  aux_0.acc_seg: 88.6682
2026/07/23 01:15:45 - mmengine - INFO - Iter(train) [147500/160000]  lr: 1.0286e-03  eta: 1:13:17  time: 0.3501  data_time: 0.0276  memory: 8741  loss: 0.9408  decode.loss_ohem: 0.6808  decode.acc_seg: 93.1702  aux_0.loss_ce: 0.2600  aux_0.acc_seg: 89.1042
2026/07/23 01:16:20 - mmengine - INFO - Iter(train) [147600/160000]  lr: 1.0212e-03  eta: 1:12:42  time: 0.3494  data_time: 0.0274  memory: 8738  loss: 1.0116  decode.loss_ohem: 0.7249  decode.acc_seg: 94.4825  aux_0.loss_ce: 0.2867  aux_0.acc_seg: 88.0283
2026/07/23 01:16:55 - mmengine - INFO - Iter(train) [147700/160000]  lr: 1.0139e-03  eta: 1:12:07  time: 0.3495  data_time: 0.0276  memory: 8737  loss: 1.0086  decode.loss_ohem: 0.7174  decode.acc_seg: 92.3723  aux_0.loss_ce: 0.2912  aux_0.acc_seg: 86.3688
2026/07/23 01:17:30 - mmengine - INFO - Iter(train) [147800/160000]  lr: 1.0066e-03  eta: 1:11:32  time: 0.3538  data_time: 0.0282  memory: 8738  loss: 1.0163  decode.loss_ohem: 0.7282  decode.acc_seg: 94.1819  aux_0.loss_ce: 0.2882  aux_0.acc_seg: 89.4051
2026/07/23 01:18:05 - mmengine - INFO - Iter(train) [147900/160000]  lr: 9.9920e-04  eta: 1:10:57  time: 0.3500  data_time: 0.0280  memory: 8738  loss: 0.9983  decode.loss_ohem: 0.7000  decode.acc_seg: 94.1355  aux_0.loss_ce: 0.2983  aux_0.acc_seg: 89.9725
2026/07/23 01:18:40 - mmengine - INFO - Exp name: dsanet_cityscapes_512x1024_20260722_104438
2026/07/23 01:18:40 - mmengine - INFO - Iter(train) [148000/160000]  lr: 9.9184e-04  eta: 1:10:21  time: 0.3497  data_time: 0.0274  memory: 8737  loss: 0.9258  decode.loss_ohem: 0.6701  decode.acc_seg: 95.3067  aux_0.loss_ce: 0.2557  aux_0.acc_seg: 92.1534
2026/07/23 01:19:15 - mmengine - INFO - Iter(train) [148100/160000]  lr: 9.8447e-04  eta: 1:09:46  time: 0.3493  data_time: 0.0276  memory: 8737  loss: 1.0049  decode.loss_ohem: 0.6973  decode.acc_seg: 92.5540  aux_0.loss_ce: 0.3075  aux_0.acc_seg: 87.2193
2026/07/23 01:19:50 - mmengine - INFO - Iter(train) [148200/160000]  lr: 9.7710e-04  eta: 1:09:11  time: 0.3503  data_time: 0.0276  memory: 8736  loss: 0.9947  decode.loss_ohem: 0.7082  decode.acc_seg: 94.7705  aux_0.loss_ce: 0.2865  aux_0.acc_seg: 91.0284
2026/07/23 01:20:25 - mmengine - INFO - Iter(train) [148300/160000]  lr: 9.6972e-04  eta: 1:08:36  time: 0.3491  data_time: 0.0272  memory: 8738  loss: 0.9671  decode.loss_ohem: 0.6991  decode.acc_seg: 94.8147  aux_0.loss_ce: 0.2680  aux_0.acc_seg: 92.6312
2026/07/23 01:21:01 - mmengine - INFO - Iter(train) [148400/160000]  lr: 9.6233e-04  eta: 1:08:01  time: 0.3503  data_time: 0.0277  memory: 8738  loss: 1.0100  decode.loss_ohem: 0.7038  decode.acc_seg: 92.4674  aux_0.loss_ce: 0.3062  aux_0.acc_seg: 88.9785
2026/07/23 01:21:36 - mmengine - INFO - Iter(train) [148500/160000]  lr: 9.5494e-04  eta: 1:07:25  time: 0.3500  data_time: 0.0276  memory: 8738  loss: 0.8765  decode.loss_ohem: 0.6341  decode.acc_seg: 95.7604  aux_0.loss_ce: 0.2424  aux_0.acc_seg: 93.1299
2026/07/23 01:22:11 - mmengine - INFO - Iter(train) [148600/160000]  lr: 9.4754e-04  eta: 1:06:50  time: 0.3489  data_time: 0.0274  memory: 8737  loss: 0.9020  decode.loss_ohem: 0.6436  decode.acc_seg: 94.9955  aux_0.loss_ce: 0.2584  aux_0.acc_seg: 91.1770
2026/07/23 01:22:46 - mmengine - INFO - Iter(train) [148700/160000]  lr: 9.4014e-04  eta: 1:06:15  time: 0.3503  data_time: 0.0280  memory: 8737  loss: 1.0242  decode.loss_ohem: 0.7203  decode.acc_seg: 93.9367  aux_0.loss_ce: 0.3039  aux_0.acc_seg: 90.6403
2026/07/23 01:23:21 - mmengine - INFO - Iter(train) [148800/160000]  lr: 9.3273e-04  eta: 1:05:40  time: 0.3483  data_time: 0.0269  memory: 8737  loss: 0.9372  decode.loss_ohem: 0.6656  decode.acc_seg: 92.2065  aux_0.loss_ce: 0.2717  aux_0.acc_seg: 88.9248
2026/07/23 01:23:55 - mmengine - INFO - Iter(train) [148900/160000]  lr: 9.2531e-04  eta: 1:05:05  time: 0.3482  data_time: 0.0263  memory: 8738  loss: 0.9835  decode.loss_ohem: 0.7033  decode.acc_seg: 93.8518  aux_0.loss_ce: 0.2802  aux_0.acc_seg: 91.4788
2026/07/23 01:24:30 - mmengine - INFO - Exp name: dsanet_cityscapes_512x1024_20260722_104438
2026/07/23 01:24:30 - mmengine - INFO - Iter(train) [149000/160000]  lr: 9.1788e-04  eta: 1:04:29  time: 0.3500  data_time: 0.0276  memory: 8737  loss: 0.9580  decode.loss_ohem: 0.6773  decode.acc_seg: 92.3753  aux_0.loss_ce: 0.2806  aux_0.acc_seg: 86.7973
2026/07/23 01:25:05 - mmengine - INFO - Iter(train) [149100/160000]  lr: 9.1045e-04  eta: 1:03:54  time: 0.3507  data_time: 0.0277  memory: 8737  loss: 1.0017  decode.loss_ohem: 0.6930  decode.acc_seg: 92.9328  aux_0.loss_ce: 0.3087  aux_0.acc_seg: 88.9947
2026/07/23 01:25:40 - mmengine - INFO - Iter(train) [149200/160000]  lr: 9.0301e-04  eta: 1:03:19  time: 0.3509  data_time: 0.0281  memory: 8737  loss: 1.0192  decode.loss_ohem: 0.7406  decode.acc_seg: 94.2598  aux_0.loss_ce: 0.2786  aux_0.acc_seg: 92.0072
2026/07/23 01:26:15 - mmengine - INFO - Iter(train) [149300/160000]  lr: 8.9557e-04  eta: 1:02:44  time: 0.3500  data_time: 0.0280  memory: 8737  loss: 0.9175  decode.loss_ohem: 0.6574  decode.acc_seg: 94.9002  aux_0.loss_ce: 0.2602  aux_0.acc_seg: 92.2000
2026/07/23 01:26:50 - mmengine - INFO - Iter(train) [149400/160000]  lr: 8.8812e-04  eta: 1:02:09  time: 0.3505  data_time: 0.0280  memory: 8737  loss: 0.9719  decode.loss_ohem: 0.6838  decode.acc_seg: 93.8130  aux_0.loss_ce: 0.2881  aux_0.acc_seg: 89.0933
2026/07/23 01:27:25 - mmengine - INFO - Iter(train) [149500/160000]  lr: 8.8066e-04  eta: 1:01:33  time: 0.3501  data_time: 0.0283  memory: 8739  loss: 0.9539  decode.loss_ohem: 0.6883  decode.acc_seg: 95.1100  aux_0.loss_ce: 0.2656  aux_0.acc_seg: 90.5157
2026/07/23 01:28:00 - mmengine - INFO - Iter(train) [149600/160000]  lr: 8.7319e-04  eta: 1:00:58  time: 0.3492  data_time: 0.0270  memory: 8737  loss: 0.9768  decode.loss_ohem: 0.6983  decode.acc_seg: 93.2024  aux_0.loss_ce: 0.2785  aux_0.acc_seg: 88.5598
2026/07/23 01:28:35 - mmengine - INFO - Iter(train) [149700/160000]  lr: 8.6572e-04  eta: 1:00:23  time: 0.3497  data_time: 0.0280  memory: 8737  loss: 0.9801  decode.loss_ohem: 0.7074  decode.acc_seg: 91.2455  aux_0.loss_ce: 0.2727  aux_0.acc_seg: 85.5155
2026/07/23 01:29:10 - mmengine - INFO - Iter(train) [149800/160000]  lr: 8.5824e-04  eta: 0:59:48  time: 0.3491  data_time: 0.0270  memory: 8738  loss: 0.9859  decode.loss_ohem: 0.6992  decode.acc_seg: 90.7370  aux_0.loss_ce: 0.2867  aux_0.acc_seg: 83.7997
2026/07/23 01:29:45 - mmengine - INFO - Iter(train) [149900/160000]  lr: 8.5075e-04  eta: 0:59:13  time: 0.3500  data_time: 0.0281  memory: 8736  loss: 0.9624  decode.loss_ohem: 0.6780  decode.acc_seg: 94.0331  aux_0.loss_ce: 0.2844  aux_0.acc_seg: 90.1689
2026/07/23 01:30:20 - mmengine - INFO - Exp name: dsanet_cityscapes_512x1024_20260722_104438
2026/07/23 01:30:20 - mmengine - INFO - Iter(train) [150000/160000]  lr: 8.4325e-04  eta: 0:58:37  time: 0.3499  data_time: 0.0276  memory: 8736  loss: 0.9981  decode.loss_ohem: 0.7044  decode.acc_seg: 93.4243  aux_0.loss_ce: 0.2937  aux_0.acc_seg: 87.9496
2026/07/23 01:30:20 - mmengine - INFO - Saving checkpoint at 150000 iterations
2026/07/23 01:30:26 - mmengine - INFO - Iter(val) [100/250]    eta: 0:00:06  time: 0.0408  data_time: 0.0093  memory: 729  
2026/07/23 01:30:30 - mmengine - INFO - Iter(val) [200/250]    eta: 0:00:02  time: 0.0414  data_time: 0.0095  memory: 729  
2026/07/23 01:30:32 - mmengine - INFO - per class results:
2026/07/23 01:30:32 - mmengine - INFO - 
+---------------+-------+-------+
|     Class     |  IoU  |  Acc  |
+---------------+-------+-------+
|      road     | 97.79 | 98.68 |
|    sidewalk   | 82.45 | 91.82 |
|    building   | 90.88 | 95.48 |
|      wall     | 54.64 | 65.32 |
|     fence     | 55.24 | 71.34 |
|      pole     | 59.85 | 72.38 |
| traffic light | 57.56 | 66.52 |
|  traffic sign | 70.83 | 78.13 |
|   vegetation  | 91.12 | 95.55 |
|    terrain    | 58.66 | 75.95 |
|      sky      | 93.38 | 97.67 |
|     person    | 76.48 | 87.99 |
|     rider     | 53.11 | 64.87 |
|      car      |  93.5 | 96.86 |
|     truck     |  68.1 | 78.24 |
|      bus      | 79.74 |  84.2 |
|     train     | 72.05 | 87.15 |
|   motorcycle  | 50.13 |  58.3 |
|    bicycle    | 71.48 | 84.75 |
+---------------+-------+-------+
2026/07/23 01:30:32 - mmengine - INFO - Iter(val) [250/250]    aAcc: 95.1900  mIoU: 72.4700  mAcc: 81.6400  data_time: 0.0116  time: 0.0434
2026/07/23 01:30:32 - mmengine - INFO - The previous best checkpoint /root/autodl-tmp/DSANet-main/tools/work_dirs/dsanet_cityscapes_512x1024/best_mIoU_iter_135000.pth is removed
2026/07/23 01:30:32 - mmengine - INFO - The best checkpoint with 72.4700 mIoU at 150000 iter is saved to best_mIoU_iter_150000.pth.
2026/07/23 01:31:08 - mmengine - INFO - Iter(train) [150100/160000]  lr: 8.3575e-04  eta: 0:58:02  time: 0.3498  data_time: 0.0276  memory: 8739  loss: 0.9500  decode.loss_ohem: 0.6720  decode.acc_seg: 95.6825  aux_0.loss_ce: 0.2780  aux_0.acc_seg: 89.8414
2026/07/23 01:31:43 - mmengine - INFO - Iter(train) [150200/160000]  lr: 8.2824e-04  eta: 0:57:27  time: 0.3512  data_time: 0.0291  memory: 8737  loss: 1.0446  decode.loss_ohem: 0.7569  decode.acc_seg: 95.2741  aux_0.loss_ce: 0.2877  aux_0.acc_seg: 89.1954
2026/07/23 01:32:18 - mmengine - INFO - Iter(train) [150300/160000]  lr: 8.2072e-04  eta: 0:56:52  time: 0.3493  data_time: 0.0276  memory: 8738  loss: 0.9761  decode.loss_ohem: 0.6961  decode.acc_seg: 95.4462  aux_0.loss_ce: 0.2801  aux_0.acc_seg: 92.0688
2026/07/23 01:32:53 - mmengine - INFO - Iter(train) [150400/160000]  lr: 8.1319e-04  eta: 0:56:17  time: 0.3492  data_time: 0.0278  memory: 8737  loss: 0.9571  decode.loss_ohem: 0.6874  decode.acc_seg: 93.4481  aux_0.loss_ce: 0.2698  aux_0.acc_seg: 90.0762
2026/07/23 01:33:28 - mmengine - INFO - Iter(train) [150500/160000]  lr: 8.0566e-04  eta: 0:55:42  time: 0.3498  data_time: 0.0277  memory: 8738  loss: 0.9402  decode.loss_ohem: 0.6662  decode.acc_seg: 93.1002  aux_0.loss_ce: 0.2740  aux_0.acc_seg: 87.7856
2026/07/23 01:34:03 - mmengine - INFO - Iter(train) [150600/160000]  lr: 7.9812e-04  eta: 0:55:06  time: 0.3512  data_time: 0.0287  memory: 8736  loss: 0.9834  decode.loss_ohem: 0.6881  decode.acc_seg: 92.3679  aux_0.loss_ce: 0.2953  aux_0.acc_seg: 87.1729
2026/07/23 01:34:38 - mmengine - INFO - Iter(train) [150700/160000]  lr: 7.9057e-04  eta: 0:54:31  time: 0.3499  data_time: 0.0280  memory: 8738  loss: 1.0279  decode.loss_ohem: 0.7542  decode.acc_seg: 92.3624  aux_0.loss_ce: 0.2736  aux_0.acc_seg: 89.3883
2026/07/23 01:35:13 - mmengine - INFO - Iter(train) [150800/160000]  lr: 7.8301e-04  eta: 0:53:56  time: 0.3493  data_time: 0.0273  memory: 8736  loss: 0.9963  decode.loss_ohem: 0.7004  decode.acc_seg: 94.5887  aux_0.loss_ce: 0.2959  aux_0.acc_seg: 87.9325
2026/07/23 01:35:48 - mmengine - INFO - Iter(train) [150900/160000]  lr: 7.7544e-04  eta: 0:53:21  time: 0.3501  data_time: 0.0279  memory: 8737  loss: 0.9852  decode.loss_ohem: 0.6885  decode.acc_seg: 93.5029  aux_0.loss_ce: 0.2968  aux_0.acc_seg: 89.0032
2026/07/23 01:36:23 - mmengine - INFO - Exp name: dsanet_cityscapes_512x1024_20260722_104438
2026/07/23 01:36:23 - mmengine - INFO - Iter(train) [151000/160000]  lr: 7.6787e-04  eta: 0:52:46  time: 0.3512  data_time: 0.0292  memory: 8737  loss: 0.9740  decode.loss_ohem: 0.7006  decode.acc_seg: 94.0958  aux_0.loss_ce: 0.2734  aux_0.acc_seg: 91.0917
2026/07/23 01:36:58 - mmengine - INFO - Iter(train) [151100/160000]  lr: 7.6029e-04  eta: 0:52:10  time: 0.3493  data_time: 0.0276  memory: 8737  loss: 1.0275  decode.loss_ohem: 0.7491  decode.acc_seg: 92.8449  aux_0.loss_ce: 0.2784  aux_0.acc_seg: 88.5860
2026/07/23 01:37:33 - mmengine - INFO - Iter(train) [151200/160000]  lr: 7.5270e-04  eta: 0:51:35  time: 0.3491  data_time: 0.0271  memory: 8737  loss: 0.9575  decode.loss_ohem: 0.6813  decode.acc_seg: 94.1437  aux_0.loss_ce: 0.2762  aux_0.acc_seg: 89.7002
2026/07/23 01:38:08 - mmengine - INFO - Iter(train) [151300/160000]  lr: 7.4510e-04  eta: 0:51:00  time: 0.3508  data_time: 0.0287  memory: 8737  loss: 0.9750  decode.loss_ohem: 0.7043  decode.acc_seg: 92.8026  aux_0.loss_ce: 0.2707  aux_0.acc_seg: 88.0948
2026/07/23 01:38:43 - mmengine - INFO - Iter(train) [151400/160000]  lr: 7.3749e-04  eta: 0:50:25  time: 0.3504  data_time: 0.0277  memory: 8738  loss: 0.9078  decode.loss_ohem: 0.6502  decode.acc_seg: 93.6970  aux_0.loss_ce: 0.2576  aux_0.acc_seg: 91.3754
2026/07/23 01:39:18 - mmengine - INFO - Iter(train) [151500/160000]  lr: 7.2987e-04  eta: 0:49:50  time: 0.3489  data_time: 0.0275  memory: 8737  loss: 0.9031  decode.loss_ohem: 0.6567  decode.acc_seg: 91.7762  aux_0.loss_ce: 0.2463  aux_0.acc_seg: 87.7982
2026/07/23 01:39:53 - mmengine - INFO - Iter(train) [151600/160000]  lr: 7.2224e-04  eta: 0:49:14  time: 0.3515  data_time: 0.0287  memory: 8737  loss: 0.9544  decode.loss_ohem: 0.6785  decode.acc_seg: 93.8205  aux_0.loss_ce: 0.2759  aux_0.acc_seg: 90.1563
2026/07/23 01:40:28 - mmengine - INFO - Iter(train) [151700/160000]  lr: 7.1461e-04  eta: 0:48:39  time: 0.3499  data_time: 0.0279  memory: 8737  loss: 0.9314  decode.loss_ohem: 0.6647  decode.acc_seg: 94.5948  aux_0.loss_ce: 0.2667  aux_0.acc_seg: 91.9523
2026/07/23 01:41:03 - mmengine - INFO - Iter(train) [151800/160000]  lr: 7.0696e-04  eta: 0:48:04  time: 0.3506  data_time: 0.0277  memory: 8736  loss: 0.9386  decode.loss_ohem: 0.6740  decode.acc_seg: 94.5493  aux_0.loss_ce: 0.2646  aux_0.acc_seg: 90.7120
2026/07/23 01:41:38 - mmengine - INFO - Iter(train) [151900/160000]  lr: 6.9931e-04  eta: 0:47:29  time: 0.3503  data_time: 0.0278  memory: 8736  loss: 1.0261  decode.loss_ohem: 0.7095  decode.acc_seg: 93.5887  aux_0.loss_ce: 0.3166  aux_0.acc_seg: 88.2276
2026/07/23 01:42:13 - mmengine - INFO - Exp name: dsanet_cityscapes_512x1024_20260722_104438
2026/07/23 01:42:13 - mmengine - INFO - Iter(train) [152000/160000]  lr: 6.9164e-04  eta: 0:46:54  time: 0.3500  data_time: 0.0273  memory: 8736  loss: 0.9746  decode.loss_ohem: 0.6729  decode.acc_seg: 92.7715  aux_0.loss_ce: 0.3017  aux_0.acc_seg: 88.4602
2026/07/23 01:42:48 - mmengine - INFO - Iter(train) [152100/160000]  lr: 6.8397e-04  eta: 0:46:19  time: 0.3506  data_time: 0.0275  memory: 8737  loss: 0.9344  decode.loss_ohem: 0.6680  decode.acc_seg: 94.7812  aux_0.loss_ce: 0.2664  aux_0.acc_seg: 91.1777
2026/07/23 01:43:23 - mmengine - INFO - Iter(train) [152200/160000]  lr: 6.7629e-04  eta: 0:45:43  time: 0.3501  data_time: 0.0282  memory: 8736  loss: 0.9777  decode.loss_ohem: 0.7058  decode.acc_seg: 93.1105  aux_0.loss_ce: 0.2719  aux_0.acc_seg: 87.9887
2026/07/23 01:43:58 - mmengine - INFO - Iter(train) [152300/160000]  lr: 6.6859e-04  eta: 0:45:08  time: 0.3500  data_time: 0.0280  memory: 8736  loss: 0.9806  decode.loss_ohem: 0.6905  decode.acc_seg: 93.9540  aux_0.loss_ce: 0.2901  aux_0.acc_seg: 89.9498
2026/07/23 01:44:33 - mmengine - INFO - Iter(train) [152400/160000]  lr: 6.6089e-04  eta: 0:44:33  time: 0.3504  data_time: 0.0281  memory: 8736  loss: 0.9431  decode.loss_ohem: 0.6718  decode.acc_seg: 94.3758  aux_0.loss_ce: 0.2713  aux_0.acc_seg: 88.3029
2026/07/23 01:45:08 - mmengine - INFO - Iter(train) [152500/160000]  lr: 6.5318e-04  eta: 0:43:58  time: 0.3505  data_time: 0.0281  memory: 8737  loss: 0.9345  decode.loss_ohem: 0.6504  decode.acc_seg: 91.6349  aux_0.loss_ce: 0.2841  aux_0.acc_seg: 85.8461
2026/07/23 01:45:43 - mmengine - INFO - Iter(train) [152600/160000]  lr: 6.4546e-04  eta: 0:43:23  time: 0.3495  data_time: 0.0274  memory: 8736  loss: 1.0533  decode.loss_ohem: 0.7584  decode.acc_seg: 93.9121  aux_0.loss_ce: 0.2949  aux_0.acc_seg: 90.3495
2026/07/23 01:46:18 - mmengine - INFO - Iter(train) [152700/160000]  lr: 6.3772e-04  eta: 0:42:47  time: 0.3491  data_time: 0.0272  memory: 8738  loss: 0.9858  decode.loss_ohem: 0.7011  decode.acc_seg: 93.8457  aux_0.loss_ce: 0.2847  aux_0.acc_seg: 91.1836
2026/07/23 01:46:53 - mmengine - INFO - Iter(train) [152800/160000]  lr: 6.2998e-04  eta: 0:42:12  time: 0.3501  data_time: 0.0278  memory: 8736  loss: 0.9963  decode.loss_ohem: 0.7180  decode.acc_seg: 91.7082  aux_0.loss_ce: 0.2783  aux_0.acc_seg: 89.4290
2026/07/23 01:47:28 - mmengine - INFO - Iter(train) [152900/160000]  lr: 6.2222e-04  eta: 0:41:37  time: 0.3519  data_time: 0.0291  memory: 8736  loss: 1.0031  decode.loss_ohem: 0.7122  decode.acc_seg: 92.8099  aux_0.loss_ce: 0.2910  aux_0.acc_seg: 88.5086
2026/07/23 01:48:03 - mmengine - INFO - Exp name: dsanet_cityscapes_512x1024_20260722_104438
2026/07/23 01:48:03 - mmengine - INFO - Iter(train) [153000/160000]  lr: 6.1446e-04  eta: 0:41:02  time: 0.3488  data_time: 0.0267  memory: 8737  loss: 0.9253  decode.loss_ohem: 0.6882  decode.acc_seg: 95.1990  aux_0.loss_ce: 0.2372  aux_0.acc_seg: 91.7092
2026/07/23 01:48:38 - mmengine - INFO - Iter(train) [153100/160000]  lr: 6.0668e-04  eta: 0:40:27  time: 0.3487  data_time: 0.0276  memory: 8737  loss: 0.9487  decode.loss_ohem: 0.6826  decode.acc_seg: 95.1003  aux_0.loss_ce: 0.2661  aux_0.acc_seg: 92.0321
2026/07/23 01:49:13 - mmengine - INFO - Iter(train) [153200/160000]  lr: 5.9889e-04  eta: 0:39:51  time: 0.3495  data_time: 0.0278  memory: 8736  loss: 0.9274  decode.loss_ohem: 0.6691  decode.acc_seg: 93.6354  aux_0.loss_ce: 0.2583  aux_0.acc_seg: 89.3302
2026/07/23 01:49:48 - mmengine - INFO - Iter(train) [153300/160000]  lr: 5.9109e-04  eta: 0:39:16  time: 0.3497  data_time: 0.0279  memory: 8738  loss: 0.9160  decode.loss_ohem: 0.6510  decode.acc_seg: 93.9193  aux_0.loss_ce: 0.2649  aux_0.acc_seg: 90.5259
2026/07/23 01:50:23 - mmengine - INFO - Iter(train) [153400/160000]  lr: 5.8328e-04  eta: 0:38:41  time: 0.3497  data_time: 0.0274  memory: 8737  loss: 0.9045  decode.loss_ohem: 0.6324  decode.acc_seg: 94.1834  aux_0.loss_ce: 0.2721  aux_0.acc_seg: 87.3771
2026/07/23 01:50:58 - mmengine - INFO - Iter(train) [153500/160000]  lr: 5.7546e-04  eta: 0:38:06  time: 0.3496  data_time: 0.0278  memory: 8738  loss: 0.8795  decode.loss_ohem: 0.6272  decode.acc_seg: 94.7366  aux_0.loss_ce: 0.2523  aux_0.acc_seg: 89.4273
2026/07/23 01:51:33 - mmengine - INFO - Iter(train) [153600/160000]  lr: 5.6762e-04  eta: 0:37:31  time: 0.3493  data_time: 0.0273  memory: 8737  loss: 0.9838  decode.loss_ohem: 0.6993  decode.acc_seg: 93.7717  aux_0.loss_ce: 0.2844  aux_0.acc_seg: 88.4972
2026/07/23 01:52:08 - mmengine - INFO - Iter(train) [153700/160000]  lr: 5.5977e-04  eta: 0:36:56  time: 0.3491  data_time: 0.0274  memory: 8738  loss: 0.9836  decode.loss_ohem: 0.6980  decode.acc_seg: 96.0886  aux_0.loss_ce: 0.2856  aux_0.acc_seg: 92.0635
2026/07/23 01:52:43 - mmengine - INFO - Iter(train) [153800/160000]  lr: 5.5191e-04  eta: 0:36:20  time: 0.3487  data_time: 0.0273  memory: 8736  loss: 0.9908  decode.loss_ohem: 0.6754  decode.acc_seg: 91.9464  aux_0.loss_ce: 0.3155  aux_0.acc_seg: 85.5707
2026/07/23 01:53:18 - mmengine - INFO - Iter(train) [153900/160000]  lr: 5.4404e-04  eta: 0:35:45  time: 0.3497  data_time: 0.0278  memory: 8737  loss: 1.0190  decode.loss_ohem: 0.7295  decode.acc_seg: 94.6553  aux_0.loss_ce: 0.2895  aux_0.acc_seg: 91.1350
2026/07/23 01:53:53 - mmengine - INFO - Exp name: dsanet_cityscapes_512x1024_20260722_104438
2026/07/23 01:53:53 - mmengine - INFO - Iter(train) [154000/160000]  lr: 5.3615e-04  eta: 0:35:10  time: 0.3491  data_time: 0.0271  memory: 8736  loss: 1.0101  decode.loss_ohem: 0.7332  decode.acc_seg: 94.7704  aux_0.loss_ce: 0.2769  aux_0.acc_seg: 88.7917
2026/07/23 01:54:28 - mmengine - INFO - Iter(train) [154100/160000]  lr: 5.2825e-04  eta: 0:34:35  time: 0.3506  data_time: 0.0282  memory: 8737  loss: 1.0210  decode.loss_ohem: 0.7141  decode.acc_seg: 93.3568  aux_0.loss_ce: 0.3069  aux_0.acc_seg: 86.0389
2026/07/23 01:55:03 - mmengine - INFO - Iter(train) [154200/160000]  lr: 5.2034e-04  eta: 0:34:00  time: 0.3494  data_time: 0.0272  memory: 8738  loss: 0.9343  decode.loss_ohem: 0.6824  decode.acc_seg: 93.4740  aux_0.loss_ce: 0.2519  aux_0.acc_seg: 89.9562
2026/07/23 01:55:38 - mmengine - INFO - Iter(train) [154300/160000]  lr: 5.1242e-04  eta: 0:33:24  time: 0.3490  data_time: 0.0271  memory: 8737  loss: 1.0053  decode.loss_ohem: 0.7080  decode.acc_seg: 93.4411  aux_0.loss_ce: 0.2973  aux_0.acc_seg: 90.2983
2026/07/23 01:56:13 - mmengine - INFO - Iter(train) [154400/160000]  lr: 5.0448e-04  eta: 0:32:49  time: 0.3502  data_time: 0.0282  memory: 8737  loss: 0.9682  decode.loss_ohem: 0.7078  decode.acc_seg: 95.3952  aux_0.loss_ce: 0.2603  aux_0.acc_seg: 92.4206
2026/07/23 01:56:48 - mmengine - INFO - Iter(train) [154500/160000]  lr: 4.9652e-04  eta: 0:32:14  time: 0.3496  data_time: 0.0274  memory: 8737  loss: 0.9359  decode.loss_ohem: 0.6523  decode.acc_seg: 93.3602  aux_0.loss_ce: 0.2836  aux_0.acc_seg: 85.6013
2026/07/23 01:57:23 - mmengine - INFO - Iter(train) [154600/160000]  lr: 4.8855e-04  eta: 0:31:39  time: 0.3497  data_time: 0.0275  memory: 8737  loss: 0.9654  decode.loss_ohem: 0.6877  decode.acc_seg: 93.8279  aux_0.loss_ce: 0.2777  aux_0.acc_seg: 88.7825
2026/07/23 01:57:58 - mmengine - INFO - Iter(train) [154700/160000]  lr: 4.8057e-04  eta: 0:31:04  time: 0.3491  data_time: 0.0271  memory: 8737  loss: 0.9908  decode.loss_ohem: 0.6948  decode.acc_seg: 92.4866  aux_0.loss_ce: 0.2960  aux_0.acc_seg: 89.1776
2026/07/23 01:58:33 - mmengine - INFO - Iter(train) [154800/160000]  lr: 4.7257e-04  eta: 0:30:29  time: 0.3507  data_time: 0.0287  memory: 8737  loss: 1.0035  decode.loss_ohem: 0.7118  decode.acc_seg: 93.9371  aux_0.loss_ce: 0.2917  aux_0.acc_seg: 87.3698
2026/07/23 01:59:08 - mmengine - INFO - Iter(train) [154900/160000]  lr: 4.6456e-04  eta: 0:29:53  time: 0.3491  data_time: 0.0275  memory: 8736  loss: 0.9812  decode.loss_ohem: 0.6952  decode.acc_seg: 92.7357  aux_0.loss_ce: 0.2860  aux_0.acc_seg: 88.9736
2026/07/23 01:59:43 - mmengine - INFO - Exp name: dsanet_cityscapes_512x1024_20260722_104438
2026/07/23 01:59:43 - mmengine - INFO - Iter(train) [155000/160000]  lr: 4.5653e-04  eta: 0:29:18  time: 0.3486  data_time: 0.0272  memory: 8736  loss: 0.9776  decode.loss_ohem: 0.7175  decode.acc_seg: 94.9835  aux_0.loss_ce: 0.2601  aux_0.acc_seg: 91.3819
2026/07/23 01:59:43 - mmengine - INFO - Saving checkpoint at 155000 iterations
2026/07/23 01:59:48 - mmengine - INFO - Iter(val) [100/250]    eta: 0:00:06  time: 0.0416  data_time: 0.0097  memory: 729  
2026/07/23 01:59:52 - mmengine - INFO - Iter(val) [200/250]    eta: 0:00:02  time: 0.0412  data_time: 0.0093  memory: 729  
2026/07/23 01:59:54 - mmengine - INFO - per class results:
2026/07/23 01:59:54 - mmengine - INFO - 
+---------------+-------+-------+
|     Class     |  IoU  |  Acc  |
+---------------+-------+-------+
|      road     | 97.67 | 98.41 |
|    sidewalk   | 82.23 | 92.72 |
|    building   | 91.07 | 95.27 |
|      wall     | 56.94 | 67.94 |
|     fence     | 55.91 | 68.39 |
|      pole     |  60.5 | 73.98 |
| traffic light | 59.19 | 71.84 |
|  traffic sign | 71.41 | 79.96 |
|   vegetation  | 91.51 | 96.18 |
|    terrain    | 62.89 | 73.27 |
|      sky      | 93.12 | 97.91 |
|     person    | 76.63 | 89.62 |
|     rider     | 53.51 | 67.95 |
|      car      |  93.7 | 97.06 |
|     truck     | 63.73 | 71.75 |
|      bus      | 79.49 | 91.83 |
|     train     |  73.8 | 77.84 |
|   motorcycle  | 51.92 | 65.49 |
|    bicycle    | 71.87 | 84.98 |
+---------------+-------+-------+
2026/07/23 01:59:54 - mmengine - INFO - Iter(val) [250/250]    aAcc: 95.2800  mIoU: 73.0000  mAcc: 82.2300  data_time: 0.0112  time: 0.0428
2026/07/23 01:59:54 - mmengine - INFO - The previous best checkpoint /root/autodl-tmp/DSANet-main/tools/work_dirs/dsanet_cityscapes_512x1024/best_mIoU_iter_150000.pth is removed
2026/07/23 01:59:54 - mmengine - INFO - The best checkpoint with 73.0000 mIoU at 155000 iter is saved to best_mIoU_iter_155000.pth.
2026/07/23 02:00:30 - mmengine - INFO - Iter(train) [155100/160000]  lr: 4.4848e-04  eta: 0:28:43  time: 0.3481  data_time: 0.0268  memory: 8738  loss: 0.9902  decode.loss_ohem: 0.7018  decode.acc_seg: 93.2724  aux_0.loss_ce: 0.2884  aux_0.acc_seg: 90.7446
2026/07/23 02:01:05 - mmengine - INFO - Iter(train) [155200/160000]  lr: 4.4042e-04  eta: 0:28:08  time: 0.3493  data_time: 0.0278  memory: 8737  loss: 0.9519  decode.loss_ohem: 0.6727  decode.acc_seg: 93.5266  aux_0.loss_ce: 0.2792  aux_0.acc_seg: 89.0508
2026/07/23 02:01:40 - mmengine - INFO - Iter(train) [155300/160000]  lr: 4.3234e-04  eta: 0:27:33  time: 0.3490  data_time: 0.0273  memory: 8736  loss: 0.9366  decode.loss_ohem: 0.6586  decode.acc_seg: 94.1441  aux_0.loss_ce: 0.2780  aux_0.acc_seg: 89.2738
2026/07/23 02:02:15 - mmengine - INFO - Iter(train) [155400/160000]  lr: 4.2425e-04  eta: 0:26:57  time: 0.3503  data_time: 0.0280  memory: 8736  loss: 0.9983  decode.loss_ohem: 0.6940  decode.acc_seg: 93.9195  aux_0.loss_ce: 0.3043  aux_0.acc_seg: 89.6091
2026/07/23 02:02:49 - mmengine - INFO - Iter(train) [155500/160000]  lr: 4.1613e-04  eta: 0:26:22  time: 0.3485  data_time: 0.0275  memory: 8737  loss: 0.9451  decode.loss_ohem: 0.6876  decode.acc_seg: 93.4803  aux_0.loss_ce: 0.2575  aux_0.acc_seg: 88.9242
2026/07/23 02:03:24 - mmengine - INFO - Iter(train) [155600/160000]  lr: 4.0800e-04  eta: 0:25:47  time: 0.3494  data_time: 0.0272  memory: 8736  loss: 1.0568  decode.loss_ohem: 0.7506  decode.acc_seg: 92.8224  aux_0.loss_ce: 0.3062  aux_0.acc_seg: 87.3387
2026/07/23 02:03:59 - mmengine - INFO - Iter(train) [155700/160000]  lr: 3.9985e-04  eta: 0:25:12  time: 0.3494  data_time: 0.0278  memory: 8736  loss: 0.9404  decode.loss_ohem: 0.6549  decode.acc_seg: 93.9059  aux_0.loss_ce: 0.2856  aux_0.acc_seg: 88.7609
2026/07/23 02:04:34 - mmengine - INFO - Iter(train) [155800/160000]  lr: 3.9168e-04  eta: 0:24:37  time: 0.3497  data_time: 0.0277  memory: 8742  loss: 0.9537  decode.loss_ohem: 0.6981  decode.acc_seg: 93.3546  aux_0.loss_ce: 0.2556  aux_0.acc_seg: 88.2596
2026/07/23 02:05:09 - mmengine - INFO - Iter(train) [155900/160000]  lr: 3.8349e-04  eta: 0:24:02  time: 0.3487  data_time: 0.0268  memory: 8736  loss: 0.9199  decode.loss_ohem: 0.6617  decode.acc_seg: 94.0879  aux_0.loss_ce: 0.2582  aux_0.acc_seg: 88.8149
2026/07/23 02:05:44 - mmengine - INFO - Exp name: dsanet_cityscapes_512x1024_20260722_104438
2026/07/23 02:05:44 - mmengine - INFO - Iter(train) [156000/160000]  lr: 3.7528e-04  eta: 0:23:26  time: 0.3497  data_time: 0.0274  memory: 8736  loss: 1.0047  decode.loss_ohem: 0.7014  decode.acc_seg: 93.4466  aux_0.loss_ce: 0.3032  aux_0.acc_seg: 86.4224
2026/07/23 02:06:19 - mmengine - INFO - Iter(train) [156100/160000]  lr: 3.6705e-04  eta: 0:22:51  time: 0.3482  data_time: 0.0269  memory: 8737  loss: 0.9506  decode.loss_ohem: 0.6787  decode.acc_seg: 94.6602  aux_0.loss_ce: 0.2719  aux_0.acc_seg: 92.7613
2026/07/23 02:06:54 - mmengine - INFO - Iter(train) [156200/160000]  lr: 3.5880e-04  eta: 0:22:16  time: 0.3495  data_time: 0.0274  memory: 8738  loss: 0.9132  decode.loss_ohem: 0.6476  decode.acc_seg: 95.7972  aux_0.loss_ce: 0.2656  aux_0.acc_seg: 93.4870
2026/07/23 02:07:29 - mmengine - INFO - Iter(train) [156300/160000]  lr: 3.5053e-04  eta: 0:21:41  time: 0.3492  data_time: 0.0272  memory: 8738  loss: 0.9595  decode.loss_ohem: 0.6600  decode.acc_seg: 94.8357  aux_0.loss_ce: 0.2995  aux_0.acc_seg: 92.1209
2026/07/23 02:08:04 - mmengine - INFO - Iter(train) [156400/160000]  lr: 3.4224e-04  eta: 0:21:06  time: 0.3491  data_time: 0.0274  memory: 8738  loss: 0.9591  decode.loss_ohem: 0.6712  decode.acc_seg: 94.1665  aux_0.loss_ce: 0.2880  aux_0.acc_seg: 91.2228
2026/07/23 02:08:39 - mmengine - INFO - Iter(train) [156500/160000]  lr: 3.3392e-04  eta: 0:20:31  time: 0.3497  data_time: 0.0282  memory: 8736  loss: 0.9600  decode.loss_ohem: 0.6781  decode.acc_seg: 90.7566  aux_0.loss_ce: 0.2819  aux_0.acc_seg: 86.0252
2026/07/23 02:09:14 - mmengine - INFO - Iter(train) [156600/160000]  lr: 3.2558e-04  eta: 0:19:55  time: 0.3488  data_time: 0.0271  memory: 8738  loss: 0.9777  decode.loss_ohem: 0.6977  decode.acc_seg: 93.7440  aux_0.loss_ce: 0.2800  aux_0.acc_seg: 90.0002
2026/07/23 02:09:49 - mmengine - INFO - Iter(train) [156700/160000]  lr: 3.1721e-04  eta: 0:19:20  time: 0.3493  data_time: 0.0269  memory: 8736  loss: 0.9386  decode.loss_ohem: 0.6679  decode.acc_seg: 93.9904  aux_0.loss_ce: 0.2707  aux_0.acc_seg: 90.6626
2026/07/23 02:10:24 - mmengine - INFO - Iter(train) [156800/160000]  lr: 3.0882e-04  eta: 0:18:45  time: 0.3508  data_time: 0.0280  memory: 8736  loss: 0.9256  decode.loss_ohem: 0.6735  decode.acc_seg: 95.0624  aux_0.loss_ce: 0.2522  aux_0.acc_seg: 91.2638
2026/07/23 02:10:59 - mmengine - INFO - Iter(train) [156900/160000]  lr: 3.0040e-04  eta: 0:18:10  time: 0.3497  data_time: 0.0277  memory: 8736  loss: 0.9664  decode.loss_ohem: 0.6786  decode.acc_seg: 92.9248  aux_0.loss_ce: 0.2878  aux_0.acc_seg: 87.7127
2026/07/23 02:11:34 - mmengine - INFO - Exp name: dsanet_cityscapes_512x1024_20260722_104438
2026/07/23 02:11:34 - mmengine - INFO - Iter(train) [157000/160000]  lr: 2.9196e-04  eta: 0:17:35  time: 0.3509  data_time: 0.0281  memory: 8737  loss: 0.9555  decode.loss_ohem: 0.7077  decode.acc_seg: 93.7645  aux_0.loss_ce: 0.2477  aux_0.acc_seg: 89.8506
2026/07/23 02:12:09 - mmengine - INFO - Iter(train) [157100/160000]  lr: 2.8349e-04  eta: 0:16:59  time: 0.3506  data_time: 0.0287  memory: 8736  loss: 0.8725  decode.loss_ohem: 0.6153  decode.acc_seg: 94.1364  aux_0.loss_ce: 0.2572  aux_0.acc_seg: 89.1514
2026/07/23 02:12:44 - mmengine - INFO - Iter(train) [157200/160000]  lr: 2.7498e-04  eta: 0:16:24  time: 0.3507  data_time: 0.0276  memory: 8736  loss: 0.9478  decode.loss_ohem: 0.6801  decode.acc_seg: 95.1249  aux_0.loss_ce: 0.2677  aux_0.acc_seg: 92.0794
2026/07/23 02:13:19 - mmengine - INFO - Iter(train) [157300/160000]  lr: 2.6645e-04  eta: 0:15:49  time: 0.3491  data_time: 0.0272  memory: 8736  loss: 0.9375  decode.loss_ohem: 0.6870  decode.acc_seg: 94.1798  aux_0.loss_ce: 0.2505  aux_0.acc_seg: 91.1506
2026/07/23 02:13:54 - mmengine - INFO - Iter(train) [157400/160000]  lr: 2.5789e-04  eta: 0:15:14  time: 0.3494  data_time: 0.0277  memory: 8736  loss: 0.9446  decode.loss_ohem: 0.6909  decode.acc_seg: 93.3489  aux_0.loss_ce: 0.2538  aux_0.acc_seg: 90.5535
2026/07/23 02:14:29 - mmengine - INFO - Iter(train) [157500/160000]  lr: 2.4929e-04  eta: 0:14:39  time: 0.3494  data_time: 0.0279  memory: 8737  loss: 0.9105  decode.loss_ohem: 0.6392  decode.acc_seg: 95.0146  aux_0.loss_ce: 0.2713  aux_0.acc_seg: 91.0446
2026/07/23 02:15:04 - mmengine - INFO - Iter(train) [157600/160000]  lr: 2.4066e-04  eta: 0:14:04  time: 0.3503  data_time: 0.0276  memory: 8737  loss: 0.9380  decode.loss_ohem: 0.6784  decode.acc_seg: 92.7939  aux_0.loss_ce: 0.2596  aux_0.acc_seg: 91.1243
2026/07/23 02:15:39 - mmengine - INFO - Iter(train) [157700/160000]  lr: 2.3199e-04  eta: 0:13:28  time: 0.3493  data_time: 0.0274  memory: 8736  loss: 0.9574  decode.loss_ohem: 0.6795  decode.acc_seg: 92.4501  aux_0.loss_ce: 0.2780  aux_0.acc_seg: 87.0184
2026/07/23 02:16:15 - mmengine - INFO - Iter(train) [157800/160000]  lr: 2.2328e-04  eta: 0:12:53  time: 0.3509  data_time: 0.0271  memory: 8738  loss: 0.9538  decode.loss_ohem: 0.6757  decode.acc_seg: 94.0069  aux_0.loss_ce: 0.2781  aux_0.acc_seg: 88.3657
2026/07/23 02:16:50 - mmengine - INFO - Iter(train) [157900/160000]  lr: 2.1454e-04  eta: 0:12:18  time: 0.3499  data_time: 0.0273  memory: 8738  loss: 0.9537  decode.loss_ohem: 0.6695  decode.acc_seg: 93.5140  aux_0.loss_ce: 0.2842  aux_0.acc_seg: 87.9965
2026/07/23 02:17:25 - mmengine - INFO - Exp name: dsanet_cityscapes_512x1024_20260722_104438
2026/07/23 02:17:25 - mmengine - INFO - Iter(train) [158000/160000]  lr: 2.0575e-04  eta: 0:11:43  time: 0.3532  data_time: 0.0286  memory: 8741  loss: 1.0260  decode.loss_ohem: 0.7383  decode.acc_seg: 92.5180  aux_0.loss_ce: 0.2878  aux_0.acc_seg: 89.9701
2026/07/23 02:18:00 - mmengine - INFO - Iter(train) [158100/160000]  lr: 1.9692e-04  eta: 0:11:08  time: 0.3453  data_time: 0.0274  memory: 8737  loss: 0.9314  decode.loss_ohem: 0.6709  decode.acc_seg: 94.7309  aux_0.loss_ce: 0.2604  aux_0.acc_seg: 92.3310
2026/07/23 02:18:35 - mmengine - INFO - Iter(train) [158200/160000]  lr: 1.8804e-04  eta: 0:10:33  time: 0.3514  data_time: 0.0279  memory: 8737  loss: 0.9560  decode.loss_ohem: 0.6936  decode.acc_seg: 95.4251  aux_0.loss_ce: 0.2625  aux_0.acc_seg: 91.4273
2026/07/23 02:19:10 - mmengine - INFO - Iter(train) [158300/160000]  lr: 1.7911e-04  eta: 0:09:57  time: 0.3479  data_time: 0.0278  memory: 8736  loss: 0.9620  decode.loss_ohem: 0.6836  decode.acc_seg: 93.6579  aux_0.loss_ce: 0.2784  aux_0.acc_seg: 88.1522
2026/07/23 02:19:45 - mmengine - INFO - Iter(train) [158400/160000]  lr: 1.7013e-04  eta: 0:09:22  time: 0.3537  data_time: 0.0281  memory: 8736  loss: 0.9478  decode.loss_ohem: 0.6801  decode.acc_seg: 94.7407  aux_0.loss_ce: 0.2677  aux_0.acc_seg: 91.3214
2026/07/23 02:20:20 - mmengine - INFO - Iter(train) [158500/160000]  lr: 1.6110e-04  eta: 0:08:47  time: 0.3496  data_time: 0.0268  memory: 8736  loss: 0.9672  decode.loss_ohem: 0.7012  decode.acc_seg: 95.0168  aux_0.loss_ce: 0.2661  aux_0.acc_seg: 91.3685
2026/07/23 02:20:55 - mmengine - INFO - Iter(train) [158600/160000]  lr: 1.5200e-04  eta: 0:08:12  time: 0.3506  data_time: 0.0276  memory: 8736  loss: 0.9162  decode.loss_ohem: 0.6813  decode.acc_seg: 93.5990  aux_0.loss_ce: 0.2349  aux_0.acc_seg: 90.3772
2026/07/23 02:21:30 - mmengine - INFO - Iter(train) [158700/160000]  lr: 1.4284e-04  eta: 0:07:37  time: 0.3503  data_time: 0.0273  memory: 8738  loss: 0.9572  decode.loss_ohem: 0.6901  decode.acc_seg: 93.6821  aux_0.loss_ce: 0.2671  aux_0.acc_seg: 90.6335
2026/07/23 02:22:05 - mmengine - INFO - Iter(train) [158800/160000]  lr: 1.3361e-04  eta: 0:07:02  time: 0.3491  data_time: 0.0271  memory: 8737  loss: 0.9216  decode.loss_ohem: 0.6661  decode.acc_seg: 94.8589  aux_0.loss_ce: 0.2555  aux_0.acc_seg: 89.7109
2026/07/23 02:22:40 - mmengine - INFO - Iter(train) [158900/160000]  lr: 1.2430e-04  eta: 0:06:26  time: 0.3497  data_time: 0.0271  memory: 8736  loss: 1.0295  decode.loss_ohem: 0.7294  decode.acc_seg: 94.4362  aux_0.loss_ce: 0.3001  aux_0.acc_seg: 87.2704
2026/07/23 02:23:15 - mmengine - INFO - Exp name: dsanet_cityscapes_512x1024_20260722_104438
2026/07/23 02:23:15 - mmengine - INFO - Iter(train) [159000/160000]  lr: 1.1490e-04  eta: 0:05:51  time: 0.3517  data_time: 0.0282  memory: 8739  loss: 0.9529  decode.loss_ohem: 0.6985  decode.acc_seg: 95.0656  aux_0.loss_ce: 0.2545  aux_0.acc_seg: 90.6984
2026/07/23 02:23:50 - mmengine - INFO - Iter(train) [159100/160000]  lr: 1.0541e-04  eta: 0:05:16  time: 0.3511  data_time: 0.0286  memory: 8736  loss: 0.9674  decode.loss_ohem: 0.6980  decode.acc_seg: 93.0553  aux_0.loss_ce: 0.2694  aux_0.acc_seg: 87.1059
2026/07/23 02:24:26 - mmengine - INFO - Iter(train) [159200/160000]  lr: 9.5814e-05  eta: 0:04:41  time: 0.3509  data_time: 0.0283  memory: 8737  loss: 0.9258  decode.loss_ohem: 0.6688  decode.acc_seg: 94.9114  aux_0.loss_ce: 0.2571  aux_0.acc_seg: 91.2478
2026/07/23 02:25:01 - mmengine - INFO - Iter(train) [159300/160000]  lr: 8.6097e-05  eta: 0:04:06  time: 0.3502  data_time: 0.0283  memory: 8736  loss: 0.9055  decode.loss_ohem: 0.6595  decode.acc_seg: 94.5208  aux_0.loss_ce: 0.2460  aux_0.acc_seg: 91.2666
2026/07/23 02:25:36 - mmengine - INFO - Iter(train) [159400/160000]  lr: 7.6239e-05  eta: 0:03:31  time: 0.3497  data_time: 0.0278  memory: 8736  loss: 0.9361  decode.loss_ohem: 0.6730  decode.acc_seg: 93.9846  aux_0.loss_ce: 0.2631  aux_0.acc_seg: 91.3868
2026/07/23 02:26:11 - mmengine - INFO - Iter(train) [159500/160000]  lr: 6.6215e-05  eta: 0:02:55  time: 0.3508  data_time: 0.0288  memory: 8736  loss: 1.0174  decode.loss_ohem: 0.7346  decode.acc_seg: 93.7898  aux_0.loss_ce: 0.2828  aux_0.acc_seg: 91.6042
2026/07/23 02:26:46 - mmengine - INFO - Iter(train) [159600/160000]  lr: 5.5987e-05  eta: 0:02:20  time: 0.3519  data_time: 0.0288  memory: 8736  loss: 1.0011  decode.loss_ohem: 0.7200  decode.acc_seg: 95.4849  aux_0.loss_ce: 0.2810  aux_0.acc_seg: 91.9026
2026/07/23 02:27:21 - mmengine - INFO - Iter(train) [159700/160000]  lr: 4.5497e-05  eta: 0:01:45  time: 0.3500  data_time: 0.0273  memory: 8737  loss: 0.9550  decode.loss_ohem: 0.6668  decode.acc_seg: 94.0303  aux_0.loss_ce: 0.2882  aux_0.acc_seg: 90.7192
2026/07/23 02:27:56 - mmengine - INFO - Iter(train) [159800/160000]  lr: 3.4644e-05  eta: 0:01:10  time: 0.3517  data_time: 0.0284  memory: 8740  loss: 0.9436  decode.loss_ohem: 0.6961  decode.acc_seg: 95.3144  aux_0.loss_ce: 0.2475  aux_0.acc_seg: 91.7098
2026/07/23 02:28:31 - mmengine - INFO - Iter(train) [159900/160000]  lr: 2.3206e-05  eta: 0:00:35  time: 0.3506  data_time: 0.0273  memory: 8736  loss: 0.9921  decode.loss_ohem: 0.6965  decode.acc_seg: 94.9279  aux_0.loss_ce: 0.2957  aux_0.acc_seg: 91.9070
2026/07/23 02:29:06 - mmengine - INFO - Exp name: dsanet_cityscapes_512x1024_20260722_104438
2026/07/23 02:29:06 - mmengine - INFO - Iter(train) [160000/160000]  lr: 1.0000e-05  eta: 0:00:00  time: 0.3511  data_time: 0.0277  memory: 8736  loss: 0.9538  decode.loss_ohem: 0.6828  decode.acc_seg: 93.3324  aux_0.loss_ce: 0.2709  aux_0.acc_seg: 90.1597
2026/07/23 02:29:06 - mmengine - INFO - Saving checkpoint at 160000 iterations
2026/07/23 02:29:12 - mmengine - INFO - Iter(val) [100/250]    eta: 0:00:06  time: 0.0419  data_time: 0.0101  memory: 729  
2026/07/23 02:29:16 - mmengine - INFO - Iter(val) [200/250]    eta: 0:00:02  time: 0.0418  data_time: 0.0097  memory: 729  
2026/07/23 02:29:18 - mmengine - INFO - per class results:
2026/07/23 02:29:18 - mmengine - INFO - 
+---------------+-------+-------+
|     Class     |  IoU  |  Acc  |
+---------------+-------+-------+
|      road     |  97.9 | 98.66 |
|    sidewalk   |  83.3 |  92.2 |
|    building   | 91.22 | 95.65 |
|      wall     | 53.75 | 63.23 |
|     fence     |  56.3 | 70.84 |
|      pole     | 60.66 | 72.63 |
| traffic light | 60.07 | 71.51 |
|  traffic sign | 71.85 |  80.5 |
|   vegetation  | 91.62 | 96.13 |
|    terrain    |  63.8 | 74.94 |
|      sky      | 93.61 | 97.61 |
|     person    | 77.06 | 89.07 |
|     rider     | 54.12 | 69.04 |
|      car      | 93.89 | 97.18 |
|     truck     | 69.96 | 78.61 |
|      bus      | 79.56 | 91.77 |
|     train     | 70.34 | 76.75 |
|   motorcycle  | 54.79 |  67.3 |
|    bicycle    | 71.94 | 85.73 |
+---------------+-------+-------+
2026/07/23 02:29:18 - mmengine - INFO - Iter(val) [250/250]    aAcc: 95.4200  mIoU: 73.4600  mAcc: 82.6000  data_time: 0.0122  time: 0.0442
2026/07/23 02:29:18 - mmengine - INFO - The previous best checkpoint /root/autodl-tmp/DSANet-main/tools/work_dirs/dsanet_cityscapes_512x1024/best_mIoU_iter_155000.pth is removed
2026/07/23 02:29:18 - mmengine - INFO - The best checkpoint with 73.4600 mIoU at 160000 iter is saved to best_mIoU_iter_160000.pth.
