2026/07/19 14:40:09 - mmengine - INFO - 
------------------------------------------------------------
System environment:
    sys.platform: linux
    Python: 3.8.10 (default, Jun  4 2021, 15:09:15) [GCC 7.5.0]
    CUDA available: True
    MUSA available: False
    numpy_random_seed: 175616857
    GPU 0: NVIDIA GeForce RTX 3090
    CUDA_HOME: /usr/local/cuda
    NVCC: Cuda compilation tools, release 11.8, V11.8.89
    GCC: gcc (Ubuntu 9.4.0-1ubuntu1~20.04.1) 9.4.0
    PyTorch: 2.0.0+cu118
    PyTorch compiling details: PyTorch built with:
  - GCC 9.3
  - C++ Version: 201703
  - Intel(R) oneAPI Math Kernel Library Version 2022.2-Product Build 20220804 for Intel(R) 64 architecture applications
  - Intel(R) MKL-DNN v2.7.3 (Git Hash 6dbeffbae1f23cbbeae17adb7b5b13f1f37c080e)
  - OpenMP 201511 (a.k.a. OpenMP 4.5)
  - LAPACK is enabled (usually provided by MKL)
  - NNPACK is enabled
  - CPU capability usage: AVX2
  - CUDA Runtime 11.8
  - NVCC architecture flags: -gencode;arch=compute_37,code=sm_37;-gencode;arch=compute_50,code=sm_50;-gencode;arch=compute_60,code=sm_60;-gencode;arch=compute_70,code=sm_70;-gencode;arch=compute_75,code=sm_75;-gencode;arch=compute_80,code=sm_80;-gencode;arch=compute_86,code=sm_86;-gencode;arch=compute_90,code=sm_90
  - CuDNN 8.7
  - Magma 2.6.1
  - Build settings: BLAS_INFO=mkl, BUILD_TYPE=Release, CUDA_VERSION=11.8, CUDNN_VERSION=8.7.0, CXX_COMPILER=/opt/rh/devtoolset-9/root/usr/bin/c++, CXX_FLAGS= -D_GLIBCXX_USE_CXX11_ABI=0 -fabi-version=11 -Wno-deprecated -fvisibility-inlines-hidden -DUSE_PTHREADPOOL -DNDEBUG -DUSE_KINETO -DLIBKINETO_NOROCTRACER -DUSE_FBGEMM -DUSE_QNNPACK -DUSE_PYTORCH_QNNPACK -DUSE_XNNPACK -DSYMBOLICATE_MOBILE_DEBUG_HANDLE -O2 -fPIC -Wall -Wextra -Werror=return-type -Werror=non-virtual-dtor -Werror=bool-operation -Wnarrowing -Wno-missing-field-initializers -Wno-type-limits -Wno-array-bounds -Wno-unknown-pragmas -Wunused-local-typedefs -Wno-unused-parameter -Wno-unused-function -Wno-unused-result -Wno-strict-overflow -Wno-strict-aliasing -Wno-error=deprecated-declarations -Wno-stringop-overflow -Wno-psabi -Wno-error=pedantic -Wno-error=redundant-decls -Wno-error=old-style-cast -fdiagnostics-color=always -faligned-new -Wno-unused-but-set-variable -Wno-maybe-uninitialized -fno-math-errno -fno-trapping-math -Werror=format -Werror=cast-function-type -Wno-stringop-overflow, LAPACK_INFO=mkl, PERF_WITH_AVX=1, PERF_WITH_AVX2=1, PERF_WITH_AVX512=1, TORCH_DISABLE_GPU_ASSERTS=ON, TORCH_VERSION=2.0.0, USE_CUDA=ON, USE_CUDNN=ON, USE_EXCEPTION_PTR=1, USE_GFLAGS=OFF, USE_GLOG=OFF, USE_MKL=ON, USE_MKLDNN=ON, USE_MPI=OFF, USE_NCCL=1, USE_NNPACK=ON, USE_OPENMP=ON, USE_ROCM=OFF, 

    TorchVision: 0.15.1+cu118
    OpenCV: 4.13.0
    MMEngine: 0.10.7

Runtime environment:
    cudnn_benchmark: True
    mp_cfg: {'mp_start_method': 'fork', 'opencv_num_threads': 0}
    dist_cfg: {'backend': 'nccl'}
    seed: 175616857
    Distributed launcher: none
    Distributed training: False
    GPU number: 1
------------------------------------------------------------

2026/07/19 14:40:10 - mmengine - INFO - Config:
act_cfg = dict(type='GELU')
class_weight = [
    0.8373,
    0.918,
    0.866,
    1.0345,
    1.0166,
    0.9969,
    0.9754,
    1.0489,
    0.8786,
    1.0023,
    0.9539,
    0.9843,
    1.1116,
    0.9037,
    1.0865,
    1.0955,
    1.0865,
    1.1529,
    1.0507,
]
crop_size = (
    512,
    1024,
)
data_preprocessor = dict(
    bgr_to_rgb=True,
    mean=[
        123.675,
        116.28,
        103.53,
    ],
    pad_val=0,
    seg_pad_val=255,
    size=(
        512,
        1024,
    ),
    std=[
        58.395,
        57.12,
        57.375,
    ],
    type='SegDataPreProcessor')
data_root = '/root/autodl-tmp/cityscapes'
dataset_type = 'CityscapesDataset'
default_hooks = dict(
    checkpoint=dict(
        by_epoch=False,
        file_client_args=None,
        interval=5000,
        max_keep_ckpts=1,
        save_best='mIoU',
        save_optimizer=False,
        type='CheckpointHook'),
    logger=dict(interval=100, log_metric_by_epoch=False, type='LoggerHook'),
    param_scheduler=dict(type='ParamSchedulerHook'),
    sampler_seed=dict(type='DistSamplerSeedHook'),
    timer=dict(type='IterTimerHook'),
    visualization=dict(type='SegVisualizationHook'))
default_scope = 'mmseg'
env_cfg = dict(
    cudnn_benchmark=True,
    dist_cfg=dict(backend='nccl'),
    mp_cfg=dict(mp_start_method='fork', opencv_num_threads=0))
img_ratios = [
    0.5,
    0.75,
    1.0,
    1.25,
    1.5,
    1.75,
]
iters = 160000
launcher = 'none'
load_from = None
log_level = 'INFO'
log_processor = dict(by_epoch=False)
model = dict(
    auxiliary_head=[
        dict(
            align_corners=False,
            channels=32,
            concat_input=False,
            in_channels=64,
            in_index=0,
            loss_decode=dict(
                loss_weight=1.0, type='CrossEntropyLoss', use_sigmoid=False),
            norm_cfg=dict(requires_grad=True, type='BN'),
            num_classes=19,
            num_convs=1,
            sampler=dict(min_kept=10000, thresh=0.7, type='OHEMPixelSampler'),
            type='FCNHead'),
    ],
    backbone=dict(
        act_cfg=dict(type='GELU'),
        channels=(
            16,
            32,
            64,
            128,
        ),
        in_channels=3,
        init_cfg=None,
        norm_cfg=dict(requires_grad=True, type='BN'),
        type='DSANet'),
    data_preprocessor=dict(
        bgr_to_rgb=True,
        mean=[
            123.675,
            116.28,
            103.53,
        ],
        pad_val=0,
        seg_pad_val=255,
        size=(
            512,
            1024,
        ),
        std=[
            58.395,
            57.12,
            57.375,
        ],
        type='SegDataPreProcessor'),
    decode_head=dict(
        act_cfg=dict(type='GELU'),
        channels=32,
        in_channels=32,
        in_index=1,
        init_cfg=None,
        loss_decode=[
            dict(
                class_weight=[
                    0.8373,
                    0.918,
                    0.866,
                    1.0345,
                    1.0166,
                    0.9969,
                    0.9754,
                    1.0489,
                    0.8786,
                    1.0023,
                    0.9539,
                    0.9843,
                    1.1116,
                    0.9037,
                    1.0865,
                    1.0955,
                    1.0865,
                    1.1529,
                    1.0507,
                ],
                loss_weight=1.0,
                min_kept=131072,
                thres=0.9,
                type='OhemCrossEntropy'),
        ],
        loss_detail_weight=1.0,
        norm_cfg=dict(requires_grad=True, type='BN'),
        num_classes=19,
        type='OHEM_HEAD'),
    pretrained=None,
    test_cfg=dict(mode='whole'),
    train_cfg=dict(),
    type='EncoderDecoder')
norm_cfg = dict(requires_grad=True, type='BN')
num_classes = 19
optim_wrapper = dict(
    clip_grad=None,
    optimizer=dict(lr=0.01, momentum=0.9, type='SGD', weight_decay=0.0005),
    type='OptimWrapper')
optimizer = dict(lr=0.01, momentum=0.9, type='SGD', weight_decay=0.0005)
param_scheduler = [
    dict(
        begin=0,
        by_epoch=False,
        end=2000,
        end_factor=1.0,
        start_factor=0.0001,
        type='LinearLR'),
    dict(
        begin=2000,
        by_epoch=False,
        end=160000,
        eta_min=1e-05,
        power=0.9,
        type='PolyLR'),
]
resume = False
test_cfg = dict(type='TestLoop')
test_dataloader = dict(
    batch_size=1,
    dataset=dict(
        data_prefix=dict(
            img_path='leftImg8bit/val', seg_map_path='gtFine/val'),
        data_root='/root/autodl-tmp/cityscapes',
        pipeline=[
            dict(type='LoadImageFromFile'),
            dict(keep_ratio=True, scale=(
                2048,
                1024,
            ), type='Resize'),
            dict(reduce_zero_label=False, type='LoadAnnotations'),
            dict(type='PackSegInputs'),
        ],
        type='CityscapesDataset'),
    num_workers=4,
    persistent_workers=True,
    sampler=dict(shuffle=False, type='DefaultSampler'))
test_evaluator = dict(
    iou_metrics=[
        'mIoU',
    ], type='IoUMetric')
test_pipeline = [
    dict(type='LoadImageFromFile'),
    dict(keep_ratio=True, scale=(
        2048,
        1024,
    ), type='Resize'),
    dict(reduce_zero_label=False, type='LoadAnnotations'),
    dict(type='PackSegInputs'),
]
train_cfg = dict(
    max_iters=160000, type='IterBasedTrainLoop', val_interval=5000)
train_dataloader = dict(
    batch_size=16,
    dataset=dict(
        data_prefix=dict(
            img_path='leftImg8bit/train', seg_map_path='gtFine/train'),
        data_root='/root/autodl-tmp/cityscapes',
        pipeline=[
            dict(type='LoadImageFromFile'),
            dict(reduce_zero_label=False, type='LoadAnnotations'),
            dict(
                keep_ratio=True,
                ratio_range=(
                    0.5,
                    2.0,
                ),
                scale=(
                    2048,
                    1024,
                ),
                type='RandomResize'),
            dict(
                cat_max_ratio=0.75, crop_size=(
                    512,
                    1024,
                ), type='RandomCrop'),
            dict(prob=0.5, type='RandomFlip'),
            dict(type='PhotoMetricDistortion'),
            dict(type='PackSegInputs'),
        ],
        type='CityscapesDataset'),
    num_workers=8,
    persistent_workers=True,
    sampler=dict(shuffle=True, type='InfiniteSampler'))
train_pipeline = [
    dict(type='LoadImageFromFile'),
    dict(reduce_zero_label=False, type='LoadAnnotations'),
    dict(
        keep_ratio=True,
        ratio_range=(
            0.5,
            2.0,
        ),
        scale=(
            2048,
            1024,
        ),
        type='RandomResize'),
    dict(cat_max_ratio=0.75, crop_size=(
        512,
        1024,
    ), type='RandomCrop'),
    dict(prob=0.5, type='RandomFlip'),
    dict(type='PhotoMetricDistortion'),
    dict(type='PackSegInputs'),
]
tta_model = dict(type='SegTTAModel')
tta_pipeline = [
    dict(backend_args=None, type='LoadImageFromFile'),
    dict(
        transforms=[
            [
                dict(keep_ratio=True, scale_factor=0.5, type='Resize'),
                dict(keep_ratio=True, scale_factor=0.75, type='Resize'),
                dict(keep_ratio=True, scale_factor=1.0, type='Resize'),
                dict(keep_ratio=True, scale_factor=1.25, type='Resize'),
                dict(keep_ratio=True, scale_factor=1.5, type='Resize'),
                dict(keep_ratio=True, scale_factor=1.75, type='Resize'),
            ],
            [
                dict(direction='horizontal', prob=0.0, type='RandomFlip'),
                dict(direction='horizontal', prob=1.0, type='RandomFlip'),
            ],
            [
                dict(type='LoadAnnotations'),
            ],
            [
                dict(type='PackSegInputs'),
            ],
        ],
        type='TestTimeAug'),
]
val_cfg = dict(type='ValLoop')
val_dataloader = dict(
    batch_size=2,
    dataset=dict(
        data_prefix=dict(
            img_path='leftImg8bit/val', seg_map_path='gtFine/val'),
        data_root='/root/autodl-tmp/cityscapes',
        pipeline=[
            dict(type='LoadImageFromFile'),
            dict(keep_ratio=True, scale=(
                2048,
                1024,
            ), type='Resize'),
            dict(reduce_zero_label=False, type='LoadAnnotations'),
            dict(type='PackSegInputs'),
        ],
        type='CityscapesDataset'),
    num_workers=4,
    persistent_workers=True,
    sampler=dict(shuffle=False, type='DefaultSampler'))
val_evaluator = dict(
    iou_metrics=[
        'mIoU',
    ], type='IoUMetric')
val_iters = 5000
val_pipeline = [
    dict(type='LoadImageFromFile'),
    dict(keep_ratio=True, scale=(
        2048,
        1024,
    ), type='Resize'),
    dict(reduce_zero_label=False, type='LoadAnnotations'),
    dict(type='PackSegInputs'),
]
vis_backends = [
    dict(type='LocalVisBackend'),
]
visualizer = dict(
    name='visualizer',
    type='SegLocalVisualizer',
    vis_backends=[
        dict(type='LocalVisBackend'),
    ])
warmup_iters = 2000
work_dir = './work_dirs/dsanet_cityscapes_512x1024'

2026/07/19 14:40:11 - mmengine - INFO - Distributed training is not used, all SyncBatchNorm (SyncBN) layers in the model will be automatically reverted to BatchNormXd layers if they are used.
2026/07/19 14:40:11 - mmengine - INFO - Hooks will be executed in the following order:
before_run:
(VERY_HIGH   ) RuntimeInfoHook                    
(BELOW_NORMAL) LoggerHook                         
 -------------------- 
before_train:
(VERY_HIGH   ) RuntimeInfoHook                    
(NORMAL      ) IterTimerHook                      
(VERY_LOW    ) CheckpointHook                     
 -------------------- 
before_train_epoch:
(VERY_HIGH   ) RuntimeInfoHook                    
(NORMAL      ) IterTimerHook                      
(NORMAL      ) DistSamplerSeedHook                
 -------------------- 
before_train_iter:
(VERY_HIGH   ) RuntimeInfoHook                    
(NORMAL      ) IterTimerHook                      
 -------------------- 
after_train_iter:
(VERY_HIGH   ) RuntimeInfoHook                    
(NORMAL      ) IterTimerHook                      
(BELOW_NORMAL) LoggerHook                         
(LOW         ) ParamSchedulerHook                 
(VERY_LOW    ) CheckpointHook                     
 -------------------- 
after_train_epoch:
(NORMAL      ) IterTimerHook                      
(LOW         ) ParamSchedulerHook                 
(VERY_LOW    ) CheckpointHook                     
 -------------------- 
before_val:
(VERY_HIGH   ) RuntimeInfoHook                    
 -------------------- 
before_val_epoch:
(NORMAL      ) IterTimerHook                      
 -------------------- 
before_val_iter:
(NORMAL      ) IterTimerHook                      
 -------------------- 
after_val_iter:
(NORMAL      ) IterTimerHook                      
(NORMAL      ) SegVisualizationHook               
(BELOW_NORMAL) LoggerHook                         
 -------------------- 
after_val_epoch:
(VERY_HIGH   ) RuntimeInfoHook                    
(NORMAL      ) IterTimerHook                      
(BELOW_NORMAL) LoggerHook                         
(LOW         ) ParamSchedulerHook                 
(VERY_LOW    ) CheckpointHook                     
 -------------------- 
after_val:
(VERY_HIGH   ) RuntimeInfoHook                    
 -------------------- 
after_train:
(VERY_HIGH   ) RuntimeInfoHook                    
(VERY_LOW    ) CheckpointHook                     
 -------------------- 
before_test:
(VERY_HIGH   ) RuntimeInfoHook                    
 -------------------- 
before_test_epoch:
(NORMAL      ) IterTimerHook                      
 -------------------- 
before_test_iter:
(NORMAL      ) IterTimerHook                      
 -------------------- 
after_test_iter:
(NORMAL      ) IterTimerHook                      
(NORMAL      ) SegVisualizationHook               
(BELOW_NORMAL) LoggerHook                         
 -------------------- 
after_test_epoch:
(VERY_HIGH   ) RuntimeInfoHook                    
(NORMAL      ) IterTimerHook                      
(BELOW_NORMAL) LoggerHook                         
 -------------------- 
after_test:
(VERY_HIGH   ) RuntimeInfoHook                    
 -------------------- 
after_run:
(BELOW_NORMAL) LoggerHook                         
 -------------------- 
2026/07/19 14:40:12 - mmengine - WARNING - The prefix is not set in metric class IoUMetric.
Name of parameter - Initialization information

backbone.cnn_stem.0.conv.weight - torch.Size([16, 3, 3, 3]): 
Initialized by user-defined `init_weights` in DSANet  

backbone.cnn_stem.0.bn.weight - torch.Size([16]): 
The value is the same before and after calling `init_weights` of EncoderDecoder  

backbone.cnn_stem.0.bn.bias - torch.Size([16]): 
The value is the same before and after calling `init_weights` of EncoderDecoder  

backbone.cnn_stem.1.conv.weight - torch.Size([16, 16, 1, 1]): 
Initialized by user-defined `init_weights` in DSANet  

backbone.cnn_stem.1.bn.weight - torch.Size([16]): 
The value is the same before and after calling `init_weights` of EncoderDecoder  

backbone.cnn_stem.1.bn.bias - torch.Size([16]): 
The value is the same before and after calling `init_weights` of EncoderDecoder  

backbone.cnn_stem.2.conv.weight - torch.Size([16, 16, 1, 1]): 
Initialized by user-defined `init_weights` in DSANet  

backbone.cnn_stem.2.bn.weight - torch.Size([16]): 
The value is the same before and after calling `init_weights` of EncoderDecoder  

backbone.cnn_stem.2.bn.bias - torch.Size([16]): 
The value is the same before and after calling `init_weights` of EncoderDecoder  

backbone.downsample_layer.0.conv3x3.conv.weight - torch.Size([16, 16, 3, 3]): 
Initialized by user-defined `init_weights` in DSANet  

backbone.downsample_layer.0.conv3x3out.conv.weight - torch.Size([32, 32, 3, 3]): 
Initialized by user-defined `init_weights` in DSANet  

backbone.downsample_layer.0.conv3x3out.bn.weight - torch.Size([32]): 
The value is the same before and after calling `init_weights` of EncoderDecoder  

backbone.downsample_layer.0.conv3x3out.bn.bias - torch.Size([32]): 
The value is the same before and after calling `init_weights` of EncoderDecoder  

backbone.downsample_layer.1.conv3x3.conv.weight - torch.Size([32, 32, 3, 3]): 
Initialized by user-defined `init_weights` in DSANet  

backbone.downsample_layer.1.conv3x3out.conv.weight - torch.Size([64, 64, 3, 3]): 
Initialized by user-defined `init_weights` in DSANet  

backbone.downsample_layer.1.conv3x3out.bn.weight - torch.Size([64]): 
The value is the same before and after calling `init_weights` of EncoderDecoder  

backbone.downsample_layer.1.conv3x3out.bn.bias - torch.Size([64]): 
The value is the same before and after calling `init_weights` of EncoderDecoder  

backbone.downsample_layer.2.conv3x3.conv.weight - torch.Size([64, 64, 3, 3]): 
Initialized by user-defined `init_weights` in DSANet  

backbone.downsample_layer.2.conv3x3out.conv.weight - torch.Size([128, 128, 3, 3]): 
Initialized by user-defined `init_weights` in DSANet  

backbone.downsample_layer.2.conv3x3out.bn.weight - torch.Size([128]): 
The value is the same before and after calling `init_weights` of EncoderDecoder  

backbone.downsample_layer.2.conv3x3out.bn.bias - torch.Size([128]): 
The value is the same before and after calling `init_weights` of EncoderDecoder  

backbone.LACB_layers1.0.aggregate_conv.conv.weight - torch.Size([32, 1, 3, 3]): 
Initialized by user-defined `init_weights` in DSANet  

backbone.LACB_layers1.0.aggregate_conv.bn.weight - torch.Size([32]): 
The value is the same before and after calling `init_weights` of EncoderDecoder  

backbone.LACB_layers1.0.aggregate_conv.bn.bias - torch.Size([32]): 
The value is the same before and after calling `init_weights` of EncoderDecoder  

backbone.LACB_layers1.0.conv3x3.conv.weight - torch.Size([32, 8, 3, 3]): 
Initialized by user-defined `init_weights` in DSANet  

backbone.LACB_layers1.0.conv3x3.bn.weight - torch.Size([32]): 
The value is the same before and after calling `init_weights` of EncoderDecoder  

backbone.LACB_layers1.0.conv3x3.bn.bias - torch.Size([32]): 
The value is the same before and after calling `init_weights` of EncoderDecoder  

backbone.LACB_layers1.0.pwconv.conv.weight - torch.Size([32, 32, 1, 1]): 
Initialized by user-defined `init_weights` in DSANet  

backbone.LACB_layers1.0.pwconv.bn.weight - torch.Size([32]): 
The value is the same before and after calling `init_weights` of EncoderDecoder  

backbone.LACB_layers1.0.pwconv.bn.bias - torch.Size([32]): 
The value is the same before and after calling `init_weights` of EncoderDecoder  

backbone.LACB_layers1.1.aggregate_conv.conv.weight - torch.Size([32, 1, 5, 5]): 
Initialized by user-defined `init_weights` in DSANet  

backbone.LACB_layers1.1.aggregate_conv.bn.weight - torch.Size([32]): 
The value is the same before and after calling `init_weights` of EncoderDecoder  

backbone.LACB_layers1.1.aggregate_conv.bn.bias - torch.Size([32]): 
The value is the same before and after calling `init_weights` of EncoderDecoder  

backbone.LACB_layers1.1.conv3x3.conv.weight - torch.Size([32, 8, 3, 3]): 
Initialized by user-defined `init_weights` in DSANet  

backbone.LACB_layers1.1.conv3x3.bn.weight - torch.Size([32]): 
The value is the same before and after calling `init_weights` of EncoderDecoder  

backbone.LACB_layers1.1.conv3x3.bn.bias - torch.Size([32]): 
The value is the same before and after calling `init_weights` of EncoderDecoder  

backbone.LACB_layers1.1.pwconv.conv.weight - torch.Size([32, 32, 1, 1]): 
Initialized by user-defined `init_weights` in DSANet  

backbone.LACB_layers1.1.pwconv.bn.weight - torch.Size([32]): 
The value is the same before and after calling `init_weights` of EncoderDecoder  

backbone.LACB_layers1.1.pwconv.bn.bias - torch.Size([32]): 
The value is the same before and after calling `init_weights` of EncoderDecoder  

backbone.LACB_layers1.2.aggregate_conv.conv.weight - torch.Size([32, 1, 7, 7]): 
Initialized by user-defined `init_weights` in DSANet  

backbone.LACB_layers1.2.aggregate_conv.bn.weight - torch.Size([32]): 
The value is the same before and after calling `init_weights` of EncoderDecoder  

backbone.LACB_layers1.2.aggregate_conv.bn.bias - torch.Size([32]): 
The value is the same before and after calling `init_weights` of EncoderDecoder  

backbone.LACB_layers1.2.conv3x3.conv.weight - torch.Size([32, 8, 3, 3]): 
Initialized by user-defined `init_weights` in DSANet  

backbone.LACB_layers1.2.conv3x3.bn.weight - torch.Size([32]): 
The value is the same before and after calling `init_weights` of EncoderDecoder  

backbone.LACB_layers1.2.conv3x3.bn.bias - torch.Size([32]): 
The value is the same before and after calling `init_weights` of EncoderDecoder  

backbone.LACB_layers1.2.pwconv.conv.weight - torch.Size([32, 32, 1, 1]): 
Initialized by user-defined `init_weights` in DSANet  

backbone.LACB_layers1.2.pwconv.bn.weight - torch.Size([32]): 
The value is the same before and after calling `init_weights` of EncoderDecoder  

backbone.LACB_layers1.2.pwconv.bn.bias - torch.Size([32]): 
The value is the same before and after calling `init_weights` of EncoderDecoder  

backbone.LACB_layers2.0.aggregate_conv.conv.weight - torch.Size([64, 1, 3, 3]): 
Initialized by user-defined `init_weights` in DSANet  

backbone.LACB_layers2.0.aggregate_conv.bn.weight - torch.Size([64]): 
The value is the same before and after calling `init_weights` of EncoderDecoder  

backbone.LACB_layers2.0.aggregate_conv.bn.bias - torch.Size([64]): 
The value is the same before and after calling `init_weights` of EncoderDecoder  

backbone.LACB_layers2.0.conv3x3.conv.weight - torch.Size([64, 16, 3, 3]): 
Initialized by user-defined `init_weights` in DSANet  

backbone.LACB_layers2.0.conv3x3.bn.weight - torch.Size([64]): 
The value is the same before and after calling `init_weights` of EncoderDecoder  

backbone.LACB_layers2.0.conv3x3.bn.bias - torch.Size([64]): 
The value is the same before and after calling `init_weights` of EncoderDecoder  

backbone.LACB_layers2.0.pwconv.conv.weight - torch.Size([64, 64, 1, 1]): 
Initialized by user-defined `init_weights` in DSANet  

backbone.LACB_layers2.0.pwconv.bn.weight - torch.Size([64]): 
The value is the same before and after calling `init_weights` of EncoderDecoder  

backbone.LACB_layers2.0.pwconv.bn.bias - torch.Size([64]): 
The value is the same before and after calling `init_weights` of EncoderDecoder  

backbone.LACB_layers2.1.aggregate_conv.conv.weight - torch.Size([64, 1, 5, 5]): 
Initialized by user-defined `init_weights` in DSANet  

backbone.LACB_layers2.1.aggregate_conv.bn.weight - torch.Size([64]): 
The value is the same before and after calling `init_weights` of EncoderDecoder  

backbone.LACB_layers2.1.aggregate_conv.bn.bias - torch.Size([64]): 
The value is the same before and after calling `init_weights` of EncoderDecoder  

backbone.LACB_layers2.1.conv3x3.conv.weight - torch.Size([64, 16, 3, 3]): 
Initialized by user-defined `init_weights` in DSANet  

backbone.LACB_layers2.1.conv3x3.bn.weight - torch.Size([64]): 
The value is the same before and after calling `init_weights` of EncoderDecoder  

backbone.LACB_layers2.1.conv3x3.bn.bias - torch.Size([64]): 
The value is the same before and after calling `init_weights` of EncoderDecoder  

backbone.LACB_layers2.1.pwconv.conv.weight - torch.Size([64, 64, 1, 1]): 
Initialized by user-defined `init_weights` in DSANet  

backbone.LACB_layers2.1.pwconv.bn.weight - torch.Size([64]): 
The value is the same before and after calling `init_weights` of EncoderDecoder  

backbone.LACB_layers2.1.pwconv.bn.bias - torch.Size([64]): 
The value is the same before and after calling `init_weights` of EncoderDecoder  

backbone.LACB_layers2.2.aggregate_conv.conv.weight - torch.Size([64, 1, 7, 7]): 
Initialized by user-defined `init_weights` in DSANet  

backbone.LACB_layers2.2.aggregate_conv.bn.weight - torch.Size([64]): 
The value is the same before and after calling `init_weights` of EncoderDecoder  

backbone.LACB_layers2.2.aggregate_conv.bn.bias - torch.Size([64]): 
The value is the same before and after calling `init_weights` of EncoderDecoder  

backbone.LACB_layers2.2.conv3x3.conv.weight - torch.Size([64, 16, 3, 3]): 
Initialized by user-defined `init_weights` in DSANet  

backbone.LACB_layers2.2.conv3x3.bn.weight - torch.Size([64]): 
The value is the same before and after calling `init_weights` of EncoderDecoder  

backbone.LACB_layers2.2.conv3x3.bn.bias - torch.Size([64]): 
The value is the same before and after calling `init_weights` of EncoderDecoder  

backbone.LACB_layers2.2.pwconv.conv.weight - torch.Size([64, 64, 1, 1]): 
Initialized by user-defined `init_weights` in DSANet  

backbone.LACB_layers2.2.pwconv.bn.weight - torch.Size([64]): 
The value is the same before and after calling `init_weights` of EncoderDecoder  

backbone.LACB_layers2.2.pwconv.bn.bias - torch.Size([64]): 
The value is the same before and after calling `init_weights` of EncoderDecoder  

backbone.LACB_layers2.3.aggregate_conv.conv.weight - torch.Size([64, 1, 9, 9]): 
Initialized by user-defined `init_weights` in DSANet  

backbone.LACB_layers2.3.aggregate_conv.bn.weight - torch.Size([64]): 
The value is the same before and after calling `init_weights` of EncoderDecoder  

backbone.LACB_layers2.3.aggregate_conv.bn.bias - torch.Size([64]): 
The value is the same before and after calling `init_weights` of EncoderDecoder  

backbone.LACB_layers2.3.conv3x3.conv.weight - torch.Size([64, 16, 3, 3]): 
Initialized by user-defined `init_weights` in DSANet  

backbone.LACB_layers2.3.conv3x3.bn.weight - torch.Size([64]): 
The value is the same before and after calling `init_weights` of EncoderDecoder  

backbone.LACB_layers2.3.conv3x3.bn.bias - torch.Size([64]): 
The value is the same before and after calling `init_weights` of EncoderDecoder  

backbone.LACB_layers2.3.pwconv.conv.weight - torch.Size([64, 64, 1, 1]): 
Initialized by user-defined `init_weights` in DSANet  

backbone.LACB_layers2.3.pwconv.bn.weight - torch.Size([64]): 
The value is the same before and after calling `init_weights` of EncoderDecoder  

backbone.LACB_layers2.3.pwconv.bn.bias - torch.Size([64]): 
The value is the same before and after calling `init_weights` of EncoderDecoder  

backbone.LACB_layers2.4.aggregate_conv.conv.weight - torch.Size([64, 1, 11, 11]): 
Initialized by user-defined `init_weights` in DSANet  

backbone.LACB_layers2.4.aggregate_conv.bn.weight - torch.Size([64]): 
The value is the same before and after calling `init_weights` of EncoderDecoder  

backbone.LACB_layers2.4.aggregate_conv.bn.bias - torch.Size([64]): 
The value is the same before and after calling `init_weights` of EncoderDecoder  

backbone.LACB_layers2.4.conv3x3.conv.weight - torch.Size([64, 16, 3, 3]): 
Initialized by user-defined `init_weights` in DSANet  

backbone.LACB_layers2.4.conv3x3.bn.weight - torch.Size([64]): 
The value is the same before and after calling `init_weights` of EncoderDecoder  

backbone.LACB_layers2.4.conv3x3.bn.bias - torch.Size([64]): 
The value is the same before and after calling `init_weights` of EncoderDecoder  

backbone.LACB_layers2.4.pwconv.conv.weight - torch.Size([64, 64, 1, 1]): 
Initialized by user-defined `init_weights` in DSANet  

backbone.LACB_layers2.4.pwconv.bn.weight - torch.Size([64]): 
The value is the same before and after calling `init_weights` of EncoderDecoder  

backbone.LACB_layers2.4.pwconv.bn.bias - torch.Size([64]): 
The value is the same before and after calling `init_weights` of EncoderDecoder  

backbone.LACB_layers3.0.aggregate_conv.conv.weight - torch.Size([128, 1, 3, 3]): 
Initialized by user-defined `init_weights` in DSANet  

backbone.LACB_layers3.0.aggregate_conv.bn.weight - torch.Size([128]): 
The value is the same before and after calling `init_weights` of EncoderDecoder  

backbone.LACB_layers3.0.aggregate_conv.bn.bias - torch.Size([128]): 
The value is the same before and after calling `init_weights` of EncoderDecoder  

backbone.LACB_layers3.0.conv3x3.conv.weight - torch.Size([128, 32, 3, 3]): 
Initialized by user-defined `init_weights` in DSANet  

backbone.LACB_layers3.0.conv3x3.bn.weight - torch.Size([128]): 
The value is the same before and after calling `init_weights` of EncoderDecoder  

backbone.LACB_layers3.0.conv3x3.bn.bias - torch.Size([128]): 
The value is the same before and after calling `init_weights` of EncoderDecoder  

backbone.LACB_layers3.0.pwconv.conv.weight - torch.Size([128, 128, 1, 1]): 
Initialized by user-defined `init_weights` in DSANet  

backbone.LACB_layers3.0.pwconv.bn.weight - torch.Size([128]): 
The value is the same before and after calling `init_weights` of EncoderDecoder  

backbone.LACB_layers3.0.pwconv.bn.bias - torch.Size([128]): 
The value is the same before and after calling `init_weights` of EncoderDecoder  

backbone.LACB_layers3.1.aggregate_conv.conv.weight - torch.Size([128, 1, 5, 5]): 
Initialized by user-defined `init_weights` in DSANet  

backbone.LACB_layers3.1.aggregate_conv.bn.weight - torch.Size([128]): 
The value is the same before and after calling `init_weights` of EncoderDecoder  

backbone.LACB_layers3.1.aggregate_conv.bn.bias - torch.Size([128]): 
The value is the same before and after calling `init_weights` of EncoderDecoder  

backbone.LACB_layers3.1.conv3x3.conv.weight - torch.Size([128, 32, 3, 3]): 
Initialized by user-defined `init_weights` in DSANet  

backbone.LACB_layers3.1.conv3x3.bn.weight - torch.Size([128]): 
The value is the same before and after calling `init_weights` of EncoderDecoder  

backbone.LACB_layers3.1.conv3x3.bn.bias - torch.Size([128]): 
The value is the same before and after calling `init_weights` of EncoderDecoder  

backbone.LACB_layers3.1.pwconv.conv.weight - torch.Size([128, 128, 1, 1]): 
Initialized by user-defined `init_weights` in DSANet  

backbone.LACB_layers3.1.pwconv.bn.weight - torch.Size([128]): 
The value is the same before and after calling `init_weights` of EncoderDecoder  

backbone.LACB_layers3.1.pwconv.bn.bias - torch.Size([128]): 
The value is the same before and after calling `init_weights` of EncoderDecoder  

backbone.LACB_layers3.2.aggregate_conv.conv.weight - torch.Size([128, 1, 7, 7]): 
Initialized by user-defined `init_weights` in DSANet  

backbone.LACB_layers3.2.aggregate_conv.bn.weight - torch.Size([128]): 
The value is the same before and after calling `init_weights` of EncoderDecoder  

backbone.LACB_layers3.2.aggregate_conv.bn.bias - torch.Size([128]): 
The value is the same before and after calling `init_weights` of EncoderDecoder  

backbone.LACB_layers3.2.conv3x3.conv.weight - torch.Size([128, 32, 3, 3]): 
Initialized by user-defined `init_weights` in DSANet  

backbone.LACB_layers3.2.conv3x3.bn.weight - torch.Size([128]): 
The value is the same before and after calling `init_weights` of EncoderDecoder  

backbone.LACB_layers3.2.conv3x3.bn.bias - torch.Size([128]): 
The value is the same before and after calling `init_weights` of EncoderDecoder  

backbone.LACB_layers3.2.pwconv.conv.weight - torch.Size([128, 128, 1, 1]): 
Initialized by user-defined `init_weights` in DSANet  

backbone.LACB_layers3.2.pwconv.bn.weight - torch.Size([128]): 
The value is the same before and after calling `init_weights` of EncoderDecoder  

backbone.LACB_layers3.2.pwconv.bn.bias - torch.Size([128]): 
The value is the same before and after calling `init_weights` of EncoderDecoder  

backbone.LACB_layers3.3.aggregate_conv.conv.weight - torch.Size([128, 1, 9, 9]): 
Initialized by user-defined `init_weights` in DSANet  

backbone.LACB_layers3.3.aggregate_conv.bn.weight - torch.Size([128]): 
The value is the same before and after calling `init_weights` of EncoderDecoder  

backbone.LACB_layers3.3.aggregate_conv.bn.bias - torch.Size([128]): 
The value is the same before and after calling `init_weights` of EncoderDecoder  

backbone.LACB_layers3.3.conv3x3.conv.weight - torch.Size([128, 32, 3, 3]): 
Initialized by user-defined `init_weights` in DSANet  

backbone.LACB_layers3.3.conv3x3.bn.weight - torch.Size([128]): 
The value is the same before and after calling `init_weights` of EncoderDecoder  

backbone.LACB_layers3.3.conv3x3.bn.bias - torch.Size([128]): 
The value is the same before and after calling `init_weights` of EncoderDecoder  

backbone.LACB_layers3.3.pwconv.conv.weight - torch.Size([128, 128, 1, 1]): 
Initialized by user-defined `init_weights` in DSANet  

backbone.LACB_layers3.3.pwconv.bn.weight - torch.Size([128]): 
The value is the same before and after calling `init_weights` of EncoderDecoder  

backbone.LACB_layers3.3.pwconv.bn.bias - torch.Size([128]): 
The value is the same before and after calling `init_weights` of EncoderDecoder  

backbone.LACB_layers3.4.aggregate_conv.conv.weight - torch.Size([128, 1, 11, 11]): 
Initialized by user-defined `init_weights` in DSANet  

backbone.LACB_layers3.4.aggregate_conv.bn.weight - torch.Size([128]): 
The value is the same before and after calling `init_weights` of EncoderDecoder  

backbone.LACB_layers3.4.aggregate_conv.bn.bias - torch.Size([128]): 
The value is the same before and after calling `init_weights` of EncoderDecoder  

backbone.LACB_layers3.4.conv3x3.conv.weight - torch.Size([128, 32, 3, 3]): 
Initialized by user-defined `init_weights` in DSANet  

backbone.LACB_layers3.4.conv3x3.bn.weight - torch.Size([128]): 
The value is the same before and after calling `init_weights` of EncoderDecoder  

backbone.LACB_layers3.4.conv3x3.bn.bias - torch.Size([128]): 
The value is the same before and after calling `init_weights` of EncoderDecoder  

backbone.LACB_layers3.4.pwconv.conv.weight - torch.Size([128, 128, 1, 1]): 
Initialized by user-defined `init_weights` in DSANet  

backbone.LACB_layers3.4.pwconv.bn.weight - torch.Size([128]): 
The value is the same before and after calling `init_weights` of EncoderDecoder  

backbone.LACB_layers3.4.pwconv.bn.bias - torch.Size([128]): 
The value is the same before and after calling `init_weights` of EncoderDecoder  

backbone.LACB_layers3.5.aggregate_conv.conv.weight - torch.Size([128, 1, 13, 13]): 
Initialized by user-defined `init_weights` in DSANet  

backbone.LACB_layers3.5.aggregate_conv.bn.weight - torch.Size([128]): 
The value is the same before and after calling `init_weights` of EncoderDecoder  

backbone.LACB_layers3.5.aggregate_conv.bn.bias - torch.Size([128]): 
The value is the same before and after calling `init_weights` of EncoderDecoder  

backbone.LACB_layers3.5.conv3x3.conv.weight - torch.Size([128, 32, 3, 3]): 
Initialized by user-defined `init_weights` in DSANet  

backbone.LACB_layers3.5.conv3x3.bn.weight - torch.Size([128]): 
The value is the same before and after calling `init_weights` of EncoderDecoder  

backbone.LACB_layers3.5.conv3x3.bn.bias - torch.Size([128]): 
The value is the same before and after calling `init_weights` of EncoderDecoder  

backbone.LACB_layers3.5.pwconv.conv.weight - torch.Size([128, 128, 1, 1]): 
Initialized by user-defined `init_weights` in DSANet  

backbone.LACB_layers3.5.pwconv.bn.weight - torch.Size([128]): 
The value is the same before and after calling `init_weights` of EncoderDecoder  

backbone.LACB_layers3.5.pwconv.bn.bias - torch.Size([128]): 
The value is the same before and after calling `init_weights` of EncoderDecoder  

backbone.LACB_layers3.6.aggregate_conv.conv.weight - torch.Size([128, 1, 15, 15]): 
Initialized by user-defined `init_weights` in DSANet  

backbone.LACB_layers3.6.aggregate_conv.bn.weight - torch.Size([128]): 
The value is the same before and after calling `init_weights` of EncoderDecoder  

backbone.LACB_layers3.6.aggregate_conv.bn.bias - torch.Size([128]): 
The value is the same before and after calling `init_weights` of EncoderDecoder  

backbone.LACB_layers3.6.conv3x3.conv.weight - torch.Size([128, 32, 3, 3]): 
Initialized by user-defined `init_weights` in DSANet  

backbone.LACB_layers3.6.conv3x3.bn.weight - torch.Size([128]): 
The value is the same before and after calling `init_weights` of EncoderDecoder  

backbone.LACB_layers3.6.conv3x3.bn.bias - torch.Size([128]): 
The value is the same before and after calling `init_weights` of EncoderDecoder  

backbone.LACB_layers3.6.pwconv.conv.weight - torch.Size([128, 128, 1, 1]): 
Initialized by user-defined `init_weights` in DSANet  

backbone.LACB_layers3.6.pwconv.bn.weight - torch.Size([128]): 
The value is the same before and after calling `init_weights` of EncoderDecoder  

backbone.LACB_layers3.6.pwconv.bn.bias - torch.Size([128]): 
The value is the same before and after calling `init_weights` of EncoderDecoder  

backbone.scd.outconv.conv.weight - torch.Size([32, 224, 1, 1]): 
Initialized by user-defined `init_weights` in DSANet  

backbone.scd.outconv.bn.weight - torch.Size([32]): 
The value is the same before and after calling `init_weights` of EncoderDecoder  

backbone.scd.outconv.bn.bias - torch.Size([32]): 
The value is the same before and after calling `init_weights` of EncoderDecoder  

decode_head.conv_seg.weight - torch.Size([19, 32, 1, 1]): 
Initialized by user-defined `init_weights` in OHEM_HEAD  

decode_head.conv_seg.bias - torch.Size([19]): 
The value is the same before and after calling `init_weights` of EncoderDecoder  

decode_head.ohemhead.conv.conv.weight - torch.Size([32, 32, 3, 3]): 
Initialized by user-defined `init_weights` in OHEM_HEAD  

decode_head.ohemhead.conv.bn.weight - torch.Size([32]): 
The value is the same before and after calling `init_weights` of EncoderDecoder  

decode_head.ohemhead.conv.bn.bias - torch.Size([32]): 
The value is the same before and after calling `init_weights` of EncoderDecoder  

decode_head.ohemhead.norm.weight - torch.Size([32]): 
The value is the same before and after calling `init_weights` of EncoderDecoder  

decode_head.ohemhead.norm.bias - torch.Size([32]): 
The value is the same before and after calling `init_weights` of EncoderDecoder  

auxiliary_head.0.conv_seg.weight - torch.Size([19, 32, 1, 1]): 
The value is the same before and after calling `init_weights` of EncoderDecoder  

auxiliary_head.0.conv_seg.bias - torch.Size([19]): 
The value is the same before and after calling `init_weights` of EncoderDecoder  

auxiliary_head.0.convs.0.conv.weight - torch.Size([32, 64, 3, 3]): 
The value is the same before and after calling `init_weights` of EncoderDecoder  

auxiliary_head.0.convs.0.bn.weight - torch.Size([32]): 
The value is the same before and after calling `init_weights` of EncoderDecoder  

auxiliary_head.0.convs.0.bn.bias - torch.Size([32]): 
The value is the same before and after calling `init_weights` of EncoderDecoder  
2026/07/19 14:40:12 - mmengine - WARNING - "FileClient" will be deprecated in future. Please use io functions in https://mmengine.readthedocs.io/en/latest/api/fileio.html#file-io
2026/07/19 14:40:12 - mmengine - WARNING - "HardDiskBackend" is the alias of "LocalBackend" and the former will be deprecated in future.
2026/07/19 14:40:12 - mmengine - INFO - Checkpoints will be saved to /root/autodl-tmp/DSANet-main/tools/work_dirs/dsanet_cityscapes_512x1024.
2026/07/19 14:40:52 - mmengine - INFO - Iter(train) [   100/160000]  lr: 4.9620e-04  eta: 17:40:45  time: 0.3647  data_time: 0.0438  memory: 10321  loss: 4.9701  decode.loss_ohem: 2.3130  decode.acc_seg: 29.4459  aux_0.loss_ce: 2.6571  aux_0.acc_seg: 27.1973
2026/07/19 14:41:23 - mmengine - INFO - Exp name: dsanet_cityscapes_512x1024_20260719_144008
2026/07/19 14:41:28 - mmengine - INFO - Iter(train) [   200/160000]  lr: 9.9640e-04  eta: 16:53:02  time: 0.3605  data_time: 0.0436  memory: 9075  loss: 4.0211  decode.loss_ohem: 1.8300  decode.acc_seg: 49.6584  aux_0.loss_ce: 2.1911  aux_0.acc_seg: 43.6121
2026/07/19 14:42:04 - mmengine - INFO - Iter(train) [   300/160000]  lr: 1.4966e-03  eta: 16:32:56  time: 0.3582  data_time: 0.0439  memory: 9075  loss: 3.1728  decode.loss_ohem: 1.4932  decode.acc_seg: 55.5318  aux_0.loss_ce: 1.6796  aux_0.acc_seg: 47.4126
2026/07/19 14:42:40 - mmengine - INFO - Iter(train) [   400/160000]  lr: 1.9968e-03  eta: 16:23:27  time: 0.3605  data_time: 0.0438  memory: 9074  loss: 2.7976  decode.loss_ohem: 1.3755  decode.acc_seg: 60.5815  aux_0.loss_ce: 1.4221  aux_0.acc_seg: 56.7147
2026/07/19 14:43:16 - mmengine - INFO - Iter(train) [   500/160000]  lr: 2.4970e-03  eta: 16:19:11  time: 0.3640  data_time: 0.0441  memory: 9072  loss: 2.5244  decode.loss_ohem: 1.2669  decode.acc_seg: 66.2970  aux_0.loss_ce: 1.2575  aux_0.acc_seg: 57.4159
2026/07/19 14:43:53 - mmengine - INFO - Iter(train) [   600/160000]  lr: 2.9972e-03  eta: 16:18:08  time: 0.3671  data_time: 0.0439  memory: 9072  loss: 2.4526  decode.loss_ohem: 1.3073  decode.acc_seg: 70.4665  aux_0.loss_ce: 1.1453  aux_0.acc_seg: 66.8032
2026/07/19 14:44:30 - mmengine - INFO - Iter(train) [   700/160000]  lr: 3.4974e-03  eta: 16:17:40  time: 0.3672  data_time: 0.0437  memory: 9071  loss: 2.2111  decode.loss_ohem: 1.1665  decode.acc_seg: 69.6922  aux_0.loss_ce: 1.0446  aux_0.acc_seg: 66.4866
2026/07/19 14:45:07 - mmengine - INFO - Iter(train) [   800/160000]  lr: 3.9976e-03  eta: 16:17:32  time: 0.3696  data_time: 0.0455  memory: 9071  loss: 2.2341  decode.loss_ohem: 1.2061  decode.acc_seg: 69.1008  aux_0.loss_ce: 1.0280  aux_0.acc_seg: 64.5923
2026/07/19 14:45:44 - mmengine - INFO - Iter(train) [   900/160000]  lr: 4.4978e-03  eta: 16:17:08  time: 0.3702  data_time: 0.0447  memory: 9071  loss: 2.1813  decode.loss_ohem: 1.1542  decode.acc_seg: 70.8851  aux_0.loss_ce: 1.0272  aux_0.acc_seg: 69.1800
2026/07/19 14:46:21 - mmengine - INFO - Exp name: dsanet_cityscapes_512x1024_20260719_144008
2026/07/19 14:46:21 - mmengine - INFO - Iter(train) [  1000/160000]  lr: 4.9980e-03  eta: 16:16:59  time: 0.3700  data_time: 0.0452  memory: 9069  loss: 2.1706  decode.loss_ohem: 1.1678  decode.acc_seg: 70.4247  aux_0.loss_ce: 1.0028  aux_0.acc_seg: 67.9913
2026/07/19 14:46:58 - mmengine - INFO - Iter(train) [  1100/160000]  lr: 5.4982e-03  eta: 16:16:49  time: 0.3708  data_time: 0.0445  memory: 9071  loss: 2.2311  decode.loss_ohem: 1.1926  decode.acc_seg: 69.1338  aux_0.loss_ce: 1.0385  aux_0.acc_seg: 64.4703
2026/07/19 14:47:35 - mmengine - INFO - Iter(train) [  1200/160000]  lr: 5.9984e-03  eta: 16:16:21  time: 0.3684  data_time: 0.0442  memory: 9070  loss: 2.0666  decode.loss_ohem: 1.1575  decode.acc_seg: 76.6996  aux_0.loss_ce: 0.9091  aux_0.acc_seg: 75.9838
2026/07/19 14:48:12 - mmengine - INFO - Iter(train) [  1300/160000]  lr: 6.4986e-03  eta: 16:15:57  time: 0.3706  data_time: 0.0448  memory: 9068  loss: 2.1025  decode.loss_ohem: 1.1709  decode.acc_seg: 79.0642  aux_0.loss_ce: 0.9315  aux_0.acc_seg: 74.1945
2026/07/19 14:48:49 - mmengine - INFO - Iter(train) [  1400/160000]  lr: 6.9988e-03  eta: 16:15:40  time: 0.3714  data_time: 0.0450  memory: 9069  loss: 2.0579  decode.loss_ohem: 1.1567  decode.acc_seg: 76.0021  aux_0.loss_ce: 0.9012  aux_0.acc_seg: 72.7655
2026/07/19 14:49:26 - mmengine - INFO - Iter(train) [  1500/160000]  lr: 7.4990e-03  eta: 16:15:25  time: 0.3727  data_time: 0.0452  memory: 9069  loss: 2.0831  decode.loss_ohem: 1.1801  decode.acc_seg: 77.4289  aux_0.loss_ce: 0.9030  aux_0.acc_seg: 70.7091
2026/07/19 14:50:03 - mmengine - INFO - Iter(train) [  1600/160000]  lr: 7.9992e-03  eta: 16:15:06  time: 0.3710  data_time: 0.0450  memory: 9068  loss: 1.9177  decode.loss_ohem: 1.0578  decode.acc_seg: 79.3202  aux_0.loss_ce: 0.8600  aux_0.acc_seg: 74.7677
2026/07/19 14:50:40 - mmengine - INFO - Iter(train) [  1700/160000]  lr: 8.4994e-03  eta: 16:14:51  time: 0.3716  data_time: 0.0451  memory: 9070  loss: 1.8034  decode.loss_ohem: 1.0315  decode.acc_seg: 79.0730  aux_0.loss_ce: 0.7719  aux_0.acc_seg: 75.8356
2026/07/19 14:51:18 - mmengine - INFO - Iter(train) [  1800/160000]  lr: 8.9996e-03  eta: 16:14:35  time: 0.3707  data_time: 0.0443  memory: 9067  loss: 1.8867  decode.loss_ohem: 1.0519  decode.acc_seg: 69.9759  aux_0.loss_ce: 0.8348  aux_0.acc_seg: 63.3209
2026/07/19 14:51:55 - mmengine - INFO - Iter(train) [  1900/160000]  lr: 9.4998e-03  eta: 16:14:14  time: 0.3712  data_time: 0.0454  memory: 9068  loss: 1.9342  decode.loss_ohem: 1.1157  decode.acc_seg: 76.4146  aux_0.loss_ce: 0.8185  aux_0.acc_seg: 73.4110
2026/07/19 14:52:32 - mmengine - INFO - Exp name: dsanet_cityscapes_512x1024_20260719_144008
2026/07/19 14:52:32 - mmengine - INFO - Iter(train) [  2000/160000]  lr: 1.0000e-02  eta: 16:13:49  time: 0.3697  data_time: 0.0434  memory: 9066  loss: 1.8636  decode.loss_ohem: 1.0790  decode.acc_seg: 77.4353  aux_0.loss_ce: 0.7846  aux_0.acc_seg: 73.6860
2026/07/19 14:53:09 - mmengine - INFO - Iter(train) [  2100/160000]  lr: 9.9944e-03  eta: 16:13:29  time: 0.3752  data_time: 0.0483  memory: 9066  loss: 1.8985  decode.loss_ohem: 1.0883  decode.acc_seg: 80.1297  aux_0.loss_ce: 0.8102  aux_0.acc_seg: 75.9861
2026/07/19 14:53:46 - mmengine - INFO - Iter(train) [  2200/160000]  lr: 9.9887e-03  eta: 16:12:58  time: 0.3706  data_time: 0.0444  memory: 9067  loss: 1.7643  decode.loss_ohem: 1.0271  decode.acc_seg: 77.5266  aux_0.loss_ce: 0.7372  aux_0.acc_seg: 71.1927
2026/07/19 14:54:23 - mmengine - INFO - Iter(train) [  2300/160000]  lr: 9.9830e-03  eta: 16:12:38  time: 0.3732  data_time: 0.0460  memory: 9066  loss: 1.7703  decode.loss_ohem: 1.0316  decode.acc_seg: 79.2216  aux_0.loss_ce: 0.7386  aux_0.acc_seg: 75.4108
2026/07/19 14:55:01 - mmengine - INFO - Iter(train) [  2400/160000]  lr: 9.9773e-03  eta: 16:12:15  time: 0.3721  data_time: 0.0455  memory: 9067  loss: 1.6991  decode.loss_ohem: 1.0033  decode.acc_seg: 82.2041  aux_0.loss_ce: 0.6958  aux_0.acc_seg: 78.1432
2026/07/19 14:55:38 - mmengine - INFO - Iter(train) [  2500/160000]  lr: 9.9716e-03  eta: 16:11:48  time: 0.3708  data_time: 0.0449  memory: 9065  loss: 1.6950  decode.loss_ohem: 0.9958  decode.acc_seg: 84.8593  aux_0.loss_ce: 0.6993  aux_0.acc_seg: 80.9895
2026/07/19 14:56:15 - mmengine - INFO - Iter(train) [  2600/160000]  lr: 9.9659e-03  eta: 16:11:23  time: 0.3722  data_time: 0.0449  memory: 9066  loss: 1.7284  decode.loss_ohem: 0.9894  decode.acc_seg: 85.8911  aux_0.loss_ce: 0.7390  aux_0.acc_seg: 82.3417
2026/07/19 14:56:52 - mmengine - INFO - Iter(train) [  2700/160000]  lr: 9.9602e-03  eta: 16:10:53  time: 0.3725  data_time: 0.0447  memory: 9065  loss: 1.5845  decode.loss_ohem: 0.9335  decode.acc_seg: 82.7050  aux_0.loss_ce: 0.6510  aux_0.acc_seg: 80.2546
2026/07/19 14:57:29 - mmengine - INFO - Iter(train) [  2800/160000]  lr: 9.9545e-03  eta: 16:10:22  time: 0.3707  data_time: 0.0448  memory: 9065  loss: 1.5857  decode.loss_ohem: 0.9785  decode.acc_seg: 79.4412  aux_0.loss_ce: 0.6072  aux_0.acc_seg: 76.4263
2026/07/19 14:58:06 - mmengine - INFO - Iter(train) [  2900/160000]  lr: 9.9488e-03  eta: 16:09:55  time: 0.3724  data_time: 0.0450  memory: 9064  loss: 1.6226  decode.loss_ohem: 0.9761  decode.acc_seg: 86.4656  aux_0.loss_ce: 0.6465  aux_0.acc_seg: 81.6660
2026/07/19 14:58:44 - mmengine - INFO - Exp name: dsanet_cityscapes_512x1024_20260719_144008
2026/07/19 14:58:44 - mmengine - INFO - Iter(train) [  3000/160000]  lr: 9.9431e-03  eta: 16:09:28  time: 0.3725  data_time: 0.0456  memory: 9067  loss: 1.6972  decode.loss_ohem: 1.0156  decode.acc_seg: 78.5135  aux_0.loss_ce: 0.6815  aux_0.acc_seg: 74.9923
2026/07/19 14:59:21 - mmengine - INFO - Iter(train) [  3100/160000]  lr: 9.9374e-03  eta: 16:09:01  time: 0.3718  data_time: 0.0450  memory: 9065  loss: 1.6254  decode.loss_ohem: 0.9795  decode.acc_seg: 80.0338  aux_0.loss_ce: 0.6459  aux_0.acc_seg: 76.2752
2026/07/19 14:59:58 - mmengine - INFO - Iter(train) [  3200/160000]  lr: 9.9317e-03  eta: 16:08:28  time: 0.3712  data_time: 0.0451  memory: 9065  loss: 1.5217  decode.loss_ohem: 0.9300  decode.acc_seg: 83.7260  aux_0.loss_ce: 0.5916  aux_0.acc_seg: 79.2649
2026/07/19 15:00:35 - mmengine - INFO - Iter(train) [  3300/160000]  lr: 9.9260e-03  eta: 16:07:55  time: 0.3706  data_time: 0.0447  memory: 9065  loss: 1.6652  decode.loss_ohem: 1.0111  decode.acc_seg: 84.2848  aux_0.loss_ce: 0.6541  aux_0.acc_seg: 78.6422
2026/07/19 15:01:12 - mmengine - INFO - Iter(train) [  3400/160000]  lr: 9.9204e-03  eta: 16:07:26  time: 0.3726  data_time: 0.0450  memory: 9066  loss: 1.5881  decode.loss_ohem: 0.9255  decode.acc_seg: 83.1943  aux_0.loss_ce: 0.6625  aux_0.acc_seg: 82.5237
2026/07/19 15:01:50 - mmengine - INFO - Iter(train) [  3500/160000]  lr: 9.9147e-03  eta: 16:06:55  time: 0.3724  data_time: 0.0462  memory: 9065  loss: 1.5819  decode.loss_ohem: 0.9594  decode.acc_seg: 80.5443  aux_0.loss_ce: 0.6225  aux_0.acc_seg: 77.2154
2026/07/19 15:02:27 - mmengine - INFO - Iter(train) [  3600/160000]  lr: 9.9090e-03  eta: 16:06:22  time: 0.3738  data_time: 0.0467  memory: 9064  loss: 1.5826  decode.loss_ohem: 0.9349  decode.acc_seg: 86.8150  aux_0.loss_ce: 0.6477  aux_0.acc_seg: 82.7103
2026/07/19 15:03:04 - mmengine - INFO - Iter(train) [  3700/160000]  lr: 9.9033e-03  eta: 16:05:49  time: 0.3703  data_time: 0.0441  memory: 9063  loss: 1.4878  decode.loss_ohem: 0.9016  decode.acc_seg: 84.9680  aux_0.loss_ce: 0.5862  aux_0.acc_seg: 79.8612
2026/07/19 15:03:41 - mmengine - INFO - Iter(train) [  3800/160000]  lr: 9.8976e-03  eta: 16:05:13  time: 0.3708  data_time: 0.0447  memory: 9064  loss: 1.6109  decode.loss_ohem: 0.9823  decode.acc_seg: 85.1867  aux_0.loss_ce: 0.6286  aux_0.acc_seg: 82.0310
2026/07/19 15:04:18 - mmengine - INFO - Iter(train) [  3900/160000]  lr: 9.8919e-03  eta: 16:04:40  time: 0.3716  data_time: 0.0450  memory: 9063  loss: 1.4358  decode.loss_ohem: 0.8683  decode.acc_seg: 87.5527  aux_0.loss_ce: 0.5675  aux_0.acc_seg: 83.3572
2026/07/19 15:04:55 - mmengine - INFO - Exp name: dsanet_cityscapes_512x1024_20260719_144008
2026/07/19 15:04:55 - mmengine - INFO - Iter(train) [  4000/160000]  lr: 9.8862e-03  eta: 16:04:06  time: 0.3713  data_time: 0.0447  memory: 9064  loss: 1.5739  decode.loss_ohem: 0.9543  decode.acc_seg: 86.0280  aux_0.loss_ce: 0.6197  aux_0.acc_seg: 80.7089
2026/07/19 15:05:33 - mmengine - INFO - Iter(train) [  4100/160000]  lr: 9.8805e-03  eta: 16:03:29  time: 0.3716  data_time: 0.0453  memory: 9063  loss: 1.4562  decode.loss_ohem: 0.8940  decode.acc_seg: 84.6055  aux_0.loss_ce: 0.5622  aux_0.acc_seg: 82.4776
2026/07/19 15:06:10 - mmengine - INFO - Iter(train) [  4200/160000]  lr: 9.8748e-03  eta: 16:02:53  time: 0.3708  data_time: 0.0447  memory: 9064  loss: 1.5883  decode.loss_ohem: 0.9705  decode.acc_seg: 83.6520  aux_0.loss_ce: 0.6178  aux_0.acc_seg: 81.6769
2026/07/19 15:06:47 - mmengine - INFO - Iter(train) [  4300/160000]  lr: 9.8691e-03  eta: 16:02:18  time: 0.3710  data_time: 0.0450  memory: 9063  loss: 1.4456  decode.loss_ohem: 0.8822  decode.acc_seg: 87.8209  aux_0.loss_ce: 0.5634  aux_0.acc_seg: 85.4784
2026/07/19 15:07:24 - mmengine - INFO - Iter(train) [  4400/160000]  lr: 9.8634e-03  eta: 16:01:45  time: 0.3706  data_time: 0.0449  memory: 9065  loss: 1.5316  decode.loss_ohem: 0.9301  decode.acc_seg: 83.1925  aux_0.loss_ce: 0.6015  aux_0.acc_seg: 82.1869
2026/07/19 15:08:01 - mmengine - INFO - Iter(train) [  4500/160000]  lr: 9.8577e-03  eta: 16:01:07  time: 0.3707  data_time: 0.0449  memory: 9063  loss: 1.5999  decode.loss_ohem: 1.0076  decode.acc_seg: 82.6753  aux_0.loss_ce: 0.5923  aux_0.acc_seg: 78.1313
2026/07/19 15:08:38 - mmengine - INFO - Iter(train) [  4600/160000]  lr: 9.8520e-03  eta: 16:00:32  time: 0.3717  data_time: 0.0453  memory: 9063  loss: 1.4606  decode.loss_ohem: 0.8767  decode.acc_seg: 80.4708  aux_0.loss_ce: 0.5839  aux_0.acc_seg: 78.0906
2026/07/19 15:09:15 - mmengine - INFO - Iter(train) [  4700/160000]  lr: 9.8463e-03  eta: 15:59:56  time: 0.3711  data_time: 0.0450  memory: 9064  loss: 1.7082  decode.loss_ohem: 1.0028  decode.acc_seg: 80.6711  aux_0.loss_ce: 0.7054  aux_0.acc_seg: 76.6511
2026/07/19 15:09:52 - mmengine - INFO - Iter(train) [  4800/160000]  lr: 9.8406e-03  eta: 15:59:18  time: 0.3697  data_time: 0.0449  memory: 9065  loss: 1.5459  decode.loss_ohem: 0.9506  decode.acc_seg: 84.5443  aux_0.loss_ce: 0.5953  aux_0.acc_seg: 82.1266
2026/07/19 15:10:29 - mmengine - INFO - Iter(train) [  4900/160000]  lr: 9.8349e-03  eta: 15:58:38  time: 0.3696  data_time: 0.0445  memory: 9062  loss: 1.4967  decode.loss_ohem: 0.9140  decode.acc_seg: 81.0852  aux_0.loss_ce: 0.5826  aux_0.acc_seg: 78.2641
2026/07/19 15:11:07 - mmengine - INFO - Exp name: dsanet_cityscapes_512x1024_20260719_144008
2026/07/19 15:11:07 - mmengine - INFO - Iter(train) [  5000/160000]  lr: 9.8292e-03  eta: 15:58:03  time: 0.3737  data_time: 0.0465  memory: 9063  loss: 1.5944  decode.loss_ohem: 0.9596  decode.acc_seg: 81.5152  aux_0.loss_ce: 0.6347  aux_0.acc_seg: 77.1244
2026/07/19 15:11:07 - mmengine - INFO - Saving checkpoint at 5000 iterations
2026/07/19 15:11:13 - mmengine - INFO - Iter(val) [100/250]    eta: 0:00:09  time: 0.0529  data_time: 0.0191  memory: 950  
2026/07/19 15:11:18 - mmengine - INFO - Iter(val) [200/250]    eta: 0:00:02  time: 0.0541  data_time: 0.0195  memory: 790  
2026/07/19 15:11:21 - mmengine - INFO - per class results:
2026/07/19 15:11:21 - mmengine - INFO - 
+---------------+-------+-------+
|     Class     |  IoU  |  Acc  |
+---------------+-------+-------+
|      road     | 94.52 | 97.31 |
|    sidewalk   | 62.44 | 77.73 |
|    building   |  79.3 | 92.06 |
|      wall     | 12.58 | 15.75 |
|     fence     | 24.41 | 45.81 |
|      pole     | 30.34 | 38.12 |
| traffic light |  0.0  |  0.0  |
|  traffic sign |  12.8 |  13.5 |
|   vegetation  | 81.89 | 87.48 |
|    terrain    | 32.66 | 58.53 |
|      sky      | 84.72 | 93.36 |
|     person    | 44.64 | 64.42 |
|     rider     |  0.0  |  0.0  |
|      car      | 79.23 | 89.57 |
|     truck     |  0.08 |  0.08 |
|      bus      | 29.11 | 76.55 |
|     train     |  2.32 |  3.69 |
|   motorcycle  |  0.0  |  0.0  |
|    bicycle    | 37.83 | 46.94 |
+---------------+-------+-------+
2026/07/19 15:11:21 - mmengine - INFO - Iter(val) [250/250]    aAcc: 88.2400  mIoU: 37.3100  mAcc: 47.4200  data_time: 0.0207  time: 0.0562
2026/07/19 15:11:21 - mmengine - INFO - The best checkpoint with 37.3100 mIoU at 5000 iter is saved to best_mIoU_iter_5000.pth.
2026/07/19 15:11:59 - mmengine - INFO - Iter(train) [  5100/160000]  lr: 9.8235e-03  eta: 15:57:48  time: 0.3690  data_time: 0.0442  memory: 9062  loss: 1.4463  decode.loss_ohem: 0.8691  decode.acc_seg: 84.6621  aux_0.loss_ce: 0.5772  aux_0.acc_seg: 81.1219
2026/07/19 15:12:36 - mmengine - INFO - Iter(train) [  5200/160000]  lr: 9.8178e-03  eta: 15:57:09  time: 0.3687  data_time: 0.0440  memory: 9062  loss: 1.5139  decode.loss_ohem: 0.9463  decode.acc_seg: 86.2886  aux_0.loss_ce: 0.5676  aux_0.acc_seg: 82.1849
2026/07/19 15:13:13 - mmengine - INFO - Iter(train) [  5300/160000]  lr: 9.8121e-03  eta: 15:56:28  time: 0.3710  data_time: 0.0454  memory: 9065  loss: 1.4981  decode.loss_ohem: 0.9089  decode.acc_seg: 80.4007  aux_0.loss_ce: 0.5892  aux_0.acc_seg: 75.8021
2026/07/19 15:13:50 - mmengine - INFO - Iter(train) [  5400/160000]  lr: 9.8064e-03  eta: 15:55:47  time: 0.3687  data_time: 0.0436  memory: 9064  loss: 1.6110  decode.loss_ohem: 1.0131  decode.acc_seg: 86.4036  aux_0.loss_ce: 0.5980  aux_0.acc_seg: 83.2871
2026/07/19 15:14:27 - mmengine - INFO - Iter(train) [  5500/160000]  lr: 9.8007e-03  eta: 15:55:06  time: 0.3703  data_time: 0.0443  memory: 9063  loss: 1.4805  decode.loss_ohem: 0.8791  decode.acc_seg: 81.9532  aux_0.loss_ce: 0.6013  aux_0.acc_seg: 79.6995
2026/07/19 15:15:04 - mmengine - INFO - Iter(train) [  5600/160000]  lr: 9.7950e-03  eta: 15:54:26  time: 0.3682  data_time: 0.0441  memory: 9062  loss: 1.4259  decode.loss_ohem: 0.8920  decode.acc_seg: 83.4581  aux_0.loss_ce: 0.5339  aux_0.acc_seg: 80.3941
2026/07/19 15:15:41 - mmengine - INFO - Iter(train) [  5700/160000]  lr: 9.7893e-03  eta: 15:53:45  time: 0.3690  data_time: 0.0448  memory: 9063  loss: 1.3736  decode.loss_ohem: 0.8788  decode.acc_seg: 86.8160  aux_0.loss_ce: 0.4948  aux_0.acc_seg: 82.6574
2026/07/19 15:16:18 - mmengine - INFO - Iter(train) [  5800/160000]  lr: 9.7836e-03  eta: 15:53:08  time: 0.3697  data_time: 0.0442  memory: 9063  loss: 1.4953  decode.loss_ohem: 0.9112  decode.acc_seg: 83.5241  aux_0.loss_ce: 0.5841  aux_0.acc_seg: 76.7010
2026/07/19 15:16:55 - mmengine - INFO - Iter(train) [  5900/160000]  lr: 9.7778e-03  eta: 15:52:29  time: 0.3712  data_time: 0.0458  memory: 9063  loss: 1.4316  decode.loss_ohem: 0.8921  decode.acc_seg: 88.2350  aux_0.loss_ce: 0.5395  aux_0.acc_seg: 85.3024
2026/07/19 15:17:32 - mmengine - INFO - Exp name: dsanet_cityscapes_512x1024_20260719_144008
2026/07/19 15:17:32 - mmengine - INFO - Iter(train) [  6000/160000]  lr: 9.7721e-03  eta: 15:51:49  time: 0.3698  data_time: 0.0449  memory: 9063  loss: 1.4803  decode.loss_ohem: 0.9374  decode.acc_seg: 86.6598  aux_0.loss_ce: 0.5429  aux_0.acc_seg: 83.2725
2026/07/19 15:18:09 - mmengine - INFO - Iter(train) [  6100/160000]  lr: 9.7664e-03  eta: 15:51:09  time: 0.3699  data_time: 0.0449  memory: 9062  loss: 1.4519  decode.loss_ohem: 0.8971  decode.acc_seg: 82.8498  aux_0.loss_ce: 0.5548  aux_0.acc_seg: 79.2911
2026/07/19 15:18:46 - mmengine - INFO - Iter(train) [  6200/160000]  lr: 9.7607e-03  eta: 15:50:29  time: 0.3692  data_time: 0.0446  memory: 9062  loss: 1.3763  decode.loss_ohem: 0.8676  decode.acc_seg: 88.4666  aux_0.loss_ce: 0.5087  aux_0.acc_seg: 86.5480
2026/07/19 15:19:23 - mmengine - INFO - Iter(train) [  6300/160000]  lr: 9.7550e-03  eta: 15:49:50  time: 0.3695  data_time: 0.0450  memory: 9065  loss: 1.4339  decode.loss_ohem: 0.8917  decode.acc_seg: 85.5586  aux_0.loss_ce: 0.5421  aux_0.acc_seg: 79.3714
2026/07/19 15:20:00 - mmengine - INFO - Iter(train) [  6400/160000]  lr: 9.7493e-03  eta: 15:49:10  time: 0.3685  data_time: 0.0438  memory: 9064  loss: 1.4334  decode.loss_ohem: 0.8936  decode.acc_seg: 80.9977  aux_0.loss_ce: 0.5398  aux_0.acc_seg: 78.4069
2026/07/19 15:20:37 - mmengine - INFO - Iter(train) [  6500/160000]  lr: 9.7436e-03  eta: 15:48:30  time: 0.3700  data_time: 0.0453  memory: 9062  loss: 1.3171  decode.loss_ohem: 0.8420  decode.acc_seg: 86.8952  aux_0.loss_ce: 0.4751  aux_0.acc_seg: 84.9418
2026/07/19 15:21:14 - mmengine - INFO - Iter(train) [  6600/160000]  lr: 9.7379e-03  eta: 15:47:50  time: 0.3684  data_time: 0.0441  memory: 9063  loss: 1.3719  decode.loss_ohem: 0.8397  decode.acc_seg: 84.6786  aux_0.loss_ce: 0.5322  aux_0.acc_seg: 83.0516
2026/07/19 15:21:50 - mmengine - INFO - Iter(train) [  6700/160000]  lr: 9.7322e-03  eta: 15:47:11  time: 0.3690  data_time: 0.0441  memory: 9062  loss: 1.4271  decode.loss_ohem: 0.9001  decode.acc_seg: 83.3094  aux_0.loss_ce: 0.5270  aux_0.acc_seg: 79.3807
2026/07/19 15:22:28 - mmengine - INFO - Iter(train) [  6800/160000]  lr: 9.7265e-03  eta: 15:46:34  time: 0.3701  data_time: 0.0449  memory: 9061  loss: 1.4504  decode.loss_ohem: 0.9154  decode.acc_seg: 85.6794  aux_0.loss_ce: 0.5350  aux_0.acc_seg: 81.8893
2026/07/19 15:23:05 - mmengine - INFO - Iter(train) [  6900/160000]  lr: 9.7208e-03  eta: 15:45:55  time: 0.3687  data_time: 0.0442  memory: 9063  loss: 1.3575  decode.loss_ohem: 0.8589  decode.acc_seg: 87.6873  aux_0.loss_ce: 0.4986  aux_0.acc_seg: 83.0204
2026/07/19 15:23:42 - mmengine - INFO - Exp name: dsanet_cityscapes_512x1024_20260719_144008
2026/07/19 15:23:42 - mmengine - INFO - Iter(train) [  7000/160000]  lr: 9.7151e-03  eta: 15:45:16  time: 0.3705  data_time: 0.0458  memory: 9064  loss: 1.3816  decode.loss_ohem: 0.8743  decode.acc_seg: 86.7751  aux_0.loss_ce: 0.5074  aux_0.acc_seg: 82.9999
2026/07/19 15:24:19 - mmengine - INFO - Iter(train) [  7100/160000]  lr: 9.7094e-03  eta: 15:44:38  time: 0.3686  data_time: 0.0441  memory: 9063  loss: 1.4173  decode.loss_ohem: 0.8913  decode.acc_seg: 88.9970  aux_0.loss_ce: 0.5260  aux_0.acc_seg: 85.2209
2026/07/19 15:24:56 - mmengine - INFO - Iter(train) [  7200/160000]  lr: 9.7037e-03  eta: 15:43:59  time: 0.3712  data_time: 0.0453  memory: 9063  loss: 1.3807  decode.loss_ohem: 0.8564  decode.acc_seg: 85.9438  aux_0.loss_ce: 0.5243  aux_0.acc_seg: 83.0184
2026/07/19 15:25:33 - mmengine - INFO - Iter(train) [  7300/160000]  lr: 9.6979e-03  eta: 15:43:21  time: 0.3700  data_time: 0.0448  memory: 9063  loss: 1.4061  decode.loss_ohem: 0.8676  decode.acc_seg: 88.2031  aux_0.loss_ce: 0.5386  aux_0.acc_seg: 83.7585
2026/07/19 15:26:10 - mmengine - INFO - Iter(train) [  7400/160000]  lr: 9.6922e-03  eta: 15:42:42  time: 0.3703  data_time: 0.0457  memory: 9062  loss: 1.3507  decode.loss_ohem: 0.8616  decode.acc_seg: 83.5380  aux_0.loss_ce: 0.4891  aux_0.acc_seg: 81.6199
2026/07/19 15:26:46 - mmengine - INFO - Iter(train) [  7500/160000]  lr: 9.6865e-03  eta: 15:42:03  time: 0.3699  data_time: 0.0453  memory: 9061  loss: 1.3986  decode.loss_ohem: 0.9042  decode.acc_seg: 88.1015  aux_0.loss_ce: 0.4944  aux_0.acc_seg: 83.9020
2026/07/19 15:27:24 - mmengine - INFO - Iter(train) [  7600/160000]  lr: 9.6808e-03  eta: 15:41:26  time: 0.3685  data_time: 0.0442  memory: 9063  loss: 1.4187  decode.loss_ohem: 0.8992  decode.acc_seg: 87.6061  aux_0.loss_ce: 0.5195  aux_0.acc_seg: 80.1837
2026/07/19 15:28:01 - mmengine - INFO - Iter(train) [  7700/160000]  lr: 9.6751e-03  eta: 15:40:47  time: 0.3692  data_time: 0.0443  memory: 9062  loss: 1.5292  decode.loss_ohem: 0.9801  decode.acc_seg: 87.3634  aux_0.loss_ce: 0.5490  aux_0.acc_seg: 83.8174
2026/07/19 15:28:38 - mmengine - INFO - Iter(train) [  7800/160000]  lr: 9.6694e-03  eta: 15:40:10  time: 0.3712  data_time: 0.0452  memory: 9062  loss: 1.3612  decode.loss_ohem: 0.8532  decode.acc_seg: 86.3906  aux_0.loss_ce: 0.5081  aux_0.acc_seg: 81.4075
2026/07/19 15:29:15 - mmengine - INFO - Iter(train) [  7900/160000]  lr: 9.6637e-03  eta: 15:39:32  time: 0.3690  data_time: 0.0449  memory: 9064  loss: 1.4210  decode.loss_ohem: 0.8939  decode.acc_seg: 88.2610  aux_0.loss_ce: 0.5271  aux_0.acc_seg: 84.6353
2026/07/19 15:29:52 - mmengine - INFO - Exp name: dsanet_cityscapes_512x1024_20260719_144008
2026/07/19 15:29:52 - mmengine - INFO - Iter(train) [  8000/160000]  lr: 9.6580e-03  eta: 15:38:53  time: 0.3694  data_time: 0.0440  memory: 9061  loss: 1.3624  decode.loss_ohem: 0.8558  decode.acc_seg: 87.3912  aux_0.loss_ce: 0.5067  aux_0.acc_seg: 85.8798
2026/07/19 15:30:29 - mmengine - INFO - Iter(train) [  8100/160000]  lr: 9.6523e-03  eta: 15:38:15  time: 0.3701  data_time: 0.0446  memory: 9060  loss: 1.3864  decode.loss_ohem: 0.8706  decode.acc_seg: 86.4174  aux_0.loss_ce: 0.5158  aux_0.acc_seg: 81.5411
2026/07/19 15:31:06 - mmengine - INFO - Iter(train) [  8200/160000]  lr: 9.6465e-03  eta: 15:37:37  time: 0.3730  data_time: 0.0465  memory: 9065  loss: 1.3427  decode.loss_ohem: 0.8391  decode.acc_seg: 89.2398  aux_0.loss_ce: 0.5036  aux_0.acc_seg: 87.3831
2026/07/19 15:31:43 - mmengine - INFO - Iter(train) [  8300/160000]  lr: 9.6408e-03  eta: 15:37:01  time: 0.3695  data_time: 0.0445  memory: 9061  loss: 1.5061  decode.loss_ohem: 0.9527  decode.acc_seg: 83.0726  aux_0.loss_ce: 0.5534  aux_0.acc_seg: 81.3348
2026/07/19 15:32:20 - mmengine - INFO - Iter(train) [  8400/160000]  lr: 9.6351e-03  eta: 15:36:23  time: 0.3696  data_time: 0.0454  memory: 9061  loss: 1.3255  decode.loss_ohem: 0.8469  decode.acc_seg: 83.9278  aux_0.loss_ce: 0.4787  aux_0.acc_seg: 80.0289
2026/07/19 15:32:57 - mmengine - INFO - Iter(train) [  8500/160000]  lr: 9.6294e-03  eta: 15:35:46  time: 0.3706  data_time: 0.0451  memory: 9061  loss: 1.3385  decode.loss_ohem: 0.8529  decode.acc_seg: 84.2970  aux_0.loss_ce: 0.4856  aux_0.acc_seg: 78.5846
2026/07/19 15:33:34 - mmengine - INFO - Iter(train) [  8600/160000]  lr: 9.6237e-03  eta: 15:35:08  time: 0.3688  data_time: 0.0435  memory: 9061  loss: 1.4197  decode.loss_ohem: 0.9064  decode.acc_seg: 78.3979  aux_0.loss_ce: 0.5133  aux_0.acc_seg: 72.8336
2026/07/19 15:34:11 - mmengine - INFO - Iter(train) [  8700/160000]  lr: 9.6180e-03  eta: 15:34:30  time: 0.3700  data_time: 0.0448  memory: 9063  loss: 1.3410  decode.loss_ohem: 0.8416  decode.acc_seg: 85.4283  aux_0.loss_ce: 0.4994  aux_0.acc_seg: 81.8681
2026/07/19 15:34:48 - mmengine - INFO - Iter(train) [  8800/160000]  lr: 9.6123e-03  eta: 15:33:51  time: 0.3706  data_time: 0.0452  memory: 9061  loss: 1.3043  decode.loss_ohem: 0.8265  decode.acc_seg: 88.8991  aux_0.loss_ce: 0.4778  aux_0.acc_seg: 83.6970
2026/07/19 15:35:25 - mmengine - INFO - Iter(train) [  8900/160000]  lr: 9.6065e-03  eta: 15:33:13  time: 0.3699  data_time: 0.0455  memory: 9062  loss: 1.4132  decode.loss_ohem: 0.9264  decode.acc_seg: 87.6953  aux_0.loss_ce: 0.4868  aux_0.acc_seg: 85.6629
2026/07/19 15:36:02 - mmengine - INFO - Exp name: dsanet_cityscapes_512x1024_20260719_144008
2026/07/19 15:36:02 - mmengine - INFO - Iter(train) [  9000/160000]  lr: 9.6008e-03  eta: 15:32:35  time: 0.3713  data_time: 0.0457  memory: 9061  loss: 1.4201  decode.loss_ohem: 0.9074  decode.acc_seg: 87.2581  aux_0.loss_ce: 0.5128  aux_0.acc_seg: 83.8265
2026/07/19 15:36:39 - mmengine - INFO - Iter(train) [  9100/160000]  lr: 9.5951e-03  eta: 15:31:56  time: 0.3690  data_time: 0.0443  memory: 9061  loss: 1.5220  decode.loss_ohem: 0.9669  decode.acc_seg: 77.5704  aux_0.loss_ce: 0.5551  aux_0.acc_seg: 75.3783
2026/07/19 15:37:16 - mmengine - INFO - Iter(train) [  9200/160000]  lr: 9.5894e-03  eta: 15:31:17  time: 0.3684  data_time: 0.0438  memory: 9059  loss: 1.2034  decode.loss_ohem: 0.7790  decode.acc_seg: 91.3186  aux_0.loss_ce: 0.4243  aux_0.acc_seg: 88.2651
2026/07/19 15:37:53 - mmengine - INFO - Iter(train) [  9300/160000]  lr: 9.5837e-03  eta: 15:30:41  time: 0.3702  data_time: 0.0449  memory: 9061  loss: 1.3603  decode.loss_ohem: 0.8620  decode.acc_seg: 91.2455  aux_0.loss_ce: 0.4983  aux_0.acc_seg: 89.2227
2026/07/19 15:38:30 - mmengine - INFO - Iter(train) [  9400/160000]  lr: 9.5780e-03  eta: 15:30:04  time: 0.3692  data_time: 0.0447  memory: 9061  loss: 1.4241  decode.loss_ohem: 0.9072  decode.acc_seg: 87.2601  aux_0.loss_ce: 0.5169  aux_0.acc_seg: 84.3617
2026/07/19 15:39:07 - mmengine - INFO - Iter(train) [  9500/160000]  lr: 9.5722e-03  eta: 15:29:26  time: 0.3700  data_time: 0.0445  memory: 9061  loss: 1.4135  decode.loss_ohem: 0.8632  decode.acc_seg: 86.8730  aux_0.loss_ce: 0.5503  aux_0.acc_seg: 83.6681
2026/07/19 15:39:44 - mmengine - INFO - Iter(train) [  9600/160000]  lr: 9.5665e-03  eta: 15:28:49  time: 0.3720  data_time: 0.0459  memory: 9061  loss: 1.2692  decode.loss_ohem: 0.7963  decode.acc_seg: 84.3811  aux_0.loss_ce: 0.4729  aux_0.acc_seg: 79.2693
2026/07/19 15:40:21 - mmengine - INFO - Iter(train) [  9700/160000]  lr: 9.5608e-03  eta: 15:28:11  time: 0.3704  data_time: 0.0452  memory: 9062  loss: 1.3992  decode.loss_ohem: 0.8969  decode.acc_seg: 86.8087  aux_0.loss_ce: 0.5024  aux_0.acc_seg: 82.9895
2026/07/19 15:40:58 - mmengine - INFO - Iter(train) [  9800/160000]  lr: 9.5551e-03  eta: 15:27:33  time: 0.3692  data_time: 0.0448  memory: 9062  loss: 1.3521  decode.loss_ohem: 0.8334  decode.acc_seg: 86.6601  aux_0.loss_ce: 0.5187  aux_0.acc_seg: 83.4968
2026/07/19 15:41:35 - mmengine - INFO - Iter(train) [  9900/160000]  lr: 9.5494e-03  eta: 15:26:55  time: 0.3704  data_time: 0.0452  memory: 9062  loss: 1.3420  decode.loss_ohem: 0.8618  decode.acc_seg: 89.4923  aux_0.loss_ce: 0.4802  aux_0.acc_seg: 85.9302
2026/07/19 15:42:12 - mmengine - INFO - Exp name: dsanet_cityscapes_512x1024_20260719_144008
2026/07/19 15:42:12 - mmengine - INFO - Iter(train) [ 10000/160000]  lr: 9.5436e-03  eta: 15:26:18  time: 0.3710  data_time: 0.0451  memory: 9061  loss: 1.3624  decode.loss_ohem: 0.8599  decode.acc_seg: 89.5233  aux_0.loss_ce: 0.5025  aux_0.acc_seg: 82.8121
2026/07/19 15:42:12 - mmengine - INFO - Saving checkpoint at 10000 iterations
2026/07/19 15:42:18 - mmengine - INFO - Iter(val) [100/250]    eta: 0:00:08  time: 0.0509  data_time: 0.0186  memory: 790  
2026/07/19 15:42:23 - mmengine - INFO - Iter(val) [200/250]    eta: 0:00:02  time: 0.0513  data_time: 0.0187  memory: 790  
2026/07/19 15:42:25 - mmengine - INFO - per class results:
2026/07/19 15:42:25 - mmengine - INFO - 
+---------------+-------+-------+
|     Class     |  IoU  |  Acc  |
+---------------+-------+-------+
|      road     | 93.54 | 94.46 |
|    sidewalk   | 62.63 |  89.5 |
|    building   |  83.5 | 94.97 |
|      wall     | 23.34 | 25.76 |
|     fence     | 26.13 | 30.72 |
|      pole     | 39.99 | 49.26 |
| traffic light |  0.55 |  0.55 |
|  traffic sign | 35.85 | 41.12 |
|   vegetation  | 87.02 | 93.38 |
|    terrain    | 43.55 | 53.55 |
|      sky      | 89.59 | 96.26 |
|     person    | 53.55 | 72.32 |
|     rider     |  8.6  |  9.11 |
|      car      | 85.39 | 94.43 |
|     truck     |  1.19 |  1.19 |
|      bus      | 46.22 | 59.91 |
|     train     |  5.97 |  6.42 |
|   motorcycle  |  0.68 |  0.68 |
|    bicycle    | 50.35 | 70.24 |
+---------------+-------+-------+
2026/07/19 15:42:25 - mmengine - INFO - Iter(val) [250/250]    aAcc: 90.3700  mIoU: 44.0900  mAcc: 51.7800  data_time: 0.0195  time: 0.0523
2026/07/19 15:42:25 - mmengine - INFO - The previous best checkpoint /root/autodl-tmp/DSANet-main/tools/work_dirs/dsanet_cityscapes_512x1024/best_mIoU_iter_5000.pth is removed
2026/07/19 15:42:26 - mmengine - INFO - The best checkpoint with 44.0900 mIoU at 10000 iter is saved to best_mIoU_iter_10000.pth.
2026/07/19 15:43:03 - mmengine - INFO - Iter(train) [ 10100/160000]  lr: 9.5379e-03  eta: 15:25:54  time: 0.3698  data_time: 0.0444  memory: 9061  loss: 1.2730  decode.loss_ohem: 0.8095  decode.acc_seg: 86.9126  aux_0.loss_ce: 0.4635  aux_0.acc_seg: 81.2279
2026/07/19 15:43:40 - mmengine - INFO - Iter(train) [ 10200/160000]  lr: 9.5322e-03  eta: 15:25:16  time: 0.3718  data_time: 0.0459  memory: 9061  loss: 1.3774  decode.loss_ohem: 0.8972  decode.acc_seg: 89.5044  aux_0.loss_ce: 0.4802  aux_0.acc_seg: 86.2124
2026/07/19 15:44:18 - mmengine - INFO - Iter(train) [ 10300/160000]  lr: 9.5265e-03  eta: 15:24:42  time: 0.3799  data_time: 0.0508  memory: 9061  loss: 1.3747  decode.loss_ohem: 0.8937  decode.acc_seg: 89.4416  aux_0.loss_ce: 0.4810  aux_0.acc_seg: 87.4734
2026/07/19 15:44:55 - mmengine - INFO - Iter(train) [ 10400/160000]  lr: 9.5208e-03  eta: 15:24:12  time: 0.3758  data_time: 0.0482  memory: 9062  loss: 1.3873  decode.loss_ohem: 0.8766  decode.acc_seg: 87.0990  aux_0.loss_ce: 0.5106  aux_0.acc_seg: 82.8173
2026/07/19 15:45:32 - mmengine - INFO - Iter(train) [ 10500/160000]  lr: 9.5150e-03  eta: 15:23:39  time: 0.3763  data_time: 0.0481  memory: 9062  loss: 1.2818  decode.loss_ohem: 0.8102  decode.acc_seg: 85.6207  aux_0.loss_ce: 0.4716  aux_0.acc_seg: 80.5778
2026/07/19 15:46:10 - mmengine - INFO - Iter(train) [ 10600/160000]  lr: 9.5093e-03  eta: 15:23:04  time: 0.3742  data_time: 0.0466  memory: 9064  loss: 1.4217  decode.loss_ohem: 0.8886  decode.acc_seg: 84.1943  aux_0.loss_ce: 0.5330  aux_0.acc_seg: 78.5172
2026/07/19 15:46:47 - mmengine - INFO - Iter(train) [ 10700/160000]  lr: 9.5036e-03  eta: 15:22:32  time: 0.3732  data_time: 0.0462  memory: 9062  loss: 1.3030  decode.loss_ohem: 0.8124  decode.acc_seg: 79.6564  aux_0.loss_ce: 0.4907  aux_0.acc_seg: 72.8206
2026/07/19 15:47:25 - mmengine - INFO - Iter(train) [ 10800/160000]  lr: 9.4979e-03  eta: 15:22:00  time: 0.3690  data_time: 0.0441  memory: 9062  loss: 1.3280  decode.loss_ohem: 0.8503  decode.acc_seg: 88.2124  aux_0.loss_ce: 0.4777  aux_0.acc_seg: 85.2898
2026/07/19 15:48:02 - mmengine - INFO - Iter(train) [ 10900/160000]  lr: 9.4921e-03  eta: 15:21:23  time: 0.3721  data_time: 0.0461  memory: 9061  loss: 1.2496  decode.loss_ohem: 0.8030  decode.acc_seg: 89.3193  aux_0.loss_ce: 0.4466  aux_0.acc_seg: 85.8451
2026/07/19 15:48:39 - mmengine - INFO - Exp name: dsanet_cityscapes_512x1024_20260719_144008
2026/07/19 15:48:39 - mmengine - INFO - Iter(train) [ 11000/160000]  lr: 9.4864e-03  eta: 15:20:45  time: 0.3705  data_time: 0.0452  memory: 9062  loss: 1.2981  decode.loss_ohem: 0.8527  decode.acc_seg: 87.4774  aux_0.loss_ce: 0.4454  aux_0.acc_seg: 83.1943
2026/07/19 15:49:16 - mmengine - INFO - Iter(train) [ 11100/160000]  lr: 9.4807e-03  eta: 15:20:08  time: 0.3698  data_time: 0.0446  memory: 9062  loss: 1.5796  decode.loss_ohem: 1.0023  decode.acc_seg: 82.7321  aux_0.loss_ce: 0.5773  aux_0.acc_seg: 76.1430
2026/07/19 15:49:53 - mmengine - INFO - Iter(train) [ 11200/160000]  lr: 9.4750e-03  eta: 15:19:31  time: 0.3701  data_time: 0.0447  memory: 9062  loss: 1.3079  decode.loss_ohem: 0.8547  decode.acc_seg: 87.5892  aux_0.loss_ce: 0.4532  aux_0.acc_seg: 80.2124
2026/07/19 15:50:30 - mmengine - INFO - Iter(train) [ 11300/160000]  lr: 9.4692e-03  eta: 15:18:54  time: 0.3724  data_time: 0.0459  memory: 9062  loss: 1.2781  decode.loss_ohem: 0.8156  decode.acc_seg: 86.7446  aux_0.loss_ce: 0.4624  aux_0.acc_seg: 83.2567
2026/07/19 15:51:07 - mmengine - INFO - Iter(train) [ 11400/160000]  lr: 9.4635e-03  eta: 15:18:17  time: 0.3693  data_time: 0.0447  memory: 9060  loss: 1.4189  decode.loss_ohem: 0.9137  decode.acc_seg: 89.3937  aux_0.loss_ce: 0.5053  aux_0.acc_seg: 80.9875
2026/07/19 15:51:44 - mmengine - INFO - Iter(train) [ 11500/160000]  lr: 9.4578e-03  eta: 15:17:40  time: 0.3698  data_time: 0.0446  memory: 9061  loss: 1.4405  decode.loss_ohem: 0.9338  decode.acc_seg: 86.0431  aux_0.loss_ce: 0.5068  aux_0.acc_seg: 82.3797
2026/07/19 15:52:21 - mmengine - INFO - Iter(train) [ 11600/160000]  lr: 9.4521e-03  eta: 15:17:02  time: 0.3685  data_time: 0.0439  memory: 9062  loss: 1.1938  decode.loss_ohem: 0.7648  decode.acc_seg: 90.5060  aux_0.loss_ce: 0.4290  aux_0.acc_seg: 86.8270
2026/07/19 15:52:58 - mmengine - INFO - Iter(train) [ 11700/160000]  lr: 9.4463e-03  eta: 15:16:24  time: 0.3702  data_time: 0.0450  memory: 9062  loss: 1.3369  decode.loss_ohem: 0.8810  decode.acc_seg: 85.5436  aux_0.loss_ce: 0.4559  aux_0.acc_seg: 79.9818
2026/07/19 15:53:35 - mmengine - INFO - Iter(train) [ 11800/160000]  lr: 9.4406e-03  eta: 15:15:47  time: 0.3697  data_time: 0.0444  memory: 9060  loss: 1.3589  decode.loss_ohem: 0.8665  decode.acc_seg: 89.1676  aux_0.loss_ce: 0.4924  aux_0.acc_seg: 85.0453
2026/07/19 15:54:12 - mmengine - INFO - Iter(train) [ 11900/160000]  lr: 9.4349e-03  eta: 15:15:09  time: 0.3700  data_time: 0.0446  memory: 9061  loss: 1.3021  decode.loss_ohem: 0.8434  decode.acc_seg: 84.5166  aux_0.loss_ce: 0.4587  aux_0.acc_seg: 81.0230
2026/07/19 15:54:49 - mmengine - INFO - Exp name: dsanet_cityscapes_512x1024_20260719_144008
2026/07/19 15:54:49 - mmengine - INFO - Iter(train) [ 12000/160000]  lr: 9.4292e-03  eta: 15:14:31  time: 0.3704  data_time: 0.0450  memory: 9062  loss: 1.3636  decode.loss_ohem: 0.8642  decode.acc_seg: 86.5103  aux_0.loss_ce: 0.4994  aux_0.acc_seg: 79.5101
2026/07/19 15:55:26 - mmengine - INFO - Iter(train) [ 12100/160000]  lr: 9.4234e-03  eta: 15:13:52  time: 0.3717  data_time: 0.0456  memory: 9061  loss: 1.3481  decode.loss_ohem: 0.8642  decode.acc_seg: 84.0401  aux_0.loss_ce: 0.4840  aux_0.acc_seg: 79.8564
2026/07/19 15:56:03 - mmengine - INFO - Iter(train) [ 12200/160000]  lr: 9.4177e-03  eta: 15:13:14  time: 0.3704  data_time: 0.0451  memory: 9061  loss: 1.4028  decode.loss_ohem: 0.8925  decode.acc_seg: 83.0047  aux_0.loss_ce: 0.5104  aux_0.acc_seg: 78.1522
2026/07/19 15:56:40 - mmengine - INFO - Iter(train) [ 12300/160000]  lr: 9.4120e-03  eta: 15:12:38  time: 0.3787  data_time: 0.0457  memory: 9060  loss: 1.3236  decode.loss_ohem: 0.8686  decode.acc_seg: 88.7353  aux_0.loss_ce: 0.4550  aux_0.acc_seg: 86.9649
2026/07/19 15:57:17 - mmengine - INFO - Iter(train) [ 12400/160000]  lr: 9.4062e-03  eta: 15:12:01  time: 0.3714  data_time: 0.0452  memory: 9061  loss: 1.2695  decode.loss_ohem: 0.8219  decode.acc_seg: 87.7298  aux_0.loss_ce: 0.4476  aux_0.acc_seg: 83.2452
2026/07/19 15:57:54 - mmengine - INFO - Iter(train) [ 12500/160000]  lr: 9.4005e-03  eta: 15:11:24  time: 0.3718  data_time: 0.0457  memory: 9060  loss: 1.2704  decode.loss_ohem: 0.8224  decode.acc_seg: 89.1856  aux_0.loss_ce: 0.4480  aux_0.acc_seg: 86.0069
2026/07/19 15:58:32 - mmengine - INFO - Iter(train) [ 12600/160000]  lr: 9.3948e-03  eta: 15:10:46  time: 0.3695  data_time: 0.0440  memory: 9061  loss: 1.3678  decode.loss_ohem: 0.8580  decode.acc_seg: 90.9111  aux_0.loss_ce: 0.5098  aux_0.acc_seg: 87.0798
2026/07/19 15:59:09 - mmengine - INFO - Iter(train) [ 12700/160000]  lr: 9.3891e-03  eta: 15:10:09  time: 0.3703  data_time: 0.0446  memory: 9059  loss: 1.2416  decode.loss_ohem: 0.7877  decode.acc_seg: 88.7791  aux_0.loss_ce: 0.4539  aux_0.acc_seg: 83.1898
2026/07/19 15:59:46 - mmengine - INFO - Iter(train) [ 12800/160000]  lr: 9.3833e-03  eta: 15:09:31  time: 0.3710  data_time: 0.0453  memory: 9060  loss: 1.3004  decode.loss_ohem: 0.8383  decode.acc_seg: 87.9167  aux_0.loss_ce: 0.4620  aux_0.acc_seg: 83.5892
2026/07/19 16:00:23 - mmengine - INFO - Iter(train) [ 12900/160000]  lr: 9.3776e-03  eta: 15:08:54  time: 0.3710  data_time: 0.0447  memory: 9060  loss: 1.3679  decode.loss_ohem: 0.8561  decode.acc_seg: 85.3900  aux_0.loss_ce: 0.5118  aux_0.acc_seg: 79.8569
2026/07/19 16:01:00 - mmengine - INFO - Exp name: dsanet_cityscapes_512x1024_20260719_144008
2026/07/19 16:01:00 - mmengine - INFO - Iter(train) [ 13000/160000]  lr: 9.3719e-03  eta: 15:08:18  time: 0.3694  data_time: 0.0440  memory: 9061  loss: 1.3694  decode.loss_ohem: 0.8663  decode.acc_seg: 84.6638  aux_0.loss_ce: 0.5030  aux_0.acc_seg: 76.2245
2026/07/19 16:01:37 - mmengine - INFO - Iter(train) [ 13100/160000]  lr: 9.3661e-03  eta: 15:07:41  time: 0.3722  data_time: 0.0466  memory: 9060  loss: 1.3795  decode.loss_ohem: 0.8930  decode.acc_seg: 86.1982  aux_0.loss_ce: 0.4865  aux_0.acc_seg: 82.7499
2026/07/19 16:02:14 - mmengine - INFO - Iter(train) [ 13200/160000]  lr: 9.3604e-03  eta: 15:07:05  time: 0.3741  data_time: 0.0469  memory: 9061  loss: 1.3861  decode.loss_ohem: 0.8703  decode.acc_seg: 83.1565  aux_0.loss_ce: 0.5158  aux_0.acc_seg: 77.2184
2026/07/19 16:02:51 - mmengine - INFO - Iter(train) [ 13300/160000]  lr: 9.3547e-03  eta: 15:06:28  time: 0.3707  data_time: 0.0453  memory: 9060  loss: 1.2346  decode.loss_ohem: 0.7933  decode.acc_seg: 88.3039  aux_0.loss_ce: 0.4413  aux_0.acc_seg: 85.9751
2026/07/19 16:03:28 - mmengine - INFO - Iter(train) [ 13400/160000]  lr: 9.3489e-03  eta: 15:05:52  time: 0.3722  data_time: 0.0464  memory: 9060  loss: 1.3075  decode.loss_ohem: 0.8711  decode.acc_seg: 90.1305  aux_0.loss_ce: 0.4365  aux_0.acc_seg: 87.8742
2026/07/19 16:04:05 - mmengine - INFO - Iter(train) [ 13500/160000]  lr: 9.3432e-03  eta: 15:05:15  time: 0.3689  data_time: 0.0444  memory: 9061  loss: 1.2167  decode.loss_ohem: 0.7829  decode.acc_seg: 88.0326  aux_0.loss_ce: 0.4337  aux_0.acc_seg: 84.3979
2026/07/19 16:04:43 - mmengine - INFO - Iter(train) [ 13600/160000]  lr: 9.3375e-03  eta: 15:04:38  time: 0.3700  data_time: 0.0454  memory: 9061  loss: 1.3253  decode.loss_ohem: 0.8379  decode.acc_seg: 87.1266  aux_0.loss_ce: 0.4874  aux_0.acc_seg: 84.4546
2026/07/19 16:05:20 - mmengine - INFO - Iter(train) [ 13700/160000]  lr: 9.3317e-03  eta: 15:04:01  time: 0.3718  data_time: 0.0461  memory: 9060  loss: 1.2837  decode.loss_ohem: 0.8344  decode.acc_seg: 86.5005  aux_0.loss_ce: 0.4493  aux_0.acc_seg: 83.4631
2026/07/19 16:05:57 - mmengine - INFO - Iter(train) [ 13800/160000]  lr: 9.3260e-03  eta: 15:03:25  time: 0.3718  data_time: 0.0457  memory: 9061  loss: 1.2776  decode.loss_ohem: 0.8313  decode.acc_seg: 88.3974  aux_0.loss_ce: 0.4463  aux_0.acc_seg: 84.5610
2026/07/19 16:06:34 - mmengine - INFO - Iter(train) [ 13900/160000]  lr: 9.3203e-03  eta: 15:02:48  time: 0.3706  data_time: 0.0457  memory: 9060  loss: 1.2816  decode.loss_ohem: 0.8388  decode.acc_seg: 86.2822  aux_0.loss_ce: 0.4428  aux_0.acc_seg: 82.0667
2026/07/19 16:07:11 - mmengine - INFO - Exp name: dsanet_cityscapes_512x1024_20260719_144008
2026/07/19 16:07:11 - mmengine - INFO - Iter(train) [ 14000/160000]  lr: 9.3145e-03  eta: 15:02:12  time: 0.3749  data_time: 0.0490  memory: 9060  loss: 1.4084  decode.loss_ohem: 0.9416  decode.acc_seg: 88.1950  aux_0.loss_ce: 0.4668  aux_0.acc_seg: 84.2266
2026/07/19 16:07:48 - mmengine - INFO - Iter(train) [ 14100/160000]  lr: 9.3088e-03  eta: 15:01:36  time: 0.3715  data_time: 0.0455  memory: 9061  loss: 1.2740  decode.loss_ohem: 0.8108  decode.acc_seg: 89.6613  aux_0.loss_ce: 0.4633  aux_0.acc_seg: 86.3999
2026/07/19 16:08:25 - mmengine - INFO - Iter(train) [ 14200/160000]  lr: 9.3031e-03  eta: 15:00:59  time: 0.3701  data_time: 0.0441  memory: 9062  loss: 1.3053  decode.loss_ohem: 0.8322  decode.acc_seg: 88.7040  aux_0.loss_ce: 0.4731  aux_0.acc_seg: 83.5991
2026/07/19 16:09:02 - mmengine - INFO - Iter(train) [ 14300/160000]  lr: 9.2973e-03  eta: 15:00:23  time: 0.3735  data_time: 0.0465  memory: 9060  loss: 1.2438  decode.loss_ohem: 0.8016  decode.acc_seg: 85.7591  aux_0.loss_ce: 0.4422  aux_0.acc_seg: 83.5236
2026/07/19 16:09:40 - mmengine - INFO - Iter(train) [ 14400/160000]  lr: 9.2916e-03  eta: 14:59:46  time: 0.3704  data_time: 0.0455  memory: 9060  loss: 1.2445  decode.loss_ohem: 0.8243  decode.acc_seg: 89.6450  aux_0.loss_ce: 0.4202  aux_0.acc_seg: 84.9302
2026/07/19 16:10:17 - mmengine - INFO - Iter(train) [ 14500/160000]  lr: 9.2858e-03  eta: 14:59:09  time: 0.3688  data_time: 0.0443  memory: 9061  loss: 1.2850  decode.loss_ohem: 0.8415  decode.acc_seg: 83.2383  aux_0.loss_ce: 0.4435  aux_0.acc_seg: 80.6386
2026/07/19 16:10:54 - mmengine - INFO - Iter(train) [ 14600/160000]  lr: 9.2801e-03  eta: 14:58:31  time: 0.3698  data_time: 0.0456  memory: 9059  loss: 1.3440  decode.loss_ohem: 0.8827  decode.acc_seg: 88.8250  aux_0.loss_ce: 0.4613  aux_0.acc_seg: 83.8946
2026/07/19 16:11:31 - mmengine - INFO - Iter(train) [ 14700/160000]  lr: 9.2744e-03  eta: 14:57:54  time: 0.3696  data_time: 0.0451  memory: 9060  loss: 1.2543  decode.loss_ohem: 0.8053  decode.acc_seg: 91.0683  aux_0.loss_ce: 0.4490  aux_0.acc_seg: 87.8015
2026/07/19 16:12:08 - mmengine - INFO - Iter(train) [ 14800/160000]  lr: 9.2686e-03  eta: 14:57:16  time: 0.3693  data_time: 0.0453  memory: 9061  loss: 1.2245  decode.loss_ohem: 0.8109  decode.acc_seg: 89.6595  aux_0.loss_ce: 0.4136  aux_0.acc_seg: 85.2325
2026/07/19 16:12:45 - mmengine - INFO - Iter(train) [ 14900/160000]  lr: 9.2629e-03  eta: 14:56:38  time: 0.3684  data_time: 0.0441  memory: 9060  loss: 1.3156  decode.loss_ohem: 0.8724  decode.acc_seg: 89.2304  aux_0.loss_ce: 0.4432  aux_0.acc_seg: 85.6338
2026/07/19 16:13:22 - mmengine - INFO - Exp name: dsanet_cityscapes_512x1024_20260719_144008
2026/07/19 16:13:22 - mmengine - INFO - Iter(train) [ 15000/160000]  lr: 9.2571e-03  eta: 14:56:00  time: 0.3719  data_time: 0.0464  memory: 9060  loss: 1.2182  decode.loss_ohem: 0.7939  decode.acc_seg: 90.4912  aux_0.loss_ce: 0.4243  aux_0.acc_seg: 86.4881
2026/07/19 16:13:22 - mmengine - INFO - Saving checkpoint at 15000 iterations
2026/07/19 16:13:27 - mmengine - INFO - Iter(val) [100/250]    eta: 0:00:07  time: 0.0506  data_time: 0.0182  memory: 790  
2026/07/19 16:13:33 - mmengine - INFO - Iter(val) [200/250]    eta: 0:00:02  time: 0.0518  data_time: 0.0187  memory: 790  
2026/07/19 16:13:35 - mmengine - INFO - per class results:
2026/07/19 16:13:35 - mmengine - INFO - 
+---------------+-------+-------+
|     Class     |  IoU  |  Acc  |
+---------------+-------+-------+
|      road     | 95.58 | 97.55 |
|    sidewalk   | 70.33 | 84.15 |
|    building   | 84.76 | 94.56 |
|      wall     | 23.96 | 26.78 |
|     fence     | 36.23 |  49.0 |
|      pole     | 38.67 | 43.67 |
| traffic light | 15.33 | 16.72 |
|  traffic sign |  44.6 | 50.16 |
|   vegetation  |  88.0 |  93.7 |
|    terrain    | 44.76 |  52.6 |
|      sky      | 88.58 | 96.14 |
|     person    | 58.25 | 79.04 |
|     rider     | 15.84 | 16.98 |
|      car      | 86.25 |  95.8 |
|     truck     | 26.88 | 36.03 |
|      bus      |  30.1 |  35.0 |
|     train     | 20.87 | 64.76 |
|   motorcycle  |  4.11 |  4.38 |
|    bicycle    | 57.64 | 70.77 |
+---------------+-------+-------+
2026/07/19 16:13:35 - mmengine - INFO - Iter(val) [250/250]    aAcc: 91.6400  mIoU: 48.9900  mAcc: 58.3000  data_time: 0.0193  time: 0.0521
2026/07/19 16:13:35 - mmengine - INFO - The previous best checkpoint /root/autodl-tmp/DSANet-main/tools/work_dirs/dsanet_cityscapes_512x1024/best_mIoU_iter_10000.pth is removed
2026/07/19 16:13:36 - mmengine - INFO - The best checkpoint with 48.9900 mIoU at 15000 iter is saved to best_mIoU_iter_15000.pth.
2026/07/19 16:14:13 - mmengine - INFO - Iter(train) [ 15100/160000]  lr: 9.2514e-03  eta: 14:55:30  time: 0.3822  data_time: 0.0466  memory: 9059  loss: 1.3119  decode.loss_ohem: 0.8446  decode.acc_seg: 91.4282  aux_0.loss_ce: 0.4673  aux_0.acc_seg: 88.3401
2026/07/19 16:14:50 - mmengine - INFO - Iter(train) [ 15200/160000]  lr: 9.2457e-03  eta: 14:54:55  time: 0.3727  data_time: 0.0447  memory: 9059  loss: 1.1251  decode.loss_ohem: 0.7331  decode.acc_seg: 87.7626  aux_0.loss_ce: 0.3920  aux_0.acc_seg: 82.1078
2026/07/19 16:15:27 - mmengine - INFO - Iter(train) [ 15300/160000]  lr: 9.2399e-03  eta: 14:54:18  time: 0.3716  data_time: 0.0462  memory: 9060  loss: 1.3871  decode.loss_ohem: 0.8753  decode.acc_seg: 86.7500  aux_0.loss_ce: 0.5118  aux_0.acc_seg: 83.3448
2026/07/19 16:16:04 - mmengine - INFO - Iter(train) [ 15400/160000]  lr: 9.2342e-03  eta: 14:53:41  time: 0.3721  data_time: 0.0462  memory: 9061  loss: 1.3902  decode.loss_ohem: 0.8930  decode.acc_seg: 84.2346  aux_0.loss_ce: 0.4972  aux_0.acc_seg: 80.0096
2026/07/19 16:16:42 - mmengine - INFO - Iter(train) [ 15500/160000]  lr: 9.2284e-03  eta: 14:53:04  time: 0.3705  data_time: 0.0454  memory: 9062  loss: 1.2788  decode.loss_ohem: 0.8355  decode.acc_seg: 90.3768  aux_0.loss_ce: 0.4433  aux_0.acc_seg: 87.2224
2026/07/19 16:17:19 - mmengine - INFO - Iter(train) [ 15600/160000]  lr: 9.2227e-03  eta: 14:52:28  time: 0.3731  data_time: 0.0468  memory: 9060  loss: 1.3901  decode.loss_ohem: 0.9213  decode.acc_seg: 90.7485  aux_0.loss_ce: 0.4688  aux_0.acc_seg: 86.6604
2026/07/19 16:17:56 - mmengine - INFO - Iter(train) [ 15700/160000]  lr: 9.2170e-03  eta: 14:51:51  time: 0.3710  data_time: 0.0453  memory: 9059  loss: 1.2565  decode.loss_ohem: 0.8014  decode.acc_seg: 89.7207  aux_0.loss_ce: 0.4551  aux_0.acc_seg: 89.0560
2026/07/19 16:18:33 - mmengine - INFO - Iter(train) [ 15800/160000]  lr: 9.2112e-03  eta: 14:51:14  time: 0.3702  data_time: 0.0453  memory: 9061  loss: 1.2794  decode.loss_ohem: 0.8399  decode.acc_seg: 87.7704  aux_0.loss_ce: 0.4395  aux_0.acc_seg: 83.9575
2026/07/19 16:19:10 - mmengine - INFO - Iter(train) [ 15900/160000]  lr: 9.2055e-03  eta: 14:50:38  time: 0.3765  data_time: 0.0488  memory: 9060  loss: 1.2160  decode.loss_ohem: 0.7951  decode.acc_seg: 91.4716  aux_0.loss_ce: 0.4209  aux_0.acc_seg: 86.4240
2026/07/19 16:19:48 - mmengine - INFO - Exp name: dsanet_cityscapes_512x1024_20260719_144008
2026/07/19 16:19:48 - mmengine - INFO - Iter(train) [ 16000/160000]  lr: 9.1997e-03  eta: 14:50:03  time: 0.3740  data_time: 0.0474  memory: 9060  loss: 1.3345  decode.loss_ohem: 0.8647  decode.acc_seg: 90.7353  aux_0.loss_ce: 0.4699  aux_0.acc_seg: 86.7083
2026/07/19 16:20:25 - mmengine - INFO - Iter(train) [ 16100/160000]  lr: 9.1940e-03  eta: 14:49:28  time: 0.3728  data_time: 0.0456  memory: 9060  loss: 1.3071  decode.loss_ohem: 0.8467  decode.acc_seg: 87.5196  aux_0.loss_ce: 0.4604  aux_0.acc_seg: 83.1783
2026/07/19 16:21:02 - mmengine - INFO - Iter(train) [ 16200/160000]  lr: 9.1882e-03  eta: 14:48:51  time: 0.3697  data_time: 0.0446  memory: 9061  loss: 1.2987  decode.loss_ohem: 0.8657  decode.acc_seg: 86.2821  aux_0.loss_ce: 0.4329  aux_0.acc_seg: 83.6709
2026/07/19 16:21:39 - mmengine - INFO - Iter(train) [ 16300/160000]  lr: 9.1825e-03  eta: 14:48:14  time: 0.3725  data_time: 0.0462  memory: 9059  loss: 1.2453  decode.loss_ohem: 0.8092  decode.acc_seg: 88.4199  aux_0.loss_ce: 0.4361  aux_0.acc_seg: 84.1934
2026/07/19 16:22:16 - mmengine - INFO - Iter(train) [ 16400/160000]  lr: 9.1768e-03  eta: 14:47:40  time: 0.3742  data_time: 0.0454  memory: 9060  loss: 1.2787  decode.loss_ohem: 0.8264  decode.acc_seg: 86.7411  aux_0.loss_ce: 0.4523  aux_0.acc_seg: 85.2880
2026/07/19 16:22:54 - mmengine - INFO - Iter(train) [ 16500/160000]  lr: 9.1710e-03  eta: 14:47:02  time: 0.3693  data_time: 0.0456  memory: 9059  loss: 1.2892  decode.loss_ohem: 0.8631  decode.acc_seg: 84.8912  aux_0.loss_ce: 0.4261  aux_0.acc_seg: 82.4928
2026/07/19 16:23:31 - mmengine - INFO - Iter(train) [ 16600/160000]  lr: 9.1653e-03  eta: 14:46:28  time: 0.3763  data_time: 0.0483  memory: 9060  loss: 1.2527  decode.loss_ohem: 0.8062  decode.acc_seg: 87.2318  aux_0.loss_ce: 0.4465  aux_0.acc_seg: 85.6208
2026/07/19 16:24:08 - mmengine - INFO - Iter(train) [ 16700/160000]  lr: 9.1595e-03  eta: 14:45:52  time: 0.3737  data_time: 0.0478  memory: 9060  loss: 1.2702  decode.loss_ohem: 0.8214  decode.acc_seg: 90.0870  aux_0.loss_ce: 0.4488  aux_0.acc_seg: 86.1566
2026/07/19 16:24:45 - mmengine - INFO - Iter(train) [ 16800/160000]  lr: 9.1538e-03  eta: 14:45:17  time: 0.3712  data_time: 0.0461  memory: 9060  loss: 1.2813  decode.loss_ohem: 0.8694  decode.acc_seg: 87.5770  aux_0.loss_ce: 0.4119  aux_0.acc_seg: 85.4546
2026/07/19 16:25:23 - mmengine - INFO - Iter(train) [ 16900/160000]  lr: 9.1480e-03  eta: 14:44:40  time: 0.3727  data_time: 0.0452  memory: 9060  loss: 1.3058  decode.loss_ohem: 0.8493  decode.acc_seg: 89.1918  aux_0.loss_ce: 0.4565  aux_0.acc_seg: 82.9816
2026/07/19 16:26:00 - mmengine - INFO - Exp name: dsanet_cityscapes_512x1024_20260719_144008
2026/07/19 16:26:00 - mmengine - INFO - Iter(train) [ 17000/160000]  lr: 9.1423e-03  eta: 14:44:05  time: 0.3683  data_time: 0.0455  memory: 9059  loss: 1.2748  decode.loss_ohem: 0.8559  decode.acc_seg: 87.2668  aux_0.loss_ce: 0.4189  aux_0.acc_seg: 85.5569
2026/07/19 16:26:37 - mmengine - INFO - Iter(train) [ 17100/160000]  lr: 9.1365e-03  eta: 14:43:29  time: 0.3707  data_time: 0.0463  memory: 9062  loss: 1.2406  decode.loss_ohem: 0.8182  decode.acc_seg: 81.8588  aux_0.loss_ce: 0.4224  aux_0.acc_seg: 76.4129
2026/07/19 16:27:15 - mmengine - INFO - Iter(train) [ 17200/160000]  lr: 9.1308e-03  eta: 14:42:55  time: 0.3769  data_time: 0.0477  memory: 9059  loss: 1.2801  decode.loss_ohem: 0.8509  decode.acc_seg: 89.3233  aux_0.loss_ce: 0.4292  aux_0.acc_seg: 85.0967
2026/07/19 16:27:52 - mmengine - INFO - Iter(train) [ 17300/160000]  lr: 9.1250e-03  eta: 14:42:20  time: 0.3713  data_time: 0.0465  memory: 9060  loss: 1.1962  decode.loss_ohem: 0.7592  decode.acc_seg: 92.0639  aux_0.loss_ce: 0.4370  aux_0.acc_seg: 88.4269
2026/07/19 16:28:29 - mmengine - INFO - Iter(train) [ 17400/160000]  lr: 9.1193e-03  eta: 14:41:44  time: 0.3722  data_time: 0.0456  memory: 9060  loss: 1.2380  decode.loss_ohem: 0.8320  decode.acc_seg: 89.1739  aux_0.loss_ce: 0.4060  aux_0.acc_seg: 85.7775
2026/07/19 16:29:06 - mmengine - INFO - Iter(train) [ 17500/160000]  lr: 9.1135e-03  eta: 14:41:07  time: 0.3730  data_time: 0.0463  memory: 9059  loss: 1.2237  decode.loss_ohem: 0.8070  decode.acc_seg: 90.3074  aux_0.loss_ce: 0.4167  aux_0.acc_seg: 87.2223
2026/07/19 16:29:44 - mmengine - INFO - Iter(train) [ 17600/160000]  lr: 9.1078e-03  eta: 14:40:30  time: 0.3705  data_time: 0.0453  memory: 9060  loss: 1.4121  decode.loss_ohem: 0.9349  decode.acc_seg: 88.6525  aux_0.loss_ce: 0.4772  aux_0.acc_seg: 86.6885
2026/07/19 16:30:21 - mmengine - INFO - Iter(train) [ 17700/160000]  lr: 9.1020e-03  eta: 14:39:55  time: 0.3728  data_time: 0.0464  memory: 9060  loss: 1.2225  decode.loss_ohem: 0.7783  decode.acc_seg: 87.5663  aux_0.loss_ce: 0.4442  aux_0.acc_seg: 81.4220
2026/07/19 16:30:58 - mmengine - INFO - Iter(train) [ 17800/160000]  lr: 9.0963e-03  eta: 14:39:18  time: 0.3728  data_time: 0.0460  memory: 9061  loss: 1.2919  decode.loss_ohem: 0.8049  decode.acc_seg: 89.4788  aux_0.loss_ce: 0.4870  aux_0.acc_seg: 85.4910
2026/07/19 16:31:35 - mmengine - INFO - Iter(train) [ 17900/160000]  lr: 9.0905e-03  eta: 14:38:43  time: 0.3714  data_time: 0.0456  memory: 9060  loss: 1.2667  decode.loss_ohem: 0.8153  decode.acc_seg: 86.4436  aux_0.loss_ce: 0.4514  aux_0.acc_seg: 81.2677
2026/07/19 16:32:13 - mmengine - INFO - Exp name: dsanet_cityscapes_512x1024_20260719_144008
2026/07/19 16:32:13 - mmengine - INFO - Iter(train) [ 18000/160000]  lr: 9.0848e-03  eta: 14:38:06  time: 0.3723  data_time: 0.0461  memory: 9059  loss: 1.3103  decode.loss_ohem: 0.8624  decode.acc_seg: 88.7696  aux_0.loss_ce: 0.4479  aux_0.acc_seg: 85.5213
2026/07/19 16:32:50 - mmengine - INFO - Iter(train) [ 18100/160000]  lr: 9.0790e-03  eta: 14:37:30  time: 0.3743  data_time: 0.0472  memory: 9062  loss: 1.3313  decode.loss_ohem: 0.8381  decode.acc_seg: 86.2440  aux_0.loss_ce: 0.4932  aux_0.acc_seg: 82.1567
2026/07/19 16:33:27 - mmengine - INFO - Iter(train) [ 18200/160000]  lr: 9.0733e-03  eta: 14:36:54  time: 0.3712  data_time: 0.0457  memory: 9058  loss: 1.2146  decode.loss_ohem: 0.7967  decode.acc_seg: 90.0686  aux_0.loss_ce: 0.4179  aux_0.acc_seg: 86.7234
2026/07/19 16:34:04 - mmengine - INFO - Iter(train) [ 18300/160000]  lr: 9.0675e-03  eta: 14:36:17  time: 0.3708  data_time: 0.0458  memory: 9060  loss: 1.2425  decode.loss_ohem: 0.8522  decode.acc_seg: 90.2075  aux_0.loss_ce: 0.3903  aux_0.acc_seg: 87.4594
2026/07/19 16:34:41 - mmengine - INFO - Iter(train) [ 18400/160000]  lr: 9.0618e-03  eta: 14:35:39  time: 0.3718  data_time: 0.0457  memory: 9059  loss: 1.3585  decode.loss_ohem: 0.8735  decode.acc_seg: 84.1900  aux_0.loss_ce: 0.4850  aux_0.acc_seg: 77.3162
2026/07/19 16:35:18 - mmengine - INFO - Iter(train) [ 18500/160000]  lr: 9.0560e-03  eta: 14:35:02  time: 0.3732  data_time: 0.0469  memory: 9059  loss: 1.2143  decode.loss_ohem: 0.7768  decode.acc_seg: 90.3258  aux_0.loss_ce: 0.4375  aux_0.acc_seg: 87.3392
2026/07/19 16:35:55 - mmengine - INFO - Iter(train) [ 18600/160000]  lr: 9.0503e-03  eta: 14:34:25  time: 0.3712  data_time: 0.0460  memory: 9059  loss: 1.2828  decode.loss_ohem: 0.8467  decode.acc_seg: 89.2714  aux_0.loss_ce: 0.4361  aux_0.acc_seg: 83.3959
2026/07/19 16:36:33 - mmengine - INFO - Iter(train) [ 18700/160000]  lr: 9.0445e-03  eta: 14:33:51  time: 0.3744  data_time: 0.0481  memory: 9060  loss: 1.1709  decode.loss_ohem: 0.7470  decode.acc_seg: 87.7029  aux_0.loss_ce: 0.4239  aux_0.acc_seg: 85.1899
2026/07/19 16:37:10 - mmengine - INFO - Iter(train) [ 18800/160000]  lr: 9.0388e-03  eta: 14:33:13  time: 0.3710  data_time: 0.0455  memory: 9060  loss: 1.2777  decode.loss_ohem: 0.8247  decode.acc_seg: 90.1172  aux_0.loss_ce: 0.4530  aux_0.acc_seg: 83.6627
2026/07/19 16:37:47 - mmengine - INFO - Iter(train) [ 18900/160000]  lr: 9.0330e-03  eta: 14:32:36  time: 0.3733  data_time: 0.0477  memory: 9060  loss: 1.3112  decode.loss_ohem: 0.8730  decode.acc_seg: 85.7712  aux_0.loss_ce: 0.4381  aux_0.acc_seg: 80.1963
2026/07/19 16:38:24 - mmengine - INFO - Exp name: dsanet_cityscapes_512x1024_20260719_144008
2026/07/19 16:38:24 - mmengine - INFO - Iter(train) [ 19000/160000]  lr: 9.0272e-03  eta: 14:32:00  time: 0.3762  data_time: 0.0463  memory: 9061  loss: 1.2306  decode.loss_ohem: 0.8022  decode.acc_seg: 86.4281  aux_0.loss_ce: 0.4284  aux_0.acc_seg: 82.0826
2026/07/19 16:39:01 - mmengine - INFO - Iter(train) [ 19100/160000]  lr: 9.0215e-03  eta: 14:31:22  time: 0.3693  data_time: 0.0455  memory: 9062  loss: 1.2047  decode.loss_ohem: 0.7950  decode.acc_seg: 92.1046  aux_0.loss_ce: 0.4097  aux_0.acc_seg: 88.9450
2026/07/19 16:39:38 - mmengine - INFO - Iter(train) [ 19200/160000]  lr: 9.0157e-03  eta: 14:30:45  time: 0.3706  data_time: 0.0449  memory: 9059  loss: 1.2445  decode.loss_ohem: 0.8241  decode.acc_seg: 87.9225  aux_0.loss_ce: 0.4204  aux_0.acc_seg: 82.5821
2026/07/19 16:40:15 - mmengine - INFO - Iter(train) [ 19300/160000]  lr: 9.0100e-03  eta: 14:30:08  time: 0.3712  data_time: 0.0461  memory: 9059  loss: 1.2359  decode.loss_ohem: 0.8252  decode.acc_seg: 86.9635  aux_0.loss_ce: 0.4107  aux_0.acc_seg: 83.7134
2026/07/19 16:40:53 - mmengine - INFO - Iter(train) [ 19400/160000]  lr: 9.0042e-03  eta: 14:29:34  time: 0.3768  data_time: 0.0481  memory: 9059  loss: 1.2193  decode.loss_ohem: 0.7926  decode.acc_seg: 88.8426  aux_0.loss_ce: 0.4267  aux_0.acc_seg: 87.0310
2026/07/19 16:41:30 - mmengine - INFO - Iter(train) [ 19500/160000]  lr: 8.9985e-03  eta: 14:28:58  time: 0.3753  data_time: 0.0479  memory: 9059  loss: 1.1885  decode.loss_ohem: 0.7468  decode.acc_seg: 89.6705  aux_0.loss_ce: 0.4417  aux_0.acc_seg: 87.1073
2026/07/19 16:42:07 - mmengine - INFO - Iter(train) [ 19600/160000]  lr: 8.9927e-03  eta: 14:28:21  time: 0.3712  data_time: 0.0451  memory: 9059  loss: 1.2724  decode.loss_ohem: 0.8440  decode.acc_seg: 86.2217  aux_0.loss_ce: 0.4283  aux_0.acc_seg: 83.5574
2026/07/19 16:42:45 - mmengine - INFO - Iter(train) [ 19700/160000]  lr: 8.9869e-03  eta: 14:27:44  time: 0.3701  data_time: 0.0455  memory: 9061  loss: 1.1957  decode.loss_ohem: 0.7997  decode.acc_seg: 89.4166  aux_0.loss_ce: 0.3960  aux_0.acc_seg: 85.5665
2026/07/19 16:43:22 - mmengine - INFO - Iter(train) [ 19800/160000]  lr: 8.9812e-03  eta: 14:27:06  time: 0.3711  data_time: 0.0455  memory: 9061  loss: 1.1945  decode.loss_ohem: 0.7910  decode.acc_seg: 89.9003  aux_0.loss_ce: 0.4035  aux_0.acc_seg: 83.4119
2026/07/19 16:43:59 - mmengine - INFO - Iter(train) [ 19900/160000]  lr: 8.9754e-03  eta: 14:26:30  time: 0.3706  data_time: 0.0448  memory: 9060  loss: 1.2226  decode.loss_ohem: 0.7987  decode.acc_seg: 84.1885  aux_0.loss_ce: 0.4239  aux_0.acc_seg: 81.5312
2026/07/19 16:44:36 - mmengine - INFO - Exp name: dsanet_cityscapes_512x1024_20260719_144008
2026/07/19 16:44:36 - mmengine - INFO - Iter(train) [ 20000/160000]  lr: 8.9697e-03  eta: 14:25:53  time: 0.3714  data_time: 0.0452  memory: 9059  loss: 1.1550  decode.loss_ohem: 0.7663  decode.acc_seg: 88.8951  aux_0.loss_ce: 0.3887  aux_0.acc_seg: 84.0927
2026/07/19 16:44:36 - mmengine - INFO - Saving checkpoint at 20000 iterations
2026/07/19 16:44:42 - mmengine - INFO - Iter(val) [100/250]    eta: 0:00:08  time: 0.0509  data_time: 0.0182  memory: 790  
2026/07/19 16:44:47 - mmengine - INFO - Iter(val) [200/250]    eta: 0:00:02  time: 0.0526  data_time: 0.0192  memory: 790  
2026/07/19 16:44:50 - mmengine - INFO - per class results:
2026/07/19 16:44:50 - mmengine - INFO - 
+---------------+-------+-------+
|     Class     |  IoU  |  Acc  |
+---------------+-------+-------+
|      road     | 96.28 | 98.21 |
|    sidewalk   | 73.37 | 83.64 |
|    building   |  84.9 | 94.83 |
|      wall     | 28.41 | 33.58 |
|     fence     | 33.09 | 55.13 |
|      pole     | 42.24 | 50.39 |
| traffic light | 22.63 | 24.02 |
|  traffic sign | 40.55 | 42.79 |
|   vegetation  | 88.06 | 93.24 |
|    terrain    | 49.24 | 59.14 |
|      sky      | 90.75 |  96.6 |
|     person    | 61.14 |  76.1 |
|     rider     | 33.42 | 39.05 |
|      car      | 87.55 | 95.31 |
|     truck     | 25.03 | 29.96 |
|      bus      | 39.97 |  50.0 |
|     train     | 21.95 | 47.53 |
|   motorcycle  |  9.43 |  9.69 |
|    bicycle    | 58.37 | 74.41 |
+---------------+-------+-------+
2026/07/19 16:44:50 - mmengine - INFO - Iter(val) [250/250]    aAcc: 92.1000  mIoU: 51.9200  mAcc: 60.7200  data_time: 0.0196  time: 0.0530
2026/07/19 16:44:50 - mmengine - INFO - The previous best checkpoint /root/autodl-tmp/DSANet-main/tools/work_dirs/dsanet_cityscapes_512x1024/best_mIoU_iter_15000.pth is removed
2026/07/19 16:44:50 - mmengine - INFO - The best checkpoint with 51.9200 mIoU at 20000 iter is saved to best_mIoU_iter_20000.pth.
2026/07/19 16:45:28 - mmengine - INFO - Iter(train) [ 20100/160000]  lr: 8.9639e-03  eta: 14:25:21  time: 0.3720  data_time: 0.0459  memory: 9059  loss: 1.2852  decode.loss_ohem: 0.8396  decode.acc_seg: 82.8660  aux_0.loss_ce: 0.4457  aux_0.acc_seg: 78.2283
2026/07/19 16:46:05 - mmengine - INFO - Iter(train) [ 20200/160000]  lr: 8.9581e-03  eta: 14:24:44  time: 0.3726  data_time: 0.0466  memory: 9059  loss: 1.1823  decode.loss_ohem: 0.7693  decode.acc_seg: 89.4309  aux_0.loss_ce: 0.4130  aux_0.acc_seg: 87.2227
2026/07/19 16:46:42 - mmengine - INFO - Iter(train) [ 20300/160000]  lr: 8.9524e-03  eta: 14:24:08  time: 0.3721  data_time: 0.0460  memory: 9059  loss: 1.1590  decode.loss_ohem: 0.7819  decode.acc_seg: 88.5730  aux_0.loss_ce: 0.3771  aux_0.acc_seg: 83.8767
2026/07/19 16:47:19 - mmengine - INFO - Iter(train) [ 20400/160000]  lr: 8.9466e-03  eta: 14:23:30  time: 0.3713  data_time: 0.0459  memory: 9061  loss: 1.1498  decode.loss_ohem: 0.7749  decode.acc_seg: 91.3736  aux_0.loss_ce: 0.3749  aux_0.acc_seg: 88.6832
2026/07/19 16:47:56 - mmengine - INFO - Iter(train) [ 20500/160000]  lr: 8.9409e-03  eta: 14:22:54  time: 0.3721  data_time: 0.0465  memory: 9059  loss: 1.2195  decode.loss_ohem: 0.8120  decode.acc_seg: 89.4227  aux_0.loss_ce: 0.4075  aux_0.acc_seg: 86.7453
2026/07/19 16:48:33 - mmengine - INFO - Iter(train) [ 20600/160000]  lr: 8.9351e-03  eta: 14:22:17  time: 0.3696  data_time: 0.0452  memory: 9061  loss: 1.1684  decode.loss_ohem: 0.7833  decode.acc_seg: 90.5116  aux_0.loss_ce: 0.3851  aux_0.acc_seg: 87.1855
2026/07/19 16:49:11 - mmengine - INFO - Iter(train) [ 20700/160000]  lr: 8.9293e-03  eta: 14:21:41  time: 0.3726  data_time: 0.0458  memory: 9061  loss: 1.2189  decode.loss_ohem: 0.7911  decode.acc_seg: 86.0893  aux_0.loss_ce: 0.4279  aux_0.acc_seg: 81.5359
2026/07/19 16:49:48 - mmengine - INFO - Iter(train) [ 20800/160000]  lr: 8.9236e-03  eta: 14:21:04  time: 0.3712  data_time: 0.0455  memory: 9059  loss: 1.2297  decode.loss_ohem: 0.7808  decode.acc_seg: 86.8207  aux_0.loss_ce: 0.4489  aux_0.acc_seg: 80.5298
2026/07/19 16:50:25 - mmengine - INFO - Iter(train) [ 20900/160000]  lr: 8.9178e-03  eta: 14:20:28  time: 0.3720  data_time: 0.0459  memory: 9058  loss: 1.2607  decode.loss_ohem: 0.8404  decode.acc_seg: 86.5416  aux_0.loss_ce: 0.4203  aux_0.acc_seg: 81.9901
2026/07/19 16:51:02 - mmengine - INFO - Exp name: dsanet_cityscapes_512x1024_20260719_144008
2026/07/19 16:51:02 - mmengine - INFO - Iter(train) [ 21000/160000]  lr: 8.9120e-03  eta: 14:19:52  time: 0.3709  data_time: 0.0455  memory: 9058  loss: 1.3025  decode.loss_ohem: 0.8508  decode.acc_seg: 91.2914  aux_0.loss_ce: 0.4517  aux_0.acc_seg: 88.2990
2026/07/19 16:51:39 - mmengine - INFO - Iter(train) [ 21100/160000]  lr: 8.9063e-03  eta: 14:19:13  time: 0.3696  data_time: 0.0445  memory: 9061  loss: 1.2999  decode.loss_ohem: 0.8717  decode.acc_seg: 87.4080  aux_0.loss_ce: 0.4282  aux_0.acc_seg: 83.0639
2026/07/19 16:52:16 - mmengine - INFO - Iter(train) [ 21200/160000]  lr: 8.9005e-03  eta: 14:18:37  time: 0.3715  data_time: 0.0452  memory: 9060  loss: 1.2980  decode.loss_ohem: 0.8498  decode.acc_seg: 88.8853  aux_0.loss_ce: 0.4481  aux_0.acc_seg: 84.2976
2026/07/19 16:52:54 - mmengine - INFO - Iter(train) [ 21300/160000]  lr: 8.8948e-03  eta: 14:18:00  time: 0.3833  data_time: 0.0479  memory: 9059  loss: 1.3770  decode.loss_ohem: 0.8999  decode.acc_seg: 87.5335  aux_0.loss_ce: 0.4771  aux_0.acc_seg: 85.7369
2026/07/19 16:53:31 - mmengine - INFO - Iter(train) [ 21400/160000]  lr: 8.8890e-03  eta: 14:17:23  time: 0.3681  data_time: 0.0458  memory: 9060  loss: 1.1886  decode.loss_ohem: 0.7796  decode.acc_seg: 91.6778  aux_0.loss_ce: 0.4091  aux_0.acc_seg: 88.9119
2026/07/19 16:54:08 - mmengine - INFO - Iter(train) [ 21500/160000]  lr: 8.8832e-03  eta: 14:16:45  time: 0.3726  data_time: 0.0465  memory: 9060  loss: 1.2692  decode.loss_ohem: 0.8520  decode.acc_seg: 91.1353  aux_0.loss_ce: 0.4172  aux_0.acc_seg: 89.3288
2026/07/19 16:54:45 - mmengine - INFO - Iter(train) [ 21600/160000]  lr: 8.8775e-03  eta: 14:16:08  time: 0.3712  data_time: 0.0452  memory: 9060  loss: 1.3443  decode.loss_ohem: 0.8962  decode.acc_seg: 85.4715  aux_0.loss_ce: 0.4481  aux_0.acc_seg: 83.3441
2026/07/19 16:55:22 - mmengine - INFO - Iter(train) [ 21700/160000]  lr: 8.8717e-03  eta: 14:15:31  time: 0.3729  data_time: 0.0474  memory: 9059  loss: 1.2261  decode.loss_ohem: 0.8151  decode.acc_seg: 90.2335  aux_0.loss_ce: 0.4110  aux_0.acc_seg: 87.0450
2026/07/19 16:55:59 - mmengine - INFO - Iter(train) [ 21800/160000]  lr: 8.8659e-03  eta: 14:14:55  time: 0.3716  data_time: 0.0458  memory: 9059  loss: 1.1456  decode.loss_ohem: 0.7753  decode.acc_seg: 91.7981  aux_0.loss_ce: 0.3704  aux_0.acc_seg: 89.3186
2026/07/19 16:56:36 - mmengine - INFO - Iter(train) [ 21900/160000]  lr: 8.8602e-03  eta: 14:14:18  time: 0.3706  data_time: 0.0452  memory: 9062  loss: 1.2449  decode.loss_ohem: 0.8097  decode.acc_seg: 90.2623  aux_0.loss_ce: 0.4352  aux_0.acc_seg: 86.9381
2026/07/19 16:57:14 - mmengine - INFO - Exp name: dsanet_cityscapes_512x1024_20260719_144008
2026/07/19 16:57:14 - mmengine - INFO - Iter(train) [ 22000/160000]  lr: 8.8544e-03  eta: 14:13:41  time: 0.3717  data_time: 0.0453  memory: 9060  loss: 1.1480  decode.loss_ohem: 0.7579  decode.acc_seg: 91.2699  aux_0.loss_ce: 0.3901  aux_0.acc_seg: 88.8368
2026/07/19 16:57:51 - mmengine - INFO - Iter(train) [ 22100/160000]  lr: 8.8486e-03  eta: 14:13:05  time: 0.3722  data_time: 0.0456  memory: 9060  loss: 1.2725  decode.loss_ohem: 0.8215  decode.acc_seg: 86.6912  aux_0.loss_ce: 0.4511  aux_0.acc_seg: 79.9313
2026/07/19 16:58:28 - mmengine - INFO - Iter(train) [ 22200/160000]  lr: 8.8429e-03  eta: 14:12:28  time: 0.3711  data_time: 0.0458  memory: 9059  loss: 1.1909  decode.loss_ohem: 0.7940  decode.acc_seg: 87.6933  aux_0.loss_ce: 0.3969  aux_0.acc_seg: 84.4730
2026/07/19 16:59:05 - mmengine - INFO - Iter(train) [ 22300/160000]  lr: 8.8371e-03  eta: 14:11:51  time: 0.3724  data_time: 0.0460  memory: 9059  loss: 1.2313  decode.loss_ohem: 0.8308  decode.acc_seg: 90.5713  aux_0.loss_ce: 0.4006  aux_0.acc_seg: 87.8499
2026/07/19 16:59:42 - mmengine - INFO - Iter(train) [ 22400/160000]  lr: 8.8313e-03  eta: 14:11:14  time: 0.3699  data_time: 0.0450  memory: 9061  loss: 1.1939  decode.loss_ohem: 0.7689  decode.acc_seg: 90.3777  aux_0.loss_ce: 0.4250  aux_0.acc_seg: 83.4938
2026/07/19 17:00:19 - mmengine - INFO - Iter(train) [ 22500/160000]  lr: 8.8255e-03  eta: 14:10:37  time: 0.3718  data_time: 0.0465  memory: 9060  loss: 1.2114  decode.loss_ohem: 0.7808  decode.acc_seg: 88.2051  aux_0.loss_ce: 0.4306  aux_0.acc_seg: 84.2261
2026/07/19 17:00:57 - mmengine - INFO - Iter(train) [ 22600/160000]  lr: 8.8198e-03  eta: 14:10:01  time: 0.3735  data_time: 0.0468  memory: 9059  loss: 1.1844  decode.loss_ohem: 0.7875  decode.acc_seg: 86.5225  aux_0.loss_ce: 0.3969  aux_0.acc_seg: 80.5730
2026/07/19 17:01:34 - mmengine - INFO - Iter(train) [ 22700/160000]  lr: 8.8140e-03  eta: 14:09:24  time: 0.3719  data_time: 0.0461  memory: 9059  loss: 1.2311  decode.loss_ohem: 0.7908  decode.acc_seg: 88.0859  aux_0.loss_ce: 0.4403  aux_0.acc_seg: 84.7771
2026/07/19 17:02:11 - mmengine - INFO - Iter(train) [ 22800/160000]  lr: 8.8082e-03  eta: 14:08:47  time: 0.3699  data_time: 0.0450  memory: 9060  loss: 1.2188  decode.loss_ohem: 0.8001  decode.acc_seg: 89.5700  aux_0.loss_ce: 0.4186  aux_0.acc_seg: 82.1491
2026/07/19 17:02:48 - mmengine - INFO - Iter(train) [ 22900/160000]  lr: 8.8025e-03  eta: 14:08:10  time: 0.3711  data_time: 0.0458  memory: 9060  loss: 1.2521  decode.loss_ohem: 0.8107  decode.acc_seg: 89.3870  aux_0.loss_ce: 0.4414  aux_0.acc_seg: 85.2652
2026/07/19 17:03:25 - mmengine - INFO - Exp name: dsanet_cityscapes_512x1024_20260719_144008
2026/07/19 17:03:25 - mmengine - INFO - Iter(train) [ 23000/160000]  lr: 8.7967e-03  eta: 14:07:33  time: 0.3709  data_time: 0.0451  memory: 9060  loss: 1.3390  decode.loss_ohem: 0.8731  decode.acc_seg: 86.1535  aux_0.loss_ce: 0.4659  aux_0.acc_seg: 83.9342
2026/07/19 17:04:02 - mmengine - INFO - Iter(train) [ 23100/160000]  lr: 8.7909e-03  eta: 14:06:56  time: 0.3693  data_time: 0.0447  memory: 9057  loss: 1.0981  decode.loss_ohem: 0.7433  decode.acc_seg: 89.7721  aux_0.loss_ce: 0.3548  aux_0.acc_seg: 84.1534
2026/07/19 17:04:40 - mmengine - INFO - Iter(train) [ 23200/160000]  lr: 8.7851e-03  eta: 14:06:18  time: 0.3689  data_time: 0.0445  memory: 9058  loss: 1.1430  decode.loss_ohem: 0.7464  decode.acc_seg: 89.0144  aux_0.loss_ce: 0.3967  aux_0.acc_seg: 82.4463
2026/07/19 17:05:17 - mmengine - INFO - Iter(train) [ 23300/160000]  lr: 8.7794e-03  eta: 14:05:41  time: 0.3695  data_time: 0.0447  memory: 9061  loss: 1.2745  decode.loss_ohem: 0.8629  decode.acc_seg: 88.7970  aux_0.loss_ce: 0.4115  aux_0.acc_seg: 85.4092
2026/07/19 17:05:54 - mmengine - INFO - Iter(train) [ 23400/160000]  lr: 8.7736e-03  eta: 14:05:05  time: 0.3708  data_time: 0.0455  memory: 9061  loss: 1.1325  decode.loss_ohem: 0.7338  decode.acc_seg: 89.1755  aux_0.loss_ce: 0.3988  aux_0.acc_seg: 87.6246
2026/07/19 17:06:31 - mmengine - INFO - Iter(train) [ 23500/160000]  lr: 8.7678e-03  eta: 14:04:28  time: 0.3716  data_time: 0.0467  memory: 9061  loss: 1.2736  decode.loss_ohem: 0.8330  decode.acc_seg: 86.5168  aux_0.loss_ce: 0.4407  aux_0.acc_seg: 78.1259
2026/07/19 17:07:08 - mmengine - INFO - Iter(train) [ 23600/160000]  lr: 8.7620e-03  eta: 14:03:51  time: 0.3722  data_time: 0.0464  memory: 9060  loss: 1.2173  decode.loss_ohem: 0.8057  decode.acc_seg: 87.1311  aux_0.loss_ce: 0.4116  aux_0.acc_seg: 82.2184
2026/07/19 17:07:45 - mmengine - INFO - Iter(train) [ 23700/160000]  lr: 8.7563e-03  eta: 14:03:14  time: 0.3696  data_time: 0.0448  memory: 9060  loss: 1.2292  decode.loss_ohem: 0.8536  decode.acc_seg: 86.7693  aux_0.loss_ce: 0.3756  aux_0.acc_seg: 82.5915
2026/07/19 17:08:22 - mmengine - INFO - Iter(train) [ 23800/160000]  lr: 8.7505e-03  eta: 14:02:37  time: 0.3738  data_time: 0.0469  memory: 9060  loss: 1.3555  decode.loss_ohem: 0.9034  decode.acc_seg: 87.8493  aux_0.loss_ce: 0.4521  aux_0.acc_seg: 81.0673
2026/07/19 17:08:59 - mmengine - INFO - Iter(train) [ 23900/160000]  lr: 8.7447e-03  eta: 14:01:59  time: 0.3704  data_time: 0.0453  memory: 9059  loss: 1.2844  decode.loss_ohem: 0.8390  decode.acc_seg: 87.2388  aux_0.loss_ce: 0.4454  aux_0.acc_seg: 80.3795
2026/07/19 17:09:37 - mmengine - INFO - Exp name: dsanet_cityscapes_512x1024_20260719_144008
2026/07/19 17:09:37 - mmengine - INFO - Iter(train) [ 24000/160000]  lr: 8.7389e-03  eta: 14:01:22  time: 0.3712  data_time: 0.0454  memory: 9061  loss: 1.1730  decode.loss_ohem: 0.7470  decode.acc_seg: 89.5098  aux_0.loss_ce: 0.4260  aux_0.acc_seg: 87.6019
2026/07/19 17:10:14 - mmengine - INFO - Iter(train) [ 24100/160000]  lr: 8.7332e-03  eta: 14:00:45  time: 0.3723  data_time: 0.0462  memory: 9061  loss: 1.2335  decode.loss_ohem: 0.8088  decode.acc_seg: 86.5818  aux_0.loss_ce: 0.4247  aux_0.acc_seg: 83.1033
2026/07/19 17:10:51 - mmengine - INFO - Iter(train) [ 24200/160000]  lr: 8.7274e-03  eta: 14:00:08  time: 0.3756  data_time: 0.0485  memory: 9060  loss: 1.1822  decode.loss_ohem: 0.7612  decode.acc_seg: 85.7669  aux_0.loss_ce: 0.4210  aux_0.acc_seg: 78.9463
2026/07/19 17:11:28 - mmengine - INFO - Iter(train) [ 24300/160000]  lr: 8.7216e-03  eta: 13:59:31  time: 0.3740  data_time: 0.0472  memory: 9058  loss: 1.2731  decode.loss_ohem: 0.8473  decode.acc_seg: 87.9437  aux_0.loss_ce: 0.4258  aux_0.acc_seg: 85.6684
2026/07/19 17:12:05 - mmengine - INFO - Iter(train) [ 24400/160000]  lr: 8.7158e-03  eta: 13:58:55  time: 0.3711  data_time: 0.0458  memory: 9058  loss: 1.2201  decode.loss_ohem: 0.8076  decode.acc_seg: 87.6150  aux_0.loss_ce: 0.4125  aux_0.acc_seg: 82.6263
2026/07/19 17:12:43 - mmengine - INFO - Iter(train) [ 24500/160000]  lr: 8.7101e-03  eta: 13:58:19  time: 0.3723  data_time: 0.0466  memory: 9059  loss: 1.3195  decode.loss_ohem: 0.8771  decode.acc_seg: 88.4824  aux_0.loss_ce: 0.4424  aux_0.acc_seg: 84.4521
2026/07/19 17:13:20 - mmengine - INFO - Iter(train) [ 24600/160000]  lr: 8.7043e-03  eta: 13:57:43  time: 0.3742  data_time: 0.0462  memory: 9061  loss: 1.2570  decode.loss_ohem: 0.8036  decode.acc_seg: 90.1001  aux_0.loss_ce: 0.4534  aux_0.acc_seg: 84.5418
2026/07/19 17:13:57 - mmengine - INFO - Iter(train) [ 24700/160000]  lr: 8.6985e-03  eta: 13:57:07  time: 0.3714  data_time: 0.0454  memory: 9061  loss: 1.2521  decode.loss_ohem: 0.8593  decode.acc_seg: 87.4742  aux_0.loss_ce: 0.3928  aux_0.acc_seg: 84.1976
2026/07/19 17:14:34 - mmengine - INFO - Iter(train) [ 24800/160000]  lr: 8.6927e-03  eta: 13:56:30  time: 0.3704  data_time: 0.0451  memory: 9060  loss: 1.1862  decode.loss_ohem: 0.7836  decode.acc_seg: 87.6219  aux_0.loss_ce: 0.4026  aux_0.acc_seg: 85.6048
2026/07/19 17:15:12 - mmengine - INFO - Iter(train) [ 24900/160000]  lr: 8.6869e-03  eta: 13:55:54  time: 0.3720  data_time: 0.0458  memory: 9060  loss: 1.1908  decode.loss_ohem: 0.7775  decode.acc_seg: 89.7551  aux_0.loss_ce: 0.4134  aux_0.acc_seg: 87.0943
2026/07/19 17:15:49 - mmengine - INFO - Exp name: dsanet_cityscapes_512x1024_20260719_144008
2026/07/19 17:15:49 - mmengine - INFO - Iter(train) [ 25000/160000]  lr: 8.6812e-03  eta: 13:55:17  time: 0.3701  data_time: 0.0453  memory: 9060  loss: 1.1873  decode.loss_ohem: 0.8129  decode.acc_seg: 89.4942  aux_0.loss_ce: 0.3744  aux_0.acc_seg: 85.9878
2026/07/19 17:15:49 - mmengine - INFO - Saving checkpoint at 25000 iterations
2026/07/19 17:15:55 - mmengine - INFO - Iter(val) [100/250]    eta: 0:00:08  time: 0.0516  data_time: 0.0183  memory: 790  
2026/07/19 17:16:00 - mmengine - INFO - Iter(val) [200/250]    eta: 0:00:02  time: 0.0526  data_time: 0.0188  memory: 790  
2026/07/19 17:16:03 - mmengine - INFO - per class results:
2026/07/19 17:16:03 - mmengine - INFO - 
+---------------+-------+-------+
|     Class     |  IoU  |  Acc  |
+---------------+-------+-------+
|      road     | 96.66 | 98.28 |
|    sidewalk   | 74.85 | 86.41 |
|    building   |  86.3 |  96.0 |
|      wall     |  24.0 | 26.62 |
|     fence     |  35.0 | 42.36 |
|      pole     | 46.48 | 55.94 |
| traffic light | 36.93 | 48.57 |
|  traffic sign | 54.59 | 62.48 |
|   vegetation  | 88.71 | 93.43 |
|    terrain    | 52.52 | 68.32 |
|      sky      | 91.65 | 95.94 |
|     person    | 63.56 |  74.6 |
|     rider     | 33.72 | 39.58 |
|      car      | 88.04 | 92.94 |
|     truck     | 30.16 | 41.84 |
|      bus      | 43.88 | 77.57 |
|     train     | 24.18 | 36.26 |
|   motorcycle  |  23.7 | 26.19 |
|    bicycle    | 61.04 | 78.22 |
+---------------+-------+-------+
2026/07/19 17:16:03 - mmengine - INFO - Iter(val) [250/250]    aAcc: 92.7200  mIoU: 55.5800  mAcc: 65.3400  data_time: 0.0194  time: 0.0527
2026/07/19 17:16:03 - mmengine - INFO - The previous best checkpoint /root/autodl-tmp/DSANet-main/tools/work_dirs/dsanet_cityscapes_512x1024/best_mIoU_iter_20000.pth is removed
2026/07/19 17:16:03 - mmengine - INFO - The best checkpoint with 55.5800 mIoU at 25000 iter is saved to best_mIoU_iter_25000.pth.
2026/07/19 17:16:41 - mmengine - INFO - Iter(train) [ 25100/160000]  lr: 8.6754e-03  eta: 13:54:46  time: 0.3725  data_time: 0.0471  memory: 9059  loss: 1.3850  decode.loss_ohem: 0.9242  decode.acc_seg: 88.7934  aux_0.loss_ce: 0.4608  aux_0.acc_seg: 84.0295
2026/07/19 17:17:18 - mmengine - INFO - Iter(train) [ 25200/160000]  lr: 8.6696e-03  eta: 13:54:09  time: 0.3752  data_time: 0.0487  memory: 9061  loss: 1.2442  decode.loss_ohem: 0.8035  decode.acc_seg: 84.9436  aux_0.loss_ce: 0.4407  aux_0.acc_seg: 81.6598
2026/07/19 17:17:55 - mmengine - INFO - Iter(train) [ 25300/160000]  lr: 8.6638e-03  eta: 13:53:33  time: 0.3739  data_time: 0.0470  memory: 9058  loss: 1.2239  decode.loss_ohem: 0.8103  decode.acc_seg: 90.9456  aux_0.loss_ce: 0.4137  aux_0.acc_seg: 87.7225
2026/07/19 17:18:32 - mmengine - INFO - Iter(train) [ 25400/160000]  lr: 8.6580e-03  eta: 13:52:56  time: 0.3729  data_time: 0.0469  memory: 9060  loss: 1.2670  decode.loss_ohem: 0.8350  decode.acc_seg: 87.2613  aux_0.loss_ce: 0.4320  aux_0.acc_seg: 82.7602
2026/07/19 17:19:10 - mmengine - INFO - Iter(train) [ 25500/160000]  lr: 8.6522e-03  eta: 13:52:20  time: 0.3753  data_time: 0.0483  memory: 9058  loss: 1.2441  decode.loss_ohem: 0.8112  decode.acc_seg: 90.4901  aux_0.loss_ce: 0.4328  aux_0.acc_seg: 84.3458
2026/07/19 17:19:47 - mmengine - INFO - Iter(train) [ 25600/160000]  lr: 8.6465e-03  eta: 13:51:44  time: 0.3720  data_time: 0.0467  memory: 9059  loss: 1.2245  decode.loss_ohem: 0.8189  decode.acc_seg: 91.3694  aux_0.loss_ce: 0.4056  aux_0.acc_seg: 87.0035
2026/07/19 17:20:25 - mmengine - INFO - Iter(train) [ 25700/160000]  lr: 8.6407e-03  eta: 13:51:08  time: 0.3744  data_time: 0.0471  memory: 9059  loss: 1.2464  decode.loss_ohem: 0.7982  decode.acc_seg: 88.6219  aux_0.loss_ce: 0.4482  aux_0.acc_seg: 87.2653
2026/07/19 17:21:02 - mmengine - INFO - Iter(train) [ 25800/160000]  lr: 8.6349e-03  eta: 13:50:32  time: 0.3707  data_time: 0.0453  memory: 9058  loss: 1.2168  decode.loss_ohem: 0.7944  decode.acc_seg: 92.3783  aux_0.loss_ce: 0.4223  aux_0.acc_seg: 87.3117
2026/07/19 17:21:39 - mmengine - INFO - Iter(train) [ 25900/160000]  lr: 8.6291e-03  eta: 13:49:54  time: 0.3704  data_time: 0.0453  memory: 9059  loss: 1.2171  decode.loss_ohem: 0.8173  decode.acc_seg: 91.5657  aux_0.loss_ce: 0.3999  aux_0.acc_seg: 88.4594
2026/07/19 17:22:16 - mmengine - INFO - Exp name: dsanet_cityscapes_512x1024_20260719_144008
2026/07/19 17:22:16 - mmengine - INFO - Iter(train) [ 26000/160000]  lr: 8.6233e-03  eta: 13:49:18  time: 0.3709  data_time: 0.0456  memory: 9061  loss: 1.2787  decode.loss_ohem: 0.8516  decode.acc_seg: 84.3296  aux_0.loss_ce: 0.4272  aux_0.acc_seg: 78.9601
2026/07/19 17:22:53 - mmengine - INFO - Iter(train) [ 26100/160000]  lr: 8.6175e-03  eta: 13:48:41  time: 0.3700  data_time: 0.0447  memory: 9058  loss: 1.3067  decode.loss_ohem: 0.8915  decode.acc_seg: 88.0732  aux_0.loss_ce: 0.4153  aux_0.acc_seg: 84.3570
2026/07/19 17:23:30 - mmengine - INFO - Iter(train) [ 26200/160000]  lr: 8.6118e-03  eta: 13:48:04  time: 0.3700  data_time: 0.0446  memory: 9059  loss: 1.3144  decode.loss_ohem: 0.8862  decode.acc_seg: 89.6319  aux_0.loss_ce: 0.4282  aux_0.acc_seg: 85.7170
2026/07/19 17:24:08 - mmengine - INFO - Iter(train) [ 26300/160000]  lr: 8.6060e-03  eta: 13:47:27  time: 0.3727  data_time: 0.0464  memory: 9060  loss: 1.2624  decode.loss_ohem: 0.8206  decode.acc_seg: 89.8801  aux_0.loss_ce: 0.4418  aux_0.acc_seg: 84.9299
2026/07/19 17:24:45 - mmengine - INFO - Iter(train) [ 26400/160000]  lr: 8.6002e-03  eta: 13:46:50  time: 0.3745  data_time: 0.0476  memory: 9059  loss: 1.2579  decode.loss_ohem: 0.8356  decode.acc_seg: 84.7726  aux_0.loss_ce: 0.4223  aux_0.acc_seg: 79.9965
2026/07/19 17:25:22 - mmengine - INFO - Iter(train) [ 26500/160000]  lr: 8.5944e-03  eta: 13:46:13  time: 0.3707  data_time: 0.0453  memory: 9059  loss: 1.1936  decode.loss_ohem: 0.7888  decode.acc_seg: 90.5380  aux_0.loss_ce: 0.4048  aux_0.acc_seg: 87.1258
2026/07/19 17:25:59 - mmengine - INFO - Iter(train) [ 26600/160000]  lr: 8.5886e-03  eta: 13:45:36  time: 0.3713  data_time: 0.0459  memory: 9060  loss: 1.1505  decode.loss_ohem: 0.7722  decode.acc_seg: 87.5813  aux_0.loss_ce: 0.3783  aux_0.acc_seg: 83.7364
2026/07/19 17:26:36 - mmengine - INFO - Iter(train) [ 26700/160000]  lr: 8.5828e-03  eta: 13:44:59  time: 0.3715  data_time: 0.0461  memory: 9060  loss: 1.2592  decode.loss_ohem: 0.8322  decode.acc_seg: 90.4721  aux_0.loss_ce: 0.4270  aux_0.acc_seg: 87.2018
2026/07/19 17:27:13 - mmengine - INFO - Iter(train) [ 26800/160000]  lr: 8.5770e-03  eta: 13:44:22  time: 0.3747  data_time: 0.0480  memory: 9061  loss: 1.1528  decode.loss_ohem: 0.7621  decode.acc_seg: 90.5684  aux_0.loss_ce: 0.3907  aux_0.acc_seg: 90.9445
2026/07/19 17:27:51 - mmengine - INFO - Iter(train) [ 26900/160000]  lr: 8.5712e-03  eta: 13:43:45  time: 0.3709  data_time: 0.0454  memory: 9061  loss: 1.2268  decode.loss_ohem: 0.8043  decode.acc_seg: 86.4922  aux_0.loss_ce: 0.4225  aux_0.acc_seg: 79.1336
2026/07/19 17:28:28 - mmengine - INFO - Exp name: dsanet_cityscapes_512x1024_20260719_144008
2026/07/19 17:28:28 - mmengine - INFO - Iter(train) [ 27000/160000]  lr: 8.5655e-03  eta: 13:43:08  time: 0.3704  data_time: 0.0450  memory: 9060  loss: 1.2661  decode.loss_ohem: 0.8404  decode.acc_seg: 85.6181  aux_0.loss_ce: 0.4258  aux_0.acc_seg: 80.4193
2026/07/19 17:29:05 - mmengine - INFO - Iter(train) [ 27100/160000]  lr: 8.5597e-03  eta: 13:42:31  time: 0.3713  data_time: 0.0460  memory: 9059  loss: 1.3442  decode.loss_ohem: 0.8890  decode.acc_seg: 89.2301  aux_0.loss_ce: 0.4552  aux_0.acc_seg: 84.0070
2026/07/19 17:29:42 - mmengine - INFO - Iter(train) [ 27200/160000]  lr: 8.5539e-03  eta: 13:41:54  time: 0.3724  data_time: 0.0461  memory: 9061  loss: 1.1246  decode.loss_ohem: 0.7420  decode.acc_seg: 90.7124  aux_0.loss_ce: 0.3826  aux_0.acc_seg: 85.0872
2026/07/19 17:30:19 - mmengine - INFO - Iter(train) [ 27300/160000]  lr: 8.5481e-03  eta: 13:41:17  time: 0.3715  data_time: 0.0456  memory: 9060  loss: 1.2412  decode.loss_ohem: 0.8282  decode.acc_seg: 89.3953  aux_0.loss_ce: 0.4130  aux_0.acc_seg: 85.5900
2026/07/19 17:30:56 - mmengine - INFO - Iter(train) [ 27400/160000]  lr: 8.5423e-03  eta: 13:40:40  time: 0.3711  data_time: 0.0457  memory: 9059  loss: 1.2899  decode.loss_ohem: 0.8654  decode.acc_seg: 90.0168  aux_0.loss_ce: 0.4245  aux_0.acc_seg: 83.8502
2026/07/19 17:31:34 - mmengine - INFO - Iter(train) [ 27500/160000]  lr: 8.5365e-03  eta: 13:40:03  time: 0.3707  data_time: 0.0454  memory: 9059  loss: 1.0987  decode.loss_ohem: 0.7383  decode.acc_seg: 88.2632  aux_0.loss_ce: 0.3604  aux_0.acc_seg: 83.3219
2026/07/19 17:32:11 - mmengine - INFO - Iter(train) [ 27600/160000]  lr: 8.5307e-03  eta: 13:39:25  time: 0.3697  data_time: 0.0449  memory: 9058  loss: 1.1715  decode.loss_ohem: 0.7889  decode.acc_seg: 90.6638  aux_0.loss_ce: 0.3825  aux_0.acc_seg: 87.3656
2026/07/19 17:32:48 - mmengine - INFO - Iter(train) [ 27700/160000]  lr: 8.5249e-03  eta: 13:38:49  time: 0.3708  data_time: 0.0457  memory: 9060  loss: 1.1655  decode.loss_ohem: 0.7648  decode.acc_seg: 87.6755  aux_0.loss_ce: 0.4008  aux_0.acc_seg: 84.3339
2026/07/19 17:33:25 - mmengine - INFO - Iter(train) [ 27800/160000]  lr: 8.5191e-03  eta: 13:38:12  time: 0.3703  data_time: 0.0443  memory: 9059  loss: 1.2220  decode.loss_ohem: 0.8157  decode.acc_seg: 89.5431  aux_0.loss_ce: 0.4063  aux_0.acc_seg: 87.9058
2026/07/19 17:34:02 - mmengine - INFO - Iter(train) [ 27900/160000]  lr: 8.5133e-03  eta: 13:37:34  time: 0.3707  data_time: 0.0453  memory: 9061  loss: 1.2010  decode.loss_ohem: 0.8029  decode.acc_seg: 89.3433  aux_0.loss_ce: 0.3981  aux_0.acc_seg: 86.2266
2026/07/19 17:34:39 - mmengine - INFO - Exp name: dsanet_cityscapes_512x1024_20260719_144008
2026/07/19 17:34:39 - mmengine - INFO - Iter(train) [ 28000/160000]  lr: 8.5075e-03  eta: 13:36:56  time: 0.3736  data_time: 0.0475  memory: 9060  loss: 1.2577  decode.loss_ohem: 0.8212  decode.acc_seg: 91.1546  aux_0.loss_ce: 0.4366  aux_0.acc_seg: 86.1705
2026/07/19 17:35:16 - mmengine - INFO - Iter(train) [ 28100/160000]  lr: 8.5017e-03  eta: 13:36:20  time: 0.3737  data_time: 0.0479  memory: 9060  loss: 1.2947  decode.loss_ohem: 0.8419  decode.acc_seg: 90.0483  aux_0.loss_ce: 0.4527  aux_0.acc_seg: 89.2121
2026/07/19 17:35:54 - mmengine - INFO - Iter(train) [ 28200/160000]  lr: 8.4959e-03  eta: 13:35:43  time: 0.3714  data_time: 0.0460  memory: 9058  loss: 1.1616  decode.loss_ohem: 0.7753  decode.acc_seg: 90.2291  aux_0.loss_ce: 0.3862  aux_0.acc_seg: 86.2063
2026/07/19 17:36:31 - mmengine - INFO - Iter(train) [ 28300/160000]  lr: 8.4902e-03  eta: 13:35:05  time: 0.3698  data_time: 0.0448  memory: 9058  loss: 1.1713  decode.loss_ohem: 0.8087  decode.acc_seg: 89.7624  aux_0.loss_ce: 0.3626  aux_0.acc_seg: 85.8498
2026/07/19 17:37:08 - mmengine - INFO - Iter(train) [ 28400/160000]  lr: 8.4844e-03  eta: 13:34:28  time: 0.3705  data_time: 0.0454  memory: 9060  loss: 1.1491  decode.loss_ohem: 0.7628  decode.acc_seg: 89.3910  aux_0.loss_ce: 0.3863  aux_0.acc_seg: 88.1230
2026/07/19 17:37:45 - mmengine - INFO - Iter(train) [ 28500/160000]  lr: 8.4786e-03  eta: 13:33:51  time: 0.3718  data_time: 0.0458  memory: 9059  loss: 1.1144  decode.loss_ohem: 0.7381  decode.acc_seg: 88.4569  aux_0.loss_ce: 0.3763  aux_0.acc_seg: 85.0606
2026/07/19 17:38:22 - mmengine - INFO - Iter(train) [ 28600/160000]  lr: 8.4728e-03  eta: 13:33:14  time: 0.3722  data_time: 0.0468  memory: 9059  loss: 1.1699  decode.loss_ohem: 0.8063  decode.acc_seg: 90.7593  aux_0.loss_ce: 0.3636  aux_0.acc_seg: 87.8884
2026/07/19 17:38:59 - mmengine - INFO - Iter(train) [ 28700/160000]  lr: 8.4670e-03  eta: 13:32:37  time: 0.3685  data_time: 0.0440  memory: 9059  loss: 1.2052  decode.loss_ohem: 0.8108  decode.acc_seg: 89.7017  aux_0.loss_ce: 0.3944  aux_0.acc_seg: 86.5045
2026/07/19 17:39:36 - mmengine - INFO - Iter(train) [ 28800/160000]  lr: 8.4612e-03  eta: 13:32:00  time: 0.3726  data_time: 0.0470  memory: 9060  loss: 1.2826  decode.loss_ohem: 0.8301  decode.acc_seg: 84.2786  aux_0.loss_ce: 0.4525  aux_0.acc_seg: 74.2844
2026/07/19 17:40:14 - mmengine - INFO - Iter(train) [ 28900/160000]  lr: 8.4554e-03  eta: 13:31:23  time: 0.3701  data_time: 0.0450  memory: 9059  loss: 1.2575  decode.loss_ohem: 0.8380  decode.acc_seg: 88.4876  aux_0.loss_ce: 0.4195  aux_0.acc_seg: 84.6140
2026/07/19 17:40:51 - mmengine - INFO - Exp name: dsanet_cityscapes_512x1024_20260719_144008
2026/07/19 17:40:51 - mmengine - INFO - Iter(train) [ 29000/160000]  lr: 8.4496e-03  eta: 13:30:46  time: 0.3732  data_time: 0.0470  memory: 9059  loss: 1.2077  decode.loss_ohem: 0.7861  decode.acc_seg: 86.1695  aux_0.loss_ce: 0.4216  aux_0.acc_seg: 84.2728
2026/07/19 17:41:28 - mmengine - INFO - Iter(train) [ 29100/160000]  lr: 8.4438e-03  eta: 13:30:10  time: 0.3753  data_time: 0.0489  memory: 9059  loss: 1.1603  decode.loss_ohem: 0.7596  decode.acc_seg: 92.1551  aux_0.loss_ce: 0.4007  aux_0.acc_seg: 87.7919
2026/07/19 17:42:06 - mmengine - INFO - Iter(train) [ 29200/160000]  lr: 8.4380e-03  eta: 13:29:34  time: 0.3735  data_time: 0.0467  memory: 9060  loss: 1.1774  decode.loss_ohem: 0.7762  decode.acc_seg: 88.2113  aux_0.loss_ce: 0.4012  aux_0.acc_seg: 83.6045
2026/07/19 17:42:43 - mmengine - INFO - Iter(train) [ 29300/160000]  lr: 8.4322e-03  eta: 13:28:58  time: 0.3763  data_time: 0.0485  memory: 9059  loss: 1.2761  decode.loss_ohem: 0.8448  decode.acc_seg: 88.5182  aux_0.loss_ce: 0.4313  aux_0.acc_seg: 84.7146
2026/07/19 17:43:20 - mmengine - INFO - Iter(train) [ 29400/160000]  lr: 8.4264e-03  eta: 13:28:21  time: 0.3721  data_time: 0.0456  memory: 9059  loss: 1.2385  decode.loss_ohem: 0.8467  decode.acc_seg: 88.6841  aux_0.loss_ce: 0.3918  aux_0.acc_seg: 83.3861
2026/07/19 17:43:57 - mmengine - INFO - Iter(train) [ 29500/160000]  lr: 8.4206e-03  eta: 13:27:44  time: 0.3724  data_time: 0.0460  memory: 9061  loss: 1.2352  decode.loss_ohem: 0.7940  decode.acc_seg: 86.5232  aux_0.loss_ce: 0.4413  aux_0.acc_seg: 83.1246
2026/07/19 17:44:35 - mmengine - INFO - Iter(train) [ 29600/160000]  lr: 8.4148e-03  eta: 13:27:09  time: 0.3776  data_time: 0.0494  memory: 9061  loss: 1.2196  decode.loss_ohem: 0.7803  decode.acc_seg: 89.2136  aux_0.loss_ce: 0.4394  aux_0.acc_seg: 85.7935
2026/07/19 17:45:12 - mmengine - INFO - Iter(train) [ 29700/160000]  lr: 8.4090e-03  eta: 13:26:32  time: 0.3706  data_time: 0.0454  memory: 9059  loss: 1.2264  decode.loss_ohem: 0.8096  decode.acc_seg: 85.3208  aux_0.loss_ce: 0.4169  aux_0.acc_seg: 81.5917
2026/07/19 17:45:49 - mmengine - INFO - Iter(train) [ 29800/160000]  lr: 8.4032e-03  eta: 13:25:55  time: 0.3713  data_time: 0.0456  memory: 9057  loss: 1.2135  decode.loss_ohem: 0.8099  decode.acc_seg: 89.6851  aux_0.loss_ce: 0.4036  aux_0.acc_seg: 82.9538
2026/07/19 17:46:27 - mmengine - INFO - Iter(train) [ 29900/160000]  lr: 8.3974e-03  eta: 13:25:18  time: 0.3714  data_time: 0.0458  memory: 9060  loss: 1.1656  decode.loss_ohem: 0.7735  decode.acc_seg: 90.8452  aux_0.loss_ce: 0.3921  aux_0.acc_seg: 87.5492
2026/07/19 17:47:04 - mmengine - INFO - Exp name: dsanet_cityscapes_512x1024_20260719_144008
2026/07/19 17:47:04 - mmengine - INFO - Iter(train) [ 30000/160000]  lr: 8.3916e-03  eta: 13:24:41  time: 0.3706  data_time: 0.0457  memory: 9058  loss: 1.2637  decode.loss_ohem: 0.8706  decode.acc_seg: 86.9289  aux_0.loss_ce: 0.3931  aux_0.acc_seg: 85.0539
2026/07/19 17:47:04 - mmengine - INFO - Saving checkpoint at 30000 iterations
2026/07/19 17:47:09 - mmengine - INFO - Iter(val) [100/250]    eta: 0:00:08  time: 0.0519  data_time: 0.0186  memory: 790  
2026/07/19 17:47:15 - mmengine - INFO - Iter(val) [200/250]    eta: 0:00:02  time: 0.0521  data_time: 0.0186  memory: 790  
2026/07/19 17:47:17 - mmengine - INFO - per class results:
2026/07/19 17:47:17 - mmengine - INFO - 
+---------------+-------+-------+
|     Class     |  IoU  |  Acc  |
+---------------+-------+-------+
|      road     | 96.54 | 98.51 |
|    sidewalk   | 74.06 | 85.47 |
|    building   | 84.74 | 90.52 |
|      wall     | 28.48 | 32.28 |
|     fence     | 34.67 | 48.17 |
|      pole     | 44.24 | 68.71 |
| traffic light | 34.52 | 42.01 |
|  traffic sign |  51.8 | 75.44 |
|   vegetation  | 87.88 | 95.26 |
|    terrain    | 45.69 | 54.76 |
|      sky      | 90.84 | 96.47 |
|     person    | 65.87 | 85.01 |
|     rider     | 41.09 | 55.27 |
|      car      | 88.03 | 92.76 |
|     truck     |  36.2 |  51.6 |
|      bus      | 53.32 | 65.57 |
|     train     | 11.09 | 12.29 |
|   motorcycle  | 18.99 | 20.72 |
|    bicycle    | 61.91 |  79.9 |
+---------------+-------+-------+
2026/07/19 17:47:17 - mmengine - INFO - Iter(val) [250/250]    aAcc: 92.2500  mIoU: 55.2600  mAcc: 65.8300  data_time: 0.0195  time: 0.0525
2026/07/19 17:47:54 - mmengine - INFO - Iter(train) [ 30100/160000]  lr: 8.3858e-03  eta: 13:24:04  time: 0.3709  data_time: 0.0451  memory: 9060  loss: 1.1442  decode.loss_ohem: 0.7289  decode.acc_seg: 91.1213  aux_0.loss_ce: 0.4153  aux_0.acc_seg: 87.1497
2026/07/19 17:48:32 - mmengine - INFO - Iter(train) [ 30200/160000]  lr: 8.3800e-03  eta: 13:23:27  time: 0.3718  data_time: 0.0451  memory: 9058  loss: 1.1114  decode.loss_ohem: 0.7060  decode.acc_seg: 91.1121  aux_0.loss_ce: 0.4054  aux_0.acc_seg: 88.6749
2026/07/19 17:49:09 - mmengine - INFO - Iter(train) [ 30300/160000]  lr: 8.3742e-03  eta: 13:22:50  time: 0.3741  data_time: 0.0477  memory: 9059  loss: 1.1463  decode.loss_ohem: 0.7508  decode.acc_seg: 88.1138  aux_0.loss_ce: 0.3955  aux_0.acc_seg: 83.6678
2026/07/19 17:49:46 - mmengine - INFO - Iter(train) [ 30400/160000]  lr: 8.3684e-03  eta: 13:22:14  time: 0.3752  data_time: 0.0474  memory: 9058  loss: 1.2929  decode.loss_ohem: 0.8738  decode.acc_seg: 86.3109  aux_0.loss_ce: 0.4191  aux_0.acc_seg: 84.4513
2026/07/19 17:50:23 - mmengine - INFO - Iter(train) [ 30500/160000]  lr: 8.3626e-03  eta: 13:21:37  time: 0.3719  data_time: 0.0466  memory: 9060  loss: 1.1668  decode.loss_ohem: 0.7762  decode.acc_seg: 87.7548  aux_0.loss_ce: 0.3906  aux_0.acc_seg: 81.9998
2026/07/19 17:51:00 - mmengine - INFO - Iter(train) [ 30600/160000]  lr: 8.3568e-03  eta: 13:20:59  time: 0.3694  data_time: 0.0446  memory: 9059  loss: 1.1456  decode.loss_ohem: 0.7447  decode.acc_seg: 91.2503  aux_0.loss_ce: 0.4009  aux_0.acc_seg: 87.4237
2026/07/19 17:51:37 - mmengine - INFO - Iter(train) [ 30700/160000]  lr: 8.3509e-03  eta: 13:20:22  time: 0.3699  data_time: 0.0448  memory: 9058  loss: 1.1776  decode.loss_ohem: 0.7746  decode.acc_seg: 87.6560  aux_0.loss_ce: 0.4030  aux_0.acc_seg: 83.7040
2026/07/19 17:52:14 - mmengine - INFO - Iter(train) [ 30800/160000]  lr: 8.3451e-03  eta: 13:19:45  time: 0.3711  data_time: 0.0461  memory: 9061  loss: 1.1766  decode.loss_ohem: 0.7784  decode.acc_seg: 83.9362  aux_0.loss_ce: 0.3982  aux_0.acc_seg: 78.5918
2026/07/19 17:52:52 - mmengine - INFO - Iter(train) [ 30900/160000]  lr: 8.3393e-03  eta: 13:19:08  time: 0.3720  data_time: 0.0458  memory: 9058  loss: 1.0596  decode.loss_ohem: 0.6915  decode.acc_seg: 90.1971  aux_0.loss_ce: 0.3681  aux_0.acc_seg: 85.5507
2026/07/19 17:53:29 - mmengine - INFO - Exp name: dsanet_cityscapes_512x1024_20260719_144008
2026/07/19 17:53:29 - mmengine - INFO - Iter(train) [ 31000/160000]  lr: 8.3335e-03  eta: 13:18:31  time: 0.3720  data_time: 0.0462  memory: 9060  loss: 1.2814  decode.loss_ohem: 0.8471  decode.acc_seg: 89.3548  aux_0.loss_ce: 0.4344  aux_0.acc_seg: 84.7634
2026/07/19 17:54:06 - mmengine - INFO - Iter(train) [ 31100/160000]  lr: 8.3277e-03  eta: 13:17:54  time: 0.3704  data_time: 0.0454  memory: 9058  loss: 1.0931  decode.loss_ohem: 0.7192  decode.acc_seg: 91.8793  aux_0.loss_ce: 0.3738  aux_0.acc_seg: 85.4773
2026/07/19 17:54:43 - mmengine - INFO - Iter(train) [ 31200/160000]  lr: 8.3219e-03  eta: 13:17:17  time: 0.3709  data_time: 0.0452  memory: 9058  loss: 1.1929  decode.loss_ohem: 0.8142  decode.acc_seg: 88.8166  aux_0.loss_ce: 0.3786  aux_0.acc_seg: 86.5453
2026/07/19 17:55:21 - mmengine - INFO - Iter(train) [ 31300/160000]  lr: 8.3161e-03  eta: 13:16:41  time: 0.3716  data_time: 0.0456  memory: 9058  loss: 1.2621  decode.loss_ohem: 0.8357  decode.acc_seg: 89.1175  aux_0.loss_ce: 0.4264  aux_0.acc_seg: 85.8643
2026/07/19 17:55:58 - mmengine - INFO - Iter(train) [ 31400/160000]  lr: 8.3103e-03  eta: 13:16:03  time: 0.3703  data_time: 0.0449  memory: 9058  loss: 1.1782  decode.loss_ohem: 0.7926  decode.acc_seg: 89.2300  aux_0.loss_ce: 0.3855  aux_0.acc_seg: 87.3328
2026/07/19 17:56:35 - mmengine - INFO - Iter(train) [ 31500/160000]  lr: 8.3045e-03  eta: 13:15:26  time: 0.3707  data_time: 0.0448  memory: 9059  loss: 1.2608  decode.loss_ohem: 0.8328  decode.acc_seg: 86.0844  aux_0.loss_ce: 0.4280  aux_0.acc_seg: 83.9779
2026/07/19 17:57:12 - mmengine - INFO - Iter(train) [ 31600/160000]  lr: 8.2987e-03  eta: 13:14:49  time: 0.3726  data_time: 0.0455  memory: 9060  loss: 1.2140  decode.loss_ohem: 0.7931  decode.acc_seg: 86.2124  aux_0.loss_ce: 0.4209  aux_0.acc_seg: 82.6922
2026/07/19 17:57:49 - mmengine - INFO - Iter(train) [ 31700/160000]  lr: 8.2929e-03  eta: 13:14:11  time: 0.3688  data_time: 0.0442  memory: 9059  loss: 1.1658  decode.loss_ohem: 0.7582  decode.acc_seg: 86.9881  aux_0.loss_ce: 0.4076  aux_0.acc_seg: 81.4264
2026/07/19 17:58:26 - mmengine - INFO - Iter(train) [ 31800/160000]  lr: 8.2871e-03  eta: 13:13:34  time: 0.3716  data_time: 0.0459  memory: 9058  loss: 1.2327  decode.loss_ohem: 0.8303  decode.acc_seg: 89.2980  aux_0.loss_ce: 0.4025  aux_0.acc_seg: 84.4558
2026/07/19 17:59:03 - mmengine - INFO - Iter(train) [ 31900/160000]  lr: 8.2812e-03  eta: 13:12:57  time: 0.3731  data_time: 0.0472  memory: 9058  loss: 1.0686  decode.loss_ohem: 0.6919  decode.acc_seg: 88.1770  aux_0.loss_ce: 0.3767  aux_0.acc_seg: 80.7964
2026/07/19 17:59:40 - mmengine - INFO - Exp name: dsanet_cityscapes_512x1024_20260719_144008
2026/07/19 17:59:40 - mmengine - INFO - Iter(train) [ 32000/160000]  lr: 8.2754e-03  eta: 13:12:20  time: 0.3695  data_time: 0.0452  memory: 9058  loss: 1.1512  decode.loss_ohem: 0.7638  decode.acc_seg: 90.4846  aux_0.loss_ce: 0.3874  aux_0.acc_seg: 86.4629
2026/07/19 18:00:18 - mmengine - INFO - Iter(train) [ 32100/160000]  lr: 8.2696e-03  eta: 13:11:43  time: 0.3720  data_time: 0.0458  memory: 9062  loss: 1.2152  decode.loss_ohem: 0.7894  decode.acc_seg: 91.3527  aux_0.loss_ce: 0.4257  aux_0.acc_seg: 86.4025
2026/07/19 18:00:55 - mmengine - INFO - Iter(train) [ 32200/160000]  lr: 8.2638e-03  eta: 13:11:06  time: 0.3728  data_time: 0.0470  memory: 9059  loss: 1.2504  decode.loss_ohem: 0.8326  decode.acc_seg: 88.9595  aux_0.loss_ce: 0.4178  aux_0.acc_seg: 84.5482
2026/07/19 18:01:32 - mmengine - INFO - Iter(train) [ 32300/160000]  lr: 8.2580e-03  eta: 13:10:29  time: 0.3722  data_time: 0.0457  memory: 9059  loss: 1.2818  decode.loss_ohem: 0.8518  decode.acc_seg: 89.2370  aux_0.loss_ce: 0.4300  aux_0.acc_seg: 85.1140
2026/07/19 18:02:09 - mmengine - INFO - Iter(train) [ 32400/160000]  lr: 8.2522e-03  eta: 13:09:51  time: 0.3703  data_time: 0.0450  memory: 9060  loss: 1.2331  decode.loss_ohem: 0.8139  decode.acc_seg: 90.1656  aux_0.loss_ce: 0.4193  aux_0.acc_seg: 85.6545
2026/07/19 18:02:46 - mmengine - INFO - Iter(train) [ 32500/160000]  lr: 8.2464e-03  eta: 13:09:14  time: 0.3700  data_time: 0.0448  memory: 9058  loss: 1.1396  decode.loss_ohem: 0.7716  decode.acc_seg: 89.0391  aux_0.loss_ce: 0.3680  aux_0.acc_seg: 85.3414
2026/07/19 18:03:23 - mmengine - INFO - Iter(train) [ 32600/160000]  lr: 8.2406e-03  eta: 13:08:37  time: 0.3699  data_time: 0.0444  memory: 9058  loss: 1.2057  decode.loss_ohem: 0.7970  decode.acc_seg: 89.5844  aux_0.loss_ce: 0.4087  aux_0.acc_seg: 81.5525
2026/07/19 18:04:00 - mmengine - INFO - Iter(train) [ 32700/160000]  lr: 8.2347e-03  eta: 13:07:59  time: 0.3688  data_time: 0.0447  memory: 9060  loss: 1.1165  decode.loss_ohem: 0.7642  decode.acc_seg: 90.5595  aux_0.loss_ce: 0.3524  aux_0.acc_seg: 90.0996
2026/07/19 18:04:38 - mmengine - INFO - Iter(train) [ 32800/160000]  lr: 8.2289e-03  eta: 13:07:22  time: 0.3722  data_time: 0.0465  memory: 9057  loss: 1.2480  decode.loss_ohem: 0.8571  decode.acc_seg: 88.4064  aux_0.loss_ce: 0.3910  aux_0.acc_seg: 84.2466
2026/07/19 18:05:15 - mmengine - INFO - Iter(train) [ 32900/160000]  lr: 8.2231e-03  eta: 13:06:45  time: 0.3713  data_time: 0.0462  memory: 9062  loss: 1.2562  decode.loss_ohem: 0.8396  decode.acc_seg: 86.9248  aux_0.loss_ce: 0.4166  aux_0.acc_seg: 84.1791
2026/07/19 18:05:52 - mmengine - INFO - Exp name: dsanet_cityscapes_512x1024_20260719_144008
2026/07/19 18:05:52 - mmengine - INFO - Iter(train) [ 33000/160000]  lr: 8.2173e-03  eta: 13:06:09  time: 0.3719  data_time: 0.0465  memory: 9059  loss: 1.1334  decode.loss_ohem: 0.7681  decode.acc_seg: 91.1088  aux_0.loss_ce: 0.3653  aux_0.acc_seg: 86.9466
2026/07/19 18:06:29 - mmengine - INFO - Iter(train) [ 33100/160000]  lr: 8.2115e-03  eta: 13:05:32  time: 0.3757  data_time: 0.0468  memory: 9058  loss: 1.1362  decode.loss_ohem: 0.7693  decode.acc_seg: 92.1174  aux_0.loss_ce: 0.3669  aux_0.acc_seg: 89.8572
2026/07/19 18:07:07 - mmengine - INFO - Iter(train) [ 33200/160000]  lr: 8.2057e-03  eta: 13:04:57  time: 0.3743  data_time: 0.0472  memory: 9058  loss: 1.3441  decode.loss_ohem: 0.8725  decode.acc_seg: 90.1175  aux_0.loss_ce: 0.4715  aux_0.acc_seg: 85.5746
2026/07/19 18:07:44 - mmengine - INFO - Iter(train) [ 33300/160000]  lr: 8.1998e-03  eta: 13:04:20  time: 0.3728  data_time: 0.0463  memory: 9060  loss: 1.1964  decode.loss_ohem: 0.8012  decode.acc_seg: 92.2906  aux_0.loss_ce: 0.3952  aux_0.acc_seg: 88.5709
2026/07/19 18:08:21 - mmengine - INFO - Iter(train) [ 33400/160000]  lr: 8.1940e-03  eta: 13:03:43  time: 0.3714  data_time: 0.0461  memory: 9059  loss: 1.0835  decode.loss_ohem: 0.7320  decode.acc_seg: 91.8590  aux_0.loss_ce: 0.3515  aux_0.acc_seg: 88.5892
2026/07/19 18:08:59 - mmengine - INFO - Iter(train) [ 33500/160000]  lr: 8.1882e-03  eta: 13:03:06  time: 0.3741  data_time: 0.0467  memory: 9059  loss: 1.0915  decode.loss_ohem: 0.7293  decode.acc_seg: 92.2224  aux_0.loss_ce: 0.3621  aux_0.acc_seg: 87.1475
2026/07/19 18:09:36 - mmengine - INFO - Iter(train) [ 33600/160000]  lr: 8.1824e-03  eta: 13:02:29  time: 0.3709  data_time: 0.0458  memory: 9058  loss: 1.2146  decode.loss_ohem: 0.8051  decode.acc_seg: 84.9889  aux_0.loss_ce: 0.4095  aux_0.acc_seg: 81.2596
2026/07/19 18:10:13 - mmengine - INFO - Iter(train) [ 33700/160000]  lr: 8.1766e-03  eta: 13:01:52  time: 0.3719  data_time: 0.0462  memory: 9059  loss: 1.1996  decode.loss_ohem: 0.8134  decode.acc_seg: 90.9913  aux_0.loss_ce: 0.3861  aux_0.acc_seg: 86.7250
2026/07/19 18:10:50 - mmengine - INFO - Iter(train) [ 33800/160000]  lr: 8.1707e-03  eta: 13:01:16  time: 0.3716  data_time: 0.0454  memory: 9058  loss: 1.1512  decode.loss_ohem: 0.7576  decode.acc_seg: 89.2821  aux_0.loss_ce: 0.3936  aux_0.acc_seg: 84.4474
2026/07/19 18:11:27 - mmengine - INFO - Iter(train) [ 33900/160000]  lr: 8.1649e-03  eta: 13:00:39  time: 0.3721  data_time: 0.0461  memory: 9060  loss: 1.1576  decode.loss_ohem: 0.7905  decode.acc_seg: 87.5407  aux_0.loss_ce: 0.3670  aux_0.acc_seg: 84.7724
2026/07/19 18:12:05 - mmengine - INFO - Exp name: dsanet_cityscapes_512x1024_20260719_144008
2026/07/19 18:12:05 - mmengine - INFO - Iter(train) [ 34000/160000]  lr: 8.1591e-03  eta: 13:00:02  time: 0.3709  data_time: 0.0455  memory: 9059  loss: 1.2553  decode.loss_ohem: 0.8180  decode.acc_seg: 87.8697  aux_0.loss_ce: 0.4373  aux_0.acc_seg: 82.7572
2026/07/19 18:12:42 - mmengine - INFO - Iter(train) [ 34100/160000]  lr: 8.1533e-03  eta: 12:59:25  time: 0.3709  data_time: 0.0454  memory: 9058  loss: 1.0747  decode.loss_ohem: 0.7163  decode.acc_seg: 91.7405  aux_0.loss_ce: 0.3585  aux_0.acc_seg: 87.2903
2026/07/19 18:13:19 - mmengine - INFO - Iter(train) [ 34200/160000]  lr: 8.1475e-03  eta: 12:58:49  time: 0.3736  data_time: 0.0467  memory: 9058  loss: 1.2164  decode.loss_ohem: 0.8034  decode.acc_seg: 90.2626  aux_0.loss_ce: 0.4130  aux_0.acc_seg: 86.6869
2026/07/19 18:13:56 - mmengine - INFO - Iter(train) [ 34300/160000]  lr: 8.1416e-03  eta: 12:58:11  time: 0.3697  data_time: 0.0452  memory: 9061  loss: 1.2361  decode.loss_ohem: 0.8372  decode.acc_seg: 90.5201  aux_0.loss_ce: 0.3989  aux_0.acc_seg: 86.7943
2026/07/19 18:14:34 - mmengine - INFO - Iter(train) [ 34400/160000]  lr: 8.1358e-03  eta: 12:57:35  time: 0.3735  data_time: 0.0465  memory: 9060  loss: 1.2349  decode.loss_ohem: 0.8122  decode.acc_seg: 92.1126  aux_0.loss_ce: 0.4227  aux_0.acc_seg: 86.8557
2026/07/19 18:15:11 - mmengine - INFO - Iter(train) [ 34500/160000]  lr: 8.1300e-03  eta: 12:56:59  time: 0.3703  data_time: 0.0450  memory: 9058  loss: 1.1065  decode.loss_ohem: 0.7388  decode.acc_seg: 92.7051  aux_0.loss_ce: 0.3677  aux_0.acc_seg: 90.5400
2026/07/19 18:15:48 - mmengine - INFO - Iter(train) [ 34600/160000]  lr: 8.1242e-03  eta: 12:56:22  time: 0.3720  data_time: 0.0456  memory: 9060  loss: 1.1520  decode.loss_ohem: 0.7822  decode.acc_seg: 89.3535  aux_0.loss_ce: 0.3698  aux_0.acc_seg: 84.5282
2026/07/19 18:16:26 - mmengine - INFO - Iter(train) [ 34700/160000]  lr: 8.1184e-03  eta: 12:55:45  time: 0.3743  data_time: 0.0468  memory: 9058  loss: 1.2412  decode.loss_ohem: 0.8406  decode.acc_seg: 87.0574  aux_0.loss_ce: 0.4005  aux_0.acc_seg: 84.3618
2026/07/19 18:17:03 - mmengine - INFO - Iter(train) [ 34800/160000]  lr: 8.1125e-03  eta: 12:55:08  time: 0.3711  data_time: 0.0456  memory: 9059  loss: 1.1868  decode.loss_ohem: 0.7954  decode.acc_seg: 91.2043  aux_0.loss_ce: 0.3914  aux_0.acc_seg: 87.2804
2026/07/19 18:17:40 - mmengine - INFO - Iter(train) [ 34900/160000]  lr: 8.1067e-03  eta: 12:54:31  time: 0.3701  data_time: 0.0447  memory: 9057  loss: 1.1566  decode.loss_ohem: 0.7803  decode.acc_seg: 86.7147  aux_0.loss_ce: 0.3762  aux_0.acc_seg: 80.8914
2026/07/19 18:18:17 - mmengine - INFO - Exp name: dsanet_cityscapes_512x1024_20260719_144008
2026/07/19 18:18:17 - mmengine - INFO - Iter(train) [ 35000/160000]  lr: 8.1009e-03  eta: 12:53:55  time: 0.3776  data_time: 0.0488  memory: 9059  loss: 1.2283  decode.loss_ohem: 0.7821  decode.acc_seg: 88.9598  aux_0.loss_ce: 0.4463  aux_0.acc_seg: 81.9541
2026/07/19 18:18:17 - mmengine - INFO - Saving checkpoint at 35000 iterations
2026/07/19 18:18:24 - mmengine - INFO - Iter(val) [100/250]    eta: 0:00:08  time: 0.0554  data_time: 0.0199  memory: 790  
2026/07/19 18:18:29 - mmengine - INFO - Iter(val) [200/250]    eta: 0:00:02  time: 0.0562  data_time: 0.0207  memory: 790  
2026/07/19 18:18:32 - mmengine - INFO - per class results:
2026/07/19 18:18:32 - mmengine - INFO - 
+---------------+-------+-------+
|     Class     |  IoU  |  Acc  |
+---------------+-------+-------+
|      road     | 96.13 | 98.28 |
|    sidewalk   | 72.52 | 84.66 |
|    building   | 87.08 | 93.93 |
|      wall     | 32.75 | 39.52 |
|     fence     | 42.97 | 51.72 |
|      pole     | 50.42 | 63.39 |
| traffic light | 38.07 | 43.17 |
|  traffic sign | 58.72 | 70.98 |
|   vegetation  | 87.13 | 91.76 |
|    terrain    | 41.14 | 77.52 |
|      sky      | 91.45 | 97.23 |
|     person    | 67.61 | 83.64 |
|     rider     |  38.9 | 48.07 |
|      car      | 85.62 |  90.0 |
|     truck     | 30.73 | 51.44 |
|      bus      | 37.29 | 77.86 |
|     train     | 32.54 | 51.14 |
|   motorcycle  | 12.55 | 13.02 |
|    bicycle    | 63.93 | 74.71 |
+---------------+-------+-------+
2026/07/19 18:18:32 - mmengine - INFO - Iter(val) [250/250]    aAcc: 92.2900  mIoU: 56.1900  mAcc: 68.5300  data_time: 0.0214  time: 0.0571
2026/07/19 18:18:32 - mmengine - INFO - The previous best checkpoint /root/autodl-tmp/DSANet-main/tools/work_dirs/dsanet_cityscapes_512x1024/best_mIoU_iter_25000.pth is removed
2026/07/19 18:18:33 - mmengine - INFO - The best checkpoint with 56.1900 mIoU at 35000 iter is saved to best_mIoU_iter_35000.pth.
2026/07/19 18:19:11 - mmengine - INFO - Iter(train) [ 35100/160000]  lr: 8.0951e-03  eta: 12:53:22  time: 0.3731  data_time: 0.0465  memory: 9058  loss: 1.1712  decode.loss_ohem: 0.7847  decode.acc_seg: 91.2594  aux_0.loss_ce: 0.3865  aux_0.acc_seg: 88.6051
2026/07/19 18:19:48 - mmengine - INFO - Iter(train) [ 35200/160000]  lr: 8.0892e-03  eta: 12:52:45  time: 0.3712  data_time: 0.0455  memory: 9057  loss: 1.2596  decode.loss_ohem: 0.8235  decode.acc_seg: 84.4917  aux_0.loss_ce: 0.4362  aux_0.acc_seg: 80.7889
2026/07/19 18:20:25 - mmengine - INFO - Iter(train) [ 35300/160000]  lr: 8.0834e-03  eta: 12:52:09  time: 0.3769  data_time: 0.0493  memory: 9059  loss: 1.1993  decode.loss_ohem: 0.7840  decode.acc_seg: 91.5214  aux_0.loss_ce: 0.4153  aux_0.acc_seg: 90.0496
2026/07/19 18:21:03 - mmengine - INFO - Iter(train) [ 35400/160000]  lr: 8.0776e-03  eta: 12:51:32  time: 0.3736  data_time: 0.0465  memory: 9059  loss: 1.1867  decode.loss_ohem: 0.7689  decode.acc_seg: 89.8056  aux_0.loss_ce: 0.4178  aux_0.acc_seg: 85.4535
2026/07/19 18:21:40 - mmengine - INFO - Iter(train) [ 35500/160000]  lr: 8.0717e-03  eta: 12:50:55  time: 0.3735  data_time: 0.0468  memory: 9059  loss: 1.1496  decode.loss_ohem: 0.7559  decode.acc_seg: 88.5060  aux_0.loss_ce: 0.3937  aux_0.acc_seg: 80.8457
2026/07/19 18:22:17 - mmengine - INFO - Iter(train) [ 35600/160000]  lr: 8.0659e-03  eta: 12:50:19  time: 0.3732  data_time: 0.0472  memory: 9060  loss: 1.2182  decode.loss_ohem: 0.8354  decode.acc_seg: 85.4611  aux_0.loss_ce: 0.3829  aux_0.acc_seg: 80.8946
2026/07/19 18:22:54 - mmengine - INFO - Iter(train) [ 35700/160000]  lr: 8.0601e-03  eta: 12:49:42  time: 0.3701  data_time: 0.0449  memory: 9059  loss: 1.1741  decode.loss_ohem: 0.7802  decode.acc_seg: 89.6133  aux_0.loss_ce: 0.3939  aux_0.acc_seg: 85.1519
2026/07/19 18:23:32 - mmengine - INFO - Iter(train) [ 35800/160000]  lr: 8.0543e-03  eta: 12:49:05  time: 0.3722  data_time: 0.0466  memory: 9059  loss: 1.2413  decode.loss_ohem: 0.8518  decode.acc_seg: 88.9686  aux_0.loss_ce: 0.3895  aux_0.acc_seg: 84.4961
2026/07/19 18:24:09 - mmengine - INFO - Iter(train) [ 35900/160000]  lr: 8.0484e-03  eta: 12:48:28  time: 0.3727  data_time: 0.0464  memory: 9059  loss: 1.1569  decode.loss_ohem: 0.7746  decode.acc_seg: 89.0939  aux_0.loss_ce: 0.3823  aux_0.acc_seg: 85.6529
2026/07/19 18:24:46 - mmengine - INFO - Exp name: dsanet_cityscapes_512x1024_20260719_144008
2026/07/19 18:24:46 - mmengine - INFO - Iter(train) [ 36000/160000]  lr: 8.0426e-03  eta: 12:47:51  time: 0.3717  data_time: 0.0448  memory: 9059  loss: 1.3115  decode.loss_ohem: 0.8730  decode.acc_seg: 85.9534  aux_0.loss_ce: 0.4384  aux_0.acc_seg: 86.6310
2026/07/19 18:25:23 - mmengine - INFO - Iter(train) [ 36100/160000]  lr: 8.0368e-03  eta: 12:47:14  time: 0.3715  data_time: 0.0457  memory: 9058  loss: 1.1827  decode.loss_ohem: 0.7969  decode.acc_seg: 88.3890  aux_0.loss_ce: 0.3859  aux_0.acc_seg: 82.1963
2026/07/19 18:26:00 - mmengine - INFO - Iter(train) [ 36200/160000]  lr: 8.0309e-03  eta: 12:46:37  time: 0.3721  data_time: 0.0455  memory: 9058  loss: 1.1264  decode.loss_ohem: 0.7764  decode.acc_seg: 91.0151  aux_0.loss_ce: 0.3500  aux_0.acc_seg: 88.7747
2026/07/19 18:26:38 - mmengine - INFO - Iter(train) [ 36300/160000]  lr: 8.0251e-03  eta: 12:46:00  time: 0.3761  data_time: 0.0493  memory: 9060  loss: 1.2353  decode.loss_ohem: 0.8048  decode.acc_seg: 89.2936  aux_0.loss_ce: 0.4305  aux_0.acc_seg: 84.0561
2026/07/19 18:27:15 - mmengine - INFO - Iter(train) [ 36400/160000]  lr: 8.0193e-03  eta: 12:45:23  time: 0.3717  data_time: 0.0454  memory: 9059  loss: 1.1094  decode.loss_ohem: 0.7703  decode.acc_seg: 90.5573  aux_0.loss_ce: 0.3390  aux_0.acc_seg: 86.6378
2026/07/19 18:27:52 - mmengine - INFO - Iter(train) [ 36500/160000]  lr: 8.0134e-03  eta: 12:44:46  time: 0.3715  data_time: 0.0458  memory: 9058  loss: 1.2042  decode.loss_ohem: 0.7982  decode.acc_seg: 89.2868  aux_0.loss_ce: 0.4060  aux_0.acc_seg: 83.6174
2026/07/19 18:28:29 - mmengine - INFO - Iter(train) [ 36600/160000]  lr: 8.0076e-03  eta: 12:44:09  time: 0.3726  data_time: 0.0454  memory: 9058  loss: 1.2233  decode.loss_ohem: 0.8150  decode.acc_seg: 89.4341  aux_0.loss_ce: 0.4083  aux_0.acc_seg: 86.5144
2026/07/19 18:29:06 - mmengine - INFO - Iter(train) [ 36700/160000]  lr: 8.0018e-03  eta: 12:43:32  time: 0.3699  data_time: 0.0450  memory: 9059  loss: 1.1416  decode.loss_ohem: 0.7520  decode.acc_seg: 88.9419  aux_0.loss_ce: 0.3896  aux_0.acc_seg: 78.9311
2026/07/19 18:29:44 - mmengine - INFO - Iter(train) [ 36800/160000]  lr: 7.9959e-03  eta: 12:42:55  time: 0.3688  data_time: 0.0437  memory: 9057  loss: 1.2750  decode.loss_ohem: 0.8777  decode.acc_seg: 89.8585  aux_0.loss_ce: 0.3973  aux_0.acc_seg: 87.5399
2026/07/19 18:30:21 - mmengine - INFO - Iter(train) [ 36900/160000]  lr: 7.9901e-03  eta: 12:42:18  time: 0.3705  data_time: 0.0443  memory: 9059  loss: 1.2032  decode.loss_ohem: 0.7940  decode.acc_seg: 88.3019  aux_0.loss_ce: 0.4092  aux_0.acc_seg: 85.0264
2026/07/19 18:30:58 - mmengine - INFO - Exp name: dsanet_cityscapes_512x1024_20260719_144008
2026/07/19 18:30:58 - mmengine - INFO - Iter(train) [ 37000/160000]  lr: 7.9843e-03  eta: 12:41:41  time: 0.3704  data_time: 0.0456  memory: 9058  loss: 1.1119  decode.loss_ohem: 0.7378  decode.acc_seg: 90.9264  aux_0.loss_ce: 0.3740  aux_0.acc_seg: 87.1517
2026/07/19 18:31:35 - mmengine - INFO - Iter(train) [ 37100/160000]  lr: 7.9784e-03  eta: 12:41:03  time: 0.3724  data_time: 0.0463  memory: 9058  loss: 1.2519  decode.loss_ohem: 0.8286  decode.acc_seg: 89.3583  aux_0.loss_ce: 0.4233  aux_0.acc_seg: 82.6123
2026/07/19 18:32:12 - mmengine - INFO - Iter(train) [ 37200/160000]  lr: 7.9726e-03  eta: 12:40:27  time: 0.3714  data_time: 0.0463  memory: 9060  loss: 1.1283  decode.loss_ohem: 0.7474  decode.acc_seg: 91.2447  aux_0.loss_ce: 0.3809  aux_0.acc_seg: 87.9943
2026/07/19 18:32:49 - mmengine - INFO - Iter(train) [ 37300/160000]  lr: 7.9668e-03  eta: 12:39:49  time: 0.3708  data_time: 0.0451  memory: 9058  loss: 1.2176  decode.loss_ohem: 0.8237  decode.acc_seg: 88.4670  aux_0.loss_ce: 0.3938  aux_0.acc_seg: 85.4239
2026/07/19 18:33:27 - mmengine - INFO - Iter(train) [ 37400/160000]  lr: 7.9609e-03  eta: 12:39:12  time: 0.3712  data_time: 0.0452  memory: 9058  loss: 1.2044  decode.loss_ohem: 0.7908  decode.acc_seg: 87.2300  aux_0.loss_ce: 0.4136  aux_0.acc_seg: 84.7312
2026/07/19 18:34:04 - mmengine - INFO - Iter(train) [ 37500/160000]  lr: 7.9551e-03  eta: 12:38:35  time: 0.3737  data_time: 0.0471  memory: 9059  loss: 1.1980  decode.loss_ohem: 0.7767  decode.acc_seg: 92.0990  aux_0.loss_ce: 0.4212  aux_0.acc_seg: 88.7164
2026/07/19 18:34:41 - mmengine - INFO - Iter(train) [ 37600/160000]  lr: 7.9493e-03  eta: 12:37:58  time: 0.3709  data_time: 0.0460  memory: 9058  loss: 1.2579  decode.loss_ohem: 0.8306  decode.acc_seg: 88.9475  aux_0.loss_ce: 0.4273  aux_0.acc_seg: 83.8619
2026/07/19 18:35:18 - mmengine - INFO - Iter(train) [ 37700/160000]  lr: 7.9434e-03  eta: 12:37:21  time: 0.3707  data_time: 0.0454  memory: 9058  loss: 1.1721  decode.loss_ohem: 0.7857  decode.acc_seg: 89.9479  aux_0.loss_ce: 0.3864  aux_0.acc_seg: 82.0836
2026/07/19 18:35:55 - mmengine - INFO - Iter(train) [ 37800/160000]  lr: 7.9376e-03  eta: 12:36:43  time: 0.3692  data_time: 0.0442  memory: 9057  loss: 1.0864  decode.loss_ohem: 0.7245  decode.acc_seg: 88.7195  aux_0.loss_ce: 0.3619  aux_0.acc_seg: 80.9953
2026/07/19 18:36:32 - mmengine - INFO - Iter(train) [ 37900/160000]  lr: 7.9317e-03  eta: 12:36:06  time: 0.3683  data_time: 0.0440  memory: 9059  loss: 1.2295  decode.loss_ohem: 0.8326  decode.acc_seg: 88.6498  aux_0.loss_ce: 0.3969  aux_0.acc_seg: 84.2217
2026/07/19 18:37:09 - mmengine - INFO - Exp name: dsanet_cityscapes_512x1024_20260719_144008
2026/07/19 18:37:09 - mmengine - INFO - Iter(train) [ 38000/160000]  lr: 7.9259e-03  eta: 12:35:29  time: 0.3715  data_time: 0.0461  memory: 9059  loss: 1.2643  decode.loss_ohem: 0.8456  decode.acc_seg: 84.5082  aux_0.loss_ce: 0.4187  aux_0.acc_seg: 77.0305
2026/07/19 18:37:46 - mmengine - INFO - Iter(train) [ 38100/160000]  lr: 7.9201e-03  eta: 12:34:51  time: 0.3703  data_time: 0.0453  memory: 9059  loss: 1.2190  decode.loss_ohem: 0.7868  decode.acc_seg: 90.3422  aux_0.loss_ce: 0.4322  aux_0.acc_seg: 84.3392
2026/07/19 18:38:24 - mmengine - INFO - Iter(train) [ 38200/160000]  lr: 7.9142e-03  eta: 12:34:14  time: 0.3732  data_time: 0.0466  memory: 9060  loss: 1.1931  decode.loss_ohem: 0.7884  decode.acc_seg: 87.8958  aux_0.loss_ce: 0.4047  aux_0.acc_seg: 84.6662
2026/07/19 18:39:01 - mmengine - INFO - Iter(train) [ 38300/160000]  lr: 7.9084e-03  eta: 12:33:37  time: 0.3727  data_time: 0.0463  memory: 9059  loss: 1.1515  decode.loss_ohem: 0.7626  decode.acc_seg: 89.7224  aux_0.loss_ce: 0.3889  aux_0.acc_seg: 87.0299
2026/07/19 18:39:38 - mmengine - INFO - Iter(train) [ 38400/160000]  lr: 7.9025e-03  eta: 12:33:00  time: 0.3726  data_time: 0.0466  memory: 9059  loss: 1.2289  decode.loss_ohem: 0.8091  decode.acc_seg: 89.3887  aux_0.loss_ce: 0.4198  aux_0.acc_seg: 85.3861
2026/07/19 18:40:15 - mmengine - INFO - Iter(train) [ 38500/160000]  lr: 7.8967e-03  eta: 12:32:22  time: 0.3714  data_time: 0.0454  memory: 9059  loss: 1.1042  decode.loss_ohem: 0.7219  decode.acc_seg: 92.1447  aux_0.loss_ce: 0.3823  aux_0.acc_seg: 85.9043
2026/07/19 18:40:52 - mmengine - INFO - Iter(train) [ 38600/160000]  lr: 7.8909e-03  eta: 12:31:46  time: 0.3725  data_time: 0.0464  memory: 9059  loss: 1.1062  decode.loss_ohem: 0.7540  decode.acc_seg: 92.0721  aux_0.loss_ce: 0.3522  aux_0.acc_seg: 88.1443
2026/07/19 18:41:30 - mmengine - INFO - Iter(train) [ 38700/160000]  lr: 7.8850e-03  eta: 12:31:10  time: 0.3741  data_time: 0.0484  memory: 9058  loss: 1.1279  decode.loss_ohem: 0.7591  decode.acc_seg: 91.0083  aux_0.loss_ce: 0.3688  aux_0.acc_seg: 89.5853
2026/07/19 18:42:08 - mmengine - INFO - Iter(train) [ 38800/160000]  lr: 7.8792e-03  eta: 12:30:34  time: 0.3766  data_time: 0.0483  memory: 9058  loss: 1.2635  decode.loss_ohem: 0.8401  decode.acc_seg: 91.0590  aux_0.loss_ce: 0.4235  aux_0.acc_seg: 88.6447
2026/07/19 18:42:45 - mmengine - INFO - Iter(train) [ 38900/160000]  lr: 7.8733e-03  eta: 12:29:58  time: 0.3711  data_time: 0.0464  memory: 9058  loss: 1.2729  decode.loss_ohem: 0.8614  decode.acc_seg: 84.6130  aux_0.loss_ce: 0.4115  aux_0.acc_seg: 81.1336
2026/07/19 18:43:23 - mmengine - INFO - Exp name: dsanet_cityscapes_512x1024_20260719_144008
2026/07/19 18:43:23 - mmengine - INFO - Iter(train) [ 39000/160000]  lr: 7.8675e-03  eta: 12:29:22  time: 0.3734  data_time: 0.0474  memory: 9059  loss: 1.2615  decode.loss_ohem: 0.8457  decode.acc_seg: 89.7272  aux_0.loss_ce: 0.4159  aux_0.acc_seg: 84.8787
2026/07/19 18:44:00 - mmengine - INFO - Iter(train) [ 39100/160000]  lr: 7.8616e-03  eta: 12:28:45  time: 0.3721  data_time: 0.0473  memory: 9057  loss: 1.1334  decode.loss_ohem: 0.7575  decode.acc_seg: 91.7117  aux_0.loss_ce: 0.3759  aux_0.acc_seg: 88.8007
2026/07/19 18:44:37 - mmengine - INFO - Iter(train) [ 39200/160000]  lr: 7.8558e-03  eta: 12:28:09  time: 0.3726  data_time: 0.0463  memory: 9059  loss: 1.1488  decode.loss_ohem: 0.7558  decode.acc_seg: 91.9250  aux_0.loss_ce: 0.3929  aux_0.acc_seg: 85.1732
2026/07/19 18:45:15 - mmengine - INFO - Iter(train) [ 39300/160000]  lr: 7.8499e-03  eta: 12:27:32  time: 0.3734  data_time: 0.0469  memory: 9058  loss: 1.1883  decode.loss_ohem: 0.8198  decode.acc_seg: 89.5148  aux_0.loss_ce: 0.3685  aux_0.acc_seg: 84.6907
2026/07/19 18:45:52 - mmengine - INFO - Iter(train) [ 39400/160000]  lr: 7.8441e-03  eta: 12:26:55  time: 0.3736  data_time: 0.0473  memory: 9058  loss: 1.1261  decode.loss_ohem: 0.7500  decode.acc_seg: 90.0767  aux_0.loss_ce: 0.3761  aux_0.acc_seg: 87.4416
2026/07/19 18:46:29 - mmengine - INFO - Iter(train) [ 39500/160000]  lr: 7.8383e-03  eta: 12:26:18  time: 0.3701  data_time: 0.0447  memory: 9058  loss: 1.1584  decode.loss_ohem: 0.7689  decode.acc_seg: 89.5529  aux_0.loss_ce: 0.3895  aux_0.acc_seg: 86.3303
2026/07/19 18:47:06 - mmengine - INFO - Iter(train) [ 39600/160000]  lr: 7.8324e-03  eta: 12:25:40  time: 0.3696  data_time: 0.0453  memory: 9057  loss: 1.1163  decode.loss_ohem: 0.7582  decode.acc_seg: 89.5711  aux_0.loss_ce: 0.3581  aux_0.acc_seg: 85.8359
2026/07/19 18:47:43 - mmengine - INFO - Iter(train) [ 39700/160000]  lr: 7.8266e-03  eta: 12:25:02  time: 0.3694  data_time: 0.0445  memory: 9059  loss: 1.2934  decode.loss_ohem: 0.8786  decode.acc_seg: 91.2168  aux_0.loss_ce: 0.4148  aux_0.acc_seg: 89.3822
2026/07/19 18:48:20 - mmengine - INFO - Iter(train) [ 39800/160000]  lr: 7.8207e-03  eta: 12:24:25  time: 0.3695  data_time: 0.0449  memory: 9058  loss: 1.0959  decode.loss_ohem: 0.7280  decode.acc_seg: 89.5985  aux_0.loss_ce: 0.3679  aux_0.acc_seg: 85.4900
2026/07/19 18:48:57 - mmengine - INFO - Iter(train) [ 39900/160000]  lr: 7.8149e-03  eta: 12:23:47  time: 0.3711  data_time: 0.0465  memory: 9058  loss: 1.0900  decode.loss_ohem: 0.7456  decode.acc_seg: 91.1721  aux_0.loss_ce: 0.3444  aux_0.acc_seg: 85.5969
2026/07/19 18:49:34 - mmengine - INFO - Exp name: dsanet_cityscapes_512x1024_20260719_144008
2026/07/19 18:49:34 - mmengine - INFO - Iter(train) [ 40000/160000]  lr: 7.8090e-03  eta: 12:23:10  time: 0.3722  data_time: 0.0471  memory: 9059  loss: 1.1154  decode.loss_ohem: 0.7666  decode.acc_seg: 90.8840  aux_0.loss_ce: 0.3488  aux_0.acc_seg: 85.9120
2026/07/19 18:49:34 - mmengine - INFO - Saving checkpoint at 40000 iterations
2026/07/19 18:49:40 - mmengine - INFO - Iter(val) [100/250]    eta: 0:00:07  time: 0.0513  data_time: 0.0180  memory: 790  
2026/07/19 18:49:45 - mmengine - INFO - Iter(val) [200/250]    eta: 0:00:02  time: 0.0513  data_time: 0.0181  memory: 790  
2026/07/19 18:49:47 - mmengine - INFO - per class results:
2026/07/19 18:49:47 - mmengine - INFO - 
+---------------+-------+-------+
|     Class     |  IoU  |  Acc  |
+---------------+-------+-------+
|      road     | 96.18 | 97.23 |
|    sidewalk   | 73.08 | 89.64 |
|    building   | 86.25 | 95.34 |
|      wall     | 31.25 |  36.5 |
|     fence     | 32.21 | 36.07 |
|      pole     | 48.19 | 56.32 |
| traffic light | 40.41 | 46.52 |
|  traffic sign | 58.29 | 65.55 |
|   vegetation  | 88.63 | 93.11 |
|    terrain    |  51.9 | 68.81 |
|      sky      | 89.71 | 96.94 |
|     person    | 66.43 | 82.98 |
|     rider     | 40.64 | 50.07 |
|      car      | 87.62 | 93.23 |
|     truck     | 30.27 | 57.18 |
|      bus      | 52.62 | 66.32 |
|     train     | 39.98 | 72.32 |
|   motorcycle  |  24.2 | 25.69 |
|    bicycle    |  64.4 | 82.17 |
+---------------+-------+-------+
2026/07/19 18:49:47 - mmengine - INFO - Iter(val) [250/250]    aAcc: 92.6000  mIoU: 58.0100  mAcc: 69.0500  data_time: 0.0193  time: 0.0519
2026/07/19 18:49:47 - mmengine - INFO - The previous best checkpoint /root/autodl-tmp/DSANet-main/tools/work_dirs/dsanet_cityscapes_512x1024/best_mIoU_iter_35000.pth is removed
2026/07/19 18:49:48 - mmengine - INFO - The best checkpoint with 58.0100 mIoU at 40000 iter is saved to best_mIoU_iter_40000.pth.
2026/07/19 18:50:25 - mmengine - INFO - Iter(train) [ 40100/160000]  lr: 7.8032e-03  eta: 12:22:35  time: 0.3694  data_time: 0.0444  memory: 9058  loss: 1.2614  decode.loss_ohem: 0.8495  decode.acc_seg: 87.1791  aux_0.loss_ce: 0.4119  aux_0.acc_seg: 83.2438
2026/07/19 18:51:03 - mmengine - INFO - Iter(train) [ 40200/160000]  lr: 7.7973e-03  eta: 12:21:58  time: 0.3714  data_time: 0.0457  memory: 9058  loss: 1.1888  decode.loss_ohem: 0.7974  decode.acc_seg: 89.6500  aux_0.loss_ce: 0.3914  aux_0.acc_seg: 86.5308
2026/07/19 18:51:40 - mmengine - INFO - Iter(train) [ 40300/160000]  lr: 7.7915e-03  eta: 12:21:20  time: 0.3698  data_time: 0.0454  memory: 9058  loss: 1.1660  decode.loss_ohem: 0.7719  decode.acc_seg: 92.3593  aux_0.loss_ce: 0.3941  aux_0.acc_seg: 87.3362
2026/07/19 18:52:17 - mmengine - INFO - Iter(train) [ 40400/160000]  lr: 7.7856e-03  eta: 12:20:43  time: 0.3694  data_time: 0.0451  memory: 9057  loss: 1.1053  decode.loss_ohem: 0.7381  decode.acc_seg: 92.1309  aux_0.loss_ce: 0.3672  aux_0.acc_seg: 88.4953
2026/07/19 18:52:54 - mmengine - INFO - Iter(train) [ 40500/160000]  lr: 7.7798e-03  eta: 12:20:06  time: 0.3712  data_time: 0.0454  memory: 9059  loss: 1.1392  decode.loss_ohem: 0.7811  decode.acc_seg: 90.4640  aux_0.loss_ce: 0.3581  aux_0.acc_seg: 86.1468
2026/07/19 18:53:31 - mmengine - INFO - Iter(train) [ 40600/160000]  lr: 7.7739e-03  eta: 12:19:28  time: 0.3708  data_time: 0.0450  memory: 9058  loss: 1.2042  decode.loss_ohem: 0.8111  decode.acc_seg: 90.4299  aux_0.loss_ce: 0.3931  aux_0.acc_seg: 86.2183
2026/07/19 18:54:08 - mmengine - INFO - Iter(train) [ 40700/160000]  lr: 7.7681e-03  eta: 12:18:51  time: 0.3737  data_time: 0.0471  memory: 9058  loss: 1.1189  decode.loss_ohem: 0.7268  decode.acc_seg: 91.5179  aux_0.loss_ce: 0.3921  aux_0.acc_seg: 88.7649
2026/07/19 18:54:45 - mmengine - INFO - Iter(train) [ 40800/160000]  lr: 7.7622e-03  eta: 12:18:14  time: 0.3730  data_time: 0.0472  memory: 9057  loss: 1.1342  decode.loss_ohem: 0.7684  decode.acc_seg: 89.9915  aux_0.loss_ce: 0.3658  aux_0.acc_seg: 85.6669
2026/07/19 18:55:23 - mmengine - INFO - Iter(train) [ 40900/160000]  lr: 7.7564e-03  eta: 12:17:37  time: 0.3717  data_time: 0.0462  memory: 9059  loss: 1.1676  decode.loss_ohem: 0.7831  decode.acc_seg: 92.2607  aux_0.loss_ce: 0.3845  aux_0.acc_seg: 88.4165
2026/07/19 18:56:00 - mmengine - INFO - Exp name: dsanet_cityscapes_512x1024_20260719_144008
2026/07/19 18:56:00 - mmengine - INFO - Iter(train) [ 41000/160000]  lr: 7.7505e-03  eta: 12:17:00  time: 0.3716  data_time: 0.0460  memory: 9058  loss: 1.1357  decode.loss_ohem: 0.7607  decode.acc_seg: 92.5229  aux_0.loss_ce: 0.3749  aux_0.acc_seg: 90.0324
2026/07/19 18:56:37 - mmengine - INFO - Iter(train) [ 41100/160000]  lr: 7.7446e-03  eta: 12:16:23  time: 0.3716  data_time: 0.0454  memory: 9058  loss: 1.0906  decode.loss_ohem: 0.7346  decode.acc_seg: 90.4410  aux_0.loss_ce: 0.3560  aux_0.acc_seg: 85.0770
2026/07/19 18:57:14 - mmengine - INFO - Iter(train) [ 41200/160000]  lr: 7.7388e-03  eta: 12:15:46  time: 0.3700  data_time: 0.0454  memory: 9058  loss: 1.1420  decode.loss_ohem: 0.7841  decode.acc_seg: 89.0108  aux_0.loss_ce: 0.3579  aux_0.acc_seg: 85.3772
2026/07/19 18:57:51 - mmengine - INFO - Iter(train) [ 41300/160000]  lr: 7.7329e-03  eta: 12:15:09  time: 0.3722  data_time: 0.0458  memory: 9057  loss: 1.1780  decode.loss_ohem: 0.7636  decode.acc_seg: 91.7319  aux_0.loss_ce: 0.4144  aux_0.acc_seg: 86.6864
2026/07/19 18:58:28 - mmengine - INFO - Iter(train) [ 41400/160000]  lr: 7.7271e-03  eta: 12:14:31  time: 0.3723  data_time: 0.0454  memory: 9059  loss: 1.0771  decode.loss_ohem: 0.6991  decode.acc_seg: 90.3171  aux_0.loss_ce: 0.3780  aux_0.acc_seg: 85.8668
2026/07/19 18:59:06 - mmengine - INFO - Iter(train) [ 41500/160000]  lr: 7.7212e-03  eta: 12:13:54  time: 0.3719  data_time: 0.0469  memory: 9058  loss: 1.1627  decode.loss_ohem: 0.7866  decode.acc_seg: 90.9126  aux_0.loss_ce: 0.3761  aux_0.acc_seg: 84.8311
2026/07/19 18:59:43 - mmengine - INFO - Iter(train) [ 41600/160000]  lr: 7.7154e-03  eta: 12:13:17  time: 0.3708  data_time: 0.0458  memory: 9058  loss: 1.0848  decode.loss_ohem: 0.6953  decode.acc_seg: 91.4426  aux_0.loss_ce: 0.3896  aux_0.acc_seg: 86.2616
2026/07/19 19:00:20 - mmengine - INFO - Iter(train) [ 41700/160000]  lr: 7.7095e-03  eta: 12:12:40  time: 0.3729  data_time: 0.0475  memory: 9058  loss: 1.2335  decode.loss_ohem: 0.8160  decode.acc_seg: 89.6335  aux_0.loss_ce: 0.4175  aux_0.acc_seg: 86.0280
2026/07/19 19:00:57 - mmengine - INFO - Iter(train) [ 41800/160000]  lr: 7.7036e-03  eta: 12:12:03  time: 0.3726  data_time: 0.0474  memory: 9057  loss: 1.1790  decode.loss_ohem: 0.8056  decode.acc_seg: 91.0161  aux_0.loss_ce: 0.3734  aux_0.acc_seg: 87.5998
2026/07/19 19:01:34 - mmengine - INFO - Iter(train) [ 41900/160000]  lr: 7.6978e-03  eta: 12:11:26  time: 0.3726  data_time: 0.0477  memory: 9059  loss: 1.1555  decode.loss_ohem: 0.7888  decode.acc_seg: 90.0272  aux_0.loss_ce: 0.3668  aux_0.acc_seg: 89.0099
2026/07/19 19:02:12 - mmengine - INFO - Exp name: dsanet_cityscapes_512x1024_20260719_144008
2026/07/19 19:02:12 - mmengine - INFO - Iter(train) [ 42000/160000]  lr: 7.6919e-03  eta: 12:10:49  time: 0.3715  data_time: 0.0464  memory: 9058  loss: 1.2413  decode.loss_ohem: 0.8277  decode.acc_seg: 89.5273  aux_0.loss_ce: 0.4136  aux_0.acc_seg: 87.5652
2026/07/19 19:02:49 - mmengine - INFO - Iter(train) [ 42100/160000]  lr: 7.6861e-03  eta: 12:10:12  time: 0.3735  data_time: 0.0467  memory: 9060  loss: 1.1368  decode.loss_ohem: 0.7637  decode.acc_seg: 90.9384  aux_0.loss_ce: 0.3730  aux_0.acc_seg: 87.1133
2026/07/19 19:03:26 - mmengine - INFO - Iter(train) [ 42200/160000]  lr: 7.6802e-03  eta: 12:09:34  time: 0.3740  data_time: 0.0474  memory: 9059  loss: 1.1892  decode.loss_ohem: 0.8001  decode.acc_seg: 90.0548  aux_0.loss_ce: 0.3891  aux_0.acc_seg: 86.4153
2026/07/19 19:04:03 - mmengine - INFO - Iter(train) [ 42300/160000]  lr: 7.6744e-03  eta: 12:08:57  time: 0.3709  data_time: 0.0445  memory: 9059  loss: 1.1833  decode.loss_ohem: 0.7952  decode.acc_seg: 88.8162  aux_0.loss_ce: 0.3882  aux_0.acc_seg: 83.8240
2026/07/19 19:04:40 - mmengine - INFO - Iter(train) [ 42400/160000]  lr: 7.6685e-03  eta: 12:08:20  time: 0.3691  data_time: 0.0448  memory: 9058  loss: 1.2637  decode.loss_ohem: 0.8762  decode.acc_seg: 91.1737  aux_0.loss_ce: 0.3875  aux_0.acc_seg: 86.4899
2026/07/19 19:05:17 - mmengine - INFO - Iter(train) [ 42500/160000]  lr: 7.6626e-03  eta: 12:07:43  time: 0.3708  data_time: 0.0451  memory: 9061  loss: 1.2904  decode.loss_ohem: 0.8324  decode.acc_seg: 85.4157  aux_0.loss_ce: 0.4581  aux_0.acc_seg: 82.2018
2026/07/19 19:05:54 - mmengine - INFO - Iter(train) [ 42600/160000]  lr: 7.6568e-03  eta: 12:07:05  time: 0.3701  data_time: 0.0452  memory: 9059  loss: 1.1193  decode.loss_ohem: 0.7590  decode.acc_seg: 91.0175  aux_0.loss_ce: 0.3603  aux_0.acc_seg: 88.6125
2026/07/19 19:06:32 - mmengine - INFO - Iter(train) [ 42700/160000]  lr: 7.6509e-03  eta: 12:06:28  time: 0.3711  data_time: 0.0458  memory: 9057  loss: 1.1386  decode.loss_ohem: 0.7552  decode.acc_seg: 90.1449  aux_0.loss_ce: 0.3834  aux_0.acc_seg: 85.6750
2026/07/19 19:07:09 - mmengine - INFO - Iter(train) [ 42800/160000]  lr: 7.6450e-03  eta: 12:05:51  time: 0.3703  data_time: 0.0447  memory: 9058  loss: 1.0564  decode.loss_ohem: 0.6894  decode.acc_seg: 90.8530  aux_0.loss_ce: 0.3670  aux_0.acc_seg: 88.7093
2026/07/19 19:07:46 - mmengine - INFO - Iter(train) [ 42900/160000]  lr: 7.6392e-03  eta: 12:05:14  time: 0.3695  data_time: 0.0448  memory: 9058  loss: 1.1615  decode.loss_ohem: 0.7690  decode.acc_seg: 90.1407  aux_0.loss_ce: 0.3925  aux_0.acc_seg: 85.2846
2026/07/19 19:08:23 - mmengine - INFO - Exp name: dsanet_cityscapes_512x1024_20260719_144008
2026/07/19 19:08:23 - mmengine - INFO - Iter(train) [ 43000/160000]  lr: 7.6333e-03  eta: 12:04:37  time: 0.3705  data_time: 0.0452  memory: 9058  loss: 1.1740  decode.loss_ohem: 0.7786  decode.acc_seg: 90.1661  aux_0.loss_ce: 0.3954  aux_0.acc_seg: 85.5123
2026/07/19 19:09:00 - mmengine - INFO - Iter(train) [ 43100/160000]  lr: 7.6275e-03  eta: 12:03:59  time: 0.3710  data_time: 0.0460  memory: 9057  loss: 1.2113  decode.loss_ohem: 0.8316  decode.acc_seg: 89.8521  aux_0.loss_ce: 0.3797  aux_0.acc_seg: 86.4835
2026/07/19 19:09:37 - mmengine - INFO - Iter(train) [ 43200/160000]  lr: 7.6216e-03  eta: 12:03:22  time: 0.3709  data_time: 0.0454  memory: 9058  loss: 1.1070  decode.loss_ohem: 0.7484  decode.acc_seg: 90.7250  aux_0.loss_ce: 0.3587  aux_0.acc_seg: 84.9629
2026/07/19 19:10:14 - mmengine - INFO - Iter(train) [ 43300/160000]  lr: 7.6157e-03  eta: 12:02:45  time: 0.3708  data_time: 0.0458  memory: 9058  loss: 1.3236  decode.loss_ohem: 0.9123  decode.acc_seg: 90.5986  aux_0.loss_ce: 0.4113  aux_0.acc_seg: 88.0081
2026/07/19 19:10:52 - mmengine - INFO - Iter(train) [ 43400/160000]  lr: 7.6099e-03  eta: 12:02:08  time: 0.3740  data_time: 0.0470  memory: 9060  loss: 1.1630  decode.loss_ohem: 0.7919  decode.acc_seg: 89.2963  aux_0.loss_ce: 0.3711  aux_0.acc_seg: 86.6688
2026/07/19 19:11:29 - mmengine - INFO - Iter(train) [ 43500/160000]  lr: 7.6040e-03  eta: 12:01:31  time: 0.3714  data_time: 0.0457  memory: 9060  loss: 1.2399  decode.loss_ohem: 0.8425  decode.acc_seg: 89.8068  aux_0.loss_ce: 0.3974  aux_0.acc_seg: 86.0058
2026/07/19 19:12:06 - mmengine - INFO - Iter(train) [ 43600/160000]  lr: 7.5981e-03  eta: 12:00:54  time: 0.3711  data_time: 0.0456  memory: 9061  loss: 1.1613  decode.loss_ohem: 0.7784  decode.acc_seg: 89.7787  aux_0.loss_ce: 0.3828  aux_0.acc_seg: 88.1411
2026/07/19 19:12:43 - mmengine - INFO - Iter(train) [ 43700/160000]  lr: 7.5923e-03  eta: 12:00:16  time: 0.3723  data_time: 0.0461  memory: 9058  loss: 1.1823  decode.loss_ohem: 0.8248  decode.acc_seg: 88.1526  aux_0.loss_ce: 0.3575  aux_0.acc_seg: 84.1256
2026/07/19 19:13:20 - mmengine - INFO - Iter(train) [ 43800/160000]  lr: 7.5864e-03  eta: 11:59:39  time: 0.3728  data_time: 0.0467  memory: 9058  loss: 1.1599  decode.loss_ohem: 0.7964  decode.acc_seg: 90.5151  aux_0.loss_ce: 0.3635  aux_0.acc_seg: 86.5583
2026/07/19 19:13:57 - mmengine - INFO - Iter(train) [ 43900/160000]  lr: 7.5805e-03  eta: 11:59:02  time: 0.3713  data_time: 0.0463  memory: 9059  loss: 1.1023  decode.loss_ohem: 0.7578  decode.acc_seg: 93.9877  aux_0.loss_ce: 0.3445  aux_0.acc_seg: 89.6385
2026/07/19 19:14:35 - mmengine - INFO - Exp name: dsanet_cityscapes_512x1024_20260719_144008
2026/07/19 19:14:35 - mmengine - INFO - Iter(train) [ 44000/160000]  lr: 7.5746e-03  eta: 11:58:25  time: 0.3696  data_time: 0.0443  memory: 9059  loss: 1.2078  decode.loss_ohem: 0.8257  decode.acc_seg: 90.9503  aux_0.loss_ce: 0.3820  aux_0.acc_seg: 85.4352
2026/07/19 19:15:12 - mmengine - INFO - Iter(train) [ 44100/160000]  lr: 7.5688e-03  eta: 11:57:47  time: 0.3702  data_time: 0.0448  memory: 9058  loss: 1.1012  decode.loss_ohem: 0.7595  decode.acc_seg: 92.3973  aux_0.loss_ce: 0.3417  aux_0.acc_seg: 89.8424
2026/07/19 19:15:49 - mmengine - INFO - Iter(train) [ 44200/160000]  lr: 7.5629e-03  eta: 11:57:10  time: 0.3719  data_time: 0.0462  memory: 9060  loss: 1.1967  decode.loss_ohem: 0.8058  decode.acc_seg: 91.1399  aux_0.loss_ce: 0.3909  aux_0.acc_seg: 85.9974
2026/07/19 19:16:26 - mmengine - INFO - Iter(train) [ 44300/160000]  lr: 7.5570e-03  eta: 11:56:33  time: 0.3699  data_time: 0.0448  memory: 9058  loss: 1.1802  decode.loss_ohem: 0.7951  decode.acc_seg: 92.7915  aux_0.loss_ce: 0.3851  aux_0.acc_seg: 90.1704
2026/07/19 19:17:03 - mmengine - INFO - Iter(train) [ 44400/160000]  lr: 7.5512e-03  eta: 11:55:55  time: 0.3708  data_time: 0.0449  memory: 9057  loss: 1.1031  decode.loss_ohem: 0.7480  decode.acc_seg: 90.1660  aux_0.loss_ce: 0.3551  aux_0.acc_seg: 85.1121
2026/07/19 19:17:40 - mmengine - INFO - Iter(train) [ 44500/160000]  lr: 7.5453e-03  eta: 11:55:18  time: 0.3699  data_time: 0.0453  memory: 9058  loss: 1.1905  decode.loss_ohem: 0.7936  decode.acc_seg: 89.9543  aux_0.loss_ce: 0.3969  aux_0.acc_seg: 84.2181
2026/07/19 19:18:17 - mmengine - INFO - Iter(train) [ 44600/160000]  lr: 7.5394e-03  eta: 11:54:41  time: 0.3692  data_time: 0.0451  memory: 9058  loss: 1.1318  decode.loss_ohem: 0.7574  decode.acc_seg: 89.7071  aux_0.loss_ce: 0.3744  aux_0.acc_seg: 86.0885
2026/07/19 19:18:54 - mmengine - INFO - Iter(train) [ 44700/160000]  lr: 7.5336e-03  eta: 11:54:03  time: 0.3703  data_time: 0.0460  memory: 9058  loss: 1.1244  decode.loss_ohem: 0.7655  decode.acc_seg: 89.1620  aux_0.loss_ce: 0.3590  aux_0.acc_seg: 84.9345
2026/07/19 19:19:31 - mmengine - INFO - Iter(train) [ 44800/160000]  lr: 7.5277e-03  eta: 11:53:26  time: 0.3708  data_time: 0.0451  memory: 9060  loss: 1.0839  decode.loss_ohem: 0.7375  decode.acc_seg: 88.3904  aux_0.loss_ce: 0.3464  aux_0.acc_seg: 84.2452
2026/07/19 19:20:08 - mmengine - INFO - Iter(train) [ 44900/160000]  lr: 7.5218e-03  eta: 11:52:48  time: 0.3699  data_time: 0.0448  memory: 9059  loss: 1.1826  decode.loss_ohem: 0.7978  decode.acc_seg: 89.7137  aux_0.loss_ce: 0.3848  aux_0.acc_seg: 84.1340
2026/07/19 19:20:45 - mmengine - INFO - Exp name: dsanet_cityscapes_512x1024_20260719_144008
2026/07/19 19:20:45 - mmengine - INFO - Iter(train) [ 45000/160000]  lr: 7.5159e-03  eta: 11:52:11  time: 0.3713  data_time: 0.0460  memory: 9059  loss: 1.1080  decode.loss_ohem: 0.7507  decode.acc_seg: 89.7186  aux_0.loss_ce: 0.3574  aux_0.acc_seg: 86.8417
2026/07/19 19:20:45 - mmengine - INFO - Saving checkpoint at 45000 iterations
2026/07/19 19:20:51 - mmengine - INFO - Iter(val) [100/250]    eta: 0:00:08  time: 0.0521  data_time: 0.0189  memory: 790  
2026/07/19 19:20:56 - mmengine - INFO - Iter(val) [200/250]    eta: 0:00:02  time: 0.0522  data_time: 0.0188  memory: 790  
2026/07/19 19:20:59 - mmengine - INFO - per class results:
2026/07/19 19:20:59 - mmengine - INFO - 
+---------------+-------+-------+
|     Class     |  IoU  |  Acc  |
+---------------+-------+-------+
|      road     |  96.5 | 97.95 |
|    sidewalk   | 75.52 | 88.04 |
|    building   | 84.44 | 89.94 |
|      wall     | 30.88 | 50.41 |
|     fence     | 36.11 | 61.83 |
|      pole     | 47.16 | 55.96 |
| traffic light | 38.95 | 45.15 |
|  traffic sign | 57.05 | 62.62 |
|   vegetation  | 88.69 |  95.3 |
|    terrain    | 53.14 | 64.02 |
|      sky      | 87.65 | 98.16 |
|     person    | 68.04 | 81.77 |
|     rider     | 41.03 |  50.2 |
|      car      | 87.58 |  97.0 |
|     truck     | 30.92 | 33.73 |
|      bus      | 41.38 | 44.81 |
|     train     | 24.59 | 75.12 |
|   motorcycle  |  9.08 |  9.31 |
|    bicycle    | 63.24 | 80.69 |
+---------------+-------+-------+
2026/07/19 19:20:59 - mmengine - INFO - Iter(val) [250/250]    aAcc: 92.3300  mIoU: 55.8900  mAcc: 67.4700  data_time: 0.0200  time: 0.0533
2026/07/19 19:21:36 - mmengine - INFO - Iter(train) [ 45100/160000]  lr: 7.5101e-03  eta: 11:51:33  time: 0.3703  data_time: 0.0455  memory: 9058  loss: 1.1694  decode.loss_ohem: 0.8046  decode.acc_seg: 90.2082  aux_0.loss_ce: 0.3648  aux_0.acc_seg: 86.3942
2026/07/19 19:22:13 - mmengine - INFO - Iter(train) [ 45200/160000]  lr: 7.5042e-03  eta: 11:50:56  time: 0.3704  data_time: 0.0454  memory: 9060  loss: 1.1184  decode.loss_ohem: 0.7347  decode.acc_seg: 92.1845  aux_0.loss_ce: 0.3838  aux_0.acc_seg: 86.4844
2026/07/19 19:22:50 - mmengine - INFO - Iter(train) [ 45300/160000]  lr: 7.4983e-03  eta: 11:50:19  time: 0.3724  data_time: 0.0469  memory: 9058  loss: 1.1649  decode.loss_ohem: 0.7686  decode.acc_seg: 90.9746  aux_0.loss_ce: 0.3963  aux_0.acc_seg: 83.1402
2026/07/19 19:23:27 - mmengine - INFO - Iter(train) [ 45400/160000]  lr: 7.4924e-03  eta: 11:49:41  time: 0.3701  data_time: 0.0452  memory: 9060  loss: 1.0985  decode.loss_ohem: 0.7234  decode.acc_seg: 90.2618  aux_0.loss_ce: 0.3751  aux_0.acc_seg: 85.0387
2026/07/19 19:24:04 - mmengine - INFO - Iter(train) [ 45500/160000]  lr: 7.4866e-03  eta: 11:49:04  time: 0.3763  data_time: 0.0464  memory: 9058  loss: 1.2200  decode.loss_ohem: 0.8021  decode.acc_seg: 91.0312  aux_0.loss_ce: 0.4179  aux_0.acc_seg: 83.5192
2026/07/19 19:24:42 - mmengine - INFO - Iter(train) [ 45600/160000]  lr: 7.4807e-03  eta: 11:48:28  time: 0.3802  data_time: 0.0511  memory: 9060  loss: 1.2360  decode.loss_ohem: 0.8352  decode.acc_seg: 91.5464  aux_0.loss_ce: 0.4008  aux_0.acc_seg: 87.9555
2026/07/19 19:25:20 - mmengine - INFO - Iter(train) [ 45700/160000]  lr: 7.4748e-03  eta: 11:47:54  time: 0.3829  data_time: 0.0516  memory: 9058  loss: 1.1203  decode.loss_ohem: 0.7332  decode.acc_seg: 92.1746  aux_0.loss_ce: 0.3872  aux_0.acc_seg: 87.9185
2026/07/19 19:25:58 - mmengine - INFO - Iter(train) [ 45800/160000]  lr: 7.4689e-03  eta: 11:47:18  time: 0.3809  data_time: 0.0504  memory: 9060  loss: 1.2001  decode.loss_ohem: 0.7752  decode.acc_seg: 90.8580  aux_0.loss_ce: 0.4249  aux_0.acc_seg: 85.6504
2026/07/19 19:26:37 - mmengine - INFO - Iter(train) [ 45900/160000]  lr: 7.4630e-03  eta: 11:46:44  time: 0.3810  data_time: 0.0497  memory: 9059  loss: 1.1056  decode.loss_ohem: 0.7524  decode.acc_seg: 92.3803  aux_0.loss_ce: 0.3532  aux_0.acc_seg: 87.9268
2026/07/19 19:27:14 - mmengine - INFO - Exp name: dsanet_cityscapes_512x1024_20260719_144008
2026/07/19 19:27:14 - mmengine - INFO - Iter(train) [ 46000/160000]  lr: 7.4572e-03  eta: 11:46:08  time: 0.3771  data_time: 0.0487  memory: 9059  loss: 1.1143  decode.loss_ohem: 0.7285  decode.acc_seg: 92.0842  aux_0.loss_ce: 0.3858  aux_0.acc_seg: 84.0984
2026/07/19 19:27:52 - mmengine - INFO - Iter(train) [ 46100/160000]  lr: 7.4513e-03  eta: 11:45:33  time: 0.3711  data_time: 0.0482  memory: 9058  loss: 1.0863  decode.loss_ohem: 0.7314  decode.acc_seg: 90.2936  aux_0.loss_ce: 0.3549  aux_0.acc_seg: 83.3771
2026/07/19 19:28:30 - mmengine - INFO - Iter(train) [ 46200/160000]  lr: 7.4454e-03  eta: 11:44:57  time: 0.3793  data_time: 0.0483  memory: 9058  loss: 1.1122  decode.loss_ohem: 0.7464  decode.acc_seg: 88.3320  aux_0.loss_ce: 0.3658  aux_0.acc_seg: 79.5723
2026/07/19 19:29:08 - mmengine - INFO - Iter(train) [ 46300/160000]  lr: 7.4395e-03  eta: 11:44:23  time: 0.3809  data_time: 0.0504  memory: 9059  loss: 1.1536  decode.loss_ohem: 0.7659  decode.acc_seg: 89.2934  aux_0.loss_ce: 0.3877  aux_0.acc_seg: 81.8020
2026/07/19 19:29:46 - mmengine - INFO - Iter(train) [ 46400/160000]  lr: 7.4336e-03  eta: 11:43:47  time: 0.3777  data_time: 0.0478  memory: 9057  loss: 1.1655  decode.loss_ohem: 0.7762  decode.acc_seg: 88.2539  aux_0.loss_ce: 0.3894  aux_0.acc_seg: 84.7149
2026/07/19 19:30:24 - mmengine - INFO - Iter(train) [ 46500/160000]  lr: 7.4278e-03  eta: 11:43:12  time: 0.3805  data_time: 0.0499  memory: 9058  loss: 1.1142  decode.loss_ohem: 0.7563  decode.acc_seg: 89.3326  aux_0.loss_ce: 0.3579  aux_0.acc_seg: 86.6162
2026/07/19 19:31:02 - mmengine - INFO - Iter(train) [ 46600/160000]  lr: 7.4219e-03  eta: 11:42:37  time: 0.3772  data_time: 0.0486  memory: 9058  loss: 1.2030  decode.loss_ohem: 0.7952  decode.acc_seg: 89.9891  aux_0.loss_ce: 0.4079  aux_0.acc_seg: 84.8048
2026/07/19 19:31:40 - mmengine - INFO - Iter(train) [ 46700/160000]  lr: 7.4160e-03  eta: 11:42:02  time: 0.3793  data_time: 0.0491  memory: 9058  loss: 1.1201  decode.loss_ohem: 0.7406  decode.acc_seg: 92.3420  aux_0.loss_ce: 0.3795  aux_0.acc_seg: 88.7560
2026/07/19 19:32:18 - mmengine - INFO - Iter(train) [ 46800/160000]  lr: 7.4101e-03  eta: 11:41:26  time: 0.3778  data_time: 0.0486  memory: 9057  loss: 1.0401  decode.loss_ohem: 0.7066  decode.acc_seg: 91.7611  aux_0.loss_ce: 0.3335  aux_0.acc_seg: 87.6431
2026/07/19 19:32:56 - mmengine - INFO - Iter(train) [ 46900/160000]  lr: 7.4042e-03  eta: 11:40:51  time: 0.3778  data_time: 0.0497  memory: 9057  loss: 1.1648  decode.loss_ohem: 0.7913  decode.acc_seg: 91.2954  aux_0.loss_ce: 0.3735  aux_0.acc_seg: 89.5877
2026/07/19 19:33:34 - mmengine - INFO - Exp name: dsanet_cityscapes_512x1024_20260719_144008
2026/07/19 19:33:34 - mmengine - INFO - Iter(train) [ 47000/160000]  lr: 7.3983e-03  eta: 11:40:15  time: 0.3817  data_time: 0.0510  memory: 9060  loss: 1.0821  decode.loss_ohem: 0.7200  decode.acc_seg: 93.2519  aux_0.loss_ce: 0.3621  aux_0.acc_seg: 90.5738
2026/07/19 19:34:12 - mmengine - INFO - Iter(train) [ 47100/160000]  lr: 7.3925e-03  eta: 11:39:40  time: 0.3801  data_time: 0.0505  memory: 9058  loss: 1.1496  decode.loss_ohem: 0.7939  decode.acc_seg: 90.2143  aux_0.loss_ce: 0.3557  aux_0.acc_seg: 86.6432
2026/07/19 19:34:50 - mmengine - INFO - Iter(train) [ 47200/160000]  lr: 7.3866e-03  eta: 11:39:04  time: 0.3821  data_time: 0.0509  memory: 9058  loss: 1.2493  decode.loss_ohem: 0.8627  decode.acc_seg: 93.6867  aux_0.loss_ce: 0.3866  aux_0.acc_seg: 91.7662
2026/07/19 19:35:28 - mmengine - INFO - Iter(train) [ 47300/160000]  lr: 7.3807e-03  eta: 11:38:29  time: 0.3843  data_time: 0.0528  memory: 9060  loss: 1.1560  decode.loss_ohem: 0.7857  decode.acc_seg: 93.7717  aux_0.loss_ce: 0.3704  aux_0.acc_seg: 92.2314
2026/07/19 19:36:06 - mmengine - INFO - Iter(train) [ 47400/160000]  lr: 7.3748e-03  eta: 11:37:54  time: 0.3813  data_time: 0.0508  memory: 9059  loss: 1.1701  decode.loss_ohem: 0.7602  decode.acc_seg: 87.7300  aux_0.loss_ce: 0.4099  aux_0.acc_seg: 82.9488
2026/07/19 19:36:44 - mmengine - INFO - Iter(train) [ 47500/160000]  lr: 7.3689e-03  eta: 11:37:19  time: 0.3785  data_time: 0.0498  memory: 9059  loss: 1.1184  decode.loss_ohem: 0.7532  decode.acc_seg: 93.2975  aux_0.loss_ce: 0.3652  aux_0.acc_seg: 89.9106
2026/07/19 19:37:22 - mmengine - INFO - Iter(train) [ 47600/160000]  lr: 7.3630e-03  eta: 11:36:43  time: 0.3752  data_time: 0.0495  memory: 9058  loss: 1.2147  decode.loss_ohem: 0.8349  decode.acc_seg: 89.6941  aux_0.loss_ce: 0.3798  aux_0.acc_seg: 85.3669
2026/07/19 19:38:00 - mmengine - INFO - Iter(train) [ 47700/160000]  lr: 7.3571e-03  eta: 11:36:08  time: 0.3815  data_time: 0.0510  memory: 9057  loss: 1.0976  decode.loss_ohem: 0.7539  decode.acc_seg: 92.5642  aux_0.loss_ce: 0.3436  aux_0.acc_seg: 87.9860
2026/07/19 19:38:38 - mmengine - INFO - Iter(train) [ 47800/160000]  lr: 7.3513e-03  eta: 11:35:32  time: 0.3819  data_time: 0.0519  memory: 9058  loss: 1.1019  decode.loss_ohem: 0.7308  decode.acc_seg: 90.3060  aux_0.loss_ce: 0.3711  aux_0.acc_seg: 84.5094
2026/07/19 19:39:15 - mmengine - INFO - Iter(train) [ 47900/160000]  lr: 7.3454e-03  eta: 11:34:56  time: 0.3806  data_time: 0.0484  memory: 9058  loss: 1.0480  decode.loss_ohem: 0.7332  decode.acc_seg: 91.9865  aux_0.loss_ce: 0.3149  aux_0.acc_seg: 89.8957
2026/07/19 19:39:53 - mmengine - INFO - Exp name: dsanet_cityscapes_512x1024_20260719_144008
2026/07/19 19:39:53 - mmengine - INFO - Iter(train) [ 48000/160000]  lr: 7.3395e-03  eta: 11:34:21  time: 0.3748  data_time: 0.0487  memory: 9059  loss: 1.1107  decode.loss_ohem: 0.7532  decode.acc_seg: 91.2304  aux_0.loss_ce: 0.3575  aux_0.acc_seg: 85.6900
2026/07/19 19:40:31 - mmengine - INFO - Iter(train) [ 48100/160000]  lr: 7.3336e-03  eta: 11:33:45  time: 0.3798  data_time: 0.0504  memory: 9058  loss: 1.1337  decode.loss_ohem: 0.7390  decode.acc_seg: 88.9341  aux_0.loss_ce: 0.3947  aux_0.acc_seg: 83.6784
2026/07/19 19:41:09 - mmengine - INFO - Iter(train) [ 48200/160000]  lr: 7.3277e-03  eta: 11:33:09  time: 0.3788  data_time: 0.0491  memory: 9057  loss: 1.1154  decode.loss_ohem: 0.7773  decode.acc_seg: 92.0532  aux_0.loss_ce: 0.3382  aux_0.acc_seg: 88.9976
2026/07/19 19:41:47 - mmengine - INFO - Iter(train) [ 48300/160000]  lr: 7.3218e-03  eta: 11:32:34  time: 0.3787  data_time: 0.0487  memory: 9058  loss: 1.2072  decode.loss_ohem: 0.8182  decode.acc_seg: 91.3999  aux_0.loss_ce: 0.3890  aux_0.acc_seg: 87.9170
2026/07/19 19:42:25 - mmengine - INFO - Iter(train) [ 48400/160000]  lr: 7.3159e-03  eta: 11:31:58  time: 0.3371  data_time: 0.0485  memory: 9058  loss: 1.2148  decode.loss_ohem: 0.8043  decode.acc_seg: 90.2321  aux_0.loss_ce: 0.4106  aux_0.acc_seg: 86.3806
2026/07/19 19:43:03 - mmengine - INFO - Iter(train) [ 48500/160000]  lr: 7.3100e-03  eta: 11:31:22  time: 0.3865  data_time: 0.0495  memory: 9058  loss: 1.1672  decode.loss_ohem: 0.7592  decode.acc_seg: 91.1062  aux_0.loss_ce: 0.4079  aux_0.acc_seg: 88.8485
2026/07/19 19:43:40 - mmengine - INFO - Iter(train) [ 48600/160000]  lr: 7.3041e-03  eta: 11:30:46  time: 0.3711  data_time: 0.0467  memory: 9058  loss: 1.1713  decode.loss_ohem: 0.8024  decode.acc_seg: 86.8034  aux_0.loss_ce: 0.3689  aux_0.acc_seg: 83.8567
2026/07/19 19:44:18 - mmengine - INFO - Iter(train) [ 48700/160000]  lr: 7.2982e-03  eta: 11:30:09  time: 0.3747  data_time: 0.0472  memory: 9057  loss: 1.2062  decode.loss_ohem: 0.8194  decode.acc_seg: 92.7568  aux_0.loss_ce: 0.3867  aux_0.acc_seg: 89.3897
2026/07/19 19:44:55 - mmengine - INFO - Iter(train) [ 48800/160000]  lr: 7.2923e-03  eta: 11:29:33  time: 0.3752  data_time: 0.0470  memory: 9058  loss: 1.0816  decode.loss_ohem: 0.7384  decode.acc_seg: 92.3575  aux_0.loss_ce: 0.3433  aux_0.acc_seg: 89.9019
2026/07/19 19:45:32 - mmengine - INFO - Iter(train) [ 48900/160000]  lr: 7.2864e-03  eta: 11:28:56  time: 0.3771  data_time: 0.0490  memory: 9059  loss: 1.1516  decode.loss_ohem: 0.7855  decode.acc_seg: 91.6112  aux_0.loss_ce: 0.3661  aux_0.acc_seg: 88.9002
2026/07/19 19:46:10 - mmengine - INFO - Exp name: dsanet_cityscapes_512x1024_20260719_144008
2026/07/19 19:46:10 - mmengine - INFO - Iter(train) [ 49000/160000]  lr: 7.2805e-03  eta: 11:28:20  time: 0.3773  data_time: 0.0480  memory: 9057  loss: 1.1501  decode.loss_ohem: 0.7615  decode.acc_seg: 92.9783  aux_0.loss_ce: 0.3885  aux_0.acc_seg: 90.0266
2026/07/19 19:46:48 - mmengine - INFO - Iter(train) [ 49100/160000]  lr: 7.2747e-03  eta: 11:27:43  time: 0.3748  data_time: 0.0468  memory: 9059  loss: 1.1649  decode.loss_ohem: 0.7702  decode.acc_seg: 89.9483  aux_0.loss_ce: 0.3946  aux_0.acc_seg: 85.5686
2026/07/19 19:47:25 - mmengine - INFO - Iter(train) [ 49200/160000]  lr: 7.2688e-03  eta: 11:27:07  time: 0.3773  data_time: 0.0485  memory: 9058  loss: 1.1536  decode.loss_ohem: 0.7704  decode.acc_seg: 93.2426  aux_0.loss_ce: 0.3832  aux_0.acc_seg: 89.8405
2026/07/19 19:48:03 - mmengine - INFO - Iter(train) [ 49300/160000]  lr: 7.2629e-03  eta: 11:26:30  time: 0.3772  data_time: 0.0484  memory: 9059  loss: 1.0927  decode.loss_ohem: 0.7394  decode.acc_seg: 90.7468  aux_0.loss_ce: 0.3533  aux_0.acc_seg: 87.8179
2026/07/19 19:48:40 - mmengine - INFO - Iter(train) [ 49400/160000]  lr: 7.2570e-03  eta: 11:25:54  time: 0.3761  data_time: 0.0474  memory: 9058  loss: 1.2085  decode.loss_ohem: 0.8090  decode.acc_seg: 86.3648  aux_0.loss_ce: 0.3995  aux_0.acc_seg: 81.4874
2026/07/19 19:49:18 - mmengine - INFO - Iter(train) [ 49500/160000]  lr: 7.2511e-03  eta: 11:25:18  time: 0.3755  data_time: 0.0473  memory: 9058  loss: 1.2788  decode.loss_ohem: 0.8755  decode.acc_seg: 88.3773  aux_0.loss_ce: 0.4033  aux_0.acc_seg: 84.2212
2026/07/19 19:49:56 - mmengine - INFO - Iter(train) [ 49600/160000]  lr: 7.2452e-03  eta: 11:24:42  time: 0.3766  data_time: 0.0474  memory: 9058  loss: 1.1329  decode.loss_ohem: 0.7679  decode.acc_seg: 91.9922  aux_0.loss_ce: 0.3650  aux_0.acc_seg: 85.9128
2026/07/19 19:50:33 - mmengine - INFO - Iter(train) [ 49700/160000]  lr: 7.2393e-03  eta: 11:24:05  time: 0.3770  data_time: 0.0478  memory: 9058  loss: 1.1078  decode.loss_ohem: 0.7528  decode.acc_seg: 92.7001  aux_0.loss_ce: 0.3551  aux_0.acc_seg: 90.6047
2026/07/19 19:51:11 - mmengine - INFO - Iter(train) [ 49800/160000]  lr: 7.2334e-03  eta: 11:23:29  time: 0.3774  data_time: 0.0468  memory: 9059  loss: 1.0519  decode.loss_ohem: 0.7134  decode.acc_seg: 91.6556  aux_0.loss_ce: 0.3385  aux_0.acc_seg: 89.3164
2026/07/19 19:51:48 - mmengine - INFO - Iter(train) [ 49900/160000]  lr: 7.2275e-03  eta: 11:22:52  time: 0.3728  data_time: 0.0469  memory: 9059  loss: 1.2268  decode.loss_ohem: 0.8344  decode.acc_seg: 91.2074  aux_0.loss_ce: 0.3924  aux_0.acc_seg: 87.6860
2026/07/19 19:52:26 - mmengine - INFO - Exp name: dsanet_cityscapes_512x1024_20260719_144008
2026/07/19 19:52:26 - mmengine - INFO - Iter(train) [ 50000/160000]  lr: 7.2216e-03  eta: 11:22:15  time: 0.3765  data_time: 0.0472  memory: 9058  loss: 1.1110  decode.loss_ohem: 0.7572  decode.acc_seg: 91.6679  aux_0.loss_ce: 0.3539  aux_0.acc_seg: 87.1948
2026/07/19 19:52:26 - mmengine - INFO - Saving checkpoint at 50000 iterations
2026/07/19 19:52:32 - mmengine - INFO - Iter(val) [100/250]    eta: 0:00:08  time: 0.0570  data_time: 0.0211  memory: 790  
2026/07/19 19:52:38 - mmengine - INFO - Iter(val) [200/250]    eta: 0:00:02  time: 0.0574  data_time: 0.0212  memory: 790  
2026/07/19 19:52:41 - mmengine - INFO - per class results:
2026/07/19 19:52:41 - mmengine - INFO - 
+---------------+-------+-------+
|     Class     |  IoU  |  Acc  |
+---------------+-------+-------+
|      road     | 96.55 | 98.53 |
|    sidewalk   | 75.23 | 82.77 |
|    building   | 87.88 | 94.04 |
|      wall     | 29.69 |  33.7 |
|     fence     | 46.19 | 65.28 |
|      pole     | 51.31 | 61.98 |
| traffic light | 39.04 | 42.79 |
|  traffic sign | 60.57 | 67.95 |
|   vegetation  | 88.88 | 94.64 |
|    terrain    | 52.27 | 78.01 |
|      sky      | 90.99 | 97.83 |
|     person    | 69.23 | 82.72 |
|     rider     | 45.46 | 58.96 |
|      car      |  90.0 | 95.98 |
|     truck     | 46.09 | 60.06 |
|      bus      | 60.76 | 73.44 |
|     train     | 51.24 | 73.08 |
|   motorcycle  | 29.28 |  30.7 |
|    bicycle    | 64.45 | 82.06 |
+---------------+-------+-------+
2026/07/19 19:52:41 - mmengine - INFO - Iter(val) [250/250]    aAcc: 93.3500  mIoU: 61.8500  mAcc: 72.3400  data_time: 0.0220  time: 0.0581
2026/07/19 19:52:41 - mmengine - INFO - The previous best checkpoint /root/autodl-tmp/DSANet-main/tools/work_dirs/dsanet_cityscapes_512x1024/best_mIoU_iter_40000.pth is removed
2026/07/19 19:52:41 - mmengine - INFO - The best checkpoint with 61.8500 mIoU at 50000 iter is saved to best_mIoU_iter_50000.pth.
2026/07/19 19:53:19 - mmengine - INFO - Iter(train) [ 50100/160000]  lr: 7.2157e-03  eta: 11:21:41  time: 0.3733  data_time: 0.0475  memory: 9058  loss: 1.1332  decode.loss_ohem: 0.7795  decode.acc_seg: 90.4971  aux_0.loss_ce: 0.3536  aux_0.acc_seg: 87.3146
2026/07/19 19:53:57 - mmengine - INFO - Iter(train) [ 50200/160000]  lr: 7.2098e-03  eta: 11:21:04  time: 0.3743  data_time: 0.0471  memory: 9058  loss: 1.1788  decode.loss_ohem: 0.8088  decode.acc_seg: 88.6147  aux_0.loss_ce: 0.3700  aux_0.acc_seg: 82.8160
2026/07/19 19:54:34 - mmengine - INFO - Iter(train) [ 50300/160000]  lr: 7.2039e-03  eta: 11:20:28  time: 0.3756  data_time: 0.0473  memory: 9057  loss: 1.1556  decode.loss_ohem: 0.8019  decode.acc_seg: 91.2240  aux_0.loss_ce: 0.3536  aux_0.acc_seg: 89.1722
2026/07/19 19:55:12 - mmengine - INFO - Iter(train) [ 50400/160000]  lr: 7.1980e-03  eta: 11:19:52  time: 0.3764  data_time: 0.0478  memory: 9059  loss: 1.1346  decode.loss_ohem: 0.7808  decode.acc_seg: 89.7013  aux_0.loss_ce: 0.3539  aux_0.acc_seg: 87.2048
2026/07/19 19:55:50 - mmengine - INFO - Iter(train) [ 50500/160000]  lr: 7.1921e-03  eta: 11:19:16  time: 0.3755  data_time: 0.0473  memory: 9058  loss: 1.1510  decode.loss_ohem: 0.7780  decode.acc_seg: 86.7964  aux_0.loss_ce: 0.3730  aux_0.acc_seg: 80.6277
2026/07/19 19:56:27 - mmengine - INFO - Iter(train) [ 50600/160000]  lr: 7.1862e-03  eta: 11:18:39  time: 0.3755  data_time: 0.0472  memory: 9058  loss: 1.2348  decode.loss_ohem: 0.8360  decode.acc_seg: 93.2125  aux_0.loss_ce: 0.3987  aux_0.acc_seg: 89.3807
2026/07/19 19:57:05 - mmengine - INFO - Iter(train) [ 50700/160000]  lr: 7.1803e-03  eta: 11:18:02  time: 0.3776  data_time: 0.0477  memory: 9057  loss: 1.0708  decode.loss_ohem: 0.7301  decode.acc_seg: 90.9690  aux_0.loss_ce: 0.3407  aux_0.acc_seg: 84.7763
2026/07/19 19:57:42 - mmengine - INFO - Iter(train) [ 50800/160000]  lr: 7.1744e-03  eta: 11:17:26  time: 0.3780  data_time: 0.0489  memory: 9058  loss: 1.0690  decode.loss_ohem: 0.7226  decode.acc_seg: 89.9838  aux_0.loss_ce: 0.3464  aux_0.acc_seg: 86.7439
2026/07/19 19:58:20 - mmengine - INFO - Iter(train) [ 50900/160000]  lr: 7.1684e-03  eta: 11:16:49  time: 0.3767  data_time: 0.0477  memory: 9057  loss: 1.1817  decode.loss_ohem: 0.7806  decode.acc_seg: 88.1901  aux_0.loss_ce: 0.4011  aux_0.acc_seg: 83.5237
2026/07/19 19:58:58 - mmengine - INFO - Exp name: dsanet_cityscapes_512x1024_20260719_144008
2026/07/19 19:58:58 - mmengine - INFO - Iter(train) [ 51000/160000]  lr: 7.1625e-03  eta: 11:16:13  time: 0.3758  data_time: 0.0469  memory: 9058  loss: 1.1033  decode.loss_ohem: 0.7258  decode.acc_seg: 86.1359  aux_0.loss_ce: 0.3774  aux_0.acc_seg: 79.6943
2026/07/19 19:59:35 - mmengine - INFO - Iter(train) [ 51100/160000]  lr: 7.1566e-03  eta: 11:15:36  time: 0.3741  data_time: 0.0464  memory: 9058  loss: 1.1150  decode.loss_ohem: 0.7700  decode.acc_seg: 90.4614  aux_0.loss_ce: 0.3450  aux_0.acc_seg: 86.8628
2026/07/19 20:00:13 - mmengine - INFO - Iter(train) [ 51200/160000]  lr: 7.1507e-03  eta: 11:15:00  time: 0.3754  data_time: 0.0469  memory: 9058  loss: 1.2139  decode.loss_ohem: 0.7890  decode.acc_seg: 88.4494  aux_0.loss_ce: 0.4249  aux_0.acc_seg: 76.9318
2026/07/19 20:00:50 - mmengine - INFO - Iter(train) [ 51300/160000]  lr: 7.1448e-03  eta: 11:14:23  time: 0.3744  data_time: 0.0468  memory: 9058  loss: 1.1592  decode.loss_ohem: 0.7719  decode.acc_seg: 91.8793  aux_0.loss_ce: 0.3873  aux_0.acc_seg: 86.2350
2026/07/19 20:01:28 - mmengine - INFO - Iter(train) [ 51400/160000]  lr: 7.1389e-03  eta: 11:13:46  time: 0.3744  data_time: 0.0471  memory: 9058  loss: 1.0322  decode.loss_ohem: 0.7336  decode.acc_seg: 93.8374  aux_0.loss_ce: 0.2986  aux_0.acc_seg: 91.0207
2026/07/19 20:02:05 - mmengine - INFO - Iter(train) [ 51500/160000]  lr: 7.1330e-03  eta: 11:13:09  time: 0.3760  data_time: 0.0471  memory: 9059  loss: 1.1826  decode.loss_ohem: 0.8186  decode.acc_seg: 89.0145  aux_0.loss_ce: 0.3640  aux_0.acc_seg: 86.5833
2026/07/19 20:02:43 - mmengine - INFO - Iter(train) [ 51600/160000]  lr: 7.1271e-03  eta: 11:12:33  time: 0.3771  data_time: 0.0479  memory: 9058  loss: 1.1915  decode.loss_ohem: 0.7972  decode.acc_seg: 89.2747  aux_0.loss_ce: 0.3942  aux_0.acc_seg: 85.4462
2026/07/19 20:03:20 - mmengine - INFO - Iter(train) [ 51700/160000]  lr: 7.1212e-03  eta: 11:11:57  time: 0.3754  data_time: 0.0471  memory: 9058  loss: 1.1545  decode.loss_ohem: 0.7645  decode.acc_seg: 89.5066  aux_0.loss_ce: 0.3900  aux_0.acc_seg: 85.6030
2026/07/19 20:03:58 - mmengine - INFO - Iter(train) [ 51800/160000]  lr: 7.1153e-03  eta: 11:11:20  time: 0.3769  data_time: 0.0482  memory: 9058  loss: 1.0948  decode.loss_ohem: 0.7373  decode.acc_seg: 89.2891  aux_0.loss_ce: 0.3575  aux_0.acc_seg: 83.4224
2026/07/19 20:04:35 - mmengine - INFO - Iter(train) [ 51900/160000]  lr: 7.1094e-03  eta: 11:10:43  time: 0.3699  data_time: 0.0448  memory: 9057  loss: 1.0683  decode.loss_ohem: 0.7418  decode.acc_seg: 91.0884  aux_0.loss_ce: 0.3265  aux_0.acc_seg: 86.4425
2026/07/19 20:05:12 - mmengine - INFO - Exp name: dsanet_cityscapes_512x1024_20260719_144008
2026/07/19 20:05:12 - mmengine - INFO - Iter(train) [ 52000/160000]  lr: 7.1035e-03  eta: 11:10:06  time: 0.3760  data_time: 0.0468  memory: 9057  loss: 1.1445  decode.loss_ohem: 0.7613  decode.acc_seg: 90.2091  aux_0.loss_ce: 0.3832  aux_0.acc_seg: 83.7269
2026/07/19 20:05:49 - mmengine - INFO - Iter(train) [ 52100/160000]  lr: 7.0975e-03  eta: 11:09:28  time: 0.3716  data_time: 0.0467  memory: 9060  loss: 1.0860  decode.loss_ohem: 0.7242  decode.acc_seg: 92.2884  aux_0.loss_ce: 0.3619  aux_0.acc_seg: 89.7477
2026/07/19 20:06:27 - mmengine - INFO - Iter(train) [ 52200/160000]  lr: 7.0916e-03  eta: 11:08:51  time: 0.3746  data_time: 0.0487  memory: 9057  loss: 1.2243  decode.loss_ohem: 0.8490  decode.acc_seg: 91.5403  aux_0.loss_ce: 0.3752  aux_0.acc_seg: 88.1862
2026/07/19 20:07:04 - mmengine - INFO - Iter(train) [ 52300/160000]  lr: 7.0857e-03  eta: 11:08:14  time: 0.3722  data_time: 0.0462  memory: 9058  loss: 1.1707  decode.loss_ohem: 0.7812  decode.acc_seg: 87.7223  aux_0.loss_ce: 0.3895  aux_0.acc_seg: 84.5855
2026/07/19 20:07:41 - mmengine - INFO - Iter(train) [ 52400/160000]  lr: 7.0798e-03  eta: 11:07:36  time: 0.3743  data_time: 0.0480  memory: 9058  loss: 1.1831  decode.loss_ohem: 0.7897  decode.acc_seg: 90.7638  aux_0.loss_ce: 0.3934  aux_0.acc_seg: 86.6954
2026/07/19 20:08:18 - mmengine - INFO - Iter(train) [ 52500/160000]  lr: 7.0739e-03  eta: 11:06:59  time: 0.3731  data_time: 0.0472  memory: 9059  loss: 1.0720  decode.loss_ohem: 0.7406  decode.acc_seg: 90.8029  aux_0.loss_ce: 0.3314  aux_0.acc_seg: 87.1283
2026/07/19 20:08:56 - mmengine - INFO - Iter(train) [ 52600/160000]  lr: 7.0680e-03  eta: 11:06:22  time: 0.3721  data_time: 0.0464  memory: 9057  loss: 1.1295  decode.loss_ohem: 0.7443  decode.acc_seg: 90.5306  aux_0.loss_ce: 0.3852  aux_0.acc_seg: 86.6707
2026/07/19 20:09:33 - mmengine - INFO - Iter(train) [ 52700/160000]  lr: 7.0621e-03  eta: 11:05:45  time: 0.3743  data_time: 0.0478  memory: 9057  loss: 1.2064  decode.loss_ohem: 0.8171  decode.acc_seg: 88.8976  aux_0.loss_ce: 0.3892  aux_0.acc_seg: 84.3007
2026/07/19 20:10:10 - mmengine - INFO - Iter(train) [ 52800/160000]  lr: 7.0562e-03  eta: 11:05:08  time: 0.3743  data_time: 0.0469  memory: 9057  loss: 1.0928  decode.loss_ohem: 0.7353  decode.acc_seg: 91.9108  aux_0.loss_ce: 0.3575  aux_0.acc_seg: 89.1569
2026/07/19 20:10:47 - mmengine - INFO - Iter(train) [ 52900/160000]  lr: 7.0502e-03  eta: 11:04:31  time: 0.3710  data_time: 0.0454  memory: 9059  loss: 1.1926  decode.loss_ohem: 0.7969  decode.acc_seg: 91.4653  aux_0.loss_ce: 0.3956  aux_0.acc_seg: 89.3961
2026/07/19 20:11:25 - mmengine - INFO - Exp name: dsanet_cityscapes_512x1024_20260719_144008
2026/07/19 20:11:25 - mmengine - INFO - Iter(train) [ 53000/160000]  lr: 7.0443e-03  eta: 11:03:53  time: 0.3701  data_time: 0.0457  memory: 9058  loss: 1.0293  decode.loss_ohem: 0.7215  decode.acc_seg: 91.6749  aux_0.loss_ce: 0.3078  aux_0.acc_seg: 88.8555
2026/07/19 20:12:02 - mmengine - INFO - Iter(train) [ 53100/160000]  lr: 7.0384e-03  eta: 11:03:16  time: 0.3692  data_time: 0.0448  memory: 9057  loss: 1.1372  decode.loss_ohem: 0.7769  decode.acc_seg: 91.5905  aux_0.loss_ce: 0.3604  aux_0.acc_seg: 85.6710
2026/07/19 20:12:39 - mmengine - INFO - Iter(train) [ 53200/160000]  lr: 7.0325e-03  eta: 11:02:38  time: 0.3695  data_time: 0.0464  memory: 9058  loss: 1.1574  decode.loss_ohem: 0.7813  decode.acc_seg: 90.7575  aux_0.loss_ce: 0.3761  aux_0.acc_seg: 85.5766
2026/07/19 20:13:16 - mmengine - INFO - Iter(train) [ 53300/160000]  lr: 7.0266e-03  eta: 11:02:00  time: 0.3677  data_time: 0.0441  memory: 9059  loss: 1.0641  decode.loss_ohem: 0.7216  decode.acc_seg: 93.4831  aux_0.loss_ce: 0.3426  aux_0.acc_seg: 90.2160
2026/07/19 20:13:53 - mmengine - INFO - Iter(train) [ 53400/160000]  lr: 7.0206e-03  eta: 11:01:23  time: 0.3669  data_time: 0.0437  memory: 9059  loss: 1.2437  decode.loss_ohem: 0.8404  decode.acc_seg: 89.6593  aux_0.loss_ce: 0.4034  aux_0.acc_seg: 83.3559
2026/07/19 20:14:30 - mmengine - INFO - Iter(train) [ 53500/160000]  lr: 7.0147e-03  eta: 11:00:45  time: 0.3696  data_time: 0.0455  memory: 9060  loss: 1.0762  decode.loss_ohem: 0.7382  decode.acc_seg: 85.9577  aux_0.loss_ce: 0.3381  aux_0.acc_seg: 80.2536
2026/07/19 20:15:07 - mmengine - INFO - Iter(train) [ 53600/160000]  lr: 7.0088e-03  eta: 11:00:08  time: 0.3706  data_time: 0.0457  memory: 9059  loss: 1.0773  decode.loss_ohem: 0.7123  decode.acc_seg: 90.4702  aux_0.loss_ce: 0.3650  aux_0.acc_seg: 82.5797
2026/07/19 20:15:44 - mmengine - INFO - Iter(train) [ 53700/160000]  lr: 7.0029e-03  eta: 10:59:30  time: 0.3715  data_time: 0.0461  memory: 9057  loss: 1.1236  decode.loss_ohem: 0.7523  decode.acc_seg: 87.4194  aux_0.loss_ce: 0.3714  aux_0.acc_seg: 82.0499
2026/07/19 20:16:21 - mmengine - INFO - Iter(train) [ 53800/160000]  lr: 6.9970e-03  eta: 10:58:52  time: 0.3706  data_time: 0.0456  memory: 9057  loss: 1.0952  decode.loss_ohem: 0.7567  decode.acc_seg: 91.1172  aux_0.loss_ce: 0.3385  aux_0.acc_seg: 87.0615
2026/07/19 20:16:58 - mmengine - INFO - Iter(train) [ 53900/160000]  lr: 6.9910e-03  eta: 10:58:15  time: 0.3711  data_time: 0.0464  memory: 9057  loss: 1.1870  decode.loss_ohem: 0.7829  decode.acc_seg: 89.9284  aux_0.loss_ce: 0.4041  aux_0.acc_seg: 84.2978
2026/07/19 20:17:35 - mmengine - INFO - Exp name: dsanet_cityscapes_512x1024_20260719_144008
2026/07/19 20:17:35 - mmengine - INFO - Iter(train) [ 54000/160000]  lr: 6.9851e-03  eta: 10:57:37  time: 0.3709  data_time: 0.0454  memory: 9060  loss: 1.1782  decode.loss_ohem: 0.7723  decode.acc_seg: 92.0309  aux_0.loss_ce: 0.4059  aux_0.acc_seg: 88.1162
2026/07/19 20:18:12 - mmengine - INFO - Iter(train) [ 54100/160000]  lr: 6.9792e-03  eta: 10:57:00  time: 0.3702  data_time: 0.0459  memory: 9057  loss: 1.1512  decode.loss_ohem: 0.7846  decode.acc_seg: 91.2801  aux_0.loss_ce: 0.3666  aux_0.acc_seg: 89.3540
2026/07/19 20:18:49 - mmengine - INFO - Iter(train) [ 54200/160000]  lr: 6.9733e-03  eta: 10:56:22  time: 0.3699  data_time: 0.0452  memory: 9057  loss: 1.2030  decode.loss_ohem: 0.8346  decode.acc_seg: 91.5163  aux_0.loss_ce: 0.3684  aux_0.acc_seg: 87.8014
2026/07/19 20:19:26 - mmengine - INFO - Iter(train) [ 54300/160000]  lr: 6.9674e-03  eta: 10:55:45  time: 0.3706  data_time: 0.0457  memory: 9059  loss: 1.1346  decode.loss_ohem: 0.7669  decode.acc_seg: 91.7615  aux_0.loss_ce: 0.3678  aux_0.acc_seg: 87.5073
2026/07/19 20:20:04 - mmengine - INFO - Iter(train) [ 54400/160000]  lr: 6.9614e-03  eta: 10:55:07  time: 0.3725  data_time: 0.0474  memory: 9057  loss: 1.0861  decode.loss_ohem: 0.7243  decode.acc_seg: 90.5102  aux_0.loss_ce: 0.3618  aux_0.acc_seg: 87.9450
2026/07/19 20:20:41 - mmengine - INFO - Iter(train) [ 54500/160000]  lr: 6.9555e-03  eta: 10:54:30  time: 0.3724  data_time: 0.0466  memory: 9058  loss: 1.1044  decode.loss_ohem: 0.7429  decode.acc_seg: 92.3036  aux_0.loss_ce: 0.3615  aux_0.acc_seg: 88.7897
2026/07/19 20:21:18 - mmengine - INFO - Iter(train) [ 54600/160000]  lr: 6.9496e-03  eta: 10:53:53  time: 0.3715  data_time: 0.0453  memory: 9059  loss: 1.1939  decode.loss_ohem: 0.7803  decode.acc_seg: 92.6777  aux_0.loss_ce: 0.4136  aux_0.acc_seg: 89.5349
2026/07/19 20:21:55 - mmengine - INFO - Iter(train) [ 54700/160000]  lr: 6.9437e-03  eta: 10:53:15  time: 0.3725  data_time: 0.0467  memory: 9057  loss: 1.0644  decode.loss_ohem: 0.7031  decode.acc_seg: 92.2505  aux_0.loss_ce: 0.3614  aux_0.acc_seg: 86.7890
2026/07/19 20:22:33 - mmengine - INFO - Iter(train) [ 54800/160000]  lr: 6.9377e-03  eta: 10:52:39  time: 0.3801  data_time: 0.0509  memory: 9059  loss: 1.1609  decode.loss_ohem: 0.7946  decode.acc_seg: 91.3631  aux_0.loss_ce: 0.3663  aux_0.acc_seg: 86.2173
2026/07/19 20:23:11 - mmengine - INFO - Iter(train) [ 54900/160000]  lr: 6.9318e-03  eta: 10:52:03  time: 0.3784  data_time: 0.0493  memory: 9058  loss: 1.1443  decode.loss_ohem: 0.7745  decode.acc_seg: 92.5348  aux_0.loss_ce: 0.3698  aux_0.acc_seg: 90.0471
2026/07/19 20:23:48 - mmengine - INFO - Exp name: dsanet_cityscapes_512x1024_20260719_144008
2026/07/19 20:23:48 - mmengine - INFO - Iter(train) [ 55000/160000]  lr: 6.9259e-03  eta: 10:51:26  time: 0.3767  data_time: 0.0486  memory: 9057  loss: 1.1155  decode.loss_ohem: 0.7735  decode.acc_seg: 92.8455  aux_0.loss_ce: 0.3420  aux_0.acc_seg: 86.3111
2026/07/19 20:23:48 - mmengine - INFO - Saving checkpoint at 55000 iterations
2026/07/19 20:23:54 - mmengine - INFO - Iter(val) [100/250]    eta: 0:00:08  time: 0.0517  data_time: 0.0189  memory: 790  
2026/07/19 20:23:59 - mmengine - INFO - Iter(val) [200/250]    eta: 0:00:02  time: 0.0522  data_time: 0.0189  memory: 790  
2026/07/19 20:24:02 - mmengine - INFO - per class results:
2026/07/19 20:24:02 - mmengine - INFO - 
+---------------+-------+-------+
|     Class     |  IoU  |  Acc  |
+---------------+-------+-------+
|      road     | 96.98 | 98.62 |
|    sidewalk   |  76.6 | 87.71 |
|    building   | 88.36 | 94.52 |
|      wall     | 33.97 | 39.98 |
|     fence     | 46.81 | 54.37 |
|      pole     | 52.25 | 70.79 |
| traffic light | 45.26 | 53.09 |
|  traffic sign | 62.38 | 74.16 |
|   vegetation  | 89.75 | 94.72 |
|    terrain    | 57.17 |  66.5 |
|      sky      | 92.58 | 96.62 |
|     person    |  69.5 |  87.7 |
|     rider     |  38.8 | 45.15 |
|      car      | 91.11 | 95.98 |
|     truck     | 47.03 | 53.64 |
|      bus      | 61.96 | 77.07 |
|     train     | 48.82 | 64.31 |
|   motorcycle  | 26.93 |  28.3 |
|    bicycle    | 65.88 | 81.34 |
+---------------+-------+-------+
2026/07/19 20:24:02 - mmengine - INFO - Iter(val) [250/250]    aAcc: 93.8000  mIoU: 62.7400  mAcc: 71.8200  data_time: 0.0201  time: 0.0537
2026/07/19 20:24:02 - mmengine - INFO - The previous best checkpoint /root/autodl-tmp/DSANet-main/tools/work_dirs/dsanet_cityscapes_512x1024/best_mIoU_iter_50000.pth is removed
2026/07/19 20:24:03 - mmengine - INFO - The best checkpoint with 62.7400 mIoU at 55000 iter is saved to best_mIoU_iter_55000.pth.
2026/07/19 20:24:41 - mmengine - INFO - Iter(train) [ 55100/160000]  lr: 6.9199e-03  eta: 10:50:52  time: 0.3766  data_time: 0.0476  memory: 9057  loss: 1.1009  decode.loss_ohem: 0.7421  decode.acc_seg: 93.2825  aux_0.loss_ce: 0.3588  aux_0.acc_seg: 91.1670
2026/07/19 20:25:18 - mmengine - INFO - Iter(train) [ 55200/160000]  lr: 6.9140e-03  eta: 10:50:15  time: 0.3727  data_time: 0.0462  memory: 9058  loss: 1.0945  decode.loss_ohem: 0.7476  decode.acc_seg: 92.3340  aux_0.loss_ce: 0.3469  aux_0.acc_seg: 86.7027
2026/07/19 20:25:56 - mmengine - INFO - Iter(train) [ 55300/160000]  lr: 6.9081e-03  eta: 10:49:38  time: 0.3725  data_time: 0.0465  memory: 9057  loss: 1.1515  decode.loss_ohem: 0.7741  decode.acc_seg: 92.0869  aux_0.loss_ce: 0.3774  aux_0.acc_seg: 87.8321
2026/07/19 20:26:33 - mmengine - INFO - Iter(train) [ 55400/160000]  lr: 6.9022e-03  eta: 10:49:01  time: 0.3725  data_time: 0.0461  memory: 9057  loss: 1.1556  decode.loss_ohem: 0.7748  decode.acc_seg: 89.9017  aux_0.loss_ce: 0.3808  aux_0.acc_seg: 85.5263
2026/07/19 20:27:10 - mmengine - INFO - Iter(train) [ 55500/160000]  lr: 6.8962e-03  eta: 10:48:24  time: 0.3750  data_time: 0.0480  memory: 9058  loss: 1.2442  decode.loss_ohem: 0.8465  decode.acc_seg: 91.9062  aux_0.loss_ce: 0.3977  aux_0.acc_seg: 90.5457
2026/07/19 20:27:47 - mmengine - INFO - Iter(train) [ 55600/160000]  lr: 6.8903e-03  eta: 10:47:47  time: 0.3732  data_time: 0.0467  memory: 9058  loss: 1.0992  decode.loss_ohem: 0.7546  decode.acc_seg: 88.9798  aux_0.loss_ce: 0.3446  aux_0.acc_seg: 83.1697
2026/07/19 20:28:25 - mmengine - INFO - Iter(train) [ 55700/160000]  lr: 6.8844e-03  eta: 10:47:10  time: 0.3721  data_time: 0.0456  memory: 9058  loss: 1.1180  decode.loss_ohem: 0.7500  decode.acc_seg: 92.4038  aux_0.loss_ce: 0.3679  aux_0.acc_seg: 85.0295
2026/07/19 20:29:02 - mmengine - INFO - Iter(train) [ 55800/160000]  lr: 6.8784e-03  eta: 10:46:33  time: 0.3750  data_time: 0.0472  memory: 9057  loss: 1.0627  decode.loss_ohem: 0.7122  decode.acc_seg: 91.6062  aux_0.loss_ce: 0.3504  aux_0.acc_seg: 87.8576
2026/07/19 20:29:39 - mmengine - INFO - Iter(train) [ 55900/160000]  lr: 6.8725e-03  eta: 10:45:55  time: 0.3735  data_time: 0.0468  memory: 9057  loss: 1.1549  decode.loss_ohem: 0.7867  decode.acc_seg: 88.9589  aux_0.loss_ce: 0.3682  aux_0.acc_seg: 88.0375
2026/07/19 20:30:17 - mmengine - INFO - Exp name: dsanet_cityscapes_512x1024_20260719_144008
2026/07/19 20:30:17 - mmengine - INFO - Iter(train) [ 56000/160000]  lr: 6.8666e-03  eta: 10:45:18  time: 0.3727  data_time: 0.0458  memory: 9058  loss: 1.0862  decode.loss_ohem: 0.7207  decode.acc_seg: 91.0634  aux_0.loss_ce: 0.3655  aux_0.acc_seg: 87.5120
2026/07/19 20:30:54 - mmengine - INFO - Iter(train) [ 56100/160000]  lr: 6.8606e-03  eta: 10:44:41  time: 0.3708  data_time: 0.0453  memory: 9059  loss: 1.1115  decode.loss_ohem: 0.7644  decode.acc_seg: 91.4342  aux_0.loss_ce: 0.3471  aux_0.acc_seg: 89.6438
2026/07/19 20:31:31 - mmengine - INFO - Iter(train) [ 56200/160000]  lr: 6.8547e-03  eta: 10:44:04  time: 0.3739  data_time: 0.0473  memory: 9058  loss: 1.1104  decode.loss_ohem: 0.7694  decode.acc_seg: 91.9357  aux_0.loss_ce: 0.3410  aux_0.acc_seg: 88.9181
2026/07/19 20:32:08 - mmengine - INFO - Iter(train) [ 56300/160000]  lr: 6.8488e-03  eta: 10:43:27  time: 0.3737  data_time: 0.0471  memory: 9057  loss: 1.1491  decode.loss_ohem: 0.7697  decode.acc_seg: 89.9918  aux_0.loss_ce: 0.3794  aux_0.acc_seg: 86.1461
2026/07/19 20:32:46 - mmengine - INFO - Iter(train) [ 56400/160000]  lr: 6.8428e-03  eta: 10:42:49  time: 0.3720  data_time: 0.0465  memory: 9057  loss: 1.1452  decode.loss_ohem: 0.7731  decode.acc_seg: 87.7966  aux_0.loss_ce: 0.3721  aux_0.acc_seg: 83.9798
2026/07/19 20:33:23 - mmengine - INFO - Iter(train) [ 56500/160000]  lr: 6.8369e-03  eta: 10:42:12  time: 0.3732  data_time: 0.0467  memory: 9057  loss: 1.1345  decode.loss_ohem: 0.7843  decode.acc_seg: 90.1332  aux_0.loss_ce: 0.3503  aux_0.acc_seg: 87.7186
2026/07/19 20:34:00 - mmengine - INFO - Iter(train) [ 56600/160000]  lr: 6.8310e-03  eta: 10:41:35  time: 0.3732  data_time: 0.0467  memory: 9059  loss: 1.1830  decode.loss_ohem: 0.7740  decode.acc_seg: 91.1203  aux_0.loss_ce: 0.4090  aux_0.acc_seg: 86.2928
2026/07/19 20:34:37 - mmengine - INFO - Iter(train) [ 56700/160000]  lr: 6.8250e-03  eta: 10:40:57  time: 0.3717  data_time: 0.0462  memory: 9061  loss: 1.0206  decode.loss_ohem: 0.6894  decode.acc_seg: 89.5084  aux_0.loss_ce: 0.3312  aux_0.acc_seg: 87.7144
2026/07/19 20:35:15 - mmengine - INFO - Iter(train) [ 56800/160000]  lr: 6.8191e-03  eta: 10:40:20  time: 0.3749  data_time: 0.0478  memory: 9059  loss: 1.1726  decode.loss_ohem: 0.7715  decode.acc_seg: 90.8673  aux_0.loss_ce: 0.4012  aux_0.acc_seg: 86.0370
2026/07/19 20:35:52 - mmengine - INFO - Iter(train) [ 56900/160000]  lr: 6.8131e-03  eta: 10:39:43  time: 0.3734  data_time: 0.0474  memory: 9058  loss: 1.1553  decode.loss_ohem: 0.8067  decode.acc_seg: 91.3733  aux_0.loss_ce: 0.3486  aux_0.acc_seg: 88.2331
2026/07/19 20:36:29 - mmengine - INFO - Exp name: dsanet_cityscapes_512x1024_20260719_144008
2026/07/19 20:36:29 - mmengine - INFO - Iter(train) [ 57000/160000]  lr: 6.8072e-03  eta: 10:39:06  time: 0.3728  data_time: 0.0468  memory: 9057  loss: 1.1803  decode.loss_ohem: 0.8180  decode.acc_seg: 92.7290  aux_0.loss_ce: 0.3623  aux_0.acc_seg: 89.3122
2026/07/19 20:37:07 - mmengine - INFO - Iter(train) [ 57100/160000]  lr: 6.8013e-03  eta: 10:38:29  time: 0.3729  data_time: 0.0462  memory: 9057  loss: 1.0800  decode.loss_ohem: 0.7615  decode.acc_seg: 91.1391  aux_0.loss_ce: 0.3185  aux_0.acc_seg: 86.6049
2026/07/19 20:37:44 - mmengine - INFO - Iter(train) [ 57200/160000]  lr: 6.7953e-03  eta: 10:37:52  time: 0.3722  data_time: 0.0460  memory: 9057  loss: 1.1000  decode.loss_ohem: 0.7386  decode.acc_seg: 93.3326  aux_0.loss_ce: 0.3615  aux_0.acc_seg: 89.0800
2026/07/19 20:38:21 - mmengine - INFO - Iter(train) [ 57300/160000]  lr: 6.7894e-03  eta: 10:37:15  time: 0.3732  data_time: 0.0469  memory: 9057  loss: 1.1248  decode.loss_ohem: 0.7901  decode.acc_seg: 91.0391  aux_0.loss_ce: 0.3347  aux_0.acc_seg: 88.2347
2026/07/19 20:38:59 - mmengine - INFO - Iter(train) [ 57400/160000]  lr: 6.7834e-03  eta: 10:36:38  time: 0.3723  data_time: 0.0471  memory: 9057  loss: 1.1182  decode.loss_ohem: 0.7738  decode.acc_seg: 93.0344  aux_0.loss_ce: 0.3443  aux_0.acc_seg: 88.5195
2026/07/19 20:39:36 - mmengine - INFO - Iter(train) [ 57500/160000]  lr: 6.7775e-03  eta: 10:36:01  time: 0.3738  data_time: 0.0473  memory: 9058  loss: 1.0921  decode.loss_ohem: 0.7322  decode.acc_seg: 93.2474  aux_0.loss_ce: 0.3599  aux_0.acc_seg: 89.6101
2026/07/19 20:40:13 - mmengine - INFO - Iter(train) [ 57600/160000]  lr: 6.7716e-03  eta: 10:35:24  time: 0.3754  data_time: 0.0482  memory: 9056  loss: 1.1105  decode.loss_ohem: 0.7460  decode.acc_seg: 92.6932  aux_0.loss_ce: 0.3645  aux_0.acc_seg: 88.9677
2026/07/19 20:40:51 - mmengine - INFO - Iter(train) [ 57700/160000]  lr: 6.7656e-03  eta: 10:34:47  time: 0.3769  data_time: 0.0486  memory: 9058  loss: 1.1169  decode.loss_ohem: 0.7630  decode.acc_seg: 91.5070  aux_0.loss_ce: 0.3539  aux_0.acc_seg: 88.0664
2026/07/19 20:41:28 - mmengine - INFO - Iter(train) [ 57800/160000]  lr: 6.7597e-03  eta: 10:34:10  time: 0.3709  data_time: 0.0459  memory: 9058  loss: 1.0391  decode.loss_ohem: 0.6988  decode.acc_seg: 89.4670  aux_0.loss_ce: 0.3403  aux_0.acc_seg: 86.3789
2026/07/19 20:42:05 - mmengine - INFO - Iter(train) [ 57900/160000]  lr: 6.7537e-03  eta: 10:33:33  time: 0.3708  data_time: 0.0456  memory: 9060  loss: 1.1672  decode.loss_ohem: 0.7965  decode.acc_seg: 88.1596  aux_0.loss_ce: 0.3707  aux_0.acc_seg: 83.6343
2026/07/19 20:42:42 - mmengine - INFO - Exp name: dsanet_cityscapes_512x1024_20260719_144008
2026/07/19 20:42:42 - mmengine - INFO - Iter(train) [ 58000/160000]  lr: 6.7478e-03  eta: 10:32:55  time: 0.3734  data_time: 0.0472  memory: 9058  loss: 1.1568  decode.loss_ohem: 0.7703  decode.acc_seg: 90.4789  aux_0.loss_ce: 0.3865  aux_0.acc_seg: 88.3090
2026/07/19 20:43:20 - mmengine - INFO - Iter(train) [ 58100/160000]  lr: 6.7418e-03  eta: 10:32:18  time: 0.3737  data_time: 0.0470  memory: 9058  loss: 1.0893  decode.loss_ohem: 0.7295  decode.acc_seg: 91.6929  aux_0.loss_ce: 0.3598  aux_0.acc_seg: 84.7044
2026/07/19 20:43:57 - mmengine - INFO - Iter(train) [ 58200/160000]  lr: 6.7359e-03  eta: 10:31:41  time: 0.3697  data_time: 0.0448  memory: 9058  loss: 1.1784  decode.loss_ohem: 0.7900  decode.acc_seg: 87.7475  aux_0.loss_ce: 0.3884  aux_0.acc_seg: 85.2443
2026/07/19 20:44:34 - mmengine - INFO - Iter(train) [ 58300/160000]  lr: 6.7299e-03  eta: 10:31:03  time: 0.3716  data_time: 0.0463  memory: 9058  loss: 1.0227  decode.loss_ohem: 0.6947  decode.acc_seg: 92.2671  aux_0.loss_ce: 0.3280  aux_0.acc_seg: 87.6226
2026/07/19 20:45:11 - mmengine - INFO - Iter(train) [ 58400/160000]  lr: 6.7240e-03  eta: 10:30:26  time: 0.3706  data_time: 0.0455  memory: 9058  loss: 1.1339  decode.loss_ohem: 0.7437  decode.acc_seg: 90.7141  aux_0.loss_ce: 0.3901  aux_0.acc_seg: 88.3017
2026/07/19 20:45:48 - mmengine - INFO - Iter(train) [ 58500/160000]  lr: 6.7180e-03  eta: 10:29:48  time: 0.3707  data_time: 0.0456  memory: 9059  loss: 1.0882  decode.loss_ohem: 0.7329  decode.acc_seg: 89.7514  aux_0.loss_ce: 0.3553  aux_0.acc_seg: 86.1284
2026/07/19 20:46:25 - mmengine - INFO - Iter(train) [ 58600/160000]  lr: 6.7121e-03  eta: 10:29:10  time: 0.3700  data_time: 0.0454  memory: 9059  loss: 1.1938  decode.loss_ohem: 0.8114  decode.acc_seg: 84.9553  aux_0.loss_ce: 0.3824  aux_0.acc_seg: 80.3407
2026/07/19 20:47:02 - mmengine - INFO - Iter(train) [ 58700/160000]  lr: 6.7061e-03  eta: 10:28:33  time: 0.3704  data_time: 0.0453  memory: 9057  loss: 1.1829  decode.loss_ohem: 0.7910  decode.acc_seg: 90.1189  aux_0.loss_ce: 0.3919  aux_0.acc_seg: 85.9563
2026/07/19 20:47:39 - mmengine - INFO - Iter(train) [ 58800/160000]  lr: 6.7002e-03  eta: 10:27:56  time: 0.3721  data_time: 0.0462  memory: 9058  loss: 1.1166  decode.loss_ohem: 0.7671  decode.acc_seg: 91.7772  aux_0.loss_ce: 0.3495  aux_0.acc_seg: 87.9106
2026/07/19 20:48:16 - mmengine - INFO - Iter(train) [ 58900/160000]  lr: 6.6942e-03  eta: 10:27:18  time: 0.3701  data_time: 0.0451  memory: 9057  loss: 1.1789  decode.loss_ohem: 0.8071  decode.acc_seg: 87.7914  aux_0.loss_ce: 0.3718  aux_0.acc_seg: 84.2623
2026/07/19 20:48:53 - mmengine - INFO - Exp name: dsanet_cityscapes_512x1024_20260719_144008
2026/07/19 20:48:53 - mmengine - INFO - Iter(train) [ 59000/160000]  lr: 6.6883e-03  eta: 10:26:40  time: 0.3699  data_time: 0.0461  memory: 9057  loss: 1.0908  decode.loss_ohem: 0.7343  decode.acc_seg: 91.9581  aux_0.loss_ce: 0.3564  aux_0.acc_seg: 88.6316
2026/07/19 20:49:30 - mmengine - INFO - Iter(train) [ 59100/160000]  lr: 6.6823e-03  eta: 10:26:03  time: 0.3699  data_time: 0.0446  memory: 9057  loss: 1.1297  decode.loss_ohem: 0.7740  decode.acc_seg: 87.2226  aux_0.loss_ce: 0.3557  aux_0.acc_seg: 85.4642
2026/07/19 20:50:08 - mmengine - INFO - Iter(train) [ 59200/160000]  lr: 6.6764e-03  eta: 10:25:26  time: 0.3706  data_time: 0.0460  memory: 9057  loss: 1.2614  decode.loss_ohem: 0.8328  decode.acc_seg: 87.1740  aux_0.loss_ce: 0.4286  aux_0.acc_seg: 82.7353
2026/07/19 20:50:45 - mmengine - INFO - Iter(train) [ 59300/160000]  lr: 6.6704e-03  eta: 10:24:48  time: 0.3723  data_time: 0.0465  memory: 9059  loss: 1.1385  decode.loss_ohem: 0.7716  decode.acc_seg: 89.4166  aux_0.loss_ce: 0.3670  aux_0.acc_seg: 84.8767
2026/07/19 20:51:22 - mmengine - INFO - Iter(train) [ 59400/160000]  lr: 6.6645e-03  eta: 10:24:11  time: 0.3698  data_time: 0.0452  memory: 9060  loss: 1.0164  decode.loss_ohem: 0.7039  decode.acc_seg: 91.5396  aux_0.loss_ce: 0.3125  aux_0.acc_seg: 87.5828
2026/07/19 20:51:59 - mmengine - INFO - Iter(train) [ 59500/160000]  lr: 6.6585e-03  eta: 10:23:33  time: 0.3724  data_time: 0.0465  memory: 9057  loss: 1.0610  decode.loss_ohem: 0.7191  decode.acc_seg: 90.8400  aux_0.loss_ce: 0.3419  aux_0.acc_seg: 87.8928
2026/07/19 20:52:36 - mmengine - INFO - Iter(train) [ 59600/160000]  lr: 6.6526e-03  eta: 10:22:56  time: 0.3712  data_time: 0.0458  memory: 9057  loss: 1.0374  decode.loss_ohem: 0.7267  decode.acc_seg: 91.6709  aux_0.loss_ce: 0.3107  aux_0.acc_seg: 89.0022
2026/07/19 20:53:13 - mmengine - INFO - Iter(train) [ 59700/160000]  lr: 6.6466e-03  eta: 10:22:19  time: 0.3709  data_time: 0.0457  memory: 9057  loss: 1.1359  decode.loss_ohem: 0.7851  decode.acc_seg: 90.1243  aux_0.loss_ce: 0.3508  aux_0.acc_seg: 87.6930
2026/07/19 20:53:50 - mmengine - INFO - Iter(train) [ 59800/160000]  lr: 6.6407e-03  eta: 10:21:41  time: 0.3683  data_time: 0.0445  memory: 9057  loss: 1.2105  decode.loss_ohem: 0.8193  decode.acc_seg: 90.6659  aux_0.loss_ce: 0.3913  aux_0.acc_seg: 86.5450
2026/07/19 20:54:27 - mmengine - INFO - Iter(train) [ 59900/160000]  lr: 6.6347e-03  eta: 10:21:04  time: 0.3719  data_time: 0.0462  memory: 9057  loss: 1.0865  decode.loss_ohem: 0.7189  decode.acc_seg: 88.0829  aux_0.loss_ce: 0.3677  aux_0.acc_seg: 81.3072
2026/07/19 20:55:05 - mmengine - INFO - Exp name: dsanet_cityscapes_512x1024_20260719_144008
2026/07/19 20:55:05 - mmengine - INFO - Iter(train) [ 60000/160000]  lr: 6.6288e-03  eta: 10:20:26  time: 0.3705  data_time: 0.0454  memory: 9057  loss: 1.1693  decode.loss_ohem: 0.7784  decode.acc_seg: 85.8027  aux_0.loss_ce: 0.3909  aux_0.acc_seg: 80.7113
2026/07/19 20:55:05 - mmengine - INFO - Saving checkpoint at 60000 iterations
2026/07/19 20:55:10 - mmengine - INFO - Iter(val) [100/250]    eta: 0:00:07  time: 0.0505  data_time: 0.0181  memory: 790  
2026/07/19 20:55:15 - mmengine - INFO - Iter(val) [200/250]    eta: 0:00:02  time: 0.0508  data_time: 0.0183  memory: 790  
2026/07/19 20:55:18 - mmengine - INFO - per class results:
2026/07/19 20:55:18 - mmengine - INFO - 
+---------------+-------+-------+
|     Class     |  IoU  |  Acc  |
+---------------+-------+-------+
|      road     | 96.94 | 98.19 |
|    sidewalk   | 76.11 |  88.7 |
|    building   | 86.77 |  92.3 |
|      wall     | 28.14 | 31.88 |
|     fence     | 43.16 | 52.37 |
|      pole     | 50.92 | 68.22 |
| traffic light | 40.81 | 48.52 |
|  traffic sign | 61.54 | 69.49 |
|   vegetation  | 88.23 |  96.6 |
|    terrain    | 51.63 | 61.18 |
|      sky      | 92.38 |  96.4 |
|     person    | 69.49 | 87.45 |
|     rider     | 41.37 | 48.08 |
|      car      | 90.43 | 96.02 |
|     truck     | 41.06 | 43.24 |
|      bus      |  58.9 |  63.9 |
|     train     | 43.17 | 53.03 |
|   motorcycle  | 24.45 | 28.09 |
|    bicycle    | 63.88 | 86.75 |
+---------------+-------+-------+
2026/07/19 20:55:18 - mmengine - INFO - Iter(val) [250/250]    aAcc: 93.2700  mIoU: 60.4900  mAcc: 68.9700  data_time: 0.0191  time: 0.0523
2026/07/19 20:55:55 - mmengine - INFO - Iter(train) [ 60100/160000]  lr: 6.6228e-03  eta: 10:19:49  time: 0.3718  data_time: 0.0466  memory: 9058  loss: 1.1332  decode.loss_ohem: 0.7724  decode.acc_seg: 93.4642  aux_0.loss_ce: 0.3608  aux_0.acc_seg: 90.0059
2026/07/19 20:56:32 - mmengine - INFO - Iter(train) [ 60200/160000]  lr: 6.6168e-03  eta: 10:19:11  time: 0.3725  data_time: 0.0468  memory: 9059  loss: 1.1497  decode.loss_ohem: 0.7644  decode.acc_seg: 90.2882  aux_0.loss_ce: 0.3853  aux_0.acc_seg: 85.3174
2026/07/19 20:57:09 - mmengine - INFO - Iter(train) [ 60300/160000]  lr: 6.6109e-03  eta: 10:18:34  time: 0.3706  data_time: 0.0462  memory: 9057  loss: 1.2086  decode.loss_ohem: 0.8498  decode.acc_seg: 88.3905  aux_0.loss_ce: 0.3587  aux_0.acc_seg: 84.6769
2026/07/19 20:57:46 - mmengine - INFO - Iter(train) [ 60400/160000]  lr: 6.6049e-03  eta: 10:17:56  time: 0.3700  data_time: 0.0453  memory: 9059  loss: 1.1585  decode.loss_ohem: 0.8065  decode.acc_seg: 88.7039  aux_0.loss_ce: 0.3519  aux_0.acc_seg: 83.2410
2026/07/19 20:58:23 - mmengine - INFO - Iter(train) [ 60500/160000]  lr: 6.5990e-03  eta: 10:17:19  time: 0.3681  data_time: 0.0435  memory: 9058  loss: 1.1006  decode.loss_ohem: 0.7472  decode.acc_seg: 90.7631  aux_0.loss_ce: 0.3533  aux_0.acc_seg: 88.2181
2026/07/19 20:59:01 - mmengine - INFO - Iter(train) [ 60600/160000]  lr: 6.5930e-03  eta: 10:16:41  time: 0.3717  data_time: 0.0464  memory: 9060  loss: 1.1926  decode.loss_ohem: 0.7786  decode.acc_seg: 87.3172  aux_0.loss_ce: 0.4140  aux_0.acc_seg: 82.3629
2026/07/19 20:59:38 - mmengine - INFO - Iter(train) [ 60700/160000]  lr: 6.5870e-03  eta: 10:16:04  time: 0.3688  data_time: 0.0443  memory: 9057  loss: 1.1602  decode.loss_ohem: 0.7876  decode.acc_seg: 92.2203  aux_0.loss_ce: 0.3726  aux_0.acc_seg: 87.5942
2026/07/19 21:00:15 - mmengine - INFO - Iter(train) [ 60800/160000]  lr: 6.5811e-03  eta: 10:15:26  time: 0.3704  data_time: 0.0456  memory: 9059  loss: 1.1062  decode.loss_ohem: 0.7286  decode.acc_seg: 90.2817  aux_0.loss_ce: 0.3776  aux_0.acc_seg: 85.7671
2026/07/19 21:00:52 - mmengine - INFO - Iter(train) [ 60900/160000]  lr: 6.5751e-03  eta: 10:14:49  time: 0.3705  data_time: 0.0457  memory: 9059  loss: 1.1169  decode.loss_ohem: 0.7693  decode.acc_seg: 89.5098  aux_0.loss_ce: 0.3476  aux_0.acc_seg: 85.2559
2026/07/19 21:01:29 - mmengine - INFO - Exp name: dsanet_cityscapes_512x1024_20260719_144008
2026/07/19 21:01:29 - mmengine - INFO - Iter(train) [ 61000/160000]  lr: 6.5692e-03  eta: 10:14:12  time: 0.3715  data_time: 0.0459  memory: 9057  loss: 1.1424  decode.loss_ohem: 0.7833  decode.acc_seg: 91.8687  aux_0.loss_ce: 0.3591  aux_0.acc_seg: 83.1742
2026/07/19 21:02:06 - mmengine - INFO - Iter(train) [ 61100/160000]  lr: 6.5632e-03  eta: 10:13:34  time: 0.3721  data_time: 0.0464  memory: 9058  loss: 1.1390  decode.loss_ohem: 0.7611  decode.acc_seg: 89.3743  aux_0.loss_ce: 0.3779  aux_0.acc_seg: 87.3616
2026/07/19 21:02:43 - mmengine - INFO - Iter(train) [ 61200/160000]  lr: 6.5572e-03  eta: 10:12:57  time: 0.3722  data_time: 0.0466  memory: 9058  loss: 1.1862  decode.loss_ohem: 0.8054  decode.acc_seg: 90.4927  aux_0.loss_ce: 0.3807  aux_0.acc_seg: 87.8943
2026/07/19 21:03:20 - mmengine - INFO - Iter(train) [ 61300/160000]  lr: 6.5513e-03  eta: 10:12:19  time: 0.3705  data_time: 0.0454  memory: 9058  loss: 1.1601  decode.loss_ohem: 0.7699  decode.acc_seg: 88.2568  aux_0.loss_ce: 0.3902  aux_0.acc_seg: 83.1811
2026/07/19 21:03:57 - mmengine - INFO - Iter(train) [ 61400/160000]  lr: 6.5453e-03  eta: 10:11:42  time: 0.3717  data_time: 0.0464  memory: 9057  loss: 1.0794  decode.loss_ohem: 0.7463  decode.acc_seg: 93.3236  aux_0.loss_ce: 0.3332  aux_0.acc_seg: 87.7074
2026/07/19 21:04:34 - mmengine - INFO - Iter(train) [ 61500/160000]  lr: 6.5393e-03  eta: 10:11:04  time: 0.3706  data_time: 0.0460  memory: 9058  loss: 1.1206  decode.loss_ohem: 0.7537  decode.acc_seg: 88.6470  aux_0.loss_ce: 0.3669  aux_0.acc_seg: 85.7329
2026/07/19 21:05:12 - mmengine - INFO - Iter(train) [ 61600/160000]  lr: 6.5334e-03  eta: 10:10:27  time: 0.3700  data_time: 0.0458  memory: 9058  loss: 1.1576  decode.loss_ohem: 0.7968  decode.acc_seg: 91.6625  aux_0.loss_ce: 0.3608  aux_0.acc_seg: 88.2029
2026/07/19 21:05:49 - mmengine - INFO - Iter(train) [ 61700/160000]  lr: 6.5274e-03  eta: 10:09:49  time: 0.3715  data_time: 0.0459  memory: 9057  loss: 1.1326  decode.loss_ohem: 0.7696  decode.acc_seg: 88.4828  aux_0.loss_ce: 0.3631  aux_0.acc_seg: 84.8894
2026/07/19 21:06:26 - mmengine - INFO - Iter(train) [ 61800/160000]  lr: 6.5214e-03  eta: 10:09:12  time: 0.3696  data_time: 0.0451  memory: 9059  loss: 1.1759  decode.loss_ohem: 0.8301  decode.acc_seg: 91.5828  aux_0.loss_ce: 0.3459  aux_0.acc_seg: 88.9793
2026/07/19 21:07:03 - mmengine - INFO - Iter(train) [ 61900/160000]  lr: 6.5155e-03  eta: 10:08:34  time: 0.3721  data_time: 0.0464  memory: 9057  loss: 1.0175  decode.loss_ohem: 0.6828  decode.acc_seg: 92.7500  aux_0.loss_ce: 0.3346  aux_0.acc_seg: 86.0271
2026/07/19 21:07:40 - mmengine - INFO - Exp name: dsanet_cityscapes_512x1024_20260719_144008
2026/07/19 21:07:40 - mmengine - INFO - Iter(train) [ 62000/160000]  lr: 6.5095e-03  eta: 10:07:57  time: 0.3710  data_time: 0.0453  memory: 9059  loss: 1.1872  decode.loss_ohem: 0.7946  decode.acc_seg: 89.1233  aux_0.loss_ce: 0.3926  aux_0.acc_seg: 84.3311
2026/07/19 21:08:17 - mmengine - INFO - Iter(train) [ 62100/160000]  lr: 6.5035e-03  eta: 10:07:20  time: 0.3707  data_time: 0.0455  memory: 9058  loss: 1.1654  decode.loss_ohem: 0.7932  decode.acc_seg: 90.9469  aux_0.loss_ce: 0.3722  aux_0.acc_seg: 86.3440
2026/07/19 21:08:54 - mmengine - INFO - Iter(train) [ 62200/160000]  lr: 6.4976e-03  eta: 10:06:42  time: 0.3710  data_time: 0.0460  memory: 9057  loss: 1.0637  decode.loss_ohem: 0.7364  decode.acc_seg: 90.9801  aux_0.loss_ce: 0.3273  aux_0.acc_seg: 87.3617
2026/07/19 21:09:31 - mmengine - INFO - Iter(train) [ 62300/160000]  lr: 6.4916e-03  eta: 10:06:05  time: 0.3713  data_time: 0.0462  memory: 9058  loss: 1.0995  decode.loss_ohem: 0.7335  decode.acc_seg: 91.9507  aux_0.loss_ce: 0.3660  aux_0.acc_seg: 87.5100
2026/07/19 21:10:08 - mmengine - INFO - Iter(train) [ 62400/160000]  lr: 6.4856e-03  eta: 10:05:27  time: 0.3693  data_time: 0.0452  memory: 9060  loss: 1.0519  decode.loss_ohem: 0.7147  decode.acc_seg: 91.5337  aux_0.loss_ce: 0.3372  aux_0.acc_seg: 90.0201
2026/07/19 21:10:45 - mmengine - INFO - Iter(train) [ 62500/160000]  lr: 6.4796e-03  eta: 10:04:49  time: 0.3694  data_time: 0.0448  memory: 9057  loss: 1.0714  decode.loss_ohem: 0.7443  decode.acc_seg: 91.9332  aux_0.loss_ce: 0.3271  aux_0.acc_seg: 88.0862
2026/07/19 21:11:22 - mmengine - INFO - Iter(train) [ 62600/160000]  lr: 6.4737e-03  eta: 10:04:12  time: 0.3690  data_time: 0.0444  memory: 9057  loss: 1.2376  decode.loss_ohem: 0.8417  decode.acc_seg: 85.2738  aux_0.loss_ce: 0.3959  aux_0.acc_seg: 80.6321
2026/07/19 21:11:59 - mmengine - INFO - Iter(train) [ 62700/160000]  lr: 6.4677e-03  eta: 10:03:34  time: 0.3706  data_time: 0.0459  memory: 9058  loss: 1.1334  decode.loss_ohem: 0.7662  decode.acc_seg: 92.2700  aux_0.loss_ce: 0.3671  aux_0.acc_seg: 88.5899
2026/07/19 21:12:36 - mmengine - INFO - Iter(train) [ 62800/160000]  lr: 6.4617e-03  eta: 10:02:57  time: 0.3691  data_time: 0.0447  memory: 9057  loss: 1.1173  decode.loss_ohem: 0.7634  decode.acc_seg: 87.5252  aux_0.loss_ce: 0.3539  aux_0.acc_seg: 82.2560
2026/07/19 21:13:13 - mmengine - INFO - Iter(train) [ 62900/160000]  lr: 6.4558e-03  eta: 10:02:19  time: 0.3696  data_time: 0.0450  memory: 9058  loss: 1.1241  decode.loss_ohem: 0.7886  decode.acc_seg: 93.4157  aux_0.loss_ce: 0.3355  aux_0.acc_seg: 91.4148
2026/07/19 21:13:50 - mmengine - INFO - Exp name: dsanet_cityscapes_512x1024_20260719_144008
2026/07/19 21:13:50 - mmengine - INFO - Iter(train) [ 63000/160000]  lr: 6.4498e-03  eta: 10:01:42  time: 0.3692  data_time: 0.0452  memory: 9058  loss: 1.1029  decode.loss_ohem: 0.7595  decode.acc_seg: 88.6069  aux_0.loss_ce: 0.3434  aux_0.acc_seg: 82.8382
2026/07/19 21:14:27 - mmengine - INFO - Iter(train) [ 63100/160000]  lr: 6.4438e-03  eta: 10:01:04  time: 0.3702  data_time: 0.0453  memory: 9057  loss: 1.0582  decode.loss_ohem: 0.7070  decode.acc_seg: 91.9422  aux_0.loss_ce: 0.3511  aux_0.acc_seg: 89.8724
2026/07/19 21:15:04 - mmengine - INFO - Iter(train) [ 63200/160000]  lr: 6.4378e-03  eta: 10:00:27  time: 0.3720  data_time: 0.0463  memory: 9060  loss: 1.1326  decode.loss_ohem: 0.7312  decode.acc_seg: 94.1252  aux_0.loss_ce: 0.4014  aux_0.acc_seg: 89.1766
2026/07/19 21:15:41 - mmengine - INFO - Iter(train) [ 63300/160000]  lr: 6.4319e-03  eta: 9:59:49  time: 0.3691  data_time: 0.0444  memory: 9058  loss: 1.0811  decode.loss_ohem: 0.7276  decode.acc_seg: 91.3443  aux_0.loss_ce: 0.3535  aux_0.acc_seg: 90.2802
2026/07/19 21:16:18 - mmengine - INFO - Iter(train) [ 63400/160000]  lr: 6.4259e-03  eta: 9:59:12  time: 0.3710  data_time: 0.0457  memory: 9056  loss: 1.0932  decode.loss_ohem: 0.7476  decode.acc_seg: 92.7922  aux_0.loss_ce: 0.3456  aux_0.acc_seg: 86.5931
2026/07/19 21:16:55 - mmengine - INFO - Iter(train) [ 63500/160000]  lr: 6.4199e-03  eta: 9:58:34  time: 0.3702  data_time: 0.0454  memory: 9057  loss: 1.1965  decode.loss_ohem: 0.8368  decode.acc_seg: 94.2116  aux_0.loss_ce: 0.3597  aux_0.acc_seg: 92.1197
2026/07/19 21:17:32 - mmengine - INFO - Iter(train) [ 63600/160000]  lr: 6.4139e-03  eta: 9:57:57  time: 0.3707  data_time: 0.0463  memory: 9058  loss: 1.1115  decode.loss_ohem: 0.7541  decode.acc_seg: 91.2646  aux_0.loss_ce: 0.3574  aux_0.acc_seg: 84.6126
2026/07/19 21:18:10 - mmengine - INFO - Iter(train) [ 63700/160000]  lr: 6.4079e-03  eta: 9:57:19  time: 0.3697  data_time: 0.0449  memory: 9058  loss: 1.0249  decode.loss_ohem: 0.7015  decode.acc_seg: 90.0650  aux_0.loss_ce: 0.3235  aux_0.acc_seg: 88.8973
2026/07/19 21:18:47 - mmengine - INFO - Iter(train) [ 63800/160000]  lr: 6.4020e-03  eta: 9:56:42  time: 0.3697  data_time: 0.0448  memory: 9057  loss: 1.0674  decode.loss_ohem: 0.7208  decode.acc_seg: 89.9894  aux_0.loss_ce: 0.3466  aux_0.acc_seg: 82.8480
2026/07/19 21:19:24 - mmengine - INFO - Iter(train) [ 63900/160000]  lr: 6.3960e-03  eta: 9:56:04  time: 0.3709  data_time: 0.0464  memory: 9057  loss: 1.0827  decode.loss_ohem: 0.7572  decode.acc_seg: 92.5302  aux_0.loss_ce: 0.3255  aux_0.acc_seg: 89.9887
2026/07/19 21:20:01 - mmengine - INFO - Exp name: dsanet_cityscapes_512x1024_20260719_144008
2026/07/19 21:20:01 - mmengine - INFO - Iter(train) [ 64000/160000]  lr: 6.3900e-03  eta: 9:55:27  time: 0.3710  data_time: 0.0463  memory: 9057  loss: 1.0863  decode.loss_ohem: 0.7495  decode.acc_seg: 84.4542  aux_0.loss_ce: 0.3368  aux_0.acc_seg: 81.5654
2026/07/19 21:20:38 - mmengine - INFO - Iter(train) [ 64100/160000]  lr: 6.3840e-03  eta: 9:54:49  time: 0.3706  data_time: 0.0456  memory: 9058  loss: 1.1735  decode.loss_ohem: 0.8241  decode.acc_seg: 91.6096  aux_0.loss_ce: 0.3494  aux_0.acc_seg: 87.3903
2026/07/19 21:21:15 - mmengine - INFO - Iter(train) [ 64200/160000]  lr: 6.3780e-03  eta: 9:54:12  time: 0.3727  data_time: 0.0466  memory: 9058  loss: 1.1719  decode.loss_ohem: 0.7884  decode.acc_seg: 88.3161  aux_0.loss_ce: 0.3835  aux_0.acc_seg: 85.0182
2026/07/19 21:21:52 - mmengine - INFO - Iter(train) [ 64300/160000]  lr: 6.3721e-03  eta: 9:53:35  time: 0.3717  data_time: 0.0462  memory: 9057  loss: 1.2410  decode.loss_ohem: 0.8383  decode.acc_seg: 89.4711  aux_0.loss_ce: 0.4027  aux_0.acc_seg: 84.7139
2026/07/19 21:22:29 - mmengine - INFO - Iter(train) [ 64400/160000]  lr: 6.3661e-03  eta: 9:52:57  time: 0.3711  data_time: 0.0456  memory: 9058  loss: 1.1491  decode.loss_ohem: 0.7667  decode.acc_seg: 90.4878  aux_0.loss_ce: 0.3824  aux_0.acc_seg: 86.8186
2026/07/19 21:23:06 - mmengine - INFO - Iter(train) [ 64500/160000]  lr: 6.3601e-03  eta: 9:52:20  time: 0.3714  data_time: 0.0457  memory: 9059  loss: 1.1408  decode.loss_ohem: 0.7449  decode.acc_seg: 89.8171  aux_0.loss_ce: 0.3959  aux_0.acc_seg: 86.0452
2026/07/19 21:23:43 - mmengine - INFO - Iter(train) [ 64600/160000]  lr: 6.3541e-03  eta: 9:51:43  time: 0.3692  data_time: 0.0447  memory: 9058  loss: 1.0964  decode.loss_ohem: 0.7406  decode.acc_seg: 93.7872  aux_0.loss_ce: 0.3558  aux_0.acc_seg: 87.7190
2026/07/19 21:24:21 - mmengine - INFO - Iter(train) [ 64700/160000]  lr: 6.3481e-03  eta: 9:51:05  time: 0.3707  data_time: 0.0454  memory: 9057  loss: 1.1885  decode.loss_ohem: 0.8287  decode.acc_seg: 89.9043  aux_0.loss_ce: 0.3599  aux_0.acc_seg: 87.8602
2026/07/19 21:24:58 - mmengine - INFO - Iter(train) [ 64800/160000]  lr: 6.3421e-03  eta: 9:50:28  time: 0.3733  data_time: 0.0470  memory: 9058  loss: 1.1251  decode.loss_ohem: 0.7676  decode.acc_seg: 91.2380  aux_0.loss_ce: 0.3575  aux_0.acc_seg: 85.2451
2026/07/19 21:25:35 - mmengine - INFO - Iter(train) [ 64900/160000]  lr: 6.3361e-03  eta: 9:49:51  time: 0.3714  data_time: 0.0461  memory: 9057  loss: 1.0995  decode.loss_ohem: 0.7519  decode.acc_seg: 90.9194  aux_0.loss_ce: 0.3477  aux_0.acc_seg: 86.4719
2026/07/19 21:26:12 - mmengine - INFO - Exp name: dsanet_cityscapes_512x1024_20260719_144008
2026/07/19 21:26:12 - mmengine - INFO - Iter(train) [ 65000/160000]  lr: 6.3302e-03  eta: 9:49:13  time: 0.3731  data_time: 0.0478  memory: 9058  loss: 1.2171  decode.loss_ohem: 0.8184  decode.acc_seg: 92.0637  aux_0.loss_ce: 0.3986  aux_0.acc_seg: 89.0976
2026/07/19 21:26:12 - mmengine - INFO - Saving checkpoint at 65000 iterations
2026/07/19 21:26:18 - mmengine - INFO - Iter(val) [100/250]    eta: 0:00:07  time: 0.0502  data_time: 0.0178  memory: 790  
2026/07/19 21:26:23 - mmengine - INFO - Iter(val) [200/250]    eta: 0:00:02  time: 0.0511  data_time: 0.0184  memory: 790  
2026/07/19 21:26:25 - mmengine - INFO - per class results:
2026/07/19 21:26:25 - mmengine - INFO - 
+---------------+-------+-------+
|     Class     |  IoU  |  Acc  |
+---------------+-------+-------+
|      road     | 96.66 | 98.56 |
|    sidewalk   |  74.9 | 82.81 |
|    building   | 86.58 | 91.72 |
|      wall     | 31.89 | 39.84 |
|     fence     | 41.23 | 65.18 |
|      pole     | 50.45 | 59.64 |
| traffic light | 44.42 | 57.88 |
|  traffic sign | 60.32 | 66.93 |
|   vegetation  | 88.94 | 94.91 |
|    terrain    | 50.81 |  70.6 |
|      sky      | 90.81 | 97.98 |
|     person    | 68.71 | 86.71 |
|     rider     | 44.49 | 57.17 |
|      car      | 88.59 | 96.63 |
|     truck     | 42.18 | 54.96 |
|      bus      | 54.61 | 88.61 |
|     train     | 18.05 | 53.81 |
|   motorcycle  |  25.9 | 41.97 |
|    bicycle    | 60.25 | 67.03 |
+---------------+-------+-------+
2026/07/19 21:26:25 - mmengine - INFO - Iter(val) [250/250]    aAcc: 92.9000  mIoU: 58.9400  mAcc: 72.2600  data_time: 0.0190  time: 0.0513
2026/07/19 21:27:02 - mmengine - INFO - Iter(train) [ 65100/160000]  lr: 6.3242e-03  eta: 9:48:36  time: 0.3697  data_time: 0.0453  memory: 9057  loss: 1.0687  decode.loss_ohem: 0.7169  decode.acc_seg: 90.7105  aux_0.loss_ce: 0.3518  aux_0.acc_seg: 86.7765
2026/07/19 21:27:39 - mmengine - INFO - Iter(train) [ 65200/160000]  lr: 6.3182e-03  eta: 9:47:58  time: 0.3681  data_time: 0.0448  memory: 9058  loss: 1.1242  decode.loss_ohem: 0.7601  decode.acc_seg: 92.0439  aux_0.loss_ce: 0.3641  aux_0.acc_seg: 89.4500
2026/07/19 21:28:16 - mmengine - INFO - Iter(train) [ 65300/160000]  lr: 6.3122e-03  eta: 9:47:21  time: 0.3692  data_time: 0.0450  memory: 9057  loss: 1.1899  decode.loss_ohem: 0.8246  decode.acc_seg: 85.9360  aux_0.loss_ce: 0.3653  aux_0.acc_seg: 83.9248
2026/07/19 21:28:53 - mmengine - INFO - Iter(train) [ 65400/160000]  lr: 6.3062e-03  eta: 9:46:43  time: 0.3719  data_time: 0.0469  memory: 9058  loss: 1.0653  decode.loss_ohem: 0.7175  decode.acc_seg: 92.9865  aux_0.loss_ce: 0.3478  aux_0.acc_seg: 89.3433
2026/07/19 21:29:30 - mmengine - INFO - Iter(train) [ 65500/160000]  lr: 6.3002e-03  eta: 9:46:06  time: 0.3699  data_time: 0.0454  memory: 9058  loss: 1.2398  decode.loss_ohem: 0.8624  decode.acc_seg: 93.1103  aux_0.loss_ce: 0.3774  aux_0.acc_seg: 88.5805
2026/07/19 21:30:08 - mmengine - INFO - Iter(train) [ 65600/160000]  lr: 6.2942e-03  eta: 9:45:29  time: 0.3719  data_time: 0.0461  memory: 9057  loss: 1.1204  decode.loss_ohem: 0.7640  decode.acc_seg: 90.5040  aux_0.loss_ce: 0.3564  aux_0.acc_seg: 87.8614
2026/07/19 21:30:45 - mmengine - INFO - Iter(train) [ 65700/160000]  lr: 6.2882e-03  eta: 9:44:51  time: 0.3701  data_time: 0.0454  memory: 9057  loss: 1.0794  decode.loss_ohem: 0.7417  decode.acc_seg: 90.0169  aux_0.loss_ce: 0.3377  aux_0.acc_seg: 85.0172
2026/07/19 21:31:22 - mmengine - INFO - Iter(train) [ 65800/160000]  lr: 6.2822e-03  eta: 9:44:14  time: 0.3691  data_time: 0.0455  memory: 9057  loss: 1.1390  decode.loss_ohem: 0.7893  decode.acc_seg: 92.0201  aux_0.loss_ce: 0.3496  aux_0.acc_seg: 88.2584
2026/07/19 21:31:59 - mmengine - INFO - Iter(train) [ 65900/160000]  lr: 6.2762e-03  eta: 9:43:36  time: 0.3703  data_time: 0.0460  memory: 9057  loss: 1.1235  decode.loss_ohem: 0.7785  decode.acc_seg: 91.3976  aux_0.loss_ce: 0.3450  aux_0.acc_seg: 89.1006
2026/07/19 21:32:36 - mmengine - INFO - Exp name: dsanet_cityscapes_512x1024_20260719_144008
2026/07/19 21:32:36 - mmengine - INFO - Iter(train) [ 66000/160000]  lr: 6.2702e-03  eta: 9:42:59  time: 0.3784  data_time: 0.0452  memory: 9058  loss: 1.1583  decode.loss_ohem: 0.7788  decode.acc_seg: 90.1191  aux_0.loss_ce: 0.3795  aux_0.acc_seg: 85.1893
2026/07/19 21:33:13 - mmengine - INFO - Iter(train) [ 66100/160000]  lr: 6.2643e-03  eta: 9:42:21  time: 0.3710  data_time: 0.0461  memory: 9057  loss: 1.1691  decode.loss_ohem: 0.8111  decode.acc_seg: 90.2772  aux_0.loss_ce: 0.3580  aux_0.acc_seg: 86.0600
2026/07/19 21:33:50 - mmengine - INFO - Iter(train) [ 66200/160000]  lr: 6.2583e-03  eta: 9:41:44  time: 0.3703  data_time: 0.0462  memory: 9058  loss: 1.0448  decode.loss_ohem: 0.6978  decode.acc_seg: 92.7466  aux_0.loss_ce: 0.3470  aux_0.acc_seg: 85.4327
2026/07/19 21:34:27 - mmengine - INFO - Iter(train) [ 66300/160000]  lr: 6.2523e-03  eta: 9:41:06  time: 0.3689  data_time: 0.0449  memory: 9058  loss: 1.1280  decode.loss_ohem: 0.7744  decode.acc_seg: 88.3227  aux_0.loss_ce: 0.3536  aux_0.acc_seg: 82.8701
2026/07/19 21:35:04 - mmengine - INFO - Iter(train) [ 66400/160000]  lr: 6.2463e-03  eta: 9:40:29  time: 0.3721  data_time: 0.0471  memory: 9058  loss: 1.1009  decode.loss_ohem: 0.7757  decode.acc_seg: 91.2078  aux_0.loss_ce: 0.3252  aux_0.acc_seg: 87.7396
2026/07/19 21:35:41 - mmengine - INFO - Iter(train) [ 66500/160000]  lr: 6.2403e-03  eta: 9:39:51  time: 0.3688  data_time: 0.0440  memory: 9059  loss: 1.1325  decode.loss_ohem: 0.7336  decode.acc_seg: 90.0633  aux_0.loss_ce: 0.3989  aux_0.acc_seg: 87.3691
2026/07/19 21:36:18 - mmengine - INFO - Iter(train) [ 66600/160000]  lr: 6.2343e-03  eta: 9:39:14  time: 0.3686  data_time: 0.0442  memory: 9058  loss: 1.1090  decode.loss_ohem: 0.7470  decode.acc_seg: 89.4282  aux_0.loss_ce: 0.3620  aux_0.acc_seg: 84.8401
2026/07/19 21:36:55 - mmengine - INFO - Iter(train) [ 66700/160000]  lr: 6.2283e-03  eta: 9:38:36  time: 0.3697  data_time: 0.0454  memory: 9058  loss: 1.0610  decode.loss_ohem: 0.7332  decode.acc_seg: 91.2482  aux_0.loss_ce: 0.3279  aux_0.acc_seg: 87.1610
2026/07/19 21:37:32 - mmengine - INFO - Iter(train) [ 66800/160000]  lr: 6.2223e-03  eta: 9:37:59  time: 0.3719  data_time: 0.0467  memory: 9057  loss: 1.0857  decode.loss_ohem: 0.7567  decode.acc_seg: 94.4893  aux_0.loss_ce: 0.3290  aux_0.acc_seg: 88.5407
2026/07/19 21:38:09 - mmengine - INFO - Iter(train) [ 66900/160000]  lr: 6.2163e-03  eta: 9:37:21  time: 0.3696  data_time: 0.0453  memory: 9058  loss: 1.1501  decode.loss_ohem: 0.7898  decode.acc_seg: 90.8498  aux_0.loss_ce: 0.3603  aux_0.acc_seg: 86.7215
2026/07/19 21:38:46 - mmengine - INFO - Exp name: dsanet_cityscapes_512x1024_20260719_144008
2026/07/19 21:38:46 - mmengine - INFO - Iter(train) [ 67000/160000]  lr: 6.2103e-03  eta: 9:36:44  time: 0.3702  data_time: 0.0453  memory: 9058  loss: 1.1269  decode.loss_ohem: 0.7508  decode.acc_seg: 87.4177  aux_0.loss_ce: 0.3761  aux_0.acc_seg: 84.2580
2026/07/19 21:39:23 - mmengine - INFO - Iter(train) [ 67100/160000]  lr: 6.2043e-03  eta: 9:36:07  time: 0.3731  data_time: 0.0472  memory: 9058  loss: 1.1226  decode.loss_ohem: 0.7531  decode.acc_seg: 90.8424  aux_0.loss_ce: 0.3695  aux_0.acc_seg: 90.0917
2026/07/19 21:40:00 - mmengine - INFO - Iter(train) [ 67200/160000]  lr: 6.1983e-03  eta: 9:35:29  time: 0.3704  data_time: 0.0463  memory: 9058  loss: 1.0566  decode.loss_ohem: 0.7245  decode.acc_seg: 91.5296  aux_0.loss_ce: 0.3321  aux_0.acc_seg: 88.6994
2026/07/19 21:40:37 - mmengine - INFO - Iter(train) [ 67300/160000]  lr: 6.1923e-03  eta: 9:34:52  time: 0.3708  data_time: 0.0453  memory: 9059  loss: 1.1102  decode.loss_ohem: 0.7551  decode.acc_seg: 90.0825  aux_0.loss_ce: 0.3551  aux_0.acc_seg: 85.4949
2026/07/19 21:41:14 - mmengine - INFO - Iter(train) [ 67400/160000]  lr: 6.1863e-03  eta: 9:34:14  time: 0.3710  data_time: 0.0456  memory: 9057  loss: 1.1396  decode.loss_ohem: 0.7778  decode.acc_seg: 90.7702  aux_0.loss_ce: 0.3618  aux_0.acc_seg: 87.8180
2026/07/19 21:41:52 - mmengine - INFO - Iter(train) [ 67500/160000]  lr: 6.1803e-03  eta: 9:33:37  time: 0.3709  data_time: 0.0455  memory: 9057  loss: 1.1347  decode.loss_ohem: 0.7792  decode.acc_seg: 89.6781  aux_0.loss_ce: 0.3555  aux_0.acc_seg: 85.4176
2026/07/19 21:42:29 - mmengine - INFO - Iter(train) [ 67600/160000]  lr: 6.1743e-03  eta: 9:33:00  time: 0.3718  data_time: 0.0463  memory: 9056  loss: 1.1165  decode.loss_ohem: 0.7675  decode.acc_seg: 91.1733  aux_0.loss_ce: 0.3490  aux_0.acc_seg: 87.4139
2026/07/19 21:43:06 - mmengine - INFO - Iter(train) [ 67700/160000]  lr: 6.1683e-03  eta: 9:32:22  time: 0.3715  data_time: 0.0466  memory: 9057  loss: 1.1172  decode.loss_ohem: 0.7515  decode.acc_seg: 92.4564  aux_0.loss_ce: 0.3657  aux_0.acc_seg: 88.4180
2026/07/19 21:43:43 - mmengine - INFO - Iter(train) [ 67800/160000]  lr: 6.1623e-03  eta: 9:31:45  time: 0.3704  data_time: 0.0457  memory: 9059  loss: 1.2006  decode.loss_ohem: 0.8244  decode.acc_seg: 89.2217  aux_0.loss_ce: 0.3762  aux_0.acc_seg: 84.0636
2026/07/19 21:44:20 - mmengine - INFO - Iter(train) [ 67900/160000]  lr: 6.1563e-03  eta: 9:31:07  time: 0.3711  data_time: 0.0463  memory: 9057  loss: 1.0330  decode.loss_ohem: 0.7304  decode.acc_seg: 91.6863  aux_0.loss_ce: 0.3027  aux_0.acc_seg: 90.5635
2026/07/19 21:44:57 - mmengine - INFO - Exp name: dsanet_cityscapes_512x1024_20260719_144008
2026/07/19 21:44:57 - mmengine - INFO - Iter(train) [ 68000/160000]  lr: 6.1502e-03  eta: 9:30:30  time: 0.3704  data_time: 0.0460  memory: 9057  loss: 1.1300  decode.loss_ohem: 0.7691  decode.acc_seg: 93.7577  aux_0.loss_ce: 0.3610  aux_0.acc_seg: 90.1296
2026/07/19 21:45:34 - mmengine - INFO - Iter(train) [ 68100/160000]  lr: 6.1442e-03  eta: 9:29:53  time: 0.3715  data_time: 0.0462  memory: 9057  loss: 1.1625  decode.loss_ohem: 0.7955  decode.acc_seg: 91.3362  aux_0.loss_ce: 0.3670  aux_0.acc_seg: 86.1981
2026/07/19 21:46:11 - mmengine - INFO - Iter(train) [ 68200/160000]  lr: 6.1382e-03  eta: 9:29:15  time: 0.3711  data_time: 0.0460  memory: 9058  loss: 1.2085  decode.loss_ohem: 0.8084  decode.acc_seg: 90.0931  aux_0.loss_ce: 0.4001  aux_0.acc_seg: 84.3712
2026/07/19 21:46:48 - mmengine - INFO - Iter(train) [ 68300/160000]  lr: 6.1322e-03  eta: 9:28:38  time: 0.3701  data_time: 0.0462  memory: 9057  loss: 1.0415  decode.loss_ohem: 0.7232  decode.acc_seg: 92.8007  aux_0.loss_ce: 0.3183  aux_0.acc_seg: 87.5798
2026/07/19 21:47:25 - mmengine - INFO - Iter(train) [ 68400/160000]  lr: 6.1262e-03  eta: 9:28:00  time: 0.3717  data_time: 0.0463  memory: 9057  loss: 1.1641  decode.loss_ohem: 0.7832  decode.acc_seg: 92.4163  aux_0.loss_ce: 0.3809  aux_0.acc_seg: 89.8070
2026/07/19 21:48:02 - mmengine - INFO - Iter(train) [ 68500/160000]  lr: 6.1202e-03  eta: 9:27:23  time: 0.3689  data_time: 0.0449  memory: 9058  loss: 1.0883  decode.loss_ohem: 0.7354  decode.acc_seg: 88.8108  aux_0.loss_ce: 0.3529  aux_0.acc_seg: 83.7601
2026/07/19 21:48:39 - mmengine - INFO - Iter(train) [ 68600/160000]  lr: 6.1142e-03  eta: 9:26:46  time: 0.3715  data_time: 0.0462  memory: 9057  loss: 1.1418  decode.loss_ohem: 0.7664  decode.acc_seg: 92.3080  aux_0.loss_ce: 0.3754  aux_0.acc_seg: 88.8350
2026/07/19 21:49:16 - mmengine - INFO - Iter(train) [ 68700/160000]  lr: 6.1082e-03  eta: 9:26:08  time: 0.3727  data_time: 0.0467  memory: 9057  loss: 1.2175  decode.loss_ohem: 0.8013  decode.acc_seg: 90.9669  aux_0.loss_ce: 0.4162  aux_0.acc_seg: 86.0806
2026/07/19 21:49:54 - mmengine - INFO - Iter(train) [ 68800/160000]  lr: 6.1022e-03  eta: 9:25:31  time: 0.3729  data_time: 0.0460  memory: 9057  loss: 1.0343  decode.loss_ohem: 0.6960  decode.acc_seg: 91.4518  aux_0.loss_ce: 0.3382  aux_0.acc_seg: 86.0488
2026/07/19 21:50:31 - mmengine - INFO - Iter(train) [ 68900/160000]  lr: 6.0962e-03  eta: 9:24:54  time: 0.3691  data_time: 0.0439  memory: 9058  loss: 1.1612  decode.loss_ohem: 0.7555  decode.acc_seg: 89.3951  aux_0.loss_ce: 0.4057  aux_0.acc_seg: 84.2243
2026/07/19 21:51:08 - mmengine - INFO - Exp name: dsanet_cityscapes_512x1024_20260719_144008
2026/07/19 21:51:08 - mmengine - INFO - Iter(train) [ 69000/160000]  lr: 6.0901e-03  eta: 9:24:16  time: 0.3713  data_time: 0.0462  memory: 9057  loss: 1.1689  decode.loss_ohem: 0.7968  decode.acc_seg: 93.4228  aux_0.loss_ce: 0.3721  aux_0.acc_seg: 89.3936
2026/07/19 21:51:45 - mmengine - INFO - Iter(train) [ 69100/160000]  lr: 6.0841e-03  eta: 9:23:39  time: 0.3712  data_time: 0.0460  memory: 9057  loss: 1.0321  decode.loss_ohem: 0.7113  decode.acc_seg: 93.1224  aux_0.loss_ce: 0.3208  aux_0.acc_seg: 90.0339
2026/07/19 21:52:22 - mmengine - INFO - Iter(train) [ 69200/160000]  lr: 6.0781e-03  eta: 9:23:02  time: 0.3704  data_time: 0.0451  memory: 9057  loss: 1.1602  decode.loss_ohem: 0.7846  decode.acc_seg: 93.1365  aux_0.loss_ce: 0.3755  aux_0.acc_seg: 90.6482
2026/07/19 21:52:59 - mmengine - INFO - Iter(train) [ 69300/160000]  lr: 6.0721e-03  eta: 9:22:24  time: 0.3724  data_time: 0.0468  memory: 9058  loss: 1.0779  decode.loss_ohem: 0.7155  decode.acc_seg: 91.0279  aux_0.loss_ce: 0.3624  aux_0.acc_seg: 86.9444
2026/07/19 21:53:36 - mmengine - INFO - Iter(train) [ 69400/160000]  lr: 6.0661e-03  eta: 9:21:47  time: 0.3714  data_time: 0.0462  memory: 9058  loss: 1.1394  decode.loss_ohem: 0.7789  decode.acc_seg: 89.9691  aux_0.loss_ce: 0.3605  aux_0.acc_seg: 85.8589
2026/07/19 21:54:14 - mmengine - INFO - Iter(train) [ 69500/160000]  lr: 6.0601e-03  eta: 9:21:10  time: 0.3705  data_time: 0.0450  memory: 9058  loss: 1.1267  decode.loss_ohem: 0.7664  decode.acc_seg: 90.9175  aux_0.loss_ce: 0.3603  aux_0.acc_seg: 87.9264
2026/07/19 21:54:51 - mmengine - INFO - Iter(train) [ 69600/160000]  lr: 6.0541e-03  eta: 9:20:33  time: 0.3709  data_time: 0.0449  memory: 9057  loss: 1.0053  decode.loss_ohem: 0.6749  decode.acc_seg: 91.6464  aux_0.loss_ce: 0.3304  aux_0.acc_seg: 85.7959
2026/07/19 21:55:28 - mmengine - INFO - Iter(train) [ 69700/160000]  lr: 6.0480e-03  eta: 9:19:55  time: 0.3720  data_time: 0.0468  memory: 9057  loss: 1.1943  decode.loss_ohem: 0.8362  decode.acc_seg: 87.3186  aux_0.loss_ce: 0.3581  aux_0.acc_seg: 83.6252
2026/07/19 21:56:05 - mmengine - INFO - Iter(train) [ 69800/160000]  lr: 6.0420e-03  eta: 9:19:18  time: 0.3699  data_time: 0.0453  memory: 9058  loss: 1.0474  decode.loss_ohem: 0.7206  decode.acc_seg: 93.0589  aux_0.loss_ce: 0.3268  aux_0.acc_seg: 88.4982
2026/07/19 21:56:42 - mmengine - INFO - Iter(train) [ 69900/160000]  lr: 6.0360e-03  eta: 9:18:41  time: 0.3717  data_time: 0.0466  memory: 9058  loss: 1.1370  decode.loss_ohem: 0.8038  decode.acc_seg: 90.2967  aux_0.loss_ce: 0.3332  aux_0.acc_seg: 88.0434
2026/07/19 21:57:19 - mmengine - INFO - Exp name: dsanet_cityscapes_512x1024_20260719_144008
2026/07/19 21:57:19 - mmengine - INFO - Iter(train) [ 70000/160000]  lr: 6.0300e-03  eta: 9:18:03  time: 0.3703  data_time: 0.0449  memory: 9057  loss: 1.0726  decode.loss_ohem: 0.7473  decode.acc_seg: 90.5981  aux_0.loss_ce: 0.3253  aux_0.acc_seg: 88.0827
2026/07/19 21:57:19 - mmengine - INFO - Saving checkpoint at 70000 iterations
2026/07/19 21:57:25 - mmengine - INFO - Iter(val) [100/250]    eta: 0:00:07  time: 0.0508  data_time: 0.0182  memory: 790  
2026/07/19 21:57:30 - mmengine - INFO - Iter(val) [200/250]    eta: 0:00:02  time: 0.0516  data_time: 0.0189  memory: 790  
2026/07/19 21:57:32 - mmengine - INFO - per class results:
2026/07/19 21:57:32 - mmengine - INFO - 
+---------------+-------+-------+
|     Class     |  IoU  |  Acc  |
+---------------+-------+-------+
|      road     | 96.37 | 97.74 |
|    sidewalk   | 76.42 |  87.6 |
|    building   | 87.13 | 94.25 |
|      wall     |  41.7 | 49.07 |
|     fence     | 31.05 | 36.82 |
|      pole     |  52.9 | 68.92 |
| traffic light | 47.87 |  62.0 |
|  traffic sign | 62.65 | 69.39 |
|   vegetation  | 89.98 | 95.46 |
|    terrain    | 57.18 | 71.35 |
|      sky      | 91.14 | 98.06 |
|     person    | 70.87 | 81.12 |
|     rider     | 45.85 | 65.23 |
|      car      | 90.84 | 94.92 |
|     truck     | 42.38 | 58.85 |
|      bus      | 62.02 | 85.16 |
|     train     | 37.76 | 53.44 |
|   motorcycle  | 31.15 | 32.99 |
|    bicycle    | 65.76 | 83.23 |
+---------------+-------+-------+
2026/07/19 21:57:32 - mmengine - INFO - Iter(val) [250/250]    aAcc: 93.4400  mIoU: 62.1600  mAcc: 72.9300  data_time: 0.0189  time: 0.0514
2026/07/19 21:58:10 - mmengine - INFO - Iter(train) [ 70100/160000]  lr: 6.0240e-03  eta: 9:17:26  time: 0.3711  data_time: 0.0455  memory: 9058  loss: 1.0782  decode.loss_ohem: 0.7236  decode.acc_seg: 90.3174  aux_0.loss_ce: 0.3546  aux_0.acc_seg: 85.3910
2026/07/19 21:58:47 - mmengine - INFO - Iter(train) [ 70200/160000]  lr: 6.0179e-03  eta: 9:16:49  time: 0.3724  data_time: 0.0462  memory: 9058  loss: 1.1327  decode.loss_ohem: 0.7622  decode.acc_seg: 90.0933  aux_0.loss_ce: 0.3705  aux_0.acc_seg: 85.7779
2026/07/19 21:59:24 - mmengine - INFO - Iter(train) [ 70300/160000]  lr: 6.0119e-03  eta: 9:16:11  time: 0.3739  data_time: 0.0471  memory: 9058  loss: 1.0547  decode.loss_ohem: 0.7111  decode.acc_seg: 91.6054  aux_0.loss_ce: 0.3437  aux_0.acc_seg: 88.4388
2026/07/19 22:00:01 - mmengine - INFO - Iter(train) [ 70400/160000]  lr: 6.0059e-03  eta: 9:15:34  time: 0.3730  data_time: 0.0468  memory: 9057  loss: 1.1025  decode.loss_ohem: 0.7408  decode.acc_seg: 90.8134  aux_0.loss_ce: 0.3617  aux_0.acc_seg: 86.5690
2026/07/19 22:00:38 - mmengine - INFO - Iter(train) [ 70500/160000]  lr: 5.9999e-03  eta: 9:14:57  time: 0.3718  data_time: 0.0457  memory: 9056  loss: 1.1303  decode.loss_ohem: 0.7785  decode.acc_seg: 91.1340  aux_0.loss_ce: 0.3518  aux_0.acc_seg: 88.0144
2026/07/19 22:01:16 - mmengine - INFO - Iter(train) [ 70600/160000]  lr: 5.9938e-03  eta: 9:14:20  time: 0.3702  data_time: 0.0450  memory: 9058  loss: 1.1062  decode.loss_ohem: 0.7409  decode.acc_seg: 92.0669  aux_0.loss_ce: 0.3653  aux_0.acc_seg: 88.4735
2026/07/19 22:01:53 - mmengine - INFO - Iter(train) [ 70700/160000]  lr: 5.9878e-03  eta: 9:13:42  time: 0.3697  data_time: 0.0449  memory: 9058  loss: 1.0510  decode.loss_ohem: 0.7228  decode.acc_seg: 90.9651  aux_0.loss_ce: 0.3282  aux_0.acc_seg: 87.3857
2026/07/19 22:02:30 - mmengine - INFO - Iter(train) [ 70800/160000]  lr: 5.9818e-03  eta: 9:13:05  time: 0.3695  data_time: 0.0447  memory: 9057  loss: 1.0850  decode.loss_ohem: 0.7582  decode.acc_seg: 90.1855  aux_0.loss_ce: 0.3267  aux_0.acc_seg: 88.0008
2026/07/19 22:03:07 - mmengine - INFO - Iter(train) [ 70900/160000]  lr: 5.9758e-03  eta: 9:12:28  time: 0.3711  data_time: 0.0457  memory: 9057  loss: 1.2109  decode.loss_ohem: 0.8244  decode.acc_seg: 90.2247  aux_0.loss_ce: 0.3865  aux_0.acc_seg: 86.7536
2026/07/19 22:03:44 - mmengine - INFO - Exp name: dsanet_cityscapes_512x1024_20260719_144008
2026/07/19 22:03:44 - mmengine - INFO - Iter(train) [ 71000/160000]  lr: 5.9697e-03  eta: 9:11:51  time: 0.3745  data_time: 0.0481  memory: 9059  loss: 1.0717  decode.loss_ohem: 0.7230  decode.acc_seg: 90.2510  aux_0.loss_ce: 0.3487  aux_0.acc_seg: 85.2466
2026/07/19 22:04:21 - mmengine - INFO - Iter(train) [ 71100/160000]  lr: 5.9637e-03  eta: 9:11:13  time: 0.3732  data_time: 0.0473  memory: 9058  loss: 1.0092  decode.loss_ohem: 0.7042  decode.acc_seg: 93.1496  aux_0.loss_ce: 0.3050  aux_0.acc_seg: 89.3893
2026/07/19 22:04:58 - mmengine - INFO - Iter(train) [ 71200/160000]  lr: 5.9577e-03  eta: 9:10:36  time: 0.3726  data_time: 0.0469  memory: 9058  loss: 1.0645  decode.loss_ohem: 0.7261  decode.acc_seg: 89.3345  aux_0.loss_ce: 0.3384  aux_0.acc_seg: 86.4938
2026/07/19 22:05:36 - mmengine - INFO - Iter(train) [ 71300/160000]  lr: 5.9517e-03  eta: 9:09:59  time: 0.3698  data_time: 0.0453  memory: 9057  loss: 1.1787  decode.loss_ohem: 0.8184  decode.acc_seg: 90.9600  aux_0.loss_ce: 0.3603  aux_0.acc_seg: 85.5503
2026/07/19 22:06:13 - mmengine - INFO - Iter(train) [ 71400/160000]  lr: 5.9456e-03  eta: 9:09:21  time: 0.3740  data_time: 0.0480  memory: 9057  loss: 1.1057  decode.loss_ohem: 0.7404  decode.acc_seg: 84.5669  aux_0.loss_ce: 0.3653  aux_0.acc_seg: 75.4533
2026/07/19 22:06:50 - mmengine - INFO - Iter(train) [ 71500/160000]  lr: 5.9396e-03  eta: 9:08:44  time: 0.3715  data_time: 0.0456  memory: 9058  loss: 1.0793  decode.loss_ohem: 0.7371  decode.acc_seg: 89.0494  aux_0.loss_ce: 0.3422  aux_0.acc_seg: 87.3372
2026/07/19 22:07:27 - mmengine - INFO - Iter(train) [ 71600/160000]  lr: 5.9336e-03  eta: 9:08:07  time: 0.3709  data_time: 0.0454  memory: 9059  loss: 1.1816  decode.loss_ohem: 0.8114  decode.acc_seg: 91.5742  aux_0.loss_ce: 0.3703  aux_0.acc_seg: 87.9419
2026/07/19 22:08:04 - mmengine - INFO - Iter(train) [ 71700/160000]  lr: 5.9275e-03  eta: 9:07:30  time: 0.3709  data_time: 0.0463  memory: 9057  loss: 0.9683  decode.loss_ohem: 0.6605  decode.acc_seg: 92.9213  aux_0.loss_ce: 0.3078  aux_0.acc_seg: 90.8004
2026/07/19 22:08:41 - mmengine - INFO - Iter(train) [ 71800/160000]  lr: 5.9215e-03  eta: 9:06:52  time: 0.3697  data_time: 0.0447  memory: 9057  loss: 1.0443  decode.loss_ohem: 0.7293  decode.acc_seg: 91.1155  aux_0.loss_ce: 0.3150  aux_0.acc_seg: 88.2793
2026/07/19 22:09:18 - mmengine - INFO - Iter(train) [ 71900/160000]  lr: 5.9155e-03  eta: 9:06:15  time: 0.3712  data_time: 0.0471  memory: 9057  loss: 1.0321  decode.loss_ohem: 0.7119  decode.acc_seg: 89.8918  aux_0.loss_ce: 0.3202  aux_0.acc_seg: 86.6487
2026/07/19 22:09:56 - mmengine - INFO - Exp name: dsanet_cityscapes_512x1024_20260719_144008
2026/07/19 22:09:56 - mmengine - INFO - Iter(train) [ 72000/160000]  lr: 5.9094e-03  eta: 9:05:38  time: 0.3719  data_time: 0.0463  memory: 9058  loss: 1.0890  decode.loss_ohem: 0.7310  decode.acc_seg: 91.2644  aux_0.loss_ce: 0.3580  aux_0.acc_seg: 85.1720
2026/07/19 22:10:33 - mmengine - INFO - Iter(train) [ 72100/160000]  lr: 5.9034e-03  eta: 9:05:00  time: 0.3703  data_time: 0.0450  memory: 9059  loss: 1.0691  decode.loss_ohem: 0.7262  decode.acc_seg: 92.7184  aux_0.loss_ce: 0.3429  aux_0.acc_seg: 89.7050
2026/07/19 22:11:10 - mmengine - INFO - Iter(train) [ 72200/160000]  lr: 5.8974e-03  eta: 9:04:23  time: 0.3717  data_time: 0.0459  memory: 9057  loss: 1.0859  decode.loss_ohem: 0.7514  decode.acc_seg: 93.1575  aux_0.loss_ce: 0.3345  aux_0.acc_seg: 90.5392
2026/07/19 22:11:47 - mmengine - INFO - Iter(train) [ 72300/160000]  lr: 5.8913e-03  eta: 9:03:46  time: 0.3715  data_time: 0.0463  memory: 9058  loss: 1.0441  decode.loss_ohem: 0.6997  decode.acc_seg: 93.2592  aux_0.loss_ce: 0.3444  aux_0.acc_seg: 89.2743
2026/07/19 22:12:24 - mmengine - INFO - Iter(train) [ 72400/160000]  lr: 5.8853e-03  eta: 9:03:09  time: 0.3697  data_time: 0.0447  memory: 9057  loss: 1.0732  decode.loss_ohem: 0.7311  decode.acc_seg: 90.9642  aux_0.loss_ce: 0.3421  aux_0.acc_seg: 89.0492
2026/07/19 22:13:01 - mmengine - INFO - Iter(train) [ 72500/160000]  lr: 5.8793e-03  eta: 9:02:31  time: 0.3695  data_time: 0.0450  memory: 9057  loss: 1.0407  decode.loss_ohem: 0.7076  decode.acc_seg: 92.0155  aux_0.loss_ce: 0.3332  aux_0.acc_seg: 91.0254
2026/07/19 22:13:39 - mmengine - INFO - Iter(train) [ 72600/160000]  lr: 5.8732e-03  eta: 9:01:54  time: 0.3702  data_time: 0.0449  memory: 9057  loss: 1.0216  decode.loss_ohem: 0.6878  decode.acc_seg: 91.2868  aux_0.loss_ce: 0.3337  aux_0.acc_seg: 88.2606
2026/07/19 22:14:16 - mmengine - INFO - Iter(train) [ 72700/160000]  lr: 5.8672e-03  eta: 9:01:17  time: 0.3713  data_time: 0.0465  memory: 9057  loss: 1.1294  decode.loss_ohem: 0.7639  decode.acc_seg: 87.3281  aux_0.loss_ce: 0.3655  aux_0.acc_seg: 82.8145
2026/07/19 22:14:53 - mmengine - INFO - Iter(train) [ 72800/160000]  lr: 5.8612e-03  eta: 9:00:39  time: 0.3714  data_time: 0.0463  memory: 9057  loss: 1.0719  decode.loss_ohem: 0.7286  decode.acc_seg: 89.7871  aux_0.loss_ce: 0.3433  aux_0.acc_seg: 87.8331
2026/07/19 22:15:30 - mmengine - INFO - Iter(train) [ 72900/160000]  lr: 5.8551e-03  eta: 9:00:02  time: 0.3717  data_time: 0.0464  memory: 9056  loss: 1.1719  decode.loss_ohem: 0.8009  decode.acc_seg: 89.8297  aux_0.loss_ce: 0.3710  aux_0.acc_seg: 87.4193
2026/07/19 22:16:07 - mmengine - INFO - Exp name: dsanet_cityscapes_512x1024_20260719_144008
2026/07/19 22:16:07 - mmengine - INFO - Iter(train) [ 73000/160000]  lr: 5.8491e-03  eta: 8:59:25  time: 0.3701  data_time: 0.0454  memory: 9058  loss: 1.0979  decode.loss_ohem: 0.7658  decode.acc_seg: 93.3525  aux_0.loss_ce: 0.3321  aux_0.acc_seg: 91.7858
2026/07/19 22:16:44 - mmengine - INFO - Iter(train) [ 73100/160000]  lr: 5.8430e-03  eta: 8:58:48  time: 0.3716  data_time: 0.0469  memory: 9058  loss: 1.1351  decode.loss_ohem: 0.7704  decode.acc_seg: 91.1312  aux_0.loss_ce: 0.3647  aux_0.acc_seg: 86.2712
2026/07/19 22:17:21 - mmengine - INFO - Iter(train) [ 73200/160000]  lr: 5.8370e-03  eta: 8:58:10  time: 0.3746  data_time: 0.0483  memory: 9057  loss: 1.1516  decode.loss_ohem: 0.8053  decode.acc_seg: 93.3255  aux_0.loss_ce: 0.3464  aux_0.acc_seg: 90.0204
2026/07/19 22:17:59 - mmengine - INFO - Iter(train) [ 73300/160000]  lr: 5.8309e-03  eta: 8:57:33  time: 0.3714  data_time: 0.0460  memory: 9057  loss: 1.0542  decode.loss_ohem: 0.7221  decode.acc_seg: 93.5255  aux_0.loss_ce: 0.3321  aux_0.acc_seg: 88.4247
2026/07/19 22:18:36 - mmengine - INFO - Iter(train) [ 73400/160000]  lr: 5.8249e-03  eta: 8:56:56  time: 0.3733  data_time: 0.0469  memory: 9056  loss: 1.1143  decode.loss_ohem: 0.7650  decode.acc_seg: 87.5119  aux_0.loss_ce: 0.3494  aux_0.acc_seg: 83.9120
2026/07/19 22:19:13 - mmengine - INFO - Iter(train) [ 73500/160000]  lr: 5.8189e-03  eta: 8:56:19  time: 0.3752  data_time: 0.0479  memory: 9057  loss: 1.1333  decode.loss_ohem: 0.7483  decode.acc_seg: 91.7643  aux_0.loss_ce: 0.3850  aux_0.acc_seg: 84.7949
2026/07/19 22:19:51 - mmengine - INFO - Iter(train) [ 73600/160000]  lr: 5.8128e-03  eta: 8:55:42  time: 0.3706  data_time: 0.0451  memory: 9057  loss: 1.0703  decode.loss_ohem: 0.7374  decode.acc_seg: 91.1865  aux_0.loss_ce: 0.3329  aux_0.acc_seg: 87.8512
2026/07/19 22:20:28 - mmengine - INFO - Iter(train) [ 73700/160000]  lr: 5.8068e-03  eta: 8:55:05  time: 0.3714  data_time: 0.0458  memory: 9059  loss: 1.1653  decode.loss_ohem: 0.7804  decode.acc_seg: 90.9735  aux_0.loss_ce: 0.3849  aux_0.acc_seg: 87.5158
2026/07/19 22:21:05 - mmengine - INFO - Iter(train) [ 73800/160000]  lr: 5.8007e-03  eta: 8:54:27  time: 0.3736  data_time: 0.0478  memory: 9057  loss: 1.1486  decode.loss_ohem: 0.7987  decode.acc_seg: 89.7534  aux_0.loss_ce: 0.3499  aux_0.acc_seg: 82.0739
2026/07/19 22:21:42 - mmengine - INFO - Iter(train) [ 73900/160000]  lr: 5.7947e-03  eta: 8:53:50  time: 0.3721  data_time: 0.0459  memory: 9057  loss: 1.0667  decode.loss_ohem: 0.7423  decode.acc_seg: 90.7524  aux_0.loss_ce: 0.3244  aux_0.acc_seg: 87.3908
2026/07/19 22:22:19 - mmengine - INFO - Exp name: dsanet_cityscapes_512x1024_20260719_144008
2026/07/19 22:22:19 - mmengine - INFO - Iter(train) [ 74000/160000]  lr: 5.7886e-03  eta: 8:53:13  time: 0.3716  data_time: 0.0457  memory: 9058  loss: 1.1003  decode.loss_ohem: 0.7560  decode.acc_seg: 91.9223  aux_0.loss_ce: 0.3443  aux_0.acc_seg: 88.4459
2026/07/19 22:22:57 - mmengine - INFO - Iter(train) [ 74100/160000]  lr: 5.7826e-03  eta: 8:52:36  time: 0.3712  data_time: 0.0459  memory: 9058  loss: 1.1469  decode.loss_ohem: 0.7917  decode.acc_seg: 94.1609  aux_0.loss_ce: 0.3551  aux_0.acc_seg: 92.1489
2026/07/19 22:23:34 - mmengine - INFO - Iter(train) [ 74200/160000]  lr: 5.7765e-03  eta: 8:51:59  time: 0.3711  data_time: 0.0459  memory: 9058  loss: 1.0763  decode.loss_ohem: 0.7431  decode.acc_seg: 92.3623  aux_0.loss_ce: 0.3332  aux_0.acc_seg: 89.8028
2026/07/19 22:24:11 - mmengine - INFO - Iter(train) [ 74300/160000]  lr: 5.7705e-03  eta: 8:51:21  time: 0.3715  data_time: 0.0460  memory: 9057  loss: 1.0455  decode.loss_ohem: 0.6969  decode.acc_seg: 91.3343  aux_0.loss_ce: 0.3486  aux_0.acc_seg: 84.6600
2026/07/19 22:24:48 - mmengine - INFO - Iter(train) [ 74400/160000]  lr: 5.7644e-03  eta: 8:50:44  time: 0.3714  data_time: 0.0457  memory: 9059  loss: 1.0875  decode.loss_ohem: 0.7453  decode.acc_seg: 90.8668  aux_0.loss_ce: 0.3422  aux_0.acc_seg: 83.1353
2026/07/19 22:25:25 - mmengine - INFO - Iter(train) [ 74500/160000]  lr: 5.7584e-03  eta: 8:50:07  time: 0.3713  data_time: 0.0458  memory: 9057  loss: 1.1274  decode.loss_ohem: 0.7561  decode.acc_seg: 90.4494  aux_0.loss_ce: 0.3713  aux_0.acc_seg: 86.4132
2026/07/19 22:26:03 - mmengine - INFO - Iter(train) [ 74600/160000]  lr: 5.7523e-03  eta: 8:49:30  time: 0.3717  data_time: 0.0464  memory: 9059  loss: 0.9466  decode.loss_ohem: 0.6529  decode.acc_seg: 92.6756  aux_0.loss_ce: 0.2937  aux_0.acc_seg: 88.5328
2026/07/19 22:26:40 - mmengine - INFO - Iter(train) [ 74700/160000]  lr: 5.7463e-03  eta: 8:48:53  time: 0.3729  data_time: 0.0461  memory: 9057  loss: 1.1151  decode.loss_ohem: 0.7466  decode.acc_seg: 92.8663  aux_0.loss_ce: 0.3685  aux_0.acc_seg: 89.5113
2026/07/19 22:27:17 - mmengine - INFO - Iter(train) [ 74800/160000]  lr: 5.7402e-03  eta: 8:48:15  time: 0.3717  data_time: 0.0461  memory: 9060  loss: 1.0775  decode.loss_ohem: 0.7450  decode.acc_seg: 92.7111  aux_0.loss_ce: 0.3324  aux_0.acc_seg: 89.5404
2026/07/19 22:27:54 - mmengine - INFO - Iter(train) [ 74900/160000]  lr: 5.7342e-03  eta: 8:47:38  time: 0.3725  data_time: 0.0461  memory: 9057  loss: 1.0434  decode.loss_ohem: 0.7383  decode.acc_seg: 93.5633  aux_0.loss_ce: 0.3051  aux_0.acc_seg: 89.8525
2026/07/19 22:28:31 - mmengine - INFO - Exp name: dsanet_cityscapes_512x1024_20260719_144008
2026/07/19 22:28:31 - mmengine - INFO - Iter(train) [ 75000/160000]  lr: 5.7281e-03  eta: 8:47:01  time: 0.3713  data_time: 0.0464  memory: 9058  loss: 1.1099  decode.loss_ohem: 0.7551  decode.acc_seg: 89.7182  aux_0.loss_ce: 0.3549  aux_0.acc_seg: 85.1791
2026/07/19 22:28:31 - mmengine - INFO - Saving checkpoint at 75000 iterations
2026/07/19 22:28:37 - mmengine - INFO - Iter(val) [100/250]    eta: 0:00:07  time: 0.0500  data_time: 0.0176  memory: 790  
2026/07/19 22:28:42 - mmengine - INFO - Iter(val) [200/250]    eta: 0:00:02  time: 0.0514  data_time: 0.0184  memory: 790  
2026/07/19 22:28:45 - mmengine - INFO - per class results:
2026/07/19 22:28:45 - mmengine - INFO - 
+---------------+-------+-------+
|     Class     |  IoU  |  Acc  |
+---------------+-------+-------+
|      road     | 97.06 | 98.18 |
|    sidewalk   | 78.69 | 88.31 |
|    building   | 88.52 | 95.12 |
|      wall     | 39.65 | 46.56 |
|     fence     | 43.45 | 53.73 |
|      pole     | 52.17 | 63.77 |
| traffic light | 45.34 | 52.78 |
|  traffic sign | 62.97 | 74.57 |
|   vegetation  |  89.4 | 96.42 |
|    terrain    | 55.31 | 63.74 |
|      sky      | 92.46 |  95.3 |
|     person    | 71.33 | 84.73 |
|     rider     | 48.66 |  67.7 |
|      car      | 91.02 | 95.01 |
|     truck     | 46.43 | 63.94 |
|      bus      | 54.39 | 62.83 |
|     train     |  45.7 |  69.3 |
|   motorcycle  | 32.19 | 35.83 |
|    bicycle    | 66.38 | 78.92 |
+---------------+-------+-------+
2026/07/19 22:28:45 - mmengine - INFO - Iter(val) [250/250]    aAcc: 93.8800  mIoU: 63.2200  mAcc: 72.9900  data_time: 0.0195  time: 0.0522
2026/07/19 22:28:45 - mmengine - INFO - The previous best checkpoint /root/autodl-tmp/DSANet-main/tools/work_dirs/dsanet_cityscapes_512x1024/best_mIoU_iter_55000.pth is removed
2026/07/19 22:28:46 - mmengine - INFO - The best checkpoint with 63.2200 mIoU at 75000 iter is saved to best_mIoU_iter_75000.pth.
2026/07/19 22:29:23 - mmengine - INFO - Iter(train) [ 75100/160000]  lr: 5.7221e-03  eta: 8:46:25  time: 0.3705  data_time: 0.0465  memory: 9057  loss: 1.1294  decode.loss_ohem: 0.7831  decode.acc_seg: 89.1597  aux_0.loss_ce: 0.3464  aux_0.acc_seg: 84.3480
2026/07/19 22:30:00 - mmengine - INFO - Iter(train) [ 75200/160000]  lr: 5.7160e-03  eta: 8:45:47  time: 0.3692  data_time: 0.0450  memory: 9057  loss: 1.1797  decode.loss_ohem: 0.8006  decode.acc_seg: 88.2778  aux_0.loss_ce: 0.3791  aux_0.acc_seg: 80.7504
2026/07/19 22:30:37 - mmengine - INFO - Iter(train) [ 75300/160000]  lr: 5.7100e-03  eta: 8:45:10  time: 0.3722  data_time: 0.0463  memory: 9059  loss: 1.0532  decode.loss_ohem: 0.7065  decode.acc_seg: 90.1144  aux_0.loss_ce: 0.3466  aux_0.acc_seg: 87.4646
2026/07/19 22:31:14 - mmengine - INFO - Iter(train) [ 75400/160000]  lr: 5.7039e-03  eta: 8:44:33  time: 0.3728  data_time: 0.0462  memory: 9058  loss: 1.0968  decode.loss_ohem: 0.7548  decode.acc_seg: 89.3578  aux_0.loss_ce: 0.3420  aux_0.acc_seg: 83.8404
2026/07/19 22:31:52 - mmengine - INFO - Iter(train) [ 75500/160000]  lr: 5.6978e-03  eta: 8:43:56  time: 0.3716  data_time: 0.0461  memory: 9057  loss: 1.0509  decode.loss_ohem: 0.7159  decode.acc_seg: 94.2002  aux_0.loss_ce: 0.3350  aux_0.acc_seg: 89.1460
2026/07/19 22:32:29 - mmengine - INFO - Iter(train) [ 75600/160000]  lr: 5.6918e-03  eta: 8:43:18  time: 0.3743  data_time: 0.0473  memory: 9058  loss: 1.1768  decode.loss_ohem: 0.7967  decode.acc_seg: 90.8773  aux_0.loss_ce: 0.3801  aux_0.acc_seg: 86.3206
2026/07/19 22:33:06 - mmengine - INFO - Iter(train) [ 75700/160000]  lr: 5.6857e-03  eta: 8:42:41  time: 0.3728  data_time: 0.0472  memory: 9057  loss: 1.1307  decode.loss_ohem: 0.7586  decode.acc_seg: 91.1654  aux_0.loss_ce: 0.3721  aux_0.acc_seg: 88.0805
2026/07/19 22:33:43 - mmengine - INFO - Iter(train) [ 75800/160000]  lr: 5.6797e-03  eta: 8:42:04  time: 0.3724  data_time: 0.0470  memory: 9058  loss: 1.1847  decode.loss_ohem: 0.8071  decode.acc_seg: 90.0118  aux_0.loss_ce: 0.3776  aux_0.acc_seg: 86.6808
2026/07/19 22:34:20 - mmengine - INFO - Iter(train) [ 75900/160000]  lr: 5.6736e-03  eta: 8:41:27  time: 0.3726  data_time: 0.0466  memory: 9057  loss: 1.0900  decode.loss_ohem: 0.7416  decode.acc_seg: 92.2460  aux_0.loss_ce: 0.3484  aux_0.acc_seg: 86.5922
2026/07/19 22:34:58 - mmengine - INFO - Exp name: dsanet_cityscapes_512x1024_20260719_144008
2026/07/19 22:34:58 - mmengine - INFO - Iter(train) [ 76000/160000]  lr: 5.6675e-03  eta: 8:40:49  time: 0.3715  data_time: 0.0459  memory: 9057  loss: 1.0434  decode.loss_ohem: 0.7287  decode.acc_seg: 92.8430  aux_0.loss_ce: 0.3147  aux_0.acc_seg: 87.9693
2026/07/19 22:35:35 - mmengine - INFO - Iter(train) [ 76100/160000]  lr: 5.6615e-03  eta: 8:40:12  time: 0.3722  data_time: 0.0454  memory: 9057  loss: 1.1064  decode.loss_ohem: 0.7542  decode.acc_seg: 90.5494  aux_0.loss_ce: 0.3522  aux_0.acc_seg: 87.2300
2026/07/19 22:36:12 - mmengine - INFO - Iter(train) [ 76200/160000]  lr: 5.6554e-03  eta: 8:39:35  time: 0.3710  data_time: 0.0448  memory: 9057  loss: 1.1424  decode.loss_ohem: 0.7884  decode.acc_seg: 93.5711  aux_0.loss_ce: 0.3540  aux_0.acc_seg: 89.8340
2026/07/19 22:36:49 - mmengine - INFO - Iter(train) [ 76300/160000]  lr: 5.6494e-03  eta: 8:38:58  time: 0.3726  data_time: 0.0465  memory: 9058  loss: 1.1407  decode.loss_ohem: 0.7979  decode.acc_seg: 92.6985  aux_0.loss_ce: 0.3428  aux_0.acc_seg: 88.5493
2026/07/19 22:37:26 - mmengine - INFO - Iter(train) [ 76400/160000]  lr: 5.6433e-03  eta: 8:38:21  time: 0.3725  data_time: 0.0466  memory: 9057  loss: 1.0760  decode.loss_ohem: 0.7359  decode.acc_seg: 89.9980  aux_0.loss_ce: 0.3401  aux_0.acc_seg: 85.6724
2026/07/19 22:38:03 - mmengine - INFO - Iter(train) [ 76500/160000]  lr: 5.6372e-03  eta: 8:37:43  time: 0.3714  data_time: 0.0461  memory: 9056  loss: 1.1135  decode.loss_ohem: 0.7722  decode.acc_seg: 87.8571  aux_0.loss_ce: 0.3413  aux_0.acc_seg: 83.8908
2026/07/19 22:38:41 - mmengine - INFO - Iter(train) [ 76600/160000]  lr: 5.6312e-03  eta: 8:37:06  time: 0.3730  data_time: 0.0472  memory: 9057  loss: 1.1762  decode.loss_ohem: 0.8081  decode.acc_seg: 87.9511  aux_0.loss_ce: 0.3680  aux_0.acc_seg: 83.7421
2026/07/19 22:39:18 - mmengine - INFO - Iter(train) [ 76700/160000]  lr: 5.6251e-03  eta: 8:36:29  time: 0.3714  data_time: 0.0455  memory: 9057  loss: 1.1415  decode.loss_ohem: 0.7723  decode.acc_seg: 91.6711  aux_0.loss_ce: 0.3692  aux_0.acc_seg: 85.7086
2026/07/19 22:39:55 - mmengine - INFO - Iter(train) [ 76800/160000]  lr: 5.6190e-03  eta: 8:35:52  time: 0.3740  data_time: 0.0472  memory: 9057  loss: 1.1357  decode.loss_ohem: 0.7674  decode.acc_seg: 91.3024  aux_0.loss_ce: 0.3683  aux_0.acc_seg: 87.8309
2026/07/19 22:40:32 - mmengine - INFO - Iter(train) [ 76900/160000]  lr: 5.6130e-03  eta: 8:35:15  time: 0.3734  data_time: 0.0471  memory: 9057  loss: 1.1141  decode.loss_ohem: 0.7431  decode.acc_seg: 90.0071  aux_0.loss_ce: 0.3710  aux_0.acc_seg: 84.5270
2026/07/19 22:41:10 - mmengine - INFO - Exp name: dsanet_cityscapes_512x1024_20260719_144008
2026/07/19 22:41:10 - mmengine - INFO - Iter(train) [ 77000/160000]  lr: 5.6069e-03  eta: 8:34:37  time: 0.3737  data_time: 0.0475  memory: 9056  loss: 1.1108  decode.loss_ohem: 0.7446  decode.acc_seg: 93.5179  aux_0.loss_ce: 0.3661  aux_0.acc_seg: 90.0681
2026/07/19 22:41:47 - mmengine - INFO - Iter(train) [ 77100/160000]  lr: 5.6008e-03  eta: 8:34:00  time: 0.3715  data_time: 0.0454  memory: 9057  loss: 1.1071  decode.loss_ohem: 0.7468  decode.acc_seg: 94.1785  aux_0.loss_ce: 0.3602  aux_0.acc_seg: 88.5976
2026/07/19 22:42:24 - mmengine - INFO - Iter(train) [ 77200/160000]  lr: 5.5948e-03  eta: 8:33:23  time: 0.3708  data_time: 0.0457  memory: 9057  loss: 1.0804  decode.loss_ohem: 0.7248  decode.acc_seg: 92.6207  aux_0.loss_ce: 0.3556  aux_0.acc_seg: 86.7387
2026/07/19 22:43:01 - mmengine - INFO - Iter(train) [ 77300/160000]  lr: 5.5887e-03  eta: 8:32:46  time: 0.3725  data_time: 0.0472  memory: 9057  loss: 1.0790  decode.loss_ohem: 0.7594  decode.acc_seg: 93.7982  aux_0.loss_ce: 0.3196  aux_0.acc_seg: 90.7432
2026/07/19 22:43:38 - mmengine - INFO - Iter(train) [ 77400/160000]  lr: 5.5826e-03  eta: 8:32:08  time: 0.3723  data_time: 0.0462  memory: 9058  loss: 1.1247  decode.loss_ohem: 0.7761  decode.acc_seg: 93.2016  aux_0.loss_ce: 0.3486  aux_0.acc_seg: 89.4175
2026/07/19 22:44:16 - mmengine - INFO - Iter(train) [ 77500/160000]  lr: 5.5765e-03  eta: 8:31:31  time: 0.3725  data_time: 0.0463  memory: 9056  loss: 1.0399  decode.loss_ohem: 0.7045  decode.acc_seg: 90.9078  aux_0.loss_ce: 0.3355  aux_0.acc_seg: 85.5074
2026/07/19 22:44:53 - mmengine - INFO - Iter(train) [ 77600/160000]  lr: 5.5705e-03  eta: 8:30:54  time: 0.3721  data_time: 0.0463  memory: 9057  loss: 1.0394  decode.loss_ohem: 0.7028  decode.acc_seg: 92.6009  aux_0.loss_ce: 0.3366  aux_0.acc_seg: 87.1864
2026/07/19 22:45:30 - mmengine - INFO - Iter(train) [ 77700/160000]  lr: 5.5644e-03  eta: 8:30:17  time: 0.3721  data_time: 0.0467  memory: 9060  loss: 1.1475  decode.loss_ohem: 0.7811  decode.acc_seg: 87.7788  aux_0.loss_ce: 0.3663  aux_0.acc_seg: 84.8042
2026/07/19 22:46:07 - mmengine - INFO - Iter(train) [ 77800/160000]  lr: 5.5583e-03  eta: 8:29:40  time: 0.3707  data_time: 0.0459  memory: 9057  loss: 1.0404  decode.loss_ohem: 0.7448  decode.acc_seg: 93.6379  aux_0.loss_ce: 0.2956  aux_0.acc_seg: 89.1692
2026/07/19 22:46:44 - mmengine - INFO - Iter(train) [ 77900/160000]  lr: 5.5522e-03  eta: 8:29:02  time: 0.3703  data_time: 0.0455  memory: 9057  loss: 1.0928  decode.loss_ohem: 0.7736  decode.acc_seg: 89.9037  aux_0.loss_ce: 0.3191  aux_0.acc_seg: 88.8979
2026/07/19 22:47:22 - mmengine - INFO - Exp name: dsanet_cityscapes_512x1024_20260719_144008
2026/07/19 22:47:22 - mmengine - INFO - Iter(train) [ 78000/160000]  lr: 5.5462e-03  eta: 8:28:25  time: 0.3721  data_time: 0.0459  memory: 9058  loss: 1.0858  decode.loss_ohem: 0.7145  decode.acc_seg: 92.3316  aux_0.loss_ce: 0.3714  aux_0.acc_seg: 89.2588
2026/07/19 22:47:59 - mmengine - INFO - Iter(train) [ 78100/160000]  lr: 5.5401e-03  eta: 8:27:48  time: 0.3715  data_time: 0.0465  memory: 9057  loss: 1.1056  decode.loss_ohem: 0.7570  decode.acc_seg: 90.6078  aux_0.loss_ce: 0.3485  aux_0.acc_seg: 88.7230
2026/07/19 22:48:36 - mmengine - INFO - Iter(train) [ 78200/160000]  lr: 5.5340e-03  eta: 8:27:11  time: 0.3721  data_time: 0.0460  memory: 9057  loss: 1.0824  decode.loss_ohem: 0.7491  decode.acc_seg: 93.2925  aux_0.loss_ce: 0.3333  aux_0.acc_seg: 90.6574
2026/07/19 22:49:13 - mmengine - INFO - Iter(train) [ 78300/160000]  lr: 5.5279e-03  eta: 8:26:33  time: 0.3728  data_time: 0.0470  memory: 9057  loss: 1.0729  decode.loss_ohem: 0.7469  decode.acc_seg: 88.5330  aux_0.loss_ce: 0.3260  aux_0.acc_seg: 83.8238
2026/07/19 22:49:50 - mmengine - INFO - Iter(train) [ 78400/160000]  lr: 5.5219e-03  eta: 8:25:56  time: 0.3703  data_time: 0.0459  memory: 9057  loss: 0.9883  decode.loss_ohem: 0.6774  decode.acc_seg: 92.5421  aux_0.loss_ce: 0.3109  aux_0.acc_seg: 89.5163
2026/07/19 22:50:28 - mmengine - INFO - Iter(train) [ 78500/160000]  lr: 5.5158e-03  eta: 8:25:19  time: 0.3707  data_time: 0.0459  memory: 9058  loss: 1.0265  decode.loss_ohem: 0.6984  decode.acc_seg: 89.2717  aux_0.loss_ce: 0.3281  aux_0.acc_seg: 83.8638
2026/07/19 22:51:05 - mmengine - INFO - Iter(train) [ 78600/160000]  lr: 5.5097e-03  eta: 8:24:42  time: 0.3706  data_time: 0.0456  memory: 9058  loss: 0.9916  decode.loss_ohem: 0.6968  decode.acc_seg: 94.4199  aux_0.loss_ce: 0.2948  aux_0.acc_seg: 90.4513
2026/07/19 22:51:42 - mmengine - INFO - Iter(train) [ 78700/160000]  lr: 5.5036e-03  eta: 8:24:05  time: 0.3697  data_time: 0.0449  memory: 9057  loss: 1.1074  decode.loss_ohem: 0.7657  decode.acc_seg: 90.7393  aux_0.loss_ce: 0.3416  aux_0.acc_seg: 86.5025
2026/07/19 22:52:19 - mmengine - INFO - Iter(train) [ 78800/160000]  lr: 5.4975e-03  eta: 8:23:27  time: 0.3737  data_time: 0.0480  memory: 9056  loss: 1.0628  decode.loss_ohem: 0.7437  decode.acc_seg: 91.8828  aux_0.loss_ce: 0.3191  aux_0.acc_seg: 86.4130
2026/07/19 22:52:56 - mmengine - INFO - Iter(train) [ 78900/160000]  lr: 5.4914e-03  eta: 8:22:50  time: 0.3720  data_time: 0.0461  memory: 9057  loss: 1.1363  decode.loss_ohem: 0.7818  decode.acc_seg: 87.4739  aux_0.loss_ce: 0.3545  aux_0.acc_seg: 82.6252
2026/07/19 22:53:33 - mmengine - INFO - Exp name: dsanet_cityscapes_512x1024_20260719_144008
2026/07/19 22:53:33 - mmengine - INFO - Iter(train) [ 79000/160000]  lr: 5.4854e-03  eta: 8:22:13  time: 0.3691  data_time: 0.0439  memory: 9057  loss: 1.1490  decode.loss_ohem: 0.7567  decode.acc_seg: 89.7009  aux_0.loss_ce: 0.3923  aux_0.acc_seg: 84.2933
2026/07/19 22:54:11 - mmengine - INFO - Iter(train) [ 79100/160000]  lr: 5.4793e-03  eta: 8:21:36  time: 0.3709  data_time: 0.0460  memory: 9059  loss: 1.0663  decode.loss_ohem: 0.7171  decode.acc_seg: 89.4890  aux_0.loss_ce: 0.3492  aux_0.acc_seg: 83.2635
2026/07/19 22:54:48 - mmengine - INFO - Iter(train) [ 79200/160000]  lr: 5.4732e-03  eta: 8:20:58  time: 0.3711  data_time: 0.0457  memory: 9057  loss: 1.0788  decode.loss_ohem: 0.7410  decode.acc_seg: 92.5939  aux_0.loss_ce: 0.3378  aux_0.acc_seg: 88.3488
2026/07/19 22:55:25 - mmengine - INFO - Iter(train) [ 79300/160000]  lr: 5.4671e-03  eta: 8:20:21  time: 0.3699  data_time: 0.0452  memory: 9057  loss: 1.0998  decode.loss_ohem: 0.7603  decode.acc_seg: 90.1150  aux_0.loss_ce: 0.3395  aux_0.acc_seg: 85.0359
2026/07/19 22:56:02 - mmengine - INFO - Iter(train) [ 79400/160000]  lr: 5.4610e-03  eta: 8:19:44  time: 0.3718  data_time: 0.0466  memory: 9057  loss: 1.1067  decode.loss_ohem: 0.7526  decode.acc_seg: 91.0576  aux_0.loss_ce: 0.3542  aux_0.acc_seg: 88.2881
2026/07/19 22:56:39 - mmengine - INFO - Iter(train) [ 79500/160000]  lr: 5.4549e-03  eta: 8:19:07  time: 0.3699  data_time: 0.0455  memory: 9056  loss: 1.0307  decode.loss_ohem: 0.7167  decode.acc_seg: 92.9888  aux_0.loss_ce: 0.3141  aux_0.acc_seg: 87.9532
2026/07/19 22:57:17 - mmengine - INFO - Iter(train) [ 79600/160000]  lr: 5.4488e-03  eta: 8:18:29  time: 0.3706  data_time: 0.0455  memory: 9056  loss: 1.0960  decode.loss_ohem: 0.7668  decode.acc_seg: 93.5465  aux_0.loss_ce: 0.3291  aux_0.acc_seg: 90.9320
2026/07/19 22:57:54 - mmengine - INFO - Iter(train) [ 79700/160000]  lr: 5.4428e-03  eta: 8:17:52  time: 0.3717  data_time: 0.0462  memory: 9057  loss: 1.0767  decode.loss_ohem: 0.7000  decode.acc_seg: 89.0739  aux_0.loss_ce: 0.3767  aux_0.acc_seg: 84.4923
2026/07/19 22:58:31 - mmengine - INFO - Iter(train) [ 79800/160000]  lr: 5.4367e-03  eta: 8:17:15  time: 0.3739  data_time: 0.0474  memory: 9058  loss: 1.0639  decode.loss_ohem: 0.7183  decode.acc_seg: 92.5936  aux_0.loss_ce: 0.3456  aux_0.acc_seg: 88.2890
2026/07/19 22:59:08 - mmengine - INFO - Iter(train) [ 79900/160000]  lr: 5.4306e-03  eta: 8:16:38  time: 0.3710  data_time: 0.0460  memory: 9057  loss: 1.2291  decode.loss_ohem: 0.8522  decode.acc_seg: 92.0399  aux_0.loss_ce: 0.3769  aux_0.acc_seg: 88.8636
2026/07/19 22:59:45 - mmengine - INFO - Exp name: dsanet_cityscapes_512x1024_20260719_144008
2026/07/19 22:59:45 - mmengine - INFO - Iter(train) [ 80000/160000]  lr: 5.4245e-03  eta: 8:16:00  time: 0.3736  data_time: 0.0473  memory: 9057  loss: 1.0673  decode.loss_ohem: 0.7226  decode.acc_seg: 89.8289  aux_0.loss_ce: 0.3446  aux_0.acc_seg: 85.8341
2026/07/19 22:59:45 - mmengine - INFO - Saving checkpoint at 80000 iterations
2026/07/19 22:59:51 - mmengine - INFO - Iter(val) [100/250]    eta: 0:00:08  time: 0.0515  data_time: 0.0187  memory: 790  
2026/07/19 22:59:56 - mmengine - INFO - Iter(val) [200/250]    eta: 0:00:02  time: 0.0509  data_time: 0.0183  memory: 790  
2026/07/19 22:59:59 - mmengine - INFO - per class results:
2026/07/19 22:59:59 - mmengine - INFO - 
+---------------+-------+-------+
|     Class     |  IoU  |  Acc  |
+---------------+-------+-------+
|      road     | 95.96 | 96.65 |
|    sidewalk   | 73.53 | 91.58 |
|    building   | 87.86 | 93.55 |
|      wall     | 32.16 | 37.94 |
|     fence     | 46.57 | 60.22 |
|      pole     | 52.89 | 68.51 |
| traffic light | 47.02 | 55.28 |
|  traffic sign |  64.0 | 70.78 |
|   vegetation  | 89.38 |  95.7 |
|    terrain    | 53.88 | 59.86 |
|      sky      | 90.32 | 98.33 |
|     person    | 71.08 | 84.57 |
|     rider     | 47.13 | 63.96 |
|      car      | 90.77 | 95.14 |
|     truck     | 44.56 | 55.23 |
|      bus      | 61.95 | 82.94 |
|     train     | 25.65 | 66.88 |
|   motorcycle  | 33.87 | 38.55 |
|    bicycle    | 64.43 | 83.91 |
+---------------+-------+-------+
2026/07/19 22:59:59 - mmengine - INFO - Iter(val) [250/250]    aAcc: 93.2100  mIoU: 61.7400  mAcc: 73.6600  data_time: 0.0196  time: 0.0522
2026/07/19 23:00:36 - mmengine - INFO - Iter(train) [ 80100/160000]  lr: 5.4184e-03  eta: 8:15:23  time: 0.3716  data_time: 0.0466  memory: 9058  loss: 1.0851  decode.loss_ohem: 0.7340  decode.acc_seg: 91.8948  aux_0.loss_ce: 0.3511  aux_0.acc_seg: 88.8999
2026/07/19 23:01:13 - mmengine - INFO - Iter(train) [ 80200/160000]  lr: 5.4123e-03  eta: 8:14:46  time: 0.3731  data_time: 0.0472  memory: 9057  loss: 1.0553  decode.loss_ohem: 0.7137  decode.acc_seg: 92.3014  aux_0.loss_ce: 0.3417  aux_0.acc_seg: 87.3677
2026/07/19 23:01:50 - mmengine - INFO - Iter(train) [ 80300/160000]  lr: 5.4062e-03  eta: 8:14:09  time: 0.3713  data_time: 0.0457  memory: 9057  loss: 1.0716  decode.loss_ohem: 0.7164  decode.acc_seg: 90.1852  aux_0.loss_ce: 0.3552  aux_0.acc_seg: 84.9008
2026/07/19 23:02:28 - mmengine - INFO - Iter(train) [ 80400/160000]  lr: 5.4001e-03  eta: 8:13:32  time: 0.3733  data_time: 0.0483  memory: 9056  loss: 1.0720  decode.loss_ohem: 0.7435  decode.acc_seg: 91.3778  aux_0.loss_ce: 0.3285  aux_0.acc_seg: 87.1974
2026/07/19 23:03:05 - mmengine - INFO - Iter(train) [ 80500/160000]  lr: 5.3940e-03  eta: 8:12:54  time: 0.3711  data_time: 0.0458  memory: 9056  loss: 1.0874  decode.loss_ohem: 0.7416  decode.acc_seg: 90.8387  aux_0.loss_ce: 0.3459  aux_0.acc_seg: 88.6469
2026/07/19 23:03:42 - mmengine - INFO - Iter(train) [ 80600/160000]  lr: 5.3879e-03  eta: 8:12:17  time: 0.3726  data_time: 0.0468  memory: 9056  loss: 1.0412  decode.loss_ohem: 0.7105  decode.acc_seg: 91.5247  aux_0.loss_ce: 0.3307  aux_0.acc_seg: 88.0743
2026/07/19 23:04:19 - mmengine - INFO - Iter(train) [ 80700/160000]  lr: 5.3818e-03  eta: 8:11:40  time: 0.3714  data_time: 0.0461  memory: 9057  loss: 1.0669  decode.loss_ohem: 0.7224  decode.acc_seg: 89.6765  aux_0.loss_ce: 0.3444  aux_0.acc_seg: 83.5697
2026/07/19 23:04:56 - mmengine - INFO - Iter(train) [ 80800/160000]  lr: 5.3757e-03  eta: 8:11:03  time: 0.3727  data_time: 0.0464  memory: 9056  loss: 1.1458  decode.loss_ohem: 0.7905  decode.acc_seg: 90.5671  aux_0.loss_ce: 0.3553  aux_0.acc_seg: 83.4097
2026/07/19 23:05:33 - mmengine - INFO - Iter(train) [ 80900/160000]  lr: 5.3696e-03  eta: 8:10:25  time: 0.3713  data_time: 0.0457  memory: 9057  loss: 1.1658  decode.loss_ohem: 0.7994  decode.acc_seg: 93.7851  aux_0.loss_ce: 0.3664  aux_0.acc_seg: 88.6639
2026/07/19 23:06:11 - mmengine - INFO - Exp name: dsanet_cityscapes_512x1024_20260719_144008
2026/07/19 23:06:11 - mmengine - INFO - Iter(train) [ 81000/160000]  lr: 5.3635e-03  eta: 8:09:48  time: 0.3704  data_time: 0.0452  memory: 9057  loss: 1.0734  decode.loss_ohem: 0.7351  decode.acc_seg: 89.2323  aux_0.loss_ce: 0.3383  aux_0.acc_seg: 83.1367
2026/07/19 23:06:48 - mmengine - INFO - Iter(train) [ 81100/160000]  lr: 5.3574e-03  eta: 8:09:11  time: 0.3709  data_time: 0.0462  memory: 9058  loss: 1.0482  decode.loss_ohem: 0.7045  decode.acc_seg: 91.7793  aux_0.loss_ce: 0.3437  aux_0.acc_seg: 85.7485
2026/07/19 23:07:25 - mmengine - INFO - Iter(train) [ 81200/160000]  lr: 5.3513e-03  eta: 8:08:34  time: 0.3725  data_time: 0.0465  memory: 9057  loss: 1.1506  decode.loss_ohem: 0.7721  decode.acc_seg: 90.9865  aux_0.loss_ce: 0.3785  aux_0.acc_seg: 84.3037
2026/07/19 23:08:02 - mmengine - INFO - Iter(train) [ 81300/160000]  lr: 5.3452e-03  eta: 8:07:57  time: 0.3709  data_time: 0.0464  memory: 9056  loss: 1.2572  decode.loss_ohem: 0.8769  decode.acc_seg: 85.7806  aux_0.loss_ce: 0.3804  aux_0.acc_seg: 82.7407
2026/07/19 23:08:39 - mmengine - INFO - Iter(train) [ 81400/160000]  lr: 5.3391e-03  eta: 8:07:19  time: 0.3718  data_time: 0.0464  memory: 9063  loss: 1.1071  decode.loss_ohem: 0.7622  decode.acc_seg: 91.7480  aux_0.loss_ce: 0.3449  aux_0.acc_seg: 87.2059
2026/07/19 23:09:17 - mmengine - INFO - Iter(train) [ 81500/160000]  lr: 5.3330e-03  eta: 8:06:42  time: 0.3718  data_time: 0.0458  memory: 9057  loss: 1.1018  decode.loss_ohem: 0.7526  decode.acc_seg: 91.3898  aux_0.loss_ce: 0.3492  aux_0.acc_seg: 87.3992
2026/07/19 23:09:54 - mmengine - INFO - Iter(train) [ 81600/160000]  lr: 5.3269e-03  eta: 8:06:05  time: 0.3720  data_time: 0.0470  memory: 9058  loss: 1.1424  decode.loss_ohem: 0.8121  decode.acc_seg: 91.8455  aux_0.loss_ce: 0.3303  aux_0.acc_seg: 87.3402
2026/07/19 23:10:31 - mmengine - INFO - Iter(train) [ 81700/160000]  lr: 5.3208e-03  eta: 8:05:28  time: 0.3736  data_time: 0.0466  memory: 9057  loss: 1.1085  decode.loss_ohem: 0.7362  decode.acc_seg: 91.2286  aux_0.loss_ce: 0.3723  aux_0.acc_seg: 84.8526
2026/07/19 23:11:08 - mmengine - INFO - Iter(train) [ 81800/160000]  lr: 5.3147e-03  eta: 8:04:50  time: 0.3729  data_time: 0.0473  memory: 9057  loss: 1.0889  decode.loss_ohem: 0.7239  decode.acc_seg: 91.6761  aux_0.loss_ce: 0.3649  aux_0.acc_seg: 86.2946
2026/07/19 23:11:45 - mmengine - INFO - Iter(train) [ 81900/160000]  lr: 5.3086e-03  eta: 8:04:13  time: 0.3716  data_time: 0.0461  memory: 9057  loss: 1.1103  decode.loss_ohem: 0.7351  decode.acc_seg: 93.0595  aux_0.loss_ce: 0.3752  aux_0.acc_seg: 87.0460
2026/07/19 23:12:22 - mmengine - INFO - Exp name: dsanet_cityscapes_512x1024_20260719_144008
2026/07/19 23:12:22 - mmengine - INFO - Iter(train) [ 82000/160000]  lr: 5.3025e-03  eta: 8:03:36  time: 0.3705  data_time: 0.0456  memory: 9058  loss: 1.0889  decode.loss_ohem: 0.7500  decode.acc_seg: 92.5471  aux_0.loss_ce: 0.3389  aux_0.acc_seg: 88.0439
2026/07/19 23:13:00 - mmengine - INFO - Iter(train) [ 82100/160000]  lr: 5.2964e-03  eta: 8:02:59  time: 0.3727  data_time: 0.0467  memory: 9058  loss: 1.1408  decode.loss_ohem: 0.7531  decode.acc_seg: 93.0472  aux_0.loss_ce: 0.3877  aux_0.acc_seg: 91.1883
2026/07/19 23:13:37 - mmengine - INFO - Iter(train) [ 82200/160000]  lr: 5.2903e-03  eta: 8:02:21  time: 0.3726  data_time: 0.0467  memory: 9058  loss: 1.0218  decode.loss_ohem: 0.7087  decode.acc_seg: 93.8154  aux_0.loss_ce: 0.3131  aux_0.acc_seg: 90.8102
2026/07/19 23:14:14 - mmengine - INFO - Iter(train) [ 82300/160000]  lr: 5.2842e-03  eta: 8:01:44  time: 0.3714  data_time: 0.0466  memory: 9056  loss: 1.2085  decode.loss_ohem: 0.8227  decode.acc_seg: 92.2967  aux_0.loss_ce: 0.3858  aux_0.acc_seg: 86.7435
2026/07/19 23:14:51 - mmengine - INFO - Iter(train) [ 82400/160000]  lr: 5.2781e-03  eta: 8:01:07  time: 0.3695  data_time: 0.0452  memory: 9058  loss: 1.0297  decode.loss_ohem: 0.7103  decode.acc_seg: 93.8327  aux_0.loss_ce: 0.3193  aux_0.acc_seg: 90.8610
2026/07/19 23:15:28 - mmengine - INFO - Iter(train) [ 82500/160000]  lr: 5.2720e-03  eta: 8:00:30  time: 0.3690  data_time: 0.0444  memory: 9057  loss: 1.0651  decode.loss_ohem: 0.7265  decode.acc_seg: 91.1327  aux_0.loss_ce: 0.3386  aux_0.acc_seg: 85.1419
2026/07/19 23:16:05 - mmengine - INFO - Iter(train) [ 82600/160000]  lr: 5.2659e-03  eta: 7:59:52  time: 0.3718  data_time: 0.0460  memory: 9056  loss: 1.1387  decode.loss_ohem: 0.7663  decode.acc_seg: 92.8342  aux_0.loss_ce: 0.3724  aux_0.acc_seg: 86.6731
2026/07/19 23:16:43 - mmengine - INFO - Iter(train) [ 82700/160000]  lr: 5.2597e-03  eta: 7:59:15  time: 0.3715  data_time: 0.0461  memory: 9059  loss: 1.0333  decode.loss_ohem: 0.6901  decode.acc_seg: 91.0925  aux_0.loss_ce: 0.3431  aux_0.acc_seg: 86.8021
2026/07/19 23:17:20 - mmengine - INFO - Iter(train) [ 82800/160000]  lr: 5.2536e-03  eta: 7:58:38  time: 0.3705  data_time: 0.0459  memory: 9056  loss: 1.0838  decode.loss_ohem: 0.7486  decode.acc_seg: 90.4931  aux_0.loss_ce: 0.3351  aux_0.acc_seg: 87.2060
2026/07/19 23:17:57 - mmengine - INFO - Iter(train) [ 82900/160000]  lr: 5.2475e-03  eta: 7:58:01  time: 0.3712  data_time: 0.0460  memory: 9057  loss: 1.0864  decode.loss_ohem: 0.7491  decode.acc_seg: 94.2403  aux_0.loss_ce: 0.3373  aux_0.acc_seg: 90.7634
2026/07/19 23:18:34 - mmengine - INFO - Exp name: dsanet_cityscapes_512x1024_20260719_144008
2026/07/19 23:18:34 - mmengine - INFO - Iter(train) [ 83000/160000]  lr: 5.2414e-03  eta: 7:57:23  time: 0.3707  data_time: 0.0463  memory: 9056  loss: 1.0899  decode.loss_ohem: 0.7380  decode.acc_seg: 92.1661  aux_0.loss_ce: 0.3519  aux_0.acc_seg: 88.5380
2026/07/19 23:19:11 - mmengine - INFO - Iter(train) [ 83100/160000]  lr: 5.2353e-03  eta: 7:56:46  time: 0.3731  data_time: 0.0467  memory: 9057  loss: 1.1561  decode.loss_ohem: 0.8021  decode.acc_seg: 90.4497  aux_0.loss_ce: 0.3540  aux_0.acc_seg: 80.9083
2026/07/19 23:19:48 - mmengine - INFO - Iter(train) [ 83200/160000]  lr: 5.2292e-03  eta: 7:56:09  time: 0.3710  data_time: 0.0460  memory: 9057  loss: 1.0718  decode.loss_ohem: 0.7305  decode.acc_seg: 91.6513  aux_0.loss_ce: 0.3413  aux_0.acc_seg: 87.3211
2026/07/19 23:20:26 - mmengine - INFO - Iter(train) [ 83300/160000]  lr: 5.2231e-03  eta: 7:55:32  time: 0.3720  data_time: 0.0466  memory: 9057  loss: 1.0969  decode.loss_ohem: 0.7605  decode.acc_seg: 90.5697  aux_0.loss_ce: 0.3365  aux_0.acc_seg: 86.5842
2026/07/19 23:21:03 - mmengine - INFO - Iter(train) [ 83400/160000]  lr: 5.2169e-03  eta: 7:54:54  time: 0.3706  data_time: 0.0458  memory: 9057  loss: 1.0358  decode.loss_ohem: 0.7099  decode.acc_seg: 92.1139  aux_0.loss_ce: 0.3259  aux_0.acc_seg: 88.5624
2026/07/19 23:21:40 - mmengine - INFO - Iter(train) [ 83500/160000]  lr: 5.2108e-03  eta: 7:54:17  time: 0.3735  data_time: 0.0473  memory: 9057  loss: 1.0825  decode.loss_ohem: 0.7342  decode.acc_seg: 91.7008  aux_0.loss_ce: 0.3483  aux_0.acc_seg: 87.4542
2026/07/19 23:22:17 - mmengine - INFO - Iter(train) [ 83600/160000]  lr: 5.2047e-03  eta: 7:53:40  time: 0.3737  data_time: 0.0473  memory: 9059  loss: 1.1749  decode.loss_ohem: 0.7592  decode.acc_seg: 91.8999  aux_0.loss_ce: 0.4156  aux_0.acc_seg: 86.3469
2026/07/19 23:22:54 - mmengine - INFO - Iter(train) [ 83700/160000]  lr: 5.1986e-03  eta: 7:53:03  time: 0.3726  data_time: 0.0478  memory: 9057  loss: 1.0852  decode.loss_ohem: 0.7497  decode.acc_seg: 91.5545  aux_0.loss_ce: 0.3355  aux_0.acc_seg: 87.6194
2026/07/19 23:23:31 - mmengine - INFO - Iter(train) [ 83800/160000]  lr: 5.1925e-03  eta: 7:52:25  time: 0.3706  data_time: 0.0454  memory: 9057  loss: 1.2151  decode.loss_ohem: 0.8274  decode.acc_seg: 92.7477  aux_0.loss_ce: 0.3877  aux_0.acc_seg: 88.5433
2026/07/19 23:24:09 - mmengine - INFO - Iter(train) [ 83900/160000]  lr: 5.1863e-03  eta: 7:51:48  time: 0.3706  data_time: 0.0453  memory: 9057  loss: 1.1006  decode.loss_ohem: 0.7354  decode.acc_seg: 90.6980  aux_0.loss_ce: 0.3652  aux_0.acc_seg: 82.5073
2026/07/19 23:24:46 - mmengine - INFO - Exp name: dsanet_cityscapes_512x1024_20260719_144008
2026/07/19 23:24:46 - mmengine - INFO - Iter(train) [ 84000/160000]  lr: 5.1802e-03  eta: 7:51:11  time: 0.3707  data_time: 0.0456  memory: 9058  loss: 1.0474  decode.loss_ohem: 0.7110  decode.acc_seg: 92.1052  aux_0.loss_ce: 0.3364  aux_0.acc_seg: 88.8592
2026/07/19 23:25:23 - mmengine - INFO - Iter(train) [ 84100/160000]  lr: 5.1741e-03  eta: 7:50:34  time: 0.3709  data_time: 0.0458  memory: 9057  loss: 1.0381  decode.loss_ohem: 0.7087  decode.acc_seg: 94.5156  aux_0.loss_ce: 0.3294  aux_0.acc_seg: 90.1171
2026/07/19 23:26:00 - mmengine - INFO - Iter(train) [ 84200/160000]  lr: 5.1680e-03  eta: 7:49:57  time: 0.3704  data_time: 0.0463  memory: 9057  loss: 1.1061  decode.loss_ohem: 0.7561  decode.acc_seg: 94.1310  aux_0.loss_ce: 0.3500  aux_0.acc_seg: 89.4374
2026/07/19 23:26:37 - mmengine - INFO - Iter(train) [ 84300/160000]  lr: 5.1618e-03  eta: 7:49:19  time: 0.3716  data_time: 0.0461  memory: 9057  loss: 1.0747  decode.loss_ohem: 0.7289  decode.acc_seg: 91.7907  aux_0.loss_ce: 0.3458  aux_0.acc_seg: 85.6232
2026/07/19 23:27:14 - mmengine - INFO - Iter(train) [ 84400/160000]  lr: 5.1557e-03  eta: 7:48:42  time: 0.3711  data_time: 0.0458  memory: 9057  loss: 1.1696  decode.loss_ohem: 0.7985  decode.acc_seg: 85.6321  aux_0.loss_ce: 0.3712  aux_0.acc_seg: 79.8309
2026/07/19 23:27:52 - mmengine - INFO - Iter(train) [ 84500/160000]  lr: 5.1496e-03  eta: 7:48:05  time: 0.3707  data_time: 0.0458  memory: 9060  loss: 1.1231  decode.loss_ohem: 0.7844  decode.acc_seg: 91.7424  aux_0.loss_ce: 0.3387  aux_0.acc_seg: 88.9710
2026/07/19 23:28:29 - mmengine - INFO - Iter(train) [ 84600/160000]  lr: 5.1435e-03  eta: 7:47:28  time: 0.3730  data_time: 0.0482  memory: 9056  loss: 0.9922  decode.loss_ohem: 0.6834  decode.acc_seg: 92.4338  aux_0.loss_ce: 0.3088  aux_0.acc_seg: 87.8593
2026/07/19 23:29:06 - mmengine - INFO - Iter(train) [ 84700/160000]  lr: 5.1373e-03  eta: 7:46:50  time: 0.3714  data_time: 0.0459  memory: 9057  loss: 1.1857  decode.loss_ohem: 0.8340  decode.acc_seg: 90.0222  aux_0.loss_ce: 0.3517  aux_0.acc_seg: 86.7702
2026/07/19 23:29:43 - mmengine - INFO - Iter(train) [ 84800/160000]  lr: 5.1312e-03  eta: 7:46:13  time: 0.3706  data_time: 0.0447  memory: 9057  loss: 1.1008  decode.loss_ohem: 0.7633  decode.acc_seg: 93.6341  aux_0.loss_ce: 0.3375  aux_0.acc_seg: 89.9362
2026/07/19 23:30:20 - mmengine - INFO - Iter(train) [ 84900/160000]  lr: 5.1251e-03  eta: 7:45:36  time: 0.3716  data_time: 0.0462  memory: 9057  loss: 1.0589  decode.loss_ohem: 0.7196  decode.acc_seg: 90.6639  aux_0.loss_ce: 0.3393  aux_0.acc_seg: 87.3308
2026/07/19 23:30:57 - mmengine - INFO - Exp name: dsanet_cityscapes_512x1024_20260719_144008
2026/07/19 23:30:57 - mmengine - INFO - Iter(train) [ 85000/160000]  lr: 5.1190e-03  eta: 7:44:59  time: 0.3713  data_time: 0.0458  memory: 9057  loss: 1.0982  decode.loss_ohem: 0.7623  decode.acc_seg: 90.6766  aux_0.loss_ce: 0.3359  aux_0.acc_seg: 85.0223
2026/07/19 23:30:57 - mmengine - INFO - Saving checkpoint at 85000 iterations
2026/07/19 23:31:03 - mmengine - INFO - Iter(val) [100/250]    eta: 0:00:08  time: 0.0515  data_time: 0.0187  memory: 790  
2026/07/19 23:31:09 - mmengine - INFO - Iter(val) [200/250]    eta: 0:00:02  time: 0.0515  data_time: 0.0184  memory: 790  
2026/07/19 23:31:11 - mmengine - INFO - per class results:
2026/07/19 23:31:11 - mmengine - INFO - 
+---------------+-------+-------+
|     Class     |  IoU  |  Acc  |
+---------------+-------+-------+
|      road     | 97.04 | 98.91 |
|    sidewalk   | 78.35 | 85.55 |
|    building   | 89.03 | 93.73 |
|      wall     | 40.86 | 46.27 |
|     fence     |  48.6 | 73.57 |
|      pole     | 53.96 |  71.5 |
| traffic light | 51.38 |  64.9 |
|  traffic sign | 64.95 | 74.52 |
|   vegetation  |  90.3 | 96.06 |
|    terrain    | 57.42 | 64.66 |
|      sky      |  93.0 | 97.33 |
|     person    | 72.04 | 82.51 |
|     rider     | 47.36 | 61.48 |
|      car      | 91.37 | 96.06 |
|     truck     | 47.02 | 51.13 |
|      bus      | 62.29 | 86.66 |
|     train     | 40.43 | 57.91 |
|   motorcycle  | 39.05 | 44.06 |
|    bicycle    | 67.83 | 83.32 |
+---------------+-------+-------+
2026/07/19 23:31:11 - mmengine - INFO - Iter(val) [250/250]    aAcc: 94.1200  mIoU: 64.8600  mAcc: 75.2700  data_time: 0.0198  time: 0.0527
2026/07/19 23:31:11 - mmengine - INFO - The previous best checkpoint /root/autodl-tmp/DSANet-main/tools/work_dirs/dsanet_cityscapes_512x1024/best_mIoU_iter_75000.pth is removed
2026/07/19 23:31:12 - mmengine - INFO - The best checkpoint with 64.8600 mIoU at 85000 iter is saved to best_mIoU_iter_85000.pth.
2026/07/19 23:31:49 - mmengine - INFO - Iter(train) [ 85100/160000]  lr: 5.1128e-03  eta: 7:44:22  time: 0.3712  data_time: 0.0464  memory: 9057  loss: 1.1523  decode.loss_ohem: 0.7832  decode.acc_seg: 91.7907  aux_0.loss_ce: 0.3691  aux_0.acc_seg: 88.0041
2026/07/19 23:32:26 - mmengine - INFO - Iter(train) [ 85200/160000]  lr: 5.1067e-03  eta: 7:43:45  time: 0.3721  data_time: 0.0470  memory: 9057  loss: 1.1758  decode.loss_ohem: 0.8084  decode.acc_seg: 90.4213  aux_0.loss_ce: 0.3675  aux_0.acc_seg: 85.1758
2026/07/19 23:33:04 - mmengine - INFO - Iter(train) [ 85300/160000]  lr: 5.1006e-03  eta: 7:43:08  time: 0.3734  data_time: 0.0468  memory: 9057  loss: 1.0847  decode.loss_ohem: 0.7451  decode.acc_seg: 91.3337  aux_0.loss_ce: 0.3396  aux_0.acc_seg: 87.5628
2026/07/19 23:33:41 - mmengine - INFO - Iter(train) [ 85400/160000]  lr: 5.0944e-03  eta: 7:42:31  time: 0.3706  data_time: 0.0456  memory: 9057  loss: 1.1175  decode.loss_ohem: 0.7934  decode.acc_seg: 92.0455  aux_0.loss_ce: 0.3241  aux_0.acc_seg: 88.8315
2026/07/19 23:34:18 - mmengine - INFO - Iter(train) [ 85500/160000]  lr: 5.0883e-03  eta: 7:41:53  time: 0.3716  data_time: 0.0465  memory: 9057  loss: 1.0478  decode.loss_ohem: 0.7179  decode.acc_seg: 93.1844  aux_0.loss_ce: 0.3299  aux_0.acc_seg: 91.0498
2026/07/19 23:34:55 - mmengine - INFO - Iter(train) [ 85600/160000]  lr: 5.0822e-03  eta: 7:41:16  time: 0.3704  data_time: 0.0451  memory: 9058  loss: 1.1009  decode.loss_ohem: 0.7357  decode.acc_seg: 87.6480  aux_0.loss_ce: 0.3652  aux_0.acc_seg: 82.0923
2026/07/19 23:35:33 - mmengine - INFO - Iter(train) [ 85700/160000]  lr: 5.0760e-03  eta: 7:40:39  time: 0.3747  data_time: 0.0479  memory: 9057  loss: 1.1403  decode.loss_ohem: 0.7951  decode.acc_seg: 92.1669  aux_0.loss_ce: 0.3452  aux_0.acc_seg: 87.9733
2026/07/19 23:36:10 - mmengine - INFO - Iter(train) [ 85800/160000]  lr: 5.0699e-03  eta: 7:40:02  time: 0.3716  data_time: 0.0456  memory: 9056  loss: 1.0880  decode.loss_ohem: 0.7497  decode.acc_seg: 92.1097  aux_0.loss_ce: 0.3382  aux_0.acc_seg: 86.4381
2026/07/19 23:36:47 - mmengine - INFO - Iter(train) [ 85900/160000]  lr: 5.0637e-03  eta: 7:39:25  time: 0.3749  data_time: 0.0464  memory: 9057  loss: 1.0500  decode.loss_ohem: 0.7172  decode.acc_seg: 93.3516  aux_0.loss_ce: 0.3328  aux_0.acc_seg: 89.9871
2026/07/19 23:37:24 - mmengine - INFO - Exp name: dsanet_cityscapes_512x1024_20260719_144008
2026/07/19 23:37:24 - mmengine - INFO - Iter(train) [ 86000/160000]  lr: 5.0576e-03  eta: 7:38:47  time: 0.3689  data_time: 0.0458  memory: 9057  loss: 1.1141  decode.loss_ohem: 0.7745  decode.acc_seg: 92.6302  aux_0.loss_ce: 0.3396  aux_0.acc_seg: 88.6342
2026/07/19 23:38:01 - mmengine - INFO - Iter(train) [ 86100/160000]  lr: 5.0515e-03  eta: 7:38:10  time: 0.3715  data_time: 0.0465  memory: 9057  loss: 1.0472  decode.loss_ohem: 0.7087  decode.acc_seg: 92.7132  aux_0.loss_ce: 0.3385  aux_0.acc_seg: 90.1267
2026/07/19 23:38:39 - mmengine - INFO - Iter(train) [ 86200/160000]  lr: 5.0453e-03  eta: 7:37:33  time: 0.3711  data_time: 0.0455  memory: 9056  loss: 1.1032  decode.loss_ohem: 0.7515  decode.acc_seg: 90.7434  aux_0.loss_ce: 0.3517  aux_0.acc_seg: 88.6969
2026/07/19 23:39:16 - mmengine - INFO - Iter(train) [ 86300/160000]  lr: 5.0392e-03  eta: 7:36:56  time: 0.3731  data_time: 0.0468  memory: 9057  loss: 1.1228  decode.loss_ohem: 0.7630  decode.acc_seg: 87.7159  aux_0.loss_ce: 0.3598  aux_0.acc_seg: 82.0085
2026/07/19 23:39:53 - mmengine - INFO - Iter(train) [ 86400/160000]  lr: 5.0330e-03  eta: 7:36:19  time: 0.3742  data_time: 0.0489  memory: 9057  loss: 1.0378  decode.loss_ohem: 0.7265  decode.acc_seg: 92.8346  aux_0.loss_ce: 0.3114  aux_0.acc_seg: 89.7012
2026/07/19 23:40:30 - mmengine - INFO - Iter(train) [ 86500/160000]  lr: 5.0269e-03  eta: 7:35:41  time: 0.3724  data_time: 0.0470  memory: 9057  loss: 1.0729  decode.loss_ohem: 0.7263  decode.acc_seg: 92.7201  aux_0.loss_ce: 0.3467  aux_0.acc_seg: 90.1217
2026/07/19 23:41:08 - mmengine - INFO - Iter(train) [ 86600/160000]  lr: 5.0208e-03  eta: 7:35:04  time: 0.3711  data_time: 0.0459  memory: 9056  loss: 1.1865  decode.loss_ohem: 0.8269  decode.acc_seg: 91.0912  aux_0.loss_ce: 0.3596  aux_0.acc_seg: 87.0016
2026/07/19 23:41:45 - mmengine - INFO - Iter(train) [ 86700/160000]  lr: 5.0146e-03  eta: 7:34:27  time: 0.3725  data_time: 0.0466  memory: 9057  loss: 1.1571  decode.loss_ohem: 0.8156  decode.acc_seg: 92.3616  aux_0.loss_ce: 0.3414  aux_0.acc_seg: 89.4766
2026/07/19 23:42:22 - mmengine - INFO - Iter(train) [ 86800/160000]  lr: 5.0085e-03  eta: 7:33:50  time: 0.3716  data_time: 0.0461  memory: 9056  loss: 1.1101  decode.loss_ohem: 0.7552  decode.acc_seg: 91.1495  aux_0.loss_ce: 0.3549  aux_0.acc_seg: 85.5683
2026/07/19 23:42:59 - mmengine - INFO - Iter(train) [ 86900/160000]  lr: 5.0023e-03  eta: 7:33:13  time: 0.3715  data_time: 0.0464  memory: 9056  loss: 1.1128  decode.loss_ohem: 0.7438  decode.acc_seg: 91.8909  aux_0.loss_ce: 0.3690  aux_0.acc_seg: 86.3701
2026/07/19 23:43:36 - mmengine - INFO - Exp name: dsanet_cityscapes_512x1024_20260719_144008
2026/07/19 23:43:36 - mmengine - INFO - Iter(train) [ 87000/160000]  lr: 4.9962e-03  eta: 7:32:36  time: 0.3711  data_time: 0.0458  memory: 9057  loss: 1.0337  decode.loss_ohem: 0.7066  decode.acc_seg: 92.6933  aux_0.loss_ce: 0.3271  aux_0.acc_seg: 89.1380
2026/07/19 23:44:14 - mmengine - INFO - Iter(train) [ 87100/160000]  lr: 4.9900e-03  eta: 7:31:58  time: 0.3718  data_time: 0.0458  memory: 9057  loss: 1.0259  decode.loss_ohem: 0.6765  decode.acc_seg: 91.0357  aux_0.loss_ce: 0.3494  aux_0.acc_seg: 85.4991
2026/07/19 23:44:51 - mmengine - INFO - Iter(train) [ 87200/160000]  lr: 4.9839e-03  eta: 7:31:21  time: 0.3728  data_time: 0.0463  memory: 9058  loss: 1.0475  decode.loss_ohem: 0.7126  decode.acc_seg: 90.7319  aux_0.loss_ce: 0.3349  aux_0.acc_seg: 87.3824
2026/07/19 23:45:28 - mmengine - INFO - Iter(train) [ 87300/160000]  lr: 4.9777e-03  eta: 7:30:44  time: 0.3704  data_time: 0.0452  memory: 9058  loss: 1.0919  decode.loss_ohem: 0.7459  decode.acc_seg: 91.2305  aux_0.loss_ce: 0.3459  aux_0.acc_seg: 87.4538
2026/07/19 23:46:05 - mmengine - INFO - Iter(train) [ 87400/160000]  lr: 4.9716e-03  eta: 7:30:07  time: 0.3714  data_time: 0.0460  memory: 9058  loss: 1.0280  decode.loss_ohem: 0.7151  decode.acc_seg: 94.9786  aux_0.loss_ce: 0.3129  aux_0.acc_seg: 91.8537
2026/07/19 23:46:43 - mmengine - INFO - Iter(train) [ 87500/160000]  lr: 4.9654e-03  eta: 7:29:30  time: 0.3719  data_time: 0.0464  memory: 9056  loss: 1.0531  decode.loss_ohem: 0.7228  decode.acc_seg: 90.6551  aux_0.loss_ce: 0.3302  aux_0.acc_seg: 85.3429
2026/07/19 23:47:20 - mmengine - INFO - Iter(train) [ 87600/160000]  lr: 4.9593e-03  eta: 7:28:52  time: 0.3732  data_time: 0.0467  memory: 9057  loss: 1.0294  decode.loss_ohem: 0.6991  decode.acc_seg: 92.5482  aux_0.loss_ce: 0.3303  aux_0.acc_seg: 88.7616
2026/07/19 23:47:57 - mmengine - INFO - Iter(train) [ 87700/160000]  lr: 4.9531e-03  eta: 7:28:15  time: 0.3722  data_time: 0.0462  memory: 9056  loss: 1.1553  decode.loss_ohem: 0.7771  decode.acc_seg: 89.6677  aux_0.loss_ce: 0.3783  aux_0.acc_seg: 86.4897
2026/07/19 23:48:34 - mmengine - INFO - Iter(train) [ 87800/160000]  lr: 4.9470e-03  eta: 7:27:38  time: 0.3734  data_time: 0.0475  memory: 9057  loss: 1.1484  decode.loss_ohem: 0.7868  decode.acc_seg: 92.0579  aux_0.loss_ce: 0.3616  aux_0.acc_seg: 89.4785
2026/07/19 23:49:11 - mmengine - INFO - Iter(train) [ 87900/160000]  lr: 4.9408e-03  eta: 7:27:01  time: 0.3722  data_time: 0.0467  memory: 9057  loss: 1.0989  decode.loss_ohem: 0.7288  decode.acc_seg: 94.2278  aux_0.loss_ce: 0.3702  aux_0.acc_seg: 89.7819
2026/07/19 23:49:49 - mmengine - INFO - Exp name: dsanet_cityscapes_512x1024_20260719_144008
2026/07/19 23:49:49 - mmengine - INFO - Iter(train) [ 88000/160000]  lr: 4.9347e-03  eta: 7:26:24  time: 0.3728  data_time: 0.0467  memory: 9056  loss: 1.1102  decode.loss_ohem: 0.7404  decode.acc_seg: 90.8638  aux_0.loss_ce: 0.3698  aux_0.acc_seg: 83.8689
2026/07/19 23:50:26 - mmengine - INFO - Iter(train) [ 88100/160000]  lr: 4.9285e-03  eta: 7:25:46  time: 0.3726  data_time: 0.0466  memory: 9057  loss: 1.0700  decode.loss_ohem: 0.7176  decode.acc_seg: 93.7828  aux_0.loss_ce: 0.3525  aux_0.acc_seg: 90.2048
2026/07/19 23:51:03 - mmengine - INFO - Iter(train) [ 88200/160000]  lr: 4.9223e-03  eta: 7:25:09  time: 0.3711  data_time: 0.0458  memory: 9058  loss: 1.1358  decode.loss_ohem: 0.7965  decode.acc_seg: 92.6872  aux_0.loss_ce: 0.3392  aux_0.acc_seg: 90.4957
2026/07/19 23:51:40 - mmengine - INFO - Iter(train) [ 88300/160000]  lr: 4.9162e-03  eta: 7:24:32  time: 0.3728  data_time: 0.0478  memory: 9057  loss: 1.0867  decode.loss_ohem: 0.7417  decode.acc_seg: 92.7564  aux_0.loss_ce: 0.3450  aux_0.acc_seg: 88.8323
2026/07/19 23:52:17 - mmengine - INFO - Iter(train) [ 88400/160000]  lr: 4.9100e-03  eta: 7:23:55  time: 0.3715  data_time: 0.0465  memory: 9057  loss: 1.1175  decode.loss_ohem: 0.7945  decode.acc_seg: 91.7706  aux_0.loss_ce: 0.3230  aux_0.acc_seg: 89.0224
2026/07/19 23:52:55 - mmengine - INFO - Iter(train) [ 88500/160000]  lr: 4.9039e-03  eta: 7:23:17  time: 0.3720  data_time: 0.0459  memory: 9057  loss: 1.1742  decode.loss_ohem: 0.7992  decode.acc_seg: 93.1900  aux_0.loss_ce: 0.3750  aux_0.acc_seg: 90.6967
2026/07/19 23:53:32 - mmengine - INFO - Iter(train) [ 88600/160000]  lr: 4.8977e-03  eta: 7:22:40  time: 0.3814  data_time: 0.0513  memory: 9058  loss: 1.0465  decode.loss_ohem: 0.7159  decode.acc_seg: 93.1423  aux_0.loss_ce: 0.3306  aux_0.acc_seg: 88.4250
2026/07/19 23:54:10 - mmengine - INFO - Iter(train) [ 88700/160000]  lr: 4.8915e-03  eta: 7:22:04  time: 0.3774  data_time: 0.0492  memory: 9057  loss: 1.0719  decode.loss_ohem: 0.7414  decode.acc_seg: 91.8078  aux_0.loss_ce: 0.3305  aux_0.acc_seg: 85.2072
2026/07/19 23:54:48 - mmengine - INFO - Iter(train) [ 88800/160000]  lr: 4.8854e-03  eta: 7:21:28  time: 0.3795  data_time: 0.0503  memory: 9057  loss: 1.0784  decode.loss_ohem: 0.7258  decode.acc_seg: 92.5823  aux_0.loss_ce: 0.3526  aux_0.acc_seg: 87.4309
2026/07/19 23:55:26 - mmengine - INFO - Iter(train) [ 88900/160000]  lr: 4.8792e-03  eta: 7:20:51  time: 0.3808  data_time: 0.0513  memory: 9057  loss: 1.1380  decode.loss_ohem: 0.8056  decode.acc_seg: 90.5427  aux_0.loss_ce: 0.3325  aux_0.acc_seg: 84.7383
2026/07/19 23:56:04 - mmengine - INFO - Exp name: dsanet_cityscapes_512x1024_20260719_144008
2026/07/19 23:56:04 - mmengine - INFO - Iter(train) [ 89000/160000]  lr: 4.8731e-03  eta: 7:20:14  time: 0.3781  data_time: 0.0492  memory: 9057  loss: 1.0433  decode.loss_ohem: 0.7031  decode.acc_seg: 92.0995  aux_0.loss_ce: 0.3402  aux_0.acc_seg: 84.3235
2026/07/19 23:56:42 - mmengine - INFO - Iter(train) [ 89100/160000]  lr: 4.8669e-03  eta: 7:19:37  time: 0.3765  data_time: 0.0478  memory: 9056  loss: 1.1739  decode.loss_ohem: 0.8204  decode.acc_seg: 90.0534  aux_0.loss_ce: 0.3535  aux_0.acc_seg: 82.3194
2026/07/19 23:57:20 - mmengine - INFO - Iter(train) [ 89200/160000]  lr: 4.8607e-03  eta: 7:19:01  time: 0.3779  data_time: 0.0489  memory: 9057  loss: 1.1615  decode.loss_ohem: 0.8222  decode.acc_seg: 92.5444  aux_0.loss_ce: 0.3394  aux_0.acc_seg: 87.4189
2026/07/19 23:57:57 - mmengine - INFO - Iter(train) [ 89300/160000]  lr: 4.8546e-03  eta: 7:18:24  time: 0.3770  data_time: 0.0489  memory: 9057  loss: 1.0183  decode.loss_ohem: 0.7105  decode.acc_seg: 92.0073  aux_0.loss_ce: 0.3078  aux_0.acc_seg: 87.4854
2026/07/19 23:58:35 - mmengine - INFO - Iter(train) [ 89400/160000]  lr: 4.8484e-03  eta: 7:17:47  time: 0.3800  data_time: 0.0495  memory: 9057  loss: 0.9991  decode.loss_ohem: 0.6817  decode.acc_seg: 93.8263  aux_0.loss_ce: 0.3174  aux_0.acc_seg: 90.7802
2026/07/19 23:59:13 - mmengine - INFO - Iter(train) [ 89500/160000]  lr: 4.8422e-03  eta: 7:17:10  time: 0.3731  data_time: 0.0470  memory: 9057  loss: 1.0794  decode.loss_ohem: 0.7378  decode.acc_seg: 92.8552  aux_0.loss_ce: 0.3416  aux_0.acc_seg: 87.8121
2026/07/19 23:59:50 - mmengine - INFO - Iter(train) [ 89600/160000]  lr: 4.8361e-03  eta: 7:16:33  time: 0.3725  data_time: 0.0464  memory: 9056  loss: 1.0578  decode.loss_ohem: 0.7215  decode.acc_seg: 90.9581  aux_0.loss_ce: 0.3363  aux_0.acc_seg: 86.2658
2026/07/20 00:00:27 - mmengine - INFO - Iter(train) [ 89700/160000]  lr: 4.8299e-03  eta: 7:15:56  time: 0.3736  data_time: 0.0475  memory: 9057  loss: 1.0478  decode.loss_ohem: 0.7196  decode.acc_seg: 90.4223  aux_0.loss_ce: 0.3281  aux_0.acc_seg: 82.6112
2026/07/20 00:01:05 - mmengine - INFO - Iter(train) [ 89800/160000]  lr: 4.8237e-03  eta: 7:15:19  time: 0.3735  data_time: 0.0468  memory: 9057  loss: 1.0980  decode.loss_ohem: 0.7416  decode.acc_seg: 91.5080  aux_0.loss_ce: 0.3564  aux_0.acc_seg: 89.0339
2026/07/20 00:01:42 - mmengine - INFO - Iter(train) [ 89900/160000]  lr: 4.8175e-03  eta: 7:14:42  time: 0.3702  data_time: 0.0456  memory: 9056  loss: 1.0688  decode.loss_ohem: 0.7272  decode.acc_seg: 92.6212  aux_0.loss_ce: 0.3416  aux_0.acc_seg: 88.3349
2026/07/20 00:02:20 - mmengine - INFO - Exp name: dsanet_cityscapes_512x1024_20260719_144008
2026/07/20 00:02:20 - mmengine - INFO - Iter(train) [ 90000/160000]  lr: 4.8114e-03  eta: 7:14:05  time: 0.3757  data_time: 0.0476  memory: 9057  loss: 0.9864  decode.loss_ohem: 0.6555  decode.acc_seg: 92.7856  aux_0.loss_ce: 0.3309  aux_0.acc_seg: 87.0390
2026/07/20 00:02:20 - mmengine - INFO - Saving checkpoint at 90000 iterations
2026/07/20 00:02:25 - mmengine - INFO - Iter(val) [100/250]    eta: 0:00:08  time: 0.0515  data_time: 0.0188  memory: 790  
2026/07/20 00:02:31 - mmengine - INFO - Iter(val) [200/250]    eta: 0:00:02  time: 0.0514  data_time: 0.0184  memory: 790  
2026/07/20 00:02:33 - mmengine - INFO - per class results:
2026/07/20 00:02:33 - mmengine - INFO - 
+---------------+-------+-------+
|     Class     |  IoU  |  Acc  |
+---------------+-------+-------+
|      road     |  97.0 | 98.11 |
|    sidewalk   | 78.61 | 90.21 |
|    building   | 89.26 | 94.66 |
|      wall     | 33.09 | 34.91 |
|     fence     | 49.83 | 73.53 |
|      pole     | 54.66 | 66.44 |
| traffic light | 48.86 | 55.22 |
|  traffic sign |  66.6 | 74.65 |
|   vegetation  | 90.16 | 96.28 |
|    terrain    | 58.52 | 70.23 |
|      sky      | 92.64 | 95.56 |
|     person    | 73.16 | 84.94 |
|     rider     | 48.46 | 66.29 |
|      car      | 92.12 | 96.48 |
|     truck     | 49.59 | 72.05 |
|      bus      | 53.49 | 60.34 |
|     train     |  44.6 | 61.74 |
|   motorcycle  | 37.32 | 40.07 |
|    bicycle    | 67.05 | 82.65 |
+---------------+-------+-------+
2026/07/20 00:02:33 - mmengine - INFO - Iter(val) [250/250]    aAcc: 94.1500  mIoU: 64.4800  mAcc: 74.4400  data_time: 0.0195  time: 0.0524
2026/07/20 00:03:11 - mmengine - INFO - Iter(train) [ 90100/160000]  lr: 4.8052e-03  eta: 7:13:28  time: 0.3697  data_time: 0.0451  memory: 9060  loss: 1.1052  decode.loss_ohem: 0.7611  decode.acc_seg: 89.8128  aux_0.loss_ce: 0.3441  aux_0.acc_seg: 84.1088
2026/07/20 00:03:48 - mmengine - INFO - Iter(train) [ 90200/160000]  lr: 4.7990e-03  eta: 7:12:50  time: 0.3724  data_time: 0.0469  memory: 9057  loss: 1.0742  decode.loss_ohem: 0.7237  decode.acc_seg: 90.7027  aux_0.loss_ce: 0.3505  aux_0.acc_seg: 89.4378
2026/07/20 00:04:25 - mmengine - INFO - Iter(train) [ 90300/160000]  lr: 4.7928e-03  eta: 7:12:13  time: 0.3768  data_time: 0.0498  memory: 9057  loss: 1.1182  decode.loss_ohem: 0.7346  decode.acc_seg: 91.1826  aux_0.loss_ce: 0.3836  aux_0.acc_seg: 88.6414
2026/07/20 00:05:02 - mmengine - INFO - Iter(train) [ 90400/160000]  lr: 4.7867e-03  eta: 7:11:36  time: 0.3723  data_time: 0.0463  memory: 9057  loss: 1.1381  decode.loss_ohem: 0.7777  decode.acc_seg: 92.8278  aux_0.loss_ce: 0.3604  aux_0.acc_seg: 91.7556
2026/07/20 00:05:39 - mmengine - INFO - Iter(train) [ 90500/160000]  lr: 4.7805e-03  eta: 7:10:59  time: 0.3722  data_time: 0.0474  memory: 9056  loss: 1.0044  decode.loss_ohem: 0.7008  decode.acc_seg: 91.3345  aux_0.loss_ce: 0.3036  aux_0.acc_seg: 87.3764
2026/07/20 00:06:17 - mmengine - INFO - Iter(train) [ 90600/160000]  lr: 4.7743e-03  eta: 7:10:22  time: 0.3707  data_time: 0.0459  memory: 9056  loss: 1.1069  decode.loss_ohem: 0.7637  decode.acc_seg: 93.4017  aux_0.loss_ce: 0.3432  aux_0.acc_seg: 88.9028
2026/07/20 00:06:54 - mmengine - INFO - Iter(train) [ 90700/160000]  lr: 4.7681e-03  eta: 7:09:44  time: 0.3707  data_time: 0.0458  memory: 9060  loss: 1.0070  decode.loss_ohem: 0.6876  decode.acc_seg: 93.0901  aux_0.loss_ce: 0.3194  aux_0.acc_seg: 89.1615
2026/07/20 00:07:31 - mmengine - INFO - Iter(train) [ 90800/160000]  lr: 4.7620e-03  eta: 7:09:07  time: 0.3715  data_time: 0.0461  memory: 9057  loss: 1.0544  decode.loss_ohem: 0.7045  decode.acc_seg: 91.1682  aux_0.loss_ce: 0.3498  aux_0.acc_seg: 84.2235
2026/07/20 00:08:08 - mmengine - INFO - Iter(train) [ 90900/160000]  lr: 4.7558e-03  eta: 7:08:30  time: 0.3708  data_time: 0.0453  memory: 9057  loss: 1.1679  decode.loss_ohem: 0.8013  decode.acc_seg: 91.3979  aux_0.loss_ce: 0.3666  aux_0.acc_seg: 84.2865
2026/07/20 00:08:45 - mmengine - INFO - Exp name: dsanet_cityscapes_512x1024_20260719_144008
2026/07/20 00:08:45 - mmengine - INFO - Iter(train) [ 91000/160000]  lr: 4.7496e-03  eta: 7:07:52  time: 0.3703  data_time: 0.0459  memory: 9057  loss: 1.0790  decode.loss_ohem: 0.7520  decode.acc_seg: 91.9224  aux_0.loss_ce: 0.3269  aux_0.acc_seg: 88.3355
2026/07/20 00:09:22 - mmengine - INFO - Iter(train) [ 91100/160000]  lr: 4.7434e-03  eta: 7:07:15  time: 0.3716  data_time: 0.0460  memory: 9057  loss: 1.0538  decode.loss_ohem: 0.7194  decode.acc_seg: 91.6110  aux_0.loss_ce: 0.3344  aux_0.acc_seg: 88.7001
2026/07/20 00:10:00 - mmengine - INFO - Iter(train) [ 91200/160000]  lr: 4.7372e-03  eta: 7:06:38  time: 0.3717  data_time: 0.0459  memory: 9057  loss: 1.1283  decode.loss_ohem: 0.7357  decode.acc_seg: 90.1369  aux_0.loss_ce: 0.3926  aux_0.acc_seg: 86.7295
2026/07/20 00:10:37 - mmengine - INFO - Iter(train) [ 91300/160000]  lr: 4.7310e-03  eta: 7:06:01  time: 0.3717  data_time: 0.0461  memory: 9057  loss: 1.1871  decode.loss_ohem: 0.8016  decode.acc_seg: 91.8625  aux_0.loss_ce: 0.3855  aux_0.acc_seg: 87.1909
2026/07/20 00:11:14 - mmengine - INFO - Iter(train) [ 91400/160000]  lr: 4.7249e-03  eta: 7:05:24  time: 0.3752  data_time: 0.0467  memory: 9057  loss: 1.0803  decode.loss_ohem: 0.7166  decode.acc_seg: 92.1417  aux_0.loss_ce: 0.3637  aux_0.acc_seg: 88.2132
2026/07/20 00:11:52 - mmengine - INFO - Iter(train) [ 91500/160000]  lr: 4.7187e-03  eta: 7:04:47  time: 0.3804  data_time: 0.0475  memory: 9057  loss: 1.1096  decode.loss_ohem: 0.7705  decode.acc_seg: 92.8962  aux_0.loss_ce: 0.3391  aux_0.acc_seg: 88.6214
2026/07/20 00:12:29 - mmengine - INFO - Iter(train) [ 91600/160000]  lr: 4.7125e-03  eta: 7:04:10  time: 0.3754  data_time: 0.0473  memory: 9057  loss: 1.1076  decode.loss_ohem: 0.7605  decode.acc_seg: 88.5046  aux_0.loss_ce: 0.3470  aux_0.acc_seg: 78.1156
2026/07/20 00:13:06 - mmengine - INFO - Iter(train) [ 91700/160000]  lr: 4.7063e-03  eta: 7:03:32  time: 0.3751  data_time: 0.0492  memory: 9056  loss: 1.1208  decode.loss_ohem: 0.7726  decode.acc_seg: 90.1871  aux_0.loss_ce: 0.3481  aux_0.acc_seg: 86.6843
2026/07/20 00:13:43 - mmengine - INFO - Iter(train) [ 91800/160000]  lr: 4.7001e-03  eta: 7:02:55  time: 0.3767  data_time: 0.0487  memory: 9057  loss: 1.0431  decode.loss_ohem: 0.7070  decode.acc_seg: 90.9756  aux_0.loss_ce: 0.3361  aux_0.acc_seg: 86.8264
2026/07/20 00:14:21 - mmengine - INFO - Iter(train) [ 91900/160000]  lr: 4.6939e-03  eta: 7:02:18  time: 0.3727  data_time: 0.0464  memory: 9058  loss: 1.1144  decode.loss_ohem: 0.7695  decode.acc_seg: 90.1812  aux_0.loss_ce: 0.3449  aux_0.acc_seg: 85.2791
2026/07/20 00:14:58 - mmengine - INFO - Exp name: dsanet_cityscapes_512x1024_20260719_144008
2026/07/20 00:14:58 - mmengine - INFO - Iter(train) [ 92000/160000]  lr: 4.6877e-03  eta: 7:01:41  time: 0.3711  data_time: 0.0462  memory: 9057  loss: 1.0397  decode.loss_ohem: 0.6924  decode.acc_seg: 90.9846  aux_0.loss_ce: 0.3473  aux_0.acc_seg: 82.3664
2026/07/20 00:15:35 - mmengine - INFO - Iter(train) [ 92100/160000]  lr: 4.6815e-03  eta: 7:01:04  time: 0.3710  data_time: 0.0451  memory: 9057  loss: 1.1250  decode.loss_ohem: 0.7657  decode.acc_seg: 90.2394  aux_0.loss_ce: 0.3593  aux_0.acc_seg: 84.2197
2026/07/20 00:16:12 - mmengine - INFO - Iter(train) [ 92200/160000]  lr: 4.6753e-03  eta: 7:00:26  time: 0.3682  data_time: 0.0455  memory: 9058  loss: 1.0240  decode.loss_ohem: 0.7045  decode.acc_seg: 93.0387  aux_0.loss_ce: 0.3195  aux_0.acc_seg: 88.7476
2026/07/20 00:16:50 - mmengine - INFO - Iter(train) [ 92300/160000]  lr: 4.6691e-03  eta: 6:59:49  time: 0.3721  data_time: 0.0461  memory: 9058  loss: 1.0883  decode.loss_ohem: 0.7461  decode.acc_seg: 90.5071  aux_0.loss_ce: 0.3422  aux_0.acc_seg: 85.0566
2026/07/20 00:17:27 - mmengine - INFO - Iter(train) [ 92400/160000]  lr: 4.6630e-03  eta: 6:59:12  time: 0.3711  data_time: 0.0460  memory: 9057  loss: 1.1091  decode.loss_ohem: 0.7714  decode.acc_seg: 92.4919  aux_0.loss_ce: 0.3377  aux_0.acc_seg: 90.0226
2026/07/20 00:18:04 - mmengine - INFO - Iter(train) [ 92500/160000]  lr: 4.6568e-03  eta: 6:58:35  time: 0.3739  data_time: 0.0463  memory: 9057  loss: 1.0861  decode.loss_ohem: 0.7245  decode.acc_seg: 92.4425  aux_0.loss_ce: 0.3615  aux_0.acc_seg: 89.0546
2026/07/20 00:18:42 - mmengine - INFO - Iter(train) [ 92600/160000]  lr: 4.6506e-03  eta: 6:57:58  time: 0.3727  data_time: 0.0461  memory: 9057  loss: 1.0954  decode.loss_ohem: 0.7517  decode.acc_seg: 91.6659  aux_0.loss_ce: 0.3437  aux_0.acc_seg: 89.2503
2026/07/20 00:19:19 - mmengine - INFO - Iter(train) [ 92700/160000]  lr: 4.6444e-03  eta: 6:57:20  time: 0.3803  data_time: 0.0508  memory: 9057  loss: 1.0876  decode.loss_ohem: 0.7659  decode.acc_seg: 91.9431  aux_0.loss_ce: 0.3216  aux_0.acc_seg: 87.1263
2026/07/20 00:19:56 - mmengine - INFO - Iter(train) [ 92800/160000]  lr: 4.6382e-03  eta: 6:56:43  time: 0.3764  data_time: 0.0482  memory: 9057  loss: 1.1642  decode.loss_ohem: 0.8080  decode.acc_seg: 89.9654  aux_0.loss_ce: 0.3562  aux_0.acc_seg: 85.6087
2026/07/20 00:20:34 - mmengine - INFO - Iter(train) [ 92900/160000]  lr: 4.6320e-03  eta: 6:56:07  time: 0.3728  data_time: 0.0476  memory: 9057  loss: 1.1655  decode.loss_ohem: 0.7910  decode.acc_seg: 90.9871  aux_0.loss_ce: 0.3745  aux_0.acc_seg: 87.6303
2026/07/20 00:21:11 - mmengine - INFO - Exp name: dsanet_cityscapes_512x1024_20260719_144008
2026/07/20 00:21:11 - mmengine - INFO - Iter(train) [ 93000/160000]  lr: 4.6258e-03  eta: 6:55:29  time: 0.3738  data_time: 0.0471  memory: 9058  loss: 1.2469  decode.loss_ohem: 0.8463  decode.acc_seg: 86.1492  aux_0.loss_ce: 0.4007  aux_0.acc_seg: 82.0563
2026/07/20 00:21:48 - mmengine - INFO - Iter(train) [ 93100/160000]  lr: 4.6196e-03  eta: 6:54:52  time: 0.3722  data_time: 0.0455  memory: 9056  loss: 1.0826  decode.loss_ohem: 0.7542  decode.acc_seg: 93.4329  aux_0.loss_ce: 0.3285  aux_0.acc_seg: 89.8991
2026/07/20 00:22:25 - mmengine - INFO - Iter(train) [ 93200/160000]  lr: 4.6134e-03  eta: 6:54:15  time: 0.3712  data_time: 0.0466  memory: 9057  loss: 1.1337  decode.loss_ohem: 0.7953  decode.acc_seg: 90.9128  aux_0.loss_ce: 0.3384  aux_0.acc_seg: 85.8853
2026/07/20 00:23:03 - mmengine - INFO - Iter(train) [ 93300/160000]  lr: 4.6072e-03  eta: 6:53:38  time: 0.3727  data_time: 0.0469  memory: 9056  loss: 1.0684  decode.loss_ohem: 0.7499  decode.acc_seg: 93.1061  aux_0.loss_ce: 0.3185  aux_0.acc_seg: 90.0568
2026/07/20 00:23:40 - mmengine - INFO - Iter(train) [ 93400/160000]  lr: 4.6010e-03  eta: 6:53:00  time: 0.3713  data_time: 0.0461  memory: 9057  loss: 1.0397  decode.loss_ohem: 0.7060  decode.acc_seg: 91.1628  aux_0.loss_ce: 0.3337  aux_0.acc_seg: 87.2574
2026/07/20 00:24:17 - mmengine - INFO - Iter(train) [ 93500/160000]  lr: 4.5948e-03  eta: 6:52:23  time: 0.3701  data_time: 0.0453  memory: 9059  loss: 1.0448  decode.loss_ohem: 0.7312  decode.acc_seg: 93.4454  aux_0.loss_ce: 0.3136  aux_0.acc_seg: 89.7445
2026/07/20 00:24:54 - mmengine - INFO - Iter(train) [ 93600/160000]  lr: 4.5885e-03  eta: 6:51:46  time: 0.3688  data_time: 0.0438  memory: 9057  loss: 1.0401  decode.loss_ohem: 0.7109  decode.acc_seg: 92.2104  aux_0.loss_ce: 0.3292  aux_0.acc_seg: 86.1774
2026/07/20 00:25:31 - mmengine - INFO - Iter(train) [ 93700/160000]  lr: 4.5823e-03  eta: 6:51:08  time: 0.3691  data_time: 0.0447  memory: 9057  loss: 1.0732  decode.loss_ohem: 0.7449  decode.acc_seg: 91.6777  aux_0.loss_ce: 0.3283  aux_0.acc_seg: 88.9759
2026/07/20 00:26:08 - mmengine - INFO - Iter(train) [ 93800/160000]  lr: 4.5761e-03  eta: 6:50:31  time: 0.3722  data_time: 0.0464  memory: 9056  loss: 1.0430  decode.loss_ohem: 0.7147  decode.acc_seg: 89.3692  aux_0.loss_ce: 0.3283  aux_0.acc_seg: 85.4402
2026/07/20 00:26:45 - mmengine - INFO - Iter(train) [ 93900/160000]  lr: 4.5699e-03  eta: 6:49:54  time: 0.3697  data_time: 0.0449  memory: 9058  loss: 1.0250  decode.loss_ohem: 0.6954  decode.acc_seg: 88.1135  aux_0.loss_ce: 0.3295  aux_0.acc_seg: 82.5888
2026/07/20 00:27:23 - mmengine - INFO - Exp name: dsanet_cityscapes_512x1024_20260719_144008
2026/07/20 00:27:23 - mmengine - INFO - Iter(train) [ 94000/160000]  lr: 4.5637e-03  eta: 6:49:17  time: 0.3730  data_time: 0.0464  memory: 9057  loss: 1.1197  decode.loss_ohem: 0.7847  decode.acc_seg: 93.1255  aux_0.loss_ce: 0.3349  aux_0.acc_seg: 90.4821
2026/07/20 00:28:00 - mmengine - INFO - Iter(train) [ 94100/160000]  lr: 4.5575e-03  eta: 6:48:39  time: 0.3703  data_time: 0.0455  memory: 9057  loss: 1.0365  decode.loss_ohem: 0.7234  decode.acc_seg: 90.9875  aux_0.loss_ce: 0.3131  aux_0.acc_seg: 89.4079
2026/07/20 00:28:37 - mmengine - INFO - Iter(train) [ 94200/160000]  lr: 4.5513e-03  eta: 6:48:02  time: 0.3719  data_time: 0.0462  memory: 9057  loss: 1.0037  decode.loss_ohem: 0.6931  decode.acc_seg: 92.6672  aux_0.loss_ce: 0.3106  aux_0.acc_seg: 89.7561
2026/07/20 00:29:14 - mmengine - INFO - Iter(train) [ 94300/160000]  lr: 4.5451e-03  eta: 6:47:25  time: 0.3692  data_time: 0.0465  memory: 9058  loss: 1.0657  decode.loss_ohem: 0.7434  decode.acc_seg: 91.4440  aux_0.loss_ce: 0.3224  aux_0.acc_seg: 85.8407
2026/07/20 00:29:51 - mmengine - INFO - Iter(train) [ 94400/160000]  lr: 4.5389e-03  eta: 6:46:47  time: 0.3705  data_time: 0.0454  memory: 9057  loss: 1.1066  decode.loss_ohem: 0.7537  decode.acc_seg: 87.8201  aux_0.loss_ce: 0.3529  aux_0.acc_seg: 82.0825
2026/07/20 00:30:28 - mmengine - INFO - Iter(train) [ 94500/160000]  lr: 4.5327e-03  eta: 6:46:10  time: 0.3732  data_time: 0.0460  memory: 9057  loss: 1.0335  decode.loss_ohem: 0.6967  decode.acc_seg: 91.9028  aux_0.loss_ce: 0.3368  aux_0.acc_seg: 88.4593
2026/07/20 00:31:05 - mmengine - INFO - Iter(train) [ 94600/160000]  lr: 4.5264e-03  eta: 6:45:33  time: 0.3713  data_time: 0.0461  memory: 9056  loss: 1.0717  decode.loss_ohem: 0.7135  decode.acc_seg: 91.1757  aux_0.loss_ce: 0.3582  aux_0.acc_seg: 86.1674
2026/07/20 00:31:42 - mmengine - INFO - Iter(train) [ 94700/160000]  lr: 4.5202e-03  eta: 6:44:56  time: 0.3729  data_time: 0.0464  memory: 9058  loss: 1.0950  decode.loss_ohem: 0.7466  decode.acc_seg: 91.9462  aux_0.loss_ce: 0.3484  aux_0.acc_seg: 86.5017
2026/07/20 00:32:20 - mmengine - INFO - Iter(train) [ 94800/160000]  lr: 4.5140e-03  eta: 6:44:19  time: 0.3733  data_time: 0.0466  memory: 9058  loss: 1.1545  decode.loss_ohem: 0.7981  decode.acc_seg: 89.8041  aux_0.loss_ce: 0.3564  aux_0.acc_seg: 84.4861
2026/07/20 00:32:57 - mmengine - INFO - Iter(train) [ 94900/160000]  lr: 4.5078e-03  eta: 6:43:41  time: 0.3678  data_time: 0.0434  memory: 9058  loss: 1.0569  decode.loss_ohem: 0.7259  decode.acc_seg: 89.0376  aux_0.loss_ce: 0.3309  aux_0.acc_seg: 84.1154
2026/07/20 00:33:34 - mmengine - INFO - Exp name: dsanet_cityscapes_512x1024_20260719_144008
2026/07/20 00:33:34 - mmengine - INFO - Iter(train) [ 95000/160000]  lr: 4.5016e-03  eta: 6:43:04  time: 0.3659  data_time: 0.0439  memory: 9057  loss: 1.0916  decode.loss_ohem: 0.7492  decode.acc_seg: 92.8900  aux_0.loss_ce: 0.3424  aux_0.acc_seg: 89.3376
2026/07/20 00:33:34 - mmengine - INFO - Saving checkpoint at 95000 iterations
2026/07/20 00:33:40 - mmengine - INFO - Iter(val) [100/250]    eta: 0:00:08  time: 0.0532  data_time: 0.0192  memory: 790  
2026/07/20 00:33:46 - mmengine - INFO - Iter(val) [200/250]    eta: 0:00:02  time: 0.0523  data_time: 0.0185  memory: 790  
2026/07/20 00:33:48 - mmengine - INFO - per class results:
2026/07/20 00:33:48 - mmengine - INFO - 
+---------------+-------+-------+
|     Class     |  IoU  |  Acc  |
+---------------+-------+-------+
|      road     | 96.04 | 97.14 |
|    sidewalk   | 76.55 | 86.72 |
|    building   | 88.11 | 95.33 |
|      wall     | 37.57 | 45.44 |
|     fence     | 46.15 | 54.09 |
|      pole     | 53.07 | 62.42 |
| traffic light | 49.24 | 59.79 |
|  traffic sign |  62.0 | 68.77 |
|   vegetation  | 89.61 | 94.71 |
|    terrain    | 55.85 | 64.79 |
|      sky      | 91.93 | 97.19 |
|     person    | 67.63 |  87.5 |
|     rider     | 44.99 | 59.46 |
|      car      | 84.26 | 97.27 |
|     truck     | 40.25 |  43.0 |
|      bus      | 65.41 | 81.62 |
|     train     | 28.79 |  58.5 |
|   motorcycle  | 33.71 |  44.2 |
|    bicycle    | 62.27 | 69.28 |
+---------------+-------+-------+
2026/07/20 00:33:48 - mmengine - INFO - Iter(val) [250/250]    aAcc: 93.2800  mIoU: 61.7600  mAcc: 71.9600  data_time: 0.0204  time: 0.0547
2026/07/20 00:34:26 - mmengine - INFO - Iter(train) [ 95100/160000]  lr: 4.4954e-03  eta: 6:42:27  time: 0.3723  data_time: 0.0451  memory: 9057  loss: 1.0057  decode.loss_ohem: 0.6895  decode.acc_seg: 94.1389  aux_0.loss_ce: 0.3162  aux_0.acc_seg: 90.2987
2026/07/20 00:35:03 - mmengine - INFO - Iter(train) [ 95200/160000]  lr: 4.4891e-03  eta: 6:41:50  time: 0.3707  data_time: 0.0445  memory: 9057  loss: 1.0219  decode.loss_ohem: 0.7009  decode.acc_seg: 94.2223  aux_0.loss_ce: 0.3211  aux_0.acc_seg: 89.5931
2026/07/20 00:35:39 - mmengine - INFO - Iter(train) [ 95300/160000]  lr: 4.4829e-03  eta: 6:41:12  time: 0.3674  data_time: 0.0443  memory: 9057  loss: 1.1357  decode.loss_ohem: 0.7665  decode.acc_seg: 91.8619  aux_0.loss_ce: 0.3692  aux_0.acc_seg: 88.1185
2026/07/20 00:36:16 - mmengine - INFO - Iter(train) [ 95400/160000]  lr: 4.4767e-03  eta: 6:40:35  time: 0.3708  data_time: 0.0466  memory: 9057  loss: 1.0088  decode.loss_ohem: 0.7043  decode.acc_seg: 93.6666  aux_0.loss_ce: 0.3045  aux_0.acc_seg: 89.7750
2026/07/20 00:36:53 - mmengine - INFO - Iter(train) [ 95500/160000]  lr: 4.4705e-03  eta: 6:39:57  time: 0.3700  data_time: 0.0451  memory: 9057  loss: 1.1246  decode.loss_ohem: 0.7974  decode.acc_seg: 93.3408  aux_0.loss_ce: 0.3272  aux_0.acc_seg: 90.3018
2026/07/20 00:37:31 - mmengine - INFO - Iter(train) [ 95600/160000]  lr: 4.4642e-03  eta: 6:39:20  time: 0.3690  data_time: 0.0443  memory: 9058  loss: 1.0612  decode.loss_ohem: 0.7262  decode.acc_seg: 92.1898  aux_0.loss_ce: 0.3351  aux_0.acc_seg: 88.6222
2026/07/20 00:38:08 - mmengine - INFO - Iter(train) [ 95700/160000]  lr: 4.4580e-03  eta: 6:38:43  time: 0.3725  data_time: 0.0461  memory: 9057  loss: 1.0724  decode.loss_ohem: 0.7521  decode.acc_seg: 93.5267  aux_0.loss_ce: 0.3203  aux_0.acc_seg: 90.8461
2026/07/20 00:38:45 - mmengine - INFO - Iter(train) [ 95800/160000]  lr: 4.4518e-03  eta: 6:38:06  time: 0.3670  data_time: 0.0453  memory: 9057  loss: 1.0451  decode.loss_ohem: 0.7303  decode.acc_seg: 90.0033  aux_0.loss_ce: 0.3147  aux_0.acc_seg: 85.2987
2026/07/20 00:39:22 - mmengine - INFO - Iter(train) [ 95900/160000]  lr: 4.4456e-03  eta: 6:37:28  time: 0.3716  data_time: 0.0453  memory: 9056  loss: 1.1014  decode.loss_ohem: 0.7591  decode.acc_seg: 91.0282  aux_0.loss_ce: 0.3423  aux_0.acc_seg: 87.3266
2026/07/20 00:39:59 - mmengine - INFO - Exp name: dsanet_cityscapes_512x1024_20260719_144008
2026/07/20 00:39:59 - mmengine - INFO - Iter(train) [ 96000/160000]  lr: 4.4393e-03  eta: 6:36:51  time: 0.3725  data_time: 0.0459  memory: 9056  loss: 1.0599  decode.loss_ohem: 0.7353  decode.acc_seg: 91.5199  aux_0.loss_ce: 0.3246  aux_0.acc_seg: 87.2624
2026/07/20 00:40:37 - mmengine - INFO - Iter(train) [ 96100/160000]  lr: 4.4331e-03  eta: 6:36:14  time: 0.3717  data_time: 0.0453  memory: 9057  loss: 1.0280  decode.loss_ohem: 0.6991  decode.acc_seg: 93.5816  aux_0.loss_ce: 0.3289  aux_0.acc_seg: 87.9946
2026/07/20 00:41:14 - mmengine - INFO - Iter(train) [ 96200/160000]  lr: 4.4269e-03  eta: 6:35:37  time: 0.3721  data_time: 0.0457  memory: 9056  loss: 1.2398  decode.loss_ohem: 0.8242  decode.acc_seg: 88.2631  aux_0.loss_ce: 0.4155  aux_0.acc_seg: 82.6892
2026/07/20 00:41:51 - mmengine - INFO - Iter(train) [ 96300/160000]  lr: 4.4206e-03  eta: 6:35:00  time: 0.3718  data_time: 0.0465  memory: 9057  loss: 1.0113  decode.loss_ohem: 0.7046  decode.acc_seg: 94.0833  aux_0.loss_ce: 0.3067  aux_0.acc_seg: 90.3370
2026/07/20 00:42:28 - mmengine - INFO - Iter(train) [ 96400/160000]  lr: 4.4144e-03  eta: 6:34:22  time: 0.3743  data_time: 0.0482  memory: 9056  loss: 1.1097  decode.loss_ohem: 0.7662  decode.acc_seg: 89.1257  aux_0.loss_ce: 0.3435  aux_0.acc_seg: 82.1144
2026/07/20 00:43:06 - mmengine - INFO - Iter(train) [ 96500/160000]  lr: 4.4082e-03  eta: 6:33:45  time: 0.3717  data_time: 0.0450  memory: 9058  loss: 1.0718  decode.loss_ohem: 0.7394  decode.acc_seg: 90.8830  aux_0.loss_ce: 0.3324  aux_0.acc_seg: 85.7642
2026/07/20 00:43:43 - mmengine - INFO - Iter(train) [ 96600/160000]  lr: 4.4019e-03  eta: 6:33:08  time: 0.3727  data_time: 0.0461  memory: 9057  loss: 1.0474  decode.loss_ohem: 0.7210  decode.acc_seg: 91.0984  aux_0.loss_ce: 0.3264  aux_0.acc_seg: 88.3102
2026/07/20 00:44:20 - mmengine - INFO - Iter(train) [ 96700/160000]  lr: 4.3957e-03  eta: 6:32:31  time: 0.3811  data_time: 0.0499  memory: 9056  loss: 1.0830  decode.loss_ohem: 0.7429  decode.acc_seg: 89.6679  aux_0.loss_ce: 0.3401  aux_0.acc_seg: 88.5423
2026/07/20 00:44:58 - mmengine - INFO - Iter(train) [ 96800/160000]  lr: 4.3895e-03  eta: 6:31:54  time: 0.3800  data_time: 0.0507  memory: 9057  loss: 1.0966  decode.loss_ohem: 0.7397  decode.acc_seg: 93.8551  aux_0.loss_ce: 0.3569  aux_0.acc_seg: 89.3008
2026/07/20 00:45:35 - mmengine - INFO - Iter(train) [ 96900/160000]  lr: 4.3832e-03  eta: 6:31:17  time: 0.3744  data_time: 0.0478  memory: 9057  loss: 1.0076  decode.loss_ohem: 0.6820  decode.acc_seg: 92.3179  aux_0.loss_ce: 0.3256  aux_0.acc_seg: 90.3664
2026/07/20 00:46:13 - mmengine - INFO - Exp name: dsanet_cityscapes_512x1024_20260719_144008
2026/07/20 00:46:13 - mmengine - INFO - Iter(train) [ 97000/160000]  lr: 4.3770e-03  eta: 6:30:40  time: 0.3709  data_time: 0.0460  memory: 9056  loss: 1.0752  decode.loss_ohem: 0.7598  decode.acc_seg: 91.4466  aux_0.loss_ce: 0.3154  aux_0.acc_seg: 88.4751
2026/07/20 00:46:50 - mmengine - INFO - Iter(train) [ 97100/160000]  lr: 4.3708e-03  eta: 6:30:03  time: 0.3698  data_time: 0.0453  memory: 9059  loss: 1.0016  decode.loss_ohem: 0.7058  decode.acc_seg: 93.3151  aux_0.loss_ce: 0.2958  aux_0.acc_seg: 90.8565
2026/07/20 00:47:27 - mmengine - INFO - Iter(train) [ 97200/160000]  lr: 4.3645e-03  eta: 6:29:25  time: 0.3708  data_time: 0.0450  memory: 9057  loss: 1.1231  decode.loss_ohem: 0.7824  decode.acc_seg: 87.5547  aux_0.loss_ce: 0.3407  aux_0.acc_seg: 87.5156
2026/07/20 00:48:04 - mmengine - INFO - Iter(train) [ 97300/160000]  lr: 4.3583e-03  eta: 6:28:48  time: 0.3730  data_time: 0.0458  memory: 9057  loss: 1.0768  decode.loss_ohem: 0.7506  decode.acc_seg: 93.4398  aux_0.loss_ce: 0.3262  aux_0.acc_seg: 90.9172
2026/07/20 00:48:42 - mmengine - INFO - Iter(train) [ 97400/160000]  lr: 4.3520e-03  eta: 6:28:11  time: 0.3714  data_time: 0.0465  memory: 9057  loss: 1.0248  decode.loss_ohem: 0.6929  decode.acc_seg: 94.1974  aux_0.loss_ce: 0.3318  aux_0.acc_seg: 89.2603
2026/07/20 00:49:19 - mmengine - INFO - Iter(train) [ 97500/160000]  lr: 4.3458e-03  eta: 6:27:34  time: 0.3743  data_time: 0.0482  memory: 9057  loss: 1.0904  decode.loss_ohem: 0.7658  decode.acc_seg: 94.9718  aux_0.loss_ce: 0.3247  aux_0.acc_seg: 90.7194
2026/07/20 00:49:56 - mmengine - INFO - Iter(train) [ 97600/160000]  lr: 4.3395e-03  eta: 6:26:57  time: 0.3731  data_time: 0.0467  memory: 9057  loss: 1.0895  decode.loss_ohem: 0.7366  decode.acc_seg: 86.9264  aux_0.loss_ce: 0.3529  aux_0.acc_seg: 84.2792
2026/07/20 00:50:33 - mmengine - INFO - Iter(train) [ 97700/160000]  lr: 4.3333e-03  eta: 6:26:20  time: 0.3721  data_time: 0.0464  memory: 9056  loss: 1.0394  decode.loss_ohem: 0.7210  decode.acc_seg: 89.9223  aux_0.loss_ce: 0.3184  aux_0.acc_seg: 85.3152
2026/07/20 00:51:11 - mmengine - INFO - Iter(train) [ 97800/160000]  lr: 4.3271e-03  eta: 6:25:42  time: 0.3751  data_time: 0.0469  memory: 9056  loss: 1.1009  decode.loss_ohem: 0.7764  decode.acc_seg: 92.8430  aux_0.loss_ce: 0.3245  aux_0.acc_seg: 88.2020
2026/07/20 00:51:48 - mmengine - INFO - Iter(train) [ 97900/160000]  lr: 4.3208e-03  eta: 6:25:05  time: 0.3732  data_time: 0.0467  memory: 9056  loss: 1.1013  decode.loss_ohem: 0.7586  decode.acc_seg: 89.2976  aux_0.loss_ce: 0.3427  aux_0.acc_seg: 84.2634
2026/07/20 00:52:25 - mmengine - INFO - Exp name: dsanet_cityscapes_512x1024_20260719_144008
2026/07/20 00:52:25 - mmengine - INFO - Iter(train) [ 98000/160000]  lr: 4.3146e-03  eta: 6:24:28  time: 0.3725  data_time: 0.0457  memory: 9057  loss: 1.0515  decode.loss_ohem: 0.7341  decode.acc_seg: 92.5521  aux_0.loss_ce: 0.3174  aux_0.acc_seg: 87.2161
2026/07/20 00:53:03 - mmengine - INFO - Iter(train) [ 98100/160000]  lr: 4.3083e-03  eta: 6:23:51  time: 0.3725  data_time: 0.0459  memory: 9057  loss: 1.1358  decode.loss_ohem: 0.7822  decode.acc_seg: 93.2313  aux_0.loss_ce: 0.3536  aux_0.acc_seg: 90.0956
2026/07/20 00:53:40 - mmengine - INFO - Iter(train) [ 98200/160000]  lr: 4.3021e-03  eta: 6:23:14  time: 0.3725  data_time: 0.0464  memory: 9057  loss: 1.0665  decode.loss_ohem: 0.7169  decode.acc_seg: 93.8956  aux_0.loss_ce: 0.3496  aux_0.acc_seg: 90.5151
2026/07/20 00:54:18 - mmengine - INFO - Iter(train) [ 98300/160000]  lr: 4.2958e-03  eta: 6:22:37  time: 0.3780  data_time: 0.0489  memory: 9057  loss: 1.0884  decode.loss_ohem: 0.7612  decode.acc_seg: 90.7595  aux_0.loss_ce: 0.3272  aux_0.acc_seg: 86.6298
2026/07/20 00:54:55 - mmengine - INFO - Iter(train) [ 98400/160000]  lr: 4.2896e-03  eta: 6:22:00  time: 0.3739  data_time: 0.0467  memory: 9057  loss: 1.1036  decode.loss_ohem: 0.7607  decode.acc_seg: 89.7506  aux_0.loss_ce: 0.3429  aux_0.acc_seg: 86.0571
2026/07/20 00:55:33 - mmengine - INFO - Iter(train) [ 98500/160000]  lr: 4.2833e-03  eta: 6:21:23  time: 0.3690  data_time: 0.0466  memory: 9057  loss: 1.0556  decode.loss_ohem: 0.7439  decode.acc_seg: 93.1389  aux_0.loss_ce: 0.3116  aux_0.acc_seg: 90.2066
2026/07/20 00:56:10 - mmengine - INFO - Iter(train) [ 98600/160000]  lr: 4.2771e-03  eta: 6:20:46  time: 0.3753  data_time: 0.0474  memory: 9057  loss: 1.0623  decode.loss_ohem: 0.7402  decode.acc_seg: 92.9532  aux_0.loss_ce: 0.3221  aux_0.acc_seg: 89.0635
2026/07/20 00:56:48 - mmengine - INFO - Iter(train) [ 98700/160000]  lr: 4.2708e-03  eta: 6:20:09  time: 0.3746  data_time: 0.0470  memory: 9057  loss: 1.0468  decode.loss_ohem: 0.7065  decode.acc_seg: 92.5124  aux_0.loss_ce: 0.3403  aux_0.acc_seg: 86.7913
2026/07/20 00:57:25 - mmengine - INFO - Iter(train) [ 98800/160000]  lr: 4.2645e-03  eta: 6:19:32  time: 0.3727  data_time: 0.0473  memory: 9056  loss: 1.1842  decode.loss_ohem: 0.8139  decode.acc_seg: 92.9399  aux_0.loss_ce: 0.3703  aux_0.acc_seg: 86.3211
2026/07/20 00:58:02 - mmengine - INFO - Iter(train) [ 98900/160000]  lr: 4.2583e-03  eta: 6:18:55  time: 0.3731  data_time: 0.0464  memory: 9056  loss: 1.0730  decode.loss_ohem: 0.7350  decode.acc_seg: 93.2697  aux_0.loss_ce: 0.3381  aux_0.acc_seg: 89.6297
2026/07/20 00:58:40 - mmengine - INFO - Exp name: dsanet_cityscapes_512x1024_20260719_144008
2026/07/20 00:58:40 - mmengine - INFO - Iter(train) [ 99000/160000]  lr: 4.2520e-03  eta: 6:18:17  time: 0.3732  data_time: 0.0470  memory: 9057  loss: 1.0500  decode.loss_ohem: 0.7355  decode.acc_seg: 92.6840  aux_0.loss_ce: 0.3145  aux_0.acc_seg: 89.0824
2026/07/20 00:59:17 - mmengine - INFO - Iter(train) [ 99100/160000]  lr: 4.2458e-03  eta: 6:17:40  time: 0.3743  data_time: 0.0471  memory: 9056  loss: 1.0770  decode.loss_ohem: 0.7573  decode.acc_seg: 94.2623  aux_0.loss_ce: 0.3196  aux_0.acc_seg: 91.1249
2026/07/20 00:59:55 - mmengine - INFO - Iter(train) [ 99200/160000]  lr: 4.2395e-03  eta: 6:17:03  time: 0.3767  data_time: 0.0479  memory: 9056  loss: 0.9999  decode.loss_ohem: 0.6969  decode.acc_seg: 91.6334  aux_0.loss_ce: 0.3030  aux_0.acc_seg: 84.4346
2026/07/20 01:00:32 - mmengine - INFO - Iter(train) [ 99300/160000]  lr: 4.2332e-03  eta: 6:16:26  time: 0.3750  data_time: 0.0473  memory: 9057  loss: 1.0128  decode.loss_ohem: 0.6952  decode.acc_seg: 93.2421  aux_0.loss_ce: 0.3176  aux_0.acc_seg: 89.7291
2026/07/20 01:01:10 - mmengine - INFO - Iter(train) [ 99400/160000]  lr: 4.2270e-03  eta: 6:15:49  time: 0.3741  data_time: 0.0474  memory: 9056  loss: 1.0401  decode.loss_ohem: 0.7195  decode.acc_seg: 93.7427  aux_0.loss_ce: 0.3206  aux_0.acc_seg: 89.3754
2026/07/20 01:01:47 - mmengine - INFO - Iter(train) [ 99500/160000]  lr: 4.2207e-03  eta: 6:15:12  time: 0.3747  data_time: 0.0474  memory: 9057  loss: 1.0875  decode.loss_ohem: 0.7413  decode.acc_seg: 92.4652  aux_0.loss_ce: 0.3461  aux_0.acc_seg: 87.2621
2026/07/20 01:02:25 - mmengine - INFO - Iter(train) [ 99600/160000]  lr: 4.2145e-03  eta: 6:14:35  time: 0.3752  data_time: 0.0481  memory: 9056  loss: 1.1089  decode.loss_ohem: 0.7595  decode.acc_seg: 93.0657  aux_0.loss_ce: 0.3494  aux_0.acc_seg: 87.2462
2026/07/20 01:03:02 - mmengine - INFO - Iter(train) [ 99700/160000]  lr: 4.2082e-03  eta: 6:13:58  time: 0.3738  data_time: 0.0473  memory: 9057  loss: 1.0450  decode.loss_ohem: 0.7322  decode.acc_seg: 94.3065  aux_0.loss_ce: 0.3128  aux_0.acc_seg: 88.3514
2026/07/20 01:03:40 - mmengine - INFO - Iter(train) [ 99800/160000]  lr: 4.2019e-03  eta: 6:13:21  time: 0.3739  data_time: 0.0471  memory: 9057  loss: 1.1910  decode.loss_ohem: 0.8029  decode.acc_seg: 89.7327  aux_0.loss_ce: 0.3881  aux_0.acc_seg: 83.8723
2026/07/20 01:04:17 - mmengine - INFO - Iter(train) [ 99900/160000]  lr: 4.1957e-03  eta: 6:12:44  time: 0.3737  data_time: 0.0470  memory: 9057  loss: 1.0458  decode.loss_ohem: 0.7343  decode.acc_seg: 93.9663  aux_0.loss_ce: 0.3115  aux_0.acc_seg: 90.2128
2026/07/20 01:04:54 - mmengine - INFO - Exp name: dsanet_cityscapes_512x1024_20260719_144008
2026/07/20 01:04:54 - mmengine - INFO - Iter(train) [100000/160000]  lr: 4.1894e-03  eta: 6:12:07  time: 0.3724  data_time: 0.0469  memory: 9057  loss: 1.0745  decode.loss_ohem: 0.7604  decode.acc_seg: 92.7196  aux_0.loss_ce: 0.3141  aux_0.acc_seg: 87.5038
2026/07/20 01:04:54 - mmengine - INFO - Saving checkpoint at 100000 iterations
2026/07/20 01:05:01 - mmengine - INFO - Iter(val) [100/250]    eta: 0:00:08  time: 0.0534  data_time: 0.0189  memory: 790  
2026/07/20 01:05:06 - mmengine - INFO - Iter(val) [200/250]    eta: 0:00:02  time: 0.0530  data_time: 0.0189  memory: 790  
2026/07/20 01:05:09 - mmengine - INFO - per class results:
2026/07/20 01:05:09 - mmengine - INFO - 
+---------------+-------+-------+
|     Class     |  IoU  |  Acc  |
+---------------+-------+-------+
|      road     | 96.95 |  98.8 |
|    sidewalk   | 76.42 | 83.68 |
|    building   | 88.82 |  95.7 |
|      wall     | 37.22 | 48.75 |
|     fence     | 47.79 | 55.21 |
|      pole     | 52.04 | 62.33 |
| traffic light | 47.83 | 55.77 |
|  traffic sign | 65.91 | 73.62 |
|   vegetation  | 89.72 | 94.96 |
|    terrain    | 55.16 | 67.39 |
|      sky      | 93.09 | 97.17 |
|     person    | 71.29 |  83.5 |
|     rider     | 48.36 | 61.51 |
|      car      | 90.93 | 96.68 |
|     truck     | 47.65 | 60.04 |
|      bus      | 67.14 | 74.07 |
|     train     | 54.05 | 81.15 |
|   motorcycle  | 34.56 | 39.43 |
|    bicycle    | 67.42 | 79.39 |
+---------------+-------+-------+
2026/07/20 01:05:09 - mmengine - INFO - Iter(val) [250/250]    aAcc: 93.9700  mIoU: 64.8600  mAcc: 74.1700  data_time: 0.0203  time: 0.0548
2026/07/20 01:05:46 - mmengine - INFO - Iter(train) [100100/160000]  lr: 4.1831e-03  eta: 6:11:30  time: 0.3744  data_time: 0.0470  memory: 9056  loss: 1.1214  decode.loss_ohem: 0.7542  decode.acc_seg: 91.6551  aux_0.loss_ce: 0.3671  aux_0.acc_seg: 84.5613
2026/07/20 01:06:24 - mmengine - INFO - Iter(train) [100200/160000]  lr: 4.1768e-03  eta: 6:10:53  time: 0.3747  data_time: 0.0477  memory: 9056  loss: 1.0550  decode.loss_ohem: 0.7309  decode.acc_seg: 92.9699  aux_0.loss_ce: 0.3241  aux_0.acc_seg: 90.7921
2026/07/20 01:07:01 - mmengine - INFO - Iter(train) [100300/160000]  lr: 4.1706e-03  eta: 6:10:16  time: 0.3750  data_time: 0.0476  memory: 9056  loss: 1.0795  decode.loss_ohem: 0.7536  decode.acc_seg: 90.1251  aux_0.loss_ce: 0.3260  aux_0.acc_seg: 84.5169
2026/07/20 01:07:39 - mmengine - INFO - Iter(train) [100400/160000]  lr: 4.1643e-03  eta: 6:09:39  time: 0.3747  data_time: 0.0472  memory: 9057  loss: 1.0738  decode.loss_ohem: 0.7305  decode.acc_seg: 93.3659  aux_0.loss_ce: 0.3432  aux_0.acc_seg: 88.7255
2026/07/20 01:08:16 - mmengine - INFO - Iter(train) [100500/160000]  lr: 4.1580e-03  eta: 6:09:01  time: 0.3754  data_time: 0.0468  memory: 9057  loss: 1.0332  decode.loss_ohem: 0.6854  decode.acc_seg: 91.8849  aux_0.loss_ce: 0.3478  aux_0.acc_seg: 88.9598
2026/07/20 01:08:54 - mmengine - INFO - Iter(train) [100600/160000]  lr: 4.1518e-03  eta: 6:08:24  time: 0.3743  data_time: 0.0473  memory: 9058  loss: 1.1051  decode.loss_ohem: 0.7552  decode.acc_seg: 92.7603  aux_0.loss_ce: 0.3499  aux_0.acc_seg: 88.9560
2026/07/20 01:09:31 - mmengine - INFO - Iter(train) [100700/160000]  lr: 4.1455e-03  eta: 6:07:47  time: 0.3732  data_time: 0.0458  memory: 9056  loss: 1.0423  decode.loss_ohem: 0.7224  decode.acc_seg: 89.6012  aux_0.loss_ce: 0.3199  aux_0.acc_seg: 82.6534
2026/07/20 01:10:09 - mmengine - INFO - Iter(train) [100800/160000]  lr: 4.1392e-03  eta: 6:07:10  time: 0.3760  data_time: 0.0478  memory: 9058  loss: 1.0028  decode.loss_ohem: 0.6773  decode.acc_seg: 90.8686  aux_0.loss_ce: 0.3255  aux_0.acc_seg: 87.7066
2026/07/20 01:10:46 - mmengine - INFO - Iter(train) [100900/160000]  lr: 4.1329e-03  eta: 6:06:33  time: 0.3736  data_time: 0.0465  memory: 9057  loss: 1.0455  decode.loss_ohem: 0.7301  decode.acc_seg: 93.7077  aux_0.loss_ce: 0.3154  aux_0.acc_seg: 91.7113
2026/07/20 01:11:24 - mmengine - INFO - Exp name: dsanet_cityscapes_512x1024_20260719_144008
2026/07/20 01:11:24 - mmengine - INFO - Iter(train) [101000/160000]  lr: 4.1266e-03  eta: 6:05:56  time: 0.3747  data_time: 0.0474  memory: 9057  loss: 1.0177  decode.loss_ohem: 0.6982  decode.acc_seg: 92.8778  aux_0.loss_ce: 0.3194  aux_0.acc_seg: 89.4772
2026/07/20 01:12:01 - mmengine - INFO - Iter(train) [101100/160000]  lr: 4.1204e-03  eta: 6:05:19  time: 0.3747  data_time: 0.0470  memory: 9057  loss: 1.0185  decode.loss_ohem: 0.6980  decode.acc_seg: 91.5445  aux_0.loss_ce: 0.3205  aux_0.acc_seg: 89.7079
2026/07/20 01:12:39 - mmengine - INFO - Iter(train) [101200/160000]  lr: 4.1141e-03  eta: 6:04:42  time: 0.3757  data_time: 0.0479  memory: 9057  loss: 1.0105  decode.loss_ohem: 0.6773  decode.acc_seg: 93.5597  aux_0.loss_ce: 0.3332  aux_0.acc_seg: 90.5572
2026/07/20 01:13:16 - mmengine - INFO - Iter(train) [101300/160000]  lr: 4.1078e-03  eta: 6:04:05  time: 0.3758  data_time: 0.0475  memory: 9057  loss: 1.0821  decode.loss_ohem: 0.7293  decode.acc_seg: 92.5788  aux_0.loss_ce: 0.3528  aux_0.acc_seg: 88.1061
2026/07/20 01:13:54 - mmengine - INFO - Iter(train) [101400/160000]  lr: 4.1015e-03  eta: 6:03:28  time: 0.3735  data_time: 0.0467  memory: 9056  loss: 1.1945  decode.loss_ohem: 0.8188  decode.acc_seg: 89.6254  aux_0.loss_ce: 0.3756  aux_0.acc_seg: 81.4895
2026/07/20 01:14:31 - mmengine - INFO - Iter(train) [101500/160000]  lr: 4.0952e-03  eta: 6:02:51  time: 0.3741  data_time: 0.0469  memory: 9057  loss: 1.1301  decode.loss_ohem: 0.7824  decode.acc_seg: 93.3837  aux_0.loss_ce: 0.3477  aux_0.acc_seg: 88.4989
2026/07/20 01:15:09 - mmengine - INFO - Iter(train) [101600/160000]  lr: 4.0889e-03  eta: 6:02:14  time: 0.3731  data_time: 0.0464  memory: 9057  loss: 1.0101  decode.loss_ohem: 0.7091  decode.acc_seg: 92.5637  aux_0.loss_ce: 0.3010  aux_0.acc_seg: 89.1386
2026/07/20 01:15:46 - mmengine - INFO - Iter(train) [101700/160000]  lr: 4.0827e-03  eta: 6:01:37  time: 0.3747  data_time: 0.0471  memory: 9057  loss: 1.0244  decode.loss_ohem: 0.7056  decode.acc_seg: 92.8012  aux_0.loss_ce: 0.3188  aux_0.acc_seg: 88.2475
2026/07/20 01:16:23 - mmengine - INFO - Iter(train) [101800/160000]  lr: 4.0764e-03  eta: 6:01:00  time: 0.3779  data_time: 0.0474  memory: 9057  loss: 1.0962  decode.loss_ohem: 0.7417  decode.acc_seg: 93.4852  aux_0.loss_ce: 0.3545  aux_0.acc_seg: 88.5115
2026/07/20 01:17:01 - mmengine - INFO - Iter(train) [101900/160000]  lr: 4.0701e-03  eta: 6:00:22  time: 0.3736  data_time: 0.0457  memory: 9057  loss: 1.1861  decode.loss_ohem: 0.8061  decode.acc_seg: 89.5561  aux_0.loss_ce: 0.3800  aux_0.acc_seg: 86.1236
2026/07/20 01:17:38 - mmengine - INFO - Exp name: dsanet_cityscapes_512x1024_20260719_144008
2026/07/20 01:17:38 - mmengine - INFO - Iter(train) [102000/160000]  lr: 4.0638e-03  eta: 5:59:45  time: 0.3749  data_time: 0.0474  memory: 9057  loss: 1.1256  decode.loss_ohem: 0.7740  decode.acc_seg: 86.7279  aux_0.loss_ce: 0.3516  aux_0.acc_seg: 83.3267
2026/07/20 01:18:16 - mmengine - INFO - Iter(train) [102100/160000]  lr: 4.0575e-03  eta: 5:59:08  time: 0.3735  data_time: 0.0464  memory: 9056  loss: 1.0310  decode.loss_ohem: 0.7094  decode.acc_seg: 93.0434  aux_0.loss_ce: 0.3216  aux_0.acc_seg: 90.8761
2026/07/20 01:18:53 - mmengine - INFO - Iter(train) [102200/160000]  lr: 4.0512e-03  eta: 5:58:31  time: 0.3744  data_time: 0.0480  memory: 9056  loss: 1.0878  decode.loss_ohem: 0.7880  decode.acc_seg: 91.1580  aux_0.loss_ce: 0.2998  aux_0.acc_seg: 88.9116
2026/07/20 01:19:31 - mmengine - INFO - Iter(train) [102300/160000]  lr: 4.0449e-03  eta: 5:57:54  time: 0.3747  data_time: 0.0462  memory: 9058  loss: 1.0182  decode.loss_ohem: 0.7201  decode.acc_seg: 93.4076  aux_0.loss_ce: 0.2981  aux_0.acc_seg: 89.9562
2026/07/20 01:20:08 - mmengine - INFO - Iter(train) [102400/160000]  lr: 4.0386e-03  eta: 5:57:17  time: 0.3734  data_time: 0.0470  memory: 9055  loss: 1.1334  decode.loss_ohem: 0.7842  decode.acc_seg: 92.6526  aux_0.loss_ce: 0.3492  aux_0.acc_seg: 88.0187
2026/07/20 01:20:45 - mmengine - INFO - Iter(train) [102500/160000]  lr: 4.0323e-03  eta: 5:56:40  time: 0.3752  data_time: 0.0473  memory: 9056  loss: 1.1637  decode.loss_ohem: 0.7886  decode.acc_seg: 92.6180  aux_0.loss_ce: 0.3751  aux_0.acc_seg: 87.8470
2026/07/20 01:21:23 - mmengine - INFO - Iter(train) [102600/160000]  lr: 4.0260e-03  eta: 5:56:03  time: 0.3758  data_time: 0.0477  memory: 9059  loss: 1.0712  decode.loss_ohem: 0.7395  decode.acc_seg: 91.2123  aux_0.loss_ce: 0.3317  aux_0.acc_seg: 87.3055
2026/07/20 01:22:01 - mmengine - INFO - Iter(train) [102700/160000]  lr: 4.0197e-03  eta: 5:55:26  time: 0.3733  data_time: 0.0466  memory: 9057  loss: 1.0411  decode.loss_ohem: 0.7189  decode.acc_seg: 91.9023  aux_0.loss_ce: 0.3222  aux_0.acc_seg: 88.0351
2026/07/20 01:22:38 - mmengine - INFO - Iter(train) [102800/160000]  lr: 4.0134e-03  eta: 5:54:49  time: 0.3755  data_time: 0.0481  memory: 9056  loss: 1.0824  decode.loss_ohem: 0.7784  decode.acc_seg: 93.6524  aux_0.loss_ce: 0.3039  aux_0.acc_seg: 91.1475
2026/07/20 01:23:16 - mmengine - INFO - Iter(train) [102900/160000]  lr: 4.0071e-03  eta: 5:54:12  time: 0.3753  data_time: 0.0478  memory: 9057  loss: 1.1281  decode.loss_ohem: 0.7725  decode.acc_seg: 92.6910  aux_0.loss_ce: 0.3555  aux_0.acc_seg: 87.5550
2026/07/20 01:23:53 - mmengine - INFO - Exp name: dsanet_cityscapes_512x1024_20260719_144008
2026/07/20 01:23:53 - mmengine - INFO - Iter(train) [103000/160000]  lr: 4.0008e-03  eta: 5:53:34  time: 0.3764  data_time: 0.0483  memory: 9057  loss: 1.0678  decode.loss_ohem: 0.7351  decode.acc_seg: 94.0347  aux_0.loss_ce: 0.3327  aux_0.acc_seg: 89.6611
2026/07/20 01:24:31 - mmengine - INFO - Iter(train) [103100/160000]  lr: 3.9945e-03  eta: 5:52:57  time: 0.3719  data_time: 0.0466  memory: 9058  loss: 1.0649  decode.loss_ohem: 0.7330  decode.acc_seg: 93.0272  aux_0.loss_ce: 0.3319  aux_0.acc_seg: 89.5377
2026/07/20 01:25:08 - mmengine - INFO - Iter(train) [103200/160000]  lr: 3.9882e-03  eta: 5:52:20  time: 0.3741  data_time: 0.0471  memory: 9056  loss: 1.0882  decode.loss_ohem: 0.7265  decode.acc_seg: 91.8230  aux_0.loss_ce: 0.3617  aux_0.acc_seg: 90.3672
2026/07/20 01:25:45 - mmengine - INFO - Iter(train) [103300/160000]  lr: 3.9819e-03  eta: 5:51:43  time: 0.3733  data_time: 0.0463  memory: 9057  loss: 1.0741  decode.loss_ohem: 0.7433  decode.acc_seg: 93.2066  aux_0.loss_ce: 0.3309  aux_0.acc_seg: 89.7306
2026/07/20 01:26:23 - mmengine - INFO - Iter(train) [103400/160000]  lr: 3.9756e-03  eta: 5:51:06  time: 0.3752  data_time: 0.0476  memory: 9057  loss: 1.0794  decode.loss_ohem: 0.7435  decode.acc_seg: 93.3707  aux_0.loss_ce: 0.3359  aux_0.acc_seg: 89.5159
2026/07/20 01:27:00 - mmengine - INFO - Iter(train) [103500/160000]  lr: 3.9693e-03  eta: 5:50:29  time: 0.3745  data_time: 0.0470  memory: 9057  loss: 1.1293  decode.loss_ohem: 0.7635  decode.acc_seg: 94.5925  aux_0.loss_ce: 0.3658  aux_0.acc_seg: 88.3674
2026/07/20 01:27:38 - mmengine - INFO - Iter(train) [103600/160000]  lr: 3.9630e-03  eta: 5:49:52  time: 0.3761  data_time: 0.0485  memory: 9056  loss: 1.0360  decode.loss_ohem: 0.7080  decode.acc_seg: 90.4311  aux_0.loss_ce: 0.3280  aux_0.acc_seg: 87.6181
2026/07/20 01:28:15 - mmengine - INFO - Iter(train) [103700/160000]  lr: 3.9567e-03  eta: 5:49:15  time: 0.3732  data_time: 0.0461  memory: 9057  loss: 1.1405  decode.loss_ohem: 0.7802  decode.acc_seg: 89.2305  aux_0.loss_ce: 0.3603  aux_0.acc_seg: 84.1360
2026/07/20 01:28:53 - mmengine - INFO - Iter(train) [103800/160000]  lr: 3.9504e-03  eta: 5:48:38  time: 0.3756  data_time: 0.0481  memory: 9057  loss: 1.1215  decode.loss_ohem: 0.7767  decode.acc_seg: 91.9368  aux_0.loss_ce: 0.3447  aux_0.acc_seg: 89.2603
2026/07/20 01:29:30 - mmengine - INFO - Iter(train) [103900/160000]  lr: 3.9441e-03  eta: 5:48:01  time: 0.3737  data_time: 0.0463  memory: 9056  loss: 1.0559  decode.loss_ohem: 0.7151  decode.acc_seg: 95.1827  aux_0.loss_ce: 0.3408  aux_0.acc_seg: 92.6638
2026/07/20 01:30:08 - mmengine - INFO - Exp name: dsanet_cityscapes_512x1024_20260719_144008
2026/07/20 01:30:08 - mmengine - INFO - Iter(train) [104000/160000]  lr: 3.9378e-03  eta: 5:47:24  time: 0.3761  data_time: 0.0480  memory: 9057  loss: 1.0724  decode.loss_ohem: 0.7237  decode.acc_seg: 91.0212  aux_0.loss_ce: 0.3487  aux_0.acc_seg: 87.3518
2026/07/20 01:30:45 - mmengine - INFO - Iter(train) [104100/160000]  lr: 3.9315e-03  eta: 5:46:47  time: 0.3740  data_time: 0.0463  memory: 9056  loss: 1.0514  decode.loss_ohem: 0.6996  decode.acc_seg: 91.4928  aux_0.loss_ce: 0.3517  aux_0.acc_seg: 83.0571
2026/07/20 01:31:23 - mmengine - INFO - Iter(train) [104200/160000]  lr: 3.9251e-03  eta: 5:46:10  time: 0.3733  data_time: 0.0465  memory: 9057  loss: 1.0253  decode.loss_ohem: 0.7129  decode.acc_seg: 92.3850  aux_0.loss_ce: 0.3125  aux_0.acc_seg: 87.4087
2026/07/20 01:32:00 - mmengine - INFO - Iter(train) [104300/160000]  lr: 3.9188e-03  eta: 5:45:32  time: 0.3754  data_time: 0.0479  memory: 9056  loss: 1.0555  decode.loss_ohem: 0.7181  decode.acc_seg: 89.8577  aux_0.loss_ce: 0.3374  aux_0.acc_seg: 85.5992
2026/07/20 01:32:38 - mmengine - INFO - Iter(train) [104400/160000]  lr: 3.9125e-03  eta: 5:44:55  time: 0.3746  data_time: 0.0474  memory: 9056  loss: 1.0688  decode.loss_ohem: 0.7220  decode.acc_seg: 88.4298  aux_0.loss_ce: 0.3468  aux_0.acc_seg: 83.1597
2026/07/20 01:33:15 - mmengine - INFO - Iter(train) [104500/160000]  lr: 3.9062e-03  eta: 5:44:18  time: 0.3736  data_time: 0.0467  memory: 9057  loss: 1.0150  decode.loss_ohem: 0.7129  decode.acc_seg: 93.9845  aux_0.loss_ce: 0.3021  aux_0.acc_seg: 90.9486
2026/07/20 01:33:53 - mmengine - INFO - Iter(train) [104600/160000]  lr: 3.8999e-03  eta: 5:43:41  time: 0.3742  data_time: 0.0472  memory: 9057  loss: 1.1023  decode.loss_ohem: 0.7653  decode.acc_seg: 91.8404  aux_0.loss_ce: 0.3370  aux_0.acc_seg: 87.6844
2026/07/20 01:34:30 - mmengine - INFO - Iter(train) [104700/160000]  lr: 3.8936e-03  eta: 5:43:04  time: 0.3742  data_time: 0.0476  memory: 9056  loss: 1.1049  decode.loss_ohem: 0.7641  decode.acc_seg: 93.0480  aux_0.loss_ce: 0.3409  aux_0.acc_seg: 90.2758
2026/07/20 01:35:08 - mmengine - INFO - Iter(train) [104800/160000]  lr: 3.8872e-03  eta: 5:42:27  time: 0.3754  data_time: 0.0481  memory: 9057  loss: 1.0894  decode.loss_ohem: 0.7444  decode.acc_seg: 94.8426  aux_0.loss_ce: 0.3451  aux_0.acc_seg: 89.2964
2026/07/20 01:35:45 - mmengine - INFO - Iter(train) [104900/160000]  lr: 3.8809e-03  eta: 5:41:50  time: 0.3734  data_time: 0.0467  memory: 9056  loss: 1.1213  decode.loss_ohem: 0.7744  decode.acc_seg: 94.0934  aux_0.loss_ce: 0.3469  aux_0.acc_seg: 87.3409
2026/07/20 01:36:22 - mmengine - INFO - Exp name: dsanet_cityscapes_512x1024_20260719_144008
2026/07/20 01:36:22 - mmengine - INFO - Iter(train) [105000/160000]  lr: 3.8746e-03  eta: 5:41:13  time: 0.3736  data_time: 0.0473  memory: 9057  loss: 1.1148  decode.loss_ohem: 0.7695  decode.acc_seg: 88.8527  aux_0.loss_ce: 0.3453  aux_0.acc_seg: 82.9331
2026/07/20 01:36:22 - mmengine - INFO - Saving checkpoint at 105000 iterations
2026/07/20 01:36:29 - mmengine - INFO - Iter(val) [100/250]    eta: 0:00:08  time: 0.0523  data_time: 0.0186  memory: 790  
2026/07/20 01:36:34 - mmengine - INFO - Iter(val) [200/250]    eta: 0:00:02  time: 0.0529  data_time: 0.0188  memory: 790  
2026/07/20 01:36:37 - mmengine - INFO - per class results:
2026/07/20 01:36:37 - mmengine - INFO - 
+---------------+-------+-------+
|     Class     |  IoU  |  Acc  |
+---------------+-------+-------+
|      road     | 97.52 | 98.85 |
|    sidewalk   | 80.82 | 89.01 |
|    building   | 89.64 | 94.48 |
|      wall     | 45.32 | 62.05 |
|     fence     | 52.38 | 66.91 |
|      pole     | 56.03 | 68.13 |
| traffic light | 52.41 | 62.67 |
|  traffic sign | 67.25 | 76.11 |
|   vegetation  | 90.42 | 95.24 |
|    terrain    | 58.93 | 74.57 |
|      sky      | 93.02 | 97.49 |
|     person    | 73.84 | 87.07 |
|     rider     | 48.36 |  59.5 |
|      car      | 92.28 | 96.88 |
|     truck     | 50.17 | 60.16 |
|      bus      | 72.04 | 84.53 |
|     train     | 51.72 | 82.22 |
|   motorcycle  | 41.59 | 48.53 |
|    bicycle    | 68.61 | 81.65 |
+---------------+-------+-------+
2026/07/20 01:36:37 - mmengine - INFO - Iter(val) [250/250]    aAcc: 94.5600  mIoU: 67.4900  mAcc: 78.2100  data_time: 0.0201  time: 0.0543
2026/07/20 01:36:37 - mmengine - INFO - The previous best checkpoint /root/autodl-tmp/DSANet-main/tools/work_dirs/dsanet_cityscapes_512x1024/best_mIoU_iter_85000.pth is removed
2026/07/20 01:36:37 - mmengine - INFO - The best checkpoint with 67.4900 mIoU at 105000 iter is saved to best_mIoU_iter_105000.pth.
2026/07/20 01:37:15 - mmengine - INFO - Iter(train) [105100/160000]  lr: 3.8683e-03  eta: 5:40:36  time: 0.3758  data_time: 0.0475  memory: 9056  loss: 1.1211  decode.loss_ohem: 0.7583  decode.acc_seg: 89.4708  aux_0.loss_ce: 0.3628  aux_0.acc_seg: 86.2117
2026/07/20 01:37:52 - mmengine - INFO - Iter(train) [105200/160000]  lr: 3.8619e-03  eta: 5:39:59  time: 0.3741  data_time: 0.0463  memory: 9057  loss: 1.0265  decode.loss_ohem: 0.6884  decode.acc_seg: 92.3408  aux_0.loss_ce: 0.3381  aux_0.acc_seg: 88.7604
2026/07/20 01:38:30 - mmengine - INFO - Iter(train) [105300/160000]  lr: 3.8556e-03  eta: 5:39:22  time: 0.3744  data_time: 0.0468  memory: 9057  loss: 1.0312  decode.loss_ohem: 0.7235  decode.acc_seg: 94.2052  aux_0.loss_ce: 0.3077  aux_0.acc_seg: 92.1585
2026/07/20 01:39:08 - mmengine - INFO - Iter(train) [105400/160000]  lr: 3.8493e-03  eta: 5:38:45  time: 0.3754  data_time: 0.0484  memory: 9056  loss: 1.0061  decode.loss_ohem: 0.7026  decode.acc_seg: 93.9012  aux_0.loss_ce: 0.3036  aux_0.acc_seg: 91.2148
2026/07/20 01:39:45 - mmengine - INFO - Iter(train) [105500/160000]  lr: 3.8430e-03  eta: 5:38:08  time: 0.3730  data_time: 0.0458  memory: 9055  loss: 1.0697  decode.loss_ohem: 0.7510  decode.acc_seg: 91.3937  aux_0.loss_ce: 0.3187  aux_0.acc_seg: 87.2467
2026/07/20 01:40:22 - mmengine - INFO - Iter(train) [105600/160000]  lr: 3.8366e-03  eta: 5:37:30  time: 0.3739  data_time: 0.0471  memory: 9057  loss: 1.1486  decode.loss_ohem: 0.7710  decode.acc_seg: 91.6543  aux_0.loss_ce: 0.3776  aux_0.acc_seg: 88.8329
2026/07/20 01:41:00 - mmengine - INFO - Iter(train) [105700/160000]  lr: 3.8303e-03  eta: 5:36:53  time: 0.3735  data_time: 0.0469  memory: 9060  loss: 0.9988  decode.loss_ohem: 0.6874  decode.acc_seg: 92.5934  aux_0.loss_ce: 0.3114  aux_0.acc_seg: 88.6631
2026/07/20 01:41:37 - mmengine - INFO - Iter(train) [105800/160000]  lr: 3.8240e-03  eta: 5:36:16  time: 0.3755  data_time: 0.0468  memory: 9056  loss: 1.1952  decode.loss_ohem: 0.8271  decode.acc_seg: 91.4057  aux_0.loss_ce: 0.3681  aux_0.acc_seg: 87.6653
2026/07/20 01:42:15 - mmengine - INFO - Iter(train) [105900/160000]  lr: 3.8176e-03  eta: 5:35:39  time: 0.3718  data_time: 0.0459  memory: 9056  loss: 1.0413  decode.loss_ohem: 0.7332  decode.acc_seg: 92.2209  aux_0.loss_ce: 0.3081  aux_0.acc_seg: 87.9080
2026/07/20 01:42:52 - mmengine - INFO - Exp name: dsanet_cityscapes_512x1024_20260719_144008
2026/07/20 01:42:52 - mmengine - INFO - Iter(train) [106000/160000]  lr: 3.8113e-03  eta: 5:35:02  time: 0.3724  data_time: 0.0465  memory: 9056  loss: 1.0737  decode.loss_ohem: 0.7570  decode.acc_seg: 92.2172  aux_0.loss_ce: 0.3166  aux_0.acc_seg: 89.9711
2026/07/20 01:43:30 - mmengine - INFO - Iter(train) [106100/160000]  lr: 3.8050e-03  eta: 5:34:25  time: 0.3738  data_time: 0.0459  memory: 9057  loss: 1.0499  decode.loss_ohem: 0.7069  decode.acc_seg: 93.6733  aux_0.loss_ce: 0.3430  aux_0.acc_seg: 88.1929
2026/07/20 01:44:07 - mmengine - INFO - Iter(train) [106200/160000]  lr: 3.7986e-03  eta: 5:33:48  time: 0.3758  data_time: 0.0475  memory: 9057  loss: 1.0260  decode.loss_ohem: 0.7061  decode.acc_seg: 90.6732  aux_0.loss_ce: 0.3199  aux_0.acc_seg: 83.8211
2026/07/20 01:44:45 - mmengine - INFO - Iter(train) [106300/160000]  lr: 3.7923e-03  eta: 5:33:11  time: 0.3718  data_time: 0.0452  memory: 9056  loss: 1.0591  decode.loss_ohem: 0.7373  decode.acc_seg: 91.9952  aux_0.loss_ce: 0.3218  aux_0.acc_seg: 86.0479
2026/07/20 01:45:22 - mmengine - INFO - Iter(train) [106400/160000]  lr: 3.7859e-03  eta: 5:32:33  time: 0.3721  data_time: 0.0469  memory: 9057  loss: 1.0561  decode.loss_ohem: 0.7321  decode.acc_seg: 90.2056  aux_0.loss_ce: 0.3240  aux_0.acc_seg: 82.2449
2026/07/20 01:45:59 - mmengine - INFO - Iter(train) [106500/160000]  lr: 3.7796e-03  eta: 5:31:56  time: 0.3730  data_time: 0.0458  memory: 9058  loss: 1.0646  decode.loss_ohem: 0.7458  decode.acc_seg: 93.1565  aux_0.loss_ce: 0.3188  aux_0.acc_seg: 86.6357
2026/07/20 01:46:37 - mmengine - INFO - Iter(train) [106600/160000]  lr: 3.7733e-03  eta: 5:31:19  time: 0.3746  data_time: 0.0482  memory: 9056  loss: 1.2098  decode.loss_ohem: 0.8526  decode.acc_seg: 91.3408  aux_0.loss_ce: 0.3572  aux_0.acc_seg: 84.9552
2026/07/20 01:47:14 - mmengine - INFO - Iter(train) [106700/160000]  lr: 3.7669e-03  eta: 5:30:42  time: 0.3749  data_time: 0.0473  memory: 9057  loss: 1.0542  decode.loss_ohem: 0.7078  decode.acc_seg: 93.7435  aux_0.loss_ce: 0.3464  aux_0.acc_seg: 91.5590
2026/07/20 01:47:52 - mmengine - INFO - Iter(train) [106800/160000]  lr: 3.7606e-03  eta: 5:30:05  time: 0.3787  data_time: 0.0502  memory: 9057  loss: 1.0851  decode.loss_ohem: 0.7481  decode.acc_seg: 93.0085  aux_0.loss_ce: 0.3370  aux_0.acc_seg: 90.1765
2026/07/20 01:48:29 - mmengine - INFO - Iter(train) [106900/160000]  lr: 3.7542e-03  eta: 5:29:28  time: 0.3746  data_time: 0.0467  memory: 9056  loss: 1.0379  decode.loss_ohem: 0.6922  decode.acc_seg: 91.2601  aux_0.loss_ce: 0.3457  aux_0.acc_seg: 82.5673
2026/07/20 01:49:07 - mmengine - INFO - Exp name: dsanet_cityscapes_512x1024_20260719_144008
2026/07/20 01:49:07 - mmengine - INFO - Iter(train) [107000/160000]  lr: 3.7479e-03  eta: 5:28:51  time: 0.3761  data_time: 0.0484  memory: 9057  loss: 1.0197  decode.loss_ohem: 0.7000  decode.acc_seg: 93.3939  aux_0.loss_ce: 0.3197  aux_0.acc_seg: 87.9270
2026/07/20 01:49:44 - mmengine - INFO - Iter(train) [107100/160000]  lr: 3.7415e-03  eta: 5:28:14  time: 0.3740  data_time: 0.0470  memory: 9057  loss: 1.0534  decode.loss_ohem: 0.7303  decode.acc_seg: 90.6769  aux_0.loss_ce: 0.3232  aux_0.acc_seg: 88.0817
2026/07/20 01:50:22 - mmengine - INFO - Iter(train) [107200/160000]  lr: 3.7352e-03  eta: 5:27:37  time: 0.3735  data_time: 0.0468  memory: 9056  loss: 1.0590  decode.loss_ohem: 0.7240  decode.acc_seg: 91.4871  aux_0.loss_ce: 0.3351  aux_0.acc_seg: 88.0502
2026/07/20 01:50:59 - mmengine - INFO - Iter(train) [107300/160000]  lr: 3.7288e-03  eta: 5:26:59  time: 0.3738  data_time: 0.0465  memory: 9056  loss: 1.0564  decode.loss_ohem: 0.7217  decode.acc_seg: 94.3516  aux_0.loss_ce: 0.3347  aux_0.acc_seg: 90.5747
2026/07/20 01:51:37 - mmengine - INFO - Iter(train) [107400/160000]  lr: 3.7225e-03  eta: 5:26:22  time: 0.3741  data_time: 0.0469  memory: 9057  loss: 1.2255  decode.loss_ohem: 0.8707  decode.acc_seg: 90.7367  aux_0.loss_ce: 0.3548  aux_0.acc_seg: 86.2724
2026/07/20 01:52:14 - mmengine - INFO - Iter(train) [107500/160000]  lr: 3.7161e-03  eta: 5:25:45  time: 0.3749  data_time: 0.0470  memory: 9056  loss: 1.0422  decode.loss_ohem: 0.7087  decode.acc_seg: 91.9696  aux_0.loss_ce: 0.3335  aux_0.acc_seg: 88.2905
2026/07/20 01:52:52 - mmengine - INFO - Iter(train) [107600/160000]  lr: 3.7098e-03  eta: 5:25:08  time: 0.3742  data_time: 0.0469  memory: 9059  loss: 1.0800  decode.loss_ohem: 0.7544  decode.acc_seg: 90.4421  aux_0.loss_ce: 0.3256  aux_0.acc_seg: 84.8432
2026/07/20 01:53:29 - mmengine - INFO - Iter(train) [107700/160000]  lr: 3.7034e-03  eta: 5:24:31  time: 0.3732  data_time: 0.0464  memory: 9056  loss: 1.0295  decode.loss_ohem: 0.7127  decode.acc_seg: 91.7543  aux_0.loss_ce: 0.3168  aux_0.acc_seg: 87.7171
2026/07/20 01:54:06 - mmengine - INFO - Iter(train) [107800/160000]  lr: 3.6971e-03  eta: 5:23:54  time: 0.3745  data_time: 0.0475  memory: 9057  loss: 1.0723  decode.loss_ohem: 0.7280  decode.acc_seg: 90.9325  aux_0.loss_ce: 0.3443  aux_0.acc_seg: 85.2080
2026/07/20 01:54:44 - mmengine - INFO - Iter(train) [107900/160000]  lr: 3.6907e-03  eta: 5:23:17  time: 0.3736  data_time: 0.0465  memory: 9056  loss: 1.0882  decode.loss_ohem: 0.7580  decode.acc_seg: 92.7342  aux_0.loss_ce: 0.3302  aux_0.acc_seg: 87.3088
2026/07/20 01:55:21 - mmengine - INFO - Exp name: dsanet_cityscapes_512x1024_20260719_144008
2026/07/20 01:55:21 - mmengine - INFO - Iter(train) [108000/160000]  lr: 3.6843e-03  eta: 5:22:39  time: 0.3757  data_time: 0.0485  memory: 9057  loss: 1.1258  decode.loss_ohem: 0.7807  decode.acc_seg: 87.8100  aux_0.loss_ce: 0.3451  aux_0.acc_seg: 84.0911
2026/07/20 01:55:59 - mmengine - INFO - Iter(train) [108100/160000]  lr: 3.6780e-03  eta: 5:22:02  time: 0.3733  data_time: 0.0458  memory: 9058  loss: 0.9904  decode.loss_ohem: 0.6544  decode.acc_seg: 93.6194  aux_0.loss_ce: 0.3360  aux_0.acc_seg: 87.7249
2026/07/20 01:56:36 - mmengine - INFO - Iter(train) [108200/160000]  lr: 3.6716e-03  eta: 5:21:25  time: 0.3753  data_time: 0.0476  memory: 9057  loss: 1.0659  decode.loss_ohem: 0.7328  decode.acc_seg: 92.8245  aux_0.loss_ce: 0.3331  aux_0.acc_seg: 87.7887
2026/07/20 01:57:14 - mmengine - INFO - Iter(train) [108300/160000]  lr: 3.6653e-03  eta: 5:20:48  time: 0.3730  data_time: 0.0465  memory: 9056  loss: 1.0566  decode.loss_ohem: 0.7314  decode.acc_seg: 91.7937  aux_0.loss_ce: 0.3251  aux_0.acc_seg: 87.2843
2026/07/20 01:57:51 - mmengine - INFO - Iter(train) [108400/160000]  lr: 3.6589e-03  eta: 5:20:11  time: 0.3754  data_time: 0.0478  memory: 9056  loss: 1.0069  decode.loss_ohem: 0.6876  decode.acc_seg: 92.7818  aux_0.loss_ce: 0.3193  aux_0.acc_seg: 89.3830
2026/07/20 01:58:29 - mmengine - INFO - Iter(train) [108500/160000]  lr: 3.6525e-03  eta: 5:19:34  time: 0.3754  data_time: 0.0476  memory: 9056  loss: 1.0695  decode.loss_ohem: 0.7274  decode.acc_seg: 90.1842  aux_0.loss_ce: 0.3421  aux_0.acc_seg: 86.1375
2026/07/20 01:59:06 - mmengine - INFO - Iter(train) [108600/160000]  lr: 3.6462e-03  eta: 5:18:57  time: 0.3726  data_time: 0.0460  memory: 9056  loss: 1.1166  decode.loss_ohem: 0.7711  decode.acc_seg: 92.9494  aux_0.loss_ce: 0.3455  aux_0.acc_seg: 87.1075
2026/07/20 01:59:44 - mmengine - INFO - Iter(train) [108700/160000]  lr: 3.6398e-03  eta: 5:18:20  time: 0.3732  data_time: 0.0468  memory: 9056  loss: 1.0146  decode.loss_ohem: 0.7031  decode.acc_seg: 92.0692  aux_0.loss_ce: 0.3115  aux_0.acc_seg: 89.0400
2026/07/20 02:00:21 - mmengine - INFO - Iter(train) [108800/160000]  lr: 3.6334e-03  eta: 5:17:42  time: 0.3745  data_time: 0.0478  memory: 9057  loss: 1.0847  decode.loss_ohem: 0.7485  decode.acc_seg: 93.2239  aux_0.loss_ce: 0.3362  aux_0.acc_seg: 87.4468
2026/07/20 02:00:59 - mmengine - INFO - Iter(train) [108900/160000]  lr: 3.6271e-03  eta: 5:17:05  time: 0.3750  data_time: 0.0477  memory: 9057  loss: 1.0494  decode.loss_ohem: 0.7347  decode.acc_seg: 91.5809  aux_0.loss_ce: 0.3148  aux_0.acc_seg: 87.6731
2026/07/20 02:01:36 - mmengine - INFO - Exp name: dsanet_cityscapes_512x1024_20260719_144008
2026/07/20 02:01:36 - mmengine - INFO - Iter(train) [109000/160000]  lr: 3.6207e-03  eta: 5:16:28  time: 0.3740  data_time: 0.0470  memory: 9057  loss: 1.0602  decode.loss_ohem: 0.7246  decode.acc_seg: 93.0602  aux_0.loss_ce: 0.3356  aux_0.acc_seg: 89.3413
2026/07/20 02:02:13 - mmengine - INFO - Iter(train) [109100/160000]  lr: 3.6143e-03  eta: 5:15:51  time: 0.3748  data_time: 0.0475  memory: 9056  loss: 1.0844  decode.loss_ohem: 0.7475  decode.acc_seg: 92.0372  aux_0.loss_ce: 0.3370  aux_0.acc_seg: 85.8482
2026/07/20 02:02:51 - mmengine - INFO - Iter(train) [109200/160000]  lr: 3.6079e-03  eta: 5:15:14  time: 0.3753  data_time: 0.0483  memory: 9056  loss: 1.0889  decode.loss_ohem: 0.7534  decode.acc_seg: 91.9184  aux_0.loss_ce: 0.3355  aux_0.acc_seg: 88.4034
2026/07/20 02:03:28 - mmengine - INFO - Iter(train) [109300/160000]  lr: 3.6016e-03  eta: 5:14:37  time: 0.3731  data_time: 0.0465  memory: 9056  loss: 1.0426  decode.loss_ohem: 0.7357  decode.acc_seg: 93.0427  aux_0.loss_ce: 0.3069  aux_0.acc_seg: 90.1308
2026/07/20 02:04:06 - mmengine - INFO - Iter(train) [109400/160000]  lr: 3.5952e-03  eta: 5:14:00  time: 0.3740  data_time: 0.0472  memory: 9056  loss: 1.0298  decode.loss_ohem: 0.7079  decode.acc_seg: 93.0969  aux_0.loss_ce: 0.3219  aux_0.acc_seg: 89.7666
2026/07/20 02:04:43 - mmengine - INFO - Iter(train) [109500/160000]  lr: 3.5888e-03  eta: 5:13:22  time: 0.3746  data_time: 0.0472  memory: 9056  loss: 1.1636  decode.loss_ohem: 0.7928  decode.acc_seg: 90.3894  aux_0.loss_ce: 0.3709  aux_0.acc_seg: 84.9483
2026/07/20 02:05:21 - mmengine - INFO - Iter(train) [109600/160000]  lr: 3.5824e-03  eta: 5:12:45  time: 0.3746  data_time: 0.0473  memory: 9058  loss: 1.0279  decode.loss_ohem: 0.7055  decode.acc_seg: 92.3053  aux_0.loss_ce: 0.3224  aux_0.acc_seg: 90.4345
2026/07/20 02:05:58 - mmengine - INFO - Iter(train) [109700/160000]  lr: 3.5761e-03  eta: 5:12:08  time: 0.3727  data_time: 0.0460  memory: 9058  loss: 1.1084  decode.loss_ohem: 0.7726  decode.acc_seg: 93.0945  aux_0.loss_ce: 0.3357  aux_0.acc_seg: 86.2575
2026/07/20 02:06:35 - mmengine - INFO - Iter(train) [109800/160000]  lr: 3.5697e-03  eta: 5:11:31  time: 0.3735  data_time: 0.0471  memory: 9056  loss: 1.1248  decode.loss_ohem: 0.8021  decode.acc_seg: 89.9904  aux_0.loss_ce: 0.3228  aux_0.acc_seg: 84.0842
2026/07/20 02:07:13 - mmengine - INFO - Iter(train) [109900/160000]  lr: 3.5633e-03  eta: 5:10:54  time: 0.3745  data_time: 0.0473  memory: 9056  loss: 0.9987  decode.loss_ohem: 0.6795  decode.acc_seg: 91.1432  aux_0.loss_ce: 0.3192  aux_0.acc_seg: 87.2683
2026/07/20 02:07:50 - mmengine - INFO - Exp name: dsanet_cityscapes_512x1024_20260719_144008
2026/07/20 02:07:50 - mmengine - INFO - Iter(train) [110000/160000]  lr: 3.5569e-03  eta: 5:10:17  time: 0.3737  data_time: 0.0479  memory: 9056  loss: 1.0011  decode.loss_ohem: 0.7209  decode.acc_seg: 93.3990  aux_0.loss_ce: 0.2803  aux_0.acc_seg: 89.0207
2026/07/20 02:07:50 - mmengine - INFO - Saving checkpoint at 110000 iterations
2026/07/20 02:07:56 - mmengine - INFO - Iter(val) [100/250]    eta: 0:00:08  time: 0.0530  data_time: 0.0192  memory: 790  
2026/07/20 02:08:02 - mmengine - INFO - Iter(val) [200/250]    eta: 0:00:02  time: 0.0545  data_time: 0.0195  memory: 790  
2026/07/20 02:08:04 - mmengine - INFO - per class results:
2026/07/20 02:08:04 - mmengine - INFO - 
+---------------+-------+-------+
|     Class     |  IoU  |  Acc  |
+---------------+-------+-------+
|      road     | 97.29 | 98.78 |
|    sidewalk   | 79.51 |  88.0 |
|    building   | 89.47 | 95.15 |
|      wall     | 46.03 | 53.25 |
|     fence     | 48.67 | 61.51 |
|      pole     | 54.41 | 69.13 |
| traffic light | 46.17 | 77.41 |
|  traffic sign | 65.45 | 75.86 |
|   vegetation  | 90.49 | 95.01 |
|    terrain    | 57.92 | 67.29 |
|      sky      | 92.63 | 97.68 |
|     person    | 70.66 | 80.57 |
|     rider     | 44.37 | 74.87 |
|      car      |  91.3 | 96.91 |
|     truck     | 37.09 | 44.18 |
|      bus      |  56.5 | 62.73 |
|     train     | 49.23 | 73.18 |
|   motorcycle  | 45.63 | 54.18 |
|    bicycle    |  68.4 | 80.74 |
+---------------+-------+-------+
2026/07/20 02:08:04 - mmengine - INFO - Iter(val) [250/250]    aAcc: 94.2700  mIoU: 64.8000  mAcc: 76.1300  data_time: 0.0201  time: 0.0541
2026/07/20 02:08:42 - mmengine - INFO - Iter(train) [110100/160000]  lr: 3.5505e-03  eta: 5:09:40  time: 0.3702  data_time: 0.0452  memory: 9056  loss: 1.0908  decode.loss_ohem: 0.7788  decode.acc_seg: 88.9677  aux_0.loss_ce: 0.3119  aux_0.acc_seg: 85.0246
2026/07/20 02:09:20 - mmengine - INFO - Iter(train) [110200/160000]  lr: 3.5441e-03  eta: 5:09:03  time: 0.3773  data_time: 0.0492  memory: 9057  loss: 1.0794  decode.loss_ohem: 0.7409  decode.acc_seg: 92.5641  aux_0.loss_ce: 0.3385  aux_0.acc_seg: 86.7976
2026/07/20 02:09:57 - mmengine - INFO - Iter(train) [110300/160000]  lr: 3.5377e-03  eta: 5:08:25  time: 0.3738  data_time: 0.0467  memory: 9057  loss: 1.0412  decode.loss_ohem: 0.7325  decode.acc_seg: 91.3574  aux_0.loss_ce: 0.3087  aux_0.acc_seg: 88.7034
2026/07/20 02:10:35 - mmengine - INFO - Iter(train) [110400/160000]  lr: 3.5314e-03  eta: 5:07:48  time: 0.3760  data_time: 0.0487  memory: 9057  loss: 0.9773  decode.loss_ohem: 0.6797  decode.acc_seg: 93.4879  aux_0.loss_ce: 0.2977  aux_0.acc_seg: 89.9420
2026/07/20 02:11:12 - mmengine - INFO - Iter(train) [110500/160000]  lr: 3.5250e-03  eta: 5:07:11  time: 0.3735  data_time: 0.0467  memory: 9056  loss: 1.0460  decode.loss_ohem: 0.7133  decode.acc_seg: 91.3002  aux_0.loss_ce: 0.3327  aux_0.acc_seg: 86.1222
2026/07/20 02:11:50 - mmengine - INFO - Iter(train) [110600/160000]  lr: 3.5186e-03  eta: 5:06:34  time: 0.3778  data_time: 0.0498  memory: 9057  loss: 1.0615  decode.loss_ohem: 0.7189  decode.acc_seg: 92.6601  aux_0.loss_ce: 0.3426  aux_0.acc_seg: 88.2792
2026/07/20 02:12:27 - mmengine - INFO - Iter(train) [110700/160000]  lr: 3.5122e-03  eta: 5:05:57  time: 0.3752  data_time: 0.0479  memory: 9056  loss: 1.0808  decode.loss_ohem: 0.7745  decode.acc_seg: 93.5504  aux_0.loss_ce: 0.3063  aux_0.acc_seg: 90.3640
2026/07/20 02:13:05 - mmengine - INFO - Iter(train) [110800/160000]  lr: 3.5058e-03  eta: 5:05:20  time: 0.3750  data_time: 0.0477  memory: 9056  loss: 1.0160  decode.loss_ohem: 0.6951  decode.acc_seg: 91.4813  aux_0.loss_ce: 0.3209  aux_0.acc_seg: 84.3733
2026/07/20 02:13:42 - mmengine - INFO - Iter(train) [110900/160000]  lr: 3.4994e-03  eta: 5:04:43  time: 0.3729  data_time: 0.0464  memory: 9057  loss: 1.0508  decode.loss_ohem: 0.7101  decode.acc_seg: 91.7624  aux_0.loss_ce: 0.3407  aux_0.acc_seg: 87.7333
2026/07/20 02:14:19 - mmengine - INFO - Exp name: dsanet_cityscapes_512x1024_20260719_144008
2026/07/20 02:14:19 - mmengine - INFO - Iter(train) [111000/160000]  lr: 3.4930e-03  eta: 5:04:05  time: 0.3750  data_time: 0.0472  memory: 9057  loss: 1.0577  decode.loss_ohem: 0.7344  decode.acc_seg: 92.6712  aux_0.loss_ce: 0.3233  aux_0.acc_seg: 89.1110
2026/07/20 02:14:57 - mmengine - INFO - Iter(train) [111100/160000]  lr: 3.4866e-03  eta: 5:03:28  time: 0.3742  data_time: 0.0466  memory: 9056  loss: 1.0587  decode.loss_ohem: 0.7362  decode.acc_seg: 93.9330  aux_0.loss_ce: 0.3225  aux_0.acc_seg: 91.5050
2026/07/20 02:15:34 - mmengine - INFO - Iter(train) [111200/160000]  lr: 3.4802e-03  eta: 5:02:51  time: 0.3748  data_time: 0.0471  memory: 9057  loss: 1.0944  decode.loss_ohem: 0.7741  decode.acc_seg: 91.7509  aux_0.loss_ce: 0.3203  aux_0.acc_seg: 89.4659
2026/07/20 02:16:12 - mmengine - INFO - Iter(train) [111300/160000]  lr: 3.4738e-03  eta: 5:02:14  time: 0.3740  data_time: 0.0468  memory: 9057  loss: 1.1385  decode.loss_ohem: 0.7949  decode.acc_seg: 94.5551  aux_0.loss_ce: 0.3436  aux_0.acc_seg: 88.2166
2026/07/20 02:16:49 - mmengine - INFO - Iter(train) [111400/160000]  lr: 3.4674e-03  eta: 5:01:37  time: 0.3741  data_time: 0.0469  memory: 9057  loss: 1.0102  decode.loss_ohem: 0.6894  decode.acc_seg: 94.0144  aux_0.loss_ce: 0.3208  aux_0.acc_seg: 89.9917
2026/07/20 02:17:27 - mmengine - INFO - Iter(train) [111500/160000]  lr: 3.4610e-03  eta: 5:01:00  time: 0.3741  data_time: 0.0472  memory: 9056  loss: 1.0067  decode.loss_ohem: 0.6950  decode.acc_seg: 92.8349  aux_0.loss_ce: 0.3118  aux_0.acc_seg: 88.2782
2026/07/20 02:18:04 - mmengine - INFO - Iter(train) [111600/160000]  lr: 3.4546e-03  eta: 5:00:23  time: 0.3764  data_time: 0.0487  memory: 9057  loss: 0.9425  decode.loss_ohem: 0.6441  decode.acc_seg: 93.6653  aux_0.loss_ce: 0.2984  aux_0.acc_seg: 89.8303
2026/07/20 02:18:42 - mmengine - INFO - Iter(train) [111700/160000]  lr: 3.4482e-03  eta: 4:59:45  time: 0.3744  data_time: 0.0471  memory: 9056  loss: 1.0424  decode.loss_ohem: 0.7047  decode.acc_seg: 93.3952  aux_0.loss_ce: 0.3377  aux_0.acc_seg: 90.0022
2026/07/20 02:19:19 - mmengine - INFO - Iter(train) [111800/160000]  lr: 3.4418e-03  eta: 4:59:08  time: 0.3748  data_time: 0.0473  memory: 9057  loss: 0.9712  decode.loss_ohem: 0.6561  decode.acc_seg: 93.6688  aux_0.loss_ce: 0.3151  aux_0.acc_seg: 89.9865
2026/07/20 02:19:57 - mmengine - INFO - Iter(train) [111900/160000]  lr: 3.4354e-03  eta: 4:58:31  time: 0.3753  data_time: 0.0480  memory: 9057  loss: 1.0630  decode.loss_ohem: 0.7391  decode.acc_seg: 93.0955  aux_0.loss_ce: 0.3239  aux_0.acc_seg: 89.8688
2026/07/20 02:20:34 - mmengine - INFO - Exp name: dsanet_cityscapes_512x1024_20260719_144008
2026/07/20 02:20:34 - mmengine - INFO - Iter(train) [112000/160000]  lr: 3.4290e-03  eta: 4:57:54  time: 0.3741  data_time: 0.0473  memory: 9057  loss: 1.0672  decode.loss_ohem: 0.7566  decode.acc_seg: 94.4969  aux_0.loss_ce: 0.3107  aux_0.acc_seg: 92.0996
2026/07/20 02:21:12 - mmengine - INFO - Iter(train) [112100/160000]  lr: 3.4225e-03  eta: 4:57:17  time: 0.3741  data_time: 0.0466  memory: 9057  loss: 0.9956  decode.loss_ohem: 0.7063  decode.acc_seg: 92.4218  aux_0.loss_ce: 0.2893  aux_0.acc_seg: 88.8020
2026/07/20 02:21:49 - mmengine - INFO - Iter(train) [112200/160000]  lr: 3.4161e-03  eta: 4:56:40  time: 0.3737  data_time: 0.0473  memory: 9057  loss: 1.0620  decode.loss_ohem: 0.7467  decode.acc_seg: 93.1543  aux_0.loss_ce: 0.3153  aux_0.acc_seg: 91.6504
2026/07/20 02:22:26 - mmengine - INFO - Iter(train) [112300/160000]  lr: 3.4097e-03  eta: 4:56:03  time: 0.3749  data_time: 0.0474  memory: 9057  loss: 1.0439  decode.loss_ohem: 0.7247  decode.acc_seg: 92.3825  aux_0.loss_ce: 0.3191  aux_0.acc_seg: 87.5963
2026/07/20 02:23:04 - mmengine - INFO - Iter(train) [112400/160000]  lr: 3.4033e-03  eta: 4:55:25  time: 0.3737  data_time: 0.0468  memory: 9056  loss: 0.9517  decode.loss_ohem: 0.6446  decode.acc_seg: 92.1837  aux_0.loss_ce: 0.3072  aux_0.acc_seg: 89.5936
2026/07/20 02:23:41 - mmengine - INFO - Iter(train) [112500/160000]  lr: 3.3969e-03  eta: 4:54:48  time: 0.3741  data_time: 0.0474  memory: 9057  loss: 0.9949  decode.loss_ohem: 0.6968  decode.acc_seg: 93.8039  aux_0.loss_ce: 0.2981  aux_0.acc_seg: 89.4563
2026/07/20 02:24:19 - mmengine - INFO - Iter(train) [112600/160000]  lr: 3.3905e-03  eta: 4:54:11  time: 0.3748  data_time: 0.0479  memory: 9056  loss: 1.0333  decode.loss_ohem: 0.7148  decode.acc_seg: 92.1835  aux_0.loss_ce: 0.3185  aux_0.acc_seg: 87.7575
2026/07/20 02:24:56 - mmengine - INFO - Iter(train) [112700/160000]  lr: 3.3841e-03  eta: 4:53:34  time: 0.3750  data_time: 0.0470  memory: 9058  loss: 0.9788  decode.loss_ohem: 0.6598  decode.acc_seg: 92.6272  aux_0.loss_ce: 0.3190  aux_0.acc_seg: 88.3276
2026/07/20 02:25:34 - mmengine - INFO - Iter(train) [112800/160000]  lr: 3.3776e-03  eta: 4:52:57  time: 0.3745  data_time: 0.0471  memory: 9055  loss: 1.0499  decode.loss_ohem: 0.7292  decode.acc_seg: 93.0623  aux_0.loss_ce: 0.3207  aux_0.acc_seg: 87.7820
2026/07/20 02:26:11 - mmengine - INFO - Iter(train) [112900/160000]  lr: 3.3712e-03  eta: 4:52:20  time: 0.3739  data_time: 0.0470  memory: 9056  loss: 1.0170  decode.loss_ohem: 0.6857  decode.acc_seg: 92.0156  aux_0.loss_ce: 0.3312  aux_0.acc_seg: 86.3132
2026/07/20 02:26:49 - mmengine - INFO - Exp name: dsanet_cityscapes_512x1024_20260719_144008
2026/07/20 02:26:49 - mmengine - INFO - Iter(train) [113000/160000]  lr: 3.3648e-03  eta: 4:51:43  time: 0.3752  data_time: 0.0478  memory: 9056  loss: 1.0915  decode.loss_ohem: 0.7508  decode.acc_seg: 92.4374  aux_0.loss_ce: 0.3406  aux_0.acc_seg: 88.7833
2026/07/20 02:27:26 - mmengine - INFO - Iter(train) [113100/160000]  lr: 3.3584e-03  eta: 4:51:05  time: 0.3724  data_time: 0.0461  memory: 9056  loss: 1.1639  decode.loss_ohem: 0.8230  decode.acc_seg: 91.6805  aux_0.loss_ce: 0.3409  aux_0.acc_seg: 87.0553
2026/07/20 02:28:04 - mmengine - INFO - Iter(train) [113200/160000]  lr: 3.3519e-03  eta: 4:50:28  time: 0.3745  data_time: 0.0475  memory: 9057  loss: 1.1261  decode.loss_ohem: 0.7723  decode.acc_seg: 89.3674  aux_0.loss_ce: 0.3538  aux_0.acc_seg: 84.7295
2026/07/20 02:28:41 - mmengine - INFO - Iter(train) [113300/160000]  lr: 3.3455e-03  eta: 4:49:51  time: 0.3722  data_time: 0.0458  memory: 9057  loss: 1.0683  decode.loss_ohem: 0.7509  decode.acc_seg: 94.1983  aux_0.loss_ce: 0.3175  aux_0.acc_seg: 91.4614
2026/07/20 02:29:18 - mmengine - INFO - Iter(train) [113400/160000]  lr: 3.3391e-03  eta: 4:49:14  time: 0.3731  data_time: 0.0469  memory: 9057  loss: 1.0303  decode.loss_ohem: 0.7308  decode.acc_seg: 94.5924  aux_0.loss_ce: 0.2995  aux_0.acc_seg: 92.7638
2026/07/20 02:29:56 - mmengine - INFO - Iter(train) [113500/160000]  lr: 3.3326e-03  eta: 4:48:37  time: 0.3724  data_time: 0.0463  memory: 9057  loss: 1.1174  decode.loss_ohem: 0.7708  decode.acc_seg: 92.3783  aux_0.loss_ce: 0.3466  aux_0.acc_seg: 89.7803
2026/07/20 02:30:33 - mmengine - INFO - Iter(train) [113600/160000]  lr: 3.3262e-03  eta: 4:47:59  time: 0.3739  data_time: 0.0467  memory: 9056  loss: 1.0152  decode.loss_ohem: 0.7339  decode.acc_seg: 93.3468  aux_0.loss_ce: 0.2813  aux_0.acc_seg: 90.9727
2026/07/20 02:31:10 - mmengine - INFO - Iter(train) [113700/160000]  lr: 3.3198e-03  eta: 4:47:22  time: 0.3715  data_time: 0.0462  memory: 9055  loss: 1.0622  decode.loss_ohem: 0.7607  decode.acc_seg: 94.2138  aux_0.loss_ce: 0.3015  aux_0.acc_seg: 91.5445
2026/07/20 02:31:48 - mmengine - INFO - Iter(train) [113800/160000]  lr: 3.3133e-03  eta: 4:46:45  time: 0.3761  data_time: 0.0482  memory: 9056  loss: 1.0161  decode.loss_ohem: 0.6912  decode.acc_seg: 87.9844  aux_0.loss_ce: 0.3250  aux_0.acc_seg: 81.3580
2026/07/20 02:32:25 - mmengine - INFO - Iter(train) [113900/160000]  lr: 3.3069e-03  eta: 4:46:08  time: 0.3661  data_time: 0.0447  memory: 9056  loss: 1.0620  decode.loss_ohem: 0.7437  decode.acc_seg: 91.5392  aux_0.loss_ce: 0.3182  aux_0.acc_seg: 88.9956
2026/07/20 02:33:02 - mmengine - INFO - Exp name: dsanet_cityscapes_512x1024_20260719_144008
2026/07/20 02:33:02 - mmengine - INFO - Iter(train) [114000/160000]  lr: 3.3005e-03  eta: 4:45:31  time: 0.3724  data_time: 0.0463  memory: 9056  loss: 1.0121  decode.loss_ohem: 0.7243  decode.acc_seg: 92.8336  aux_0.loss_ce: 0.2878  aux_0.acc_seg: 91.0529
2026/07/20 02:33:40 - mmengine - INFO - Iter(train) [114100/160000]  lr: 3.2940e-03  eta: 4:44:53  time: 0.3735  data_time: 0.0465  memory: 9057  loss: 1.0932  decode.loss_ohem: 0.7466  decode.acc_seg: 89.6948  aux_0.loss_ce: 0.3466  aux_0.acc_seg: 83.2626
2026/07/20 02:34:17 - mmengine - INFO - Iter(train) [114200/160000]  lr: 3.2876e-03  eta: 4:44:16  time: 0.3750  data_time: 0.0484  memory: 9056  loss: 0.9851  decode.loss_ohem: 0.6816  decode.acc_seg: 92.7970  aux_0.loss_ce: 0.3035  aux_0.acc_seg: 88.5261
2026/07/20 02:34:54 - mmengine - INFO - Iter(train) [114300/160000]  lr: 3.2812e-03  eta: 4:43:39  time: 0.3719  data_time: 0.0462  memory: 9057  loss: 1.0109  decode.loss_ohem: 0.6985  decode.acc_seg: 91.8204  aux_0.loss_ce: 0.3124  aux_0.acc_seg: 87.0794
2026/07/20 02:35:32 - mmengine - INFO - Iter(train) [114400/160000]  lr: 3.2747e-03  eta: 4:43:02  time: 0.3734  data_time: 0.0470  memory: 9059  loss: 1.0257  decode.loss_ohem: 0.7221  decode.acc_seg: 89.6397  aux_0.loss_ce: 0.3036  aux_0.acc_seg: 85.8750
2026/07/20 02:36:09 - mmengine - INFO - Iter(train) [114500/160000]  lr: 3.2683e-03  eta: 4:42:24  time: 0.3749  data_time: 0.0474  memory: 9056  loss: 1.0446  decode.loss_ohem: 0.7281  decode.acc_seg: 90.5641  aux_0.loss_ce: 0.3166  aux_0.acc_seg: 86.7519
2026/07/20 02:36:46 - mmengine - INFO - Iter(train) [114600/160000]  lr: 3.2618e-03  eta: 4:41:47  time: 0.3734  data_time: 0.0472  memory: 9056  loss: 1.0552  decode.loss_ohem: 0.7264  decode.acc_seg: 93.2000  aux_0.loss_ce: 0.3288  aux_0.acc_seg: 89.0528
2026/07/20 02:37:24 - mmengine - INFO - Iter(train) [114700/160000]  lr: 3.2554e-03  eta: 4:41:10  time: 0.3721  data_time: 0.0460  memory: 9056  loss: 0.9486  decode.loss_ohem: 0.6602  decode.acc_seg: 92.9929  aux_0.loss_ce: 0.2885  aux_0.acc_seg: 89.0154
2026/07/20 02:38:01 - mmengine - INFO - Iter(train) [114800/160000]  lr: 3.2489e-03  eta: 4:40:33  time: 0.3744  data_time: 0.0472  memory: 9056  loss: 1.0204  decode.loss_ohem: 0.7182  decode.acc_seg: 92.5698  aux_0.loss_ce: 0.3022  aux_0.acc_seg: 87.4038
2026/07/20 02:38:38 - mmengine - INFO - Iter(train) [114900/160000]  lr: 3.2425e-03  eta: 4:39:56  time: 0.3744  data_time: 0.0468  memory: 9057  loss: 1.1089  decode.loss_ohem: 0.7581  decode.acc_seg: 90.9069  aux_0.loss_ce: 0.3508  aux_0.acc_seg: 85.4460
2026/07/20 02:39:16 - mmengine - INFO - Exp name: dsanet_cityscapes_512x1024_20260719_144008
2026/07/20 02:39:16 - mmengine - INFO - Iter(train) [115000/160000]  lr: 3.2360e-03  eta: 4:39:18  time: 0.3724  data_time: 0.0466  memory: 9057  loss: 0.9952  decode.loss_ohem: 0.6894  decode.acc_seg: 91.6064  aux_0.loss_ce: 0.3059  aux_0.acc_seg: 83.8380
2026/07/20 02:39:16 - mmengine - INFO - Saving checkpoint at 115000 iterations
2026/07/20 02:39:22 - mmengine - INFO - Iter(val) [100/250]    eta: 0:00:08  time: 0.0540  data_time: 0.0196  memory: 790  
2026/07/20 02:39:27 - mmengine - INFO - Iter(val) [200/250]    eta: 0:00:02  time: 0.0542  data_time: 0.0194  memory: 790  
2026/07/20 02:39:30 - mmengine - INFO - per class results:
2026/07/20 02:39:30 - mmengine - INFO - 
+---------------+-------+-------+
|     Class     |  IoU  |  Acc  |
+---------------+-------+-------+
|      road     | 97.42 | 98.39 |
|    sidewalk   | 79.52 | 91.12 |
|    building   | 89.78 | 95.76 |
|      wall     | 35.05 | 39.29 |
|     fence     | 51.37 | 65.04 |
|      pole     | 56.28 | 67.37 |
| traffic light | 53.56 | 65.18 |
|  traffic sign | 65.97 | 71.49 |
|   vegetation  | 90.52 | 95.32 |
|    terrain    |  56.9 | 63.24 |
|      sky      |  93.4 | 97.26 |
|     person    | 73.58 | 87.05 |
|     rider     | 50.81 | 65.68 |
|      car      | 92.31 |  96.7 |
|     truck     | 55.79 | 73.29 |
|      bus      | 67.84 | 83.71 |
|     train     | 37.77 | 40.09 |
|   motorcycle  | 45.67 | 66.38 |
|    bicycle    |  67.2 | 84.98 |
+---------------+-------+-------+
2026/07/20 02:39:30 - mmengine - INFO - Iter(val) [250/250]    aAcc: 94.5000  mIoU: 66.3500  mAcc: 76.1800  data_time: 0.0206  time: 0.0552
2026/07/20 02:40:08 - mmengine - INFO - Iter(train) [115100/160000]  lr: 3.2296e-03  eta: 4:38:41  time: 0.3763  data_time: 0.0471  memory: 9057  loss: 0.9755  decode.loss_ohem: 0.6793  decode.acc_seg: 89.5908  aux_0.loss_ce: 0.2962  aux_0.acc_seg: 85.0926
2026/07/20 02:40:45 - mmengine - INFO - Iter(train) [115200/160000]  lr: 3.2231e-03  eta: 4:38:04  time: 0.3719  data_time: 0.0466  memory: 9056  loss: 1.0174  decode.loss_ohem: 0.7043  decode.acc_seg: 92.8607  aux_0.loss_ce: 0.3131  aux_0.acc_seg: 89.9048
2026/07/20 02:41:22 - mmengine - INFO - Iter(train) [115300/160000]  lr: 3.2167e-03  eta: 4:37:27  time: 0.3731  data_time: 0.0460  memory: 9056  loss: 1.0657  decode.loss_ohem: 0.7461  decode.acc_seg: 91.9994  aux_0.loss_ce: 0.3196  aux_0.acc_seg: 86.3542
2026/07/20 02:42:00 - mmengine - INFO - Iter(train) [115400/160000]  lr: 3.2102e-03  eta: 4:36:50  time: 0.3738  data_time: 0.0464  memory: 9056  loss: 1.0036  decode.loss_ohem: 0.6787  decode.acc_seg: 92.8786  aux_0.loss_ce: 0.3250  aux_0.acc_seg: 86.5662
2026/07/20 02:42:37 - mmengine - INFO - Iter(train) [115500/160000]  lr: 3.2037e-03  eta: 4:36:12  time: 0.3723  data_time: 0.0462  memory: 9056  loss: 1.0566  decode.loss_ohem: 0.7331  decode.acc_seg: 94.5232  aux_0.loss_ce: 0.3235  aux_0.acc_seg: 88.3269
2026/07/20 02:43:14 - mmengine - INFO - Iter(train) [115600/160000]  lr: 3.1973e-03  eta: 4:35:35  time: 0.3725  data_time: 0.0464  memory: 9057  loss: 1.0947  decode.loss_ohem: 0.7491  decode.acc_seg: 91.8587  aux_0.loss_ce: 0.3456  aux_0.acc_seg: 86.8455
2026/07/20 02:43:51 - mmengine - INFO - Iter(train) [115700/160000]  lr: 3.1908e-03  eta: 4:34:58  time: 0.3727  data_time: 0.0459  memory: 9057  loss: 1.0310  decode.loss_ohem: 0.6995  decode.acc_seg: 90.9542  aux_0.loss_ce: 0.3315  aux_0.acc_seg: 84.4716
2026/07/20 02:44:29 - mmengine - INFO - Iter(train) [115800/160000]  lr: 3.1844e-03  eta: 4:34:21  time: 0.3740  data_time: 0.0474  memory: 9055  loss: 1.0512  decode.loss_ohem: 0.7315  decode.acc_seg: 92.2223  aux_0.loss_ce: 0.3197  aux_0.acc_seg: 89.2835
2026/07/20 02:45:06 - mmengine - INFO - Iter(train) [115900/160000]  lr: 3.1779e-03  eta: 4:33:43  time: 0.3744  data_time: 0.0469  memory: 9057  loss: 1.0053  decode.loss_ohem: 0.6857  decode.acc_seg: 91.7914  aux_0.loss_ce: 0.3197  aux_0.acc_seg: 85.6734
2026/07/20 02:45:44 - mmengine - INFO - Exp name: dsanet_cityscapes_512x1024_20260719_144008
2026/07/20 02:45:44 - mmengine - INFO - Iter(train) [116000/160000]  lr: 3.1714e-03  eta: 4:33:06  time: 0.3746  data_time: 0.0470  memory: 9057  loss: 1.0519  decode.loss_ohem: 0.7186  decode.acc_seg: 93.8277  aux_0.loss_ce: 0.3334  aux_0.acc_seg: 89.9883
2026/07/20 02:46:21 - mmengine - INFO - Iter(train) [116100/160000]  lr: 3.1650e-03  eta: 4:32:29  time: 0.3719  data_time: 0.0459  memory: 9056  loss: 0.9992  decode.loss_ohem: 0.6953  decode.acc_seg: 93.5899  aux_0.loss_ce: 0.3039  aux_0.acc_seg: 90.5944
2026/07/20 02:46:58 - mmengine - INFO - Iter(train) [116200/160000]  lr: 3.1585e-03  eta: 4:31:52  time: 0.3734  data_time: 0.0470  memory: 9056  loss: 1.0674  decode.loss_ohem: 0.7464  decode.acc_seg: 92.5528  aux_0.loss_ce: 0.3210  aux_0.acc_seg: 87.3348
2026/07/20 02:47:35 - mmengine - INFO - Iter(train) [116300/160000]  lr: 3.1520e-03  eta: 4:31:15  time: 0.3722  data_time: 0.0457  memory: 9056  loss: 1.0498  decode.loss_ohem: 0.7173  decode.acc_seg: 90.6538  aux_0.loss_ce: 0.3325  aux_0.acc_seg: 85.9281
2026/07/20 02:48:13 - mmengine - INFO - Iter(train) [116400/160000]  lr: 3.1456e-03  eta: 4:30:37  time: 0.3727  data_time: 0.0465  memory: 9057  loss: 1.0630  decode.loss_ohem: 0.7131  decode.acc_seg: 90.8753  aux_0.loss_ce: 0.3499  aux_0.acc_seg: 86.5889
2026/07/20 02:48:50 - mmengine - INFO - Iter(train) [116500/160000]  lr: 3.1391e-03  eta: 4:30:00  time: 0.3730  data_time: 0.0461  memory: 9056  loss: 1.1242  decode.loss_ohem: 0.7854  decode.acc_seg: 91.1869  aux_0.loss_ce: 0.3389  aux_0.acc_seg: 87.0605
2026/07/20 02:49:28 - mmengine - INFO - Iter(train) [116600/160000]  lr: 3.1326e-03  eta: 4:29:23  time: 0.3751  data_time: 0.0477  memory: 9057  loss: 1.0670  decode.loss_ohem: 0.7229  decode.acc_seg: 90.6516  aux_0.loss_ce: 0.3441  aux_0.acc_seg: 85.1805
2026/07/20 02:50:05 - mmengine - INFO - Iter(train) [116700/160000]  lr: 3.1261e-03  eta: 4:28:46  time: 0.3712  data_time: 0.0450  memory: 9057  loss: 1.0057  decode.loss_ohem: 0.6744  decode.acc_seg: 90.9765  aux_0.loss_ce: 0.3313  aux_0.acc_seg: 88.2760
2026/07/20 02:50:42 - mmengine - INFO - Iter(train) [116800/160000]  lr: 3.1197e-03  eta: 4:28:09  time: 0.3758  data_time: 0.0466  memory: 9057  loss: 1.0327  decode.loss_ohem: 0.6890  decode.acc_seg: 92.9473  aux_0.loss_ce: 0.3437  aux_0.acc_seg: 88.2372
2026/07/20 02:51:20 - mmengine - INFO - Iter(train) [116900/160000]  lr: 3.1132e-03  eta: 4:27:31  time: 0.3661  data_time: 0.0449  memory: 9056  loss: 1.1325  decode.loss_ohem: 0.8036  decode.acc_seg: 91.1141  aux_0.loss_ce: 0.3289  aux_0.acc_seg: 85.5446
2026/07/20 02:51:57 - mmengine - INFO - Exp name: dsanet_cityscapes_512x1024_20260719_144008
2026/07/20 02:51:57 - mmengine - INFO - Iter(train) [117000/160000]  lr: 3.1067e-03  eta: 4:26:54  time: 0.3727  data_time: 0.0463  memory: 9057  loss: 1.0877  decode.loss_ohem: 0.7441  decode.acc_seg: 89.1972  aux_0.loss_ce: 0.3436  aux_0.acc_seg: 82.5314
2026/07/20 02:52:34 - mmengine - INFO - Iter(train) [117100/160000]  lr: 3.1002e-03  eta: 4:26:17  time: 0.3711  data_time: 0.0457  memory: 9056  loss: 1.0371  decode.loss_ohem: 0.7165  decode.acc_seg: 91.6726  aux_0.loss_ce: 0.3206  aux_0.acc_seg: 88.7004
2026/07/20 02:53:11 - mmengine - INFO - Iter(train) [117200/160000]  lr: 3.0937e-03  eta: 4:25:40  time: 0.3745  data_time: 0.0478  memory: 9056  loss: 1.0344  decode.loss_ohem: 0.7178  decode.acc_seg: 93.7635  aux_0.loss_ce: 0.3166  aux_0.acc_seg: 90.0896
2026/07/20 02:53:49 - mmengine - INFO - Iter(train) [117300/160000]  lr: 3.0872e-03  eta: 4:25:02  time: 0.3729  data_time: 0.0466  memory: 9055  loss: 1.0923  decode.loss_ohem: 0.7530  decode.acc_seg: 92.8549  aux_0.loss_ce: 0.3393  aux_0.acc_seg: 84.0117
2026/07/20 02:54:26 - mmengine - INFO - Iter(train) [117400/160000]  lr: 3.0808e-03  eta: 4:24:25  time: 0.3733  data_time: 0.0473  memory: 9057  loss: 1.1771  decode.loss_ohem: 0.8160  decode.acc_seg: 90.4631  aux_0.loss_ce: 0.3611  aux_0.acc_seg: 88.8452
2026/07/20 02:55:03 - mmengine - INFO - Iter(train) [117500/160000]  lr: 3.0743e-03  eta: 4:23:48  time: 0.3722  data_time: 0.0452  memory: 9057  loss: 1.0767  decode.loss_ohem: 0.7534  decode.acc_seg: 91.0814  aux_0.loss_ce: 0.3233  aux_0.acc_seg: 88.2258
2026/07/20 02:55:41 - mmengine - INFO - Iter(train) [117600/160000]  lr: 3.0678e-03  eta: 4:23:11  time: 0.3799  data_time: 0.0480  memory: 9056  loss: 1.0646  decode.loss_ohem: 0.7384  decode.acc_seg: 93.0566  aux_0.loss_ce: 0.3262  aux_0.acc_seg: 87.4032
2026/07/20 02:56:18 - mmengine - INFO - Iter(train) [117700/160000]  lr: 3.0613e-03  eta: 4:22:34  time: 0.3739  data_time: 0.0489  memory: 9056  loss: 1.1299  decode.loss_ohem: 0.7876  decode.acc_seg: 92.6734  aux_0.loss_ce: 0.3423  aux_0.acc_seg: 88.3772
2026/07/20 02:56:55 - mmengine - INFO - Iter(train) [117800/160000]  lr: 3.0548e-03  eta: 4:21:56  time: 0.3743  data_time: 0.0474  memory: 9057  loss: 1.0050  decode.loss_ohem: 0.7051  decode.acc_seg: 91.4915  aux_0.loss_ce: 0.2999  aux_0.acc_seg: 85.4138
2026/07/20 02:57:33 - mmengine - INFO - Iter(train) [117900/160000]  lr: 3.0483e-03  eta: 4:21:19  time: 0.3726  data_time: 0.0460  memory: 9056  loss: 1.0417  decode.loss_ohem: 0.7108  decode.acc_seg: 93.4099  aux_0.loss_ce: 0.3309  aux_0.acc_seg: 89.0607
2026/07/20 02:58:10 - mmengine - INFO - Exp name: dsanet_cityscapes_512x1024_20260719_144008
2026/07/20 02:58:10 - mmengine - INFO - Iter(train) [118000/160000]  lr: 3.0418e-03  eta: 4:20:42  time: 0.3744  data_time: 0.0473  memory: 9056  loss: 1.0388  decode.loss_ohem: 0.7317  decode.acc_seg: 91.7111  aux_0.loss_ce: 0.3072  aux_0.acc_seg: 88.9782
2026/07/20 02:58:48 - mmengine - INFO - Iter(train) [118100/160000]  lr: 3.0353e-03  eta: 4:20:05  time: 0.3743  data_time: 0.0468  memory: 9055  loss: 1.0197  decode.loss_ohem: 0.7227  decode.acc_seg: 93.9551  aux_0.loss_ce: 0.2970  aux_0.acc_seg: 91.2067
2026/07/20 02:59:25 - mmengine - INFO - Iter(train) [118200/160000]  lr: 3.0288e-03  eta: 4:19:28  time: 0.3778  data_time: 0.0483  memory: 9056  loss: 1.0020  decode.loss_ohem: 0.7050  decode.acc_seg: 93.7110  aux_0.loss_ce: 0.2970  aux_0.acc_seg: 90.3273
2026/07/20 03:00:02 - mmengine - INFO - Iter(train) [118300/160000]  lr: 3.0223e-03  eta: 4:18:50  time: 0.3756  data_time: 0.0473  memory: 9057  loss: 1.0129  decode.loss_ohem: 0.6970  decode.acc_seg: 92.4123  aux_0.loss_ce: 0.3159  aux_0.acc_seg: 84.0009
2026/07/20 03:00:40 - mmengine - INFO - Iter(train) [118400/160000]  lr: 3.0158e-03  eta: 4:18:13  time: 0.3740  data_time: 0.0471  memory: 9056  loss: 1.0679  decode.loss_ohem: 0.7321  decode.acc_seg: 91.9801  aux_0.loss_ce: 0.3358  aux_0.acc_seg: 87.7078
2026/07/20 03:01:17 - mmengine - INFO - Iter(train) [118500/160000]  lr: 3.0093e-03  eta: 4:17:36  time: 0.3728  data_time: 0.0455  memory: 9057  loss: 1.0262  decode.loss_ohem: 0.7069  decode.acc_seg: 92.6918  aux_0.loss_ce: 0.3193  aux_0.acc_seg: 88.1841
2026/07/20 03:01:55 - mmengine - INFO - Iter(train) [118600/160000]  lr: 3.0028e-03  eta: 4:16:59  time: 0.3732  data_time: 0.0469  memory: 9057  loss: 1.0224  decode.loss_ohem: 0.7056  decode.acc_seg: 92.4780  aux_0.loss_ce: 0.3168  aux_0.acc_seg: 87.3085
2026/07/20 03:02:32 - mmengine - INFO - Iter(train) [118700/160000]  lr: 2.9963e-03  eta: 4:16:21  time: 0.3741  data_time: 0.0475  memory: 9056  loss: 1.0334  decode.loss_ohem: 0.7381  decode.acc_seg: 90.5781  aux_0.loss_ce: 0.2953  aux_0.acc_seg: 85.8692
2026/07/20 03:03:09 - mmengine - INFO - Iter(train) [118800/160000]  lr: 2.9898e-03  eta: 4:15:44  time: 0.3737  data_time: 0.0462  memory: 9057  loss: 0.9723  decode.loss_ohem: 0.6719  decode.acc_seg: 93.6496  aux_0.loss_ce: 0.3004  aux_0.acc_seg: 86.6876
2026/07/20 03:03:46 - mmengine - INFO - Iter(train) [118900/160000]  lr: 2.9833e-03  eta: 4:15:07  time: 0.3736  data_time: 0.0454  memory: 9056  loss: 1.0916  decode.loss_ohem: 0.7613  decode.acc_seg: 93.3581  aux_0.loss_ce: 0.3303  aux_0.acc_seg: 89.4398
2026/07/20 03:04:24 - mmengine - INFO - Exp name: dsanet_cityscapes_512x1024_20260719_144008
2026/07/20 03:04:24 - mmengine - INFO - Iter(train) [119000/160000]  lr: 2.9768e-03  eta: 4:14:30  time: 0.3742  data_time: 0.0475  memory: 9057  loss: 1.0474  decode.loss_ohem: 0.7166  decode.acc_seg: 93.0336  aux_0.loss_ce: 0.3309  aux_0.acc_seg: 88.5155
2026/07/20 03:05:01 - mmengine - INFO - Iter(train) [119100/160000]  lr: 2.9702e-03  eta: 4:13:53  time: 0.3717  data_time: 0.0466  memory: 9055  loss: 1.0213  decode.loss_ohem: 0.7196  decode.acc_seg: 93.1550  aux_0.loss_ce: 0.3017  aux_0.acc_seg: 89.1403
2026/07/20 03:05:39 - mmengine - INFO - Iter(train) [119200/160000]  lr: 2.9637e-03  eta: 4:13:15  time: 0.3739  data_time: 0.0468  memory: 9057  loss: 1.1199  decode.loss_ohem: 0.7950  decode.acc_seg: 91.4713  aux_0.loss_ce: 0.3249  aux_0.acc_seg: 88.8604
2026/07/20 03:06:16 - mmengine - INFO - Iter(train) [119300/160000]  lr: 2.9572e-03  eta: 4:12:38  time: 0.3738  data_time: 0.0470  memory: 9056  loss: 0.9731  decode.loss_ohem: 0.6791  decode.acc_seg: 90.6784  aux_0.loss_ce: 0.2941  aux_0.acc_seg: 85.0495
2026/07/20 03:06:53 - mmengine - INFO - Iter(train) [119400/160000]  lr: 2.9507e-03  eta: 4:12:01  time: 0.3730  data_time: 0.0468  memory: 9057  loss: 1.1270  decode.loss_ohem: 0.7678  decode.acc_seg: 92.2769  aux_0.loss_ce: 0.3592  aux_0.acc_seg: 87.3890
2026/07/20 03:07:31 - mmengine - INFO - Iter(train) [119500/160000]  lr: 2.9442e-03  eta: 4:11:24  time: 0.3735  data_time: 0.0465  memory: 9055  loss: 1.0880  decode.loss_ohem: 0.7665  decode.acc_seg: 91.9808  aux_0.loss_ce: 0.3215  aux_0.acc_seg: 87.5872
2026/07/20 03:08:08 - mmengine - INFO - Iter(train) [119600/160000]  lr: 2.9377e-03  eta: 4:10:47  time: 0.3749  data_time: 0.0475  memory: 9056  loss: 1.0413  decode.loss_ohem: 0.7258  decode.acc_seg: 91.8406  aux_0.loss_ce: 0.3155  aux_0.acc_seg: 88.0828
2026/07/20 03:08:46 - mmengine - INFO - Iter(train) [119700/160000]  lr: 2.9311e-03  eta: 4:10:09  time: 0.3736  data_time: 0.0464  memory: 9055  loss: 1.0211  decode.loss_ohem: 0.7144  decode.acc_seg: 91.4931  aux_0.loss_ce: 0.3067  aux_0.acc_seg: 88.2342
2026/07/20 03:09:23 - mmengine - INFO - Iter(train) [119800/160000]  lr: 2.9246e-03  eta: 4:09:32  time: 0.3736  data_time: 0.0468  memory: 9057  loss: 1.0164  decode.loss_ohem: 0.7235  decode.acc_seg: 92.1820  aux_0.loss_ce: 0.2929  aux_0.acc_seg: 86.4651
2026/07/20 03:10:01 - mmengine - INFO - Iter(train) [119900/160000]  lr: 2.9181e-03  eta: 4:08:55  time: 0.3743  data_time: 0.0470  memory: 9056  loss: 1.0871  decode.loss_ohem: 0.7511  decode.acc_seg: 87.7956  aux_0.loss_ce: 0.3360  aux_0.acc_seg: 83.2594
2026/07/20 03:10:38 - mmengine - INFO - Exp name: dsanet_cityscapes_512x1024_20260719_144008
2026/07/20 03:10:38 - mmengine - INFO - Iter(train) [120000/160000]  lr: 2.9116e-03  eta: 4:08:18  time: 0.3735  data_time: 0.0467  memory: 9057  loss: 1.0771  decode.loss_ohem: 0.7400  decode.acc_seg: 92.6754  aux_0.loss_ce: 0.3371  aux_0.acc_seg: 85.5183
2026/07/20 03:10:38 - mmengine - INFO - Saving checkpoint at 120000 iterations
2026/07/20 03:10:44 - mmengine - INFO - Iter(val) [100/250]    eta: 0:00:08  time: 0.0542  data_time: 0.0197  memory: 790  
2026/07/20 03:10:50 - mmengine - INFO - Iter(val) [200/250]    eta: 0:00:02  time: 0.0540  data_time: 0.0194  memory: 790  
2026/07/20 03:10:52 - mmengine - INFO - per class results:
2026/07/20 03:10:52 - mmengine - INFO - 
+---------------+-------+-------+
|     Class     |  IoU  |  Acc  |
+---------------+-------+-------+
|      road     | 97.47 | 98.53 |
|    sidewalk   |  80.7 | 90.61 |
|    building   | 89.55 |  94.7 |
|      wall     | 40.31 | 47.22 |
|     fence     | 52.51 | 72.11 |
|      pole     | 56.85 | 69.99 |
| traffic light | 51.79 | 59.83 |
|  traffic sign | 66.77 | 75.22 |
|   vegetation  | 90.51 | 95.66 |
|    terrain    | 59.99 | 69.76 |
|      sky      | 93.03 | 97.81 |
|     person    | 73.32 | 88.22 |
|     rider     | 49.74 | 67.36 |
|      car      | 92.36 | 96.12 |
|     truck     | 52.99 | 59.84 |
|      bus      | 68.19 | 78.02 |
|     train     | 40.95 | 87.83 |
|   motorcycle  | 43.59 | 47.43 |
|    bicycle    | 69.14 | 81.46 |
+---------------+-------+-------+
2026/07/20 03:10:52 - mmengine - INFO - Iter(val) [250/250]    aAcc: 94.5200  mIoU: 66.8300  mAcc: 77.7700  data_time: 0.0203  time: 0.0547
2026/07/20 03:11:30 - mmengine - INFO - Iter(train) [120100/160000]  lr: 2.9050e-03  eta: 4:07:41  time: 0.3743  data_time: 0.0471  memory: 9056  loss: 1.0648  decode.loss_ohem: 0.7714  decode.acc_seg: 92.3449  aux_0.loss_ce: 0.2933  aux_0.acc_seg: 89.8982
2026/07/20 03:12:07 - mmengine - INFO - Iter(train) [120200/160000]  lr: 2.8985e-03  eta: 4:07:04  time: 0.3732  data_time: 0.0468  memory: 9057  loss: 1.0832  decode.loss_ohem: 0.7651  decode.acc_seg: 91.7668  aux_0.loss_ce: 0.3181  aux_0.acc_seg: 88.0547
2026/07/20 03:12:45 - mmengine - INFO - Iter(train) [120300/160000]  lr: 2.8920e-03  eta: 4:06:26  time: 0.3744  data_time: 0.0473  memory: 9057  loss: 1.1285  decode.loss_ohem: 0.7738  decode.acc_seg: 90.5996  aux_0.loss_ce: 0.3548  aux_0.acc_seg: 86.8673
2026/07/20 03:13:22 - mmengine - INFO - Iter(train) [120400/160000]  lr: 2.8854e-03  eta: 4:05:49  time: 0.3735  data_time: 0.0469  memory: 9056  loss: 1.0471  decode.loss_ohem: 0.7262  decode.acc_seg: 94.2893  aux_0.loss_ce: 0.3210  aux_0.acc_seg: 91.0948
2026/07/20 03:13:59 - mmengine - INFO - Iter(train) [120500/160000]  lr: 2.8789e-03  eta: 4:05:12  time: 0.3658  data_time: 0.0456  memory: 9056  loss: 1.0631  decode.loss_ohem: 0.7180  decode.acc_seg: 93.3484  aux_0.loss_ce: 0.3451  aux_0.acc_seg: 89.8318
2026/07/20 03:14:36 - mmengine - INFO - Iter(train) [120600/160000]  lr: 2.8724e-03  eta: 4:04:35  time: 0.3769  data_time: 0.0482  memory: 9056  loss: 1.0372  decode.loss_ohem: 0.7245  decode.acc_seg: 92.5378  aux_0.loss_ce: 0.3127  aux_0.acc_seg: 86.9855
2026/07/20 03:15:14 - mmengine - INFO - Iter(train) [120700/160000]  lr: 2.8658e-03  eta: 4:03:57  time: 0.3717  data_time: 0.0456  memory: 9056  loss: 1.0514  decode.loss_ohem: 0.7372  decode.acc_seg: 90.4360  aux_0.loss_ce: 0.3143  aux_0.acc_seg: 87.4268
2026/07/20 03:15:51 - mmengine - INFO - Iter(train) [120800/160000]  lr: 2.8593e-03  eta: 4:03:20  time: 0.3726  data_time: 0.0466  memory: 9057  loss: 1.0615  decode.loss_ohem: 0.7548  decode.acc_seg: 92.7052  aux_0.loss_ce: 0.3067  aux_0.acc_seg: 86.8174
2026/07/20 03:16:28 - mmengine - INFO - Iter(train) [120900/160000]  lr: 2.8527e-03  eta: 4:02:43  time: 0.3736  data_time: 0.0470  memory: 9057  loss: 0.9798  decode.loss_ohem: 0.6716  decode.acc_seg: 95.1576  aux_0.loss_ce: 0.3081  aux_0.acc_seg: 91.6031
2026/07/20 03:17:06 - mmengine - INFO - Exp name: dsanet_cityscapes_512x1024_20260719_144008
2026/07/20 03:17:06 - mmengine - INFO - Iter(train) [121000/160000]  lr: 2.8462e-03  eta: 4:02:06  time: 0.3751  data_time: 0.0474  memory: 9056  loss: 1.0505  decode.loss_ohem: 0.7271  decode.acc_seg: 94.5653  aux_0.loss_ce: 0.3234  aux_0.acc_seg: 88.9455
2026/07/20 03:17:44 - mmengine - INFO - Iter(train) [121100/160000]  lr: 2.8396e-03  eta: 4:01:29  time: 0.3740  data_time: 0.0470  memory: 9057  loss: 1.0256  decode.loss_ohem: 0.7088  decode.acc_seg: 92.1672  aux_0.loss_ce: 0.3168  aux_0.acc_seg: 87.4086
2026/07/20 03:18:21 - mmengine - INFO - Iter(train) [121200/160000]  lr: 2.8331e-03  eta: 4:00:51  time: 0.3740  data_time: 0.0472  memory: 9057  loss: 1.0522  decode.loss_ohem: 0.7225  decode.acc_seg: 94.7252  aux_0.loss_ce: 0.3297  aux_0.acc_seg: 90.3979
2026/07/20 03:18:59 - mmengine - INFO - Iter(train) [121300/160000]  lr: 2.8265e-03  eta: 4:00:14  time: 0.3766  data_time: 0.0471  memory: 9057  loss: 1.0417  decode.loss_ohem: 0.7348  decode.acc_seg: 93.1879  aux_0.loss_ce: 0.3069  aux_0.acc_seg: 89.4643
2026/07/20 03:19:36 - mmengine - INFO - Iter(train) [121400/160000]  lr: 2.8200e-03  eta: 3:59:37  time: 0.3713  data_time: 0.0478  memory: 9057  loss: 1.0609  decode.loss_ohem: 0.7470  decode.acc_seg: 91.2431  aux_0.loss_ce: 0.3139  aux_0.acc_seg: 88.2711
2026/07/20 03:20:13 - mmengine - INFO - Iter(train) [121500/160000]  lr: 2.8134e-03  eta: 3:59:00  time: 0.3747  data_time: 0.0469  memory: 9057  loss: 0.9645  decode.loss_ohem: 0.6603  decode.acc_seg: 94.7335  aux_0.loss_ce: 0.3042  aux_0.acc_seg: 92.0324
2026/07/20 03:20:50 - mmengine - INFO - Iter(train) [121600/160000]  lr: 2.8069e-03  eta: 3:58:23  time: 0.3725  data_time: 0.0463  memory: 9056  loss: 1.0611  decode.loss_ohem: 0.7345  decode.acc_seg: 92.6545  aux_0.loss_ce: 0.3266  aux_0.acc_seg: 88.8558
2026/07/20 03:21:28 - mmengine - INFO - Iter(train) [121700/160000]  lr: 2.8003e-03  eta: 3:57:45  time: 0.3754  data_time: 0.0473  memory: 9056  loss: 1.1357  decode.loss_ohem: 0.8179  decode.acc_seg: 94.5206  aux_0.loss_ce: 0.3178  aux_0.acc_seg: 91.1077
2026/07/20 03:22:05 - mmengine - INFO - Iter(train) [121800/160000]  lr: 2.7938e-03  eta: 3:57:08  time: 0.3833  data_time: 0.0489  memory: 9056  loss: 1.0734  decode.loss_ohem: 0.7170  decode.acc_seg: 92.8360  aux_0.loss_ce: 0.3564  aux_0.acc_seg: 84.4877
2026/07/20 03:22:43 - mmengine - INFO - Iter(train) [121900/160000]  lr: 2.7872e-03  eta: 3:56:31  time: 0.3721  data_time: 0.0469  memory: 9056  loss: 1.0337  decode.loss_ohem: 0.7109  decode.acc_seg: 89.8400  aux_0.loss_ce: 0.3228  aux_0.acc_seg: 83.1787
2026/07/20 03:23:20 - mmengine - INFO - Exp name: dsanet_cityscapes_512x1024_20260719_144008
2026/07/20 03:23:20 - mmengine - INFO - Iter(train) [122000/160000]  lr: 2.7807e-03  eta: 3:55:54  time: 0.3724  data_time: 0.0472  memory: 9055  loss: 1.0393  decode.loss_ohem: 0.7224  decode.acc_seg: 89.2326  aux_0.loss_ce: 0.3168  aux_0.acc_seg: 85.9013
2026/07/20 03:23:58 - mmengine - INFO - Iter(train) [122100/160000]  lr: 2.7741e-03  eta: 3:55:17  time: 0.3753  data_time: 0.0478  memory: 9057  loss: 1.0333  decode.loss_ohem: 0.7004  decode.acc_seg: 89.4869  aux_0.loss_ce: 0.3329  aux_0.acc_seg: 83.8440
2026/07/20 03:24:35 - mmengine - INFO - Iter(train) [122200/160000]  lr: 2.7675e-03  eta: 3:54:39  time: 0.3749  data_time: 0.0481  memory: 9057  loss: 0.9868  decode.loss_ohem: 0.6812  decode.acc_seg: 92.5957  aux_0.loss_ce: 0.3056  aux_0.acc_seg: 87.4289
2026/07/20 03:25:13 - mmengine - INFO - Iter(train) [122300/160000]  lr: 2.7610e-03  eta: 3:54:02  time: 0.3752  data_time: 0.0470  memory: 9057  loss: 1.0968  decode.loss_ohem: 0.7516  decode.acc_seg: 91.8141  aux_0.loss_ce: 0.3452  aux_0.acc_seg: 87.3918
2026/07/20 03:25:50 - mmengine - INFO - Iter(train) [122400/160000]  lr: 2.7544e-03  eta: 3:53:25  time: 0.3741  data_time: 0.0471  memory: 9057  loss: 1.0250  decode.loss_ohem: 0.7052  decode.acc_seg: 91.0441  aux_0.loss_ce: 0.3198  aux_0.acc_seg: 86.1778
2026/07/20 03:26:28 - mmengine - INFO - Iter(train) [122500/160000]  lr: 2.7478e-03  eta: 3:52:48  time: 0.3792  data_time: 0.0466  memory: 9055  loss: 1.0565  decode.loss_ohem: 0.7363  decode.acc_seg: 94.7802  aux_0.loss_ce: 0.3203  aux_0.acc_seg: 91.2032
2026/07/20 03:27:05 - mmengine - INFO - Iter(train) [122600/160000]  lr: 2.7412e-03  eta: 3:52:11  time: 0.3747  data_time: 0.0475  memory: 9056  loss: 1.0146  decode.loss_ohem: 0.7354  decode.acc_seg: 91.2422  aux_0.loss_ce: 0.2791  aux_0.acc_seg: 85.8243
2026/07/20 03:27:42 - mmengine - INFO - Iter(train) [122700/160000]  lr: 2.7347e-03  eta: 3:51:33  time: 0.3720  data_time: 0.0468  memory: 9055  loss: 1.0262  decode.loss_ohem: 0.7312  decode.acc_seg: 92.4689  aux_0.loss_ce: 0.2950  aux_0.acc_seg: 89.8007
2026/07/20 03:28:20 - mmengine - INFO - Iter(train) [122800/160000]  lr: 2.7281e-03  eta: 3:50:56  time: 0.3735  data_time: 0.0480  memory: 9056  loss: 1.1426  decode.loss_ohem: 0.7907  decode.acc_seg: 93.2512  aux_0.loss_ce: 0.3519  aux_0.acc_seg: 90.0165
2026/07/20 03:28:57 - mmengine - INFO - Iter(train) [122900/160000]  lr: 2.7215e-03  eta: 3:50:19  time: 0.3747  data_time: 0.0473  memory: 9055  loss: 1.0299  decode.loss_ohem: 0.7332  decode.acc_seg: 91.9337  aux_0.loss_ce: 0.2967  aux_0.acc_seg: 89.4836
2026/07/20 03:29:35 - mmengine - INFO - Exp name: dsanet_cityscapes_512x1024_20260719_144008
2026/07/20 03:29:35 - mmengine - INFO - Iter(train) [123000/160000]  lr: 2.7149e-03  eta: 3:49:42  time: 0.3754  data_time: 0.0478  memory: 9056  loss: 1.0506  decode.loss_ohem: 0.7210  decode.acc_seg: 91.7833  aux_0.loss_ce: 0.3296  aux_0.acc_seg: 87.6747
2026/07/20 03:30:12 - mmengine - INFO - Iter(train) [123100/160000]  lr: 2.7084e-03  eta: 3:49:05  time: 0.3741  data_time: 0.0471  memory: 9056  loss: 1.0432  decode.loss_ohem: 0.7278  decode.acc_seg: 91.3434  aux_0.loss_ce: 0.3154  aux_0.acc_seg: 87.4563
2026/07/20 03:30:49 - mmengine - INFO - Iter(train) [123200/160000]  lr: 2.7018e-03  eta: 3:48:27  time: 0.3791  data_time: 0.0475  memory: 9055  loss: 1.0719  decode.loss_ohem: 0.7557  decode.acc_seg: 90.7808  aux_0.loss_ce: 0.3162  aux_0.acc_seg: 86.6192
2026/07/20 03:31:27 - mmengine - INFO - Iter(train) [123300/160000]  lr: 2.6952e-03  eta: 3:47:50  time: 0.3695  data_time: 0.0464  memory: 9057  loss: 1.0554  decode.loss_ohem: 0.7241  decode.acc_seg: 94.6392  aux_0.loss_ce: 0.3314  aux_0.acc_seg: 91.5155
2026/07/20 03:32:04 - mmengine - INFO - Iter(train) [123400/160000]  lr: 2.6886e-03  eta: 3:47:13  time: 0.3745  data_time: 0.0476  memory: 9056  loss: 1.0975  decode.loss_ohem: 0.7544  decode.acc_seg: 92.6734  aux_0.loss_ce: 0.3431  aux_0.acc_seg: 90.4723
2026/07/20 03:32:41 - mmengine - INFO - Iter(train) [123500/160000]  lr: 2.6820e-03  eta: 3:46:36  time: 0.3733  data_time: 0.0464  memory: 9056  loss: 0.9405  decode.loss_ohem: 0.6630  decode.acc_seg: 92.6664  aux_0.loss_ce: 0.2775  aux_0.acc_seg: 89.3752
2026/07/20 03:33:19 - mmengine - INFO - Iter(train) [123600/160000]  lr: 2.6754e-03  eta: 3:45:59  time: 0.3753  data_time: 0.0479  memory: 9056  loss: 0.9597  decode.loss_ohem: 0.6811  decode.acc_seg: 91.5930  aux_0.loss_ce: 0.2786  aux_0.acc_seg: 89.3138
2026/07/20 03:33:56 - mmengine - INFO - Iter(train) [123700/160000]  lr: 2.6688e-03  eta: 3:45:21  time: 0.3728  data_time: 0.0465  memory: 9056  loss: 0.9759  decode.loss_ohem: 0.6690  decode.acc_seg: 93.7791  aux_0.loss_ce: 0.3070  aux_0.acc_seg: 86.5684
2026/07/20 03:34:34 - mmengine - INFO - Iter(train) [123800/160000]  lr: 2.6622e-03  eta: 3:44:44  time: 0.3730  data_time: 0.0464  memory: 9055  loss: 1.0455  decode.loss_ohem: 0.7308  decode.acc_seg: 90.3338  aux_0.loss_ce: 0.3146  aux_0.acc_seg: 83.0127
2026/07/20 03:35:11 - mmengine - INFO - Iter(train) [123900/160000]  lr: 2.6557e-03  eta: 3:44:07  time: 0.3709  data_time: 0.0463  memory: 9057  loss: 1.0371  decode.loss_ohem: 0.7109  decode.acc_seg: 92.0638  aux_0.loss_ce: 0.3261  aux_0.acc_seg: 88.0288
2026/07/20 03:35:48 - mmengine - INFO - Exp name: dsanet_cityscapes_512x1024_20260719_144008
2026/07/20 03:35:48 - mmengine - INFO - Iter(train) [124000/160000]  lr: 2.6491e-03  eta: 3:43:30  time: 0.3742  data_time: 0.0482  memory: 9056  loss: 1.0096  decode.loss_ohem: 0.7071  decode.acc_seg: 92.1592  aux_0.loss_ce: 0.3026  aux_0.acc_seg: 86.6773
2026/07/20 03:36:26 - mmengine - INFO - Iter(train) [124100/160000]  lr: 2.6425e-03  eta: 3:42:52  time: 0.3756  data_time: 0.0468  memory: 9056  loss: 1.0993  decode.loss_ohem: 0.7754  decode.acc_seg: 89.4423  aux_0.loss_ce: 0.3238  aux_0.acc_seg: 83.8345
2026/07/20 03:37:03 - mmengine - INFO - Iter(train) [124200/160000]  lr: 2.6359e-03  eta: 3:42:15  time: 0.3732  data_time: 0.0471  memory: 9057  loss: 1.0925  decode.loss_ohem: 0.7254  decode.acc_seg: 91.3139  aux_0.loss_ce: 0.3671  aux_0.acc_seg: 87.1810
2026/07/20 03:37:41 - mmengine - INFO - Iter(train) [124300/160000]  lr: 2.6293e-03  eta: 3:41:38  time: 0.3748  data_time: 0.0474  memory: 9057  loss: 1.0184  decode.loss_ohem: 0.7055  decode.acc_seg: 89.5371  aux_0.loss_ce: 0.3130  aux_0.acc_seg: 83.1978
2026/07/20 03:38:18 - mmengine - INFO - Iter(train) [124400/160000]  lr: 2.6227e-03  eta: 3:41:01  time: 0.3740  data_time: 0.0477  memory: 9057  loss: 1.0027  decode.loss_ohem: 0.7012  decode.acc_seg: 90.9773  aux_0.loss_ce: 0.3015  aux_0.acc_seg: 86.5430
2026/07/20 03:38:56 - mmengine - INFO - Iter(train) [124500/160000]  lr: 2.6160e-03  eta: 3:40:24  time: 0.3703  data_time: 0.0468  memory: 9056  loss: 1.0917  decode.loss_ohem: 0.7692  decode.acc_seg: 90.6073  aux_0.loss_ce: 0.3225  aux_0.acc_seg: 87.5568
2026/07/20 03:39:33 - mmengine - INFO - Iter(train) [124600/160000]  lr: 2.6094e-03  eta: 3:39:46  time: 0.3738  data_time: 0.0478  memory: 9055  loss: 1.0335  decode.loss_ohem: 0.7338  decode.acc_seg: 92.0667  aux_0.loss_ce: 0.2997  aux_0.acc_seg: 86.2880
2026/07/20 03:40:10 - mmengine - INFO - Iter(train) [124700/160000]  lr: 2.6028e-03  eta: 3:39:09  time: 0.3723  data_time: 0.0461  memory: 9057  loss: 1.0485  decode.loss_ohem: 0.7459  decode.acc_seg: 93.3463  aux_0.loss_ce: 0.3026  aux_0.acc_seg: 89.7363
2026/07/20 03:40:48 - mmengine - INFO - Iter(train) [124800/160000]  lr: 2.5962e-03  eta: 3:38:32  time: 0.3756  data_time: 0.0479  memory: 9057  loss: 1.1163  decode.loss_ohem: 0.8000  decode.acc_seg: 92.3792  aux_0.loss_ce: 0.3164  aux_0.acc_seg: 89.7725
2026/07/20 03:41:25 - mmengine - INFO - Iter(train) [124900/160000]  lr: 2.5896e-03  eta: 3:37:55  time: 0.3744  data_time: 0.0476  memory: 9056  loss: 0.9826  decode.loss_ohem: 0.7004  decode.acc_seg: 92.1422  aux_0.loss_ce: 0.2822  aux_0.acc_seg: 88.0439
2026/07/20 03:42:03 - mmengine - INFO - Exp name: dsanet_cityscapes_512x1024_20260719_144008
2026/07/20 03:42:03 - mmengine - INFO - Iter(train) [125000/160000]  lr: 2.5830e-03  eta: 3:37:18  time: 0.3755  data_time: 0.0476  memory: 9056  loss: 1.1371  decode.loss_ohem: 0.7753  decode.acc_seg: 86.2458  aux_0.loss_ce: 0.3618  aux_0.acc_seg: 82.0866
2026/07/20 03:42:03 - mmengine - INFO - Saving checkpoint at 125000 iterations
2026/07/20 03:42:09 - mmengine - INFO - Iter(val) [100/250]    eta: 0:00:08  time: 0.0536  data_time: 0.0191  memory: 790  
2026/07/20 03:42:15 - mmengine - INFO - Iter(val) [200/250]    eta: 0:00:02  time: 0.0539  data_time: 0.0193  memory: 790  
2026/07/20 03:42:17 - mmengine - INFO - per class results:
2026/07/20 03:42:17 - mmengine - INFO - 
+---------------+-------+-------+
|     Class     |  IoU  |  Acc  |
+---------------+-------+-------+
|      road     | 96.44 | 98.11 |
|    sidewalk   | 74.91 | 87.25 |
|    building   | 88.81 |  94.0 |
|      wall     | 39.48 | 45.52 |
|     fence     | 51.14 | 63.86 |
|      pole     | 53.92 | 69.04 |
| traffic light | 52.86 | 68.41 |
|  traffic sign | 65.67 | 77.99 |
|   vegetation  | 89.69 | 95.71 |
|    terrain    | 55.42 | 62.67 |
|      sky      | 93.17 | 97.67 |
|     person    | 73.36 | 87.58 |
|     rider     | 48.97 | 60.77 |
|      car      | 92.15 | 96.53 |
|     truck     |  47.7 | 53.05 |
|      bus      | 68.24 | 83.61 |
|     train     | 55.33 | 70.13 |
|   motorcycle  | 36.95 | 44.45 |
|    bicycle    | 68.16 | 81.85 |
+---------------+-------+-------+
2026/07/20 03:42:17 - mmengine - INFO - Iter(val) [250/250]    aAcc: 93.9100  mIoU: 65.9200  mAcc: 75.6900  data_time: 0.0207  time: 0.0555
2026/07/20 03:42:55 - mmengine - INFO - Iter(train) [125100/160000]  lr: 2.5764e-03  eta: 3:36:40  time: 0.3749  data_time: 0.0464  memory: 9056  loss: 0.9936  decode.loss_ohem: 0.6957  decode.acc_seg: 93.6562  aux_0.loss_ce: 0.2979  aux_0.acc_seg: 91.1912
2026/07/20 03:43:32 - mmengine - INFO - Iter(train) [125200/160000]  lr: 2.5698e-03  eta: 3:36:03  time: 0.3763  data_time: 0.0483  memory: 9056  loss: 0.9703  decode.loss_ohem: 0.6667  decode.acc_seg: 93.9197  aux_0.loss_ce: 0.3036  aux_0.acc_seg: 90.7261
2026/07/20 03:44:10 - mmengine - INFO - Iter(train) [125300/160000]  lr: 2.5631e-03  eta: 3:35:26  time: 0.3730  data_time: 0.0470  memory: 9057  loss: 1.0553  decode.loss_ohem: 0.7218  decode.acc_seg: 92.2584  aux_0.loss_ce: 0.3334  aux_0.acc_seg: 89.8399
2026/07/20 03:44:47 - mmengine - INFO - Iter(train) [125400/160000]  lr: 2.5565e-03  eta: 3:34:49  time: 0.3737  data_time: 0.0473  memory: 9057  loss: 1.1145  decode.loss_ohem: 0.7760  decode.acc_seg: 89.8395  aux_0.loss_ce: 0.3385  aux_0.acc_seg: 85.6246
2026/07/20 03:45:24 - mmengine - INFO - Iter(train) [125500/160000]  lr: 2.5499e-03  eta: 3:34:12  time: 0.3733  data_time: 0.0464  memory: 9057  loss: 1.0480  decode.loss_ohem: 0.7304  decode.acc_seg: 94.6877  aux_0.loss_ce: 0.3176  aux_0.acc_seg: 91.3046
2026/07/20 03:46:02 - mmengine - INFO - Iter(train) [125600/160000]  lr: 2.5433e-03  eta: 3:33:34  time: 0.3731  data_time: 0.0470  memory: 9058  loss: 1.0473  decode.loss_ohem: 0.7066  decode.acc_seg: 92.5579  aux_0.loss_ce: 0.3407  aux_0.acc_seg: 88.9329
2026/07/20 03:46:39 - mmengine - INFO - Iter(train) [125700/160000]  lr: 2.5366e-03  eta: 3:32:57  time: 0.3773  data_time: 0.0473  memory: 9057  loss: 1.0353  decode.loss_ohem: 0.7141  decode.acc_seg: 92.4731  aux_0.loss_ce: 0.3212  aux_0.acc_seg: 90.1619
2026/07/20 03:47:17 - mmengine - INFO - Iter(train) [125800/160000]  lr: 2.5300e-03  eta: 3:32:20  time: 0.3737  data_time: 0.0474  memory: 9055  loss: 1.0309  decode.loss_ohem: 0.7190  decode.acc_seg: 92.5973  aux_0.loss_ce: 0.3119  aux_0.acc_seg: 88.6998
2026/07/20 03:47:54 - mmengine - INFO - Iter(train) [125900/160000]  lr: 2.5234e-03  eta: 3:31:43  time: 0.3727  data_time: 0.0461  memory: 9057  loss: 1.0093  decode.loss_ohem: 0.6946  decode.acc_seg: 91.9523  aux_0.loss_ce: 0.3147  aux_0.acc_seg: 87.4607
2026/07/20 03:48:31 - mmengine - INFO - Exp name: dsanet_cityscapes_512x1024_20260719_144008
2026/07/20 03:48:31 - mmengine - INFO - Iter(train) [126000/160000]  lr: 2.5167e-03  eta: 3:31:05  time: 0.3745  data_time: 0.0478  memory: 9056  loss: 1.0346  decode.loss_ohem: 0.7112  decode.acc_seg: 91.7156  aux_0.loss_ce: 0.3234  aux_0.acc_seg: 83.9421
2026/07/20 03:49:09 - mmengine - INFO - Iter(train) [126100/160000]  lr: 2.5101e-03  eta: 3:30:28  time: 0.3722  data_time: 0.0458  memory: 9056  loss: 1.0279  decode.loss_ohem: 0.7124  decode.acc_seg: 93.8072  aux_0.loss_ce: 0.3154  aux_0.acc_seg: 87.5736
2026/07/20 03:49:46 - mmengine - INFO - Iter(train) [126200/160000]  lr: 2.5035e-03  eta: 3:29:51  time: 0.3732  data_time: 0.0471  memory: 9057  loss: 0.9558  decode.loss_ohem: 0.6661  decode.acc_seg: 92.4146  aux_0.loss_ce: 0.2898  aux_0.acc_seg: 87.7242
2026/07/20 03:50:23 - mmengine - INFO - Iter(train) [126300/160000]  lr: 2.4968e-03  eta: 3:29:14  time: 0.3744  data_time: 0.0462  memory: 9056  loss: 1.0292  decode.loss_ohem: 0.7111  decode.acc_seg: 93.4114  aux_0.loss_ce: 0.3180  aux_0.acc_seg: 92.4910
2026/07/20 03:51:01 - mmengine - INFO - Iter(train) [126400/160000]  lr: 2.4902e-03  eta: 3:28:37  time: 0.3773  data_time: 0.0484  memory: 9056  loss: 1.0597  decode.loss_ohem: 0.7203  decode.acc_seg: 92.6503  aux_0.loss_ce: 0.3393  aux_0.acc_seg: 88.2340
2026/07/20 03:51:39 - mmengine - INFO - Iter(train) [126500/160000]  lr: 2.4835e-03  eta: 3:27:59  time: 0.3743  data_time: 0.0467  memory: 9056  loss: 1.0715  decode.loss_ohem: 0.7344  decode.acc_seg: 92.4087  aux_0.loss_ce: 0.3371  aux_0.acc_seg: 89.6556
2026/07/20 03:52:16 - mmengine - INFO - Iter(train) [126600/160000]  lr: 2.4769e-03  eta: 3:27:22  time: 0.3723  data_time: 0.0465  memory: 9056  loss: 1.0996  decode.loss_ohem: 0.7712  decode.acc_seg: 93.1194  aux_0.loss_ce: 0.3284  aux_0.acc_seg: 88.7044
2026/07/20 03:52:53 - mmengine - INFO - Iter(train) [126700/160000]  lr: 2.4702e-03  eta: 3:26:45  time: 0.3712  data_time: 0.0453  memory: 9057  loss: 0.9846  decode.loss_ohem: 0.7141  decode.acc_seg: 94.3026  aux_0.loss_ce: 0.2705  aux_0.acc_seg: 92.3299
2026/07/20 03:53:31 - mmengine - INFO - Iter(train) [126800/160000]  lr: 2.4636e-03  eta: 3:26:08  time: 0.3787  data_time: 0.0508  memory: 9056  loss: 1.0466  decode.loss_ohem: 0.7440  decode.acc_seg: 91.5204  aux_0.loss_ce: 0.3026  aux_0.acc_seg: 88.8761
2026/07/20 03:54:08 - mmengine - INFO - Iter(train) [126900/160000]  lr: 2.4569e-03  eta: 3:25:30  time: 0.3772  data_time: 0.0463  memory: 9056  loss: 1.0038  decode.loss_ohem: 0.6824  decode.acc_seg: 91.4536  aux_0.loss_ce: 0.3213  aux_0.acc_seg: 86.1255
2026/07/20 03:54:45 - mmengine - INFO - Exp name: dsanet_cityscapes_512x1024_20260719_144008
2026/07/20 03:54:45 - mmengine - INFO - Iter(train) [127000/160000]  lr: 2.4503e-03  eta: 3:24:53  time: 0.3758  data_time: 0.0472  memory: 9055  loss: 0.9613  decode.loss_ohem: 0.6640  decode.acc_seg: 92.9764  aux_0.loss_ce: 0.2974  aux_0.acc_seg: 85.9442
2026/07/20 03:55:23 - mmengine - INFO - Iter(train) [127100/160000]  lr: 2.4436e-03  eta: 3:24:16  time: 0.3721  data_time: 0.0468  memory: 9055  loss: 0.9943  decode.loss_ohem: 0.6943  decode.acc_seg: 93.5578  aux_0.loss_ce: 0.3000  aux_0.acc_seg: 90.7878
2026/07/20 03:56:00 - mmengine - INFO - Iter(train) [127200/160000]  lr: 2.4370e-03  eta: 3:23:39  time: 0.3760  data_time: 0.0476  memory: 9057  loss: 1.0640  decode.loss_ohem: 0.7389  decode.acc_seg: 94.3615  aux_0.loss_ce: 0.3252  aux_0.acc_seg: 89.2152
2026/07/20 03:56:37 - mmengine - INFO - Iter(train) [127300/160000]  lr: 2.4303e-03  eta: 3:23:02  time: 0.3726  data_time: 0.0462  memory: 9056  loss: 1.0516  decode.loss_ohem: 0.7124  decode.acc_seg: 91.2823  aux_0.loss_ce: 0.3392  aux_0.acc_seg: 87.1874
2026/07/20 03:57:15 - mmengine - INFO - Iter(train) [127400/160000]  lr: 2.4236e-03  eta: 3:22:24  time: 0.3746  data_time: 0.0473  memory: 9057  loss: 1.0203  decode.loss_ohem: 0.7132  decode.acc_seg: 91.2017  aux_0.loss_ce: 0.3071  aux_0.acc_seg: 85.5525
2026/07/20 03:57:52 - mmengine - INFO - Iter(train) [127500/160000]  lr: 2.4170e-03  eta: 3:21:47  time: 0.3728  data_time: 0.0460  memory: 9054  loss: 1.0716  decode.loss_ohem: 0.7336  decode.acc_seg: 91.1354  aux_0.loss_ce: 0.3380  aux_0.acc_seg: 87.2427
2026/07/20 03:58:30 - mmengine - INFO - Iter(train) [127600/160000]  lr: 2.4103e-03  eta: 3:21:10  time: 0.3700  data_time: 0.0472  memory: 9056  loss: 1.1193  decode.loss_ohem: 0.7936  decode.acc_seg: 90.6004  aux_0.loss_ce: 0.3257  aux_0.acc_seg: 86.4322
2026/07/20 03:59:07 - mmengine - INFO - Iter(train) [127700/160000]  lr: 2.4036e-03  eta: 3:20:33  time: 0.3751  data_time: 0.0466  memory: 9057  loss: 1.0010  decode.loss_ohem: 0.6717  decode.acc_seg: 94.5668  aux_0.loss_ce: 0.3293  aux_0.acc_seg: 89.0801
2026/07/20 03:59:45 - mmengine - INFO - Iter(train) [127800/160000]  lr: 2.3970e-03  eta: 3:19:56  time: 0.3730  data_time: 0.0463  memory: 9057  loss: 1.0277  decode.loss_ohem: 0.7199  decode.acc_seg: 92.5959  aux_0.loss_ce: 0.3078  aux_0.acc_seg: 89.8326
2026/07/20 04:00:23 - mmengine - INFO - Iter(train) [127900/160000]  lr: 2.3903e-03  eta: 3:19:18  time: 0.3820  data_time: 0.0522  memory: 9056  loss: 1.0548  decode.loss_ohem: 0.7333  decode.acc_seg: 92.8069  aux_0.loss_ce: 0.3214  aux_0.acc_seg: 89.0435
2026/07/20 04:01:01 - mmengine - INFO - Exp name: dsanet_cityscapes_512x1024_20260719_144008
2026/07/20 04:01:01 - mmengine - INFO - Iter(train) [128000/160000]  lr: 2.3836e-03  eta: 3:18:41  time: 0.3767  data_time: 0.0499  memory: 9056  loss: 1.0824  decode.loss_ohem: 0.7633  decode.acc_seg: 92.7829  aux_0.loss_ce: 0.3192  aux_0.acc_seg: 89.3060
2026/07/20 04:01:38 - mmengine - INFO - Iter(train) [128100/160000]  lr: 2.3769e-03  eta: 3:18:04  time: 0.3783  data_time: 0.0495  memory: 9057  loss: 1.0378  decode.loss_ohem: 0.7212  decode.acc_seg: 90.5623  aux_0.loss_ce: 0.3167  aux_0.acc_seg: 85.6201
2026/07/20 04:02:17 - mmengine - INFO - Iter(train) [128200/160000]  lr: 2.3703e-03  eta: 3:17:27  time: 0.3797  data_time: 0.0504  memory: 9056  loss: 1.1329  decode.loss_ohem: 0.7944  decode.acc_seg: 93.3156  aux_0.loss_ce: 0.3386  aux_0.acc_seg: 89.9343
2026/07/20 04:02:55 - mmengine - INFO - Iter(train) [128300/160000]  lr: 2.3636e-03  eta: 3:16:50  time: 0.3791  data_time: 0.0497  memory: 9057  loss: 1.0748  decode.loss_ohem: 0.7438  decode.acc_seg: 94.1445  aux_0.loss_ce: 0.3310  aux_0.acc_seg: 91.0256
2026/07/20 04:03:33 - mmengine - INFO - Iter(train) [128400/160000]  lr: 2.3569e-03  eta: 3:16:13  time: 0.3794  data_time: 0.0498  memory: 9056  loss: 1.0338  decode.loss_ohem: 0.7396  decode.acc_seg: 92.2704  aux_0.loss_ce: 0.2942  aux_0.acc_seg: 89.2188
2026/07/20 04:04:11 - mmengine - INFO - Iter(train) [128500/160000]  lr: 2.3502e-03  eta: 3:15:36  time: 0.3805  data_time: 0.0504  memory: 9057  loss: 0.9813  decode.loss_ohem: 0.6890  decode.acc_seg: 94.0505  aux_0.loss_ce: 0.2923  aux_0.acc_seg: 90.1354
2026/07/20 04:04:48 - mmengine - INFO - Iter(train) [128600/160000]  lr: 2.3435e-03  eta: 3:14:59  time: 0.3813  data_time: 0.0513  memory: 9058  loss: 1.0223  decode.loss_ohem: 0.6919  decode.acc_seg: 92.8870  aux_0.loss_ce: 0.3303  aux_0.acc_seg: 88.8336
2026/07/20 04:05:26 - mmengine - INFO - Iter(train) [128700/160000]  lr: 2.3368e-03  eta: 3:14:22  time: 0.3803  data_time: 0.0510  memory: 9057  loss: 1.0079  decode.loss_ohem: 0.6789  decode.acc_seg: 93.4732  aux_0.loss_ce: 0.3290  aux_0.acc_seg: 93.3225
2026/07/20 04:06:04 - mmengine - INFO - Iter(train) [128800/160000]  lr: 2.3301e-03  eta: 3:13:45  time: 0.3790  data_time: 0.0497  memory: 9056  loss: 1.0314  decode.loss_ohem: 0.7188  decode.acc_seg: 91.5251  aux_0.loss_ce: 0.3127  aux_0.acc_seg: 86.0844
2026/07/20 04:06:42 - mmengine - INFO - Iter(train) [128900/160000]  lr: 2.3235e-03  eta: 3:13:08  time: 0.3792  data_time: 0.0494  memory: 9057  loss: 1.0149  decode.loss_ohem: 0.6775  decode.acc_seg: 92.4405  aux_0.loss_ce: 0.3374  aux_0.acc_seg: 90.3812
2026/07/20 04:07:20 - mmengine - INFO - Exp name: dsanet_cityscapes_512x1024_20260719_144008
2026/07/20 04:07:20 - mmengine - INFO - Iter(train) [129000/160000]  lr: 2.3168e-03  eta: 3:12:30  time: 0.3777  data_time: 0.0488  memory: 9057  loss: 1.0227  decode.loss_ohem: 0.6807  decode.acc_seg: 94.1685  aux_0.loss_ce: 0.3420  aux_0.acc_seg: 90.0825
2026/07/20 04:07:58 - mmengine - INFO - Iter(train) [129100/160000]  lr: 2.3101e-03  eta: 3:11:53  time: 0.3798  data_time: 0.0501  memory: 9057  loss: 1.0217  decode.loss_ohem: 0.7276  decode.acc_seg: 93.4440  aux_0.loss_ce: 0.2941  aux_0.acc_seg: 90.7250
2026/07/20 04:08:36 - mmengine - INFO - Iter(train) [129200/160000]  lr: 2.3034e-03  eta: 3:11:16  time: 0.3789  data_time: 0.0501  memory: 9056  loss: 1.0804  decode.loss_ohem: 0.7303  decode.acc_seg: 93.4092  aux_0.loss_ce: 0.3501  aux_0.acc_seg: 89.7869
2026/07/20 04:09:14 - mmengine - INFO - Iter(train) [129300/160000]  lr: 2.2967e-03  eta: 3:10:39  time: 0.3810  data_time: 0.0504  memory: 9055  loss: 1.0712  decode.loss_ohem: 0.7514  decode.acc_seg: 90.9182  aux_0.loss_ce: 0.3198  aux_0.acc_seg: 87.4756
2026/07/20 04:09:52 - mmengine - INFO - Iter(train) [129400/160000]  lr: 2.2900e-03  eta: 3:10:02  time: 0.3778  data_time: 0.0500  memory: 9055  loss: 0.9653  decode.loss_ohem: 0.6863  decode.acc_seg: 93.8345  aux_0.loss_ce: 0.2790  aux_0.acc_seg: 91.7534
2026/07/20 04:10:30 - mmengine - INFO - Iter(train) [129500/160000]  lr: 2.2832e-03  eta: 3:09:25  time: 0.3874  data_time: 0.0535  memory: 9056  loss: 1.1536  decode.loss_ohem: 0.8038  decode.acc_seg: 92.6659  aux_0.loss_ce: 0.3499  aux_0.acc_seg: 85.4546
2026/07/20 04:11:08 - mmengine - INFO - Iter(train) [129600/160000]  lr: 2.2765e-03  eta: 3:08:48  time: 0.3780  data_time: 0.0491  memory: 9057  loss: 1.0273  decode.loss_ohem: 0.7154  decode.acc_seg: 92.1663  aux_0.loss_ce: 0.3120  aux_0.acc_seg: 86.6399
2026/07/20 04:11:46 - mmengine - INFO - Iter(train) [129700/160000]  lr: 2.2698e-03  eta: 3:08:11  time: 0.3781  data_time: 0.0498  memory: 9055  loss: 1.0353  decode.loss_ohem: 0.7178  decode.acc_seg: 92.2532  aux_0.loss_ce: 0.3175  aux_0.acc_seg: 85.2254
2026/07/20 04:12:24 - mmengine - INFO - Iter(train) [129800/160000]  lr: 2.2631e-03  eta: 3:07:34  time: 0.3775  data_time: 0.0485  memory: 9056  loss: 1.0780  decode.loss_ohem: 0.7419  decode.acc_seg: 89.0119  aux_0.loss_ce: 0.3361  aux_0.acc_seg: 84.0549
2026/07/20 04:13:02 - mmengine - INFO - Iter(train) [129900/160000]  lr: 2.2564e-03  eta: 3:06:57  time: 0.3825  data_time: 0.0511  memory: 9055  loss: 1.0446  decode.loss_ohem: 0.7368  decode.acc_seg: 91.9492  aux_0.loss_ce: 0.3078  aux_0.acc_seg: 88.0552
2026/07/20 04:13:40 - mmengine - INFO - Exp name: dsanet_cityscapes_512x1024_20260719_144008
2026/07/20 04:13:40 - mmengine - INFO - Iter(train) [130000/160000]  lr: 2.2497e-03  eta: 3:06:19  time: 0.3783  data_time: 0.0494  memory: 9057  loss: 1.0563  decode.loss_ohem: 0.7159  decode.acc_seg: 93.8451  aux_0.loss_ce: 0.3404  aux_0.acc_seg: 86.6486
2026/07/20 04:13:40 - mmengine - INFO - Saving checkpoint at 130000 iterations
2026/07/20 04:13:47 - mmengine - INFO - Iter(val) [100/250]    eta: 0:00:08  time: 0.0553  data_time: 0.0201  memory: 790  
2026/07/20 04:13:52 - mmengine - INFO - Iter(val) [200/250]    eta: 0:00:02  time: 0.0543  data_time: 0.0197  memory: 790  
2026/07/20 04:13:55 - mmengine - INFO - per class results:
2026/07/20 04:13:55 - mmengine - INFO - 
+---------------+-------+-------+
|     Class     |  IoU  |  Acc  |
+---------------+-------+-------+
|      road     | 97.47 | 98.43 |
|    sidewalk   | 80.95 | 89.87 |
|    building   | 89.74 | 94.81 |
|      wall     | 54.23 | 66.53 |
|     fence     | 51.18 | 60.42 |
|      pole     |  57.4 |  72.5 |
| traffic light | 54.25 | 73.54 |
|  traffic sign | 67.58 | 76.27 |
|   vegetation  | 90.68 | 95.84 |
|    terrain    | 59.02 | 68.51 |
|      sky      | 92.88 |  97.8 |
|     person    | 73.98 | 84.75 |
|     rider     | 50.88 | 64.89 |
|      car      | 92.23 | 96.81 |
|     truck     | 54.99 | 66.85 |
|      bus      | 72.61 | 82.01 |
|     train     | 59.37 | 86.12 |
|   motorcycle  | 46.38 |  64.8 |
|    bicycle    | 68.37 | 85.96 |
+---------------+-------+-------+
2026/07/20 04:13:55 - mmengine - INFO - Iter(val) [250/250]    aAcc: 94.6900  mIoU: 69.1700  mAcc: 80.3500  data_time: 0.0212  time: 0.0565
2026/07/20 04:13:55 - mmengine - INFO - The previous best checkpoint /root/autodl-tmp/DSANet-main/tools/work_dirs/dsanet_cityscapes_512x1024/best_mIoU_iter_105000.pth is removed
2026/07/20 04:13:55 - mmengine - INFO - The best checkpoint with 69.1700 mIoU at 130000 iter is saved to best_mIoU_iter_130000.pth.
2026/07/20 04:14:34 - mmengine - INFO - Iter(train) [130100/160000]  lr: 2.2430e-03  eta: 3:05:43  time: 0.3775  data_time: 0.0506  memory: 9055  loss: 1.0578  decode.loss_ohem: 0.7120  decode.acc_seg: 94.5846  aux_0.loss_ce: 0.3457  aux_0.acc_seg: 91.2865
2026/07/20 04:15:12 - mmengine - INFO - Iter(train) [130200/160000]  lr: 2.2362e-03  eta: 3:05:06  time: 0.3800  data_time: 0.0510  memory: 9056  loss: 0.9869  decode.loss_ohem: 0.6962  decode.acc_seg: 92.7988  aux_0.loss_ce: 0.2907  aux_0.acc_seg: 86.8813
2026/07/20 04:15:50 - mmengine - INFO - Iter(train) [130300/160000]  lr: 2.2295e-03  eta: 3:04:28  time: 0.3780  data_time: 0.0491  memory: 9057  loss: 1.0553  decode.loss_ohem: 0.7387  decode.acc_seg: 92.0067  aux_0.loss_ce: 0.3167  aux_0.acc_seg: 83.9984
2026/07/20 04:16:28 - mmengine - INFO - Iter(train) [130400/160000]  lr: 2.2228e-03  eta: 3:03:51  time: 0.3778  data_time: 0.0486  memory: 9056  loss: 1.0702  decode.loss_ohem: 0.7425  decode.acc_seg: 92.3234  aux_0.loss_ce: 0.3277  aux_0.acc_seg: 88.9210
2026/07/20 04:17:06 - mmengine - INFO - Iter(train) [130500/160000]  lr: 2.2161e-03  eta: 3:03:14  time: 0.3782  data_time: 0.0495  memory: 9055  loss: 0.9877  decode.loss_ohem: 0.6974  decode.acc_seg: 94.5536  aux_0.loss_ce: 0.2902  aux_0.acc_seg: 89.3307
2026/07/20 04:17:44 - mmengine - INFO - Iter(train) [130600/160000]  lr: 2.2093e-03  eta: 3:02:37  time: 0.3793  data_time: 0.0505  memory: 9056  loss: 0.9844  decode.loss_ohem: 0.7063  decode.acc_seg: 93.0647  aux_0.loss_ce: 0.2781  aux_0.acc_seg: 87.0309
2026/07/20 04:18:21 - mmengine - INFO - Iter(train) [130700/160000]  lr: 2.2026e-03  eta: 3:02:00  time: 0.3808  data_time: 0.0496  memory: 9056  loss: 0.9820  decode.loss_ohem: 0.6769  decode.acc_seg: 92.3210  aux_0.loss_ce: 0.3051  aux_0.acc_seg: 85.5194
2026/07/20 04:18:59 - mmengine - INFO - Iter(train) [130800/160000]  lr: 2.1959e-03  eta: 3:01:23  time: 0.3782  data_time: 0.0498  memory: 9055  loss: 1.0152  decode.loss_ohem: 0.7000  decode.acc_seg: 92.4006  aux_0.loss_ce: 0.3152  aux_0.acc_seg: 87.0387
2026/07/20 04:19:37 - mmengine - INFO - Iter(train) [130900/160000]  lr: 2.1891e-03  eta: 3:00:46  time: 0.3762  data_time: 0.0485  memory: 9055  loss: 1.0475  decode.loss_ohem: 0.7243  decode.acc_seg: 92.2058  aux_0.loss_ce: 0.3231  aux_0.acc_seg: 88.4248
2026/07/20 04:20:15 - mmengine - INFO - Exp name: dsanet_cityscapes_512x1024_20260719_144008
2026/07/20 04:20:15 - mmengine - INFO - Iter(train) [131000/160000]  lr: 2.1824e-03  eta: 3:00:08  time: 0.3761  data_time: 0.0482  memory: 9055  loss: 0.9769  decode.loss_ohem: 0.6644  decode.acc_seg: 93.8912  aux_0.loss_ce: 0.3125  aux_0.acc_seg: 86.7727
2026/07/20 04:20:53 - mmengine - INFO - Iter(train) [131100/160000]  lr: 2.1756e-03  eta: 2:59:31  time: 0.3766  data_time: 0.0493  memory: 9056  loss: 0.9928  decode.loss_ohem: 0.6916  decode.acc_seg: 93.7418  aux_0.loss_ce: 0.3012  aux_0.acc_seg: 90.6861
2026/07/20 04:21:31 - mmengine - INFO - Iter(train) [131200/160000]  lr: 2.1689e-03  eta: 2:58:54  time: 0.3758  data_time: 0.0481  memory: 9055  loss: 1.0036  decode.loss_ohem: 0.6879  decode.acc_seg: 93.7144  aux_0.loss_ce: 0.3157  aux_0.acc_seg: 87.8565
2026/07/20 04:22:08 - mmengine - INFO - Iter(train) [131300/160000]  lr: 2.1621e-03  eta: 2:58:17  time: 0.3729  data_time: 0.0480  memory: 9055  loss: 1.0685  decode.loss_ohem: 0.7417  decode.acc_seg: 88.6724  aux_0.loss_ce: 0.3268  aux_0.acc_seg: 85.3780
2026/07/20 04:22:46 - mmengine - INFO - Iter(train) [131400/160000]  lr: 2.1554e-03  eta: 2:57:40  time: 0.3748  data_time: 0.0475  memory: 9056  loss: 1.0227  decode.loss_ohem: 0.7170  decode.acc_seg: 89.6702  aux_0.loss_ce: 0.3057  aux_0.acc_seg: 87.0384
2026/07/20 04:23:23 - mmengine - INFO - Iter(train) [131500/160000]  lr: 2.1486e-03  eta: 2:57:02  time: 0.3762  data_time: 0.0483  memory: 9055  loss: 1.0179  decode.loss_ohem: 0.7132  decode.acc_seg: 94.0104  aux_0.loss_ce: 0.3047  aux_0.acc_seg: 89.2005
2026/07/20 04:24:01 - mmengine - INFO - Iter(train) [131600/160000]  lr: 2.1419e-03  eta: 2:56:25  time: 0.3751  data_time: 0.0473  memory: 9056  loss: 1.0536  decode.loss_ohem: 0.7261  decode.acc_seg: 91.8462  aux_0.loss_ce: 0.3275  aux_0.acc_seg: 89.7566
2026/07/20 04:24:38 - mmengine - INFO - Iter(train) [131700/160000]  lr: 2.1351e-03  eta: 2:55:48  time: 0.3747  data_time: 0.0478  memory: 9057  loss: 1.0350  decode.loss_ohem: 0.7059  decode.acc_seg: 93.9258  aux_0.loss_ce: 0.3290  aux_0.acc_seg: 89.4886
2026/07/20 04:25:16 - mmengine - INFO - Iter(train) [131800/160000]  lr: 2.1284e-03  eta: 2:55:11  time: 0.3756  data_time: 0.0475  memory: 9056  loss: 1.0652  decode.loss_ohem: 0.7511  decode.acc_seg: 92.8443  aux_0.loss_ce: 0.3141  aux_0.acc_seg: 87.6983
2026/07/20 04:25:54 - mmengine - INFO - Iter(train) [131900/160000]  lr: 2.1216e-03  eta: 2:54:33  time: 0.3736  data_time: 0.0468  memory: 9056  loss: 1.0995  decode.loss_ohem: 0.7673  decode.acc_seg: 93.2068  aux_0.loss_ce: 0.3322  aux_0.acc_seg: 88.9132
2026/07/20 04:26:31 - mmengine - INFO - Exp name: dsanet_cityscapes_512x1024_20260719_144008
2026/07/20 04:26:31 - mmengine - INFO - Iter(train) [132000/160000]  lr: 2.1148e-03  eta: 2:53:56  time: 0.3753  data_time: 0.0482  memory: 9055  loss: 1.1224  decode.loss_ohem: 0.7864  decode.acc_seg: 89.7864  aux_0.loss_ce: 0.3360  aux_0.acc_seg: 83.1911
2026/07/20 04:27:08 - mmengine - INFO - Iter(train) [132100/160000]  lr: 2.1081e-03  eta: 2:53:19  time: 0.3717  data_time: 0.0454  memory: 9056  loss: 1.0806  decode.loss_ohem: 0.7434  decode.acc_seg: 93.4997  aux_0.loss_ce: 0.3372  aux_0.acc_seg: 90.9545
2026/07/20 04:27:46 - mmengine - INFO - Iter(train) [132200/160000]  lr: 2.1013e-03  eta: 2:52:42  time: 0.3734  data_time: 0.0466  memory: 9056  loss: 0.9972  decode.loss_ohem: 0.6975  decode.acc_seg: 93.0590  aux_0.loss_ce: 0.2997  aux_0.acc_seg: 90.6003
2026/07/20 04:28:23 - mmengine - INFO - Iter(train) [132300/160000]  lr: 2.0945e-03  eta: 2:52:04  time: 0.3741  data_time: 0.0471  memory: 9058  loss: 1.0128  decode.loss_ohem: 0.7032  decode.acc_seg: 94.4341  aux_0.loss_ce: 0.3096  aux_0.acc_seg: 91.2363
2026/07/20 04:29:00 - mmengine - INFO - Iter(train) [132400/160000]  lr: 2.0878e-03  eta: 2:51:27  time: 0.3717  data_time: 0.0466  memory: 9056  loss: 0.9930  decode.loss_ohem: 0.7064  decode.acc_seg: 94.2315  aux_0.loss_ce: 0.2866  aux_0.acc_seg: 90.2244
2026/07/20 04:29:38 - mmengine - INFO - Iter(train) [132500/160000]  lr: 2.0810e-03  eta: 2:50:50  time: 0.3753  data_time: 0.0486  memory: 9056  loss: 0.9417  decode.loss_ohem: 0.6640  decode.acc_seg: 93.7534  aux_0.loss_ce: 0.2777  aux_0.acc_seg: 89.5806
2026/07/20 04:30:15 - mmengine - INFO - Iter(train) [132600/160000]  lr: 2.0742e-03  eta: 2:50:13  time: 0.3729  data_time: 0.0464  memory: 9056  loss: 1.0038  decode.loss_ohem: 0.6926  decode.acc_seg: 92.3916  aux_0.loss_ce: 0.3112  aux_0.acc_seg: 87.6593
2026/07/20 04:30:53 - mmengine - INFO - Iter(train) [132700/160000]  lr: 2.0674e-03  eta: 2:49:35  time: 0.3735  data_time: 0.0451  memory: 9056  loss: 1.0788  decode.loss_ohem: 0.7549  decode.acc_seg: 88.7717  aux_0.loss_ce: 0.3239  aux_0.acc_seg: 85.7401
2026/07/20 04:31:30 - mmengine - INFO - Iter(train) [132800/160000]  lr: 2.0606e-03  eta: 2:48:58  time: 0.3751  data_time: 0.0472  memory: 9057  loss: 0.9896  decode.loss_ohem: 0.6816  decode.acc_seg: 91.5451  aux_0.loss_ce: 0.3080  aux_0.acc_seg: 85.7449
2026/07/20 04:32:08 - mmengine - INFO - Iter(train) [132900/160000]  lr: 2.0538e-03  eta: 2:48:21  time: 0.3711  data_time: 0.0458  memory: 9056  loss: 0.9719  decode.loss_ohem: 0.6946  decode.acc_seg: 93.0015  aux_0.loss_ce: 0.2773  aux_0.acc_seg: 91.5535
2026/07/20 04:32:45 - mmengine - INFO - Exp name: dsanet_cityscapes_512x1024_20260719_144008
2026/07/20 04:32:45 - mmengine - INFO - Iter(train) [133000/160000]  lr: 2.0471e-03  eta: 2:47:44  time: 0.3719  data_time: 0.0459  memory: 9056  loss: 1.0833  decode.loss_ohem: 0.7449  decode.acc_seg: 93.6651  aux_0.loss_ce: 0.3384  aux_0.acc_seg: 89.4544
2026/07/20 04:33:22 - mmengine - INFO - Iter(train) [133100/160000]  lr: 2.0403e-03  eta: 2:47:06  time: 0.3741  data_time: 0.0463  memory: 9055  loss: 1.1192  decode.loss_ohem: 0.7759  decode.acc_seg: 92.0941  aux_0.loss_ce: 0.3433  aux_0.acc_seg: 89.2890
2026/07/20 04:33:59 - mmengine - INFO - Iter(train) [133200/160000]  lr: 2.0335e-03  eta: 2:46:29  time: 0.3616  data_time: 0.0441  memory: 9057  loss: 1.0813  decode.loss_ohem: 0.7456  decode.acc_seg: 90.8956  aux_0.loss_ce: 0.3357  aux_0.acc_seg: 86.6151
2026/07/20 04:34:36 - mmengine - INFO - Iter(train) [133300/160000]  lr: 2.0267e-03  eta: 2:45:52  time: 0.3733  data_time: 0.0467  memory: 9057  loss: 1.0783  decode.loss_ohem: 0.7443  decode.acc_seg: 90.7550  aux_0.loss_ce: 0.3340  aux_0.acc_seg: 88.6364
2026/07/20 04:35:14 - mmengine - INFO - Iter(train) [133400/160000]  lr: 2.0199e-03  eta: 2:45:15  time: 0.3738  data_time: 0.0476  memory: 9056  loss: 1.0714  decode.loss_ohem: 0.7579  decode.acc_seg: 94.3212  aux_0.loss_ce: 0.3135  aux_0.acc_seg: 90.5663
2026/07/20 04:35:51 - mmengine - INFO - Iter(train) [133500/160000]  lr: 2.0131e-03  eta: 2:44:37  time: 0.3732  data_time: 0.0465  memory: 9057  loss: 1.0532  decode.loss_ohem: 0.7324  decode.acc_seg: 90.8227  aux_0.loss_ce: 0.3208  aux_0.acc_seg: 87.0890
2026/07/20 04:36:28 - mmengine - INFO - Iter(train) [133600/160000]  lr: 2.0063e-03  eta: 2:44:00  time: 0.3730  data_time: 0.0465  memory: 9055  loss: 0.9708  decode.loss_ohem: 0.6780  decode.acc_seg: 93.4547  aux_0.loss_ce: 0.2928  aux_0.acc_seg: 90.4009
2026/07/20 04:37:06 - mmengine - INFO - Iter(train) [133700/160000]  lr: 1.9995e-03  eta: 2:43:23  time: 0.3735  data_time: 0.0467  memory: 9055  loss: 1.0778  decode.loss_ohem: 0.7477  decode.acc_seg: 90.9449  aux_0.loss_ce: 0.3301  aux_0.acc_seg: 84.4957
2026/07/20 04:37:43 - mmengine - INFO - Iter(train) [133800/160000]  lr: 1.9927e-03  eta: 2:42:45  time: 0.3705  data_time: 0.0460  memory: 9056  loss: 1.0608  decode.loss_ohem: 0.7010  decode.acc_seg: 92.4289  aux_0.loss_ce: 0.3597  aux_0.acc_seg: 85.9358
2026/07/20 04:38:20 - mmengine - INFO - Iter(train) [133900/160000]  lr: 1.9858e-03  eta: 2:42:08  time: 0.3763  data_time: 0.0471  memory: 9056  loss: 1.0178  decode.loss_ohem: 0.6905  decode.acc_seg: 88.6579  aux_0.loss_ce: 0.3273  aux_0.acc_seg: 85.3925
2026/07/20 04:38:57 - mmengine - INFO - Exp name: dsanet_cityscapes_512x1024_20260719_144008
2026/07/20 04:38:57 - mmengine - INFO - Iter(train) [134000/160000]  lr: 1.9790e-03  eta: 2:41:31  time: 0.3710  data_time: 0.0464  memory: 9055  loss: 1.0559  decode.loss_ohem: 0.7475  decode.acc_seg: 93.3688  aux_0.loss_ce: 0.3084  aux_0.acc_seg: 89.3472
2026/07/20 04:39:35 - mmengine - INFO - Iter(train) [134100/160000]  lr: 1.9722e-03  eta: 2:40:54  time: 0.3718  data_time: 0.0456  memory: 9056  loss: 1.0876  decode.loss_ohem: 0.7446  decode.acc_seg: 91.3862  aux_0.loss_ce: 0.3430  aux_0.acc_seg: 86.6631
2026/07/20 04:40:12 - mmengine - INFO - Iter(train) [134200/160000]  lr: 1.9654e-03  eta: 2:40:16  time: 0.3731  data_time: 0.0470  memory: 9054  loss: 0.9865  decode.loss_ohem: 0.6829  decode.acc_seg: 93.0452  aux_0.loss_ce: 0.3036  aux_0.acc_seg: 86.1625
2026/07/20 04:40:49 - mmengine - INFO - Iter(train) [134300/160000]  lr: 1.9586e-03  eta: 2:39:39  time: 0.3722  data_time: 0.0465  memory: 9056  loss: 1.0335  decode.loss_ohem: 0.7148  decode.acc_seg: 95.3086  aux_0.loss_ce: 0.3187  aux_0.acc_seg: 91.9061
2026/07/20 04:41:27 - mmengine - INFO - Iter(train) [134400/160000]  lr: 1.9517e-03  eta: 2:39:02  time: 0.3728  data_time: 0.0467  memory: 9056  loss: 1.0337  decode.loss_ohem: 0.7203  decode.acc_seg: 93.7646  aux_0.loss_ce: 0.3133  aux_0.acc_seg: 91.3318
2026/07/20 04:42:04 - mmengine - INFO - Iter(train) [134500/160000]  lr: 1.9449e-03  eta: 2:38:24  time: 0.3731  data_time: 0.0465  memory: 9056  loss: 1.0652  decode.loss_ohem: 0.7554  decode.acc_seg: 91.7807  aux_0.loss_ce: 0.3098  aux_0.acc_seg: 89.3851
2026/07/20 04:42:41 - mmengine - INFO - Iter(train) [134600/160000]  lr: 1.9381e-03  eta: 2:37:47  time: 0.3718  data_time: 0.0460  memory: 9056  loss: 0.9522  decode.loss_ohem: 0.6614  decode.acc_seg: 93.9930  aux_0.loss_ce: 0.2907  aux_0.acc_seg: 89.1231
2026/07/20 04:43:18 - mmengine - INFO - Iter(train) [134700/160000]  lr: 1.9313e-03  eta: 2:37:10  time: 0.3714  data_time: 0.0461  memory: 9056  loss: 1.0521  decode.loss_ohem: 0.7596  decode.acc_seg: 93.1760  aux_0.loss_ce: 0.2924  aux_0.acc_seg: 89.6649
2026/07/20 04:43:56 - mmengine - INFO - Iter(train) [134800/160000]  lr: 1.9244e-03  eta: 2:36:33  time: 0.3717  data_time: 0.0461  memory: 9057  loss: 1.0063  decode.loss_ohem: 0.6646  decode.acc_seg: 90.2741  aux_0.loss_ce: 0.3416  aux_0.acc_seg: 86.8722
2026/07/20 04:44:33 - mmengine - INFO - Iter(train) [134900/160000]  lr: 1.9176e-03  eta: 2:35:55  time: 0.3732  data_time: 0.0467  memory: 9055  loss: 1.0290  decode.loss_ohem: 0.7179  decode.acc_seg: 92.9509  aux_0.loss_ce: 0.3111  aux_0.acc_seg: 89.6362
2026/07/20 04:45:10 - mmengine - INFO - Exp name: dsanet_cityscapes_512x1024_20260719_144008
2026/07/20 04:45:10 - mmengine - INFO - Iter(train) [135000/160000]  lr: 1.9107e-03  eta: 2:35:18  time: 0.3702  data_time: 0.0449  memory: 9055  loss: 1.0949  decode.loss_ohem: 0.7635  decode.acc_seg: 92.1077  aux_0.loss_ce: 0.3314  aux_0.acc_seg: 89.2951
2026/07/20 04:45:10 - mmengine - INFO - Saving checkpoint at 135000 iterations
2026/07/20 04:45:16 - mmengine - INFO - Iter(val) [100/250]    eta: 0:00:08  time: 0.0524  data_time: 0.0191  memory: 790  
2026/07/20 04:45:21 - mmengine - INFO - Iter(val) [200/250]    eta: 0:00:02  time: 0.0550  data_time: 0.0203  memory: 790  
2026/07/20 04:45:24 - mmengine - INFO - per class results:
2026/07/20 04:45:24 - mmengine - INFO - 
+---------------+-------+-------+
|     Class     |  IoU  |  Acc  |
+---------------+-------+-------+
|      road     | 97.56 | 98.51 |
|    sidewalk   | 81.18 | 91.23 |
|    building   | 89.97 | 95.16 |
|      wall     | 48.25 |  56.0 |
|     fence     | 51.41 | 70.15 |
|      pole     | 57.49 | 70.62 |
| traffic light | 53.17 | 61.64 |
|  traffic sign | 67.79 | 76.51 |
|   vegetation  | 91.03 |  95.6 |
|    terrain    | 58.55 | 68.34 |
|      sky      | 92.47 | 97.84 |
|     person    | 74.12 |  88.5 |
|     rider     | 49.18 | 61.03 |
|      car      | 92.52 | 96.05 |
|     truck     | 50.77 | 65.95 |
|      bus      | 69.72 | 83.65 |
|     train     |  51.8 | 64.91 |
|   motorcycle  | 45.01 | 52.16 |
|    bicycle    | 69.75 | 83.78 |
+---------------+-------+-------+
2026/07/20 04:45:24 - mmengine - INFO - Iter(val) [250/250]    aAcc: 94.7200  mIoU: 67.9900  mAcc: 77.7700  data_time: 0.0201  time: 0.0540
2026/07/20 04:46:01 - mmengine - INFO - Iter(train) [135100/160000]  lr: 1.9039e-03  eta: 2:34:41  time: 0.3713  data_time: 0.0457  memory: 9055  loss: 1.0201  decode.loss_ohem: 0.7277  decode.acc_seg: 93.7622  aux_0.loss_ce: 0.2924  aux_0.acc_seg: 91.3340
2026/07/20 04:46:39 - mmengine - INFO - Iter(train) [135200/160000]  lr: 1.8970e-03  eta: 2:34:03  time: 0.3715  data_time: 0.0459  memory: 9057  loss: 0.9873  decode.loss_ohem: 0.6776  decode.acc_seg: 93.9659  aux_0.loss_ce: 0.3097  aux_0.acc_seg: 90.2533
2026/07/20 04:47:16 - mmengine - INFO - Iter(train) [135300/160000]  lr: 1.8902e-03  eta: 2:33:26  time: 0.3727  data_time: 0.0463  memory: 9056  loss: 0.9903  decode.loss_ohem: 0.6897  decode.acc_seg: 94.3504  aux_0.loss_ce: 0.3006  aux_0.acc_seg: 89.4388
2026/07/20 04:47:53 - mmengine - INFO - Iter(train) [135400/160000]  lr: 1.8833e-03  eta: 2:32:49  time: 0.3723  data_time: 0.0463  memory: 9055  loss: 0.9832  decode.loss_ohem: 0.6952  decode.acc_seg: 94.7123  aux_0.loss_ce: 0.2880  aux_0.acc_seg: 90.5207
2026/07/20 04:48:30 - mmengine - INFO - Iter(train) [135500/160000]  lr: 1.8765e-03  eta: 2:32:12  time: 0.3740  data_time: 0.0471  memory: 9057  loss: 0.9644  decode.loss_ohem: 0.6755  decode.acc_seg: 93.4343  aux_0.loss_ce: 0.2889  aux_0.acc_seg: 90.3612
2026/07/20 04:49:08 - mmengine - INFO - Iter(train) [135600/160000]  lr: 1.8696e-03  eta: 2:31:34  time: 0.3729  data_time: 0.0467  memory: 9056  loss: 1.0164  decode.loss_ohem: 0.7179  decode.acc_seg: 89.5136  aux_0.loss_ce: 0.2985  aux_0.acc_seg: 84.5851
2026/07/20 04:49:45 - mmengine - INFO - Iter(train) [135700/160000]  lr: 1.8628e-03  eta: 2:30:57  time: 0.3716  data_time: 0.0459  memory: 9055  loss: 1.0670  decode.loss_ohem: 0.7435  decode.acc_seg: 91.2487  aux_0.loss_ce: 0.3235  aux_0.acc_seg: 86.8747
2026/07/20 04:50:22 - mmengine - INFO - Iter(train) [135800/160000]  lr: 1.8559e-03  eta: 2:30:20  time: 0.3735  data_time: 0.0473  memory: 9055  loss: 1.0312  decode.loss_ohem: 0.7279  decode.acc_seg: 93.1768  aux_0.loss_ce: 0.3033  aux_0.acc_seg: 89.3782
2026/07/20 04:51:00 - mmengine - INFO - Iter(train) [135900/160000]  lr: 1.8490e-03  eta: 2:29:43  time: 0.3712  data_time: 0.0464  memory: 9055  loss: 1.0228  decode.loss_ohem: 0.7172  decode.acc_seg: 93.8908  aux_0.loss_ce: 0.3055  aux_0.acc_seg: 87.3063
2026/07/20 04:51:37 - mmengine - INFO - Exp name: dsanet_cityscapes_512x1024_20260719_144008
2026/07/20 04:51:37 - mmengine - INFO - Iter(train) [136000/160000]  lr: 1.8422e-03  eta: 2:29:05  time: 0.3732  data_time: 0.0472  memory: 9055  loss: 0.8895  decode.loss_ohem: 0.6363  decode.acc_seg: 94.7159  aux_0.loss_ce: 0.2532  aux_0.acc_seg: 90.7551
2026/07/20 04:52:14 - mmengine - INFO - Iter(train) [136100/160000]  lr: 1.8353e-03  eta: 2:28:28  time: 0.3723  data_time: 0.0467  memory: 9055  loss: 1.0228  decode.loss_ohem: 0.7192  decode.acc_seg: 92.7129  aux_0.loss_ce: 0.3036  aux_0.acc_seg: 90.5102
2026/07/20 04:52:51 - mmengine - INFO - Iter(train) [136200/160000]  lr: 1.8284e-03  eta: 2:27:51  time: 0.3738  data_time: 0.0470  memory: 9055  loss: 1.0309  decode.loss_ohem: 0.7036  decode.acc_seg: 93.1339  aux_0.loss_ce: 0.3273  aux_0.acc_seg: 88.6544
2026/07/20 04:53:28 - mmengine - INFO - Iter(train) [136300/160000]  lr: 1.8215e-03  eta: 2:27:13  time: 0.3702  data_time: 0.0446  memory: 9055  loss: 1.0341  decode.loss_ohem: 0.7302  decode.acc_seg: 93.4137  aux_0.loss_ce: 0.3038  aux_0.acc_seg: 88.7626
2026/07/20 04:54:06 - mmengine - INFO - Iter(train) [136400/160000]  lr: 1.8147e-03  eta: 2:26:36  time: 0.3727  data_time: 0.0472  memory: 9056  loss: 0.9674  decode.loss_ohem: 0.6859  decode.acc_seg: 92.7895  aux_0.loss_ce: 0.2815  aux_0.acc_seg: 88.3672
2026/07/20 04:54:43 - mmengine - INFO - Iter(train) [136500/160000]  lr: 1.8078e-03  eta: 2:25:59  time: 0.3714  data_time: 0.0460  memory: 9054  loss: 0.9650  decode.loss_ohem: 0.6698  decode.acc_seg: 93.8677  aux_0.loss_ce: 0.2952  aux_0.acc_seg: 91.0437
2026/07/20 04:55:20 - mmengine - INFO - Iter(train) [136600/160000]  lr: 1.8009e-03  eta: 2:25:22  time: 0.3734  data_time: 0.0471  memory: 9055  loss: 1.0958  decode.loss_ohem: 0.7725  decode.acc_seg: 93.4914  aux_0.loss_ce: 0.3233  aux_0.acc_seg: 89.8764
2026/07/20 04:55:57 - mmengine - INFO - Iter(train) [136700/160000]  lr: 1.7940e-03  eta: 2:24:44  time: 0.3741  data_time: 0.0468  memory: 9055  loss: 1.0166  decode.loss_ohem: 0.6922  decode.acc_seg: 93.2666  aux_0.loss_ce: 0.3243  aux_0.acc_seg: 85.4931
2026/07/20 04:56:35 - mmengine - INFO - Iter(train) [136800/160000]  lr: 1.7871e-03  eta: 2:24:07  time: 0.3716  data_time: 0.0463  memory: 9056  loss: 0.9951  decode.loss_ohem: 0.7014  decode.acc_seg: 92.9631  aux_0.loss_ce: 0.2937  aux_0.acc_seg: 87.7725
2026/07/20 04:57:12 - mmengine - INFO - Iter(train) [136900/160000]  lr: 1.7802e-03  eta: 2:23:30  time: 0.3707  data_time: 0.0456  memory: 9055  loss: 1.0141  decode.loss_ohem: 0.7222  decode.acc_seg: 93.2029  aux_0.loss_ce: 0.2920  aux_0.acc_seg: 87.8398
2026/07/20 04:57:49 - mmengine - INFO - Exp name: dsanet_cityscapes_512x1024_20260719_144008
2026/07/20 04:57:49 - mmengine - INFO - Iter(train) [137000/160000]  lr: 1.7733e-03  eta: 2:22:52  time: 0.3727  data_time: 0.0465  memory: 9057  loss: 1.1183  decode.loss_ohem: 0.7876  decode.acc_seg: 86.0518  aux_0.loss_ce: 0.3307  aux_0.acc_seg: 83.1302
2026/07/20 04:58:26 - mmengine - INFO - Iter(train) [137100/160000]  lr: 1.7664e-03  eta: 2:22:15  time: 0.3719  data_time: 0.0463  memory: 9056  loss: 1.0347  decode.loss_ohem: 0.7355  decode.acc_seg: 91.3026  aux_0.loss_ce: 0.2993  aux_0.acc_seg: 86.2532
2026/07/20 04:59:04 - mmengine - INFO - Iter(train) [137200/160000]  lr: 1.7595e-03  eta: 2:21:38  time: 0.3733  data_time: 0.0471  memory: 9055  loss: 1.0765  decode.loss_ohem: 0.7476  decode.acc_seg: 87.7231  aux_0.loss_ce: 0.3289  aux_0.acc_seg: 82.8167
2026/07/20 04:59:41 - mmengine - INFO - Iter(train) [137300/160000]  lr: 1.7526e-03  eta: 2:21:01  time: 0.3724  data_time: 0.0465  memory: 9057  loss: 1.0719  decode.loss_ohem: 0.7512  decode.acc_seg: 93.5480  aux_0.loss_ce: 0.3206  aux_0.acc_seg: 91.4521
2026/07/20 05:00:18 - mmengine - INFO - Iter(train) [137400/160000]  lr: 1.7457e-03  eta: 2:20:23  time: 0.3719  data_time: 0.0461  memory: 9056  loss: 1.0451  decode.loss_ohem: 0.7390  decode.acc_seg: 93.1747  aux_0.loss_ce: 0.3061  aux_0.acc_seg: 87.1902
2026/07/20 05:00:56 - mmengine - INFO - Iter(train) [137500/160000]  lr: 1.7388e-03  eta: 2:19:46  time: 0.3735  data_time: 0.0473  memory: 9058  loss: 0.9675  decode.loss_ohem: 0.6878  decode.acc_seg: 92.3246  aux_0.loss_ce: 0.2797  aux_0.acc_seg: 88.2637
2026/07/20 05:01:33 - mmengine - INFO - Iter(train) [137600/160000]  lr: 1.7319e-03  eta: 2:19:09  time: 0.3718  data_time: 0.0459  memory: 9056  loss: 0.9978  decode.loss_ohem: 0.6951  decode.acc_seg: 91.7204  aux_0.loss_ce: 0.3027  aux_0.acc_seg: 89.0841
2026/07/20 05:02:10 - mmengine - INFO - Iter(train) [137700/160000]  lr: 1.7249e-03  eta: 2:18:31  time: 0.3717  data_time: 0.0467  memory: 9055  loss: 0.9991  decode.loss_ohem: 0.7002  decode.acc_seg: 93.9695  aux_0.loss_ce: 0.2989  aux_0.acc_seg: 89.1226
2026/07/20 05:02:47 - mmengine - INFO - Iter(train) [137800/160000]  lr: 1.7180e-03  eta: 2:17:54  time: 0.3710  data_time: 0.0452  memory: 9056  loss: 0.9578  decode.loss_ohem: 0.6749  decode.acc_seg: 94.2110  aux_0.loss_ce: 0.2829  aux_0.acc_seg: 91.1357
2026/07/20 05:03:25 - mmengine - INFO - Iter(train) [137900/160000]  lr: 1.7111e-03  eta: 2:17:17  time: 0.3725  data_time: 0.0457  memory: 9055  loss: 1.0341  decode.loss_ohem: 0.7231  decode.acc_seg: 93.4021  aux_0.loss_ce: 0.3110  aux_0.acc_seg: 89.4512
2026/07/20 05:04:02 - mmengine - INFO - Exp name: dsanet_cityscapes_512x1024_20260719_144008
2026/07/20 05:04:02 - mmengine - INFO - Iter(train) [138000/160000]  lr: 1.7042e-03  eta: 2:16:40  time: 0.3718  data_time: 0.0463  memory: 9056  loss: 0.9271  decode.loss_ohem: 0.6596  decode.acc_seg: 91.7528  aux_0.loss_ce: 0.2675  aux_0.acc_seg: 88.1111
2026/07/20 05:04:39 - mmengine - INFO - Iter(train) [138100/160000]  lr: 1.6972e-03  eta: 2:16:02  time: 0.3762  data_time: 0.0490  memory: 9055  loss: 0.9858  decode.loss_ohem: 0.6946  decode.acc_seg: 92.8035  aux_0.loss_ce: 0.2912  aux_0.acc_seg: 87.8553
2026/07/20 05:05:17 - mmengine - INFO - Iter(train) [138200/160000]  lr: 1.6903e-03  eta: 2:15:25  time: 0.3753  data_time: 0.0474  memory: 9056  loss: 0.9793  decode.loss_ohem: 0.6743  decode.acc_seg: 93.7243  aux_0.loss_ce: 0.3050  aux_0.acc_seg: 90.0312
2026/07/20 05:05:55 - mmengine - INFO - Iter(train) [138300/160000]  lr: 1.6834e-03  eta: 2:14:48  time: 0.3749  data_time: 0.0474  memory: 9056  loss: 1.0049  decode.loss_ohem: 0.6928  decode.acc_seg: 89.3038  aux_0.loss_ce: 0.3122  aux_0.acc_seg: 84.5673
2026/07/20 05:06:32 - mmengine - INFO - Iter(train) [138400/160000]  lr: 1.6764e-03  eta: 2:14:11  time: 0.3748  data_time: 0.0488  memory: 9056  loss: 0.9754  decode.loss_ohem: 0.6881  decode.acc_seg: 93.5667  aux_0.loss_ce: 0.2873  aux_0.acc_seg: 90.0858
2026/07/20 05:07:09 - mmengine - INFO - Iter(train) [138500/160000]  lr: 1.6695e-03  eta: 2:13:33  time: 0.3751  data_time: 0.0476  memory: 9056  loss: 1.1009  decode.loss_ohem: 0.7695  decode.acc_seg: 93.0584  aux_0.loss_ce: 0.3314  aux_0.acc_seg: 84.8411
2026/07/20 05:07:47 - mmengine - INFO - Iter(train) [138600/160000]  lr: 1.6625e-03  eta: 2:12:56  time: 0.3724  data_time: 0.0460  memory: 9056  loss: 0.9666  decode.loss_ohem: 0.6739  decode.acc_seg: 91.4358  aux_0.loss_ce: 0.2926  aux_0.acc_seg: 86.7857
2026/07/20 05:08:24 - mmengine - INFO - Iter(train) [138700/160000]  lr: 1.6556e-03  eta: 2:12:19  time: 0.3729  data_time: 0.0472  memory: 9055  loss: 0.9825  decode.loss_ohem: 0.7064  decode.acc_seg: 94.1920  aux_0.loss_ce: 0.2761  aux_0.acc_seg: 92.4468
2026/07/20 05:09:02 - mmengine - INFO - Iter(train) [138800/160000]  lr: 1.6486e-03  eta: 2:11:42  time: 0.3743  data_time: 0.0476  memory: 9055  loss: 1.0081  decode.loss_ohem: 0.7106  decode.acc_seg: 93.3698  aux_0.loss_ce: 0.2974  aux_0.acc_seg: 85.9397
2026/07/20 05:09:39 - mmengine - INFO - Iter(train) [138900/160000]  lr: 1.6417e-03  eta: 2:11:04  time: 0.3740  data_time: 0.0471  memory: 9055  loss: 1.0551  decode.loss_ohem: 0.7177  decode.acc_seg: 94.0955  aux_0.loss_ce: 0.3374  aux_0.acc_seg: 91.0514
2026/07/20 05:10:16 - mmengine - INFO - Exp name: dsanet_cityscapes_512x1024_20260719_144008
2026/07/20 05:10:16 - mmengine - INFO - Iter(train) [139000/160000]  lr: 1.6347e-03  eta: 2:10:27  time: 0.3742  data_time: 0.0478  memory: 9057  loss: 1.0350  decode.loss_ohem: 0.7407  decode.acc_seg: 94.4116  aux_0.loss_ce: 0.2943  aux_0.acc_seg: 92.3758
2026/07/20 05:10:54 - mmengine - INFO - Iter(train) [139100/160000]  lr: 1.6277e-03  eta: 2:09:50  time: 0.3722  data_time: 0.0464  memory: 9056  loss: 1.0219  decode.loss_ohem: 0.7214  decode.acc_seg: 92.8538  aux_0.loss_ce: 0.3005  aux_0.acc_seg: 90.6396
2026/07/20 05:11:31 - mmengine - INFO - Iter(train) [139200/160000]  lr: 1.6208e-03  eta: 2:09:13  time: 0.3735  data_time: 0.0472  memory: 9055  loss: 1.0518  decode.loss_ohem: 0.7387  decode.acc_seg: 94.5616  aux_0.loss_ce: 0.3131  aux_0.acc_seg: 92.2531
2026/07/20 05:12:09 - mmengine - INFO - Iter(train) [139300/160000]  lr: 1.6138e-03  eta: 2:08:35  time: 0.3753  data_time: 0.0490  memory: 9054  loss: 1.0294  decode.loss_ohem: 0.7233  decode.acc_seg: 93.0502  aux_0.loss_ce: 0.3060  aux_0.acc_seg: 89.3515
2026/07/20 05:12:46 - mmengine - INFO - Iter(train) [139400/160000]  lr: 1.6068e-03  eta: 2:07:58  time: 0.3742  data_time: 0.0465  memory: 9056  loss: 1.0305  decode.loss_ohem: 0.7346  decode.acc_seg: 88.3795  aux_0.loss_ce: 0.2959  aux_0.acc_seg: 85.1675
2026/07/20 05:13:23 - mmengine - INFO - Iter(train) [139500/160000]  lr: 1.5998e-03  eta: 2:07:21  time: 0.3729  data_time: 0.0466  memory: 9057  loss: 0.9926  decode.loss_ohem: 0.7153  decode.acc_seg: 91.0349  aux_0.loss_ce: 0.2773  aux_0.acc_seg: 88.8655
2026/07/20 05:14:01 - mmengine - INFO - Iter(train) [139600/160000]  lr: 1.5929e-03  eta: 2:06:44  time: 0.3737  data_time: 0.0470  memory: 9055  loss: 1.0664  decode.loss_ohem: 0.7652  decode.acc_seg: 92.1955  aux_0.loss_ce: 0.3012  aux_0.acc_seg: 89.4310
2026/07/20 05:14:38 - mmengine - INFO - Iter(train) [139700/160000]  lr: 1.5859e-03  eta: 2:06:06  time: 0.3740  data_time: 0.0481  memory: 9056  loss: 1.0125  decode.loss_ohem: 0.7160  decode.acc_seg: 94.3015  aux_0.loss_ce: 0.2965  aux_0.acc_seg: 92.3237
2026/07/20 05:15:16 - mmengine - INFO - Iter(train) [139800/160000]  lr: 1.5789e-03  eta: 2:05:29  time: 0.3760  data_time: 0.0488  memory: 9055  loss: 0.9578  decode.loss_ohem: 0.6825  decode.acc_seg: 93.6057  aux_0.loss_ce: 0.2753  aux_0.acc_seg: 91.0821
2026/07/20 05:15:53 - mmengine - INFO - Iter(train) [139900/160000]  lr: 1.5719e-03  eta: 2:04:52  time: 0.3722  data_time: 0.0465  memory: 9055  loss: 1.0423  decode.loss_ohem: 0.7281  decode.acc_seg: 93.8023  aux_0.loss_ce: 0.3142  aux_0.acc_seg: 89.2385
2026/07/20 05:16:31 - mmengine - INFO - Exp name: dsanet_cityscapes_512x1024_20260719_144008
2026/07/20 05:16:31 - mmengine - INFO - Iter(train) [140000/160000]  lr: 1.5649e-03  eta: 2:04:15  time: 0.3767  data_time: 0.0490  memory: 9057  loss: 1.0225  decode.loss_ohem: 0.7176  decode.acc_seg: 91.3721  aux_0.loss_ce: 0.3049  aux_0.acc_seg: 87.2810
2026/07/20 05:16:31 - mmengine - INFO - Saving checkpoint at 140000 iterations
2026/07/20 05:16:37 - mmengine - INFO - Iter(val) [100/250]    eta: 0:00:08  time: 0.0525  data_time: 0.0187  memory: 790  
2026/07/20 05:16:42 - mmengine - INFO - Iter(val) [200/250]    eta: 0:00:02  time: 0.0528  data_time: 0.0192  memory: 790  
2026/07/20 05:16:45 - mmengine - INFO - per class results:
2026/07/20 05:16:45 - mmengine - INFO - 
+---------------+-------+-------+
|     Class     |  IoU  |  Acc  |
+---------------+-------+-------+
|      road     | 97.55 |  98.5 |
|    sidewalk   | 81.04 | 90.89 |
|    building   | 89.91 | 95.16 |
|      wall     | 41.25 | 45.23 |
|     fence     | 51.84 | 71.08 |
|      pole     | 57.54 | 69.29 |
| traffic light | 54.83 | 64.61 |
|  traffic sign | 67.61 | 76.34 |
|   vegetation  | 90.66 | 96.04 |
|    terrain    | 57.36 | 68.82 |
|      sky      | 93.58 | 96.75 |
|     person    | 74.35 | 88.98 |
|     rider     | 49.81 | 59.67 |
|      car      | 92.63 | 96.34 |
|     truck     | 57.42 | 70.12 |
|      bus      | 74.32 | 87.04 |
|     train     | 56.09 | 65.55 |
|   motorcycle  | 48.21 | 59.39 |
|    bicycle    | 69.65 | 84.22 |
+---------------+-------+-------+
2026/07/20 05:16:45 - mmengine - INFO - Iter(val) [250/250]    aAcc: 94.7100  mIoU: 68.7200  mAcc: 78.1100  data_time: 0.0202  time: 0.0540
2026/07/20 05:17:22 - mmengine - INFO - Iter(train) [140100/160000]  lr: 1.5579e-03  eta: 2:03:37  time: 0.3754  data_time: 0.0486  memory: 9056  loss: 0.9967  decode.loss_ohem: 0.7129  decode.acc_seg: 94.1728  aux_0.loss_ce: 0.2838  aux_0.acc_seg: 91.8150
2026/07/20 05:18:00 - mmengine - INFO - Iter(train) [140200/160000]  lr: 1.5509e-03  eta: 2:03:00  time: 0.3749  data_time: 0.0474  memory: 9055  loss: 1.0272  decode.loss_ohem: 0.7166  decode.acc_seg: 92.7323  aux_0.loss_ce: 0.3107  aux_0.acc_seg: 88.3316
2026/07/20 05:18:37 - mmengine - INFO - Iter(train) [140300/160000]  lr: 1.5439e-03  eta: 2:02:23  time: 0.3747  data_time: 0.0481  memory: 9056  loss: 1.0299  decode.loss_ohem: 0.6991  decode.acc_seg: 93.2917  aux_0.loss_ce: 0.3308  aux_0.acc_seg: 85.4473
2026/07/20 05:19:15 - mmengine - INFO - Iter(train) [140400/160000]  lr: 1.5369e-03  eta: 2:01:46  time: 0.3727  data_time: 0.0462  memory: 9055  loss: 1.0919  decode.loss_ohem: 0.7549  decode.acc_seg: 88.3046  aux_0.loss_ce: 0.3370  aux_0.acc_seg: 85.0344
2026/07/20 05:19:52 - mmengine - INFO - Iter(train) [140500/160000]  lr: 1.5299e-03  eta: 2:01:08  time: 0.3742  data_time: 0.0480  memory: 9055  loss: 0.9816  decode.loss_ohem: 0.7058  decode.acc_seg: 93.8853  aux_0.loss_ce: 0.2758  aux_0.acc_seg: 88.2190
2026/07/20 05:20:29 - mmengine - INFO - Iter(train) [140600/160000]  lr: 1.5229e-03  eta: 2:00:31  time: 0.3733  data_time: 0.0467  memory: 9055  loss: 1.0441  decode.loss_ohem: 0.7149  decode.acc_seg: 92.9582  aux_0.loss_ce: 0.3291  aux_0.acc_seg: 84.5131
2026/07/20 05:21:07 - mmengine - INFO - Iter(train) [140700/160000]  lr: 1.5158e-03  eta: 1:59:54  time: 0.3738  data_time: 0.0470  memory: 9056  loss: 0.9539  decode.loss_ohem: 0.6790  decode.acc_seg: 94.2697  aux_0.loss_ce: 0.2749  aux_0.acc_seg: 92.3705
2026/07/20 05:21:44 - mmengine - INFO - Iter(train) [140800/160000]  lr: 1.5088e-03  eta: 1:59:17  time: 0.3740  data_time: 0.0476  memory: 9055  loss: 1.0034  decode.loss_ohem: 0.7162  decode.acc_seg: 92.8760  aux_0.loss_ce: 0.2872  aux_0.acc_seg: 89.2099
2026/07/20 05:22:22 - mmengine - INFO - Iter(train) [140900/160000]  lr: 1.5018e-03  eta: 1:58:39  time: 0.3728  data_time: 0.0469  memory: 9055  loss: 1.0219  decode.loss_ohem: 0.7020  decode.acc_seg: 89.1466  aux_0.loss_ce: 0.3199  aux_0.acc_seg: 79.5158
2026/07/20 05:22:59 - mmengine - INFO - Exp name: dsanet_cityscapes_512x1024_20260719_144008
2026/07/20 05:22:59 - mmengine - INFO - Iter(train) [141000/160000]  lr: 1.4948e-03  eta: 1:58:02  time: 0.3721  data_time: 0.0462  memory: 9056  loss: 1.0477  decode.loss_ohem: 0.7434  decode.acc_seg: 94.4962  aux_0.loss_ce: 0.3043  aux_0.acc_seg: 91.4578
2026/07/20 05:23:36 - mmengine - INFO - Iter(train) [141100/160000]  lr: 1.4877e-03  eta: 1:57:25  time: 0.3699  data_time: 0.0455  memory: 9055  loss: 1.0001  decode.loss_ohem: 0.7047  decode.acc_seg: 93.0129  aux_0.loss_ce: 0.2954  aux_0.acc_seg: 88.1487
2026/07/20 05:24:14 - mmengine - INFO - Iter(train) [141200/160000]  lr: 1.4807e-03  eta: 1:56:47  time: 0.3721  data_time: 0.0467  memory: 9057  loss: 1.0303  decode.loss_ohem: 0.7433  decode.acc_seg: 93.9319  aux_0.loss_ce: 0.2870  aux_0.acc_seg: 90.8858
2026/07/20 05:24:51 - mmengine - INFO - Iter(train) [141300/160000]  lr: 1.4736e-03  eta: 1:56:10  time: 0.3730  data_time: 0.0474  memory: 9055  loss: 1.1064  decode.loss_ohem: 0.7569  decode.acc_seg: 94.2748  aux_0.loss_ce: 0.3495  aux_0.acc_seg: 89.5886
2026/07/20 05:25:28 - mmengine - INFO - Iter(train) [141400/160000]  lr: 1.4666e-03  eta: 1:55:33  time: 0.3713  data_time: 0.0457  memory: 9056  loss: 1.0484  decode.loss_ohem: 0.7411  decode.acc_seg: 93.0526  aux_0.loss_ce: 0.3074  aux_0.acc_seg: 89.9012
2026/07/20 05:26:05 - mmengine - INFO - Iter(train) [141500/160000]  lr: 1.4595e-03  eta: 1:54:56  time: 0.3725  data_time: 0.0468  memory: 9055  loss: 0.9622  decode.loss_ohem: 0.6697  decode.acc_seg: 91.8422  aux_0.loss_ce: 0.2925  aux_0.acc_seg: 86.3904
2026/07/20 05:26:42 - mmengine - INFO - Iter(train) [141600/160000]  lr: 1.4525e-03  eta: 1:54:18  time: 0.3719  data_time: 0.0460  memory: 9055  loss: 1.0242  decode.loss_ohem: 0.7281  decode.acc_seg: 91.1887  aux_0.loss_ce: 0.2961  aux_0.acc_seg: 87.4390
2026/07/20 05:27:19 - mmengine - INFO - Iter(train) [141700/160000]  lr: 1.4454e-03  eta: 1:53:41  time: 0.3711  data_time: 0.0455  memory: 9056  loss: 1.0321  decode.loss_ohem: 0.7277  decode.acc_seg: 88.3805  aux_0.loss_ce: 0.3044  aux_0.acc_seg: 84.9832
2026/07/20 05:27:56 - mmengine - INFO - Iter(train) [141800/160000]  lr: 1.4384e-03  eta: 1:53:04  time: 0.3713  data_time: 0.0464  memory: 9055  loss: 1.0058  decode.loss_ohem: 0.7228  decode.acc_seg: 92.3415  aux_0.loss_ce: 0.2830  aux_0.acc_seg: 86.9082
2026/07/20 05:28:34 - mmengine - INFO - Iter(train) [141900/160000]  lr: 1.4313e-03  eta: 1:52:26  time: 0.3729  data_time: 0.0465  memory: 9055  loss: 1.0086  decode.loss_ohem: 0.6927  decode.acc_seg: 93.4973  aux_0.loss_ce: 0.3159  aux_0.acc_seg: 89.3266
2026/07/20 05:29:11 - mmengine - INFO - Exp name: dsanet_cityscapes_512x1024_20260719_144008
2026/07/20 05:29:11 - mmengine - INFO - Iter(train) [142000/160000]  lr: 1.4242e-03  eta: 1:51:49  time: 0.3708  data_time: 0.0453  memory: 9055  loss: 1.0687  decode.loss_ohem: 0.7601  decode.acc_seg: 93.4670  aux_0.loss_ce: 0.3086  aux_0.acc_seg: 89.6989
2026/07/20 05:29:48 - mmengine - INFO - Iter(train) [142100/160000]  lr: 1.4172e-03  eta: 1:51:12  time: 0.3726  data_time: 0.0467  memory: 9055  loss: 1.0992  decode.loss_ohem: 0.7766  decode.acc_seg: 93.5084  aux_0.loss_ce: 0.3226  aux_0.acc_seg: 86.0460
2026/07/20 05:30:25 - mmengine - INFO - Iter(train) [142200/160000]  lr: 1.4101e-03  eta: 1:50:35  time: 0.3719  data_time: 0.0458  memory: 9055  loss: 0.9902  decode.loss_ohem: 0.6832  decode.acc_seg: 93.6348  aux_0.loss_ce: 0.3071  aux_0.acc_seg: 87.6823
2026/07/20 05:31:02 - mmengine - INFO - Iter(train) [142300/160000]  lr: 1.4030e-03  eta: 1:49:57  time: 0.3730  data_time: 0.0476  memory: 9055  loss: 0.9906  decode.loss_ohem: 0.6853  decode.acc_seg: 93.6139  aux_0.loss_ce: 0.3053  aux_0.acc_seg: 90.5446
2026/07/20 05:31:40 - mmengine - INFO - Iter(train) [142400/160000]  lr: 1.3959e-03  eta: 1:49:20  time: 0.3718  data_time: 0.0460  memory: 9056  loss: 0.9866  decode.loss_ohem: 0.6876  decode.acc_seg: 92.4272  aux_0.loss_ce: 0.2991  aux_0.acc_seg: 90.1498
2026/07/20 05:32:17 - mmengine - INFO - Iter(train) [142500/160000]  lr: 1.3888e-03  eta: 1:48:43  time: 0.3706  data_time: 0.0454  memory: 9056  loss: 1.0495  decode.loss_ohem: 0.7360  decode.acc_seg: 93.0317  aux_0.loss_ce: 0.3135  aux_0.acc_seg: 87.9543
2026/07/20 05:32:54 - mmengine - INFO - Iter(train) [142600/160000]  lr: 1.3817e-03  eta: 1:48:05  time: 0.3719  data_time: 0.0460  memory: 9057  loss: 1.0844  decode.loss_ohem: 0.7498  decode.acc_seg: 84.2679  aux_0.loss_ce: 0.3347  aux_0.acc_seg: 76.0039
2026/07/20 05:33:31 - mmengine - INFO - Iter(train) [142700/160000]  lr: 1.3746e-03  eta: 1:47:28  time: 0.3724  data_time: 0.0463  memory: 9055  loss: 1.0130  decode.loss_ohem: 0.7100  decode.acc_seg: 92.6824  aux_0.loss_ce: 0.3030  aux_0.acc_seg: 90.4845
2026/07/20 05:34:08 - mmengine - INFO - Iter(train) [142800/160000]  lr: 1.3675e-03  eta: 1:46:51  time: 0.3710  data_time: 0.0461  memory: 9055  loss: 1.0410  decode.loss_ohem: 0.7461  decode.acc_seg: 93.2822  aux_0.loss_ce: 0.2948  aux_0.acc_seg: 90.2230
2026/07/20 05:34:46 - mmengine - INFO - Iter(train) [142900/160000]  lr: 1.3604e-03  eta: 1:46:13  time: 0.3712  data_time: 0.0458  memory: 9056  loss: 1.0107  decode.loss_ohem: 0.7187  decode.acc_seg: 92.7322  aux_0.loss_ce: 0.2920  aux_0.acc_seg: 87.9496
2026/07/20 05:35:23 - mmengine - INFO - Exp name: dsanet_cityscapes_512x1024_20260719_144008
2026/07/20 05:35:23 - mmengine - INFO - Iter(train) [143000/160000]  lr: 1.3533e-03  eta: 1:45:36  time: 0.3715  data_time: 0.0454  memory: 9055  loss: 0.9609  decode.loss_ohem: 0.6581  decode.acc_seg: 93.1106  aux_0.loss_ce: 0.3029  aux_0.acc_seg: 88.1629
2026/07/20 05:36:00 - mmengine - INFO - Iter(train) [143100/160000]  lr: 1.3462e-03  eta: 1:44:59  time: 0.3711  data_time: 0.0458  memory: 9057  loss: 0.9991  decode.loss_ohem: 0.6952  decode.acc_seg: 93.9024  aux_0.loss_ce: 0.3040  aux_0.acc_seg: 91.7973
2026/07/20 05:36:37 - mmengine - INFO - Iter(train) [143200/160000]  lr: 1.3391e-03  eta: 1:44:22  time: 0.3722  data_time: 0.0465  memory: 9055  loss: 1.0074  decode.loss_ohem: 0.7195  decode.acc_seg: 94.3310  aux_0.loss_ce: 0.2879  aux_0.acc_seg: 90.2135
2026/07/20 05:37:14 - mmengine - INFO - Iter(train) [143300/160000]  lr: 1.3320e-03  eta: 1:43:44  time: 0.3716  data_time: 0.0470  memory: 9054  loss: 0.9743  decode.loss_ohem: 0.6851  decode.acc_seg: 90.6979  aux_0.loss_ce: 0.2893  aux_0.acc_seg: 87.4819
2026/07/20 05:37:52 - mmengine - INFO - Iter(train) [143400/160000]  lr: 1.3248e-03  eta: 1:43:07  time: 0.3732  data_time: 0.0471  memory: 9056  loss: 0.9335  decode.loss_ohem: 0.6482  decode.acc_seg: 94.9422  aux_0.loss_ce: 0.2853  aux_0.acc_seg: 90.9510
2026/07/20 05:38:29 - mmengine - INFO - Iter(train) [143500/160000]  lr: 1.3177e-03  eta: 1:42:30  time: 0.3724  data_time: 0.0468  memory: 9056  loss: 1.0477  decode.loss_ohem: 0.7501  decode.acc_seg: 93.0842  aux_0.loss_ce: 0.2976  aux_0.acc_seg: 87.7606
2026/07/20 05:39:06 - mmengine - INFO - Iter(train) [143600/160000]  lr: 1.3106e-03  eta: 1:41:52  time: 0.3709  data_time: 0.0453  memory: 9057  loss: 0.9655  decode.loss_ohem: 0.6778  decode.acc_seg: 94.9280  aux_0.loss_ce: 0.2877  aux_0.acc_seg: 92.0029
2026/07/20 05:39:43 - mmengine - INFO - Iter(train) [143700/160000]  lr: 1.3034e-03  eta: 1:41:15  time: 0.3719  data_time: 0.0468  memory: 9054  loss: 1.0193  decode.loss_ohem: 0.7244  decode.acc_seg: 92.7604  aux_0.loss_ce: 0.2949  aux_0.acc_seg: 87.0505
2026/07/20 05:40:20 - mmengine - INFO - Iter(train) [143800/160000]  lr: 1.2963e-03  eta: 1:40:38  time: 0.3723  data_time: 0.0469  memory: 9055  loss: 1.0147  decode.loss_ohem: 0.7254  decode.acc_seg: 92.7142  aux_0.loss_ce: 0.2893  aux_0.acc_seg: 86.9203
2026/07/20 05:40:58 - mmengine - INFO - Iter(train) [143900/160000]  lr: 1.2891e-03  eta: 1:40:01  time: 0.3714  data_time: 0.0458  memory: 9057  loss: 1.0592  decode.loss_ohem: 0.7344  decode.acc_seg: 92.5373  aux_0.loss_ce: 0.3248  aux_0.acc_seg: 90.3126
2026/07/20 05:41:35 - mmengine - INFO - Exp name: dsanet_cityscapes_512x1024_20260719_144008
2026/07/20 05:41:35 - mmengine - INFO - Iter(train) [144000/160000]  lr: 1.2820e-03  eta: 1:39:23  time: 0.3744  data_time: 0.0481  memory: 9055  loss: 1.0268  decode.loss_ohem: 0.7315  decode.acc_seg: 91.9512  aux_0.loss_ce: 0.2952  aux_0.acc_seg: 87.2554
2026/07/20 05:42:12 - mmengine - INFO - Iter(train) [144100/160000]  lr: 1.2748e-03  eta: 1:38:46  time: 0.3708  data_time: 0.0454  memory: 9056  loss: 0.9048  decode.loss_ohem: 0.6508  decode.acc_seg: 93.6941  aux_0.loss_ce: 0.2540  aux_0.acc_seg: 91.1088
2026/07/20 05:42:49 - mmengine - INFO - Iter(train) [144200/160000]  lr: 1.2677e-03  eta: 1:38:09  time: 0.3712  data_time: 0.0460  memory: 9055  loss: 1.1208  decode.loss_ohem: 0.7968  decode.acc_seg: 94.2543  aux_0.loss_ce: 0.3240  aux_0.acc_seg: 91.5446
2026/07/20 05:43:26 - mmengine - INFO - Iter(train) [144300/160000]  lr: 1.2605e-03  eta: 1:37:31  time: 0.3730  data_time: 0.0469  memory: 9055  loss: 1.0182  decode.loss_ohem: 0.7279  decode.acc_seg: 94.9365  aux_0.loss_ce: 0.2903  aux_0.acc_seg: 92.4568
2026/07/20 05:44:04 - mmengine - INFO - Iter(train) [144400/160000]  lr: 1.2533e-03  eta: 1:36:54  time: 0.3708  data_time: 0.0452  memory: 9054  loss: 0.9559  decode.loss_ohem: 0.6673  decode.acc_seg: 91.9669  aux_0.loss_ce: 0.2886  aux_0.acc_seg: 85.3875
2026/07/20 05:44:41 - mmengine - INFO - Iter(train) [144500/160000]  lr: 1.2462e-03  eta: 1:36:17  time: 0.3742  data_time: 0.0473  memory: 9055  loss: 0.9832  decode.loss_ohem: 0.6932  decode.acc_seg: 94.0304  aux_0.loss_ce: 0.2899  aux_0.acc_seg: 89.4987
2026/07/20 05:45:18 - mmengine - INFO - Iter(train) [144600/160000]  lr: 1.2390e-03  eta: 1:35:40  time: 0.3732  data_time: 0.0476  memory: 9057  loss: 1.0086  decode.loss_ohem: 0.7109  decode.acc_seg: 94.7738  aux_0.loss_ce: 0.2977  aux_0.acc_seg: 92.0519
2026/07/20 05:45:55 - mmengine - INFO - Iter(train) [144700/160000]  lr: 1.2318e-03  eta: 1:35:02  time: 0.3731  data_time: 0.0468  memory: 9056  loss: 1.0132  decode.loss_ohem: 0.7037  decode.acc_seg: 90.8807  aux_0.loss_ce: 0.3094  aux_0.acc_seg: 84.9116
2026/07/20 05:46:33 - mmengine - INFO - Iter(train) [144800/160000]  lr: 1.2246e-03  eta: 1:34:25  time: 0.3708  data_time: 0.0456  memory: 9054  loss: 1.0358  decode.loss_ohem: 0.7296  decode.acc_seg: 92.3860  aux_0.loss_ce: 0.3062  aux_0.acc_seg: 88.6183
2026/07/20 05:47:10 - mmengine - INFO - Iter(train) [144900/160000]  lr: 1.2174e-03  eta: 1:33:48  time: 0.3712  data_time: 0.0458  memory: 9056  loss: 1.0448  decode.loss_ohem: 0.7213  decode.acc_seg: 92.4457  aux_0.loss_ce: 0.3235  aux_0.acc_seg: 88.2345
2026/07/20 05:47:47 - mmengine - INFO - Exp name: dsanet_cityscapes_512x1024_20260719_144008
2026/07/20 05:47:47 - mmengine - INFO - Iter(train) [145000/160000]  lr: 1.2102e-03  eta: 1:33:11  time: 0.3719  data_time: 0.0459  memory: 9055  loss: 0.9726  decode.loss_ohem: 0.7030  decode.acc_seg: 93.3170  aux_0.loss_ce: 0.2696  aux_0.acc_seg: 89.7632
2026/07/20 05:47:47 - mmengine - INFO - Saving checkpoint at 145000 iterations
2026/07/20 05:47:53 - mmengine - INFO - Iter(val) [100/250]    eta: 0:00:08  time: 0.0533  data_time: 0.0199  memory: 790  
2026/07/20 05:47:58 - mmengine - INFO - Iter(val) [200/250]    eta: 0:00:02  time: 0.0537  data_time: 0.0197  memory: 790  
2026/07/20 05:48:01 - mmengine - INFO - per class results:
2026/07/20 05:48:01 - mmengine - INFO - 
+---------------+-------+-------+
|     Class     |  IoU  |  Acc  |
+---------------+-------+-------+
|      road     | 97.33 |  98.3 |
|    sidewalk   |  80.0 | 90.66 |
|    building   | 90.35 | 95.33 |
|      wall     | 45.49 | 55.15 |
|     fence     | 50.22 | 59.02 |
|      pole     | 58.34 | 73.39 |
| traffic light | 56.31 | 67.46 |
|  traffic sign | 68.96 | 79.62 |
|   vegetation  | 91.09 | 95.89 |
|    terrain    | 61.32 |  73.5 |
|      sky      | 93.77 |  97.6 |
|     person    | 75.37 | 88.39 |
|     rider     | 52.56 | 66.97 |
|      car      | 93.05 | 96.65 |
|     truck     | 66.89 | 79.28 |
|      bus      | 73.97 | 82.66 |
|     train     | 57.61 | 78.07 |
|   motorcycle  | 49.48 | 57.86 |
|    bicycle    | 70.69 | 84.89 |
+---------------+-------+-------+
2026/07/20 05:48:01 - mmengine - INFO - Iter(val) [250/250]    aAcc: 94.8300  mIoU: 70.1500  mAcc: 80.0400  data_time: 0.0205  time: 0.0542
2026/07/20 05:48:01 - mmengine - INFO - The previous best checkpoint /root/autodl-tmp/DSANet-main/tools/work_dirs/dsanet_cityscapes_512x1024/best_mIoU_iter_130000.pth is removed
2026/07/20 05:48:01 - mmengine - INFO - The best checkpoint with 70.1500 mIoU at 145000 iter is saved to best_mIoU_iter_145000.pth.
2026/07/20 05:48:39 - mmengine - INFO - Iter(train) [145100/160000]  lr: 1.2030e-03  eta: 1:32:33  time: 0.3719  data_time: 0.0461  memory: 9054  loss: 1.0161  decode.loss_ohem: 0.7168  decode.acc_seg: 95.3562  aux_0.loss_ce: 0.2993  aux_0.acc_seg: 89.9148
2026/07/20 05:49:16 - mmengine - INFO - Iter(train) [145200/160000]  lr: 1.1958e-03  eta: 1:31:56  time: 0.3703  data_time: 0.0448  memory: 9055  loss: 1.0045  decode.loss_ohem: 0.7191  decode.acc_seg: 91.5597  aux_0.loss_ce: 0.2854  aux_0.acc_seg: 87.7926
2026/07/20 05:49:54 - mmengine - INFO - Iter(train) [145300/160000]  lr: 1.1886e-03  eta: 1:31:19  time: 0.3712  data_time: 0.0461  memory: 9055  loss: 1.0491  decode.loss_ohem: 0.7487  decode.acc_seg: 94.2651  aux_0.loss_ce: 0.3004  aux_0.acc_seg: 89.1930
2026/07/20 05:50:31 - mmengine - INFO - Iter(train) [145400/160000]  lr: 1.1814e-03  eta: 1:30:41  time: 0.3717  data_time: 0.0468  memory: 9054  loss: 0.9900  decode.loss_ohem: 0.6856  decode.acc_seg: 94.9790  aux_0.loss_ce: 0.3044  aux_0.acc_seg: 91.7296
2026/07/20 05:51:08 - mmengine - INFO - Iter(train) [145500/160000]  lr: 1.1741e-03  eta: 1:30:04  time: 0.3714  data_time: 0.0464  memory: 9054  loss: 1.0063  decode.loss_ohem: 0.6907  decode.acc_seg: 94.9701  aux_0.loss_ce: 0.3156  aux_0.acc_seg: 85.7292
2026/07/20 05:51:45 - mmengine - INFO - Iter(train) [145600/160000]  lr: 1.1669e-03  eta: 1:29:27  time: 0.3718  data_time: 0.0468  memory: 9054  loss: 0.9747  decode.loss_ohem: 0.6905  decode.acc_seg: 93.1391  aux_0.loss_ce: 0.2843  aux_0.acc_seg: 90.9585
2026/07/20 05:52:22 - mmengine - INFO - Iter(train) [145700/160000]  lr: 1.1597e-03  eta: 1:28:50  time: 0.3728  data_time: 0.0468  memory: 9054  loss: 1.0210  decode.loss_ohem: 0.7212  decode.acc_seg: 93.1642  aux_0.loss_ce: 0.2998  aux_0.acc_seg: 86.2771
2026/07/20 05:53:00 - mmengine - INFO - Iter(train) [145800/160000]  lr: 1.1524e-03  eta: 1:28:12  time: 0.3698  data_time: 0.0454  memory: 9055  loss: 0.9622  decode.loss_ohem: 0.6793  decode.acc_seg: 94.4764  aux_0.loss_ce: 0.2829  aux_0.acc_seg: 90.0601
2026/07/20 05:53:37 - mmengine - INFO - Iter(train) [145900/160000]  lr: 1.1452e-03  eta: 1:27:35  time: 0.3705  data_time: 0.0450  memory: 9055  loss: 0.9964  decode.loss_ohem: 0.6870  decode.acc_seg: 93.3959  aux_0.loss_ce: 0.3094  aux_0.acc_seg: 88.4860
2026/07/20 05:54:14 - mmengine - INFO - Exp name: dsanet_cityscapes_512x1024_20260719_144008
2026/07/20 05:54:14 - mmengine - INFO - Iter(train) [146000/160000]  lr: 1.1380e-03  eta: 1:26:58  time: 0.3729  data_time: 0.0473  memory: 9055  loss: 1.0360  decode.loss_ohem: 0.7393  decode.acc_seg: 92.7349  aux_0.loss_ce: 0.2967  aux_0.acc_seg: 88.4311
2026/07/20 05:54:51 - mmengine - INFO - Iter(train) [146100/160000]  lr: 1.1307e-03  eta: 1:26:21  time: 0.3725  data_time: 0.0468  memory: 9057  loss: 1.0039  decode.loss_ohem: 0.6901  decode.acc_seg: 93.8234  aux_0.loss_ce: 0.3138  aux_0.acc_seg: 89.3077
2026/07/20 05:55:28 - mmengine - INFO - Iter(train) [146200/160000]  lr: 1.1234e-03  eta: 1:25:43  time: 0.3703  data_time: 0.0454  memory: 9055  loss: 0.9908  decode.loss_ohem: 0.7109  decode.acc_seg: 92.5449  aux_0.loss_ce: 0.2799  aux_0.acc_seg: 88.9224
2026/07/20 05:56:06 - mmengine - INFO - Iter(train) [146300/160000]  lr: 1.1162e-03  eta: 1:25:06  time: 0.3717  data_time: 0.0463  memory: 9055  loss: 1.0116  decode.loss_ohem: 0.7095  decode.acc_seg: 91.9183  aux_0.loss_ce: 0.3021  aux_0.acc_seg: 89.2795
2026/07/20 05:56:43 - mmengine - INFO - Iter(train) [146400/160000]  lr: 1.1089e-03  eta: 1:24:29  time: 0.3729  data_time: 0.0471  memory: 9055  loss: 0.9669  decode.loss_ohem: 0.6816  decode.acc_seg: 94.1136  aux_0.loss_ce: 0.2853  aux_0.acc_seg: 90.6985
2026/07/20 05:57:20 - mmengine - INFO - Iter(train) [146500/160000]  lr: 1.1016e-03  eta: 1:23:51  time: 0.3689  data_time: 0.0456  memory: 9055  loss: 1.0180  decode.loss_ohem: 0.6980  decode.acc_seg: 92.1547  aux_0.loss_ce: 0.3200  aux_0.acc_seg: 86.3056
2026/07/20 05:57:57 - mmengine - INFO - Iter(train) [146600/160000]  lr: 1.0944e-03  eta: 1:23:14  time: 0.3707  data_time: 0.0462  memory: 9054  loss: 0.9491  decode.loss_ohem: 0.6793  decode.acc_seg: 93.0731  aux_0.loss_ce: 0.2699  aux_0.acc_seg: 86.4364
2026/07/20 05:58:34 - mmengine - INFO - Iter(train) [146700/160000]  lr: 1.0871e-03  eta: 1:22:37  time: 0.3694  data_time: 0.0450  memory: 9056  loss: 0.9788  decode.loss_ohem: 0.6948  decode.acc_seg: 94.4774  aux_0.loss_ce: 0.2840  aux_0.acc_seg: 91.0303
2026/07/20 05:59:11 - mmengine - INFO - Iter(train) [146800/160000]  lr: 1.0798e-03  eta: 1:22:00  time: 0.3724  data_time: 0.0469  memory: 9055  loss: 0.9981  decode.loss_ohem: 0.7023  decode.acc_seg: 93.7109  aux_0.loss_ce: 0.2958  aux_0.acc_seg: 89.3831
2026/07/20 05:59:49 - mmengine - INFO - Iter(train) [146900/160000]  lr: 1.0725e-03  eta: 1:21:22  time: 0.3733  data_time: 0.0473  memory: 9054  loss: 0.9465  decode.loss_ohem: 0.6537  decode.acc_seg: 93.6537  aux_0.loss_ce: 0.2928  aux_0.acc_seg: 90.8962
2026/07/20 06:00:26 - mmengine - INFO - Exp name: dsanet_cityscapes_512x1024_20260719_144008
2026/07/20 06:00:26 - mmengine - INFO - Iter(train) [147000/160000]  lr: 1.0652e-03  eta: 1:20:45  time: 0.3682  data_time: 0.0438  memory: 9055  loss: 1.1369  decode.loss_ohem: 0.8228  decode.acc_seg: 92.8479  aux_0.loss_ce: 0.3141  aux_0.acc_seg: 89.1994
2026/07/20 06:01:03 - mmengine - INFO - Iter(train) [147100/160000]  lr: 1.0579e-03  eta: 1:20:08  time: 0.3719  data_time: 0.0465  memory: 9055  loss: 0.9796  decode.loss_ohem: 0.6744  decode.acc_seg: 94.4735  aux_0.loss_ce: 0.3052  aux_0.acc_seg: 92.3577
2026/07/20 06:01:40 - mmengine - INFO - Iter(train) [147200/160000]  lr: 1.0506e-03  eta: 1:19:30  time: 0.3705  data_time: 0.0460  memory: 9055  loss: 0.9479  decode.loss_ohem: 0.6844  decode.acc_seg: 93.1851  aux_0.loss_ce: 0.2635  aux_0.acc_seg: 90.0757
2026/07/20 06:02:17 - mmengine - INFO - Iter(train) [147300/160000]  lr: 1.0432e-03  eta: 1:18:53  time: 0.3739  data_time: 0.0455  memory: 9056  loss: 1.0153  decode.loss_ohem: 0.7238  decode.acc_seg: 94.4551  aux_0.loss_ce: 0.2915  aux_0.acc_seg: 91.0929
2026/07/20 06:02:54 - mmengine - INFO - Iter(train) [147400/160000]  lr: 1.0359e-03  eta: 1:18:16  time: 0.3708  data_time: 0.0464  memory: 9057  loss: 1.0101  decode.loss_ohem: 0.7258  decode.acc_seg: 91.2619  aux_0.loss_ce: 0.2843  aux_0.acc_seg: 85.3517
2026/07/20 06:03:32 - mmengine - INFO - Iter(train) [147500/160000]  lr: 1.0286e-03  eta: 1:17:39  time: 0.3716  data_time: 0.0462  memory: 9056  loss: 0.9732  decode.loss_ohem: 0.6817  decode.acc_seg: 93.3122  aux_0.loss_ce: 0.2914  aux_0.acc_seg: 87.3039
2026/07/20 06:04:09 - mmengine - INFO - Iter(train) [147600/160000]  lr: 1.0212e-03  eta: 1:17:01  time: 0.3721  data_time: 0.0472  memory: 9055  loss: 0.9720  decode.loss_ohem: 0.7031  decode.acc_seg: 93.7060  aux_0.loss_ce: 0.2690  aux_0.acc_seg: 89.1832
2026/07/20 06:04:46 - mmengine - INFO - Iter(train) [147700/160000]  lr: 1.0139e-03  eta: 1:16:24  time: 0.3708  data_time: 0.0455  memory: 9055  loss: 0.9571  decode.loss_ohem: 0.6695  decode.acc_seg: 93.7932  aux_0.loss_ce: 0.2876  aux_0.acc_seg: 89.4231
2026/07/20 06:05:23 - mmengine - INFO - Iter(train) [147800/160000]  lr: 1.0066e-03  eta: 1:15:47  time: 0.3700  data_time: 0.0453  memory: 9055  loss: 0.9365  decode.loss_ohem: 0.6664  decode.acc_seg: 93.6118  aux_0.loss_ce: 0.2701  aux_0.acc_seg: 87.5074
2026/07/20 06:06:01 - mmengine - INFO - Iter(train) [147900/160000]  lr: 9.9920e-04  eta: 1:15:09  time: 0.3716  data_time: 0.0465  memory: 9055  loss: 0.9914  decode.loss_ohem: 0.7104  decode.acc_seg: 92.5327  aux_0.loss_ce: 0.2810  aux_0.acc_seg: 89.1454
2026/07/20 06:06:38 - mmengine - INFO - Exp name: dsanet_cityscapes_512x1024_20260719_144008
2026/07/20 06:06:38 - mmengine - INFO - Iter(train) [148000/160000]  lr: 9.9184e-04  eta: 1:14:32  time: 0.3725  data_time: 0.0471  memory: 9055  loss: 0.9654  decode.loss_ohem: 0.6808  decode.acc_seg: 93.1214  aux_0.loss_ce: 0.2846  aux_0.acc_seg: 88.7558
2026/07/20 06:07:15 - mmengine - INFO - Iter(train) [148100/160000]  lr: 9.8447e-04  eta: 1:13:55  time: 0.3716  data_time: 0.0471  memory: 9054  loss: 0.9584  decode.loss_ohem: 0.6880  decode.acc_seg: 93.9729  aux_0.loss_ce: 0.2705  aux_0.acc_seg: 87.7684
2026/07/20 06:07:52 - mmengine - INFO - Iter(train) [148200/160000]  lr: 9.7710e-04  eta: 1:13:18  time: 0.3711  data_time: 0.0465  memory: 9056  loss: 1.0078  decode.loss_ohem: 0.7009  decode.acc_seg: 91.1912  aux_0.loss_ce: 0.3069  aux_0.acc_seg: 88.3128
2026/07/20 06:08:29 - mmengine - INFO - Iter(train) [148300/160000]  lr: 9.6972e-04  eta: 1:12:40  time: 0.3711  data_time: 0.0460  memory: 9055  loss: 0.9911  decode.loss_ohem: 0.6776  decode.acc_seg: 93.5090  aux_0.loss_ce: 0.3135  aux_0.acc_seg: 86.2338
2026/07/20 06:09:07 - mmengine - INFO - Iter(train) [148400/160000]  lr: 9.6233e-04  eta: 1:12:03  time: 0.3710  data_time: 0.0460  memory: 9054  loss: 1.0395  decode.loss_ohem: 0.7248  decode.acc_seg: 93.3652  aux_0.loss_ce: 0.3148  aux_0.acc_seg: 89.1511
2026/07/20 06:09:44 - mmengine - INFO - Iter(train) [148500/160000]  lr: 9.5494e-04  eta: 1:11:26  time: 0.3703  data_time: 0.0453  memory: 9056  loss: 1.0076  decode.loss_ohem: 0.6937  decode.acc_seg: 92.4126  aux_0.loss_ce: 0.3139  aux_0.acc_seg: 88.5352
2026/07/20 06:10:21 - mmengine - INFO - Iter(train) [148600/160000]  lr: 9.4754e-04  eta: 1:10:48  time: 0.3722  data_time: 0.0467  memory: 9055  loss: 1.0294  decode.loss_ohem: 0.7316  decode.acc_seg: 91.6544  aux_0.loss_ce: 0.2978  aux_0.acc_seg: 84.2994
2026/07/20 06:10:58 - mmengine - INFO - Iter(train) [148700/160000]  lr: 9.4014e-04  eta: 1:10:11  time: 0.3719  data_time: 0.0470  memory: 9056  loss: 0.9077  decode.loss_ohem: 0.6587  decode.acc_seg: 93.8179  aux_0.loss_ce: 0.2490  aux_0.acc_seg: 90.4872
2026/07/20 06:11:35 - mmengine - INFO - Iter(train) [148800/160000]  lr: 9.3273e-04  eta: 1:09:34  time: 0.3708  data_time: 0.0457  memory: 9056  loss: 0.9531  decode.loss_ohem: 0.6586  decode.acc_seg: 92.7964  aux_0.loss_ce: 0.2945  aux_0.acc_seg: 89.9048
2026/07/20 06:12:12 - mmengine - INFO - Iter(train) [148900/160000]  lr: 9.2531e-04  eta: 1:08:57  time: 0.3717  data_time: 0.0459  memory: 9055  loss: 1.0213  decode.loss_ohem: 0.6989  decode.acc_seg: 93.2826  aux_0.loss_ce: 0.3224  aux_0.acc_seg: 89.0478
2026/07/20 06:12:50 - mmengine - INFO - Exp name: dsanet_cityscapes_512x1024_20260719_144008
2026/07/20 06:12:50 - mmengine - INFO - Iter(train) [149000/160000]  lr: 9.1788e-04  eta: 1:08:19  time: 0.3716  data_time: 0.0464  memory: 9054  loss: 1.0112  decode.loss_ohem: 0.7373  decode.acc_seg: 94.4482  aux_0.loss_ce: 0.2738  aux_0.acc_seg: 91.0479
2026/07/20 06:13:27 - mmengine - INFO - Iter(train) [149100/160000]  lr: 9.1045e-04  eta: 1:07:42  time: 0.3732  data_time: 0.0469  memory: 9057  loss: 0.9452  decode.loss_ohem: 0.6609  decode.acc_seg: 92.9563  aux_0.loss_ce: 0.2843  aux_0.acc_seg: 90.3291
2026/07/20 06:14:04 - mmengine - INFO - Iter(train) [149200/160000]  lr: 9.0301e-04  eta: 1:07:05  time: 0.3714  data_time: 0.0464  memory: 9055  loss: 0.9824  decode.loss_ohem: 0.6878  decode.acc_seg: 93.4333  aux_0.loss_ce: 0.2947  aux_0.acc_seg: 89.9416
2026/07/20 06:14:41 - mmengine - INFO - Iter(train) [149300/160000]  lr: 8.9557e-04  eta: 1:06:28  time: 0.3724  data_time: 0.0465  memory: 9055  loss: 0.9717  decode.loss_ohem: 0.7006  decode.acc_seg: 93.6922  aux_0.loss_ce: 0.2711  aux_0.acc_seg: 90.4104
2026/07/20 06:15:18 - mmengine - INFO - Iter(train) [149400/160000]  lr: 8.8812e-04  eta: 1:05:50  time: 0.3723  data_time: 0.0464  memory: 9054  loss: 1.1306  decode.loss_ohem: 0.7827  decode.acc_seg: 91.5267  aux_0.loss_ce: 0.3480  aux_0.acc_seg: 87.4132
2026/07/20 06:15:56 - mmengine - INFO - Iter(train) [149500/160000]  lr: 8.8066e-04  eta: 1:05:13  time: 0.3728  data_time: 0.0468  memory: 9054  loss: 1.0375  decode.loss_ohem: 0.7462  decode.acc_seg: 93.4170  aux_0.loss_ce: 0.2913  aux_0.acc_seg: 90.1474
2026/07/20 06:16:33 - mmengine - INFO - Iter(train) [149600/160000]  lr: 8.7319e-04  eta: 1:04:36  time: 0.3709  data_time: 0.0458  memory: 9055  loss: 0.9482  decode.loss_ohem: 0.6693  decode.acc_seg: 93.6944  aux_0.loss_ce: 0.2788  aux_0.acc_seg: 91.0208
2026/07/20 06:17:10 - mmengine - INFO - Iter(train) [149700/160000]  lr: 8.6572e-04  eta: 1:03:58  time: 0.3707  data_time: 0.0451  memory: 9056  loss: 0.9357  decode.loss_ohem: 0.6668  decode.acc_seg: 91.2892  aux_0.loss_ce: 0.2690  aux_0.acc_seg: 88.1008
2026/07/20 06:17:47 - mmengine - INFO - Iter(train) [149800/160000]  lr: 8.5824e-04  eta: 1:03:21  time: 0.3719  data_time: 0.0452  memory: 9056  loss: 1.0790  decode.loss_ohem: 0.7615  decode.acc_seg: 93.0261  aux_0.loss_ce: 0.3175  aux_0.acc_seg: 89.0188
2026/07/20 06:18:24 - mmengine - INFO - Iter(train) [149900/160000]  lr: 8.5075e-04  eta: 1:02:44  time: 0.3711  data_time: 0.0456  memory: 9054  loss: 0.9833  decode.loss_ohem: 0.6926  decode.acc_seg: 93.8383  aux_0.loss_ce: 0.2907  aux_0.acc_seg: 87.4456
2026/07/20 06:19:02 - mmengine - INFO - Exp name: dsanet_cityscapes_512x1024_20260719_144008
2026/07/20 06:19:02 - mmengine - INFO - Iter(train) [150000/160000]  lr: 8.4325e-04  eta: 1:02:07  time: 0.3737  data_time: 0.0477  memory: 9055  loss: 1.0254  decode.loss_ohem: 0.7082  decode.acc_seg: 92.4090  aux_0.loss_ce: 0.3172  aux_0.acc_seg: 87.2113
2026/07/20 06:19:02 - mmengine - INFO - Saving checkpoint at 150000 iterations
2026/07/20 06:19:08 - mmengine - INFO - Iter(val) [100/250]    eta: 0:00:08  time: 0.0528  data_time: 0.0194  memory: 790  
2026/07/20 06:19:13 - mmengine - INFO - Iter(val) [200/250]    eta: 0:00:02  time: 0.0544  data_time: 0.0198  memory: 790  
2026/07/20 06:19:16 - mmengine - INFO - per class results:
2026/07/20 06:19:16 - mmengine - INFO - 
+---------------+-------+-------+
|     Class     |  IoU  |  Acc  |
+---------------+-------+-------+
|      road     | 97.77 | 98.72 |
|    sidewalk   | 81.64 | 91.28 |
|    building   | 90.49 | 95.58 |
|      wall     |  46.0 | 52.34 |
|     fence     | 54.29 | 70.07 |
|      pole     |  58.4 | 70.81 |
| traffic light | 56.21 | 67.76 |
|  traffic sign | 67.92 | 75.74 |
|   vegetation  | 91.14 | 96.04 |
|    terrain    | 57.75 | 64.18 |
|      sky      |  93.9 |  97.4 |
|     person    | 75.11 | 85.19 |
|     rider     | 52.13 | 67.98 |
|      car      |  93.0 | 96.62 |
|     truck     | 62.89 |  78.3 |
|      bus      | 72.86 | 78.94 |
|     train     | 54.99 | 85.74 |
|   motorcycle  | 49.77 | 58.89 |
|    bicycle    | 70.18 | 87.61 |
+---------------+-------+-------+
2026/07/20 06:19:16 - mmengine - INFO - Iter(val) [250/250]    aAcc: 94.9900  mIoU: 69.8100  mAcc: 79.9600  data_time: 0.0204  time: 0.0548
2026/07/20 06:19:53 - mmengine - INFO - Iter(train) [150100/160000]  lr: 8.3575e-04  eta: 1:01:29  time: 0.3655  data_time: 0.0452  memory: 9055  loss: 0.9832  decode.loss_ohem: 0.6832  decode.acc_seg: 91.9767  aux_0.loss_ce: 0.3000  aux_0.acc_seg: 87.2272
2026/07/20 06:20:30 - mmengine - INFO - Iter(train) [150200/160000]  lr: 8.2824e-04  eta: 1:00:52  time: 0.3734  data_time: 0.0454  memory: 9054  loss: 0.9544  decode.loss_ohem: 0.6682  decode.acc_seg: 94.3186  aux_0.loss_ce: 0.2861  aux_0.acc_seg: 89.4780
2026/07/20 06:21:07 - mmengine - INFO - Iter(train) [150300/160000]  lr: 8.2072e-04  eta: 1:00:15  time: 0.3702  data_time: 0.0458  memory: 9056  loss: 0.9843  decode.loss_ohem: 0.6746  decode.acc_seg: 93.2751  aux_0.loss_ce: 0.3097  aux_0.acc_seg: 89.5441
2026/07/20 06:21:45 - mmengine - INFO - Iter(train) [150400/160000]  lr: 8.1319e-04  eta: 0:59:37  time: 0.3706  data_time: 0.0458  memory: 9056  loss: 0.9823  decode.loss_ohem: 0.6722  decode.acc_seg: 95.5884  aux_0.loss_ce: 0.3102  aux_0.acc_seg: 88.5403
2026/07/20 06:22:22 - mmengine - INFO - Iter(train) [150500/160000]  lr: 8.0566e-04  eta: 0:59:00  time: 0.3718  data_time: 0.0458  memory: 9056  loss: 0.9383  decode.loss_ohem: 0.6640  decode.acc_seg: 93.8542  aux_0.loss_ce: 0.2743  aux_0.acc_seg: 90.0409
2026/07/20 06:22:59 - mmengine - INFO - Iter(train) [150600/160000]  lr: 7.9812e-04  eta: 0:58:23  time: 0.3710  data_time: 0.0460  memory: 9056  loss: 1.0073  decode.loss_ohem: 0.7150  decode.acc_seg: 93.7534  aux_0.loss_ce: 0.2923  aux_0.acc_seg: 91.0947
2026/07/20 06:23:36 - mmengine - INFO - Iter(train) [150700/160000]  lr: 7.9057e-04  eta: 0:57:46  time: 0.3723  data_time: 0.0457  memory: 9056  loss: 0.9346  decode.loss_ohem: 0.6496  decode.acc_seg: 91.8674  aux_0.loss_ce: 0.2850  aux_0.acc_seg: 88.8923
2026/07/20 06:24:13 - mmengine - INFO - Iter(train) [150800/160000]  lr: 7.8301e-04  eta: 0:57:08  time: 0.3678  data_time: 0.0453  memory: 9054  loss: 0.8924  decode.loss_ohem: 0.6369  decode.acc_seg: 93.4520  aux_0.loss_ce: 0.2554  aux_0.acc_seg: 87.2652
2026/07/20 06:24:51 - mmengine - INFO - Iter(train) [150900/160000]  lr: 7.7544e-04  eta: 0:56:31  time: 0.3702  data_time: 0.0455  memory: 9055  loss: 1.0500  decode.loss_ohem: 0.7230  decode.acc_seg: 91.6478  aux_0.loss_ce: 0.3271  aux_0.acc_seg: 88.2007
2026/07/20 06:25:28 - mmengine - INFO - Exp name: dsanet_cityscapes_512x1024_20260719_144008
2026/07/20 06:25:28 - mmengine - INFO - Iter(train) [151000/160000]  lr: 7.6787e-04  eta: 0:55:54  time: 0.3728  data_time: 0.0470  memory: 9055  loss: 1.0014  decode.loss_ohem: 0.7051  decode.acc_seg: 92.1446  aux_0.loss_ce: 0.2963  aux_0.acc_seg: 85.0831
2026/07/20 06:26:05 - mmengine - INFO - Iter(train) [151100/160000]  lr: 7.6029e-04  eta: 0:55:17  time: 0.3712  data_time: 0.0454  memory: 9054  loss: 0.9838  decode.loss_ohem: 0.7168  decode.acc_seg: 94.4725  aux_0.loss_ce: 0.2670  aux_0.acc_seg: 90.1524
2026/07/20 06:26:42 - mmengine - INFO - Iter(train) [151200/160000]  lr: 7.5270e-04  eta: 0:54:39  time: 0.3714  data_time: 0.0468  memory: 9055  loss: 0.9975  decode.loss_ohem: 0.7207  decode.acc_seg: 95.0438  aux_0.loss_ce: 0.2768  aux_0.acc_seg: 90.1714
2026/07/20 06:27:19 - mmengine - INFO - Iter(train) [151300/160000]  lr: 7.4510e-04  eta: 0:54:02  time: 0.3706  data_time: 0.0461  memory: 9054  loss: 0.9333  decode.loss_ohem: 0.6631  decode.acc_seg: 94.0154  aux_0.loss_ce: 0.2703  aux_0.acc_seg: 91.0040
2026/07/20 06:27:57 - mmengine - INFO - Iter(train) [151400/160000]  lr: 7.3749e-04  eta: 0:53:25  time: 0.3690  data_time: 0.0439  memory: 9055  loss: 1.0106  decode.loss_ohem: 0.7137  decode.acc_seg: 94.6237  aux_0.loss_ce: 0.2968  aux_0.acc_seg: 92.9633
2026/07/20 06:28:34 - mmengine - INFO - Iter(train) [151500/160000]  lr: 7.2987e-04  eta: 0:52:47  time: 0.3716  data_time: 0.0460  memory: 9055  loss: 1.0036  decode.loss_ohem: 0.7026  decode.acc_seg: 93.6003  aux_0.loss_ce: 0.3011  aux_0.acc_seg: 89.5596
2026/07/20 06:29:11 - mmengine - INFO - Iter(train) [151600/160000]  lr: 7.2224e-04  eta: 0:52:10  time: 0.3699  data_time: 0.0450  memory: 9055  loss: 1.0296  decode.loss_ohem: 0.7362  decode.acc_seg: 93.7098  aux_0.loss_ce: 0.2935  aux_0.acc_seg: 89.2573
2026/07/20 06:29:48 - mmengine - INFO - Iter(train) [151700/160000]  lr: 7.1461e-04  eta: 0:51:33  time: 0.3706  data_time: 0.0456  memory: 9054  loss: 1.0146  decode.loss_ohem: 0.7224  decode.acc_seg: 93.6797  aux_0.loss_ce: 0.2922  aux_0.acc_seg: 87.8200
2026/07/20 06:30:25 - mmengine - INFO - Iter(train) [151800/160000]  lr: 7.0696e-04  eta: 0:50:56  time: 0.3703  data_time: 0.0458  memory: 9056  loss: 0.9392  decode.loss_ohem: 0.6716  decode.acc_seg: 92.8853  aux_0.loss_ce: 0.2676  aux_0.acc_seg: 89.7275
2026/07/20 06:31:02 - mmengine - INFO - Iter(train) [151900/160000]  lr: 6.9931e-04  eta: 0:50:18  time: 0.3702  data_time: 0.0452  memory: 9054  loss: 1.0317  decode.loss_ohem: 0.7229  decode.acc_seg: 92.6156  aux_0.loss_ce: 0.3088  aux_0.acc_seg: 88.7525
2026/07/20 06:31:40 - mmengine - INFO - Exp name: dsanet_cityscapes_512x1024_20260719_144008
2026/07/20 06:31:40 - mmengine - INFO - Iter(train) [152000/160000]  lr: 6.9164e-04  eta: 0:49:41  time: 0.3710  data_time: 0.0459  memory: 9055  loss: 1.0649  decode.loss_ohem: 0.7442  decode.acc_seg: 92.3780  aux_0.loss_ce: 0.3207  aux_0.acc_seg: 86.5847
2026/07/20 06:32:17 - mmengine - INFO - Iter(train) [152100/160000]  lr: 6.8397e-04  eta: 0:49:04  time: 0.3662  data_time: 0.0442  memory: 9055  loss: 0.9363  decode.loss_ohem: 0.6561  decode.acc_seg: 93.5689  aux_0.loss_ce: 0.2802  aux_0.acc_seg: 90.8402
2026/07/20 06:32:54 - mmengine - INFO - Iter(train) [152200/160000]  lr: 6.7629e-04  eta: 0:48:26  time: 0.3770  data_time: 0.0464  memory: 9054  loss: 1.0083  decode.loss_ohem: 0.7159  decode.acc_seg: 94.4564  aux_0.loss_ce: 0.2924  aux_0.acc_seg: 91.2393
2026/07/20 06:33:31 - mmengine - INFO - Iter(train) [152300/160000]  lr: 6.6859e-04  eta: 0:47:49  time: 0.3711  data_time: 0.0468  memory: 9054  loss: 0.9623  decode.loss_ohem: 0.6831  decode.acc_seg: 94.6411  aux_0.loss_ce: 0.2792  aux_0.acc_seg: 90.7123
2026/07/20 06:34:09 - mmengine - INFO - Iter(train) [152400/160000]  lr: 6.6089e-04  eta: 0:47:12  time: 0.3716  data_time: 0.0470  memory: 9054  loss: 1.0452  decode.loss_ohem: 0.7502  decode.acc_seg: 92.5763  aux_0.loss_ce: 0.2950  aux_0.acc_seg: 86.9594
2026/07/20 06:34:46 - mmengine - INFO - Iter(train) [152500/160000]  lr: 6.5318e-04  eta: 0:46:35  time: 0.3705  data_time: 0.0459  memory: 9055  loss: 0.9825  decode.loss_ohem: 0.7107  decode.acc_seg: 95.1327  aux_0.loss_ce: 0.2718  aux_0.acc_seg: 91.8115
2026/07/20 06:35:23 - mmengine - INFO - Iter(train) [152600/160000]  lr: 6.4546e-04  eta: 0:45:57  time: 0.3715  data_time: 0.0463  memory: 9055  loss: 1.0078  decode.loss_ohem: 0.7115  decode.acc_seg: 92.8091  aux_0.loss_ce: 0.2963  aux_0.acc_seg: 88.1595
2026/07/20 06:36:00 - mmengine - INFO - Iter(train) [152700/160000]  lr: 6.3772e-04  eta: 0:45:20  time: 0.3708  data_time: 0.0465  memory: 9055  loss: 0.9433  decode.loss_ohem: 0.6672  decode.acc_seg: 93.5798  aux_0.loss_ce: 0.2761  aux_0.acc_seg: 87.1132
2026/07/20 06:36:37 - mmengine - INFO - Iter(train) [152800/160000]  lr: 6.2998e-04  eta: 0:44:43  time: 0.3771  data_time: 0.0473  memory: 9054  loss: 0.9106  decode.loss_ohem: 0.6470  decode.acc_seg: 93.3628  aux_0.loss_ce: 0.2636  aux_0.acc_seg: 88.7442
2026/07/20 06:37:15 - mmengine - INFO - Iter(train) [152900/160000]  lr: 6.2222e-04  eta: 0:44:06  time: 0.3719  data_time: 0.0470  memory: 9055  loss: 0.9254  decode.loss_ohem: 0.6524  decode.acc_seg: 93.7579  aux_0.loss_ce: 0.2730  aux_0.acc_seg: 88.2868
2026/07/20 06:37:52 - mmengine - INFO - Exp name: dsanet_cityscapes_512x1024_20260719_144008
2026/07/20 06:37:52 - mmengine - INFO - Iter(train) [153000/160000]  lr: 6.1446e-04  eta: 0:43:28  time: 0.3718  data_time: 0.0465  memory: 9054  loss: 0.9916  decode.loss_ohem: 0.6994  decode.acc_seg: 94.2460  aux_0.loss_ce: 0.2921  aux_0.acc_seg: 91.9980
2026/07/20 06:38:29 - mmengine - INFO - Iter(train) [153100/160000]  lr: 6.0668e-04  eta: 0:42:51  time: 0.3706  data_time: 0.0476  memory: 9054  loss: 0.9756  decode.loss_ohem: 0.6873  decode.acc_seg: 93.0983  aux_0.loss_ce: 0.2882  aux_0.acc_seg: 89.0670
2026/07/20 06:39:06 - mmengine - INFO - Iter(train) [153200/160000]  lr: 5.9889e-04  eta: 0:42:14  time: 0.3712  data_time: 0.0461  memory: 9054  loss: 1.0014  decode.loss_ohem: 0.7115  decode.acc_seg: 91.6721  aux_0.loss_ce: 0.2899  aux_0.acc_seg: 87.8944
2026/07/20 06:39:43 - mmengine - INFO - Iter(train) [153300/160000]  lr: 5.9109e-04  eta: 0:41:36  time: 0.3710  data_time: 0.0455  memory: 9054  loss: 0.9487  decode.loss_ohem: 0.6662  decode.acc_seg: 93.1028  aux_0.loss_ce: 0.2825  aux_0.acc_seg: 90.4564
2026/07/20 06:40:21 - mmengine - INFO - Iter(train) [153400/160000]  lr: 5.8328e-04  eta: 0:40:59  time: 0.3708  data_time: 0.0458  memory: 9055  loss: 0.9917  decode.loss_ohem: 0.6890  decode.acc_seg: 93.6365  aux_0.loss_ce: 0.3026  aux_0.acc_seg: 85.8088
2026/07/20 06:40:57 - mmengine - INFO - Iter(train) [153500/160000]  lr: 5.7546e-04  eta: 0:40:22  time: 0.3706  data_time: 0.0458  memory: 9055  loss: 1.0382  decode.loss_ohem: 0.7308  decode.acc_seg: 92.7698  aux_0.loss_ce: 0.3074  aux_0.acc_seg: 89.5317
2026/07/20 06:41:35 - mmengine - INFO - Iter(train) [153600/160000]  lr: 5.6762e-04  eta: 0:39:45  time: 0.3754  data_time: 0.0470  memory: 9055  loss: 0.9892  decode.loss_ohem: 0.6840  decode.acc_seg: 94.2581  aux_0.loss_ce: 0.3052  aux_0.acc_seg: 90.2345
2026/07/20 06:42:12 - mmengine - INFO - Iter(train) [153700/160000]  lr: 5.5977e-04  eta: 0:39:07  time: 0.3716  data_time: 0.0468  memory: 9054  loss: 0.9639  decode.loss_ohem: 0.6895  decode.acc_seg: 93.5689  aux_0.loss_ce: 0.2744  aux_0.acc_seg: 87.9731
2026/07/20 06:42:49 - mmengine - INFO - Iter(train) [153800/160000]  lr: 5.5191e-04  eta: 0:38:30  time: 0.3726  data_time: 0.0461  memory: 9054  loss: 0.9307  decode.loss_ohem: 0.6485  decode.acc_seg: 93.7544  aux_0.loss_ce: 0.2822  aux_0.acc_seg: 86.3407
2026/07/20 06:43:26 - mmengine - INFO - Iter(train) [153900/160000]  lr: 5.4404e-04  eta: 0:37:53  time: 0.3687  data_time: 0.0457  memory: 9054  loss: 0.9377  decode.loss_ohem: 0.6569  decode.acc_seg: 94.7688  aux_0.loss_ce: 0.2808  aux_0.acc_seg: 90.6514
2026/07/20 06:44:03 - mmengine - INFO - Exp name: dsanet_cityscapes_512x1024_20260719_144008
2026/07/20 06:44:03 - mmengine - INFO - Iter(train) [154000/160000]  lr: 5.3615e-04  eta: 0:37:16  time: 0.3718  data_time: 0.0456  memory: 9054  loss: 0.9864  decode.loss_ohem: 0.7001  decode.acc_seg: 92.7027  aux_0.loss_ce: 0.2863  aux_0.acc_seg: 89.6685
2026/07/20 06:44:40 - mmengine - INFO - Iter(train) [154100/160000]  lr: 5.2825e-04  eta: 0:36:38  time: 0.3714  data_time: 0.0463  memory: 9054  loss: 0.9389  decode.loss_ohem: 0.6879  decode.acc_seg: 92.8591  aux_0.loss_ce: 0.2510  aux_0.acc_seg: 88.6738
2026/07/20 06:45:18 - mmengine - INFO - Iter(train) [154200/160000]  lr: 5.2034e-04  eta: 0:36:01  time: 0.3713  data_time: 0.0457  memory: 9054  loss: 1.0442  decode.loss_ohem: 0.7492  decode.acc_seg: 91.1913  aux_0.loss_ce: 0.2950  aux_0.acc_seg: 87.4235
2026/07/20 06:45:55 - mmengine - INFO - Iter(train) [154300/160000]  lr: 5.1242e-04  eta: 0:35:24  time: 0.3765  data_time: 0.0468  memory: 9053  loss: 0.9828  decode.loss_ohem: 0.6965  decode.acc_seg: 91.2909  aux_0.loss_ce: 0.2864  aux_0.acc_seg: 88.1207
2026/07/20 06:46:32 - mmengine - INFO - Iter(train) [154400/160000]  lr: 5.0448e-04  eta: 0:34:46  time: 0.3659  data_time: 0.0452  memory: 9054  loss: 0.9822  decode.loss_ohem: 0.7054  decode.acc_seg: 93.0940  aux_0.loss_ce: 0.2768  aux_0.acc_seg: 84.6220
2026/07/20 06:47:09 - mmengine - INFO - Iter(train) [154500/160000]  lr: 4.9652e-04  eta: 0:34:09  time: 0.3698  data_time: 0.0449  memory: 9055  loss: 0.9829  decode.loss_ohem: 0.6905  decode.acc_seg: 92.9621  aux_0.loss_ce: 0.2924  aux_0.acc_seg: 86.6605
2026/07/20 06:47:46 - mmengine - INFO - Iter(train) [154600/160000]  lr: 4.8855e-04  eta: 0:33:32  time: 0.3710  data_time: 0.0458  memory: 9055  loss: 1.0015  decode.loss_ohem: 0.7129  decode.acc_seg: 90.9365  aux_0.loss_ce: 0.2887  aux_0.acc_seg: 87.8498
2026/07/20 06:48:24 - mmengine - INFO - Iter(train) [154700/160000]  lr: 4.8057e-04  eta: 0:32:55  time: 0.3731  data_time: 0.0474  memory: 9056  loss: 0.9987  decode.loss_ohem: 0.7035  decode.acc_seg: 93.9393  aux_0.loss_ce: 0.2953  aux_0.acc_seg: 88.8051
2026/07/20 06:49:01 - mmengine - INFO - Iter(train) [154800/160000]  lr: 4.7257e-04  eta: 0:32:17  time: 0.3704  data_time: 0.0450  memory: 9054  loss: 1.0187  decode.loss_ohem: 0.7365  decode.acc_seg: 90.6529  aux_0.loss_ce: 0.2822  aux_0.acc_seg: 87.3521
2026/07/20 06:49:38 - mmengine - INFO - Iter(train) [154900/160000]  lr: 4.6456e-04  eta: 0:31:40  time: 0.3716  data_time: 0.0459  memory: 9055  loss: 0.9408  decode.loss_ohem: 0.6644  decode.acc_seg: 93.3440  aux_0.loss_ce: 0.2764  aux_0.acc_seg: 88.2381
2026/07/20 06:50:15 - mmengine - INFO - Exp name: dsanet_cityscapes_512x1024_20260719_144008
2026/07/20 06:50:15 - mmengine - INFO - Iter(train) [155000/160000]  lr: 4.5653e-04  eta: 0:31:03  time: 0.3708  data_time: 0.0458  memory: 9055  loss: 0.9980  decode.loss_ohem: 0.7107  decode.acc_seg: 94.2794  aux_0.loss_ce: 0.2873  aux_0.acc_seg: 89.9667
2026/07/20 06:50:15 - mmengine - INFO - Saving checkpoint at 155000 iterations
2026/07/20 06:50:21 - mmengine - INFO - Iter(val) [100/250]    eta: 0:00:08  time: 0.0541  data_time: 0.0191  memory: 790  
2026/07/20 06:50:27 - mmengine - INFO - Iter(val) [200/250]    eta: 0:00:02  time: 0.0553  data_time: 0.0196  memory: 790  
2026/07/20 06:50:30 - mmengine - INFO - per class results:
2026/07/20 06:50:30 - mmengine - INFO - 
+---------------+-------+-------+
|     Class     |  IoU  |  Acc  |
+---------------+-------+-------+
|      road     |  97.9 | 98.82 |
|    sidewalk   | 83.09 |  91.1 |
|    building   | 90.77 | 95.92 |
|      wall     | 55.18 | 65.35 |
|     fence     | 54.07 | 63.47 |
|      pole     | 59.37 | 70.17 |
| traffic light | 57.18 | 68.59 |
|  traffic sign |  68.9 | 76.13 |
|   vegetation  | 91.33 | 96.23 |
|    terrain    | 59.57 | 66.54 |
|      sky      | 93.85 | 97.83 |
|     person    | 75.73 | 89.48 |
|     rider     | 52.16 | 64.11 |
|      car      | 93.15 | 96.92 |
|     truck     | 58.65 | 67.74 |
|      bus      | 77.66 | 85.83 |
|     train     | 66.06 | 85.99 |
|   motorcycle  | 54.16 | 64.21 |
|    bicycle    |  71.2 | 84.34 |
+---------------+-------+-------+
2026/07/20 06:50:30 - mmengine - INFO - Iter(val) [250/250]    aAcc: 95.2400  mIoU: 71.5800  mAcc: 80.4600  data_time: 0.0206  time: 0.0553
2026/07/20 06:50:30 - mmengine - INFO - The previous best checkpoint /root/autodl-tmp/DSANet-main/tools/work_dirs/dsanet_cityscapes_512x1024/best_mIoU_iter_145000.pth is removed
2026/07/20 06:50:30 - mmengine - INFO - The best checkpoint with 71.5800 mIoU at 155000 iter is saved to best_mIoU_iter_155000.pth.
2026/07/20 06:51:08 - mmengine - INFO - Iter(train) [155100/160000]  lr: 4.4848e-04  eta: 0:30:26  time: 0.3731  data_time: 0.0471  memory: 9054  loss: 1.0116  decode.loss_ohem: 0.7158  decode.acc_seg: 93.3316  aux_0.loss_ce: 0.2958  aux_0.acc_seg: 89.6659
2026/07/20 06:51:45 - mmengine - INFO - Iter(train) [155200/160000]  lr: 4.4042e-04  eta: 0:29:48  time: 0.3702  data_time: 0.0450  memory: 9054  loss: 0.9553  decode.loss_ohem: 0.6759  decode.acc_seg: 93.1874  aux_0.loss_ce: 0.2794  aux_0.acc_seg: 90.1113
2026/07/20 06:52:23 - mmengine - INFO - Iter(train) [155300/160000]  lr: 4.3234e-04  eta: 0:29:11  time: 0.3731  data_time: 0.0476  memory: 9054  loss: 0.9788  decode.loss_ohem: 0.7111  decode.acc_seg: 95.2611  aux_0.loss_ce: 0.2676  aux_0.acc_seg: 91.3073
2026/07/20 06:53:00 - mmengine - INFO - Iter(train) [155400/160000]  lr: 4.2425e-04  eta: 0:28:34  time: 0.3724  data_time: 0.0465  memory: 9055  loss: 0.9997  decode.loss_ohem: 0.6952  decode.acc_seg: 94.2729  aux_0.loss_ce: 0.3045  aux_0.acc_seg: 90.8428
2026/07/20 06:53:37 - mmengine - INFO - Iter(train) [155500/160000]  lr: 4.1613e-04  eta: 0:27:57  time: 0.3729  data_time: 0.0474  memory: 9055  loss: 0.9700  decode.loss_ohem: 0.6893  decode.acc_seg: 93.7204  aux_0.loss_ce: 0.2808  aux_0.acc_seg: 88.7443
2026/07/20 06:54:14 - mmengine - INFO - Iter(train) [155600/160000]  lr: 4.0800e-04  eta: 0:27:19  time: 0.3716  data_time: 0.0463  memory: 9055  loss: 1.0112  decode.loss_ohem: 0.7183  decode.acc_seg: 93.5904  aux_0.loss_ce: 0.2928  aux_0.acc_seg: 89.9190
2026/07/20 06:54:52 - mmengine - INFO - Iter(train) [155700/160000]  lr: 3.9985e-04  eta: 0:26:42  time: 0.3731  data_time: 0.0468  memory: 9056  loss: 1.0288  decode.loss_ohem: 0.7278  decode.acc_seg: 94.2043  aux_0.loss_ce: 0.3010  aux_0.acc_seg: 89.7235
2026/07/20 06:55:29 - mmengine - INFO - Iter(train) [155800/160000]  lr: 3.9168e-04  eta: 0:26:05  time: 0.3716  data_time: 0.0463  memory: 9054  loss: 0.8926  decode.loss_ohem: 0.6456  decode.acc_seg: 95.3697  aux_0.loss_ce: 0.2470  aux_0.acc_seg: 89.6356
2026/07/20 06:56:06 - mmengine - INFO - Iter(train) [155900/160000]  lr: 3.8349e-04  eta: 0:25:27  time: 0.3718  data_time: 0.0467  memory: 9054  loss: 0.9480  decode.loss_ohem: 0.6936  decode.acc_seg: 93.5077  aux_0.loss_ce: 0.2544  aux_0.acc_seg: 89.9635
2026/07/20 06:56:43 - mmengine - INFO - Exp name: dsanet_cityscapes_512x1024_20260719_144008
2026/07/20 06:56:43 - mmengine - INFO - Iter(train) [156000/160000]  lr: 3.7528e-04  eta: 0:24:50  time: 0.3707  data_time: 0.0457  memory: 9056  loss: 0.9516  decode.loss_ohem: 0.6732  decode.acc_seg: 93.3092  aux_0.loss_ce: 0.2784  aux_0.acc_seg: 89.8594
2026/07/20 06:57:21 - mmengine - INFO - Iter(train) [156100/160000]  lr: 3.6705e-04  eta: 0:24:13  time: 0.3722  data_time: 0.0466  memory: 9056  loss: 1.0528  decode.loss_ohem: 0.7511  decode.acc_seg: 95.1327  aux_0.loss_ce: 0.3017  aux_0.acc_seg: 92.8653
2026/07/20 06:57:58 - mmengine - INFO - Iter(train) [156200/160000]  lr: 3.5880e-04  eta: 0:23:36  time: 0.3723  data_time: 0.0468  memory: 9056  loss: 0.8871  decode.loss_ohem: 0.6117  decode.acc_seg: 94.6893  aux_0.loss_ce: 0.2754  aux_0.acc_seg: 90.8792
2026/07/20 06:58:35 - mmengine - INFO - Iter(train) [156300/160000]  lr: 3.5053e-04  eta: 0:22:58  time: 0.3689  data_time: 0.0438  memory: 9055  loss: 0.9845  decode.loss_ohem: 0.6888  decode.acc_seg: 94.2149  aux_0.loss_ce: 0.2957  aux_0.acc_seg: 88.6969
2026/07/20 06:59:12 - mmengine - INFO - Iter(train) [156400/160000]  lr: 3.4224e-04  eta: 0:22:21  time: 0.3726  data_time: 0.0459  memory: 9054  loss: 0.9902  decode.loss_ohem: 0.6927  decode.acc_seg: 93.9519  aux_0.loss_ce: 0.2974  aux_0.acc_seg: 90.9681
2026/07/20 06:59:49 - mmengine - INFO - Iter(train) [156500/160000]  lr: 3.3392e-04  eta: 0:21:44  time: 0.3705  data_time: 0.0452  memory: 9055  loss: 0.9310  decode.loss_ohem: 0.6471  decode.acc_seg: 93.6168  aux_0.loss_ce: 0.2838  aux_0.acc_seg: 87.5428
2026/07/20 07:00:27 - mmengine - INFO - Iter(train) [156600/160000]  lr: 3.2558e-04  eta: 0:21:07  time: 0.3718  data_time: 0.0462  memory: 9054  loss: 0.9769  decode.loss_ohem: 0.6634  decode.acc_seg: 95.0593  aux_0.loss_ce: 0.3134  aux_0.acc_seg: 89.1752
2026/07/20 07:01:04 - mmengine - INFO - Iter(train) [156700/160000]  lr: 3.1721e-04  eta: 0:20:29  time: 0.3715  data_time: 0.0462  memory: 9055  loss: 0.9239  decode.loss_ohem: 0.6754  decode.acc_seg: 94.0990  aux_0.loss_ce: 0.2485  aux_0.acc_seg: 89.9735
2026/07/20 07:01:41 - mmengine - INFO - Iter(train) [156800/160000]  lr: 3.0882e-04  eta: 0:19:52  time: 0.3689  data_time: 0.0440  memory: 9054  loss: 1.0788  decode.loss_ohem: 0.7640  decode.acc_seg: 89.5556  aux_0.loss_ce: 0.3148  aux_0.acc_seg: 83.4038
2026/07/20 07:02:18 - mmengine - INFO - Iter(train) [156900/160000]  lr: 3.0040e-04  eta: 0:19:15  time: 0.3729  data_time: 0.0472  memory: 9056  loss: 0.9532  decode.loss_ohem: 0.6829  decode.acc_seg: 94.6790  aux_0.loss_ce: 0.2704  aux_0.acc_seg: 92.0712
2026/07/20 07:02:55 - mmengine - INFO - Exp name: dsanet_cityscapes_512x1024_20260719_144008
2026/07/20 07:02:55 - mmengine - INFO - Iter(train) [157000/160000]  lr: 2.9196e-04  eta: 0:18:38  time: 0.3715  data_time: 0.0460  memory: 9054  loss: 1.0041  decode.loss_ohem: 0.7209  decode.acc_seg: 94.8732  aux_0.loss_ce: 0.2832  aux_0.acc_seg: 91.5389
2026/07/20 07:03:32 - mmengine - INFO - Iter(train) [157100/160000]  lr: 2.8349e-04  eta: 0:18:00  time: 0.3718  data_time: 0.0461  memory: 9055  loss: 1.0293  decode.loss_ohem: 0.7206  decode.acc_seg: 94.0392  aux_0.loss_ce: 0.3087  aux_0.acc_seg: 89.4913
2026/07/20 07:04:10 - mmengine - INFO - Iter(train) [157200/160000]  lr: 2.7498e-04  eta: 0:17:23  time: 0.3725  data_time: 0.0465  memory: 9057  loss: 0.9736  decode.loss_ohem: 0.6913  decode.acc_seg: 95.3034  aux_0.loss_ce: 0.2823  aux_0.acc_seg: 91.2869
2026/07/20 07:04:47 - mmengine - INFO - Iter(train) [157300/160000]  lr: 2.6645e-04  eta: 0:16:46  time: 0.3748  data_time: 0.0482  memory: 9054  loss: 0.9763  decode.loss_ohem: 0.6955  decode.acc_seg: 94.6797  aux_0.loss_ce: 0.2808  aux_0.acc_seg: 92.8237
2026/07/20 07:05:24 - mmengine - INFO - Iter(train) [157400/160000]  lr: 2.5789e-04  eta: 0:16:08  time: 0.3724  data_time: 0.0468  memory: 9055  loss: 0.9927  decode.loss_ohem: 0.7022  decode.acc_seg: 91.8102  aux_0.loss_ce: 0.2905  aux_0.acc_seg: 87.1695
2026/07/20 07:06:02 - mmengine - INFO - Iter(train) [157500/160000]  lr: 2.4929e-04  eta: 0:15:31  time: 0.3715  data_time: 0.0462  memory: 9054  loss: 1.0425  decode.loss_ohem: 0.7425  decode.acc_seg: 90.5889  aux_0.loss_ce: 0.3000  aux_0.acc_seg: 87.3080
2026/07/20 07:06:39 - mmengine - INFO - Iter(train) [157600/160000]  lr: 2.4066e-04  eta: 0:14:54  time: 0.3712  data_time: 0.0462  memory: 9054  loss: 0.9312  decode.loss_ohem: 0.6712  decode.acc_seg: 93.0714  aux_0.loss_ce: 0.2599  aux_0.acc_seg: 89.7795
2026/07/20 07:07:16 - mmengine - INFO - Iter(train) [157700/160000]  lr: 2.3199e-04  eta: 0:14:17  time: 0.3721  data_time: 0.0467  memory: 9055  loss: 0.9395  decode.loss_ohem: 0.6704  decode.acc_seg: 93.9847  aux_0.loss_ce: 0.2691  aux_0.acc_seg: 89.2735
2026/07/20 07:07:53 - mmengine - INFO - Iter(train) [157800/160000]  lr: 2.2328e-04  eta: 0:13:39  time: 0.3716  data_time: 0.0458  memory: 9056  loss: 1.0217  decode.loss_ohem: 0.7055  decode.acc_seg: 92.0561  aux_0.loss_ce: 0.3162  aux_0.acc_seg: 88.2474
2026/07/20 07:08:30 - mmengine - INFO - Iter(train) [157900/160000]  lr: 2.1454e-04  eta: 0:13:02  time: 0.3709  data_time: 0.0454  memory: 9054  loss: 0.9519  decode.loss_ohem: 0.6680  decode.acc_seg: 92.5595  aux_0.loss_ce: 0.2839  aux_0.acc_seg: 86.9514
2026/07/20 07:09:08 - mmengine - INFO - Exp name: dsanet_cityscapes_512x1024_20260719_144008
2026/07/20 07:09:08 - mmengine - INFO - Iter(train) [158000/160000]  lr: 2.0575e-04  eta: 0:12:25  time: 0.3729  data_time: 0.0467  memory: 9055  loss: 0.9375  decode.loss_ohem: 0.6654  decode.acc_seg: 94.9248  aux_0.loss_ce: 0.2720  aux_0.acc_seg: 90.3503
2026/07/20 07:09:45 - mmengine - INFO - Iter(train) [158100/160000]  lr: 1.9692e-04  eta: 0:11:48  time: 0.3718  data_time: 0.0463  memory: 9054  loss: 1.0172  decode.loss_ohem: 0.7033  decode.acc_seg: 93.0982  aux_0.loss_ce: 0.3139  aux_0.acc_seg: 89.6677
2026/07/20 07:10:22 - mmengine - INFO - Iter(train) [158200/160000]  lr: 1.8804e-04  eta: 0:11:10  time: 0.3730  data_time: 0.0466  memory: 9055  loss: 0.9762  decode.loss_ohem: 0.7054  decode.acc_seg: 95.3707  aux_0.loss_ce: 0.2708  aux_0.acc_seg: 91.2550
2026/07/20 07:10:59 - mmengine - INFO - Iter(train) [158300/160000]  lr: 1.7911e-04  eta: 0:10:33  time: 0.3711  data_time: 0.0455  memory: 9055  loss: 1.0239  decode.loss_ohem: 0.7401  decode.acc_seg: 92.9486  aux_0.loss_ce: 0.2838  aux_0.acc_seg: 86.3958
2026/07/20 07:11:37 - mmengine - INFO - Iter(train) [158400/160000]  lr: 1.7013e-04  eta: 0:09:56  time: 0.3716  data_time: 0.0458  memory: 9054  loss: 0.9422  decode.loss_ohem: 0.6708  decode.acc_seg: 93.1741  aux_0.loss_ce: 0.2714  aux_0.acc_seg: 89.0588
2026/07/20 07:12:14 - mmengine - INFO - Iter(train) [158500/160000]  lr: 1.6110e-04  eta: 0:09:18  time: 0.3715  data_time: 0.0462  memory: 9054  loss: 0.9352  decode.loss_ohem: 0.6677  decode.acc_seg: 93.8109  aux_0.loss_ce: 0.2675  aux_0.acc_seg: 88.0245
2026/07/20 07:12:51 - mmengine - INFO - Iter(train) [158600/160000]  lr: 1.5200e-04  eta: 0:08:41  time: 0.3721  data_time: 0.0460  memory: 9055  loss: 0.9664  decode.loss_ohem: 0.6901  decode.acc_seg: 93.7938  aux_0.loss_ce: 0.2763  aux_0.acc_seg: 88.8981
2026/07/20 07:13:28 - mmengine - INFO - Iter(train) [158700/160000]  lr: 1.4284e-04  eta: 0:08:04  time: 0.3704  data_time: 0.0455  memory: 9054  loss: 1.0206  decode.loss_ohem: 0.7311  decode.acc_seg: 93.3840  aux_0.loss_ce: 0.2894  aux_0.acc_seg: 90.3966
2026/07/20 07:14:05 - mmengine - INFO - Iter(train) [158800/160000]  lr: 1.3361e-04  eta: 0:07:27  time: 0.3719  data_time: 0.0464  memory: 9055  loss: 0.9201  decode.loss_ohem: 0.6831  decode.acc_seg: 94.5495  aux_0.loss_ce: 0.2370  aux_0.acc_seg: 91.2322
2026/07/20 07:14:43 - mmengine - INFO - Iter(train) [158900/160000]  lr: 1.2430e-04  eta: 0:06:49  time: 0.3711  data_time: 0.0464  memory: 9055  loss: 0.9420  decode.loss_ohem: 0.6784  decode.acc_seg: 93.7294  aux_0.loss_ce: 0.2636  aux_0.acc_seg: 89.6295
2026/07/20 07:15:20 - mmengine - INFO - Exp name: dsanet_cityscapes_512x1024_20260719_144008
2026/07/20 07:15:20 - mmengine - INFO - Iter(train) [159000/160000]  lr: 1.1490e-04  eta: 0:06:12  time: 0.3737  data_time: 0.0473  memory: 9055  loss: 0.9802  decode.loss_ohem: 0.6834  decode.acc_seg: 91.3764  aux_0.loss_ce: 0.2968  aux_0.acc_seg: 85.2228
2026/07/20 07:15:57 - mmengine - INFO - Iter(train) [159100/160000]  lr: 1.0541e-04  eta: 0:05:35  time: 0.3724  data_time: 0.0465  memory: 9053  loss: 1.0371  decode.loss_ohem: 0.7492  decode.acc_seg: 92.9452  aux_0.loss_ce: 0.2879  aux_0.acc_seg: 88.8656
2026/07/20 07:16:34 - mmengine - INFO - Iter(train) [159200/160000]  lr: 9.5814e-05  eta: 0:04:58  time: 0.3723  data_time: 0.0463  memory: 9053  loss: 0.9347  decode.loss_ohem: 0.6654  decode.acc_seg: 95.1025  aux_0.loss_ce: 0.2692  aux_0.acc_seg: 92.3556
2026/07/20 07:17:12 - mmengine - INFO - Iter(train) [159300/160000]  lr: 8.6097e-05  eta: 0:04:20  time: 0.3714  data_time: 0.0459  memory: 9054  loss: 1.0228  decode.loss_ohem: 0.7410  decode.acc_seg: 91.8358  aux_0.loss_ce: 0.2818  aux_0.acc_seg: 88.7733
2026/07/20 07:17:49 - mmengine - INFO - Iter(train) [159400/160000]  lr: 7.6239e-05  eta: 0:03:43  time: 0.3707  data_time: 0.0454  memory: 9055  loss: 1.0254  decode.loss_ohem: 0.7309  decode.acc_seg: 93.3367  aux_0.loss_ce: 0.2944  aux_0.acc_seg: 88.8903
2026/07/20 07:18:26 - mmengine - INFO - Iter(train) [159500/160000]  lr: 6.6215e-05  eta: 0:03:06  time: 0.3724  data_time: 0.0464  memory: 9054  loss: 0.8862  decode.loss_ohem: 0.6269  decode.acc_seg: 93.8109  aux_0.loss_ce: 0.2593  aux_0.acc_seg: 89.1953
2026/07/20 07:19:03 - mmengine - INFO - Iter(train) [159600/160000]  lr: 5.5987e-05  eta: 0:02:29  time: 0.3723  data_time: 0.0465  memory: 9056  loss: 0.9615  decode.loss_ohem: 0.6887  decode.acc_seg: 94.0447  aux_0.loss_ce: 0.2727  aux_0.acc_seg: 90.7898
2026/07/20 07:19:40 - mmengine - INFO - Iter(train) [159700/160000]  lr: 4.5497e-05  eta: 0:01:51  time: 0.3717  data_time: 0.0459  memory: 9055  loss: 1.0236  decode.loss_ohem: 0.7155  decode.acc_seg: 92.6862  aux_0.loss_ce: 0.3081  aux_0.acc_seg: 89.4159
2026/07/20 07:20:18 - mmengine - INFO - Iter(train) [159800/160000]  lr: 3.4644e-05  eta: 0:01:14  time: 0.3705  data_time: 0.0456  memory: 9055  loss: 1.0170  decode.loss_ohem: 0.7280  decode.acc_seg: 91.0912  aux_0.loss_ce: 0.2890  aux_0.acc_seg: 87.8480
2026/07/20 07:20:55 - mmengine - INFO - Iter(train) [159900/160000]  lr: 2.3206e-05  eta: 0:00:37  time: 0.3719  data_time: 0.0466  memory: 9055  loss: 1.0024  decode.loss_ohem: 0.6923  decode.acc_seg: 93.7345  aux_0.loss_ce: 0.3101  aux_0.acc_seg: 88.4309
2026/07/20 07:21:32 - mmengine - INFO - Exp name: dsanet_cityscapes_512x1024_20260719_144008
2026/07/20 07:21:32 - mmengine - INFO - Iter(train) [160000/160000]  lr: 1.0000e-05  eta: 0:00:00  time: 0.3718  data_time: 0.0460  memory: 9054  loss: 0.9558  decode.loss_ohem: 0.6788  decode.acc_seg: 95.3536  aux_0.loss_ce: 0.2770  aux_0.acc_seg: 90.9203
2026/07/20 07:21:32 - mmengine - INFO - Saving checkpoint at 160000 iterations
2026/07/20 07:21:38 - mmengine - INFO - Iter(val) [100/250]    eta: 0:00:08  time: 0.0536  data_time: 0.0199  memory: 790  
2026/07/20 07:21:44 - mmengine - INFO - Iter(val) [200/250]    eta: 0:00:02  time: 0.0531  data_time: 0.0188  memory: 790  
2026/07/20 07:21:46 - mmengine - INFO - per class results:
2026/07/20 07:21:46 - mmengine - INFO - 
+---------------+-------+-------+
|     Class     |  IoU  |  Acc  |
+---------------+-------+-------+
|      road     | 97.87 | 98.75 |
|    sidewalk   | 82.93 | 91.24 |
|    building   | 90.97 | 96.01 |
|      wall     | 54.34 | 63.24 |
|     fence     |  55.6 | 68.06 |
|      pole     | 59.71 | 71.03 |
| traffic light | 57.71 | 69.38 |
|  traffic sign | 69.86 | 78.02 |
|   vegetation  | 91.46 | 95.87 |
|    terrain    | 62.16 | 72.48 |
|      sky      | 93.87 | 97.63 |
|     person    | 76.21 | 89.04 |
|     rider     | 52.65 | 64.83 |
|      car      | 93.31 | 97.08 |
|     truck     | 64.46 | 74.32 |
|      bus      | 78.57 | 87.12 |
|     train     | 62.77 | 80.42 |
|   motorcycle  | 54.83 | 64.74 |
|    bicycle    | 71.44 | 84.77 |
+---------------+-------+-------+
2026/07/20 07:21:46 - mmengine - INFO - Iter(val) [250/250]    aAcc: 95.3000  mIoU: 72.1400  mAcc: 81.2600  data_time: 0.0204  time: 0.0544
2026/07/20 07:21:46 - mmengine - INFO - The previous best checkpoint /root/autodl-tmp/DSANet-main/tools/work_dirs/dsanet_cityscapes_512x1024/best_mIoU_iter_155000.pth is removed
2026/07/20 07:21:47 - mmengine - INFO - The best checkpoint with 72.1400 mIoU at 160000 iter is saved to best_mIoU_iter_160000.pth.
